audio_path,relative_path,folder_name,common_name_folder,file_name,file_size_bytes,readable,samplerate,channels,frames,duration_sec,format,subtype,sha256
D:\other\Bird\Dataset\CC0\Collared Brushturkey_sound\Collared Brushturkey16.mp3,Collared Brushturkey_sound\Collared Brushturkey16.mp3,Collared Brushturkey_sound,Collared Brushturkey,Collared Brushturkey16.mp3,3314959,True,44100,2,3654385,82.86587301587302,MP3,MPEG_LAYER_III,01c0aaf2aa3fb0f3adc73b416cee7806e0988b6186b46d5f991414fab8930d3b
D:\other\Bird\Dataset\CC0\Collared Brushturkey_sound\Collared Brushturkey18.mp3,Collared Brushturkey_sound\Collared Brushturkey18.mp3,Collared Brushturkey_sound,Collared Brushturkey,Collared Brushturkey18.mp3,3314959,True,44100,2,3654385,82.86587301587302,MP3,MPEG_LAYER_III,01c0aaf2aa3fb0f3adc73b416cee7806e0988b6186b46d5f991414fab8930d3b
D:\other\Bird\Dataset\CC0\Collared Brushturkey_sound\Collared Brushturkey15.mp3,Collared Brushturkey_sound\Collared Brushturkey15.mp3,Collared Brushturkey_sound,Collared Brushturkey,Collared Brushturkey15.mp3,3314959,True,44100,2,3654385,82.86587301587302,MP3,MPEG_LAYER_III,01c0aaf2aa3fb0f3adc73b416cee7806e0988b6186b46d5f991414fab8930d3b
D:\other\Bird\Dataset\CC0\Collared Brushturkey_sound\Collared Brushturkey14.mp3,Collared Brushturkey_sound\Collared Brushturkey14.mp3,Collared Brushturkey_sound,Collared Brushturkey,Collared Brushturkey14.mp3,3314959,True,44100,2,3654385,82.86587301587302,MP3,MPEG_LAYER_III,01c0aaf2aa3fb0f3adc73b416cee7806e0988b6186b46d5f991414fab8930d3b
D:\other\Bird\Dataset\CC0\Collared Brushturkey_sound\Collared Brushturkey17.mp3,Collared Brushturkey_sound\Collared Brushturkey17.mp3,Collared Brushturkey_sound,Collared Brushturkey,Collared Brushturkey17.mp3,3314959,True,44100,2,3654385,82.86587301587302,MP3,MPEG_LAYER_III,01c0aaf2aa3fb0f3adc73b416cee7806e0988b6186b46d5f991414fab8930d3b
D:\other\Bird\Dataset\CC0\White-winged Guan_sound\White-winged Guan17.mp3,White-winged Guan_sound\White-winged Guan17.mp3,White-winged Guan_sound,White-winged Guan,White-winged Guan17.mp3,463172,True,48000,1,3705376,77.19533333333334,MP3,MPEG_LAYER_III,02fdaca6b48e17910216610d1835c74a8d979b4d6e9aab253e210a31a34985be
D:\other\Bird\Dataset\CC0\White-winged Guan_sound\White-winged Guan16.mp3,White-winged Guan_sound\White-winged Guan16.mp3,White-winged Guan_sound,White-winged Guan,White-winged Guan16.mp3,463172,True,48000,1,3705376,77.19533333333334,MP3,MPEG_LAYER_III,02fdaca6b48e17910216610d1835c74a8d979b4d6e9aab253e210a31a34985be
D:\other\Bird\Dataset\CC0\White-winged Guan_sound\White-winged Guan15.mp3,White-winged Guan_sound\White-winged Guan15.mp3,White-winged Guan_sound,White-winged Guan,White-winged Guan15.mp3,463172,True,48000,1,3705376,77.19533333333334,MP3,MPEG_LAYER_III,02fdaca6b48e17910216610d1835c74a8d979b4d6e9aab253e210a31a34985be
D:\other\Bird\Dataset\CC0\Rufous-vented Chachalaca_sound\Rufous-vented Chachalaca3.mp3,Rufous-vented Chachalaca_sound\Rufous-vented Chachalaca3.mp3,Rufous-vented Chachalaca_sound,Rufous-vented Chachalaca,Rufous-vented Chachalaca3.mp3,36321,True,22050,1,114321,5.184625850340136,MP3,MPEG_LAYER_III,035e065e152532b924f7f3e5daad0de12c745576fbe99fe55f1d3dd0edb9f5d5
D:\other\Bird\Dataset\CC0\Rufous-vented Chachalaca_sound\Rufous-vented Chachalaca2.mp3,Rufous-vented Chachalaca_sound\Rufous-vented Chachalaca2.mp3,Rufous-vented Chachalaca_sound,Rufous-vented Chachalaca,Rufous-vented Chachalaca2.mp3,36321,True,22050,1,114321,5.184625850340136,MP3,MPEG_LAYER_III,035e065e152532b924f7f3e5daad0de12c745576fbe99fe55f1d3dd0edb9f5d5
D:\other\Bird\Dataset\CC0\White-throated Tinamou_sound\White-throated Tinamou7.mp3,White-throated Tinamou_sound\White-throated Tinamou7.mp3,White-throated Tinamou_sound,White-throated Tinamou,White-throated Tinamou7.mp3,1060656,True,48000,2,2121056,44.18866666666667,MP3,MPEG_LAYER_III,03666c55d4355ab953420f44cb8b0e87968229535ab7f693a00ceccb832be016
D:\other\Bird\Dataset\CC0\White-throated Tinamou_sound\White-throated Tinamou6.mp3,White-throated Tinamou_sound\White-throated Tinamou6.mp3,White-throated Tinamou_sound,White-throated Tinamou,White-throated Tinamou6.mp3,1060656,True,48000,2,2121056,44.18866666666667,MP3,MPEG_LAYER_III,03666c55d4355ab953420f44cb8b0e87968229535ab7f693a00ceccb832be016
D:\other\Bird\Dataset\CC0\Hooded Tinamou_sound\Hooded Tinamou8.mp3,Hooded Tinamou_sound\Hooded Tinamou8.mp3,Hooded Tinamou_sound,Hooded Tinamou,Hooded Tinamou8.mp3,4088876,True,48000,1,1362944,28.394666666666666,WAV,PCM_24,04855fd9ba96912ad3d6a6237f720cda63517916771eaff1c83ecc1eb0e10b36
D:\other\Bird\Dataset\CC0\Hooded Tinamou_sound\Hooded Tinamou9.mp3,Hooded Tinamou_sound\Hooded Tinamou9.mp3,Hooded Tinamou_sound,Hooded Tinamou,Hooded Tinamou9.mp3,4088876,True,48000,1,1362944,28.394666666666666,WAV,PCM_24,04855fd9ba96912ad3d6a6237f720cda63517916771eaff1c83ecc1eb0e10b36
D:\other\Bird\Dataset\CC0\Dusky-legged Guan_sound\Dusky-legged Guan29.mp3,Dusky-legged Guan_sound\Dusky-legged Guan29.mp3,Dusky-legged Guan_sound,Dusky-legged Guan,Dusky-legged Guan29.mp3,646332,True,48000,1,1292408,26.925166666666666,MP3,MPEG_LAYER_III,0709599658dedaeca12d9a63cacff99bb665894481887062c15512d106eee5ab
D:\other\Bird\Dataset\CC0\Dusky-legged Guan_sound\Dusky-legged Guan24.mp3,Dusky-legged Guan_sound\Dusky-legged Guan24.mp3,Dusky-legged Guan_sound,Dusky-legged Guan,Dusky-legged Guan24.mp3,646332,True,48000,1,1292408,26.925166666666666,MP3,MPEG_LAYER_III,0709599658dedaeca12d9a63cacff99bb665894481887062c15512d106eee5ab
D:\other\Bird\Dataset\CC0\Dusky-legged Guan_sound\Dusky-legged Guan27.mp3,Dusky-legged Guan_sound\Dusky-legged Guan27.mp3,Dusky-legged Guan_sound,Dusky-legged Guan,Dusky-legged Guan27.mp3,646332,True,48000,1,1292408,26.925166666666666,MP3,MPEG_LAYER_III,0709599658dedaeca12d9a63cacff99bb665894481887062c15512d106eee5ab
D:\other\Bird\Dataset\CC0\Dusky-legged Guan_sound\Dusky-legged Guan28.mp3,Dusky-legged Guan_sound\Dusky-legged Guan28.mp3,Dusky-legged Guan_sound,Dusky-legged Guan,Dusky-legged Guan28.mp3,646332,True,48000,1,1292408,26.925166666666666,MP3,MPEG_LAYER_III,0709599658dedaeca12d9a63cacff99bb665894481887062c15512d106eee5ab
D:\other\Bird\Dataset\CC0\Dusky-legged Guan_sound\Dusky-legged Guan26.mp3,Dusky-legged Guan_sound\Dusky-legged Guan26.mp3,Dusky-legged Guan_sound,Dusky-legged Guan,Dusky-legged Guan26.mp3,646332,True,48000,1,1292408,26.925166666666666,MP3,MPEG_LAYER_III,0709599658dedaeca12d9a63cacff99bb665894481887062c15512d106eee5ab
D:\other\Bird\Dataset\CC0\Dusky-legged Guan_sound\Dusky-legged Guan25.mp3,Dusky-legged Guan_sound\Dusky-legged Guan25.mp3,Dusky-legged Guan_sound,Dusky-legged Guan,Dusky-legged Guan25.mp3,646332,True,48000,1,1292408,26.925166666666666,MP3,MPEG_LAYER_III,0709599658dedaeca12d9a63cacff99bb665894481887062c15512d106eee5ab
D:\other\Bird\Dataset\CC0\Brazilian Tinamou_sound\Brazilian Tinamou30.mp3,Brazilian Tinamou_sound\Brazilian Tinamou30.mp3,Brazilian Tinamou_sound,Brazilian Tinamou,Brazilian Tinamou30.mp3,458161,True,44100,1,2525365,57.26451247165533,MP3,MPEG_LAYER_III,0721b475bff85c1bbb2b3b166e921889de98455c066a6fadacb3840a4436a24e
D:\other\Bird\Dataset\CC0\Grey-legged Tinamou_sound\Grey-legged Tinamou2.mp3,Grey-legged Tinamou_sound\Grey-legged Tinamou2.mp3,Grey-legged Tinamou_sound,Grey-legged Tinamou,Grey-legged Tinamou2.mp3,458161,True,44100,1,2525365,57.26451247165533,MP3,MPEG_LAYER_III,0721b475bff85c1bbb2b3b166e921889de98455c066a6fadacb3840a4436a24e
D:\other\Bird\Dataset\CC0\Brazilian Tinamou_sound\Brazilian Tinamou29.mp3,Brazilian Tinamou_sound\Brazilian Tinamou29.mp3,Brazilian Tinamou_sound,Brazilian Tinamou,Brazilian Tinamou29.mp3,458161,True,44100,1,2525365,57.26451247165533,MP3,MPEG_LAYER_III,0721b475bff85c1bbb2b3b166e921889de98455c066a6fadacb3840a4436a24e
D:\other\Bird\Dataset\CC0\Brazilian Tinamou_sound\Brazilian Tinamou31.mp3,Brazilian Tinamou_sound\Brazilian Tinamou31.mp3,Brazilian Tinamou_sound,Brazilian Tinamou,Brazilian Tinamou31.mp3,458161,True,44100,1,2525365,57.26451247165533,MP3,MPEG_LAYER_III,0721b475bff85c1bbb2b3b166e921889de98455c066a6fadacb3840a4436a24e
D:\other\Bird\Dataset\CC0\Grey-legged Tinamou_sound\Grey-legged Tinamou3.mp3,Grey-legged Tinamou_sound\Grey-legged Tinamou3.mp3,Grey-legged Tinamou_sound,Grey-legged Tinamou,Grey-legged Tinamou3.mp3,458161,True,44100,1,2525365,57.26451247165533,MP3,MPEG_LAYER_III,0721b475bff85c1bbb2b3b166e921889de98455c066a6fadacb3840a4436a24e
D:\other\Bird\Dataset\CC0\Grey-legged Tinamou_sound\Grey-legged Tinamou4.mp3,Grey-legged Tinamou_sound\Grey-legged Tinamou4.mp3,Grey-legged Tinamou_sound,Grey-legged Tinamou,Grey-legged Tinamou4.mp3,458161,True,44100,1,2525365,57.26451247165533,MP3,MPEG_LAYER_III,0721b475bff85c1bbb2b3b166e921889de98455c066a6fadacb3840a4436a24e
D:\other\Bird\Dataset\CC0\Tawny-breasted Tinamou_sound\Tawny-breasted Tinamou14.mp3,Tawny-breasted Tinamou_sound\Tawny-breasted Tinamou14.mp3,Tawny-breasted Tinamou_sound,Tawny-breasted Tinamou,Tawny-breasted Tinamou14.mp3,1564658,True,44100,2,4312167,97.78156462585034,MP3,MPEG_LAYER_III,086ee9e667ab6c570eeb041d1c5180e48ba2094335b5f9f51e2e3bbf7fafa45b
D:\other\Bird\Dataset\CC0\Tawny-breasted Tinamou_sound\Tawny-breasted Tinamou15.mp3,Tawny-breasted Tinamou_sound\Tawny-breasted Tinamou15.mp3,Tawny-breasted Tinamou_sound,Tawny-breasted Tinamou,Tawny-breasted Tinamou15.mp3,1564658,True,44100,2,4312167,97.78156462585034,MP3,MPEG_LAYER_III,086ee9e667ab6c570eeb041d1c5180e48ba2094335b5f9f51e2e3bbf7fafa45b
D:\other\Bird\Dataset\CC0\Tawny-breasted Tinamou_sound\Tawny-breasted Tinamou11.mp3,Tawny-breasted Tinamou_sound\Tawny-breasted Tinamou11.mp3,Tawny-breasted Tinamou_sound,Tawny-breasted Tinamou,Tawny-breasted Tinamou11.mp3,4353732,True,48000,2,5215710,108.660625,MP3,MPEG_LAYER_III,08a7db63cfe191ae39b0609e2578aa4c5b591e9d17ef3a1ae8439a449cf01826
D:\other\Bird\Dataset\CC0\Tawny-breasted Tinamou_sound\Tawny-breasted Tinamou12.mp3,Tawny-breasted Tinamou_sound\Tawny-breasted Tinamou12.mp3,Tawny-breasted Tinamou_sound,Tawny-breasted Tinamou,Tawny-breasted Tinamou12.mp3,4353732,True,48000,2,5215710,108.660625,MP3,MPEG_LAYER_III,08a7db63cfe191ae39b0609e2578aa4c5b591e9d17ef3a1ae8439a449cf01826
D:\other\Bird\Dataset\CC0\Tawny-breasted Tinamou_sound\Tawny-breasted Tinamou13.mp3,Tawny-breasted Tinamou_sound\Tawny-breasted Tinamou13.mp3,Tawny-breasted Tinamou_sound,Tawny-breasted Tinamou,Tawny-breasted Tinamou13.mp3,4353732,True,48000,2,5215710,108.660625,MP3,MPEG_LAYER_III,08a7db63cfe191ae39b0609e2578aa4c5b591e9d17ef3a1ae8439a449cf01826
D:\other\Bird\Dataset\CC0\Brown Tinamou_sound\Brown Tinamou6.mp3,Brown Tinamou_sound\Brown Tinamou6.mp3,Brown Tinamou_sound,Brown Tinamou,Brown Tinamou6.mp3,2875231,True,48000,2,3450277,71.88077083333333,MP3,MPEG_LAYER_III,08e74d1614aaff7b4a3e99172d40bfe0d4296221cb0462939e0fe09400ef0af3
D:\other\Bird\Dataset\CC0\Brown Tinamou_sound\Brown Tinamou4.mp3,Brown Tinamou_sound\Brown Tinamou4.mp3,Brown Tinamou_sound,Brown Tinamou,Brown Tinamou4.mp3,2875231,True,48000,2,3450277,71.88077083333333,MP3,MPEG_LAYER_III,08e74d1614aaff7b4a3e99172d40bfe0d4296221cb0462939e0fe09400ef0af3
D:\other\Bird\Dataset\CC0\Brown Tinamou_sound\Brown Tinamou5.mp3,Brown Tinamou_sound\Brown Tinamou5.mp3,Brown Tinamou_sound,Brown Tinamou,Brown Tinamou5.mp3,2875231,True,48000,2,3450277,71.88077083333333,MP3,MPEG_LAYER_III,08e74d1614aaff7b4a3e99172d40bfe0d4296221cb0462939e0fe09400ef0af3
D:\other\Bird\Dataset\CC0\Bartletts Tinamou_sound\Bartletts Tinamou25.mp3,Bartletts Tinamou_sound\Bartletts Tinamou25.mp3,Bartletts Tinamou_sound,Bartletts Tinamou,Bartletts Tinamou25.mp3,1975615,True,44100,1,5444757,123.4638775510204,MP3,MPEG_LAYER_III,08ea30e8ab8e95cc5b28f7186dbadc46e1efdf30309b9bcd7ea8d7a9985cac96
D:\other\Bird\Dataset\CC0\Bartletts Tinamou_sound\Bartletts Tinamou24.mp3,Bartletts Tinamou_sound\Bartletts Tinamou24.mp3,Bartletts Tinamou_sound,Bartletts Tinamou,Bartletts Tinamou24.mp3,1975615,True,44100,1,5444757,123.4638775510204,MP3,MPEG_LAYER_III,08ea30e8ab8e95cc5b28f7186dbadc46e1efdf30309b9bcd7ea8d7a9985cac96
D:\other\Bird\Dataset\CC0\Rufous-headed Chachalaca_sound\Rufous-headed Chachalaca8.mp3,Rufous-headed Chachalaca_sound\Rufous-headed Chachalaca8.mp3,Rufous-headed Chachalaca_sound,Rufous-headed Chachalaca,Rufous-headed Chachalaca8.mp3,129733,True,44100,2,340616,7.723718820861678,MP3,MPEG_LAYER_III,0906d5fbdcd2e1bd27f324e9d51dfadcee1aebc51290b0e9f210f5bda402dd64
D:\other\Bird\Dataset\CC0\Rufous-headed Chachalaca_sound\Rufous-headed Chachalaca9.mp3,Rufous-headed Chachalaca_sound\Rufous-headed Chachalaca9.mp3,Rufous-headed Chachalaca_sound,Rufous-headed Chachalaca,Rufous-headed Chachalaca9.mp3,129733,True,44100,2,340616,7.723718820861678,MP3,MPEG_LAYER_III,0906d5fbdcd2e1bd27f324e9d51dfadcee1aebc51290b0e9f210f5bda402dd64
D:\other\Bird\Dataset\CC0\Rufous-headed Chachalaca_sound\Rufous-headed Chachalaca7.mp3,Rufous-headed Chachalaca_sound\Rufous-headed Chachalaca7.mp3,Rufous-headed Chachalaca_sound,Rufous-headed Chachalaca,Rufous-headed Chachalaca7.mp3,129733,True,44100,2,340616,7.723718820861678,MP3,MPEG_LAYER_III,0906d5fbdcd2e1bd27f324e9d51dfadcee1aebc51290b0e9f210f5bda402dd64
D:\other\Bird\Dataset\CC0\Rufous-headed Chachalaca_sound\Rufous-headed Chachalaca11.mp3,Rufous-headed Chachalaca_sound\Rufous-headed Chachalaca11.mp3,Rufous-headed Chachalaca_sound,Rufous-headed Chachalaca,Rufous-headed Chachalaca11.mp3,129733,True,44100,2,340616,7.723718820861678,MP3,MPEG_LAYER_III,0906d5fbdcd2e1bd27f324e9d51dfadcee1aebc51290b0e9f210f5bda402dd64
D:\other\Bird\Dataset\CC0\Rufous-headed Chachalaca_sound\Rufous-headed Chachalaca10.mp3,Rufous-headed Chachalaca_sound\Rufous-headed Chachalaca10.mp3,Rufous-headed Chachalaca_sound,Rufous-headed Chachalaca,Rufous-headed Chachalaca10.mp3,129733,True,44100,2,340616,7.723718820861678,MP3,MPEG_LAYER_III,0906d5fbdcd2e1bd27f324e9d51dfadcee1aebc51290b0e9f210f5bda402dd64
D:\other\Bird\Dataset\CC0\Rufous-headed Chachalaca_sound\Rufous-headed Chachalaca12.mp3,Rufous-headed Chachalaca_sound\Rufous-headed Chachalaca12.mp3,Rufous-headed Chachalaca_sound,Rufous-headed Chachalaca,Rufous-headed Chachalaca12.mp3,129733,True,44100,2,340616,7.723718820861678,MP3,MPEG_LAYER_III,0906d5fbdcd2e1bd27f324e9d51dfadcee1aebc51290b0e9f210f5bda402dd64
D:\other\Bird\Dataset\CC0\Rufous-headed Chachalaca_sound\Rufous-headed Chachalaca13.mp3,Rufous-headed Chachalaca_sound\Rufous-headed Chachalaca13.mp3,Rufous-headed Chachalaca_sound,Rufous-headed Chachalaca,Rufous-headed Chachalaca13.mp3,129733,True,44100,2,340616,7.723718820861678,MP3,MPEG_LAYER_III,0906d5fbdcd2e1bd27f324e9d51dfadcee1aebc51290b0e9f210f5bda402dd64
D:\other\Bird\Dataset\CC0\Pale-browed Tinamou_sound\Pale-browed Tinamou14.mp3,Pale-browed Tinamou_sound\Pale-browed Tinamou14.mp3,Pale-browed Tinamou_sound,Pale-browed Tinamou,Pale-browed Tinamou14.mp3,299613,True,44100,1,825374,18.715963718820863,MP3,MPEG_LAYER_III,0953c8848bd5da5470d05d5b143a4fb7dac7c891513814d320187541e154bef5
D:\other\Bird\Dataset\CC0\Pale-browed Tinamou_sound\Pale-browed Tinamou13.mp3,Pale-browed Tinamou_sound\Pale-browed Tinamou13.mp3,Pale-browed Tinamou_sound,Pale-browed Tinamou,Pale-browed Tinamou13.mp3,299613,True,44100,1,825374,18.715963718820863,MP3,MPEG_LAYER_III,0953c8848bd5da5470d05d5b143a4fb7dac7c891513814d320187541e154bef5
D:\other\Bird\Dataset\CC0\Pale-browed Tinamou_sound\Pale-browed Tinamou15.mp3,Pale-browed Tinamou_sound\Pale-browed Tinamou15.mp3,Pale-browed Tinamou_sound,Pale-browed Tinamou,Pale-browed Tinamou15.mp3,299613,True,44100,1,825374,18.715963718820863,MP3,MPEG_LAYER_III,0953c8848bd5da5470d05d5b143a4fb7dac7c891513814d320187541e154bef5
D:\other\Bird\Dataset\CC0\Ornate Tinamou_sound\Ornate Tinamou9.mp3,Ornate Tinamou_sound\Ornate Tinamou9.mp3,Ornate Tinamou_sound,Ornate Tinamou,Ornate Tinamou9.mp3,2096692,True,44100,2,2311236,52.40897959183673,MP3,MPEG_LAYER_III,09b8b5abba98f020be32692d5bb352112f836e6e632ec082f6336503f8d7754b
D:\other\Bird\Dataset\CC0\Ornate Tinamou_sound\Ornate Tinamou11.mp3,Ornate Tinamou_sound\Ornate Tinamou11.mp3,Ornate Tinamou_sound,Ornate Tinamou,Ornate Tinamou11.mp3,2096692,True,44100,2,2311236,52.40897959183673,MP3,MPEG_LAYER_III,09b8b5abba98f020be32692d5bb352112f836e6e632ec082f6336503f8d7754b
D:\other\Bird\Dataset\CC0\Ornate Tinamou_sound\Ornate Tinamou10.mp3,Ornate Tinamou_sound\Ornate Tinamou10.mp3,Ornate Tinamou_sound,Ornate Tinamou,Ornate Tinamou10.mp3,2096692,True,44100,2,2311236,52.40897959183673,MP3,MPEG_LAYER_III,09b8b5abba98f020be32692d5bb352112f836e6e632ec082f6336503f8d7754b
D:\other\Bird\Dataset\CC0\Greater Rhea_sound\Greater Rhea14.mp3,Greater Rhea_sound\Greater Rhea14.mp3,Greater Rhea_sound,Greater Rhea,Greater Rhea14.mp3,610818,True,44100,1,665088,15.081360544217688,MP3,MPEG_LAYER_III,0a210780f35b2bd73650a8448c3f6e8c8d8fd76f91a8a08597f505ffb447f371
D:\other\Bird\Dataset\CC0\Greater Rhea_sound\Greater Rhea15.mp3,Greater Rhea_sound\Greater Rhea15.mp3,Greater Rhea_sound,Greater Rhea,Greater Rhea15.mp3,610818,True,44100,1,665088,15.081360544217688,MP3,MPEG_LAYER_III,0a210780f35b2bd73650a8448c3f6e8c8d8fd76f91a8a08597f505ffb447f371
D:\other\Bird\Dataset\CC0\North Island Brown Kiwi_sound\North Island Brown Kiwi4.mp3,North Island Brown Kiwi_sound\North Island Brown Kiwi4.mp3,North Island Brown Kiwi_sound,North Island Brown Kiwi,North Island Brown Kiwi4.mp3,1425520,True,48000,2,1701933,35.4569375,MP3,MPEG_LAYER_III,0a37c626eae0781a467d40d52a54e2af5ca14ec253b420644de85831538fc949
D:\other\Bird\Dataset\CC0\North Island Brown Kiwi_sound\North Island Brown Kiwi5.mp3,North Island Brown Kiwi_sound\North Island Brown Kiwi5.mp3,North Island Brown Kiwi_sound,North Island Brown Kiwi,North Island Brown Kiwi5.mp3,1425520,True,48000,2,1701933,35.4569375,MP3,MPEG_LAYER_III,0a37c626eae0781a467d40d52a54e2af5ca14ec253b420644de85831538fc949
D:\other\Bird\Dataset\CC0\North Island Brown Kiwi_sound\North Island Brown Kiwi6.mp3,North Island Brown Kiwi_sound\North Island Brown Kiwi6.mp3,North Island Brown Kiwi_sound,North Island Brown Kiwi,North Island Brown Kiwi6.mp3,1425520,True,48000,2,1701933,35.4569375,MP3,MPEG_LAYER_III,0a37c626eae0781a467d40d52a54e2af5ca14ec253b420644de85831538fc949
D:\other\Bird\Dataset\CC0\North Island Brown Kiwi_sound\North Island Brown Kiwi3.mp3,North Island Brown Kiwi_sound\North Island Brown Kiwi3.mp3,North Island Brown Kiwi_sound,North Island Brown Kiwi,North Island Brown Kiwi3.mp3,1425520,True,48000,2,1701933,35.4569375,MP3,MPEG_LAYER_III,0a37c626eae0781a467d40d52a54e2af5ca14ec253b420644de85831538fc949
D:\other\Bird\Dataset\CC0\North Island Brown Kiwi_sound\North Island Brown Kiwi2.mp3,North Island Brown Kiwi_sound\North Island Brown Kiwi2.mp3,North Island Brown Kiwi_sound,North Island Brown Kiwi,North Island Brown Kiwi2.mp3,1425520,True,48000,2,1701933,35.4569375,MP3,MPEG_LAYER_III,0a37c626eae0781a467d40d52a54e2af5ca14ec253b420644de85831538fc949
D:\other\Bird\Dataset\CC0\Dusky Megapode_sound\Dusky Megapode27.mp3,Dusky Megapode_sound\Dusky Megapode27.mp3,Dusky Megapode_sound,Dusky Megapode,Dusky Megapode27.mp3,198641,True,44100,2,264600,6.0,MP3,MPEG_LAYER_III,0c0cd907a9c995b291107fb48b7d10a75dd389ed7ff7a2040fc5c845e008807a
D:\other\Bird\Dataset\CC0\Dusky Megapode_sound\Dusky Megapode29.mp3,Dusky Megapode_sound\Dusky Megapode29.mp3,Dusky Megapode_sound,Dusky Megapode,Dusky Megapode29.mp3,198641,True,44100,2,264600,6.0,MP3,MPEG_LAYER_III,0c0cd907a9c995b291107fb48b7d10a75dd389ed7ff7a2040fc5c845e008807a
D:\other\Bird\Dataset\CC0\Dusky Megapode_sound\Dusky Megapode28.mp3,Dusky Megapode_sound\Dusky Megapode28.mp3,Dusky Megapode_sound,Dusky Megapode,Dusky Megapode28.mp3,198641,True,44100,2,264600,6.0,MP3,MPEG_LAYER_III,0c0cd907a9c995b291107fb48b7d10a75dd389ed7ff7a2040fc5c845e008807a
D:\other\Bird\Dataset\CC0\Dusky Megapode_sound\Dusky Megapode30.mp3,Dusky Megapode_sound\Dusky Megapode30.mp3,Dusky Megapode_sound,Dusky Megapode,Dusky Megapode30.mp3,198641,True,44100,2,264600,6.0,MP3,MPEG_LAYER_III,0c0cd907a9c995b291107fb48b7d10a75dd389ed7ff7a2040fc5c845e008807a
D:\other\Bird\Dataset\CC0\Biak Scrubfowl_sound\Biak Scrubfowl2.mp3,Biak Scrubfowl_sound\Biak Scrubfowl2.mp3,Biak Scrubfowl_sound,Biak Scrubfowl,Biak Scrubfowl2.mp3,198641,True,44100,2,264600,6.0,MP3,MPEG_LAYER_III,0c0cd907a9c995b291107fb48b7d10a75dd389ed7ff7a2040fc5c845e008807a
D:\other\Bird\Dataset\CC0\Biak Scrubfowl_sound\Biak Scrubfowl3.mp3,Biak Scrubfowl_sound\Biak Scrubfowl3.mp3,Biak Scrubfowl_sound,Biak Scrubfowl,Biak Scrubfowl3.mp3,198641,True,44100,2,264600,6.0,MP3,MPEG_LAYER_III,0c0cd907a9c995b291107fb48b7d10a75dd389ed7ff7a2040fc5c845e008807a
D:\other\Bird\Dataset\CC0\Dusky Megapode_sound\Dusky Megapode31.mp3,Dusky Megapode_sound\Dusky Megapode31.mp3,Dusky Megapode_sound,Dusky Megapode,Dusky Megapode31.mp3,198641,True,44100,2,264600,6.0,MP3,MPEG_LAYER_III,0c0cd907a9c995b291107fb48b7d10a75dd389ed7ff7a2040fc5c845e008807a
D:\other\Bird\Dataset\CC0\Grey-headed Chachalaca_sound\Grey-headed Chachalaca7.mp3,Grey-headed Chachalaca_sound\Grey-headed Chachalaca7.mp3,Grey-headed Chachalaca_sound,Grey-headed Chachalaca,Grey-headed Chachalaca7.mp3,461309,True,44100,2,835201,18.938798185941042,MP3,MPEG_LAYER_III,0cd35eec09b8add5bf51dfb12d363569cdbb7c20dae32191547414a5fde68157
D:\other\Bird\Dataset\CC0\Grey-headed Chachalaca_sound\Grey-headed Chachalaca8.mp3,Grey-headed Chachalaca_sound\Grey-headed Chachalaca8.mp3,Grey-headed Chachalaca_sound,Grey-headed Chachalaca,Grey-headed Chachalaca8.mp3,461309,True,44100,2,835201,18.938798185941042,MP3,MPEG_LAYER_III,0cd35eec09b8add5bf51dfb12d363569cdbb7c20dae32191547414a5fde68157
D:\other\Bird\Dataset\CC0\Bearded Guan_sound\Bearded Guan25.mp3,Bearded Guan_sound\Bearded Guan25.mp3,Bearded Guan_sound,Bearded Guan,Bearded Guan25.mp3,418271,True,44100,1,1530323,34.701201814058955,MP3,MPEG_LAYER_III,0dc78ce3fbbfb56482217abb85652eb2da887244700dc0bedcd9c65cb7c9c4c6
D:\other\Bird\Dataset\CC0\Bearded Guan_sound\Bearded Guan24.mp3,Bearded Guan_sound\Bearded Guan24.mp3,Bearded Guan_sound,Bearded Guan,Bearded Guan24.mp3,418271,True,44100,1,1530323,34.701201814058955,MP3,MPEG_LAYER_III,0dc78ce3fbbfb56482217abb85652eb2da887244700dc0bedcd9c65cb7c9c4c6
D:\other\Bird\Dataset\CC0\Colombian Chachalaca_sound\Colombian Chachalaca26.mp3,Colombian Chachalaca_sound\Colombian Chachalaca26.mp3,Colombian Chachalaca_sound,Colombian Chachalaca,Colombian Chachalaca26.mp3,183583,True,48000,2,550749,11.4739375,MP3,MPEG_LAYER_III,0e2a11c5b88f398665b7ff214f71220b56f8497daef98c31fe6bccb9eb862e68
D:\other\Bird\Dataset\CC0\Colombian Chachalaca_sound\Colombian Chachalaca27.mp3,Colombian Chachalaca_sound\Colombian Chachalaca27.mp3,Colombian Chachalaca_sound,Colombian Chachalaca,Colombian Chachalaca27.mp3,183583,True,48000,2,550749,11.4739375,MP3,MPEG_LAYER_III,0e2a11c5b88f398665b7ff214f71220b56f8497daef98c31fe6bccb9eb862e68
D:\other\Bird\Dataset\CC0\Colombian Chachalaca_sound\Colombian Chachalaca25.mp3,Colombian Chachalaca_sound\Colombian Chachalaca25.mp3,Colombian Chachalaca_sound,Colombian Chachalaca,Colombian Chachalaca25.mp3,183583,True,48000,2,550749,11.4739375,MP3,MPEG_LAYER_III,0e2a11c5b88f398665b7ff214f71220b56f8497daef98c31fe6bccb9eb862e68
D:\other\Bird\Dataset\CC0\Colombian Chachalaca_sound\Colombian Chachalaca24.mp3,Colombian Chachalaca_sound\Colombian Chachalaca24.mp3,Colombian Chachalaca_sound,Colombian Chachalaca,Colombian Chachalaca24.mp3,183583,True,48000,2,550749,11.4739375,MP3,MPEG_LAYER_III,0e2a11c5b88f398665b7ff214f71220b56f8497daef98c31fe6bccb9eb862e68
D:\other\Bird\Dataset\CC0\Colombian Chachalaca_sound\Colombian Chachalaca23.mp3,Colombian Chachalaca_sound\Colombian Chachalaca23.mp3,Colombian Chachalaca_sound,Colombian Chachalaca,Colombian Chachalaca23.mp3,183583,True,48000,2,550749,11.4739375,MP3,MPEG_LAYER_III,0e2a11c5b88f398665b7ff214f71220b56f8497daef98c31fe6bccb9eb862e68
D:\other\Bird\Dataset\CC0\Colombian Chachalaca_sound\Colombian Chachalaca22.mp3,Colombian Chachalaca_sound\Colombian Chachalaca22.mp3,Colombian Chachalaca_sound,Colombian Chachalaca,Colombian Chachalaca22.mp3,183583,True,48000,2,550749,11.4739375,MP3,MPEG_LAYER_III,0e2a11c5b88f398665b7ff214f71220b56f8497daef98c31fe6bccb9eb862e68
D:\other\Bird\Dataset\CC0\White-bellied Nothura_sound\White-bellied Nothura23.mp3,White-bellied Nothura_sound\White-bellied Nothura23.mp3,White-bellied Nothura_sound,White-bellied Nothura,White-bellied Nothura23.mp3,1301430,True,48000,2,2602604,54.22091666666667,MP3,MPEG_LAYER_III,0e5466cb9c568f248caa39199e1b559e5892161014ca7c1033ad6afca0667410
D:\other\Bird\Dataset\CC0\White-bellied Nothura_sound\White-bellied Nothura24.mp3,White-bellied Nothura_sound\White-bellied Nothura24.mp3,White-bellied Nothura_sound,White-bellied Nothura,White-bellied Nothura24.mp3,1301430,True,48000,2,2602604,54.22091666666667,MP3,MPEG_LAYER_III,0e5466cb9c568f248caa39199e1b559e5892161014ca7c1033ad6afca0667410
D:\other\Bird\Dataset\CC0\Melanesian Megapode_sound\Melanesian Megapode9.mp3,Melanesian Megapode_sound\Melanesian Megapode9.mp3,Melanesian Megapode_sound,Melanesian Megapode,Melanesian Megapode9.mp3,295065,True,44100,2,406596,9.219863945578231,MP3,MPEG_LAYER_III,0ed0a1fc98ea1db51d1f85adb471369786a93e4708d27fd93d63e1ea35f2ecf9
D:\other\Bird\Dataset\CC0\Melanesian Megapode_sound\Melanesian Megapode8.mp3,Melanesian Megapode_sound\Melanesian Megapode8.mp3,Melanesian Megapode_sound,Melanesian Megapode,Melanesian Megapode8.mp3,295065,True,44100,2,406596,9.219863945578231,MP3,MPEG_LAYER_III,0ed0a1fc98ea1db51d1f85adb471369786a93e4708d27fd93d63e1ea35f2ecf9
D:\other\Bird\Dataset\CC0\Yellow-legged Tinamou_sound\Yellow-legged Tinamou27.mp3,Yellow-legged Tinamou_sound\Yellow-legged Tinamou27.mp3,Yellow-legged Tinamou_sound,Yellow-legged Tinamou,Yellow-legged Tinamou27.mp3,1567412,True,44100,1,4319757,97.95367346938775,MP3,MPEG_LAYER_III,0f9f6bb95ba0763c9c4f43c8d07d241beb16e026eccd52eed0a143008918436f
D:\other\Bird\Dataset\CC0\Yellow-legged Tinamou_sound\Yellow-legged Tinamou29.mp3,Yellow-legged Tinamou_sound\Yellow-legged Tinamou29.mp3,Yellow-legged Tinamou_sound,Yellow-legged Tinamou,Yellow-legged Tinamou29.mp3,1567412,True,44100,1,4319757,97.95367346938775,MP3,MPEG_LAYER_III,0f9f6bb95ba0763c9c4f43c8d07d241beb16e026eccd52eed0a143008918436f
D:\other\Bird\Dataset\CC0\Yellow-legged Tinamou_sound\Yellow-legged Tinamou26.mp3,Yellow-legged Tinamou_sound\Yellow-legged Tinamou26.mp3,Yellow-legged Tinamou_sound,Yellow-legged Tinamou,Yellow-legged Tinamou26.mp3,1567412,True,44100,1,4319757,97.95367346938775,MP3,MPEG_LAYER_III,0f9f6bb95ba0763c9c4f43c8d07d241beb16e026eccd52eed0a143008918436f
D:\other\Bird\Dataset\CC0\Yellow-legged Tinamou_sound\Yellow-legged Tinamou25.mp3,Yellow-legged Tinamou_sound\Yellow-legged Tinamou25.mp3,Yellow-legged Tinamou_sound,Yellow-legged Tinamou,Yellow-legged Tinamou25.mp3,1567412,True,44100,1,4319757,97.95367346938775,MP3,MPEG_LAYER_III,0f9f6bb95ba0763c9c4f43c8d07d241beb16e026eccd52eed0a143008918436f
D:\other\Bird\Dataset\CC0\Yellow-legged Tinamou_sound\Yellow-legged Tinamou28.mp3,Yellow-legged Tinamou_sound\Yellow-legged Tinamou28.mp3,Yellow-legged Tinamou_sound,Yellow-legged Tinamou,Yellow-legged Tinamou28.mp3,1567412,True,44100,1,4319757,97.95367346938775,MP3,MPEG_LAYER_III,0f9f6bb95ba0763c9c4f43c8d07d241beb16e026eccd52eed0a143008918436f
D:\other\Bird\Dataset\CC0\Darwins Nothura_sound\Darwins Nothura5.mp3,Darwins Nothura_sound\Darwins Nothura5.mp3,Darwins Nothura_sound,Darwins Nothura,Darwins Nothura5.mp3,2091370,True,32000,2,5561568,173.799,MP3,MPEG_LAYER_III,113faad1e6a3228b3e55892031935dd3a26c99063b202e5e09bcc20bb07d200c
D:\other\Bird\Dataset\CC0\Darwins Nothura_sound\Darwins Nothura4.mp3,Darwins Nothura_sound\Darwins Nothura4.mp3,Darwins Nothura_sound,Darwins Nothura,Darwins Nothura4.mp3,2091370,True,32000,2,5561568,173.799,MP3,MPEG_LAYER_III,113faad1e6a3228b3e55892031935dd3a26c99063b202e5e09bcc20bb07d200c
D:\other\Bird\Dataset\CC0\North Island Brown Kiwi_sound\North Island Brown Kiwi7.mp3,North Island Brown Kiwi_sound\North Island Brown Kiwi7.mp3,North Island Brown Kiwi_sound,North Island Brown Kiwi,North Island Brown Kiwi7.mp3,196086,True,48000,1,792173,16.503604166666666,MP3,MPEG_LAYER_III,117eafc38f5f72d7b62d801c7c0e728dc5af2159c6aa029c4d40954a992d8d38
D:\other\Bird\Dataset\CC0\North Island Brown Kiwi_sound\North Island Brown Kiwi15.mp3,North Island Brown Kiwi_sound\North Island Brown Kiwi15.mp3,North Island Brown Kiwi_sound,North Island Brown Kiwi,North Island Brown Kiwi15.mp3,196086,True,48000,1,792173,16.503604166666666,MP3,MPEG_LAYER_III,117eafc38f5f72d7b62d801c7c0e728dc5af2159c6aa029c4d40954a992d8d38
D:\other\Bird\Dataset\CC0\North Island Brown Kiwi_sound\North Island Brown Kiwi9.mp3,North Island Brown Kiwi_sound\North Island Brown Kiwi9.mp3,North Island Brown Kiwi_sound,North Island Brown Kiwi,North Island Brown Kiwi9.mp3,196086,True,48000,1,792173,16.503604166666666,MP3,MPEG_LAYER_III,117eafc38f5f72d7b62d801c7c0e728dc5af2159c6aa029c4d40954a992d8d38
D:\other\Bird\Dataset\CC0\North Island Brown Kiwi_sound\North Island Brown Kiwi8.mp3,North Island Brown Kiwi_sound\North Island Brown Kiwi8.mp3,North Island Brown Kiwi_sound,North Island Brown Kiwi,North Island Brown Kiwi8.mp3,196086,True,48000,1,792173,16.503604166666666,MP3,MPEG_LAYER_III,117eafc38f5f72d7b62d801c7c0e728dc5af2159c6aa029c4d40954a992d8d38
D:\other\Bird\Dataset\CC0\North Island Brown Kiwi_sound\North Island Brown Kiwi10.mp3,North Island Brown Kiwi_sound\North Island Brown Kiwi10.mp3,North Island Brown Kiwi_sound,North Island Brown Kiwi,North Island Brown Kiwi10.mp3,196086,True,48000,1,792173,16.503604166666666,MP3,MPEG_LAYER_III,117eafc38f5f72d7b62d801c7c0e728dc5af2159c6aa029c4d40954a992d8d38
D:\other\Bird\Dataset\CC0\North Island Brown Kiwi_sound\North Island Brown Kiwi11.mp3,North Island Brown Kiwi_sound\North Island Brown Kiwi11.mp3,North Island Brown Kiwi_sound,North Island Brown Kiwi,North Island Brown Kiwi11.mp3,196086,True,48000,1,792173,16.503604166666666,MP3,MPEG_LAYER_III,117eafc38f5f72d7b62d801c7c0e728dc5af2159c6aa029c4d40954a992d8d38
D:\other\Bird\Dataset\CC0\North Island Brown Kiwi_sound\North Island Brown Kiwi16.mp3,North Island Brown Kiwi_sound\North Island Brown Kiwi16.mp3,North Island Brown Kiwi_sound,North Island Brown Kiwi,North Island Brown Kiwi16.mp3,196086,True,48000,1,792173,16.503604166666666,MP3,MPEG_LAYER_III,117eafc38f5f72d7b62d801c7c0e728dc5af2159c6aa029c4d40954a992d8d38
D:\other\Bird\Dataset\CC0\North Island Brown Kiwi_sound\North Island Brown Kiwi13.mp3,North Island Brown Kiwi_sound\North Island Brown Kiwi13.mp3,North Island Brown Kiwi_sound,North Island Brown Kiwi,North Island Brown Kiwi13.mp3,196086,True,48000,1,792173,16.503604166666666,MP3,MPEG_LAYER_III,117eafc38f5f72d7b62d801c7c0e728dc5af2159c6aa029c4d40954a992d8d38
D:\other\Bird\Dataset\CC0\North Island Brown Kiwi_sound\North Island Brown Kiwi14.mp3,North Island Brown Kiwi_sound\North Island Brown Kiwi14.mp3,North Island Brown Kiwi_sound,North Island Brown Kiwi,North Island Brown Kiwi14.mp3,196086,True,48000,1,792173,16.503604166666666,MP3,MPEG_LAYER_III,117eafc38f5f72d7b62d801c7c0e728dc5af2159c6aa029c4d40954a992d8d38
D:\other\Bird\Dataset\CC0\North Island Brown Kiwi_sound\North Island Brown Kiwi12.mp3,North Island Brown Kiwi_sound\North Island Brown Kiwi12.mp3,North Island Brown Kiwi_sound,North Island Brown Kiwi,North Island Brown Kiwi12.mp3,196086,True,48000,1,792173,16.503604166666666,MP3,MPEG_LAYER_III,117eafc38f5f72d7b62d801c7c0e728dc5af2159c6aa029c4d40954a992d8d38
D:\other\Bird\Dataset\CC0\Grey Tinamou_sound\Grey Tinamou31.mp3,Grey Tinamou_sound\Grey Tinamou31.mp3,Grey Tinamou_sound,Grey Tinamou,Grey Tinamou31.mp3,106404,True,44100,1,586494,13.299183673469388,MP3,MPEG_LAYER_III,1268466e7dfd5082d5019069690504c31559bb99c4824d6f1b30bf1f6c91c9a4
D:\other\Bird\Dataset\CC0\Grey Tinamou_sound\Grey Tinamou29.mp3,Grey Tinamou_sound\Grey Tinamou29.mp3,Grey Tinamou_sound,Grey Tinamou,Grey Tinamou29.mp3,106404,True,44100,1,586494,13.299183673469388,MP3,MPEG_LAYER_III,1268466e7dfd5082d5019069690504c31559bb99c4824d6f1b30bf1f6c91c9a4
D:\other\Bird\Dataset\CC0\Grey Tinamou_sound\Grey Tinamou30.mp3,Grey Tinamou_sound\Grey Tinamou30.mp3,Grey Tinamou_sound,Grey Tinamou,Grey Tinamou30.mp3,106404,True,44100,1,586494,13.299183673469388,MP3,MPEG_LAYER_III,1268466e7dfd5082d5019069690504c31559bb99c4824d6f1b30bf1f6c91c9a4
D:\other\Bird\Dataset\CC0\Chestnut-bellied Guan_sound\Chestnut-bellied Guan10.mp3,Chestnut-bellied Guan_sound\Chestnut-bellied Guan10.mp3,Chestnut-bellied Guan_sound,Chestnut-bellied Guan,Chestnut-bellied Guan10.mp3,522377,True,44100,1,1898870,43.05827664399093,MP3,MPEG_LAYER_III,1288ac6a42f9e53aa3a86c00cb3fae549fda990935271dffcef1f7e8906cc911
D:\other\Bird\Dataset\CC0\Chestnut-bellied Guan_sound\Chestnut-bellied Guan8.mp3,Chestnut-bellied Guan_sound\Chestnut-bellied Guan8.mp3,Chestnut-bellied Guan_sound,Chestnut-bellied Guan,Chestnut-bellied Guan8.mp3,522377,True,44100,1,1898870,43.05827664399093,MP3,MPEG_LAYER_III,1288ac6a42f9e53aa3a86c00cb3fae549fda990935271dffcef1f7e8906cc911
D:\other\Bird\Dataset\CC0\Chestnut-bellied Guan_sound\Chestnut-bellied Guan9.mp3,Chestnut-bellied Guan_sound\Chestnut-bellied Guan9.mp3,Chestnut-bellied Guan_sound,Chestnut-bellied Guan,Chestnut-bellied Guan9.mp3,522377,True,44100,1,1898870,43.05827664399093,MP3,MPEG_LAYER_III,1288ac6a42f9e53aa3a86c00cb3fae549fda990935271dffcef1f7e8906cc911
D:\other\Bird\Dataset\CC0\Pale-browed Tinamou_sound\Pale-browed Tinamou28.mp3,Pale-browed Tinamou_sound\Pale-browed Tinamou28.mp3,Pale-browed Tinamou_sound,Pale-browed Tinamou,Pale-browed Tinamou28.mp3,289005,True,44100,2,798048,18.096326530612245,MP3,MPEG_LAYER_III,137de222b4bde1e64edc6573e01630ed163a2d3f924d7b81173208e55c738caa
D:\other\Bird\Dataset\CC0\Pale-browed Tinamou_sound\Pale-browed Tinamou27.mp3,Pale-browed Tinamou_sound\Pale-browed Tinamou27.mp3,Pale-browed Tinamou_sound,Pale-browed Tinamou,Pale-browed Tinamou27.mp3,289005,True,44100,2,798048,18.096326530612245,MP3,MPEG_LAYER_III,137de222b4bde1e64edc6573e01630ed163a2d3f924d7b81173208e55c738caa
D:\other\Bird\Dataset\CC0\Red-winged Tinamou_sound\Red-winged Tinamou9.mp3,Red-winged Tinamou_sound\Red-winged Tinamou9.mp3,Red-winged Tinamou_sound,Red-winged Tinamou,Red-winged Tinamou9.mp3,699095,True,44100,1,1926339,43.68115646258504,MP3,MPEG_LAYER_III,13b530ddac35903bda0a0b803446a656c1b8f5861cc2444bb4c8149b81f16171
D:\other\Bird\Dataset\CC0\Red-winged Tinamou_sound\Red-winged Tinamou5.mp3,Red-winged Tinamou_sound\Red-winged Tinamou5.mp3,Red-winged Tinamou_sound,Red-winged Tinamou,Red-winged Tinamou5.mp3,699095,True,44100,1,1926339,43.68115646258504,MP3,MPEG_LAYER_III,13b530ddac35903bda0a0b803446a656c1b8f5861cc2444bb4c8149b81f16171
D:\other\Bird\Dataset\CC0\Red-winged Tinamou_sound\Red-winged Tinamou16.mp3,Red-winged Tinamou_sound\Red-winged Tinamou16.mp3,Red-winged Tinamou_sound,Red-winged Tinamou,Red-winged Tinamou16.mp3,699095,True,44100,1,1926339,43.68115646258504,MP3,MPEG_LAYER_III,13b530ddac35903bda0a0b803446a656c1b8f5861cc2444bb4c8149b81f16171
D:\other\Bird\Dataset\CC0\Red-winged Tinamou_sound\Red-winged Tinamou10.mp3,Red-winged Tinamou_sound\Red-winged Tinamou10.mp3,Red-winged Tinamou_sound,Red-winged Tinamou,Red-winged Tinamou10.mp3,699095,True,44100,1,1926339,43.68115646258504,MP3,MPEG_LAYER_III,13b530ddac35903bda0a0b803446a656c1b8f5861cc2444bb4c8149b81f16171
D:\other\Bird\Dataset\CC0\Red-winged Tinamou_sound\Red-winged Tinamou2.mp3,Red-winged Tinamou_sound\Red-winged Tinamou2.mp3,Red-winged Tinamou_sound,Red-winged Tinamou,Red-winged Tinamou2.mp3,699095,True,44100,1,1926339,43.68115646258504,MP3,MPEG_LAYER_III,13b530ddac35903bda0a0b803446a656c1b8f5861cc2444bb4c8149b81f16171
D:\other\Bird\Dataset\CC0\Red-winged Tinamou_sound\Red-winged Tinamou15.mp3,Red-winged Tinamou_sound\Red-winged Tinamou15.mp3,Red-winged Tinamou_sound,Red-winged Tinamou,Red-winged Tinamou15.mp3,699095,True,44100,1,1926339,43.68115646258504,MP3,MPEG_LAYER_III,13b530ddac35903bda0a0b803446a656c1b8f5861cc2444bb4c8149b81f16171
D:\other\Bird\Dataset\CC0\Red-winged Tinamou_sound\Red-winged Tinamou6.mp3,Red-winged Tinamou_sound\Red-winged Tinamou6.mp3,Red-winged Tinamou_sound,Red-winged Tinamou,Red-winged Tinamou6.mp3,699095,True,44100,1,1926339,43.68115646258504,MP3,MPEG_LAYER_III,13b530ddac35903bda0a0b803446a656c1b8f5861cc2444bb4c8149b81f16171
D:\other\Bird\Dataset\CC0\Red-winged Tinamou_sound\Red-winged Tinamou11.mp3,Red-winged Tinamou_sound\Red-winged Tinamou11.mp3,Red-winged Tinamou_sound,Red-winged Tinamou,Red-winged Tinamou11.mp3,699095,True,44100,1,1926339,43.68115646258504,MP3,MPEG_LAYER_III,13b530ddac35903bda0a0b803446a656c1b8f5861cc2444bb4c8149b81f16171
D:\other\Bird\Dataset\CC0\Red-winged Tinamou_sound\Red-winged Tinamou4.mp3,Red-winged Tinamou_sound\Red-winged Tinamou4.mp3,Red-winged Tinamou_sound,Red-winged Tinamou,Red-winged Tinamou4.mp3,699095,True,44100,1,1926339,43.68115646258504,MP3,MPEG_LAYER_III,13b530ddac35903bda0a0b803446a656c1b8f5861cc2444bb4c8149b81f16171
D:\other\Bird\Dataset\CC0\Red-winged Tinamou_sound\Red-winged Tinamou7.mp3,Red-winged Tinamou_sound\Red-winged Tinamou7.mp3,Red-winged Tinamou_sound,Red-winged Tinamou,Red-winged Tinamou7.mp3,699095,True,44100,1,1926339,43.68115646258504,MP3,MPEG_LAYER_III,13b530ddac35903bda0a0b803446a656c1b8f5861cc2444bb4c8149b81f16171
D:\other\Bird\Dataset\CC0\Tataupa Tinamou_sound\Tataupa Tinamou31.mp3,Tataupa Tinamou_sound\Tataupa Tinamou31.mp3,Tataupa Tinamou_sound,Tataupa Tinamou,Tataupa Tinamou31.mp3,699095,True,44100,1,1926339,43.68115646258504,MP3,MPEG_LAYER_III,13b530ddac35903bda0a0b803446a656c1b8f5861cc2444bb4c8149b81f16171
D:\other\Bird\Dataset\CC0\Red-winged Tinamou_sound\Red-winged Tinamou3.mp3,Red-winged Tinamou_sound\Red-winged Tinamou3.mp3,Red-winged Tinamou_sound,Red-winged Tinamou,Red-winged Tinamou3.mp3,699095,True,44100,1,1926339,43.68115646258504,MP3,MPEG_LAYER_III,13b530ddac35903bda0a0b803446a656c1b8f5861cc2444bb4c8149b81f16171
D:\other\Bird\Dataset\CC0\Red-winged Tinamou_sound\Red-winged Tinamou13.mp3,Red-winged Tinamou_sound\Red-winged Tinamou13.mp3,Red-winged Tinamou_sound,Red-winged Tinamou,Red-winged Tinamou13.mp3,699095,True,44100,1,1926339,43.68115646258504,MP3,MPEG_LAYER_III,13b530ddac35903bda0a0b803446a656c1b8f5861cc2444bb4c8149b81f16171
D:\other\Bird\Dataset\CC0\Red-winged Tinamou_sound\Red-winged Tinamou14.mp3,Red-winged Tinamou_sound\Red-winged Tinamou14.mp3,Red-winged Tinamou_sound,Red-winged Tinamou,Red-winged Tinamou14.mp3,699095,True,44100,1,1926339,43.68115646258504,MP3,MPEG_LAYER_III,13b530ddac35903bda0a0b803446a656c1b8f5861cc2444bb4c8149b81f16171
D:\other\Bird\Dataset\CC0\Red-winged Tinamou_sound\Red-winged Tinamou12.mp3,Red-winged Tinamou_sound\Red-winged Tinamou12.mp3,Red-winged Tinamou_sound,Red-winged Tinamou,Red-winged Tinamou12.mp3,699095,True,44100,1,1926339,43.68115646258504,MP3,MPEG_LAYER_III,13b530ddac35903bda0a0b803446a656c1b8f5861cc2444bb4c8149b81f16171
D:\other\Bird\Dataset\CC0\Red-winged Tinamou_sound\Red-winged Tinamou8.mp3,Red-winged Tinamou_sound\Red-winged Tinamou8.mp3,Red-winged Tinamou_sound,Red-winged Tinamou,Red-winged Tinamou8.mp3,699095,True,44100,1,1926339,43.68115646258504,MP3,MPEG_LAYER_III,13b530ddac35903bda0a0b803446a656c1b8f5861cc2444bb4c8149b81f16171
D:\other\Bird\Dataset\CC0\Thicket Tinamou_sound\Thicket Tinamou30.mp3,Thicket Tinamou_sound\Thicket Tinamou30.mp3,Thicket Tinamou_sound,Thicket Tinamou,Thicket Tinamou30.mp3,1244246,True,48000,2,1492941,31.1029375,MP3,MPEG_LAYER_III,1403c70fef3713a40ac9429683dec229ca83685132477abe68b5de25511edde9
D:\other\Bird\Dataset\CC0\Thicket Tinamou_sound\Thicket Tinamou31.mp3,Thicket Tinamou_sound\Thicket Tinamou31.mp3,Thicket Tinamou_sound,Thicket Tinamou,Thicket Tinamou31.mp3,1244246,True,48000,2,1492941,31.1029375,MP3,MPEG_LAYER_III,1403c70fef3713a40ac9429683dec229ca83685132477abe68b5de25511edde9
D:\other\Bird\Dataset\CC0\Thicket Tinamou_sound\Thicket Tinamou29.mp3,Thicket Tinamou_sound\Thicket Tinamou29.mp3,Thicket Tinamou_sound,Thicket Tinamou,Thicket Tinamou29.mp3,1244246,True,48000,2,1492941,31.1029375,MP3,MPEG_LAYER_III,1403c70fef3713a40ac9429683dec229ca83685132477abe68b5de25511edde9
D:\other\Bird\Dataset\CC0\Thicket Tinamou_sound\Thicket Tinamou28.mp3,Thicket Tinamou_sound\Thicket Tinamou28.mp3,Thicket Tinamou_sound,Thicket Tinamou,Thicket Tinamou28.mp3,1244246,True,48000,2,1492941,31.1029375,MP3,MPEG_LAYER_III,1403c70fef3713a40ac9429683dec229ca83685132477abe68b5de25511edde9
D:\other\Bird\Dataset\CC0\Thicket Tinamou_sound\Thicket Tinamou27.mp3,Thicket Tinamou_sound\Thicket Tinamou27.mp3,Thicket Tinamou_sound,Thicket Tinamou,Thicket Tinamou27.mp3,1244246,True,48000,2,1492941,31.1029375,MP3,MPEG_LAYER_III,1403c70fef3713a40ac9429683dec229ca83685132477abe68b5de25511edde9
D:\other\Bird\Dataset\CC0\White-throated Tinamou_sound\White-throated Tinamou25.mp3,White-throated Tinamou_sound\White-throated Tinamou25.mp3,White-throated Tinamou_sound,White-throated Tinamou,White-throated Tinamou25.mp3,127150,True,44100,2,351263,7.965147392290249,MP3,MPEG_LAYER_III,1445a3dd06cb6756a7e52ada0d22e5dbe6eb8b7d62b6be8d095a568d134bef5a
D:\other\Bird\Dataset\CC0\White-throated Tinamou_sound\White-throated Tinamou24.mp3,White-throated Tinamou_sound\White-throated Tinamou24.mp3,White-throated Tinamou_sound,White-throated Tinamou,White-throated Tinamou24.mp3,127150,True,44100,2,351263,7.965147392290249,MP3,MPEG_LAYER_III,1445a3dd06cb6756a7e52ada0d22e5dbe6eb8b7d62b6be8d095a568d134bef5a
D:\other\Bird\Dataset\CC0\Orange-footed Scrubfowl_sound\Orange-footed Scrubfowl11.mp3,Orange-footed Scrubfowl_sound\Orange-footed Scrubfowl11.mp3,Orange-footed Scrubfowl_sound,Orange-footed Scrubfowl,Orange-footed Scrubfowl11.mp3,746369,True,48000,1,2982217,62.12952083333333,MP3,MPEG_LAYER_III,14691bad45c7ed2ecb5948693249bb13b5df2db477540117fc48faff6fe19fa0
D:\other\Bird\Dataset\CC0\Orange-footed Scrubfowl_sound\Orange-footed Scrubfowl12.mp3,Orange-footed Scrubfowl_sound\Orange-footed Scrubfowl12.mp3,Orange-footed Scrubfowl_sound,Orange-footed Scrubfowl,Orange-footed Scrubfowl12.mp3,746369,True,48000,1,2982217,62.12952083333333,MP3,MPEG_LAYER_III,14691bad45c7ed2ecb5948693249bb13b5df2db477540117fc48faff6fe19fa0
D:\other\Bird\Dataset\CC0\Orange-footed Scrubfowl_sound\Orange-footed Scrubfowl13.mp3,Orange-footed Scrubfowl_sound\Orange-footed Scrubfowl13.mp3,Orange-footed Scrubfowl_sound,Orange-footed Scrubfowl,Orange-footed Scrubfowl13.mp3,746369,True,48000,1,2982217,62.12952083333333,MP3,MPEG_LAYER_III,14691bad45c7ed2ecb5948693249bb13b5df2db477540117fc48faff6fe19fa0
D:\other\Bird\Dataset\CC0\Red-legged Tinamou_sound\Red-legged Tinamou26.mp3,Red-legged Tinamou_sound\Red-legged Tinamou26.mp3,Red-legged Tinamou_sound,Red-legged Tinamou,Red-legged Tinamou26.mp3,58436,True,44100,1,193846,4.395600907029478,MP3,MPEG_LAYER_III,14b0dcb847f2ea750a1de000272bccb81c7a9426064c00eb087a8e47f310e9c8
D:\other\Bird\Dataset\CC0\Red-legged Tinamou_sound\Red-legged Tinamou30.mp3,Red-legged Tinamou_sound\Red-legged Tinamou30.mp3,Red-legged Tinamou_sound,Red-legged Tinamou,Red-legged Tinamou30.mp3,58436,True,44100,1,193846,4.395600907029478,MP3,MPEG_LAYER_III,14b0dcb847f2ea750a1de000272bccb81c7a9426064c00eb087a8e47f310e9c8
D:\other\Bird\Dataset\CC0\Yellow-legged Tinamou_sound\Yellow-legged Tinamou6.mp3,Yellow-legged Tinamou_sound\Yellow-legged Tinamou6.mp3,Yellow-legged Tinamou_sound,Yellow-legged Tinamou,Yellow-legged Tinamou6.mp3,58436,True,44100,1,193846,4.395600907029478,MP3,MPEG_LAYER_III,14b0dcb847f2ea750a1de000272bccb81c7a9426064c00eb087a8e47f310e9c8
D:\other\Bird\Dataset\CC0\Red-legged Tinamou_sound\Red-legged Tinamou31.mp3,Red-legged Tinamou_sound\Red-legged Tinamou31.mp3,Red-legged Tinamou_sound,Red-legged Tinamou,Red-legged Tinamou31.mp3,58436,True,44100,1,193846,4.395600907029478,MP3,MPEG_LAYER_III,14b0dcb847f2ea750a1de000272bccb81c7a9426064c00eb087a8e47f310e9c8
D:\other\Bird\Dataset\CC0\Yellow-legged Tinamou_sound\Yellow-legged Tinamou3.mp3,Yellow-legged Tinamou_sound\Yellow-legged Tinamou3.mp3,Yellow-legged Tinamou_sound,Yellow-legged Tinamou,Yellow-legged Tinamou3.mp3,58436,True,44100,1,193846,4.395600907029478,MP3,MPEG_LAYER_III,14b0dcb847f2ea750a1de000272bccb81c7a9426064c00eb087a8e47f310e9c8
D:\other\Bird\Dataset\CC0\Yellow-legged Tinamou_sound\Yellow-legged Tinamou4.mp3,Yellow-legged Tinamou_sound\Yellow-legged Tinamou4.mp3,Yellow-legged Tinamou_sound,Yellow-legged Tinamou,Yellow-legged Tinamou4.mp3,58436,True,44100,1,193846,4.395600907029478,MP3,MPEG_LAYER_III,14b0dcb847f2ea750a1de000272bccb81c7a9426064c00eb087a8e47f310e9c8
D:\other\Bird\Dataset\CC0\Red-legged Tinamou_sound\Red-legged Tinamou28.mp3,Red-legged Tinamou_sound\Red-legged Tinamou28.mp3,Red-legged Tinamou_sound,Red-legged Tinamou,Red-legged Tinamou28.mp3,58436,True,44100,1,193846,4.395600907029478,MP3,MPEG_LAYER_III,14b0dcb847f2ea750a1de000272bccb81c7a9426064c00eb087a8e47f310e9c8
D:\other\Bird\Dataset\CC0\Red-legged Tinamou_sound\Red-legged Tinamou29.mp3,Red-legged Tinamou_sound\Red-legged Tinamou29.mp3,Red-legged Tinamou_sound,Red-legged Tinamou,Red-legged Tinamou29.mp3,58436,True,44100,1,193846,4.395600907029478,MP3,MPEG_LAYER_III,14b0dcb847f2ea750a1de000272bccb81c7a9426064c00eb087a8e47f310e9c8
D:\other\Bird\Dataset\CC0\Yellow-legged Tinamou_sound\Yellow-legged Tinamou2.mp3,Yellow-legged Tinamou_sound\Yellow-legged Tinamou2.mp3,Yellow-legged Tinamou_sound,Yellow-legged Tinamou,Yellow-legged Tinamou2.mp3,58436,True,44100,1,193846,4.395600907029478,MP3,MPEG_LAYER_III,14b0dcb847f2ea750a1de000272bccb81c7a9426064c00eb087a8e47f310e9c8
D:\other\Bird\Dataset\CC0\Yellow-legged Tinamou_sound\Yellow-legged Tinamou5.mp3,Yellow-legged Tinamou_sound\Yellow-legged Tinamou5.mp3,Yellow-legged Tinamou_sound,Yellow-legged Tinamou,Yellow-legged Tinamou5.mp3,58436,True,44100,1,193846,4.395600907029478,MP3,MPEG_LAYER_III,14b0dcb847f2ea750a1de000272bccb81c7a9426064c00eb087a8e47f310e9c8
D:\other\Bird\Dataset\CC0\Red-legged Tinamou_sound\Red-legged Tinamou27.mp3,Red-legged Tinamou_sound\Red-legged Tinamou27.mp3,Red-legged Tinamou_sound,Red-legged Tinamou,Red-legged Tinamou27.mp3,58436,True,44100,1,193846,4.395600907029478,MP3,MPEG_LAYER_III,14b0dcb847f2ea750a1de000272bccb81c7a9426064c00eb087a8e47f310e9c8
D:\other\Bird\Dataset\CC0\Plain Chachalaca_sound\Plain Chachalaca11.mp3,Plain Chachalaca_sound\Plain Chachalaca11.mp3,Plain Chachalaca_sound,Plain Chachalaca,Plain Chachalaca11.mp3,2952367,True,44100,1,2975087,67.46229024943311,MP3,MPEG_LAYER_III,14cc31908e2765163268eda30f2691629167914c4240fb337963735d17a53392
D:\other\Bird\Dataset\CC0\Plain Chachalaca_sound\Plain Chachalaca12.mp3,Plain Chachalaca_sound\Plain Chachalaca12.mp3,Plain Chachalaca_sound,Plain Chachalaca,Plain Chachalaca12.mp3,2952367,True,44100,1,2975087,67.46229024943311,MP3,MPEG_LAYER_III,14cc31908e2765163268eda30f2691629167914c4240fb337963735d17a53392
D:\other\Bird\Dataset\CC0\Thicket Tinamou_sound\Thicket Tinamou21.mp3,Thicket Tinamou_sound\Thicket Tinamou21.mp3,Thicket Tinamou_sound,Thicket Tinamou,Thicket Tinamou21.mp3,1744904,True,44100,1,4808569,109.03784580498866,MP3,MPEG_LAYER_III,15166931b3409555516235b50d0ad5ad08dd1c4a2e220498397bc4b53ee71328
D:\other\Bird\Dataset\CC0\Thicket Tinamou_sound\Thicket Tinamou20.mp3,Thicket Tinamou_sound\Thicket Tinamou20.mp3,Thicket Tinamou_sound,Thicket Tinamou,Thicket Tinamou20.mp3,1744904,True,44100,1,4808569,109.03784580498866,MP3,MPEG_LAYER_III,15166931b3409555516235b50d0ad5ad08dd1c4a2e220498397bc4b53ee71328
D:\other\Bird\Dataset\CC0\Thicket Tinamou_sound\Thicket Tinamou19.mp3,Thicket Tinamou_sound\Thicket Tinamou19.mp3,Thicket Tinamou_sound,Thicket Tinamou,Thicket Tinamou19.mp3,1744904,True,44100,1,4808569,109.03784580498866,MP3,MPEG_LAYER_III,15166931b3409555516235b50d0ad5ad08dd1c4a2e220498397bc4b53ee71328
D:\other\Bird\Dataset\CC0\Black-capped Tinamou_sound\Black-capped Tinamou24.mp3,Black-capped Tinamou_sound\Black-capped Tinamou24.mp3,Black-capped Tinamou_sound,Black-capped Tinamou,Black-capped Tinamou24.mp3,2074649,True,48000,2,4149042,86.438375,MP3,MPEG_LAYER_III,158cb292e4b94a749bf9f78f2d171a10405dc4c8ab562a5828570322f714b0b2
D:\other\Bird\Dataset\CC0\Black-capped Tinamou_sound\Black-capped Tinamou22.mp3,Black-capped Tinamou_sound\Black-capped Tinamou22.mp3,Black-capped Tinamou_sound,Black-capped Tinamou,Black-capped Tinamou22.mp3,2074649,True,48000,2,4149042,86.438375,MP3,MPEG_LAYER_III,158cb292e4b94a749bf9f78f2d171a10405dc4c8ab562a5828570322f714b0b2
D:\other\Bird\Dataset\CC0\Black-capped Tinamou_sound\Black-capped Tinamou23.mp3,Black-capped Tinamou_sound\Black-capped Tinamou23.mp3,Black-capped Tinamou_sound,Black-capped Tinamou,Black-capped Tinamou23.mp3,2074649,True,48000,2,4149042,86.438375,MP3,MPEG_LAYER_III,158cb292e4b94a749bf9f78f2d171a10405dc4c8ab562a5828570322f714b0b2
D:\other\Bird\Dataset\CC0\Little Chachalaca_sound\Little Chachalaca4.mp3,Little Chachalaca_sound\Little Chachalaca4.mp3,Little Chachalaca_sound,Little Chachalaca,Little Chachalaca4.mp3,757832,True,44100,1,2088570,47.35986394557823,MP3,MPEG_LAYER_III,15ac7292b9d329516a0b89b1c1567784d4946ecc9f8dda8da3809dd8756cbe43
D:\other\Bird\Dataset\CC0\Little Chachalaca_sound\Little Chachalaca5.mp3,Little Chachalaca_sound\Little Chachalaca5.mp3,Little Chachalaca_sound,Little Chachalaca,Little Chachalaca5.mp3,757832,True,44100,1,2088570,47.35986394557823,MP3,MPEG_LAYER_III,15ac7292b9d329516a0b89b1c1567784d4946ecc9f8dda8da3809dd8756cbe43
D:\other\Bird\Dataset\CC0\Okarito Kiwi_sound\Okarito Kiwi5.mp3,Okarito Kiwi_sound\Okarito Kiwi5.mp3,Okarito Kiwi_sound,Okarito Kiwi,Okarito Kiwi5.mp3,438647,True,44100,1,1208902,27.412743764172337,MP3,MPEG_LAYER_III,16182736f6110694f02ee4d90e56887fb5efe33688309f286762b9fc62422846
D:\other\Bird\Dataset\CC0\Okarito Kiwi_sound\Okarito Kiwi4.mp3,Okarito Kiwi_sound\Okarito Kiwi4.mp3,Okarito Kiwi_sound,Okarito Kiwi,Okarito Kiwi4.mp3,438647,True,44100,1,1208902,27.412743764172337,MP3,MPEG_LAYER_III,16182736f6110694f02ee4d90e56887fb5efe33688309f286762b9fc62422846
D:\other\Bird\Dataset\CC0\Okarito Kiwi_sound\Okarito Kiwi3.mp3,Okarito Kiwi_sound\Okarito Kiwi3.mp3,Okarito Kiwi_sound,Okarito Kiwi,Okarito Kiwi3.mp3,438647,True,44100,1,1208902,27.412743764172337,MP3,MPEG_LAYER_III,16182736f6110694f02ee4d90e56887fb5efe33688309f286762b9fc62422846
D:\other\Bird\Dataset\CC0\Okarito Kiwi_sound\Okarito Kiwi2.mp3,Okarito Kiwi_sound\Okarito Kiwi2.mp3,Okarito Kiwi_sound,Okarito Kiwi,Okarito Kiwi2.mp3,438647,True,44100,1,1208902,27.412743764172337,MP3,MPEG_LAYER_III,16182736f6110694f02ee4d90e56887fb5efe33688309f286762b9fc62422846
D:\other\Bird\Dataset\CC0\North Island Brown Kiwi_sound\North Island Brown Kiwi20.mp3,North Island Brown Kiwi_sound\North Island Brown Kiwi20.mp3,North Island Brown Kiwi_sound,North Island Brown Kiwi,North Island Brown Kiwi20.mp3,438647,True,44100,1,1208902,27.412743764172337,MP3,MPEG_LAYER_III,16182736f6110694f02ee4d90e56887fb5efe33688309f286762b9fc62422846
D:\other\Bird\Dataset\CC0\Red-legged Tinamou_sound\Red-legged Tinamou25.mp3,Red-legged Tinamou_sound\Red-legged Tinamou25.mp3,Red-legged Tinamou_sound,Red-legged Tinamou,Red-legged Tinamou25.mp3,434775,True,44100,1,1575288,35.72081632653061,MP3,MPEG_LAYER_III,17ef2e33f741241e8f79a47f42f119ebbfc678b934497a861a1445dcd2d01572
D:\other\Bird\Dataset\CC0\Red-legged Tinamou_sound\Red-legged Tinamou24.mp3,Red-legged Tinamou_sound\Red-legged Tinamou24.mp3,Red-legged Tinamou_sound,Red-legged Tinamou,Red-legged Tinamou24.mp3,434775,True,44100,1,1575288,35.72081632653061,MP3,MPEG_LAYER_III,17ef2e33f741241e8f79a47f42f119ebbfc678b934497a861a1445dcd2d01572
D:\other\Bird\Dataset\CC0\Red-legged Tinamou_sound\Red-legged Tinamou23.mp3,Red-legged Tinamou_sound\Red-legged Tinamou23.mp3,Red-legged Tinamou_sound,Red-legged Tinamou,Red-legged Tinamou23.mp3,434775,True,44100,1,1575288,35.72081632653061,MP3,MPEG_LAYER_III,17ef2e33f741241e8f79a47f42f119ebbfc678b934497a861a1445dcd2d01572
D:\other\Bird\Dataset\CC0\Red-legged Tinamou_sound\Red-legged Tinamou22.mp3,Red-legged Tinamou_sound\Red-legged Tinamou22.mp3,Red-legged Tinamou_sound,Red-legged Tinamou,Red-legged Tinamou22.mp3,434775,True,44100,1,1575288,35.72081632653061,MP3,MPEG_LAYER_III,17ef2e33f741241e8f79a47f42f119ebbfc678b934497a861a1445dcd2d01572
D:\other\Bird\Dataset\CC0\Red-legged Tinamou_sound\Red-legged Tinamou20.mp3,Red-legged Tinamou_sound\Red-legged Tinamou20.mp3,Red-legged Tinamou_sound,Red-legged Tinamou,Red-legged Tinamou20.mp3,434775,True,44100,1,1575288,35.72081632653061,MP3,MPEG_LAYER_III,17ef2e33f741241e8f79a47f42f119ebbfc678b934497a861a1445dcd2d01572
D:\other\Bird\Dataset\CC0\Red-legged Tinamou_sound\Red-legged Tinamou21.mp3,Red-legged Tinamou_sound\Red-legged Tinamou21.mp3,Red-legged Tinamou_sound,Red-legged Tinamou,Red-legged Tinamou21.mp3,434775,True,44100,1,1575288,35.72081632653061,MP3,MPEG_LAYER_III,17ef2e33f741241e8f79a47f42f119ebbfc678b934497a861a1445dcd2d01572
D:\other\Bird\Dataset\CC0\Colombian Chachalaca_sound\Colombian Chachalaca18.mp3,Colombian Chachalaca_sound\Colombian Chachalaca18.mp3,Colombian Chachalaca_sound,Colombian Chachalaca,Colombian Chachalaca18.mp3,3323769,True,44100,2,6106829,138.47684807256235,MP3,MPEG_LAYER_III,18e9ee03777443d4d178bad556e64386c608ec821e222e8772d2bb5849883283
D:\other\Bird\Dataset\CC0\Colombian Chachalaca_sound\Colombian Chachalaca20.mp3,Colombian Chachalaca_sound\Colombian Chachalaca20.mp3,Colombian Chachalaca_sound,Colombian Chachalaca,Colombian Chachalaca20.mp3,3323769,True,44100,2,6106829,138.47684807256235,MP3,MPEG_LAYER_III,18e9ee03777443d4d178bad556e64386c608ec821e222e8772d2bb5849883283
D:\other\Bird\Dataset\CC0\Colombian Chachalaca_sound\Colombian Chachalaca19.mp3,Colombian Chachalaca_sound\Colombian Chachalaca19.mp3,Colombian Chachalaca_sound,Colombian Chachalaca,Colombian Chachalaca19.mp3,3323769,True,44100,2,6106829,138.47684807256235,MP3,MPEG_LAYER_III,18e9ee03777443d4d178bad556e64386c608ec821e222e8772d2bb5849883283
D:\other\Bird\Dataset\CC0\Colombian Chachalaca_sound\Colombian Chachalaca16.mp3,Colombian Chachalaca_sound\Colombian Chachalaca16.mp3,Colombian Chachalaca_sound,Colombian Chachalaca,Colombian Chachalaca16.mp3,3323769,True,44100,2,6106829,138.47684807256235,MP3,MPEG_LAYER_III,18e9ee03777443d4d178bad556e64386c608ec821e222e8772d2bb5849883283
D:\other\Bird\Dataset\CC0\Colombian Chachalaca_sound\Colombian Chachalaca17.mp3,Colombian Chachalaca_sound\Colombian Chachalaca17.mp3,Colombian Chachalaca_sound,Colombian Chachalaca,Colombian Chachalaca17.mp3,3323769,True,44100,2,6106829,138.47684807256235,MP3,MPEG_LAYER_III,18e9ee03777443d4d178bad556e64386c608ec821e222e8772d2bb5849883283
D:\other\Bird\Dataset\CC0\White-bellied Chachalaca_sound\White-bellied Chachalaca4.mp3,White-bellied Chachalaca_sound\White-bellied Chachalaca4.mp3,White-bellied Chachalaca_sound,White-bellied Chachalaca,White-bellied Chachalaca4.mp3,171470,True,44100,2,457014,10.36312925170068,MP3,MPEG_LAYER_III,196aad3b2bd5cc4f3a0cfa7321a83913e175d26ec744286be19c4210d4d7a2e1
D:\other\Bird\Dataset\CC0\White-bellied Chachalaca_sound\White-bellied Chachalaca5.mp3,White-bellied Chachalaca_sound\White-bellied Chachalaca5.mp3,White-bellied Chachalaca_sound,White-bellied Chachalaca,White-bellied Chachalaca5.mp3,171470,True,44100,2,457014,10.36312925170068,MP3,MPEG_LAYER_III,196aad3b2bd5cc4f3a0cfa7321a83913e175d26ec744286be19c4210d4d7a2e1
D:\other\Bird\Dataset\CC0\White-bellied Chachalaca_sound\White-bellied Chachalaca6.mp3,White-bellied Chachalaca_sound\White-bellied Chachalaca6.mp3,White-bellied Chachalaca_sound,White-bellied Chachalaca,White-bellied Chachalaca6.mp3,171470,True,44100,2,457014,10.36312925170068,MP3,MPEG_LAYER_III,196aad3b2bd5cc4f3a0cfa7321a83913e175d26ec744286be19c4210d4d7a2e1
D:\other\Bird\Dataset\CC0\Undulated Tinamou_sound\Undulated Tinamou4.mp3,Undulated Tinamou_sound\Undulated Tinamou4.mp3,Undulated Tinamou_sound,Undulated Tinamou,Undulated Tinamou4.mp3,3040011,True,44100,1,8378212,189.9821315192744,MP3,MPEG_LAYER_III,19d99998f25981db7b966bd96aeb632eb3d4d2e0bcfa2c0d1204eb87cca51a8c
D:\other\Bird\Dataset\CC0\Undulated Tinamou_sound\Undulated Tinamou2.mp3,Undulated Tinamou_sound\Undulated Tinamou2.mp3,Undulated Tinamou_sound,Undulated Tinamou,Undulated Tinamou2.mp3,3040011,True,44100,1,8378212,189.9821315192744,MP3,MPEG_LAYER_III,19d99998f25981db7b966bd96aeb632eb3d4d2e0bcfa2c0d1204eb87cca51a8c
D:\other\Bird\Dataset\CC0\Undulated Tinamou_sound\Undulated Tinamou5.mp3,Undulated Tinamou_sound\Undulated Tinamou5.mp3,Undulated Tinamou_sound,Undulated Tinamou,Undulated Tinamou5.mp3,3040011,True,44100,1,8378212,189.9821315192744,MP3,MPEG_LAYER_III,19d99998f25981db7b966bd96aeb632eb3d4d2e0bcfa2c0d1204eb87cca51a8c
D:\other\Bird\Dataset\CC0\Undulated Tinamou_sound\Undulated Tinamou8.mp3,Undulated Tinamou_sound\Undulated Tinamou8.mp3,Undulated Tinamou_sound,Undulated Tinamou,Undulated Tinamou8.mp3,3040011,True,44100,1,8378212,189.9821315192744,MP3,MPEG_LAYER_III,19d99998f25981db7b966bd96aeb632eb3d4d2e0bcfa2c0d1204eb87cca51a8c
D:\other\Bird\Dataset\CC0\Undulated Tinamou_sound\Undulated Tinamou7.mp3,Undulated Tinamou_sound\Undulated Tinamou7.mp3,Undulated Tinamou_sound,Undulated Tinamou,Undulated Tinamou7.mp3,3040011,True,44100,1,8378212,189.9821315192744,MP3,MPEG_LAYER_III,19d99998f25981db7b966bd96aeb632eb3d4d2e0bcfa2c0d1204eb87cca51a8c
D:\other\Bird\Dataset\CC0\Undulated Tinamou_sound\Undulated Tinamou3.mp3,Undulated Tinamou_sound\Undulated Tinamou3.mp3,Undulated Tinamou_sound,Undulated Tinamou,Undulated Tinamou3.mp3,3040011,True,44100,1,8378212,189.9821315192744,MP3,MPEG_LAYER_III,19d99998f25981db7b966bd96aeb632eb3d4d2e0bcfa2c0d1204eb87cca51a8c
D:\other\Bird\Dataset\CC0\Undulated Tinamou_sound\Undulated Tinamou6.mp3,Undulated Tinamou_sound\Undulated Tinamou6.mp3,Undulated Tinamou_sound,Undulated Tinamou,Undulated Tinamou6.mp3,3040011,True,44100,1,8378212,189.9821315192744,MP3,MPEG_LAYER_III,19d99998f25981db7b966bd96aeb632eb3d4d2e0bcfa2c0d1204eb87cca51a8c
D:\other\Bird\Dataset\CC0\Brown Tinamou_sound\Brown Tinamou31.mp3,Brown Tinamou_sound\Brown Tinamou31.mp3,Brown Tinamou_sound,Brown Tinamou,Brown Tinamou31.mp3,3040011,True,44100,1,8378212,189.9821315192744,MP3,MPEG_LAYER_III,19d99998f25981db7b966bd96aeb632eb3d4d2e0bcfa2c0d1204eb87cca51a8c
D:\other\Bird\Dataset\CC0\Highland Tinamou_sound\Highland Tinamou2.mp3,Highland Tinamou_sound\Highland Tinamou2.mp3,Highland Tinamou_sound,Highland Tinamou,Highland Tinamou2.mp3,256865,True,44100,2,692249,15.697256235827664,MP3,MPEG_LAYER_III,1ac39d7611ecf1acfcdd02b547ac8e217959c3a4e2b0ca5d382f5a00b4e9e0ed
D:\other\Bird\Dataset\CC0\Highland Tinamou_sound\Highland Tinamou3.mp3,Highland Tinamou_sound\Highland Tinamou3.mp3,Highland Tinamou_sound,Highland Tinamou,Highland Tinamou3.mp3,256865,True,44100,2,692249,15.697256235827664,MP3,MPEG_LAYER_III,1ac39d7611ecf1acfcdd02b547ac8e217959c3a4e2b0ca5d382f5a00b4e9e0ed
D:\other\Bird\Dataset\CC0\White-throated Tinamou_sound\White-throated Tinamou31.mp3,White-throated Tinamou_sound\White-throated Tinamou31.mp3,White-throated Tinamou_sound,White-throated Tinamou,White-throated Tinamou31.mp3,256865,True,44100,2,692249,15.697256235827664,MP3,MPEG_LAYER_III,1ac39d7611ecf1acfcdd02b547ac8e217959c3a4e2b0ca5d382f5a00b4e9e0ed
D:\other\Bird\Dataset\CC0\Dusky-legged Guan_sound\Dusky-legged Guan9.mp3,Dusky-legged Guan_sound\Dusky-legged Guan9.mp3,Dusky-legged Guan_sound,Dusky-legged Guan,Dusky-legged Guan9.mp3,159785,True,16000,1,639140,39.94625,MP3,MPEG_LAYER_III,1ac9437531418deb13b2201c4985041fe48b91745cdc1b1817509033df49a21c
D:\other\Bird\Dataset\CC0\Dusky-legged Guan_sound\Dusky-legged Guan8.mp3,Dusky-legged Guan_sound\Dusky-legged Guan8.mp3,Dusky-legged Guan_sound,Dusky-legged Guan,Dusky-legged Guan8.mp3,159785,True,16000,1,639140,39.94625,MP3,MPEG_LAYER_III,1ac9437531418deb13b2201c4985041fe48b91745cdc1b1817509033df49a21c
D:\other\Bird\Dataset\CC0\Dusky-legged Guan_sound\Dusky-legged Guan7.mp3,Dusky-legged Guan_sound\Dusky-legged Guan7.mp3,Dusky-legged Guan_sound,Dusky-legged Guan,Dusky-legged Guan7.mp3,159785,True,16000,1,639140,39.94625,MP3,MPEG_LAYER_III,1ac9437531418deb13b2201c4985041fe48b91745cdc1b1817509033df49a21c
D:\other\Bird\Dataset\CC0\Dusky-legged Guan_sound\Dusky-legged Guan6.mp3,Dusky-legged Guan_sound\Dusky-legged Guan6.mp3,Dusky-legged Guan_sound,Dusky-legged Guan,Dusky-legged Guan6.mp3,159785,True,16000,1,639140,39.94625,MP3,MPEG_LAYER_III,1ac9437531418deb13b2201c4985041fe48b91745cdc1b1817509033df49a21c
D:\other\Bird\Dataset\CC0\Dusky-legged Guan_sound\Dusky-legged Guan5.mp3,Dusky-legged Guan_sound\Dusky-legged Guan5.mp3,Dusky-legged Guan_sound,Dusky-legged Guan,Dusky-legged Guan5.mp3,159785,True,16000,1,639140,39.94625,MP3,MPEG_LAYER_III,1ac9437531418deb13b2201c4985041fe48b91745cdc1b1817509033df49a21c
D:\other\Bird\Dataset\CC0\Darwins Nothura_sound\Darwins Nothura8.mp3,Darwins Nothura_sound\Darwins Nothura8.mp3,Darwins Nothura_sound,Darwins Nothura,Darwins Nothura8.mp3,97970,True,44100,1,540006,12.245034013605443,MP3,MPEG_LAYER_III,1bd9d89b61f9e1db684d921b2289f567b7779ddc41396aff7bc8ca2503e638b2
D:\other\Bird\Dataset\CC0\Darwins Nothura_sound\Darwins Nothura9.mp3,Darwins Nothura_sound\Darwins Nothura9.mp3,Darwins Nothura_sound,Darwins Nothura,Darwins Nothura9.mp3,97970,True,44100,1,540006,12.245034013605443,MP3,MPEG_LAYER_III,1bd9d89b61f9e1db684d921b2289f567b7779ddc41396aff7bc8ca2503e638b2
D:\other\Bird\Dataset\CC0\White-winged Guan_sound\White-winged Guan12.mp3,White-winged Guan_sound\White-winged Guan12.mp3,White-winged Guan_sound,White-winged Guan,White-winged Guan12.mp3,1285744,True,44100,1,3543485,80.35113378684807,MP3,MPEG_LAYER_III,1c374a758122c8bfba288a5b90060abad7f9bc8cceeb913e996ae46a4a6f2ddb
D:\other\Bird\Dataset\CC0\White-winged Guan_sound\White-winged Guan13.mp3,White-winged Guan_sound\White-winged Guan13.mp3,White-winged Guan_sound,White-winged Guan,White-winged Guan13.mp3,1285744,True,44100,1,3543485,80.35113378684807,MP3,MPEG_LAYER_III,1c374a758122c8bfba288a5b90060abad7f9bc8cceeb913e996ae46a4a6f2ddb
D:\other\Bird\Dataset\CC0\Vanuatu Megapode_sound\Vanuatu Megapode3.mp3,Vanuatu Megapode_sound\Vanuatu Megapode3.mp3,Vanuatu Megapode_sound,Vanuatu Megapode,Vanuatu Megapode3.mp3,157217,True,44100,2,276448,6.2686621315192745,MP3,MPEG_LAYER_III,1c983226395b0e5c2434e42f9377ce9aa4e7d5220233184089c52a6ad619e66d
D:\other\Bird\Dataset\CC0\Vanuatu Megapode_sound\Vanuatu Megapode4.mp3,Vanuatu Megapode_sound\Vanuatu Megapode4.mp3,Vanuatu Megapode_sound,Vanuatu Megapode,Vanuatu Megapode4.mp3,157217,True,44100,2,276448,6.2686621315192745,MP3,MPEG_LAYER_III,1c983226395b0e5c2434e42f9377ce9aa4e7d5220233184089c52a6ad619e66d
D:\other\Bird\Dataset\CC0\Hooded Tinamou_sound\Hooded Tinamou16.mp3,Hooded Tinamou_sound\Hooded Tinamou16.mp3,Hooded Tinamou_sound,Hooded Tinamou,Hooded Tinamou16.mp3,213882,True,44100,2,590514,13.390340136054421,MP3,MPEG_LAYER_III,1d73b00aa018a67941839f3ef02e86d9417ad6eb878249cf2c3c34634a74b7ce
D:\other\Bird\Dataset\CC0\Berlepschs Tinamou_sound\Berlepschs Tinamou6.mp3,Berlepschs Tinamou_sound\Berlepschs Tinamou6.mp3,Berlepschs Tinamou_sound,Berlepschs Tinamou,Berlepschs Tinamou6.mp3,213882,True,44100,2,590514,13.390340136054421,MP3,MPEG_LAYER_III,1d73b00aa018a67941839f3ef02e86d9417ad6eb878249cf2c3c34634a74b7ce
D:\other\Bird\Dataset\CC0\Berlepschs Tinamou_sound\Berlepschs Tinamou4.mp3,Berlepschs Tinamou_sound\Berlepschs Tinamou4.mp3,Berlepschs Tinamou_sound,Berlepschs Tinamou,Berlepschs Tinamou4.mp3,213882,True,44100,2,590514,13.390340136054421,MP3,MPEG_LAYER_III,1d73b00aa018a67941839f3ef02e86d9417ad6eb878249cf2c3c34634a74b7ce
D:\other\Bird\Dataset\CC0\Berlepschs Tinamou_sound\Berlepschs Tinamou3.mp3,Berlepschs Tinamou_sound\Berlepschs Tinamou3.mp3,Berlepschs Tinamou_sound,Berlepschs Tinamou,Berlepschs Tinamou3.mp3,213882,True,44100,2,590514,13.390340136054421,MP3,MPEG_LAYER_III,1d73b00aa018a67941839f3ef02e86d9417ad6eb878249cf2c3c34634a74b7ce
D:\other\Bird\Dataset\CC0\Berlepschs Tinamou_sound\Berlepschs Tinamou2.mp3,Berlepschs Tinamou_sound\Berlepschs Tinamou2.mp3,Berlepschs Tinamou_sound,Berlepschs Tinamou,Berlepschs Tinamou2.mp3,213882,True,44100,2,590514,13.390340136054421,MP3,MPEG_LAYER_III,1d73b00aa018a67941839f3ef02e86d9417ad6eb878249cf2c3c34634a74b7ce
D:\other\Bird\Dataset\CC0\Berlepschs Tinamou_sound\Berlepschs Tinamou5.mp3,Berlepschs Tinamou_sound\Berlepschs Tinamou5.mp3,Berlepschs Tinamou_sound,Berlepschs Tinamou,Berlepschs Tinamou5.mp3,213882,True,44100,2,590514,13.390340136054421,MP3,MPEG_LAYER_III,1d73b00aa018a67941839f3ef02e86d9417ad6eb878249cf2c3c34634a74b7ce
D:\other\Bird\Dataset\CC0\Cinereous Tinamou_sound\Cinereous Tinamou23.mp3,Cinereous Tinamou_sound\Cinereous Tinamou23.mp3,Cinereous Tinamou_sound,Cinereous Tinamou,Cinereous Tinamou23.mp3,2393414,True,48000,2,4786828,99.72558333333333,MP3,MPEG_LAYER_III,1df1777a91df22dc103af511640b3edc2e945db5fa94c502eec4ada1ace455fb
D:\other\Bird\Dataset\CC0\Cinereous Tinamou_sound\Cinereous Tinamou24.mp3,Cinereous Tinamou_sound\Cinereous Tinamou24.mp3,Cinereous Tinamou_sound,Cinereous Tinamou,Cinereous Tinamou24.mp3,2393414,True,48000,2,4786828,99.72558333333333,MP3,MPEG_LAYER_III,1df1777a91df22dc103af511640b3edc2e945db5fa94c502eec4ada1ace455fb
D:\other\Bird\Dataset\CC0\Cinereous Tinamou_sound\Cinereous Tinamou2.mp3,Cinereous Tinamou_sound\Cinereous Tinamou2.mp3,Cinereous Tinamou_sound,Cinereous Tinamou,Cinereous Tinamou2.mp3,116841,True,44100,1,322011,7.301836734693878,MP3,MPEG_LAYER_III,1dfcf8d510dddfec4090a4f295c9055a131137730a1cef83f1f4f32453f272a9
D:\other\Bird\Dataset\CC0\Berlepschs Tinamou_sound\Berlepschs Tinamou14.mp3,Berlepschs Tinamou_sound\Berlepschs Tinamou14.mp3,Berlepschs Tinamou_sound,Berlepschs Tinamou,Berlepschs Tinamou14.mp3,116841,True,44100,1,322011,7.301836734693878,MP3,MPEG_LAYER_III,1dfcf8d510dddfec4090a4f295c9055a131137730a1cef83f1f4f32453f272a9
D:\other\Bird\Dataset\CC0\Cinereous Tinamou_sound\Cinereous Tinamou3.mp3,Cinereous Tinamou_sound\Cinereous Tinamou3.mp3,Cinereous Tinamou_sound,Cinereous Tinamou,Cinereous Tinamou3.mp3,116841,True,44100,1,322011,7.301836734693878,MP3,MPEG_LAYER_III,1dfcf8d510dddfec4090a4f295c9055a131137730a1cef83f1f4f32453f272a9
D:\other\Bird\Dataset\CC0\Cinereous Tinamou_sound\Cinereous Tinamou4.mp3,Cinereous Tinamou_sound\Cinereous Tinamou4.mp3,Cinereous Tinamou_sound,Cinereous Tinamou,Cinereous Tinamou4.mp3,116841,True,44100,1,322011,7.301836734693878,MP3,MPEG_LAYER_III,1dfcf8d510dddfec4090a4f295c9055a131137730a1cef83f1f4f32453f272a9
D:\other\Bird\Dataset\CC0\Spotted Nothura_sound\Spotted Nothura6.mp3,Spotted Nothura_sound\Spotted Nothura6.mp3,Spotted Nothura_sound,Spotted Nothura,Spotted Nothura6.mp3,443684,True,44100,2,803943,18.23,MP3,MPEG_LAYER_III,1e2f40819252fda0db1426d4a66418120e290fe224752cf7c40dca7de5fc6d79
D:\other\Bird\Dataset\CC0\Spotted Nothura_sound\Spotted Nothura5.mp3,Spotted Nothura_sound\Spotted Nothura5.mp3,Spotted Nothura_sound,Spotted Nothura,Spotted Nothura5.mp3,443684,True,44100,2,803943,18.23,MP3,MPEG_LAYER_III,1e2f40819252fda0db1426d4a66418120e290fe224752cf7c40dca7de5fc6d79
D:\other\Bird\Dataset\CC0\Variegated Tinamou_sound\Variegated Tinamou23.mp3,Variegated Tinamou_sound\Variegated Tinamou23.mp3,Variegated Tinamou_sound,Variegated Tinamou,Variegated Tinamou23.mp3,381042,True,44100,2,699861,15.869863945578231,MP3,MPEG_LAYER_III,1e966be506fe458f472ec10ca6fbee7bf380042c4bde8ad58aa6fafbfb79ec66
D:\other\Bird\Dataset\CC0\Variegated Tinamou_sound\Variegated Tinamou22.mp3,Variegated Tinamou_sound\Variegated Tinamou22.mp3,Variegated Tinamou_sound,Variegated Tinamou,Variegated Tinamou22.mp3,381042,True,44100,2,699861,15.869863945578231,MP3,MPEG_LAYER_III,1e966be506fe458f472ec10ca6fbee7bf380042c4bde8ad58aa6fafbfb79ec66
D:\other\Bird\Dataset\CC0\White-throated Tinamou_sound\White-throated Tinamou9.mp3,White-throated Tinamou_sound\White-throated Tinamou9.mp3,White-throated Tinamou_sound,White-throated Tinamou,White-throated Tinamou9.mp3,171070,True,48000,1,341884,7.122583333333333,MP3,MPEG_LAYER_III,1f073ed1a6be7a7b09c34ea24eb8620a8e4f4f05963ad0b42dbff3c97b605cb2
D:\other\Bird\Dataset\CC0\White-throated Tinamou_sound\White-throated Tinamou8.mp3,White-throated Tinamou_sound\White-throated Tinamou8.mp3,White-throated Tinamou_sound,White-throated Tinamou,White-throated Tinamou8.mp3,171070,True,48000,1,341884,7.122583333333333,MP3,MPEG_LAYER_III,1f073ed1a6be7a7b09c34ea24eb8620a8e4f4f05963ad0b42dbff3c97b605cb2
D:\other\Bird\Dataset\CC0\White-throated Tinamou_sound\White-throated Tinamou12.mp3,White-throated Tinamou_sound\White-throated Tinamou12.mp3,White-throated Tinamou_sound,White-throated Tinamou,White-throated Tinamou12.mp3,171070,True,48000,1,341884,7.122583333333333,MP3,MPEG_LAYER_III,1f073ed1a6be7a7b09c34ea24eb8620a8e4f4f05963ad0b42dbff3c97b605cb2
D:\other\Bird\Dataset\CC0\White-throated Tinamou_sound\White-throated Tinamou11.mp3,White-throated Tinamou_sound\White-throated Tinamou11.mp3,White-throated Tinamou_sound,White-throated Tinamou,White-throated Tinamou11.mp3,171070,True,48000,1,341884,7.122583333333333,MP3,MPEG_LAYER_III,1f073ed1a6be7a7b09c34ea24eb8620a8e4f4f05963ad0b42dbff3c97b605cb2
D:\other\Bird\Dataset\CC0\White-throated Tinamou_sound\White-throated Tinamou10.mp3,White-throated Tinamou_sound\White-throated Tinamou10.mp3,White-throated Tinamou_sound,White-throated Tinamou,White-throated Tinamou10.mp3,171070,True,48000,1,341884,7.122583333333333,MP3,MPEG_LAYER_III,1f073ed1a6be7a7b09c34ea24eb8620a8e4f4f05963ad0b42dbff3c97b605cb2
D:\other\Bird\Dataset\CC0\Rufous-bellied Chachalaca_sound\Rufous-bellied Chachalaca12.mp3,Rufous-bellied Chachalaca_sound\Rufous-bellied Chachalaca12.mp3,Rufous-bellied Chachalaca_sound,Rufous-bellied Chachalaca,Rufous-bellied Chachalaca12.mp3,4243953,True,44100,1,11695900,265.21315192743765,MP3,MPEG_LAYER_III,1f593a3fc3836139374d5786c4a6d0217d03c609ca696165feaa06d3ce11cf66
D:\other\Bird\Dataset\CC0\Rufous-bellied Chachalaca_sound\Rufous-bellied Chachalaca13.mp3,Rufous-bellied Chachalaca_sound\Rufous-bellied Chachalaca13.mp3,Rufous-bellied Chachalaca_sound,Rufous-bellied Chachalaca,Rufous-bellied Chachalaca13.mp3,4243953,True,44100,1,11695900,265.21315192743765,MP3,MPEG_LAYER_III,1f593a3fc3836139374d5786c4a6d0217d03c609ca696165feaa06d3ce11cf66
D:\other\Bird\Dataset\CC0\Red-winged Tinamou_sound\Red-winged Tinamou24.mp3,Red-winged Tinamou_sound\Red-winged Tinamou24.mp3,Red-winged Tinamou_sound,Red-winged Tinamou,Red-winged Tinamou24.mp3,1116458,True,44100,1,3076936,69.77179138321995,MP3,MPEG_LAYER_III,1ff5f989b5d8aa0e1247c7baeeb4bc1b8ca6f87afce7456cb4050e32e3b8f6b4
D:\other\Bird\Dataset\CC0\Red-winged Tinamou_sound\Red-winged Tinamou23.mp3,Red-winged Tinamou_sound\Red-winged Tinamou23.mp3,Red-winged Tinamou_sound,Red-winged Tinamou,Red-winged Tinamou23.mp3,1116458,True,44100,1,3076936,69.77179138321995,MP3,MPEG_LAYER_III,1ff5f989b5d8aa0e1247c7baeeb4bc1b8ca6f87afce7456cb4050e32e3b8f6b4
D:\other\Bird\Dataset\CC0\Red-winged Tinamou_sound\Red-winged Tinamou21.mp3,Red-winged Tinamou_sound\Red-winged Tinamou21.mp3,Red-winged Tinamou_sound,Red-winged Tinamou,Red-winged Tinamou21.mp3,1116458,True,44100,1,3076936,69.77179138321995,MP3,MPEG_LAYER_III,1ff5f989b5d8aa0e1247c7baeeb4bc1b8ca6f87afce7456cb4050e32e3b8f6b4
D:\other\Bird\Dataset\CC0\Red-winged Tinamou_sound\Red-winged Tinamou22.mp3,Red-winged Tinamou_sound\Red-winged Tinamou22.mp3,Red-winged Tinamou_sound,Red-winged Tinamou,Red-winged Tinamou22.mp3,1116458,True,44100,1,3076936,69.77179138321995,MP3,MPEG_LAYER_III,1ff5f989b5d8aa0e1247c7baeeb4bc1b8ca6f87afce7456cb4050e32e3b8f6b4
D:\other\Bird\Dataset\CC0\Red-winged Tinamou_sound\Red-winged Tinamou20.mp3,Red-winged Tinamou_sound\Red-winged Tinamou20.mp3,Red-winged Tinamou_sound,Red-winged Tinamou,Red-winged Tinamou20.mp3,1116458,True,44100,1,3076936,69.77179138321995,MP3,MPEG_LAYER_III,1ff5f989b5d8aa0e1247c7baeeb4bc1b8ca6f87afce7456cb4050e32e3b8f6b4
D:\other\Bird\Dataset\CC0\Cauca Guan_sound\Cauca Guan8.mp3,Cauca Guan_sound\Cauca Guan8.mp3,Cauca Guan_sound,Cauca Guan,Cauca Guan8.mp3,294844,True,44100,2,796962,18.07170068027211,MP3,MPEG_LAYER_III,224afe202af922d467d0fc78690b991b5403c85dc475e7e99b23a237ca5ed309
D:\other\Bird\Dataset\CC0\Cauca Guan_sound\Cauca Guan7.mp3,Cauca Guan_sound\Cauca Guan7.mp3,Cauca Guan_sound,Cauca Guan,Cauca Guan7.mp3,294844,True,44100,2,796962,18.07170068027211,MP3,MPEG_LAYER_III,224afe202af922d467d0fc78690b991b5403c85dc475e7e99b23a237ca5ed309
D:\other\Bird\Dataset\CC0\Cauca Guan_sound\Cauca Guan13.mp3,Cauca Guan_sound\Cauca Guan13.mp3,Cauca Guan_sound,Cauca Guan,Cauca Guan13.mp3,294844,True,44100,2,796962,18.07170068027211,MP3,MPEG_LAYER_III,224afe202af922d467d0fc78690b991b5403c85dc475e7e99b23a237ca5ed309
D:\other\Bird\Dataset\CC0\Cauca Guan_sound\Cauca Guan12.mp3,Cauca Guan_sound\Cauca Guan12.mp3,Cauca Guan_sound,Cauca Guan,Cauca Guan12.mp3,294844,True,44100,2,796962,18.07170068027211,MP3,MPEG_LAYER_III,224afe202af922d467d0fc78690b991b5403c85dc475e7e99b23a237ca5ed309
D:\other\Bird\Dataset\CC0\Cauca Guan_sound\Cauca Guan11.mp3,Cauca Guan_sound\Cauca Guan11.mp3,Cauca Guan_sound,Cauca Guan,Cauca Guan11.mp3,294844,True,44100,2,796962,18.07170068027211,MP3,MPEG_LAYER_III,224afe202af922d467d0fc78690b991b5403c85dc475e7e99b23a237ca5ed309
D:\other\Bird\Dataset\CC0\Cauca Guan_sound\Cauca Guan10.mp3,Cauca Guan_sound\Cauca Guan10.mp3,Cauca Guan_sound,Cauca Guan,Cauca Guan10.mp3,294844,True,44100,2,796962,18.07170068027211,MP3,MPEG_LAYER_III,224afe202af922d467d0fc78690b991b5403c85dc475e7e99b23a237ca5ed309
D:\other\Bird\Dataset\CC0\Cauca Guan_sound\Cauca Guan9.mp3,Cauca Guan_sound\Cauca Guan9.mp3,Cauca Guan_sound,Cauca Guan,Cauca Guan9.mp3,294844,True,44100,2,796962,18.07170068027211,MP3,MPEG_LAYER_III,224afe202af922d467d0fc78690b991b5403c85dc475e7e99b23a237ca5ed309
D:\other\Bird\Dataset\CC0\Slaty-breasted Tinamou_sound\Slaty-breasted Tinamou11.mp3,Slaty-breasted Tinamou_sound\Slaty-breasted Tinamou11.mp3,Slaty-breasted Tinamou_sound,Slaty-breasted Tinamou,Slaty-breasted Tinamou11.mp3,213120,True,48000,2,369879,7.7058125,MP3,MPEG_LAYER_III,22c003124e0457ef9337e9f930b35ace3a93a43626e5f21e53e51d5ad76a24c7
D:\other\Bird\Dataset\CC0\Slaty-breasted Tinamou_sound\Slaty-breasted Tinamou10.mp3,Slaty-breasted Tinamou_sound\Slaty-breasted Tinamou10.mp3,Slaty-breasted Tinamou_sound,Slaty-breasted Tinamou,Slaty-breasted Tinamou10.mp3,213120,True,48000,2,369879,7.7058125,MP3,MPEG_LAYER_III,22c003124e0457ef9337e9f930b35ace3a93a43626e5f21e53e51d5ad76a24c7
D:\other\Bird\Dataset\CC0\Slaty-breasted Tinamou_sound\Slaty-breasted Tinamou30.mp3,Slaty-breasted Tinamou_sound\Slaty-breasted Tinamou30.mp3,Slaty-breasted Tinamou_sound,Slaty-breasted Tinamou,Slaty-breasted Tinamou30.mp3,54986,True,44100,1,181946,4.125759637188208,MP3,MPEG_LAYER_III,22ce28e219413fc718617efd3163fd40660644c76c64c2a0a24915d6e15c99d6
D:\other\Bird\Dataset\CC0\Slaty-breasted Tinamou_sound\Slaty-breasted Tinamou29.mp3,Slaty-breasted Tinamou_sound\Slaty-breasted Tinamou29.mp3,Slaty-breasted Tinamou_sound,Slaty-breasted Tinamou,Slaty-breasted Tinamou29.mp3,54986,True,44100,1,181946,4.125759637188208,MP3,MPEG_LAYER_III,22ce28e219413fc718617efd3163fd40660644c76c64c2a0a24915d6e15c99d6
D:\other\Bird\Dataset\CC0\Rusty Tinamou_sound\Rusty Tinamou11.mp3,Rusty Tinamou_sound\Rusty Tinamou11.mp3,Rusty Tinamou_sound,Rusty Tinamou,Rusty Tinamou11.mp3,148086,True,44100,2,391500,8.877551020408163,MP3,MPEG_LAYER_III,23a0be25f1fe1b39922ce2f42f211a94149ebb04db2bd45f7d1e90a5254d8f20
D:\other\Bird\Dataset\CC0\Rusty Tinamou_sound\Rusty Tinamou10.mp3,Rusty Tinamou_sound\Rusty Tinamou10.mp3,Rusty Tinamou_sound,Rusty Tinamou,Rusty Tinamou10.mp3,148086,True,44100,2,391500,8.877551020408163,MP3,MPEG_LAYER_III,23a0be25f1fe1b39922ce2f42f211a94149ebb04db2bd45f7d1e90a5254d8f20
D:\other\Bird\Dataset\CC0\Black-billed Brushturkey_sound\Black-billed Brushturkey21.mp3,Black-billed Brushturkey_sound\Black-billed Brushturkey21.mp3,Black-billed Brushturkey_sound,Black-billed Brushturkey,Black-billed Brushturkey21.mp3,1745553,True,44100,2,1924284,43.63455782312925,MP3,MPEG_LAYER_III,23a6bacb534b310acb337d10033cf88034ea7387fb9d20c27302fe5318bd4f3c
D:\other\Bird\Dataset\CC0\Collared Brushturkey_sound\Collared Brushturkey7.mp3,Collared Brushturkey_sound\Collared Brushturkey7.mp3,Collared Brushturkey_sound,Collared Brushturkey,Collared Brushturkey7.mp3,1745553,True,44100,2,1924284,43.63455782312925,MP3,MPEG_LAYER_III,23a6bacb534b310acb337d10033cf88034ea7387fb9d20c27302fe5318bd4f3c
D:\other\Bird\Dataset\CC0\Collared Brushturkey_sound\Collared Brushturkey9.mp3,Collared Brushturkey_sound\Collared Brushturkey9.mp3,Collared Brushturkey_sound,Collared Brushturkey,Collared Brushturkey9.mp3,1745553,True,44100,2,1924284,43.63455782312925,MP3,MPEG_LAYER_III,23a6bacb534b310acb337d10033cf88034ea7387fb9d20c27302fe5318bd4f3c
D:\other\Bird\Dataset\CC0\Collared Brushturkey_sound\Collared Brushturkey2.mp3,Collared Brushturkey_sound\Collared Brushturkey2.mp3,Collared Brushturkey_sound,Collared Brushturkey,Collared Brushturkey2.mp3,1745553,True,44100,2,1924284,43.63455782312925,MP3,MPEG_LAYER_III,23a6bacb534b310acb337d10033cf88034ea7387fb9d20c27302fe5318bd4f3c
D:\other\Bird\Dataset\CC0\Collared Brushturkey_sound\Collared Brushturkey3.mp3,Collared Brushturkey_sound\Collared Brushturkey3.mp3,Collared Brushturkey_sound,Collared Brushturkey,Collared Brushturkey3.mp3,1745553,True,44100,2,1924284,43.63455782312925,MP3,MPEG_LAYER_III,23a6bacb534b310acb337d10033cf88034ea7387fb9d20c27302fe5318bd4f3c
D:\other\Bird\Dataset\CC0\Collared Brushturkey_sound\Collared Brushturkey4.mp3,Collared Brushturkey_sound\Collared Brushturkey4.mp3,Collared Brushturkey_sound,Collared Brushturkey,Collared Brushturkey4.mp3,1745553,True,44100,2,1924284,43.63455782312925,MP3,MPEG_LAYER_III,23a6bacb534b310acb337d10033cf88034ea7387fb9d20c27302fe5318bd4f3c
D:\other\Bird\Dataset\CC0\Collared Brushturkey_sound\Collared Brushturkey5.mp3,Collared Brushturkey_sound\Collared Brushturkey5.mp3,Collared Brushturkey_sound,Collared Brushturkey,Collared Brushturkey5.mp3,1745553,True,44100,2,1924284,43.63455782312925,MP3,MPEG_LAYER_III,23a6bacb534b310acb337d10033cf88034ea7387fb9d20c27302fe5318bd4f3c
D:\other\Bird\Dataset\CC0\Collared Brushturkey_sound\Collared Brushturkey6.mp3,Collared Brushturkey_sound\Collared Brushturkey6.mp3,Collared Brushturkey_sound,Collared Brushturkey,Collared Brushturkey6.mp3,1745553,True,44100,2,1924284,43.63455782312925,MP3,MPEG_LAYER_III,23a6bacb534b310acb337d10033cf88034ea7387fb9d20c27302fe5318bd4f3c
D:\other\Bird\Dataset\CC0\Collared Brushturkey_sound\Collared Brushturkey8.mp3,Collared Brushturkey_sound\Collared Brushturkey8.mp3,Collared Brushturkey_sound,Collared Brushturkey,Collared Brushturkey8.mp3,1745553,True,44100,2,1924284,43.63455782312925,MP3,MPEG_LAYER_III,23a6bacb534b310acb337d10033cf88034ea7387fb9d20c27302fe5318bd4f3c
D:\other\Bird\Dataset\CC0\Black-fronted Piping Guan_sound\Black-fronted Piping Guan8.mp3,Black-fronted Piping Guan_sound\Black-fronted Piping Guan8.mp3,Black-fronted Piping Guan_sound,Black-fronted Piping Guan,Black-fronted Piping Guan8.mp3,1496833,True,44100,1,4110336,93.20489795918367,MP3,MPEG_LAYER_III,24485aebb3a96230fbbf31f64b08da44dfa64be9219dd49e4aedea77b1bee19b
D:\other\Bird\Dataset\CC0\Black-fronted Piping Guan_sound\Black-fronted Piping Guan7.mp3,Black-fronted Piping Guan_sound\Black-fronted Piping Guan7.mp3,Black-fronted Piping Guan_sound,Black-fronted Piping Guan,Black-fronted Piping Guan7.mp3,1496833,True,44100,1,4110336,93.20489795918367,MP3,MPEG_LAYER_III,24485aebb3a96230fbbf31f64b08da44dfa64be9219dd49e4aedea77b1bee19b
D:\other\Bird\Dataset\CC0\Speckled Chachalaca_sound\Speckled Chachalaca10.mp3,Speckled Chachalaca_sound\Speckled Chachalaca10.mp3,Speckled Chachalaca_sound,Speckled Chachalaca,Speckled Chachalaca10.mp3,640535,True,44100,2,697505,15.816439909297053,MP3,MPEG_LAYER_III,25057e593d2437dee35c1501c60a625a65f125bdc77883fc83042d48ff1a2c50
D:\other\Bird\Dataset\CC0\Speckled Chachalaca_sound\Speckled Chachalaca11.mp3,Speckled Chachalaca_sound\Speckled Chachalaca11.mp3,Speckled Chachalaca_sound,Speckled Chachalaca,Speckled Chachalaca11.mp3,640535,True,44100,2,697505,15.816439909297053,MP3,MPEG_LAYER_III,25057e593d2437dee35c1501c60a625a65f125bdc77883fc83042d48ff1a2c50
D:\other\Bird\Dataset\CC0\Speckled Chachalaca_sound\Speckled Chachalaca9.mp3,Speckled Chachalaca_sound\Speckled Chachalaca9.mp3,Speckled Chachalaca_sound,Speckled Chachalaca,Speckled Chachalaca9.mp3,640535,True,44100,2,697505,15.816439909297053,MP3,MPEG_LAYER_III,25057e593d2437dee35c1501c60a625a65f125bdc77883fc83042d48ff1a2c50
D:\other\Bird\Dataset\CC0\Spixs Guan_sound\Spixs Guan7.mp3,Spixs Guan_sound\Spixs Guan7.mp3,Spixs Guan_sound,Spixs Guan,Spixs Guan7.mp3,664111,True,44100,1,723947,16.416031746031745,MP3,MPEG_LAYER_III,25dc7489e34e6b35c2dfda99450772fc5a62b0209fc1c4a19dd0be1dbadfcefe
D:\other\Bird\Dataset\CC0\Spixs Guan_sound\Spixs Guan6.mp3,Spixs Guan_sound\Spixs Guan6.mp3,Spixs Guan_sound,Spixs Guan,Spixs Guan6.mp3,664111,True,44100,1,723947,16.416031746031745,MP3,MPEG_LAYER_III,25dc7489e34e6b35c2dfda99450772fc5a62b0209fc1c4a19dd0be1dbadfcefe
D:\other\Bird\Dataset\CC0\Variegated Tinamou_sound\Variegated Tinamou9.mp3,Variegated Tinamou_sound\Variegated Tinamou9.mp3,Variegated Tinamou_sound,Variegated Tinamou,Variegated Tinamou9.mp3,221794,True,44100,1,611260,13.86077097505669,MP3,MPEG_LAYER_III,265a9373a3a36ffb3abe59108ce5ff1b7df1466bcda99a30f4601bb48ab19963
D:\other\Bird\Dataset\CC0\Variegated Tinamou_sound\Variegated Tinamou10.mp3,Variegated Tinamou_sound\Variegated Tinamou10.mp3,Variegated Tinamou_sound,Variegated Tinamou,Variegated Tinamou10.mp3,221794,True,44100,1,611260,13.86077097505669,MP3,MPEG_LAYER_III,265a9373a3a36ffb3abe59108ce5ff1b7df1466bcda99a30f4601bb48ab19963
D:\other\Bird\Dataset\CC0\Variegated Tinamou_sound\Variegated Tinamou8.mp3,Variegated Tinamou_sound\Variegated Tinamou8.mp3,Variegated Tinamou_sound,Variegated Tinamou,Variegated Tinamou8.mp3,221794,True,44100,1,611260,13.86077097505669,MP3,MPEG_LAYER_III,265a9373a3a36ffb3abe59108ce5ff1b7df1466bcda99a30f4601bb48ab19963
D:\other\Bird\Dataset\CC0\Chestnut-winged Chachalaca_sound\Chestnut-winged Chachalaca30.mp3,Chestnut-winged Chachalaca_sound\Chestnut-winged Chachalaca30.mp3,Chestnut-winged Chachalaca_sound,Chestnut-winged Chachalaca,Chestnut-winged Chachalaca30.mp3,611875,True,48000,2,1835625,38.2421875,MP3,MPEG_LAYER_III,27a57eeff8b9a4b6305953694f73bb4675ce92439b4e2041683904d752fc8de1
D:\other\Bird\Dataset\CC0\Chestnut-winged Chachalaca_sound\Chestnut-winged Chachalaca31.mp3,Chestnut-winged Chachalaca_sound\Chestnut-winged Chachalaca31.mp3,Chestnut-winged Chachalaca_sound,Chestnut-winged Chachalaca,Chestnut-winged Chachalaca31.mp3,611875,True,48000,2,1835625,38.2421875,MP3,MPEG_LAYER_III,27a57eeff8b9a4b6305953694f73bb4675ce92439b4e2041683904d752fc8de1
D:\other\Bird\Dataset\CC0\Great Tinamou_sound\Great Tinamou3.mp3,Great Tinamou_sound\Great Tinamou3.mp3,Great Tinamou_sound,Great Tinamou,Great Tinamou3.mp3,249373,True,44100,2,619703,14.052222222222222,MP3,MPEG_LAYER_III,27bee23db7809e3ed0218d2d33f81d8e887f117af1b82ce5abdfc1b4081ce875
D:\other\Bird\Dataset\CC0\Great Tinamou_sound\Great Tinamou4.mp3,Great Tinamou_sound\Great Tinamou4.mp3,Great Tinamou_sound,Great Tinamou,Great Tinamou4.mp3,249373,True,44100,2,619703,14.052222222222222,MP3,MPEG_LAYER_III,27bee23db7809e3ed0218d2d33f81d8e887f117af1b82ce5abdfc1b4081ce875
D:\other\Bird\Dataset\CC0\Dwarf Tinamou_sound\Dwarf Tinamou30.mp3,Dwarf Tinamou_sound\Dwarf Tinamou30.mp3,Dwarf Tinamou_sound,Dwarf Tinamou,Dwarf Tinamou30.mp3,84677,True,44100,2,216221,4.90297052154195,MP3,MPEG_LAYER_III,27c719334a3f111d6eecac7b8e89ac4af979be79cc75224fcc61dec2cb874794
D:\other\Bird\Dataset\CC0\Dwarf Tinamou_sound\Dwarf Tinamou31.mp3,Dwarf Tinamou_sound\Dwarf Tinamou31.mp3,Dwarf Tinamou_sound,Dwarf Tinamou,Dwarf Tinamou31.mp3,84677,True,44100,2,216221,4.90297052154195,MP3,MPEG_LAYER_III,27c719334a3f111d6eecac7b8e89ac4af979be79cc75224fcc61dec2cb874794
D:\other\Bird\Dataset\CC0\Yellow-legged Tinamou_sound\Yellow-legged Tinamou8.mp3,Yellow-legged Tinamou_sound\Yellow-legged Tinamou8.mp3,Yellow-legged Tinamou_sound,Yellow-legged Tinamou,Yellow-legged Tinamou8.mp3,1202272,True,44100,1,4598965,104.28492063492064,MP3,MPEG_LAYER_III,2884942c87e50f32cf6fddb59975ddf260fc19e761ca1f98de483eb175f174dd
D:\other\Bird\Dataset\CC0\Yellow-legged Tinamou_sound\Yellow-legged Tinamou9.mp3,Yellow-legged Tinamou_sound\Yellow-legged Tinamou9.mp3,Yellow-legged Tinamou_sound,Yellow-legged Tinamou,Yellow-legged Tinamou9.mp3,1202272,True,44100,1,4598965,104.28492063492064,MP3,MPEG_LAYER_III,2884942c87e50f32cf6fddb59975ddf260fc19e761ca1f98de483eb175f174dd
D:\other\Bird\Dataset\CC0\Yellow-legged Tinamou_sound\Yellow-legged Tinamou7.mp3,Yellow-legged Tinamou_sound\Yellow-legged Tinamou7.mp3,Yellow-legged Tinamou_sound,Yellow-legged Tinamou,Yellow-legged Tinamou7.mp3,1202272,True,44100,1,4598965,104.28492063492064,MP3,MPEG_LAYER_III,2884942c87e50f32cf6fddb59975ddf260fc19e761ca1f98de483eb175f174dd
D:\other\Bird\Dataset\CC0\Yellow-legged Tinamou_sound\Yellow-legged Tinamou14.mp3,Yellow-legged Tinamou_sound\Yellow-legged Tinamou14.mp3,Yellow-legged Tinamou_sound,Yellow-legged Tinamou,Yellow-legged Tinamou14.mp3,1202272,True,44100,1,4598965,104.28492063492064,MP3,MPEG_LAYER_III,2884942c87e50f32cf6fddb59975ddf260fc19e761ca1f98de483eb175f174dd
D:\other\Bird\Dataset\CC0\Yellow-legged Tinamou_sound\Yellow-legged Tinamou11.mp3,Yellow-legged Tinamou_sound\Yellow-legged Tinamou11.mp3,Yellow-legged Tinamou_sound,Yellow-legged Tinamou,Yellow-legged Tinamou11.mp3,1202272,True,44100,1,4598965,104.28492063492064,MP3,MPEG_LAYER_III,2884942c87e50f32cf6fddb59975ddf260fc19e761ca1f98de483eb175f174dd
D:\other\Bird\Dataset\CC0\Yellow-legged Tinamou_sound\Yellow-legged Tinamou12.mp3,Yellow-legged Tinamou_sound\Yellow-legged Tinamou12.mp3,Yellow-legged Tinamou_sound,Yellow-legged Tinamou,Yellow-legged Tinamou12.mp3,1202272,True,44100,1,4598965,104.28492063492064,MP3,MPEG_LAYER_III,2884942c87e50f32cf6fddb59975ddf260fc19e761ca1f98de483eb175f174dd
D:\other\Bird\Dataset\CC0\Yellow-legged Tinamou_sound\Yellow-legged Tinamou10.mp3,Yellow-legged Tinamou_sound\Yellow-legged Tinamou10.mp3,Yellow-legged Tinamou_sound,Yellow-legged Tinamou,Yellow-legged Tinamou10.mp3,1202272,True,44100,1,4598965,104.28492063492064,MP3,MPEG_LAYER_III,2884942c87e50f32cf6fddb59975ddf260fc19e761ca1f98de483eb175f174dd
D:\other\Bird\Dataset\CC0\Yellow-legged Tinamou_sound\Yellow-legged Tinamou13.mp3,Yellow-legged Tinamou_sound\Yellow-legged Tinamou13.mp3,Yellow-legged Tinamou_sound,Yellow-legged Tinamou,Yellow-legged Tinamou13.mp3,1202272,True,44100,1,4598965,104.28492063492064,MP3,MPEG_LAYER_III,2884942c87e50f32cf6fddb59975ddf260fc19e761ca1f98de483eb175f174dd
D:\other\Bird\Dataset\CC0\Little Chachalaca_sound\Little Chachalaca28.mp3,Little Chachalaca_sound\Little Chachalaca28.mp3,Little Chachalaca_sound,Little Chachalaca,Little Chachalaca28.mp3,305272,True,44100,1,1123557,25.477482993197277,MP3,MPEG_LAYER_III,2a8fe2ca98ebd1347f00c10e44edca84d573d4fb76498227e3c7cfd0d7b27071
D:\other\Bird\Dataset\CC0\Little Chachalaca_sound\Little Chachalaca30.mp3,Little Chachalaca_sound\Little Chachalaca30.mp3,Little Chachalaca_sound,Little Chachalaca,Little Chachalaca30.mp3,305272,True,44100,1,1123557,25.477482993197277,MP3,MPEG_LAYER_III,2a8fe2ca98ebd1347f00c10e44edca84d573d4fb76498227e3c7cfd0d7b27071
D:\other\Bird\Dataset\CC0\Little Chachalaca_sound\Little Chachalaca29.mp3,Little Chachalaca_sound\Little Chachalaca29.mp3,Little Chachalaca_sound,Little Chachalaca,Little Chachalaca29.mp3,305272,True,44100,1,1123557,25.477482993197277,MP3,MPEG_LAYER_III,2a8fe2ca98ebd1347f00c10e44edca84d573d4fb76498227e3c7cfd0d7b27071
D:\other\Bird\Dataset\CC0\West Mexican Chachalaca_sound\West Mexican Chachalaca15.mp3,West Mexican Chachalaca_sound\West Mexican Chachalaca15.mp3,West Mexican Chachalaca_sound,West Mexican Chachalaca,West Mexican Chachalaca15.mp3,2124677,True,44100,2,5839779,132.4212925170068,MP3,MPEG_LAYER_III,2ab58aa1accbb9e3d72a1af6e120ecbef6602bd9153949eb5ba369f2f904b5e8
D:\other\Bird\Dataset\CC0\West Mexican Chachalaca_sound\West Mexican Chachalaca16.mp3,West Mexican Chachalaca_sound\West Mexican Chachalaca16.mp3,West Mexican Chachalaca_sound,West Mexican Chachalaca,West Mexican Chachalaca16.mp3,2124677,True,44100,2,5839779,132.4212925170068,MP3,MPEG_LAYER_III,2ab58aa1accbb9e3d72a1af6e120ecbef6602bd9153949eb5ba369f2f904b5e8
D:\other\Bird\Dataset\CC0\West Mexican Chachalaca_sound\West Mexican Chachalaca17.mp3,West Mexican Chachalaca_sound\West Mexican Chachalaca17.mp3,West Mexican Chachalaca_sound,West Mexican Chachalaca,West Mexican Chachalaca17.mp3,2124677,True,44100,2,5839779,132.4212925170068,MP3,MPEG_LAYER_III,2ab58aa1accbb9e3d72a1af6e120ecbef6602bd9153949eb5ba369f2f904b5e8
D:\other\Bird\Dataset\CC0\West Mexican Chachalaca_sound\West Mexican Chachalaca18.mp3,West Mexican Chachalaca_sound\West Mexican Chachalaca18.mp3,West Mexican Chachalaca_sound,West Mexican Chachalaca,West Mexican Chachalaca18.mp3,2124677,True,44100,2,5839779,132.4212925170068,MP3,MPEG_LAYER_III,2ab58aa1accbb9e3d72a1af6e120ecbef6602bd9153949eb5ba369f2f904b5e8
D:\other\Bird\Dataset\CC0\West Mexican Chachalaca_sound\West Mexican Chachalaca2.mp3,West Mexican Chachalaca_sound\West Mexican Chachalaca2.mp3,West Mexican Chachalaca_sound,West Mexican Chachalaca,West Mexican Chachalaca2.mp3,2221486,True,48000,1,6664074,138.834875,MP3,MPEG_LAYER_III,2b36814ac772e45fa38e933ea467e1607b53baab64c80c86ed0d2488f0f67a99
D:\other\Bird\Dataset\CC0\West Mexican Chachalaca_sound\West Mexican Chachalaca3.mp3,West Mexican Chachalaca_sound\West Mexican Chachalaca3.mp3,West Mexican Chachalaca_sound,West Mexican Chachalaca,West Mexican Chachalaca3.mp3,2221486,True,48000,1,6664074,138.834875,MP3,MPEG_LAYER_III,2b36814ac772e45fa38e933ea467e1607b53baab64c80c86ed0d2488f0f67a99
D:\other\Bird\Dataset\CC0\Rufous-bellied Chachalaca_sound\Rufous-bellied Chachalaca31.mp3,Rufous-bellied Chachalaca_sound\Rufous-bellied Chachalaca31.mp3,Rufous-bellied Chachalaca_sound,Rufous-bellied Chachalaca,Rufous-bellied Chachalaca31.mp3,2221486,True,48000,1,6664074,138.834875,MP3,MPEG_LAYER_III,2b36814ac772e45fa38e933ea467e1607b53baab64c80c86ed0d2488f0f67a99
D:\other\Bird\Dataset\CC0\Little Spotted Kiwi_sound\Little Spotted Kiwi6.mp3,Little Spotted Kiwi_sound\Little Spotted Kiwi6.mp3,Little Spotted Kiwi_sound,Little Spotted Kiwi,Little Spotted Kiwi6.mp3,828101,True,44100,1,2281877,51.74324263038549,MP3,MPEG_LAYER_III,2b423202fdc9ad021d6353213523856ca8528be848be1e4840f947d767b42ec4
D:\other\Bird\Dataset\CC0\Little Spotted Kiwi_sound\Little Spotted Kiwi5.mp3,Little Spotted Kiwi_sound\Little Spotted Kiwi5.mp3,Little Spotted Kiwi_sound,Little Spotted Kiwi,Little Spotted Kiwi5.mp3,828101,True,44100,1,2281877,51.74324263038549,MP3,MPEG_LAYER_III,2b423202fdc9ad021d6353213523856ca8528be848be1e4840f947d767b42ec4
D:\other\Bird\Dataset\CC0\Scaled Chachalaca_sound\Scaled Chachalaca16.mp3,Scaled Chachalaca_sound\Scaled Chachalaca16.mp3,Scaled Chachalaca_sound,Scaled Chachalaca,Scaled Chachalaca16.mp3,211860,True,48000,1,869802,18.120875,MP3,MPEG_LAYER_III,2b68d5adbcf795b68aa5a74aa907de7262399d5e4cc1eb4deca841fc56373d6f
D:\other\Bird\Dataset\CC0\Scaled Chachalaca_sound\Scaled Chachalaca14.mp3,Scaled Chachalaca_sound\Scaled Chachalaca14.mp3,Scaled Chachalaca_sound,Scaled Chachalaca,Scaled Chachalaca14.mp3,211860,True,48000,1,869802,18.120875,MP3,MPEG_LAYER_III,2b68d5adbcf795b68aa5a74aa907de7262399d5e4cc1eb4deca841fc56373d6f
D:\other\Bird\Dataset\CC0\Scaled Chachalaca_sound\Scaled Chachalaca18.mp3,Scaled Chachalaca_sound\Scaled Chachalaca18.mp3,Scaled Chachalaca_sound,Scaled Chachalaca,Scaled Chachalaca18.mp3,211860,True,48000,1,869802,18.120875,MP3,MPEG_LAYER_III,2b68d5adbcf795b68aa5a74aa907de7262399d5e4cc1eb4deca841fc56373d6f
D:\other\Bird\Dataset\CC0\Colombian Chachalaca_sound\Colombian Chachalaca2.mp3,Colombian Chachalaca_sound\Colombian Chachalaca2.mp3,Colombian Chachalaca_sound,Colombian Chachalaca,Colombian Chachalaca2.mp3,211860,True,48000,1,869802,18.120875,MP3,MPEG_LAYER_III,2b68d5adbcf795b68aa5a74aa907de7262399d5e4cc1eb4deca841fc56373d6f
D:\other\Bird\Dataset\CC0\Colombian Chachalaca_sound\Colombian Chachalaca3.mp3,Colombian Chachalaca_sound\Colombian Chachalaca3.mp3,Colombian Chachalaca_sound,Colombian Chachalaca,Colombian Chachalaca3.mp3,211860,True,48000,1,869802,18.120875,MP3,MPEG_LAYER_III,2b68d5adbcf795b68aa5a74aa907de7262399d5e4cc1eb4deca841fc56373d6f
D:\other\Bird\Dataset\CC0\Scaled Chachalaca_sound\Scaled Chachalaca17.mp3,Scaled Chachalaca_sound\Scaled Chachalaca17.mp3,Scaled Chachalaca_sound,Scaled Chachalaca,Scaled Chachalaca17.mp3,211860,True,48000,1,869802,18.120875,MP3,MPEG_LAYER_III,2b68d5adbcf795b68aa5a74aa907de7262399d5e4cc1eb4deca841fc56373d6f
D:\other\Bird\Dataset\CC0\Scaled Chachalaca_sound\Scaled Chachalaca15.mp3,Scaled Chachalaca_sound\Scaled Chachalaca15.mp3,Scaled Chachalaca_sound,Scaled Chachalaca,Scaled Chachalaca15.mp3,211860,True,48000,1,869802,18.120875,MP3,MPEG_LAYER_III,2b68d5adbcf795b68aa5a74aa907de7262399d5e4cc1eb4deca841fc56373d6f
D:\other\Bird\Dataset\CC0\Scaled Chachalaca_sound\Scaled Chachalaca13.mp3,Scaled Chachalaca_sound\Scaled Chachalaca13.mp3,Scaled Chachalaca_sound,Scaled Chachalaca,Scaled Chachalaca13.mp3,211860,True,48000,1,869802,18.120875,MP3,MPEG_LAYER_III,2b68d5adbcf795b68aa5a74aa907de7262399d5e4cc1eb4deca841fc56373d6f
D:\other\Bird\Dataset\CC0\Undulated Tinamou_sound\Undulated Tinamou29.mp3,Undulated Tinamou_sound\Undulated Tinamou29.mp3,Undulated Tinamou_sound,Undulated Tinamou,Undulated Tinamou29.mp3,712898,True,22050,1,2243875,101.76303854875283,MP3,MPEG_LAYER_III,2be3594d813824f6b116bb06119d61097aa85d1761de64590ba2ed030244bded
D:\other\Bird\Dataset\CC0\Undulated Tinamou_sound\Undulated Tinamou31.mp3,Undulated Tinamou_sound\Undulated Tinamou31.mp3,Undulated Tinamou_sound,Undulated Tinamou,Undulated Tinamou31.mp3,712898,True,22050,1,2243875,101.76303854875283,MP3,MPEG_LAYER_III,2be3594d813824f6b116bb06119d61097aa85d1761de64590ba2ed030244bded
D:\other\Bird\Dataset\CC0\Undulated Tinamou_sound\Undulated Tinamou30.mp3,Undulated Tinamou_sound\Undulated Tinamou30.mp3,Undulated Tinamou_sound,Undulated Tinamou,Undulated Tinamou30.mp3,712898,True,22050,1,2243875,101.76303854875283,MP3,MPEG_LAYER_III,2be3594d813824f6b116bb06119d61097aa85d1761de64590ba2ed030244bded
D:\other\Bird\Dataset\CC0\Brazilian Tinamou_sound\Brazilian Tinamou11.mp3,Brazilian Tinamou_sound\Brazilian Tinamou11.mp3,Brazilian Tinamou_sound,Brazilian Tinamou,Brazilian Tinamou11.mp3,272922,True,44100,1,502010,11.38344671201814,MP3,MPEG_LAYER_III,2c37c4dcd9a7eec19f4b3783db66b840ea25785ac80ffa4aed8f3713055e0f1b
D:\other\Bird\Dataset\CC0\Brazilian Tinamou_sound\Brazilian Tinamou12.mp3,Brazilian Tinamou_sound\Brazilian Tinamou12.mp3,Brazilian Tinamou_sound,Brazilian Tinamou,Brazilian Tinamou12.mp3,272922,True,44100,1,502010,11.38344671201814,MP3,MPEG_LAYER_III,2c37c4dcd9a7eec19f4b3783db66b840ea25785ac80ffa4aed8f3713055e0f1b
D:\other\Bird\Dataset\CC0\Brazilian Tinamou_sound\Brazilian Tinamou13.mp3,Brazilian Tinamou_sound\Brazilian Tinamou13.mp3,Brazilian Tinamou_sound,Brazilian Tinamou,Brazilian Tinamou13.mp3,272922,True,44100,1,502010,11.38344671201814,MP3,MPEG_LAYER_III,2c37c4dcd9a7eec19f4b3783db66b840ea25785ac80ffa4aed8f3713055e0f1b
D:\other\Bird\Dataset\CC0\Brazilian Tinamou_sound\Brazilian Tinamou10.mp3,Brazilian Tinamou_sound\Brazilian Tinamou10.mp3,Brazilian Tinamou_sound,Brazilian Tinamou,Brazilian Tinamou10.mp3,272922,True,44100,1,502010,11.38344671201814,MP3,MPEG_LAYER_III,2c37c4dcd9a7eec19f4b3783db66b840ea25785ac80ffa4aed8f3713055e0f1b
D:\other\Bird\Dataset\CC0\Quebracho Crested Tinamou_sound\Quebracho Crested Tinamou9.mp3,Quebracho Crested Tinamou_sound\Quebracho Crested Tinamou9.mp3,Quebracho Crested Tinamou_sound,Quebracho Crested Tinamou,Quebracho Crested Tinamou9.mp3,272376,True,44100,1,1002482,22.73201814058957,MP3,MPEG_LAYER_III,2c3eab753478aa2c1e915a79fad0437e987c58e81a4296538687bd0b28440c6b
D:\other\Bird\Dataset\CC0\Quebracho Crested Tinamou_sound\Quebracho Crested Tinamou8.mp3,Quebracho Crested Tinamou_sound\Quebracho Crested Tinamou8.mp3,Quebracho Crested Tinamou_sound,Quebracho Crested Tinamou,Quebracho Crested Tinamou8.mp3,272376,True,44100,1,1002482,22.73201814058957,MP3,MPEG_LAYER_III,2c3eab753478aa2c1e915a79fad0437e987c58e81a4296538687bd0b28440c6b
D:\other\Bird\Dataset\CC0\Highland Tinamou_sound\Highland Tinamou16.mp3,Highland Tinamou_sound\Highland Tinamou16.mp3,Highland Tinamou_sound,Highland Tinamou,Highland Tinamou16.mp3,961968,True,44100,1,5301625,120.21825396825396,MP3,MPEG_LAYER_III,2c62fd5ea7b315ffc1325e26adc4ff08d27f8e5b9394e13eff95c718be76d2e7
D:\other\Bird\Dataset\CC0\Highland Tinamou_sound\Highland Tinamou17.mp3,Highland Tinamou_sound\Highland Tinamou17.mp3,Highland Tinamou_sound,Highland Tinamou,Highland Tinamou17.mp3,961968,True,44100,1,5301625,120.21825396825396,MP3,MPEG_LAYER_III,2c62fd5ea7b315ffc1325e26adc4ff08d27f8e5b9394e13eff95c718be76d2e7
D:\other\Bird\Dataset\CC0\Grey Tinamou_sound\Grey Tinamou5.mp3,Grey Tinamou_sound\Grey Tinamou5.mp3,Grey Tinamou_sound,Grey Tinamou,Grey Tinamou5.mp3,223559,True,48000,2,435343,9.069645833333333,MP3,MPEG_LAYER_III,2cc55cb8ac15da9e3106c42e25fbe4f00ff769b8444a1953da1e2f4aadeacdfb
D:\other\Bird\Dataset\CC0\Grey Tinamou_sound\Grey Tinamou4.mp3,Grey Tinamou_sound\Grey Tinamou4.mp3,Grey Tinamou_sound,Grey Tinamou,Grey Tinamou4.mp3,223559,True,48000,2,435343,9.069645833333333,MP3,MPEG_LAYER_III,2cc55cb8ac15da9e3106c42e25fbe4f00ff769b8444a1953da1e2f4aadeacdfb
D:\other\Bird\Dataset\CC0\Grey Tinamou_sound\Grey Tinamou3.mp3,Grey Tinamou_sound\Grey Tinamou3.mp3,Grey Tinamou_sound,Grey Tinamou,Grey Tinamou3.mp3,223559,True,48000,2,435343,9.069645833333333,MP3,MPEG_LAYER_III,2cc55cb8ac15da9e3106c42e25fbe4f00ff769b8444a1953da1e2f4aadeacdfb
D:\other\Bird\Dataset\CC0\Grey Tinamou_sound\Grey Tinamou2.mp3,Grey Tinamou_sound\Grey Tinamou2.mp3,Grey Tinamou_sound,Grey Tinamou,Grey Tinamou2.mp3,223559,True,48000,2,435343,9.069645833333333,MP3,MPEG_LAYER_III,2cc55cb8ac15da9e3106c42e25fbe4f00ff769b8444a1953da1e2f4aadeacdfb
D:\other\Bird\Dataset\CC0\Emu_sound\Emu18.mp3,Emu_sound\Emu18.mp3,Emu_sound,Emu,Emu18.mp3,223559,True,48000,2,435343,9.069645833333333,MP3,MPEG_LAYER_III,2cc55cb8ac15da9e3106c42e25fbe4f00ff769b8444a1953da1e2f4aadeacdfb
D:\other\Bird\Dataset\CC0\Chestnut-winged Chachalaca_sound\Chestnut-winged Chachalaca29.mp3,Chestnut-winged Chachalaca_sound\Chestnut-winged Chachalaca29.mp3,Chestnut-winged Chachalaca_sound,Chestnut-winged Chachalaca,Chestnut-winged Chachalaca29.mp3,222450,True,44100,2,824376,18.69333333333333,MP3,MPEG_LAYER_III,2d1351f5dc0e69d1d889272edbd90ea9958bdbfe799362a303c22c44ac05bece
D:\other\Bird\Dataset\CC0\Chestnut-winged Chachalaca_sound\Chestnut-winged Chachalaca28.mp3,Chestnut-winged Chachalaca_sound\Chestnut-winged Chachalaca28.mp3,Chestnut-winged Chachalaca_sound,Chestnut-winged Chachalaca,Chestnut-winged Chachalaca28.mp3,222450,True,44100,2,824376,18.69333333333333,MP3,MPEG_LAYER_III,2d1351f5dc0e69d1d889272edbd90ea9958bdbfe799362a303c22c44ac05bece
D:\other\Bird\Dataset\CC0\Tawny-breasted Tinamou_sound\Tawny-breasted Tinamou29.mp3,Tawny-breasted Tinamou_sound\Tawny-breasted Tinamou29.mp3,Tawny-breasted Tinamou_sound,Tawny-breasted Tinamou,Tawny-breasted Tinamou29.mp3,1691956,True,44100,2,4863348,110.28,MP3,MPEG_LAYER_III,2d785828a9e668e2c6a96382eefb1e6fc94d287ccb59a8077748c07516888006
D:\other\Bird\Dataset\CC0\Tawny-breasted Tinamou_sound\Tawny-breasted Tinamou27.mp3,Tawny-breasted Tinamou_sound\Tawny-breasted Tinamou27.mp3,Tawny-breasted Tinamou_sound,Tawny-breasted Tinamou,Tawny-breasted Tinamou27.mp3,1691956,True,44100,2,4863348,110.28,MP3,MPEG_LAYER_III,2d785828a9e668e2c6a96382eefb1e6fc94d287ccb59a8077748c07516888006
D:\other\Bird\Dataset\CC0\Tawny-breasted Tinamou_sound\Tawny-breasted Tinamou28.mp3,Tawny-breasted Tinamou_sound\Tawny-breasted Tinamou28.mp3,Tawny-breasted Tinamou_sound,Tawny-breasted Tinamou,Tawny-breasted Tinamou28.mp3,1691956,True,44100,2,4863348,110.28,MP3,MPEG_LAYER_III,2d785828a9e668e2c6a96382eefb1e6fc94d287ccb59a8077748c07516888006
D:\other\Bird\Dataset\CC0\Tawny-breasted Tinamou_sound\Tawny-breasted Tinamou30.mp3,Tawny-breasted Tinamou_sound\Tawny-breasted Tinamou30.mp3,Tawny-breasted Tinamou_sound,Tawny-breasted Tinamou,Tawny-breasted Tinamou30.mp3,1691956,True,44100,2,4863348,110.28,MP3,MPEG_LAYER_III,2d785828a9e668e2c6a96382eefb1e6fc94d287ccb59a8077748c07516888006
D:\other\Bird\Dataset\CC0\White-crested Guan_sound\White-crested Guan2.mp3,White-crested Guan_sound\White-crested Guan2.mp3,White-crested Guan_sound,White-crested Guan,White-crested Guan2.mp3,173947,True,44100,1,767766,17.409659863945578,MP3,MPEG_LAYER_III,2e1c2d9e109435b638b42b1e57970689cdffc9865a4090465ce084430dc8321e
D:\other\Bird\Dataset\CC0\White-crested Guan_sound\White-crested Guan4.mp3,White-crested Guan_sound\White-crested Guan4.mp3,White-crested Guan_sound,White-crested Guan,White-crested Guan4.mp3,173947,True,44100,1,767766,17.409659863945578,MP3,MPEG_LAYER_III,2e1c2d9e109435b638b42b1e57970689cdffc9865a4090465ce084430dc8321e
D:\other\Bird\Dataset\CC0\White-crested Guan_sound\White-crested Guan5.mp3,White-crested Guan_sound\White-crested Guan5.mp3,White-crested Guan_sound,White-crested Guan,White-crested Guan5.mp3,173947,True,44100,1,767766,17.409659863945578,MP3,MPEG_LAYER_III,2e1c2d9e109435b638b42b1e57970689cdffc9865a4090465ce084430dc8321e
D:\other\Bird\Dataset\CC0\White-crested Guan_sound\White-crested Guan6.mp3,White-crested Guan_sound\White-crested Guan6.mp3,White-crested Guan_sound,White-crested Guan,White-crested Guan6.mp3,173947,True,44100,1,767766,17.409659863945578,MP3,MPEG_LAYER_III,2e1c2d9e109435b638b42b1e57970689cdffc9865a4090465ce084430dc8321e
D:\other\Bird\Dataset\CC0\White-crested Guan_sound\White-crested Guan3.mp3,White-crested Guan_sound\White-crested Guan3.mp3,White-crested Guan_sound,White-crested Guan,White-crested Guan3.mp3,173947,True,44100,1,767766,17.409659863945578,MP3,MPEG_LAYER_III,2e1c2d9e109435b638b42b1e57970689cdffc9865a4090465ce084430dc8321e
D:\other\Bird\Dataset\CC0\Black Tinamou_sound\Black Tinamou18.mp3,Black Tinamou_sound\Black Tinamou18.mp3,Black Tinamou_sound,Black Tinamou,Black Tinamou18.mp3,276942,True,44100,1,745645,16.908049886621317,MP3,MPEG_LAYER_III,2e3b483a55e5ff01efd280aa3b3154c7e732ad04f2da460e0f1982d3460f58a5
D:\other\Bird\Dataset\CC0\Black Tinamou_sound\Black Tinamou19.mp3,Black Tinamou_sound\Black Tinamou19.mp3,Black Tinamou_sound,Black Tinamou,Black Tinamou19.mp3,276942,True,44100,1,745645,16.908049886621317,MP3,MPEG_LAYER_III,2e3b483a55e5ff01efd280aa3b3154c7e732ad04f2da460e0f1982d3460f58a5
D:\other\Bird\Dataset\CC0\White-crested Guan_sound\White-crested Guan7.mp3,White-crested Guan_sound\White-crested Guan7.mp3,White-crested Guan_sound,White-crested Guan,White-crested Guan7.mp3,411071,True,44100,1,1490631,33.801156462585034,MP3,MPEG_LAYER_III,2e5958b78a56a06a03a8ff8b03e1e07a7c261c4556b9c762e72921f2dc4d8019
D:\other\Bird\Dataset\CC0\White-crested Guan_sound\White-crested Guan8.mp3,White-crested Guan_sound\White-crested Guan8.mp3,White-crested Guan_sound,White-crested Guan,White-crested Guan8.mp3,411071,True,44100,1,1490631,33.801156462585034,MP3,MPEG_LAYER_III,2e5958b78a56a06a03a8ff8b03e1e07a7c261c4556b9c762e72921f2dc4d8019
D:\other\Bird\Dataset\CC0\Brushland Tinamou_sound\Brushland Tinamou22.mp3,Brushland Tinamou_sound\Brushland Tinamou22.mp3,Brushland Tinamou_sound,Brushland Tinamou,Brushland Tinamou22.mp3,755058,True,44100,1,2080925,47.18650793650794,MP3,MPEG_LAYER_III,2e900233b87ddb7b26c5cc33304355d49573622dff37250b654a0e944aa8c259
D:\other\Bird\Dataset\CC0\Brushland Tinamou_sound\Brushland Tinamou21.mp3,Brushland Tinamou_sound\Brushland Tinamou21.mp3,Brushland Tinamou_sound,Brushland Tinamou,Brushland Tinamou21.mp3,755058,True,44100,1,2080925,47.18650793650794,MP3,MPEG_LAYER_III,2e900233b87ddb7b26c5cc33304355d49573622dff37250b654a0e944aa8c259
D:\other\Bird\Dataset\CC0\Brushland Tinamou_sound\Brushland Tinamou20.mp3,Brushland Tinamou_sound\Brushland Tinamou20.mp3,Brushland Tinamou_sound,Brushland Tinamou,Brushland Tinamou20.mp3,755058,True,44100,1,2080925,47.18650793650794,MP3,MPEG_LAYER_III,2e900233b87ddb7b26c5cc33304355d49573622dff37250b654a0e944aa8c259
D:\other\Bird\Dataset\CC0\Brushland Tinamou_sound\Brushland Tinamou18.mp3,Brushland Tinamou_sound\Brushland Tinamou18.mp3,Brushland Tinamou_sound,Brushland Tinamou,Brushland Tinamou18.mp3,755058,True,44100,1,2080925,47.18650793650794,MP3,MPEG_LAYER_III,2e900233b87ddb7b26c5cc33304355d49573622dff37250b654a0e944aa8c259
D:\other\Bird\Dataset\CC0\Brushland Tinamou_sound\Brushland Tinamou19.mp3,Brushland Tinamou_sound\Brushland Tinamou19.mp3,Brushland Tinamou_sound,Brushland Tinamou,Brushland Tinamou19.mp3,755058,True,44100,1,2080925,47.18650793650794,MP3,MPEG_LAYER_III,2e900233b87ddb7b26c5cc33304355d49573622dff37250b654a0e944aa8c259
D:\other\Bird\Dataset\CC0\Spotted Nothura_sound\Spotted Nothura7.mp3,Spotted Nothura_sound\Spotted Nothura7.mp3,Spotted Nothura_sound,Spotted Nothura,Spotted Nothura7.mp3,495367,True,44100,2,898376,20.371337868480726,MP3,MPEG_LAYER_III,2fc5caf907f9804e7fd5441c0a5311ab480e8658104e9d63add2c0b44a9e26d4
D:\other\Bird\Dataset\CC0\Spotted Nothura_sound\Spotted Nothura8.mp3,Spotted Nothura_sound\Spotted Nothura8.mp3,Spotted Nothura_sound,Spotted Nothura,Spotted Nothura8.mp3,495367,True,44100,2,898376,20.371337868480726,MP3,MPEG_LAYER_III,2fc5caf907f9804e7fd5441c0a5311ab480e8658104e9d63add2c0b44a9e26d4
D:\other\Bird\Dataset\CC0\Rufous-bellied Chachalaca_sound\Rufous-bellied Chachalaca20.mp3,Rufous-bellied Chachalaca_sound\Rufous-bellied Chachalaca20.mp3,Rufous-bellied Chachalaca_sound,Rufous-bellied Chachalaca,Rufous-bellied Chachalaca20.mp3,878301,True,48000,2,1053961,21.957520833333334,MP3,MPEG_LAYER_III,300c2f47f03b552c6a6fd62c12194c81820032f7546e2dd23d1514887c003d7d
D:\other\Bird\Dataset\CC0\Rufous-bellied Chachalaca_sound\Rufous-bellied Chachalaca21.mp3,Rufous-bellied Chachalaca_sound\Rufous-bellied Chachalaca21.mp3,Rufous-bellied Chachalaca_sound,Rufous-bellied Chachalaca,Rufous-bellied Chachalaca21.mp3,878301,True,48000,2,1053961,21.957520833333334,MP3,MPEG_LAYER_III,300c2f47f03b552c6a6fd62c12194c81820032f7546e2dd23d1514887c003d7d
D:\other\Bird\Dataset\CC0\Black-capped Tinamou_sound\Black-capped Tinamou19.mp3,Black-capped Tinamou_sound\Black-capped Tinamou19.mp3,Black-capped Tinamou_sound,Black-capped Tinamou,Black-capped Tinamou19.mp3,882118,True,44100,1,2431100,55.12698412698413,MP3,MPEG_LAYER_III,3083f9ddcac3103045a8fc5ac3a13db71377817fe6c203c91692843ad3a2336a
D:\other\Bird\Dataset\CC0\Black-capped Tinamou_sound\Black-capped Tinamou20.mp3,Black-capped Tinamou_sound\Black-capped Tinamou20.mp3,Black-capped Tinamou_sound,Black-capped Tinamou,Black-capped Tinamou20.mp3,882118,True,44100,1,2431100,55.12698412698413,MP3,MPEG_LAYER_III,3083f9ddcac3103045a8fc5ac3a13db71377817fe6c203c91692843ad3a2336a
D:\other\Bird\Dataset\CC0\Black-capped Tinamou_sound\Black-capped Tinamou18.mp3,Black-capped Tinamou_sound\Black-capped Tinamou18.mp3,Black-capped Tinamou_sound,Black-capped Tinamou,Black-capped Tinamou18.mp3,882118,True,44100,1,2431100,55.12698412698413,MP3,MPEG_LAYER_III,3083f9ddcac3103045a8fc5ac3a13db71377817fe6c203c91692843ad3a2336a
D:\other\Bird\Dataset\CC0\Great Tinamou_sound\Great Tinamou10.mp3,Great Tinamou_sound\Great Tinamou10.mp3,Great Tinamou_sound,Great Tinamou,Great Tinamou10.mp3,9091576,True,44100,2,10015364,227.1057596371882,MP3,MPEG_LAYER_III,32165e89f655bd10b6d7fd468503c5f1ccc8fc40cef3917f846128f82e3d5efb
D:\other\Bird\Dataset\CC0\Great Tinamou_sound\Great Tinamou9.mp3,Great Tinamou_sound\Great Tinamou9.mp3,Great Tinamou_sound,Great Tinamou,Great Tinamou9.mp3,9091576,True,44100,2,10015364,227.1057596371882,MP3,MPEG_LAYER_III,32165e89f655bd10b6d7fd468503c5f1ccc8fc40cef3917f846128f82e3d5efb
D:\other\Bird\Dataset\CC0\Brushland Tinamou_sound\Brushland Tinamou27.mp3,Brushland Tinamou_sound\Brushland Tinamou27.mp3,Brushland Tinamou_sound,Brushland Tinamou,Brushland Tinamou27.mp3,303976,True,44100,1,837752,18.996643990929705,MP3,MPEG_LAYER_III,33c83785b4fc458ce7ba747c8820aca88fdfda00f3e5df2001d6f5ef0ebe0b81
D:\other\Bird\Dataset\CC0\Brushland Tinamou_sound\Brushland Tinamou26.mp3,Brushland Tinamou_sound\Brushland Tinamou26.mp3,Brushland Tinamou_sound,Brushland Tinamou,Brushland Tinamou26.mp3,303976,True,44100,1,837752,18.996643990929705,MP3,MPEG_LAYER_III,33c83785b4fc458ce7ba747c8820aca88fdfda00f3e5df2001d6f5ef0ebe0b81
D:\other\Bird\Dataset\CC0\Brushland Tinamou_sound\Brushland Tinamou25.mp3,Brushland Tinamou_sound\Brushland Tinamou25.mp3,Brushland Tinamou_sound,Brushland Tinamou,Brushland Tinamou25.mp3,303976,True,44100,1,837752,18.996643990929705,MP3,MPEG_LAYER_III,33c83785b4fc458ce7ba747c8820aca88fdfda00f3e5df2001d6f5ef0ebe0b81
D:\other\Bird\Dataset\CC0\Brushland Tinamou_sound\Brushland Tinamou24.mp3,Brushland Tinamou_sound\Brushland Tinamou24.mp3,Brushland Tinamou_sound,Brushland Tinamou,Brushland Tinamou24.mp3,303976,True,44100,1,837752,18.996643990929705,MP3,MPEG_LAYER_III,33c83785b4fc458ce7ba747c8820aca88fdfda00f3e5df2001d6f5ef0ebe0b81
D:\other\Bird\Dataset\CC0\Brushland Tinamou_sound\Brushland Tinamou23.mp3,Brushland Tinamou_sound\Brushland Tinamou23.mp3,Brushland Tinamou_sound,Brushland Tinamou,Brushland Tinamou23.mp3,303976,True,44100,1,837752,18.996643990929705,MP3,MPEG_LAYER_III,33c83785b4fc458ce7ba747c8820aca88fdfda00f3e5df2001d6f5ef0ebe0b81
D:\other\Bird\Dataset\CC0\Rusty-margined Guan_sound\Rusty-margined Guan9.mp3,Rusty-margined Guan_sound\Rusty-margined Guan9.mp3,Rusty-margined Guan_sound,Rusty-margined Guan,Rusty-margined Guan9.mp3,1619078,True,44100,1,1784859,40.47299319727891,MP3,MPEG_LAYER_III,33ea3aa1edef3b1951382fff1675f2347be5ef862bca6aedfce783988ca9383e
D:\other\Bird\Dataset\CC0\Rusty-margined Guan_sound\Rusty-margined Guan10.mp3,Rusty-margined Guan_sound\Rusty-margined Guan10.mp3,Rusty-margined Guan_sound,Rusty-margined Guan,Rusty-margined Guan10.mp3,1619078,True,44100,1,1784859,40.47299319727891,MP3,MPEG_LAYER_III,33ea3aa1edef3b1951382fff1675f2347be5ef862bca6aedfce783988ca9383e
D:\other\Bird\Dataset\CC0\Rusty-margined Guan_sound\Rusty-margined Guan8.mp3,Rusty-margined Guan_sound\Rusty-margined Guan8.mp3,Rusty-margined Guan_sound,Rusty-margined Guan,Rusty-margined Guan8.mp3,1619078,True,44100,1,1784859,40.47299319727891,MP3,MPEG_LAYER_III,33ea3aa1edef3b1951382fff1675f2347be5ef862bca6aedfce783988ca9383e
D:\other\Bird\Dataset\CC0\Okarito Kiwi_sound\Okarito Kiwi6.mp3,Okarito Kiwi_sound\Okarito Kiwi6.mp3,Okarito Kiwi_sound,Okarito Kiwi,Okarito Kiwi6.mp3,181949,True,44100,2,241491,5.4759863945578235,MP3,MPEG_LAYER_III,343793f9401089933682b70576901f01022a65f779d8b95899077033709a1d80
D:\other\Bird\Dataset\CC0\Little Spotted Kiwi_sound\Little Spotted Kiwi2.mp3,Little Spotted Kiwi_sound\Little Spotted Kiwi2.mp3,Little Spotted Kiwi_sound,Little Spotted Kiwi,Little Spotted Kiwi2.mp3,181949,True,44100,2,241491,5.4759863945578235,MP3,MPEG_LAYER_III,343793f9401089933682b70576901f01022a65f779d8b95899077033709a1d80
D:\other\Bird\Dataset\CC0\Little Spotted Kiwi_sound\Little Spotted Kiwi3.mp3,Little Spotted Kiwi_sound\Little Spotted Kiwi3.mp3,Little Spotted Kiwi_sound,Little Spotted Kiwi,Little Spotted Kiwi3.mp3,181949,True,44100,2,241491,5.4759863945578235,MP3,MPEG_LAYER_III,343793f9401089933682b70576901f01022a65f779d8b95899077033709a1d80
D:\other\Bird\Dataset\CC0\Philippine Megapode_sound\Philippine Megapode7.mp3,Philippine Megapode_sound\Philippine Megapode7.mp3,Philippine Megapode_sound,Philippine Megapode,Philippine Megapode7.mp3,9569948,True,44100,2,10542489,239.05870748299319,MP3,MPEG_LAYER_III,355342d02f778f5ddc5f62bfe64fbffe1d5d423aeccc2b978a15056b8f4b82cc
D:\other\Bird\Dataset\CC0\Philippine Megapode_sound\Philippine Megapode8.mp3,Philippine Megapode_sound\Philippine Megapode8.mp3,Philippine Megapode_sound,Philippine Megapode,Philippine Megapode8.mp3,9569948,True,44100,2,10542489,239.05870748299319,MP3,MPEG_LAYER_III,355342d02f778f5ddc5f62bfe64fbffe1d5d423aeccc2b978a15056b8f4b82cc
D:\other\Bird\Dataset\CC0\Philippine Megapode_sound\Philippine Megapode9.mp3,Philippine Megapode_sound\Philippine Megapode9.mp3,Philippine Megapode_sound,Philippine Megapode,Philippine Megapode9.mp3,9569948,True,44100,2,10542489,239.05870748299319,MP3,MPEG_LAYER_III,355342d02f778f5ddc5f62bfe64fbffe1d5d423aeccc2b978a15056b8f4b82cc
D:\other\Bird\Dataset\CC0\Blue-throated Piping Guan_sound\Blue-throated Piping Guan13.mp3,Blue-throated Piping Guan_sound\Blue-throated Piping Guan13.mp3,Blue-throated Piping Guan_sound,Blue-throated Piping Guan,Blue-throated Piping Guan13.mp3,823912,True,44100,1,909144,20.615510204081634,MP3,MPEG_LAYER_III,35d0df023d7f5fe0f5284a8aa6dcc2e4b02cba7f47fcd10f81e63880a1ba0604
D:\other\Bird\Dataset\CC0\Blue-throated Piping Guan_sound\Blue-throated Piping Guan12.mp3,Blue-throated Piping Guan_sound\Blue-throated Piping Guan12.mp3,Blue-throated Piping Guan_sound,Blue-throated Piping Guan,Blue-throated Piping Guan12.mp3,823912,True,44100,1,909144,20.615510204081634,MP3,MPEG_LAYER_III,35d0df023d7f5fe0f5284a8aa6dcc2e4b02cba7f47fcd10f81e63880a1ba0604
D:\other\Bird\Dataset\CC0\White-bellied Chachalaca_sound\White-bellied Chachalaca10.mp3,White-bellied Chachalaca_sound\White-bellied Chachalaca10.mp3,White-bellied Chachalaca_sound,White-bellied Chachalaca,White-bellied Chachalaca10.mp3,3638315,True,48000,2,4365978,90.957875,MP3,MPEG_LAYER_III,36bcdf12b3d0de827f4b580b0d8ac441c94436319274749552040a8d21ce45cf
D:\other\Bird\Dataset\CC0\White-bellied Chachalaca_sound\White-bellied Chachalaca11.mp3,White-bellied Chachalaca_sound\White-bellied Chachalaca11.mp3,White-bellied Chachalaca_sound,White-bellied Chachalaca,White-bellied Chachalaca11.mp3,3638315,True,48000,2,4365978,90.957875,MP3,MPEG_LAYER_III,36bcdf12b3d0de827f4b580b0d8ac441c94436319274749552040a8d21ce45cf
D:\other\Bird\Dataset\CC0\White-bellied Chachalaca_sound\White-bellied Chachalaca8.mp3,White-bellied Chachalaca_sound\White-bellied Chachalaca8.mp3,White-bellied Chachalaca_sound,White-bellied Chachalaca,White-bellied Chachalaca8.mp3,3638315,True,48000,2,4365978,90.957875,MP3,MPEG_LAYER_III,36bcdf12b3d0de827f4b580b0d8ac441c94436319274749552040a8d21ce45cf
D:\other\Bird\Dataset\CC0\White-bellied Chachalaca_sound\White-bellied Chachalaca7.mp3,White-bellied Chachalaca_sound\White-bellied Chachalaca7.mp3,White-bellied Chachalaca_sound,White-bellied Chachalaca,White-bellied Chachalaca7.mp3,3638315,True,48000,2,4365978,90.957875,MP3,MPEG_LAYER_III,36bcdf12b3d0de827f4b580b0d8ac441c94436319274749552040a8d21ce45cf
D:\other\Bird\Dataset\CC0\White-bellied Chachalaca_sound\White-bellied Chachalaca12.mp3,White-bellied Chachalaca_sound\White-bellied Chachalaca12.mp3,White-bellied Chachalaca_sound,White-bellied Chachalaca,White-bellied Chachalaca12.mp3,3638315,True,48000,2,4365978,90.957875,MP3,MPEG_LAYER_III,36bcdf12b3d0de827f4b580b0d8ac441c94436319274749552040a8d21ce45cf
D:\other\Bird\Dataset\CC0\White-bellied Chachalaca_sound\White-bellied Chachalaca9.mp3,White-bellied Chachalaca_sound\White-bellied Chachalaca9.mp3,White-bellied Chachalaca_sound,White-bellied Chachalaca,White-bellied Chachalaca9.mp3,3638315,True,48000,2,4365978,90.957875,MP3,MPEG_LAYER_III,36bcdf12b3d0de827f4b580b0d8ac441c94436319274749552040a8d21ce45cf
D:\other\Bird\Dataset\CC0\Colombian Chachalaca_sound\Colombian Chachalaca31.mp3,Colombian Chachalaca_sound\Colombian Chachalaca31.mp3,Colombian Chachalaca_sound,Colombian Chachalaca,Colombian Chachalaca31.mp3,546334,True,44100,2,1005158,22.792698412698414,MP3,MPEG_LAYER_III,3750bb13cde14347257e6bf0385e5514a7edef46c34d0cd377ea668833a92fa9
D:\other\Bird\Dataset\CC0\Colombian Chachalaca_sound\Colombian Chachalaca30.mp3,Colombian Chachalaca_sound\Colombian Chachalaca30.mp3,Colombian Chachalaca_sound,Colombian Chachalaca,Colombian Chachalaca30.mp3,546334,True,44100,2,1005158,22.792698412698414,MP3,MPEG_LAYER_III,3750bb13cde14347257e6bf0385e5514a7edef46c34d0cd377ea668833a92fa9
D:\other\Bird\Dataset\CC0\Australian Brushturkey_sound\Australian Brushturkey25.mp3,Australian Brushturkey_sound\Australian Brushturkey25.mp3,Australian Brushturkey_sound,Australian Brushturkey,Australian Brushturkey25.mp3,877511,True,44100,2,2424203,54.970589569161,MP3,MPEG_LAYER_III,377a716db3cf83afac04ec67e211db80146c0a3b70bab2ee3225fcc18798c041
D:\other\Bird\Dataset\CC0\Australian Brushturkey_sound\Australian Brushturkey24.mp3,Australian Brushturkey_sound\Australian Brushturkey24.mp3,Australian Brushturkey_sound,Australian Brushturkey,Australian Brushturkey24.mp3,877511,True,44100,2,2424203,54.970589569161,MP3,MPEG_LAYER_III,377a716db3cf83afac04ec67e211db80146c0a3b70bab2ee3225fcc18798c041
D:\other\Bird\Dataset\CC0\Dusky Megapode_sound\Dusky Megapode18.mp3,Dusky Megapode_sound\Dusky Megapode18.mp3,Dusky Megapode_sound,Dusky Megapode,Dusky Megapode18.mp3,4987867,True,44100,2,5498586,124.68448979591837,MP3,MPEG_LAYER_III,37e64a78f1ae03c89ab36f0ffeffc92e23b169fc068c38c9c31d16bc1cbb29f0
D:\other\Bird\Dataset\CC0\Dusky Megapode_sound\Dusky Megapode17.mp3,Dusky Megapode_sound\Dusky Megapode17.mp3,Dusky Megapode_sound,Dusky Megapode,Dusky Megapode17.mp3,4987867,True,44100,2,5498586,124.68448979591837,MP3,MPEG_LAYER_III,37e64a78f1ae03c89ab36f0ffeffc92e23b169fc068c38c9c31d16bc1cbb29f0
D:\other\Bird\Dataset\CC0\Little Chachalaca_sound\Little Chachalaca26.mp3,Little Chachalaca_sound\Little Chachalaca26.mp3,Little Chachalaca_sound,Little Chachalaca,Little Chachalaca26.mp3,1215972,True,32000,2,2431944,75.99825,MP3,MPEG_LAYER_III,382eed4abe1e3ae414a56246375969e746b08d00736d8ba872917c4bdce3e311
D:\other\Bird\Dataset\CC0\Little Chachalaca_sound\Little Chachalaca27.mp3,Little Chachalaca_sound\Little Chachalaca27.mp3,Little Chachalaca_sound,Little Chachalaca,Little Chachalaca27.mp3,1215972,True,32000,2,2431944,75.99825,MP3,MPEG_LAYER_III,382eed4abe1e3ae414a56246375969e746b08d00736d8ba872917c4bdce3e311
D:\other\Bird\Dataset\CC0\Baudo Guan_sound\Baudo Guan11.mp3,Baudo Guan_sound\Baudo Guan11.mp3,Baudo Guan_sound,Baudo Guan,Baudo Guan11.mp3,713088,True,44100,2,2244473,50.89507936507937,MP3,MPEG_LAYER_III,38748a73d0b7756c775f1e728dbc7f196f1178f1328508b5f2112b38860ee9a8
D:\other\Bird\Dataset\CC0\Baudo Guan_sound\Baudo Guan10.mp3,Baudo Guan_sound\Baudo Guan10.mp3,Baudo Guan_sound,Baudo Guan,Baudo Guan10.mp3,713088,True,44100,2,2244473,50.89507936507937,MP3,MPEG_LAYER_III,38748a73d0b7756c775f1e728dbc7f196f1178f1328508b5f2112b38860ee9a8
D:\other\Bird\Dataset\CC0\Orange-footed Scrubfowl_sound\Orange-footed Scrubfowl31.mp3,Orange-footed Scrubfowl_sound\Orange-footed Scrubfowl31.mp3,Orange-footed Scrubfowl_sound,Orange-footed Scrubfowl,Orange-footed Scrubfowl31.mp3,1408613,True,48000,2,2103064,43.813833333333335,MP3,MPEG_LAYER_III,393f5363e17ab3709687c6760eeb8f7b51d3187887d6b619d482af631ab978d3
D:\other\Bird\Dataset\CC0\Plain Chachalaca_sound\Plain Chachalaca2.mp3,Plain Chachalaca_sound\Plain Chachalaca2.mp3,Plain Chachalaca_sound,Plain Chachalaca,Plain Chachalaca2.mp3,1408613,True,48000,2,2103064,43.813833333333335,MP3,MPEG_LAYER_III,393f5363e17ab3709687c6760eeb8f7b51d3187887d6b619d482af631ab978d3
D:\other\Bird\Dataset\CC0\Plain Chachalaca_sound\Plain Chachalaca4.mp3,Plain Chachalaca_sound\Plain Chachalaca4.mp3,Plain Chachalaca_sound,Plain Chachalaca,Plain Chachalaca4.mp3,1408613,True,48000,2,2103064,43.813833333333335,MP3,MPEG_LAYER_III,393f5363e17ab3709687c6760eeb8f7b51d3187887d6b619d482af631ab978d3
D:\other\Bird\Dataset\CC0\Plain Chachalaca_sound\Plain Chachalaca3.mp3,Plain Chachalaca_sound\Plain Chachalaca3.mp3,Plain Chachalaca_sound,Plain Chachalaca,Plain Chachalaca3.mp3,1408613,True,48000,2,2103064,43.813833333333335,MP3,MPEG_LAYER_III,393f5363e17ab3709687c6760eeb8f7b51d3187887d6b619d482af631ab978d3
D:\other\Bird\Dataset\CC0\Andean Guan_sound\Andean Guan5.mp3,Andean Guan_sound\Andean Guan5.mp3,Andean Guan_sound,Andean Guan,Andean Guan5.mp3,446069,True,44100,2,1229357,27.87657596371882,MP3,MPEG_LAYER_III,39c7e2ca3bf656fd35faf0fdb58e1de89b5c047f02129203fd49f87ad54ba22b
D:\other\Bird\Dataset\CC0\Andean Guan_sound\Andean Guan7.mp3,Andean Guan_sound\Andean Guan7.mp3,Andean Guan_sound,Andean Guan,Andean Guan7.mp3,446069,True,44100,2,1229357,27.87657596371882,MP3,MPEG_LAYER_III,39c7e2ca3bf656fd35faf0fdb58e1de89b5c047f02129203fd49f87ad54ba22b
D:\other\Bird\Dataset\CC0\Andean Guan_sound\Andean Guan6.mp3,Andean Guan_sound\Andean Guan6.mp3,Andean Guan_sound,Andean Guan,Andean Guan6.mp3,446069,True,44100,2,1229357,27.87657596371882,MP3,MPEG_LAYER_III,39c7e2ca3bf656fd35faf0fdb58e1de89b5c047f02129203fd49f87ad54ba22b
D:\other\Bird\Dataset\CC0\Spotted Nothura_sound\Spotted Nothura24.mp3,Spotted Nothura_sound\Spotted Nothura24.mp3,Spotted Nothura_sound,Spotted Nothura,Spotted Nothura24.mp3,734415,True,48000,2,1468830,30.600625,MP3,MPEG_LAYER_III,3c19e1d301c46025cc43f106724853710645682056cbf8e5fbba5769f13a51ec
D:\other\Bird\Dataset\CC0\Spotted Nothura_sound\Spotted Nothura25.mp3,Spotted Nothura_sound\Spotted Nothura25.mp3,Spotted Nothura_sound,Spotted Nothura,Spotted Nothura25.mp3,734415,True,48000,2,1468830,30.600625,MP3,MPEG_LAYER_III,3c19e1d301c46025cc43f106724853710645682056cbf8e5fbba5769f13a51ec
D:\other\Bird\Dataset\CC0\Black-billed Brushturkey_sound\Black-billed Brushturkey6.mp3,Black-billed Brushturkey_sound\Black-billed Brushturkey6.mp3,Black-billed Brushturkey_sound,Black-billed Brushturkey,Black-billed Brushturkey6.mp3,160198,True,44100,1,441502,10.011383219954649,MP3,MPEG_LAYER_III,3c70b8fbf0e8e8744950b6bc6c56d3323b6dcd6e110b94572429e1675e0f25f2
D:\other\Bird\Dataset\CC0\Black-billed Brushturkey_sound\Black-billed Brushturkey4.mp3,Black-billed Brushturkey_sound\Black-billed Brushturkey4.mp3,Black-billed Brushturkey_sound,Black-billed Brushturkey,Black-billed Brushturkey4.mp3,160198,True,44100,1,441502,10.011383219954649,MP3,MPEG_LAYER_III,3c70b8fbf0e8e8744950b6bc6c56d3323b6dcd6e110b94572429e1675e0f25f2
D:\other\Bird\Dataset\CC0\Wattled Brushturkey_sound\Wattled Brushturkey4.mp3,Wattled Brushturkey_sound\Wattled Brushturkey4.mp3,Wattled Brushturkey_sound,Wattled Brushturkey,Wattled Brushturkey4.mp3,160198,True,44100,1,441502,10.011383219954649,MP3,MPEG_LAYER_III,3c70b8fbf0e8e8744950b6bc6c56d3323b6dcd6e110b94572429e1675e0f25f2
D:\other\Bird\Dataset\CC0\Wattled Brushturkey_sound\Wattled Brushturkey3.mp3,Wattled Brushturkey_sound\Wattled Brushturkey3.mp3,Wattled Brushturkey_sound,Wattled Brushturkey,Wattled Brushturkey3.mp3,160198,True,44100,1,441502,10.011383219954649,MP3,MPEG_LAYER_III,3c70b8fbf0e8e8744950b6bc6c56d3323b6dcd6e110b94572429e1675e0f25f2
D:\other\Bird\Dataset\CC0\Black-billed Brushturkey_sound\Black-billed Brushturkey5.mp3,Black-billed Brushturkey_sound\Black-billed Brushturkey5.mp3,Black-billed Brushturkey_sound,Black-billed Brushturkey,Black-billed Brushturkey5.mp3,160198,True,44100,1,441502,10.011383219954649,MP3,MPEG_LAYER_III,3c70b8fbf0e8e8744950b6bc6c56d3323b6dcd6e110b94572429e1675e0f25f2
D:\other\Bird\Dataset\CC0\Black-billed Brushturkey_sound\Black-billed Brushturkey2.mp3,Black-billed Brushturkey_sound\Black-billed Brushturkey2.mp3,Black-billed Brushturkey_sound,Black-billed Brushturkey,Black-billed Brushturkey2.mp3,160198,True,44100,1,441502,10.011383219954649,MP3,MPEG_LAYER_III,3c70b8fbf0e8e8744950b6bc6c56d3323b6dcd6e110b94572429e1675e0f25f2
D:\other\Bird\Dataset\CC0\Black-billed Brushturkey_sound\Black-billed Brushturkey3.mp3,Black-billed Brushturkey_sound\Black-billed Brushturkey3.mp3,Black-billed Brushturkey_sound,Black-billed Brushturkey,Black-billed Brushturkey3.mp3,160198,True,44100,1,441502,10.011383219954649,MP3,MPEG_LAYER_III,3c70b8fbf0e8e8744950b6bc6c56d3323b6dcd6e110b94572429e1675e0f25f2
D:\other\Bird\Dataset\CC0\Red-billed Brushturkey_sound\Red-billed Brushturkey5.mp3,Red-billed Brushturkey_sound\Red-billed Brushturkey5.mp3,Red-billed Brushturkey_sound,Red-billed Brushturkey,Red-billed Brushturkey5.mp3,160198,True,44100,1,441502,10.011383219954649,MP3,MPEG_LAYER_III,3c70b8fbf0e8e8744950b6bc6c56d3323b6dcd6e110b94572429e1675e0f25f2
D:\other\Bird\Dataset\CC0\Black-billed Brushturkey_sound\Black-billed Brushturkey8.mp3,Black-billed Brushturkey_sound\Black-billed Brushturkey8.mp3,Black-billed Brushturkey_sound,Black-billed Brushturkey,Black-billed Brushturkey8.mp3,160198,True,44100,1,441502,10.011383219954649,MP3,MPEG_LAYER_III,3c70b8fbf0e8e8744950b6bc6c56d3323b6dcd6e110b94572429e1675e0f25f2
D:\other\Bird\Dataset\CC0\Australian Brushturkey_sound\Australian Brushturkey29.mp3,Australian Brushturkey_sound\Australian Brushturkey29.mp3,Australian Brushturkey_sound,Australian Brushturkey,Australian Brushturkey29.mp3,160198,True,44100,1,441502,10.011383219954649,MP3,MPEG_LAYER_III,3c70b8fbf0e8e8744950b6bc6c56d3323b6dcd6e110b94572429e1675e0f25f2
D:\other\Bird\Dataset\CC0\Red-billed Brushturkey_sound\Red-billed Brushturkey2.mp3,Red-billed Brushturkey_sound\Red-billed Brushturkey2.mp3,Red-billed Brushturkey_sound,Red-billed Brushturkey,Red-billed Brushturkey2.mp3,160198,True,44100,1,441502,10.011383219954649,MP3,MPEG_LAYER_III,3c70b8fbf0e8e8744950b6bc6c56d3323b6dcd6e110b94572429e1675e0f25f2
D:\other\Bird\Dataset\CC0\Red-billed Brushturkey_sound\Red-billed Brushturkey3.mp3,Red-billed Brushturkey_sound\Red-billed Brushturkey3.mp3,Red-billed Brushturkey_sound,Red-billed Brushturkey,Red-billed Brushturkey3.mp3,160198,True,44100,1,441502,10.011383219954649,MP3,MPEG_LAYER_III,3c70b8fbf0e8e8744950b6bc6c56d3323b6dcd6e110b94572429e1675e0f25f2
D:\other\Bird\Dataset\CC0\Red-billed Brushturkey_sound\Red-billed Brushturkey4.mp3,Red-billed Brushturkey_sound\Red-billed Brushturkey4.mp3,Red-billed Brushturkey_sound,Red-billed Brushturkey,Red-billed Brushturkey4.mp3,160198,True,44100,1,441502,10.011383219954649,MP3,MPEG_LAYER_III,3c70b8fbf0e8e8744950b6bc6c56d3323b6dcd6e110b94572429e1675e0f25f2
D:\other\Bird\Dataset\CC0\Black-billed Brushturkey_sound\Black-billed Brushturkey7.mp3,Black-billed Brushturkey_sound\Black-billed Brushturkey7.mp3,Black-billed Brushturkey_sound,Black-billed Brushturkey,Black-billed Brushturkey7.mp3,160198,True,44100,1,441502,10.011383219954649,MP3,MPEG_LAYER_III,3c70b8fbf0e8e8744950b6bc6c56d3323b6dcd6e110b94572429e1675e0f25f2
D:\other\Bird\Dataset\CC0\Wattled Brushturkey_sound\Wattled Brushturkey2.mp3,Wattled Brushturkey_sound\Wattled Brushturkey2.mp3,Wattled Brushturkey_sound,Wattled Brushturkey,Wattled Brushturkey2.mp3,160198,True,44100,1,441502,10.011383219954649,MP3,MPEG_LAYER_III,3c70b8fbf0e8e8744950b6bc6c56d3323b6dcd6e110b94572429e1675e0f25f2
D:\other\Bird\Dataset\CC0\Red-billed Brushturkey_sound\Red-billed Brushturkey6.mp3,Red-billed Brushturkey_sound\Red-billed Brushturkey6.mp3,Red-billed Brushturkey_sound,Red-billed Brushturkey,Red-billed Brushturkey6.mp3,160198,True,44100,1,441502,10.011383219954649,MP3,MPEG_LAYER_III,3c70b8fbf0e8e8744950b6bc6c56d3323b6dcd6e110b94572429e1675e0f25f2
D:\other\Bird\Dataset\CC0\Red-billed Brushturkey_sound\Red-billed Brushturkey7.mp3,Red-billed Brushturkey_sound\Red-billed Brushturkey7.mp3,Red-billed Brushturkey_sound,Red-billed Brushturkey,Red-billed Brushturkey7.mp3,160198,True,44100,1,441502,10.011383219954649,MP3,MPEG_LAYER_III,3c70b8fbf0e8e8744950b6bc6c56d3323b6dcd6e110b94572429e1675e0f25f2
D:\other\Bird\Dataset\CC0\Australian Brushturkey_sound\Australian Brushturkey20.mp3,Australian Brushturkey_sound\Australian Brushturkey20.mp3,Australian Brushturkey_sound,Australian Brushturkey,Australian Brushturkey20.mp3,82672,True,48000,1,308855,6.434479166666667,MP3,MPEG_LAYER_III,3d89f2c6f49502c293a20e47320c39e4483c8d4bedf675a4f6b87dc97ed0ab36
D:\other\Bird\Dataset\CC0\Australian Brushturkey_sound\Australian Brushturkey21.mp3,Australian Brushturkey_sound\Australian Brushturkey21.mp3,Australian Brushturkey_sound,Australian Brushturkey,Australian Brushturkey21.mp3,82672,True,48000,1,308855,6.434479166666667,MP3,MPEG_LAYER_III,3d89f2c6f49502c293a20e47320c39e4483c8d4bedf675a4f6b87dc97ed0ab36
D:\other\Bird\Dataset\CC0\White-bellied Nothura_sound\White-bellied Nothura31.mp3,White-bellied Nothura_sound\White-bellied Nothura31.mp3,White-bellied Nothura_sound,White-bellied Nothura,White-bellied Nothura31.mp3,362112,True,44100,1,2005543,45.477165532879816,MP3,MPEG_LAYER_III,3dcea6d5de57a0dff4fed3c9ab89f26ea4ff56f7559e93c1219ebaad34564049
D:\other\Bird\Dataset\CC0\Lesser Nothura_sound\Lesser Nothura2.mp3,Lesser Nothura_sound\Lesser Nothura2.mp3,Lesser Nothura_sound,Lesser Nothura,Lesser Nothura2.mp3,362112,True,44100,1,2005543,45.477165532879816,MP3,MPEG_LAYER_III,3dcea6d5de57a0dff4fed3c9ab89f26ea4ff56f7559e93c1219ebaad34564049
D:\other\Bird\Dataset\CC0\Lesser Nothura_sound\Lesser Nothura3.mp3,Lesser Nothura_sound\Lesser Nothura3.mp3,Lesser Nothura_sound,Lesser Nothura,Lesser Nothura3.mp3,362112,True,44100,1,2005543,45.477165532879816,MP3,MPEG_LAYER_III,3dcea6d5de57a0dff4fed3c9ab89f26ea4ff56f7559e93c1219ebaad34564049
D:\other\Bird\Dataset\CC0\Lesser Nothura_sound\Lesser Nothura4.mp3,Lesser Nothura_sound\Lesser Nothura4.mp3,Lesser Nothura_sound,Lesser Nothura,Lesser Nothura4.mp3,362112,True,44100,1,2005543,45.477165532879816,MP3,MPEG_LAYER_III,3dcea6d5de57a0dff4fed3c9ab89f26ea4ff56f7559e93c1219ebaad34564049
D:\other\Bird\Dataset\CC0\Grey Tinamou_sound\Grey Tinamou26.mp3,Grey Tinamou_sound\Grey Tinamou26.mp3,Grey Tinamou_sound,Grey Tinamou,Grey Tinamou26.mp3,9892934,True,44100,2,10905753,247.29598639455781,MP3,MPEG_LAYER_III,3df29d690f77bb0c27e01a643e6d010fb8be9d4c064ef069e42241177104dc43
D:\other\Bird\Dataset\CC0\Grey Tinamou_sound\Grey Tinamou24.mp3,Grey Tinamou_sound\Grey Tinamou24.mp3,Grey Tinamou_sound,Grey Tinamou,Grey Tinamou24.mp3,9892934,True,44100,2,10905753,247.29598639455781,MP3,MPEG_LAYER_III,3df29d690f77bb0c27e01a643e6d010fb8be9d4c064ef069e42241177104dc43
D:\other\Bird\Dataset\CC0\Grey Tinamou_sound\Grey Tinamou23.mp3,Grey Tinamou_sound\Grey Tinamou23.mp3,Grey Tinamou_sound,Grey Tinamou,Grey Tinamou23.mp3,9892934,True,44100,2,10905753,247.29598639455781,MP3,MPEG_LAYER_III,3df29d690f77bb0c27e01a643e6d010fb8be9d4c064ef069e42241177104dc43
D:\other\Bird\Dataset\CC0\Grey Tinamou_sound\Grey Tinamou27.mp3,Grey Tinamou_sound\Grey Tinamou27.mp3,Grey Tinamou_sound,Grey Tinamou,Grey Tinamou27.mp3,9892934,True,44100,2,10905753,247.29598639455781,MP3,MPEG_LAYER_III,3df29d690f77bb0c27e01a643e6d010fb8be9d4c064ef069e42241177104dc43
D:\other\Bird\Dataset\CC0\Grey Tinamou_sound\Grey Tinamou25.mp3,Grey Tinamou_sound\Grey Tinamou25.mp3,Grey Tinamou_sound,Grey Tinamou,Grey Tinamou25.mp3,9892934,True,44100,2,10905753,247.29598639455781,MP3,MPEG_LAYER_III,3df29d690f77bb0c27e01a643e6d010fb8be9d4c064ef069e42241177104dc43
D:\other\Bird\Dataset\CC0\Brushland Tinamou_sound\Brushland Tinamou4.mp3,Brushland Tinamou_sound\Brushland Tinamou4.mp3,Brushland Tinamou_sound,Brushland Tinamou,Brushland Tinamou4.mp3,142263,True,22050,1,447778,20.30739229024943,MP3,MPEG_LAYER_III,403bfdfe843ab653b5fe000a00a4a901660e65c0e5c407c5d3d604b3f82bbc84
D:\other\Bird\Dataset\CC0\Brushland Tinamou_sound\Brushland Tinamou5.mp3,Brushland Tinamou_sound\Brushland Tinamou5.mp3,Brushland Tinamou_sound,Brushland Tinamou,Brushland Tinamou5.mp3,142263,True,22050,1,447778,20.30739229024943,MP3,MPEG_LAYER_III,403bfdfe843ab653b5fe000a00a4a901660e65c0e5c407c5d3d604b3f82bbc84
D:\other\Bird\Dataset\CC0\Little Tinamou_sound\Little Tinamou2.mp3,Little Tinamou_sound\Little Tinamou2.mp3,Little Tinamou_sound,Little Tinamou,Little Tinamou2.mp3,910870,True,44100,1,1675998,38.00448979591837,MP3,MPEG_LAYER_III,43f78d134ce5b8436a154b320de18d363028768d911011972e9e4628b82d005a
D:\other\Bird\Dataset\CC0\Little Tinamou_sound\Little Tinamou3.mp3,Little Tinamou_sound\Little Tinamou3.mp3,Little Tinamou_sound,Little Tinamou,Little Tinamou3.mp3,910870,True,44100,1,1675998,38.00448979591837,MP3,MPEG_LAYER_III,43f78d134ce5b8436a154b320de18d363028768d911011972e9e4628b82d005a
D:\other\Bird\Dataset\CC0\Little Tinamou_sound\Little Tinamou4.mp3,Little Tinamou_sound\Little Tinamou4.mp3,Little Tinamou_sound,Little Tinamou,Little Tinamou4.mp3,910870,True,44100,1,1675998,38.00448979591837,MP3,MPEG_LAYER_III,43f78d134ce5b8436a154b320de18d363028768d911011972e9e4628b82d005a
D:\other\Bird\Dataset\CC0\Little Tinamou_sound\Little Tinamou5.mp3,Little Tinamou_sound\Little Tinamou5.mp3,Little Tinamou_sound,Little Tinamou,Little Tinamou5.mp3,910870,True,44100,1,1675998,38.00448979591837,MP3,MPEG_LAYER_III,43f78d134ce5b8436a154b320de18d363028768d911011972e9e4628b82d005a
D:\other\Bird\Dataset\CC0\Rufous-vented Chachalaca_sound\Rufous-vented Chachalaca17.mp3,Rufous-vented Chachalaca_sound\Rufous-vented Chachalaca17.mp3,Rufous-vented Chachalaca_sound,Rufous-vented Chachalaca,Rufous-vented Chachalaca17.mp3,1367757,True,44100,1,3769512,85.47646258503401,MP3,MPEG_LAYER_III,446bb7de0d25518cdf35475adb8872c846ad7842ed4b062718eb90af92e06bd6
D:\other\Bird\Dataset\CC0\Rufous-vented Chachalaca_sound\Rufous-vented Chachalaca18.mp3,Rufous-vented Chachalaca_sound\Rufous-vented Chachalaca18.mp3,Rufous-vented Chachalaca_sound,Rufous-vented Chachalaca,Rufous-vented Chachalaca18.mp3,1367757,True,44100,1,3769512,85.47646258503401,MP3,MPEG_LAYER_III,446bb7de0d25518cdf35475adb8872c846ad7842ed4b062718eb90af92e06bd6
D:\other\Bird\Dataset\CC0\Rufous-vented Chachalaca_sound\Rufous-vented Chachalaca19.mp3,Rufous-vented Chachalaca_sound\Rufous-vented Chachalaca19.mp3,Rufous-vented Chachalaca_sound,Rufous-vented Chachalaca,Rufous-vented Chachalaca19.mp3,1367757,True,44100,1,3769512,85.47646258503401,MP3,MPEG_LAYER_III,446bb7de0d25518cdf35475adb8872c846ad7842ed4b062718eb90af92e06bd6
D:\other\Bird\Dataset\CC0\Australian Brushturkey_sound\Australian Brushturkey10.mp3,Australian Brushturkey_sound\Australian Brushturkey10.mp3,Australian Brushturkey_sound,Australian Brushturkey,Australian Brushturkey10.mp3,46211,True,48000,1,165053,3.4386041666666665,MP3,MPEG_LAYER_III,44c4a768f9e97176cd528704c011e32e7dd81e5aa3225b0ea9f134a4d8c5ab28
D:\other\Bird\Dataset\CC0\Australian Brushturkey_sound\Australian Brushturkey12.mp3,Australian Brushturkey_sound\Australian Brushturkey12.mp3,Australian Brushturkey_sound,Australian Brushturkey,Australian Brushturkey12.mp3,46211,True,48000,1,165053,3.4386041666666665,MP3,MPEG_LAYER_III,44c4a768f9e97176cd528704c011e32e7dd81e5aa3225b0ea9f134a4d8c5ab28
D:\other\Bird\Dataset\CC0\Australian Brushturkey_sound\Australian Brushturkey14.mp3,Australian Brushturkey_sound\Australian Brushturkey14.mp3,Australian Brushturkey_sound,Australian Brushturkey,Australian Brushturkey14.mp3,46211,True,48000,1,165053,3.4386041666666665,MP3,MPEG_LAYER_III,44c4a768f9e97176cd528704c011e32e7dd81e5aa3225b0ea9f134a4d8c5ab28
D:\other\Bird\Dataset\CC0\Australian Brushturkey_sound\Australian Brushturkey13.mp3,Australian Brushturkey_sound\Australian Brushturkey13.mp3,Australian Brushturkey_sound,Australian Brushturkey,Australian Brushturkey13.mp3,46211,True,48000,1,165053,3.4386041666666665,MP3,MPEG_LAYER_III,44c4a768f9e97176cd528704c011e32e7dd81e5aa3225b0ea9f134a4d8c5ab28
D:\other\Bird\Dataset\CC0\Australian Brushturkey_sound\Australian Brushturkey11.mp3,Australian Brushturkey_sound\Australian Brushturkey11.mp3,Australian Brushturkey_sound,Australian Brushturkey,Australian Brushturkey11.mp3,46211,True,48000,1,165053,3.4386041666666665,MP3,MPEG_LAYER_III,44c4a768f9e97176cd528704c011e32e7dd81e5aa3225b0ea9f134a4d8c5ab28
D:\other\Bird\Dataset\CC0\Australian Brushturkey_sound\Australian Brushturkey15.mp3,Australian Brushturkey_sound\Australian Brushturkey15.mp3,Australian Brushturkey_sound,Australian Brushturkey,Australian Brushturkey15.mp3,46211,True,48000,1,165053,3.4386041666666665,MP3,MPEG_LAYER_III,44c4a768f9e97176cd528704c011e32e7dd81e5aa3225b0ea9f134a4d8c5ab28
D:\other\Bird\Dataset\CC0\Dwarf Tinamou_sound\Dwarf Tinamou23.mp3,Dwarf Tinamou_sound\Dwarf Tinamou23.mp3,Dwarf Tinamou_sound,Dwarf Tinamou,Dwarf Tinamou23.mp3,229976,True,44100,2,635329,14.40655328798186,MP3,MPEG_LAYER_III,45210a450ca9fc05a676162d29bffdb84f86f0a34f9e151f7892cc9815a0b11b
D:\other\Bird\Dataset\CC0\Dwarf Tinamou_sound\Dwarf Tinamou22.mp3,Dwarf Tinamou_sound\Dwarf Tinamou22.mp3,Dwarf Tinamou_sound,Dwarf Tinamou,Dwarf Tinamou22.mp3,229976,True,44100,2,635329,14.40655328798186,MP3,MPEG_LAYER_III,45210a450ca9fc05a676162d29bffdb84f86f0a34f9e151f7892cc9815a0b11b
D:\other\Bird\Dataset\CC0\Dwarf Tinamou_sound\Dwarf Tinamou21.mp3,Dwarf Tinamou_sound\Dwarf Tinamou21.mp3,Dwarf Tinamou_sound,Dwarf Tinamou,Dwarf Tinamou21.mp3,229976,True,44100,2,635329,14.40655328798186,MP3,MPEG_LAYER_III,45210a450ca9fc05a676162d29bffdb84f86f0a34f9e151f7892cc9815a0b11b
D:\other\Bird\Dataset\CC0\Dwarf Tinamou_sound\Dwarf Tinamou20.mp3,Dwarf Tinamou_sound\Dwarf Tinamou20.mp3,Dwarf Tinamou_sound,Dwarf Tinamou,Dwarf Tinamou20.mp3,229976,True,44100,2,635329,14.40655328798186,MP3,MPEG_LAYER_III,45210a450ca9fc05a676162d29bffdb84f86f0a34f9e151f7892cc9815a0b11b
D:\other\Bird\Dataset\CC0\Dwarf Tinamou_sound\Dwarf Tinamou24.mp3,Dwarf Tinamou_sound\Dwarf Tinamou24.mp3,Dwarf Tinamou_sound,Dwarf Tinamou,Dwarf Tinamou24.mp3,229976,True,44100,2,635329,14.40655328798186,MP3,MPEG_LAYER_III,45210a450ca9fc05a676162d29bffdb84f86f0a34f9e151f7892cc9815a0b11b
D:\other\Bird\Dataset\CC0\Chestnut-winged Chachalaca_sound\Chestnut-winged Chachalaca12.mp3,Chestnut-winged Chachalaca_sound\Chestnut-winged Chachalaca12.mp3,Chestnut-winged Chachalaca_sound,Chestnut-winged Chachalaca,Chestnut-winged Chachalaca12.mp3,356794,True,48000,2,1070382,22.299625,MP3,MPEG_LAYER_III,4595bedab4327204f641c27dfd78ee1e4e1b9af5ea31efe8bd9f0353ec80e2d9
D:\other\Bird\Dataset\CC0\Chestnut-winged Chachalaca_sound\Chestnut-winged Chachalaca13.mp3,Chestnut-winged Chachalaca_sound\Chestnut-winged Chachalaca13.mp3,Chestnut-winged Chachalaca_sound,Chestnut-winged Chachalaca,Chestnut-winged Chachalaca13.mp3,356794,True,48000,2,1070382,22.299625,MP3,MPEG_LAYER_III,4595bedab4327204f641c27dfd78ee1e4e1b9af5ea31efe8bd9f0353ec80e2d9
D:\other\Bird\Dataset\CC0\Plain Chachalaca_sound\Plain Chachalaca24.mp3,Plain Chachalaca_sound\Plain Chachalaca24.mp3,Plain Chachalaca_sound,Plain Chachalaca,Plain Chachalaca24.mp3,311872,True,22050,1,559359,25.367755102040817,MP3,MPEG_LAYER_III,459e417e2249c6a1597b1c7939f0d0e15a7d36e671e67b8c8b1d47e2ab20a7f5
D:\other\Bird\Dataset\CC0\Plain Chachalaca_sound\Plain Chachalaca25.mp3,Plain Chachalaca_sound\Plain Chachalaca25.mp3,Plain Chachalaca_sound,Plain Chachalaca,Plain Chachalaca25.mp3,311872,True,22050,1,559359,25.367755102040817,MP3,MPEG_LAYER_III,459e417e2249c6a1597b1c7939f0d0e15a7d36e671e67b8c8b1d47e2ab20a7f5
D:\other\Bird\Dataset\CC0\Darwins Nothura_sound\Darwins Nothura13.mp3,Darwins Nothura_sound\Darwins Nothura13.mp3,Darwins Nothura_sound,Darwins Nothura,Darwins Nothura13.mp3,931685,True,44100,2,1026941,23.286643990929704,MP3,MPEG_LAYER_III,45c99bd2b486d95cdc2e5bad2670a979b7d6f94b3903ced55dc18c5e5751259e
D:\other\Bird\Dataset\CC0\Darwins Nothura_sound\Darwins Nothura12.mp3,Darwins Nothura_sound\Darwins Nothura12.mp3,Darwins Nothura_sound,Darwins Nothura,Darwins Nothura12.mp3,931685,True,44100,2,1026941,23.286643990929704,MP3,MPEG_LAYER_III,45c99bd2b486d95cdc2e5bad2670a979b7d6f94b3903ced55dc18c5e5751259e
D:\other\Bird\Dataset\CC0\White-browed Guan_sound\White-browed Guan3.mp3,White-browed Guan_sound\White-browed Guan3.mp3,White-browed Guan_sound,White-browed Guan,White-browed Guan3.mp3,100875,True,48000,1,201494,4.197791666666666,MP3,MPEG_LAYER_III,4698f7c67b5b418976375f903ea4c1e35f3e227afd5a4d6e1b523246ced7cd06
D:\other\Bird\Dataset\CC0\White-browed Guan_sound\White-browed Guan4.mp3,White-browed Guan_sound\White-browed Guan4.mp3,White-browed Guan_sound,White-browed Guan,White-browed Guan4.mp3,100875,True,48000,1,201494,4.197791666666666,MP3,MPEG_LAYER_III,4698f7c67b5b418976375f903ea4c1e35f3e227afd5a4d6e1b523246ced7cd06
D:\other\Bird\Dataset\CC0\Blue-throated Piping Guan_sound\Blue-throated Piping Guan29.mp3,Blue-throated Piping Guan_sound\Blue-throated Piping Guan29.mp3,Blue-throated Piping Guan_sound,Blue-throated Piping Guan,Blue-throated Piping Guan29.mp3,284750,True,44100,1,1025315,23.249773242630386,MP3,MPEG_LAYER_III,48096b665a7a3e679d0007cd56f9e88b6d46ee08756dfe6fbbfd37e54f5283ae
D:\other\Bird\Dataset\CC0\Blue-throated Piping Guan_sound\Blue-throated Piping Guan28.mp3,Blue-throated Piping Guan_sound\Blue-throated Piping Guan28.mp3,Blue-throated Piping Guan_sound,Blue-throated Piping Guan,Blue-throated Piping Guan28.mp3,284750,True,44100,1,1025315,23.249773242630386,MP3,MPEG_LAYER_III,48096b665a7a3e679d0007cd56f9e88b6d46ee08756dfe6fbbfd37e54f5283ae
D:\other\Bird\Dataset\CC0\Red-throated Piping Guan_sound\Red-throated Piping Guan16.mp3,Red-throated Piping Guan_sound\Red-throated Piping Guan16.mp3,Red-throated Piping Guan_sound,Red-throated Piping Guan,Red-throated Piping Guan16.mp3,85228,True,44100,1,469773,10.652448979591837,MP3,MPEG_LAYER_III,48201782341800525ca815444502d9af424c4b8b8d22060bb24f61139239a89d
D:\other\Bird\Dataset\CC0\Black-fronted Piping Guan_sound\Black-fronted Piping Guan2.mp3,Black-fronted Piping Guan_sound\Black-fronted Piping Guan2.mp3,Black-fronted Piping Guan_sound,Black-fronted Piping Guan,Black-fronted Piping Guan2.mp3,85228,True,44100,1,469773,10.652448979591837,MP3,MPEG_LAYER_III,48201782341800525ca815444502d9af424c4b8b8d22060bb24f61139239a89d
D:\other\Bird\Dataset\CC0\Northern Cassowary_sound\Northern Cassowary6.mp3,Northern Cassowary_sound\Northern Cassowary6.mp3,Northern Cassowary_sound,Northern Cassowary,Northern Cassowary6.mp3,345176,True,44100,2,475472,10.781678004535147,MP3,MPEG_LAYER_III,489825cb73a9c4e8616bca46136b241302af2136daf2532bafff7db55b7ae811
D:\other\Bird\Dataset\CC0\Northern Cassowary_sound\Northern Cassowary7.mp3,Northern Cassowary_sound\Northern Cassowary7.mp3,Northern Cassowary_sound,Northern Cassowary,Northern Cassowary7.mp3,345176,True,44100,2,475472,10.781678004535147,MP3,MPEG_LAYER_III,489825cb73a9c4e8616bca46136b241302af2136daf2532bafff7db55b7ae811
D:\other\Bird\Dataset\CC0\Philippine Megapode_sound\Philippine Megapode13.mp3,Philippine Megapode_sound\Philippine Megapode13.mp3,Philippine Megapode_sound,Philippine Megapode,Philippine Megapode13.mp3,4282659,True,44100,2,11788114,267.3041723356009,MP3,MPEG_LAYER_III,493aa14dda5616a06baf2ebd9b824d81b68f21520d8deab13379fcb81f711add
D:\other\Bird\Dataset\CC0\Philippine Megapode_sound\Philippine Megapode14.mp3,Philippine Megapode_sound\Philippine Megapode14.mp3,Philippine Megapode_sound,Philippine Megapode,Philippine Megapode14.mp3,4282659,True,44100,2,11788114,267.3041723356009,MP3,MPEG_LAYER_III,493aa14dda5616a06baf2ebd9b824d81b68f21520d8deab13379fcb81f711add
D:\other\Bird\Dataset\CC0\Philippine Megapode_sound\Philippine Megapode15.mp3,Philippine Megapode_sound\Philippine Megapode15.mp3,Philippine Megapode_sound,Philippine Megapode,Philippine Megapode15.mp3,4282659,True,44100,2,11788114,267.3041723356009,MP3,MPEG_LAYER_III,493aa14dda5616a06baf2ebd9b824d81b68f21520d8deab13379fcb81f711add
D:\other\Bird\Dataset\CC0\Grey-headed Chachalaca_sound\Grey-headed Chachalaca22.mp3,Grey-headed Chachalaca_sound\Grey-headed Chachalaca22.mp3,Grey-headed Chachalaca_sound,Grey-headed Chachalaca,Grey-headed Chachalaca22.mp3,2477884,True,44100,1,6814127,154.5153514739229,MP3,MPEG_LAYER_III,4a826fcb17b23ef4828158db6a7d2c367fd52011b273aaa62cac1c15abc6c118
D:\other\Bird\Dataset\CC0\Grey-headed Chachalaca_sound\Grey-headed Chachalaca23.mp3,Grey-headed Chachalaca_sound\Grey-headed Chachalaca23.mp3,Grey-headed Chachalaca_sound,Grey-headed Chachalaca,Grey-headed Chachalaca23.mp3,2477884,True,44100,1,6814127,154.5153514739229,MP3,MPEG_LAYER_III,4a826fcb17b23ef4828158db6a7d2c367fd52011b273aaa62cac1c15abc6c118
D:\other\Bird\Dataset\CC0\Grey-headed Chachalaca_sound\Grey-headed Chachalaca21.mp3,Grey-headed Chachalaca_sound\Grey-headed Chachalaca21.mp3,Grey-headed Chachalaca_sound,Grey-headed Chachalaca,Grey-headed Chachalaca21.mp3,2477884,True,44100,1,6814127,154.5153514739229,MP3,MPEG_LAYER_III,4a826fcb17b23ef4828158db6a7d2c367fd52011b273aaa62cac1c15abc6c118
D:\other\Bird\Dataset\CC0\Variegated Tinamou_sound\Variegated Tinamou27.mp3,Variegated Tinamou_sound\Variegated Tinamou27.mp3,Variegated Tinamou_sound,Variegated Tinamou,Variegated Tinamou27.mp3,82517,True,44100,1,280045,6.350226757369614,MP3,MPEG_LAYER_III,4ac4fe75a3fca8561d76b2bf7db1bbf0889b0f8ca3cb4dd0153f105bf92e5a35
D:\other\Bird\Dataset\CC0\Variegated Tinamou_sound\Variegated Tinamou26.mp3,Variegated Tinamou_sound\Variegated Tinamou26.mp3,Variegated Tinamou_sound,Variegated Tinamou,Variegated Tinamou26.mp3,82517,True,44100,1,280045,6.350226757369614,MP3,MPEG_LAYER_III,4ac4fe75a3fca8561d76b2bf7db1bbf0889b0f8ca3cb4dd0153f105bf92e5a35
D:\other\Bird\Dataset\CC0\Dusky-legged Guan_sound\Dusky-legged Guan11.mp3,Dusky-legged Guan_sound\Dusky-legged Guan11.mp3,Dusky-legged Guan_sound,Dusky-legged Guan,Dusky-legged Guan11.mp3,1193368,True,48000,2,3579720,74.5775,MP3,MPEG_LAYER_III,4b3f47ddc01f6caef4a7d5fca4a2b71a6227dd72209da7d920bbf27e94aa6209
D:\other\Bird\Dataset\CC0\Dusky-legged Guan_sound\Dusky-legged Guan12.mp3,Dusky-legged Guan_sound\Dusky-legged Guan12.mp3,Dusky-legged Guan_sound,Dusky-legged Guan,Dusky-legged Guan12.mp3,1193368,True,48000,2,3579720,74.5775,MP3,MPEG_LAYER_III,4b3f47ddc01f6caef4a7d5fca4a2b71a6227dd72209da7d920bbf27e94aa6209
D:\other\Bird\Dataset\CC0\Spotted Nothura_sound\Spotted Nothura30.mp3,Spotted Nothura_sound\Spotted Nothura30.mp3,Spotted Nothura_sound,Spotted Nothura,Spotted Nothura30.mp3,3018237,True,44100,1,8318203,188.62138321995465,MP3,MPEG_LAYER_III,4b54ec5c70f4634d792424e52bd229eb2a9a64914e409ef91307e04aebcbd17a
D:\other\Bird\Dataset\CC0\Dwarf Tinamou_sound\Dwarf Tinamou2.mp3,Dwarf Tinamou_sound\Dwarf Tinamou2.mp3,Dwarf Tinamou_sound,Dwarf Tinamou,Dwarf Tinamou2.mp3,3018237,True,44100,1,8318203,188.62138321995465,MP3,MPEG_LAYER_III,4b54ec5c70f4634d792424e52bd229eb2a9a64914e409ef91307e04aebcbd17a
D:\other\Bird\Dataset\CC0\Spotted Nothura_sound\Spotted Nothura31.mp3,Spotted Nothura_sound\Spotted Nothura31.mp3,Spotted Nothura_sound,Spotted Nothura,Spotted Nothura31.mp3,3018237,True,44100,1,8318203,188.62138321995465,MP3,MPEG_LAYER_III,4b54ec5c70f4634d792424e52bd229eb2a9a64914e409ef91307e04aebcbd17a
D:\other\Bird\Dataset\CC0\Dwarf Tinamou_sound\Dwarf Tinamou3.mp3,Dwarf Tinamou_sound\Dwarf Tinamou3.mp3,Dwarf Tinamou_sound,Dwarf Tinamou,Dwarf Tinamou3.mp3,3018237,True,44100,1,8318203,188.62138321995465,MP3,MPEG_LAYER_III,4b54ec5c70f4634d792424e52bd229eb2a9a64914e409ef91307e04aebcbd17a
D:\other\Bird\Dataset\CC0\Spotted Nothura_sound\Spotted Nothura29.mp3,Spotted Nothura_sound\Spotted Nothura29.mp3,Spotted Nothura_sound,Spotted Nothura,Spotted Nothura29.mp3,3018237,True,44100,1,8318203,188.62138321995465,MP3,MPEG_LAYER_III,4b54ec5c70f4634d792424e52bd229eb2a9a64914e409ef91307e04aebcbd17a
D:\other\Bird\Dataset\CC0\Spotted Nothura_sound\Spotted Nothura28.mp3,Spotted Nothura_sound\Spotted Nothura28.mp3,Spotted Nothura_sound,Spotted Nothura,Spotted Nothura28.mp3,3018237,True,44100,1,8318203,188.62138321995465,MP3,MPEG_LAYER_III,4b54ec5c70f4634d792424e52bd229eb2a9a64914e409ef91307e04aebcbd17a
D:\other\Bird\Dataset\CC0\Crested Guan_sound\Crested Guan11.mp3,Crested Guan_sound\Crested Guan11.mp3,Crested Guan_sound,Crested Guan,Crested Guan11.mp3,909433,True,44100,1,3126218,70.88929705215419,MP3,MPEG_LAYER_III,4c092d4042439d8a6f3be44edcb44c3bddb18e4947db6b5c0b440638eef2fe4b
D:\other\Bird\Dataset\CC0\Crested Guan_sound\Crested Guan8.mp3,Crested Guan_sound\Crested Guan8.mp3,Crested Guan_sound,Crested Guan,Crested Guan8.mp3,909433,True,44100,1,3126218,70.88929705215419,MP3,MPEG_LAYER_III,4c092d4042439d8a6f3be44edcb44c3bddb18e4947db6b5c0b440638eef2fe4b
D:\other\Bird\Dataset\CC0\Crested Guan_sound\Crested Guan10.mp3,Crested Guan_sound\Crested Guan10.mp3,Crested Guan_sound,Crested Guan,Crested Guan10.mp3,909433,True,44100,1,3126218,70.88929705215419,MP3,MPEG_LAYER_III,4c092d4042439d8a6f3be44edcb44c3bddb18e4947db6b5c0b440638eef2fe4b
D:\other\Bird\Dataset\CC0\Crested Guan_sound\Crested Guan7.mp3,Crested Guan_sound\Crested Guan7.mp3,Crested Guan_sound,Crested Guan,Crested Guan7.mp3,909433,True,44100,1,3126218,70.88929705215419,MP3,MPEG_LAYER_III,4c092d4042439d8a6f3be44edcb44c3bddb18e4947db6b5c0b440638eef2fe4b
D:\other\Bird\Dataset\CC0\Crested Guan_sound\Crested Guan9.mp3,Crested Guan_sound\Crested Guan9.mp3,Crested Guan_sound,Crested Guan,Crested Guan9.mp3,909433,True,44100,1,3126218,70.88929705215419,MP3,MPEG_LAYER_III,4c092d4042439d8a6f3be44edcb44c3bddb18e4947db6b5c0b440638eef2fe4b
D:\other\Bird\Dataset\CC0\East Brazilian Chachalaca_sound\East Brazilian Chachalaca9.mp3,East Brazilian Chachalaca_sound\East Brazilian Chachalaca9.mp3,East Brazilian Chachalaca_sound,East Brazilian Chachalaca,East Brazilian Chachalaca9.mp3,377761,True,44100,1,1040749,23.599750566893423,MP3,MPEG_LAYER_III,4c3eac20d09fc8b2034146f2a5c694602255a7fbc526d07bcfd148fed164b0ac
D:\other\Bird\Dataset\CC0\East Brazilian Chachalaca_sound\East Brazilian Chachalaca10.mp3,East Brazilian Chachalaca_sound\East Brazilian Chachalaca10.mp3,East Brazilian Chachalaca_sound,East Brazilian Chachalaca,East Brazilian Chachalaca10.mp3,377761,True,44100,1,1040749,23.599750566893423,MP3,MPEG_LAYER_III,4c3eac20d09fc8b2034146f2a5c694602255a7fbc526d07bcfd148fed164b0ac
D:\other\Bird\Dataset\CC0\East Brazilian Chachalaca_sound\East Brazilian Chachalaca11.mp3,East Brazilian Chachalaca_sound\East Brazilian Chachalaca11.mp3,East Brazilian Chachalaca_sound,East Brazilian Chachalaca,East Brazilian Chachalaca11.mp3,377761,True,44100,1,1040749,23.599750566893423,MP3,MPEG_LAYER_III,4c3eac20d09fc8b2034146f2a5c694602255a7fbc526d07bcfd148fed164b0ac
D:\other\Bird\Dataset\CC0\Tataupa Tinamou_sound\Tataupa Tinamou18.mp3,Tataupa Tinamou_sound\Tataupa Tinamou18.mp3,Tataupa Tinamou_sound,Tataupa Tinamou,Tataupa Tinamou18.mp3,659124,True,44100,2,883014,20.02299319727891,MP3,MPEG_LAYER_III,4c4022d715748c18fe6b6416dec94ae15faf0f98fc96cbc6c184912ba79e52ea
D:\other\Bird\Dataset\CC0\Tataupa Tinamou_sound\Tataupa Tinamou17.mp3,Tataupa Tinamou_sound\Tataupa Tinamou17.mp3,Tataupa Tinamou_sound,Tataupa Tinamou,Tataupa Tinamou17.mp3,659124,True,44100,2,883014,20.02299319727891,MP3,MPEG_LAYER_III,4c4022d715748c18fe6b6416dec94ae15faf0f98fc96cbc6c184912ba79e52ea
D:\other\Bird\Dataset\CC0\Tataupa Tinamou_sound\Tataupa Tinamou19.mp3,Tataupa Tinamou_sound\Tataupa Tinamou19.mp3,Tataupa Tinamou_sound,Tataupa Tinamou,Tataupa Tinamou19.mp3,659124,True,44100,2,883014,20.02299319727891,MP3,MPEG_LAYER_III,4c4022d715748c18fe6b6416dec94ae15faf0f98fc96cbc6c184912ba79e52ea
D:\other\Bird\Dataset\CC0\Tataupa Tinamou_sound\Tataupa Tinamou15.mp3,Tataupa Tinamou_sound\Tataupa Tinamou15.mp3,Tataupa Tinamou_sound,Tataupa Tinamou,Tataupa Tinamou15.mp3,659124,True,44100,2,883014,20.02299319727891,MP3,MPEG_LAYER_III,4c4022d715748c18fe6b6416dec94ae15faf0f98fc96cbc6c184912ba79e52ea
D:\other\Bird\Dataset\CC0\Tataupa Tinamou_sound\Tataupa Tinamou16.mp3,Tataupa Tinamou_sound\Tataupa Tinamou16.mp3,Tataupa Tinamou_sound,Tataupa Tinamou,Tataupa Tinamou16.mp3,659124,True,44100,2,883014,20.02299319727891,MP3,MPEG_LAYER_III,4c4022d715748c18fe6b6416dec94ae15faf0f98fc96cbc6c184912ba79e52ea
D:\other\Bird\Dataset\CC0\Slaty-breasted Tinamou_sound\Slaty-breasted Tinamou4.mp3,Slaty-breasted Tinamou_sound\Slaty-breasted Tinamou4.mp3,Slaty-breasted Tinamou_sound,Slaty-breasted Tinamou,Slaty-breasted Tinamou4.mp3,221786,True,44100,1,791816,17.95501133786848,MP3,MPEG_LAYER_III,4c84def240a2521e1f8e07ceb4acfdcf504c0f9be1a40c427192ed644884d253
D:\other\Bird\Dataset\CC0\Slaty-breasted Tinamou_sound\Slaty-breasted Tinamou6.mp3,Slaty-breasted Tinamou_sound\Slaty-breasted Tinamou6.mp3,Slaty-breasted Tinamou_sound,Slaty-breasted Tinamou,Slaty-breasted Tinamou6.mp3,221786,True,44100,1,791816,17.95501133786848,MP3,MPEG_LAYER_III,4c84def240a2521e1f8e07ceb4acfdcf504c0f9be1a40c427192ed644884d253
D:\other\Bird\Dataset\CC0\Slaty-breasted Tinamou_sound\Slaty-breasted Tinamou5.mp3,Slaty-breasted Tinamou_sound\Slaty-breasted Tinamou5.mp3,Slaty-breasted Tinamou_sound,Slaty-breasted Tinamou,Slaty-breasted Tinamou5.mp3,221786,True,44100,1,791816,17.95501133786848,MP3,MPEG_LAYER_III,4c84def240a2521e1f8e07ceb4acfdcf504c0f9be1a40c427192ed644884d253
D:\other\Bird\Dataset\CC0\Slaty-breasted Tinamou_sound\Slaty-breasted Tinamou7.mp3,Slaty-breasted Tinamou_sound\Slaty-breasted Tinamou7.mp3,Slaty-breasted Tinamou_sound,Slaty-breasted Tinamou,Slaty-breasted Tinamou7.mp3,221786,True,44100,1,791816,17.95501133786848,MP3,MPEG_LAYER_III,4c84def240a2521e1f8e07ceb4acfdcf504c0f9be1a40c427192ed644884d253
D:\other\Bird\Dataset\CC0\Greater Rhea_sound\Greater Rhea13.mp3,Greater Rhea_sound\Greater Rhea13.mp3,Greater Rhea_sound,Greater Rhea,Greater Rhea13.mp3,67907,True,44100,2,187599,4.253945578231293,MP3,MPEG_LAYER_III,4d8788183a050d51e1575a8fe658f8d4ddf76a6635f162093e252fb67dab6dbc
D:\other\Bird\Dataset\CC0\Greater Rhea_sound\Greater Rhea12.mp3,Greater Rhea_sound\Greater Rhea12.mp3,Greater Rhea_sound,Greater Rhea,Greater Rhea12.mp3,67907,True,44100,2,187599,4.253945578231293,MP3,MPEG_LAYER_III,4d8788183a050d51e1575a8fe658f8d4ddf76a6635f162093e252fb67dab6dbc
D:\other\Bird\Dataset\CC0\Chestnut-headed Chachalaca_sound\Chestnut-headed Chachalaca4.mp3,Chestnut-headed Chachalaca_sound\Chestnut-headed Chachalaca4.mp3,Chestnut-headed Chachalaca_sound,Chestnut-headed Chachalaca,Chestnut-headed Chachalaca4.mp3,313152,True,44100,2,847123,19.209138321995464,MP3,MPEG_LAYER_III,4e9d50ca7a3394e6529dd40ccc0b1244276dc7169e4887a0cd06469942df9607
D:\other\Bird\Dataset\CC0\Chestnut-headed Chachalaca_sound\Chestnut-headed Chachalaca5.mp3,Chestnut-headed Chachalaca_sound\Chestnut-headed Chachalaca5.mp3,Chestnut-headed Chachalaca_sound,Chestnut-headed Chachalaca,Chestnut-headed Chachalaca5.mp3,313152,True,44100,2,847123,19.209138321995464,MP3,MPEG_LAYER_III,4e9d50ca7a3394e6529dd40ccc0b1244276dc7169e4887a0cd06469942df9607
D:\other\Bird\Dataset\CC0\Buff-browed Chachalaca_sound\Buff-browed Chachalaca2.mp3,Buff-browed Chachalaca_sound\Buff-browed Chachalaca2.mp3,Buff-browed Chachalaca_sound,Buff-browed Chachalaca,Buff-browed Chachalaca2.mp3,313152,True,44100,2,847123,19.209138321995464,MP3,MPEG_LAYER_III,4e9d50ca7a3394e6529dd40ccc0b1244276dc7169e4887a0cd06469942df9607
D:\other\Bird\Dataset\CC0\Buff-browed Chachalaca_sound\Buff-browed Chachalaca3.mp3,Buff-browed Chachalaca_sound\Buff-browed Chachalaca3.mp3,Buff-browed Chachalaca_sound,Buff-browed Chachalaca,Buff-browed Chachalaca3.mp3,313152,True,44100,2,847123,19.209138321995464,MP3,MPEG_LAYER_III,4e9d50ca7a3394e6529dd40ccc0b1244276dc7169e4887a0cd06469942df9607
D:\other\Bird\Dataset\CC0\Buff-browed Chachalaca_sound\Buff-browed Chachalaca4.mp3,Buff-browed Chachalaca_sound\Buff-browed Chachalaca4.mp3,Buff-browed Chachalaca_sound,Buff-browed Chachalaca,Buff-browed Chachalaca4.mp3,313152,True,44100,2,847123,19.209138321995464,MP3,MPEG_LAYER_III,4e9d50ca7a3394e6529dd40ccc0b1244276dc7169e4887a0cd06469942df9607
D:\other\Bird\Dataset\CC0\Hooded Tinamou_sound\Hooded Tinamou14.mp3,Hooded Tinamou_sound\Hooded Tinamou14.mp3,Hooded Tinamou_sound,Hooded Tinamou,Hooded Tinamou14.mp3,1073081,True,44100,2,1480466,33.57065759637188,MP3,MPEG_LAYER_III,4ee45791e163620c3f3fc3fa82af8048c4bf042ec0dbee99f06729699138ea8f
D:\other\Bird\Dataset\CC0\Hooded Tinamou_sound\Hooded Tinamou13.mp3,Hooded Tinamou_sound\Hooded Tinamou13.mp3,Hooded Tinamou_sound,Hooded Tinamou,Hooded Tinamou13.mp3,1073081,True,44100,2,1480466,33.57065759637188,MP3,MPEG_LAYER_III,4ee45791e163620c3f3fc3fa82af8048c4bf042ec0dbee99f06729699138ea8f
D:\other\Bird\Dataset\CC0\Andean Tinamou_sound\Andean Tinamou13.mp3,Andean Tinamou_sound\Andean Tinamou13.mp3,Andean Tinamou_sound,Andean Tinamou,Andean Tinamou13.mp3,486854,True,44100,1,2683520,60.85079365079365,MP3,MPEG_LAYER_III,4f3a3130667382ac9fea338ee330f03202fff9b07500fc57c3552b1c273480c2
D:\other\Bird\Dataset\CC0\Andean Tinamou_sound\Andean Tinamou14.mp3,Andean Tinamou_sound\Andean Tinamou14.mp3,Andean Tinamou_sound,Andean Tinamou,Andean Tinamou14.mp3,486854,True,44100,1,2683520,60.85079365079365,MP3,MPEG_LAYER_III,4f3a3130667382ac9fea338ee330f03202fff9b07500fc57c3552b1c273480c2
D:\other\Bird\Dataset\CC0\Brazilian Tinamou_sound\Brazilian Tinamou16.mp3,Brazilian Tinamou_sound\Brazilian Tinamou16.mp3,Brazilian Tinamou_sound,Brazilian Tinamou,Brazilian Tinamou16.mp3,1347174,True,44100,1,3712785,84.19013605442177,MP3,MPEG_LAYER_III,4f5eda447200284645ff32019e6406f7d4cd74d0f201c5cfa423b081c4435c24
D:\other\Bird\Dataset\CC0\Brazilian Tinamou_sound\Brazilian Tinamou17.mp3,Brazilian Tinamou_sound\Brazilian Tinamou17.mp3,Brazilian Tinamou_sound,Brazilian Tinamou,Brazilian Tinamou17.mp3,1347174,True,44100,1,3712785,84.19013605442177,MP3,MPEG_LAYER_III,4f5eda447200284645ff32019e6406f7d4cd74d0f201c5cfa423b081c4435c24
D:\other\Bird\Dataset\CC0\Spotted Nothura_sound\Spotted Nothura23.mp3,Spotted Nothura_sound\Spotted Nothura23.mp3,Spotted Nothura_sound,Spotted Nothura,Spotted Nothura23.mp3,301204,True,44100,2,813053,18.43657596371882,MP3,MPEG_LAYER_III,4fac1d3d6379ab28bc3b191ec42d6eee69c6c9e8e051157f5348090af7ba65eb
D:\other\Bird\Dataset\CC0\Spotted Nothura_sound\Spotted Nothura21.mp3,Spotted Nothura_sound\Spotted Nothura21.mp3,Spotted Nothura_sound,Spotted Nothura,Spotted Nothura21.mp3,301204,True,44100,2,813053,18.43657596371882,MP3,MPEG_LAYER_III,4fac1d3d6379ab28bc3b191ec42d6eee69c6c9e8e051157f5348090af7ba65eb
D:\other\Bird\Dataset\CC0\Spotted Nothura_sound\Spotted Nothura20.mp3,Spotted Nothura_sound\Spotted Nothura20.mp3,Spotted Nothura_sound,Spotted Nothura,Spotted Nothura20.mp3,301204,True,44100,2,813053,18.43657596371882,MP3,MPEG_LAYER_III,4fac1d3d6379ab28bc3b191ec42d6eee69c6c9e8e051157f5348090af7ba65eb
D:\other\Bird\Dataset\CC0\Spotted Nothura_sound\Spotted Nothura19.mp3,Spotted Nothura_sound\Spotted Nothura19.mp3,Spotted Nothura_sound,Spotted Nothura,Spotted Nothura19.mp3,301204,True,44100,2,813053,18.43657596371882,MP3,MPEG_LAYER_III,4fac1d3d6379ab28bc3b191ec42d6eee69c6c9e8e051157f5348090af7ba65eb
D:\other\Bird\Dataset\CC0\Spotted Nothura_sound\Spotted Nothura22.mp3,Spotted Nothura_sound\Spotted Nothura22.mp3,Spotted Nothura_sound,Spotted Nothura,Spotted Nothura22.mp3,301204,True,44100,2,813053,18.43657596371882,MP3,MPEG_LAYER_III,4fac1d3d6379ab28bc3b191ec42d6eee69c6c9e8e051157f5348090af7ba65eb
D:\other\Bird\Dataset\CC0\Yellow-legged Tinamou_sound\Yellow-legged Tinamou16.mp3,Yellow-legged Tinamou_sound\Yellow-legged Tinamou16.mp3,Yellow-legged Tinamou_sound,Yellow-legged Tinamou,Yellow-legged Tinamou16.mp3,1056062,True,48000,2,2111868,43.99725,MP3,MPEG_LAYER_III,51a80bc9eec49e2779a483bf916999c5ce736042e51c4d148040f7721d0cd855
D:\other\Bird\Dataset\CC0\Yellow-legged Tinamou_sound\Yellow-legged Tinamou19.mp3,Yellow-legged Tinamou_sound\Yellow-legged Tinamou19.mp3,Yellow-legged Tinamou_sound,Yellow-legged Tinamou,Yellow-legged Tinamou19.mp3,1056062,True,48000,2,2111868,43.99725,MP3,MPEG_LAYER_III,51a80bc9eec49e2779a483bf916999c5ce736042e51c4d148040f7721d0cd855
D:\other\Bird\Dataset\CC0\Yellow-legged Tinamou_sound\Yellow-legged Tinamou20.mp3,Yellow-legged Tinamou_sound\Yellow-legged Tinamou20.mp3,Yellow-legged Tinamou_sound,Yellow-legged Tinamou,Yellow-legged Tinamou20.mp3,1056062,True,48000,2,2111868,43.99725,MP3,MPEG_LAYER_III,51a80bc9eec49e2779a483bf916999c5ce736042e51c4d148040f7721d0cd855
D:\other\Bird\Dataset\CC0\Yellow-legged Tinamou_sound\Yellow-legged Tinamou21.mp3,Yellow-legged Tinamou_sound\Yellow-legged Tinamou21.mp3,Yellow-legged Tinamou_sound,Yellow-legged Tinamou,Yellow-legged Tinamou21.mp3,1056062,True,48000,2,2111868,43.99725,MP3,MPEG_LAYER_III,51a80bc9eec49e2779a483bf916999c5ce736042e51c4d148040f7721d0cd855
D:\other\Bird\Dataset\CC0\Yellow-legged Tinamou_sound\Yellow-legged Tinamou18.mp3,Yellow-legged Tinamou_sound\Yellow-legged Tinamou18.mp3,Yellow-legged Tinamou_sound,Yellow-legged Tinamou,Yellow-legged Tinamou18.mp3,1056062,True,48000,2,2111868,43.99725,MP3,MPEG_LAYER_III,51a80bc9eec49e2779a483bf916999c5ce736042e51c4d148040f7721d0cd855
D:\other\Bird\Dataset\CC0\Yellow-legged Tinamou_sound\Yellow-legged Tinamou23.mp3,Yellow-legged Tinamou_sound\Yellow-legged Tinamou23.mp3,Yellow-legged Tinamou_sound,Yellow-legged Tinamou,Yellow-legged Tinamou23.mp3,1056062,True,48000,2,2111868,43.99725,MP3,MPEG_LAYER_III,51a80bc9eec49e2779a483bf916999c5ce736042e51c4d148040f7721d0cd855
D:\other\Bird\Dataset\CC0\Yellow-legged Tinamou_sound\Yellow-legged Tinamou17.mp3,Yellow-legged Tinamou_sound\Yellow-legged Tinamou17.mp3,Yellow-legged Tinamou_sound,Yellow-legged Tinamou,Yellow-legged Tinamou17.mp3,1056062,True,48000,2,2111868,43.99725,MP3,MPEG_LAYER_III,51a80bc9eec49e2779a483bf916999c5ce736042e51c4d148040f7721d0cd855
D:\other\Bird\Dataset\CC0\Yellow-legged Tinamou_sound\Yellow-legged Tinamou22.mp3,Yellow-legged Tinamou_sound\Yellow-legged Tinamou22.mp3,Yellow-legged Tinamou_sound,Yellow-legged Tinamou,Yellow-legged Tinamou22.mp3,1056062,True,48000,2,2111868,43.99725,MP3,MPEG_LAYER_III,51a80bc9eec49e2779a483bf916999c5ce736042e51c4d148040f7721d0cd855
D:\other\Bird\Dataset\CC0\Puna Tinamou_sound\Puna Tinamou9.mp3,Puna Tinamou_sound\Puna Tinamou9.mp3,Puna Tinamou_sound,Puna Tinamou,Puna Tinamou9.mp3,1206165,True,32000,2,3201132,100.035375,MP3,MPEG_LAYER_III,52b24c67826afac4f06f16e170dec78cfef1f365b4328d0b3b38dc590ff2fe82
D:\other\Bird\Dataset\CC0\Puna Tinamou_sound\Puna Tinamou8.mp3,Puna Tinamou_sound\Puna Tinamou8.mp3,Puna Tinamou_sound,Puna Tinamou,Puna Tinamou8.mp3,1206165,True,32000,2,3201132,100.035375,MP3,MPEG_LAYER_III,52b24c67826afac4f06f16e170dec78cfef1f365b4328d0b3b38dc590ff2fe82
D:\other\Bird\Dataset\CC0\Rufous-vented Chachalaca_sound\Rufous-vented Chachalaca22.mp3,Rufous-vented Chachalaca_sound\Rufous-vented Chachalaca22.mp3,Rufous-vented Chachalaca_sound,Rufous-vented Chachalaca,Rufous-vented Chachalaca22.mp3,1525847,True,44100,1,4204852,95.3481179138322,MP3,MPEG_LAYER_III,52f34b9dbdb6f552ab63be33c12eae011b0e4522cd1667de55d1fb1296b4c96c
D:\other\Bird\Dataset\CC0\Rufous-vented Chachalaca_sound\Rufous-vented Chachalaca21.mp3,Rufous-vented Chachalaca_sound\Rufous-vented Chachalaca21.mp3,Rufous-vented Chachalaca_sound,Rufous-vented Chachalaca,Rufous-vented Chachalaca21.mp3,1525847,True,44100,1,4204852,95.3481179138322,MP3,MPEG_LAYER_III,52f34b9dbdb6f552ab63be33c12eae011b0e4522cd1667de55d1fb1296b4c96c
D:\other\Bird\Dataset\CC0\Highland Tinamou_sound\Highland Tinamou9.mp3,Highland Tinamou_sound\Highland Tinamou9.mp3,Highland Tinamou_sound,Highland Tinamou,Highland Tinamou9.mp3,344663,True,44100,1,1246040,28.25487528344671,MP3,MPEG_LAYER_III,534c9dd43a03d473c5da8866000934a4f26c79947662352c35e0e6db9408d5d5
D:\other\Bird\Dataset\CC0\Highland Tinamou_sound\Highland Tinamou10.mp3,Highland Tinamou_sound\Highland Tinamou10.mp3,Highland Tinamou_sound,Highland Tinamou,Highland Tinamou10.mp3,344663,True,44100,1,1246040,28.25487528344671,MP3,MPEG_LAYER_III,534c9dd43a03d473c5da8866000934a4f26c79947662352c35e0e6db9408d5d5
D:\other\Bird\Dataset\CC0\Tawny-breasted Tinamou_sound\Tawny-breasted Tinamou8.mp3,Tawny-breasted Tinamou_sound\Tawny-breasted Tinamou8.mp3,Tawny-breasted Tinamou_sound,Tawny-breasted Tinamou,Tawny-breasted Tinamou8.mp3,972318,True,44100,1,3878422,87.94607709750566,MP3,MPEG_LAYER_III,53c1bf632d4ad8ebda25f86a964f1a7fb8a9d335efd4cced72f69475e3073857
D:\other\Bird\Dataset\CC0\Tawny-breasted Tinamou_sound\Tawny-breasted Tinamou4.mp3,Tawny-breasted Tinamou_sound\Tawny-breasted Tinamou4.mp3,Tawny-breasted Tinamou_sound,Tawny-breasted Tinamou,Tawny-breasted Tinamou4.mp3,972318,True,44100,1,3878422,87.94607709750566,MP3,MPEG_LAYER_III,53c1bf632d4ad8ebda25f86a964f1a7fb8a9d335efd4cced72f69475e3073857
D:\other\Bird\Dataset\CC0\Tawny-breasted Tinamou_sound\Tawny-breasted Tinamou9.mp3,Tawny-breasted Tinamou_sound\Tawny-breasted Tinamou9.mp3,Tawny-breasted Tinamou_sound,Tawny-breasted Tinamou,Tawny-breasted Tinamou9.mp3,972318,True,44100,1,3878422,87.94607709750566,MP3,MPEG_LAYER_III,53c1bf632d4ad8ebda25f86a964f1a7fb8a9d335efd4cced72f69475e3073857
D:\other\Bird\Dataset\CC0\Tawny-breasted Tinamou_sound\Tawny-breasted Tinamou5.mp3,Tawny-breasted Tinamou_sound\Tawny-breasted Tinamou5.mp3,Tawny-breasted Tinamou_sound,Tawny-breasted Tinamou,Tawny-breasted Tinamou5.mp3,972318,True,44100,1,3878422,87.94607709750566,MP3,MPEG_LAYER_III,53c1bf632d4ad8ebda25f86a964f1a7fb8a9d335efd4cced72f69475e3073857
D:\other\Bird\Dataset\CC0\Tawny-breasted Tinamou_sound\Tawny-breasted Tinamou7.mp3,Tawny-breasted Tinamou_sound\Tawny-breasted Tinamou7.mp3,Tawny-breasted Tinamou_sound,Tawny-breasted Tinamou,Tawny-breasted Tinamou7.mp3,972318,True,44100,1,3878422,87.94607709750566,MP3,MPEG_LAYER_III,53c1bf632d4ad8ebda25f86a964f1a7fb8a9d335efd4cced72f69475e3073857
D:\other\Bird\Dataset\CC0\Tawny-breasted Tinamou_sound\Tawny-breasted Tinamou6.mp3,Tawny-breasted Tinamou_sound\Tawny-breasted Tinamou6.mp3,Tawny-breasted Tinamou_sound,Tawny-breasted Tinamou,Tawny-breasted Tinamou6.mp3,972318,True,44100,1,3878422,87.94607709750566,MP3,MPEG_LAYER_III,53c1bf632d4ad8ebda25f86a964f1a7fb8a9d335efd4cced72f69475e3073857
D:\other\Bird\Dataset\CC0\Black-fronted Piping Guan_sound\Black-fronted Piping Guan11.mp3,Black-fronted Piping Guan_sound\Black-fronted Piping Guan11.mp3,Black-fronted Piping Guan_sound,Black-fronted Piping Guan,Black-fronted Piping Guan11.mp3,82535,True,44100,1,274926,6.234149659863945,MP3,MPEG_LAYER_III,53de9dcb2bc6c41bae80582e75c668014244d2d178a0f9536f0d5fb60cb0bbae
D:\other\Bird\Dataset\CC0\Black-fronted Piping Guan_sound\Black-fronted Piping Guan9.mp3,Black-fronted Piping Guan_sound\Black-fronted Piping Guan9.mp3,Black-fronted Piping Guan_sound,Black-fronted Piping Guan,Black-fronted Piping Guan9.mp3,82535,True,44100,1,274926,6.234149659863945,MP3,MPEG_LAYER_III,53de9dcb2bc6c41bae80582e75c668014244d2d178a0f9536f0d5fb60cb0bbae
D:\other\Bird\Dataset\CC0\Black-fronted Piping Guan_sound\Black-fronted Piping Guan10.mp3,Black-fronted Piping Guan_sound\Black-fronted Piping Guan10.mp3,Black-fronted Piping Guan_sound,Black-fronted Piping Guan,Black-fronted Piping Guan10.mp3,82535,True,44100,1,274926,6.234149659863945,MP3,MPEG_LAYER_III,53de9dcb2bc6c41bae80582e75c668014244d2d178a0f9536f0d5fb60cb0bbae
D:\other\Bird\Dataset\CC0\Small-billed Tinamou_sound\Small-billed Tinamou22.mp3,Small-billed Tinamou_sound\Small-billed Tinamou22.mp3,Small-billed Tinamou_sound,Small-billed Tinamou,Small-billed Tinamou22.mp3,602955,True,44100,1,1661732,37.680997732426306,MP3,MPEG_LAYER_III,53dfc3b2b1452730be8cab87593f6a3849c2b5f31a1467b145f70a444f208d72
D:\other\Bird\Dataset\CC0\Small-billed Tinamou_sound\Small-billed Tinamou24.mp3,Small-billed Tinamou_sound\Small-billed Tinamou24.mp3,Small-billed Tinamou_sound,Small-billed Tinamou,Small-billed Tinamou24.mp3,602955,True,44100,1,1661732,37.680997732426306,MP3,MPEG_LAYER_III,53dfc3b2b1452730be8cab87593f6a3849c2b5f31a1467b145f70a444f208d72
D:\other\Bird\Dataset\CC0\Small-billed Tinamou_sound\Small-billed Tinamou23.mp3,Small-billed Tinamou_sound\Small-billed Tinamou23.mp3,Small-billed Tinamou_sound,Small-billed Tinamou,Small-billed Tinamou23.mp3,602955,True,44100,1,1661732,37.680997732426306,MP3,MPEG_LAYER_III,53dfc3b2b1452730be8cab87593f6a3849c2b5f31a1467b145f70a444f208d72
D:\other\Bird\Dataset\CC0\Small-billed Tinamou_sound\Small-billed Tinamou21.mp3,Small-billed Tinamou_sound\Small-billed Tinamou21.mp3,Small-billed Tinamou_sound,Small-billed Tinamou,Small-billed Tinamou21.mp3,602955,True,44100,1,1661732,37.680997732426306,MP3,MPEG_LAYER_III,53dfc3b2b1452730be8cab87593f6a3849c2b5f31a1467b145f70a444f208d72
D:\other\Bird\Dataset\CC0\Buff-browed Chachalaca_sound\Buff-browed Chachalaca6.mp3,Buff-browed Chachalaca_sound\Buff-browed Chachalaca6.mp3,Buff-browed Chachalaca_sound,Buff-browed Chachalaca,Buff-browed Chachalaca6.mp3,409740,True,48000,1,491534,10.240291666666666,MP3,MPEG_LAYER_III,5404f5b0b85fb03b6559e300182dcee4d92914056cdbcc145f726d3ab619358f
D:\other\Bird\Dataset\CC0\Buff-browed Chachalaca_sound\Buff-browed Chachalaca7.mp3,Buff-browed Chachalaca_sound\Buff-browed Chachalaca7.mp3,Buff-browed Chachalaca_sound,Buff-browed Chachalaca,Buff-browed Chachalaca7.mp3,409740,True,48000,1,491534,10.240291666666666,MP3,MPEG_LAYER_III,5404f5b0b85fb03b6559e300182dcee4d92914056cdbcc145f726d3ab619358f
D:\other\Bird\Dataset\CC0\Tawny-breasted Tinamou_sound\Tawny-breasted Tinamou22.mp3,Tawny-breasted Tinamou_sound\Tawny-breasted Tinamou22.mp3,Tawny-breasted Tinamou_sound,Tawny-breasted Tinamou,Tawny-breasted Tinamou22.mp3,83830,True,44100,1,287061,6.509319727891157,MP3,MPEG_LAYER_III,5469a79972c60422ddfca774be15fec8381d78c9254934a15791746076993d70
D:\other\Bird\Dataset\CC0\Tawny-breasted Tinamou_sound\Tawny-breasted Tinamou23.mp3,Tawny-breasted Tinamou_sound\Tawny-breasted Tinamou23.mp3,Tawny-breasted Tinamou_sound,Tawny-breasted Tinamou,Tawny-breasted Tinamou23.mp3,83830,True,44100,1,287061,6.509319727891157,MP3,MPEG_LAYER_III,5469a79972c60422ddfca774be15fec8381d78c9254934a15791746076993d70
D:\other\Bird\Dataset\CC0\Black-capped Tinamou_sound\Black-capped Tinamou26.mp3,Black-capped Tinamou_sound\Black-capped Tinamou26.mp3,Black-capped Tinamou_sound,Black-capped Tinamou,Black-capped Tinamou26.mp3,27907,True,16000,1,21004,1.31275,MP3,MPEG_LAYER_III,5478672e14ec7fb255ac8d63c05c4ea3e64066fc592f8ff6eaafc67075293962
D:\other\Bird\Dataset\CC0\Black-capped Tinamou_sound\Black-capped Tinamou27.mp3,Black-capped Tinamou_sound\Black-capped Tinamou27.mp3,Black-capped Tinamou_sound,Black-capped Tinamou,Black-capped Tinamou27.mp3,27907,True,16000,1,21004,1.31275,MP3,MPEG_LAYER_III,5478672e14ec7fb255ac8d63c05c4ea3e64066fc592f8ff6eaafc67075293962
D:\other\Bird\Dataset\CC0\Choco Tinamou_sound\Choco Tinamou3.mp3,Choco Tinamou_sound\Choco Tinamou3.mp3,Choco Tinamou_sound,Choco Tinamou,Choco Tinamou3.mp3,79149,True,44100,1,436266,9.89265306122449,MP3,MPEG_LAYER_III,549a249f1b8267f870ae1bc69c8b0189a498790249e072dde4dbcca1c3671707
D:\other\Bird\Dataset\CC0\Choco Tinamou_sound\Choco Tinamou4.mp3,Choco Tinamou_sound\Choco Tinamou4.mp3,Choco Tinamou_sound,Choco Tinamou,Choco Tinamou4.mp3,79149,True,44100,1,436266,9.89265306122449,MP3,MPEG_LAYER_III,549a249f1b8267f870ae1bc69c8b0189a498790249e072dde4dbcca1c3671707
D:\other\Bird\Dataset\CC0\Greater Rhea_sound\Greater Rhea11.mp3,Greater Rhea_sound\Greater Rhea11.mp3,Greater Rhea_sound,Greater Rhea,Greater Rhea11.mp3,61676,True,44100,1,153270,3.475510204081633,MP3,MPEG_LAYER_III,550eb83a7f872bf7657877461f63c3c183e4f39bd34a02ff3e6166a28049d9b3
D:\other\Bird\Dataset\CC0\Greater Rhea_sound\Greater Rhea10.mp3,Greater Rhea_sound\Greater Rhea10.mp3,Greater Rhea_sound,Greater Rhea,Greater Rhea10.mp3,61676,True,44100,1,153270,3.475510204081633,MP3,MPEG_LAYER_III,550eb83a7f872bf7657877461f63c3c183e4f39bd34a02ff3e6166a28049d9b3
D:\other\Bird\Dataset\CC0\Greater Rhea_sound\Greater Rhea9.mp3,Greater Rhea_sound\Greater Rhea9.mp3,Greater Rhea_sound,Greater Rhea,Greater Rhea9.mp3,61676,True,44100,1,153270,3.475510204081633,MP3,MPEG_LAYER_III,550eb83a7f872bf7657877461f63c3c183e4f39bd34a02ff3e6166a28049d9b3
D:\other\Bird\Dataset\CC0\Pale-browed Tinamou_sound\Pale-browed Tinamou31.mp3,Pale-browed Tinamou_sound\Pale-browed Tinamou31.mp3,Pale-browed Tinamou_sound,Pale-browed Tinamou,Pale-browed Tinamou31.mp3,55903,True,44100,1,61627,1.397437641723356,MP3,MPEG_LAYER_III,553858d4ca720214568b13cb2ece30285e4f88d04062c895502d31663682a4b3
D:\other\Bird\Dataset\CC0\Brazilian Tinamou_sound\Brazilian Tinamou2.mp3,Brazilian Tinamou_sound\Brazilian Tinamou2.mp3,Brazilian Tinamou_sound,Brazilian Tinamou,Brazilian Tinamou2.mp3,55903,True,44100,1,61627,1.397437641723356,MP3,MPEG_LAYER_III,553858d4ca720214568b13cb2ece30285e4f88d04062c895502d31663682a4b3
D:\other\Bird\Dataset\CC0\Dwarf Tinamou_sound\Dwarf Tinamou13.mp3,Dwarf Tinamou_sound\Dwarf Tinamou13.mp3,Dwarf Tinamou_sound,Dwarf Tinamou,Dwarf Tinamou13.mp3,765537,True,44100,2,1394511,31.62156462585034,MP3,MPEG_LAYER_III,56854fe56b58243d4da5e67af3e62e0dcf1791a3e87fc478fdadd105ec894032
D:\other\Bird\Dataset\CC0\Dwarf Tinamou_sound\Dwarf Tinamou12.mp3,Dwarf Tinamou_sound\Dwarf Tinamou12.mp3,Dwarf Tinamou_sound,Dwarf Tinamou,Dwarf Tinamou12.mp3,765537,True,44100,2,1394511,31.62156462585034,MP3,MPEG_LAYER_III,56854fe56b58243d4da5e67af3e62e0dcf1791a3e87fc478fdadd105ec894032
D:\other\Bird\Dataset\CC0\West Mexican Chachalaca_sound\West Mexican Chachalaca20.mp3,West Mexican Chachalaca_sound\West Mexican Chachalaca20.mp3,West Mexican Chachalaca_sound,West Mexican Chachalaca,West Mexican Chachalaca20.mp3,455915,True,48000,2,547098,11.397875,MP3,MPEG_LAYER_III,569c36aa654ada7cc3fd284512f1373dd5566db3d7b721985adeef0414c9e6ca
D:\other\Bird\Dataset\CC0\West Mexican Chachalaca_sound\West Mexican Chachalaca19.mp3,West Mexican Chachalaca_sound\West Mexican Chachalaca19.mp3,West Mexican Chachalaca_sound,West Mexican Chachalaca,West Mexican Chachalaca19.mp3,455915,True,48000,2,547098,11.397875,MP3,MPEG_LAYER_III,569c36aa654ada7cc3fd284512f1373dd5566db3d7b721985adeef0414c9e6ca
D:\other\Bird\Dataset\CC0\West Mexican Chachalaca_sound\West Mexican Chachalaca21.mp3,West Mexican Chachalaca_sound\West Mexican Chachalaca21.mp3,West Mexican Chachalaca_sound,West Mexican Chachalaca,West Mexican Chachalaca21.mp3,455915,True,48000,2,547098,11.397875,MP3,MPEG_LAYER_III,569c36aa654ada7cc3fd284512f1373dd5566db3d7b721985adeef0414c9e6ca
D:\other\Bird\Dataset\CC0\Little Chachalaca_sound\Little Chachalaca10.mp3,Little Chachalaca_sound\Little Chachalaca10.mp3,Little Chachalaca_sound,Little Chachalaca,Little Chachalaca10.mp3,461425,True,44100,2,534193,12.113219954648526,MP3,MPEG_LAYER_III,56f96a83a768d72498e7f00f633664029c2a5cc209ff118481b9428573d214c7
D:\other\Bird\Dataset\CC0\Little Chachalaca_sound\Little Chachalaca8.mp3,Little Chachalaca_sound\Little Chachalaca8.mp3,Little Chachalaca_sound,Little Chachalaca,Little Chachalaca8.mp3,461425,True,44100,2,534193,12.113219954648526,MP3,MPEG_LAYER_III,56f96a83a768d72498e7f00f633664029c2a5cc209ff118481b9428573d214c7
D:\other\Bird\Dataset\CC0\Little Chachalaca_sound\Little Chachalaca11.mp3,Little Chachalaca_sound\Little Chachalaca11.mp3,Little Chachalaca_sound,Little Chachalaca,Little Chachalaca11.mp3,461425,True,44100,2,534193,12.113219954648526,MP3,MPEG_LAYER_III,56f96a83a768d72498e7f00f633664029c2a5cc209ff118481b9428573d214c7
D:\other\Bird\Dataset\CC0\Little Chachalaca_sound\Little Chachalaca9.mp3,Little Chachalaca_sound\Little Chachalaca9.mp3,Little Chachalaca_sound,Little Chachalaca,Little Chachalaca9.mp3,461425,True,44100,2,534193,12.113219954648526,MP3,MPEG_LAYER_III,56f96a83a768d72498e7f00f633664029c2a5cc209ff118481b9428573d214c7
D:\other\Bird\Dataset\CC0\Little Chachalaca_sound\Little Chachalaca12.mp3,Little Chachalaca_sound\Little Chachalaca12.mp3,Little Chachalaca_sound,Little Chachalaca,Little Chachalaca12.mp3,461425,True,44100,2,534193,12.113219954648526,MP3,MPEG_LAYER_III,56f96a83a768d72498e7f00f633664029c2a5cc209ff118481b9428573d214c7
D:\other\Bird\Dataset\CC0\Greater Rhea_sound\Greater Rhea6.mp3,Greater Rhea_sound\Greater Rhea6.mp3,Greater Rhea_sound,Greater Rhea,Greater Rhea6.mp3,251342,True,44100,1,1843302,41.79823129251701,MP3,MPEG_LAYER_III,58bd9d7706e514657c7e9167ebdafe290a7e489c7ad00635867f35df6cc62448
D:\other\Bird\Dataset\CC0\Greater Rhea_sound\Greater Rhea5.mp3,Greater Rhea_sound\Greater Rhea5.mp3,Greater Rhea_sound,Greater Rhea,Greater Rhea5.mp3,251342,True,44100,1,1843302,41.79823129251701,MP3,MPEG_LAYER_III,58bd9d7706e514657c7e9167ebdafe290a7e489c7ad00635867f35df6cc62448
D:\other\Bird\Dataset\CC0\Dwarf Tinamou_sound\Dwarf Tinamou10.mp3,Dwarf Tinamou_sound\Dwarf Tinamou10.mp3,Dwarf Tinamou_sound,Dwarf Tinamou,Dwarf Tinamou10.mp3,402152,True,44100,2,1110981,25.192312925170068,MP3,MPEG_LAYER_III,58e6592d57a99cc6b0c3e3d6cdd46c9ac0d892e98a0843bf41231b894782da7e
D:\other\Bird\Dataset\CC0\Dwarf Tinamou_sound\Dwarf Tinamou11.mp3,Dwarf Tinamou_sound\Dwarf Tinamou11.mp3,Dwarf Tinamou_sound,Dwarf Tinamou,Dwarf Tinamou11.mp3,402152,True,44100,2,1110981,25.192312925170068,MP3,MPEG_LAYER_III,58e6592d57a99cc6b0c3e3d6cdd46c9ac0d892e98a0843bf41231b894782da7e
D:\other\Bird\Dataset\CC0\Dwarf Tinamou_sound\Dwarf Tinamou7.mp3,Dwarf Tinamou_sound\Dwarf Tinamou7.mp3,Dwarf Tinamou_sound,Dwarf Tinamou,Dwarf Tinamou7.mp3,402152,True,44100,2,1110981,25.192312925170068,MP3,MPEG_LAYER_III,58e6592d57a99cc6b0c3e3d6cdd46c9ac0d892e98a0843bf41231b894782da7e
D:\other\Bird\Dataset\CC0\Dwarf Tinamou_sound\Dwarf Tinamou8.mp3,Dwarf Tinamou_sound\Dwarf Tinamou8.mp3,Dwarf Tinamou_sound,Dwarf Tinamou,Dwarf Tinamou8.mp3,402152,True,44100,2,1110981,25.192312925170068,MP3,MPEG_LAYER_III,58e6592d57a99cc6b0c3e3d6cdd46c9ac0d892e98a0843bf41231b894782da7e
D:\other\Bird\Dataset\CC0\Dwarf Tinamou_sound\Dwarf Tinamou9.mp3,Dwarf Tinamou_sound\Dwarf Tinamou9.mp3,Dwarf Tinamou_sound,Dwarf Tinamou,Dwarf Tinamou9.mp3,402152,True,44100,2,1110981,25.192312925170068,MP3,MPEG_LAYER_III,58e6592d57a99cc6b0c3e3d6cdd46c9ac0d892e98a0843bf41231b894782da7e
D:\other\Bird\Dataset\CC0\Cinereous Tinamou_sound\Cinereous Tinamou17.mp3,Cinereous Tinamou_sound\Cinereous Tinamou17.mp3,Cinereous Tinamou_sound,Cinereous Tinamou,Cinereous Tinamou17.mp3,693504,True,44100,1,1911283,43.33975056689342,MP3,MPEG_LAYER_III,58e6be54155c81b1e5231ec700f3b92590f9dcabbc277aa130c2f0c1e7b1bf6c
D:\other\Bird\Dataset\CC0\Cinereous Tinamou_sound\Cinereous Tinamou21.mp3,Cinereous Tinamou_sound\Cinereous Tinamou21.mp3,Cinereous Tinamou_sound,Cinereous Tinamou,Cinereous Tinamou21.mp3,693504,True,44100,1,1911283,43.33975056689342,MP3,MPEG_LAYER_III,58e6be54155c81b1e5231ec700f3b92590f9dcabbc277aa130c2f0c1e7b1bf6c
D:\other\Bird\Dataset\CC0\Cinereous Tinamou_sound\Cinereous Tinamou20.mp3,Cinereous Tinamou_sound\Cinereous Tinamou20.mp3,Cinereous Tinamou_sound,Cinereous Tinamou,Cinereous Tinamou20.mp3,693504,True,44100,1,1911283,43.33975056689342,MP3,MPEG_LAYER_III,58e6be54155c81b1e5231ec700f3b92590f9dcabbc277aa130c2f0c1e7b1bf6c
D:\other\Bird\Dataset\CC0\Cinereous Tinamou_sound\Cinereous Tinamou19.mp3,Cinereous Tinamou_sound\Cinereous Tinamou19.mp3,Cinereous Tinamou_sound,Cinereous Tinamou,Cinereous Tinamou19.mp3,693504,True,44100,1,1911283,43.33975056689342,MP3,MPEG_LAYER_III,58e6be54155c81b1e5231ec700f3b92590f9dcabbc277aa130c2f0c1e7b1bf6c
D:\other\Bird\Dataset\CC0\Cinereous Tinamou_sound\Cinereous Tinamou18.mp3,Cinereous Tinamou_sound\Cinereous Tinamou18.mp3,Cinereous Tinamou_sound,Cinereous Tinamou,Cinereous Tinamou18.mp3,693504,True,44100,1,1911283,43.33975056689342,MP3,MPEG_LAYER_III,58e6be54155c81b1e5231ec700f3b92590f9dcabbc277aa130c2f0c1e7b1bf6c
D:\other\Bird\Dataset\CC0\Cinereous Tinamou_sound\Cinereous Tinamou16.mp3,Cinereous Tinamou_sound\Cinereous Tinamou16.mp3,Cinereous Tinamou_sound,Cinereous Tinamou,Cinereous Tinamou16.mp3,693504,True,44100,1,1911283,43.33975056689342,MP3,MPEG_LAYER_III,58e6be54155c81b1e5231ec700f3b92590f9dcabbc277aa130c2f0c1e7b1bf6c
D:\other\Bird\Dataset\CC0\Cinereous Tinamou_sound\Cinereous Tinamou15.mp3,Cinereous Tinamou_sound\Cinereous Tinamou15.mp3,Cinereous Tinamou_sound,Cinereous Tinamou,Cinereous Tinamou15.mp3,693504,True,44100,1,1911283,43.33975056689342,MP3,MPEG_LAYER_III,58e6be54155c81b1e5231ec700f3b92590f9dcabbc277aa130c2f0c1e7b1bf6c
D:\other\Bird\Dataset\CC0\Cinereous Tinamou_sound\Cinereous Tinamou14.mp3,Cinereous Tinamou_sound\Cinereous Tinamou14.mp3,Cinereous Tinamou_sound,Cinereous Tinamou,Cinereous Tinamou14.mp3,693504,True,44100,1,1911283,43.33975056689342,MP3,MPEG_LAYER_III,58e6be54155c81b1e5231ec700f3b92590f9dcabbc277aa130c2f0c1e7b1bf6c
D:\other\Bird\Dataset\CC0\Cinereous Tinamou_sound\Cinereous Tinamou13.mp3,Cinereous Tinamou_sound\Cinereous Tinamou13.mp3,Cinereous Tinamou_sound,Cinereous Tinamou,Cinereous Tinamou13.mp3,693504,True,44100,1,1911283,43.33975056689342,MP3,MPEG_LAYER_III,58e6be54155c81b1e5231ec700f3b92590f9dcabbc277aa130c2f0c1e7b1bf6c
D:\other\Bird\Dataset\CC0\Cinereous Tinamou_sound\Cinereous Tinamou22.mp3,Cinereous Tinamou_sound\Cinereous Tinamou22.mp3,Cinereous Tinamou_sound,Cinereous Tinamou,Cinereous Tinamou22.mp3,693504,True,44100,1,1911283,43.33975056689342,MP3,MPEG_LAYER_III,58e6be54155c81b1e5231ec700f3b92590f9dcabbc277aa130c2f0c1e7b1bf6c
D:\other\Bird\Dataset\CC0\Crested Guan_sound\Crested Guan15.mp3,Crested Guan_sound\Crested Guan15.mp3,Crested Guan_sound,Crested Guan,Crested Guan15.mp3,473119,True,44100,1,1303554,29.559047619047618,MP3,MPEG_LAYER_III,592653b3320916bac7072fa1a36e52a7e492f3b7431cda06269796acbe8314b4
D:\other\Bird\Dataset\CC0\Crested Guan_sound\Crested Guan16.mp3,Crested Guan_sound\Crested Guan16.mp3,Crested Guan_sound,Crested Guan,Crested Guan16.mp3,473119,True,44100,1,1303554,29.559047619047618,MP3,MPEG_LAYER_III,592653b3320916bac7072fa1a36e52a7e492f3b7431cda06269796acbe8314b4
D:\other\Bird\Dataset\CC0\Pale-browed Tinamou_sound\Pale-browed Tinamou19.mp3,Pale-browed Tinamou_sound\Pale-browed Tinamou19.mp3,Pale-browed Tinamou_sound,Pale-browed Tinamou,Pale-browed Tinamou19.mp3,370114,True,44100,1,1633606,37.04321995464853,MP3,MPEG_LAYER_III,5954c264e451a4b3cc667240f7c83f52dc6650c8b97f7ec9a45762bf451300a5
D:\other\Bird\Dataset\CC0\Pale-browed Tinamou_sound\Pale-browed Tinamou20.mp3,Pale-browed Tinamou_sound\Pale-browed Tinamou20.mp3,Pale-browed Tinamou_sound,Pale-browed Tinamou,Pale-browed Tinamou20.mp3,370114,True,44100,1,1633606,37.04321995464853,MP3,MPEG_LAYER_III,5954c264e451a4b3cc667240f7c83f52dc6650c8b97f7ec9a45762bf451300a5
D:\other\Bird\Dataset\CC0\Pale-browed Tinamou_sound\Pale-browed Tinamou21.mp3,Pale-browed Tinamou_sound\Pale-browed Tinamou21.mp3,Pale-browed Tinamou_sound,Pale-browed Tinamou,Pale-browed Tinamou21.mp3,370114,True,44100,1,1633606,37.04321995464853,MP3,MPEG_LAYER_III,5954c264e451a4b3cc667240f7c83f52dc6650c8b97f7ec9a45762bf451300a5
D:\other\Bird\Dataset\CC0\Grey Tinamou_sound\Grey Tinamou8.mp3,Grey Tinamou_sound\Grey Tinamou8.mp3,Grey Tinamou_sound,Grey Tinamou,Grey Tinamou8.mp3,41963,True,44100,1,231298,5.244852607709751,MP3,MPEG_LAYER_III,59b8e413ca8a425941312e874d9a465ce06242745c682163aca9564fbb271279
D:\other\Bird\Dataset\CC0\Grey Tinamou_sound\Grey Tinamou9.mp3,Grey Tinamou_sound\Grey Tinamou9.mp3,Grey Tinamou_sound,Grey Tinamou,Grey Tinamou9.mp3,41963,True,44100,1,231298,5.244852607709751,MP3,MPEG_LAYER_III,59b8e413ca8a425941312e874d9a465ce06242745c682163aca9564fbb271279
D:\other\Bird\Dataset\CC0\Melanesian Megapode_sound\Melanesian Megapode3.mp3,Melanesian Megapode_sound\Melanesian Megapode3.mp3,Melanesian Megapode_sound,Melanesian Megapode,Melanesian Megapode3.mp3,1648760,True,44100,2,3017120,68.41541950113378,MP3,MPEG_LAYER_III,5aec07d950da9740449862dde5b11b6f190ecad833fa5250da4a8cd53bd711e8
D:\other\Bird\Dataset\CC0\Melanesian Megapode_sound\Melanesian Megapode4.mp3,Melanesian Megapode_sound\Melanesian Megapode4.mp3,Melanesian Megapode_sound,Melanesian Megapode,Melanesian Megapode4.mp3,1648760,True,44100,2,3017120,68.41541950113378,MP3,MPEG_LAYER_III,5aec07d950da9740449862dde5b11b6f190ecad833fa5250da4a8cd53bd711e8
D:\other\Bird\Dataset\CC0\Melanesian Megapode_sound\Melanesian Megapode5.mp3,Melanesian Megapode_sound\Melanesian Megapode5.mp3,Melanesian Megapode_sound,Melanesian Megapode,Melanesian Megapode5.mp3,1648760,True,44100,2,3017120,68.41541950113378,MP3,MPEG_LAYER_III,5aec07d950da9740449862dde5b11b6f190ecad833fa5250da4a8cd53bd711e8
D:\other\Bird\Dataset\CC0\Melanesian Megapode_sound\Melanesian Megapode6.mp3,Melanesian Megapode_sound\Melanesian Megapode6.mp3,Melanesian Megapode_sound,Melanesian Megapode,Melanesian Megapode6.mp3,1648760,True,44100,2,3017120,68.41541950113378,MP3,MPEG_LAYER_III,5aec07d950da9740449862dde5b11b6f190ecad833fa5250da4a8cd53bd711e8
D:\other\Bird\Dataset\CC0\Band-tailed Guan_sound\Band-tailed Guan2.mp3,Band-tailed Guan_sound\Band-tailed Guan2.mp3,Band-tailed Guan_sound,Band-tailed Guan,Band-tailed Guan2.mp3,1141792,True,44100,2,3130613,70.98895691609977,MP3,MPEG_LAYER_III,5c5ecd374b82f56412d74e5e89654d7966ba16d4d270eb22ab7460667a9d21ea
D:\other\Bird\Dataset\CC0\Buff-browed Chachalaca_sound\Buff-browed Chachalaca11.mp3,Buff-browed Chachalaca_sound\Buff-browed Chachalaca11.mp3,Buff-browed Chachalaca_sound,Buff-browed Chachalaca,Buff-browed Chachalaca11.mp3,1141792,True,44100,2,3130613,70.98895691609977,MP3,MPEG_LAYER_III,5c5ecd374b82f56412d74e5e89654d7966ba16d4d270eb22ab7460667a9d21ea
D:\other\Bird\Dataset\CC0\Slaty-breasted Tinamou_sound\Slaty-breasted Tinamou21.mp3,Slaty-breasted Tinamou_sound\Slaty-breasted Tinamou21.mp3,Slaty-breasted Tinamou_sound,Slaty-breasted Tinamou,Slaty-breasted Tinamou21.mp3,33329,True,44100,1,184591,4.185736961451247,MP3,MPEG_LAYER_III,5d45b771f062776f1e9a331329be852d09905d21379cad77f8ec32d9331dbe1e
D:\other\Bird\Dataset\CC0\Slaty-breasted Tinamou_sound\Slaty-breasted Tinamou22.mp3,Slaty-breasted Tinamou_sound\Slaty-breasted Tinamou22.mp3,Slaty-breasted Tinamou_sound,Slaty-breasted Tinamou,Slaty-breasted Tinamou22.mp3,33329,True,44100,1,184591,4.185736961451247,MP3,MPEG_LAYER_III,5d45b771f062776f1e9a331329be852d09905d21379cad77f8ec32d9331dbe1e
D:\other\Bird\Dataset\CC0\Black-capped Tinamou_sound\Black-capped Tinamou4.mp3,Black-capped Tinamou_sound\Black-capped Tinamou4.mp3,Black-capped Tinamou_sound,Black-capped Tinamou,Black-capped Tinamou4.mp3,107526,True,44100,2,351124,7.961995464852608,MP3,MPEG_LAYER_III,5d4bb4e8ece0a6aa5059ae328ed69473646bbd0fedac6d79f19e64bbf5048ce4
D:\other\Bird\Dataset\CC0\Black-capped Tinamou_sound\Black-capped Tinamou3.mp3,Black-capped Tinamou_sound\Black-capped Tinamou3.mp3,Black-capped Tinamou_sound,Black-capped Tinamou,Black-capped Tinamou3.mp3,107526,True,44100,2,351124,7.961995464852608,MP3,MPEG_LAYER_III,5d4bb4e8ece0a6aa5059ae328ed69473646bbd0fedac6d79f19e64bbf5048ce4
D:\other\Bird\Dataset\CC0\Black-capped Tinamou_sound\Black-capped Tinamou2.mp3,Black-capped Tinamou_sound\Black-capped Tinamou2.mp3,Black-capped Tinamou_sound,Black-capped Tinamou,Black-capped Tinamou2.mp3,107526,True,44100,2,351124,7.961995464852608,MP3,MPEG_LAYER_III,5d4bb4e8ece0a6aa5059ae328ed69473646bbd0fedac6d79f19e64bbf5048ce4
D:\other\Bird\Dataset\CC0\Black-capped Tinamou_sound\Black-capped Tinamou5.mp3,Black-capped Tinamou_sound\Black-capped Tinamou5.mp3,Black-capped Tinamou_sound,Black-capped Tinamou,Black-capped Tinamou5.mp3,107526,True,44100,2,351124,7.961995464852608,MP3,MPEG_LAYER_III,5d4bb4e8ece0a6aa5059ae328ed69473646bbd0fedac6d79f19e64bbf5048ce4
D:\other\Bird\Dataset\CC0\Rusty-margined Guan_sound\Rusty-margined Guan12.mp3,Rusty-margined Guan_sound\Rusty-margined Guan12.mp3,Rusty-margined Guan_sound,Rusty-margined Guan,Rusty-margined Guan12.mp3,174232,True,44100,1,960360,21.77687074829932,MP3,MPEG_LAYER_III,5d995842f7f935c48fc6da68205721493ab029c32ba143c68de633a92bb503f4
D:\other\Bird\Dataset\CC0\Rusty-margined Guan_sound\Rusty-margined Guan13.mp3,Rusty-margined Guan_sound\Rusty-margined Guan13.mp3,Rusty-margined Guan_sound,Rusty-margined Guan,Rusty-margined Guan13.mp3,174232,True,44100,1,960360,21.77687074829932,MP3,MPEG_LAYER_III,5d995842f7f935c48fc6da68205721493ab029c32ba143c68de633a92bb503f4
D:\other\Bird\Dataset\CC0\Scaled Chachalaca_sound\Scaled Chachalaca2.mp3,Scaled Chachalaca_sound\Scaled Chachalaca2.mp3,Scaled Chachalaca_sound,Scaled Chachalaca,Scaled Chachalaca2.mp3,293540,True,44100,2,810930,18.38843537414966,MP3,MPEG_LAYER_III,5e7a7b3d34a328011c47672730bdc050d6b3d910396f67d8d5ea23eb70ff0568
D:\other\Bird\Dataset\CC0\Scaled Chachalaca_sound\Scaled Chachalaca11.mp3,Scaled Chachalaca_sound\Scaled Chachalaca11.mp3,Scaled Chachalaca_sound,Scaled Chachalaca,Scaled Chachalaca11.mp3,293540,True,44100,2,810930,18.38843537414966,MP3,MPEG_LAYER_III,5e7a7b3d34a328011c47672730bdc050d6b3d910396f67d8d5ea23eb70ff0568
D:\other\Bird\Dataset\CC0\Scaled Chachalaca_sound\Scaled Chachalaca10.mp3,Scaled Chachalaca_sound\Scaled Chachalaca10.mp3,Scaled Chachalaca_sound,Scaled Chachalaca,Scaled Chachalaca10.mp3,293540,True,44100,2,810930,18.38843537414966,MP3,MPEG_LAYER_III,5e7a7b3d34a328011c47672730bdc050d6b3d910396f67d8d5ea23eb70ff0568
D:\other\Bird\Dataset\CC0\Scaled Chachalaca_sound\Scaled Chachalaca12.mp3,Scaled Chachalaca_sound\Scaled Chachalaca12.mp3,Scaled Chachalaca_sound,Scaled Chachalaca,Scaled Chachalaca12.mp3,293540,True,44100,2,810930,18.38843537414966,MP3,MPEG_LAYER_III,5e7a7b3d34a328011c47672730bdc050d6b3d910396f67d8d5ea23eb70ff0568
D:\other\Bird\Dataset\CC0\Scaled Chachalaca_sound\Scaled Chachalaca3.mp3,Scaled Chachalaca_sound\Scaled Chachalaca3.mp3,Scaled Chachalaca_sound,Scaled Chachalaca,Scaled Chachalaca3.mp3,293540,True,44100,2,810930,18.38843537414966,MP3,MPEG_LAYER_III,5e7a7b3d34a328011c47672730bdc050d6b3d910396f67d8d5ea23eb70ff0568
D:\other\Bird\Dataset\CC0\Scaled Chachalaca_sound\Scaled Chachalaca5.mp3,Scaled Chachalaca_sound\Scaled Chachalaca5.mp3,Scaled Chachalaca_sound,Scaled Chachalaca,Scaled Chachalaca5.mp3,293540,True,44100,2,810930,18.38843537414966,MP3,MPEG_LAYER_III,5e7a7b3d34a328011c47672730bdc050d6b3d910396f67d8d5ea23eb70ff0568
D:\other\Bird\Dataset\CC0\Scaled Chachalaca_sound\Scaled Chachalaca6.mp3,Scaled Chachalaca_sound\Scaled Chachalaca6.mp3,Scaled Chachalaca_sound,Scaled Chachalaca,Scaled Chachalaca6.mp3,293540,True,44100,2,810930,18.38843537414966,MP3,MPEG_LAYER_III,5e7a7b3d34a328011c47672730bdc050d6b3d910396f67d8d5ea23eb70ff0568
D:\other\Bird\Dataset\CC0\Scaled Chachalaca_sound\Scaled Chachalaca7.mp3,Scaled Chachalaca_sound\Scaled Chachalaca7.mp3,Scaled Chachalaca_sound,Scaled Chachalaca,Scaled Chachalaca7.mp3,293540,True,44100,2,810930,18.38843537414966,MP3,MPEG_LAYER_III,5e7a7b3d34a328011c47672730bdc050d6b3d910396f67d8d5ea23eb70ff0568
D:\other\Bird\Dataset\CC0\East Brazilian Chachalaca_sound\East Brazilian Chachalaca23.mp3,East Brazilian Chachalaca_sound\East Brazilian Chachalaca23.mp3,East Brazilian Chachalaca_sound,East Brazilian Chachalaca,East Brazilian Chachalaca23.mp3,293540,True,44100,2,810930,18.38843537414966,MP3,MPEG_LAYER_III,5e7a7b3d34a328011c47672730bdc050d6b3d910396f67d8d5ea23eb70ff0568
D:\other\Bird\Dataset\CC0\Scaled Chachalaca_sound\Scaled Chachalaca8.mp3,Scaled Chachalaca_sound\Scaled Chachalaca8.mp3,Scaled Chachalaca_sound,Scaled Chachalaca,Scaled Chachalaca8.mp3,293540,True,44100,2,810930,18.38843537414966,MP3,MPEG_LAYER_III,5e7a7b3d34a328011c47672730bdc050d6b3d910396f67d8d5ea23eb70ff0568
D:\other\Bird\Dataset\CC0\Scaled Chachalaca_sound\Scaled Chachalaca9.mp3,Scaled Chachalaca_sound\Scaled Chachalaca9.mp3,Scaled Chachalaca_sound,Scaled Chachalaca,Scaled Chachalaca9.mp3,293540,True,44100,2,810930,18.38843537414966,MP3,MPEG_LAYER_III,5e7a7b3d34a328011c47672730bdc050d6b3d910396f67d8d5ea23eb70ff0568
D:\other\Bird\Dataset\CC0\Scaled Chachalaca_sound\Scaled Chachalaca4.mp3,Scaled Chachalaca_sound\Scaled Chachalaca4.mp3,Scaled Chachalaca_sound,Scaled Chachalaca,Scaled Chachalaca4.mp3,293540,True,44100,2,810930,18.38843537414966,MP3,MPEG_LAYER_III,5e7a7b3d34a328011c47672730bdc050d6b3d910396f67d8d5ea23eb70ff0568
D:\other\Bird\Dataset\CC0\Speckled Chachalaca_sound\Speckled Chachalaca4.mp3,Speckled Chachalaca_sound\Speckled Chachalaca4.mp3,Speckled Chachalaca_sound,Speckled Chachalaca,Speckled Chachalaca4.mp3,6043223,True,44100,2,6655025,150.90759637188208,MP3,MPEG_LAYER_III,5ee384cce9c76c9c8dee910d491aa630781cb5204317a2a6fc082c0f9ed6019e
D:\other\Bird\Dataset\CC0\Speckled Chachalaca_sound\Speckled Chachalaca5.mp3,Speckled Chachalaca_sound\Speckled Chachalaca5.mp3,Speckled Chachalaca_sound,Speckled Chachalaca,Speckled Chachalaca5.mp3,6043223,True,44100,2,6655025,150.90759637188208,MP3,MPEG_LAYER_III,5ee384cce9c76c9c8dee910d491aa630781cb5204317a2a6fc082c0f9ed6019e
D:\other\Bird\Dataset\CC0\Speckled Chachalaca_sound\Speckled Chachalaca3.mp3,Speckled Chachalaca_sound\Speckled Chachalaca3.mp3,Speckled Chachalaca_sound,Speckled Chachalaca,Speckled Chachalaca3.mp3,6043223,True,44100,2,6655025,150.90759637188208,MP3,MPEG_LAYER_III,5ee384cce9c76c9c8dee910d491aa630781cb5204317a2a6fc082c0f9ed6019e
D:\other\Bird\Dataset\CC0\Speckled Chachalaca_sound\Speckled Chachalaca2.mp3,Speckled Chachalaca_sound\Speckled Chachalaca2.mp3,Speckled Chachalaca_sound,Speckled Chachalaca,Speckled Chachalaca2.mp3,6043223,True,44100,2,6655025,150.90759637188208,MP3,MPEG_LAYER_III,5ee384cce9c76c9c8dee910d491aa630781cb5204317a2a6fc082c0f9ed6019e
D:\other\Bird\Dataset\CC0\Emu_sound\Emu5.mp3,Emu_sound\Emu5.mp3,Emu_sound,Emu,Emu5.mp3,482172,True,22050,1,655885,29.745351473922902,MP3,MPEG_LAYER_III,5f3af68d295eff03e4076348f2cac11ee18d2f4eacda4acace8ec4aee1cc63af
D:\other\Bird\Dataset\CC0\Emu_sound\Emu6.mp3,Emu_sound\Emu6.mp3,Emu_sound,Emu,Emu6.mp3,482172,True,22050,1,655885,29.745351473922902,MP3,MPEG_LAYER_III,5f3af68d295eff03e4076348f2cac11ee18d2f4eacda4acace8ec4aee1cc63af
D:\other\Bird\Dataset\CC0\Emu_sound\Emu7.mp3,Emu_sound\Emu7.mp3,Emu_sound,Emu,Emu7.mp3,482172,True,22050,1,655885,29.745351473922902,MP3,MPEG_LAYER_III,5f3af68d295eff03e4076348f2cac11ee18d2f4eacda4acace8ec4aee1cc63af
D:\other\Bird\Dataset\CC0\Elegant Crested Tinamou_sound\Elegant Crested Tinamou10.mp3,Elegant Crested Tinamou_sound\Elegant Crested Tinamou10.mp3,Elegant Crested Tinamou_sound,Elegant Crested Tinamou,Elegant Crested Tinamou10.mp3,120952,True,44100,1,333341,7.55875283446712,MP3,MPEG_LAYER_III,5f5e1ae726fc987d5ef445d647729b5a3fe114f251e395d89c17f7bd77da3184
D:\other\Bird\Dataset\CC0\Elegant Crested Tinamou_sound\Elegant Crested Tinamou11.mp3,Elegant Crested Tinamou_sound\Elegant Crested Tinamou11.mp3,Elegant Crested Tinamou_sound,Elegant Crested Tinamou,Elegant Crested Tinamou11.mp3,120952,True,44100,1,333341,7.55875283446712,MP3,MPEG_LAYER_III,5f5e1ae726fc987d5ef445d647729b5a3fe114f251e395d89c17f7bd77da3184
D:\other\Bird\Dataset\CC0\Elegant Crested Tinamou_sound\Elegant Crested Tinamou9.mp3,Elegant Crested Tinamou_sound\Elegant Crested Tinamou9.mp3,Elegant Crested Tinamou_sound,Elegant Crested Tinamou,Elegant Crested Tinamou9.mp3,120952,True,44100,1,333341,7.55875283446712,MP3,MPEG_LAYER_III,5f5e1ae726fc987d5ef445d647729b5a3fe114f251e395d89c17f7bd77da3184
D:\other\Bird\Dataset\CC0\White-bellied Nothura_sound\White-bellied Nothura6.mp3,White-bellied Nothura_sound\White-bellied Nothura6.mp3,White-bellied Nothura_sound,White-bellied Nothura,White-bellied Nothura6.mp3,975421,True,48000,1,1938341,40.382104166666664,MP3,MPEG_LAYER_III,5f7b60ebaef927f1e56cef00fb081c865095665f0d5d3566f413a9a157c35fe4
D:\other\Bird\Dataset\CC0\White-bellied Nothura_sound\White-bellied Nothura8.mp3,White-bellied Nothura_sound\White-bellied Nothura8.mp3,White-bellied Nothura_sound,White-bellied Nothura,White-bellied Nothura8.mp3,975421,True,48000,1,1938341,40.382104166666664,MP3,MPEG_LAYER_III,5f7b60ebaef927f1e56cef00fb081c865095665f0d5d3566f413a9a157c35fe4
D:\other\Bird\Dataset\CC0\White-bellied Nothura_sound\White-bellied Nothura7.mp3,White-bellied Nothura_sound\White-bellied Nothura7.mp3,White-bellied Nothura_sound,White-bellied Nothura,White-bellied Nothura7.mp3,975421,True,48000,1,1938341,40.382104166666664,MP3,MPEG_LAYER_III,5f7b60ebaef927f1e56cef00fb081c865095665f0d5d3566f413a9a157c35fe4
D:\other\Bird\Dataset\CC0\White-bellied Nothura_sound\White-bellied Nothura5.mp3,White-bellied Nothura_sound\White-bellied Nothura5.mp3,White-bellied Nothura_sound,White-bellied Nothura,White-bellied Nothura5.mp3,975421,True,48000,1,1938341,40.382104166666664,MP3,MPEG_LAYER_III,5f7b60ebaef927f1e56cef00fb081c865095665f0d5d3566f413a9a157c35fe4
D:\other\Bird\Dataset\CC0\Grey-legged Tinamou_sound\Grey-legged Tinamou7.mp3,Grey-legged Tinamou_sound\Grey-legged Tinamou7.mp3,Grey-legged Tinamou_sound,Grey-legged Tinamou,Grey-legged Tinamou7.mp3,644922,True,48000,2,1917440,39.946666666666665,MP3,MPEG_LAYER_III,6043a1fdbfc81fbb8415d4eda0c2dd13a6ad76a2b937c64770f56336c77d738c
D:\other\Bird\Dataset\CC0\Grey-legged Tinamou_sound\Grey-legged Tinamou6.mp3,Grey-legged Tinamou_sound\Grey-legged Tinamou6.mp3,Grey-legged Tinamou_sound,Grey-legged Tinamou,Grey-legged Tinamou6.mp3,644922,True,48000,2,1917440,39.946666666666665,MP3,MPEG_LAYER_III,6043a1fdbfc81fbb8415d4eda0c2dd13a6ad76a2b937c64770f56336c77d738c
D:\other\Bird\Dataset\CC0\Tataupa Tinamou_sound\Tataupa Tinamou3.mp3,Tataupa Tinamou_sound\Tataupa Tinamou3.mp3,Tataupa Tinamou_sound,Tataupa Tinamou,Tataupa Tinamou3.mp3,1614794,True,48000,2,3229332,67.27775,MP3,MPEG_LAYER_III,60d9a641f613821159b63be16fa1cbc621e613c473ea73e9df7005c66df93ce7
D:\other\Bird\Dataset\CC0\Tataupa Tinamou_sound\Tataupa Tinamou5.mp3,Tataupa Tinamou_sound\Tataupa Tinamou5.mp3,Tataupa Tinamou_sound,Tataupa Tinamou,Tataupa Tinamou5.mp3,1614794,True,48000,2,3229332,67.27775,MP3,MPEG_LAYER_III,60d9a641f613821159b63be16fa1cbc621e613c473ea73e9df7005c66df93ce7
D:\other\Bird\Dataset\CC0\Tataupa Tinamou_sound\Tataupa Tinamou4.mp3,Tataupa Tinamou_sound\Tataupa Tinamou4.mp3,Tataupa Tinamou_sound,Tataupa Tinamou,Tataupa Tinamou4.mp3,1614794,True,48000,2,3229332,67.27775,MP3,MPEG_LAYER_III,60d9a641f613821159b63be16fa1cbc621e613c473ea73e9df7005c66df93ce7
D:\other\Bird\Dataset\CC0\Red-throated Piping Guan_sound\Red-throated Piping Guan13.mp3,Red-throated Piping Guan_sound\Red-throated Piping Guan13.mp3,Red-throated Piping Guan_sound,Red-throated Piping Guan,Red-throated Piping Guan13.mp3,315057,True,48000,1,2520456,52.5095,MP3,MPEG_LAYER_III,610fac7bf3d019836d3a9696e6f0a2a36962ca6be104e1fd346364a2cea6914e
D:\other\Bird\Dataset\CC0\Red-throated Piping Guan_sound\Red-throated Piping Guan12.mp3,Red-throated Piping Guan_sound\Red-throated Piping Guan12.mp3,Red-throated Piping Guan_sound,Red-throated Piping Guan,Red-throated Piping Guan12.mp3,315057,True,48000,1,2520456,52.5095,MP3,MPEG_LAYER_III,610fac7bf3d019836d3a9696e6f0a2a36962ca6be104e1fd346364a2cea6914e
D:\other\Bird\Dataset\CC0\Thicket Tinamou_sound\Thicket Tinamou11.mp3,Thicket Tinamou_sound\Thicket Tinamou11.mp3,Thicket Tinamou_sound,Thicket Tinamou,Thicket Tinamou11.mp3,239000,True,44100,1,857431,19.442879818594104,MP3,MPEG_LAYER_III,619449e479aabc85a49adb1aec8d5793af0bc94e8ce33ccb95b39809804c16ee
D:\other\Bird\Dataset\CC0\Thicket Tinamou_sound\Thicket Tinamou10.mp3,Thicket Tinamou_sound\Thicket Tinamou10.mp3,Thicket Tinamou_sound,Thicket Tinamou,Thicket Tinamou10.mp3,239000,True,44100,1,857431,19.442879818594104,MP3,MPEG_LAYER_III,619449e479aabc85a49adb1aec8d5793af0bc94e8ce33ccb95b39809804c16ee
D:\other\Bird\Dataset\CC0\Rufous-vented Chachalaca_sound\Rufous-vented Chachalaca24.mp3,Rufous-vented Chachalaca_sound\Rufous-vented Chachalaca24.mp3,Rufous-vented Chachalaca_sound,Rufous-vented Chachalaca,Rufous-vented Chachalaca24.mp3,1299525,True,44100,1,1424758,32.307437641723354,MP3,MPEG_LAYER_III,6246dbc0ce7dbc1c3844b1646b5e014f75a48a186c1159b0054716b0d8ca9c12
D:\other\Bird\Dataset\CC0\Rufous-vented Chachalaca_sound\Rufous-vented Chachalaca25.mp3,Rufous-vented Chachalaca_sound\Rufous-vented Chachalaca25.mp3,Rufous-vented Chachalaca_sound,Rufous-vented Chachalaca,Rufous-vented Chachalaca25.mp3,1299525,True,44100,1,1424758,32.307437641723354,MP3,MPEG_LAYER_III,6246dbc0ce7dbc1c3844b1646b5e014f75a48a186c1159b0054716b0d8ca9c12
D:\other\Bird\Dataset\CC0\Huayco Tinamou_sound\Huayco Tinamou10.mp3,Huayco Tinamou_sound\Huayco Tinamou10.mp3,Huayco Tinamou_sound,Huayco Tinamou,Huayco Tinamou10.mp3,188284,True,44100,2,518907,11.766598639455783,MP3,MPEG_LAYER_III,63af3a8fb16ea3e2237dfe41852d2fe56c44c41f311c4b37b246cef1a0fdd02f
D:\other\Bird\Dataset\CC0\Huayco Tinamou_sound\Huayco Tinamou11.mp3,Huayco Tinamou_sound\Huayco Tinamou11.mp3,Huayco Tinamou_sound,Huayco Tinamou,Huayco Tinamou11.mp3,188284,True,44100,2,518907,11.766598639455783,MP3,MPEG_LAYER_III,63af3a8fb16ea3e2237dfe41852d2fe56c44c41f311c4b37b246cef1a0fdd02f
D:\other\Bird\Dataset\CC0\Taczanowskis Tinamou_sound\Taczanowskis Tinamou2.mp3,Taczanowskis Tinamou_sound\Taczanowskis Tinamou2.mp3,Taczanowskis Tinamou_sound,Taczanowskis Tinamou,Taczanowskis Tinamou2.mp3,188284,True,44100,2,518907,11.766598639455783,MP3,MPEG_LAYER_III,63af3a8fb16ea3e2237dfe41852d2fe56c44c41f311c4b37b246cef1a0fdd02f
D:\other\Bird\Dataset\CC0\Rufous-headed Chachalaca_sound\Rufous-headed Chachalaca30.mp3,Rufous-headed Chachalaca_sound\Rufous-headed Chachalaca30.mp3,Rufous-headed Chachalaca_sound,Rufous-headed Chachalaca,Rufous-headed Chachalaca30.mp3,393607,True,44100,1,1737299,39.39453514739229,MP3,MPEG_LAYER_III,643f3df40f0644233912eb43a582e533a5852496eb373b5c6b5734abe0681f78
D:\other\Bird\Dataset\CC0\Rufous-headed Chachalaca_sound\Rufous-headed Chachalaca29.mp3,Rufous-headed Chachalaca_sound\Rufous-headed Chachalaca29.mp3,Rufous-headed Chachalaca_sound,Rufous-headed Chachalaca,Rufous-headed Chachalaca29.mp3,393607,True,44100,1,1737299,39.39453514739229,MP3,MPEG_LAYER_III,643f3df40f0644233912eb43a582e533a5852496eb373b5c6b5734abe0681f78
D:\other\Bird\Dataset\CC0\Little Tinamou_sound\Little Tinamou14.mp3,Little Tinamou_sound\Little Tinamou14.mp3,Little Tinamou_sound,Little Tinamou,Little Tinamou14.mp3,212767,True,44100,2,599040,13.583673469387755,MP3,MPEG_LAYER_III,6491868da3a5c5a2eb0a66a7c28f8160dcc6763fd11494e2f4c0eb35a4280f67
D:\other\Bird\Dataset\CC0\Little Tinamou_sound\Little Tinamou15.mp3,Little Tinamou_sound\Little Tinamou15.mp3,Little Tinamou_sound,Little Tinamou,Little Tinamou15.mp3,212767,True,44100,2,599040,13.583673469387755,MP3,MPEG_LAYER_III,6491868da3a5c5a2eb0a66a7c28f8160dcc6763fd11494e2f4c0eb35a4280f67
D:\other\Bird\Dataset\CC0\Little Tinamou_sound\Little Tinamou11.mp3,Little Tinamou_sound\Little Tinamou11.mp3,Little Tinamou_sound,Little Tinamou,Little Tinamou11.mp3,212767,True,44100,2,599040,13.583673469387755,MP3,MPEG_LAYER_III,6491868da3a5c5a2eb0a66a7c28f8160dcc6763fd11494e2f4c0eb35a4280f67
D:\other\Bird\Dataset\CC0\Little Tinamou_sound\Little Tinamou13.mp3,Little Tinamou_sound\Little Tinamou13.mp3,Little Tinamou_sound,Little Tinamou,Little Tinamou13.mp3,212767,True,44100,2,599040,13.583673469387755,MP3,MPEG_LAYER_III,6491868da3a5c5a2eb0a66a7c28f8160dcc6763fd11494e2f4c0eb35a4280f67
D:\other\Bird\Dataset\CC0\Little Tinamou_sound\Little Tinamou12.mp3,Little Tinamou_sound\Little Tinamou12.mp3,Little Tinamou_sound,Little Tinamou,Little Tinamou12.mp3,212767,True,44100,2,599040,13.583673469387755,MP3,MPEG_LAYER_III,6491868da3a5c5a2eb0a66a7c28f8160dcc6763fd11494e2f4c0eb35a4280f67
D:\other\Bird\Dataset\CC0\White-bellied Nothura_sound\White-bellied Nothura11.mp3,White-bellied Nothura_sound\White-bellied Nothura11.mp3,White-bellied Nothura_sound,White-bellied Nothura,White-bellied Nothura11.mp3,233745,True,16000,1,608043,38.0026875,MP3,MPEG_LAYER_III,6710d6befb605d1d7bc0a526a91ff19c20418a0605a2cda26c3892d9c2fa2759
D:\other\Bird\Dataset\CC0\White-bellied Nothura_sound\White-bellied Nothura9.mp3,White-bellied Nothura_sound\White-bellied Nothura9.mp3,White-bellied Nothura_sound,White-bellied Nothura,White-bellied Nothura9.mp3,233745,True,16000,1,608043,38.0026875,MP3,MPEG_LAYER_III,6710d6befb605d1d7bc0a526a91ff19c20418a0605a2cda26c3892d9c2fa2759
D:\other\Bird\Dataset\CC0\White-bellied Nothura_sound\White-bellied Nothura10.mp3,White-bellied Nothura_sound\White-bellied Nothura10.mp3,White-bellied Nothura_sound,White-bellied Nothura,White-bellied Nothura10.mp3,233745,True,16000,1,608043,38.0026875,MP3,MPEG_LAYER_III,6710d6befb605d1d7bc0a526a91ff19c20418a0605a2cda26c3892d9c2fa2759
D:\other\Bird\Dataset\CC0\Chaco Chachalaca_sound\Chaco Chachalaca19.mp3,Chaco Chachalaca_sound\Chaco Chachalaca19.mp3,Chaco Chachalaca_sound,Chaco Chachalaca,Chaco Chachalaca19.mp3,20428694,True,44100,2,28184258,639.098820861678,MP3,MPEG_LAYER_III,694df1f62c1dc2f0acd514d94aac2faa1085473b35690fb4ef68a0eee22b68e4
D:\other\Bird\Dataset\CC0\Chaco Chachalaca_sound\Chaco Chachalaca20.mp3,Chaco Chachalaca_sound\Chaco Chachalaca20.mp3,Chaco Chachalaca_sound,Chaco Chachalaca,Chaco Chachalaca20.mp3,20428694,True,44100,2,28184258,639.098820861678,MP3,MPEG_LAYER_III,694df1f62c1dc2f0acd514d94aac2faa1085473b35690fb4ef68a0eee22b68e4
D:\other\Bird\Dataset\CC0\Chaco Chachalaca_sound\Chaco Chachalaca21.mp3,Chaco Chachalaca_sound\Chaco Chachalaca21.mp3,Chaco Chachalaca_sound,Chaco Chachalaca,Chaco Chachalaca21.mp3,20428694,True,44100,2,28184258,639.098820861678,MP3,MPEG_LAYER_III,694df1f62c1dc2f0acd514d94aac2faa1085473b35690fb4ef68a0eee22b68e4
D:\other\Bird\Dataset\CC0\Chestnut-bellied Guan_sound\Chestnut-bellied Guan6.mp3,Chestnut-bellied Guan_sound\Chestnut-bellied Guan6.mp3,Chestnut-bellied Guan_sound,Chestnut-bellied Guan,Chestnut-bellied Guan6.mp3,280351,True,44100,1,772289,17.51222222222222,MP3,MPEG_LAYER_III,69b856063a41222fd56b0247abfc3e68c0ecc675cad21e1367b9b7d2572dfebd
D:\other\Bird\Dataset\CC0\Chestnut-bellied Guan_sound\Chestnut-bellied Guan7.mp3,Chestnut-bellied Guan_sound\Chestnut-bellied Guan7.mp3,Chestnut-bellied Guan_sound,Chestnut-bellied Guan,Chestnut-bellied Guan7.mp3,280351,True,44100,1,772289,17.51222222222222,MP3,MPEG_LAYER_III,69b856063a41222fd56b0247abfc3e68c0ecc675cad21e1367b9b7d2572dfebd
D:\other\Bird\Dataset\CC0\Brown Tinamou_sound\Brown Tinamou30.mp3,Brown Tinamou_sound\Brown Tinamou30.mp3,Brown Tinamou_sound,Brown Tinamou,Brown Tinamou30.mp3,1441947,True,48000,1,2883638,60.07579166666667,MP3,MPEG_LAYER_III,6a72d0677a5506e7f02cd3b4af395ca6768932ddb5f70dcea2e4096ff1f1076c
D:\other\Bird\Dataset\CC0\Brown Tinamou_sound\Brown Tinamou29.mp3,Brown Tinamou_sound\Brown Tinamou29.mp3,Brown Tinamou_sound,Brown Tinamou,Brown Tinamou29.mp3,1441947,True,48000,1,2883638,60.07579166666667,MP3,MPEG_LAYER_III,6a72d0677a5506e7f02cd3b4af395ca6768932ddb5f70dcea2e4096ff1f1076c
D:\other\Bird\Dataset\CC0\Andean Guan_sound\Andean Guan2.mp3,Andean Guan_sound\Andean Guan2.mp3,Andean Guan_sound,Andean Guan,Andean Guan2.mp3,1950478,True,44100,2,3572975,81.01984126984127,MP3,MPEG_LAYER_III,6af1fac3964759e3b64094fddc93cbd458e35da91e4f37883159966fd009c418
D:\other\Bird\Dataset\CC0\Andean Guan_sound\Andean Guan3.mp3,Andean Guan_sound\Andean Guan3.mp3,Andean Guan_sound,Andean Guan,Andean Guan3.mp3,1950478,True,44100,2,3572975,81.01984126984127,MP3,MPEG_LAYER_III,6af1fac3964759e3b64094fddc93cbd458e35da91e4f37883159966fd009c418
D:\other\Bird\Dataset\CC0\Andean Guan_sound\Andean Guan4.mp3,Andean Guan_sound\Andean Guan4.mp3,Andean Guan_sound,Andean Guan,Andean Guan4.mp3,1950478,True,44100,2,3572975,81.01984126984127,MP3,MPEG_LAYER_III,6af1fac3964759e3b64094fddc93cbd458e35da91e4f37883159966fd009c418
D:\other\Bird\Dataset\CC0\Cinereous Tinamou_sound\Cinereous Tinamou30.mp3,Cinereous Tinamou_sound\Cinereous Tinamou30.mp3,Cinereous Tinamou_sound,Cinereous Tinamou,Cinereous Tinamou30.mp3,834889,True,44100,1,2306455,52.30056689342403,MP3,MPEG_LAYER_III,6b4ad8c4aca0c237a05cbbfc41760bab858622e50cd7744084f8934814b683ef
D:\other\Bird\Dataset\CC0\Cinereous Tinamou_sound\Cinereous Tinamou31.mp3,Cinereous Tinamou_sound\Cinereous Tinamou31.mp3,Cinereous Tinamou_sound,Cinereous Tinamou,Cinereous Tinamou31.mp3,834889,True,44100,1,2306455,52.30056689342403,MP3,MPEG_LAYER_III,6b4ad8c4aca0c237a05cbbfc41760bab858622e50cd7744084f8934814b683ef
D:\other\Bird\Dataset\CC0\Highland Tinamou_sound\Highland Tinamou20.mp3,Highland Tinamou_sound\Highland Tinamou20.mp3,Highland Tinamou_sound,Highland Tinamou,Highland Tinamou20.mp3,409067,True,44100,2,1110528,25.18204081632653,MP3,MPEG_LAYER_III,6bbe3adce9c005ce1d2814de2d54410256c8d68406fca220851210a3bf95b3eb
D:\other\Bird\Dataset\CC0\Highland Tinamou_sound\Highland Tinamou21.mp3,Highland Tinamou_sound\Highland Tinamou21.mp3,Highland Tinamou_sound,Highland Tinamou,Highland Tinamou21.mp3,409067,True,44100,2,1110528,25.18204081632653,MP3,MPEG_LAYER_III,6bbe3adce9c005ce1d2814de2d54410256c8d68406fca220851210a3bf95b3eb
D:\other\Bird\Dataset\CC0\Highland Tinamou_sound\Highland Tinamou22.mp3,Highland Tinamou_sound\Highland Tinamou22.mp3,Highland Tinamou_sound,Highland Tinamou,Highland Tinamou22.mp3,409067,True,44100,2,1110528,25.18204081632653,MP3,MPEG_LAYER_III,6bbe3adce9c005ce1d2814de2d54410256c8d68406fca220851210a3bf95b3eb
D:\other\Bird\Dataset\CC0\Little Tinamou_sound\Little Tinamou22.mp3,Little Tinamou_sound\Little Tinamou22.mp3,Little Tinamou_sound,Little Tinamou,Little Tinamou22.mp3,548428,True,44100,2,1443772,32.73859410430839,MP3,MPEG_LAYER_III,6c5a62fc451f61f7a97e9171f677c900a9eaeb68e57a8125548853d77f7a1fd3
D:\other\Bird\Dataset\CC0\Little Tinamou_sound\Little Tinamou29.mp3,Little Tinamou_sound\Little Tinamou29.mp3,Little Tinamou_sound,Little Tinamou,Little Tinamou29.mp3,548428,True,44100,2,1443772,32.73859410430839,MP3,MPEG_LAYER_III,6c5a62fc451f61f7a97e9171f677c900a9eaeb68e57a8125548853d77f7a1fd3
D:\other\Bird\Dataset\CC0\Little Tinamou_sound\Little Tinamou26.mp3,Little Tinamou_sound\Little Tinamou26.mp3,Little Tinamou_sound,Little Tinamou,Little Tinamou26.mp3,548428,True,44100,2,1443772,32.73859410430839,MP3,MPEG_LAYER_III,6c5a62fc451f61f7a97e9171f677c900a9eaeb68e57a8125548853d77f7a1fd3
D:\other\Bird\Dataset\CC0\Little Tinamou_sound\Little Tinamou27.mp3,Little Tinamou_sound\Little Tinamou27.mp3,Little Tinamou_sound,Little Tinamou,Little Tinamou27.mp3,548428,True,44100,2,1443772,32.73859410430839,MP3,MPEG_LAYER_III,6c5a62fc451f61f7a97e9171f677c900a9eaeb68e57a8125548853d77f7a1fd3
D:\other\Bird\Dataset\CC0\Little Tinamou_sound\Little Tinamou21.mp3,Little Tinamou_sound\Little Tinamou21.mp3,Little Tinamou_sound,Little Tinamou,Little Tinamou21.mp3,548428,True,44100,2,1443772,32.73859410430839,MP3,MPEG_LAYER_III,6c5a62fc451f61f7a97e9171f677c900a9eaeb68e57a8125548853d77f7a1fd3
D:\other\Bird\Dataset\CC0\Little Tinamou_sound\Little Tinamou25.mp3,Little Tinamou_sound\Little Tinamou25.mp3,Little Tinamou_sound,Little Tinamou,Little Tinamou25.mp3,548428,True,44100,2,1443772,32.73859410430839,MP3,MPEG_LAYER_III,6c5a62fc451f61f7a97e9171f677c900a9eaeb68e57a8125548853d77f7a1fd3
D:\other\Bird\Dataset\CC0\Little Tinamou_sound\Little Tinamou24.mp3,Little Tinamou_sound\Little Tinamou24.mp3,Little Tinamou_sound,Little Tinamou,Little Tinamou24.mp3,548428,True,44100,2,1443772,32.73859410430839,MP3,MPEG_LAYER_III,6c5a62fc451f61f7a97e9171f677c900a9eaeb68e57a8125548853d77f7a1fd3
D:\other\Bird\Dataset\CC0\Little Tinamou_sound\Little Tinamou28.mp3,Little Tinamou_sound\Little Tinamou28.mp3,Little Tinamou_sound,Little Tinamou,Little Tinamou28.mp3,548428,True,44100,2,1443772,32.73859410430839,MP3,MPEG_LAYER_III,6c5a62fc451f61f7a97e9171f677c900a9eaeb68e57a8125548853d77f7a1fd3
D:\other\Bird\Dataset\CC0\Little Tinamou_sound\Little Tinamou23.mp3,Little Tinamou_sound\Little Tinamou23.mp3,Little Tinamou_sound,Little Tinamou,Little Tinamou23.mp3,548428,True,44100,2,1443772,32.73859410430839,MP3,MPEG_LAYER_III,6c5a62fc451f61f7a97e9171f677c900a9eaeb68e57a8125548853d77f7a1fd3
D:\other\Bird\Dataset\CC0\Little Tinamou_sound\Little Tinamou30.mp3,Little Tinamou_sound\Little Tinamou30.mp3,Little Tinamou_sound,Little Tinamou,Little Tinamou30.mp3,548428,True,44100,2,1443772,32.73859410430839,MP3,MPEG_LAYER_III,6c5a62fc451f61f7a97e9171f677c900a9eaeb68e57a8125548853d77f7a1fd3
D:\other\Bird\Dataset\CC0\Rufous-vented Chachalaca_sound\Rufous-vented Chachalaca13.mp3,Rufous-vented Chachalaca_sound\Rufous-vented Chachalaca13.mp3,Rufous-vented Chachalaca_sound,Rufous-vented Chachalaca,Rufous-vented Chachalaca13.mp3,94806,True,44100,1,327852,7.434285714285714,MP3,MPEG_LAYER_III,6e23f0dd822522e3940afd3ba847ea8b588ddb8b89dadb824285a07933e7d6d7
D:\other\Bird\Dataset\CC0\Rufous-vented Chachalaca_sound\Rufous-vented Chachalaca14.mp3,Rufous-vented Chachalaca_sound\Rufous-vented Chachalaca14.mp3,Rufous-vented Chachalaca_sound,Rufous-vented Chachalaca,Rufous-vented Chachalaca14.mp3,94806,True,44100,1,327852,7.434285714285714,MP3,MPEG_LAYER_III,6e23f0dd822522e3940afd3ba847ea8b588ddb8b89dadb824285a07933e7d6d7
D:\other\Bird\Dataset\CC0\Rufous-vented Chachalaca_sound\Rufous-vented Chachalaca9.mp3,Rufous-vented Chachalaca_sound\Rufous-vented Chachalaca9.mp3,Rufous-vented Chachalaca_sound,Rufous-vented Chachalaca,Rufous-vented Chachalaca9.mp3,94806,True,44100,1,327852,7.434285714285714,MP3,MPEG_LAYER_III,6e23f0dd822522e3940afd3ba847ea8b588ddb8b89dadb824285a07933e7d6d7
D:\other\Bird\Dataset\CC0\Rufous-vented Chachalaca_sound\Rufous-vented Chachalaca12.mp3,Rufous-vented Chachalaca_sound\Rufous-vented Chachalaca12.mp3,Rufous-vented Chachalaca_sound,Rufous-vented Chachalaca,Rufous-vented Chachalaca12.mp3,94806,True,44100,1,327852,7.434285714285714,MP3,MPEG_LAYER_III,6e23f0dd822522e3940afd3ba847ea8b588ddb8b89dadb824285a07933e7d6d7
D:\other\Bird\Dataset\CC0\Rufous-vented Chachalaca_sound\Rufous-vented Chachalaca11.mp3,Rufous-vented Chachalaca_sound\Rufous-vented Chachalaca11.mp3,Rufous-vented Chachalaca_sound,Rufous-vented Chachalaca,Rufous-vented Chachalaca11.mp3,94806,True,44100,1,327852,7.434285714285714,MP3,MPEG_LAYER_III,6e23f0dd822522e3940afd3ba847ea8b588ddb8b89dadb824285a07933e7d6d7
D:\other\Bird\Dataset\CC0\Rufous-vented Chachalaca_sound\Rufous-vented Chachalaca10.mp3,Rufous-vented Chachalaca_sound\Rufous-vented Chachalaca10.mp3,Rufous-vented Chachalaca_sound,Rufous-vented Chachalaca,Rufous-vented Chachalaca10.mp3,94806,True,44100,1,327852,7.434285714285714,MP3,MPEG_LAYER_III,6e23f0dd822522e3940afd3ba847ea8b588ddb8b89dadb824285a07933e7d6d7
D:\other\Bird\Dataset\CC0\Malleefowl_sound\Malleefowl7.mp3,Malleefowl_sound\Malleefowl7.mp3,Malleefowl_sound,Malleefowl,Malleefowl7.mp3,873348,True,48000,2,1299179,27.066229166666666,MP3,MPEG_LAYER_III,6ee716b964e5982facec6e20f5615ac9f81ab71c73409d738c680abbc3cb6eba
D:\other\Bird\Dataset\CC0\Malleefowl_sound\Malleefowl6.mp3,Malleefowl_sound\Malleefowl6.mp3,Malleefowl_sound,Malleefowl,Malleefowl6.mp3,873348,True,48000,2,1299179,27.066229166666666,MP3,MPEG_LAYER_III,6ee716b964e5982facec6e20f5615ac9f81ab71c73409d738c680abbc3cb6eba
D:\other\Bird\Dataset\CC0\White-crested Guan_sound\White-crested Guan11.mp3,White-crested Guan_sound\White-crested Guan11.mp3,White-crested Guan_sound,White-crested Guan,White-crested Guan11.mp3,516036,True,22050,2,1421832,64.4821768707483,MP3,MPEG_LAYER_III,6f71b1fec0bc04a6c450f8da33703e43e68902c2475cb99e5a28ae7b5ce4dc54
D:\other\Bird\Dataset\CC0\White-crested Guan_sound\White-crested Guan12.mp3,White-crested Guan_sound\White-crested Guan12.mp3,White-crested Guan_sound,White-crested Guan,White-crested Guan12.mp3,516036,True,22050,2,1421832,64.4821768707483,MP3,MPEG_LAYER_III,6f71b1fec0bc04a6c450f8da33703e43e68902c2475cb99e5a28ae7b5ce4dc54
D:\other\Bird\Dataset\CC0\Little Chachalaca_sound\Little Chachalaca19.mp3,Little Chachalaca_sound\Little Chachalaca19.mp3,Little Chachalaca_sound,Little Chachalaca,Little Chachalaca19.mp3,1158235,True,44100,2,2128048,48.2550566893424,MP3,MPEG_LAYER_III,70aa1e65784957e0ef9954116e6da8a2abe8a5dfc249895e7fe2cc41cbe34cbc
D:\other\Bird\Dataset\CC0\Little Chachalaca_sound\Little Chachalaca18.mp3,Little Chachalaca_sound\Little Chachalaca18.mp3,Little Chachalaca_sound,Little Chachalaca,Little Chachalaca18.mp3,1158235,True,44100,2,2128048,48.2550566893424,MP3,MPEG_LAYER_III,70aa1e65784957e0ef9954116e6da8a2abe8a5dfc249895e7fe2cc41cbe34cbc
D:\other\Bird\Dataset\CC0\Little Chachalaca_sound\Little Chachalaca17.mp3,Little Chachalaca_sound\Little Chachalaca17.mp3,Little Chachalaca_sound,Little Chachalaca,Little Chachalaca17.mp3,1158235,True,44100,2,2128048,48.2550566893424,MP3,MPEG_LAYER_III,70aa1e65784957e0ef9954116e6da8a2abe8a5dfc249895e7fe2cc41cbe34cbc
D:\other\Bird\Dataset\CC0\Band-tailed Guan_sound\Band-tailed Guan10.mp3,Band-tailed Guan_sound\Band-tailed Guan10.mp3,Band-tailed Guan_sound,Band-tailed Guan,Band-tailed Guan10.mp3,2344098,True,44100,1,6460289,146.49181405895692,MP3,MPEG_LAYER_III,71c4ea47acc667a0026ef88d17d1b9f7b780de01e1172a942f1e670783eced1e
D:\other\Bird\Dataset\CC0\Band-tailed Guan_sound\Band-tailed Guan11.mp3,Band-tailed Guan_sound\Band-tailed Guan11.mp3,Band-tailed Guan_sound,Band-tailed Guan,Band-tailed Guan11.mp3,2344098,True,44100,1,6460289,146.49181405895692,MP3,MPEG_LAYER_III,71c4ea47acc667a0026ef88d17d1b9f7b780de01e1172a942f1e670783eced1e
D:\other\Bird\Dataset\CC0\Quebracho Crested Tinamou_sound\Quebracho Crested Tinamou4.mp3,Quebracho Crested Tinamou_sound\Quebracho Crested Tinamou4.mp3,Quebracho Crested Tinamou_sound,Quebracho Crested Tinamou,Quebracho Crested Tinamou4.mp3,708079,True,44100,2,1300968,29.500408163265305,MP3,MPEG_LAYER_III,72271e4fbd7c068b74c52d0ce4831d230b0b6f630cd9a1e03e8fa506fa0dc969
D:\other\Bird\Dataset\CC0\Quebracho Crested Tinamou_sound\Quebracho Crested Tinamou5.mp3,Quebracho Crested Tinamou_sound\Quebracho Crested Tinamou5.mp3,Quebracho Crested Tinamou_sound,Quebracho Crested Tinamou,Quebracho Crested Tinamou5.mp3,708079,True,44100,2,1300968,29.500408163265305,MP3,MPEG_LAYER_III,72271e4fbd7c068b74c52d0ce4831d230b0b6f630cd9a1e03e8fa506fa0dc969
D:\other\Bird\Dataset\CC0\Quebracho Crested Tinamou_sound\Quebracho Crested Tinamou6.mp3,Quebracho Crested Tinamou_sound\Quebracho Crested Tinamou6.mp3,Quebracho Crested Tinamou_sound,Quebracho Crested Tinamou,Quebracho Crested Tinamou6.mp3,708079,True,44100,2,1300968,29.500408163265305,MP3,MPEG_LAYER_III,72271e4fbd7c068b74c52d0ce4831d230b0b6f630cd9a1e03e8fa506fa0dc969
D:\other\Bird\Dataset\CC0\Black-fronted Piping Guan_sound\Black-fronted Piping Guan5.mp3,Black-fronted Piping Guan_sound\Black-fronted Piping Guan5.mp3,Black-fronted Piping Guan_sound,Black-fronted Piping Guan,Black-fronted Piping Guan5.mp3,132178,True,44100,1,364280,8.260317460317461,MP3,MPEG_LAYER_III,723213386e15de95ce610fa53901aa814386caaf2641470f7617b63af5237a6c
D:\other\Bird\Dataset\CC0\Black-fronted Piping Guan_sound\Black-fronted Piping Guan6.mp3,Black-fronted Piping Guan_sound\Black-fronted Piping Guan6.mp3,Black-fronted Piping Guan_sound,Black-fronted Piping Guan,Black-fronted Piping Guan6.mp3,132178,True,44100,1,364280,8.260317460317461,MP3,MPEG_LAYER_III,723213386e15de95ce610fa53901aa814386caaf2641470f7617b63af5237a6c
D:\other\Bird\Dataset\CC0\Orange-footed Scrubfowl_sound\Orange-footed Scrubfowl15.mp3,Orange-footed Scrubfowl_sound\Orange-footed Scrubfowl15.mp3,Orange-footed Scrubfowl_sound,Orange-footed Scrubfowl,Orange-footed Scrubfowl15.mp3,632182,True,48000,1,2518901,52.47710416666666,MP3,MPEG_LAYER_III,72e7d03746046e9fe7f6aefc9b52244ab50b1e2c05842eb041a9d7cbb435975d
D:\other\Bird\Dataset\CC0\Orange-footed Scrubfowl_sound\Orange-footed Scrubfowl14.mp3,Orange-footed Scrubfowl_sound\Orange-footed Scrubfowl14.mp3,Orange-footed Scrubfowl_sound,Orange-footed Scrubfowl,Orange-footed Scrubfowl14.mp3,632182,True,48000,1,2518901,52.47710416666666,MP3,MPEG_LAYER_III,72e7d03746046e9fe7f6aefc9b52244ab50b1e2c05842eb041a9d7cbb435975d
D:\other\Bird\Dataset\CC0\Rusty-margined Guan_sound\Rusty-margined Guan28.mp3,Rusty-margined Guan_sound\Rusty-margined Guan28.mp3,Rusty-margined Guan_sound,Rusty-margined Guan,Rusty-margined Guan28.mp3,98913,True,44100,1,336692,7.634739229024944,MP3,MPEG_LAYER_III,7581afdcf293d7730e2bf460cfb261b82ef095d6757e6bb91d729ae441725c2b
D:\other\Bird\Dataset\CC0\Rusty-margined Guan_sound\Rusty-margined Guan29.mp3,Rusty-margined Guan_sound\Rusty-margined Guan29.mp3,Rusty-margined Guan_sound,Rusty-margined Guan,Rusty-margined Guan29.mp3,98913,True,44100,1,336692,7.634739229024944,MP3,MPEG_LAYER_III,7581afdcf293d7730e2bf460cfb261b82ef095d6757e6bb91d729ae441725c2b
D:\other\Bird\Dataset\CC0\Rusty-margined Guan_sound\Rusty-margined Guan30.mp3,Rusty-margined Guan_sound\Rusty-margined Guan30.mp3,Rusty-margined Guan_sound,Rusty-margined Guan,Rusty-margined Guan30.mp3,98913,True,44100,1,336692,7.634739229024944,MP3,MPEG_LAYER_III,7581afdcf293d7730e2bf460cfb261b82ef095d6757e6bb91d729ae441725c2b
D:\other\Bird\Dataset\CC0\Philippine Megapode_sound\Philippine Megapode11.mp3,Philippine Megapode_sound\Philippine Megapode11.mp3,Philippine Megapode_sound,Philippine Megapode,Philippine Megapode11.mp3,3917049,True,44100,2,4310584,97.74566893424036,MP3,MPEG_LAYER_III,77ab1ae8c4ddabc824cc9e616a67df348a58dcf1760deb06096b269ca33ee0ee
D:\other\Bird\Dataset\CC0\Philippine Megapode_sound\Philippine Megapode12.mp3,Philippine Megapode_sound\Philippine Megapode12.mp3,Philippine Megapode_sound,Philippine Megapode,Philippine Megapode12.mp3,3917049,True,44100,2,4310584,97.74566893424036,MP3,MPEG_LAYER_III,77ab1ae8c4ddabc824cc9e616a67df348a58dcf1760deb06096b269ca33ee0ee
D:\other\Bird\Dataset\CC0\Red-faced Guan_sound\Red-faced Guan12.mp3,Red-faced Guan_sound\Red-faced Guan12.mp3,Red-faced Guan_sound,Red-faced Guan,Red-faced Guan12.mp3,2001539,True,44100,1,5529431,125.38392290249433,MP3,MPEG_LAYER_III,780943a377488dd1afbc887c6416fd833be0650e02d7a8174e809b1243d75a53
D:\other\Bird\Dataset\CC0\Red-faced Guan_sound\Red-faced Guan13.mp3,Red-faced Guan_sound\Red-faced Guan13.mp3,Red-faced Guan_sound,Red-faced Guan,Red-faced Guan13.mp3,2001539,True,44100,1,5529431,125.38392290249433,MP3,MPEG_LAYER_III,780943a377488dd1afbc887c6416fd833be0650e02d7a8174e809b1243d75a53
D:\other\Bird\Dataset\CC0\Red-faced Guan_sound\Red-faced Guan14.mp3,Red-faced Guan_sound\Red-faced Guan14.mp3,Red-faced Guan_sound,Red-faced Guan,Red-faced Guan14.mp3,2001539,True,44100,1,5529431,125.38392290249433,MP3,MPEG_LAYER_III,780943a377488dd1afbc887c6416fd833be0650e02d7a8174e809b1243d75a53
D:\other\Bird\Dataset\CC0\Red-faced Guan_sound\Red-faced Guan15.mp3,Red-faced Guan_sound\Red-faced Guan15.mp3,Red-faced Guan_sound,Red-faced Guan,Red-faced Guan15.mp3,2001539,True,44100,1,5529431,125.38392290249433,MP3,MPEG_LAYER_III,780943a377488dd1afbc887c6416fd833be0650e02d7a8174e809b1243d75a53
D:\other\Bird\Dataset\CC0\Red-faced Guan_sound\Red-faced Guan16.mp3,Red-faced Guan_sound\Red-faced Guan16.mp3,Red-faced Guan_sound,Red-faced Guan,Red-faced Guan16.mp3,2001539,True,44100,1,5529431,125.38392290249433,MP3,MPEG_LAYER_III,780943a377488dd1afbc887c6416fd833be0650e02d7a8174e809b1243d75a53
D:\other\Bird\Dataset\CC0\Red-faced Guan_sound\Red-faced Guan17.mp3,Red-faced Guan_sound\Red-faced Guan17.mp3,Red-faced Guan_sound,Red-faced Guan,Red-faced Guan17.mp3,2001539,True,44100,1,5529431,125.38392290249433,MP3,MPEG_LAYER_III,780943a377488dd1afbc887c6416fd833be0650e02d7a8174e809b1243d75a53
D:\other\Bird\Dataset\CC0\Red-faced Guan_sound\Red-faced Guan18.mp3,Red-faced Guan_sound\Red-faced Guan18.mp3,Red-faced Guan_sound,Red-faced Guan,Red-faced Guan18.mp3,2001539,True,44100,1,5529431,125.38392290249433,MP3,MPEG_LAYER_III,780943a377488dd1afbc887c6416fd833be0650e02d7a8174e809b1243d75a53
D:\other\Bird\Dataset\CC0\Dusky Megapode_sound\Dusky Megapode10.mp3,Dusky Megapode_sound\Dusky Megapode10.mp3,Dusky Megapode_sound,Dusky Megapode,Dusky Megapode10.mp3,433645,True,44100,2,1195117,27.10015873015873,MP3,MPEG_LAYER_III,78867e10b049330c9a0f1e588d7c163c53aebd893a84dbee4e5330ed11746df1
D:\other\Bird\Dataset\CC0\Dusky Megapode_sound\Dusky Megapode11.mp3,Dusky Megapode_sound\Dusky Megapode11.mp3,Dusky Megapode_sound,Dusky Megapode,Dusky Megapode11.mp3,433645,True,44100,2,1195117,27.10015873015873,MP3,MPEG_LAYER_III,78867e10b049330c9a0f1e588d7c163c53aebd893a84dbee4e5330ed11746df1
D:\other\Bird\Dataset\CC0\Dusky Megapode_sound\Dusky Megapode12.mp3,Dusky Megapode_sound\Dusky Megapode12.mp3,Dusky Megapode_sound,Dusky Megapode,Dusky Megapode12.mp3,433645,True,44100,2,1195117,27.10015873015873,MP3,MPEG_LAYER_III,78867e10b049330c9a0f1e588d7c163c53aebd893a84dbee4e5330ed11746df1
D:\other\Bird\Dataset\CC0\Dusky Megapode_sound\Dusky Megapode13.mp3,Dusky Megapode_sound\Dusky Megapode13.mp3,Dusky Megapode_sound,Dusky Megapode,Dusky Megapode13.mp3,433645,True,44100,2,1195117,27.10015873015873,MP3,MPEG_LAYER_III,78867e10b049330c9a0f1e588d7c163c53aebd893a84dbee4e5330ed11746df1
D:\other\Bird\Dataset\CC0\Dusky Megapode_sound\Dusky Megapode6.mp3,Dusky Megapode_sound\Dusky Megapode6.mp3,Dusky Megapode_sound,Dusky Megapode,Dusky Megapode6.mp3,433645,True,44100,2,1195117,27.10015873015873,MP3,MPEG_LAYER_III,78867e10b049330c9a0f1e588d7c163c53aebd893a84dbee4e5330ed11746df1
D:\other\Bird\Dataset\CC0\Dusky Megapode_sound\Dusky Megapode2.mp3,Dusky Megapode_sound\Dusky Megapode2.mp3,Dusky Megapode_sound,Dusky Megapode,Dusky Megapode2.mp3,433645,True,44100,2,1195117,27.10015873015873,MP3,MPEG_LAYER_III,78867e10b049330c9a0f1e588d7c163c53aebd893a84dbee4e5330ed11746df1
D:\other\Bird\Dataset\CC0\Sula Megapode_sound\Sula Megapode6.mp3,Sula Megapode_sound\Sula Megapode6.mp3,Sula Megapode_sound,Sula Megapode,Sula Megapode6.mp3,433645,True,44100,2,1195117,27.10015873015873,MP3,MPEG_LAYER_III,78867e10b049330c9a0f1e588d7c163c53aebd893a84dbee4e5330ed11746df1
D:\other\Bird\Dataset\CC0\Tanimbar Megapode_sound\Tanimbar Megapode2.mp3,Tanimbar Megapode_sound\Tanimbar Megapode2.mp3,Tanimbar Megapode_sound,Tanimbar Megapode,Tanimbar Megapode2.mp3,433645,True,44100,2,1195117,27.10015873015873,MP3,MPEG_LAYER_III,78867e10b049330c9a0f1e588d7c163c53aebd893a84dbee4e5330ed11746df1
D:\other\Bird\Dataset\CC0\Dusky Megapode_sound\Dusky Megapode9.mp3,Dusky Megapode_sound\Dusky Megapode9.mp3,Dusky Megapode_sound,Dusky Megapode,Dusky Megapode9.mp3,433645,True,44100,2,1195117,27.10015873015873,MP3,MPEG_LAYER_III,78867e10b049330c9a0f1e588d7c163c53aebd893a84dbee4e5330ed11746df1
D:\other\Bird\Dataset\CC0\Dusky Megapode_sound\Dusky Megapode8.mp3,Dusky Megapode_sound\Dusky Megapode8.mp3,Dusky Megapode_sound,Dusky Megapode,Dusky Megapode8.mp3,433645,True,44100,2,1195117,27.10015873015873,MP3,MPEG_LAYER_III,78867e10b049330c9a0f1e588d7c163c53aebd893a84dbee4e5330ed11746df1
D:\other\Bird\Dataset\CC0\Dusky Megapode_sound\Dusky Megapode7.mp3,Dusky Megapode_sound\Dusky Megapode7.mp3,Dusky Megapode_sound,Dusky Megapode,Dusky Megapode7.mp3,433645,True,44100,2,1195117,27.10015873015873,MP3,MPEG_LAYER_III,78867e10b049330c9a0f1e588d7c163c53aebd893a84dbee4e5330ed11746df1
D:\other\Bird\Dataset\CC0\Dusky Megapode_sound\Dusky Megapode5.mp3,Dusky Megapode_sound\Dusky Megapode5.mp3,Dusky Megapode_sound,Dusky Megapode,Dusky Megapode5.mp3,433645,True,44100,2,1195117,27.10015873015873,MP3,MPEG_LAYER_III,78867e10b049330c9a0f1e588d7c163c53aebd893a84dbee4e5330ed11746df1
D:\other\Bird\Dataset\CC0\Dusky Megapode_sound\Dusky Megapode3.mp3,Dusky Megapode_sound\Dusky Megapode3.mp3,Dusky Megapode_sound,Dusky Megapode,Dusky Megapode3.mp3,433645,True,44100,2,1195117,27.10015873015873,MP3,MPEG_LAYER_III,78867e10b049330c9a0f1e588d7c163c53aebd893a84dbee4e5330ed11746df1
D:\other\Bird\Dataset\CC0\Dusky Megapode_sound\Dusky Megapode4.mp3,Dusky Megapode_sound\Dusky Megapode4.mp3,Dusky Megapode_sound,Dusky Megapode,Dusky Megapode4.mp3,433645,True,44100,2,1195117,27.10015873015873,MP3,MPEG_LAYER_III,78867e10b049330c9a0f1e588d7c163c53aebd893a84dbee4e5330ed11746df1
D:\other\Bird\Dataset\CC0\Solitary Tinamou_sound\Solitary Tinamou9.mp3,Solitary Tinamou_sound\Solitary Tinamou9.mp3,Solitary Tinamou_sound,Solitary Tinamou,Solitary Tinamou9.mp3,917694,True,44100,2,1685862,38.22816326530612,MP3,MPEG_LAYER_III,78a0128e777f02ef114b8717c83029495e88499637d380df8feff9cc0274f374
D:\other\Bird\Dataset\CC0\Solitary Tinamou_sound\Solitary Tinamou8.mp3,Solitary Tinamou_sound\Solitary Tinamou8.mp3,Solitary Tinamou_sound,Solitary Tinamou,Solitary Tinamou8.mp3,917694,True,44100,2,1685862,38.22816326530612,MP3,MPEG_LAYER_III,78a0128e777f02ef114b8717c83029495e88499637d380df8feff9cc0274f374
D:\other\Bird\Dataset\CC0\Solitary Tinamou_sound\Solitary Tinamou7.mp3,Solitary Tinamou_sound\Solitary Tinamou7.mp3,Solitary Tinamou_sound,Solitary Tinamou,Solitary Tinamou7.mp3,917694,True,44100,2,1685862,38.22816326530612,MP3,MPEG_LAYER_III,78a0128e777f02ef114b8717c83029495e88499637d380df8feff9cc0274f374
D:\other\Bird\Dataset\CC0\Solitary Tinamou_sound\Solitary Tinamou10.mp3,Solitary Tinamou_sound\Solitary Tinamou10.mp3,Solitary Tinamou_sound,Solitary Tinamou,Solitary Tinamou10.mp3,917694,True,44100,2,1685862,38.22816326530612,MP3,MPEG_LAYER_III,78a0128e777f02ef114b8717c83029495e88499637d380df8feff9cc0274f374
D:\other\Bird\Dataset\CC0\Bartletts Tinamou_sound\Bartletts Tinamou4.mp3,Bartletts Tinamou_sound\Bartletts Tinamou4.mp3,Bartletts Tinamou_sound,Bartletts Tinamou,Bartletts Tinamou4.mp3,6392888,True,44100,1,17618676,399.516462585034,MP3,MPEG_LAYER_III,78e921172d75740d39544aa4e0417fc6d19e3a373800d10e5947f8d389953971
D:\other\Bird\Dataset\CC0\Bartletts Tinamou_sound\Bartletts Tinamou3.mp3,Bartletts Tinamou_sound\Bartletts Tinamou3.mp3,Bartletts Tinamou_sound,Bartletts Tinamou,Bartletts Tinamou3.mp3,6392888,True,44100,1,17618676,399.516462585034,MP3,MPEG_LAYER_III,78e921172d75740d39544aa4e0417fc6d19e3a373800d10e5947f8d389953971
D:\other\Bird\Dataset\CC0\Bartletts Tinamou_sound\Bartletts Tinamou2.mp3,Bartletts Tinamou_sound\Bartletts Tinamou2.mp3,Bartletts Tinamou_sound,Bartletts Tinamou,Bartletts Tinamou2.mp3,6392888,True,44100,1,17618676,399.516462585034,MP3,MPEG_LAYER_III,78e921172d75740d39544aa4e0417fc6d19e3a373800d10e5947f8d389953971
D:\other\Bird\Dataset\CC0\Andean Tinamou_sound\Andean Tinamou11.mp3,Andean Tinamou_sound\Andean Tinamou11.mp3,Andean Tinamou_sound,Andean Tinamou,Andean Tinamou11.mp3,3099314,True,48000,1,6198372,129.13275,MP3,MPEG_LAYER_III,795c6c716f370ef5d68cd524ddc9c4d26672b0a96ab1e7f2a9566e87b89dce35
D:\other\Bird\Dataset\CC0\Andean Tinamou_sound\Andean Tinamou10.mp3,Andean Tinamou_sound\Andean Tinamou10.mp3,Andean Tinamou_sound,Andean Tinamou,Andean Tinamou10.mp3,3099314,True,48000,1,6198372,129.13275,MP3,MPEG_LAYER_III,795c6c716f370ef5d68cd524ddc9c4d26672b0a96ab1e7f2a9566e87b89dce35
D:\other\Bird\Dataset\CC0\Bearded Guan_sound\Bearded Guan13.mp3,Bearded Guan_sound\Bearded Guan13.mp3,Bearded Guan_sound,Bearded Guan,Bearded Guan13.mp3,512817,True,44100,1,2825922,64.07986394557823,MP3,MPEG_LAYER_III,797b5f00f38bed7357a67d15cc2426f524470fd26575b7fdfe90b5c9c6cf8038
D:\other\Bird\Dataset\CC0\Bearded Guan_sound\Bearded Guan14.mp3,Bearded Guan_sound\Bearded Guan14.mp3,Bearded Guan_sound,Bearded Guan,Bearded Guan14.mp3,512817,True,44100,1,2825922,64.07986394557823,MP3,MPEG_LAYER_III,797b5f00f38bed7357a67d15cc2426f524470fd26575b7fdfe90b5c9c6cf8038
D:\other\Bird\Dataset\CC0\Bearded Guan_sound\Bearded Guan15.mp3,Bearded Guan_sound\Bearded Guan15.mp3,Bearded Guan_sound,Bearded Guan,Bearded Guan15.mp3,512817,True,44100,1,2825922,64.07986394557823,MP3,MPEG_LAYER_III,797b5f00f38bed7357a67d15cc2426f524470fd26575b7fdfe90b5c9c6cf8038
D:\other\Bird\Dataset\CC0\Bearded Guan_sound\Bearded Guan12.mp3,Bearded Guan_sound\Bearded Guan12.mp3,Bearded Guan_sound,Bearded Guan,Bearded Guan12.mp3,512817,True,44100,1,2825922,64.07986394557823,MP3,MPEG_LAYER_III,797b5f00f38bed7357a67d15cc2426f524470fd26575b7fdfe90b5c9c6cf8038
D:\other\Bird\Dataset\CC0\Bearded Guan_sound\Bearded Guan10.mp3,Bearded Guan_sound\Bearded Guan10.mp3,Bearded Guan_sound,Bearded Guan,Bearded Guan10.mp3,512817,True,44100,1,2825922,64.07986394557823,MP3,MPEG_LAYER_III,797b5f00f38bed7357a67d15cc2426f524470fd26575b7fdfe90b5c9c6cf8038
D:\other\Bird\Dataset\CC0\Bearded Guan_sound\Bearded Guan11.mp3,Bearded Guan_sound\Bearded Guan11.mp3,Bearded Guan_sound,Bearded Guan,Bearded Guan11.mp3,512817,True,44100,1,2825922,64.07986394557823,MP3,MPEG_LAYER_III,797b5f00f38bed7357a67d15cc2426f524470fd26575b7fdfe90b5c9c6cf8038
D:\other\Bird\Dataset\CC0\White-bellied Nothura_sound\White-bellied Nothura16.mp3,White-bellied Nothura_sound\White-bellied Nothura16.mp3,White-bellied Nothura_sound,White-bellied Nothura,White-bellied Nothura16.mp3,443841,True,44100,1,1223217,27.73734693877551,MP3,MPEG_LAYER_III,79a8091de7513accc5784b61e0b4103f4e2538cedfeef79c1867b9744c858da3
D:\other\Bird\Dataset\CC0\White-bellied Nothura_sound\White-bellied Nothura15.mp3,White-bellied Nothura_sound\White-bellied Nothura15.mp3,White-bellied Nothura_sound,White-bellied Nothura,White-bellied Nothura15.mp3,443841,True,44100,1,1223217,27.73734693877551,MP3,MPEG_LAYER_III,79a8091de7513accc5784b61e0b4103f4e2538cedfeef79c1867b9744c858da3
D:\other\Bird\Dataset\CC0\Brazilian Tinamou_sound\Brazilian Tinamou7.mp3,Brazilian Tinamou_sound\Brazilian Tinamou7.mp3,Brazilian Tinamou_sound,Brazilian Tinamou,Brazilian Tinamou7.mp3,2254188,True,44100,1,6212498,140.87297052154196,MP3,MPEG_LAYER_III,7a75fb36a66a1b8a97960cda449fcf6ec94c82259501c84bb3f83f07aaa4b36a
D:\other\Bird\Dataset\CC0\Brazilian Tinamou_sound\Brazilian Tinamou5.mp3,Brazilian Tinamou_sound\Brazilian Tinamou5.mp3,Brazilian Tinamou_sound,Brazilian Tinamou,Brazilian Tinamou5.mp3,2254188,True,44100,1,6212498,140.87297052154196,MP3,MPEG_LAYER_III,7a75fb36a66a1b8a97960cda449fcf6ec94c82259501c84bb3f83f07aaa4b36a
D:\other\Bird\Dataset\CC0\Brazilian Tinamou_sound\Brazilian Tinamou9.mp3,Brazilian Tinamou_sound\Brazilian Tinamou9.mp3,Brazilian Tinamou_sound,Brazilian Tinamou,Brazilian Tinamou9.mp3,2254188,True,44100,1,6212498,140.87297052154196,MP3,MPEG_LAYER_III,7a75fb36a66a1b8a97960cda449fcf6ec94c82259501c84bb3f83f07aaa4b36a
D:\other\Bird\Dataset\CC0\Brazilian Tinamou_sound\Brazilian Tinamou6.mp3,Brazilian Tinamou_sound\Brazilian Tinamou6.mp3,Brazilian Tinamou_sound,Brazilian Tinamou,Brazilian Tinamou6.mp3,2254188,True,44100,1,6212498,140.87297052154196,MP3,MPEG_LAYER_III,7a75fb36a66a1b8a97960cda449fcf6ec94c82259501c84bb3f83f07aaa4b36a
D:\other\Bird\Dataset\CC0\Brazilian Tinamou_sound\Brazilian Tinamou8.mp3,Brazilian Tinamou_sound\Brazilian Tinamou8.mp3,Brazilian Tinamou_sound,Brazilian Tinamou,Brazilian Tinamou8.mp3,2254188,True,44100,1,6212498,140.87297052154196,MP3,MPEG_LAYER_III,7a75fb36a66a1b8a97960cda449fcf6ec94c82259501c84bb3f83f07aaa4b36a
D:\other\Bird\Dataset\CC0\Chaco Chachalaca_sound\Chaco Chachalaca25.mp3,Chaco Chachalaca_sound\Chaco Chachalaca25.mp3,Chaco Chachalaca_sound,Chaco Chachalaca,Chaco Chachalaca25.mp3,344992,True,44100,1,633860,14.373242630385487,MP3,MPEG_LAYER_III,7b17aaa185d22f7244ef5e4ddfb947f896606d1d57587d2fc7273962ef583cb7
D:\other\Bird\Dataset\CC0\Chaco Chachalaca_sound\Chaco Chachalaca31.mp3,Chaco Chachalaca_sound\Chaco Chachalaca31.mp3,Chaco Chachalaca_sound,Chaco Chachalaca,Chaco Chachalaca31.mp3,344992,True,44100,1,633860,14.373242630385487,MP3,MPEG_LAYER_III,7b17aaa185d22f7244ef5e4ddfb947f896606d1d57587d2fc7273962ef583cb7
D:\other\Bird\Dataset\CC0\Chaco Chachalaca_sound\Chaco Chachalaca22.mp3,Chaco Chachalaca_sound\Chaco Chachalaca22.mp3,Chaco Chachalaca_sound,Chaco Chachalaca,Chaco Chachalaca22.mp3,344992,True,44100,1,633860,14.373242630385487,MP3,MPEG_LAYER_III,7b17aaa185d22f7244ef5e4ddfb947f896606d1d57587d2fc7273962ef583cb7
D:\other\Bird\Dataset\CC0\Chaco Chachalaca_sound\Chaco Chachalaca26.mp3,Chaco Chachalaca_sound\Chaco Chachalaca26.mp3,Chaco Chachalaca_sound,Chaco Chachalaca,Chaco Chachalaca26.mp3,344992,True,44100,1,633860,14.373242630385487,MP3,MPEG_LAYER_III,7b17aaa185d22f7244ef5e4ddfb947f896606d1d57587d2fc7273962ef583cb7
D:\other\Bird\Dataset\CC0\Chaco Chachalaca_sound\Chaco Chachalaca27.mp3,Chaco Chachalaca_sound\Chaco Chachalaca27.mp3,Chaco Chachalaca_sound,Chaco Chachalaca,Chaco Chachalaca27.mp3,344992,True,44100,1,633860,14.373242630385487,MP3,MPEG_LAYER_III,7b17aaa185d22f7244ef5e4ddfb947f896606d1d57587d2fc7273962ef583cb7
D:\other\Bird\Dataset\CC0\Chaco Chachalaca_sound\Chaco Chachalaca23.mp3,Chaco Chachalaca_sound\Chaco Chachalaca23.mp3,Chaco Chachalaca_sound,Chaco Chachalaca,Chaco Chachalaca23.mp3,344992,True,44100,1,633860,14.373242630385487,MP3,MPEG_LAYER_III,7b17aaa185d22f7244ef5e4ddfb947f896606d1d57587d2fc7273962ef583cb7
D:\other\Bird\Dataset\CC0\Chaco Chachalaca_sound\Chaco Chachalaca28.mp3,Chaco Chachalaca_sound\Chaco Chachalaca28.mp3,Chaco Chachalaca_sound,Chaco Chachalaca,Chaco Chachalaca28.mp3,344992,True,44100,1,633860,14.373242630385487,MP3,MPEG_LAYER_III,7b17aaa185d22f7244ef5e4ddfb947f896606d1d57587d2fc7273962ef583cb7
D:\other\Bird\Dataset\CC0\Chaco Chachalaca_sound\Chaco Chachalaca24.mp3,Chaco Chachalaca_sound\Chaco Chachalaca24.mp3,Chaco Chachalaca_sound,Chaco Chachalaca,Chaco Chachalaca24.mp3,344992,True,44100,1,633860,14.373242630385487,MP3,MPEG_LAYER_III,7b17aaa185d22f7244ef5e4ddfb947f896606d1d57587d2fc7273962ef583cb7
D:\other\Bird\Dataset\CC0\Chaco Chachalaca_sound\Chaco Chachalaca29.mp3,Chaco Chachalaca_sound\Chaco Chachalaca29.mp3,Chaco Chachalaca_sound,Chaco Chachalaca,Chaco Chachalaca29.mp3,344992,True,44100,1,633860,14.373242630385487,MP3,MPEG_LAYER_III,7b17aaa185d22f7244ef5e4ddfb947f896606d1d57587d2fc7273962ef583cb7
D:\other\Bird\Dataset\CC0\Chaco Chachalaca_sound\Chaco Chachalaca30.mp3,Chaco Chachalaca_sound\Chaco Chachalaca30.mp3,Chaco Chachalaca_sound,Chaco Chachalaca,Chaco Chachalaca30.mp3,344992,True,44100,1,633860,14.373242630385487,MP3,MPEG_LAYER_III,7b17aaa185d22f7244ef5e4ddfb947f896606d1d57587d2fc7273962ef583cb7
D:\other\Bird\Dataset\CC0\Grey Tinamou_sound\Grey Tinamou20.mp3,Grey Tinamou_sound\Grey Tinamou20.mp3,Grey Tinamou_sound,Grey Tinamou,Grey Tinamou20.mp3,792595,True,44100,2,2168636,49.17541950113379,MP3,MPEG_LAYER_III,7b2f0ef142bf452c5ad20b9b56c6bfc013fb2404c678b5ba80ee707bbd9293bc
D:\other\Bird\Dataset\CC0\Grey Tinamou_sound\Grey Tinamou21.mp3,Grey Tinamou_sound\Grey Tinamou21.mp3,Grey Tinamou_sound,Grey Tinamou,Grey Tinamou21.mp3,792595,True,44100,2,2168636,49.17541950113379,MP3,MPEG_LAYER_III,7b2f0ef142bf452c5ad20b9b56c6bfc013fb2404c678b5ba80ee707bbd9293bc
D:\other\Bird\Dataset\CC0\Rusty-margined Guan_sound\Rusty-margined Guan21.mp3,Rusty-margined Guan_sound\Rusty-margined Guan21.mp3,Rusty-margined Guan_sound,Rusty-margined Guan,Rusty-margined Guan21.mp3,712268,True,44100,2,1967704,44.619138321995464,MP3,MPEG_LAYER_III,7cf1aeeaa3511f5bcd9ba8d37237e46e9e876e71fa2e22cdd4d30206117082ca
D:\other\Bird\Dataset\CC0\Rusty-margined Guan_sound\Rusty-margined Guan22.mp3,Rusty-margined Guan_sound\Rusty-margined Guan22.mp3,Rusty-margined Guan_sound,Rusty-margined Guan,Rusty-margined Guan22.mp3,712268,True,44100,2,1967704,44.619138321995464,MP3,MPEG_LAYER_III,7cf1aeeaa3511f5bcd9ba8d37237e46e9e876e71fa2e22cdd4d30206117082ca
D:\other\Bird\Dataset\CC0\Rusty-margined Guan_sound\Rusty-margined Guan20.mp3,Rusty-margined Guan_sound\Rusty-margined Guan20.mp3,Rusty-margined Guan_sound,Rusty-margined Guan,Rusty-margined Guan20.mp3,712268,True,44100,2,1967704,44.619138321995464,MP3,MPEG_LAYER_III,7cf1aeeaa3511f5bcd9ba8d37237e46e9e876e71fa2e22cdd4d30206117082ca
D:\other\Bird\Dataset\CC0\Cinereous Tinamou_sound\Cinereous Tinamou7.mp3,Cinereous Tinamou_sound\Cinereous Tinamou7.mp3,Cinereous Tinamou_sound,Cinereous Tinamou,Cinereous Tinamou7.mp3,1836804,True,44100,2,3374797,76.52600907029479,MP3,MPEG_LAYER_III,7e05aec2d1a8d466fcc9a6fcb1842230da46f1465c9c8c2c6e8d522eff8b4563
D:\other\Bird\Dataset\CC0\Cinereous Tinamou_sound\Cinereous Tinamou9.mp3,Cinereous Tinamou_sound\Cinereous Tinamou9.mp3,Cinereous Tinamou_sound,Cinereous Tinamou,Cinereous Tinamou9.mp3,1836804,True,44100,2,3374797,76.52600907029479,MP3,MPEG_LAYER_III,7e05aec2d1a8d466fcc9a6fcb1842230da46f1465c9c8c2c6e8d522eff8b4563
D:\other\Bird\Dataset\CC0\Cinereous Tinamou_sound\Cinereous Tinamou6.mp3,Cinereous Tinamou_sound\Cinereous Tinamou6.mp3,Cinereous Tinamou_sound,Cinereous Tinamou,Cinereous Tinamou6.mp3,1836804,True,44100,2,3374797,76.52600907029479,MP3,MPEG_LAYER_III,7e05aec2d1a8d466fcc9a6fcb1842230da46f1465c9c8c2c6e8d522eff8b4563
D:\other\Bird\Dataset\CC0\Cinereous Tinamou_sound\Cinereous Tinamou8.mp3,Cinereous Tinamou_sound\Cinereous Tinamou8.mp3,Cinereous Tinamou_sound,Cinereous Tinamou,Cinereous Tinamou8.mp3,1836804,True,44100,2,3374797,76.52600907029479,MP3,MPEG_LAYER_III,7e05aec2d1a8d466fcc9a6fcb1842230da46f1465c9c8c2c6e8d522eff8b4563
D:\other\Bird\Dataset\CC0\Cinereous Tinamou_sound\Cinereous Tinamou5.mp3,Cinereous Tinamou_sound\Cinereous Tinamou5.mp3,Cinereous Tinamou_sound,Cinereous Tinamou,Cinereous Tinamou5.mp3,1836804,True,44100,2,3374797,76.52600907029479,MP3,MPEG_LAYER_III,7e05aec2d1a8d466fcc9a6fcb1842230da46f1465c9c8c2c6e8d522eff8b4563
D:\other\Bird\Dataset\CC0\Highland Tinamou_sound\Highland Tinamou19.mp3,Highland Tinamou_sound\Highland Tinamou19.mp3,Highland Tinamou_sound,Highland Tinamou,Highland Tinamou19.mp3,1294772,True,48000,2,4535074,94.48070833333334,MP3,MPEG_LAYER_III,804b964145285a96f17d95cc0076f57e108d1b4a39ec0b07a40b1fb14a0ea0bf
D:\other\Bird\Dataset\CC0\Highland Tinamou_sound\Highland Tinamou18.mp3,Highland Tinamou_sound\Highland Tinamou18.mp3,Highland Tinamou_sound,Highland Tinamou,Highland Tinamou18.mp3,1294772,True,48000,2,4535074,94.48070833333334,MP3,MPEG_LAYER_III,804b964145285a96f17d95cc0076f57e108d1b4a39ec0b07a40b1fb14a0ea0bf
D:\other\Bird\Dataset\CC0\Speckled Chachalaca_sound\Speckled Chachalaca7.mp3,Speckled Chachalaca_sound\Speckled Chachalaca7.mp3,Speckled Chachalaca_sound,Speckled Chachalaca,Speckled Chachalaca7.mp3,592256,True,48000,1,1759190,36.649791666666665,MP3,MPEG_LAYER_III,8066eaa461ef752b3d47f5ffc1f3d8d574c76f0f825afbb1f7030036496dd175
D:\other\Bird\Dataset\CC0\Speckled Chachalaca_sound\Speckled Chachalaca8.mp3,Speckled Chachalaca_sound\Speckled Chachalaca8.mp3,Speckled Chachalaca_sound,Speckled Chachalaca,Speckled Chachalaca8.mp3,592256,True,48000,1,1759190,36.649791666666665,MP3,MPEG_LAYER_III,8066eaa461ef752b3d47f5ffc1f3d8d574c76f0f825afbb1f7030036496dd175
D:\other\Bird\Dataset\CC0\Dusky Megapode_sound\Dusky Megapode21.mp3,Dusky Megapode_sound\Dusky Megapode21.mp3,Dusky Megapode_sound,Dusky Megapode,Dusky Megapode21.mp3,819799,True,44100,2,2243427,50.87136054421769,MP3,MPEG_LAYER_III,8119a902910d06cc8cec176a066515a483f11bc1b5c6b3b9085643b0481f4df7
D:\other\Bird\Dataset\CC0\Dusky Megapode_sound\Dusky Megapode20.mp3,Dusky Megapode_sound\Dusky Megapode20.mp3,Dusky Megapode_sound,Dusky Megapode,Dusky Megapode20.mp3,819799,True,44100,2,2243427,50.87136054421769,MP3,MPEG_LAYER_III,8119a902910d06cc8cec176a066515a483f11bc1b5c6b3b9085643b0481f4df7
D:\other\Bird\Dataset\CC0\Southern Brown Kiwi_sound\Southern Brown Kiwi2.mp3,Southern Brown Kiwi_sound\Southern Brown Kiwi2.mp3,Southern Brown Kiwi_sound,Southern Brown Kiwi,Southern Brown Kiwi2.mp3,168978,True,48000,2,582072,12.1265,MP3,MPEG_LAYER_III,811d6097f0fa46e99621916e2980be335ade4b22525c6d0ed2879c51aa244e74
D:\other\Bird\Dataset\CC0\Lesser Rhea_sound\Lesser Rhea5.mp3,Lesser Rhea_sound\Lesser Rhea5.mp3,Lesser Rhea_sound,Lesser Rhea,Lesser Rhea5.mp3,168978,True,48000,2,582072,12.1265,MP3,MPEG_LAYER_III,811d6097f0fa46e99621916e2980be335ade4b22525c6d0ed2879c51aa244e74
D:\other\Bird\Dataset\CC0\Grey-headed Chachalaca_sound\Grey-headed Chachalaca25.mp3,Grey-headed Chachalaca_sound\Grey-headed Chachalaca25.mp3,Grey-headed Chachalaca_sound,Grey-headed Chachalaca,Grey-headed Chachalaca25.mp3,1574740,True,44100,2,2169800,49.20181405895691,MP3,MPEG_LAYER_III,81e6ad8fdb534a99ff249776a0ae64a8c8d488c71cca1b3c1faae8e6dff7903c
D:\other\Bird\Dataset\CC0\Grey-headed Chachalaca_sound\Grey-headed Chachalaca26.mp3,Grey-headed Chachalaca_sound\Grey-headed Chachalaca26.mp3,Grey-headed Chachalaca_sound,Grey-headed Chachalaca,Grey-headed Chachalaca26.mp3,1574740,True,44100,2,2169800,49.20181405895691,MP3,MPEG_LAYER_III,81e6ad8fdb534a99ff249776a0ae64a8c8d488c71cca1b3c1faae8e6dff7903c
D:\other\Bird\Dataset\CC0\Variegated Tinamou_sound\Variegated Tinamou17.mp3,Variegated Tinamou_sound\Variegated Tinamou17.mp3,Variegated Tinamou_sound,Variegated Tinamou,Variegated Tinamou17.mp3,741967,True,44100,1,2044846,46.36839002267574,MP3,MPEG_LAYER_III,82ecd68ee60f55566e850722d39823cff3d166d7919322481b3b1abe52f233d1
D:\other\Bird\Dataset\CC0\Variegated Tinamou_sound\Variegated Tinamou16.mp3,Variegated Tinamou_sound\Variegated Tinamou16.mp3,Variegated Tinamou_sound,Variegated Tinamou,Variegated Tinamou16.mp3,741967,True,44100,1,2044846,46.36839002267574,MP3,MPEG_LAYER_III,82ecd68ee60f55566e850722d39823cff3d166d7919322481b3b1abe52f233d1
D:\other\Bird\Dataset\CC0\Grey-headed Chachalaca_sound\Grey-headed Chachalaca17.mp3,Grey-headed Chachalaca_sound\Grey-headed Chachalaca17.mp3,Grey-headed Chachalaca_sound,Grey-headed Chachalaca,Grey-headed Chachalaca17.mp3,74861,True,22050,1,207307,9.401678004535148,MP3,MPEG_LAYER_III,83201514cccd43b06d06b3e3d6170b8ba22b4105530271f35e0a6a765da9deb3
D:\other\Bird\Dataset\CC0\Grey-headed Chachalaca_sound\Grey-headed Chachalaca18.mp3,Grey-headed Chachalaca_sound\Grey-headed Chachalaca18.mp3,Grey-headed Chachalaca_sound,Grey-headed Chachalaca,Grey-headed Chachalaca18.mp3,74861,True,22050,1,207307,9.401678004535148,MP3,MPEG_LAYER_III,83201514cccd43b06d06b3e3d6170b8ba22b4105530271f35e0a6a765da9deb3
D:\other\Bird\Dataset\CC0\Solitary Tinamou_sound\Solitary Tinamou28.mp3,Solitary Tinamou_sound\Solitary Tinamou28.mp3,Solitary Tinamou_sound,Solitary Tinamou,Solitary Tinamou28.mp3,1241411,True,48000,2,2482822,51.725458333333336,MP3,MPEG_LAYER_III,833628214873702343b4e8dcd975e852986ff4281f8be0599f6430b714023316
D:\other\Bird\Dataset\CC0\Solitary Tinamou_sound\Solitary Tinamou27.mp3,Solitary Tinamou_sound\Solitary Tinamou27.mp3,Solitary Tinamou_sound,Solitary Tinamou,Solitary Tinamou27.mp3,1241411,True,48000,2,2482822,51.725458333333336,MP3,MPEG_LAYER_III,833628214873702343b4e8dcd975e852986ff4281f8be0599f6430b714023316
D:\other\Bird\Dataset\CC0\Solitary Tinamou_sound\Solitary Tinamou26.mp3,Solitary Tinamou_sound\Solitary Tinamou26.mp3,Solitary Tinamou_sound,Solitary Tinamou,Solitary Tinamou26.mp3,1241411,True,48000,2,2482822,51.725458333333336,MP3,MPEG_LAYER_III,833628214873702343b4e8dcd975e852986ff4281f8be0599f6430b714023316
D:\other\Bird\Dataset\CC0\Solitary Tinamou_sound\Solitary Tinamou29.mp3,Solitary Tinamou_sound\Solitary Tinamou29.mp3,Solitary Tinamou_sound,Solitary Tinamou,Solitary Tinamou29.mp3,1241411,True,48000,2,2482822,51.725458333333336,MP3,MPEG_LAYER_III,833628214873702343b4e8dcd975e852986ff4281f8be0599f6430b714023316
D:\other\Bird\Dataset\CC0\Huayco Tinamou_sound\Huayco Tinamou7.mp3,Huayco Tinamou_sound\Huayco Tinamou7.mp3,Huayco Tinamou_sound,Huayco Tinamou,Huayco Tinamou7.mp3,1977431,True,44100,1,10899523,247.15471655328798,MP3,MPEG_LAYER_III,838d2f36a2ebeb75f56da481737037c92d646cfdee790b48a4ac00498e3c71b7
D:\other\Bird\Dataset\CC0\Huayco Tinamou_sound\Huayco Tinamou8.mp3,Huayco Tinamou_sound\Huayco Tinamou8.mp3,Huayco Tinamou_sound,Huayco Tinamou,Huayco Tinamou8.mp3,1977431,True,44100,1,10899523,247.15471655328798,MP3,MPEG_LAYER_III,838d2f36a2ebeb75f56da481737037c92d646cfdee790b48a4ac00498e3c71b7
D:\other\Bird\Dataset\CC0\Huayco Tinamou_sound\Huayco Tinamou9.mp3,Huayco Tinamou_sound\Huayco Tinamou9.mp3,Huayco Tinamou_sound,Huayco Tinamou,Huayco Tinamou9.mp3,1977431,True,44100,1,10899523,247.15471655328798,MP3,MPEG_LAYER_III,838d2f36a2ebeb75f56da481737037c92d646cfdee790b48a4ac00498e3c71b7
D:\other\Bird\Dataset\CC0\Buff-browed Chachalaca_sound\Buff-browed Chachalaca10.mp3,Buff-browed Chachalaca_sound\Buff-browed Chachalaca10.mp3,Buff-browed Chachalaca_sound,Buff-browed Chachalaca,Buff-browed Chachalaca10.mp3,1258602,True,44100,1,1387473,31.461972789115645,MP3,MPEG_LAYER_III,83f21009a2b213589d97a69956db385531a2db2a79ea147f074c4f2d11d109e9
D:\other\Bird\Dataset\CC0\Buff-browed Chachalaca_sound\Buff-browed Chachalaca9.mp3,Buff-browed Chachalaca_sound\Buff-browed Chachalaca9.mp3,Buff-browed Chachalaca_sound,Buff-browed Chachalaca,Buff-browed Chachalaca9.mp3,1258602,True,44100,1,1387473,31.461972789115645,MP3,MPEG_LAYER_III,83f21009a2b213589d97a69956db385531a2db2a79ea147f074c4f2d11d109e9
D:\other\Bird\Dataset\CC0\Brushland Tinamou_sound\Brushland Tinamou9.mp3,Brushland Tinamou_sound\Brushland Tinamou9.mp3,Brushland Tinamou_sound,Brushland Tinamou,Brushland Tinamou9.mp3,819709,True,44100,2,1506068,34.15120181405896,MP3,MPEG_LAYER_III,84058c2efa1a75c889019fe5e04321d56ba652c1dcea85365163ed733ac0f8e5
D:\other\Bird\Dataset\CC0\Brushland Tinamou_sound\Brushland Tinamou13.mp3,Brushland Tinamou_sound\Brushland Tinamou13.mp3,Brushland Tinamou_sound,Brushland Tinamou,Brushland Tinamou13.mp3,819709,True,44100,2,1506068,34.15120181405896,MP3,MPEG_LAYER_III,84058c2efa1a75c889019fe5e04321d56ba652c1dcea85365163ed733ac0f8e5
D:\other\Bird\Dataset\CC0\Brushland Tinamou_sound\Brushland Tinamou12.mp3,Brushland Tinamou_sound\Brushland Tinamou12.mp3,Brushland Tinamou_sound,Brushland Tinamou,Brushland Tinamou12.mp3,819709,True,44100,2,1506068,34.15120181405896,MP3,MPEG_LAYER_III,84058c2efa1a75c889019fe5e04321d56ba652c1dcea85365163ed733ac0f8e5
D:\other\Bird\Dataset\CC0\Brushland Tinamou_sound\Brushland Tinamou8.mp3,Brushland Tinamou_sound\Brushland Tinamou8.mp3,Brushland Tinamou_sound,Brushland Tinamou,Brushland Tinamou8.mp3,819709,True,44100,2,1506068,34.15120181405896,MP3,MPEG_LAYER_III,84058c2efa1a75c889019fe5e04321d56ba652c1dcea85365163ed733ac0f8e5
D:\other\Bird\Dataset\CC0\Brushland Tinamou_sound\Brushland Tinamou14.mp3,Brushland Tinamou_sound\Brushland Tinamou14.mp3,Brushland Tinamou_sound,Brushland Tinamou,Brushland Tinamou14.mp3,819709,True,44100,2,1506068,34.15120181405896,MP3,MPEG_LAYER_III,84058c2efa1a75c889019fe5e04321d56ba652c1dcea85365163ed733ac0f8e5
D:\other\Bird\Dataset\CC0\Brushland Tinamou_sound\Brushland Tinamou11.mp3,Brushland Tinamou_sound\Brushland Tinamou11.mp3,Brushland Tinamou_sound,Brushland Tinamou,Brushland Tinamou11.mp3,819709,True,44100,2,1506068,34.15120181405896,MP3,MPEG_LAYER_III,84058c2efa1a75c889019fe5e04321d56ba652c1dcea85365163ed733ac0f8e5
D:\other\Bird\Dataset\CC0\Brushland Tinamou_sound\Brushland Tinamou6.mp3,Brushland Tinamou_sound\Brushland Tinamou6.mp3,Brushland Tinamou_sound,Brushland Tinamou,Brushland Tinamou6.mp3,819709,True,44100,2,1506068,34.15120181405896,MP3,MPEG_LAYER_III,84058c2efa1a75c889019fe5e04321d56ba652c1dcea85365163ed733ac0f8e5
D:\other\Bird\Dataset\CC0\Brushland Tinamou_sound\Brushland Tinamou7.mp3,Brushland Tinamou_sound\Brushland Tinamou7.mp3,Brushland Tinamou_sound,Brushland Tinamou,Brushland Tinamou7.mp3,819709,True,44100,2,1506068,34.15120181405896,MP3,MPEG_LAYER_III,84058c2efa1a75c889019fe5e04321d56ba652c1dcea85365163ed733ac0f8e5
D:\other\Bird\Dataset\CC0\Brushland Tinamou_sound\Brushland Tinamou10.mp3,Brushland Tinamou_sound\Brushland Tinamou10.mp3,Brushland Tinamou_sound,Brushland Tinamou,Brushland Tinamou10.mp3,819709,True,44100,2,1506068,34.15120181405896,MP3,MPEG_LAYER_III,84058c2efa1a75c889019fe5e04321d56ba652c1dcea85365163ed733ac0f8e5
D:\other\Bird\Dataset\CC0\White-bellied Nothura_sound\White-bellied Nothura20.mp3,White-bellied Nothura_sound\White-bellied Nothura20.mp3,White-bellied Nothura_sound,White-bellied Nothura,White-bellied Nothura20.mp3,774180,True,44100,2,1416948,32.13034013605442,MP3,MPEG_LAYER_III,855396365470755b539a8d3592b0579109828d239a979c0393a1cd6469533253
D:\other\Bird\Dataset\CC0\White-bellied Nothura_sound\White-bellied Nothura19.mp3,White-bellied Nothura_sound\White-bellied Nothura19.mp3,White-bellied Nothura_sound,White-bellied Nothura,White-bellied Nothura19.mp3,774180,True,44100,2,1416948,32.13034013605442,MP3,MPEG_LAYER_III,855396365470755b539a8d3592b0579109828d239a979c0393a1cd6469533253
D:\other\Bird\Dataset\CC0\White-bellied Nothura_sound\White-bellied Nothura18.mp3,White-bellied Nothura_sound\White-bellied Nothura18.mp3,White-bellied Nothura_sound,White-bellied Nothura,White-bellied Nothura18.mp3,774180,True,44100,2,1416948,32.13034013605442,MP3,MPEG_LAYER_III,855396365470755b539a8d3592b0579109828d239a979c0393a1cd6469533253
D:\other\Bird\Dataset\CC0\Black-capped Tinamou_sound\Black-capped Tinamou11.mp3,Black-capped Tinamou_sound\Black-capped Tinamou11.mp3,Black-capped Tinamou_sound,Black-capped Tinamou,Black-capped Tinamou11.mp3,881620,True,44100,1,2429727,55.09585034013605,MP3,MPEG_LAYER_III,85e24bbf93b33d255933a21bb842d7aceabf65344fc18328a1031d5d9a8bfbe3
D:\other\Bird\Dataset\CC0\Black-capped Tinamou_sound\Black-capped Tinamou12.mp3,Black-capped Tinamou_sound\Black-capped Tinamou12.mp3,Black-capped Tinamou_sound,Black-capped Tinamou,Black-capped Tinamou12.mp3,881620,True,44100,1,2429727,55.09585034013605,MP3,MPEG_LAYER_III,85e24bbf93b33d255933a21bb842d7aceabf65344fc18328a1031d5d9a8bfbe3
D:\other\Bird\Dataset\CC0\Great Tinamou_sound\Great Tinamou18.mp3,Great Tinamou_sound\Great Tinamou18.mp3,Great Tinamou_sound,Great Tinamou,Great Tinamou18.mp3,99054,True,48000,1,792432,16.509,MP3,MPEG_LAYER_III,86a803c3fa3375d56286fb55ebcea07380a494c7bbf7ec0aef112ddd1d6ac4fa
D:\other\Bird\Dataset\CC0\Great Tinamou_sound\Great Tinamou19.mp3,Great Tinamou_sound\Great Tinamou19.mp3,Great Tinamou_sound,Great Tinamou,Great Tinamou19.mp3,99054,True,48000,1,792432,16.509,MP3,MPEG_LAYER_III,86a803c3fa3375d56286fb55ebcea07380a494c7bbf7ec0aef112ddd1d6ac4fa
D:\other\Bird\Dataset\CC0\Rusty-margined Guan_sound\Rusty-margined Guan25.mp3,Rusty-margined Guan_sound\Rusty-margined Guan25.mp3,Rusty-margined Guan_sound,Rusty-margined Guan,Rusty-margined Guan25.mp3,795146,True,44100,1,2191407,49.69176870748299,MP3,MPEG_LAYER_III,86c2746bb72dabb973d2699b9ac2ce6e52d5cb10bb9efa9e387fb8e542b936f6
D:\other\Bird\Dataset\CC0\Rusty-margined Guan_sound\Rusty-margined Guan24.mp3,Rusty-margined Guan_sound\Rusty-margined Guan24.mp3,Rusty-margined Guan_sound,Rusty-margined Guan,Rusty-margined Guan24.mp3,795146,True,44100,1,2191407,49.69176870748299,MP3,MPEG_LAYER_III,86c2746bb72dabb973d2699b9ac2ce6e52d5cb10bb9efa9e387fb8e542b936f6
D:\other\Bird\Dataset\CC0\Rusty-margined Guan_sound\Rusty-margined Guan23.mp3,Rusty-margined Guan_sound\Rusty-margined Guan23.mp3,Rusty-margined Guan_sound,Rusty-margined Guan,Rusty-margined Guan23.mp3,795146,True,44100,1,2191407,49.69176870748299,MP3,MPEG_LAYER_III,86c2746bb72dabb973d2699b9ac2ce6e52d5cb10bb9efa9e387fb8e542b936f6
D:\other\Bird\Dataset\CC0\Spotted Nothura_sound\Spotted Nothura3.mp3,Spotted Nothura_sound\Spotted Nothura3.mp3,Spotted Nothura_sound,Spotted Nothura,Spotted Nothura3.mp3,53297,True,16000,1,213188,13.32425,MP3,MPEG_LAYER_III,87d966fa64a069fe0c9d5157406b0141be20c5ed4888afac2dde486b6fad3381
D:\other\Bird\Dataset\CC0\Spotted Nothura_sound\Spotted Nothura4.mp3,Spotted Nothura_sound\Spotted Nothura4.mp3,Spotted Nothura_sound,Spotted Nothura,Spotted Nothura4.mp3,53297,True,16000,1,213188,13.32425,MP3,MPEG_LAYER_III,87d966fa64a069fe0c9d5157406b0141be20c5ed4888afac2dde486b6fad3381
D:\other\Bird\Dataset\CC0\Red-winged Tinamou_sound\Red-winged Tinamou18.mp3,Red-winged Tinamou_sound\Red-winged Tinamou18.mp3,Red-winged Tinamou_sound,Red-winged Tinamou,Red-winged Tinamou18.mp3,108995,True,44100,1,300035,6.8035147392290245,MP3,MPEG_LAYER_III,887d2a3766105919af8bf797415bf3cba7f2c40cb32078a0e116dab048a34ecc
D:\other\Bird\Dataset\CC0\Red-winged Tinamou_sound\Red-winged Tinamou19.mp3,Red-winged Tinamou_sound\Red-winged Tinamou19.mp3,Red-winged Tinamou_sound,Red-winged Tinamou,Red-winged Tinamou19.mp3,108995,True,44100,1,300035,6.8035147392290245,MP3,MPEG_LAYER_III,887d2a3766105919af8bf797415bf3cba7f2c40cb32078a0e116dab048a34ecc
D:\other\Bird\Dataset\CC0\Spixs Guan_sound\Spixs Guan9.mp3,Spixs Guan_sound\Spixs Guan9.mp3,Spixs Guan_sound,Spixs Guan,Spixs Guan9.mp3,1072026,True,48000,2,3215694,66.993625,MP3,MPEG_LAYER_III,8974440e34c7f0c4d4055112d049205a06d3704fbf014ebb9b909dbd431d4589
D:\other\Bird\Dataset\CC0\Spixs Guan_sound\Spixs Guan8.mp3,Spixs Guan_sound\Spixs Guan8.mp3,Spixs Guan_sound,Spixs Guan,Spixs Guan8.mp3,1072026,True,48000,2,3215694,66.993625,MP3,MPEG_LAYER_III,8974440e34c7f0c4d4055112d049205a06d3704fbf014ebb9b909dbd431d4589
D:\other\Bird\Dataset\CC0\Collared Brushturkey_sound\Collared Brushturkey21.mp3,Collared Brushturkey_sound\Collared Brushturkey21.mp3,Collared Brushturkey_sound,Collared Brushturkey,Collared Brushturkey21.mp3,2637889,True,44100,2,2907988,65.9407709750567,MP3,MPEG_LAYER_III,8a5d025379940f69add39a411704fa8a5ea893a450e7193c27828c33de24a378
D:\other\Bird\Dataset\CC0\Collared Brushturkey_sound\Collared Brushturkey20.mp3,Collared Brushturkey_sound\Collared Brushturkey20.mp3,Collared Brushturkey_sound,Collared Brushturkey,Collared Brushturkey20.mp3,2637889,True,44100,2,2907988,65.9407709750567,MP3,MPEG_LAYER_III,8a5d025379940f69add39a411704fa8a5ea893a450e7193c27828c33de24a378
D:\other\Bird\Dataset\CC0\Collared Brushturkey_sound\Collared Brushturkey19.mp3,Collared Brushturkey_sound\Collared Brushturkey19.mp3,Collared Brushturkey_sound,Collared Brushturkey,Collared Brushturkey19.mp3,2637889,True,44100,2,2907988,65.9407709750567,MP3,MPEG_LAYER_III,8a5d025379940f69add39a411704fa8a5ea893a450e7193c27828c33de24a378
D:\other\Bird\Dataset\CC0\White-bellied Chachalaca_sound\White-bellied Chachalaca13.mp3,White-bellied Chachalaca_sound\White-bellied Chachalaca13.mp3,White-bellied Chachalaca_sound,White-bellied Chachalaca,White-bellied Chachalaca13.mp3,94809,True,44100,1,327117,7.417619047619048,MP3,MPEG_LAYER_III,8b3574feff8d57a8bdd649cd147764caf23798d591f5729470f50565da627278
D:\other\Bird\Dataset\CC0\White-bellied Chachalaca_sound\White-bellied Chachalaca17.mp3,White-bellied Chachalaca_sound\White-bellied Chachalaca17.mp3,White-bellied Chachalaca_sound,White-bellied Chachalaca,White-bellied Chachalaca17.mp3,94809,True,44100,1,327117,7.417619047619048,MP3,MPEG_LAYER_III,8b3574feff8d57a8bdd649cd147764caf23798d591f5729470f50565da627278
D:\other\Bird\Dataset\CC0\White-bellied Chachalaca_sound\White-bellied Chachalaca16.mp3,White-bellied Chachalaca_sound\White-bellied Chachalaca16.mp3,White-bellied Chachalaca_sound,White-bellied Chachalaca,White-bellied Chachalaca16.mp3,94809,True,44100,1,327117,7.417619047619048,MP3,MPEG_LAYER_III,8b3574feff8d57a8bdd649cd147764caf23798d591f5729470f50565da627278
D:\other\Bird\Dataset\CC0\White-bellied Chachalaca_sound\White-bellied Chachalaca15.mp3,White-bellied Chachalaca_sound\White-bellied Chachalaca15.mp3,White-bellied Chachalaca_sound,White-bellied Chachalaca,White-bellied Chachalaca15.mp3,94809,True,44100,1,327117,7.417619047619048,MP3,MPEG_LAYER_III,8b3574feff8d57a8bdd649cd147764caf23798d591f5729470f50565da627278
D:\other\Bird\Dataset\CC0\White-bellied Chachalaca_sound\White-bellied Chachalaca14.mp3,White-bellied Chachalaca_sound\White-bellied Chachalaca14.mp3,White-bellied Chachalaca_sound,White-bellied Chachalaca,White-bellied Chachalaca14.mp3,94809,True,44100,1,327117,7.417619047619048,MP3,MPEG_LAYER_III,8b3574feff8d57a8bdd649cd147764caf23798d591f5729470f50565da627278
D:\other\Bird\Dataset\CC0\Andean Tinamou_sound\Andean Tinamou4.mp3,Andean Tinamou_sound\Andean Tinamou4.mp3,Andean Tinamou_sound,Andean Tinamou,Andean Tinamou4.mp3,76558,True,44100,1,210992,4.784399092970522,MP3,MPEG_LAYER_III,8bce844179909688b9608e8edc3e98f426a902b47be52cf661b184f4e4ed4d86
D:\other\Bird\Dataset\CC0\Andean Tinamou_sound\Andean Tinamou5.mp3,Andean Tinamou_sound\Andean Tinamou5.mp3,Andean Tinamou_sound,Andean Tinamou,Andean Tinamou5.mp3,76558,True,44100,1,210992,4.784399092970522,MP3,MPEG_LAYER_III,8bce844179909688b9608e8edc3e98f426a902b47be52cf661b184f4e4ed4d86
D:\other\Bird\Dataset\CC0\Rusty Tinamou_sound\Rusty Tinamou14.mp3,Rusty Tinamou_sound\Rusty Tinamou14.mp3,Rusty Tinamou_sound,Rusty Tinamou,Rusty Tinamou14.mp3,412344,True,44100,2,1120809,25.415170068027212,MP3,MPEG_LAYER_III,8c0303833791bd2d3fcc9ee44793c3e50febaabc120cabf8f29a2a597521854e
D:\other\Bird\Dataset\CC0\Rusty Tinamou_sound\Rusty Tinamou12.mp3,Rusty Tinamou_sound\Rusty Tinamou12.mp3,Rusty Tinamou_sound,Rusty Tinamou,Rusty Tinamou12.mp3,412344,True,44100,2,1120809,25.415170068027212,MP3,MPEG_LAYER_III,8c0303833791bd2d3fcc9ee44793c3e50febaabc120cabf8f29a2a597521854e
D:\other\Bird\Dataset\CC0\Rusty Tinamou_sound\Rusty Tinamou13.mp3,Rusty Tinamou_sound\Rusty Tinamou13.mp3,Rusty Tinamou_sound,Rusty Tinamou,Rusty Tinamou13.mp3,412344,True,44100,2,1120809,25.415170068027212,MP3,MPEG_LAYER_III,8c0303833791bd2d3fcc9ee44793c3e50febaabc120cabf8f29a2a597521854e
D:\other\Bird\Dataset\CC0\Chaco Chachalaca_sound\Chaco Chachalaca15.mp3,Chaco Chachalaca_sound\Chaco Chachalaca15.mp3,Chaco Chachalaca_sound,Chaco Chachalaca,Chaco Chachalaca15.mp3,3905467,True,48000,2,4677632,97.45066666666666,MP3,MPEG_LAYER_III,8c10c16b059cda960ffe56d3926e57e66d9dffef3a62c1d0c27a86266cbe1840
D:\other\Bird\Dataset\CC0\Chaco Chachalaca_sound\Chaco Chachalaca17.mp3,Chaco Chachalaca_sound\Chaco Chachalaca17.mp3,Chaco Chachalaca_sound,Chaco Chachalaca,Chaco Chachalaca17.mp3,3905467,True,48000,2,4677632,97.45066666666666,MP3,MPEG_LAYER_III,8c10c16b059cda960ffe56d3926e57e66d9dffef3a62c1d0c27a86266cbe1840
D:\other\Bird\Dataset\CC0\Chaco Chachalaca_sound\Chaco Chachalaca16.mp3,Chaco Chachalaca_sound\Chaco Chachalaca16.mp3,Chaco Chachalaca_sound,Chaco Chachalaca,Chaco Chachalaca16.mp3,3905467,True,48000,2,4677632,97.45066666666666,MP3,MPEG_LAYER_III,8c10c16b059cda960ffe56d3926e57e66d9dffef3a62c1d0c27a86266cbe1840
D:\other\Bird\Dataset\CC0\Chaco Chachalaca_sound\Chaco Chachalaca18.mp3,Chaco Chachalaca_sound\Chaco Chachalaca18.mp3,Chaco Chachalaca_sound,Chaco Chachalaca,Chaco Chachalaca18.mp3,3905467,True,48000,2,4677632,97.45066666666666,MP3,MPEG_LAYER_III,8c10c16b059cda960ffe56d3926e57e66d9dffef3a62c1d0c27a86266cbe1840
D:\other\Bird\Dataset\CC0\Tataupa Tinamou_sound\Tataupa Tinamou2.mp3,Tataupa Tinamou_sound\Tataupa Tinamou2.mp3,Tataupa Tinamou_sound,Tataupa Tinamou,Tataupa Tinamou2.mp3,477074,True,48000,1,1608307,33.506395833333336,MP3,MPEG_LAYER_III,8cbce73fa87757c450c458b0cb1e50b6af9ca8accadcb83f8734f287d4b107e6
D:\other\Bird\Dataset\CC0\Barred Tinamou_sound\Barred Tinamou4.mp3,Barred Tinamou_sound\Barred Tinamou4.mp3,Barred Tinamou_sound,Barred Tinamou,Barred Tinamou4.mp3,477074,True,48000,1,1608307,33.506395833333336,MP3,MPEG_LAYER_III,8cbce73fa87757c450c458b0cb1e50b6af9ca8accadcb83f8734f287d4b107e6
D:\other\Bird\Dataset\CC0\Rusty-margined Guan_sound\Rusty-margined Guan31.mp3,Rusty-margined Guan_sound\Rusty-margined Guan31.mp3,Rusty-margined Guan_sound,Rusty-margined Guan,Rusty-margined Guan31.mp3,169781,True,44100,1,467913,10.610272108843537,MP3,MPEG_LAYER_III,8d285d50b3c00b609f739e712b99d92473e7c633f029e4fe44c7e94c3ffe13b8
D:\other\Bird\Dataset\CC0\Red-faced Guan_sound\Red-faced Guan2.mp3,Red-faced Guan_sound\Red-faced Guan2.mp3,Red-faced Guan_sound,Red-faced Guan,Red-faced Guan2.mp3,169781,True,44100,1,467913,10.610272108843537,MP3,MPEG_LAYER_III,8d285d50b3c00b609f739e712b99d92473e7c633f029e4fe44c7e94c3ffe13b8
D:\other\Bird\Dataset\CC0\Red-faced Guan_sound\Red-faced Guan7.mp3,Red-faced Guan_sound\Red-faced Guan7.mp3,Red-faced Guan_sound,Red-faced Guan,Red-faced Guan7.mp3,169781,True,44100,1,467913,10.610272108843537,MP3,MPEG_LAYER_III,8d285d50b3c00b609f739e712b99d92473e7c633f029e4fe44c7e94c3ffe13b8
D:\other\Bird\Dataset\CC0\Red-faced Guan_sound\Red-faced Guan6.mp3,Red-faced Guan_sound\Red-faced Guan6.mp3,Red-faced Guan_sound,Red-faced Guan,Red-faced Guan6.mp3,169781,True,44100,1,467913,10.610272108843537,MP3,MPEG_LAYER_III,8d285d50b3c00b609f739e712b99d92473e7c633f029e4fe44c7e94c3ffe13b8
D:\other\Bird\Dataset\CC0\Red-faced Guan_sound\Red-faced Guan3.mp3,Red-faced Guan_sound\Red-faced Guan3.mp3,Red-faced Guan_sound,Red-faced Guan,Red-faced Guan3.mp3,169781,True,44100,1,467913,10.610272108843537,MP3,MPEG_LAYER_III,8d285d50b3c00b609f739e712b99d92473e7c633f029e4fe44c7e94c3ffe13b8
D:\other\Bird\Dataset\CC0\Red-faced Guan_sound\Red-faced Guan5.mp3,Red-faced Guan_sound\Red-faced Guan5.mp3,Red-faced Guan_sound,Red-faced Guan,Red-faced Guan5.mp3,169781,True,44100,1,467913,10.610272108843537,MP3,MPEG_LAYER_III,8d285d50b3c00b609f739e712b99d92473e7c633f029e4fe44c7e94c3ffe13b8
D:\other\Bird\Dataset\CC0\Red-faced Guan_sound\Red-faced Guan4.mp3,Red-faced Guan_sound\Red-faced Guan4.mp3,Red-faced Guan_sound,Red-faced Guan,Red-faced Guan4.mp3,169781,True,44100,1,467913,10.610272108843537,MP3,MPEG_LAYER_III,8d285d50b3c00b609f739e712b99d92473e7c633f029e4fe44c7e94c3ffe13b8
D:\other\Bird\Dataset\CC0\Great Tinamou_sound\Great Tinamou24.mp3,Great Tinamou_sound\Great Tinamou24.mp3,Great Tinamou_sound,Great Tinamou,Great Tinamou24.mp3,583972,True,44100,1,1609415,36.49467120181406,MP3,MPEG_LAYER_III,8d4ae3717f4c0f3c448aa23e8c1272a969e6a6171192d109709ce24d0793b54b
D:\other\Bird\Dataset\CC0\Great Tinamou_sound\Great Tinamou25.mp3,Great Tinamou_sound\Great Tinamou25.mp3,Great Tinamou_sound,Great Tinamou,Great Tinamou25.mp3,583972,True,44100,1,1609415,36.49467120181406,MP3,MPEG_LAYER_III,8d4ae3717f4c0f3c448aa23e8c1272a969e6a6171192d109709ce24d0793b54b
D:\other\Bird\Dataset\CC0\Chestnut-bellied Guan_sound\Chestnut-bellied Guan12.mp3,Chestnut-bellied Guan_sound\Chestnut-bellied Guan12.mp3,Chestnut-bellied Guan_sound,Chestnut-bellied Guan,Chestnut-bellied Guan12.mp3,45732,True,44100,1,140593,3.1880498866213154,MP3,MPEG_LAYER_III,8dfbe8884e6cc00ba3f4738676c0be96c7fbf737fff0e28cbe6fd8fb1f194d15
D:\other\Bird\Dataset\CC0\Chestnut-bellied Guan_sound\Chestnut-bellied Guan13.mp3,Chestnut-bellied Guan_sound\Chestnut-bellied Guan13.mp3,Chestnut-bellied Guan_sound,Chestnut-bellied Guan,Chestnut-bellied Guan13.mp3,45732,True,44100,1,140593,3.1880498866213154,MP3,MPEG_LAYER_III,8dfbe8884e6cc00ba3f4738676c0be96c7fbf737fff0e28cbe6fd8fb1f194d15
D:\other\Bird\Dataset\CC0\Australian Brushturkey_sound\Australian Brushturkey3.mp3,Australian Brushturkey_sound\Australian Brushturkey3.mp3,Australian Brushturkey_sound,Australian Brushturkey,Australian Brushturkey3.mp3,1121437,True,48000,2,1672115,34.83572916666667,MP3,MPEG_LAYER_III,8e9fda0df24d9559f3f495d7cabe5cfdd31c83ce9d70d428a23dc01408c8af24
D:\other\Bird\Dataset\CC0\Australian Brushturkey_sound\Australian Brushturkey2.mp3,Australian Brushturkey_sound\Australian Brushturkey2.mp3,Australian Brushturkey_sound,Australian Brushturkey,Australian Brushturkey2.mp3,1121437,True,48000,2,1672115,34.83572916666667,MP3,MPEG_LAYER_III,8e9fda0df24d9559f3f495d7cabe5cfdd31c83ce9d70d428a23dc01408c8af24
D:\other\Bird\Dataset\CC0\Chaco Chachalaca_sound\Chaco Chachalaca9.mp3,Chaco Chachalaca_sound\Chaco Chachalaca9.mp3,Chaco Chachalaca_sound,Chaco Chachalaca,Chaco Chachalaca9.mp3,149748,True,16000,1,598992,37.437,MP3,MPEG_LAYER_III,8f13f225f941225e676c1e20bd059596d291c077cfc7bd26e8984c328fcb84ad
D:\other\Bird\Dataset\CC0\Chaco Chachalaca_sound\Chaco Chachalaca11.mp3,Chaco Chachalaca_sound\Chaco Chachalaca11.mp3,Chaco Chachalaca_sound,Chaco Chachalaca,Chaco Chachalaca11.mp3,149748,True,16000,1,598992,37.437,MP3,MPEG_LAYER_III,8f13f225f941225e676c1e20bd059596d291c077cfc7bd26e8984c328fcb84ad
D:\other\Bird\Dataset\CC0\Chaco Chachalaca_sound\Chaco Chachalaca7.mp3,Chaco Chachalaca_sound\Chaco Chachalaca7.mp3,Chaco Chachalaca_sound,Chaco Chachalaca,Chaco Chachalaca7.mp3,149748,True,16000,1,598992,37.437,MP3,MPEG_LAYER_III,8f13f225f941225e676c1e20bd059596d291c077cfc7bd26e8984c328fcb84ad
D:\other\Bird\Dataset\CC0\Chaco Chachalaca_sound\Chaco Chachalaca8.mp3,Chaco Chachalaca_sound\Chaco Chachalaca8.mp3,Chaco Chachalaca_sound,Chaco Chachalaca,Chaco Chachalaca8.mp3,149748,True,16000,1,598992,37.437,MP3,MPEG_LAYER_III,8f13f225f941225e676c1e20bd059596d291c077cfc7bd26e8984c328fcb84ad
D:\other\Bird\Dataset\CC0\Chaco Chachalaca_sound\Chaco Chachalaca5.mp3,Chaco Chachalaca_sound\Chaco Chachalaca5.mp3,Chaco Chachalaca_sound,Chaco Chachalaca,Chaco Chachalaca5.mp3,149748,True,16000,1,598992,37.437,MP3,MPEG_LAYER_III,8f13f225f941225e676c1e20bd059596d291c077cfc7bd26e8984c328fcb84ad
D:\other\Bird\Dataset\CC0\Chaco Chachalaca_sound\Chaco Chachalaca10.mp3,Chaco Chachalaca_sound\Chaco Chachalaca10.mp3,Chaco Chachalaca_sound,Chaco Chachalaca,Chaco Chachalaca10.mp3,149748,True,16000,1,598992,37.437,MP3,MPEG_LAYER_III,8f13f225f941225e676c1e20bd059596d291c077cfc7bd26e8984c328fcb84ad
D:\other\Bird\Dataset\CC0\Chaco Chachalaca_sound\Chaco Chachalaca6.mp3,Chaco Chachalaca_sound\Chaco Chachalaca6.mp3,Chaco Chachalaca_sound,Chaco Chachalaca,Chaco Chachalaca6.mp3,149748,True,16000,1,598992,37.437,MP3,MPEG_LAYER_III,8f13f225f941225e676c1e20bd059596d291c077cfc7bd26e8984c328fcb84ad
D:\other\Bird\Dataset\CC0\Bartletts Tinamou_sound\Bartletts Tinamou14.mp3,Bartletts Tinamou_sound\Bartletts Tinamou14.mp3,Bartletts Tinamou_sound,Bartletts Tinamou,Bartletts Tinamou14.mp3,1211519,True,16000,1,1204726,75.295375,MP3,MPEG_LAYER_III,8f339015ee6aa94d07ee7a6f7683ff82799c1c5fc92f0624f820a00b0d256fa0
D:\other\Bird\Dataset\CC0\Bartletts Tinamou_sound\Bartletts Tinamou15.mp3,Bartletts Tinamou_sound\Bartletts Tinamou15.mp3,Bartletts Tinamou_sound,Bartletts Tinamou,Bartletts Tinamou15.mp3,1211519,True,16000,1,1204726,75.295375,MP3,MPEG_LAYER_III,8f339015ee6aa94d07ee7a6f7683ff82799c1c5fc92f0624f820a00b0d256fa0
D:\other\Bird\Dataset\CC0\Marail Guan_sound\Marail Guan17.mp3,Marail Guan_sound\Marail Guan17.mp3,Marail Guan_sound,Marail Guan,Marail Guan17.mp3,194470,True,44100,1,694554,15.74952380952381,MP3,MPEG_LAYER_III,9094d779c074a4c3430b710965947ac39027519d113a38dee1f2457e857147d6
D:\other\Bird\Dataset\CC0\Marail Guan_sound\Marail Guan18.mp3,Marail Guan_sound\Marail Guan18.mp3,Marail Guan_sound,Marail Guan,Marail Guan18.mp3,194470,True,44100,1,694554,15.74952380952381,MP3,MPEG_LAYER_III,9094d779c074a4c3430b710965947ac39027519d113a38dee1f2457e857147d6
D:\other\Bird\Dataset\CC0\Rusty-margined Guan_sound\Rusty-margined Guan2.mp3,Rusty-margined Guan_sound\Rusty-margined Guan2.mp3,Rusty-margined Guan_sound,Rusty-margined Guan,Rusty-margined Guan2.mp3,194470,True,44100,1,694554,15.74952380952381,MP3,MPEG_LAYER_III,9094d779c074a4c3430b710965947ac39027519d113a38dee1f2457e857147d6
D:\other\Bird\Dataset\CC0\Rusty-margined Guan_sound\Rusty-margined Guan3.mp3,Rusty-margined Guan_sound\Rusty-margined Guan3.mp3,Rusty-margined Guan_sound,Rusty-margined Guan,Rusty-margined Guan3.mp3,194470,True,44100,1,694554,15.74952380952381,MP3,MPEG_LAYER_III,9094d779c074a4c3430b710965947ac39027519d113a38dee1f2457e857147d6
D:\other\Bird\Dataset\CC0\Tataupa Tinamou_sound\Tataupa Tinamou22.mp3,Tataupa Tinamou_sound\Tataupa Tinamou22.mp3,Tataupa Tinamou_sound,Tataupa Tinamou,Tataupa Tinamou22.mp3,1098137,True,44100,1,3026444,68.62684807256235,MP3,MPEG_LAYER_III,90b0a5dc3869b5c97403d3bb73283d8092cb805b5856878c0e35d32e5d1671e2
D:\other\Bird\Dataset\CC0\Tataupa Tinamou_sound\Tataupa Tinamou23.mp3,Tataupa Tinamou_sound\Tataupa Tinamou23.mp3,Tataupa Tinamou_sound,Tataupa Tinamou,Tataupa Tinamou23.mp3,1098137,True,44100,1,3026444,68.62684807256235,MP3,MPEG_LAYER_III,90b0a5dc3869b5c97403d3bb73283d8092cb805b5856878c0e35d32e5d1671e2
D:\other\Bird\Dataset\CC0\Tataupa Tinamou_sound\Tataupa Tinamou24.mp3,Tataupa Tinamou_sound\Tataupa Tinamou24.mp3,Tataupa Tinamou_sound,Tataupa Tinamou,Tataupa Tinamou24.mp3,1098137,True,44100,1,3026444,68.62684807256235,MP3,MPEG_LAYER_III,90b0a5dc3869b5c97403d3bb73283d8092cb805b5856878c0e35d32e5d1671e2
D:\other\Bird\Dataset\CC0\Rufous-bellied Chachalaca_sound\Rufous-bellied Chachalaca29.mp3,Rufous-bellied Chachalaca_sound\Rufous-bellied Chachalaca29.mp3,Rufous-bellied Chachalaca_sound,Rufous-bellied Chachalaca,Rufous-bellied Chachalaca29.mp3,198575,True,44100,1,548581,12.439478458049887,MP3,MPEG_LAYER_III,914b5843428e1f7eace42c11fd498d814f438bff7602516a3e3f830bae8942ae
D:\other\Bird\Dataset\CC0\Rufous-bellied Chachalaca_sound\Rufous-bellied Chachalaca28.mp3,Rufous-bellied Chachalaca_sound\Rufous-bellied Chachalaca28.mp3,Rufous-bellied Chachalaca_sound,Rufous-bellied Chachalaca,Rufous-bellied Chachalaca28.mp3,198575,True,44100,1,548581,12.439478458049887,MP3,MPEG_LAYER_III,914b5843428e1f7eace42c11fd498d814f438bff7602516a3e3f830bae8942ae
D:\other\Bird\Dataset\CC0\Brown Tinamou_sound\Brown Tinamou9.mp3,Brown Tinamou_sound\Brown Tinamou9.mp3,Brown Tinamou_sound,Brown Tinamou,Brown Tinamou9.mp3,123045,True,44100,2,322816,7.320090702947846,MP3,MPEG_LAYER_III,917a81e90c9ba6996e2ae8e6391266fc737cdbb9a8b25aae063b347d5c44b140
D:\other\Bird\Dataset\CC0\Brown Tinamou_sound\Brown Tinamou10.mp3,Brown Tinamou_sound\Brown Tinamou10.mp3,Brown Tinamou_sound,Brown Tinamou,Brown Tinamou10.mp3,123045,True,44100,2,322816,7.320090702947846,MP3,MPEG_LAYER_III,917a81e90c9ba6996e2ae8e6391266fc737cdbb9a8b25aae063b347d5c44b140
D:\other\Bird\Dataset\CC0\Andean Tinamou_sound\Andean Tinamou18.mp3,Andean Tinamou_sound\Andean Tinamou18.mp3,Andean Tinamou_sound,Andean Tinamou,Andean Tinamou18.mp3,294136,True,44100,1,810280,18.37369614512472,MP3,MPEG_LAYER_III,91ee1f62894050a144f6d4ba05ebc50db542fb84a06f95b75a3221681d3afe2b
D:\other\Bird\Dataset\CC0\Andean Tinamou_sound\Andean Tinamou19.mp3,Andean Tinamou_sound\Andean Tinamou19.mp3,Andean Tinamou_sound,Andean Tinamou,Andean Tinamou19.mp3,294136,True,44100,1,810280,18.37369614512472,MP3,MPEG_LAYER_III,91ee1f62894050a144f6d4ba05ebc50db542fb84a06f95b75a3221681d3afe2b
D:\other\Bird\Dataset\CC0\White-bellied Nothura_sound\White-bellied Nothura2.mp3,White-bellied Nothura_sound\White-bellied Nothura2.mp3,White-bellied Nothura_sound,White-bellied Nothura,White-bellied Nothura2.mp3,181189,True,44100,1,499000,11.315192743764172,MP3,MPEG_LAYER_III,928bfd81cfd5724c959b572a844c872590c8f26efa4c57524e1a0d32ad2a98eb
D:\other\Bird\Dataset\CC0\Curve-billed Tinamou_sound\Curve-billed Tinamou9.mp3,Curve-billed Tinamou_sound\Curve-billed Tinamou9.mp3,Curve-billed Tinamou_sound,Curve-billed Tinamou,Curve-billed Tinamou9.mp3,181189,True,44100,1,499000,11.315192743764172,MP3,MPEG_LAYER_III,928bfd81cfd5724c959b572a844c872590c8f26efa4c57524e1a0d32ad2a98eb
D:\other\Bird\Dataset\CC0\Brown Tinamou_sound\Brown Tinamou18.mp3,Brown Tinamou_sound\Brown Tinamou18.mp3,Brown Tinamou_sound,Brown Tinamou,Brown Tinamou18.mp3,798944,True,48000,1,1597632,33.284,MP3,MPEG_LAYER_III,92c5ee5f9a11890bfb6452a6d40328416b10b95a00536eca581dedab57bd9b9d
D:\other\Bird\Dataset\CC0\Brown Tinamou_sound\Brown Tinamou17.mp3,Brown Tinamou_sound\Brown Tinamou17.mp3,Brown Tinamou_sound,Brown Tinamou,Brown Tinamou17.mp3,798944,True,48000,1,1597632,33.284,MP3,MPEG_LAYER_III,92c5ee5f9a11890bfb6452a6d40328416b10b95a00536eca581dedab57bd9b9d
D:\other\Bird\Dataset\CC0\Brown Tinamou_sound\Brown Tinamou19.mp3,Brown Tinamou_sound\Brown Tinamou19.mp3,Brown Tinamou_sound,Brown Tinamou,Brown Tinamou19.mp3,798944,True,48000,1,1597632,33.284,MP3,MPEG_LAYER_III,92c5ee5f9a11890bfb6452a6d40328416b10b95a00536eca581dedab57bd9b9d
D:\other\Bird\Dataset\CC0\Brown Tinamou_sound\Brown Tinamou20.mp3,Brown Tinamou_sound\Brown Tinamou20.mp3,Brown Tinamou_sound,Brown Tinamou,Brown Tinamou20.mp3,798944,True,48000,1,1597632,33.284,MP3,MPEG_LAYER_III,92c5ee5f9a11890bfb6452a6d40328416b10b95a00536eca581dedab57bd9b9d
D:\other\Bird\Dataset\CC0\Solitary Tinamou_sound\Solitary Tinamou12.mp3,Solitary Tinamou_sound\Solitary Tinamou12.mp3,Solitary Tinamou_sound,Solitary Tinamou,Solitary Tinamou12.mp3,674373,True,44100,1,1858559,42.14419501133787,MP3,MPEG_LAYER_III,937f5afcee8d9f44d89c1339251f0b6d9eb7b4752526488eb329db1c2e4f5818
D:\other\Bird\Dataset\CC0\Solitary Tinamou_sound\Solitary Tinamou13.mp3,Solitary Tinamou_sound\Solitary Tinamou13.mp3,Solitary Tinamou_sound,Solitary Tinamou,Solitary Tinamou13.mp3,674373,True,44100,1,1858559,42.14419501133787,MP3,MPEG_LAYER_III,937f5afcee8d9f44d89c1339251f0b6d9eb7b4752526488eb329db1c2e4f5818
D:\other\Bird\Dataset\CC0\Grey-headed Chachalaca_sound\Grey-headed Chachalaca31.mp3,Grey-headed Chachalaca_sound\Grey-headed Chachalaca31.mp3,Grey-headed Chachalaca_sound,Grey-headed Chachalaca,Grey-headed Chachalaca31.mp3,166282,True,44100,2,228958,5.191791383219955,MP3,MPEG_LAYER_III,93a64c20ca03d2fd148cbd2314eebab7f3c69e239df28fcd650887ba9898d6b9
D:\other\Bird\Dataset\CC0\Grey-headed Chachalaca_sound\Grey-headed Chachalaca30.mp3,Grey-headed Chachalaca_sound\Grey-headed Chachalaca30.mp3,Grey-headed Chachalaca_sound,Grey-headed Chachalaca,Grey-headed Chachalaca30.mp3,166282,True,44100,2,228958,5.191791383219955,MP3,MPEG_LAYER_III,93a64c20ca03d2fd148cbd2314eebab7f3c69e239df28fcd650887ba9898d6b9
D:\other\Bird\Dataset\CC0\Andean Tinamou_sound\Andean Tinamou25.mp3,Andean Tinamou_sound\Andean Tinamou25.mp3,Andean Tinamou_sound,Andean Tinamou,Andean Tinamou25.mp3,258010,True,44100,1,711070,16.124036281179137,MP3,MPEG_LAYER_III,942b68f581e5bebb133ff4c5b1d2b4521854aa22a3c13700e8fbf134b6b83ed4
D:\other\Bird\Dataset\CC0\Andean Tinamou_sound\Andean Tinamou26.mp3,Andean Tinamou_sound\Andean Tinamou26.mp3,Andean Tinamou_sound,Andean Tinamou,Andean Tinamou26.mp3,258010,True,44100,1,711070,16.124036281179137,MP3,MPEG_LAYER_III,942b68f581e5bebb133ff4c5b1d2b4521854aa22a3c13700e8fbf134b6b83ed4
D:\other\Bird\Dataset\CC0\Highland Tinamou_sound\Highland Tinamou7.mp3,Highland Tinamou_sound\Highland Tinamou7.mp3,Highland Tinamou_sound,Highland Tinamou,Highland Tinamou7.mp3,253515,True,44100,1,683136,15.490612244897958,MP3,MPEG_LAYER_III,948e9158119e938688779a1d2e2661157289339eff322e55c906ecc3e11178ce
D:\other\Bird\Dataset\CC0\Highland Tinamou_sound\Highland Tinamou6.mp3,Highland Tinamou_sound\Highland Tinamou6.mp3,Highland Tinamou_sound,Highland Tinamou,Highland Tinamou6.mp3,253515,True,44100,1,683136,15.490612244897958,MP3,MPEG_LAYER_III,948e9158119e938688779a1d2e2661157289339eff322e55c906ecc3e11178ce
D:\other\Bird\Dataset\CC0\Cinereous Tinamou_sound\Cinereous Tinamou12.mp3,Cinereous Tinamou_sound\Cinereous Tinamou12.mp3,Cinereous Tinamou_sound,Cinereous Tinamou,Cinereous Tinamou12.mp3,849942,True,44100,2,3646464,82.68625850340136,MP3,MPEG_LAYER_III,95577dfd1d15bbc54cdf32e6d0fc9ae61809f4868197277042e922826448c6e2
D:\other\Bird\Dataset\CC0\Cinereous Tinamou_sound\Cinereous Tinamou11.mp3,Cinereous Tinamou_sound\Cinereous Tinamou11.mp3,Cinereous Tinamou_sound,Cinereous Tinamou,Cinereous Tinamou11.mp3,849942,True,44100,2,3646464,82.68625850340136,MP3,MPEG_LAYER_III,95577dfd1d15bbc54cdf32e6d0fc9ae61809f4868197277042e922826448c6e2
D:\other\Bird\Dataset\CC0\Cinereous Tinamou_sound\Cinereous Tinamou10.mp3,Cinereous Tinamou_sound\Cinereous Tinamou10.mp3,Cinereous Tinamou_sound,Cinereous Tinamou,Cinereous Tinamou10.mp3,849942,True,44100,2,3646464,82.68625850340136,MP3,MPEG_LAYER_III,95577dfd1d15bbc54cdf32e6d0fc9ae61809f4868197277042e922826448c6e2
D:\other\Bird\Dataset\CC0\Marail Guan_sound\Marail Guan2.mp3,Marail Guan_sound\Marail Guan2.mp3,Marail Guan_sound,Marail Guan,Marail Guan2.mp3,1093268,True,44100,1,2011656,45.61578231292517,MP3,MPEG_LAYER_III,956dc1dc71cbfcf9ee431e04141f2591f809bc2e676dba4a4b2b0f4a26718232
D:\other\Bird\Dataset\CC0\Marail Guan_sound\Marail Guan3.mp3,Marail Guan_sound\Marail Guan3.mp3,Marail Guan_sound,Marail Guan,Marail Guan3.mp3,1093268,True,44100,1,2011656,45.61578231292517,MP3,MPEG_LAYER_III,956dc1dc71cbfcf9ee431e04141f2591f809bc2e676dba4a4b2b0f4a26718232
D:\other\Bird\Dataset\CC0\Marail Guan_sound\Marail Guan4.mp3,Marail Guan_sound\Marail Guan4.mp3,Marail Guan_sound,Marail Guan,Marail Guan4.mp3,1093268,True,44100,1,2011656,45.61578231292517,MP3,MPEG_LAYER_III,956dc1dc71cbfcf9ee431e04141f2591f809bc2e676dba4a4b2b0f4a26718232
D:\other\Bird\Dataset\CC0\Tongan Megapode_sound\Tongan Megapode12.mp3,Tongan Megapode_sound\Tongan Megapode12.mp3,Tongan Megapode_sound,Tongan Megapode,Tongan Megapode12.mp3,130064,True,44100,1,359313,8.147687074829932,MP3,MPEG_LAYER_III,964aa79547d921b6fd30cb3c2082827a85a911aa6a1e38b13cf01db945add183
D:\other\Bird\Dataset\CC0\Tongan Megapode_sound\Tongan Megapode11.mp3,Tongan Megapode_sound\Tongan Megapode11.mp3,Tongan Megapode_sound,Tongan Megapode,Tongan Megapode11.mp3,130064,True,44100,1,359313,8.147687074829932,MP3,MPEG_LAYER_III,964aa79547d921b6fd30cb3c2082827a85a911aa6a1e38b13cf01db945add183
D:\other\Bird\Dataset\CC0\Tongan Megapode_sound\Tongan Megapode14.mp3,Tongan Megapode_sound\Tongan Megapode14.mp3,Tongan Megapode_sound,Tongan Megapode,Tongan Megapode14.mp3,130064,True,44100,1,359313,8.147687074829932,MP3,MPEG_LAYER_III,964aa79547d921b6fd30cb3c2082827a85a911aa6a1e38b13cf01db945add183
D:\other\Bird\Dataset\CC0\Tongan Megapode_sound\Tongan Megapode13.mp3,Tongan Megapode_sound\Tongan Megapode13.mp3,Tongan Megapode_sound,Tongan Megapode,Tongan Megapode13.mp3,130064,True,44100,1,359313,8.147687074829932,MP3,MPEG_LAYER_III,964aa79547d921b6fd30cb3c2082827a85a911aa6a1e38b13cf01db945add183
D:\other\Bird\Dataset\CC0\Berlepschs Tinamou_sound\Berlepschs Tinamou11.mp3,Berlepschs Tinamou_sound\Berlepschs Tinamou11.mp3,Berlepschs Tinamou_sound,Berlepschs Tinamou,Berlepschs Tinamou11.mp3,364315,True,44100,2,1340865,30.405102040816328,MP3,MPEG_LAYER_III,9727d82749e24376807ee3d12cdba57438ad18bb2346553be7d1b9d6a5188769
D:\other\Bird\Dataset\CC0\Berlepschs Tinamou_sound\Berlepschs Tinamou12.mp3,Berlepschs Tinamou_sound\Berlepschs Tinamou12.mp3,Berlepschs Tinamou_sound,Berlepschs Tinamou,Berlepschs Tinamou12.mp3,364315,True,44100,2,1340865,30.405102040816328,MP3,MPEG_LAYER_III,9727d82749e24376807ee3d12cdba57438ad18bb2346553be7d1b9d6a5188769
D:\other\Bird\Dataset\CC0\Pale-browed Tinamou_sound\Pale-browed Tinamou16.mp3,Pale-browed Tinamou_sound\Pale-browed Tinamou16.mp3,Pale-browed Tinamou_sound,Pale-browed Tinamou,Pale-browed Tinamou16.mp3,365020,True,44100,1,2011270,45.60702947845805,MP3,MPEG_LAYER_III,972c112789ec946634a2e081313208cd77fc608d86c71c0ebeab92fbe38caef6
D:\other\Bird\Dataset\CC0\Pale-browed Tinamou_sound\Pale-browed Tinamou17.mp3,Pale-browed Tinamou_sound\Pale-browed Tinamou17.mp3,Pale-browed Tinamou_sound,Pale-browed Tinamou,Pale-browed Tinamou17.mp3,365020,True,44100,1,2011270,45.60702947845805,MP3,MPEG_LAYER_III,972c112789ec946634a2e081313208cd77fc608d86c71c0ebeab92fbe38caef6
D:\other\Bird\Dataset\CC0\Pale-browed Tinamou_sound\Pale-browed Tinamou18.mp3,Pale-browed Tinamou_sound\Pale-browed Tinamou18.mp3,Pale-browed Tinamou_sound,Pale-browed Tinamou,Pale-browed Tinamou18.mp3,365020,True,44100,1,2011270,45.60702947845805,MP3,MPEG_LAYER_III,972c112789ec946634a2e081313208cd77fc608d86c71c0ebeab92fbe38caef6
D:\other\Bird\Dataset\CC0\Spixs Guan_sound\Spixs Guan22.mp3,Spixs Guan_sound\Spixs Guan22.mp3,Spixs Guan_sound,Spixs Guan,Spixs Guan22.mp3,863691,True,44100,2,2486652,56.38666666666666,MP3,MPEG_LAYER_III,977052a093e5d515c5f7b05fa5abf415e09446d16cbf04d19baf2bed4c25d222
D:\other\Bird\Dataset\CC0\Spixs Guan_sound\Spixs Guan20.mp3,Spixs Guan_sound\Spixs Guan20.mp3,Spixs Guan_sound,Spixs Guan,Spixs Guan20.mp3,863691,True,44100,2,2486652,56.38666666666666,MP3,MPEG_LAYER_III,977052a093e5d515c5f7b05fa5abf415e09446d16cbf04d19baf2bed4c25d222
D:\other\Bird\Dataset\CC0\Spixs Guan_sound\Spixs Guan21.mp3,Spixs Guan_sound\Spixs Guan21.mp3,Spixs Guan_sound,Spixs Guan,Spixs Guan21.mp3,863691,True,44100,2,2486652,56.38666666666666,MP3,MPEG_LAYER_III,977052a093e5d515c5f7b05fa5abf415e09446d16cbf04d19baf2bed4c25d222
D:\other\Bird\Dataset\CC0\Ornate Tinamou_sound\Ornate Tinamou12.mp3,Ornate Tinamou_sound\Ornate Tinamou12.mp3,Ornate Tinamou_sound,Ornate Tinamou,Ornate Tinamou12.mp3,39003,True,44100,1,216016,4.898321995464853,MP3,MPEG_LAYER_III,97fc6b06bd1aee560e4df3add9a3205bb0fe0624fbb9acb338674bb7dab86bc0
D:\other\Bird\Dataset\CC0\Ornate Tinamou_sound\Ornate Tinamou13.mp3,Ornate Tinamou_sound\Ornate Tinamou13.mp3,Ornate Tinamou_sound,Ornate Tinamou,Ornate Tinamou13.mp3,39003,True,44100,1,216016,4.898321995464853,MP3,MPEG_LAYER_III,97fc6b06bd1aee560e4df3add9a3205bb0fe0624fbb9acb338674bb7dab86bc0
D:\other\Bird\Dataset\CC0\Rufous-bellied Chachalaca_sound\Rufous-bellied Chachalaca25.mp3,Rufous-bellied Chachalaca_sound\Rufous-bellied Chachalaca25.mp3,Rufous-bellied Chachalaca_sound,Rufous-bellied Chachalaca,Rufous-bellied Chachalaca25.mp3,344679,True,44100,1,1246461,28.264421768707482,MP3,MPEG_LAYER_III,9816dd6311d8603e20bbc366cb39ec29aad3006803e05b680bc0b6dc5cb20a35
D:\other\Bird\Dataset\CC0\Rufous-bellied Chachalaca_sound\Rufous-bellied Chachalaca24.mp3,Rufous-bellied Chachalaca_sound\Rufous-bellied Chachalaca24.mp3,Rufous-bellied Chachalaca_sound,Rufous-bellied Chachalaca,Rufous-bellied Chachalaca24.mp3,344679,True,44100,1,1246461,28.264421768707482,MP3,MPEG_LAYER_III,9816dd6311d8603e20bbc366cb39ec29aad3006803e05b680bc0b6dc5cb20a35
D:\other\Bird\Dataset\CC0\Black-capped Tinamou_sound\Black-capped Tinamou7.mp3,Black-capped Tinamou_sound\Black-capped Tinamou7.mp3,Black-capped Tinamou_sound,Black-capped Tinamou,Black-capped Tinamou7.mp3,661043,True,32000,2,1746645,54.58265625,MP3,MPEG_LAYER_III,981ed9dd1d60f667464f37084e65521dbdc996af0feb23a52370396012f94b55
D:\other\Bird\Dataset\CC0\Black-capped Tinamou_sound\Black-capped Tinamou6.mp3,Black-capped Tinamou_sound\Black-capped Tinamou6.mp3,Black-capped Tinamou_sound,Black-capped Tinamou,Black-capped Tinamou6.mp3,661043,True,32000,2,1746645,54.58265625,MP3,MPEG_LAYER_III,981ed9dd1d60f667464f37084e65521dbdc996af0feb23a52370396012f94b55
D:\other\Bird\Dataset\CC0\Collared Brushturkey_sound\Collared Brushturkey11.mp3,Collared Brushturkey_sound\Collared Brushturkey11.mp3,Collared Brushturkey_sound,Collared Brushturkey,Collared Brushturkey11.mp3,992162,True,44100,2,1916366,43.455011337868484,MP3,MPEG_LAYER_III,98d2c78ee2f46264d83a40b32a548ad184842870ed41e709e1d98a1249d94b3d
D:\other\Bird\Dataset\CC0\Collared Brushturkey_sound\Collared Brushturkey12.mp3,Collared Brushturkey_sound\Collared Brushturkey12.mp3,Collared Brushturkey_sound,Collared Brushturkey,Collared Brushturkey12.mp3,992162,True,44100,2,1916366,43.455011337868484,MP3,MPEG_LAYER_III,98d2c78ee2f46264d83a40b32a548ad184842870ed41e709e1d98a1249d94b3d
D:\other\Bird\Dataset\CC0\Collared Brushturkey_sound\Collared Brushturkey10.mp3,Collared Brushturkey_sound\Collared Brushturkey10.mp3,Collared Brushturkey_sound,Collared Brushturkey,Collared Brushturkey10.mp3,992162,True,44100,2,1916366,43.455011337868484,MP3,MPEG_LAYER_III,98d2c78ee2f46264d83a40b32a548ad184842870ed41e709e1d98a1249d94b3d
D:\other\Bird\Dataset\CC0\North Island Brown Kiwi_sound\North Island Brown Kiwi17.mp3,North Island Brown Kiwi_sound\North Island Brown Kiwi17.mp3,North Island Brown Kiwi_sound,North Island Brown Kiwi,North Island Brown Kiwi17.mp3,834434,True,44100,1,911763,20.674897959183674,MP3,MPEG_LAYER_III,98fbfb96a71a582a0f7725c960ac3ea46618e020359e33da66a7b952da1b1b37
D:\other\Bird\Dataset\CC0\North Island Brown Kiwi_sound\North Island Brown Kiwi18.mp3,North Island Brown Kiwi_sound\North Island Brown Kiwi18.mp3,North Island Brown Kiwi_sound,North Island Brown Kiwi,North Island Brown Kiwi18.mp3,834434,True,44100,1,911763,20.674897959183674,MP3,MPEG_LAYER_III,98fbfb96a71a582a0f7725c960ac3ea46618e020359e33da66a7b952da1b1b37
D:\other\Bird\Dataset\CC0\North Island Brown Kiwi_sound\North Island Brown Kiwi19.mp3,North Island Brown Kiwi_sound\North Island Brown Kiwi19.mp3,North Island Brown Kiwi_sound,North Island Brown Kiwi,North Island Brown Kiwi19.mp3,834434,True,44100,1,911763,20.674897959183674,MP3,MPEG_LAYER_III,98fbfb96a71a582a0f7725c960ac3ea46618e020359e33da66a7b952da1b1b37
D:\other\Bird\Dataset\CC0\Marail Guan_sound\Marail Guan9.mp3,Marail Guan_sound\Marail Guan9.mp3,Marail Guan_sound,Marail Guan,Marail Guan9.mp3,96655,True,44100,1,266379,6.0403401360544215,MP3,MPEG_LAYER_III,99127d90db4158eaac450e07e8ddff9fbde0fa94b51e4294bcba0ac761c15d22
D:\other\Bird\Dataset\CC0\Marail Guan_sound\Marail Guan10.mp3,Marail Guan_sound\Marail Guan10.mp3,Marail Guan_sound,Marail Guan,Marail Guan10.mp3,96655,True,44100,1,266379,6.0403401360544215,MP3,MPEG_LAYER_III,99127d90db4158eaac450e07e8ddff9fbde0fa94b51e4294bcba0ac761c15d22
D:\other\Bird\Dataset\CC0\Andean Guan_sound\Andean Guan14.mp3,Andean Guan_sound\Andean Guan14.mp3,Andean Guan_sound,Andean Guan,Andean Guan14.mp3,369375,True,44100,1,1017637,23.075668934240362,MP3,MPEG_LAYER_III,99d465b5f4e6926458c9947ddd54bd77dd07facf017d5d34bfc1c6c7bb80784a
D:\other\Bird\Dataset\CC0\Andean Guan_sound\Andean Guan15.mp3,Andean Guan_sound\Andean Guan15.mp3,Andean Guan_sound,Andean Guan,Andean Guan15.mp3,369375,True,44100,1,1017637,23.075668934240362,MP3,MPEG_LAYER_III,99d465b5f4e6926458c9947ddd54bd77dd07facf017d5d34bfc1c6c7bb80784a
D:\other\Bird\Dataset\CC0\Chestnut-winged Chachalaca_sound\Chestnut-winged Chachalaca18.mp3,Chestnut-winged Chachalaca_sound\Chestnut-winged Chachalaca18.mp3,Chestnut-winged Chachalaca_sound,Chestnut-winged Chachalaca,Chestnut-winged Chachalaca18.mp3,309425,True,48000,2,911704,18.993833333333335,MP3,MPEG_LAYER_III,9ae34649ea41c091fadd42c6c9115268570c35fafe29704699a0f499d74978ed
D:\other\Bird\Dataset\CC0\Chestnut-winged Chachalaca_sound\Chestnut-winged Chachalaca17.mp3,Chestnut-winged Chachalaca_sound\Chestnut-winged Chachalaca17.mp3,Chestnut-winged Chachalaca_sound,Chestnut-winged Chachalaca,Chestnut-winged Chachalaca17.mp3,309425,True,48000,2,911704,18.993833333333335,MP3,MPEG_LAYER_III,9ae34649ea41c091fadd42c6c9115268570c35fafe29704699a0f499d74978ed
D:\other\Bird\Dataset\CC0\Spotted Nothura_sound\Spotted Nothura16.mp3,Spotted Nothura_sound\Spotted Nothura16.mp3,Spotted Nothura_sound,Spotted Nothura,Spotted Nothura16.mp3,247395,True,44100,2,443567,10.058208616780046,MP3,MPEG_LAYER_III,9b6f392e890429f6ae5c8d9cbce243ffca3515392d27b90af85483fd87f45a19
D:\other\Bird\Dataset\CC0\Spotted Nothura_sound\Spotted Nothura17.mp3,Spotted Nothura_sound\Spotted Nothura17.mp3,Spotted Nothura_sound,Spotted Nothura,Spotted Nothura17.mp3,247395,True,44100,2,443567,10.058208616780046,MP3,MPEG_LAYER_III,9b6f392e890429f6ae5c8d9cbce243ffca3515392d27b90af85483fd87f45a19
D:\other\Bird\Dataset\CC0\Marail Guan_sound\Marail Guan14.mp3,Marail Guan_sound\Marail Guan14.mp3,Marail Guan_sound,Marail Guan,Marail Guan14.mp3,90693,True,44100,1,311910,7.072789115646258,MP3,MPEG_LAYER_III,9bc506f21ae249457e94adeb6a5aab663b3096b5db1df8c26aee891bcf305676
D:\other\Bird\Dataset\CC0\Marail Guan_sound\Marail Guan13.mp3,Marail Guan_sound\Marail Guan13.mp3,Marail Guan_sound,Marail Guan,Marail Guan13.mp3,90693,True,44100,1,311910,7.072789115646258,MP3,MPEG_LAYER_III,9bc506f21ae249457e94adeb6a5aab663b3096b5db1df8c26aee891bcf305676
D:\other\Bird\Dataset\CC0\East Brazilian Chachalaca_sound\East Brazilian Chachalaca4.mp3,East Brazilian Chachalaca_sound\East Brazilian Chachalaca4.mp3,East Brazilian Chachalaca_sound,East Brazilian Chachalaca,East Brazilian Chachalaca4.mp3,449648,True,44100,1,1238868,28.092244897959183,MP3,MPEG_LAYER_III,9d0fc203bae258f15c0829b9f639a3eb1903d2d6e9bc8c652624ab546ff4a84b
D:\other\Bird\Dataset\CC0\East Brazilian Chachalaca_sound\East Brazilian Chachalaca5.mp3,East Brazilian Chachalaca_sound\East Brazilian Chachalaca5.mp3,East Brazilian Chachalaca_sound,East Brazilian Chachalaca,East Brazilian Chachalaca5.mp3,449648,True,44100,1,1238868,28.092244897959183,MP3,MPEG_LAYER_III,9d0fc203bae258f15c0829b9f639a3eb1903d2d6e9bc8c652624ab546ff4a84b
D:\other\Bird\Dataset\CC0\East Brazilian Chachalaca_sound\East Brazilian Chachalaca6.mp3,East Brazilian Chachalaca_sound\East Brazilian Chachalaca6.mp3,East Brazilian Chachalaca_sound,East Brazilian Chachalaca,East Brazilian Chachalaca6.mp3,449648,True,44100,1,1238868,28.092244897959183,MP3,MPEG_LAYER_III,9d0fc203bae258f15c0829b9f639a3eb1903d2d6e9bc8c652624ab546ff4a84b
D:\other\Bird\Dataset\CC0\East Brazilian Chachalaca_sound\East Brazilian Chachalaca7.mp3,East Brazilian Chachalaca_sound\East Brazilian Chachalaca7.mp3,East Brazilian Chachalaca_sound,East Brazilian Chachalaca,East Brazilian Chachalaca7.mp3,449648,True,44100,1,1238868,28.092244897959183,MP3,MPEG_LAYER_III,9d0fc203bae258f15c0829b9f639a3eb1903d2d6e9bc8c652624ab546ff4a84b
D:\other\Bird\Dataset\CC0\East Brazilian Chachalaca_sound\East Brazilian Chachalaca8.mp3,East Brazilian Chachalaca_sound\East Brazilian Chachalaca8.mp3,East Brazilian Chachalaca_sound,East Brazilian Chachalaca,East Brazilian Chachalaca8.mp3,449648,True,44100,1,1238868,28.092244897959183,MP3,MPEG_LAYER_III,9d0fc203bae258f15c0829b9f639a3eb1903d2d6e9bc8c652624ab546ff4a84b
D:\other\Bird\Dataset\CC0\East Brazilian Chachalaca_sound\East Brazilian Chachalaca2.mp3,East Brazilian Chachalaca_sound\East Brazilian Chachalaca2.mp3,East Brazilian Chachalaca_sound,East Brazilian Chachalaca,East Brazilian Chachalaca2.mp3,449648,True,44100,1,1238868,28.092244897959183,MP3,MPEG_LAYER_III,9d0fc203bae258f15c0829b9f639a3eb1903d2d6e9bc8c652624ab546ff4a84b
D:\other\Bird\Dataset\CC0\Speckled Chachalaca_sound\Speckled Chachalaca31.mp3,Speckled Chachalaca_sound\Speckled Chachalaca31.mp3,Speckled Chachalaca_sound,Speckled Chachalaca,Speckled Chachalaca31.mp3,449648,True,44100,1,1238868,28.092244897959183,MP3,MPEG_LAYER_III,9d0fc203bae258f15c0829b9f639a3eb1903d2d6e9bc8c652624ab546ff4a84b
D:\other\Bird\Dataset\CC0\East Brazilian Chachalaca_sound\East Brazilian Chachalaca3.mp3,East Brazilian Chachalaca_sound\East Brazilian Chachalaca3.mp3,East Brazilian Chachalaca_sound,East Brazilian Chachalaca,East Brazilian Chachalaca3.mp3,449648,True,44100,1,1238868,28.092244897959183,MP3,MPEG_LAYER_III,9d0fc203bae258f15c0829b9f639a3eb1903d2d6e9bc8c652624ab546ff4a84b
D:\other\Bird\Dataset\CC0\Cauca Guan_sound\Cauca Guan30.mp3,Cauca Guan_sound\Cauca Guan30.mp3,Cauca Guan_sound,Cauca Guan,Cauca Guan30.mp3,5701315,True,44100,2,12582212,285.3109297052154,MP3,MPEG_LAYER_III,9f09d60900fbf299e215184ae82523a3da184db5d8d40af74ba86bb8bf0d7ea1
D:\other\Bird\Dataset\CC0\Cauca Guan_sound\Cauca Guan29.mp3,Cauca Guan_sound\Cauca Guan29.mp3,Cauca Guan_sound,Cauca Guan,Cauca Guan29.mp3,5701315,True,44100,2,12582212,285.3109297052154,MP3,MPEG_LAYER_III,9f09d60900fbf299e215184ae82523a3da184db5d8d40af74ba86bb8bf0d7ea1
D:\other\Bird\Dataset\CC0\Cauca Guan_sound\Cauca Guan28.mp3,Cauca Guan_sound\Cauca Guan28.mp3,Cauca Guan_sound,Cauca Guan,Cauca Guan28.mp3,5701315,True,44100,2,12582212,285.3109297052154,MP3,MPEG_LAYER_III,9f09d60900fbf299e215184ae82523a3da184db5d8d40af74ba86bb8bf0d7ea1
D:\other\Bird\Dataset\CC0\Cauca Guan_sound\Cauca Guan27.mp3,Cauca Guan_sound\Cauca Guan27.mp3,Cauca Guan_sound,Cauca Guan,Cauca Guan27.mp3,5701315,True,44100,2,12582212,285.3109297052154,MP3,MPEG_LAYER_III,9f09d60900fbf299e215184ae82523a3da184db5d8d40af74ba86bb8bf0d7ea1
D:\other\Bird\Dataset\CC0\Cauca Guan_sound\Cauca Guan26.mp3,Cauca Guan_sound\Cauca Guan26.mp3,Cauca Guan_sound,Cauca Guan,Cauca Guan26.mp3,5701315,True,44100,2,12582212,285.3109297052154,MP3,MPEG_LAYER_III,9f09d60900fbf299e215184ae82523a3da184db5d8d40af74ba86bb8bf0d7ea1
D:\other\Bird\Dataset\CC0\Cauca Guan_sound\Cauca Guan31.mp3,Cauca Guan_sound\Cauca Guan31.mp3,Cauca Guan_sound,Cauca Guan,Cauca Guan31.mp3,5701315,True,44100,2,12582212,285.3109297052154,MP3,MPEG_LAYER_III,9f09d60900fbf299e215184ae82523a3da184db5d8d40af74ba86bb8bf0d7ea1
D:\other\Bird\Dataset\CC0\Brazilian Tinamou_sound\Brazilian Tinamou21.mp3,Brazilian Tinamou_sound\Brazilian Tinamou21.mp3,Brazilian Tinamou_sound,Brazilian Tinamou,Brazilian Tinamou21.mp3,817248,True,44100,1,4504639,102.14600907029478,MP3,MPEG_LAYER_III,9f8d64a5ca75ca78f2dfd9498c825f62b7bef00bce39a405e1f6c526c40f4ae8
D:\other\Bird\Dataset\CC0\Brazilian Tinamou_sound\Brazilian Tinamou20.mp3,Brazilian Tinamou_sound\Brazilian Tinamou20.mp3,Brazilian Tinamou_sound,Brazilian Tinamou,Brazilian Tinamou20.mp3,817248,True,44100,1,4504639,102.14600907029478,MP3,MPEG_LAYER_III,9f8d64a5ca75ca78f2dfd9498c825f62b7bef00bce39a405e1f6c526c40f4ae8
D:\other\Bird\Dataset\CC0\Southern Cassowary_sound\Southern Cassowary10.mp3,Southern Cassowary_sound\Southern Cassowary10.mp3,Southern Cassowary_sound,Southern Cassowary,Southern Cassowary10.mp3,249737,True,44100,2,689920,15.644444444444444,MP3,MPEG_LAYER_III,9fbb5a6ede01e3e3526b32188d3329d96907a2e0ae651fb42870a7dd6e0f49fb
D:\other\Bird\Dataset\CC0\Southern Cassowary_sound\Southern Cassowary9.mp3,Southern Cassowary_sound\Southern Cassowary9.mp3,Southern Cassowary_sound,Southern Cassowary,Southern Cassowary9.mp3,249737,True,44100,2,689920,15.644444444444444,MP3,MPEG_LAYER_III,9fbb5a6ede01e3e3526b32188d3329d96907a2e0ae651fb42870a7dd6e0f49fb
D:\other\Bird\Dataset\CC0\Colombian Chachalaca_sound\Colombian Chachalaca5.mp3,Colombian Chachalaca_sound\Colombian Chachalaca5.mp3,Colombian Chachalaca_sound,Colombian Chachalaca,Colombian Chachalaca5.mp3,327523,True,44100,2,588941,13.354671201814059,MP3,MPEG_LAYER_III,a13b392803a05009831522487d6171e7e8293adbe24c5d92387ee2879f373cad
D:\other\Bird\Dataset\CC0\Colombian Chachalaca_sound\Colombian Chachalaca4.mp3,Colombian Chachalaca_sound\Colombian Chachalaca4.mp3,Colombian Chachalaca_sound,Colombian Chachalaca,Colombian Chachalaca4.mp3,327523,True,44100,2,588941,13.354671201814059,MP3,MPEG_LAYER_III,a13b392803a05009831522487d6171e7e8293adbe24c5d92387ee2879f373cad
D:\other\Bird\Dataset\CC0\Orange-footed Scrubfowl_sound\Orange-footed Scrubfowl28.mp3,Orange-footed Scrubfowl_sound\Orange-footed Scrubfowl28.mp3,Orange-footed Scrubfowl_sound,Orange-footed Scrubfowl,Orange-footed Scrubfowl28.mp3,349637,True,44100,1,947453,21.484195011337867,MP3,MPEG_LAYER_III,a24dbd8aed2213dc4d5bf5a320ff217409cd47b6dd72a2a79018a4dd52dfc30d
D:\other\Bird\Dataset\CC0\Orange-footed Scrubfowl_sound\Orange-footed Scrubfowl27.mp3,Orange-footed Scrubfowl_sound\Orange-footed Scrubfowl27.mp3,Orange-footed Scrubfowl_sound,Orange-footed Scrubfowl,Orange-footed Scrubfowl27.mp3,349637,True,44100,1,947453,21.484195011337867,MP3,MPEG_LAYER_III,a24dbd8aed2213dc4d5bf5a320ff217409cd47b6dd72a2a79018a4dd52dfc30d
D:\other\Bird\Dataset\CC0\Highland Tinamou_sound\Highland Tinamou30.mp3,Highland Tinamou_sound\Highland Tinamou30.mp3,Highland Tinamou_sound,Highland Tinamou,Highland Tinamou30.mp3,618823,True,44100,1,3410223,77.32931972789116,MP3,MPEG_LAYER_III,a3717e977d8fb3eda0439e9a402868f6585dfa1840c64408885c11cdba3bb56e
D:\other\Bird\Dataset\CC0\Highland Tinamou_sound\Highland Tinamou29.mp3,Highland Tinamou_sound\Highland Tinamou29.mp3,Highland Tinamou_sound,Highland Tinamou,Highland Tinamou29.mp3,618823,True,44100,1,3410223,77.32931972789116,MP3,MPEG_LAYER_III,a3717e977d8fb3eda0439e9a402868f6585dfa1840c64408885c11cdba3bb56e
D:\other\Bird\Dataset\CC0\Highland Tinamou_sound\Highland Tinamou31.mp3,Highland Tinamou_sound\Highland Tinamou31.mp3,Highland Tinamou_sound,Highland Tinamou,Highland Tinamou31.mp3,618823,True,44100,1,3410223,77.32931972789116,MP3,MPEG_LAYER_III,a3717e977d8fb3eda0439e9a402868f6585dfa1840c64408885c11cdba3bb56e
D:\other\Bird\Dataset\CC0\Highland Tinamou_sound\Highland Tinamou28.mp3,Highland Tinamou_sound\Highland Tinamou28.mp3,Highland Tinamou_sound,Highland Tinamou,Highland Tinamou28.mp3,618823,True,44100,1,3410223,77.32931972789116,MP3,MPEG_LAYER_III,a3717e977d8fb3eda0439e9a402868f6585dfa1840c64408885c11cdba3bb56e
D:\other\Bird\Dataset\CC0\Puna Tinamou_sound\Puna Tinamou2.mp3,Puna Tinamou_sound\Puna Tinamou2.mp3,Puna Tinamou_sound,Puna Tinamou,Puna Tinamou2.mp3,250722,True,44100,1,922785,20.924829931972788,MP3,MPEG_LAYER_III,a4c64d6650a56dd378efdd8e25bb2db51ca8841944021fe86fec206cd824540b
D:\other\Bird\Dataset\CC0\Puna Tinamou_sound\Puna Tinamou3.mp3,Puna Tinamou_sound\Puna Tinamou3.mp3,Puna Tinamou_sound,Puna Tinamou,Puna Tinamou3.mp3,250722,True,44100,1,922785,20.924829931972788,MP3,MPEG_LAYER_III,a4c64d6650a56dd378efdd8e25bb2db51ca8841944021fe86fec206cd824540b
D:\other\Bird\Dataset\CC0\Puna Tinamou_sound\Puna Tinamou4.mp3,Puna Tinamou_sound\Puna Tinamou4.mp3,Puna Tinamou_sound,Puna Tinamou,Puna Tinamou4.mp3,250722,True,44100,1,922785,20.924829931972788,MP3,MPEG_LAYER_III,a4c64d6650a56dd378efdd8e25bb2db51ca8841944021fe86fec206cd824540b
D:\other\Bird\Dataset\CC0\Quebracho Crested Tinamou_sound\Quebracho Crested Tinamou11.mp3,Quebracho Crested Tinamou_sound\Quebracho Crested Tinamou11.mp3,Quebracho Crested Tinamou_sound,Quebracho Crested Tinamou,Quebracho Crested Tinamou11.mp3,250722,True,44100,1,922785,20.924829931972788,MP3,MPEG_LAYER_III,a4c64d6650a56dd378efdd8e25bb2db51ca8841944021fe86fec206cd824540b
D:\other\Bird\Dataset\CC0\Red-legged Tinamou_sound\Red-legged Tinamou5.mp3,Red-legged Tinamou_sound\Red-legged Tinamou5.mp3,Red-legged Tinamou_sound,Red-legged Tinamou,Red-legged Tinamou5.mp3,701044,True,44100,1,2550982,57.845396825396826,MP3,MPEG_LAYER_III,a5f4d110d8246c59687211616f422424ff2b1463e2d3dd01157b4a47a2038d8e
D:\other\Bird\Dataset\CC0\Red-legged Tinamou_sound\Red-legged Tinamou6.mp3,Red-legged Tinamou_sound\Red-legged Tinamou6.mp3,Red-legged Tinamou_sound,Red-legged Tinamou,Red-legged Tinamou6.mp3,701044,True,44100,1,2550982,57.845396825396826,MP3,MPEG_LAYER_III,a5f4d110d8246c59687211616f422424ff2b1463e2d3dd01157b4a47a2038d8e
D:\other\Bird\Dataset\CC0\Rufous-vented Chachalaca_sound\Rufous-vented Chachalaca31.mp3,Rufous-vented Chachalaca_sound\Rufous-vented Chachalaca31.mp3,Rufous-vented Chachalaca_sound,Rufous-vented Chachalaca,Rufous-vented Chachalaca31.mp3,168519,True,44100,2,448184,10.162902494331066,MP3,MPEG_LAYER_III,a64827e876ebc928efc335f07bc546505a44118ff181b5eef67c0272a69cc8d8
D:\other\Bird\Dataset\CC0\Rufous-vented Chachalaca_sound\Rufous-vented Chachalaca30.mp3,Rufous-vented Chachalaca_sound\Rufous-vented Chachalaca30.mp3,Rufous-vented Chachalaca_sound,Rufous-vented Chachalaca,Rufous-vented Chachalaca30.mp3,168519,True,44100,2,448184,10.162902494331066,MP3,MPEG_LAYER_III,a64827e876ebc928efc335f07bc546505a44118ff181b5eef67c0272a69cc8d8
D:\other\Bird\Dataset\CC0\Rufous-vented Chachalaca_sound\Rufous-vented Chachalaca29.mp3,Rufous-vented Chachalaca_sound\Rufous-vented Chachalaca29.mp3,Rufous-vented Chachalaca_sound,Rufous-vented Chachalaca,Rufous-vented Chachalaca29.mp3,168519,True,44100,2,448184,10.162902494331066,MP3,MPEG_LAYER_III,a64827e876ebc928efc335f07bc546505a44118ff181b5eef67c0272a69cc8d8
D:\other\Bird\Dataset\CC0\Bearded Guan_sound\Bearded Guan21.mp3,Bearded Guan_sound\Bearded Guan21.mp3,Bearded Guan_sound,Bearded Guan,Bearded Guan21.mp3,349137,True,44100,1,962214,21.81891156462585,MP3,MPEG_LAYER_III,a65b9d1d3b6a7a86c9fd1d75dd11531f383c19a6e91f833f8d1eb5bb229c7970
D:\other\Bird\Dataset\CC0\Bearded Guan_sound\Bearded Guan20.mp3,Bearded Guan_sound\Bearded Guan20.mp3,Bearded Guan_sound,Bearded Guan,Bearded Guan20.mp3,349137,True,44100,1,962214,21.81891156462585,MP3,MPEG_LAYER_III,a65b9d1d3b6a7a86c9fd1d75dd11531f383c19a6e91f833f8d1eb5bb229c7970
D:\other\Bird\Dataset\CC0\Dusky-legged Guan_sound\Dusky-legged Guan14.mp3,Dusky-legged Guan_sound\Dusky-legged Guan14.mp3,Dusky-legged Guan_sound,Dusky-legged Guan,Dusky-legged Guan14.mp3,1143361,True,44100,2,3134977,71.08791383219955,MP3,MPEG_LAYER_III,a678ca72c609327e5bd47c076874ea2f50b845e23db35887cc124b99470761e4
D:\other\Bird\Dataset\CC0\Dusky-legged Guan_sound\Dusky-legged Guan13.mp3,Dusky-legged Guan_sound\Dusky-legged Guan13.mp3,Dusky-legged Guan_sound,Dusky-legged Guan,Dusky-legged Guan13.mp3,1143361,True,44100,2,3134977,71.08791383219955,MP3,MPEG_LAYER_III,a678ca72c609327e5bd47c076874ea2f50b845e23db35887cc124b99470761e4
D:\other\Bird\Dataset\CC0\East Brazilian Chachalaca_sound\East Brazilian Chachalaca20.mp3,East Brazilian Chachalaca_sound\East Brazilian Chachalaca20.mp3,East Brazilian Chachalaca_sound,East Brazilian Chachalaca,East Brazilian Chachalaca20.mp3,33498,True,44100,1,371054,8.413922902494331,MP3,MPEG_LAYER_III,a74c9572167644e23fbd842e409898f29787ea9b09b6fd463753245f0821a54c
D:\other\Bird\Dataset\CC0\East Brazilian Chachalaca_sound\East Brazilian Chachalaca17.mp3,East Brazilian Chachalaca_sound\East Brazilian Chachalaca17.mp3,East Brazilian Chachalaca_sound,East Brazilian Chachalaca,East Brazilian Chachalaca17.mp3,33498,True,44100,1,371054,8.413922902494331,MP3,MPEG_LAYER_III,a74c9572167644e23fbd842e409898f29787ea9b09b6fd463753245f0821a54c
D:\other\Bird\Dataset\CC0\East Brazilian Chachalaca_sound\East Brazilian Chachalaca21.mp3,East Brazilian Chachalaca_sound\East Brazilian Chachalaca21.mp3,East Brazilian Chachalaca_sound,East Brazilian Chachalaca,East Brazilian Chachalaca21.mp3,33498,True,44100,1,371054,8.413922902494331,MP3,MPEG_LAYER_III,a74c9572167644e23fbd842e409898f29787ea9b09b6fd463753245f0821a54c
D:\other\Bird\Dataset\CC0\East Brazilian Chachalaca_sound\East Brazilian Chachalaca18.mp3,East Brazilian Chachalaca_sound\East Brazilian Chachalaca18.mp3,East Brazilian Chachalaca_sound,East Brazilian Chachalaca,East Brazilian Chachalaca18.mp3,33498,True,44100,1,371054,8.413922902494331,MP3,MPEG_LAYER_III,a74c9572167644e23fbd842e409898f29787ea9b09b6fd463753245f0821a54c
D:\other\Bird\Dataset\CC0\East Brazilian Chachalaca_sound\East Brazilian Chachalaca19.mp3,East Brazilian Chachalaca_sound\East Brazilian Chachalaca19.mp3,East Brazilian Chachalaca_sound,East Brazilian Chachalaca,East Brazilian Chachalaca19.mp3,33498,True,44100,1,371054,8.413922902494331,MP3,MPEG_LAYER_III,a74c9572167644e23fbd842e409898f29787ea9b09b6fd463753245f0821a54c
D:\other\Bird\Dataset\CC0\White-bellied Nothura_sound\White-bellied Nothura14.mp3,White-bellied Nothura_sound\White-bellied Nothura14.mp3,White-bellied Nothura_sound,White-bellied Nothura,White-bellied Nothura14.mp3,494626,True,44100,1,910002,20.63496598639456,MP3,MPEG_LAYER_III,a7ec6a282388f7566c8cabea42c304b32c0c9e0f381577a2d61eb673aedde329
D:\other\Bird\Dataset\CC0\White-bellied Nothura_sound\White-bellied Nothura13.mp3,White-bellied Nothura_sound\White-bellied Nothura13.mp3,White-bellied Nothura_sound,White-bellied Nothura,White-bellied Nothura13.mp3,494626,True,44100,1,910002,20.63496598639456,MP3,MPEG_LAYER_III,a7ec6a282388f7566c8cabea42c304b32c0c9e0f381577a2d61eb673aedde329
D:\other\Bird\Dataset\CC0\Small-billed Tinamou_sound\Small-billed Tinamou10.mp3,Small-billed Tinamou_sound\Small-billed Tinamou10.mp3,Small-billed Tinamou_sound,Small-billed Tinamou,Small-billed Tinamou10.mp3,534470,True,44100,1,589195,13.360430839002268,MP3,MPEG_LAYER_III,a99d6264156d2d516375d86ee0ff3b3a9bc6de857f0a0aafa432b6fe9ae32b30
D:\other\Bird\Dataset\CC0\Small-billed Tinamou_sound\Small-billed Tinamou11.mp3,Small-billed Tinamou_sound\Small-billed Tinamou11.mp3,Small-billed Tinamou_sound,Small-billed Tinamou,Small-billed Tinamou11.mp3,534470,True,44100,1,589195,13.360430839002268,MP3,MPEG_LAYER_III,a99d6264156d2d516375d86ee0ff3b3a9bc6de857f0a0aafa432b6fe9ae32b30
D:\other\Bird\Dataset\CC0\Small-billed Tinamou_sound\Small-billed Tinamou12.mp3,Small-billed Tinamou_sound\Small-billed Tinamou12.mp3,Small-billed Tinamou_sound,Small-billed Tinamou,Small-billed Tinamou12.mp3,534470,True,44100,1,589195,13.360430839002268,MP3,MPEG_LAYER_III,a99d6264156d2d516375d86ee0ff3b3a9bc6de857f0a0aafa432b6fe9ae32b30
D:\other\Bird\Dataset\CC0\Small-billed Tinamou_sound\Small-billed Tinamou13.mp3,Small-billed Tinamou_sound\Small-billed Tinamou13.mp3,Small-billed Tinamou_sound,Small-billed Tinamou,Small-billed Tinamou13.mp3,534470,True,44100,1,589195,13.360430839002268,MP3,MPEG_LAYER_III,a99d6264156d2d516375d86ee0ff3b3a9bc6de857f0a0aafa432b6fe9ae32b30
D:\other\Bird\Dataset\CC0\Small-billed Tinamou_sound\Small-billed Tinamou6.mp3,Small-billed Tinamou_sound\Small-billed Tinamou6.mp3,Small-billed Tinamou_sound,Small-billed Tinamou,Small-billed Tinamou6.mp3,534470,True,44100,1,589195,13.360430839002268,MP3,MPEG_LAYER_III,a99d6264156d2d516375d86ee0ff3b3a9bc6de857f0a0aafa432b6fe9ae32b30
D:\other\Bird\Dataset\CC0\Small-billed Tinamou_sound\Small-billed Tinamou7.mp3,Small-billed Tinamou_sound\Small-billed Tinamou7.mp3,Small-billed Tinamou_sound,Small-billed Tinamou,Small-billed Tinamou7.mp3,534470,True,44100,1,589195,13.360430839002268,MP3,MPEG_LAYER_III,a99d6264156d2d516375d86ee0ff3b3a9bc6de857f0a0aafa432b6fe9ae32b30
D:\other\Bird\Dataset\CC0\Small-billed Tinamou_sound\Small-billed Tinamou8.mp3,Small-billed Tinamou_sound\Small-billed Tinamou8.mp3,Small-billed Tinamou_sound,Small-billed Tinamou,Small-billed Tinamou8.mp3,534470,True,44100,1,589195,13.360430839002268,MP3,MPEG_LAYER_III,a99d6264156d2d516375d86ee0ff3b3a9bc6de857f0a0aafa432b6fe9ae32b30
D:\other\Bird\Dataset\CC0\Small-billed Tinamou_sound\Small-billed Tinamou9.mp3,Small-billed Tinamou_sound\Small-billed Tinamou9.mp3,Small-billed Tinamou_sound,Small-billed Tinamou,Small-billed Tinamou9.mp3,534470,True,44100,1,589195,13.360430839002268,MP3,MPEG_LAYER_III,a99d6264156d2d516375d86ee0ff3b3a9bc6de857f0a0aafa432b6fe9ae32b30
D:\other\Bird\Dataset\CC0\Blue-throated Piping Guan_sound\Blue-throated Piping Guan3.mp3,Blue-throated Piping Guan_sound\Blue-throated Piping Guan3.mp3,Blue-throated Piping Guan_sound,Blue-throated Piping Guan,Blue-throated Piping Guan3.mp3,226110,True,44100,2,499001,11.315215419501135,MP3,MPEG_LAYER_III,aae3cba1be1efb5d0c582bdbbbb2a081bbb5924def5925f9e3cdd51397efbdf9
D:\other\Bird\Dataset\CC0\Blue-throated Piping Guan_sound\Blue-throated Piping Guan2.mp3,Blue-throated Piping Guan_sound\Blue-throated Piping Guan2.mp3,Blue-throated Piping Guan_sound,Blue-throated Piping Guan,Blue-throated Piping Guan2.mp3,226110,True,44100,2,499001,11.315215419501135,MP3,MPEG_LAYER_III,aae3cba1be1efb5d0c582bdbbbb2a081bbb5924def5925f9e3cdd51397efbdf9
D:\other\Bird\Dataset\CC0\Blue-throated Piping Guan_sound\Blue-throated Piping Guan4.mp3,Blue-throated Piping Guan_sound\Blue-throated Piping Guan4.mp3,Blue-throated Piping Guan_sound,Blue-throated Piping Guan,Blue-throated Piping Guan4.mp3,226110,True,44100,2,499001,11.315215419501135,MP3,MPEG_LAYER_III,aae3cba1be1efb5d0c582bdbbbb2a081bbb5924def5925f9e3cdd51397efbdf9
D:\other\Bird\Dataset\CC0\Dwarf Tinamou_sound\Dwarf Tinamou25.mp3,Dwarf Tinamou_sound\Dwarf Tinamou25.mp3,Dwarf Tinamou_sound,Dwarf Tinamou,Dwarf Tinamou25.mp3,102472,True,44100,2,283088,6.419229024943311,MP3,MPEG_LAYER_III,aaf8162c80667278b59c3fbbfa9a81792b01f64dd4eae5125fb6f88d340c9b4e
D:\other\Bird\Dataset\CC0\Dwarf Tinamou_sound\Dwarf Tinamou26.mp3,Dwarf Tinamou_sound\Dwarf Tinamou26.mp3,Dwarf Tinamou_sound,Dwarf Tinamou,Dwarf Tinamou26.mp3,102472,True,44100,2,283088,6.419229024943311,MP3,MPEG_LAYER_III,aaf8162c80667278b59c3fbbfa9a81792b01f64dd4eae5125fb6f88d340c9b4e
D:\other\Bird\Dataset\CC0\Rufous-vented Chachalaca_sound\Rufous-vented Chachalaca6.mp3,Rufous-vented Chachalaca_sound\Rufous-vented Chachalaca6.mp3,Rufous-vented Chachalaca_sound,Rufous-vented Chachalaca,Rufous-vented Chachalaca6.mp3,1848545,True,44100,2,3385304,76.76426303854875,MP3,MPEG_LAYER_III,ab51a06fb1586bce07e7383e12ad21edb4fa0c3a11a0de63de3c92d83890b2bf
D:\other\Bird\Dataset\CC0\Rufous-vented Chachalaca_sound\Rufous-vented Chachalaca7.mp3,Rufous-vented Chachalaca_sound\Rufous-vented Chachalaca7.mp3,Rufous-vented Chachalaca_sound,Rufous-vented Chachalaca,Rufous-vented Chachalaca7.mp3,1848545,True,44100,2,3385304,76.76426303854875,MP3,MPEG_LAYER_III,ab51a06fb1586bce07e7383e12ad21edb4fa0c3a11a0de63de3c92d83890b2bf
D:\other\Bird\Dataset\CC0\Rufous-vented Chachalaca_sound\Rufous-vented Chachalaca5.mp3,Rufous-vented Chachalaca_sound\Rufous-vented Chachalaca5.mp3,Rufous-vented Chachalaca_sound,Rufous-vented Chachalaca,Rufous-vented Chachalaca5.mp3,1848545,True,44100,2,3385304,76.76426303854875,MP3,MPEG_LAYER_III,ab51a06fb1586bce07e7383e12ad21edb4fa0c3a11a0de63de3c92d83890b2bf
D:\other\Bird\Dataset\CC0\Andean Guan_sound\Andean Guan30.mp3,Andean Guan_sound\Andean Guan30.mp3,Andean Guan_sound,Andean Guan,Andean Guan30.mp3,495761,True,22050,1,674271,30.579183673469387,MP3,MPEG_LAYER_III,ab74a2e2331c00d1a46b551c0feb25751e1b9452cc83504a6f8830a9342a86a3
D:\other\Bird\Dataset\CC0\Andean Guan_sound\Andean Guan29.mp3,Andean Guan_sound\Andean Guan29.mp3,Andean Guan_sound,Andean Guan,Andean Guan29.mp3,495761,True,22050,1,674271,30.579183673469387,MP3,MPEG_LAYER_III,ab74a2e2331c00d1a46b551c0feb25751e1b9452cc83504a6f8830a9342a86a3
D:\other\Bird\Dataset\CC0\Andean Guan_sound\Andean Guan28.mp3,Andean Guan_sound\Andean Guan28.mp3,Andean Guan_sound,Andean Guan,Andean Guan28.mp3,495761,True,22050,1,674271,30.579183673469387,MP3,MPEG_LAYER_III,ab74a2e2331c00d1a46b551c0feb25751e1b9452cc83504a6f8830a9342a86a3
D:\other\Bird\Dataset\CC0\Variegated Tinamou_sound\Variegated Tinamou3.mp3,Variegated Tinamou_sound\Variegated Tinamou3.mp3,Variegated Tinamou_sound,Variegated Tinamou,Variegated Tinamou3.mp3,309241,True,44100,1,568846,12.899002267573696,MP3,MPEG_LAYER_III,ac4fb43c35a79441e3a0ba28f7b4d92abc296ef9276cbe48112c4b9f63a245e7
D:\other\Bird\Dataset\CC0\Variegated Tinamou_sound\Variegated Tinamou4.mp3,Variegated Tinamou_sound\Variegated Tinamou4.mp3,Variegated Tinamou_sound,Variegated Tinamou,Variegated Tinamou4.mp3,309241,True,44100,1,568846,12.899002267573696,MP3,MPEG_LAYER_III,ac4fb43c35a79441e3a0ba28f7b4d92abc296ef9276cbe48112c4b9f63a245e7
D:\other\Bird\Dataset\CC0\Crested Guan_sound\Crested Guan23.mp3,Crested Guan_sound\Crested Guan23.mp3,Crested Guan_sound,Crested Guan,Crested Guan23.mp3,5267674,True,48000,1,6312960,131.52,MP3,MPEG_LAYER_III,ada87c1302057791539b5d8d0c5405768d32203a6f739b5758a0995f9775cff2
D:\other\Bird\Dataset\CC0\Crested Guan_sound\Crested Guan25.mp3,Crested Guan_sound\Crested Guan25.mp3,Crested Guan_sound,Crested Guan,Crested Guan25.mp3,5267674,True,48000,1,6312960,131.52,MP3,MPEG_LAYER_III,ada87c1302057791539b5d8d0c5405768d32203a6f739b5758a0995f9775cff2
D:\other\Bird\Dataset\CC0\Crested Guan_sound\Crested Guan24.mp3,Crested Guan_sound\Crested Guan24.mp3,Crested Guan_sound,Crested Guan,Crested Guan24.mp3,5267674,True,48000,1,6312960,131.52,MP3,MPEG_LAYER_III,ada87c1302057791539b5d8d0c5405768d32203a6f739b5758a0995f9775cff2
D:\other\Bird\Dataset\CC0\Chestnut-bellied Guan_sound\Chestnut-bellied Guan2.mp3,Chestnut-bellied Guan_sound\Chestnut-bellied Guan2.mp3,Chestnut-bellied Guan_sound,Chestnut-bellied Guan,Chestnut-bellied Guan2.mp3,2896550,True,44100,1,7982836,181.01668934240362,MP3,MPEG_LAYER_III,aecb535f905bb26a34d3f6f6814412ecb4040b331a50507a4dc72e6ea0692d88
D:\other\Bird\Dataset\CC0\Chestnut-bellied Guan_sound\Chestnut-bellied Guan3.mp3,Chestnut-bellied Guan_sound\Chestnut-bellied Guan3.mp3,Chestnut-bellied Guan_sound,Chestnut-bellied Guan,Chestnut-bellied Guan3.mp3,2896550,True,44100,1,7982836,181.01668934240362,MP3,MPEG_LAYER_III,aecb535f905bb26a34d3f6f6814412ecb4040b331a50507a4dc72e6ea0692d88
D:\other\Bird\Dataset\CC0\Chestnut-bellied Guan_sound\Chestnut-bellied Guan4.mp3,Chestnut-bellied Guan_sound\Chestnut-bellied Guan4.mp3,Chestnut-bellied Guan_sound,Chestnut-bellied Guan,Chestnut-bellied Guan4.mp3,2896550,True,44100,1,7982836,181.01668934240362,MP3,MPEG_LAYER_III,aecb535f905bb26a34d3f6f6814412ecb4040b331a50507a4dc72e6ea0692d88
D:\other\Bird\Dataset\CC0\Tepui Tinamou_sound\Tepui Tinamou2.mp3,Tepui Tinamou_sound\Tepui Tinamou2.mp3,Tepui Tinamou_sound,Tepui Tinamou,Tepui Tinamou2.mp3,2188965,True,44100,1,6032745,136.7969387755102,MP3,MPEG_LAYER_III,af3b9ee4a3f696dbebfed08debe33bd8dcc11d07f2cef1fad993cfe4694d5fee
D:\other\Bird\Dataset\CC0\Tepui Tinamou_sound\Tepui Tinamou3.mp3,Tepui Tinamou_sound\Tepui Tinamou3.mp3,Tepui Tinamou_sound,Tepui Tinamou,Tepui Tinamou3.mp3,2188965,True,44100,1,6032745,136.7969387755102,MP3,MPEG_LAYER_III,af3b9ee4a3f696dbebfed08debe33bd8dcc11d07f2cef1fad993cfe4694d5fee
D:\other\Bird\Dataset\CC0\Little Tinamou_sound\Little Tinamou31.mp3,Little Tinamou_sound\Little Tinamou31.mp3,Little Tinamou_sound,Little Tinamou,Little Tinamou31.mp3,2188965,True,44100,1,6032745,136.7969387755102,MP3,MPEG_LAYER_III,af3b9ee4a3f696dbebfed08debe33bd8dcc11d07f2cef1fad993cfe4694d5fee
D:\other\Bird\Dataset\CC0\Undulated Tinamou_sound\Undulated Tinamou9.mp3,Undulated Tinamou_sound\Undulated Tinamou9.mp3,Undulated Tinamou_sound,Undulated Tinamou,Undulated Tinamou9.mp3,340394,True,44100,2,919226,20.844126984126984,MP3,MPEG_LAYER_III,af8d4f19ed6a25670591b96f6e18eb7f742d401652e0536844d0c785ce6ab334
D:\other\Bird\Dataset\CC0\Undulated Tinamou_sound\Undulated Tinamou15.mp3,Undulated Tinamou_sound\Undulated Tinamou15.mp3,Undulated Tinamou_sound,Undulated Tinamou,Undulated Tinamou15.mp3,340394,True,44100,2,919226,20.844126984126984,MP3,MPEG_LAYER_III,af8d4f19ed6a25670591b96f6e18eb7f742d401652e0536844d0c785ce6ab334
D:\other\Bird\Dataset\CC0\Undulated Tinamou_sound\Undulated Tinamou12.mp3,Undulated Tinamou_sound\Undulated Tinamou12.mp3,Undulated Tinamou_sound,Undulated Tinamou,Undulated Tinamou12.mp3,340394,True,44100,2,919226,20.844126984126984,MP3,MPEG_LAYER_III,af8d4f19ed6a25670591b96f6e18eb7f742d401652e0536844d0c785ce6ab334
D:\other\Bird\Dataset\CC0\Undulated Tinamou_sound\Undulated Tinamou11.mp3,Undulated Tinamou_sound\Undulated Tinamou11.mp3,Undulated Tinamou_sound,Undulated Tinamou,Undulated Tinamou11.mp3,340394,True,44100,2,919226,20.844126984126984,MP3,MPEG_LAYER_III,af8d4f19ed6a25670591b96f6e18eb7f742d401652e0536844d0c785ce6ab334
D:\other\Bird\Dataset\CC0\Undulated Tinamou_sound\Undulated Tinamou10.mp3,Undulated Tinamou_sound\Undulated Tinamou10.mp3,Undulated Tinamou_sound,Undulated Tinamou,Undulated Tinamou10.mp3,340394,True,44100,2,919226,20.844126984126984,MP3,MPEG_LAYER_III,af8d4f19ed6a25670591b96f6e18eb7f742d401652e0536844d0c785ce6ab334
D:\other\Bird\Dataset\CC0\Undulated Tinamou_sound\Undulated Tinamou13.mp3,Undulated Tinamou_sound\Undulated Tinamou13.mp3,Undulated Tinamou_sound,Undulated Tinamou,Undulated Tinamou13.mp3,340394,True,44100,2,919226,20.844126984126984,MP3,MPEG_LAYER_III,af8d4f19ed6a25670591b96f6e18eb7f742d401652e0536844d0c785ce6ab334
D:\other\Bird\Dataset\CC0\Undulated Tinamou_sound\Undulated Tinamou14.mp3,Undulated Tinamou_sound\Undulated Tinamou14.mp3,Undulated Tinamou_sound,Undulated Tinamou,Undulated Tinamou14.mp3,340394,True,44100,2,919226,20.844126984126984,MP3,MPEG_LAYER_III,af8d4f19ed6a25670591b96f6e18eb7f742d401652e0536844d0c785ce6ab334
D:\other\Bird\Dataset\CC0\Andean Tinamou_sound\Andean Tinamou29.mp3,Andean Tinamou_sound\Andean Tinamou29.mp3,Andean Tinamou_sound,Andean Tinamou,Andean Tinamou29.mp3,100390,True,44100,1,276672,6.27374149659864,MP3,MPEG_LAYER_III,afe436c1c4722c92a4b8300e695885a8445a27fd4feb1c72a76a2d871b00d4b7
D:\other\Bird\Dataset\CC0\Andean Tinamou_sound\Andean Tinamou28.mp3,Andean Tinamou_sound\Andean Tinamou28.mp3,Andean Tinamou_sound,Andean Tinamou,Andean Tinamou28.mp3,100390,True,44100,1,276672,6.27374149659864,MP3,MPEG_LAYER_III,afe436c1c4722c92a4b8300e695885a8445a27fd4feb1c72a76a2d871b00d4b7
D:\other\Bird\Dataset\CC0\Australian Brushturkey_sound\Australian Brushturkey23.mp3,Australian Brushturkey_sound\Australian Brushturkey23.mp3,Australian Brushturkey_sound,Australian Brushturkey,Australian Brushturkey23.mp3,147007,True,44100,2,270098,6.124671201814059,MP3,MPEG_LAYER_III,b04845b5b03daec88c18d7d0a59aa46b18c554a1dd3e9794aca584b0da7ff527
D:\other\Bird\Dataset\CC0\Australian Brushturkey_sound\Australian Brushturkey22.mp3,Australian Brushturkey_sound\Australian Brushturkey22.mp3,Australian Brushturkey_sound,Australian Brushturkey,Australian Brushturkey22.mp3,147007,True,44100,2,270098,6.124671201814059,MP3,MPEG_LAYER_III,b04845b5b03daec88c18d7d0a59aa46b18c554a1dd3e9794aca584b0da7ff527
D:\other\Bird\Dataset\CC0\Speckled Chachalaca_sound\Speckled Chachalaca25.mp3,Speckled Chachalaca_sound\Speckled Chachalaca25.mp3,Speckled Chachalaca_sound,Speckled Chachalaca,Speckled Chachalaca25.mp3,1892267,True,44100,1,5215051,118.25512471655328,MP3,MPEG_LAYER_III,b141da162f46c55c3bf816a00329629809c4ba4995705a021bae910b6f163a14
D:\other\Bird\Dataset\CC0\Speckled Chachalaca_sound\Speckled Chachalaca28.mp3,Speckled Chachalaca_sound\Speckled Chachalaca28.mp3,Speckled Chachalaca_sound,Speckled Chachalaca,Speckled Chachalaca28.mp3,1892267,True,44100,1,5215051,118.25512471655328,MP3,MPEG_LAYER_III,b141da162f46c55c3bf816a00329629809c4ba4995705a021bae910b6f163a14
D:\other\Bird\Dataset\CC0\Speckled Chachalaca_sound\Speckled Chachalaca27.mp3,Speckled Chachalaca_sound\Speckled Chachalaca27.mp3,Speckled Chachalaca_sound,Speckled Chachalaca,Speckled Chachalaca27.mp3,1892267,True,44100,1,5215051,118.25512471655328,MP3,MPEG_LAYER_III,b141da162f46c55c3bf816a00329629809c4ba4995705a021bae910b6f163a14
D:\other\Bird\Dataset\CC0\Speckled Chachalaca_sound\Speckled Chachalaca26.mp3,Speckled Chachalaca_sound\Speckled Chachalaca26.mp3,Speckled Chachalaca_sound,Speckled Chachalaca,Speckled Chachalaca26.mp3,1892267,True,44100,1,5215051,118.25512471655328,MP3,MPEG_LAYER_III,b141da162f46c55c3bf816a00329629809c4ba4995705a021bae910b6f163a14
D:\other\Bird\Dataset\CC0\Speckled Chachalaca_sound\Speckled Chachalaca24.mp3,Speckled Chachalaca_sound\Speckled Chachalaca24.mp3,Speckled Chachalaca_sound,Speckled Chachalaca,Speckled Chachalaca24.mp3,1892267,True,44100,1,5215051,118.25512471655328,MP3,MPEG_LAYER_III,b141da162f46c55c3bf816a00329629809c4ba4995705a021bae910b6f163a14
D:\other\Bird\Dataset\CC0\Solitary Tinamou_sound\Solitary Tinamou20.mp3,Solitary Tinamou_sound\Solitary Tinamou20.mp3,Solitary Tinamou_sound,Solitary Tinamou,Solitary Tinamou20.mp3,312332,True,44100,1,860781,19.518843537414966,MP3,MPEG_LAYER_III,b149b3a1e2746fe2a7c15a31ec176cf0e2e6d0737e1dbd660c1f2e8389066807
D:\other\Bird\Dataset\CC0\Solitary Tinamou_sound\Solitary Tinamou21.mp3,Solitary Tinamou_sound\Solitary Tinamou21.mp3,Solitary Tinamou_sound,Solitary Tinamou,Solitary Tinamou21.mp3,312332,True,44100,1,860781,19.518843537414966,MP3,MPEG_LAYER_III,b149b3a1e2746fe2a7c15a31ec176cf0e2e6d0737e1dbd660c1f2e8389066807
D:\other\Bird\Dataset\CC0\Little Tinamou_sound\Little Tinamou20.mp3,Little Tinamou_sound\Little Tinamou20.mp3,Little Tinamou_sound,Little Tinamou,Little Tinamou20.mp3,789599,True,44100,1,2176119,49.34510204081633,MP3,MPEG_LAYER_III,b188daac79879874ccaef76718c8fa283186aa9ca335663ac5d97841a9795a5a
D:\other\Bird\Dataset\CC0\Little Tinamou_sound\Little Tinamou19.mp3,Little Tinamou_sound\Little Tinamou19.mp3,Little Tinamou_sound,Little Tinamou,Little Tinamou19.mp3,789599,True,44100,1,2176119,49.34510204081633,MP3,MPEG_LAYER_III,b188daac79879874ccaef76718c8fa283186aa9ca335663ac5d97841a9795a5a
D:\other\Bird\Dataset\CC0\Berlepschs Tinamou_sound\Berlepschs Tinamou9.mp3,Berlepschs Tinamou_sound\Berlepschs Tinamou9.mp3,Berlepschs Tinamou_sound,Berlepschs Tinamou,Berlepschs Tinamou9.mp3,453019,True,44100,1,1248158,28.302902494331065,MP3,MPEG_LAYER_III,b19ca2403ded48b0b3213f5fd4e860d5f2a1915e0d1bfa1e942773931ccd2505
D:\other\Bird\Dataset\CC0\Berlepschs Tinamou_sound\Berlepschs Tinamou10.mp3,Berlepschs Tinamou_sound\Berlepschs Tinamou10.mp3,Berlepschs Tinamou_sound,Berlepschs Tinamou,Berlepschs Tinamou10.mp3,453019,True,44100,1,1248158,28.302902494331065,MP3,MPEG_LAYER_III,b19ca2403ded48b0b3213f5fd4e860d5f2a1915e0d1bfa1e942773931ccd2505
D:\other\Bird\Dataset\CC0\Australian Brushturkey_sound\Australian Brushturkey7.mp3,Australian Brushturkey_sound\Australian Brushturkey7.mp3,Australian Brushturkey_sound,Australian Brushturkey,Australian Brushturkey7.mp3,709567,True,48000,1,2794103,58.210479166666666,MP3,MPEG_LAYER_III,b20398ec8e379ef6914c2daed096cb3625736da7392ddc9c444a0a61fe6e4419
D:\other\Bird\Dataset\CC0\Australian Brushturkey_sound\Australian Brushturkey6.mp3,Australian Brushturkey_sound\Australian Brushturkey6.mp3,Australian Brushturkey_sound,Australian Brushturkey,Australian Brushturkey6.mp3,709567,True,48000,1,2794103,58.210479166666666,MP3,MPEG_LAYER_III,b20398ec8e379ef6914c2daed096cb3625736da7392ddc9c444a0a61fe6e4419
D:\other\Bird\Dataset\CC0\Australian Brushturkey_sound\Australian Brushturkey5.mp3,Australian Brushturkey_sound\Australian Brushturkey5.mp3,Australian Brushturkey_sound,Australian Brushturkey,Australian Brushturkey5.mp3,709567,True,48000,1,2794103,58.210479166666666,MP3,MPEG_LAYER_III,b20398ec8e379ef6914c2daed096cb3625736da7392ddc9c444a0a61fe6e4419
D:\other\Bird\Dataset\CC0\Curve-billed Tinamou_sound\Curve-billed Tinamou8.mp3,Curve-billed Tinamou_sound\Curve-billed Tinamou8.mp3,Curve-billed Tinamou_sound,Curve-billed Tinamou,Curve-billed Tinamou8.mp3,175167,True,48000,2,210046,4.375958333333333,MP3,MPEG_LAYER_III,b42743aa713d45a95d4a797bde1a362ad2130bf00406c2ad286667f0b38bc1fd
D:\other\Bird\Dataset\CC0\Curve-billed Tinamou_sound\Curve-billed Tinamou7.mp3,Curve-billed Tinamou_sound\Curve-billed Tinamou7.mp3,Curve-billed Tinamou_sound,Curve-billed Tinamou,Curve-billed Tinamou7.mp3,175167,True,48000,2,210046,4.375958333333333,MP3,MPEG_LAYER_III,b42743aa713d45a95d4a797bde1a362ad2130bf00406c2ad286667f0b38bc1fd
D:\other\Bird\Dataset\CC0\Curve-billed Tinamou_sound\Curve-billed Tinamou6.mp3,Curve-billed Tinamou_sound\Curve-billed Tinamou6.mp3,Curve-billed Tinamou_sound,Curve-billed Tinamou,Curve-billed Tinamou6.mp3,175167,True,48000,2,210046,4.375958333333333,MP3,MPEG_LAYER_III,b42743aa713d45a95d4a797bde1a362ad2130bf00406c2ad286667f0b38bc1fd
D:\other\Bird\Dataset\CC0\Greater Rhea_sound\Greater Rhea23.mp3,Greater Rhea_sound\Greater Rhea23.mp3,Greater Rhea_sound,Greater Rhea,Greater Rhea23.mp3,27683,True,44100,2,76476,1.7341496598639456,MP3,MPEG_LAYER_III,b4e6dde9cf47c8dae59d2f53de9f37877a2a58065589d224211f66a94d73c049
D:\other\Bird\Dataset\CC0\Greater Rhea_sound\Greater Rhea22.mp3,Greater Rhea_sound\Greater Rhea22.mp3,Greater Rhea_sound,Greater Rhea,Greater Rhea22.mp3,27683,True,44100,2,76476,1.7341496598639456,MP3,MPEG_LAYER_III,b4e6dde9cf47c8dae59d2f53de9f37877a2a58065589d224211f66a94d73c049
D:\other\Bird\Dataset\CC0\Grey-headed Chachalaca_sound\Grey-headed Chachalaca11.mp3,Grey-headed Chachalaca_sound\Grey-headed Chachalaca11.mp3,Grey-headed Chachalaca_sound,Grey-headed Chachalaca,Grey-headed Chachalaca11.mp3,685048,True,44100,2,938351,21.27780045351474,MP3,MPEG_LAYER_III,b555dc260d4d50a7f398014da1f4b5f3d033b565387f8c476b0eb79e3c48a452
D:\other\Bird\Dataset\CC0\Grey-headed Chachalaca_sound\Grey-headed Chachalaca9.mp3,Grey-headed Chachalaca_sound\Grey-headed Chachalaca9.mp3,Grey-headed Chachalaca_sound,Grey-headed Chachalaca,Grey-headed Chachalaca9.mp3,685048,True,44100,2,938351,21.27780045351474,MP3,MPEG_LAYER_III,b555dc260d4d50a7f398014da1f4b5f3d033b565387f8c476b0eb79e3c48a452
D:\other\Bird\Dataset\CC0\Grey-headed Chachalaca_sound\Grey-headed Chachalaca10.mp3,Grey-headed Chachalaca_sound\Grey-headed Chachalaca10.mp3,Grey-headed Chachalaca_sound,Grey-headed Chachalaca,Grey-headed Chachalaca10.mp3,685048,True,44100,2,938351,21.27780045351474,MP3,MPEG_LAYER_III,b555dc260d4d50a7f398014da1f4b5f3d033b565387f8c476b0eb79e3c48a452
D:\other\Bird\Dataset\CC0\Spotted Nothura_sound\Spotted Nothura15.mp3,Spotted Nothura_sound\Spotted Nothura15.mp3,Spotted Nothura_sound,Spotted Nothura,Spotted Nothura15.mp3,1203323,True,44100,1,1318016,29.886984126984128,MP3,MPEG_LAYER_III,b6f7246287d367d4e55529776e8836a0c27ea4b8d92f05a742996cbebcc8d80a
D:\other\Bird\Dataset\CC0\Spotted Nothura_sound\Spotted Nothura9.mp3,Spotted Nothura_sound\Spotted Nothura9.mp3,Spotted Nothura_sound,Spotted Nothura,Spotted Nothura9.mp3,1203323,True,44100,1,1318016,29.886984126984128,MP3,MPEG_LAYER_III,b6f7246287d367d4e55529776e8836a0c27ea4b8d92f05a742996cbebcc8d80a
D:\other\Bird\Dataset\CC0\Spotted Nothura_sound\Spotted Nothura14.mp3,Spotted Nothura_sound\Spotted Nothura14.mp3,Spotted Nothura_sound,Spotted Nothura,Spotted Nothura14.mp3,1203323,True,44100,1,1318016,29.886984126984128,MP3,MPEG_LAYER_III,b6f7246287d367d4e55529776e8836a0c27ea4b8d92f05a742996cbebcc8d80a
D:\other\Bird\Dataset\CC0\Spotted Nothura_sound\Spotted Nothura13.mp3,Spotted Nothura_sound\Spotted Nothura13.mp3,Spotted Nothura_sound,Spotted Nothura,Spotted Nothura13.mp3,1203323,True,44100,1,1318016,29.886984126984128,MP3,MPEG_LAYER_III,b6f7246287d367d4e55529776e8836a0c27ea4b8d92f05a742996cbebcc8d80a
D:\other\Bird\Dataset\CC0\Spotted Nothura_sound\Spotted Nothura12.mp3,Spotted Nothura_sound\Spotted Nothura12.mp3,Spotted Nothura_sound,Spotted Nothura,Spotted Nothura12.mp3,1203323,True,44100,1,1318016,29.886984126984128,MP3,MPEG_LAYER_III,b6f7246287d367d4e55529776e8836a0c27ea4b8d92f05a742996cbebcc8d80a
D:\other\Bird\Dataset\CC0\Spotted Nothura_sound\Spotted Nothura11.mp3,Spotted Nothura_sound\Spotted Nothura11.mp3,Spotted Nothura_sound,Spotted Nothura,Spotted Nothura11.mp3,1203323,True,44100,1,1318016,29.886984126984128,MP3,MPEG_LAYER_III,b6f7246287d367d4e55529776e8836a0c27ea4b8d92f05a742996cbebcc8d80a
D:\other\Bird\Dataset\CC0\Spotted Nothura_sound\Spotted Nothura10.mp3,Spotted Nothura_sound\Spotted Nothura10.mp3,Spotted Nothura_sound,Spotted Nothura,Spotted Nothura10.mp3,1203323,True,44100,1,1318016,29.886984126984128,MP3,MPEG_LAYER_III,b6f7246287d367d4e55529776e8836a0c27ea4b8d92f05a742996cbebcc8d80a
D:\other\Bird\Dataset\CC0\Grey-legged Tinamou_sound\Grey-legged Tinamou10.mp3,Grey-legged Tinamou_sound\Grey-legged Tinamou10.mp3,Grey-legged Tinamou_sound,Grey-legged Tinamou,Grey-legged Tinamou10.mp3,2330449,True,44100,1,6422672,145.638820861678,MP3,MPEG_LAYER_III,b939405ef2c124c866b640fbe5dfb056ef1a6eef2a394ab76a349ab0531c9912
D:\other\Bird\Dataset\CC0\Grey-legged Tinamou_sound\Grey-legged Tinamou9.mp3,Grey-legged Tinamou_sound\Grey-legged Tinamou9.mp3,Grey-legged Tinamou_sound,Grey-legged Tinamou,Grey-legged Tinamou9.mp3,2330449,True,44100,1,6422672,145.638820861678,MP3,MPEG_LAYER_III,b939405ef2c124c866b640fbe5dfb056ef1a6eef2a394ab76a349ab0531c9912
D:\other\Bird\Dataset\CC0\White-winged Guan_sound\White-winged Guan4.mp3,White-winged Guan_sound\White-winged Guan4.mp3,White-winged Guan_sound,White-winged Guan,White-winged Guan4.mp3,222163,True,44100,1,595348,13.499954648526078,MP3,MPEG_LAYER_III,b99b982aa7198bf4fb09f6522657d5bc8d761c3d4d62e5ad303552aa9af79f81
D:\other\Bird\Dataset\CC0\White-winged Guan_sound\White-winged Guan5.mp3,White-winged Guan_sound\White-winged Guan5.mp3,White-winged Guan_sound,White-winged Guan,White-winged Guan5.mp3,222163,True,44100,1,595348,13.499954648526078,MP3,MPEG_LAYER_III,b99b982aa7198bf4fb09f6522657d5bc8d761c3d4d62e5ad303552aa9af79f81
D:\other\Bird\Dataset\CC0\White-winged Guan_sound\White-winged Guan6.mp3,White-winged Guan_sound\White-winged Guan6.mp3,White-winged Guan_sound,White-winged Guan,White-winged Guan6.mp3,222163,True,44100,1,595348,13.499954648526078,MP3,MPEG_LAYER_III,b99b982aa7198bf4fb09f6522657d5bc8d761c3d4d62e5ad303552aa9af79f81
D:\other\Bird\Dataset\CC0\White-winged Guan_sound\White-winged Guan3.mp3,White-winged Guan_sound\White-winged Guan3.mp3,White-winged Guan_sound,White-winged Guan,White-winged Guan3.mp3,222163,True,44100,1,595348,13.499954648526078,MP3,MPEG_LAYER_III,b99b982aa7198bf4fb09f6522657d5bc8d761c3d4d62e5ad303552aa9af79f81
D:\other\Bird\Dataset\CC0\White-winged Guan_sound\White-winged Guan2.mp3,White-winged Guan_sound\White-winged Guan2.mp3,White-winged Guan_sound,White-winged Guan,White-winged Guan2.mp3,222163,True,44100,1,595348,13.499954648526078,MP3,MPEG_LAYER_III,b99b982aa7198bf4fb09f6522657d5bc8d761c3d4d62e5ad303552aa9af79f81
D:\other\Bird\Dataset\CC0\Baudo Guan_sound\Baudo Guan12.mp3,Baudo Guan_sound\Baudo Guan12.mp3,Baudo Guan_sound,Baudo Guan,Baudo Guan12.mp3,572746,True,44100,2,1802741,40.87848072562358,MP3,MPEG_LAYER_III,bada488303f0e73fdbba4977133c88846a681f167bf3164ec06548aed78900a5
D:\other\Bird\Dataset\CC0\Baudo Guan_sound\Baudo Guan15.mp3,Baudo Guan_sound\Baudo Guan15.mp3,Baudo Guan_sound,Baudo Guan,Baudo Guan15.mp3,572746,True,44100,2,1802741,40.87848072562358,MP3,MPEG_LAYER_III,bada488303f0e73fdbba4977133c88846a681f167bf3164ec06548aed78900a5
D:\other\Bird\Dataset\CC0\Baudo Guan_sound\Baudo Guan14.mp3,Baudo Guan_sound\Baudo Guan14.mp3,Baudo Guan_sound,Baudo Guan,Baudo Guan14.mp3,572746,True,44100,2,1802741,40.87848072562358,MP3,MPEG_LAYER_III,bada488303f0e73fdbba4977133c88846a681f167bf3164ec06548aed78900a5
D:\other\Bird\Dataset\CC0\Baudo Guan_sound\Baudo Guan13.mp3,Baudo Guan_sound\Baudo Guan13.mp3,Baudo Guan_sound,Baudo Guan,Baudo Guan13.mp3,572746,True,44100,2,1802741,40.87848072562358,MP3,MPEG_LAYER_III,bada488303f0e73fdbba4977133c88846a681f167bf3164ec06548aed78900a5
D:\other\Bird\Dataset\CC0\Rusty-margined Guan_sound\Rusty-margined Guan14.mp3,Rusty-margined Guan_sound\Rusty-margined Guan14.mp3,Rusty-margined Guan_sound,Rusty-margined Guan,Rusty-margined Guan14.mp3,162764,True,44100,1,866810,19.655555555555555,MP3,MPEG_LAYER_III,bb66530434372da08aac49429d89d6a93a93848acd2aafc1323cd49296845cb8
D:\other\Bird\Dataset\CC0\Rusty-margined Guan_sound\Rusty-margined Guan15.mp3,Rusty-margined Guan_sound\Rusty-margined Guan15.mp3,Rusty-margined Guan_sound,Rusty-margined Guan,Rusty-margined Guan15.mp3,162764,True,44100,1,866810,19.655555555555555,MP3,MPEG_LAYER_III,bb66530434372da08aac49429d89d6a93a93848acd2aafc1323cd49296845cb8
D:\other\Bird\Dataset\CC0\Small-billed Tinamou_sound\Small-billed Tinamou5.mp3,Small-billed Tinamou_sound\Small-billed Tinamou5.mp3,Small-billed Tinamou_sound,Small-billed Tinamou,Small-billed Tinamou5.mp3,933041,True,44100,1,2571443,58.30936507936508,MP3,MPEG_LAYER_III,bc34f950d8b4fb93294ed23646356e27e58d0bbb7fae3cd46922b762cd94df22
D:\other\Bird\Dataset\CC0\Small-billed Tinamou_sound\Small-billed Tinamou2.mp3,Small-billed Tinamou_sound\Small-billed Tinamou2.mp3,Small-billed Tinamou_sound,Small-billed Tinamou,Small-billed Tinamou2.mp3,933041,True,44100,1,2571443,58.30936507936508,MP3,MPEG_LAYER_III,bc34f950d8b4fb93294ed23646356e27e58d0bbb7fae3cd46922b762cd94df22
D:\other\Bird\Dataset\CC0\Small-billed Tinamou_sound\Small-billed Tinamou3.mp3,Small-billed Tinamou_sound\Small-billed Tinamou3.mp3,Small-billed Tinamou_sound,Small-billed Tinamou,Small-billed Tinamou3.mp3,933041,True,44100,1,2571443,58.30936507936508,MP3,MPEG_LAYER_III,bc34f950d8b4fb93294ed23646356e27e58d0bbb7fae3cd46922b762cd94df22
D:\other\Bird\Dataset\CC0\Small-billed Tinamou_sound\Small-billed Tinamou4.mp3,Small-billed Tinamou_sound\Small-billed Tinamou4.mp3,Small-billed Tinamou_sound,Small-billed Tinamou,Small-billed Tinamou4.mp3,933041,True,44100,1,2571443,58.30936507936508,MP3,MPEG_LAYER_III,bc34f950d8b4fb93294ed23646356e27e58d0bbb7fae3cd46922b762cd94df22
D:\other\Bird\Dataset\CC0\Bartletts Tinamou_sound\Bartletts Tinamou31.mp3,Bartletts Tinamou_sound\Bartletts Tinamou31.mp3,Bartletts Tinamou_sound,Bartletts Tinamou,Bartletts Tinamou31.mp3,933041,True,44100,1,2571443,58.30936507936508,MP3,MPEG_LAYER_III,bc34f950d8b4fb93294ed23646356e27e58d0bbb7fae3cd46922b762cd94df22
D:\other\Bird\Dataset\CC0\Pale-browed Tinamou_sound\Pale-browed Tinamou23.mp3,Pale-browed Tinamou_sound\Pale-browed Tinamou23.mp3,Pale-browed Tinamou_sound,Pale-browed Tinamou,Pale-browed Tinamou23.mp3,1643603,True,44100,1,4529738,102.71514739229025,MP3,MPEG_LAYER_III,be04f754e9b3637420649f75c853869401429806d2d6850f49cd08029542d7c6
D:\other\Bird\Dataset\CC0\Pale-browed Tinamou_sound\Pale-browed Tinamou24.mp3,Pale-browed Tinamou_sound\Pale-browed Tinamou24.mp3,Pale-browed Tinamou_sound,Pale-browed Tinamou,Pale-browed Tinamou24.mp3,1643603,True,44100,1,4529738,102.71514739229025,MP3,MPEG_LAYER_III,be04f754e9b3637420649f75c853869401429806d2d6850f49cd08029542d7c6
D:\other\Bird\Dataset\CC0\Variegated Tinamou_sound\Variegated Tinamou28.mp3,Variegated Tinamou_sound\Variegated Tinamou28.mp3,Variegated Tinamou_sound,Variegated Tinamou,Variegated Tinamou28.mp3,215536,True,48000,1,629176,13.107833333333334,MP3,MPEG_LAYER_III,be17fbf98f22f340d36fb0a34e520291f09fdab2faa0a2435db79d5b26354142
D:\other\Bird\Dataset\CC0\Variegated Tinamou_sound\Variegated Tinamou29.mp3,Variegated Tinamou_sound\Variegated Tinamou29.mp3,Variegated Tinamou_sound,Variegated Tinamou,Variegated Tinamou29.mp3,215536,True,48000,1,629176,13.107833333333334,MP3,MPEG_LAYER_III,be17fbf98f22f340d36fb0a34e520291f09fdab2faa0a2435db79d5b26354142
D:\other\Bird\Dataset\CC0\Rusty Tinamou_sound\Rusty Tinamou2.mp3,Rusty Tinamou_sound\Rusty Tinamou2.mp3,Rusty Tinamou_sound,Rusty Tinamou,Rusty Tinamou2.mp3,56601,True,48000,1,452808,9.4335,MP3,MPEG_LAYER_III,be29555a1d6897b51dedec42a63ef948bd795a2e2f341b602dcb9117cbfeba1b
D:\other\Bird\Dataset\CC0\Variegated Tinamou_sound\Variegated Tinamou31.mp3,Variegated Tinamou_sound\Variegated Tinamou31.mp3,Variegated Tinamou_sound,Variegated Tinamou,Variegated Tinamou31.mp3,56601,True,48000,1,452808,9.4335,MP3,MPEG_LAYER_III,be29555a1d6897b51dedec42a63ef948bd795a2e2f341b602dcb9117cbfeba1b
D:\other\Bird\Dataset\CC0\Red-legged Tinamou_sound\Red-legged Tinamou10.mp3,Red-legged Tinamou_sound\Red-legged Tinamou10.mp3,Red-legged Tinamou_sound,Red-legged Tinamou,Red-legged Tinamou10.mp3,1158325,True,44100,1,3192321,72.388231292517,MP3,MPEG_LAYER_III,becbff60272bc28c53ee654691b6598670c0e0c0cb80ecb88a9185374df18823
D:\other\Bird\Dataset\CC0\Red-legged Tinamou_sound\Red-legged Tinamou11.mp3,Red-legged Tinamou_sound\Red-legged Tinamou11.mp3,Red-legged Tinamou_sound,Red-legged Tinamou,Red-legged Tinamou11.mp3,1158325,True,44100,1,3192321,72.388231292517,MP3,MPEG_LAYER_III,becbff60272bc28c53ee654691b6598670c0e0c0cb80ecb88a9185374df18823
D:\other\Bird\Dataset\CC0\Red-legged Tinamou_sound\Red-legged Tinamou12.mp3,Red-legged Tinamou_sound\Red-legged Tinamou12.mp3,Red-legged Tinamou_sound,Red-legged Tinamou,Red-legged Tinamou12.mp3,1158325,True,44100,1,3192321,72.388231292517,MP3,MPEG_LAYER_III,becbff60272bc28c53ee654691b6598670c0e0c0cb80ecb88a9185374df18823
D:\other\Bird\Dataset\CC0\Red-legged Tinamou_sound\Red-legged Tinamou13.mp3,Red-legged Tinamou_sound\Red-legged Tinamou13.mp3,Red-legged Tinamou_sound,Red-legged Tinamou,Red-legged Tinamou13.mp3,1158325,True,44100,1,3192321,72.388231292517,MP3,MPEG_LAYER_III,becbff60272bc28c53ee654691b6598670c0e0c0cb80ecb88a9185374df18823
D:\other\Bird\Dataset\CC0\Red-legged Tinamou_sound\Red-legged Tinamou9.mp3,Red-legged Tinamou_sound\Red-legged Tinamou9.mp3,Red-legged Tinamou_sound,Red-legged Tinamou,Red-legged Tinamou9.mp3,1158325,True,44100,1,3192321,72.388231292517,MP3,MPEG_LAYER_III,becbff60272bc28c53ee654691b6598670c0e0c0cb80ecb88a9185374df18823
D:\other\Bird\Dataset\CC0\Red-legged Tinamou_sound\Red-legged Tinamou8.mp3,Red-legged Tinamou_sound\Red-legged Tinamou8.mp3,Red-legged Tinamou_sound,Red-legged Tinamou,Red-legged Tinamou8.mp3,1158325,True,44100,1,3192321,72.388231292517,MP3,MPEG_LAYER_III,becbff60272bc28c53ee654691b6598670c0e0c0cb80ecb88a9185374df18823
D:\other\Bird\Dataset\CC0\Philippine Megapode_sound\Philippine Megapode2.mp3,Philippine Megapode_sound\Philippine Megapode2.mp3,Philippine Megapode_sound,Philippine Megapode,Philippine Megapode2.mp3,1548835,True,44100,2,2845706,64.52848072562358,MP3,MPEG_LAYER_III,bece170ba5700107e364e5fafa98c8ea67570f8dd885f229be94fb25c993080b
D:\other\Bird\Dataset\CC0\Nicobar Megapode_sound\Nicobar Megapode2.mp3,Nicobar Megapode_sound\Nicobar Megapode2.mp3,Nicobar Megapode_sound,Nicobar Megapode,Nicobar Megapode2.mp3,1548835,True,44100,2,2845706,64.52848072562358,MP3,MPEG_LAYER_III,bece170ba5700107e364e5fafa98c8ea67570f8dd885f229be94fb25c993080b
D:\other\Bird\Dataset\CC0\Micronesian Megapode_sound\Micronesian Megapode8.mp3,Micronesian Megapode_sound\Micronesian Megapode8.mp3,Micronesian Megapode_sound,Micronesian Megapode,Micronesian Megapode8.mp3,1548835,True,44100,2,2845706,64.52848072562358,MP3,MPEG_LAYER_III,bece170ba5700107e364e5fafa98c8ea67570f8dd885f229be94fb25c993080b
D:\other\Bird\Dataset\CC0\Philippine Megapode_sound\Philippine Megapode3.mp3,Philippine Megapode_sound\Philippine Megapode3.mp3,Philippine Megapode_sound,Philippine Megapode,Philippine Megapode3.mp3,1548835,True,44100,2,2845706,64.52848072562358,MP3,MPEG_LAYER_III,bece170ba5700107e364e5fafa98c8ea67570f8dd885f229be94fb25c993080b
D:\other\Bird\Dataset\CC0\Philippine Megapode_sound\Philippine Megapode5.mp3,Philippine Megapode_sound\Philippine Megapode5.mp3,Philippine Megapode_sound,Philippine Megapode,Philippine Megapode5.mp3,1548835,True,44100,2,2845706,64.52848072562358,MP3,MPEG_LAYER_III,bece170ba5700107e364e5fafa98c8ea67570f8dd885f229be94fb25c993080b
D:\other\Bird\Dataset\CC0\Philippine Megapode_sound\Philippine Megapode4.mp3,Philippine Megapode_sound\Philippine Megapode4.mp3,Philippine Megapode_sound,Philippine Megapode,Philippine Megapode4.mp3,1548835,True,44100,2,2845706,64.52848072562358,MP3,MPEG_LAYER_III,bece170ba5700107e364e5fafa98c8ea67570f8dd885f229be94fb25c993080b
D:\other\Bird\Dataset\CC0\Nicobar Megapode_sound\Nicobar Megapode3.mp3,Nicobar Megapode_sound\Nicobar Megapode3.mp3,Nicobar Megapode_sound,Nicobar Megapode,Nicobar Megapode3.mp3,1548835,True,44100,2,2845706,64.52848072562358,MP3,MPEG_LAYER_III,bece170ba5700107e364e5fafa98c8ea67570f8dd885f229be94fb25c993080b
D:\other\Bird\Dataset\CC0\Quebracho Crested Tinamou_sound\Quebracho Crested Tinamou2.mp3,Quebracho Crested Tinamou_sound\Quebracho Crested Tinamou2.mp3,Quebracho Crested Tinamou_sound,Quebracho Crested Tinamou,Quebracho Crested Tinamou2.mp3,125420,True,44100,1,461609,10.467324263038549,MP3,MPEG_LAYER_III,bf3c9accd8089fff6f9df9c6fefe387d7fba065b790944e030cf99c65f4c03d2
D:\other\Bird\Dataset\CC0\Elegant Crested Tinamou_sound\Elegant Crested Tinamou14.mp3,Elegant Crested Tinamou_sound\Elegant Crested Tinamou14.mp3,Elegant Crested Tinamou_sound,Elegant Crested Tinamou,Elegant Crested Tinamou14.mp3,125420,True,44100,1,461609,10.467324263038549,MP3,MPEG_LAYER_III,bf3c9accd8089fff6f9df9c6fefe387d7fba065b790944e030cf99c65f4c03d2
D:\other\Bird\Dataset\CC0\Quebracho Crested Tinamou_sound\Quebracho Crested Tinamou3.mp3,Quebracho Crested Tinamou_sound\Quebracho Crested Tinamou3.mp3,Quebracho Crested Tinamou_sound,Quebracho Crested Tinamou,Quebracho Crested Tinamou3.mp3,125420,True,44100,1,461609,10.467324263038549,MP3,MPEG_LAYER_III,bf3c9accd8089fff6f9df9c6fefe387d7fba065b790944e030cf99c65f4c03d2
D:\other\Bird\Dataset\CC0\Elegant Crested Tinamou_sound\Elegant Crested Tinamou15.mp3,Elegant Crested Tinamou_sound\Elegant Crested Tinamou15.mp3,Elegant Crested Tinamou_sound,Elegant Crested Tinamou,Elegant Crested Tinamou15.mp3,125420,True,44100,1,461609,10.467324263038549,MP3,MPEG_LAYER_III,bf3c9accd8089fff6f9df9c6fefe387d7fba065b790944e030cf99c65f4c03d2
D:\other\Bird\Dataset\CC0\Biak Scrubfowl_sound\Biak Scrubfowl8.mp3,Biak Scrubfowl_sound\Biak Scrubfowl8.mp3,Biak Scrubfowl_sound,Biak Scrubfowl,Biak Scrubfowl8.mp3,374318,True,48000,2,449181,9.3579375,MP3,MPEG_LAYER_III,bff025df018128bb256d3417276f10ef85b26a7ec12ad64bcbb22e6e419bd8d4
D:\other\Bird\Dataset\CC0\Biak Scrubfowl_sound\Biak Scrubfowl7.mp3,Biak Scrubfowl_sound\Biak Scrubfowl7.mp3,Biak Scrubfowl_sound,Biak Scrubfowl,Biak Scrubfowl7.mp3,374318,True,48000,2,449181,9.3579375,MP3,MPEG_LAYER_III,bff025df018128bb256d3417276f10ef85b26a7ec12ad64bcbb22e6e419bd8d4
D:\other\Bird\Dataset\CC0\Biak Scrubfowl_sound\Biak Scrubfowl10.mp3,Biak Scrubfowl_sound\Biak Scrubfowl10.mp3,Biak Scrubfowl_sound,Biak Scrubfowl,Biak Scrubfowl10.mp3,374318,True,48000,2,449181,9.3579375,MP3,MPEG_LAYER_III,bff025df018128bb256d3417276f10ef85b26a7ec12ad64bcbb22e6e419bd8d4
D:\other\Bird\Dataset\CC0\Biak Scrubfowl_sound\Biak Scrubfowl9.mp3,Biak Scrubfowl_sound\Biak Scrubfowl9.mp3,Biak Scrubfowl_sound,Biak Scrubfowl,Biak Scrubfowl9.mp3,374318,True,48000,2,449181,9.3579375,MP3,MPEG_LAYER_III,bff025df018128bb256d3417276f10ef85b26a7ec12ad64bcbb22e6e419bd8d4
D:\other\Bird\Dataset\CC0\Tataupa Tinamou_sound\Tataupa Tinamou9.mp3,Tataupa Tinamou_sound\Tataupa Tinamou9.mp3,Tataupa Tinamou_sound,Tataupa Tinamou,Tataupa Tinamou9.mp3,808320,True,44100,1,882800,20.01814058956916,MP3,MPEG_LAYER_III,c00d2b3c8fb1616d442be21fcfe2634185de0ae0eb434a83e250b9ea8c28c923
D:\other\Bird\Dataset\CC0\Tataupa Tinamou_sound\Tataupa Tinamou6.mp3,Tataupa Tinamou_sound\Tataupa Tinamou6.mp3,Tataupa Tinamou_sound,Tataupa Tinamou,Tataupa Tinamou6.mp3,808320,True,44100,1,882800,20.01814058956916,MP3,MPEG_LAYER_III,c00d2b3c8fb1616d442be21fcfe2634185de0ae0eb434a83e250b9ea8c28c923
D:\other\Bird\Dataset\CC0\Tataupa Tinamou_sound\Tataupa Tinamou7.mp3,Tataupa Tinamou_sound\Tataupa Tinamou7.mp3,Tataupa Tinamou_sound,Tataupa Tinamou,Tataupa Tinamou7.mp3,808320,True,44100,1,882800,20.01814058956916,MP3,MPEG_LAYER_III,c00d2b3c8fb1616d442be21fcfe2634185de0ae0eb434a83e250b9ea8c28c923
D:\other\Bird\Dataset\CC0\Tataupa Tinamou_sound\Tataupa Tinamou10.mp3,Tataupa Tinamou_sound\Tataupa Tinamou10.mp3,Tataupa Tinamou_sound,Tataupa Tinamou,Tataupa Tinamou10.mp3,808320,True,44100,1,882800,20.01814058956916,MP3,MPEG_LAYER_III,c00d2b3c8fb1616d442be21fcfe2634185de0ae0eb434a83e250b9ea8c28c923
D:\other\Bird\Dataset\CC0\Tataupa Tinamou_sound\Tataupa Tinamou8.mp3,Tataupa Tinamou_sound\Tataupa Tinamou8.mp3,Tataupa Tinamou_sound,Tataupa Tinamou,Tataupa Tinamou8.mp3,808320,True,44100,1,882800,20.01814058956916,MP3,MPEG_LAYER_III,c00d2b3c8fb1616d442be21fcfe2634185de0ae0eb434a83e250b9ea8c28c923
D:\other\Bird\Dataset\CC0\Tataupa Tinamou_sound\Tataupa Tinamou12.mp3,Tataupa Tinamou_sound\Tataupa Tinamou12.mp3,Tataupa Tinamou_sound,Tataupa Tinamou,Tataupa Tinamou12.mp3,808320,True,44100,1,882800,20.01814058956916,MP3,MPEG_LAYER_III,c00d2b3c8fb1616d442be21fcfe2634185de0ae0eb434a83e250b9ea8c28c923
D:\other\Bird\Dataset\CC0\Tataupa Tinamou_sound\Tataupa Tinamou13.mp3,Tataupa Tinamou_sound\Tataupa Tinamou13.mp3,Tataupa Tinamou_sound,Tataupa Tinamou,Tataupa Tinamou13.mp3,808320,True,44100,1,882800,20.01814058956916,MP3,MPEG_LAYER_III,c00d2b3c8fb1616d442be21fcfe2634185de0ae0eb434a83e250b9ea8c28c923
D:\other\Bird\Dataset\CC0\Tataupa Tinamou_sound\Tataupa Tinamou14.mp3,Tataupa Tinamou_sound\Tataupa Tinamou14.mp3,Tataupa Tinamou_sound,Tataupa Tinamou,Tataupa Tinamou14.mp3,808320,True,44100,1,882800,20.01814058956916,MP3,MPEG_LAYER_III,c00d2b3c8fb1616d442be21fcfe2634185de0ae0eb434a83e250b9ea8c28c923
D:\other\Bird\Dataset\CC0\Tataupa Tinamou_sound\Tataupa Tinamou11.mp3,Tataupa Tinamou_sound\Tataupa Tinamou11.mp3,Tataupa Tinamou_sound,Tataupa Tinamou,Tataupa Tinamou11.mp3,808320,True,44100,1,882800,20.01814058956916,MP3,MPEG_LAYER_III,c00d2b3c8fb1616d442be21fcfe2634185de0ae0eb434a83e250b9ea8c28c923
D:\other\Bird\Dataset\CC0\Great Tinamou_sound\Great Tinamou8.mp3,Great Tinamou_sound\Great Tinamou8.mp3,Great Tinamou_sound,Great Tinamou,Great Tinamou8.mp3,3486777,True,44100,1,11887779,269.564149659864,MP3,MPEG_LAYER_III,c16fb7e6df9aa4486b3b759be048bb8cfbf0b040a7b6f737003b1355e27b9983
D:\other\Bird\Dataset\CC0\Great Tinamou_sound\Great Tinamou7.mp3,Great Tinamou_sound\Great Tinamou7.mp3,Great Tinamou_sound,Great Tinamou,Great Tinamou7.mp3,3486777,True,44100,1,11887779,269.564149659864,MP3,MPEG_LAYER_III,c16fb7e6df9aa4486b3b759be048bb8cfbf0b040a7b6f737003b1355e27b9983
D:\other\Bird\Dataset\CC0\Great Tinamou_sound\Great Tinamou6.mp3,Great Tinamou_sound\Great Tinamou6.mp3,Great Tinamou_sound,Great Tinamou,Great Tinamou6.mp3,3486777,True,44100,1,11887779,269.564149659864,MP3,MPEG_LAYER_III,c16fb7e6df9aa4486b3b759be048bb8cfbf0b040a7b6f737003b1355e27b9983
D:\other\Bird\Dataset\CC0\Brown Tinamou_sound\Brown Tinamou8.mp3,Brown Tinamou_sound\Brown Tinamou8.mp3,Brown Tinamou_sound,Brown Tinamou,Brown Tinamou8.mp3,485409,True,44100,1,526554,11.94,MP3,MPEG_LAYER_III,c268f7febac331fdbac71a328c23eb10810b98ba2fe38c7b59ca37e3692956e5
D:\other\Bird\Dataset\CC0\Brown Tinamou_sound\Brown Tinamou7.mp3,Brown Tinamou_sound\Brown Tinamou7.mp3,Brown Tinamou_sound,Brown Tinamou,Brown Tinamou7.mp3,485409,True,44100,1,526554,11.94,MP3,MPEG_LAYER_III,c268f7febac331fdbac71a328c23eb10810b98ba2fe38c7b59ca37e3692956e5
D:\other\Bird\Dataset\CC0\White-bellied Nothura_sound\White-bellied Nothura26.mp3,White-bellied Nothura_sound\White-bellied Nothura26.mp3,White-bellied Nothura_sound,White-bellied Nothura,White-bellied Nothura26.mp3,534690,True,44100,2,976226,22.136643990929706,MP3,MPEG_LAYER_III,c2fecf4da306bca60ff2b76f89c080577a0c187d73939e1daf65aeff05da4438
D:\other\Bird\Dataset\CC0\White-bellied Nothura_sound\White-bellied Nothura27.mp3,White-bellied Nothura_sound\White-bellied Nothura27.mp3,White-bellied Nothura_sound,White-bellied Nothura,White-bellied Nothura27.mp3,534690,True,44100,2,976226,22.136643990929706,MP3,MPEG_LAYER_III,c2fecf4da306bca60ff2b76f89c080577a0c187d73939e1daf65aeff05da4438
D:\other\Bird\Dataset\CC0\Solitary Tinamou_sound\Solitary Tinamou24.mp3,Solitary Tinamou_sound\Solitary Tinamou24.mp3,Solitary Tinamou_sound,Solitary Tinamou,Solitary Tinamou24.mp3,359497,True,44100,1,990766,22.466349206349207,MP3,MPEG_LAYER_III,c31475a1c826e6e5a222cc977308bb3fec9f06d45af7e5f1c22bc01e325c00a5
D:\other\Bird\Dataset\CC0\Solitary Tinamou_sound\Solitary Tinamou23.mp3,Solitary Tinamou_sound\Solitary Tinamou23.mp3,Solitary Tinamou_sound,Solitary Tinamou,Solitary Tinamou23.mp3,359497,True,44100,1,990766,22.466349206349207,MP3,MPEG_LAYER_III,c31475a1c826e6e5a222cc977308bb3fec9f06d45af7e5f1c22bc01e325c00a5
D:\other\Bird\Dataset\CC0\Dusky-legged Guan_sound\Dusky-legged Guan21.mp3,Dusky-legged Guan_sound\Dusky-legged Guan21.mp3,Dusky-legged Guan_sound,Dusky-legged Guan,Dusky-legged Guan21.mp3,1167994,True,48000,1,3503982,72.999625,MP3,MPEG_LAYER_III,c33c70651036e3a904cef29be7d55338be98815c3d12750577a3bf6b6969b3fc
D:\other\Bird\Dataset\CC0\Dusky-legged Guan_sound\Dusky-legged Guan22.mp3,Dusky-legged Guan_sound\Dusky-legged Guan22.mp3,Dusky-legged Guan_sound,Dusky-legged Guan,Dusky-legged Guan22.mp3,1167994,True,48000,1,3503982,72.999625,MP3,MPEG_LAYER_III,c33c70651036e3a904cef29be7d55338be98815c3d12750577a3bf6b6969b3fc
D:\other\Bird\Dataset\CC0\Australian Brushturkey_sound\Australian Brushturkey27.mp3,Australian Brushturkey_sound\Australian Brushturkey27.mp3,Australian Brushturkey_sound,Australian Brushturkey,Australian Brushturkey27.mp3,584114,True,44100,2,1613667,36.59108843537415,MP3,MPEG_LAYER_III,c55dee1a9416f300a1ce4a4b04a53aea133b69c9bc80d404064b3acb4f2aec10
D:\other\Bird\Dataset\CC0\Australian Brushturkey_sound\Australian Brushturkey26.mp3,Australian Brushturkey_sound\Australian Brushturkey26.mp3,Australian Brushturkey_sound,Australian Brushturkey,Australian Brushturkey26.mp3,584114,True,44100,2,1613667,36.59108843537415,MP3,MPEG_LAYER_III,c55dee1a9416f300a1ce4a4b04a53aea133b69c9bc80d404064b3acb4f2aec10
D:\other\Bird\Dataset\CC0\Biak Scrubfowl_sound\Biak Scrubfowl5.mp3,Biak Scrubfowl_sound\Biak Scrubfowl5.mp3,Biak Scrubfowl_sound,Biak Scrubfowl,Biak Scrubfowl5.mp3,291765,True,48000,2,350118,7.294125,MP3,MPEG_LAYER_III,c5904d0f8620e153c7f653aa84ccab662b2bd9802f438b633168fb730397252c
D:\other\Bird\Dataset\CC0\Biak Scrubfowl_sound\Biak Scrubfowl6.mp3,Biak Scrubfowl_sound\Biak Scrubfowl6.mp3,Biak Scrubfowl_sound,Biak Scrubfowl,Biak Scrubfowl6.mp3,291765,True,48000,2,350118,7.294125,MP3,MPEG_LAYER_III,c5904d0f8620e153c7f653aa84ccab662b2bd9802f438b633168fb730397252c
D:\other\Bird\Dataset\CC0\Chilean Tinamou_sound\Chilean Tinamou10.mp3,Chilean Tinamou_sound\Chilean Tinamou10.mp3,Chilean Tinamou_sound,Chilean Tinamou,Chilean Tinamou10.mp3,418423,True,44100,2,768777,17.432585034013606,MP3,MPEG_LAYER_III,c63728ce8360c943e4b30c56d9bbb3272909baecfbcd262aa909fcbcea91b711
D:\other\Bird\Dataset\CC0\Chilean Tinamou_sound\Chilean Tinamou11.mp3,Chilean Tinamou_sound\Chilean Tinamou11.mp3,Chilean Tinamou_sound,Chilean Tinamou,Chilean Tinamou11.mp3,418423,True,44100,2,768777,17.432585034013606,MP3,MPEG_LAYER_III,c63728ce8360c943e4b30c56d9bbb3272909baecfbcd262aa909fcbcea91b711
D:\other\Bird\Dataset\CC0\Chilean Tinamou_sound\Chilean Tinamou8.mp3,Chilean Tinamou_sound\Chilean Tinamou8.mp3,Chilean Tinamou_sound,Chilean Tinamou,Chilean Tinamou8.mp3,418423,True,44100,2,768777,17.432585034013606,MP3,MPEG_LAYER_III,c63728ce8360c943e4b30c56d9bbb3272909baecfbcd262aa909fcbcea91b711
D:\other\Bird\Dataset\CC0\Chilean Tinamou_sound\Chilean Tinamou9.mp3,Chilean Tinamou_sound\Chilean Tinamou9.mp3,Chilean Tinamou_sound,Chilean Tinamou,Chilean Tinamou9.mp3,418423,True,44100,2,768777,17.432585034013606,MP3,MPEG_LAYER_III,c63728ce8360c943e4b30c56d9bbb3272909baecfbcd262aa909fcbcea91b711
D:\other\Bird\Dataset\CC0\Huayco Tinamou_sound\Huayco Tinamou2.mp3,Huayco Tinamou_sound\Huayco Tinamou2.mp3,Huayco Tinamou_sound,Huayco Tinamou,Huayco Tinamou2.mp3,27000,True,16000,1,108000,6.75,MP3,MPEG_LAYER_III,c69f807053cd257ed2ad91df61e952f4e0bbce776264f3beca08d6ae5819d91a
D:\other\Bird\Dataset\CC0\Huayco Tinamou_sound\Huayco Tinamou3.mp3,Huayco Tinamou_sound\Huayco Tinamou3.mp3,Huayco Tinamou_sound,Huayco Tinamou,Huayco Tinamou3.mp3,27000,True,16000,1,108000,6.75,MP3,MPEG_LAYER_III,c69f807053cd257ed2ad91df61e952f4e0bbce776264f3beca08d6ae5819d91a
D:\other\Bird\Dataset\CC0\Rufous-headed Chachalaca_sound\Rufous-headed Chachalaca2.mp3,Rufous-headed Chachalaca_sound\Rufous-headed Chachalaca2.mp3,Rufous-headed Chachalaca_sound,Rufous-headed Chachalaca,Rufous-headed Chachalaca2.mp3,1762119,True,48000,2,3524238,73.421625,MP3,MPEG_LAYER_III,c6fc5c2e8bff2887eee8585e2f6b1a2ac767d23f74fa79fc8ea6b0ef3bb54929
D:\other\Bird\Dataset\CC0\Rufous-headed Chachalaca_sound\Rufous-headed Chachalaca5.mp3,Rufous-headed Chachalaca_sound\Rufous-headed Chachalaca5.mp3,Rufous-headed Chachalaca_sound,Rufous-headed Chachalaca,Rufous-headed Chachalaca5.mp3,1762119,True,48000,2,3524238,73.421625,MP3,MPEG_LAYER_III,c6fc5c2e8bff2887eee8585e2f6b1a2ac767d23f74fa79fc8ea6b0ef3bb54929
D:\other\Bird\Dataset\CC0\Rufous-headed Chachalaca_sound\Rufous-headed Chachalaca3.mp3,Rufous-headed Chachalaca_sound\Rufous-headed Chachalaca3.mp3,Rufous-headed Chachalaca_sound,Rufous-headed Chachalaca,Rufous-headed Chachalaca3.mp3,1762119,True,48000,2,3524238,73.421625,MP3,MPEG_LAYER_III,c6fc5c2e8bff2887eee8585e2f6b1a2ac767d23f74fa79fc8ea6b0ef3bb54929
D:\other\Bird\Dataset\CC0\Rufous-headed Chachalaca_sound\Rufous-headed Chachalaca4.mp3,Rufous-headed Chachalaca_sound\Rufous-headed Chachalaca4.mp3,Rufous-headed Chachalaca_sound,Rufous-headed Chachalaca,Rufous-headed Chachalaca4.mp3,1762119,True,48000,2,3524238,73.421625,MP3,MPEG_LAYER_III,c6fc5c2e8bff2887eee8585e2f6b1a2ac767d23f74fa79fc8ea6b0ef3bb54929
D:\other\Bird\Dataset\CC0\Pale-browed Tinamou_sound\Pale-browed Tinamou12.mp3,Pale-browed Tinamou_sound\Pale-browed Tinamou12.mp3,Pale-browed Tinamou_sound,Pale-browed Tinamou,Pale-browed Tinamou12.mp3,133508,True,44100,2,350925,7.957482993197279,MP3,MPEG_LAYER_III,c809081945b1254ad9484c328a0fd44cc31d6911a4c1bd0ab28abf319dd829dd
D:\other\Bird\Dataset\CC0\Pale-browed Tinamou_sound\Pale-browed Tinamou11.mp3,Pale-browed Tinamou_sound\Pale-browed Tinamou11.mp3,Pale-browed Tinamou_sound,Pale-browed Tinamou,Pale-browed Tinamou11.mp3,133508,True,44100,2,350925,7.957482993197279,MP3,MPEG_LAYER_III,c809081945b1254ad9484c328a0fd44cc31d6911a4c1bd0ab28abf319dd829dd
D:\other\Bird\Dataset\CC0\Pale-browed Tinamou_sound\Pale-browed Tinamou10.mp3,Pale-browed Tinamou_sound\Pale-browed Tinamou10.mp3,Pale-browed Tinamou_sound,Pale-browed Tinamou,Pale-browed Tinamou10.mp3,133508,True,44100,2,350925,7.957482993197279,MP3,MPEG_LAYER_III,c809081945b1254ad9484c328a0fd44cc31d6911a4c1bd0ab28abf319dd829dd
D:\other\Bird\Dataset\CC0\Pale-browed Tinamou_sound\Pale-browed Tinamou8.mp3,Pale-browed Tinamou_sound\Pale-browed Tinamou8.mp3,Pale-browed Tinamou_sound,Pale-browed Tinamou,Pale-browed Tinamou8.mp3,133508,True,44100,2,350925,7.957482993197279,MP3,MPEG_LAYER_III,c809081945b1254ad9484c328a0fd44cc31d6911a4c1bd0ab28abf319dd829dd
D:\other\Bird\Dataset\CC0\Pale-browed Tinamou_sound\Pale-browed Tinamou7.mp3,Pale-browed Tinamou_sound\Pale-browed Tinamou7.mp3,Pale-browed Tinamou_sound,Pale-browed Tinamou,Pale-browed Tinamou7.mp3,133508,True,44100,2,350925,7.957482993197279,MP3,MPEG_LAYER_III,c809081945b1254ad9484c328a0fd44cc31d6911a4c1bd0ab28abf319dd829dd
D:\other\Bird\Dataset\CC0\Pale-browed Tinamou_sound\Pale-browed Tinamou9.mp3,Pale-browed Tinamou_sound\Pale-browed Tinamou9.mp3,Pale-browed Tinamou_sound,Pale-browed Tinamou,Pale-browed Tinamou9.mp3,133508,True,44100,2,350925,7.957482993197279,MP3,MPEG_LAYER_III,c809081945b1254ad9484c328a0fd44cc31d6911a4c1bd0ab28abf319dd829dd
D:\other\Bird\Dataset\CC0\Andean Tinamou_sound\Andean Tinamou16.mp3,Andean Tinamou_sound\Andean Tinamou16.mp3,Andean Tinamou_sound,Andean Tinamou,Andean Tinamou16.mp3,84621,True,44100,2,216584,4.911201814058957,MP3,MPEG_LAYER_III,c8232e3a0fcaf3989489aca93075f68ac2ad649ac017b0648b51adaee45c5b77
D:\other\Bird\Dataset\CC0\Andean Tinamou_sound\Andean Tinamou15.mp3,Andean Tinamou_sound\Andean Tinamou15.mp3,Andean Tinamou_sound,Andean Tinamou,Andean Tinamou15.mp3,84621,True,44100,2,216584,4.911201814058957,MP3,MPEG_LAYER_III,c8232e3a0fcaf3989489aca93075f68ac2ad649ac017b0648b51adaee45c5b77
D:\other\Bird\Dataset\CC0\Brown Tinamou_sound\Brown Tinamou16.mp3,Brown Tinamou_sound\Brown Tinamou16.mp3,Brown Tinamou_sound,Brown Tinamou,Brown Tinamou16.mp3,7744867,True,44100,1,21344705,484.00691609977326,MP3,MPEG_LAYER_III,c9b3124425e848c58b6e9f537c93840dd67f97dc100cea082fbca9d2d326098f
D:\other\Bird\Dataset\CC0\Brown Tinamou_sound\Brown Tinamou12.mp3,Brown Tinamou_sound\Brown Tinamou12.mp3,Brown Tinamou_sound,Brown Tinamou,Brown Tinamou12.mp3,7744867,True,44100,1,21344705,484.00691609977326,MP3,MPEG_LAYER_III,c9b3124425e848c58b6e9f537c93840dd67f97dc100cea082fbca9d2d326098f
D:\other\Bird\Dataset\CC0\Brown Tinamou_sound\Brown Tinamou13.mp3,Brown Tinamou_sound\Brown Tinamou13.mp3,Brown Tinamou_sound,Brown Tinamou,Brown Tinamou13.mp3,7744867,True,44100,1,21344705,484.00691609977326,MP3,MPEG_LAYER_III,c9b3124425e848c58b6e9f537c93840dd67f97dc100cea082fbca9d2d326098f
D:\other\Bird\Dataset\CC0\Brown Tinamou_sound\Brown Tinamou15.mp3,Brown Tinamou_sound\Brown Tinamou15.mp3,Brown Tinamou_sound,Brown Tinamou,Brown Tinamou15.mp3,7744867,True,44100,1,21344705,484.00691609977326,MP3,MPEG_LAYER_III,c9b3124425e848c58b6e9f537c93840dd67f97dc100cea082fbca9d2d326098f
D:\other\Bird\Dataset\CC0\Brown Tinamou_sound\Brown Tinamou11.mp3,Brown Tinamou_sound\Brown Tinamou11.mp3,Brown Tinamou_sound,Brown Tinamou,Brown Tinamou11.mp3,7744867,True,44100,1,21344705,484.00691609977326,MP3,MPEG_LAYER_III,c9b3124425e848c58b6e9f537c93840dd67f97dc100cea082fbca9d2d326098f
D:\other\Bird\Dataset\CC0\Brown Tinamou_sound\Brown Tinamou14.mp3,Brown Tinamou_sound\Brown Tinamou14.mp3,Brown Tinamou_sound,Brown Tinamou,Brown Tinamou14.mp3,7744867,True,44100,1,21344705,484.00691609977326,MP3,MPEG_LAYER_III,c9b3124425e848c58b6e9f537c93840dd67f97dc100cea082fbca9d2d326098f
D:\other\Bird\Dataset\CC0\Little Chachalaca_sound\Little Chachalaca16.mp3,Little Chachalaca_sound\Little Chachalaca16.mp3,Little Chachalaca_sound,Little Chachalaca,Little Chachalaca16.mp3,200266,True,44100,2,498101,11.294807256235828,MP3,MPEG_LAYER_III,c9ebdf0ad1d7b91c6a31513f13202aec1dceda7bd840453f072f5d431a404187
D:\other\Bird\Dataset\CC0\Little Chachalaca_sound\Little Chachalaca15.mp3,Little Chachalaca_sound\Little Chachalaca15.mp3,Little Chachalaca_sound,Little Chachalaca,Little Chachalaca15.mp3,200266,True,44100,2,498101,11.294807256235828,MP3,MPEG_LAYER_III,c9ebdf0ad1d7b91c6a31513f13202aec1dceda7bd840453f072f5d431a404187
D:\other\Bird\Dataset\CC0\Cauca Guan_sound\Cauca Guan25.mp3,Cauca Guan_sound\Cauca Guan25.mp3,Cauca Guan_sound,Cauca Guan,Cauca Guan25.mp3,2591988,True,44100,2,7430538,168.49292517006802,MP3,MPEG_LAYER_III,cce7d73dcf18fd3df56014fc1c5241694d13436a81bc15b3f71c3b1b191a96b6
D:\other\Bird\Dataset\CC0\Cauca Guan_sound\Cauca Guan24.mp3,Cauca Guan_sound\Cauca Guan24.mp3,Cauca Guan_sound,Cauca Guan,Cauca Guan24.mp3,2591988,True,44100,2,7430538,168.49292517006802,MP3,MPEG_LAYER_III,cce7d73dcf18fd3df56014fc1c5241694d13436a81bc15b3f71c3b1b191a96b6
D:\other\Bird\Dataset\CC0\Darwins Nothura_sound\Darwins Nothura21.mp3,Darwins Nothura_sound\Darwins Nothura21.mp3,Darwins Nothura_sound,Darwins Nothura,Darwins Nothura21.mp3,444636,True,44100,1,2450816,55.5740589569161,MP3,MPEG_LAYER_III,cd17faec80c54989a55181683f47ef145a0e8020a8002a50f490f23a04b0c1d5
D:\other\Bird\Dataset\CC0\Spotted Nothura_sound\Spotted Nothura2.mp3,Spotted Nothura_sound\Spotted Nothura2.mp3,Spotted Nothura_sound,Spotted Nothura,Spotted Nothura2.mp3,444636,True,44100,1,2450816,55.5740589569161,MP3,MPEG_LAYER_III,cd17faec80c54989a55181683f47ef145a0e8020a8002a50f490f23a04b0c1d5
D:\other\Bird\Dataset\CC0\Rufous-bellied Chachalaca_sound\Rufous-bellied Chachalaca19.mp3,Rufous-bellied Chachalaca_sound\Rufous-bellied Chachalaca19.mp3,Rufous-bellied Chachalaca_sound,Rufous-bellied Chachalaca,Rufous-bellied Chachalaca19.mp3,2956574,True,44100,1,8147908,184.7598185941043,MP3,MPEG_LAYER_III,cd9658194249bdf5cb5e1697b6cd44095422f0825f5efe68280744e9aaa02d9e
D:\other\Bird\Dataset\CC0\Rufous-bellied Chachalaca_sound\Rufous-bellied Chachalaca16.mp3,Rufous-bellied Chachalaca_sound\Rufous-bellied Chachalaca16.mp3,Rufous-bellied Chachalaca_sound,Rufous-bellied Chachalaca,Rufous-bellied Chachalaca16.mp3,2956574,True,44100,1,8147908,184.7598185941043,MP3,MPEG_LAYER_III,cd9658194249bdf5cb5e1697b6cd44095422f0825f5efe68280744e9aaa02d9e
D:\other\Bird\Dataset\CC0\Rufous-bellied Chachalaca_sound\Rufous-bellied Chachalaca17.mp3,Rufous-bellied Chachalaca_sound\Rufous-bellied Chachalaca17.mp3,Rufous-bellied Chachalaca_sound,Rufous-bellied Chachalaca,Rufous-bellied Chachalaca17.mp3,2956574,True,44100,1,8147908,184.7598185941043,MP3,MPEG_LAYER_III,cd9658194249bdf5cb5e1697b6cd44095422f0825f5efe68280744e9aaa02d9e
D:\other\Bird\Dataset\CC0\Rufous-bellied Chachalaca_sound\Rufous-bellied Chachalaca18.mp3,Rufous-bellied Chachalaca_sound\Rufous-bellied Chachalaca18.mp3,Rufous-bellied Chachalaca_sound,Rufous-bellied Chachalaca,Rufous-bellied Chachalaca18.mp3,2956574,True,44100,1,8147908,184.7598185941043,MP3,MPEG_LAYER_III,cd9658194249bdf5cb5e1697b6cd44095422f0825f5efe68280744e9aaa02d9e
D:\other\Bird\Dataset\CC0\Black Tinamou_sound\Black Tinamou2.mp3,Black Tinamou_sound\Black Tinamou2.mp3,Black Tinamou_sound,Black Tinamou,Black Tinamou2.mp3,958130,True,48000,1,3644536,75.92783333333334,MP3,MPEG_LAYER_III,cd9fbf434e20edc0f709805b7dc00bc0b613bebf2613202d1c1eb6b7a22b2fb5
D:\other\Bird\Dataset\CC0\Black Tinamou_sound\Black Tinamou3.mp3,Black Tinamou_sound\Black Tinamou3.mp3,Black Tinamou_sound,Black Tinamou,Black Tinamou3.mp3,958130,True,48000,1,3644536,75.92783333333334,MP3,MPEG_LAYER_III,cd9fbf434e20edc0f709805b7dc00bc0b613bebf2613202d1c1eb6b7a22b2fb5
D:\other\Bird\Dataset\CC0\Little Tinamou_sound\Little Tinamou8.mp3,Little Tinamou_sound\Little Tinamou8.mp3,Little Tinamou_sound,Little Tinamou,Little Tinamou8.mp3,948196,True,44100,2,1729989,39.22877551020408,MP3,MPEG_LAYER_III,ce14e79da49babe6af5f76964c4e4ee4690f11931281dd9ca87ddbbb539ed227
D:\other\Bird\Dataset\CC0\Little Tinamou_sound\Little Tinamou9.mp3,Little Tinamou_sound\Little Tinamou9.mp3,Little Tinamou_sound,Little Tinamou,Little Tinamou9.mp3,948196,True,44100,2,1729989,39.22877551020408,MP3,MPEG_LAYER_III,ce14e79da49babe6af5f76964c4e4ee4690f11931281dd9ca87ddbbb539ed227
D:\other\Bird\Dataset\CC0\Little Tinamou_sound\Little Tinamou10.mp3,Little Tinamou_sound\Little Tinamou10.mp3,Little Tinamou_sound,Little Tinamou,Little Tinamou10.mp3,948196,True,44100,2,1729989,39.22877551020408,MP3,MPEG_LAYER_III,ce14e79da49babe6af5f76964c4e4ee4690f11931281dd9ca87ddbbb539ed227
D:\other\Bird\Dataset\CC0\Little Tinamou_sound\Little Tinamou7.mp3,Little Tinamou_sound\Little Tinamou7.mp3,Little Tinamou_sound,Little Tinamou,Little Tinamou7.mp3,948196,True,44100,2,1729989,39.22877551020408,MP3,MPEG_LAYER_III,ce14e79da49babe6af5f76964c4e4ee4690f11931281dd9ca87ddbbb539ed227
D:\other\Bird\Dataset\CC0\Chilean Tinamou_sound\Chilean Tinamou2.mp3,Chilean Tinamou_sound\Chilean Tinamou2.mp3,Chilean Tinamou_sound,Chilean Tinamou,Chilean Tinamou2.mp3,738800,True,44100,2,123039,2.79,WAV,PCM_24,ced79ed2cd2c7036f24c44a7252c74c0df23707dd6543094aa8b699881d630e6
D:\other\Bird\Dataset\CC0\Chilean Tinamou_sound\Chilean Tinamou3.mp3,Chilean Tinamou_sound\Chilean Tinamou3.mp3,Chilean Tinamou_sound,Chilean Tinamou,Chilean Tinamou3.mp3,738800,True,44100,2,123039,2.79,WAV,PCM_24,ced79ed2cd2c7036f24c44a7252c74c0df23707dd6543094aa8b699881d630e6
D:\other\Bird\Dataset\CC0\Chilean Tinamou_sound\Chilean Tinamou6.mp3,Chilean Tinamou_sound\Chilean Tinamou6.mp3,Chilean Tinamou_sound,Chilean Tinamou,Chilean Tinamou6.mp3,738800,True,44100,2,123039,2.79,WAV,PCM_24,ced79ed2cd2c7036f24c44a7252c74c0df23707dd6543094aa8b699881d630e6
D:\other\Bird\Dataset\CC0\Chilean Tinamou_sound\Chilean Tinamou5.mp3,Chilean Tinamou_sound\Chilean Tinamou5.mp3,Chilean Tinamou_sound,Chilean Tinamou,Chilean Tinamou5.mp3,738800,True,44100,2,123039,2.79,WAV,PCM_24,ced79ed2cd2c7036f24c44a7252c74c0df23707dd6543094aa8b699881d630e6
D:\other\Bird\Dataset\CC0\Chilean Tinamou_sound\Chilean Tinamou4.mp3,Chilean Tinamou_sound\Chilean Tinamou4.mp3,Chilean Tinamou_sound,Chilean Tinamou,Chilean Tinamou4.mp3,738800,True,44100,2,123039,2.79,WAV,PCM_24,ced79ed2cd2c7036f24c44a7252c74c0df23707dd6543094aa8b699881d630e6
D:\other\Bird\Dataset\CC0\Small-billed Tinamou_sound\Small-billed Tinamou27.mp3,Small-billed Tinamou_sound\Small-billed Tinamou27.mp3,Small-billed Tinamou_sound,Small-billed Tinamou,Small-billed Tinamou27.mp3,156242,True,44100,1,549483,12.459931972789116,MP3,MPEG_LAYER_III,cf4884ac8a2c03f219e7b4ec8972cc4d53f806b011a582b94fe3d33655c33c92
D:\other\Bird\Dataset\CC0\Small-billed Tinamou_sound\Small-billed Tinamou26.mp3,Small-billed Tinamou_sound\Small-billed Tinamou26.mp3,Small-billed Tinamou_sound,Small-billed Tinamou,Small-billed Tinamou26.mp3,156242,True,44100,1,549483,12.459931972789116,MP3,MPEG_LAYER_III,cf4884ac8a2c03f219e7b4ec8972cc4d53f806b011a582b94fe3d33655c33c92
D:\other\Bird\Dataset\CC0\Small-billed Tinamou_sound\Small-billed Tinamou25.mp3,Small-billed Tinamou_sound\Small-billed Tinamou25.mp3,Small-billed Tinamou_sound,Small-billed Tinamou,Small-billed Tinamou25.mp3,156242,True,44100,1,549483,12.459931972789116,MP3,MPEG_LAYER_III,cf4884ac8a2c03f219e7b4ec8972cc4d53f806b011a582b94fe3d33655c33c92
D:\other\Bird\Dataset\CC0\Plain Chachalaca_sound\Plain Chachalaca31.mp3,Plain Chachalaca_sound\Plain Chachalaca31.mp3,Plain Chachalaca_sound,Plain Chachalaca,Plain Chachalaca31.mp3,3316509,True,48000,1,9949143,207.2738125,MP3,MPEG_LAYER_III,d0e2ffadc09859380f3d442c26505724f91b13dee1679a38ebfd902530b04c6c
D:\other\Bird\Dataset\CC0\Plain Chachalaca_sound\Plain Chachalaca28.mp3,Plain Chachalaca_sound\Plain Chachalaca28.mp3,Plain Chachalaca_sound,Plain Chachalaca,Plain Chachalaca28.mp3,3316509,True,48000,1,9949143,207.2738125,MP3,MPEG_LAYER_III,d0e2ffadc09859380f3d442c26505724f91b13dee1679a38ebfd902530b04c6c
D:\other\Bird\Dataset\CC0\Plain Chachalaca_sound\Plain Chachalaca29.mp3,Plain Chachalaca_sound\Plain Chachalaca29.mp3,Plain Chachalaca_sound,Plain Chachalaca,Plain Chachalaca29.mp3,3316509,True,48000,1,9949143,207.2738125,MP3,MPEG_LAYER_III,d0e2ffadc09859380f3d442c26505724f91b13dee1679a38ebfd902530b04c6c
D:\other\Bird\Dataset\CC0\Plain Chachalaca_sound\Plain Chachalaca30.mp3,Plain Chachalaca_sound\Plain Chachalaca30.mp3,Plain Chachalaca_sound,Plain Chachalaca,Plain Chachalaca30.mp3,3316509,True,48000,1,9949143,207.2738125,MP3,MPEG_LAYER_III,d0e2ffadc09859380f3d442c26505724f91b13dee1679a38ebfd902530b04c6c
D:\other\Bird\Dataset\CC0\Plain Chachalaca_sound\Plain Chachalaca27.mp3,Plain Chachalaca_sound\Plain Chachalaca27.mp3,Plain Chachalaca_sound,Plain Chachalaca,Plain Chachalaca27.mp3,3316509,True,48000,1,9949143,207.2738125,MP3,MPEG_LAYER_III,d0e2ffadc09859380f3d442c26505724f91b13dee1679a38ebfd902530b04c6c
D:\other\Bird\Dataset\CC0\Plain Chachalaca_sound\Plain Chachalaca26.mp3,Plain Chachalaca_sound\Plain Chachalaca26.mp3,Plain Chachalaca_sound,Plain Chachalaca,Plain Chachalaca26.mp3,3316509,True,48000,1,9949143,207.2738125,MP3,MPEG_LAYER_III,d0e2ffadc09859380f3d442c26505724f91b13dee1679a38ebfd902530b04c6c
D:\other\Bird\Dataset\CC0\Cinereous Tinamou_sound\Cinereous Tinamou25.mp3,Cinereous Tinamou_sound\Cinereous Tinamou25.mp3,Cinereous Tinamou_sound,Cinereous Tinamou,Cinereous Tinamou25.mp3,6604212,True,44100,2,18296415,414.884693877551,MP3,MPEG_LAYER_III,d12945eac6e2f6bbc0a2352fc6ba09f797e23e1c586d8c94622dcf9cd787164c
D:\other\Bird\Dataset\CC0\Cinereous Tinamou_sound\Cinereous Tinamou26.mp3,Cinereous Tinamou_sound\Cinereous Tinamou26.mp3,Cinereous Tinamou_sound,Cinereous Tinamou,Cinereous Tinamou26.mp3,6604212,True,44100,2,18296415,414.884693877551,MP3,MPEG_LAYER_III,d12945eac6e2f6bbc0a2352fc6ba09f797e23e1c586d8c94622dcf9cd787164c
D:\other\Bird\Dataset\CC0\Cinereous Tinamou_sound\Cinereous Tinamou27.mp3,Cinereous Tinamou_sound\Cinereous Tinamou27.mp3,Cinereous Tinamou_sound,Cinereous Tinamou,Cinereous Tinamou27.mp3,6604212,True,44100,2,18296415,414.884693877551,MP3,MPEG_LAYER_III,d12945eac6e2f6bbc0a2352fc6ba09f797e23e1c586d8c94622dcf9cd787164c
D:\other\Bird\Dataset\CC0\Colombian Chachalaca_sound\Colombian Chachalaca11.mp3,Colombian Chachalaca_sound\Colombian Chachalaca11.mp3,Colombian Chachalaca_sound,Colombian Chachalaca,Colombian Chachalaca11.mp3,1263825,True,44100,2,1385695,31.421655328798185,MP3,MPEG_LAYER_III,d12aec92727645ba4ea7fac760890deefbfc486a9aec7c77eea8762823127790
D:\other\Bird\Dataset\CC0\Colombian Chachalaca_sound\Colombian Chachalaca12.mp3,Colombian Chachalaca_sound\Colombian Chachalaca12.mp3,Colombian Chachalaca_sound,Colombian Chachalaca,Colombian Chachalaca12.mp3,1263825,True,44100,2,1385695,31.421655328798185,MP3,MPEG_LAYER_III,d12aec92727645ba4ea7fac760890deefbfc486a9aec7c77eea8762823127790
D:\other\Bird\Dataset\CC0\Colombian Chachalaca_sound\Colombian Chachalaca13.mp3,Colombian Chachalaca_sound\Colombian Chachalaca13.mp3,Colombian Chachalaca_sound,Colombian Chachalaca,Colombian Chachalaca13.mp3,1263825,True,44100,2,1385695,31.421655328798185,MP3,MPEG_LAYER_III,d12aec92727645ba4ea7fac760890deefbfc486a9aec7c77eea8762823127790
D:\other\Bird\Dataset\CC0\Colombian Chachalaca_sound\Colombian Chachalaca6.mp3,Colombian Chachalaca_sound\Colombian Chachalaca6.mp3,Colombian Chachalaca_sound,Colombian Chachalaca,Colombian Chachalaca6.mp3,1263825,True,44100,2,1385695,31.421655328798185,MP3,MPEG_LAYER_III,d12aec92727645ba4ea7fac760890deefbfc486a9aec7c77eea8762823127790
D:\other\Bird\Dataset\CC0\Colombian Chachalaca_sound\Colombian Chachalaca9.mp3,Colombian Chachalaca_sound\Colombian Chachalaca9.mp3,Colombian Chachalaca_sound,Colombian Chachalaca,Colombian Chachalaca9.mp3,1263825,True,44100,2,1385695,31.421655328798185,MP3,MPEG_LAYER_III,d12aec92727645ba4ea7fac760890deefbfc486a9aec7c77eea8762823127790
D:\other\Bird\Dataset\CC0\Colombian Chachalaca_sound\Colombian Chachalaca7.mp3,Colombian Chachalaca_sound\Colombian Chachalaca7.mp3,Colombian Chachalaca_sound,Colombian Chachalaca,Colombian Chachalaca7.mp3,1263825,True,44100,2,1385695,31.421655328798185,MP3,MPEG_LAYER_III,d12aec92727645ba4ea7fac760890deefbfc486a9aec7c77eea8762823127790
D:\other\Bird\Dataset\CC0\Colombian Chachalaca_sound\Colombian Chachalaca8.mp3,Colombian Chachalaca_sound\Colombian Chachalaca8.mp3,Colombian Chachalaca_sound,Colombian Chachalaca,Colombian Chachalaca8.mp3,1263825,True,44100,2,1385695,31.421655328798185,MP3,MPEG_LAYER_III,d12aec92727645ba4ea7fac760890deefbfc486a9aec7c77eea8762823127790
D:\other\Bird\Dataset\CC0\Colombian Chachalaca_sound\Colombian Chachalaca10.mp3,Colombian Chachalaca_sound\Colombian Chachalaca10.mp3,Colombian Chachalaca_sound,Colombian Chachalaca,Colombian Chachalaca10.mp3,1263825,True,44100,2,1385695,31.421655328798185,MP3,MPEG_LAYER_III,d12aec92727645ba4ea7fac760890deefbfc486a9aec7c77eea8762823127790
D:\other\Bird\Dataset\CC0\Philippine Megapode_sound\Philippine Megapode19.mp3,Philippine Megapode_sound\Philippine Megapode19.mp3,Philippine Megapode_sound,Philippine Megapode,Philippine Megapode19.mp3,209883,True,48000,1,1007438,20.988291666666665,MP3,MPEG_LAYER_III,d12ef1fc37440cb3eeb61d1c9cc59ae84c89548dc0cc3282016053a58ef5de9c
D:\other\Bird\Dataset\CC0\Philippine Megapode_sound\Philippine Megapode18.mp3,Philippine Megapode_sound\Philippine Megapode18.mp3,Philippine Megapode_sound,Philippine Megapode,Philippine Megapode18.mp3,209883,True,48000,1,1007438,20.988291666666665,MP3,MPEG_LAYER_III,d12ef1fc37440cb3eeb61d1c9cc59ae84c89548dc0cc3282016053a58ef5de9c
D:\other\Bird\Dataset\CC0\Philippine Megapode_sound\Philippine Megapode17.mp3,Philippine Megapode_sound\Philippine Megapode17.mp3,Philippine Megapode_sound,Philippine Megapode,Philippine Megapode17.mp3,209883,True,48000,1,1007438,20.988291666666665,MP3,MPEG_LAYER_III,d12ef1fc37440cb3eeb61d1c9cc59ae84c89548dc0cc3282016053a58ef5de9c
D:\other\Bird\Dataset\CC0\Philippine Megapode_sound\Philippine Megapode20.mp3,Philippine Megapode_sound\Philippine Megapode20.mp3,Philippine Megapode_sound,Philippine Megapode,Philippine Megapode20.mp3,209883,True,48000,1,1007438,20.988291666666665,MP3,MPEG_LAYER_III,d12ef1fc37440cb3eeb61d1c9cc59ae84c89548dc0cc3282016053a58ef5de9c
D:\other\Bird\Dataset\CC0\Philippine Megapode_sound\Philippine Megapode16.mp3,Philippine Megapode_sound\Philippine Megapode16.mp3,Philippine Megapode_sound,Philippine Megapode,Philippine Megapode16.mp3,209883,True,48000,1,1007438,20.988291666666665,MP3,MPEG_LAYER_III,d12ef1fc37440cb3eeb61d1c9cc59ae84c89548dc0cc3282016053a58ef5de9c
D:\other\Bird\Dataset\CC0\Black-billed Brushturkey_sound\Black-billed Brushturkey12.mp3,Black-billed Brushturkey_sound\Black-billed Brushturkey12.mp3,Black-billed Brushturkey_sound,Black-billed Brushturkey,Black-billed Brushturkey12.mp3,242015,True,44100,1,890738,20.19814058956916,MP3,MPEG_LAYER_III,d15a0cf30947209699263f139ede919906e2602e5224eb7e5a760db16532b0aa
D:\other\Bird\Dataset\CC0\Black-billed Brushturkey_sound\Black-billed Brushturkey10.mp3,Black-billed Brushturkey_sound\Black-billed Brushturkey10.mp3,Black-billed Brushturkey_sound,Black-billed Brushturkey,Black-billed Brushturkey10.mp3,242015,True,44100,1,890738,20.19814058956916,MP3,MPEG_LAYER_III,d15a0cf30947209699263f139ede919906e2602e5224eb7e5a760db16532b0aa
D:\other\Bird\Dataset\CC0\Black-billed Brushturkey_sound\Black-billed Brushturkey11.mp3,Black-billed Brushturkey_sound\Black-billed Brushturkey11.mp3,Black-billed Brushturkey_sound,Black-billed Brushturkey,Black-billed Brushturkey11.mp3,242015,True,44100,1,890738,20.19814058956916,MP3,MPEG_LAYER_III,d15a0cf30947209699263f139ede919906e2602e5224eb7e5a760db16532b0aa
D:\other\Bird\Dataset\CC0\Hooded Tinamou_sound\Hooded Tinamou4.mp3,Hooded Tinamou_sound\Hooded Tinamou4.mp3,Hooded Tinamou_sound,Hooded Tinamou,Hooded Tinamou4.mp3,258335,True,44100,1,711966,16.144353741496598,MP3,MPEG_LAYER_III,d2f09ccc7552a52feb071b2dce4efeae1ff4c97aa11bf45c3ddfbd5316d470c0
D:\other\Bird\Dataset\CC0\Hooded Tinamou_sound\Hooded Tinamou2.mp3,Hooded Tinamou_sound\Hooded Tinamou2.mp3,Hooded Tinamou_sound,Hooded Tinamou,Hooded Tinamou2.mp3,258335,True,44100,1,711966,16.144353741496598,MP3,MPEG_LAYER_III,d2f09ccc7552a52feb071b2dce4efeae1ff4c97aa11bf45c3ddfbd5316d470c0
D:\other\Bird\Dataset\CC0\Hooded Tinamou_sound\Hooded Tinamou5.mp3,Hooded Tinamou_sound\Hooded Tinamou5.mp3,Hooded Tinamou_sound,Hooded Tinamou,Hooded Tinamou5.mp3,258335,True,44100,1,711966,16.144353741496598,MP3,MPEG_LAYER_III,d2f09ccc7552a52feb071b2dce4efeae1ff4c97aa11bf45c3ddfbd5316d470c0
D:\other\Bird\Dataset\CC0\Hooded Tinamou_sound\Hooded Tinamou3.mp3,Hooded Tinamou_sound\Hooded Tinamou3.mp3,Hooded Tinamou_sound,Hooded Tinamou,Hooded Tinamou3.mp3,258335,True,44100,1,711966,16.144353741496598,MP3,MPEG_LAYER_III,d2f09ccc7552a52feb071b2dce4efeae1ff4c97aa11bf45c3ddfbd5316d470c0
D:\other\Bird\Dataset\CC0\Variegated Tinamou_sound\Variegated Tinamou2.mp3,Variegated Tinamou_sound\Variegated Tinamou2.mp3,Variegated Tinamou_sound,Variegated Tinamou,Variegated Tinamou2.mp3,290073,True,44100,1,1067145,24.19829931972789,MP3,MPEG_LAYER_III,d484026897144ed0884d2fcfe75bc8461f672be68efd46a317837462385fe57b
D:\other\Bird\Dataset\CC0\Choco Tinamou_sound\Choco Tinamou8.mp3,Choco Tinamou_sound\Choco Tinamou8.mp3,Choco Tinamou_sound,Choco Tinamou,Choco Tinamou8.mp3,290073,True,44100,1,1067145,24.19829931972789,MP3,MPEG_LAYER_III,d484026897144ed0884d2fcfe75bc8461f672be68efd46a317837462385fe57b
D:\other\Bird\Dataset\CC0\Choco Tinamou_sound\Choco Tinamou7.mp3,Choco Tinamou_sound\Choco Tinamou7.mp3,Choco Tinamou_sound,Choco Tinamou,Choco Tinamou7.mp3,290073,True,44100,1,1067145,24.19829931972789,MP3,MPEG_LAYER_III,d484026897144ed0884d2fcfe75bc8461f672be68efd46a317837462385fe57b
D:\other\Bird\Dataset\CC0\Great Tinamou_sound\Great Tinamou21.mp3,Great Tinamou_sound\Great Tinamou21.mp3,Great Tinamou_sound,Great Tinamou,Great Tinamou21.mp3,2390587,True,44100,1,6588412,149.39709750566894,MP3,MPEG_LAYER_III,d5888d6d4d40a23c43ff1d7b0a7a9dd9405edd29cba4820798fb24103b41edcd
D:\other\Bird\Dataset\CC0\Great Tinamou_sound\Great Tinamou22.mp3,Great Tinamou_sound\Great Tinamou22.mp3,Great Tinamou_sound,Great Tinamou,Great Tinamou22.mp3,2390587,True,44100,1,6588412,149.39709750566894,MP3,MPEG_LAYER_III,d5888d6d4d40a23c43ff1d7b0a7a9dd9405edd29cba4820798fb24103b41edcd
D:\other\Bird\Dataset\CC0\Great Tinamou_sound\Great Tinamou23.mp3,Great Tinamou_sound\Great Tinamou23.mp3,Great Tinamou_sound,Great Tinamou,Great Tinamou23.mp3,2390587,True,44100,1,6588412,149.39709750566894,MP3,MPEG_LAYER_III,d5888d6d4d40a23c43ff1d7b0a7a9dd9405edd29cba4820798fb24103b41edcd
D:\other\Bird\Dataset\CC0\White-winged Guan_sound\White-winged Guan18.mp3,White-winged Guan_sound\White-winged Guan18.mp3,White-winged Guan_sound,White-winged Guan,White-winged Guan18.mp3,768273,True,44100,1,2827637,64.11875283446712,MP3,MPEG_LAYER_III,d691421cc5d6da5e2845d06711d5460dbacb75c0e848cdac3049bca36bb53968
D:\other\Bird\Dataset\CC0\White-winged Guan_sound\White-winged Guan19.mp3,White-winged Guan_sound\White-winged Guan19.mp3,White-winged Guan_sound,White-winged Guan,White-winged Guan19.mp3,768273,True,44100,1,2827637,64.11875283446712,MP3,MPEG_LAYER_III,d691421cc5d6da5e2845d06711d5460dbacb75c0e848cdac3049bca36bb53968
D:\other\Bird\Dataset\CC0\White-winged Guan_sound\White-winged Guan20.mp3,White-winged Guan_sound\White-winged Guan20.mp3,White-winged Guan_sound,White-winged Guan,White-winged Guan20.mp3,768273,True,44100,1,2827637,64.11875283446712,MP3,MPEG_LAYER_III,d691421cc5d6da5e2845d06711d5460dbacb75c0e848cdac3049bca36bb53968
D:\other\Bird\Dataset\CC0\Speckled Chachalaca_sound\Speckled Chachalaca22.mp3,Speckled Chachalaca_sound\Speckled Chachalaca22.mp3,Speckled Chachalaca_sound,Speckled Chachalaca,Speckled Chachalaca22.mp3,1895890,True,48000,2,2266816,47.22533333333333,MP3,MPEG_LAYER_III,d782aeaa654b8075aac5671be9b995ef2b139c8e2ce01c3eb8fa3b135de8c674
D:\other\Bird\Dataset\CC0\Speckled Chachalaca_sound\Speckled Chachalaca19.mp3,Speckled Chachalaca_sound\Speckled Chachalaca19.mp3,Speckled Chachalaca_sound,Speckled Chachalaca,Speckled Chachalaca19.mp3,1895890,True,48000,2,2266816,47.22533333333333,MP3,MPEG_LAYER_III,d782aeaa654b8075aac5671be9b995ef2b139c8e2ce01c3eb8fa3b135de8c674
D:\other\Bird\Dataset\CC0\Speckled Chachalaca_sound\Speckled Chachalaca15.mp3,Speckled Chachalaca_sound\Speckled Chachalaca15.mp3,Speckled Chachalaca_sound,Speckled Chachalaca,Speckled Chachalaca15.mp3,1895890,True,48000,2,2266816,47.22533333333333,MP3,MPEG_LAYER_III,d782aeaa654b8075aac5671be9b995ef2b139c8e2ce01c3eb8fa3b135de8c674
D:\other\Bird\Dataset\CC0\Speckled Chachalaca_sound\Speckled Chachalaca16.mp3,Speckled Chachalaca_sound\Speckled Chachalaca16.mp3,Speckled Chachalaca_sound,Speckled Chachalaca,Speckled Chachalaca16.mp3,1895890,True,48000,2,2266816,47.22533333333333,MP3,MPEG_LAYER_III,d782aeaa654b8075aac5671be9b995ef2b139c8e2ce01c3eb8fa3b135de8c674
D:\other\Bird\Dataset\CC0\Speckled Chachalaca_sound\Speckled Chachalaca17.mp3,Speckled Chachalaca_sound\Speckled Chachalaca17.mp3,Speckled Chachalaca_sound,Speckled Chachalaca,Speckled Chachalaca17.mp3,1895890,True,48000,2,2266816,47.22533333333333,MP3,MPEG_LAYER_III,d782aeaa654b8075aac5671be9b995ef2b139c8e2ce01c3eb8fa3b135de8c674
D:\other\Bird\Dataset\CC0\Speckled Chachalaca_sound\Speckled Chachalaca23.mp3,Speckled Chachalaca_sound\Speckled Chachalaca23.mp3,Speckled Chachalaca_sound,Speckled Chachalaca,Speckled Chachalaca23.mp3,1895890,True,48000,2,2266816,47.22533333333333,MP3,MPEG_LAYER_III,d782aeaa654b8075aac5671be9b995ef2b139c8e2ce01c3eb8fa3b135de8c674
D:\other\Bird\Dataset\CC0\Speckled Chachalaca_sound\Speckled Chachalaca18.mp3,Speckled Chachalaca_sound\Speckled Chachalaca18.mp3,Speckled Chachalaca_sound,Speckled Chachalaca,Speckled Chachalaca18.mp3,1895890,True,48000,2,2266816,47.22533333333333,MP3,MPEG_LAYER_III,d782aeaa654b8075aac5671be9b995ef2b139c8e2ce01c3eb8fa3b135de8c674
D:\other\Bird\Dataset\CC0\Speckled Chachalaca_sound\Speckled Chachalaca21.mp3,Speckled Chachalaca_sound\Speckled Chachalaca21.mp3,Speckled Chachalaca_sound,Speckled Chachalaca,Speckled Chachalaca21.mp3,1895890,True,48000,2,2266816,47.22533333333333,MP3,MPEG_LAYER_III,d782aeaa654b8075aac5671be9b995ef2b139c8e2ce01c3eb8fa3b135de8c674
D:\other\Bird\Dataset\CC0\Speckled Chachalaca_sound\Speckled Chachalaca20.mp3,Speckled Chachalaca_sound\Speckled Chachalaca20.mp3,Speckled Chachalaca_sound,Speckled Chachalaca,Speckled Chachalaca20.mp3,1895890,True,48000,2,2266816,47.22533333333333,MP3,MPEG_LAYER_III,d782aeaa654b8075aac5671be9b995ef2b139c8e2ce01c3eb8fa3b135de8c674
D:\other\Bird\Dataset\CC0\Speckled Chachalaca_sound\Speckled Chachalaca14.mp3,Speckled Chachalaca_sound\Speckled Chachalaca14.mp3,Speckled Chachalaca_sound,Speckled Chachalaca,Speckled Chachalaca14.mp3,1895890,True,48000,2,2266816,47.22533333333333,MP3,MPEG_LAYER_III,d782aeaa654b8075aac5671be9b995ef2b139c8e2ce01c3eb8fa3b135de8c674
D:\other\Bird\Dataset\CC0\Emu_sound\Emu10.mp3,Emu_sound\Emu10.mp3,Emu_sound,Emu,Emu10.mp3,237663,True,44100,1,566770,12.851927437641724,MP3,MPEG_LAYER_III,d8251212f9dd22290bf16f3f342c8ff336710f08a87bc22d07ef64c3a620b4fa
D:\other\Bird\Dataset\CC0\Emu_sound\Emu9.mp3,Emu_sound\Emu9.mp3,Emu_sound,Emu,Emu9.mp3,237663,True,44100,1,566770,12.851927437641724,MP3,MPEG_LAYER_III,d8251212f9dd22290bf16f3f342c8ff336710f08a87bc22d07ef64c3a620b4fa
D:\other\Bird\Dataset\CC0\Plain Chachalaca_sound\Plain Chachalaca14.mp3,Plain Chachalaca_sound\Plain Chachalaca14.mp3,Plain Chachalaca_sound,Plain Chachalaca,Plain Chachalaca14.mp3,269835,True,48000,1,526921,10.977520833333333,MP3,MPEG_LAYER_III,d91db142c7c7fc78db9a2dd19278e98884fdbeed2a64d52ea30f73da66d80752
D:\other\Bird\Dataset\CC0\Plain Chachalaca_sound\Plain Chachalaca13.mp3,Plain Chachalaca_sound\Plain Chachalaca13.mp3,Plain Chachalaca_sound,Plain Chachalaca,Plain Chachalaca13.mp3,269835,True,48000,1,526921,10.977520833333333,MP3,MPEG_LAYER_III,d91db142c7c7fc78db9a2dd19278e98884fdbeed2a64d52ea30f73da66d80752
D:\other\Bird\Dataset\CC0\Puna Tinamou_sound\Puna Tinamou6.mp3,Puna Tinamou_sound\Puna Tinamou6.mp3,Puna Tinamou_sound,Puna Tinamou,Puna Tinamou6.mp3,620914,True,44100,2,909342,20.62,MP3,MPEG_LAYER_III,d99be54f742f5639b95de062300c890ac75f29b305f3f05fec7b87bb10868d7c
D:\other\Bird\Dataset\CC0\Puna Tinamou_sound\Puna Tinamou5.mp3,Puna Tinamou_sound\Puna Tinamou5.mp3,Puna Tinamou_sound,Puna Tinamou,Puna Tinamou5.mp3,620914,True,44100,2,909342,20.62,MP3,MPEG_LAYER_III,d99be54f742f5639b95de062300c890ac75f29b305f3f05fec7b87bb10868d7c
D:\other\Bird\Dataset\CC0\West Mexican Chachalaca_sound\West Mexican Chachalaca23.mp3,West Mexican Chachalaca_sound\West Mexican Chachalaca23.mp3,West Mexican Chachalaca_sound,West Mexican Chachalaca,West Mexican Chachalaca23.mp3,1712618,True,44100,1,4719942,107.02816326530612,MP3,MPEG_LAYER_III,db3ca86e536dcc75ddb09cf7e5eb38b84792b2cd46aa8195492e744c5d95f41a
D:\other\Bird\Dataset\CC0\West Mexican Chachalaca_sound\West Mexican Chachalaca24.mp3,West Mexican Chachalaca_sound\West Mexican Chachalaca24.mp3,West Mexican Chachalaca_sound,West Mexican Chachalaca,West Mexican Chachalaca24.mp3,1712618,True,44100,1,4719942,107.02816326530612,MP3,MPEG_LAYER_III,db3ca86e536dcc75ddb09cf7e5eb38b84792b2cd46aa8195492e744c5d95f41a
D:\other\Bird\Dataset\CC0\West Mexican Chachalaca_sound\West Mexican Chachalaca25.mp3,West Mexican Chachalaca_sound\West Mexican Chachalaca25.mp3,West Mexican Chachalaca_sound,West Mexican Chachalaca,West Mexican Chachalaca25.mp3,1712618,True,44100,1,4719942,107.02816326530612,MP3,MPEG_LAYER_III,db3ca86e536dcc75ddb09cf7e5eb38b84792b2cd46aa8195492e744c5d95f41a
D:\other\Bird\Dataset\CC0\West Mexican Chachalaca_sound\West Mexican Chachalaca26.mp3,West Mexican Chachalaca_sound\West Mexican Chachalaca26.mp3,West Mexican Chachalaca_sound,West Mexican Chachalaca,West Mexican Chachalaca26.mp3,1712618,True,44100,1,4719942,107.02816326530612,MP3,MPEG_LAYER_III,db3ca86e536dcc75ddb09cf7e5eb38b84792b2cd46aa8195492e744c5d95f41a
D:\other\Bird\Dataset\CC0\Maleo_sound\Maleo8.mp3,Maleo_sound\Maleo8.mp3,Maleo_sound,Maleo,Maleo8.mp3,488529,True,48000,2,586234,12.213208333333334,MP3,MPEG_LAYER_III,dbb2038ccc59403ea79b750f1ca419a998db75f06d341805d386adae76a57f44
D:\other\Bird\Dataset\CC0\Moluccan Megapode_sound\Moluccan Megapode7.mp3,Moluccan Megapode_sound\Moluccan Megapode7.mp3,Moluccan Megapode_sound,Moluccan Megapode,Moluccan Megapode7.mp3,488529,True,48000,2,586234,12.213208333333334,MP3,MPEG_LAYER_III,dbb2038ccc59403ea79b750f1ca419a998db75f06d341805d386adae76a57f44
D:\other\Bird\Dataset\CC0\Maleo_sound\Maleo7.mp3,Maleo_sound\Maleo7.mp3,Maleo_sound,Maleo,Maleo7.mp3,488529,True,48000,2,586234,12.213208333333334,MP3,MPEG_LAYER_III,dbb2038ccc59403ea79b750f1ca419a998db75f06d341805d386adae76a57f44
D:\other\Bird\Dataset\CC0\Maleo_sound\Maleo2.mp3,Maleo_sound\Maleo2.mp3,Maleo_sound,Maleo,Maleo2.mp3,488529,True,48000,2,586234,12.213208333333334,MP3,MPEG_LAYER_III,dbb2038ccc59403ea79b750f1ca419a998db75f06d341805d386adae76a57f44
D:\other\Bird\Dataset\CC0\Maleo_sound\Maleo3.mp3,Maleo_sound\Maleo3.mp3,Maleo_sound,Maleo,Maleo3.mp3,488529,True,48000,2,586234,12.213208333333334,MP3,MPEG_LAYER_III,dbb2038ccc59403ea79b750f1ca419a998db75f06d341805d386adae76a57f44
D:\other\Bird\Dataset\CC0\Malleefowl_sound\Malleefowl9.mp3,Malleefowl_sound\Malleefowl9.mp3,Malleefowl_sound,Malleefowl,Malleefowl9.mp3,488529,True,48000,2,586234,12.213208333333334,MP3,MPEG_LAYER_III,dbb2038ccc59403ea79b750f1ca419a998db75f06d341805d386adae76a57f44
D:\other\Bird\Dataset\CC0\Maleo_sound\Maleo5.mp3,Maleo_sound\Maleo5.mp3,Maleo_sound,Maleo,Maleo5.mp3,488529,True,48000,2,586234,12.213208333333334,MP3,MPEG_LAYER_III,dbb2038ccc59403ea79b750f1ca419a998db75f06d341805d386adae76a57f44
D:\other\Bird\Dataset\CC0\Tongan Megapode_sound\Tongan Megapode2.mp3,Tongan Megapode_sound\Tongan Megapode2.mp3,Tongan Megapode_sound,Tongan Megapode,Tongan Megapode2.mp3,488529,True,48000,2,586234,12.213208333333334,MP3,MPEG_LAYER_III,dbb2038ccc59403ea79b750f1ca419a998db75f06d341805d386adae76a57f44
D:\other\Bird\Dataset\CC0\Moluccan Megapode_sound\Moluccan Megapode6.mp3,Moluccan Megapode_sound\Moluccan Megapode6.mp3,Moluccan Megapode_sound,Moluccan Megapode,Moluccan Megapode6.mp3,488529,True,48000,2,586234,12.213208333333334,MP3,MPEG_LAYER_III,dbb2038ccc59403ea79b750f1ca419a998db75f06d341805d386adae76a57f44
D:\other\Bird\Dataset\CC0\Moluccan Megapode_sound\Moluccan Megapode5.mp3,Moluccan Megapode_sound\Moluccan Megapode5.mp3,Moluccan Megapode_sound,Moluccan Megapode,Moluccan Megapode5.mp3,488529,True,48000,2,586234,12.213208333333334,MP3,MPEG_LAYER_III,dbb2038ccc59403ea79b750f1ca419a998db75f06d341805d386adae76a57f44
D:\other\Bird\Dataset\CC0\Malleefowl_sound\Malleefowl8.mp3,Malleefowl_sound\Malleefowl8.mp3,Malleefowl_sound,Malleefowl,Malleefowl8.mp3,488529,True,48000,2,586234,12.213208333333334,MP3,MPEG_LAYER_III,dbb2038ccc59403ea79b750f1ca419a998db75f06d341805d386adae76a57f44
D:\other\Bird\Dataset\CC0\Moluccan Megapode_sound\Moluccan Megapode4.mp3,Moluccan Megapode_sound\Moluccan Megapode4.mp3,Moluccan Megapode_sound,Moluccan Megapode,Moluccan Megapode4.mp3,488529,True,48000,2,586234,12.213208333333334,MP3,MPEG_LAYER_III,dbb2038ccc59403ea79b750f1ca419a998db75f06d341805d386adae76a57f44
D:\other\Bird\Dataset\CC0\Maleo_sound\Maleo6.mp3,Maleo_sound\Maleo6.mp3,Maleo_sound,Maleo,Maleo6.mp3,488529,True,48000,2,586234,12.213208333333334,MP3,MPEG_LAYER_III,dbb2038ccc59403ea79b750f1ca419a998db75f06d341805d386adae76a57f44
D:\other\Bird\Dataset\CC0\Tongan Megapode_sound\Tongan Megapode3.mp3,Tongan Megapode_sound\Tongan Megapode3.mp3,Tongan Megapode_sound,Tongan Megapode,Tongan Megapode3.mp3,488529,True,48000,2,586234,12.213208333333334,MP3,MPEG_LAYER_III,dbb2038ccc59403ea79b750f1ca419a998db75f06d341805d386adae76a57f44
D:\other\Bird\Dataset\CC0\Moluccan Megapode_sound\Moluccan Megapode2.mp3,Moluccan Megapode_sound\Moluccan Megapode2.mp3,Moluccan Megapode_sound,Moluccan Megapode,Moluccan Megapode2.mp3,488529,True,48000,2,586234,12.213208333333334,MP3,MPEG_LAYER_III,dbb2038ccc59403ea79b750f1ca419a998db75f06d341805d386adae76a57f44
D:\other\Bird\Dataset\CC0\Maleo_sound\Maleo4.mp3,Maleo_sound\Maleo4.mp3,Maleo_sound,Maleo,Maleo4.mp3,488529,True,48000,2,586234,12.213208333333334,MP3,MPEG_LAYER_III,dbb2038ccc59403ea79b750f1ca419a998db75f06d341805d386adae76a57f44
D:\other\Bird\Dataset\CC0\Moluccan Megapode_sound\Moluccan Megapode3.mp3,Moluccan Megapode_sound\Moluccan Megapode3.mp3,Moluccan Megapode_sound,Moluccan Megapode,Moluccan Megapode3.mp3,488529,True,48000,2,586234,12.213208333333334,MP3,MPEG_LAYER_III,dbb2038ccc59403ea79b750f1ca419a998db75f06d341805d386adae76a57f44
D:\other\Bird\Dataset\CC0\Thicket Tinamou_sound\Thicket Tinamou5.mp3,Thicket Tinamou_sound\Thicket Tinamou5.mp3,Thicket Tinamou_sound,Thicket Tinamou,Thicket Tinamou5.mp3,7893327,True,44100,1,17390993,394.3535827664399,MP3,MPEG_LAYER_III,dbb84c3aea6377dd3f611746bba07660ace465f896bbe7850b7e94eff912b5dd
D:\other\Bird\Dataset\CC0\Thicket Tinamou_sound\Thicket Tinamou6.mp3,Thicket Tinamou_sound\Thicket Tinamou6.mp3,Thicket Tinamou_sound,Thicket Tinamou,Thicket Tinamou6.mp3,7893327,True,44100,1,17390993,394.3535827664399,MP3,MPEG_LAYER_III,dbb84c3aea6377dd3f611746bba07660ace465f896bbe7850b7e94eff912b5dd
D:\other\Bird\Dataset\CC0\Thicket Tinamou_sound\Thicket Tinamou7.mp3,Thicket Tinamou_sound\Thicket Tinamou7.mp3,Thicket Tinamou_sound,Thicket Tinamou,Thicket Tinamou7.mp3,7893327,True,44100,1,17390993,394.3535827664399,MP3,MPEG_LAYER_III,dbb84c3aea6377dd3f611746bba07660ace465f896bbe7850b7e94eff912b5dd
D:\other\Bird\Dataset\CC0\Thicket Tinamou_sound\Thicket Tinamou8.mp3,Thicket Tinamou_sound\Thicket Tinamou8.mp3,Thicket Tinamou_sound,Thicket Tinamou,Thicket Tinamou8.mp3,7893327,True,44100,1,17390993,394.3535827664399,MP3,MPEG_LAYER_III,dbb84c3aea6377dd3f611746bba07660ace465f896bbe7850b7e94eff912b5dd
D:\other\Bird\Dataset\CC0\Thicket Tinamou_sound\Thicket Tinamou9.mp3,Thicket Tinamou_sound\Thicket Tinamou9.mp3,Thicket Tinamou_sound,Thicket Tinamou,Thicket Tinamou9.mp3,7893327,True,44100,1,17390993,394.3535827664399,MP3,MPEG_LAYER_III,dbb84c3aea6377dd3f611746bba07660ace465f896bbe7850b7e94eff912b5dd
D:\other\Bird\Dataset\CC0\Thicket Tinamou_sound\Thicket Tinamou4.mp3,Thicket Tinamou_sound\Thicket Tinamou4.mp3,Thicket Tinamou_sound,Thicket Tinamou,Thicket Tinamou4.mp3,7893327,True,44100,1,17390993,394.3535827664399,MP3,MPEG_LAYER_III,dbb84c3aea6377dd3f611746bba07660ace465f896bbe7850b7e94eff912b5dd
D:\other\Bird\Dataset\CC0\Solitary Tinamou_sound\Solitary Tinamou3.mp3,Solitary Tinamou_sound\Solitary Tinamou3.mp3,Solitary Tinamou_sound,Solitary Tinamou,Solitary Tinamou3.mp3,208340,True,48000,2,250008,5.2085,MP3,MPEG_LAYER_III,dbc8935b5805f935343289d1c6bfd5ac8295abfcbc6b0aac28583f363bd83f47
D:\other\Bird\Dataset\CC0\Solitary Tinamou_sound\Solitary Tinamou4.mp3,Solitary Tinamou_sound\Solitary Tinamou4.mp3,Solitary Tinamou_sound,Solitary Tinamou,Solitary Tinamou4.mp3,208340,True,48000,2,250008,5.2085,MP3,MPEG_LAYER_III,dbc8935b5805f935343289d1c6bfd5ac8295abfcbc6b0aac28583f363bd83f47
D:\other\Bird\Dataset\CC0\Baudo Guan_sound\Baudo Guan2.mp3,Baudo Guan_sound\Baudo Guan2.mp3,Baudo Guan_sound,Baudo Guan,Baudo Guan2.mp3,856636,True,44100,2,1890507,42.868639455782315,MP3,MPEG_LAYER_III,dc20cb1c4a1afe8ca312cdadcd948868e8a9b6b76669fbd62564a7c9f0bf0231
D:\other\Bird\Dataset\CC0\Bearded Guan_sound\Bearded Guan28.mp3,Bearded Guan_sound\Bearded Guan28.mp3,Bearded Guan_sound,Bearded Guan,Bearded Guan28.mp3,856636,True,44100,2,1890507,42.868639455782315,MP3,MPEG_LAYER_III,dc20cb1c4a1afe8ca312cdadcd948868e8a9b6b76669fbd62564a7c9f0bf0231
D:\other\Bird\Dataset\CC0\Thicket Tinamou_sound\Thicket Tinamou26.mp3,Thicket Tinamou_sound\Thicket Tinamou26.mp3,Thicket Tinamou_sound,Thicket Tinamou,Thicket Tinamou26.mp3,86631,True,44100,1,291712,6.614784580498866,MP3,MPEG_LAYER_III,dd2d181209d557ddec7559848c84b0c7a2e01117c57edb971ee09e24cc21f10c
D:\other\Bird\Dataset\CC0\Thicket Tinamou_sound\Thicket Tinamou25.mp3,Thicket Tinamou_sound\Thicket Tinamou25.mp3,Thicket Tinamou_sound,Thicket Tinamou,Thicket Tinamou25.mp3,86631,True,44100,1,291712,6.614784580498866,MP3,MPEG_LAYER_III,dd2d181209d557ddec7559848c84b0c7a2e01117c57edb971ee09e24cc21f10c
D:\other\Bird\Dataset\CC0\Brown Tinamou_sound\Brown Tinamou24.mp3,Brown Tinamou_sound\Brown Tinamou24.mp3,Brown Tinamou_sound,Brown Tinamou,Brown Tinamou24.mp3,421546,True,44100,1,1161772,26.34403628117914,MP3,MPEG_LAYER_III,dd4029ca94972477daf7a6f2ab74eaf0b7255b36297bdca3f00ba7a774c96e83
D:\other\Bird\Dataset\CC0\Brown Tinamou_sound\Brown Tinamou27.mp3,Brown Tinamou_sound\Brown Tinamou27.mp3,Brown Tinamou_sound,Brown Tinamou,Brown Tinamou27.mp3,421546,True,44100,1,1161772,26.34403628117914,MP3,MPEG_LAYER_III,dd4029ca94972477daf7a6f2ab74eaf0b7255b36297bdca3f00ba7a774c96e83
D:\other\Bird\Dataset\CC0\Brown Tinamou_sound\Brown Tinamou26.mp3,Brown Tinamou_sound\Brown Tinamou26.mp3,Brown Tinamou_sound,Brown Tinamou,Brown Tinamou26.mp3,421546,True,44100,1,1161772,26.34403628117914,MP3,MPEG_LAYER_III,dd4029ca94972477daf7a6f2ab74eaf0b7255b36297bdca3f00ba7a774c96e83
D:\other\Bird\Dataset\CC0\Brown Tinamou_sound\Brown Tinamou25.mp3,Brown Tinamou_sound\Brown Tinamou25.mp3,Brown Tinamou_sound,Brown Tinamou,Brown Tinamou25.mp3,421546,True,44100,1,1161772,26.34403628117914,MP3,MPEG_LAYER_III,dd4029ca94972477daf7a6f2ab74eaf0b7255b36297bdca3f00ba7a774c96e83
D:\other\Bird\Dataset\CC0\Bearded Guan_sound\Bearded Guan3.mp3,Bearded Guan_sound\Bearded Guan3.mp3,Bearded Guan_sound,Bearded Guan,Bearded Guan3.mp3,423327,True,44100,1,1534511,34.79616780045352,MP3,MPEG_LAYER_III,dd93b8d6b55643b8e0f4d2888d2bd734e7dbde95c373370d77c66662655441fd
D:\other\Bird\Dataset\CC0\Band-tailed Guan_sound\Band-tailed Guan29.mp3,Band-tailed Guan_sound\Band-tailed Guan29.mp3,Band-tailed Guan_sound,Band-tailed Guan,Band-tailed Guan29.mp3,423327,True,44100,1,1534511,34.79616780045352,MP3,MPEG_LAYER_III,dd93b8d6b55643b8e0f4d2888d2bd734e7dbde95c373370d77c66662655441fd
D:\other\Bird\Dataset\CC0\Band-tailed Guan_sound\Band-tailed Guan30.mp3,Band-tailed Guan_sound\Band-tailed Guan30.mp3,Band-tailed Guan_sound,Band-tailed Guan,Band-tailed Guan30.mp3,423327,True,44100,1,1534511,34.79616780045352,MP3,MPEG_LAYER_III,dd93b8d6b55643b8e0f4d2888d2bd734e7dbde95c373370d77c66662655441fd
D:\other\Bird\Dataset\CC0\Band-tailed Guan_sound\Band-tailed Guan31.mp3,Band-tailed Guan_sound\Band-tailed Guan31.mp3,Band-tailed Guan_sound,Band-tailed Guan,Band-tailed Guan31.mp3,423327,True,44100,1,1534511,34.79616780045352,MP3,MPEG_LAYER_III,dd93b8d6b55643b8e0f4d2888d2bd734e7dbde95c373370d77c66662655441fd
D:\other\Bird\Dataset\CC0\Bearded Guan_sound\Bearded Guan4.mp3,Bearded Guan_sound\Bearded Guan4.mp3,Bearded Guan_sound,Bearded Guan,Bearded Guan4.mp3,423327,True,44100,1,1534511,34.79616780045352,MP3,MPEG_LAYER_III,dd93b8d6b55643b8e0f4d2888d2bd734e7dbde95c373370d77c66662655441fd
D:\other\Bird\Dataset\CC0\Bearded Guan_sound\Bearded Guan2.mp3,Bearded Guan_sound\Bearded Guan2.mp3,Bearded Guan_sound,Bearded Guan,Bearded Guan2.mp3,423327,True,44100,1,1534511,34.79616780045352,MP3,MPEG_LAYER_III,dd93b8d6b55643b8e0f4d2888d2bd734e7dbde95c373370d77c66662655441fd
D:\other\Bird\Dataset\CC0\Little Tinamou_sound\Little Tinamou17.mp3,Little Tinamou_sound\Little Tinamou17.mp3,Little Tinamou_sound,Little Tinamou,Little Tinamou17.mp3,790457,True,44100,1,871393,19.759478458049887,MP3,MPEG_LAYER_III,de0c2ec101fb819186115a3f0b2f4129e5e7bf7e9c8eed5ed7f5459624ab34af
D:\other\Bird\Dataset\CC0\Little Tinamou_sound\Little Tinamou18.mp3,Little Tinamou_sound\Little Tinamou18.mp3,Little Tinamou_sound,Little Tinamou,Little Tinamou18.mp3,790457,True,44100,1,871393,19.759478458049887,MP3,MPEG_LAYER_III,de0c2ec101fb819186115a3f0b2f4129e5e7bf7e9c8eed5ed7f5459624ab34af
D:\other\Bird\Dataset\CC0\Patagonian Tinamou_sound\Patagonian Tinamou2.mp3,Patagonian Tinamou_sound\Patagonian Tinamou2.mp3,Patagonian Tinamou_sound,Patagonian Tinamou,Patagonian Tinamou2.mp3,498244,True,44100,1,1373150,31.13718820861678,MP3,MPEG_LAYER_III,df0598cf9c1ef2c69c9c84ad1d38fc6211cd36818311e72c4318aa00f6f5edec
D:\other\Bird\Dataset\CC0\Puna Tinamou_sound\Puna Tinamou13.mp3,Puna Tinamou_sound\Puna Tinamou13.mp3,Puna Tinamou_sound,Puna Tinamou,Puna Tinamou13.mp3,498244,True,44100,1,1373150,31.13718820861678,MP3,MPEG_LAYER_III,df0598cf9c1ef2c69c9c84ad1d38fc6211cd36818311e72c4318aa00f6f5edec
D:\other\Bird\Dataset\CC0\Blue-throated Piping Guan_sound\Blue-throated Piping Guan31.mp3,Blue-throated Piping Guan_sound\Blue-throated Piping Guan31.mp3,Blue-throated Piping Guan_sound,Blue-throated Piping Guan,Blue-throated Piping Guan31.mp3,611471,True,48000,1,4891768,101.91183333333333,MP3,MPEG_LAYER_III,dfbc12862b77826f3f31e164c299f45bfd5fefc3644c6b7e7aebaadb17b28b34
D:\other\Bird\Dataset\CC0\Red-throated Piping Guan_sound\Red-throated Piping Guan2.mp3,Red-throated Piping Guan_sound\Red-throated Piping Guan2.mp3,Red-throated Piping Guan_sound,Red-throated Piping Guan,Red-throated Piping Guan2.mp3,611471,True,48000,1,4891768,101.91183333333333,MP3,MPEG_LAYER_III,dfbc12862b77826f3f31e164c299f45bfd5fefc3644c6b7e7aebaadb17b28b34
D:\other\Bird\Dataset\CC0\Undulated Tinamou_sound\Undulated Tinamou28.mp3,Undulated Tinamou_sound\Undulated Tinamou28.mp3,Undulated Tinamou_sound,Undulated Tinamou,Undulated Tinamou28.mp3,814076,True,44100,1,4990394,113.16086167800454,MP3,MPEG_LAYER_III,dfc384a630ac7d0da458ae8278578a2edd5e31e0377f8e3965b5b1c3d1197a7e
D:\other\Bird\Dataset\CC0\Undulated Tinamou_sound\Undulated Tinamou27.mp3,Undulated Tinamou_sound\Undulated Tinamou27.mp3,Undulated Tinamou_sound,Undulated Tinamou,Undulated Tinamou27.mp3,814076,True,44100,1,4990394,113.16086167800454,MP3,MPEG_LAYER_III,dfc384a630ac7d0da458ae8278578a2edd5e31e0377f8e3965b5b1c3d1197a7e
D:\other\Bird\Dataset\CC0\Undulated Tinamou_sound\Undulated Tinamou25.mp3,Undulated Tinamou_sound\Undulated Tinamou25.mp3,Undulated Tinamou_sound,Undulated Tinamou,Undulated Tinamou25.mp3,814076,True,44100,1,4990394,113.16086167800454,MP3,MPEG_LAYER_III,dfc384a630ac7d0da458ae8278578a2edd5e31e0377f8e3965b5b1c3d1197a7e
D:\other\Bird\Dataset\CC0\Undulated Tinamou_sound\Undulated Tinamou24.mp3,Undulated Tinamou_sound\Undulated Tinamou24.mp3,Undulated Tinamou_sound,Undulated Tinamou,Undulated Tinamou24.mp3,814076,True,44100,1,4990394,113.16086167800454,MP3,MPEG_LAYER_III,dfc384a630ac7d0da458ae8278578a2edd5e31e0377f8e3965b5b1c3d1197a7e
D:\other\Bird\Dataset\CC0\Undulated Tinamou_sound\Undulated Tinamou16.mp3,Undulated Tinamou_sound\Undulated Tinamou16.mp3,Undulated Tinamou_sound,Undulated Tinamou,Undulated Tinamou16.mp3,814076,True,44100,1,4990394,113.16086167800454,MP3,MPEG_LAYER_III,dfc384a630ac7d0da458ae8278578a2edd5e31e0377f8e3965b5b1c3d1197a7e
D:\other\Bird\Dataset\CC0\Undulated Tinamou_sound\Undulated Tinamou17.mp3,Undulated Tinamou_sound\Undulated Tinamou17.mp3,Undulated Tinamou_sound,Undulated Tinamou,Undulated Tinamou17.mp3,814076,True,44100,1,4990394,113.16086167800454,MP3,MPEG_LAYER_III,dfc384a630ac7d0da458ae8278578a2edd5e31e0377f8e3965b5b1c3d1197a7e
D:\other\Bird\Dataset\CC0\Undulated Tinamou_sound\Undulated Tinamou18.mp3,Undulated Tinamou_sound\Undulated Tinamou18.mp3,Undulated Tinamou_sound,Undulated Tinamou,Undulated Tinamou18.mp3,814076,True,44100,1,4990394,113.16086167800454,MP3,MPEG_LAYER_III,dfc384a630ac7d0da458ae8278578a2edd5e31e0377f8e3965b5b1c3d1197a7e
D:\other\Bird\Dataset\CC0\Undulated Tinamou_sound\Undulated Tinamou19.mp3,Undulated Tinamou_sound\Undulated Tinamou19.mp3,Undulated Tinamou_sound,Undulated Tinamou,Undulated Tinamou19.mp3,814076,True,44100,1,4990394,113.16086167800454,MP3,MPEG_LAYER_III,dfc384a630ac7d0da458ae8278578a2edd5e31e0377f8e3965b5b1c3d1197a7e
D:\other\Bird\Dataset\CC0\Undulated Tinamou_sound\Undulated Tinamou26.mp3,Undulated Tinamou_sound\Undulated Tinamou26.mp3,Undulated Tinamou_sound,Undulated Tinamou,Undulated Tinamou26.mp3,814076,True,44100,1,4990394,113.16086167800454,MP3,MPEG_LAYER_III,dfc384a630ac7d0da458ae8278578a2edd5e31e0377f8e3965b5b1c3d1197a7e
D:\other\Bird\Dataset\CC0\Undulated Tinamou_sound\Undulated Tinamou20.mp3,Undulated Tinamou_sound\Undulated Tinamou20.mp3,Undulated Tinamou_sound,Undulated Tinamou,Undulated Tinamou20.mp3,814076,True,44100,1,4990394,113.16086167800454,MP3,MPEG_LAYER_III,dfc384a630ac7d0da458ae8278578a2edd5e31e0377f8e3965b5b1c3d1197a7e
D:\other\Bird\Dataset\CC0\Undulated Tinamou_sound\Undulated Tinamou21.mp3,Undulated Tinamou_sound\Undulated Tinamou21.mp3,Undulated Tinamou_sound,Undulated Tinamou,Undulated Tinamou21.mp3,814076,True,44100,1,4990394,113.16086167800454,MP3,MPEG_LAYER_III,dfc384a630ac7d0da458ae8278578a2edd5e31e0377f8e3965b5b1c3d1197a7e
D:\other\Bird\Dataset\CC0\Undulated Tinamou_sound\Undulated Tinamou22.mp3,Undulated Tinamou_sound\Undulated Tinamou22.mp3,Undulated Tinamou_sound,Undulated Tinamou,Undulated Tinamou22.mp3,814076,True,44100,1,4990394,113.16086167800454,MP3,MPEG_LAYER_III,dfc384a630ac7d0da458ae8278578a2edd5e31e0377f8e3965b5b1c3d1197a7e
D:\other\Bird\Dataset\CC0\Undulated Tinamou_sound\Undulated Tinamou23.mp3,Undulated Tinamou_sound\Undulated Tinamou23.mp3,Undulated Tinamou_sound,Undulated Tinamou,Undulated Tinamou23.mp3,814076,True,44100,1,4990394,113.16086167800454,MP3,MPEG_LAYER_III,dfc384a630ac7d0da458ae8278578a2edd5e31e0377f8e3965b5b1c3d1197a7e
D:\other\Bird\Dataset\CC0\Dwarf Tinamou_sound\Dwarf Tinamou4.mp3,Dwarf Tinamou_sound\Dwarf Tinamou4.mp3,Dwarf Tinamou_sound,Dwarf Tinamou,Dwarf Tinamou4.mp3,423947,True,44100,2,1168037,26.486099773242632,MP3,MPEG_LAYER_III,e1e1d9393c4fa5fb1fd2bdc436313a6c2bcaaf8690328b6da105f27017759b35
D:\other\Bird\Dataset\CC0\Dwarf Tinamou_sound\Dwarf Tinamou5.mp3,Dwarf Tinamou_sound\Dwarf Tinamou5.mp3,Dwarf Tinamou_sound,Dwarf Tinamou,Dwarf Tinamou5.mp3,423947,True,44100,2,1168037,26.486099773242632,MP3,MPEG_LAYER_III,e1e1d9393c4fa5fb1fd2bdc436313a6c2bcaaf8690328b6da105f27017759b35
D:\other\Bird\Dataset\CC0\Band-tailed Guan_sound\Band-tailed Guan18.mp3,Band-tailed Guan_sound\Band-tailed Guan18.mp3,Band-tailed Guan_sound,Band-tailed Guan,Band-tailed Guan18.mp3,521424,True,44100,1,1896123,42.995986394557825,MP3,MPEG_LAYER_III,e241eaa88203ed78f5629c07573d64e87d05932ccbb302d5677dbe0d875f4ffb
D:\other\Bird\Dataset\CC0\Band-tailed Guan_sound\Band-tailed Guan17.mp3,Band-tailed Guan_sound\Band-tailed Guan17.mp3,Band-tailed Guan_sound,Band-tailed Guan,Band-tailed Guan17.mp3,521424,True,44100,1,1896123,42.995986394557825,MP3,MPEG_LAYER_III,e241eaa88203ed78f5629c07573d64e87d05932ccbb302d5677dbe0d875f4ffb
D:\other\Bird\Dataset\CC0\White-throated Tinamou_sound\White-throated Tinamou15.mp3,White-throated Tinamou_sound\White-throated Tinamou15.mp3,White-throated Tinamou_sound,White-throated Tinamou,White-throated Tinamou15.mp3,86617,True,32000,2,214631,6.70721875,MP3,MPEG_LAYER_III,e3263373b48b24b1b33df8e4f34c15bde5d8ad73daccb33c74b5aa2af9080e45
D:\other\Bird\Dataset\CC0\White-throated Tinamou_sound\White-throated Tinamou16.mp3,White-throated Tinamou_sound\White-throated Tinamou16.mp3,White-throated Tinamou_sound,White-throated Tinamou,White-throated Tinamou16.mp3,86617,True,32000,2,214631,6.70721875,MP3,MPEG_LAYER_III,e3263373b48b24b1b33df8e4f34c15bde5d8ad73daccb33c74b5aa2af9080e45
D:\other\Bird\Dataset\CC0\East Brazilian Chachalaca_sound\East Brazilian Chachalaca15.mp3,East Brazilian Chachalaca_sound\East Brazilian Chachalaca15.mp3,East Brazilian Chachalaca_sound,East Brazilian Chachalaca,East Brazilian Chachalaca15.mp3,180241,True,22050,1,496387,22.5118820861678,MP3,MPEG_LAYER_III,e3ea7081534cb25fca949238bed6e68d2d9c57a0a1909143d9442669307c0f11
D:\other\Bird\Dataset\CC0\East Brazilian Chachalaca_sound\East Brazilian Chachalaca16.mp3,East Brazilian Chachalaca_sound\East Brazilian Chachalaca16.mp3,East Brazilian Chachalaca_sound,East Brazilian Chachalaca,East Brazilian Chachalaca16.mp3,180241,True,22050,1,496387,22.5118820861678,MP3,MPEG_LAYER_III,e3ea7081534cb25fca949238bed6e68d2d9c57a0a1909143d9442669307c0f11
D:\other\Bird\Dataset\CC0\Rufous-headed Chachalaca_sound\Rufous-headed Chachalaca23.mp3,Rufous-headed Chachalaca_sound\Rufous-headed Chachalaca23.mp3,Rufous-headed Chachalaca_sound,Rufous-headed Chachalaca,Rufous-headed Chachalaca23.mp3,165369,True,44100,1,439324,9.961995464852608,MP3,MPEG_LAYER_III,e4aa3d41961c664dcc35ec1f4651068d9227fdbcca457bd59cacfcc0c9dd69d8
D:\other\Bird\Dataset\CC0\Rufous-headed Chachalaca_sound\Rufous-headed Chachalaca25.mp3,Rufous-headed Chachalaca_sound\Rufous-headed Chachalaca25.mp3,Rufous-headed Chachalaca_sound,Rufous-headed Chachalaca,Rufous-headed Chachalaca25.mp3,165369,True,44100,1,439324,9.961995464852608,MP3,MPEG_LAYER_III,e4aa3d41961c664dcc35ec1f4651068d9227fdbcca457bd59cacfcc0c9dd69d8
D:\other\Bird\Dataset\CC0\Rufous-headed Chachalaca_sound\Rufous-headed Chachalaca24.mp3,Rufous-headed Chachalaca_sound\Rufous-headed Chachalaca24.mp3,Rufous-headed Chachalaca_sound,Rufous-headed Chachalaca,Rufous-headed Chachalaca24.mp3,165369,True,44100,1,439324,9.961995464852608,MP3,MPEG_LAYER_III,e4aa3d41961c664dcc35ec1f4651068d9227fdbcca457bd59cacfcc0c9dd69d8
D:\other\Bird\Dataset\CC0\Orange-footed Scrubfowl_sound\Orange-footed Scrubfowl7.mp3,Orange-footed Scrubfowl_sound\Orange-footed Scrubfowl7.mp3,Orange-footed Scrubfowl_sound,Orange-footed Scrubfowl,Orange-footed Scrubfowl7.mp3,510694,True,48000,1,2049149,42.69060416666667,MP3,MPEG_LAYER_III,e4bf2df8be44d5dd4b8aa2eb15cb01afb6280f4a02e6b512facd374169f6e521
D:\other\Bird\Dataset\CC0\Orange-footed Scrubfowl_sound\Orange-footed Scrubfowl8.mp3,Orange-footed Scrubfowl_sound\Orange-footed Scrubfowl8.mp3,Orange-footed Scrubfowl_sound,Orange-footed Scrubfowl,Orange-footed Scrubfowl8.mp3,510694,True,48000,1,2049149,42.69060416666667,MP3,MPEG_LAYER_III,e4bf2df8be44d5dd4b8aa2eb15cb01afb6280f4a02e6b512facd374169f6e521
D:\other\Bird\Dataset\CC0\Little Chachalaca_sound\Little Chachalaca3.mp3,Little Chachalaca_sound\Little Chachalaca3.mp3,Little Chachalaca_sound,Little Chachalaca,Little Chachalaca3.mp3,910763,True,48000,1,3701446,77.11345833333333,MP3,MPEG_LAYER_III,e52b6a108ef3e07c815bbc6a0f13352562c3f4864c2cd319f5ed6c904b6017c6
D:\other\Bird\Dataset\CC0\Little Chachalaca_sound\Little Chachalaca2.mp3,Little Chachalaca_sound\Little Chachalaca2.mp3,Little Chachalaca_sound,Little Chachalaca,Little Chachalaca2.mp3,910763,True,48000,1,3701446,77.11345833333333,MP3,MPEG_LAYER_III,e52b6a108ef3e07c815bbc6a0f13352562c3f4864c2cd319f5ed6c904b6017c6
D:\other\Bird\Dataset\CC0\Small-billed Tinamou_sound\Small-billed Tinamou17.mp3,Small-billed Tinamou_sound\Small-billed Tinamou17.mp3,Small-billed Tinamou_sound,Small-billed Tinamou,Small-billed Tinamou17.mp3,1279987,True,44100,1,2355267,53.4074149659864,MP3,MPEG_LAYER_III,e5834d052ecf924058c56c9f6e8ef6a40c77bed9eb63180687523baa27ea2574
D:\other\Bird\Dataset\CC0\Small-billed Tinamou_sound\Small-billed Tinamou18.mp3,Small-billed Tinamou_sound\Small-billed Tinamou18.mp3,Small-billed Tinamou_sound,Small-billed Tinamou,Small-billed Tinamou18.mp3,1279987,True,44100,1,2355267,53.4074149659864,MP3,MPEG_LAYER_III,e5834d052ecf924058c56c9f6e8ef6a40c77bed9eb63180687523baa27ea2574
D:\other\Bird\Dataset\CC0\Small-billed Tinamou_sound\Small-billed Tinamou19.mp3,Small-billed Tinamou_sound\Small-billed Tinamou19.mp3,Small-billed Tinamou_sound,Small-billed Tinamou,Small-billed Tinamou19.mp3,1279987,True,44100,1,2355267,53.4074149659864,MP3,MPEG_LAYER_III,e5834d052ecf924058c56c9f6e8ef6a40c77bed9eb63180687523baa27ea2574
D:\other\Bird\Dataset\CC0\Brazilian Tinamou_sound\Brazilian Tinamou27.mp3,Brazilian Tinamou_sound\Brazilian Tinamou27.mp3,Brazilian Tinamou_sound,Brazilian Tinamou,Brazilian Tinamou27.mp3,2040990,True,44100,1,5624929,127.549410430839,MP3,MPEG_LAYER_III,e5a739ffdd01cec425afd5f7f27331a80b1dbda49d9c583fb48aa8bd51ac364b
D:\other\Bird\Dataset\CC0\Brazilian Tinamou_sound\Brazilian Tinamou28.mp3,Brazilian Tinamou_sound\Brazilian Tinamou28.mp3,Brazilian Tinamou_sound,Brazilian Tinamou,Brazilian Tinamou28.mp3,2040990,True,44100,1,5624929,127.549410430839,MP3,MPEG_LAYER_III,e5a739ffdd01cec425afd5f7f27331a80b1dbda49d9c583fb48aa8bd51ac364b
D:\other\Bird\Dataset\CC0\Red-throated Piping Guan_sound\Red-throated Piping Guan10.mp3,Red-throated Piping Guan_sound\Red-throated Piping Guan10.mp3,Red-throated Piping Guan_sound,Red-throated Piping Guan,Red-throated Piping Guan10.mp3,1499149,True,48000,2,2998298,62.46454166666667,MP3,MPEG_LAYER_III,e6ccd1f1ba361fd804305d0650369793d3f61f9e6861c38b9ff8c2a24f25be27
D:\other\Bird\Dataset\CC0\Red-throated Piping Guan_sound\Red-throated Piping Guan11.mp3,Red-throated Piping Guan_sound\Red-throated Piping Guan11.mp3,Red-throated Piping Guan_sound,Red-throated Piping Guan,Red-throated Piping Guan11.mp3,1499149,True,48000,2,2998298,62.46454166666667,MP3,MPEG_LAYER_III,e6ccd1f1ba361fd804305d0650369793d3f61f9e6861c38b9ff8c2a24f25be27
D:\other\Bird\Dataset\CC0\Chestnut-winged Chachalaca_sound\Chestnut-winged Chachalaca25.mp3,Chestnut-winged Chachalaca_sound\Chestnut-winged Chachalaca25.mp3,Chestnut-winged Chachalaca_sound,Chestnut-winged Chachalaca,Chestnut-winged Chachalaca25.mp3,580449,True,44100,2,2151492,48.78666666666667,MP3,MPEG_LAYER_III,e6f6f549047595c31b6d3e7d0d290492e57ff2b75081bee60085a91a231acd7e
D:\other\Bird\Dataset\CC0\Chestnut-winged Chachalaca_sound\Chestnut-winged Chachalaca22.mp3,Chestnut-winged Chachalaca_sound\Chestnut-winged Chachalaca22.mp3,Chestnut-winged Chachalaca_sound,Chestnut-winged Chachalaca,Chestnut-winged Chachalaca22.mp3,580449,True,44100,2,2151492,48.78666666666667,MP3,MPEG_LAYER_III,e6f6f549047595c31b6d3e7d0d290492e57ff2b75081bee60085a91a231acd7e
D:\other\Bird\Dataset\CC0\Chestnut-winged Chachalaca_sound\Chestnut-winged Chachalaca21.mp3,Chestnut-winged Chachalaca_sound\Chestnut-winged Chachalaca21.mp3,Chestnut-winged Chachalaca_sound,Chestnut-winged Chachalaca,Chestnut-winged Chachalaca21.mp3,580449,True,44100,2,2151492,48.78666666666667,MP3,MPEG_LAYER_III,e6f6f549047595c31b6d3e7d0d290492e57ff2b75081bee60085a91a231acd7e
D:\other\Bird\Dataset\CC0\Chestnut-winged Chachalaca_sound\Chestnut-winged Chachalaca24.mp3,Chestnut-winged Chachalaca_sound\Chestnut-winged Chachalaca24.mp3,Chestnut-winged Chachalaca_sound,Chestnut-winged Chachalaca,Chestnut-winged Chachalaca24.mp3,580449,True,44100,2,2151492,48.78666666666667,MP3,MPEG_LAYER_III,e6f6f549047595c31b6d3e7d0d290492e57ff2b75081bee60085a91a231acd7e
D:\other\Bird\Dataset\CC0\Chestnut-winged Chachalaca_sound\Chestnut-winged Chachalaca23.mp3,Chestnut-winged Chachalaca_sound\Chestnut-winged Chachalaca23.mp3,Chestnut-winged Chachalaca_sound,Chestnut-winged Chachalaca,Chestnut-winged Chachalaca23.mp3,580449,True,44100,2,2151492,48.78666666666667,MP3,MPEG_LAYER_III,e6f6f549047595c31b6d3e7d0d290492e57ff2b75081bee60085a91a231acd7e
D:\other\Bird\Dataset\CC0\Emu_sound\Emu14.mp3,Emu_sound\Emu14.mp3,Emu_sound,Emu,Emu14.mp3,306571,True,48000,1,903006,18.812625,MP3,MPEG_LAYER_III,e82ac2b2f4c7e785302875353b393f2cef278110a0a9fc3919bc117afea67556
D:\other\Bird\Dataset\CC0\Emu_sound\Emu13.mp3,Emu_sound\Emu13.mp3,Emu_sound,Emu,Emu13.mp3,306571,True,48000,1,903006,18.812625,MP3,MPEG_LAYER_III,e82ac2b2f4c7e785302875353b393f2cef278110a0a9fc3919bc117afea67556
D:\other\Bird\Dataset\CC0\Greater Rhea_sound\Greater Rhea4.mp3,Greater Rhea_sound\Greater Rhea4.mp3,Greater Rhea_sound,Greater Rhea,Greater Rhea4.mp3,1391290,True,48000,1,4155168,86.566,MP3,MPEG_LAYER_III,e9f6342eb353ff895f8e5a6674dc9cadfc3218662728645f86e06254ec9ead2a
D:\other\Bird\Dataset\CC0\Greater Rhea_sound\Greater Rhea3.mp3,Greater Rhea_sound\Greater Rhea3.mp3,Greater Rhea_sound,Greater Rhea,Greater Rhea3.mp3,1391290,True,48000,1,4155168,86.566,MP3,MPEG_LAYER_III,e9f6342eb353ff895f8e5a6674dc9cadfc3218662728645f86e06254ec9ead2a
D:\other\Bird\Dataset\CC0\Plain Chachalaca_sound\Plain Chachalaca20.mp3,Plain Chachalaca_sound\Plain Chachalaca20.mp3,Plain Chachalaca_sound,Plain Chachalaca,Plain Chachalaca20.mp3,1554001,True,48000,1,4661619,97.1170625,MP3,MPEG_LAYER_III,eb6d50ffe4ea46bfa6752a9675e9d3fa867fab492f2269432c1081e3c9ea5da1
D:\other\Bird\Dataset\CC0\Plain Chachalaca_sound\Plain Chachalaca22.mp3,Plain Chachalaca_sound\Plain Chachalaca22.mp3,Plain Chachalaca_sound,Plain Chachalaca,Plain Chachalaca22.mp3,1554001,True,48000,1,4661619,97.1170625,MP3,MPEG_LAYER_III,eb6d50ffe4ea46bfa6752a9675e9d3fa867fab492f2269432c1081e3c9ea5da1
D:\other\Bird\Dataset\CC0\Plain Chachalaca_sound\Plain Chachalaca21.mp3,Plain Chachalaca_sound\Plain Chachalaca21.mp3,Plain Chachalaca_sound,Plain Chachalaca,Plain Chachalaca21.mp3,1554001,True,48000,1,4661619,97.1170625,MP3,MPEG_LAYER_III,eb6d50ffe4ea46bfa6752a9675e9d3fa867fab492f2269432c1081e3c9ea5da1
D:\other\Bird\Dataset\CC0\Black-capped Tinamou_sound\Black-capped Tinamou31.mp3,Black-capped Tinamou_sound\Black-capped Tinamou31.mp3,Black-capped Tinamou_sound,Black-capped Tinamou,Black-capped Tinamou31.mp3,111727,True,44100,1,390413,8.852902494331065,MP3,MPEG_LAYER_III,ecd62a586ac8aa4b38a7db0fe060a7f59d6558054d7a42eaab913b4cd4e1c1d9
D:\other\Bird\Dataset\CC0\Black-capped Tinamou_sound\Black-capped Tinamou30.mp3,Black-capped Tinamou_sound\Black-capped Tinamou30.mp3,Black-capped Tinamou_sound,Black-capped Tinamou,Black-capped Tinamou30.mp3,111727,True,44100,1,390413,8.852902494331065,MP3,MPEG_LAYER_III,ecd62a586ac8aa4b38a7db0fe060a7f59d6558054d7a42eaab913b4cd4e1c1d9
D:\other\Bird\Dataset\CC0\Black-capped Tinamou_sound\Black-capped Tinamou29.mp3,Black-capped Tinamou_sound\Black-capped Tinamou29.mp3,Black-capped Tinamou_sound,Black-capped Tinamou,Black-capped Tinamou29.mp3,111727,True,44100,1,390413,8.852902494331065,MP3,MPEG_LAYER_III,ecd62a586ac8aa4b38a7db0fe060a7f59d6558054d7a42eaab913b4cd4e1c1d9
D:\other\Bird\Dataset\CC0\Thicket Tinamou_sound\Thicket Tinamou2.mp3,Thicket Tinamou_sound\Thicket Tinamou2.mp3,Thicket Tinamou_sound,Thicket Tinamou,Thicket Tinamou2.mp3,111727,True,44100,1,390413,8.852902494331065,MP3,MPEG_LAYER_III,ecd62a586ac8aa4b38a7db0fe060a7f59d6558054d7a42eaab913b4cd4e1c1d9
D:\other\Bird\Dataset\CC0\Small-billed Tinamou_sound\Small-billed Tinamou30.mp3,Small-billed Tinamou_sound\Small-billed Tinamou30.mp3,Small-billed Tinamou_sound,Small-billed Tinamou,Small-billed Tinamou30.mp3,329872,True,44100,1,1818241,41.229954648526075,MP3,MPEG_LAYER_III,edabafa50f0d5a51b7d7b19c27688643f5e10cc0862a5d82680322bd53694b61
D:\other\Bird\Dataset\CC0\Small-billed Tinamou_sound\Small-billed Tinamou31.mp3,Small-billed Tinamou_sound\Small-billed Tinamou31.mp3,Small-billed Tinamou_sound,Small-billed Tinamou,Small-billed Tinamou31.mp3,329872,True,44100,1,1818241,41.229954648526075,MP3,MPEG_LAYER_III,edabafa50f0d5a51b7d7b19c27688643f5e10cc0862a5d82680322bd53694b61
D:\other\Bird\Dataset\CC0\Taczanowskis Tinamou_sound\Taczanowskis Tinamou8.mp3,Taczanowskis Tinamou_sound\Taczanowskis Tinamou8.mp3,Taczanowskis Tinamou_sound,Taczanowskis Tinamou,Taczanowskis Tinamou8.mp3,405982,True,44100,1,2237757,50.74278911564626,MP3,MPEG_LAYER_III,ee1b686d5456a6d578bab351d66c0924ada9b5ef05676acf6207ebfd385d0fa6
D:\other\Bird\Dataset\CC0\Ornate Tinamou_sound\Ornate Tinamou2.mp3,Ornate Tinamou_sound\Ornate Tinamou2.mp3,Ornate Tinamou_sound,Ornate Tinamou,Ornate Tinamou2.mp3,405982,True,44100,1,2237757,50.74278911564626,MP3,MPEG_LAYER_III,ee1b686d5456a6d578bab351d66c0924ada9b5ef05676acf6207ebfd385d0fa6
D:\other\Bird\Dataset\CC0\Plain Chachalaca_sound\Plain Chachalaca7.mp3,Plain Chachalaca_sound\Plain Chachalaca7.mp3,Plain Chachalaca_sound,Plain Chachalaca,Plain Chachalaca7.mp3,475427,True,44100,2,1310267,29.711269841269843,MP3,MPEG_LAYER_III,ee62e4dfd1a598db70ac3e9296dc68e1eb6bc68c23b8c566d0839ac205d8848b
D:\other\Bird\Dataset\CC0\Plain Chachalaca_sound\Plain Chachalaca6.mp3,Plain Chachalaca_sound\Plain Chachalaca6.mp3,Plain Chachalaca_sound,Plain Chachalaca,Plain Chachalaca6.mp3,475427,True,44100,2,1310267,29.711269841269843,MP3,MPEG_LAYER_III,ee62e4dfd1a598db70ac3e9296dc68e1eb6bc68c23b8c566d0839ac205d8848b
D:\other\Bird\Dataset\CC0\Plain Chachalaca_sound\Plain Chachalaca5.mp3,Plain Chachalaca_sound\Plain Chachalaca5.mp3,Plain Chachalaca_sound,Plain Chachalaca,Plain Chachalaca5.mp3,475427,True,44100,2,1310267,29.711269841269843,MP3,MPEG_LAYER_III,ee62e4dfd1a598db70ac3e9296dc68e1eb6bc68c23b8c566d0839ac205d8848b
D:\other\Bird\Dataset\CC0\Plain Chachalaca_sound\Plain Chachalaca10.mp3,Plain Chachalaca_sound\Plain Chachalaca10.mp3,Plain Chachalaca_sound,Plain Chachalaca,Plain Chachalaca10.mp3,475427,True,44100,2,1310267,29.711269841269843,MP3,MPEG_LAYER_III,ee62e4dfd1a598db70ac3e9296dc68e1eb6bc68c23b8c566d0839ac205d8848b
D:\other\Bird\Dataset\CC0\Plain Chachalaca_sound\Plain Chachalaca9.mp3,Plain Chachalaca_sound\Plain Chachalaca9.mp3,Plain Chachalaca_sound,Plain Chachalaca,Plain Chachalaca9.mp3,475427,True,44100,2,1310267,29.711269841269843,MP3,MPEG_LAYER_III,ee62e4dfd1a598db70ac3e9296dc68e1eb6bc68c23b8c566d0839ac205d8848b
D:\other\Bird\Dataset\CC0\Plain Chachalaca_sound\Plain Chachalaca8.mp3,Plain Chachalaca_sound\Plain Chachalaca8.mp3,Plain Chachalaca_sound,Plain Chachalaca,Plain Chachalaca8.mp3,475427,True,44100,2,1310267,29.711269841269843,MP3,MPEG_LAYER_III,ee62e4dfd1a598db70ac3e9296dc68e1eb6bc68c23b8c566d0839ac205d8848b
D:\other\Bird\Dataset\CC0\Tawny-breasted Tinamou_sound\Tawny-breasted Tinamou20.mp3,Tawny-breasted Tinamou_sound\Tawny-breasted Tinamou20.mp3,Tawny-breasted Tinamou_sound,Tawny-breasted Tinamou,Tawny-breasted Tinamou20.mp3,777572,True,44100,1,2142973,48.593492063492064,MP3,MPEG_LAYER_III,ee8a9c881942f78dc8cd8e412414c844634e540c6cc18e4e9559d12ba99b97aa
D:\other\Bird\Dataset\CC0\Tawny-breasted Tinamou_sound\Tawny-breasted Tinamou21.mp3,Tawny-breasted Tinamou_sound\Tawny-breasted Tinamou21.mp3,Tawny-breasted Tinamou_sound,Tawny-breasted Tinamou,Tawny-breasted Tinamou21.mp3,777572,True,44100,1,2142973,48.593492063492064,MP3,MPEG_LAYER_III,ee8a9c881942f78dc8cd8e412414c844634e540c6cc18e4e9559d12ba99b97aa
D:\other\Bird\Dataset\CC0\Plain Chachalaca_sound\Plain Chachalaca17.mp3,Plain Chachalaca_sound\Plain Chachalaca17.mp3,Plain Chachalaca_sound,Plain Chachalaca,Plain Chachalaca17.mp3,1859405,True,48000,2,2231286,46.485125,MP3,MPEG_LAYER_III,ef7fffba09da499eeebd23ff58e70afeddc3e0b3dd7d6f63514b5f7914cf81e0
D:\other\Bird\Dataset\CC0\Plain Chachalaca_sound\Plain Chachalaca19.mp3,Plain Chachalaca_sound\Plain Chachalaca19.mp3,Plain Chachalaca_sound,Plain Chachalaca,Plain Chachalaca19.mp3,1859405,True,48000,2,2231286,46.485125,MP3,MPEG_LAYER_III,ef7fffba09da499eeebd23ff58e70afeddc3e0b3dd7d6f63514b5f7914cf81e0
D:\other\Bird\Dataset\CC0\Plain Chachalaca_sound\Plain Chachalaca18.mp3,Plain Chachalaca_sound\Plain Chachalaca18.mp3,Plain Chachalaca_sound,Plain Chachalaca,Plain Chachalaca18.mp3,1859405,True,48000,2,2231286,46.485125,MP3,MPEG_LAYER_III,ef7fffba09da499eeebd23ff58e70afeddc3e0b3dd7d6f63514b5f7914cf81e0
D:\other\Bird\Dataset\CC0\West Mexican Chachalaca_sound\West Mexican Chachalaca12.mp3,West Mexican Chachalaca_sound\West Mexican Chachalaca12.mp3,West Mexican Chachalaca_sound,West Mexican Chachalaca,West Mexican Chachalaca12.mp3,2397615,True,44100,2,2634754,59.74498866213152,MP3,MPEG_LAYER_III,ef81c2c199713fb743d15b8e710cbf6be619620ba539f61665259acd373b88a5
D:\other\Bird\Dataset\CC0\West Mexican Chachalaca_sound\West Mexican Chachalaca13.mp3,West Mexican Chachalaca_sound\West Mexican Chachalaca13.mp3,West Mexican Chachalaca_sound,West Mexican Chachalaca,West Mexican Chachalaca13.mp3,2397615,True,44100,2,2634754,59.74498866213152,MP3,MPEG_LAYER_III,ef81c2c199713fb743d15b8e710cbf6be619620ba539f61665259acd373b88a5
D:\other\Bird\Dataset\CC0\Bartletts Tinamou_sound\Bartletts Tinamou19.mp3,Bartletts Tinamou_sound\Bartletts Tinamou19.mp3,Bartletts Tinamou_sound,Bartletts Tinamou,Bartletts Tinamou19.mp3,999199,True,44100,2,1835613,41.623877551020406,MP3,MPEG_LAYER_III,efa5597b40deb7fab9195b1b941d0eae0a216f122e77968de76c294cf176959e
D:\other\Bird\Dataset\CC0\Bartletts Tinamou_sound\Bartletts Tinamou20.mp3,Bartletts Tinamou_sound\Bartletts Tinamou20.mp3,Bartletts Tinamou_sound,Bartletts Tinamou,Bartletts Tinamou20.mp3,999199,True,44100,2,1835613,41.623877551020406,MP3,MPEG_LAYER_III,efa5597b40deb7fab9195b1b941d0eae0a216f122e77968de76c294cf176959e
D:\other\Bird\Dataset\CC0\Bartletts Tinamou_sound\Bartletts Tinamou18.mp3,Bartletts Tinamou_sound\Bartletts Tinamou18.mp3,Bartletts Tinamou_sound,Bartletts Tinamou,Bartletts Tinamou18.mp3,999199,True,44100,2,1835613,41.623877551020406,MP3,MPEG_LAYER_III,efa5597b40deb7fab9195b1b941d0eae0a216f122e77968de76c294cf176959e
D:\other\Bird\Dataset\CC0\Bartletts Tinamou_sound\Bartletts Tinamou17.mp3,Bartletts Tinamou_sound\Bartletts Tinamou17.mp3,Bartletts Tinamou_sound,Bartletts Tinamou,Bartletts Tinamou17.mp3,999199,True,44100,2,1835613,41.623877551020406,MP3,MPEG_LAYER_III,efa5597b40deb7fab9195b1b941d0eae0a216f122e77968de76c294cf176959e
D:\other\Bird\Dataset\CC0\Lesser Nothura_sound\Lesser Nothura9.mp3,Lesser Nothura_sound\Lesser Nothura9.mp3,Lesser Nothura_sound,Lesser Nothura,Lesser Nothura9.mp3,157774,True,44100,2,418156,9.481995464852607,MP3,MPEG_LAYER_III,f0187135df7c3f82fbcc0de6ca91f93c47e6606f56ad6dd28dd1bfbf7afa9554
D:\other\Bird\Dataset\CC0\Lesser Nothura_sound\Lesser Nothura10.mp3,Lesser Nothura_sound\Lesser Nothura10.mp3,Lesser Nothura_sound,Lesser Nothura,Lesser Nothura10.mp3,157774,True,44100,2,418156,9.481995464852607,MP3,MPEG_LAYER_III,f0187135df7c3f82fbcc0de6ca91f93c47e6606f56ad6dd28dd1bfbf7afa9554
D:\other\Bird\Dataset\CC0\Speckled Chachalaca_sound\Speckled Chachalaca12.mp3,Speckled Chachalaca_sound\Speckled Chachalaca12.mp3,Speckled Chachalaca_sound,Speckled Chachalaca,Speckled Chachalaca12.mp3,1669590,True,48000,2,5008386,104.341375,MP3,MPEG_LAYER_III,f0d5b49fd13f58f65afb6fbbd338b1cc2a1451313a0212bb582dd01b5bc47df2
D:\other\Bird\Dataset\CC0\Speckled Chachalaca_sound\Speckled Chachalaca13.mp3,Speckled Chachalaca_sound\Speckled Chachalaca13.mp3,Speckled Chachalaca_sound,Speckled Chachalaca,Speckled Chachalaca13.mp3,1669590,True,48000,2,5008386,104.341375,MP3,MPEG_LAYER_III,f0d5b49fd13f58f65afb6fbbd338b1cc2a1451313a0212bb582dd01b5bc47df2
D:\other\Bird\Dataset\CC0\Thicket Tinamou_sound\Thicket Tinamou15.mp3,Thicket Tinamou_sound\Thicket Tinamou15.mp3,Thicket Tinamou_sound,Thicket Tinamou,Thicket Tinamou15.mp3,798482,True,44100,2,1454772,32.988027210884354,MP3,MPEG_LAYER_III,f1105abc3aaaed3a2ee1e30cf37b8bbe29745f760885dc685e4c8b8838915cd6
D:\other\Bird\Dataset\CC0\Thicket Tinamou_sound\Thicket Tinamou14.mp3,Thicket Tinamou_sound\Thicket Tinamou14.mp3,Thicket Tinamou_sound,Thicket Tinamou,Thicket Tinamou14.mp3,798482,True,44100,2,1454772,32.988027210884354,MP3,MPEG_LAYER_III,f1105abc3aaaed3a2ee1e30cf37b8bbe29745f760885dc685e4c8b8838915cd6
D:\other\Bird\Dataset\CC0\Thicket Tinamou_sound\Thicket Tinamou13.mp3,Thicket Tinamou_sound\Thicket Tinamou13.mp3,Thicket Tinamou_sound,Thicket Tinamou,Thicket Tinamou13.mp3,798482,True,44100,2,1454772,32.988027210884354,MP3,MPEG_LAYER_III,f1105abc3aaaed3a2ee1e30cf37b8bbe29745f760885dc685e4c8b8838915cd6
D:\other\Bird\Dataset\CC0\Chilean Tinamou_sound\Chilean Tinamou13.mp3,Chilean Tinamou_sound\Chilean Tinamou13.mp3,Chilean Tinamou_sound,Chilean Tinamou,Chilean Tinamou13.mp3,24899,True,44100,1,137242,3.112063492063492,MP3,MPEG_LAYER_III,f36ff99e2bd24b1a8bd487353675a0ec62ff744465398861a8691ffef2b43a8c
D:\other\Bird\Dataset\CC0\Brushland Tinamou_sound\Brushland Tinamou2.mp3,Brushland Tinamou_sound\Brushland Tinamou2.mp3,Brushland Tinamou_sound,Brushland Tinamou,Brushland Tinamou2.mp3,24899,True,44100,1,137242,3.112063492063492,MP3,MPEG_LAYER_III,f36ff99e2bd24b1a8bd487353675a0ec62ff744465398861a8691ffef2b43a8c
D:\other\Bird\Dataset\CC0\Brushland Tinamou_sound\Brushland Tinamou3.mp3,Brushland Tinamou_sound\Brushland Tinamou3.mp3,Brushland Tinamou_sound,Brushland Tinamou,Brushland Tinamou3.mp3,24899,True,44100,1,137242,3.112063492063492,MP3,MPEG_LAYER_III,f36ff99e2bd24b1a8bd487353675a0ec62ff744465398861a8691ffef2b43a8c
D:\other\Bird\Dataset\CC0\Red-winged Tinamou_sound\Red-winged Tinamou27.mp3,Red-winged Tinamou_sound\Red-winged Tinamou27.mp3,Red-winged Tinamou_sound,Red-winged Tinamou,Red-winged Tinamou27.mp3,102218,True,44100,2,175808,3.986575963718821,MP3,MPEG_LAYER_III,f534d21e86cb1c718537382de5c55b1bff2f6ae632cff2676af534cd175ec0bf
D:\other\Bird\Dataset\CC0\Red-winged Tinamou_sound\Red-winged Tinamou28.mp3,Red-winged Tinamou_sound\Red-winged Tinamou28.mp3,Red-winged Tinamou_sound,Red-winged Tinamou,Red-winged Tinamou28.mp3,102218,True,44100,2,175808,3.986575963718821,MP3,MPEG_LAYER_III,f534d21e86cb1c718537382de5c55b1bff2f6ae632cff2676af534cd175ec0bf
D:\other\Bird\Dataset\CC0\Crested Guan_sound\Crested Guan2.mp3,Crested Guan_sound\Crested Guan2.mp3,Crested Guan_sound,Crested Guan,Crested Guan2.mp3,148257,True,44100,1,817186,18.530294784580498,MP3,MPEG_LAYER_III,f535a8b0d807da4143c15ee18d4e056cbf6f99d44c51e8b9464f2431ef18b730
D:\other\Bird\Dataset\CC0\Red-faced Guan_sound\Red-faced Guan25.mp3,Red-faced Guan_sound\Red-faced Guan25.mp3,Red-faced Guan_sound,Red-faced Guan,Red-faced Guan25.mp3,148257,True,44100,1,817186,18.530294784580498,MP3,MPEG_LAYER_III,f535a8b0d807da4143c15ee18d4e056cbf6f99d44c51e8b9464f2431ef18b730
D:\other\Bird\Dataset\CC0\Crested Guan_sound\Crested Guan3.mp3,Crested Guan_sound\Crested Guan3.mp3,Crested Guan_sound,Crested Guan,Crested Guan3.mp3,148257,True,44100,1,817186,18.530294784580498,MP3,MPEG_LAYER_III,f535a8b0d807da4143c15ee18d4e056cbf6f99d44c51e8b9464f2431ef18b730
D:\other\Bird\Dataset\CC0\Crested Guan_sound\Crested Guan4.mp3,Crested Guan_sound\Crested Guan4.mp3,Crested Guan_sound,Crested Guan,Crested Guan4.mp3,148257,True,44100,1,817186,18.530294784580498,MP3,MPEG_LAYER_III,f535a8b0d807da4143c15ee18d4e056cbf6f99d44c51e8b9464f2431ef18b730
D:\other\Bird\Dataset\CC0\Crested Guan_sound\Crested Guan5.mp3,Crested Guan_sound\Crested Guan5.mp3,Crested Guan_sound,Crested Guan,Crested Guan5.mp3,148257,True,44100,1,817186,18.530294784580498,MP3,MPEG_LAYER_III,f535a8b0d807da4143c15ee18d4e056cbf6f99d44c51e8b9464f2431ef18b730
D:\other\Bird\Dataset\CC0\Chestnut-winged Chachalaca_sound\Chestnut-winged Chachalaca7.mp3,Chestnut-winged Chachalaca_sound\Chestnut-winged Chachalaca7.mp3,Chestnut-winged Chachalaca_sound,Chestnut-winged Chachalaca,Chestnut-winged Chachalaca7.mp3,870549,True,48000,2,2595190,54.06645833333334,MP3,MPEG_LAYER_III,f5465e781287a6ecf3017c7ccb1eaa41d24345d513a89bcc8771575a0e7e3a5b
D:\other\Bird\Dataset\CC0\Chestnut-winged Chachalaca_sound\Chestnut-winged Chachalaca8.mp3,Chestnut-winged Chachalaca_sound\Chestnut-winged Chachalaca8.mp3,Chestnut-winged Chachalaca_sound,Chestnut-winged Chachalaca,Chestnut-winged Chachalaca8.mp3,870549,True,48000,2,2595190,54.06645833333334,MP3,MPEG_LAYER_III,f5465e781287a6ecf3017c7ccb1eaa41d24345d513a89bcc8771575a0e7e3a5b
D:\other\Bird\Dataset\CC0\Chestnut-winged Chachalaca_sound\Chestnut-winged Chachalaca2.mp3,Chestnut-winged Chachalaca_sound\Chestnut-winged Chachalaca2.mp3,Chestnut-winged Chachalaca_sound,Chestnut-winged Chachalaca,Chestnut-winged Chachalaca2.mp3,2506863,True,48000,2,5013726,104.452625,MP3,MPEG_LAYER_III,f5bc0dabc6399e0f8e26d8e3f2cc4a94cbacb3394e6357393a2505ee79d62457
D:\other\Bird\Dataset\CC0\Chestnut-winged Chachalaca_sound\Chestnut-winged Chachalaca3.mp3,Chestnut-winged Chachalaca_sound\Chestnut-winged Chachalaca3.mp3,Chestnut-winged Chachalaca_sound,Chestnut-winged Chachalaca,Chestnut-winged Chachalaca3.mp3,2506863,True,48000,2,5013726,104.452625,MP3,MPEG_LAYER_III,f5bc0dabc6399e0f8e26d8e3f2cc4a94cbacb3394e6357393a2505ee79d62457
D:\other\Bird\Dataset\CC0\Chestnut-winged Chachalaca_sound\Chestnut-winged Chachalaca4.mp3,Chestnut-winged Chachalaca_sound\Chestnut-winged Chachalaca4.mp3,Chestnut-winged Chachalaca_sound,Chestnut-winged Chachalaca,Chestnut-winged Chachalaca4.mp3,2506863,True,48000,2,5013726,104.452625,MP3,MPEG_LAYER_III,f5bc0dabc6399e0f8e26d8e3f2cc4a94cbacb3394e6357393a2505ee79d62457
D:\other\Bird\Dataset\CC0\Solitary Tinamou_sound\Solitary Tinamou15.mp3,Solitary Tinamou_sound\Solitary Tinamou15.mp3,Solitary Tinamou_sound,Solitary Tinamou,Solitary Tinamou15.mp3,480967,True,44100,1,1325183,30.049501133786848,MP3,MPEG_LAYER_III,f61c5fdda40daa59dcb2d767111ddb1c557def390567eaec59f88e5e8e898197
D:\other\Bird\Dataset\CC0\Solitary Tinamou_sound\Solitary Tinamou14.mp3,Solitary Tinamou_sound\Solitary Tinamou14.mp3,Solitary Tinamou_sound,Solitary Tinamou,Solitary Tinamou14.mp3,480967,True,44100,1,1325183,30.049501133786848,MP3,MPEG_LAYER_III,f61c5fdda40daa59dcb2d767111ddb1c557def390567eaec59f88e5e8e898197
D:\other\Bird\Dataset\CC0\Chaco Chachalaca_sound\Chaco Chachalaca13.mp3,Chaco Chachalaca_sound\Chaco Chachalaca13.mp3,Chaco Chachalaca_sound,Chaco Chachalaca,Chaco Chachalaca13.mp3,1944435,True,44100,1,5358825,121.51530612244898,MP3,MPEG_LAYER_III,f6e8621038db58b893c1c33c421c57b74a115d9346ca1de28ec5d4bb7ac24014
D:\other\Bird\Dataset\CC0\Chaco Chachalaca_sound\Chaco Chachalaca14.mp3,Chaco Chachalaca_sound\Chaco Chachalaca14.mp3,Chaco Chachalaca_sound,Chaco Chachalaca,Chaco Chachalaca14.mp3,1944435,True,44100,1,5358825,121.51530612244898,MP3,MPEG_LAYER_III,f6e8621038db58b893c1c33c421c57b74a115d9346ca1de28ec5d4bb7ac24014
D:\other\Bird\Dataset\CC0\Dusky Megapode_sound\Dusky Megapode25.mp3,Dusky Megapode_sound\Dusky Megapode25.mp3,Dusky Megapode_sound,Dusky Megapode,Dusky Megapode25.mp3,1079647,True,44100,1,2975486,67.47133786848073,MP3,MPEG_LAYER_III,f786cb33c74896a3b9d6dc035d403b77f115e50e0b2c418e8d61711afc44ef7e
D:\other\Bird\Dataset\CC0\Dusky Megapode_sound\Dusky Megapode24.mp3,Dusky Megapode_sound\Dusky Megapode24.mp3,Dusky Megapode_sound,Dusky Megapode,Dusky Megapode24.mp3,1079647,True,44100,1,2975486,67.47133786848073,MP3,MPEG_LAYER_III,f786cb33c74896a3b9d6dc035d403b77f115e50e0b2c418e8d61711afc44ef7e
D:\other\Bird\Dataset\CC0\Dusky Megapode_sound\Dusky Megapode22.mp3,Dusky Megapode_sound\Dusky Megapode22.mp3,Dusky Megapode_sound,Dusky Megapode,Dusky Megapode22.mp3,1079647,True,44100,1,2975486,67.47133786848073,MP3,MPEG_LAYER_III,f786cb33c74896a3b9d6dc035d403b77f115e50e0b2c418e8d61711afc44ef7e
D:\other\Bird\Dataset\CC0\Dusky Megapode_sound\Dusky Megapode23.mp3,Dusky Megapode_sound\Dusky Megapode23.mp3,Dusky Megapode_sound,Dusky Megapode,Dusky Megapode23.mp3,1079647,True,44100,1,2975486,67.47133786848073,MP3,MPEG_LAYER_III,f786cb33c74896a3b9d6dc035d403b77f115e50e0b2c418e8d61711afc44ef7e
D:\other\Bird\Dataset\CC0\Black-billed Brushturkey_sound\Black-billed Brushturkey20.mp3,Black-billed Brushturkey_sound\Black-billed Brushturkey20.mp3,Black-billed Brushturkey_sound,Black-billed Brushturkey,Black-billed Brushturkey20.mp3,1866797,True,44100,2,2057942,46.665351473922904,MP3,MPEG_LAYER_III,fa2f04e60a1f5c2ed99f281e5539dd6b1e37589a24ca1cac3bb2b65af48294a2
D:\other\Bird\Dataset\CC0\Black-billed Brushturkey_sound\Black-billed Brushturkey19.mp3,Black-billed Brushturkey_sound\Black-billed Brushturkey19.mp3,Black-billed Brushturkey_sound,Black-billed Brushturkey,Black-billed Brushturkey19.mp3,1866797,True,44100,2,2057942,46.665351473922904,MP3,MPEG_LAYER_III,fa2f04e60a1f5c2ed99f281e5539dd6b1e37589a24ca1cac3bb2b65af48294a2
D:\other\Bird\Dataset\CC0\New Guinea Scrubfowl_sound\New Guinea Scrubfowl6.mp3,New Guinea Scrubfowl_sound\New Guinea Scrubfowl6.mp3,New Guinea Scrubfowl_sound,New Guinea Scrubfowl,New Guinea Scrubfowl6.mp3,135168,True,44100,2,373413,8.467414965986395,MP3,MPEG_LAYER_III,fa96b4ba4f20b83c4ca35ac5b20ff6ebe20fd26096213ceb920a5138a7775888
D:\other\Bird\Dataset\CC0\New Guinea Scrubfowl_sound\New Guinea Scrubfowl2.mp3,New Guinea Scrubfowl_sound\New Guinea Scrubfowl2.mp3,New Guinea Scrubfowl_sound,New Guinea Scrubfowl,New Guinea Scrubfowl2.mp3,135168,True,44100,2,373413,8.467414965986395,MP3,MPEG_LAYER_III,fa96b4ba4f20b83c4ca35ac5b20ff6ebe20fd26096213ceb920a5138a7775888
D:\other\Bird\Dataset\CC0\New Guinea Scrubfowl_sound\New Guinea Scrubfowl3.mp3,New Guinea Scrubfowl_sound\New Guinea Scrubfowl3.mp3,New Guinea Scrubfowl_sound,New Guinea Scrubfowl,New Guinea Scrubfowl3.mp3,135168,True,44100,2,373413,8.467414965986395,MP3,MPEG_LAYER_III,fa96b4ba4f20b83c4ca35ac5b20ff6ebe20fd26096213ceb920a5138a7775888
D:\other\Bird\Dataset\CC0\New Guinea Scrubfowl_sound\New Guinea Scrubfowl4.mp3,New Guinea Scrubfowl_sound\New Guinea Scrubfowl4.mp3,New Guinea Scrubfowl_sound,New Guinea Scrubfowl,New Guinea Scrubfowl4.mp3,135168,True,44100,2,373413,8.467414965986395,MP3,MPEG_LAYER_III,fa96b4ba4f20b83c4ca35ac5b20ff6ebe20fd26096213ceb920a5138a7775888
D:\other\Bird\Dataset\CC0\New Guinea Scrubfowl_sound\New Guinea Scrubfowl5.mp3,New Guinea Scrubfowl_sound\New Guinea Scrubfowl5.mp3,New Guinea Scrubfowl_sound,New Guinea Scrubfowl,New Guinea Scrubfowl5.mp3,135168,True,44100,2,373413,8.467414965986395,MP3,MPEG_LAYER_III,fa96b4ba4f20b83c4ca35ac5b20ff6ebe20fd26096213ceb920a5138a7775888
D:\other\Bird\Dataset\CC0\New Guinea Scrubfowl_sound\New Guinea Scrubfowl7.mp3,New Guinea Scrubfowl_sound\New Guinea Scrubfowl7.mp3,New Guinea Scrubfowl_sound,New Guinea Scrubfowl,New Guinea Scrubfowl7.mp3,135168,True,44100,2,373413,8.467414965986395,MP3,MPEG_LAYER_III,fa96b4ba4f20b83c4ca35ac5b20ff6ebe20fd26096213ceb920a5138a7775888
D:\other\Bird\Dataset\CC0\Slaty-breasted Tinamou_sound\Slaty-breasted Tinamou26.mp3,Slaty-breasted Tinamou_sound\Slaty-breasted Tinamou26.mp3,Slaty-breasted Tinamou_sound,Slaty-breasted Tinamou,Slaty-breasted Tinamou26.mp3,279124,True,44100,1,1005037,22.789954648526077,MP3,MPEG_LAYER_III,fae6ee935ca2962123e8a47ca501be33572ef6cca558805d57dc0ba937b71dbe
D:\other\Bird\Dataset\CC0\Slaty-breasted Tinamou_sound\Slaty-breasted Tinamou27.mp3,Slaty-breasted Tinamou_sound\Slaty-breasted Tinamou27.mp3,Slaty-breasted Tinamou_sound,Slaty-breasted Tinamou,Slaty-breasted Tinamou27.mp3,279124,True,44100,1,1005037,22.789954648526077,MP3,MPEG_LAYER_III,fae6ee935ca2962123e8a47ca501be33572ef6cca558805d57dc0ba937b71dbe
D:\other\Bird\Dataset\CC0\Taczanowskis Tinamou_sound\Taczanowskis Tinamou5.mp3,Taczanowskis Tinamou_sound\Taczanowskis Tinamou5.mp3,Taczanowskis Tinamou_sound,Taczanowskis Tinamou,Taczanowskis Tinamou5.mp3,31620,True,48000,2,62984,1.3121666666666667,MP3,MPEG_LAYER_III,fb05484c047d68b7ddfe5ef9d5097c00521a5017a05705da407332edcb83bfbf
D:\other\Bird\Dataset\CC0\Taczanowskis Tinamou_sound\Taczanowskis Tinamou6.mp3,Taczanowskis Tinamou_sound\Taczanowskis Tinamou6.mp3,Taczanowskis Tinamou_sound,Taczanowskis Tinamou,Taczanowskis Tinamou6.mp3,31620,True,48000,2,62984,1.3121666666666667,MP3,MPEG_LAYER_III,fb05484c047d68b7ddfe5ef9d5097c00521a5017a05705da407332edcb83bfbf
D:\other\Bird\Dataset\CC0\Greater Rhea_sound\Greater Rhea20.mp3,Greater Rhea_sound\Greater Rhea20.mp3,Greater Rhea_sound,Greater Rhea,Greater Rhea20.mp3,278479,True,44100,2,751104,17.03183673469388,MP3,MPEG_LAYER_III,fb5cd55d1727ce71d501b300856cf7143853082fd648c128e49e30002198117c
D:\other\Bird\Dataset\CC0\Greater Rhea_sound\Greater Rhea19.mp3,Greater Rhea_sound\Greater Rhea19.mp3,Greater Rhea_sound,Greater Rhea,Greater Rhea19.mp3,278479,True,44100,2,751104,17.03183673469388,MP3,MPEG_LAYER_III,fb5cd55d1727ce71d501b300856cf7143853082fd648c128e49e30002198117c
D:\other\Bird\Dataset\CC0\Greater Rhea_sound\Greater Rhea18.mp3,Greater Rhea_sound\Greater Rhea18.mp3,Greater Rhea_sound,Greater Rhea,Greater Rhea18.mp3,278479,True,44100,2,751104,17.03183673469388,MP3,MPEG_LAYER_III,fb5cd55d1727ce71d501b300856cf7143853082fd648c128e49e30002198117c
D:\other\Bird\Dataset\CC0\Band-tailed Guan_sound\Band-tailed Guan3.mp3,Band-tailed Guan_sound\Band-tailed Guan3.mp3,Band-tailed Guan_sound,Band-tailed Guan,Band-tailed Guan3.mp3,256940,True,48000,2,770820,16.05875,MP3,MPEG_LAYER_III,fbcae4ead5d2eadb45db2ad90ea309f1fcf1598d6e9469f6a8c476d9307057be
D:\other\Bird\Dataset\CC0\Band-tailed Guan_sound\Band-tailed Guan4.mp3,Band-tailed Guan_sound\Band-tailed Guan4.mp3,Band-tailed Guan_sound,Band-tailed Guan,Band-tailed Guan4.mp3,256940,True,48000,2,770820,16.05875,MP3,MPEG_LAYER_III,fbcae4ead5d2eadb45db2ad90ea309f1fcf1598d6e9469f6a8c476d9307057be
D:\other\Bird\Dataset\CC0\Band-tailed Guan_sound\Band-tailed Guan5.mp3,Band-tailed Guan_sound\Band-tailed Guan5.mp3,Band-tailed Guan_sound,Band-tailed Guan,Band-tailed Guan5.mp3,256940,True,48000,2,770820,16.05875,MP3,MPEG_LAYER_III,fbcae4ead5d2eadb45db2ad90ea309f1fcf1598d6e9469f6a8c476d9307057be
D:\other\Bird\Dataset\CC0\Band-tailed Guan_sound\Band-tailed Guan6.mp3,Band-tailed Guan_sound\Band-tailed Guan6.mp3,Band-tailed Guan_sound,Band-tailed Guan,Band-tailed Guan6.mp3,256940,True,48000,2,770820,16.05875,MP3,MPEG_LAYER_III,fbcae4ead5d2eadb45db2ad90ea309f1fcf1598d6e9469f6a8c476d9307057be
D:\other\Bird\Dataset\CC0\Spixs Guan_sound\Spixs Guan4.mp3,Spixs Guan_sound\Spixs Guan4.mp3,Spixs Guan_sound,Spixs Guan,Spixs Guan4.mp3,51308,True,16000,1,205232,12.827,MP3,MPEG_LAYER_III,fbdf868722de19d59d39e67a4ad8bda1884a49d945f77867717a65e98462cdc9
D:\other\Bird\Dataset\CC0\Spixs Guan_sound\Spixs Guan2.mp3,Spixs Guan_sound\Spixs Guan2.mp3,Spixs Guan_sound,Spixs Guan,Spixs Guan2.mp3,51308,True,16000,1,205232,12.827,MP3,MPEG_LAYER_III,fbdf868722de19d59d39e67a4ad8bda1884a49d945f77867717a65e98462cdc9
D:\other\Bird\Dataset\CC0\Spixs Guan_sound\Spixs Guan3.mp3,Spixs Guan_sound\Spixs Guan3.mp3,Spixs Guan_sound,Spixs Guan,Spixs Guan3.mp3,51308,True,16000,1,205232,12.827,MP3,MPEG_LAYER_III,fbdf868722de19d59d39e67a4ad8bda1884a49d945f77867717a65e98462cdc9
D:\other\Bird\Dataset\CC0\Orange-footed Scrubfowl_sound\Orange-footed Scrubfowl26.mp3,Orange-footed Scrubfowl_sound\Orange-footed Scrubfowl26.mp3,Orange-footed Scrubfowl_sound,Orange-footed Scrubfowl,Orange-footed Scrubfowl26.mp3,5507510,True,44100,2,10134990,229.81836734693877,MP3,MPEG_LAYER_III,fcd80e6395e930728cdee86822965fecc80aa35ff615af1765879e24ba470420
D:\other\Bird\Dataset\CC0\Orange-footed Scrubfowl_sound\Orange-footed Scrubfowl25.mp3,Orange-footed Scrubfowl_sound\Orange-footed Scrubfowl25.mp3,Orange-footed Scrubfowl_sound,Orange-footed Scrubfowl,Orange-footed Scrubfowl25.mp3,5507510,True,44100,2,10134990,229.81836734693877,MP3,MPEG_LAYER_III,fcd80e6395e930728cdee86822965fecc80aa35ff615af1765879e24ba470420
D:\other\Bird\Dataset\CC0\Orange-footed Scrubfowl_sound\Orange-footed Scrubfowl21.mp3,Orange-footed Scrubfowl_sound\Orange-footed Scrubfowl21.mp3,Orange-footed Scrubfowl_sound,Orange-footed Scrubfowl,Orange-footed Scrubfowl21.mp3,5507510,True,44100,2,10134990,229.81836734693877,MP3,MPEG_LAYER_III,fcd80e6395e930728cdee86822965fecc80aa35ff615af1765879e24ba470420
D:\other\Bird\Dataset\CC0\Orange-footed Scrubfowl_sound\Orange-footed Scrubfowl20.mp3,Orange-footed Scrubfowl_sound\Orange-footed Scrubfowl20.mp3,Orange-footed Scrubfowl_sound,Orange-footed Scrubfowl,Orange-footed Scrubfowl20.mp3,5507510,True,44100,2,10134990,229.81836734693877,MP3,MPEG_LAYER_III,fcd80e6395e930728cdee86822965fecc80aa35ff615af1765879e24ba470420
D:\other\Bird\Dataset\CC0\Orange-footed Scrubfowl_sound\Orange-footed Scrubfowl24.mp3,Orange-footed Scrubfowl_sound\Orange-footed Scrubfowl24.mp3,Orange-footed Scrubfowl_sound,Orange-footed Scrubfowl,Orange-footed Scrubfowl24.mp3,5507510,True,44100,2,10134990,229.81836734693877,MP3,MPEG_LAYER_III,fcd80e6395e930728cdee86822965fecc80aa35ff615af1765879e24ba470420
D:\other\Bird\Dataset\CC0\Orange-footed Scrubfowl_sound\Orange-footed Scrubfowl23.mp3,Orange-footed Scrubfowl_sound\Orange-footed Scrubfowl23.mp3,Orange-footed Scrubfowl_sound,Orange-footed Scrubfowl,Orange-footed Scrubfowl23.mp3,5507510,True,44100,2,10134990,229.81836734693877,MP3,MPEG_LAYER_III,fcd80e6395e930728cdee86822965fecc80aa35ff615af1765879e24ba470420
D:\other\Bird\Dataset\CC0\Orange-footed Scrubfowl_sound\Orange-footed Scrubfowl17.mp3,Orange-footed Scrubfowl_sound\Orange-footed Scrubfowl17.mp3,Orange-footed Scrubfowl_sound,Orange-footed Scrubfowl,Orange-footed Scrubfowl17.mp3,5507510,True,44100,2,10134990,229.81836734693877,MP3,MPEG_LAYER_III,fcd80e6395e930728cdee86822965fecc80aa35ff615af1765879e24ba470420
D:\other\Bird\Dataset\CC0\Orange-footed Scrubfowl_sound\Orange-footed Scrubfowl18.mp3,Orange-footed Scrubfowl_sound\Orange-footed Scrubfowl18.mp3,Orange-footed Scrubfowl_sound,Orange-footed Scrubfowl,Orange-footed Scrubfowl18.mp3,5507510,True,44100,2,10134990,229.81836734693877,MP3,MPEG_LAYER_III,fcd80e6395e930728cdee86822965fecc80aa35ff615af1765879e24ba470420
D:\other\Bird\Dataset\CC0\Orange-footed Scrubfowl_sound\Orange-footed Scrubfowl22.mp3,Orange-footed Scrubfowl_sound\Orange-footed Scrubfowl22.mp3,Orange-footed Scrubfowl_sound,Orange-footed Scrubfowl,Orange-footed Scrubfowl22.mp3,5507510,True,44100,2,10134990,229.81836734693877,MP3,MPEG_LAYER_III,fcd80e6395e930728cdee86822965fecc80aa35ff615af1765879e24ba470420
D:\other\Bird\Dataset\CC0\Orange-footed Scrubfowl_sound\Orange-footed Scrubfowl19.mp3,Orange-footed Scrubfowl_sound\Orange-footed Scrubfowl19.mp3,Orange-footed Scrubfowl_sound,Orange-footed Scrubfowl,Orange-footed Scrubfowl19.mp3,5507510,True,44100,2,10134990,229.81836734693877,MP3,MPEG_LAYER_III,fcd80e6395e930728cdee86822965fecc80aa35ff615af1765879e24ba470420
D:\other\Bird\Dataset\CC0\Dusky-legged Guan_sound\Dusky-legged Guan18.mp3,Dusky-legged Guan_sound\Dusky-legged Guan18.mp3,Dusky-legged Guan_sound,Dusky-legged Guan,Dusky-legged Guan18.mp3,504418,True,44100,2,1310720,29.72154195011338,MP3,MPEG_LAYER_III,fd89cf9e765bd2eecee225954f7b47630287221d03fe1f73839e7030033b9c76
D:\other\Bird\Dataset\CC0\Dusky-legged Guan_sound\Dusky-legged Guan20.mp3,Dusky-legged Guan_sound\Dusky-legged Guan20.mp3,Dusky-legged Guan_sound,Dusky-legged Guan,Dusky-legged Guan20.mp3,504418,True,44100,2,1310720,29.72154195011338,MP3,MPEG_LAYER_III,fd89cf9e765bd2eecee225954f7b47630287221d03fe1f73839e7030033b9c76
D:\other\Bird\Dataset\CC0\Dusky-legged Guan_sound\Dusky-legged Guan19.mp3,Dusky-legged Guan_sound\Dusky-legged Guan19.mp3,Dusky-legged Guan_sound,Dusky-legged Guan,Dusky-legged Guan19.mp3,504418,True,44100,2,1310720,29.72154195011338,MP3,MPEG_LAYER_III,fd89cf9e765bd2eecee225954f7b47630287221d03fe1f73839e7030033b9c76
D:\other\Bird\Dataset\CC0\Andean Guan_sound\Andean Guan23.mp3,Andean Guan_sound\Andean Guan23.mp3,Andean Guan_sound,Andean Guan,Andean Guan23.mp3,280680,True,44100,1,1010409,22.91176870748299,MP3,MPEG_LAYER_III,fef79d2cd2e96ac601999bcdcc4a77d320dfafba75bd06cb31214c7b64abd023
D:\other\Bird\Dataset\CC0\Andean Guan_sound\Andean Guan22.mp3,Andean Guan_sound\Andean Guan22.mp3,Andean Guan_sound,Andean Guan,Andean Guan22.mp3,280680,True,44100,1,1010409,22.91176870748299,MP3,MPEG_LAYER_III,fef79d2cd2e96ac601999bcdcc4a77d320dfafba75bd06cb31214c7b64abd023
D:\other\Bird\Dataset\CC0\Andean Guan_sound\Andean Guan21.mp3,Andean Guan_sound\Andean Guan21.mp3,Andean Guan_sound,Andean Guan,Andean Guan21.mp3,280680,True,44100,1,1010409,22.91176870748299,MP3,MPEG_LAYER_III,fef79d2cd2e96ac601999bcdcc4a77d320dfafba75bd06cb31214c7b64abd023
D:\other\Bird\Dataset\CC0\Rufous-bellied Chachalaca_sound\Rufous-bellied Chachalaca2.mp3,Rufous-bellied Chachalaca_sound\Rufous-bellied Chachalaca2.mp3,Rufous-bellied Chachalaca_sound,Rufous-bellied Chachalaca,Rufous-bellied Chachalaca2.mp3,705085,True,44100,1,1297301,29.417256235827665,MP3,MPEG_LAYER_III,ff084900858b17f33b2f5c60710808273b2c92ebf17b060d598438e772497132
D:\other\Bird\Dataset\CC0\Rufous-headed Chachalaca_sound\Rufous-headed Chachalaca31.mp3,Rufous-headed Chachalaca_sound\Rufous-headed Chachalaca31.mp3,Rufous-headed Chachalaca_sound,Rufous-headed Chachalaca,Rufous-headed Chachalaca31.mp3,705085,True,44100,1,1297301,29.417256235827665,MP3,MPEG_LAYER_III,ff084900858b17f33b2f5c60710808273b2c92ebf17b060d598438e772497132
D:\other\Bird\Dataset\CC0\Rufous-bellied Chachalaca_sound\Rufous-bellied Chachalaca3.mp3,Rufous-bellied Chachalaca_sound\Rufous-bellied Chachalaca3.mp3,Rufous-bellied Chachalaca_sound,Rufous-bellied Chachalaca,Rufous-bellied Chachalaca3.mp3,705085,True,44100,1,1297301,29.417256235827665,MP3,MPEG_LAYER_III,ff084900858b17f33b2f5c60710808273b2c92ebf17b060d598438e772497132
D:\other\Bird\Dataset\CC0\Tataupa Tinamou_sound\Tataupa Tinamou28.mp3,Tataupa Tinamou_sound\Tataupa Tinamou28.mp3,Tataupa Tinamou_sound,Tataupa Tinamou,Tataupa Tinamou28.mp3,502981,True,48000,2,1005962,20.957541666666668,MP3,MPEG_LAYER_III,ff65eea7dcabc537c963da6df150c454231156bc282dcea53b6a017ded9d5335
D:\other\Bird\Dataset\CC0\Tataupa Tinamou_sound\Tataupa Tinamou29.mp3,Tataupa Tinamou_sound\Tataupa Tinamou29.mp3,Tataupa Tinamou_sound,Tataupa Tinamou,Tataupa Tinamou29.mp3,502981,True,48000,2,1005962,20.957541666666668,MP3,MPEG_LAYER_III,ff65eea7dcabc537c963da6df150c454231156bc282dcea53b6a017ded9d5335
