audio_path,relative_path,folder_name,common_name_folder,file_name,file_size_bytes,readable,samplerate,channels,frames,duration_sec,format,subtype,sha256
D:\other\Bird\Dataset\CC0\Andean Guan_sound\Andean Guan10.mp3,Andean Guan_sound\Andean Guan10.mp3,Andean Guan_sound,Andean Guan,Andean Guan10.mp3,126992,True,44100,1,349634,7.928208616780045,MP3,MPEG_LAYER_III,bd4487ca87857e6a9723c0f68a66ccf0244f0aa190a94922ff82ea293c725bea
D:\other\Bird\Dataset\CC0\Andean Guan_sound\Andean Guan11.mp3,Andean Guan_sound\Andean Guan11.mp3,Andean Guan_sound,Andean Guan,Andean Guan11.mp3,331353,True,44100,1,912849,20.69952380952381,MP3,MPEG_LAYER_III,15483bf88886351cfeeb408f41b691a0041cf608e0b3a1fbeaa4dfad1d5ff9f7
D:\other\Bird\Dataset\CC0\Andean Guan_sound\Andean Guan12.mp3,Andean Guan_sound\Andean Guan12.mp3,Andean Guan_sound,Andean Guan,Andean Guan12.mp3,254869,True,44100,1,702061,15.919750566893423,MP3,MPEG_LAYER_III,37b199382d32759f2e7a37b70bb53924d3a37f4eaccb3787e97389d9986d370e
D:\other\Bird\Dataset\CC0\Andean Guan_sound\Andean Guan13.mp3,Andean Guan_sound\Andean Guan13.mp3,Andean Guan_sound,Andean Guan,Andean Guan13.mp3,450904,True,44100,1,1242330,28.17074829931973,MP3,MPEG_LAYER_III,775446e6546c68833cbc2b7a6351e592a3af46e62d7f6089a361977bc461a46d
D:\other\Bird\Dataset\CC0\Andean Guan_sound\Andean Guan14.mp3,Andean Guan_sound\Andean Guan14.mp3,Andean Guan_sound,Andean Guan,Andean Guan14.mp3,369375,True,44100,1,1017637,23.075668934240362,MP3,MPEG_LAYER_III,99d465b5f4e6926458c9947ddd54bd77dd07facf017d5d34bfc1c6c7bb80784a
D:\other\Bird\Dataset\CC0\Andean Guan_sound\Andean Guan15.mp3,Andean Guan_sound\Andean Guan15.mp3,Andean Guan_sound,Andean Guan,Andean Guan15.mp3,369375,True,44100,1,1017637,23.075668934240362,MP3,MPEG_LAYER_III,99d465b5f4e6926458c9947ddd54bd77dd07facf017d5d34bfc1c6c7bb80784a
D:\other\Bird\Dataset\CC0\Andean Guan_sound\Andean Guan16.mp3,Andean Guan_sound\Andean Guan16.mp3,Andean Guan_sound,Andean Guan,Andean Guan16.mp3,1105781,True,44100,1,3047511,69.10455782312926,MP3,MPEG_LAYER_III,970e55364334e830c31c6872d859271d06b0f2b8b4a70fccbb7b5c5503b14133
D:\other\Bird\Dataset\CC0\Andean Guan_sound\Andean Guan17.mp3,Andean Guan_sound\Andean Guan17.mp3,Andean Guan_sound,Andean Guan,Andean Guan17.mp3,809362,True,44100,1,2230586,50.580181405895694,MP3,MPEG_LAYER_III,bb4bbbec5173e5f4a1690719bce26dc18cadbb3a747b5aa52c76de326bda0579
D:\other\Bird\Dataset\CC0\Andean Guan_sound\Andean Guan18.mp3,Andean Guan_sound\Andean Guan18.mp3,Andean Guan_sound,Andean Guan,Andean Guan18.mp3,707852,True,44100,1,1950826,44.23641723356009,MP3,MPEG_LAYER_III,575e9631adb8ec51f088e67bc16d2b8928fa867df55566ffcd5fe912eb2392bc
D:\other\Bird\Dataset\CC0\Andean Guan_sound\Andean Guan19.mp3,Andean Guan_sound\Andean Guan19.mp3,Andean Guan_sound,Andean Guan,Andean Guan19.mp3,406381,True,44100,1,1472593,33.39213151927438,MP3,MPEG_LAYER_III,6a202505e9f3a404faabd9253aed12e22debb3675956af6e6ba2880d14350a7c
D:\other\Bird\Dataset\CC0\Andean Guan_sound\Andean Guan2.mp3,Andean Guan_sound\Andean Guan2.mp3,Andean Guan_sound,Andean Guan,Andean Guan2.mp3,1950478,True,44100,2,3572975,81.01984126984127,MP3,MPEG_LAYER_III,6af1fac3964759e3b64094fddc93cbd458e35da91e4f37883159966fd009c418
D:\other\Bird\Dataset\CC0\Andean Guan_sound\Andean Guan20.mp3,Andean Guan_sound\Andean Guan20.mp3,Andean Guan_sound,Andean Guan,Andean Guan20.mp3,173787,True,44100,1,617478,14.001768707482993,MP3,MPEG_LAYER_III,8ca51c6c8def8b9173ead0a3ccc708b7ebadc0bfe270cd2b06bbbc23afb789da
D:\other\Bird\Dataset\CC0\Andean Guan_sound\Andean Guan21.mp3,Andean Guan_sound\Andean Guan21.mp3,Andean Guan_sound,Andean Guan,Andean Guan21.mp3,280680,True,44100,1,1010409,22.91176870748299,MP3,MPEG_LAYER_III,fef79d2cd2e96ac601999bcdcc4a77d320dfafba75bd06cb31214c7b64abd023
D:\other\Bird\Dataset\CC0\Andean Guan_sound\Andean Guan22.mp3,Andean Guan_sound\Andean Guan22.mp3,Andean Guan_sound,Andean Guan,Andean Guan22.mp3,280680,True,44100,1,1010409,22.91176870748299,MP3,MPEG_LAYER_III,fef79d2cd2e96ac601999bcdcc4a77d320dfafba75bd06cb31214c7b64abd023
D:\other\Bird\Dataset\CC0\Andean Guan_sound\Andean Guan23.mp3,Andean Guan_sound\Andean Guan23.mp3,Andean Guan_sound,Andean Guan,Andean Guan23.mp3,280680,True,44100,1,1010409,22.91176870748299,MP3,MPEG_LAYER_III,fef79d2cd2e96ac601999bcdcc4a77d320dfafba75bd06cb31214c7b64abd023
D:\other\Bird\Dataset\CC0\Andean Guan_sound\Andean Guan24.mp3,Andean Guan_sound\Andean Guan24.mp3,Andean Guan_sound,Andean Guan,Andean Guan24.mp3,1543696,True,44100,2,4474092,101.45333333333333,MP3,MPEG_LAYER_III,6345af0a45457bca621d614ac09cf40ce149cbcb5c21465db3b8f1028eb10f23
D:\other\Bird\Dataset\CC0\Andean Guan_sound\Andean Guan25.mp3,Andean Guan_sound\Andean Guan25.mp3,Andean Guan_sound,Andean Guan,Andean Guan25.mp3,2233971,True,44100,2,6472704,146.77333333333334,MP3,MPEG_LAYER_III,0d1315d9fadd7236c7c201069de880073b26770da361e93bc53574bedcad07bd
D:\other\Bird\Dataset\CC0\Andean Guan_sound\Andean Guan26.mp3,Andean Guan_sound\Andean Guan26.mp3,Andean Guan_sound,Andean Guan,Andean Guan26.mp3,948390,True,44100,2,2715972,61.586666666666666,MP3,MPEG_LAYER_III,27f861be9cff62f72adb0e3f620fb32c979160abe8b80a11d62be495288f60d5
D:\other\Bird\Dataset\CC0\Andean Guan_sound\Andean Guan27.mp3,Andean Guan_sound\Andean Guan27.mp3,Andean Guan_sound,Andean Guan,Andean Guan27.mp3,1672501,True,44100,1,4609380,104.52108843537415,MP3,MPEG_LAYER_III,2fc18402c3792ffbd326ca973207b888eacb08404f64ba35d0e4302fe874a65a
D:\other\Bird\Dataset\CC0\Andean Guan_sound\Andean Guan28.mp3,Andean Guan_sound\Andean Guan28.mp3,Andean Guan_sound,Andean Guan,Andean Guan28.mp3,495761,True,22050,1,674271,30.579183673469387,MP3,MPEG_LAYER_III,ab74a2e2331c00d1a46b551c0feb25751e1b9452cc83504a6f8830a9342a86a3
D:\other\Bird\Dataset\CC0\Andean Guan_sound\Andean Guan29.mp3,Andean Guan_sound\Andean Guan29.mp3,Andean Guan_sound,Andean Guan,Andean Guan29.mp3,495761,True,22050,1,674271,30.579183673469387,MP3,MPEG_LAYER_III,ab74a2e2331c00d1a46b551c0feb25751e1b9452cc83504a6f8830a9342a86a3
D:\other\Bird\Dataset\CC0\Andean Guan_sound\Andean Guan3.mp3,Andean Guan_sound\Andean Guan3.mp3,Andean Guan_sound,Andean Guan,Andean Guan3.mp3,1950478,True,44100,2,3572975,81.01984126984127,MP3,MPEG_LAYER_III,6af1fac3964759e3b64094fddc93cbd458e35da91e4f37883159966fd009c418
D:\other\Bird\Dataset\CC0\Andean Guan_sound\Andean Guan30.mp3,Andean Guan_sound\Andean Guan30.mp3,Andean Guan_sound,Andean Guan,Andean Guan30.mp3,495761,True,22050,1,674271,30.579183673469387,MP3,MPEG_LAYER_III,ab74a2e2331c00d1a46b551c0feb25751e1b9452cc83504a6f8830a9342a86a3
D:\other\Bird\Dataset\CC0\Andean Guan_sound\Andean Guan31.mp3,Andean Guan_sound\Andean Guan31.mp3,Andean Guan_sound,Andean Guan,Andean Guan31.mp3,66861,True,44100,1,370307,8.396984126984126,MP3,MPEG_LAYER_III,d363f8450c1a8da805f180287cd3ef999c4bcf6a4e045b4b25fccb5b2ed09d8e
D:\other\Bird\Dataset\CC0\Andean Guan_sound\Andean Guan4.mp3,Andean Guan_sound\Andean Guan4.mp3,Andean Guan_sound,Andean Guan,Andean Guan4.mp3,1950478,True,44100,2,3572975,81.01984126984127,MP3,MPEG_LAYER_III,6af1fac3964759e3b64094fddc93cbd458e35da91e4f37883159966fd009c418
D:\other\Bird\Dataset\CC0\Andean Guan_sound\Andean Guan5.mp3,Andean Guan_sound\Andean Guan5.mp3,Andean Guan_sound,Andean Guan,Andean Guan5.mp3,446069,True,44100,2,1229357,27.87657596371882,MP3,MPEG_LAYER_III,39c7e2ca3bf656fd35faf0fdb58e1de89b5c047f02129203fd49f87ad54ba22b
D:\other\Bird\Dataset\CC0\Andean Guan_sound\Andean Guan6.mp3,Andean Guan_sound\Andean Guan6.mp3,Andean Guan_sound,Andean Guan,Andean Guan6.mp3,446069,True,44100,2,1229357,27.87657596371882,MP3,MPEG_LAYER_III,39c7e2ca3bf656fd35faf0fdb58e1de89b5c047f02129203fd49f87ad54ba22b
D:\other\Bird\Dataset\CC0\Andean Guan_sound\Andean Guan7.mp3,Andean Guan_sound\Andean Guan7.mp3,Andean Guan_sound,Andean Guan,Andean Guan7.mp3,446069,True,44100,2,1229357,27.87657596371882,MP3,MPEG_LAYER_III,39c7e2ca3bf656fd35faf0fdb58e1de89b5c047f02129203fd49f87ad54ba22b
D:\other\Bird\Dataset\CC0\Andean Guan_sound\Andean Guan8.mp3,Andean Guan_sound\Andean Guan8.mp3,Andean Guan_sound,Andean Guan,Andean Guan8.mp3,734493,True,44100,2,2008623,45.547006802721086,MP3,MPEG_LAYER_III,c4b0c1a8e7557b107e95a369a160b8bae45be1700fea845cdd5801d01e43fc03
D:\other\Bird\Dataset\CC0\Andean Guan_sound\Andean Guan9.mp3,Andean Guan_sound\Andean Guan9.mp3,Andean Guan_sound,Andean Guan,Andean Guan9.mp3,165025,True,44100,1,454452,10.305034013605443,MP3,MPEG_LAYER_III,91ea98d86cf48907c6461883a95821d543698c0bc593e81c27b5c13b6d16dad6
D:\other\Bird\Dataset\CC0\Andean Tinamou_sound\Andean Tinamou10.mp3,Andean Tinamou_sound\Andean Tinamou10.mp3,Andean Tinamou_sound,Andean Tinamou,Andean Tinamou10.mp3,3099314,True,48000,1,6198372,129.13275,MP3,MPEG_LAYER_III,795c6c716f370ef5d68cd524ddc9c4d26672b0a96ab1e7f2a9566e87b89dce35
D:\other\Bird\Dataset\CC0\Andean Tinamou_sound\Andean Tinamou11.mp3,Andean Tinamou_sound\Andean Tinamou11.mp3,Andean Tinamou_sound,Andean Tinamou,Andean Tinamou11.mp3,3099314,True,48000,1,6198372,129.13275,MP3,MPEG_LAYER_III,795c6c716f370ef5d68cd524ddc9c4d26672b0a96ab1e7f2a9566e87b89dce35
D:\other\Bird\Dataset\CC0\Andean Tinamou_sound\Andean Tinamou12.mp3,Andean Tinamou_sound\Andean Tinamou12.mp3,Andean Tinamou_sound,Andean Tinamou,Andean Tinamou12.mp3,1125124,True,44100,1,4141031,93.90092970521542,MP3,MPEG_LAYER_III,af0b9027ab193f922368d5e196e68228c8cc39393d6c8a6e0e6bb1613fe1584b
D:\other\Bird\Dataset\CC0\Andean Tinamou_sound\Andean Tinamou13.mp3,Andean Tinamou_sound\Andean Tinamou13.mp3,Andean Tinamou_sound,Andean Tinamou,Andean Tinamou13.mp3,486854,True,44100,1,2683520,60.85079365079365,MP3,MPEG_LAYER_III,4f3a3130667382ac9fea338ee330f03202fff9b07500fc57c3552b1c273480c2
D:\other\Bird\Dataset\CC0\Andean Tinamou_sound\Andean Tinamou14.mp3,Andean Tinamou_sound\Andean Tinamou14.mp3,Andean Tinamou_sound,Andean Tinamou,Andean Tinamou14.mp3,486854,True,44100,1,2683520,60.85079365079365,MP3,MPEG_LAYER_III,4f3a3130667382ac9fea338ee330f03202fff9b07500fc57c3552b1c273480c2
D:\other\Bird\Dataset\CC0\Andean Tinamou_sound\Andean Tinamou15.mp3,Andean Tinamou_sound\Andean Tinamou15.mp3,Andean Tinamou_sound,Andean Tinamou,Andean Tinamou15.mp3,84621,True,44100,2,216584,4.911201814058957,MP3,MPEG_LAYER_III,c8232e3a0fcaf3989489aca93075f68ac2ad649ac017b0648b51adaee45c5b77
D:\other\Bird\Dataset\CC0\Andean Tinamou_sound\Andean Tinamou16.mp3,Andean Tinamou_sound\Andean Tinamou16.mp3,Andean Tinamou_sound,Andean Tinamou,Andean Tinamou16.mp3,84621,True,44100,2,216584,4.911201814058957,MP3,MPEG_LAYER_III,c8232e3a0fcaf3989489aca93075f68ac2ad649ac017b0648b51adaee45c5b77
D:\other\Bird\Dataset\CC0\Andean Tinamou_sound\Andean Tinamou17.mp3,Andean Tinamou_sound\Andean Tinamou17.mp3,Andean Tinamou_sound,Andean Tinamou,Andean Tinamou17.mp3,1083188,True,44100,1,2985245,67.69263038548753,MP3,MPEG_LAYER_III,44c21c7d8789689267c395bd1534c5dc7f8ad279293536e73d479eed60fc08af
D:\other\Bird\Dataset\CC0\Andean Tinamou_sound\Andean Tinamou18.mp3,Andean Tinamou_sound\Andean Tinamou18.mp3,Andean Tinamou_sound,Andean Tinamou,Andean Tinamou18.mp3,294136,True,44100,1,810280,18.37369614512472,MP3,MPEG_LAYER_III,91ee1f62894050a144f6d4ba05ebc50db542fb84a06f95b75a3221681d3afe2b
D:\other\Bird\Dataset\CC0\Andean Tinamou_sound\Andean Tinamou19.mp3,Andean Tinamou_sound\Andean Tinamou19.mp3,Andean Tinamou_sound,Andean Tinamou,Andean Tinamou19.mp3,294136,True,44100,1,810280,18.37369614512472,MP3,MPEG_LAYER_III,91ee1f62894050a144f6d4ba05ebc50db542fb84a06f95b75a3221681d3afe2b
D:\other\Bird\Dataset\CC0\Andean Tinamou_sound\Andean Tinamou2.mp3,Andean Tinamou_sound\Andean Tinamou2.mp3,Andean Tinamou_sound,Andean Tinamou,Andean Tinamou2.mp3,10964,True,16000,1,57792,3.612,MP3,MPEG_LAYER_III,a22a004a43db9c178cb5da35b416d8e02ac635f794971dd943faf4b84a5647e8
D:\other\Bird\Dataset\CC0\Andean Tinamou_sound\Andean Tinamou20.mp3,Andean Tinamou_sound\Andean Tinamou20.mp3,Andean Tinamou_sound,Andean Tinamou,Andean Tinamou20.mp3,640409,True,44100,1,1764954,40.021632653061225,MP3,MPEG_LAYER_III,df26de6b890a4b6377568cd6f6c2af40538bcd63b0fcc0e52bda54f00d3dec19
D:\other\Bird\Dataset\CC0\Andean Tinamou_sound\Andean Tinamou21.mp3,Andean Tinamou_sound\Andean Tinamou21.mp3,Andean Tinamou_sound,Andean Tinamou,Andean Tinamou21.mp3,136405,True,44100,1,375929,8.524467120181406,MP3,MPEG_LAYER_III,a1a723ed293d0c57d4a81767f2247eaf622e920d129da4f78094468a21720468
D:\other\Bird\Dataset\CC0\Andean Tinamou_sound\Andean Tinamou22.mp3,Andean Tinamou_sound\Andean Tinamou22.mp3,Andean Tinamou_sound,Andean Tinamou,Andean Tinamou22.mp3,122668,True,44100,1,338070,7.665986394557823,MP3,MPEG_LAYER_III,24afcce224d800ff7babb0cac993ae93b941a302be36dbcdbc8d4814959f1c5a
D:\other\Bird\Dataset\CC0\Andean Tinamou_sound\Andean Tinamou23.mp3,Andean Tinamou_sound\Andean Tinamou23.mp3,Andean Tinamou_sound,Andean Tinamou,Andean Tinamou23.mp3,111365,True,44100,1,306919,6.9596145124716555,MP3,MPEG_LAYER_III,08fd42b1ece200e431b3490a33b12b15997caa8aec7e468afa152d2f6c8f383d
D:\other\Bird\Dataset\CC0\Andean Tinamou_sound\Andean Tinamou24.mp3,Andean Tinamou_sound\Andean Tinamou24.mp3,Andean Tinamou_sound,Andean Tinamou,Andean Tinamou24.mp3,1213630,True,44100,1,3344741,75.8444671201814,MP3,MPEG_LAYER_III,60eccaeccbe29634f1ef4534fe16aa6366b8d6104c8a0c0c59f04392d3f97ebb
D:\other\Bird\Dataset\CC0\Andean Tinamou_sound\Andean Tinamou25.mp3,Andean Tinamou_sound\Andean Tinamou25.mp3,Andean Tinamou_sound,Andean Tinamou,Andean Tinamou25.mp3,258010,True,44100,1,711070,16.124036281179137,MP3,MPEG_LAYER_III,942b68f581e5bebb133ff4c5b1d2b4521854aa22a3c13700e8fbf134b6b83ed4
D:\other\Bird\Dataset\CC0\Andean Tinamou_sound\Andean Tinamou26.mp3,Andean Tinamou_sound\Andean Tinamou26.mp3,Andean Tinamou_sound,Andean Tinamou,Andean Tinamou26.mp3,258010,True,44100,1,711070,16.124036281179137,MP3,MPEG_LAYER_III,942b68f581e5bebb133ff4c5b1d2b4521854aa22a3c13700e8fbf134b6b83ed4
D:\other\Bird\Dataset\CC0\Andean Tinamou_sound\Andean Tinamou27.mp3,Andean Tinamou_sound\Andean Tinamou27.mp3,Andean Tinamou_sound,Andean Tinamou,Andean Tinamou27.mp3,84089,True,44100,1,231747,5.255034013605442,MP3,MPEG_LAYER_III,e8ac20db751974b2e3a90aa44afd68b78d8693a6eedd497fc9b12368fd1cced7
D:\other\Bird\Dataset\CC0\Andean Tinamou_sound\Andean Tinamou28.mp3,Andean Tinamou_sound\Andean Tinamou28.mp3,Andean Tinamou_sound,Andean Tinamou,Andean Tinamou28.mp3,100390,True,44100,1,276672,6.27374149659864,MP3,MPEG_LAYER_III,afe436c1c4722c92a4b8300e695885a8445a27fd4feb1c72a76a2d871b00d4b7
D:\other\Bird\Dataset\CC0\Andean Tinamou_sound\Andean Tinamou29.mp3,Andean Tinamou_sound\Andean Tinamou29.mp3,Andean Tinamou_sound,Andean Tinamou,Andean Tinamou29.mp3,100390,True,44100,1,276672,6.27374149659864,MP3,MPEG_LAYER_III,afe436c1c4722c92a4b8300e695885a8445a27fd4feb1c72a76a2d871b00d4b7
D:\other\Bird\Dataset\CC0\Andean Tinamou_sound\Andean Tinamou3.mp3,Andean Tinamou_sound\Andean Tinamou3.mp3,Andean Tinamou_sound,Andean Tinamou,Andean Tinamou3.mp3,60091,True,22050,1,189138,8.577687074829932,MP3,MPEG_LAYER_III,de1a9a2364c9ee7387481990d7680039d58343026894d4da50eb49c39f804afd
D:\other\Bird\Dataset\CC0\Andean Tinamou_sound\Andean Tinamou30.mp3,Andean Tinamou_sound\Andean Tinamou30.mp3,Andean Tinamou_sound,Andean Tinamou,Andean Tinamou30.mp3,746137,True,44100,1,2056339,46.629002267573696,MP3,MPEG_LAYER_III,5f16ac7aea8a13a12944a0a651f9b6751c72f899fa663b88c201317c29ca5b2c
D:\other\Bird\Dataset\CC0\Andean Tinamou_sound\Andean Tinamou31.mp3,Andean Tinamou_sound\Andean Tinamou31.mp3,Andean Tinamou_sound,Andean Tinamou,Andean Tinamou31.mp3,79507,True,44100,1,438239,9.937392290249432,MP3,MPEG_LAYER_III,b0c6ac46347ed21f0d0f0020aaa97e27cbca5bd69124adc513f34d9d97cb96bf
D:\other\Bird\Dataset\CC0\Andean Tinamou_sound\Andean Tinamou4.mp3,Andean Tinamou_sound\Andean Tinamou4.mp3,Andean Tinamou_sound,Andean Tinamou,Andean Tinamou4.mp3,76558,True,44100,1,210992,4.784399092970522,MP3,MPEG_LAYER_III,8bce844179909688b9608e8edc3e98f426a902b47be52cf661b184f4e4ed4d86
D:\other\Bird\Dataset\CC0\Andean Tinamou_sound\Andean Tinamou5.mp3,Andean Tinamou_sound\Andean Tinamou5.mp3,Andean Tinamou_sound,Andean Tinamou,Andean Tinamou5.mp3,76558,True,44100,1,210992,4.784399092970522,MP3,MPEG_LAYER_III,8bce844179909688b9608e8edc3e98f426a902b47be52cf661b184f4e4ed4d86
D:\other\Bird\Dataset\CC0\Andean Tinamou_sound\Andean Tinamou6.mp3,Andean Tinamou_sound\Andean Tinamou6.mp3,Andean Tinamou_sound,Andean Tinamou,Andean Tinamou6.mp3,140936,True,44100,2,372364,8.443628117913832,MP3,MPEG_LAYER_III,9fbaf2c558872d0b65adab27d851c82203dd5c2a4dbdcb38ccae6438c00eff22
D:\other\Bird\Dataset\CC0\Andean Tinamou_sound\Andean Tinamou7.mp3,Andean Tinamou_sound\Andean Tinamou7.mp3,Andean Tinamou_sound,Andean Tinamou,Andean Tinamou7.mp3,578330,True,44100,2,1062577,24.09471655328798,MP3,MPEG_LAYER_III,7219e794dc0f0ed19890a7af503ea0f78403bbcf96e66fbd11b177a1ad068cd2
D:\other\Bird\Dataset\CC0\Andean Tinamou_sound\Andean Tinamou8.mp3,Andean Tinamou_sound\Andean Tinamou8.mp3,Andean Tinamou_sound,Andean Tinamou,Andean Tinamou8.mp3,213369,True,44100,1,587688,13.32625850340136,MP3,MPEG_LAYER_III,e15e33a88814e91b7f5b4e438ac9ae7c745847a5c19da0cea64f7a412278f2dd
D:\other\Bird\Dataset\CC0\Andean Tinamou_sound\Andean Tinamou9.mp3,Andean Tinamou_sound\Andean Tinamou9.mp3,Andean Tinamou_sound,Andean Tinamou,Andean Tinamou9.mp3,303328,True,44100,1,835966,18.956145124716553,MP3,MPEG_LAYER_III,b596c8785e4d12ecc68eb735fc0cedd14b4f68a1ec33115d9bbd1e03a0047dd5
D:\other\Bird\Dataset\CC0\Australian Brushturkey_sound\Australian Brushturkey10.mp3,Australian Brushturkey_sound\Australian Brushturkey10.mp3,Australian Brushturkey_sound,Australian Brushturkey,Australian Brushturkey10.mp3,46211,True,48000,1,165053,3.4386041666666665,MP3,MPEG_LAYER_III,44c4a768f9e97176cd528704c011e32e7dd81e5aa3225b0ea9f134a4d8c5ab28
D:\other\Bird\Dataset\CC0\Australian Brushturkey_sound\Australian Brushturkey11.mp3,Australian Brushturkey_sound\Australian Brushturkey11.mp3,Australian Brushturkey_sound,Australian Brushturkey,Australian Brushturkey11.mp3,46211,True,48000,1,165053,3.4386041666666665,MP3,MPEG_LAYER_III,44c4a768f9e97176cd528704c011e32e7dd81e5aa3225b0ea9f134a4d8c5ab28
D:\other\Bird\Dataset\CC0\Australian Brushturkey_sound\Australian Brushturkey12.mp3,Australian Brushturkey_sound\Australian Brushturkey12.mp3,Australian Brushturkey_sound,Australian Brushturkey,Australian Brushturkey12.mp3,46211,True,48000,1,165053,3.4386041666666665,MP3,MPEG_LAYER_III,44c4a768f9e97176cd528704c011e32e7dd81e5aa3225b0ea9f134a4d8c5ab28
D:\other\Bird\Dataset\CC0\Australian Brushturkey_sound\Australian Brushturkey13.mp3,Australian Brushturkey_sound\Australian Brushturkey13.mp3,Australian Brushturkey_sound,Australian Brushturkey,Australian Brushturkey13.mp3,46211,True,48000,1,165053,3.4386041666666665,MP3,MPEG_LAYER_III,44c4a768f9e97176cd528704c011e32e7dd81e5aa3225b0ea9f134a4d8c5ab28
D:\other\Bird\Dataset\CC0\Australian Brushturkey_sound\Australian Brushturkey14.mp3,Australian Brushturkey_sound\Australian Brushturkey14.mp3,Australian Brushturkey_sound,Australian Brushturkey,Australian Brushturkey14.mp3,46211,True,48000,1,165053,3.4386041666666665,MP3,MPEG_LAYER_III,44c4a768f9e97176cd528704c011e32e7dd81e5aa3225b0ea9f134a4d8c5ab28
D:\other\Bird\Dataset\CC0\Australian Brushturkey_sound\Australian Brushturkey15.mp3,Australian Brushturkey_sound\Australian Brushturkey15.mp3,Australian Brushturkey_sound,Australian Brushturkey,Australian Brushturkey15.mp3,46211,True,48000,1,165053,3.4386041666666665,MP3,MPEG_LAYER_III,44c4a768f9e97176cd528704c011e32e7dd81e5aa3225b0ea9f134a4d8c5ab28
D:\other\Bird\Dataset\CC0\Australian Brushturkey_sound\Australian Brushturkey16.mp3,Australian Brushturkey_sound\Australian Brushturkey16.mp3,Australian Brushturkey_sound,Australian Brushturkey,Australian Brushturkey16.mp3,50734,True,44100,2,140157,3.1781632653061225,MP3,MPEG_LAYER_III,72180b664e160b54431576006d6a95fa96493ca30f3c6b424132556b898f5f19
D:\other\Bird\Dataset\CC0\Australian Brushturkey_sound\Australian Brushturkey17.mp3,Australian Brushturkey_sound\Australian Brushturkey17.mp3,Australian Brushturkey_sound,Australian Brushturkey,Australian Brushturkey17.mp3,69667,True,48000,1,250000,5.208333333333333,MP3,MPEG_LAYER_III,2d50e0c0925357a0f2b46efb77eefe07e5a49b67652db614207ef31b83ad23ff
D:\other\Bird\Dataset\CC0\Australian Brushturkey_sound\Australian Brushturkey18.mp3,Australian Brushturkey_sound\Australian Brushturkey18.mp3,Australian Brushturkey_sound,Australian Brushturkey,Australian Brushturkey18.mp3,28609,True,48000,1,94119,1.9608125,MP3,MPEG_LAYER_III,f050aedc27719376e55bf1cbd254308a5663fbf50937ac949b2c6c4a6aaf9a02
D:\other\Bird\Dataset\CC0\Australian Brushturkey_sound\Australian Brushturkey19.mp3,Australian Brushturkey_sound\Australian Brushturkey19.mp3,Australian Brushturkey_sound,Australian Brushturkey,Australian Brushturkey19.mp3,784317,True,48000,1,3084363,64.2575625,MP3,MPEG_LAYER_III,a41a1f0ce2bfd0cc9cdfde4e4bf5911a6a6d0df8c2189a3c4d1cd28c19b0e4f1
D:\other\Bird\Dataset\CC0\Australian Brushturkey_sound\Australian Brushturkey2.mp3,Australian Brushturkey_sound\Australian Brushturkey2.mp3,Australian Brushturkey_sound,Australian Brushturkey,Australian Brushturkey2.mp3,1121437,True,48000,2,1672115,34.83572916666667,MP3,MPEG_LAYER_III,8e9fda0df24d9559f3f495d7cabe5cfdd31c83ce9d70d428a23dc01408c8af24
D:\other\Bird\Dataset\CC0\Australian Brushturkey_sound\Australian Brushturkey20.mp3,Australian Brushturkey_sound\Australian Brushturkey20.mp3,Australian Brushturkey_sound,Australian Brushturkey,Australian Brushturkey20.mp3,82672,True,48000,1,308855,6.434479166666667,MP3,MPEG_LAYER_III,3d89f2c6f49502c293a20e47320c39e4483c8d4bedf675a4f6b87dc97ed0ab36
D:\other\Bird\Dataset\CC0\Australian Brushturkey_sound\Australian Brushturkey21.mp3,Australian Brushturkey_sound\Australian Brushturkey21.mp3,Australian Brushturkey_sound,Australian Brushturkey,Australian Brushturkey21.mp3,82672,True,48000,1,308855,6.434479166666667,MP3,MPEG_LAYER_III,3d89f2c6f49502c293a20e47320c39e4483c8d4bedf675a4f6b87dc97ed0ab36
D:\other\Bird\Dataset\CC0\Australian Brushturkey_sound\Australian Brushturkey22.mp3,Australian Brushturkey_sound\Australian Brushturkey22.mp3,Australian Brushturkey_sound,Australian Brushturkey,Australian Brushturkey22.mp3,147007,True,44100,2,270098,6.124671201814059,MP3,MPEG_LAYER_III,b04845b5b03daec88c18d7d0a59aa46b18c554a1dd3e9794aca584b0da7ff527
D:\other\Bird\Dataset\CC0\Australian Brushturkey_sound\Australian Brushturkey23.mp3,Australian Brushturkey_sound\Australian Brushturkey23.mp3,Australian Brushturkey_sound,Australian Brushturkey,Australian Brushturkey23.mp3,147007,True,44100,2,270098,6.124671201814059,MP3,MPEG_LAYER_III,b04845b5b03daec88c18d7d0a59aa46b18c554a1dd3e9794aca584b0da7ff527
D:\other\Bird\Dataset\CC0\Australian Brushturkey_sound\Australian Brushturkey24.mp3,Australian Brushturkey_sound\Australian Brushturkey24.mp3,Australian Brushturkey_sound,Australian Brushturkey,Australian Brushturkey24.mp3,877511,True,44100,2,2424203,54.970589569161,MP3,MPEG_LAYER_III,377a716db3cf83afac04ec67e211db80146c0a3b70bab2ee3225fcc18798c041
D:\other\Bird\Dataset\CC0\Australian Brushturkey_sound\Australian Brushturkey25.mp3,Australian Brushturkey_sound\Australian Brushturkey25.mp3,Australian Brushturkey_sound,Australian Brushturkey,Australian Brushturkey25.mp3,877511,True,44100,2,2424203,54.970589569161,MP3,MPEG_LAYER_III,377a716db3cf83afac04ec67e211db80146c0a3b70bab2ee3225fcc18798c041
D:\other\Bird\Dataset\CC0\Australian Brushturkey_sound\Australian Brushturkey26.mp3,Australian Brushturkey_sound\Australian Brushturkey26.mp3,Australian Brushturkey_sound,Australian Brushturkey,Australian Brushturkey26.mp3,584114,True,44100,2,1613667,36.59108843537415,MP3,MPEG_LAYER_III,c55dee1a9416f300a1ce4a4b04a53aea133b69c9bc80d404064b3acb4f2aec10
D:\other\Bird\Dataset\CC0\Australian Brushturkey_sound\Australian Brushturkey27.mp3,Australian Brushturkey_sound\Australian Brushturkey27.mp3,Australian Brushturkey_sound,Australian Brushturkey,Australian Brushturkey27.mp3,584114,True,44100,2,1613667,36.59108843537415,MP3,MPEG_LAYER_III,c55dee1a9416f300a1ce4a4b04a53aea133b69c9bc80d404064b3acb4f2aec10
D:\other\Bird\Dataset\CC0\Australian Brushturkey_sound\Australian Brushturkey28.mp3,Australian Brushturkey_sound\Australian Brushturkey28.mp3,Australian Brushturkey_sound,Australian Brushturkey,Australian Brushturkey28.mp3,516667,True,44100,1,1407372,31.913197278911564,MP3,MPEG_LAYER_III,1a84bdc6e4c744b0d2897db34d412690ec992b8bac7350281eeff4ae6d298d89
D:\other\Bird\Dataset\CC0\Australian Brushturkey_sound\Australian Brushturkey29.mp3,Australian Brushturkey_sound\Australian Brushturkey29.mp3,Australian Brushturkey_sound,Australian Brushturkey,Australian Brushturkey29.mp3,160198,True,44100,1,441502,10.011383219954649,MP3,MPEG_LAYER_III,3c70b8fbf0e8e8744950b6bc6c56d3323b6dcd6e110b94572429e1675e0f25f2
D:\other\Bird\Dataset\CC0\Australian Brushturkey_sound\Australian Brushturkey3.mp3,Australian Brushturkey_sound\Australian Brushturkey3.mp3,Australian Brushturkey_sound,Australian Brushturkey,Australian Brushturkey3.mp3,1121437,True,48000,2,1672115,34.83572916666667,MP3,MPEG_LAYER_III,8e9fda0df24d9559f3f495d7cabe5cfdd31c83ce9d70d428a23dc01408c8af24
D:\other\Bird\Dataset\CC0\Australian Brushturkey_sound\Australian Brushturkey4.mp3,Australian Brushturkey_sound\Australian Brushturkey4.mp3,Australian Brushturkey_sound,Australian Brushturkey,Australian Brushturkey4.mp3,418942,True,44100,2,1157364,26.24408163265306,MP3,MPEG_LAYER_III,93841158b99d4604204e5706ef594bd7c22c172004d707ded27db19761c43051
D:\other\Bird\Dataset\CC0\Australian Brushturkey_sound\Australian Brushturkey5.mp3,Australian Brushturkey_sound\Australian Brushturkey5.mp3,Australian Brushturkey_sound,Australian Brushturkey,Australian Brushturkey5.mp3,709567,True,48000,1,2794103,58.210479166666666,MP3,MPEG_LAYER_III,b20398ec8e379ef6914c2daed096cb3625736da7392ddc9c444a0a61fe6e4419
D:\other\Bird\Dataset\CC0\Australian Brushturkey_sound\Australian Brushturkey6.mp3,Australian Brushturkey_sound\Australian Brushturkey6.mp3,Australian Brushturkey_sound,Australian Brushturkey,Australian Brushturkey6.mp3,709567,True,48000,1,2794103,58.210479166666666,MP3,MPEG_LAYER_III,b20398ec8e379ef6914c2daed096cb3625736da7392ddc9c444a0a61fe6e4419
D:\other\Bird\Dataset\CC0\Australian Brushturkey_sound\Australian Brushturkey7.mp3,Australian Brushturkey_sound\Australian Brushturkey7.mp3,Australian Brushturkey_sound,Australian Brushturkey,Australian Brushturkey7.mp3,709567,True,48000,1,2794103,58.210479166666666,MP3,MPEG_LAYER_III,b20398ec8e379ef6914c2daed096cb3625736da7392ddc9c444a0a61fe6e4419
D:\other\Bird\Dataset\CC0\Australian Brushturkey_sound\Australian Brushturkey8.mp3,Australian Brushturkey_sound\Australian Brushturkey8.mp3,Australian Brushturkey_sound,Australian Brushturkey,Australian Brushturkey8.mp3,248768,True,48000,1,978190,20.378958333333333,MP3,MPEG_LAYER_III,a23f1c9d827e17d1514563b433b272af123c4c878a72463c79125c4becc04ed5
D:\other\Bird\Dataset\CC0\Australian Brushturkey_sound\Australian Brushturkey9.mp3,Australian Brushturkey_sound\Australian Brushturkey9.mp3,Australian Brushturkey_sound,Australian Brushturkey,Australian Brushturkey9.mp3,40012,True,48000,1,135092,2.814416666666667,MP3,MPEG_LAYER_III,4308fc3ab42b8e971aa931fefbc0ec21d048831597a3ca8a73586e56fdb126c9
D:\other\Bird\Dataset\CC0\Band-tailed Guan_sound\Band-tailed Guan10.mp3,Band-tailed Guan_sound\Band-tailed Guan10.mp3,Band-tailed Guan_sound,Band-tailed Guan,Band-tailed Guan10.mp3,2344098,True,44100,1,6460289,146.49181405895692,MP3,MPEG_LAYER_III,71c4ea47acc667a0026ef88d17d1b9f7b780de01e1172a942f1e670783eced1e
D:\other\Bird\Dataset\CC0\Band-tailed Guan_sound\Band-tailed Guan11.mp3,Band-tailed Guan_sound\Band-tailed Guan11.mp3,Band-tailed Guan_sound,Band-tailed Guan,Band-tailed Guan11.mp3,2344098,True,44100,1,6460289,146.49181405895692,MP3,MPEG_LAYER_III,71c4ea47acc667a0026ef88d17d1b9f7b780de01e1172a942f1e670783eced1e
D:\other\Bird\Dataset\CC0\Band-tailed Guan_sound\Band-tailed Guan12.mp3,Band-tailed Guan_sound\Band-tailed Guan12.mp3,Band-tailed Guan_sound,Band-tailed Guan,Band-tailed Guan12.mp3,451539,True,44100,1,1638659,37.15780045351474,MP3,MPEG_LAYER_III,2cca1d222db54171663da6e4a13edb5f683d207db047636f32f0dbd0c5d56592
D:\other\Bird\Dataset\CC0\Band-tailed Guan_sound\Band-tailed Guan13.mp3,Band-tailed Guan_sound\Band-tailed Guan13.mp3,Band-tailed Guan_sound,Band-tailed Guan,Band-tailed Guan13.mp3,500312,True,44100,1,1813193,41.11548752834467,MP3,MPEG_LAYER_III,e1265de62b3141116ad42045f3a73fb4fd951c1e1cb0b100a4b5e7dd3e400d76
D:\other\Bird\Dataset\CC0\Band-tailed Guan_sound\Band-tailed Guan14.mp3,Band-tailed Guan_sound\Band-tailed Guan14.mp3,Band-tailed Guan_sound,Band-tailed Guan,Band-tailed Guan14.mp3,501673,True,44100,1,1823195,41.342290249433105,MP3,MPEG_LAYER_III,009385926e2dc8f1012b973dbd470e10aaac5c362af2ee07128be7f115bc07c2
D:\other\Bird\Dataset\CC0\Band-tailed Guan_sound\Band-tailed Guan15.mp3,Band-tailed Guan_sound\Band-tailed Guan15.mp3,Band-tailed Guan_sound,Band-tailed Guan,Band-tailed Guan15.mp3,45897,True,44100,1,148462,3.366485260770975,MP3,MPEG_LAYER_III,efd7de4c6749e798a3ff1108ad1817ddf468529a3a300cfe8fe5f492337d6514
D:\other\Bird\Dataset\CC0\Band-tailed Guan_sound\Band-tailed Guan16.mp3,Band-tailed Guan_sound\Band-tailed Guan16.mp3,Band-tailed Guan_sound,Band-tailed Guan,Band-tailed Guan16.mp3,418395,True,44100,1,1515277,34.360022675736964,MP3,MPEG_LAYER_III,5b4dd2eec13c68858d2d032958c06eb68d94c759846f971218a230d699bdf118
D:\other\Bird\Dataset\CC0\Band-tailed Guan_sound\Band-tailed Guan17.mp3,Band-tailed Guan_sound\Band-tailed Guan17.mp3,Band-tailed Guan_sound,Band-tailed Guan,Band-tailed Guan17.mp3,521424,True,44100,1,1896123,42.995986394557825,MP3,MPEG_LAYER_III,e241eaa88203ed78f5629c07573d64e87d05932ccbb302d5677dbe0d875f4ffb
D:\other\Bird\Dataset\CC0\Band-tailed Guan_sound\Band-tailed Guan18.mp3,Band-tailed Guan_sound\Band-tailed Guan18.mp3,Band-tailed Guan_sound,Band-tailed Guan,Band-tailed Guan18.mp3,521424,True,44100,1,1896123,42.995986394557825,MP3,MPEG_LAYER_III,e241eaa88203ed78f5629c07573d64e87d05932ccbb302d5677dbe0d875f4ffb
D:\other\Bird\Dataset\CC0\Band-tailed Guan_sound\Band-tailed Guan19.mp3,Band-tailed Guan_sound\Band-tailed Guan19.mp3,Band-tailed Guan_sound,Band-tailed Guan,Band-tailed Guan19.mp3,453402,True,44100,1,2469600,56.0,MP3,MPEG_LAYER_III,230a8738222549d0432c131228bf47c55f1fd801c434c4fac57da274c16f4896
D:\other\Bird\Dataset\CC0\Band-tailed Guan_sound\Band-tailed Guan2.mp3,Band-tailed Guan_sound\Band-tailed Guan2.mp3,Band-tailed Guan_sound,Band-tailed Guan,Band-tailed Guan2.mp3,1141792,True,44100,2,3130613,70.98895691609977,MP3,MPEG_LAYER_III,5c5ecd374b82f56412d74e5e89654d7966ba16d4d270eb22ab7460667a9d21ea
D:\other\Bird\Dataset\CC0\Band-tailed Guan_sound\Band-tailed Guan20.mp3,Band-tailed Guan_sound\Band-tailed Guan20.mp3,Band-tailed Guan_sound,Band-tailed Guan,Band-tailed Guan20.mp3,2458532,True,48000,2,4917064,102.43883333333333,MP3,MPEG_LAYER_III,15a51592906811b976c24b4d57d71de16c0a5abea3504d7de7520179fc6f4475
D:\other\Bird\Dataset\CC0\Band-tailed Guan_sound\Band-tailed Guan21.mp3,Band-tailed Guan_sound\Band-tailed Guan21.mp3,Band-tailed Guan_sound,Band-tailed Guan,Band-tailed Guan21.mp3,485670,True,48000,2,971340,20.23625,MP3,MPEG_LAYER_III,79427d4e27104c7296fdb6d49ef2bd0fbc63558ad21ae20855506182c3b95285
D:\other\Bird\Dataset\CC0\Band-tailed Guan_sound\Band-tailed Guan22.mp3,Band-tailed Guan_sound\Band-tailed Guan22.mp3,Band-tailed Guan_sound,Band-tailed Guan,Band-tailed Guan22.mp3,1537134,True,44100,1,1696006,38.458185941043084,MP3,MPEG_LAYER_III,348cd808d5ba1982c93ad82badf47766d8221cd3b90350a9d7cccbb1e03a6c85
D:\other\Bird\Dataset\CC0\Band-tailed Guan_sound\Band-tailed Guan23.mp3,Band-tailed Guan_sound\Band-tailed Guan23.mp3,Band-tailed Guan_sound,Band-tailed Guan,Band-tailed Guan23.mp3,262655,True,44100,1,723872,16.414331065759637,MP3,MPEG_LAYER_III,8e0413932c2a5d7cba61a2fdc8c274b678200e5b15ff270c2153bb969be746d4
D:\other\Bird\Dataset\CC0\Band-tailed Guan_sound\Band-tailed Guan24.mp3,Band-tailed Guan_sound\Band-tailed Guan24.mp3,Band-tailed Guan_sound,Band-tailed Guan,Band-tailed Guan24.mp3,306938,True,44100,1,845915,19.18174603174603,MP3,MPEG_LAYER_III,10a01c896a2bd0fa34fa8f0124eca01916ee4599d7ebb0ba3115dd733d7ffca3
D:\other\Bird\Dataset\CC0\Band-tailed Guan_sound\Band-tailed Guan25.mp3,Band-tailed Guan_sound\Band-tailed Guan25.mp3,Band-tailed Guan_sound,Band-tailed Guan,Band-tailed Guan25.mp3,239602,True,44100,1,860102,19.50344671201814,MP3,MPEG_LAYER_III,933b7f77c0686b8da2b17db39a61a35a7ccd820a86ef2c907ac7a1cee42d6351
D:\other\Bird\Dataset\CC0\Band-tailed Guan_sound\Band-tailed Guan26.mp3,Band-tailed Guan_sound\Band-tailed Guan26.mp3,Band-tailed Guan_sound,Band-tailed Guan,Band-tailed Guan26.mp3,512612,True,44100,1,1857590,42.12222222222222,MP3,MPEG_LAYER_III,9edc94f019fb2e2bcc187e346e6ad6af1ae74661015283241ed946605f208e02
D:\other\Bird\Dataset\CC0\Band-tailed Guan_sound\Band-tailed Guan27.mp3,Band-tailed Guan_sound\Band-tailed Guan27.mp3,Band-tailed Guan_sound,Band-tailed Guan,Band-tailed Guan27.mp3,292274,True,44100,1,1053299,23.884331065759635,MP3,MPEG_LAYER_III,4cf37deca1910e08c3d9400d6f5598431a788af4fc03c7fece4f132ad558ac4c
D:\other\Bird\Dataset\CC0\Band-tailed Guan_sound\Band-tailed Guan28.mp3,Band-tailed Guan_sound\Band-tailed Guan28.mp3,Band-tailed Guan_sound,Band-tailed Guan,Band-tailed Guan28.mp3,115492,True,44100,1,403512,9.149931972789116,MP3,MPEG_LAYER_III,3d2d012aaa4e5940018524f2b15fb11f5238bdfa96f6f939ef340b0888c995ab
D:\other\Bird\Dataset\CC0\Band-tailed Guan_sound\Band-tailed Guan29.mp3,Band-tailed Guan_sound\Band-tailed Guan29.mp3,Band-tailed Guan_sound,Band-tailed Guan,Band-tailed Guan29.mp3,423327,True,44100,1,1534511,34.79616780045352,MP3,MPEG_LAYER_III,dd93b8d6b55643b8e0f4d2888d2bd734e7dbde95c373370d77c66662655441fd
D:\other\Bird\Dataset\CC0\Band-tailed Guan_sound\Band-tailed Guan3.mp3,Band-tailed Guan_sound\Band-tailed Guan3.mp3,Band-tailed Guan_sound,Band-tailed Guan,Band-tailed Guan3.mp3,256940,True,48000,2,770820,16.05875,MP3,MPEG_LAYER_III,fbcae4ead5d2eadb45db2ad90ea309f1fcf1598d6e9469f6a8c476d9307057be
D:\other\Bird\Dataset\CC0\Band-tailed Guan_sound\Band-tailed Guan30.mp3,Band-tailed Guan_sound\Band-tailed Guan30.mp3,Band-tailed Guan_sound,Band-tailed Guan,Band-tailed Guan30.mp3,423327,True,44100,1,1534511,34.79616780045352,MP3,MPEG_LAYER_III,dd93b8d6b55643b8e0f4d2888d2bd734e7dbde95c373370d77c66662655441fd
D:\other\Bird\Dataset\CC0\Band-tailed Guan_sound\Band-tailed Guan31.mp3,Band-tailed Guan_sound\Band-tailed Guan31.mp3,Band-tailed Guan_sound,Band-tailed Guan,Band-tailed Guan31.mp3,423327,True,44100,1,1534511,34.79616780045352,MP3,MPEG_LAYER_III,dd93b8d6b55643b8e0f4d2888d2bd734e7dbde95c373370d77c66662655441fd
D:\other\Bird\Dataset\CC0\Band-tailed Guan_sound\Band-tailed Guan4.mp3,Band-tailed Guan_sound\Band-tailed Guan4.mp3,Band-tailed Guan_sound,Band-tailed Guan,Band-tailed Guan4.mp3,256940,True,48000,2,770820,16.05875,MP3,MPEG_LAYER_III,fbcae4ead5d2eadb45db2ad90ea309f1fcf1598d6e9469f6a8c476d9307057be
D:\other\Bird\Dataset\CC0\Band-tailed Guan_sound\Band-tailed Guan5.mp3,Band-tailed Guan_sound\Band-tailed Guan5.mp3,Band-tailed Guan_sound,Band-tailed Guan,Band-tailed Guan5.mp3,256940,True,48000,2,770820,16.05875,MP3,MPEG_LAYER_III,fbcae4ead5d2eadb45db2ad90ea309f1fcf1598d6e9469f6a8c476d9307057be
D:\other\Bird\Dataset\CC0\Band-tailed Guan_sound\Band-tailed Guan6.mp3,Band-tailed Guan_sound\Band-tailed Guan6.mp3,Band-tailed Guan_sound,Band-tailed Guan,Band-tailed Guan6.mp3,256940,True,48000,2,770820,16.05875,MP3,MPEG_LAYER_III,fbcae4ead5d2eadb45db2ad90ea309f1fcf1598d6e9469f6a8c476d9307057be
D:\other\Bird\Dataset\CC0\Band-tailed Guan_sound\Band-tailed Guan7.mp3,Band-tailed Guan_sound\Band-tailed Guan7.mp3,Band-tailed Guan_sound,Band-tailed Guan,Band-tailed Guan7.mp3,2836863,True,44100,1,7818340,177.28662131519275,MP3,MPEG_LAYER_III,2fa14b207ac581017e38d2d033dd603dc847b452785b94608659c25ea4aca0ce
D:\other\Bird\Dataset\CC0\Band-tailed Guan_sound\Band-tailed Guan8.mp3,Band-tailed Guan_sound\Band-tailed Guan8.mp3,Band-tailed Guan_sound,Band-tailed Guan,Band-tailed Guan8.mp3,300685,True,44100,1,828682,18.79097505668934,MP3,MPEG_LAYER_III,edcb146fa0166664909c14f92fffbb35254cbd24cb476ef2f8a5ba63ee1f4320
D:\other\Bird\Dataset\CC0\Band-tailed Guan_sound\Band-tailed Guan9.mp3,Band-tailed Guan_sound\Band-tailed Guan9.mp3,Band-tailed Guan_sound,Band-tailed Guan,Band-tailed Guan9.mp3,1265753,True,44100,1,3488391,79.10183673469388,MP3,MPEG_LAYER_III,db329f744c82dffd5c9d9a7a8c1c39ef83ad16b5fb88adfe867e671fdbb275aa
D:\other\Bird\Dataset\CC0\Barred Tinamou_sound\Barred Tinamou2.mp3,Barred Tinamou_sound\Barred Tinamou2.mp3,Barred Tinamou_sound,Barred Tinamou,Barred Tinamou2.mp3,448846,True,48000,1,1511130,31.481875,MP3,MPEG_LAYER_III,4d19b67506128d42ede5d9905f65eb59033682a3621672de55b1ea0ad7158d2a
D:\other\Bird\Dataset\CC0\Barred Tinamou_sound\Barred Tinamou3.mp3,Barred Tinamou_sound\Barred Tinamou3.mp3,Barred Tinamou_sound,Barred Tinamou,Barred Tinamou3.mp3,302770,True,44100,1,1676880,38.02448979591837,MP3,MPEG_LAYER_III,0a701fcbd2807d48becb74ea53a648d849cec76588b7c74b4715b499e967cd08
D:\other\Bird\Dataset\CC0\Barred Tinamou_sound\Barred Tinamou4.mp3,Barred Tinamou_sound\Barred Tinamou4.mp3,Barred Tinamou_sound,Barred Tinamou,Barred Tinamou4.mp3,477074,True,48000,1,1608307,33.506395833333336,MP3,MPEG_LAYER_III,8cbce73fa87757c450c458b0cb1e50b6af9ca8accadcb83f8734f287d4b107e6
D:\other\Bird\Dataset\CC0\Bartletts Tinamou_sound\Bartletts Tinamou10.mp3,Bartletts Tinamou_sound\Bartletts Tinamou10.mp3,Bartletts Tinamou_sound,Bartletts Tinamou,Bartletts Tinamou10.mp3,2359971,True,48000,1,4719942,98.332125,MP3,MPEG_LAYER_III,a03373ff878b84c1d8107724f11002080350f964c9771928d5e66524a5c29071
D:\other\Bird\Dataset\CC0\Bartletts Tinamou_sound\Bartletts Tinamou11.mp3,Bartletts Tinamou_sound\Bartletts Tinamou11.mp3,Bartletts Tinamou_sound,Bartletts Tinamou,Bartletts Tinamou11.mp3,636067,True,48000,1,1272134,26.502791666666667,MP3,MPEG_LAYER_III,ab35d8f95c8080ead72cff2aad4f857ddff1b350a91f488657e039e0c19f7c8f
D:\other\Bird\Dataset\CC0\Bartletts Tinamou_sound\Bartletts Tinamou12.mp3,Bartletts Tinamou_sound\Bartletts Tinamou12.mp3,Bartletts Tinamou_sound,Bartletts Tinamou,Bartletts Tinamou12.mp3,2122027,True,44100,1,5832412,132.2542403628118,MP3,MPEG_LAYER_III,f2f6c4dca4cfdf0f126058ae3c4cd22b3f78784178ad2f2384ede16b1bea1e6f
D:\other\Bird\Dataset\CC0\Bartletts Tinamou_sound\Bartletts Tinamou13.mp3,Bartletts Tinamou_sound\Bartletts Tinamou13.mp3,Bartletts Tinamou_sound,Bartletts Tinamou,Bartletts Tinamou13.mp3,527802,True,16000,1,520884,32.55525,MP3,MPEG_LAYER_III,9c5ddbd3b48fb31bf1af00cbaa9c4cec8dd3a480add5089365c8421155f18a68
D:\other\Bird\Dataset\CC0\Bartletts Tinamou_sound\Bartletts Tinamou14.mp3,Bartletts Tinamou_sound\Bartletts Tinamou14.mp3,Bartletts Tinamou_sound,Bartletts Tinamou,Bartletts Tinamou14.mp3,1211519,True,16000,1,1204726,75.295375,MP3,MPEG_LAYER_III,8f339015ee6aa94d07ee7a6f7683ff82799c1c5fc92f0624f820a00b0d256fa0
D:\other\Bird\Dataset\CC0\Bartletts Tinamou_sound\Bartletts Tinamou15.mp3,Bartletts Tinamou_sound\Bartletts Tinamou15.mp3,Bartletts Tinamou_sound,Bartletts Tinamou,Bartletts Tinamou15.mp3,1211519,True,16000,1,1204726,75.295375,MP3,MPEG_LAYER_III,8f339015ee6aa94d07ee7a6f7683ff82799c1c5fc92f0624f820a00b0d256fa0
D:\other\Bird\Dataset\CC0\Bartletts Tinamou_sound\Bartletts Tinamou16.mp3,Bartletts Tinamou_sound\Bartletts Tinamou16.mp3,Bartletts Tinamou_sound,Bartletts Tinamou,Bartletts Tinamou16.mp3,1177251,True,44100,2,2162752,49.041995464852604,MP3,MPEG_LAYER_III,bd2bea09aa4d805ea3fa2c1c912072d176de6c6fe12145c7f0f47b65e70ea16b
D:\other\Bird\Dataset\CC0\Bartletts Tinamou_sound\Bartletts Tinamou17.mp3,Bartletts Tinamou_sound\Bartletts Tinamou17.mp3,Bartletts Tinamou_sound,Bartletts Tinamou,Bartletts Tinamou17.mp3,999199,True,44100,2,1835613,41.623877551020406,MP3,MPEG_LAYER_III,efa5597b40deb7fab9195b1b941d0eae0a216f122e77968de76c294cf176959e
D:\other\Bird\Dataset\CC0\Bartletts Tinamou_sound\Bartletts Tinamou18.mp3,Bartletts Tinamou_sound\Bartletts Tinamou18.mp3,Bartletts Tinamou_sound,Bartletts Tinamou,Bartletts Tinamou18.mp3,999199,True,44100,2,1835613,41.623877551020406,MP3,MPEG_LAYER_III,efa5597b40deb7fab9195b1b941d0eae0a216f122e77968de76c294cf176959e
D:\other\Bird\Dataset\CC0\Bartletts Tinamou_sound\Bartletts Tinamou19.mp3,Bartletts Tinamou_sound\Bartletts Tinamou19.mp3,Bartletts Tinamou_sound,Bartletts Tinamou,Bartletts Tinamou19.mp3,999199,True,44100,2,1835613,41.623877551020406,MP3,MPEG_LAYER_III,efa5597b40deb7fab9195b1b941d0eae0a216f122e77968de76c294cf176959e
D:\other\Bird\Dataset\CC0\Bartletts Tinamou_sound\Bartletts Tinamou2.mp3,Bartletts Tinamou_sound\Bartletts Tinamou2.mp3,Bartletts Tinamou_sound,Bartletts Tinamou,Bartletts Tinamou2.mp3,6392888,True,44100,1,17618676,399.516462585034,MP3,MPEG_LAYER_III,78e921172d75740d39544aa4e0417fc6d19e3a373800d10e5947f8d389953971
D:\other\Bird\Dataset\CC0\Bartletts Tinamou_sound\Bartletts Tinamou20.mp3,Bartletts Tinamou_sound\Bartletts Tinamou20.mp3,Bartletts Tinamou_sound,Bartletts Tinamou,Bartletts Tinamou20.mp3,999199,True,44100,2,1835613,41.623877551020406,MP3,MPEG_LAYER_III,efa5597b40deb7fab9195b1b941d0eae0a216f122e77968de76c294cf176959e
D:\other\Bird\Dataset\CC0\Bartletts Tinamou_sound\Bartletts Tinamou21.mp3,Bartletts Tinamou_sound\Bartletts Tinamou21.mp3,Bartletts Tinamou_sound,Bartletts Tinamou,Bartletts Tinamou21.mp3,649828,True,44100,1,1790560,40.602267573696146,MP3,MPEG_LAYER_III,b6f464e67f7f0659eeb152502df7f5b20671fd762cc884b5b9ee7ab09423ddab
D:\other\Bird\Dataset\CC0\Bartletts Tinamou_sound\Bartletts Tinamou22.mp3,Bartletts Tinamou_sound\Bartletts Tinamou22.mp3,Bartletts Tinamou_sound,Bartletts Tinamou,Bartletts Tinamou22.mp3,992379,True,32000,2,2630443,82.20134375,MP3,MPEG_LAYER_III,5daa470b8d4d8aca19457c02df8e53f125bb8905b79d19533a7ed76e40377ef0
D:\other\Bird\Dataset\CC0\Bartletts Tinamou_sound\Bartletts Tinamou23.mp3,Bartletts Tinamou_sound\Bartletts Tinamou23.mp3,Bartletts Tinamou_sound,Bartletts Tinamou,Bartletts Tinamou23.mp3,3069004,True,32000,2,8168349,255.26090625,MP3,MPEG_LAYER_III,dff9c0ce6a8fb4721b765e830ff44f4f95f58d89673fab2eda0751922bc37611
D:\other\Bird\Dataset\CC0\Bartletts Tinamou_sound\Bartletts Tinamou24.mp3,Bartletts Tinamou_sound\Bartletts Tinamou24.mp3,Bartletts Tinamou_sound,Bartletts Tinamou,Bartletts Tinamou24.mp3,1975615,True,44100,1,5444757,123.4638775510204,MP3,MPEG_LAYER_III,08ea30e8ab8e95cc5b28f7186dbadc46e1efdf30309b9bcd7ea8d7a9985cac96
D:\other\Bird\Dataset\CC0\Bartletts Tinamou_sound\Bartletts Tinamou25.mp3,Bartletts Tinamou_sound\Bartletts Tinamou25.mp3,Bartletts Tinamou_sound,Bartletts Tinamou,Bartletts Tinamou25.mp3,1975615,True,44100,1,5444757,123.4638775510204,MP3,MPEG_LAYER_III,08ea30e8ab8e95cc5b28f7186dbadc46e1efdf30309b9bcd7ea8d7a9985cac96
D:\other\Bird\Dataset\CC0\Bartletts Tinamou_sound\Bartletts Tinamou26.mp3,Bartletts Tinamou_sound\Bartletts Tinamou26.mp3,Bartletts Tinamou_sound,Bartletts Tinamou,Bartletts Tinamou26.mp3,373025,True,48000,1,1102158,22.961625,MP3,MPEG_LAYER_III,a1bcc82da8eae6a26679664ba9b5c3b8acb1677b9141b48cb929843ce382ce41
D:\other\Bird\Dataset\CC0\Bartletts Tinamou_sound\Bartletts Tinamou27.mp3,Bartletts Tinamou_sound\Bartletts Tinamou27.mp3,Bartletts Tinamou_sound,Bartletts Tinamou,Bartletts Tinamou27.mp3,1276400,True,44100,1,3517733,79.76718820861679,MP3,MPEG_LAYER_III,7e99e5e8006c2818cfe7662bcf0408e8e5105dc50bb3f05cde7c27c9a79d788d
D:\other\Bird\Dataset\CC0\Bartletts Tinamou_sound\Bartletts Tinamou28.mp3,Bartletts Tinamou_sound\Bartletts Tinamou28.mp3,Bartletts Tinamou_sound,Bartletts Tinamou,Bartletts Tinamou28.mp3,555669,True,44100,1,1022337,23.182244897959183,MP3,MPEG_LAYER_III,00e2352c4678a54b8dcc840082964c01c38f4e58a1c87a769256d1317f6454f4
D:\other\Bird\Dataset\CC0\Bartletts Tinamou_sound\Bartletts Tinamou29.mp3,Bartletts Tinamou_sound\Bartletts Tinamou29.mp3,Bartletts Tinamou_sound,Bartletts Tinamou,Bartletts Tinamou29.mp3,2041053,True,48000,1,16328424,340.1755,MP3,MPEG_LAYER_III,45ba20873d65346d5241f159f1ea420feb30fef5b8e4f819b81878c3319cdbed
D:\other\Bird\Dataset\CC0\Bartletts Tinamou_sound\Bartletts Tinamou3.mp3,Bartletts Tinamou_sound\Bartletts Tinamou3.mp3,Bartletts Tinamou_sound,Bartletts Tinamou,Bartletts Tinamou3.mp3,6392888,True,44100,1,17618676,399.516462585034,MP3,MPEG_LAYER_III,78e921172d75740d39544aa4e0417fc6d19e3a373800d10e5947f8d389953971
D:\other\Bird\Dataset\CC0\Bartletts Tinamou_sound\Bartletts Tinamou30.mp3,Bartletts Tinamou_sound\Bartletts Tinamou30.mp3,Bartletts Tinamou_sound,Bartletts Tinamou,Bartletts Tinamou30.mp3,743267,True,44100,1,2048429,46.44963718820862,MP3,MPEG_LAYER_III,7c769b59a6f02ae8a7929e3656b9b1f9d47436f8f33196fd5baa6c89cc2328dc
D:\other\Bird\Dataset\CC0\Bartletts Tinamou_sound\Bartletts Tinamou31.mp3,Bartletts Tinamou_sound\Bartletts Tinamou31.mp3,Bartletts Tinamou_sound,Bartletts Tinamou,Bartletts Tinamou31.mp3,933041,True,44100,1,2571443,58.30936507936508,MP3,MPEG_LAYER_III,bc34f950d8b4fb93294ed23646356e27e58d0bbb7fae3cd46922b762cd94df22
D:\other\Bird\Dataset\CC0\Bartletts Tinamou_sound\Bartletts Tinamou4.mp3,Bartletts Tinamou_sound\Bartletts Tinamou4.mp3,Bartletts Tinamou_sound,Bartletts Tinamou,Bartletts Tinamou4.mp3,6392888,True,44100,1,17618676,399.516462585034,MP3,MPEG_LAYER_III,78e921172d75740d39544aa4e0417fc6d19e3a373800d10e5947f8d389953971
D:\other\Bird\Dataset\CC0\Bartletts Tinamou_sound\Bartletts Tinamou5.mp3,Bartletts Tinamou_sound\Bartletts Tinamou5.mp3,Bartletts Tinamou_sound,Bartletts Tinamou,Bartletts Tinamou5.mp3,1375297,True,44100,1,3789939,85.93965986394558,MP3,MPEG_LAYER_III,295e235e944b3f7f2d879ea8ee4a9fd418bc6587b415f5d3580842052b563f2f
D:\other\Bird\Dataset\CC0\Bartletts Tinamou_sound\Bartletts Tinamou6.mp3,Bartletts Tinamou_sound\Bartletts Tinamou6.mp3,Bartletts Tinamou_sound,Bartletts Tinamou,Bartletts Tinamou6.mp3,636879,True,44100,1,1754873,39.79303854875283,MP3,MPEG_LAYER_III,f8a73de84f86d2fb0bfd57f665f27304a3f1d672c314040119084f8b4b9e1562
D:\other\Bird\Dataset\CC0\Bartletts Tinamou_sound\Bartletts Tinamou7.mp3,Bartletts Tinamou_sound\Bartletts Tinamou7.mp3,Bartletts Tinamou_sound,Bartletts Tinamou,Bartletts Tinamou7.mp3,1376234,True,48000,2,2752212,57.33775,MP3,MPEG_LAYER_III,6653b4e39792b7de6a10094484cb73bd3ae6b7a8a506f21f54d82b053cea6664
D:\other\Bird\Dataset\CC0\Bartletts Tinamou_sound\Bartletts Tinamou8.mp3,Bartletts Tinamou_sound\Bartletts Tinamou8.mp3,Bartletts Tinamou_sound,Bartletts Tinamou,Bartletts Tinamou8.mp3,374924,True,48000,1,1107174,23.066125,MP3,MPEG_LAYER_III,9c5037b4c257729a88a9f7921c57bd290ef1f9b51d0fed9855b04f1103b258cd
D:\other\Bird\Dataset\CC0\Bartletts Tinamou_sound\Bartletts Tinamou9.mp3,Bartletts Tinamou_sound\Bartletts Tinamou9.mp3,Bartletts Tinamou_sound,Bartletts Tinamou,Bartletts Tinamou9.mp3,1746692,True,48000,1,13973536,291.11533333333335,MP3,MPEG_LAYER_III,c97709fa08277e6c0c2dd66834fd586116e693f4c56396542b2e1a13abef05a2
D:\other\Bird\Dataset\CC0\Baudo Guan_sound\Baudo Guan10.mp3,Baudo Guan_sound\Baudo Guan10.mp3,Baudo Guan_sound,Baudo Guan,Baudo Guan10.mp3,713088,True,44100,2,2244473,50.89507936507937,MP3,MPEG_LAYER_III,38748a73d0b7756c775f1e728dbc7f196f1178f1328508b5f2112b38860ee9a8
D:\other\Bird\Dataset\CC0\Baudo Guan_sound\Baudo Guan11.mp3,Baudo Guan_sound\Baudo Guan11.mp3,Baudo Guan_sound,Baudo Guan,Baudo Guan11.mp3,713088,True,44100,2,2244473,50.89507936507937,MP3,MPEG_LAYER_III,38748a73d0b7756c775f1e728dbc7f196f1178f1328508b5f2112b38860ee9a8
D:\other\Bird\Dataset\CC0\Baudo Guan_sound\Baudo Guan12.mp3,Baudo Guan_sound\Baudo Guan12.mp3,Baudo Guan_sound,Baudo Guan,Baudo Guan12.mp3,572746,True,44100,2,1802741,40.87848072562358,MP3,MPEG_LAYER_III,bada488303f0e73fdbba4977133c88846a681f167bf3164ec06548aed78900a5
D:\other\Bird\Dataset\CC0\Baudo Guan_sound\Baudo Guan13.mp3,Baudo Guan_sound\Baudo Guan13.mp3,Baudo Guan_sound,Baudo Guan,Baudo Guan13.mp3,572746,True,44100,2,1802741,40.87848072562358,MP3,MPEG_LAYER_III,bada488303f0e73fdbba4977133c88846a681f167bf3164ec06548aed78900a5
D:\other\Bird\Dataset\CC0\Baudo Guan_sound\Baudo Guan14.mp3,Baudo Guan_sound\Baudo Guan14.mp3,Baudo Guan_sound,Baudo Guan,Baudo Guan14.mp3,572746,True,44100,2,1802741,40.87848072562358,MP3,MPEG_LAYER_III,bada488303f0e73fdbba4977133c88846a681f167bf3164ec06548aed78900a5
D:\other\Bird\Dataset\CC0\Baudo Guan_sound\Baudo Guan15.mp3,Baudo Guan_sound\Baudo Guan15.mp3,Baudo Guan_sound,Baudo Guan,Baudo Guan15.mp3,572746,True,44100,2,1802741,40.87848072562358,MP3,MPEG_LAYER_III,bada488303f0e73fdbba4977133c88846a681f167bf3164ec06548aed78900a5
D:\other\Bird\Dataset\CC0\Baudo Guan_sound\Baudo Guan2.mp3,Baudo Guan_sound\Baudo Guan2.mp3,Baudo Guan_sound,Baudo Guan,Baudo Guan2.mp3,856636,True,44100,2,1890507,42.868639455782315,MP3,MPEG_LAYER_III,dc20cb1c4a1afe8ca312cdadcd948868e8a9b6b76669fbd62564a7c9f0bf0231
D:\other\Bird\Dataset\CC0\Baudo Guan_sound\Baudo Guan3.mp3,Baudo Guan_sound\Baudo Guan3.mp3,Baudo Guan_sound,Baudo Guan,Baudo Guan3.mp3,273706,True,44100,1,753975,17.096938775510203,MP3,MPEG_LAYER_III,4aaefbbe1ed90c782206684760892a71a72ff67c90ca93ec07dd69cafb3969a7
D:\other\Bird\Dataset\CC0\Baudo Guan_sound\Baudo Guan4.mp3,Baudo Guan_sound\Baudo Guan4.mp3,Baudo Guan_sound,Baudo Guan,Baudo Guan4.mp3,815873,True,44100,1,2248177,50.97907029478458,MP3,MPEG_LAYER_III,0d8c8e235def89bf93513cd9494a1e5a17dec0ba7785a44e95ab784de9972caf
D:\other\Bird\Dataset\CC0\Baudo Guan_sound\Baudo Guan5.mp3,Baudo Guan_sound\Baudo Guan5.mp3,Baudo Guan_sound,Baudo Guan,Baudo Guan5.mp3,387446,True,44100,1,1067440,24.20498866213152,MP3,MPEG_LAYER_III,6bd1baeb2fd3510d4291e9fbd45cdd7dbd27706ec94918ba3431cb3bfdbf7e47
D:\other\Bird\Dataset\CC0\Baudo Guan_sound\Baudo Guan6.mp3,Baudo Guan_sound\Baudo Guan6.mp3,Baudo Guan_sound,Baudo Guan,Baudo Guan6.mp3,629089,True,44100,1,1733404,39.30621315192744,MP3,MPEG_LAYER_III,c4b1556504fa07a02465d546b73172b696aa65f772f18479ca3802294d7217a2
D:\other\Bird\Dataset\CC0\Baudo Guan_sound\Baudo Guan7.mp3,Baudo Guan_sound\Baudo Guan7.mp3,Baudo Guan_sound,Baudo Guan,Baudo Guan7.mp3,254152,True,44100,1,700085,15.874943310657596,MP3,MPEG_LAYER_III,4e8a3ce0e1df8c356be7472fbee44ff0ad0b3681c7bcbbc15fc1ff9f7d8ed1aa
D:\other\Bird\Dataset\CC0\Baudo Guan_sound\Baudo Guan8.mp3,Baudo Guan_sound\Baudo Guan8.mp3,Baudo Guan_sound,Baudo Guan,Baudo Guan8.mp3,307162,True,44100,1,846179,19.187732426303853,MP3,MPEG_LAYER_III,2806c2891d937098af3545ccadfdd67f3923ee79b1079409dbc0471d07bd759e
D:\other\Bird\Dataset\CC0\Baudo Guan_sound\Baudo Guan9.mp3,Baudo Guan_sound\Baudo Guan9.mp3,Baudo Guan_sound,Baudo Guan,Baudo Guan9.mp3,524916,True,44100,1,1446305,32.796031746031744,MP3,MPEG_LAYER_III,35c47a1e737b8ade91c1698c60ca4af4279cff5a215f800a87492c52f8cc9377
D:\other\Bird\Dataset\CC0\Bearded Guan_sound\Bearded Guan10.mp3,Bearded Guan_sound\Bearded Guan10.mp3,Bearded Guan_sound,Bearded Guan,Bearded Guan10.mp3,512817,True,44100,1,2825922,64.07986394557823,MP3,MPEG_LAYER_III,797b5f00f38bed7357a67d15cc2426f524470fd26575b7fdfe90b5c9c6cf8038
D:\other\Bird\Dataset\CC0\Bearded Guan_sound\Bearded Guan11.mp3,Bearded Guan_sound\Bearded Guan11.mp3,Bearded Guan_sound,Bearded Guan,Bearded Guan11.mp3,512817,True,44100,1,2825922,64.07986394557823,MP3,MPEG_LAYER_III,797b5f00f38bed7357a67d15cc2426f524470fd26575b7fdfe90b5c9c6cf8038
D:\other\Bird\Dataset\CC0\Bearded Guan_sound\Bearded Guan12.mp3,Bearded Guan_sound\Bearded Guan12.mp3,Bearded Guan_sound,Bearded Guan,Bearded Guan12.mp3,512817,True,44100,1,2825922,64.07986394557823,MP3,MPEG_LAYER_III,797b5f00f38bed7357a67d15cc2426f524470fd26575b7fdfe90b5c9c6cf8038
D:\other\Bird\Dataset\CC0\Bearded Guan_sound\Bearded Guan13.mp3,Bearded Guan_sound\Bearded Guan13.mp3,Bearded Guan_sound,Bearded Guan,Bearded Guan13.mp3,512817,True,44100,1,2825922,64.07986394557823,MP3,MPEG_LAYER_III,797b5f00f38bed7357a67d15cc2426f524470fd26575b7fdfe90b5c9c6cf8038
D:\other\Bird\Dataset\CC0\Bearded Guan_sound\Bearded Guan14.mp3,Bearded Guan_sound\Bearded Guan14.mp3,Bearded Guan_sound,Bearded Guan,Bearded Guan14.mp3,512817,True,44100,1,2825922,64.07986394557823,MP3,MPEG_LAYER_III,797b5f00f38bed7357a67d15cc2426f524470fd26575b7fdfe90b5c9c6cf8038
D:\other\Bird\Dataset\CC0\Bearded Guan_sound\Bearded Guan15.mp3,Bearded Guan_sound\Bearded Guan15.mp3,Bearded Guan_sound,Bearded Guan,Bearded Guan15.mp3,512817,True,44100,1,2825922,64.07986394557823,MP3,MPEG_LAYER_III,797b5f00f38bed7357a67d15cc2426f524470fd26575b7fdfe90b5c9c6cf8038
D:\other\Bird\Dataset\CC0\Bearded Guan_sound\Bearded Guan16.mp3,Bearded Guan_sound\Bearded Guan16.mp3,Bearded Guan_sound,Bearded Guan,Bearded Guan16.mp3,366778,True,48000,1,1100334,22.923625,MP3,MPEG_LAYER_III,67297db60c1a247589205ebf849e02f8b86103d6cb5ab5e0bc39f2247fd48fdc
D:\other\Bird\Dataset\CC0\Bearded Guan_sound\Bearded Guan17.mp3,Bearded Guan_sound\Bearded Guan17.mp3,Bearded Guan_sound,Bearded Guan,Bearded Guan17.mp3,653324,True,44100,1,2404566,54.52530612244898,MP3,MPEG_LAYER_III,942f2787caa663ae88039638f828d5c54fbddc71c51b3753380b73d20fc71a5e
D:\other\Bird\Dataset\CC0\Bearded Guan_sound\Bearded Guan18.mp3,Bearded Guan_sound\Bearded Guan18.mp3,Bearded Guan_sound,Bearded Guan,Bearded Guan18.mp3,322818,True,44100,1,1188135,26.941836734693876,MP3,MPEG_LAYER_III,4a7d7aecb2d9bb089be289abaaad7a22088b9011f7028bc40d03bdfbffc2ad36
D:\other\Bird\Dataset\CC0\Bearded Guan_sound\Bearded Guan19.mp3,Bearded Guan_sound\Bearded Guan19.mp3,Bearded Guan_sound,Bearded Guan,Bearded Guan19.mp3,412273,True,44100,1,1517375,34.407596371882086,MP3,MPEG_LAYER_III,29406932bccd02d589b307eb3bdd54d97a68490b269d1c207851f8738a31d7e6
D:\other\Bird\Dataset\CC0\Bearded Guan_sound\Bearded Guan2.mp3,Bearded Guan_sound\Bearded Guan2.mp3,Bearded Guan_sound,Bearded Guan,Bearded Guan2.mp3,423327,True,44100,1,1534511,34.79616780045352,MP3,MPEG_LAYER_III,dd93b8d6b55643b8e0f4d2888d2bd734e7dbde95c373370d77c66662655441fd
D:\other\Bird\Dataset\CC0\Bearded Guan_sound\Bearded Guan20.mp3,Bearded Guan_sound\Bearded Guan20.mp3,Bearded Guan_sound,Bearded Guan,Bearded Guan20.mp3,349137,True,44100,1,962214,21.81891156462585,MP3,MPEG_LAYER_III,a65b9d1d3b6a7a86c9fd1d75dd11531f383c19a6e91f833f8d1eb5bb229c7970
D:\other\Bird\Dataset\CC0\Bearded Guan_sound\Bearded Guan21.mp3,Bearded Guan_sound\Bearded Guan21.mp3,Bearded Guan_sound,Bearded Guan,Bearded Guan21.mp3,349137,True,44100,1,962214,21.81891156462585,MP3,MPEG_LAYER_III,a65b9d1d3b6a7a86c9fd1d75dd11531f383c19a6e91f833f8d1eb5bb229c7970
D:\other\Bird\Dataset\CC0\Bearded Guan_sound\Bearded Guan22.mp3,Bearded Guan_sound\Bearded Guan22.mp3,Bearded Guan_sound,Bearded Guan,Bearded Guan22.mp3,1131660,True,44100,1,3118833,70.72183673469388,MP3,MPEG_LAYER_III,f556db4369aff74e70b070ac2c04683d925049dd27c40c73c8b8942045093d0c
D:\other\Bird\Dataset\CC0\Bearded Guan_sound\Bearded Guan23.mp3,Bearded Guan_sound\Bearded Guan23.mp3,Bearded Guan_sound,Bearded Guan,Bearded Guan23.mp3,400868,True,44100,1,1476468,33.48,MP3,MPEG_LAYER_III,b01aec571bd3de7d25d878e75d454782cac3ef1fdcf90755d04d58f6f8e4aba7
D:\other\Bird\Dataset\CC0\Bearded Guan_sound\Bearded Guan24.mp3,Bearded Guan_sound\Bearded Guan24.mp3,Bearded Guan_sound,Bearded Guan,Bearded Guan24.mp3,418271,True,44100,1,1530323,34.701201814058955,MP3,MPEG_LAYER_III,0dc78ce3fbbfb56482217abb85652eb2da887244700dc0bedcd9c65cb7c9c4c6
D:\other\Bird\Dataset\CC0\Bearded Guan_sound\Bearded Guan25.mp3,Bearded Guan_sound\Bearded Guan25.mp3,Bearded Guan_sound,Bearded Guan,Bearded Guan25.mp3,418271,True,44100,1,1530323,34.701201814058955,MP3,MPEG_LAYER_III,0dc78ce3fbbfb56482217abb85652eb2da887244700dc0bedcd9c65cb7c9c4c6
D:\other\Bird\Dataset\CC0\Bearded Guan_sound\Bearded Guan26.mp3,Bearded Guan_sound\Bearded Guan26.mp3,Bearded Guan_sound,Bearded Guan,Bearded Guan26.mp3,27141,True,22050,1,150319,6.81718820861678,MP3,MPEG_LAYER_III,f0cd573b34f2d82e12bb7d3d8d471b0be5ec3319e4582e709b07c6bbb1d9c4c2
D:\other\Bird\Dataset\CC0\Bearded Guan_sound\Bearded Guan27.mp3,Bearded Guan_sound\Bearded Guan27.mp3,Bearded Guan_sound,Bearded Guan,Bearded Guan27.mp3,228749,True,44100,1,630427,14.295396825396825,MP3,MPEG_LAYER_III,63823bca85fa1034af7a31543c1dfbd156b46556c6ea6e714ac9f312f919cf3b
D:\other\Bird\Dataset\CC0\Bearded Guan_sound\Bearded Guan28.mp3,Bearded Guan_sound\Bearded Guan28.mp3,Bearded Guan_sound,Bearded Guan,Bearded Guan28.mp3,856636,True,44100,2,1890507,42.868639455782315,MP3,MPEG_LAYER_III,dc20cb1c4a1afe8ca312cdadcd948868e8a9b6b76669fbd62564a7c9f0bf0231
D:\other\Bird\Dataset\CC0\Bearded Guan_sound\Bearded Guan3.mp3,Bearded Guan_sound\Bearded Guan3.mp3,Bearded Guan_sound,Bearded Guan,Bearded Guan3.mp3,423327,True,44100,1,1534511,34.79616780045352,MP3,MPEG_LAYER_III,dd93b8d6b55643b8e0f4d2888d2bd734e7dbde95c373370d77c66662655441fd
D:\other\Bird\Dataset\CC0\Bearded Guan_sound\Bearded Guan4.mp3,Bearded Guan_sound\Bearded Guan4.mp3,Bearded Guan_sound,Bearded Guan,Bearded Guan4.mp3,423327,True,44100,1,1534511,34.79616780045352,MP3,MPEG_LAYER_III,dd93b8d6b55643b8e0f4d2888d2bd734e7dbde95c373370d77c66662655441fd
D:\other\Bird\Dataset\CC0\Bearded Guan_sound\Bearded Guan5.mp3,Bearded Guan_sound\Bearded Guan5.mp3,Bearded Guan_sound,Bearded Guan,Bearded Guan5.mp3,152739,True,44100,1,420592,9.537233560090703,MP3,MPEG_LAYER_III,c03e1fcbbe3fb1f2a95a6e019a57347f976a1bcc085340fd185a3b1ce58d5168
D:\other\Bird\Dataset\CC0\Bearded Guan_sound\Bearded Guan6.mp3,Bearded Guan_sound\Bearded Guan6.mp3,Bearded Guan_sound,Bearded Guan,Bearded Guan6.mp3,400694,True,44100,1,1103952,25.032925170068026,MP3,MPEG_LAYER_III,635cf48fedc0b6a1fe67f1ac6daa6bbdbfd7b0217541ebda0617a10a09053c4c
D:\other\Bird\Dataset\CC0\Bearded Guan_sound\Bearded Guan7.mp3,Bearded Guan_sound\Bearded Guan7.mp3,Bearded Guan_sound,Bearded Guan,Bearded Guan7.mp3,5020710,True,44100,1,13836980,313.7637188208617,MP3,MPEG_LAYER_III,a821b827e272b1b49ffa165110d4249a1155d0f99c86f09209d99dc1eee9e187
D:\other\Bird\Dataset\CC0\Bearded Guan_sound\Bearded Guan8.mp3,Bearded Guan_sound\Bearded Guan8.mp3,Bearded Guan_sound,Bearded Guan,Bearded Guan8.mp3,2262143,True,44100,1,6234422,141.3701133786848,MP3,MPEG_LAYER_III,e1fc15556a0924b7fd7c0ed5679a5bd5c1fc7898b2f27d82d045e189ce73f4cc
D:\other\Bird\Dataset\CC0\Bearded Guan_sound\Bearded Guan9.mp3,Bearded Guan_sound\Bearded Guan9.mp3,Bearded Guan_sound,Bearded Guan,Bearded Guan9.mp3,587479,True,44100,1,1619080,36.71383219954649,MP3,MPEG_LAYER_III,8943bfb4b9d86a2f80b86342b44e1d75425ce4356cd28eb9665e4ef7151d92d6
D:\other\Bird\Dataset\CC0\Berlepschs Tinamou_sound\Berlepschs Tinamou10.mp3,Berlepschs Tinamou_sound\Berlepschs Tinamou10.mp3,Berlepschs Tinamou_sound,Berlepschs Tinamou,Berlepschs Tinamou10.mp3,453019,True,44100,1,1248158,28.302902494331065,MP3,MPEG_LAYER_III,b19ca2403ded48b0b3213f5fd4e860d5f2a1915e0d1bfa1e942773931ccd2505
D:\other\Bird\Dataset\CC0\Berlepschs Tinamou_sound\Berlepschs Tinamou11.mp3,Berlepschs Tinamou_sound\Berlepschs Tinamou11.mp3,Berlepschs Tinamou_sound,Berlepschs Tinamou,Berlepschs Tinamou11.mp3,364315,True,44100,2,1340865,30.405102040816328,MP3,MPEG_LAYER_III,9727d82749e24376807ee3d12cdba57438ad18bb2346553be7d1b9d6a5188769
D:\other\Bird\Dataset\CC0\Berlepschs Tinamou_sound\Berlepschs Tinamou12.mp3,Berlepschs Tinamou_sound\Berlepschs Tinamou12.mp3,Berlepschs Tinamou_sound,Berlepschs Tinamou,Berlepschs Tinamou12.mp3,364315,True,44100,2,1340865,30.405102040816328,MP3,MPEG_LAYER_III,9727d82749e24376807ee3d12cdba57438ad18bb2346553be7d1b9d6a5188769
D:\other\Bird\Dataset\CC0\Berlepschs Tinamou_sound\Berlepschs Tinamou13.mp3,Berlepschs Tinamou_sound\Berlepschs Tinamou13.mp3,Berlepschs Tinamou_sound,Berlepschs Tinamou,Berlepschs Tinamou13.mp3,354917,True,44100,1,1306275,29.62074829931973,MP3,MPEG_LAYER_III,75d67463d338fb5057971e0779cefa576cf9916bdf3df888d7d8352046b9af05
D:\other\Bird\Dataset\CC0\Berlepschs Tinamou_sound\Berlepschs Tinamou14.mp3,Berlepschs Tinamou_sound\Berlepschs Tinamou14.mp3,Berlepschs Tinamou_sound,Berlepschs Tinamou,Berlepschs Tinamou14.mp3,116841,True,44100,1,322011,7.301836734693878,MP3,MPEG_LAYER_III,1dfcf8d510dddfec4090a4f295c9055a131137730a1cef83f1f4f32453f272a9
D:\other\Bird\Dataset\CC0\Berlepschs Tinamou_sound\Berlepschs Tinamou2.mp3,Berlepschs Tinamou_sound\Berlepschs Tinamou2.mp3,Berlepschs Tinamou_sound,Berlepschs Tinamou,Berlepschs Tinamou2.mp3,213882,True,44100,2,590514,13.390340136054421,MP3,MPEG_LAYER_III,1d73b00aa018a67941839f3ef02e86d9417ad6eb878249cf2c3c34634a74b7ce
D:\other\Bird\Dataset\CC0\Berlepschs Tinamou_sound\Berlepschs Tinamou3.mp3,Berlepschs Tinamou_sound\Berlepschs Tinamou3.mp3,Berlepschs Tinamou_sound,Berlepschs Tinamou,Berlepschs Tinamou3.mp3,213882,True,44100,2,590514,13.390340136054421,MP3,MPEG_LAYER_III,1d73b00aa018a67941839f3ef02e86d9417ad6eb878249cf2c3c34634a74b7ce
D:\other\Bird\Dataset\CC0\Berlepschs Tinamou_sound\Berlepschs Tinamou4.mp3,Berlepschs Tinamou_sound\Berlepschs Tinamou4.mp3,Berlepschs Tinamou_sound,Berlepschs Tinamou,Berlepschs Tinamou4.mp3,213882,True,44100,2,590514,13.390340136054421,MP3,MPEG_LAYER_III,1d73b00aa018a67941839f3ef02e86d9417ad6eb878249cf2c3c34634a74b7ce
D:\other\Bird\Dataset\CC0\Berlepschs Tinamou_sound\Berlepschs Tinamou5.mp3,Berlepschs Tinamou_sound\Berlepschs Tinamou5.mp3,Berlepschs Tinamou_sound,Berlepschs Tinamou,Berlepschs Tinamou5.mp3,213882,True,44100,2,590514,13.390340136054421,MP3,MPEG_LAYER_III,1d73b00aa018a67941839f3ef02e86d9417ad6eb878249cf2c3c34634a74b7ce
D:\other\Bird\Dataset\CC0\Berlepschs Tinamou_sound\Berlepschs Tinamou6.mp3,Berlepschs Tinamou_sound\Berlepschs Tinamou6.mp3,Berlepschs Tinamou_sound,Berlepschs Tinamou,Berlepschs Tinamou6.mp3,213882,True,44100,2,590514,13.390340136054421,MP3,MPEG_LAYER_III,1d73b00aa018a67941839f3ef02e86d9417ad6eb878249cf2c3c34634a74b7ce
D:\other\Bird\Dataset\CC0\Berlepschs Tinamou_sound\Berlepschs Tinamou7.mp3,Berlepschs Tinamou_sound\Berlepschs Tinamou7.mp3,Berlepschs Tinamou_sound,Berlepschs Tinamou,Berlepschs Tinamou7.mp3,267082,True,44100,1,735720,16.68299319727891,MP3,MPEG_LAYER_III,344458d34ad30339843c948c045d5f85cf27174b8050e9f868334b682a781e43
D:\other\Bird\Dataset\CC0\Berlepschs Tinamou_sound\Berlepschs Tinamou8.mp3,Berlepschs Tinamou_sound\Berlepschs Tinamou8.mp3,Berlepschs Tinamou_sound,Berlepschs Tinamou,Berlepschs Tinamou8.mp3,205998,True,44100,1,567373,12.865600907029478,MP3,MPEG_LAYER_III,54b2cef6e7e2ea39bd43347d69dd8aaad9e9377a3a7148c2406e34a7555140ae
D:\other\Bird\Dataset\CC0\Berlepschs Tinamou_sound\Berlepschs Tinamou9.mp3,Berlepschs Tinamou_sound\Berlepschs Tinamou9.mp3,Berlepschs Tinamou_sound,Berlepschs Tinamou,Berlepschs Tinamou9.mp3,453019,True,44100,1,1248158,28.302902494331065,MP3,MPEG_LAYER_III,b19ca2403ded48b0b3213f5fd4e860d5f2a1915e0d1bfa1e942773931ccd2505
D:\other\Bird\Dataset\CC0\Biak Scrubfowl_sound\Biak Scrubfowl10.mp3,Biak Scrubfowl_sound\Biak Scrubfowl10.mp3,Biak Scrubfowl_sound,Biak Scrubfowl,Biak Scrubfowl10.mp3,374318,True,48000,2,449181,9.3579375,MP3,MPEG_LAYER_III,bff025df018128bb256d3417276f10ef85b26a7ec12ad64bcbb22e6e419bd8d4
D:\other\Bird\Dataset\CC0\Biak Scrubfowl_sound\Biak Scrubfowl2.mp3,Biak Scrubfowl_sound\Biak Scrubfowl2.mp3,Biak Scrubfowl_sound,Biak Scrubfowl,Biak Scrubfowl2.mp3,198641,True,44100,2,264600,6.0,MP3,MPEG_LAYER_III,0c0cd907a9c995b291107fb48b7d10a75dd389ed7ff7a2040fc5c845e008807a
D:\other\Bird\Dataset\CC0\Biak Scrubfowl_sound\Biak Scrubfowl3.mp3,Biak Scrubfowl_sound\Biak Scrubfowl3.mp3,Biak Scrubfowl_sound,Biak Scrubfowl,Biak Scrubfowl3.mp3,198641,True,44100,2,264600,6.0,MP3,MPEG_LAYER_III,0c0cd907a9c995b291107fb48b7d10a75dd389ed7ff7a2040fc5c845e008807a
D:\other\Bird\Dataset\CC0\Biak Scrubfowl_sound\Biak Scrubfowl4.mp3,Biak Scrubfowl_sound\Biak Scrubfowl4.mp3,Biak Scrubfowl_sound,Biak Scrubfowl,Biak Scrubfowl4.mp3,1404388,True,48000,2,1685265,35.1096875,MP3,MPEG_LAYER_III,12cb64b27a97d2aa26180c8f9e5ec25ff6de13cdb21a26d53a0945535e2113b6
D:\other\Bird\Dataset\CC0\Biak Scrubfowl_sound\Biak Scrubfowl5.mp3,Biak Scrubfowl_sound\Biak Scrubfowl5.mp3,Biak Scrubfowl_sound,Biak Scrubfowl,Biak Scrubfowl5.mp3,291765,True,48000,2,350118,7.294125,MP3,MPEG_LAYER_III,c5904d0f8620e153c7f653aa84ccab662b2bd9802f438b633168fb730397252c
D:\other\Bird\Dataset\CC0\Biak Scrubfowl_sound\Biak Scrubfowl6.mp3,Biak Scrubfowl_sound\Biak Scrubfowl6.mp3,Biak Scrubfowl_sound,Biak Scrubfowl,Biak Scrubfowl6.mp3,291765,True,48000,2,350118,7.294125,MP3,MPEG_LAYER_III,c5904d0f8620e153c7f653aa84ccab662b2bd9802f438b633168fb730397252c
D:\other\Bird\Dataset\CC0\Biak Scrubfowl_sound\Biak Scrubfowl7.mp3,Biak Scrubfowl_sound\Biak Scrubfowl7.mp3,Biak Scrubfowl_sound,Biak Scrubfowl,Biak Scrubfowl7.mp3,374318,True,48000,2,449181,9.3579375,MP3,MPEG_LAYER_III,bff025df018128bb256d3417276f10ef85b26a7ec12ad64bcbb22e6e419bd8d4
D:\other\Bird\Dataset\CC0\Biak Scrubfowl_sound\Biak Scrubfowl8.mp3,Biak Scrubfowl_sound\Biak Scrubfowl8.mp3,Biak Scrubfowl_sound,Biak Scrubfowl,Biak Scrubfowl8.mp3,374318,True,48000,2,449181,9.3579375,MP3,MPEG_LAYER_III,bff025df018128bb256d3417276f10ef85b26a7ec12ad64bcbb22e6e419bd8d4
D:\other\Bird\Dataset\CC0\Biak Scrubfowl_sound\Biak Scrubfowl9.mp3,Biak Scrubfowl_sound\Biak Scrubfowl9.mp3,Biak Scrubfowl_sound,Biak Scrubfowl,Biak Scrubfowl9.mp3,374318,True,48000,2,449181,9.3579375,MP3,MPEG_LAYER_III,bff025df018128bb256d3417276f10ef85b26a7ec12ad64bcbb22e6e419bd8d4
D:\other\Bird\Dataset\CC0\Black Tinamou_sound\Black Tinamou10.mp3,Black Tinamou_sound\Black Tinamou10.mp3,Black Tinamou_sound,Black Tinamou,Black Tinamou10.mp3,55298,True,48000,1,195293,4.068604166666667,MP3,MPEG_LAYER_III,f91fd3e1d8face39c63a12c1f86c307138969f1d9d02191759d8913801d2c489
D:\other\Bird\Dataset\CC0\Black Tinamou_sound\Black Tinamou11.mp3,Black Tinamou_sound\Black Tinamou11.mp3,Black Tinamou_sound,Black Tinamou,Black Tinamou11.mp3,562689,True,48000,2,1125122,23.440041666666666,MP3,MPEG_LAYER_III,c93c8244e0de2f07b238e224ab30de1489621fdc6c2a3654c8bc4b2737fdd954
D:\other\Bird\Dataset\CC0\Black Tinamou_sound\Black Tinamou12.mp3,Black Tinamou_sound\Black Tinamou12.mp3,Black Tinamou_sound,Black Tinamou,Black Tinamou12.mp3,340522,True,44100,1,938472,21.280544217687076,MP3,MPEG_LAYER_III,354bc9726bd29b12287e10a66f68b44e81c2b093ec4172ffa8cef50b05b1a168
D:\other\Bird\Dataset\CC0\Black Tinamou_sound\Black Tinamou13.mp3,Black Tinamou_sound\Black Tinamou13.mp3,Black Tinamou_sound,Black Tinamou,Black Tinamou13.mp3,170320,True,44100,1,751757,17.046643990929706,MP3,MPEG_LAYER_III,b6e2722f380be0842d7ccdcbad71bfc5bf3001ff4f9b3b6a83a6e8734c535427
D:\other\Bird\Dataset\CC0\Black Tinamou_sound\Black Tinamou14.mp3,Black Tinamou_sound\Black Tinamou14.mp3,Black Tinamou_sound,Black Tinamou,Black Tinamou14.mp3,11899340,True,44100,1,21897591,496.54401360544216,MP3,MPEG_LAYER_III,8bea34a9fa76411bbe908228d7ef4c276e904d13d118a20f157cdf15102d7dc3
D:\other\Bird\Dataset\CC0\Black Tinamou_sound\Black Tinamou15.mp3,Black Tinamou_sound\Black Tinamou15.mp3,Black Tinamou_sound,Black Tinamou,Black Tinamou15.mp3,1863120,True,44100,2,3428381,77.7410657596372,MP3,MPEG_LAYER_III,c172c846e89c3339f926ee6e94b96d6aa26908851a7880a6074c007a20ce744a
D:\other\Bird\Dataset\CC0\Black Tinamou_sound\Black Tinamou16.mp3,Black Tinamou_sound\Black Tinamou16.mp3,Black Tinamou_sound,Black Tinamou,Black Tinamou16.mp3,448935,True,48000,1,885146,18.440541666666668,MP3,MPEG_LAYER_III,cc6ced019a61f0bf8ee61a36a843a7fe5195501d861f6ae1acd544cdbd06e54c
D:\other\Bird\Dataset\CC0\Black Tinamou_sound\Black Tinamou17.mp3,Black Tinamou_sound\Black Tinamou17.mp3,Black Tinamou_sound,Black Tinamou,Black Tinamou17.mp3,1651467,True,44100,1,4551411,103.20659863945578,MP3,MPEG_LAYER_III,c8eca793d0e16987f81d692a762d95462122878a77eb1550514d2cde23d48aa6
D:\other\Bird\Dataset\CC0\Black Tinamou_sound\Black Tinamou18.mp3,Black Tinamou_sound\Black Tinamou18.mp3,Black Tinamou_sound,Black Tinamou,Black Tinamou18.mp3,276942,True,44100,1,745645,16.908049886621317,MP3,MPEG_LAYER_III,2e3b483a55e5ff01efd280aa3b3154c7e732ad04f2da460e0f1982d3460f58a5
D:\other\Bird\Dataset\CC0\Black Tinamou_sound\Black Tinamou19.mp3,Black Tinamou_sound\Black Tinamou19.mp3,Black Tinamou_sound,Black Tinamou,Black Tinamou19.mp3,276942,True,44100,1,745645,16.908049886621317,MP3,MPEG_LAYER_III,2e3b483a55e5ff01efd280aa3b3154c7e732ad04f2da460e0f1982d3460f58a5
D:\other\Bird\Dataset\CC0\Black Tinamou_sound\Black Tinamou2.mp3,Black Tinamou_sound\Black Tinamou2.mp3,Black Tinamou_sound,Black Tinamou,Black Tinamou2.mp3,958130,True,48000,1,3644536,75.92783333333334,MP3,MPEG_LAYER_III,cd9fbf434e20edc0f709805b7dc00bc0b613bebf2613202d1c1eb6b7a22b2fb5
D:\other\Bird\Dataset\CC0\Black Tinamou_sound\Black Tinamou20.mp3,Black Tinamou_sound\Black Tinamou20.mp3,Black Tinamou_sound,Black Tinamou,Black Tinamou20.mp3,385857,True,48000,2,454724,9.473416666666667,MP3,MPEG_LAYER_III,cf4d8a421e23c187aa7c02096f8b5ada2d08c83286ff9a4edf46666ebc8d013a
D:\other\Bird\Dataset\CC0\Black Tinamou_sound\Black Tinamou21.mp3,Black Tinamou_sound\Black Tinamou21.mp3,Black Tinamou_sound,Black Tinamou,Black Tinamou21.mp3,1881296,True,44100,2,3461829,78.49952380952381,MP3,MPEG_LAYER_III,ceaa0ec9379c0ee31e651d930c1b992d96fa38ffe2a3e03a2839ad62bcd4e10f
D:\other\Bird\Dataset\CC0\Black Tinamou_sound\Black Tinamou3.mp3,Black Tinamou_sound\Black Tinamou3.mp3,Black Tinamou_sound,Black Tinamou,Black Tinamou3.mp3,958130,True,48000,1,3644536,75.92783333333334,MP3,MPEG_LAYER_III,cd9fbf434e20edc0f709805b7dc00bc0b613bebf2613202d1c1eb6b7a22b2fb5
D:\other\Bird\Dataset\CC0\Black Tinamou_sound\Black Tinamou4.mp3,Black Tinamou_sound\Black Tinamou4.mp3,Black Tinamou_sound,Black Tinamou,Black Tinamou4.mp3,484539,True,44100,1,891440,20.214058956916098,MP3,MPEG_LAYER_III,7270e1938c91d618d659795c174da62651bc4b8d243c02c9adc1cdd753d9b1bd
D:\other\Bird\Dataset\CC0\Black Tinamou_sound\Black Tinamou5.mp3,Black Tinamou_sound\Black Tinamou5.mp3,Black Tinamou_sound,Black Tinamou,Black Tinamou5.mp3,3740533,True,44100,2,4116096,93.33551020408163,MP3,MPEG_LAYER_III,f7e5c5cfa4f47f8c3d498238cca376300d75c27e09325e6d32d410e66697c5ff
D:\other\Bird\Dataset\CC0\Black Tinamou_sound\Black Tinamou6.mp3,Black Tinamou_sound\Black Tinamou6.mp3,Black Tinamou_sound,Black Tinamou,Black Tinamou6.mp3,164910,True,44100,1,438520,9.943764172335602,MP3,MPEG_LAYER_III,d20d219be4e5843ec852466e07459dfc857c83b80094743142261e9f6ef27b7f
D:\other\Bird\Dataset\CC0\Black Tinamou_sound\Black Tinamou7.mp3,Black Tinamou_sound\Black Tinamou7.mp3,Black Tinamou_sound,Black Tinamou,Black Tinamou7.mp3,1449930,True,44100,2,2769707,62.80514739229025,MP3,MPEG_LAYER_III,34a17fe4ef361c76d8ac454a849536359ecb0b0207598e03806e54f0caba7308
D:\other\Bird\Dataset\CC0\Black Tinamou_sound\Black Tinamou8.mp3,Black Tinamou_sound\Black Tinamou8.mp3,Black Tinamou_sound,Black Tinamou,Black Tinamou8.mp3,78195,True,44100,2,258549,5.862789115646258,MP3,MPEG_LAYER_III,6c13c99e32d31fa3af7ee9e051b8879f648689101e9bc19074aa4f23ad0d6e3b
D:\other\Bird\Dataset\CC0\Black Tinamou_sound\Black Tinamou9.mp3,Black Tinamou_sound\Black Tinamou9.mp3,Black Tinamou_sound,Black Tinamou,Black Tinamou9.mp3,159175,True,48000,2,321481,6.697520833333333,MP3,MPEG_LAYER_III,527b6a89b7468579f62771b4fdd8159d39556faaef19463f7b34868a5020d375
D:\other\Bird\Dataset\CC0\Black-billed Brushturkey_sound\Black-billed Brushturkey10.mp3,Black-billed Brushturkey_sound\Black-billed Brushturkey10.mp3,Black-billed Brushturkey_sound,Black-billed Brushturkey,Black-billed Brushturkey10.mp3,242015,True,44100,1,890738,20.19814058956916,MP3,MPEG_LAYER_III,d15a0cf30947209699263f139ede919906e2602e5224eb7e5a760db16532b0aa
D:\other\Bird\Dataset\CC0\Black-billed Brushturkey_sound\Black-billed Brushturkey11.mp3,Black-billed Brushturkey_sound\Black-billed Brushturkey11.mp3,Black-billed Brushturkey_sound,Black-billed Brushturkey,Black-billed Brushturkey11.mp3,242015,True,44100,1,890738,20.19814058956916,MP3,MPEG_LAYER_III,d15a0cf30947209699263f139ede919906e2602e5224eb7e5a760db16532b0aa
D:\other\Bird\Dataset\CC0\Black-billed Brushturkey_sound\Black-billed Brushturkey12.mp3,Black-billed Brushturkey_sound\Black-billed Brushturkey12.mp3,Black-billed Brushturkey_sound,Black-billed Brushturkey,Black-billed Brushturkey12.mp3,242015,True,44100,1,890738,20.19814058956916,MP3,MPEG_LAYER_III,d15a0cf30947209699263f139ede919906e2602e5224eb7e5a760db16532b0aa
D:\other\Bird\Dataset\CC0\Black-billed Brushturkey_sound\Black-billed Brushturkey13.mp3,Black-billed Brushturkey_sound\Black-billed Brushturkey13.mp3,Black-billed Brushturkey_sound,Black-billed Brushturkey,Black-billed Brushturkey13.mp3,948227,True,44100,2,2597053,58.890090702947845,MP3,MPEG_LAYER_III,ac98d037dbdd78381dace082fe1bb2f8c83fede91393efee18519570935e7c74
D:\other\Bird\Dataset\CC0\Black-billed Brushturkey_sound\Black-billed Brushturkey14.mp3,Black-billed Brushturkey_sound\Black-billed Brushturkey14.mp3,Black-billed Brushturkey_sound,Black-billed Brushturkey,Black-billed Brushturkey14.mp3,246063,True,44100,2,661452,14.99891156462585,MP3,MPEG_LAYER_III,331f01da550271260cd18a23dc9c6631e11daeebc9219b7569155e6d8c560e25
D:\other\Bird\Dataset\CC0\Black-billed Brushturkey_sound\Black-billed Brushturkey15.mp3,Black-billed Brushturkey_sound\Black-billed Brushturkey15.mp3,Black-billed Brushturkey_sound,Black-billed Brushturkey,Black-billed Brushturkey15.mp3,515488,True,44100,2,1405015,31.859750566893425,MP3,MPEG_LAYER_III,abb0d6914ced3b00b106e69535090d62f281ee71f3e1c4ee01fd6ae2d062dbca
D:\other\Bird\Dataset\CC0\Black-billed Brushturkey_sound\Black-billed Brushturkey16.mp3,Black-billed Brushturkey_sound\Black-billed Brushturkey16.mp3,Black-billed Brushturkey_sound,Black-billed Brushturkey,Black-billed Brushturkey16.mp3,656760,True,48000,1,1970280,41.0475,MP3,MPEG_LAYER_III,aaf6576f08abb7a62042d948024731a72c7b92bbe097515869782df1ef6870d0
D:\other\Bird\Dataset\CC0\Black-billed Brushturkey_sound\Black-billed Brushturkey17.mp3,Black-billed Brushturkey_sound\Black-billed Brushturkey17.mp3,Black-billed Brushturkey_sound,Black-billed Brushturkey,Black-billed Brushturkey17.mp3,642552,True,48000,1,1927656,40.1595,MP3,MPEG_LAYER_III,11c25ffc24199be2fcc1e87a8c4854b3fe63cd0dbc45f45a99806056d6922348
D:\other\Bird\Dataset\CC0\Black-billed Brushturkey_sound\Black-billed Brushturkey18.mp3,Black-billed Brushturkey_sound\Black-billed Brushturkey18.mp3,Black-billed Brushturkey_sound,Black-billed Brushturkey,Black-billed Brushturkey18.mp3,1227331,True,44100,2,1353000,30.68027210884354,MP3,MPEG_LAYER_III,247b3e2137a9cff20f1184f8d5887e82b05653c105ab764c0014886a82d00295
D:\other\Bird\Dataset\CC0\Black-billed Brushturkey_sound\Black-billed Brushturkey19.mp3,Black-billed Brushturkey_sound\Black-billed Brushturkey19.mp3,Black-billed Brushturkey_sound,Black-billed Brushturkey,Black-billed Brushturkey19.mp3,1866797,True,44100,2,2057942,46.665351473922904,MP3,MPEG_LAYER_III,fa2f04e60a1f5c2ed99f281e5539dd6b1e37589a24ca1cac3bb2b65af48294a2
D:\other\Bird\Dataset\CC0\Black-billed Brushturkey_sound\Black-billed Brushturkey2.mp3,Black-billed Brushturkey_sound\Black-billed Brushturkey2.mp3,Black-billed Brushturkey_sound,Black-billed Brushturkey,Black-billed Brushturkey2.mp3,160198,True,44100,1,441502,10.011383219954649,MP3,MPEG_LAYER_III,3c70b8fbf0e8e8744950b6bc6c56d3323b6dcd6e110b94572429e1675e0f25f2
D:\other\Bird\Dataset\CC0\Black-billed Brushturkey_sound\Black-billed Brushturkey20.mp3,Black-billed Brushturkey_sound\Black-billed Brushturkey20.mp3,Black-billed Brushturkey_sound,Black-billed Brushturkey,Black-billed Brushturkey20.mp3,1866797,True,44100,2,2057942,46.665351473922904,MP3,MPEG_LAYER_III,fa2f04e60a1f5c2ed99f281e5539dd6b1e37589a24ca1cac3bb2b65af48294a2
D:\other\Bird\Dataset\CC0\Black-billed Brushturkey_sound\Black-billed Brushturkey21.mp3,Black-billed Brushturkey_sound\Black-billed Brushturkey21.mp3,Black-billed Brushturkey_sound,Black-billed Brushturkey,Black-billed Brushturkey21.mp3,1745553,True,44100,2,1924284,43.63455782312925,MP3,MPEG_LAYER_III,23a6bacb534b310acb337d10033cf88034ea7387fb9d20c27302fe5318bd4f3c
D:\other\Bird\Dataset\CC0\Black-billed Brushturkey_sound\Black-billed Brushturkey3.mp3,Black-billed Brushturkey_sound\Black-billed Brushturkey3.mp3,Black-billed Brushturkey_sound,Black-billed Brushturkey,Black-billed Brushturkey3.mp3,160198,True,44100,1,441502,10.011383219954649,MP3,MPEG_LAYER_III,3c70b8fbf0e8e8744950b6bc6c56d3323b6dcd6e110b94572429e1675e0f25f2
D:\other\Bird\Dataset\CC0\Black-billed Brushturkey_sound\Black-billed Brushturkey4.mp3,Black-billed Brushturkey_sound\Black-billed Brushturkey4.mp3,Black-billed Brushturkey_sound,Black-billed Brushturkey,Black-billed Brushturkey4.mp3,160198,True,44100,1,441502,10.011383219954649,MP3,MPEG_LAYER_III,3c70b8fbf0e8e8744950b6bc6c56d3323b6dcd6e110b94572429e1675e0f25f2
D:\other\Bird\Dataset\CC0\Black-billed Brushturkey_sound\Black-billed Brushturkey5.mp3,Black-billed Brushturkey_sound\Black-billed Brushturkey5.mp3,Black-billed Brushturkey_sound,Black-billed Brushturkey,Black-billed Brushturkey5.mp3,160198,True,44100,1,441502,10.011383219954649,MP3,MPEG_LAYER_III,3c70b8fbf0e8e8744950b6bc6c56d3323b6dcd6e110b94572429e1675e0f25f2
D:\other\Bird\Dataset\CC0\Black-billed Brushturkey_sound\Black-billed Brushturkey6.mp3,Black-billed Brushturkey_sound\Black-billed Brushturkey6.mp3,Black-billed Brushturkey_sound,Black-billed Brushturkey,Black-billed Brushturkey6.mp3,160198,True,44100,1,441502,10.011383219954649,MP3,MPEG_LAYER_III,3c70b8fbf0e8e8744950b6bc6c56d3323b6dcd6e110b94572429e1675e0f25f2
D:\other\Bird\Dataset\CC0\Black-billed Brushturkey_sound\Black-billed Brushturkey7.mp3,Black-billed Brushturkey_sound\Black-billed Brushturkey7.mp3,Black-billed Brushturkey_sound,Black-billed Brushturkey,Black-billed Brushturkey7.mp3,160198,True,44100,1,441502,10.011383219954649,MP3,MPEG_LAYER_III,3c70b8fbf0e8e8744950b6bc6c56d3323b6dcd6e110b94572429e1675e0f25f2
D:\other\Bird\Dataset\CC0\Black-billed Brushturkey_sound\Black-billed Brushturkey8.mp3,Black-billed Brushturkey_sound\Black-billed Brushturkey8.mp3,Black-billed Brushturkey_sound,Black-billed Brushturkey,Black-billed Brushturkey8.mp3,160198,True,44100,1,441502,10.011383219954649,MP3,MPEG_LAYER_III,3c70b8fbf0e8e8744950b6bc6c56d3323b6dcd6e110b94572429e1675e0f25f2
D:\other\Bird\Dataset\CC0\Black-billed Brushturkey_sound\Black-billed Brushturkey9.mp3,Black-billed Brushturkey_sound\Black-billed Brushturkey9.mp3,Black-billed Brushturkey_sound,Black-billed Brushturkey,Black-billed Brushturkey9.mp3,237934,True,44100,1,655741,14.869410430839002,MP3,MPEG_LAYER_III,15eca3e8b047265947a211892f3068d507567a411e1158926a55a6ed87259680
D:\other\Bird\Dataset\CC0\Black-capped Tinamou_sound\Black-capped Tinamou10.mp3,Black-capped Tinamou_sound\Black-capped Tinamou10.mp3,Black-capped Tinamou_sound,Black-capped Tinamou,Black-capped Tinamou10.mp3,60686,True,44100,1,167249,3.7924943310657597,MP3,MPEG_LAYER_III,9a19e771115b3c101f86a3cc9961571fed5a4b7fa30f3074401dae21dca94a39
D:\other\Bird\Dataset\CC0\Black-capped Tinamou_sound\Black-capped Tinamou11.mp3,Black-capped Tinamou_sound\Black-capped Tinamou11.mp3,Black-capped Tinamou_sound,Black-capped Tinamou,Black-capped Tinamou11.mp3,881620,True,44100,1,2429727,55.09585034013605,MP3,MPEG_LAYER_III,85e24bbf93b33d255933a21bb842d7aceabf65344fc18328a1031d5d9a8bfbe3
D:\other\Bird\Dataset\CC0\Black-capped Tinamou_sound\Black-capped Tinamou12.mp3,Black-capped Tinamou_sound\Black-capped Tinamou12.mp3,Black-capped Tinamou_sound,Black-capped Tinamou,Black-capped Tinamou12.mp3,881620,True,44100,1,2429727,55.09585034013605,MP3,MPEG_LAYER_III,85e24bbf93b33d255933a21bb842d7aceabf65344fc18328a1031d5d9a8bfbe3
D:\other\Bird\Dataset\CC0\Black-capped Tinamou_sound\Black-capped Tinamou13.mp3,Black-capped Tinamou_sound\Black-capped Tinamou13.mp3,Black-capped Tinamou_sound,Black-capped Tinamou,Black-capped Tinamou13.mp3,51998,True,44100,1,191379,4.339659863945578,MP3,MPEG_LAYER_III,c9ee4acf900e207070ae4641f29b1271eafd207b0f5a4a5c9a016fe1d6a36787
D:\other\Bird\Dataset\CC0\Black-capped Tinamou_sound\Black-capped Tinamou14.mp3,Black-capped Tinamou_sound\Black-capped Tinamou14.mp3,Black-capped Tinamou_sound,Black-capped Tinamou,Black-capped Tinamou14.mp3,1356855,True,44100,1,7478932,169.5902947845805,MP3,MPEG_LAYER_III,939b7c7d435ec2aba2f010075c8447934d8cf2acc0ce2c4f2da9913d52939fa5
D:\other\Bird\Dataset\CC0\Black-capped Tinamou_sound\Black-capped Tinamou15.mp3,Black-capped Tinamou_sound\Black-capped Tinamou15.mp3,Black-capped Tinamou_sound,Black-capped Tinamou,Black-capped Tinamou15.mp3,572259,True,44100,2,1051188,23.836462585034013,MP3,MPEG_LAYER_III,d932a8428d3064561cb29d2eaa5a660fe5c954569c7fb4af1051bb70e0c2fee6
D:\other\Bird\Dataset\CC0\Black-capped Tinamou_sound\Black-capped Tinamou16.mp3,Black-capped Tinamou_sound\Black-capped Tinamou16.mp3,Black-capped Tinamou_sound,Black-capped Tinamou,Black-capped Tinamou16.mp3,1650589,True,44100,1,4548991,103.15172335600907,MP3,MPEG_LAYER_III,3533e23b1385283768e145e6b093f03929e955b5d27b30cd80c4353fbbf3a234
D:\other\Bird\Dataset\CC0\Black-capped Tinamou_sound\Black-capped Tinamou17.mp3,Black-capped Tinamou_sound\Black-capped Tinamou17.mp3,Black-capped Tinamou_sound,Black-capped Tinamou,Black-capped Tinamou17.mp3,413971,True,44100,1,1140896,25.87065759637188,MP3,MPEG_LAYER_III,f97e6543b561c0f35c35daf6cf1962d50f283074a517de17c5d413c0fd97860b
D:\other\Bird\Dataset\CC0\Black-capped Tinamou_sound\Black-capped Tinamou18.mp3,Black-capped Tinamou_sound\Black-capped Tinamou18.mp3,Black-capped Tinamou_sound,Black-capped Tinamou,Black-capped Tinamou18.mp3,882118,True,44100,1,2431100,55.12698412698413,MP3,MPEG_LAYER_III,3083f9ddcac3103045a8fc5ac3a13db71377817fe6c203c91692843ad3a2336a
D:\other\Bird\Dataset\CC0\Black-capped Tinamou_sound\Black-capped Tinamou19.mp3,Black-capped Tinamou_sound\Black-capped Tinamou19.mp3,Black-capped Tinamou_sound,Black-capped Tinamou,Black-capped Tinamou19.mp3,882118,True,44100,1,2431100,55.12698412698413,MP3,MPEG_LAYER_III,3083f9ddcac3103045a8fc5ac3a13db71377817fe6c203c91692843ad3a2336a
D:\other\Bird\Dataset\CC0\Black-capped Tinamou_sound\Black-capped Tinamou2.mp3,Black-capped Tinamou_sound\Black-capped Tinamou2.mp3,Black-capped Tinamou_sound,Black-capped Tinamou,Black-capped Tinamou2.mp3,107526,True,44100,2,351124,7.961995464852608,MP3,MPEG_LAYER_III,5d4bb4e8ece0a6aa5059ae328ed69473646bbd0fedac6d79f19e64bbf5048ce4
D:\other\Bird\Dataset\CC0\Black-capped Tinamou_sound\Black-capped Tinamou20.mp3,Black-capped Tinamou_sound\Black-capped Tinamou20.mp3,Black-capped Tinamou_sound,Black-capped Tinamou,Black-capped Tinamou20.mp3,882118,True,44100,1,2431100,55.12698412698413,MP3,MPEG_LAYER_III,3083f9ddcac3103045a8fc5ac3a13db71377817fe6c203c91692843ad3a2336a
D:\other\Bird\Dataset\CC0\Black-capped Tinamou_sound\Black-capped Tinamou21.mp3,Black-capped Tinamou_sound\Black-capped Tinamou21.mp3,Black-capped Tinamou_sound,Black-capped Tinamou,Black-capped Tinamou21.mp3,37475,True,32000,2,82572,2.580375,MP3,MPEG_LAYER_III,129bd7086117f66ec0f5d735d397238704ac6188ea8be21d36c9bb8259ce78d2
D:\other\Bird\Dataset\CC0\Black-capped Tinamou_sound\Black-capped Tinamou22.mp3,Black-capped Tinamou_sound\Black-capped Tinamou22.mp3,Black-capped Tinamou_sound,Black-capped Tinamou,Black-capped Tinamou22.mp3,2074649,True,48000,2,4149042,86.438375,MP3,MPEG_LAYER_III,158cb292e4b94a749bf9f78f2d171a10405dc4c8ab562a5828570322f714b0b2
D:\other\Bird\Dataset\CC0\Black-capped Tinamou_sound\Black-capped Tinamou23.mp3,Black-capped Tinamou_sound\Black-capped Tinamou23.mp3,Black-capped Tinamou_sound,Black-capped Tinamou,Black-capped Tinamou23.mp3,2074649,True,48000,2,4149042,86.438375,MP3,MPEG_LAYER_III,158cb292e4b94a749bf9f78f2d171a10405dc4c8ab562a5828570322f714b0b2
D:\other\Bird\Dataset\CC0\Black-capped Tinamou_sound\Black-capped Tinamou24.mp3,Black-capped Tinamou_sound\Black-capped Tinamou24.mp3,Black-capped Tinamou_sound,Black-capped Tinamou,Black-capped Tinamou24.mp3,2074649,True,48000,2,4149042,86.438375,MP3,MPEG_LAYER_III,158cb292e4b94a749bf9f78f2d171a10405dc4c8ab562a5828570322f714b0b2
D:\other\Bird\Dataset\CC0\Black-capped Tinamou_sound\Black-capped Tinamou25.mp3,Black-capped Tinamou_sound\Black-capped Tinamou25.mp3,Black-capped Tinamou_sound,Black-capped Tinamou,Black-capped Tinamou25.mp3,250227,True,16000,1,243379,15.2111875,MP3,MPEG_LAYER_III,0f1aac1daf23c8ded7a7a4ccd2f1436ba3c61756af5440b3d8316428c51ad909
D:\other\Bird\Dataset\CC0\Black-capped Tinamou_sound\Black-capped Tinamou26.mp3,Black-capped Tinamou_sound\Black-capped Tinamou26.mp3,Black-capped Tinamou_sound,Black-capped Tinamou,Black-capped Tinamou26.mp3,27907,True,16000,1,21004,1.31275,MP3,MPEG_LAYER_III,5478672e14ec7fb255ac8d63c05c4ea3e64066fc592f8ff6eaafc67075293962
D:\other\Bird\Dataset\CC0\Black-capped Tinamou_sound\Black-capped Tinamou27.mp3,Black-capped Tinamou_sound\Black-capped Tinamou27.mp3,Black-capped Tinamou_sound,Black-capped Tinamou,Black-capped Tinamou27.mp3,27907,True,16000,1,21004,1.31275,MP3,MPEG_LAYER_III,5478672e14ec7fb255ac8d63c05c4ea3e64066fc592f8ff6eaafc67075293962
D:\other\Bird\Dataset\CC0\Black-capped Tinamou_sound\Black-capped Tinamou28.mp3,Black-capped Tinamou_sound\Black-capped Tinamou28.mp3,Black-capped Tinamou_sound,Black-capped Tinamou,Black-capped Tinamou28.mp3,23150,True,16000,1,92088,5.7555,MP3,MPEG_LAYER_III,fe8d43a594659ecf652fa5d3950e29fadfe61aa203b22595432c857da2c2670b
D:\other\Bird\Dataset\CC0\Black-capped Tinamou_sound\Black-capped Tinamou29.mp3,Black-capped Tinamou_sound\Black-capped Tinamou29.mp3,Black-capped Tinamou_sound,Black-capped Tinamou,Black-capped Tinamou29.mp3,111727,True,44100,1,390413,8.852902494331065,MP3,MPEG_LAYER_III,ecd62a586ac8aa4b38a7db0fe060a7f59d6558054d7a42eaab913b4cd4e1c1d9
D:\other\Bird\Dataset\CC0\Black-capped Tinamou_sound\Black-capped Tinamou3.mp3,Black-capped Tinamou_sound\Black-capped Tinamou3.mp3,Black-capped Tinamou_sound,Black-capped Tinamou,Black-capped Tinamou3.mp3,107526,True,44100,2,351124,7.961995464852608,MP3,MPEG_LAYER_III,5d4bb4e8ece0a6aa5059ae328ed69473646bbd0fedac6d79f19e64bbf5048ce4
D:\other\Bird\Dataset\CC0\Black-capped Tinamou_sound\Black-capped Tinamou30.mp3,Black-capped Tinamou_sound\Black-capped Tinamou30.mp3,Black-capped Tinamou_sound,Black-capped Tinamou,Black-capped Tinamou30.mp3,111727,True,44100,1,390413,8.852902494331065,MP3,MPEG_LAYER_III,ecd62a586ac8aa4b38a7db0fe060a7f59d6558054d7a42eaab913b4cd4e1c1d9
D:\other\Bird\Dataset\CC0\Black-capped Tinamou_sound\Black-capped Tinamou31.mp3,Black-capped Tinamou_sound\Black-capped Tinamou31.mp3,Black-capped Tinamou_sound,Black-capped Tinamou,Black-capped Tinamou31.mp3,111727,True,44100,1,390413,8.852902494331065,MP3,MPEG_LAYER_III,ecd62a586ac8aa4b38a7db0fe060a7f59d6558054d7a42eaab913b4cd4e1c1d9
D:\other\Bird\Dataset\CC0\Black-capped Tinamou_sound\Black-capped Tinamou4.mp3,Black-capped Tinamou_sound\Black-capped Tinamou4.mp3,Black-capped Tinamou_sound,Black-capped Tinamou,Black-capped Tinamou4.mp3,107526,True,44100,2,351124,7.961995464852608,MP3,MPEG_LAYER_III,5d4bb4e8ece0a6aa5059ae328ed69473646bbd0fedac6d79f19e64bbf5048ce4
D:\other\Bird\Dataset\CC0\Black-capped Tinamou_sound\Black-capped Tinamou5.mp3,Black-capped Tinamou_sound\Black-capped Tinamou5.mp3,Black-capped Tinamou_sound,Black-capped Tinamou,Black-capped Tinamou5.mp3,107526,True,44100,2,351124,7.961995464852608,MP3,MPEG_LAYER_III,5d4bb4e8ece0a6aa5059ae328ed69473646bbd0fedac6d79f19e64bbf5048ce4
D:\other\Bird\Dataset\CC0\Black-capped Tinamou_sound\Black-capped Tinamou6.mp3,Black-capped Tinamou_sound\Black-capped Tinamou6.mp3,Black-capped Tinamou_sound,Black-capped Tinamou,Black-capped Tinamou6.mp3,661043,True,32000,2,1746645,54.58265625,MP3,MPEG_LAYER_III,981ed9dd1d60f667464f37084e65521dbdc996af0feb23a52370396012f94b55
D:\other\Bird\Dataset\CC0\Black-capped Tinamou_sound\Black-capped Tinamou7.mp3,Black-capped Tinamou_sound\Black-capped Tinamou7.mp3,Black-capped Tinamou_sound,Black-capped Tinamou,Black-capped Tinamou7.mp3,661043,True,32000,2,1746645,54.58265625,MP3,MPEG_LAYER_III,981ed9dd1d60f667464f37084e65521dbdc996af0feb23a52370396012f94b55
D:\other\Bird\Dataset\CC0\Black-capped Tinamou_sound\Black-capped Tinamou8.mp3,Black-capped Tinamou_sound\Black-capped Tinamou8.mp3,Black-capped Tinamou_sound,Black-capped Tinamou,Black-capped Tinamou8.mp3,32114,True,48000,1,256912,5.352333333333333,MP3,MPEG_LAYER_III,391fbd5a821e1364055415fddf0740d3f0c6ba32ece58bf037bba650398e7d8e
D:\other\Bird\Dataset\CC0\Black-capped Tinamou_sound\Black-capped Tinamou9.mp3,Black-capped Tinamou_sound\Black-capped Tinamou9.mp3,Black-capped Tinamou_sound,Black-capped Tinamou,Black-capped Tinamou9.mp3,607212,True,48000,1,4857696,101.202,MP3,MPEG_LAYER_III,e0eb869a0b2f8fb6bdb21c3cb5d0c2b00cdb8cca8bde58f19cb0764e88c68bda
D:\other\Bird\Dataset\CC0\Black-fronted Piping Guan_sound\Black-fronted Piping Guan10.mp3,Black-fronted Piping Guan_sound\Black-fronted Piping Guan10.mp3,Black-fronted Piping Guan_sound,Black-fronted Piping Guan,Black-fronted Piping Guan10.mp3,82535,True,44100,1,274926,6.234149659863945,MP3,MPEG_LAYER_III,53de9dcb2bc6c41bae80582e75c668014244d2d178a0f9536f0d5fb60cb0bbae
D:\other\Bird\Dataset\CC0\Black-fronted Piping Guan_sound\Black-fronted Piping Guan11.mp3,Black-fronted Piping Guan_sound\Black-fronted Piping Guan11.mp3,Black-fronted Piping Guan_sound,Black-fronted Piping Guan,Black-fronted Piping Guan11.mp3,82535,True,44100,1,274926,6.234149659863945,MP3,MPEG_LAYER_III,53de9dcb2bc6c41bae80582e75c668014244d2d178a0f9536f0d5fb60cb0bbae
D:\other\Bird\Dataset\CC0\Black-fronted Piping Guan_sound\Black-fronted Piping Guan12.mp3,Black-fronted Piping Guan_sound\Black-fronted Piping Guan12.mp3,Black-fronted Piping Guan_sound,Black-fronted Piping Guan,Black-fronted Piping Guan12.mp3,89203,True,44100,1,245841,5.574625850340136,MP3,MPEG_LAYER_III,7e0cd23c19fb2f739528b0e802a7b55b86cab9e2ffdfc17525c4dbc22188f1a6
D:\other\Bird\Dataset\CC0\Black-fronted Piping Guan_sound\Black-fronted Piping Guan13.mp3,Black-fronted Piping Guan_sound\Black-fronted Piping Guan13.mp3,Black-fronted Piping Guan_sound,Black-fronted Piping Guan,Black-fronted Piping Guan13.mp3,620403,True,44100,1,1709818,38.77138321995465,MP3,MPEG_LAYER_III,4f986215c1fe9df2ae1dca0a58c6f3a1f610234a9f6ff9c6056c2a79d7286caa
D:\other\Bird\Dataset\CC0\Black-fronted Piping Guan_sound\Black-fronted Piping Guan2.mp3,Black-fronted Piping Guan_sound\Black-fronted Piping Guan2.mp3,Black-fronted Piping Guan_sound,Black-fronted Piping Guan,Black-fronted Piping Guan2.mp3,85228,True,44100,1,469773,10.652448979591837,MP3,MPEG_LAYER_III,48201782341800525ca815444502d9af424c4b8b8d22060bb24f61139239a89d
D:\other\Bird\Dataset\CC0\Black-fronted Piping Guan_sound\Black-fronted Piping Guan3.mp3,Black-fronted Piping Guan_sound\Black-fronted Piping Guan3.mp3,Black-fronted Piping Guan_sound,Black-fronted Piping Guan,Black-fronted Piping Guan3.mp3,986083,True,44100,2,2717625,61.624149659863946,MP3,MPEG_LAYER_III,e0dfe40196067c81440b2d83a5f6e7fb4fcc7c5cfd3a85cbdd0e278c2cd7ccfa
D:\other\Bird\Dataset\CC0\Black-fronted Piping Guan_sound\Black-fronted Piping Guan4.mp3,Black-fronted Piping Guan_sound\Black-fronted Piping Guan4.mp3,Black-fronted Piping Guan_sound,Black-fronted Piping Guan,Black-fronted Piping Guan4.mp3,3804112,True,44100,2,6977943,158.23,MP3,MPEG_LAYER_III,120a36b2485deab657e57058a351a18ced558d407f41832b59a12ccd90d19037
D:\other\Bird\Dataset\CC0\Black-fronted Piping Guan_sound\Black-fronted Piping Guan5.mp3,Black-fronted Piping Guan_sound\Black-fronted Piping Guan5.mp3,Black-fronted Piping Guan_sound,Black-fronted Piping Guan,Black-fronted Piping Guan5.mp3,132178,True,44100,1,364280,8.260317460317461,MP3,MPEG_LAYER_III,723213386e15de95ce610fa53901aa814386caaf2641470f7617b63af5237a6c
D:\other\Bird\Dataset\CC0\Black-fronted Piping Guan_sound\Black-fronted Piping Guan6.mp3,Black-fronted Piping Guan_sound\Black-fronted Piping Guan6.mp3,Black-fronted Piping Guan_sound,Black-fronted Piping Guan,Black-fronted Piping Guan6.mp3,132178,True,44100,1,364280,8.260317460317461,MP3,MPEG_LAYER_III,723213386e15de95ce610fa53901aa814386caaf2641470f7617b63af5237a6c
D:\other\Bird\Dataset\CC0\Black-fronted Piping Guan_sound\Black-fronted Piping Guan7.mp3,Black-fronted Piping Guan_sound\Black-fronted Piping Guan7.mp3,Black-fronted Piping Guan_sound,Black-fronted Piping Guan,Black-fronted Piping Guan7.mp3,1496833,True,44100,1,4110336,93.20489795918367,MP3,MPEG_LAYER_III,24485aebb3a96230fbbf31f64b08da44dfa64be9219dd49e4aedea77b1bee19b
D:\other\Bird\Dataset\CC0\Black-fronted Piping Guan_sound\Black-fronted Piping Guan8.mp3,Black-fronted Piping Guan_sound\Black-fronted Piping Guan8.mp3,Black-fronted Piping Guan_sound,Black-fronted Piping Guan,Black-fronted Piping Guan8.mp3,1496833,True,44100,1,4110336,93.20489795918367,MP3,MPEG_LAYER_III,24485aebb3a96230fbbf31f64b08da44dfa64be9219dd49e4aedea77b1bee19b
D:\other\Bird\Dataset\CC0\Black-fronted Piping Guan_sound\Black-fronted Piping Guan9.mp3,Black-fronted Piping Guan_sound\Black-fronted Piping Guan9.mp3,Black-fronted Piping Guan_sound,Black-fronted Piping Guan,Black-fronted Piping Guan9.mp3,82535,True,44100,1,274926,6.234149659863945,MP3,MPEG_LAYER_III,53de9dcb2bc6c41bae80582e75c668014244d2d178a0f9536f0d5fb60cb0bbae
D:\other\Bird\Dataset\CC0\Blue-throated Piping Guan_sound\Blue-throated Piping Guan10.mp3,Blue-throated Piping Guan_sound\Blue-throated Piping Guan10.mp3,Blue-throated Piping Guan_sound,Blue-throated Piping Guan,Blue-throated Piping Guan10.mp3,479323,True,44100,1,1320652,29.946757369614513,MP3,MPEG_LAYER_III,ed5a0da89483485a75f5dc4b24ca49aa1dfafaf02df876fda12208d9f7248060
D:\other\Bird\Dataset\CC0\Blue-throated Piping Guan_sound\Blue-throated Piping Guan11.mp3,Blue-throated Piping Guan_sound\Blue-throated Piping Guan11.mp3,Blue-throated Piping Guan_sound,Blue-throated Piping Guan,Blue-throated Piping Guan11.mp3,172332,True,44100,2,664440,15.066666666666666,MP3,MPEG_LAYER_III,d93fd47f2a3bbb2088d02e5e1482a72ac40f0d6ad3e0e0050a6c3269d1958bb5
D:\other\Bird\Dataset\CC0\Blue-throated Piping Guan_sound\Blue-throated Piping Guan12.mp3,Blue-throated Piping Guan_sound\Blue-throated Piping Guan12.mp3,Blue-throated Piping Guan_sound,Blue-throated Piping Guan,Blue-throated Piping Guan12.mp3,823912,True,44100,1,909144,20.615510204081634,MP3,MPEG_LAYER_III,35d0df023d7f5fe0f5284a8aa6dcc2e4b02cba7f47fcd10f81e63880a1ba0604
D:\other\Bird\Dataset\CC0\Blue-throated Piping Guan_sound\Blue-throated Piping Guan13.mp3,Blue-throated Piping Guan_sound\Blue-throated Piping Guan13.mp3,Blue-throated Piping Guan_sound,Blue-throated Piping Guan,Blue-throated Piping Guan13.mp3,823912,True,44100,1,909144,20.615510204081634,MP3,MPEG_LAYER_III,35d0df023d7f5fe0f5284a8aa6dcc2e4b02cba7f47fcd10f81e63880a1ba0604
D:\other\Bird\Dataset\CC0\Blue-throated Piping Guan_sound\Blue-throated Piping Guan14.mp3,Blue-throated Piping Guan_sound\Blue-throated Piping Guan14.mp3,Blue-throated Piping Guan_sound,Blue-throated Piping Guan,Blue-throated Piping Guan14.mp3,3046520,True,48000,2,9139176,190.3995,MP3,MPEG_LAYER_III,0660abcac94fbf4d14206befb33b6ed0c5e312e1b16523ab13b6cdb09faf3f36
D:\other\Bird\Dataset\CC0\Blue-throated Piping Guan_sound\Blue-throated Piping Guan15.mp3,Blue-throated Piping Guan_sound\Blue-throated Piping Guan15.mp3,Blue-throated Piping Guan_sound,Blue-throated Piping Guan,Blue-throated Piping Guan15.mp3,284610,True,44100,2,628104,14.242721088435374,MP3,MPEG_LAYER_III,6935c0a406b3ff0b8da69915b53b27b144b1b56ffa3390fb65506337817a9262
D:\other\Bird\Dataset\CC0\Blue-throated Piping Guan_sound\Blue-throated Piping Guan16.mp3,Blue-throated Piping Guan_sound\Blue-throated Piping Guan16.mp3,Blue-throated Piping Guan_sound,Blue-throated Piping Guan,Blue-throated Piping Guan16.mp3,302896,True,44100,2,668460,15.157823129251701,MP3,MPEG_LAYER_III,ee45080b6a93ac744eb7c98acefa952fbef8da860b8662a20ef761af15e508b3
D:\other\Bird\Dataset\CC0\Blue-throated Piping Guan_sound\Blue-throated Piping Guan17.mp3,Blue-throated Piping Guan_sound\Blue-throated Piping Guan17.mp3,Blue-throated Piping Guan_sound,Blue-throated Piping Guan,Blue-throated Piping Guan17.mp3,252740,True,44100,2,557771,12.647868480725624,MP3,MPEG_LAYER_III,ecdd213b864d044c16a2aa5a64b9d6a7f74be59093a7c654dc92de8ab6e6c7ad
D:\other\Bird\Dataset\CC0\Blue-throated Piping Guan_sound\Blue-throated Piping Guan18.mp3,Blue-throated Piping Guan_sound\Blue-throated Piping Guan18.mp3,Blue-throated Piping Guan_sound,Blue-throated Piping Guan,Blue-throated Piping Guan18.mp3,259532,True,44100,2,572760,12.987755102040817,MP3,MPEG_LAYER_III,0925097264fed5ec3832f7b08a19cf5b75d5f40723939544af60fbcadf5d5f3b
D:\other\Bird\Dataset\CC0\Blue-throated Piping Guan_sound\Blue-throated Piping Guan19.mp3,Blue-throated Piping Guan_sound\Blue-throated Piping Guan19.mp3,Blue-throated Piping Guan_sound,Blue-throated Piping Guan,Blue-throated Piping Guan19.mp3,236022,True,44100,2,520876,11.81124716553288,MP3,MPEG_LAYER_III,32fdacf8017e8dab5398e95a7905d56917c34d8830c1aef82b5ed424cb45e874
D:\other\Bird\Dataset\CC0\Blue-throated Piping Guan_sound\Blue-throated Piping Guan2.mp3,Blue-throated Piping Guan_sound\Blue-throated Piping Guan2.mp3,Blue-throated Piping Guan_sound,Blue-throated Piping Guan,Blue-throated Piping Guan2.mp3,226110,True,44100,2,499001,11.315215419501135,MP3,MPEG_LAYER_III,aae3cba1be1efb5d0c582bdbbbb2a081bbb5924def5925f9e3cdd51397efbdf9
D:\other\Bird\Dataset\CC0\Blue-throated Piping Guan_sound\Blue-throated Piping Guan20.mp3,Blue-throated Piping Guan_sound\Blue-throated Piping Guan20.mp3,Blue-throated Piping Guan_sound,Blue-throated Piping Guan,Blue-throated Piping Guan20.mp3,231320,True,44100,2,510499,11.5759410430839,MP3,MPEG_LAYER_III,832433ee2d306d0a48711f228822add3b923770ca97e450216e24ca1e300b9d4
D:\other\Bird\Dataset\CC0\Blue-throated Piping Guan_sound\Blue-throated Piping Guan21.mp3,Blue-throated Piping Guan_sound\Blue-throated Piping Guan21.mp3,Blue-throated Piping Guan_sound,Blue-throated Piping Guan,Blue-throated Piping Guan21.mp3,232365,True,44100,2,512805,11.628231292517007,MP3,MPEG_LAYER_III,0572709cba4e8dcf8c60b45fd680cf34e957c1638814fd178030638f31bd766f
D:\other\Bird\Dataset\CC0\Blue-throated Piping Guan_sound\Blue-throated Piping Guan22.mp3,Blue-throated Piping Guan_sound\Blue-throated Piping Guan22.mp3,Blue-throated Piping Guan_sound,Blue-throated Piping Guan,Blue-throated Piping Guan22.mp3,307070,True,44100,2,677671,15.366689342403628,MP3,MPEG_LAYER_III,86847be3ec1e1e55fdbd10516afbc66f21f84daed8252e61eaea36d4d3c7b33e
D:\other\Bird\Dataset\CC0\Blue-throated Piping Guan_sound\Blue-throated Piping Guan23.mp3,Blue-throated Piping Guan_sound\Blue-throated Piping Guan23.mp3,Blue-throated Piping Guan_sound,Blue-throated Piping Guan,Blue-throated Piping Guan23.mp3,410563,True,44100,2,452601,10.263061224489796,MP3,MPEG_LAYER_III,19f71dae326e863bac5061fe4bef3addca33c5bce32bac7ee71fdd02da2fef60
D:\other\Bird\Dataset\CC0\Blue-throated Piping Guan_sound\Blue-throated Piping Guan24.mp3,Blue-throated Piping Guan_sound\Blue-throated Piping Guan24.mp3,Blue-throated Piping Guan_sound,Blue-throated Piping Guan,Blue-throated Piping Guan24.mp3,599294,True,44100,1,1651290,37.44421768707483,MP3,MPEG_LAYER_III,0c2acf8b8c79d74205b6ab79360b1cc0e0a3eb9aeed99de742d958244be26c3b
D:\other\Bird\Dataset\CC0\Blue-throated Piping Guan_sound\Blue-throated Piping Guan25.mp3,Blue-throated Piping Guan_sound\Blue-throated Piping Guan25.mp3,Blue-throated Piping Guan_sound,Blue-throated Piping Guan,Blue-throated Piping Guan25.mp3,511919,True,44100,1,1410486,31.983809523809523,MP3,MPEG_LAYER_III,e1e524772849662a3a4098d3a1831a506df36a5c3e641e7e421420bc0f030bc9
D:\other\Bird\Dataset\CC0\Blue-throated Piping Guan_sound\Blue-throated Piping Guan26.mp3,Blue-throated Piping Guan_sound\Blue-throated Piping Guan26.mp3,Blue-throated Piping Guan_sound,Blue-throated Piping Guan,Blue-throated Piping Guan26.mp3,283658,True,44100,1,781756,17.72689342403628,MP3,MPEG_LAYER_III,774f1706e08dc7815529c842ff80b3bf534a32805febe1d7f0e36bb93a561262
D:\other\Bird\Dataset\CC0\Blue-throated Piping Guan_sound\Blue-throated Piping Guan27.mp3,Blue-throated Piping Guan_sound\Blue-throated Piping Guan27.mp3,Blue-throated Piping Guan_sound,Blue-throated Piping Guan,Blue-throated Piping Guan27.mp3,379381,True,44100,1,1045566,23.708979591836734,MP3,MPEG_LAYER_III,6f7ebe4d098f52fed76d04986e8acc773a93abae178db6b61978404b069ab400
D:\other\Bird\Dataset\CC0\Blue-throated Piping Guan_sound\Blue-throated Piping Guan28.mp3,Blue-throated Piping Guan_sound\Blue-throated Piping Guan28.mp3,Blue-throated Piping Guan_sound,Blue-throated Piping Guan,Blue-throated Piping Guan28.mp3,284750,True,44100,1,1025315,23.249773242630386,MP3,MPEG_LAYER_III,48096b665a7a3e679d0007cd56f9e88b6d46ee08756dfe6fbbfd37e54f5283ae
D:\other\Bird\Dataset\CC0\Blue-throated Piping Guan_sound\Blue-throated Piping Guan29.mp3,Blue-throated Piping Guan_sound\Blue-throated Piping Guan29.mp3,Blue-throated Piping Guan_sound,Blue-throated Piping Guan,Blue-throated Piping Guan29.mp3,284750,True,44100,1,1025315,23.249773242630386,MP3,MPEG_LAYER_III,48096b665a7a3e679d0007cd56f9e88b6d46ee08756dfe6fbbfd37e54f5283ae
D:\other\Bird\Dataset\CC0\Blue-throated Piping Guan_sound\Blue-throated Piping Guan3.mp3,Blue-throated Piping Guan_sound\Blue-throated Piping Guan3.mp3,Blue-throated Piping Guan_sound,Blue-throated Piping Guan,Blue-throated Piping Guan3.mp3,226110,True,44100,2,499001,11.315215419501135,MP3,MPEG_LAYER_III,aae3cba1be1efb5d0c582bdbbbb2a081bbb5924def5925f9e3cdd51397efbdf9
D:\other\Bird\Dataset\CC0\Blue-throated Piping Guan_sound\Blue-throated Piping Guan30.mp3,Blue-throated Piping Guan_sound\Blue-throated Piping Guan30.mp3,Blue-throated Piping Guan_sound,Blue-throated Piping Guan,Blue-throated Piping Guan30.mp3,265928,True,48000,1,2127424,44.321333333333335,MP3,MPEG_LAYER_III,218ec8543da54bf86d975b9796862626e21aaffd3d0bf8f7f20c0ab46db5366f
D:\other\Bird\Dataset\CC0\Blue-throated Piping Guan_sound\Blue-throated Piping Guan31.mp3,Blue-throated Piping Guan_sound\Blue-throated Piping Guan31.mp3,Blue-throated Piping Guan_sound,Blue-throated Piping Guan,Blue-throated Piping Guan31.mp3,611471,True,48000,1,4891768,101.91183333333333,MP3,MPEG_LAYER_III,dfbc12862b77826f3f31e164c299f45bfd5fefc3644c6b7e7aebaadb17b28b34
D:\other\Bird\Dataset\CC0\Blue-throated Piping Guan_sound\Blue-throated Piping Guan4.mp3,Blue-throated Piping Guan_sound\Blue-throated Piping Guan4.mp3,Blue-throated Piping Guan_sound,Blue-throated Piping Guan,Blue-throated Piping Guan4.mp3,226110,True,44100,2,499001,11.315215419501135,MP3,MPEG_LAYER_III,aae3cba1be1efb5d0c582bdbbbb2a081bbb5924def5925f9e3cdd51397efbdf9
D:\other\Bird\Dataset\CC0\Blue-throated Piping Guan_sound\Blue-throated Piping Guan5.mp3,Blue-throated Piping Guan_sound\Blue-throated Piping Guan5.mp3,Blue-throated Piping Guan_sound,Blue-throated Piping Guan,Blue-throated Piping Guan5.mp3,116361,True,44100,1,320688,7.271836734693878,MP3,MPEG_LAYER_III,a63fe02903caf24b1d5bd74b2803edf3b0aa53caf7ed0594f7a1c936e5c6d34c
D:\other\Bird\Dataset\CC0\Blue-throated Piping Guan_sound\Blue-throated Piping Guan6.mp3,Blue-throated Piping Guan_sound\Blue-throated Piping Guan6.mp3,Blue-throated Piping Guan_sound,Blue-throated Piping Guan,Blue-throated Piping Guan6.mp3,344671,True,44100,1,949553,21.531814058956915,MP3,MPEG_LAYER_III,6c14e08189dffc013c58ccd9bfefab03569e9a5e59fef8cc46c1b9a751b9aa0b
D:\other\Bird\Dataset\CC0\Blue-throated Piping Guan_sound\Blue-throated Piping Guan7.mp3,Blue-throated Piping Guan_sound\Blue-throated Piping Guan7.mp3,Blue-throated Piping Guan_sound,Blue-throated Piping Guan,Blue-throated Piping Guan7.mp3,241544,True,44100,1,665337,15.087006802721088,MP3,MPEG_LAYER_III,2692d9257590354aaac40dbc1e14cbc477c7708daa00df90accf5530ba66189e
D:\other\Bird\Dataset\CC0\Blue-throated Piping Guan_sound\Blue-throated Piping Guan8.mp3,Blue-throated Piping Guan_sound\Blue-throated Piping Guan8.mp3,Blue-throated Piping Guan_sound,Blue-throated Piping Guan,Blue-throated Piping Guan8.mp3,570916,True,44100,1,1573080,35.670748299319726,MP3,MPEG_LAYER_III,ea8001de1c052c053f7bd8c63a41afb8356db18cce50b6feac62c281db7fe27e
D:\other\Bird\Dataset\CC0\Blue-throated Piping Guan_sound\Blue-throated Piping Guan9.mp3,Blue-throated Piping Guan_sound\Blue-throated Piping Guan9.mp3,Blue-throated Piping Guan_sound,Blue-throated Piping Guan,Blue-throated Piping Guan9.mp3,330102,True,44100,1,909402,20.621360544217687,MP3,MPEG_LAYER_III,7b057e81e93d01fbe36cbef7b93dc52d67c02d00b06e000e81a82c0a6d2808ea
D:\other\Bird\Dataset\CC0\Brazilian Tinamou_sound\Brazilian Tinamou10.mp3,Brazilian Tinamou_sound\Brazilian Tinamou10.mp3,Brazilian Tinamou_sound,Brazilian Tinamou,Brazilian Tinamou10.mp3,272922,True,44100,1,502010,11.38344671201814,MP3,MPEG_LAYER_III,2c37c4dcd9a7eec19f4b3783db66b840ea25785ac80ffa4aed8f3713055e0f1b
D:\other\Bird\Dataset\CC0\Brazilian Tinamou_sound\Brazilian Tinamou11.mp3,Brazilian Tinamou_sound\Brazilian Tinamou11.mp3,Brazilian Tinamou_sound,Brazilian Tinamou,Brazilian Tinamou11.mp3,272922,True,44100,1,502010,11.38344671201814,MP3,MPEG_LAYER_III,2c37c4dcd9a7eec19f4b3783db66b840ea25785ac80ffa4aed8f3713055e0f1b
D:\other\Bird\Dataset\CC0\Brazilian Tinamou_sound\Brazilian Tinamou12.mp3,Brazilian Tinamou_sound\Brazilian Tinamou12.mp3,Brazilian Tinamou_sound,Brazilian Tinamou,Brazilian Tinamou12.mp3,272922,True,44100,1,502010,11.38344671201814,MP3,MPEG_LAYER_III,2c37c4dcd9a7eec19f4b3783db66b840ea25785ac80ffa4aed8f3713055e0f1b
D:\other\Bird\Dataset\CC0\Brazilian Tinamou_sound\Brazilian Tinamou13.mp3,Brazilian Tinamou_sound\Brazilian Tinamou13.mp3,Brazilian Tinamou_sound,Brazilian Tinamou,Brazilian Tinamou13.mp3,272922,True,44100,1,502010,11.38344671201814,MP3,MPEG_LAYER_III,2c37c4dcd9a7eec19f4b3783db66b840ea25785ac80ffa4aed8f3713055e0f1b
D:\other\Bird\Dataset\CC0\Brazilian Tinamou_sound\Brazilian Tinamou14.mp3,Brazilian Tinamou_sound\Brazilian Tinamou14.mp3,Brazilian Tinamou_sound,Brazilian Tinamou,Brazilian Tinamou14.mp3,2297256,True,44100,1,6331193,143.5644671201814,MP3,MPEG_LAYER_III,59d222dd2004a2b4a109b9e23e8102d9fcb2add0c571b268160d7787dfe43ca7
D:\other\Bird\Dataset\CC0\Brazilian Tinamou_sound\Brazilian Tinamou15.mp3,Brazilian Tinamou_sound\Brazilian Tinamou15.mp3,Brazilian Tinamou_sound,Brazilian Tinamou,Brazilian Tinamou15.mp3,706861,True,44100,1,1948095,44.17448979591837,MP3,MPEG_LAYER_III,aea9395a0898a8a5947fffa2f472d2739f14706c1a87f8734349af5cfa176d43
D:\other\Bird\Dataset\CC0\Brazilian Tinamou_sound\Brazilian Tinamou16.mp3,Brazilian Tinamou_sound\Brazilian Tinamou16.mp3,Brazilian Tinamou_sound,Brazilian Tinamou,Brazilian Tinamou16.mp3,1347174,True,44100,1,3712785,84.19013605442177,MP3,MPEG_LAYER_III,4f5eda447200284645ff32019e6406f7d4cd74d0f201c5cfa423b081c4435c24
D:\other\Bird\Dataset\CC0\Brazilian Tinamou_sound\Brazilian Tinamou17.mp3,Brazilian Tinamou_sound\Brazilian Tinamou17.mp3,Brazilian Tinamou_sound,Brazilian Tinamou,Brazilian Tinamou17.mp3,1347174,True,44100,1,3712785,84.19013605442177,MP3,MPEG_LAYER_III,4f5eda447200284645ff32019e6406f7d4cd74d0f201c5cfa423b081c4435c24
D:\other\Bird\Dataset\CC0\Brazilian Tinamou_sound\Brazilian Tinamou18.mp3,Brazilian Tinamou_sound\Brazilian Tinamou18.mp3,Brazilian Tinamou_sound,Brazilian Tinamou,Brazilian Tinamou18.mp3,1807902,True,44100,1,6623241,150.18687074829933,MP3,MPEG_LAYER_III,758a70c654b5ad58f2d754e6b3953547d87890199f47c4b9bb82b13b890b17ab
D:\other\Bird\Dataset\CC0\Brazilian Tinamou_sound\Brazilian Tinamou19.mp3,Brazilian Tinamou_sound\Brazilian Tinamou19.mp3,Brazilian Tinamou_sound,Brazilian Tinamou,Brazilian Tinamou19.mp3,943040,True,44100,1,3445190,78.12222222222222,MP3,MPEG_LAYER_III,d33654881f11667b15b77ccc74e22c14aede2db4ca991baf8a3ada001b3bd1f9
D:\other\Bird\Dataset\CC0\Brazilian Tinamou_sound\Brazilian Tinamou2.mp3,Brazilian Tinamou_sound\Brazilian Tinamou2.mp3,Brazilian Tinamou_sound,Brazilian Tinamou,Brazilian Tinamou2.mp3,55903,True,44100,1,61627,1.397437641723356,MP3,MPEG_LAYER_III,553858d4ca720214568b13cb2ece30285e4f88d04062c895502d31663682a4b3
D:\other\Bird\Dataset\CC0\Brazilian Tinamou_sound\Brazilian Tinamou20.mp3,Brazilian Tinamou_sound\Brazilian Tinamou20.mp3,Brazilian Tinamou_sound,Brazilian Tinamou,Brazilian Tinamou20.mp3,817248,True,44100,1,4504639,102.14600907029478,MP3,MPEG_LAYER_III,9f8d64a5ca75ca78f2dfd9498c825f62b7bef00bce39a405e1f6c526c40f4ae8
D:\other\Bird\Dataset\CC0\Brazilian Tinamou_sound\Brazilian Tinamou21.mp3,Brazilian Tinamou_sound\Brazilian Tinamou21.mp3,Brazilian Tinamou_sound,Brazilian Tinamou,Brazilian Tinamou21.mp3,817248,True,44100,1,4504639,102.14600907029478,MP3,MPEG_LAYER_III,9f8d64a5ca75ca78f2dfd9498c825f62b7bef00bce39a405e1f6c526c40f4ae8
D:\other\Bird\Dataset\CC0\Brazilian Tinamou_sound\Brazilian Tinamou22.mp3,Brazilian Tinamou_sound\Brazilian Tinamou22.mp3,Brazilian Tinamou_sound,Brazilian Tinamou,Brazilian Tinamou22.mp3,1786110,True,48000,1,5341538,111.28204166666667,MP3,MPEG_LAYER_III,e62a09104e271803f2a6a3762d9a9200899368b739f44eafa842b18a27b3e0dd
D:\other\Bird\Dataset\CC0\Brazilian Tinamou_sound\Brazilian Tinamou23.mp3,Brazilian Tinamou_sound\Brazilian Tinamou23.mp3,Brazilian Tinamou_sound,Brazilian Tinamou,Brazilian Tinamou23.mp3,2169033,True,48000,1,8676132,180.75275,MP3,MPEG_LAYER_III,bcdc4f2b96504ff0e84fa994acd0ada664a828a43f8e4e92505284366b334f45
D:\other\Bird\Dataset\CC0\Brazilian Tinamou_sound\Brazilian Tinamou24.mp3,Brazilian Tinamou_sound\Brazilian Tinamou24.mp3,Brazilian Tinamou_sound,Brazilian Tinamou,Brazilian Tinamou24.mp3,990809,True,44100,1,4373225,99.16609977324264,MP3,MPEG_LAYER_III,76e9f3bdb3eac4d0e8ae997d66cc231271ba5357ac98711804b458e18780280f
D:\other\Bird\Dataset\CC0\Brazilian Tinamou_sound\Brazilian Tinamou25.mp3,Brazilian Tinamou_sound\Brazilian Tinamou25.mp3,Brazilian Tinamou_sound,Brazilian Tinamou,Brazilian Tinamou25.mp3,620277,True,44100,1,1368604,31.034104308390024,MP3,MPEG_LAYER_III,d30b8aff4d98db030d5dc13125af975d51ec5fb8052b86989468ee1983743deb
D:\other\Bird\Dataset\CC0\Brazilian Tinamou_sound\Brazilian Tinamou26.mp3,Brazilian Tinamou_sound\Brazilian Tinamou26.mp3,Brazilian Tinamou_sound,Brazilian Tinamou,Brazilian Tinamou26.mp3,1147358,True,44100,1,3162096,71.70285714285714,MP3,MPEG_LAYER_III,054d0e218218f83b887274394116667497539fb3389a5976cb564589bcde3dae
D:\other\Bird\Dataset\CC0\Brazilian Tinamou_sound\Brazilian Tinamou27.mp3,Brazilian Tinamou_sound\Brazilian Tinamou27.mp3,Brazilian Tinamou_sound,Brazilian Tinamou,Brazilian Tinamou27.mp3,2040990,True,44100,1,5624929,127.549410430839,MP3,MPEG_LAYER_III,e5a739ffdd01cec425afd5f7f27331a80b1dbda49d9c583fb48aa8bd51ac364b
D:\other\Bird\Dataset\CC0\Brazilian Tinamou_sound\Brazilian Tinamou28.mp3,Brazilian Tinamou_sound\Brazilian Tinamou28.mp3,Brazilian Tinamou_sound,Brazilian Tinamou,Brazilian Tinamou28.mp3,2040990,True,44100,1,5624929,127.549410430839,MP3,MPEG_LAYER_III,e5a739ffdd01cec425afd5f7f27331a80b1dbda49d9c583fb48aa8bd51ac364b
D:\other\Bird\Dataset\CC0\Brazilian Tinamou_sound\Brazilian Tinamou29.mp3,Brazilian Tinamou_sound\Brazilian Tinamou29.mp3,Brazilian Tinamou_sound,Brazilian Tinamou,Brazilian Tinamou29.mp3,458161,True,44100,1,2525365,57.26451247165533,MP3,MPEG_LAYER_III,0721b475bff85c1bbb2b3b166e921889de98455c066a6fadacb3840a4436a24e
D:\other\Bird\Dataset\CC0\Brazilian Tinamou_sound\Brazilian Tinamou3.mp3,Brazilian Tinamou_sound\Brazilian Tinamou3.mp3,Brazilian Tinamou_sound,Brazilian Tinamou,Brazilian Tinamou3.mp3,277476,True,44100,2,297651,6.749455782312925,MP3,MPEG_LAYER_III,43374aa3f98c04ef089b2258a6785602b6cf87f48b8551fb879011a6f56b1ad8
D:\other\Bird\Dataset\CC0\Brazilian Tinamou_sound\Brazilian Tinamou30.mp3,Brazilian Tinamou_sound\Brazilian Tinamou30.mp3,Brazilian Tinamou_sound,Brazilian Tinamou,Brazilian Tinamou30.mp3,458161,True,44100,1,2525365,57.26451247165533,MP3,MPEG_LAYER_III,0721b475bff85c1bbb2b3b166e921889de98455c066a6fadacb3840a4436a24e
D:\other\Bird\Dataset\CC0\Brazilian Tinamou_sound\Brazilian Tinamou31.mp3,Brazilian Tinamou_sound\Brazilian Tinamou31.mp3,Brazilian Tinamou_sound,Brazilian Tinamou,Brazilian Tinamou31.mp3,458161,True,44100,1,2525365,57.26451247165533,MP3,MPEG_LAYER_III,0721b475bff85c1bbb2b3b166e921889de98455c066a6fadacb3840a4436a24e
D:\other\Bird\Dataset\CC0\Brazilian Tinamou_sound\Brazilian Tinamou4.mp3,Brazilian Tinamou_sound\Brazilian Tinamou4.mp3,Brazilian Tinamou_sound,Brazilian Tinamou,Brazilian Tinamou4.mp3,1021925,True,44100,2,2372739,53.803605442176874,MP3,MPEG_LAYER_III,a4326a12d64e66a59280997f3cd79ff5f86a1511011cc6d418241db0f5ae73a6
D:\other\Bird\Dataset\CC0\Brazilian Tinamou_sound\Brazilian Tinamou5.mp3,Brazilian Tinamou_sound\Brazilian Tinamou5.mp3,Brazilian Tinamou_sound,Brazilian Tinamou,Brazilian Tinamou5.mp3,2254188,True,44100,1,6212498,140.87297052154196,MP3,MPEG_LAYER_III,7a75fb36a66a1b8a97960cda449fcf6ec94c82259501c84bb3f83f07aaa4b36a
D:\other\Bird\Dataset\CC0\Brazilian Tinamou_sound\Brazilian Tinamou6.mp3,Brazilian Tinamou_sound\Brazilian Tinamou6.mp3,Brazilian Tinamou_sound,Brazilian Tinamou,Brazilian Tinamou6.mp3,2254188,True,44100,1,6212498,140.87297052154196,MP3,MPEG_LAYER_III,7a75fb36a66a1b8a97960cda449fcf6ec94c82259501c84bb3f83f07aaa4b36a
D:\other\Bird\Dataset\CC0\Brazilian Tinamou_sound\Brazilian Tinamou7.mp3,Brazilian Tinamou_sound\Brazilian Tinamou7.mp3,Brazilian Tinamou_sound,Brazilian Tinamou,Brazilian Tinamou7.mp3,2254188,True,44100,1,6212498,140.87297052154196,MP3,MPEG_LAYER_III,7a75fb36a66a1b8a97960cda449fcf6ec94c82259501c84bb3f83f07aaa4b36a
D:\other\Bird\Dataset\CC0\Brazilian Tinamou_sound\Brazilian Tinamou8.mp3,Brazilian Tinamou_sound\Brazilian Tinamou8.mp3,Brazilian Tinamou_sound,Brazilian Tinamou,Brazilian Tinamou8.mp3,2254188,True,44100,1,6212498,140.87297052154196,MP3,MPEG_LAYER_III,7a75fb36a66a1b8a97960cda449fcf6ec94c82259501c84bb3f83f07aaa4b36a
D:\other\Bird\Dataset\CC0\Brazilian Tinamou_sound\Brazilian Tinamou9.mp3,Brazilian Tinamou_sound\Brazilian Tinamou9.mp3,Brazilian Tinamou_sound,Brazilian Tinamou,Brazilian Tinamou9.mp3,2254188,True,44100,1,6212498,140.87297052154196,MP3,MPEG_LAYER_III,7a75fb36a66a1b8a97960cda449fcf6ec94c82259501c84bb3f83f07aaa4b36a
D:\other\Bird\Dataset\CC0\Brown Tinamou_sound\Brown Tinamou10.mp3,Brown Tinamou_sound\Brown Tinamou10.mp3,Brown Tinamou_sound,Brown Tinamou,Brown Tinamou10.mp3,123045,True,44100,2,322816,7.320090702947846,MP3,MPEG_LAYER_III,917a81e90c9ba6996e2ae8e6391266fc737cdbb9a8b25aae063b347d5c44b140
D:\other\Bird\Dataset\CC0\Brown Tinamou_sound\Brown Tinamou11.mp3,Brown Tinamou_sound\Brown Tinamou11.mp3,Brown Tinamou_sound,Brown Tinamou,Brown Tinamou11.mp3,7744867,True,44100,1,21344705,484.00691609977326,MP3,MPEG_LAYER_III,c9b3124425e848c58b6e9f537c93840dd67f97dc100cea082fbca9d2d326098f
D:\other\Bird\Dataset\CC0\Brown Tinamou_sound\Brown Tinamou12.mp3,Brown Tinamou_sound\Brown Tinamou12.mp3,Brown Tinamou_sound,Brown Tinamou,Brown Tinamou12.mp3,7744867,True,44100,1,21344705,484.00691609977326,MP3,MPEG_LAYER_III,c9b3124425e848c58b6e9f537c93840dd67f97dc100cea082fbca9d2d326098f
D:\other\Bird\Dataset\CC0\Brown Tinamou_sound\Brown Tinamou13.mp3,Brown Tinamou_sound\Brown Tinamou13.mp3,Brown Tinamou_sound,Brown Tinamou,Brown Tinamou13.mp3,7744867,True,44100,1,21344705,484.00691609977326,MP3,MPEG_LAYER_III,c9b3124425e848c58b6e9f537c93840dd67f97dc100cea082fbca9d2d326098f
D:\other\Bird\Dataset\CC0\Brown Tinamou_sound\Brown Tinamou14.mp3,Brown Tinamou_sound\Brown Tinamou14.mp3,Brown Tinamou_sound,Brown Tinamou,Brown Tinamou14.mp3,7744867,True,44100,1,21344705,484.00691609977326,MP3,MPEG_LAYER_III,c9b3124425e848c58b6e9f537c93840dd67f97dc100cea082fbca9d2d326098f
D:\other\Bird\Dataset\CC0\Brown Tinamou_sound\Brown Tinamou15.mp3,Brown Tinamou_sound\Brown Tinamou15.mp3,Brown Tinamou_sound,Brown Tinamou,Brown Tinamou15.mp3,7744867,True,44100,1,21344705,484.00691609977326,MP3,MPEG_LAYER_III,c9b3124425e848c58b6e9f537c93840dd67f97dc100cea082fbca9d2d326098f
D:\other\Bird\Dataset\CC0\Brown Tinamou_sound\Brown Tinamou16.mp3,Brown Tinamou_sound\Brown Tinamou16.mp3,Brown Tinamou_sound,Brown Tinamou,Brown Tinamou16.mp3,7744867,True,44100,1,21344705,484.00691609977326,MP3,MPEG_LAYER_III,c9b3124425e848c58b6e9f537c93840dd67f97dc100cea082fbca9d2d326098f
D:\other\Bird\Dataset\CC0\Brown Tinamou_sound\Brown Tinamou17.mp3,Brown Tinamou_sound\Brown Tinamou17.mp3,Brown Tinamou_sound,Brown Tinamou,Brown Tinamou17.mp3,798944,True,48000,1,1597632,33.284,MP3,MPEG_LAYER_III,92c5ee5f9a11890bfb6452a6d40328416b10b95a00536eca581dedab57bd9b9d
D:\other\Bird\Dataset\CC0\Brown Tinamou_sound\Brown Tinamou18.mp3,Brown Tinamou_sound\Brown Tinamou18.mp3,Brown Tinamou_sound,Brown Tinamou,Brown Tinamou18.mp3,798944,True,48000,1,1597632,33.284,MP3,MPEG_LAYER_III,92c5ee5f9a11890bfb6452a6d40328416b10b95a00536eca581dedab57bd9b9d
D:\other\Bird\Dataset\CC0\Brown Tinamou_sound\Brown Tinamou19.mp3,Brown Tinamou_sound\Brown Tinamou19.mp3,Brown Tinamou_sound,Brown Tinamou,Brown Tinamou19.mp3,798944,True,48000,1,1597632,33.284,MP3,MPEG_LAYER_III,92c5ee5f9a11890bfb6452a6d40328416b10b95a00536eca581dedab57bd9b9d
D:\other\Bird\Dataset\CC0\Brown Tinamou_sound\Brown Tinamou2.mp3,Brown Tinamou_sound\Brown Tinamou2.mp3,Brown Tinamou_sound,Brown Tinamou,Brown Tinamou2.mp3,831390,True,48000,2,997668,20.78475,MP3,MPEG_LAYER_III,3fd61e5d0c7e6566773823990ef008373018a68c2a5b38489ababcbc883f7564
D:\other\Bird\Dataset\CC0\Brown Tinamou_sound\Brown Tinamou20.mp3,Brown Tinamou_sound\Brown Tinamou20.mp3,Brown Tinamou_sound,Brown Tinamou,Brown Tinamou20.mp3,798944,True,48000,1,1597632,33.284,MP3,MPEG_LAYER_III,92c5ee5f9a11890bfb6452a6d40328416b10b95a00536eca581dedab57bd9b9d
D:\other\Bird\Dataset\CC0\Brown Tinamou_sound\Brown Tinamou21.mp3,Brown Tinamou_sound\Brown Tinamou21.mp3,Brown Tinamou_sound,Brown Tinamou,Brown Tinamou21.mp3,3302661,True,44100,2,9123898,206.89111111111112,MP3,MPEG_LAYER_III,dbe40ae1043cf0dd60530a84d5fd6f22097b95917dd1e20645ab28ea3a0533bd
D:\other\Bird\Dataset\CC0\Brown Tinamou_sound\Brown Tinamou22.mp3,Brown Tinamou_sound\Brown Tinamou22.mp3,Brown Tinamou_sound,Brown Tinamou,Brown Tinamou22.mp3,3274356,True,44100,2,9024062,204.62725623582767,MP3,MPEG_LAYER_III,9725e38462514173a8a193fe81b18739ecb8957ae3c9be2543b280984cab992e
D:\other\Bird\Dataset\CC0\Brown Tinamou_sound\Brown Tinamou23.mp3,Brown Tinamou_sound\Brown Tinamou23.mp3,Brown Tinamou_sound,Brown Tinamou,Brown Tinamou23.mp3,1051160,True,44100,2,2903924,65.84861678004535,MP3,MPEG_LAYER_III,2d8be3458595aac2e7b60496a3c390cd0fc33bc57479769a37dbafa5da6f6584
D:\other\Bird\Dataset\CC0\Brown Tinamou_sound\Brown Tinamou24.mp3,Brown Tinamou_sound\Brown Tinamou24.mp3,Brown Tinamou_sound,Brown Tinamou,Brown Tinamou24.mp3,421546,True,44100,1,1161772,26.34403628117914,MP3,MPEG_LAYER_III,dd4029ca94972477daf7a6f2ab74eaf0b7255b36297bdca3f00ba7a774c96e83
D:\other\Bird\Dataset\CC0\Brown Tinamou_sound\Brown Tinamou25.mp3,Brown Tinamou_sound\Brown Tinamou25.mp3,Brown Tinamou_sound,Brown Tinamou,Brown Tinamou25.mp3,421546,True,44100,1,1161772,26.34403628117914,MP3,MPEG_LAYER_III,dd4029ca94972477daf7a6f2ab74eaf0b7255b36297bdca3f00ba7a774c96e83
D:\other\Bird\Dataset\CC0\Brown Tinamou_sound\Brown Tinamou26.mp3,Brown Tinamou_sound\Brown Tinamou26.mp3,Brown Tinamou_sound,Brown Tinamou,Brown Tinamou26.mp3,421546,True,44100,1,1161772,26.34403628117914,MP3,MPEG_LAYER_III,dd4029ca94972477daf7a6f2ab74eaf0b7255b36297bdca3f00ba7a774c96e83
D:\other\Bird\Dataset\CC0\Brown Tinamou_sound\Brown Tinamou27.mp3,Brown Tinamou_sound\Brown Tinamou27.mp3,Brown Tinamou_sound,Brown Tinamou,Brown Tinamou27.mp3,421546,True,44100,1,1161772,26.34403628117914,MP3,MPEG_LAYER_III,dd4029ca94972477daf7a6f2ab74eaf0b7255b36297bdca3f00ba7a774c96e83
D:\other\Bird\Dataset\CC0\Brown Tinamou_sound\Brown Tinamou28.mp3,Brown Tinamou_sound\Brown Tinamou28.mp3,Brown Tinamou_sound,Brown Tinamou,Brown Tinamou28.mp3,2407391,True,48000,1,4814526,100.302625,MP3,MPEG_LAYER_III,29252cb58c7d2f44d79fa7c857c7632bc37bca48a9fe6ec8d622132521b92310
D:\other\Bird\Dataset\CC0\Brown Tinamou_sound\Brown Tinamou29.mp3,Brown Tinamou_sound\Brown Tinamou29.mp3,Brown Tinamou_sound,Brown Tinamou,Brown Tinamou29.mp3,1441947,True,48000,1,2883638,60.07579166666667,MP3,MPEG_LAYER_III,6a72d0677a5506e7f02cd3b4af395ca6768932ddb5f70dcea2e4096ff1f1076c
D:\other\Bird\Dataset\CC0\Brown Tinamou_sound\Brown Tinamou3.mp3,Brown Tinamou_sound\Brown Tinamou3.mp3,Brown Tinamou_sound,Brown Tinamou,Brown Tinamou3.mp3,1059871,True,48000,2,1271845,26.496770833333333,MP3,MPEG_LAYER_III,fe48bad081d678a57f13a8c068dc1856ba3880814710c29ca69a558a510c933e
D:\other\Bird\Dataset\CC0\Brown Tinamou_sound\Brown Tinamou30.mp3,Brown Tinamou_sound\Brown Tinamou30.mp3,Brown Tinamou_sound,Brown Tinamou,Brown Tinamou30.mp3,1441947,True,48000,1,2883638,60.07579166666667,MP3,MPEG_LAYER_III,6a72d0677a5506e7f02cd3b4af395ca6768932ddb5f70dcea2e4096ff1f1076c
D:\other\Bird\Dataset\CC0\Brown Tinamou_sound\Brown Tinamou31.mp3,Brown Tinamou_sound\Brown Tinamou31.mp3,Brown Tinamou_sound,Brown Tinamou,Brown Tinamou31.mp3,3040011,True,44100,1,8378212,189.9821315192744,MP3,MPEG_LAYER_III,19d99998f25981db7b966bd96aeb632eb3d4d2e0bcfa2c0d1204eb87cca51a8c
D:\other\Bird\Dataset\CC0\Brown Tinamou_sound\Brown Tinamou4.mp3,Brown Tinamou_sound\Brown Tinamou4.mp3,Brown Tinamou_sound,Brown Tinamou,Brown Tinamou4.mp3,2875231,True,48000,2,3450277,71.88077083333333,MP3,MPEG_LAYER_III,08e74d1614aaff7b4a3e99172d40bfe0d4296221cb0462939e0fe09400ef0af3
D:\other\Bird\Dataset\CC0\Brown Tinamou_sound\Brown Tinamou5.mp3,Brown Tinamou_sound\Brown Tinamou5.mp3,Brown Tinamou_sound,Brown Tinamou,Brown Tinamou5.mp3,2875231,True,48000,2,3450277,71.88077083333333,MP3,MPEG_LAYER_III,08e74d1614aaff7b4a3e99172d40bfe0d4296221cb0462939e0fe09400ef0af3
D:\other\Bird\Dataset\CC0\Brown Tinamou_sound\Brown Tinamou6.mp3,Brown Tinamou_sound\Brown Tinamou6.mp3,Brown Tinamou_sound,Brown Tinamou,Brown Tinamou6.mp3,2875231,True,48000,2,3450277,71.88077083333333,MP3,MPEG_LAYER_III,08e74d1614aaff7b4a3e99172d40bfe0d4296221cb0462939e0fe09400ef0af3
D:\other\Bird\Dataset\CC0\Brown Tinamou_sound\Brown Tinamou7.mp3,Brown Tinamou_sound\Brown Tinamou7.mp3,Brown Tinamou_sound,Brown Tinamou,Brown Tinamou7.mp3,485409,True,44100,1,526554,11.94,MP3,MPEG_LAYER_III,c268f7febac331fdbac71a328c23eb10810b98ba2fe38c7b59ca37e3692956e5
D:\other\Bird\Dataset\CC0\Brown Tinamou_sound\Brown Tinamou8.mp3,Brown Tinamou_sound\Brown Tinamou8.mp3,Brown Tinamou_sound,Brown Tinamou,Brown Tinamou8.mp3,485409,True,44100,1,526554,11.94,MP3,MPEG_LAYER_III,c268f7febac331fdbac71a328c23eb10810b98ba2fe38c7b59ca37e3692956e5
D:\other\Bird\Dataset\CC0\Brown Tinamou_sound\Brown Tinamou9.mp3,Brown Tinamou_sound\Brown Tinamou9.mp3,Brown Tinamou_sound,Brown Tinamou,Brown Tinamou9.mp3,123045,True,44100,2,322816,7.320090702947846,MP3,MPEG_LAYER_III,917a81e90c9ba6996e2ae8e6391266fc737cdbb9a8b25aae063b347d5c44b140
D:\other\Bird\Dataset\CC0\Brushland Tinamou_sound\Brushland Tinamou10.mp3,Brushland Tinamou_sound\Brushland Tinamou10.mp3,Brushland Tinamou_sound,Brushland Tinamou,Brushland Tinamou10.mp3,819709,True,44100,2,1506068,34.15120181405896,MP3,MPEG_LAYER_III,84058c2efa1a75c889019fe5e04321d56ba652c1dcea85365163ed733ac0f8e5
D:\other\Bird\Dataset\CC0\Brushland Tinamou_sound\Brushland Tinamou11.mp3,Brushland Tinamou_sound\Brushland Tinamou11.mp3,Brushland Tinamou_sound,Brushland Tinamou,Brushland Tinamou11.mp3,819709,True,44100,2,1506068,34.15120181405896,MP3,MPEG_LAYER_III,84058c2efa1a75c889019fe5e04321d56ba652c1dcea85365163ed733ac0f8e5
D:\other\Bird\Dataset\CC0\Brushland Tinamou_sound\Brushland Tinamou12.mp3,Brushland Tinamou_sound\Brushland Tinamou12.mp3,Brushland Tinamou_sound,Brushland Tinamou,Brushland Tinamou12.mp3,819709,True,44100,2,1506068,34.15120181405896,MP3,MPEG_LAYER_III,84058c2efa1a75c889019fe5e04321d56ba652c1dcea85365163ed733ac0f8e5
D:\other\Bird\Dataset\CC0\Brushland Tinamou_sound\Brushland Tinamou13.mp3,Brushland Tinamou_sound\Brushland Tinamou13.mp3,Brushland Tinamou_sound,Brushland Tinamou,Brushland Tinamou13.mp3,819709,True,44100,2,1506068,34.15120181405896,MP3,MPEG_LAYER_III,84058c2efa1a75c889019fe5e04321d56ba652c1dcea85365163ed733ac0f8e5
D:\other\Bird\Dataset\CC0\Brushland Tinamou_sound\Brushland Tinamou14.mp3,Brushland Tinamou_sound\Brushland Tinamou14.mp3,Brushland Tinamou_sound,Brushland Tinamou,Brushland Tinamou14.mp3,819709,True,44100,2,1506068,34.15120181405896,MP3,MPEG_LAYER_III,84058c2efa1a75c889019fe5e04321d56ba652c1dcea85365163ed733ac0f8e5
D:\other\Bird\Dataset\CC0\Brushland Tinamou_sound\Brushland Tinamou15.mp3,Brushland Tinamou_sound\Brushland Tinamou15.mp3,Brushland Tinamou_sound,Brushland Tinamou,Brushland Tinamou15.mp3,883634,True,48000,1,2120414,44.175291666666666,MP3,MPEG_LAYER_III,865163703d720ff6db0bbd1e9ed2a63327860ff282f9112ac12aec34cb46f5a8
D:\other\Bird\Dataset\CC0\Brushland Tinamou_sound\Brushland Tinamou16.mp3,Brushland Tinamou_sound\Brushland Tinamou16.mp3,Brushland Tinamou_sound,Brushland Tinamou,Brushland Tinamou16.mp3,1592094,True,44100,2,2925187,66.3307709750567,MP3,MPEG_LAYER_III,b20c98ec87530a917a25c2e34d1a007cd3a14d58e9fe6d6a66b5e9dea8345f67
D:\other\Bird\Dataset\CC0\Brushland Tinamou_sound\Brushland Tinamou17.mp3,Brushland Tinamou_sound\Brushland Tinamou17.mp3,Brushland Tinamou_sound,Brushland Tinamou,Brushland Tinamou17.mp3,1348198,True,44100,1,3715607,84.25412698412698,MP3,MPEG_LAYER_III,cc6ba2499d775c92d640e4718b640db34e20c621e674595878af78286a8d738e
D:\other\Bird\Dataset\CC0\Brushland Tinamou_sound\Brushland Tinamou18.mp3,Brushland Tinamou_sound\Brushland Tinamou18.mp3,Brushland Tinamou_sound,Brushland Tinamou,Brushland Tinamou18.mp3,755058,True,44100,1,2080925,47.18650793650794,MP3,MPEG_LAYER_III,2e900233b87ddb7b26c5cc33304355d49573622dff37250b654a0e944aa8c259
D:\other\Bird\Dataset\CC0\Brushland Tinamou_sound\Brushland Tinamou19.mp3,Brushland Tinamou_sound\Brushland Tinamou19.mp3,Brushland Tinamou_sound,Brushland Tinamou,Brushland Tinamou19.mp3,755058,True,44100,1,2080925,47.18650793650794,MP3,MPEG_LAYER_III,2e900233b87ddb7b26c5cc33304355d49573622dff37250b654a0e944aa8c259
D:\other\Bird\Dataset\CC0\Brushland Tinamou_sound\Brushland Tinamou2.mp3,Brushland Tinamou_sound\Brushland Tinamou2.mp3,Brushland Tinamou_sound,Brushland Tinamou,Brushland Tinamou2.mp3,24899,True,44100,1,137242,3.112063492063492,MP3,MPEG_LAYER_III,f36ff99e2bd24b1a8bd487353675a0ec62ff744465398861a8691ffef2b43a8c
D:\other\Bird\Dataset\CC0\Brushland Tinamou_sound\Brushland Tinamou20.mp3,Brushland Tinamou_sound\Brushland Tinamou20.mp3,Brushland Tinamou_sound,Brushland Tinamou,Brushland Tinamou20.mp3,755058,True,44100,1,2080925,47.18650793650794,MP3,MPEG_LAYER_III,2e900233b87ddb7b26c5cc33304355d49573622dff37250b654a0e944aa8c259
D:\other\Bird\Dataset\CC0\Brushland Tinamou_sound\Brushland Tinamou21.mp3,Brushland Tinamou_sound\Brushland Tinamou21.mp3,Brushland Tinamou_sound,Brushland Tinamou,Brushland Tinamou21.mp3,755058,True,44100,1,2080925,47.18650793650794,MP3,MPEG_LAYER_III,2e900233b87ddb7b26c5cc33304355d49573622dff37250b654a0e944aa8c259
D:\other\Bird\Dataset\CC0\Brushland Tinamou_sound\Brushland Tinamou22.mp3,Brushland Tinamou_sound\Brushland Tinamou22.mp3,Brushland Tinamou_sound,Brushland Tinamou,Brushland Tinamou22.mp3,755058,True,44100,1,2080925,47.18650793650794,MP3,MPEG_LAYER_III,2e900233b87ddb7b26c5cc33304355d49573622dff37250b654a0e944aa8c259
D:\other\Bird\Dataset\CC0\Brushland Tinamou_sound\Brushland Tinamou23.mp3,Brushland Tinamou_sound\Brushland Tinamou23.mp3,Brushland Tinamou_sound,Brushland Tinamou,Brushland Tinamou23.mp3,303976,True,44100,1,837752,18.996643990929705,MP3,MPEG_LAYER_III,33c83785b4fc458ce7ba747c8820aca88fdfda00f3e5df2001d6f5ef0ebe0b81
D:\other\Bird\Dataset\CC0\Brushland Tinamou_sound\Brushland Tinamou24.mp3,Brushland Tinamou_sound\Brushland Tinamou24.mp3,Brushland Tinamou_sound,Brushland Tinamou,Brushland Tinamou24.mp3,303976,True,44100,1,837752,18.996643990929705,MP3,MPEG_LAYER_III,33c83785b4fc458ce7ba747c8820aca88fdfda00f3e5df2001d6f5ef0ebe0b81
D:\other\Bird\Dataset\CC0\Brushland Tinamou_sound\Brushland Tinamou25.mp3,Brushland Tinamou_sound\Brushland Tinamou25.mp3,Brushland Tinamou_sound,Brushland Tinamou,Brushland Tinamou25.mp3,303976,True,44100,1,837752,18.996643990929705,MP3,MPEG_LAYER_III,33c83785b4fc458ce7ba747c8820aca88fdfda00f3e5df2001d6f5ef0ebe0b81
D:\other\Bird\Dataset\CC0\Brushland Tinamou_sound\Brushland Tinamou26.mp3,Brushland Tinamou_sound\Brushland Tinamou26.mp3,Brushland Tinamou_sound,Brushland Tinamou,Brushland Tinamou26.mp3,303976,True,44100,1,837752,18.996643990929705,MP3,MPEG_LAYER_III,33c83785b4fc458ce7ba747c8820aca88fdfda00f3e5df2001d6f5ef0ebe0b81
D:\other\Bird\Dataset\CC0\Brushland Tinamou_sound\Brushland Tinamou27.mp3,Brushland Tinamou_sound\Brushland Tinamou27.mp3,Brushland Tinamou_sound,Brushland Tinamou,Brushland Tinamou27.mp3,303976,True,44100,1,837752,18.996643990929705,MP3,MPEG_LAYER_III,33c83785b4fc458ce7ba747c8820aca88fdfda00f3e5df2001d6f5ef0ebe0b81
D:\other\Bird\Dataset\CC0\Brushland Tinamou_sound\Brushland Tinamou3.mp3,Brushland Tinamou_sound\Brushland Tinamou3.mp3,Brushland Tinamou_sound,Brushland Tinamou,Brushland Tinamou3.mp3,24899,True,44100,1,137242,3.112063492063492,MP3,MPEG_LAYER_III,f36ff99e2bd24b1a8bd487353675a0ec62ff744465398861a8691ffef2b43a8c
D:\other\Bird\Dataset\CC0\Brushland Tinamou_sound\Brushland Tinamou4.mp3,Brushland Tinamou_sound\Brushland Tinamou4.mp3,Brushland Tinamou_sound,Brushland Tinamou,Brushland Tinamou4.mp3,142263,True,22050,1,447778,20.30739229024943,MP3,MPEG_LAYER_III,403bfdfe843ab653b5fe000a00a4a901660e65c0e5c407c5d3d604b3f82bbc84
D:\other\Bird\Dataset\CC0\Brushland Tinamou_sound\Brushland Tinamou5.mp3,Brushland Tinamou_sound\Brushland Tinamou5.mp3,Brushland Tinamou_sound,Brushland Tinamou,Brushland Tinamou5.mp3,142263,True,22050,1,447778,20.30739229024943,MP3,MPEG_LAYER_III,403bfdfe843ab653b5fe000a00a4a901660e65c0e5c407c5d3d604b3f82bbc84
D:\other\Bird\Dataset\CC0\Brushland Tinamou_sound\Brushland Tinamou6.mp3,Brushland Tinamou_sound\Brushland Tinamou6.mp3,Brushland Tinamou_sound,Brushland Tinamou,Brushland Tinamou6.mp3,819709,True,44100,2,1506068,34.15120181405896,MP3,MPEG_LAYER_III,84058c2efa1a75c889019fe5e04321d56ba652c1dcea85365163ed733ac0f8e5
D:\other\Bird\Dataset\CC0\Brushland Tinamou_sound\Brushland Tinamou7.mp3,Brushland Tinamou_sound\Brushland Tinamou7.mp3,Brushland Tinamou_sound,Brushland Tinamou,Brushland Tinamou7.mp3,819709,True,44100,2,1506068,34.15120181405896,MP3,MPEG_LAYER_III,84058c2efa1a75c889019fe5e04321d56ba652c1dcea85365163ed733ac0f8e5
D:\other\Bird\Dataset\CC0\Brushland Tinamou_sound\Brushland Tinamou8.mp3,Brushland Tinamou_sound\Brushland Tinamou8.mp3,Brushland Tinamou_sound,Brushland Tinamou,Brushland Tinamou8.mp3,819709,True,44100,2,1506068,34.15120181405896,MP3,MPEG_LAYER_III,84058c2efa1a75c889019fe5e04321d56ba652c1dcea85365163ed733ac0f8e5
D:\other\Bird\Dataset\CC0\Brushland Tinamou_sound\Brushland Tinamou9.mp3,Brushland Tinamou_sound\Brushland Tinamou9.mp3,Brushland Tinamou_sound,Brushland Tinamou,Brushland Tinamou9.mp3,819709,True,44100,2,1506068,34.15120181405896,MP3,MPEG_LAYER_III,84058c2efa1a75c889019fe5e04321d56ba652c1dcea85365163ed733ac0f8e5
D:\other\Bird\Dataset\CC0\Buff-browed Chachalaca_sound\Buff-browed Chachalaca10.mp3,Buff-browed Chachalaca_sound\Buff-browed Chachalaca10.mp3,Buff-browed Chachalaca_sound,Buff-browed Chachalaca,Buff-browed Chachalaca10.mp3,1258602,True,44100,1,1387473,31.461972789115645,MP3,MPEG_LAYER_III,83f21009a2b213589d97a69956db385531a2db2a79ea147f074c4f2d11d109e9
D:\other\Bird\Dataset\CC0\Buff-browed Chachalaca_sound\Buff-browed Chachalaca11.mp3,Buff-browed Chachalaca_sound\Buff-browed Chachalaca11.mp3,Buff-browed Chachalaca_sound,Buff-browed Chachalaca,Buff-browed Chachalaca11.mp3,1141792,True,44100,2,3130613,70.98895691609977,MP3,MPEG_LAYER_III,5c5ecd374b82f56412d74e5e89654d7966ba16d4d270eb22ab7460667a9d21ea
D:\other\Bird\Dataset\CC0\Buff-browed Chachalaca_sound\Buff-browed Chachalaca2.mp3,Buff-browed Chachalaca_sound\Buff-browed Chachalaca2.mp3,Buff-browed Chachalaca_sound,Buff-browed Chachalaca,Buff-browed Chachalaca2.mp3,313152,True,44100,2,847123,19.209138321995464,MP3,MPEG_LAYER_III,4e9d50ca7a3394e6529dd40ccc0b1244276dc7169e4887a0cd06469942df9607
D:\other\Bird\Dataset\CC0\Buff-browed Chachalaca_sound\Buff-browed Chachalaca3.mp3,Buff-browed Chachalaca_sound\Buff-browed Chachalaca3.mp3,Buff-browed Chachalaca_sound,Buff-browed Chachalaca,Buff-browed Chachalaca3.mp3,313152,True,44100,2,847123,19.209138321995464,MP3,MPEG_LAYER_III,4e9d50ca7a3394e6529dd40ccc0b1244276dc7169e4887a0cd06469942df9607
D:\other\Bird\Dataset\CC0\Buff-browed Chachalaca_sound\Buff-browed Chachalaca4.mp3,Buff-browed Chachalaca_sound\Buff-browed Chachalaca4.mp3,Buff-browed Chachalaca_sound,Buff-browed Chachalaca,Buff-browed Chachalaca4.mp3,313152,True,44100,2,847123,19.209138321995464,MP3,MPEG_LAYER_III,4e9d50ca7a3394e6529dd40ccc0b1244276dc7169e4887a0cd06469942df9607
D:\other\Bird\Dataset\CC0\Buff-browed Chachalaca_sound\Buff-browed Chachalaca5.mp3,Buff-browed Chachalaca_sound\Buff-browed Chachalaca5.mp3,Buff-browed Chachalaca_sound,Buff-browed Chachalaca,Buff-browed Chachalaca5.mp3,270521,True,48000,1,324471,6.7598125,MP3,MPEG_LAYER_III,d07ab369d04ec9c071bc7908c63e5acff9f0469a5bd5bfb2b13e5c7dc0b5bc42
D:\other\Bird\Dataset\CC0\Buff-browed Chachalaca_sound\Buff-browed Chachalaca6.mp3,Buff-browed Chachalaca_sound\Buff-browed Chachalaca6.mp3,Buff-browed Chachalaca_sound,Buff-browed Chachalaca,Buff-browed Chachalaca6.mp3,409740,True,48000,1,491534,10.240291666666666,MP3,MPEG_LAYER_III,5404f5b0b85fb03b6559e300182dcee4d92914056cdbcc145f726d3ab619358f
D:\other\Bird\Dataset\CC0\Buff-browed Chachalaca_sound\Buff-browed Chachalaca7.mp3,Buff-browed Chachalaca_sound\Buff-browed Chachalaca7.mp3,Buff-browed Chachalaca_sound,Buff-browed Chachalaca,Buff-browed Chachalaca7.mp3,409740,True,48000,1,491534,10.240291666666666,MP3,MPEG_LAYER_III,5404f5b0b85fb03b6559e300182dcee4d92914056cdbcc145f726d3ab619358f
D:\other\Bird\Dataset\CC0\Buff-browed Chachalaca_sound\Buff-browed Chachalaca8.mp3,Buff-browed Chachalaca_sound\Buff-browed Chachalaca8.mp3,Buff-browed Chachalaca_sound,Buff-browed Chachalaca,Buff-browed Chachalaca8.mp3,500550,True,22050,1,1379153,62.546621315192745,MP3,MPEG_LAYER_III,32bc5c2fd51b61cce134524467c180ac39759dde98cb90522bb723f0e482b0d9
D:\other\Bird\Dataset\CC0\Buff-browed Chachalaca_sound\Buff-browed Chachalaca9.mp3,Buff-browed Chachalaca_sound\Buff-browed Chachalaca9.mp3,Buff-browed Chachalaca_sound,Buff-browed Chachalaca,Buff-browed Chachalaca9.mp3,1258602,True,44100,1,1387473,31.461972789115645,MP3,MPEG_LAYER_III,83f21009a2b213589d97a69956db385531a2db2a79ea147f074c4f2d11d109e9
D:\other\Bird\Dataset\CC0\Cauca Guan_sound\Cauca Guan10.mp3,Cauca Guan_sound\Cauca Guan10.mp3,Cauca Guan_sound,Cauca Guan,Cauca Guan10.mp3,294844,True,44100,2,796962,18.07170068027211,MP3,MPEG_LAYER_III,224afe202af922d467d0fc78690b991b5403c85dc475e7e99b23a237ca5ed309
D:\other\Bird\Dataset\CC0\Cauca Guan_sound\Cauca Guan11.mp3,Cauca Guan_sound\Cauca Guan11.mp3,Cauca Guan_sound,Cauca Guan,Cauca Guan11.mp3,294844,True,44100,2,796962,18.07170068027211,MP3,MPEG_LAYER_III,224afe202af922d467d0fc78690b991b5403c85dc475e7e99b23a237ca5ed309
D:\other\Bird\Dataset\CC0\Cauca Guan_sound\Cauca Guan12.mp3,Cauca Guan_sound\Cauca Guan12.mp3,Cauca Guan_sound,Cauca Guan,Cauca Guan12.mp3,294844,True,44100,2,796962,18.07170068027211,MP3,MPEG_LAYER_III,224afe202af922d467d0fc78690b991b5403c85dc475e7e99b23a237ca5ed309
D:\other\Bird\Dataset\CC0\Cauca Guan_sound\Cauca Guan13.mp3,Cauca Guan_sound\Cauca Guan13.mp3,Cauca Guan_sound,Cauca Guan,Cauca Guan13.mp3,294844,True,44100,2,796962,18.07170068027211,MP3,MPEG_LAYER_III,224afe202af922d467d0fc78690b991b5403c85dc475e7e99b23a237ca5ed309
D:\other\Bird\Dataset\CC0\Cauca Guan_sound\Cauca Guan14.mp3,Cauca Guan_sound\Cauca Guan14.mp3,Cauca Guan_sound,Cauca Guan,Cauca Guan14.mp3,10799714,True,44100,2,11898757,269.81308390022673,MP3,MPEG_LAYER_III,657420af4252fe0d95d9a27b7e836d83c0ae7338a6b338bf1a868b9cc7fff8be
D:\other\Bird\Dataset\CC0\Cauca Guan_sound\Cauca Guan15.mp3,Cauca Guan_sound\Cauca Guan15.mp3,Cauca Guan_sound,Cauca Guan,Cauca Guan15.mp3,2492280,True,44100,1,6853208,155.40154195011337,MP3,MPEG_LAYER_III,65b237be98f6df3348974cd8fa4343f3d74eccf9f8d3d508b016f4f88eb3c202
D:\other\Bird\Dataset\CC0\Cauca Guan_sound\Cauca Guan16.mp3,Cauca Guan_sound\Cauca Guan16.mp3,Cauca Guan_sound,Cauca Guan,Cauca Guan16.mp3,11232660,True,44100,1,30943696,701.6711111111111,MP3,MPEG_LAYER_III,0af4799f510202ac1a370e69a4af84691cfb7a7283cf2eb34556ed24baea6407
D:\other\Bird\Dataset\CC0\Cauca Guan_sound\Cauca Guan17.mp3,Cauca Guan_sound\Cauca Guan17.mp3,Cauca Guan_sound,Cauca Guan,Cauca Guan17.mp3,1523498,True,44100,1,4181966,94.82916099773243,MP3,MPEG_LAYER_III,146a14b0e1a4a85f5d5cb875d32e1bba68228d496a3666121449f34f8aa6b27e
D:\other\Bird\Dataset\CC0\Cauca Guan_sound\Cauca Guan18.mp3,Cauca Guan_sound\Cauca Guan18.mp3,Cauca Guan_sound,Cauca Guan,Cauca Guan18.mp3,3059089,True,44100,1,3364804,76.299410430839,MP3,MPEG_LAYER_III,6ddcea43fd4870c44629d9072f4bc982fee7b33b35955f258cf0024f1ee0b4fb
D:\other\Bird\Dataset\CC0\Cauca Guan_sound\Cauca Guan19.mp3,Cauca Guan_sound\Cauca Guan19.mp3,Cauca Guan_sound,Cauca Guan,Cauca Guan19.mp3,6313857,True,44100,1,6952365,157.65,MP3,MPEG_LAYER_III,527d67274a4a1876b5ad1b515be930c5e877023100c33ee4f7833b096c8fab3c
D:\other\Bird\Dataset\CC0\Cauca Guan_sound\Cauca Guan2.mp3,Cauca Guan_sound\Cauca Guan2.mp3,Cauca Guan_sound,Cauca Guan,Cauca Guan2.mp3,2326294,True,44100,2,5133890,116.41473922902495,MP3,MPEG_LAYER_III,b123b4797a3e0051168aed52f976114d29e57fa1cb9e4e4de3f99bcbfc36d682
D:\other\Bird\Dataset\CC0\Cauca Guan_sound\Cauca Guan20.mp3,Cauca Guan_sound\Cauca Guan20.mp3,Cauca Guan_sound,Cauca Guan,Cauca Guan20.mp3,9817668,True,44100,1,27044067,613.244149659864,MP3,MPEG_LAYER_III,fdb0c0fea1c7f2c7934626e0d1077cc30be02bf5395d427a6c3a45671a4c9435
D:\other\Bird\Dataset\CC0\Cauca Guan_sound\Cauca Guan21.mp3,Cauca Guan_sound\Cauca Guan21.mp3,Cauca Guan_sound,Cauca Guan,Cauca Guan21.mp3,2624850,True,44100,1,4123414,93.50145124716553,MP3,MPEG_LAYER_III,819008c73fff6a1e2bd8dcb2d644adfaa13768182834b823bcf2cef5a08e1ffd
D:\other\Bird\Dataset\CC0\Cauca Guan_sound\Cauca Guan22.mp3,Cauca Guan_sound\Cauca Guan22.mp3,Cauca Guan_sound,Cauca Guan,Cauca Guan22.mp3,3803396,True,44100,2,10466355,237.33231292517007,MP3,MPEG_LAYER_III,e9ea02b7ea00bb8127a48cf8cc276d2e6d15d428010d2bf43153c21646c52ac6
D:\other\Bird\Dataset\CC0\Cauca Guan_sound\Cauca Guan23.mp3,Cauca Guan_sound\Cauca Guan23.mp3,Cauca Guan_sound,Cauca Guan,Cauca Guan23.mp3,389927,True,44100,1,1074278,24.36004535147392,MP3,MPEG_LAYER_III,299417f3f49f9a10d30eed0e65a37c27efac0fc93889fcea67d5340edb45ee62
D:\other\Bird\Dataset\CC0\Cauca Guan_sound\Cauca Guan24.mp3,Cauca Guan_sound\Cauca Guan24.mp3,Cauca Guan_sound,Cauca Guan,Cauca Guan24.mp3,2591988,True,44100,2,7430538,168.49292517006802,MP3,MPEG_LAYER_III,cce7d73dcf18fd3df56014fc1c5241694d13436a81bc15b3f71c3b1b191a96b6
D:\other\Bird\Dataset\CC0\Cauca Guan_sound\Cauca Guan25.mp3,Cauca Guan_sound\Cauca Guan25.mp3,Cauca Guan_sound,Cauca Guan,Cauca Guan25.mp3,2591988,True,44100,2,7430538,168.49292517006802,MP3,MPEG_LAYER_III,cce7d73dcf18fd3df56014fc1c5241694d13436a81bc15b3f71c3b1b191a96b6
D:\other\Bird\Dataset\CC0\Cauca Guan_sound\Cauca Guan26.mp3,Cauca Guan_sound\Cauca Guan26.mp3,Cauca Guan_sound,Cauca Guan,Cauca Guan26.mp3,5701315,True,44100,2,12582212,285.3109297052154,MP3,MPEG_LAYER_III,9f09d60900fbf299e215184ae82523a3da184db5d8d40af74ba86bb8bf0d7ea1
D:\other\Bird\Dataset\CC0\Cauca Guan_sound\Cauca Guan27.mp3,Cauca Guan_sound\Cauca Guan27.mp3,Cauca Guan_sound,Cauca Guan,Cauca Guan27.mp3,5701315,True,44100,2,12582212,285.3109297052154,MP3,MPEG_LAYER_III,9f09d60900fbf299e215184ae82523a3da184db5d8d40af74ba86bb8bf0d7ea1
D:\other\Bird\Dataset\CC0\Cauca Guan_sound\Cauca Guan28.mp3,Cauca Guan_sound\Cauca Guan28.mp3,Cauca Guan_sound,Cauca Guan,Cauca Guan28.mp3,5701315,True,44100,2,12582212,285.3109297052154,MP3,MPEG_LAYER_III,9f09d60900fbf299e215184ae82523a3da184db5d8d40af74ba86bb8bf0d7ea1
D:\other\Bird\Dataset\CC0\Cauca Guan_sound\Cauca Guan29.mp3,Cauca Guan_sound\Cauca Guan29.mp3,Cauca Guan_sound,Cauca Guan,Cauca Guan29.mp3,5701315,True,44100,2,12582212,285.3109297052154,MP3,MPEG_LAYER_III,9f09d60900fbf299e215184ae82523a3da184db5d8d40af74ba86bb8bf0d7ea1
D:\other\Bird\Dataset\CC0\Cauca Guan_sound\Cauca Guan3.mp3,Cauca Guan_sound\Cauca Guan3.mp3,Cauca Guan_sound,Cauca Guan,Cauca Guan3.mp3,2107388,True,44100,2,4650787,105.46002267573697,MP3,MPEG_LAYER_III,8359072b50da04c55db974ed27b3d599f2b21040f93383e6f78496746deaa989
D:\other\Bird\Dataset\CC0\Cauca Guan_sound\Cauca Guan30.mp3,Cauca Guan_sound\Cauca Guan30.mp3,Cauca Guan_sound,Cauca Guan,Cauca Guan30.mp3,5701315,True,44100,2,12582212,285.3109297052154,MP3,MPEG_LAYER_III,9f09d60900fbf299e215184ae82523a3da184db5d8d40af74ba86bb8bf0d7ea1
D:\other\Bird\Dataset\CC0\Cauca Guan_sound\Cauca Guan31.mp3,Cauca Guan_sound\Cauca Guan31.mp3,Cauca Guan_sound,Cauca Guan,Cauca Guan31.mp3,5701315,True,44100,2,12582212,285.3109297052154,MP3,MPEG_LAYER_III,9f09d60900fbf299e215184ae82523a3da184db5d8d40af74ba86bb8bf0d7ea1
D:\other\Bird\Dataset\CC0\Cauca Guan_sound\Cauca Guan4.mp3,Cauca Guan_sound\Cauca Guan4.mp3,Cauca Guan_sound,Cauca Guan,Cauca Guan4.mp3,779323,True,44100,2,1719885,38.99965986394558,MP3,MPEG_LAYER_III,5faa0e325b53bca6476ea69b70b01474ed9cab6f887cc52413caba68f374d203
D:\other\Bird\Dataset\CC0\Cauca Guan_sound\Cauca Guan5.mp3,Cauca Guan_sound\Cauca Guan5.mp3,Cauca Guan_sound,Cauca Guan,Cauca Guan5.mp3,1224145,True,44100,2,1341763,30.42546485260771,MP3,MPEG_LAYER_III,e697f3982cb9bde114dbb26f621ed8a076fdc4a86311beb2b0a1d2a8178f435e
D:\other\Bird\Dataset\CC0\Cauca Guan_sound\Cauca Guan6.mp3,Cauca Guan_sound\Cauca Guan6.mp3,Cauca Guan_sound,Cauca Guan,Cauca Guan6.mp3,1275066,True,44100,2,3513704,79.6758276643991,MP3,MPEG_LAYER_III,7186a7a9a76f0f3c3c28520cef3f922c6af9a4045337a1c19b1265280c5ee537
D:\other\Bird\Dataset\CC0\Cauca Guan_sound\Cauca Guan7.mp3,Cauca Guan_sound\Cauca Guan7.mp3,Cauca Guan_sound,Cauca Guan,Cauca Guan7.mp3,294844,True,44100,2,796962,18.07170068027211,MP3,MPEG_LAYER_III,224afe202af922d467d0fc78690b991b5403c85dc475e7e99b23a237ca5ed309
D:\other\Bird\Dataset\CC0\Cauca Guan_sound\Cauca Guan8.mp3,Cauca Guan_sound\Cauca Guan8.mp3,Cauca Guan_sound,Cauca Guan,Cauca Guan8.mp3,294844,True,44100,2,796962,18.07170068027211,MP3,MPEG_LAYER_III,224afe202af922d467d0fc78690b991b5403c85dc475e7e99b23a237ca5ed309
D:\other\Bird\Dataset\CC0\Cauca Guan_sound\Cauca Guan9.mp3,Cauca Guan_sound\Cauca Guan9.mp3,Cauca Guan_sound,Cauca Guan,Cauca Guan9.mp3,294844,True,44100,2,796962,18.07170068027211,MP3,MPEG_LAYER_III,224afe202af922d467d0fc78690b991b5403c85dc475e7e99b23a237ca5ed309
D:\other\Bird\Dataset\CC0\Chaco Chachalaca_sound\Chaco Chachalaca10.mp3,Chaco Chachalaca_sound\Chaco Chachalaca10.mp3,Chaco Chachalaca_sound,Chaco Chachalaca,Chaco Chachalaca10.mp3,149748,True,16000,1,598992,37.437,MP3,MPEG_LAYER_III,8f13f225f941225e676c1e20bd059596d291c077cfc7bd26e8984c328fcb84ad
D:\other\Bird\Dataset\CC0\Chaco Chachalaca_sound\Chaco Chachalaca11.mp3,Chaco Chachalaca_sound\Chaco Chachalaca11.mp3,Chaco Chachalaca_sound,Chaco Chachalaca,Chaco Chachalaca11.mp3,149748,True,16000,1,598992,37.437,MP3,MPEG_LAYER_III,8f13f225f941225e676c1e20bd059596d291c077cfc7bd26e8984c328fcb84ad
D:\other\Bird\Dataset\CC0\Chaco Chachalaca_sound\Chaco Chachalaca12.mp3,Chaco Chachalaca_sound\Chaco Chachalaca12.mp3,Chaco Chachalaca_sound,Chaco Chachalaca,Chaco Chachalaca12.mp3,1179573,True,44100,1,3250880,73.71609977324263,MP3,MPEG_LAYER_III,2912dc0f9c08bf624ed75c7101a6530dc590097b620e18b2078b1497ada85511
D:\other\Bird\Dataset\CC0\Chaco Chachalaca_sound\Chaco Chachalaca13.mp3,Chaco Chachalaca_sound\Chaco Chachalaca13.mp3,Chaco Chachalaca_sound,Chaco Chachalaca,Chaco Chachalaca13.mp3,1944435,True,44100,1,5358825,121.51530612244898,MP3,MPEG_LAYER_III,f6e8621038db58b893c1c33c421c57b74a115d9346ca1de28ec5d4bb7ac24014
D:\other\Bird\Dataset\CC0\Chaco Chachalaca_sound\Chaco Chachalaca14.mp3,Chaco Chachalaca_sound\Chaco Chachalaca14.mp3,Chaco Chachalaca_sound,Chaco Chachalaca,Chaco Chachalaca14.mp3,1944435,True,44100,1,5358825,121.51530612244898,MP3,MPEG_LAYER_III,f6e8621038db58b893c1c33c421c57b74a115d9346ca1de28ec5d4bb7ac24014
D:\other\Bird\Dataset\CC0\Chaco Chachalaca_sound\Chaco Chachalaca15.mp3,Chaco Chachalaca_sound\Chaco Chachalaca15.mp3,Chaco Chachalaca_sound,Chaco Chachalaca,Chaco Chachalaca15.mp3,3905467,True,48000,2,4677632,97.45066666666666,MP3,MPEG_LAYER_III,8c10c16b059cda960ffe56d3926e57e66d9dffef3a62c1d0c27a86266cbe1840
D:\other\Bird\Dataset\CC0\Chaco Chachalaca_sound\Chaco Chachalaca16.mp3,Chaco Chachalaca_sound\Chaco Chachalaca16.mp3,Chaco Chachalaca_sound,Chaco Chachalaca,Chaco Chachalaca16.mp3,3905467,True,48000,2,4677632,97.45066666666666,MP3,MPEG_LAYER_III,8c10c16b059cda960ffe56d3926e57e66d9dffef3a62c1d0c27a86266cbe1840
D:\other\Bird\Dataset\CC0\Chaco Chachalaca_sound\Chaco Chachalaca17.mp3,Chaco Chachalaca_sound\Chaco Chachalaca17.mp3,Chaco Chachalaca_sound,Chaco Chachalaca,Chaco Chachalaca17.mp3,3905467,True,48000,2,4677632,97.45066666666666,MP3,MPEG_LAYER_III,8c10c16b059cda960ffe56d3926e57e66d9dffef3a62c1d0c27a86266cbe1840
D:\other\Bird\Dataset\CC0\Chaco Chachalaca_sound\Chaco Chachalaca18.mp3,Chaco Chachalaca_sound\Chaco Chachalaca18.mp3,Chaco Chachalaca_sound,Chaco Chachalaca,Chaco Chachalaca18.mp3,3905467,True,48000,2,4677632,97.45066666666666,MP3,MPEG_LAYER_III,8c10c16b059cda960ffe56d3926e57e66d9dffef3a62c1d0c27a86266cbe1840
D:\other\Bird\Dataset\CC0\Chaco Chachalaca_sound\Chaco Chachalaca19.mp3,Chaco Chachalaca_sound\Chaco Chachalaca19.mp3,Chaco Chachalaca_sound,Chaco Chachalaca,Chaco Chachalaca19.mp3,20428694,True,44100,2,28184258,639.098820861678,MP3,MPEG_LAYER_III,694df1f62c1dc2f0acd514d94aac2faa1085473b35690fb4ef68a0eee22b68e4
D:\other\Bird\Dataset\CC0\Chaco Chachalaca_sound\Chaco Chachalaca2.mp3,Chaco Chachalaca_sound\Chaco Chachalaca2.mp3,Chaco Chachalaca_sound,Chaco Chachalaca,Chaco Chachalaca2.mp3,176293,True,22050,1,554889,25.165034013605442,MP3,MPEG_LAYER_III,7fb9377321a738bea7f8db632868ee3b2fcf777919cde919862a9275050acb06
D:\other\Bird\Dataset\CC0\Chaco Chachalaca_sound\Chaco Chachalaca20.mp3,Chaco Chachalaca_sound\Chaco Chachalaca20.mp3,Chaco Chachalaca_sound,Chaco Chachalaca,Chaco Chachalaca20.mp3,20428694,True,44100,2,28184258,639.098820861678,MP3,MPEG_LAYER_III,694df1f62c1dc2f0acd514d94aac2faa1085473b35690fb4ef68a0eee22b68e4
D:\other\Bird\Dataset\CC0\Chaco Chachalaca_sound\Chaco Chachalaca21.mp3,Chaco Chachalaca_sound\Chaco Chachalaca21.mp3,Chaco Chachalaca_sound,Chaco Chachalaca,Chaco Chachalaca21.mp3,20428694,True,44100,2,28184258,639.098820861678,MP3,MPEG_LAYER_III,694df1f62c1dc2f0acd514d94aac2faa1085473b35690fb4ef68a0eee22b68e4
D:\other\Bird\Dataset\CC0\Chaco Chachalaca_sound\Chaco Chachalaca22.mp3,Chaco Chachalaca_sound\Chaco Chachalaca22.mp3,Chaco Chachalaca_sound,Chaco Chachalaca,Chaco Chachalaca22.mp3,344992,True,44100,1,633860,14.373242630385487,MP3,MPEG_LAYER_III,7b17aaa185d22f7244ef5e4ddfb947f896606d1d57587d2fc7273962ef583cb7
D:\other\Bird\Dataset\CC0\Chaco Chachalaca_sound\Chaco Chachalaca23.mp3,Chaco Chachalaca_sound\Chaco Chachalaca23.mp3,Chaco Chachalaca_sound,Chaco Chachalaca,Chaco Chachalaca23.mp3,344992,True,44100,1,633860,14.373242630385487,MP3,MPEG_LAYER_III,7b17aaa185d22f7244ef5e4ddfb947f896606d1d57587d2fc7273962ef583cb7
D:\other\Bird\Dataset\CC0\Chaco Chachalaca_sound\Chaco Chachalaca24.mp3,Chaco Chachalaca_sound\Chaco Chachalaca24.mp3,Chaco Chachalaca_sound,Chaco Chachalaca,Chaco Chachalaca24.mp3,344992,True,44100,1,633860,14.373242630385487,MP3,MPEG_LAYER_III,7b17aaa185d22f7244ef5e4ddfb947f896606d1d57587d2fc7273962ef583cb7
D:\other\Bird\Dataset\CC0\Chaco Chachalaca_sound\Chaco Chachalaca25.mp3,Chaco Chachalaca_sound\Chaco Chachalaca25.mp3,Chaco Chachalaca_sound,Chaco Chachalaca,Chaco Chachalaca25.mp3,344992,True,44100,1,633860,14.373242630385487,MP3,MPEG_LAYER_III,7b17aaa185d22f7244ef5e4ddfb947f896606d1d57587d2fc7273962ef583cb7
D:\other\Bird\Dataset\CC0\Chaco Chachalaca_sound\Chaco Chachalaca26.mp3,Chaco Chachalaca_sound\Chaco Chachalaca26.mp3,Chaco Chachalaca_sound,Chaco Chachalaca,Chaco Chachalaca26.mp3,344992,True,44100,1,633860,14.373242630385487,MP3,MPEG_LAYER_III,7b17aaa185d22f7244ef5e4ddfb947f896606d1d57587d2fc7273962ef583cb7
D:\other\Bird\Dataset\CC0\Chaco Chachalaca_sound\Chaco Chachalaca27.mp3,Chaco Chachalaca_sound\Chaco Chachalaca27.mp3,Chaco Chachalaca_sound,Chaco Chachalaca,Chaco Chachalaca27.mp3,344992,True,44100,1,633860,14.373242630385487,MP3,MPEG_LAYER_III,7b17aaa185d22f7244ef5e4ddfb947f896606d1d57587d2fc7273962ef583cb7
D:\other\Bird\Dataset\CC0\Chaco Chachalaca_sound\Chaco Chachalaca28.mp3,Chaco Chachalaca_sound\Chaco Chachalaca28.mp3,Chaco Chachalaca_sound,Chaco Chachalaca,Chaco Chachalaca28.mp3,344992,True,44100,1,633860,14.373242630385487,MP3,MPEG_LAYER_III,7b17aaa185d22f7244ef5e4ddfb947f896606d1d57587d2fc7273962ef583cb7
D:\other\Bird\Dataset\CC0\Chaco Chachalaca_sound\Chaco Chachalaca29.mp3,Chaco Chachalaca_sound\Chaco Chachalaca29.mp3,Chaco Chachalaca_sound,Chaco Chachalaca,Chaco Chachalaca29.mp3,344992,True,44100,1,633860,14.373242630385487,MP3,MPEG_LAYER_III,7b17aaa185d22f7244ef5e4ddfb947f896606d1d57587d2fc7273962ef583cb7
D:\other\Bird\Dataset\CC0\Chaco Chachalaca_sound\Chaco Chachalaca3.mp3,Chaco Chachalaca_sound\Chaco Chachalaca3.mp3,Chaco Chachalaca_sound,Chaco Chachalaca,Chaco Chachalaca3.mp3,350817,True,16000,1,1403268,87.70425,MP3,MPEG_LAYER_III,98bd47ab9106caeddb01d11fded54a721b464cf67a4cacc25b77f51769ee9153
D:\other\Bird\Dataset\CC0\Chaco Chachalaca_sound\Chaco Chachalaca30.mp3,Chaco Chachalaca_sound\Chaco Chachalaca30.mp3,Chaco Chachalaca_sound,Chaco Chachalaca,Chaco Chachalaca30.mp3,344992,True,44100,1,633860,14.373242630385487,MP3,MPEG_LAYER_III,7b17aaa185d22f7244ef5e4ddfb947f896606d1d57587d2fc7273962ef583cb7
D:\other\Bird\Dataset\CC0\Chaco Chachalaca_sound\Chaco Chachalaca31.mp3,Chaco Chachalaca_sound\Chaco Chachalaca31.mp3,Chaco Chachalaca_sound,Chaco Chachalaca,Chaco Chachalaca31.mp3,344992,True,44100,1,633860,14.373242630385487,MP3,MPEG_LAYER_III,7b17aaa185d22f7244ef5e4ddfb947f896606d1d57587d2fc7273962ef583cb7
D:\other\Bird\Dataset\CC0\Chaco Chachalaca_sound\Chaco Chachalaca4.mp3,Chaco Chachalaca_sound\Chaco Chachalaca4.mp3,Chaco Chachalaca_sound,Chaco Chachalaca,Chaco Chachalaca4.mp3,83341,True,16000,1,333364,20.83525,MP3,MPEG_LAYER_III,b48a9d69c8c06080385016b4b814fa8bb761980f9ad75cf6a23b6ce84ce08b2c
D:\other\Bird\Dataset\CC0\Chaco Chachalaca_sound\Chaco Chachalaca5.mp3,Chaco Chachalaca_sound\Chaco Chachalaca5.mp3,Chaco Chachalaca_sound,Chaco Chachalaca,Chaco Chachalaca5.mp3,149748,True,16000,1,598992,37.437,MP3,MPEG_LAYER_III,8f13f225f941225e676c1e20bd059596d291c077cfc7bd26e8984c328fcb84ad
D:\other\Bird\Dataset\CC0\Chaco Chachalaca_sound\Chaco Chachalaca6.mp3,Chaco Chachalaca_sound\Chaco Chachalaca6.mp3,Chaco Chachalaca_sound,Chaco Chachalaca,Chaco Chachalaca6.mp3,149748,True,16000,1,598992,37.437,MP3,MPEG_LAYER_III,8f13f225f941225e676c1e20bd059596d291c077cfc7bd26e8984c328fcb84ad
D:\other\Bird\Dataset\CC0\Chaco Chachalaca_sound\Chaco Chachalaca7.mp3,Chaco Chachalaca_sound\Chaco Chachalaca7.mp3,Chaco Chachalaca_sound,Chaco Chachalaca,Chaco Chachalaca7.mp3,149748,True,16000,1,598992,37.437,MP3,MPEG_LAYER_III,8f13f225f941225e676c1e20bd059596d291c077cfc7bd26e8984c328fcb84ad
D:\other\Bird\Dataset\CC0\Chaco Chachalaca_sound\Chaco Chachalaca8.mp3,Chaco Chachalaca_sound\Chaco Chachalaca8.mp3,Chaco Chachalaca_sound,Chaco Chachalaca,Chaco Chachalaca8.mp3,149748,True,16000,1,598992,37.437,MP3,MPEG_LAYER_III,8f13f225f941225e676c1e20bd059596d291c077cfc7bd26e8984c328fcb84ad
D:\other\Bird\Dataset\CC0\Chaco Chachalaca_sound\Chaco Chachalaca9.mp3,Chaco Chachalaca_sound\Chaco Chachalaca9.mp3,Chaco Chachalaca_sound,Chaco Chachalaca,Chaco Chachalaca9.mp3,149748,True,16000,1,598992,37.437,MP3,MPEG_LAYER_III,8f13f225f941225e676c1e20bd059596d291c077cfc7bd26e8984c328fcb84ad
D:\other\Bird\Dataset\CC0\Chestnut-bellied Guan_sound\Chestnut-bellied Guan10.mp3,Chestnut-bellied Guan_sound\Chestnut-bellied Guan10.mp3,Chestnut-bellied Guan_sound,Chestnut-bellied Guan,Chestnut-bellied Guan10.mp3,522377,True,44100,1,1898870,43.05827664399093,MP3,MPEG_LAYER_III,1288ac6a42f9e53aa3a86c00cb3fae549fda990935271dffcef1f7e8906cc911
D:\other\Bird\Dataset\CC0\Chestnut-bellied Guan_sound\Chestnut-bellied Guan11.mp3,Chestnut-bellied Guan_sound\Chestnut-bellied Guan11.mp3,Chestnut-bellied Guan_sound,Chestnut-bellied Guan,Chestnut-bellied Guan11.mp3,450895,True,44100,1,2485315,56.35634920634921,MP3,MPEG_LAYER_III,9b32a54c127484a29f0a47a21a68fceb4139c878b206c41b67b9dd3cf56fd5e0
D:\other\Bird\Dataset\CC0\Chestnut-bellied Guan_sound\Chestnut-bellied Guan12.mp3,Chestnut-bellied Guan_sound\Chestnut-bellied Guan12.mp3,Chestnut-bellied Guan_sound,Chestnut-bellied Guan,Chestnut-bellied Guan12.mp3,45732,True,44100,1,140593,3.1880498866213154,MP3,MPEG_LAYER_III,8dfbe8884e6cc00ba3f4738676c0be96c7fbf737fff0e28cbe6fd8fb1f194d15
D:\other\Bird\Dataset\CC0\Chestnut-bellied Guan_sound\Chestnut-bellied Guan13.mp3,Chestnut-bellied Guan_sound\Chestnut-bellied Guan13.mp3,Chestnut-bellied Guan_sound,Chestnut-bellied Guan,Chestnut-bellied Guan13.mp3,45732,True,44100,1,140593,3.1880498866213154,MP3,MPEG_LAYER_III,8dfbe8884e6cc00ba3f4738676c0be96c7fbf737fff0e28cbe6fd8fb1f194d15
D:\other\Bird\Dataset\CC0\Chestnut-bellied Guan_sound\Chestnut-bellied Guan2.mp3,Chestnut-bellied Guan_sound\Chestnut-bellied Guan2.mp3,Chestnut-bellied Guan_sound,Chestnut-bellied Guan,Chestnut-bellied Guan2.mp3,2896550,True,44100,1,7982836,181.01668934240362,MP3,MPEG_LAYER_III,aecb535f905bb26a34d3f6f6814412ecb4040b331a50507a4dc72e6ea0692d88
D:\other\Bird\Dataset\CC0\Chestnut-bellied Guan_sound\Chestnut-bellied Guan3.mp3,Chestnut-bellied Guan_sound\Chestnut-bellied Guan3.mp3,Chestnut-bellied Guan_sound,Chestnut-bellied Guan,Chestnut-bellied Guan3.mp3,2896550,True,44100,1,7982836,181.01668934240362,MP3,MPEG_LAYER_III,aecb535f905bb26a34d3f6f6814412ecb4040b331a50507a4dc72e6ea0692d88
D:\other\Bird\Dataset\CC0\Chestnut-bellied Guan_sound\Chestnut-bellied Guan4.mp3,Chestnut-bellied Guan_sound\Chestnut-bellied Guan4.mp3,Chestnut-bellied Guan_sound,Chestnut-bellied Guan,Chestnut-bellied Guan4.mp3,2896550,True,44100,1,7982836,181.01668934240362,MP3,MPEG_LAYER_III,aecb535f905bb26a34d3f6f6814412ecb4040b331a50507a4dc72e6ea0692d88
D:\other\Bird\Dataset\CC0\Chestnut-bellied Guan_sound\Chestnut-bellied Guan5.mp3,Chestnut-bellied Guan_sound\Chestnut-bellied Guan5.mp3,Chestnut-bellied Guan_sound,Chestnut-bellied Guan,Chestnut-bellied Guan5.mp3,261961,True,44100,1,721606,16.36294784580499,MP3,MPEG_LAYER_III,d029b7319be34341e08dda2be526e68cf29ac44cbb5847658ef3990a7b14590f
D:\other\Bird\Dataset\CC0\Chestnut-bellied Guan_sound\Chestnut-bellied Guan6.mp3,Chestnut-bellied Guan_sound\Chestnut-bellied Guan6.mp3,Chestnut-bellied Guan_sound,Chestnut-bellied Guan,Chestnut-bellied Guan6.mp3,280351,True,44100,1,772289,17.51222222222222,MP3,MPEG_LAYER_III,69b856063a41222fd56b0247abfc3e68c0ecc675cad21e1367b9b7d2572dfebd
D:\other\Bird\Dataset\CC0\Chestnut-bellied Guan_sound\Chestnut-bellied Guan7.mp3,Chestnut-bellied Guan_sound\Chestnut-bellied Guan7.mp3,Chestnut-bellied Guan_sound,Chestnut-bellied Guan,Chestnut-bellied Guan7.mp3,280351,True,44100,1,772289,17.51222222222222,MP3,MPEG_LAYER_III,69b856063a41222fd56b0247abfc3e68c0ecc675cad21e1367b9b7d2572dfebd
D:\other\Bird\Dataset\CC0\Chestnut-bellied Guan_sound\Chestnut-bellied Guan8.mp3,Chestnut-bellied Guan_sound\Chestnut-bellied Guan8.mp3,Chestnut-bellied Guan_sound,Chestnut-bellied Guan,Chestnut-bellied Guan8.mp3,522377,True,44100,1,1898870,43.05827664399093,MP3,MPEG_LAYER_III,1288ac6a42f9e53aa3a86c00cb3fae549fda990935271dffcef1f7e8906cc911
D:\other\Bird\Dataset\CC0\Chestnut-bellied Guan_sound\Chestnut-bellied Guan9.mp3,Chestnut-bellied Guan_sound\Chestnut-bellied Guan9.mp3,Chestnut-bellied Guan_sound,Chestnut-bellied Guan,Chestnut-bellied Guan9.mp3,522377,True,44100,1,1898870,43.05827664399093,MP3,MPEG_LAYER_III,1288ac6a42f9e53aa3a86c00cb3fae549fda990935271dffcef1f7e8906cc911
D:\other\Bird\Dataset\CC0\Chestnut-headed Chachalaca_sound\Chestnut-headed Chachalaca2.mp3,Chestnut-headed Chachalaca_sound\Chestnut-headed Chachalaca2.mp3,Chestnut-headed Chachalaca_sound,Chestnut-headed Chachalaca,Chestnut-headed Chachalaca2.mp3,209880,True,44100,2,560038,12.699274376417234,MP3,MPEG_LAYER_III,73976601dcdec5a883d5c2c6717a3ac0266a6f667950f8dc30ff989f8756fcd1
D:\other\Bird\Dataset\CC0\Chestnut-headed Chachalaca_sound\Chestnut-headed Chachalaca3.mp3,Chestnut-headed Chachalaca_sound\Chestnut-headed Chachalaca3.mp3,Chestnut-headed Chachalaca_sound,Chestnut-headed Chachalaca,Chestnut-headed Chachalaca3.mp3,3288688,True,44100,1,10584016,240.00036281179138,MP3,MPEG_LAYER_III,c2ed2541b342e3adee2f00b93bd361479d4556d5189cc7f14bcb506b1e4e7d72
D:\other\Bird\Dataset\CC0\Chestnut-headed Chachalaca_sound\Chestnut-headed Chachalaca4.mp3,Chestnut-headed Chachalaca_sound\Chestnut-headed Chachalaca4.mp3,Chestnut-headed Chachalaca_sound,Chestnut-headed Chachalaca,Chestnut-headed Chachalaca4.mp3,313152,True,44100,2,847123,19.209138321995464,MP3,MPEG_LAYER_III,4e9d50ca7a3394e6529dd40ccc0b1244276dc7169e4887a0cd06469942df9607
D:\other\Bird\Dataset\CC0\Chestnut-headed Chachalaca_sound\Chestnut-headed Chachalaca5.mp3,Chestnut-headed Chachalaca_sound\Chestnut-headed Chachalaca5.mp3,Chestnut-headed Chachalaca_sound,Chestnut-headed Chachalaca,Chestnut-headed Chachalaca5.mp3,313152,True,44100,2,847123,19.209138321995464,MP3,MPEG_LAYER_III,4e9d50ca7a3394e6529dd40ccc0b1244276dc7169e4887a0cd06469942df9607
D:\other\Bird\Dataset\CC0\Chestnut-winged Chachalaca_sound\Chestnut-winged Chachalaca10.mp3,Chestnut-winged Chachalaca_sound\Chestnut-winged Chachalaca10.mp3,Chestnut-winged Chachalaca_sound,Chestnut-winged Chachalaca,Chestnut-winged Chachalaca10.mp3,1502250,True,48000,2,4489600,93.53333333333333,MP3,MPEG_LAYER_III,5462720e6a85af11c2e80ae13959944e64e06d2ec1e2952343064d68b59c901e
D:\other\Bird\Dataset\CC0\Chestnut-winged Chachalaca_sound\Chestnut-winged Chachalaca11.mp3,Chestnut-winged Chachalaca_sound\Chestnut-winged Chachalaca11.mp3,Chestnut-winged Chachalaca_sound,Chestnut-winged Chachalaca,Chestnut-winged Chachalaca11.mp3,1023437,True,44100,2,2932356,66.49333333333334,MP3,MPEG_LAYER_III,4b2a7e02017ff1b60f4fec8464943b3e64e14a9fc22ded14b40799e06fc828d2
D:\other\Bird\Dataset\CC0\Chestnut-winged Chachalaca_sound\Chestnut-winged Chachalaca12.mp3,Chestnut-winged Chachalaca_sound\Chestnut-winged Chachalaca12.mp3,Chestnut-winged Chachalaca_sound,Chestnut-winged Chachalaca,Chestnut-winged Chachalaca12.mp3,356794,True,48000,2,1070382,22.299625,MP3,MPEG_LAYER_III,4595bedab4327204f641c27dfd78ee1e4e1b9af5ea31efe8bd9f0353ec80e2d9
D:\other\Bird\Dataset\CC0\Chestnut-winged Chachalaca_sound\Chestnut-winged Chachalaca13.mp3,Chestnut-winged Chachalaca_sound\Chestnut-winged Chachalaca13.mp3,Chestnut-winged Chachalaca_sound,Chestnut-winged Chachalaca,Chestnut-winged Chachalaca13.mp3,356794,True,48000,2,1070382,22.299625,MP3,MPEG_LAYER_III,4595bedab4327204f641c27dfd78ee1e4e1b9af5ea31efe8bd9f0353ec80e2d9
D:\other\Bird\Dataset\CC0\Chestnut-winged Chachalaca_sound\Chestnut-winged Chachalaca14.mp3,Chestnut-winged Chachalaca_sound\Chestnut-winged Chachalaca14.mp3,Chestnut-winged Chachalaca_sound,Chestnut-winged Chachalaca,Chestnut-winged Chachalaca14.mp3,280543,True,44100,1,301787,6.843242630385488,MP3,MPEG_LAYER_III,cd5d4568255cef27f94fc25da4a25667c49b91046728dc4154d0e38e0ec62fa5
D:\other\Bird\Dataset\CC0\Chestnut-winged Chachalaca_sound\Chestnut-winged Chachalaca15.mp3,Chestnut-winged Chachalaca_sound\Chestnut-winged Chachalaca15.mp3,Chestnut-winged Chachalaca_sound,Chestnut-winged Chachalaca,Chestnut-winged Chachalaca15.mp3,777267,True,44100,2,1715347,38.89675736961451,MP3,MPEG_LAYER_III,edf138cce5e23f6e2ed334beb0c8c9fc21e5a23d081dd02f183b456ac119547a
D:\other\Bird\Dataset\CC0\Chestnut-winged Chachalaca_sound\Chestnut-winged Chachalaca16.mp3,Chestnut-winged Chachalaca_sound\Chestnut-winged Chachalaca16.mp3,Chestnut-winged Chachalaca_sound,Chestnut-winged Chachalaca,Chestnut-winged Chachalaca16.mp3,380206,True,44100,2,839075,19.026643990929706,MP3,MPEG_LAYER_III,78527f379dc9c4071d2864164a04ed8851cb685f0e74ee6675858a93278a44d4
D:\other\Bird\Dataset\CC0\Chestnut-winged Chachalaca_sound\Chestnut-winged Chachalaca17.mp3,Chestnut-winged Chachalaca_sound\Chestnut-winged Chachalaca17.mp3,Chestnut-winged Chachalaca_sound,Chestnut-winged Chachalaca,Chestnut-winged Chachalaca17.mp3,309425,True,48000,2,911704,18.993833333333335,MP3,MPEG_LAYER_III,9ae34649ea41c091fadd42c6c9115268570c35fafe29704699a0f499d74978ed
D:\other\Bird\Dataset\CC0\Chestnut-winged Chachalaca_sound\Chestnut-winged Chachalaca18.mp3,Chestnut-winged Chachalaca_sound\Chestnut-winged Chachalaca18.mp3,Chestnut-winged Chachalaca_sound,Chestnut-winged Chachalaca,Chestnut-winged Chachalaca18.mp3,309425,True,48000,2,911704,18.993833333333335,MP3,MPEG_LAYER_III,9ae34649ea41c091fadd42c6c9115268570c35fafe29704699a0f499d74978ed
D:\other\Bird\Dataset\CC0\Chestnut-winged Chachalaca_sound\Chestnut-winged Chachalaca19.mp3,Chestnut-winged Chachalaca_sound\Chestnut-winged Chachalaca19.mp3,Chestnut-winged Chachalaca_sound,Chestnut-winged Chachalaca,Chestnut-winged Chachalaca19.mp3,806834,True,48000,2,2403305,50.06885416666667,MP3,MPEG_LAYER_III,1655dbbb082131183f298aa7ed3208b8882ad9cb269501982dc239c380a6739b
D:\other\Bird\Dataset\CC0\Chestnut-winged Chachalaca_sound\Chestnut-winged Chachalaca2.mp3,Chestnut-winged Chachalaca_sound\Chestnut-winged Chachalaca2.mp3,Chestnut-winged Chachalaca_sound,Chestnut-winged Chachalaca,Chestnut-winged Chachalaca2.mp3,2506863,True,48000,2,5013726,104.452625,MP3,MPEG_LAYER_III,f5bc0dabc6399e0f8e26d8e3f2cc4a94cbacb3394e6357393a2505ee79d62457
D:\other\Bird\Dataset\CC0\Chestnut-winged Chachalaca_sound\Chestnut-winged Chachalaca20.mp3,Chestnut-winged Chachalaca_sound\Chestnut-winged Chachalaca20.mp3,Chestnut-winged Chachalaca_sound,Chestnut-winged Chachalaca,Chestnut-winged Chachalaca20.mp3,181011,True,44100,2,678552,15.386666666666667,MP3,MPEG_LAYER_III,e1435dbd9465d8714774903950a989d501402daa02eda193d7bc78dddc1c2755
D:\other\Bird\Dataset\CC0\Chestnut-winged Chachalaca_sound\Chestnut-winged Chachalaca21.mp3,Chestnut-winged Chachalaca_sound\Chestnut-winged Chachalaca21.mp3,Chestnut-winged Chachalaca_sound,Chestnut-winged Chachalaca,Chestnut-winged Chachalaca21.mp3,580449,True,44100,2,2151492,48.78666666666667,MP3,MPEG_LAYER_III,e6f6f549047595c31b6d3e7d0d290492e57ff2b75081bee60085a91a231acd7e
D:\other\Bird\Dataset\CC0\Chestnut-winged Chachalaca_sound\Chestnut-winged Chachalaca22.mp3,Chestnut-winged Chachalaca_sound\Chestnut-winged Chachalaca22.mp3,Chestnut-winged Chachalaca_sound,Chestnut-winged Chachalaca,Chestnut-winged Chachalaca22.mp3,580449,True,44100,2,2151492,48.78666666666667,MP3,MPEG_LAYER_III,e6f6f549047595c31b6d3e7d0d290492e57ff2b75081bee60085a91a231acd7e
D:\other\Bird\Dataset\CC0\Chestnut-winged Chachalaca_sound\Chestnut-winged Chachalaca23.mp3,Chestnut-winged Chachalaca_sound\Chestnut-winged Chachalaca23.mp3,Chestnut-winged Chachalaca_sound,Chestnut-winged Chachalaca,Chestnut-winged Chachalaca23.mp3,580449,True,44100,2,2151492,48.78666666666667,MP3,MPEG_LAYER_III,e6f6f549047595c31b6d3e7d0d290492e57ff2b75081bee60085a91a231acd7e
D:\other\Bird\Dataset\CC0\Chestnut-winged Chachalaca_sound\Chestnut-winged Chachalaca24.mp3,Chestnut-winged Chachalaca_sound\Chestnut-winged Chachalaca24.mp3,Chestnut-winged Chachalaca_sound,Chestnut-winged Chachalaca,Chestnut-winged Chachalaca24.mp3,580449,True,44100,2,2151492,48.78666666666667,MP3,MPEG_LAYER_III,e6f6f549047595c31b6d3e7d0d290492e57ff2b75081bee60085a91a231acd7e
D:\other\Bird\Dataset\CC0\Chestnut-winged Chachalaca_sound\Chestnut-winged Chachalaca25.mp3,Chestnut-winged Chachalaca_sound\Chestnut-winged Chachalaca25.mp3,Chestnut-winged Chachalaca_sound,Chestnut-winged Chachalaca,Chestnut-winged Chachalaca25.mp3,580449,True,44100,2,2151492,48.78666666666667,MP3,MPEG_LAYER_III,e6f6f549047595c31b6d3e7d0d290492e57ff2b75081bee60085a91a231acd7e
D:\other\Bird\Dataset\CC0\Chestnut-winged Chachalaca_sound\Chestnut-winged Chachalaca26.mp3,Chestnut-winged Chachalaca_sound\Chestnut-winged Chachalaca26.mp3,Chestnut-winged Chachalaca_sound,Chestnut-winged Chachalaca,Chestnut-winged Chachalaca26.mp3,352717,True,44100,2,635951,14.420657596371882,MP3,MPEG_LAYER_III,dc1c826591a3fc6844df3037f6826b47d9f5f264c450c7159fb08743250695c1
D:\other\Bird\Dataset\CC0\Chestnut-winged Chachalaca_sound\Chestnut-winged Chachalaca27.mp3,Chestnut-winged Chachalaca_sound\Chestnut-winged Chachalaca27.mp3,Chestnut-winged Chachalaca_sound,Chestnut-winged Chachalaca,Chestnut-winged Chachalaca27.mp3,71398,True,48000,2,197241,4.1091875,MP3,MPEG_LAYER_III,75bcfdccd20e5035151fb7b724de4e6ff392696ef1dc4f4d4d3b796b8a1c33ce
D:\other\Bird\Dataset\CC0\Chestnut-winged Chachalaca_sound\Chestnut-winged Chachalaca28.mp3,Chestnut-winged Chachalaca_sound\Chestnut-winged Chachalaca28.mp3,Chestnut-winged Chachalaca_sound,Chestnut-winged Chachalaca,Chestnut-winged Chachalaca28.mp3,222450,True,44100,2,824376,18.69333333333333,MP3,MPEG_LAYER_III,2d1351f5dc0e69d1d889272edbd90ea9958bdbfe799362a303c22c44ac05bece
D:\other\Bird\Dataset\CC0\Chestnut-winged Chachalaca_sound\Chestnut-winged Chachalaca29.mp3,Chestnut-winged Chachalaca_sound\Chestnut-winged Chachalaca29.mp3,Chestnut-winged Chachalaca_sound,Chestnut-winged Chachalaca,Chestnut-winged Chachalaca29.mp3,222450,True,44100,2,824376,18.69333333333333,MP3,MPEG_LAYER_III,2d1351f5dc0e69d1d889272edbd90ea9958bdbfe799362a303c22c44ac05bece
D:\other\Bird\Dataset\CC0\Chestnut-winged Chachalaca_sound\Chestnut-winged Chachalaca3.mp3,Chestnut-winged Chachalaca_sound\Chestnut-winged Chachalaca3.mp3,Chestnut-winged Chachalaca_sound,Chestnut-winged Chachalaca,Chestnut-winged Chachalaca3.mp3,2506863,True,48000,2,5013726,104.452625,MP3,MPEG_LAYER_III,f5bc0dabc6399e0f8e26d8e3f2cc4a94cbacb3394e6357393a2505ee79d62457
D:\other\Bird\Dataset\CC0\Chestnut-winged Chachalaca_sound\Chestnut-winged Chachalaca30.mp3,Chestnut-winged Chachalaca_sound\Chestnut-winged Chachalaca30.mp3,Chestnut-winged Chachalaca_sound,Chestnut-winged Chachalaca,Chestnut-winged Chachalaca30.mp3,611875,True,48000,2,1835625,38.2421875,MP3,MPEG_LAYER_III,27a57eeff8b9a4b6305953694f73bb4675ce92439b4e2041683904d752fc8de1
D:\other\Bird\Dataset\CC0\Chestnut-winged Chachalaca_sound\Chestnut-winged Chachalaca31.mp3,Chestnut-winged Chachalaca_sound\Chestnut-winged Chachalaca31.mp3,Chestnut-winged Chachalaca_sound,Chestnut-winged Chachalaca,Chestnut-winged Chachalaca31.mp3,611875,True,48000,2,1835625,38.2421875,MP3,MPEG_LAYER_III,27a57eeff8b9a4b6305953694f73bb4675ce92439b4e2041683904d752fc8de1
D:\other\Bird\Dataset\CC0\Chestnut-winged Chachalaca_sound\Chestnut-winged Chachalaca4.mp3,Chestnut-winged Chachalaca_sound\Chestnut-winged Chachalaca4.mp3,Chestnut-winged Chachalaca_sound,Chestnut-winged Chachalaca,Chestnut-winged Chachalaca4.mp3,2506863,True,48000,2,5013726,104.452625,MP3,MPEG_LAYER_III,f5bc0dabc6399e0f8e26d8e3f2cc4a94cbacb3394e6357393a2505ee79d62457
D:\other\Bird\Dataset\CC0\Chestnut-winged Chachalaca_sound\Chestnut-winged Chachalaca5.mp3,Chestnut-winged Chachalaca_sound\Chestnut-winged Chachalaca5.mp3,Chestnut-winged Chachalaca_sound,Chestnut-winged Chachalaca,Chestnut-winged Chachalaca5.mp3,983753,True,44100,2,1076891,24.419297052154196,MP3,MPEG_LAYER_III,55cb9986fd135c21edcca770c00b36851a65b449f69908e97572ed61f52e3468
D:\other\Bird\Dataset\CC0\Chestnut-winged Chachalaca_sound\Chestnut-winged Chachalaca6.mp3,Chestnut-winged Chachalaca_sound\Chestnut-winged Chachalaca6.mp3,Chestnut-winged Chachalaca_sound,Chestnut-winged Chachalaca,Chestnut-winged Chachalaca6.mp3,2821729,True,44100,2,3102592,70.35356009070294,MP3,MPEG_LAYER_III,7b7ca705206e72bf39225a7ca1b15839f8396cb969315c9da23e6c5568180a40
D:\other\Bird\Dataset\CC0\Chestnut-winged Chachalaca_sound\Chestnut-winged Chachalaca7.mp3,Chestnut-winged Chachalaca_sound\Chestnut-winged Chachalaca7.mp3,Chestnut-winged Chachalaca_sound,Chestnut-winged Chachalaca,Chestnut-winged Chachalaca7.mp3,870549,True,48000,2,2595190,54.06645833333334,MP3,MPEG_LAYER_III,f5465e781287a6ecf3017c7ccb1eaa41d24345d513a89bcc8771575a0e7e3a5b
D:\other\Bird\Dataset\CC0\Chestnut-winged Chachalaca_sound\Chestnut-winged Chachalaca8.mp3,Chestnut-winged Chachalaca_sound\Chestnut-winged Chachalaca8.mp3,Chestnut-winged Chachalaca_sound,Chestnut-winged Chachalaca,Chestnut-winged Chachalaca8.mp3,870549,True,48000,2,2595190,54.06645833333334,MP3,MPEG_LAYER_III,f5465e781287a6ecf3017c7ccb1eaa41d24345d513a89bcc8771575a0e7e3a5b
D:\other\Bird\Dataset\CC0\Chestnut-winged Chachalaca_sound\Chestnut-winged Chachalaca9.mp3,Chestnut-winged Chachalaca_sound\Chestnut-winged Chachalaca9.mp3,Chestnut-winged Chachalaca_sound,Chestnut-winged Chachalaca,Chestnut-winged Chachalaca9.mp3,818996,True,44100,2,2241792,50.83428571428571,MP3,MPEG_LAYER_III,34769dddeed1c1223e8493237d35fe12c853c7ac02b86118277e17a957eab08a
D:\other\Bird\Dataset\CC0\Chilean Tinamou_sound\Chilean Tinamou10.mp3,Chilean Tinamou_sound\Chilean Tinamou10.mp3,Chilean Tinamou_sound,Chilean Tinamou,Chilean Tinamou10.mp3,418423,True,44100,2,768777,17.432585034013606,MP3,MPEG_LAYER_III,c63728ce8360c943e4b30c56d9bbb3272909baecfbcd262aa909fcbcea91b711
D:\other\Bird\Dataset\CC0\Chilean Tinamou_sound\Chilean Tinamou11.mp3,Chilean Tinamou_sound\Chilean Tinamou11.mp3,Chilean Tinamou_sound,Chilean Tinamou,Chilean Tinamou11.mp3,418423,True,44100,2,768777,17.432585034013606,MP3,MPEG_LAYER_III,c63728ce8360c943e4b30c56d9bbb3272909baecfbcd262aa909fcbcea91b711
D:\other\Bird\Dataset\CC0\Chilean Tinamou_sound\Chilean Tinamou12.mp3,Chilean Tinamou_sound\Chilean Tinamou12.mp3,Chilean Tinamou_sound,Chilean Tinamou,Chilean Tinamou12.mp3,1082382,True,44100,2,2982671,67.63426303854875,MP3,MPEG_LAYER_III,2b6e4036cc09cb245f04312a6262066c6ae16f448816b49f3ec196befbdcae6d
D:\other\Bird\Dataset\CC0\Chilean Tinamou_sound\Chilean Tinamou13.mp3,Chilean Tinamou_sound\Chilean Tinamou13.mp3,Chilean Tinamou_sound,Chilean Tinamou,Chilean Tinamou13.mp3,24899,True,44100,1,137242,3.112063492063492,MP3,MPEG_LAYER_III,f36ff99e2bd24b1a8bd487353675a0ec62ff744465398861a8691ffef2b43a8c
D:\other\Bird\Dataset\CC0\Chilean Tinamou_sound\Chilean Tinamou2.mp3,Chilean Tinamou_sound\Chilean Tinamou2.mp3,Chilean Tinamou_sound,Chilean Tinamou,Chilean Tinamou2.mp3,738800,True,44100,2,123039,2.79,WAV,PCM_24,ced79ed2cd2c7036f24c44a7252c74c0df23707dd6543094aa8b699881d630e6
D:\other\Bird\Dataset\CC0\Chilean Tinamou_sound\Chilean Tinamou3.mp3,Chilean Tinamou_sound\Chilean Tinamou3.mp3,Chilean Tinamou_sound,Chilean Tinamou,Chilean Tinamou3.mp3,738800,True,44100,2,123039,2.79,WAV,PCM_24,ced79ed2cd2c7036f24c44a7252c74c0df23707dd6543094aa8b699881d630e6
D:\other\Bird\Dataset\CC0\Chilean Tinamou_sound\Chilean Tinamou4.mp3,Chilean Tinamou_sound\Chilean Tinamou4.mp3,Chilean Tinamou_sound,Chilean Tinamou,Chilean Tinamou4.mp3,738800,True,44100,2,123039,2.79,WAV,PCM_24,ced79ed2cd2c7036f24c44a7252c74c0df23707dd6543094aa8b699881d630e6
D:\other\Bird\Dataset\CC0\Chilean Tinamou_sound\Chilean Tinamou5.mp3,Chilean Tinamou_sound\Chilean Tinamou5.mp3,Chilean Tinamou_sound,Chilean Tinamou,Chilean Tinamou5.mp3,738800,True,44100,2,123039,2.79,WAV,PCM_24,ced79ed2cd2c7036f24c44a7252c74c0df23707dd6543094aa8b699881d630e6
D:\other\Bird\Dataset\CC0\Chilean Tinamou_sound\Chilean Tinamou6.mp3,Chilean Tinamou_sound\Chilean Tinamou6.mp3,Chilean Tinamou_sound,Chilean Tinamou,Chilean Tinamou6.mp3,738800,True,44100,2,123039,2.79,WAV,PCM_24,ced79ed2cd2c7036f24c44a7252c74c0df23707dd6543094aa8b699881d630e6
D:\other\Bird\Dataset\CC0\Chilean Tinamou_sound\Chilean Tinamou7.mp3,Chilean Tinamou_sound\Chilean Tinamou7.mp3,Chilean Tinamou_sound,Chilean Tinamou,Chilean Tinamou7.mp3,919347,True,44100,2,1689135,38.30238095238095,MP3,MPEG_LAYER_III,d9a75993cd9062550a4ef0d219750a4834057e07a3a5a7e276af9097af099eea
D:\other\Bird\Dataset\CC0\Chilean Tinamou_sound\Chilean Tinamou8.mp3,Chilean Tinamou_sound\Chilean Tinamou8.mp3,Chilean Tinamou_sound,Chilean Tinamou,Chilean Tinamou8.mp3,418423,True,44100,2,768777,17.432585034013606,MP3,MPEG_LAYER_III,c63728ce8360c943e4b30c56d9bbb3272909baecfbcd262aa909fcbcea91b711
D:\other\Bird\Dataset\CC0\Chilean Tinamou_sound\Chilean Tinamou9.mp3,Chilean Tinamou_sound\Chilean Tinamou9.mp3,Chilean Tinamou_sound,Chilean Tinamou,Chilean Tinamou9.mp3,418423,True,44100,2,768777,17.432585034013606,MP3,MPEG_LAYER_III,c63728ce8360c943e4b30c56d9bbb3272909baecfbcd262aa909fcbcea91b711
D:\other\Bird\Dataset\CC0\Choco Tinamou_sound\Choco Tinamou2.mp3,Choco Tinamou_sound\Choco Tinamou2.mp3,Choco Tinamou_sound,Choco Tinamou,Choco Tinamou2.mp3,2798453,True,48000,1,5596650,116.596875,MP3,MPEG_LAYER_III,996ad2be0aa5caf44184934c89a90282651f7b6de9b81cae273446404fd98030
D:\other\Bird\Dataset\CC0\Choco Tinamou_sound\Choco Tinamou3.mp3,Choco Tinamou_sound\Choco Tinamou3.mp3,Choco Tinamou_sound,Choco Tinamou,Choco Tinamou3.mp3,79149,True,44100,1,436266,9.89265306122449,MP3,MPEG_LAYER_III,549a249f1b8267f870ae1bc69c8b0189a498790249e072dde4dbcca1c3671707
D:\other\Bird\Dataset\CC0\Choco Tinamou_sound\Choco Tinamou4.mp3,Choco Tinamou_sound\Choco Tinamou4.mp3,Choco Tinamou_sound,Choco Tinamou,Choco Tinamou4.mp3,79149,True,44100,1,436266,9.89265306122449,MP3,MPEG_LAYER_III,549a249f1b8267f870ae1bc69c8b0189a498790249e072dde4dbcca1c3671707
D:\other\Bird\Dataset\CC0\Choco Tinamou_sound\Choco Tinamou5.mp3,Choco Tinamou_sound\Choco Tinamou5.mp3,Choco Tinamou_sound,Choco Tinamou,Choco Tinamou5.mp3,1271577,True,48000,2,3037227,63.2755625,MP3,MPEG_LAYER_III,ec82ca07f082a5f3a4cacebd7905a5319ddc5ad23b0cfe7c7d788e5aec67c8a0
D:\other\Bird\Dataset\CC0\Choco Tinamou_sound\Choco Tinamou6.mp3,Choco Tinamou_sound\Choco Tinamou6.mp3,Choco Tinamou_sound,Choco Tinamou,Choco Tinamou6.mp3,1135257,True,48000,2,2709519,56.4483125,MP3,MPEG_LAYER_III,37a2b425cb8463df4f226cf8a142657bec6ce4e79aaf4055ec603b5f168bcdf8
D:\other\Bird\Dataset\CC0\Choco Tinamou_sound\Choco Tinamou7.mp3,Choco Tinamou_sound\Choco Tinamou7.mp3,Choco Tinamou_sound,Choco Tinamou,Choco Tinamou7.mp3,290073,True,44100,1,1067145,24.19829931972789,MP3,MPEG_LAYER_III,d484026897144ed0884d2fcfe75bc8461f672be68efd46a317837462385fe57b
D:\other\Bird\Dataset\CC0\Choco Tinamou_sound\Choco Tinamou8.mp3,Choco Tinamou_sound\Choco Tinamou8.mp3,Choco Tinamou_sound,Choco Tinamou,Choco Tinamou8.mp3,290073,True,44100,1,1067145,24.19829931972789,MP3,MPEG_LAYER_III,d484026897144ed0884d2fcfe75bc8461f672be68efd46a317837462385fe57b
D:\other\Bird\Dataset\CC0\Cinereous Tinamou_sound\Cinereous Tinamou10.mp3,Cinereous Tinamou_sound\Cinereous Tinamou10.mp3,Cinereous Tinamou_sound,Cinereous Tinamou,Cinereous Tinamou10.mp3,849942,True,44100,2,3646464,82.68625850340136,MP3,MPEG_LAYER_III,95577dfd1d15bbc54cdf32e6d0fc9ae61809f4868197277042e922826448c6e2
D:\other\Bird\Dataset\CC0\Cinereous Tinamou_sound\Cinereous Tinamou11.mp3,Cinereous Tinamou_sound\Cinereous Tinamou11.mp3,Cinereous Tinamou_sound,Cinereous Tinamou,Cinereous Tinamou11.mp3,849942,True,44100,2,3646464,82.68625850340136,MP3,MPEG_LAYER_III,95577dfd1d15bbc54cdf32e6d0fc9ae61809f4868197277042e922826448c6e2
D:\other\Bird\Dataset\CC0\Cinereous Tinamou_sound\Cinereous Tinamou12.mp3,Cinereous Tinamou_sound\Cinereous Tinamou12.mp3,Cinereous Tinamou_sound,Cinereous Tinamou,Cinereous Tinamou12.mp3,849942,True,44100,2,3646464,82.68625850340136,MP3,MPEG_LAYER_III,95577dfd1d15bbc54cdf32e6d0fc9ae61809f4868197277042e922826448c6e2
D:\other\Bird\Dataset\CC0\Cinereous Tinamou_sound\Cinereous Tinamou13.mp3,Cinereous Tinamou_sound\Cinereous Tinamou13.mp3,Cinereous Tinamou_sound,Cinereous Tinamou,Cinereous Tinamou13.mp3,693504,True,44100,1,1911283,43.33975056689342,MP3,MPEG_LAYER_III,58e6be54155c81b1e5231ec700f3b92590f9dcabbc277aa130c2f0c1e7b1bf6c
D:\other\Bird\Dataset\CC0\Cinereous Tinamou_sound\Cinereous Tinamou14.mp3,Cinereous Tinamou_sound\Cinereous Tinamou14.mp3,Cinereous Tinamou_sound,Cinereous Tinamou,Cinereous Tinamou14.mp3,693504,True,44100,1,1911283,43.33975056689342,MP3,MPEG_LAYER_III,58e6be54155c81b1e5231ec700f3b92590f9dcabbc277aa130c2f0c1e7b1bf6c
D:\other\Bird\Dataset\CC0\Cinereous Tinamou_sound\Cinereous Tinamou15.mp3,Cinereous Tinamou_sound\Cinereous Tinamou15.mp3,Cinereous Tinamou_sound,Cinereous Tinamou,Cinereous Tinamou15.mp3,693504,True,44100,1,1911283,43.33975056689342,MP3,MPEG_LAYER_III,58e6be54155c81b1e5231ec700f3b92590f9dcabbc277aa130c2f0c1e7b1bf6c
D:\other\Bird\Dataset\CC0\Cinereous Tinamou_sound\Cinereous Tinamou16.mp3,Cinereous Tinamou_sound\Cinereous Tinamou16.mp3,Cinereous Tinamou_sound,Cinereous Tinamou,Cinereous Tinamou16.mp3,693504,True,44100,1,1911283,43.33975056689342,MP3,MPEG_LAYER_III,58e6be54155c81b1e5231ec700f3b92590f9dcabbc277aa130c2f0c1e7b1bf6c
D:\other\Bird\Dataset\CC0\Cinereous Tinamou_sound\Cinereous Tinamou17.mp3,Cinereous Tinamou_sound\Cinereous Tinamou17.mp3,Cinereous Tinamou_sound,Cinereous Tinamou,Cinereous Tinamou17.mp3,693504,True,44100,1,1911283,43.33975056689342,MP3,MPEG_LAYER_III,58e6be54155c81b1e5231ec700f3b92590f9dcabbc277aa130c2f0c1e7b1bf6c
D:\other\Bird\Dataset\CC0\Cinereous Tinamou_sound\Cinereous Tinamou18.mp3,Cinereous Tinamou_sound\Cinereous Tinamou18.mp3,Cinereous Tinamou_sound,Cinereous Tinamou,Cinereous Tinamou18.mp3,693504,True,44100,1,1911283,43.33975056689342,MP3,MPEG_LAYER_III,58e6be54155c81b1e5231ec700f3b92590f9dcabbc277aa130c2f0c1e7b1bf6c
D:\other\Bird\Dataset\CC0\Cinereous Tinamou_sound\Cinereous Tinamou19.mp3,Cinereous Tinamou_sound\Cinereous Tinamou19.mp3,Cinereous Tinamou_sound,Cinereous Tinamou,Cinereous Tinamou19.mp3,693504,True,44100,1,1911283,43.33975056689342,MP3,MPEG_LAYER_III,58e6be54155c81b1e5231ec700f3b92590f9dcabbc277aa130c2f0c1e7b1bf6c
D:\other\Bird\Dataset\CC0\Cinereous Tinamou_sound\Cinereous Tinamou2.mp3,Cinereous Tinamou_sound\Cinereous Tinamou2.mp3,Cinereous Tinamou_sound,Cinereous Tinamou,Cinereous Tinamou2.mp3,116841,True,44100,1,322011,7.301836734693878,MP3,MPEG_LAYER_III,1dfcf8d510dddfec4090a4f295c9055a131137730a1cef83f1f4f32453f272a9
D:\other\Bird\Dataset\CC0\Cinereous Tinamou_sound\Cinereous Tinamou20.mp3,Cinereous Tinamou_sound\Cinereous Tinamou20.mp3,Cinereous Tinamou_sound,Cinereous Tinamou,Cinereous Tinamou20.mp3,693504,True,44100,1,1911283,43.33975056689342,MP3,MPEG_LAYER_III,58e6be54155c81b1e5231ec700f3b92590f9dcabbc277aa130c2f0c1e7b1bf6c
D:\other\Bird\Dataset\CC0\Cinereous Tinamou_sound\Cinereous Tinamou21.mp3,Cinereous Tinamou_sound\Cinereous Tinamou21.mp3,Cinereous Tinamou_sound,Cinereous Tinamou,Cinereous Tinamou21.mp3,693504,True,44100,1,1911283,43.33975056689342,MP3,MPEG_LAYER_III,58e6be54155c81b1e5231ec700f3b92590f9dcabbc277aa130c2f0c1e7b1bf6c
D:\other\Bird\Dataset\CC0\Cinereous Tinamou_sound\Cinereous Tinamou22.mp3,Cinereous Tinamou_sound\Cinereous Tinamou22.mp3,Cinereous Tinamou_sound,Cinereous Tinamou,Cinereous Tinamou22.mp3,693504,True,44100,1,1911283,43.33975056689342,MP3,MPEG_LAYER_III,58e6be54155c81b1e5231ec700f3b92590f9dcabbc277aa130c2f0c1e7b1bf6c
D:\other\Bird\Dataset\CC0\Cinereous Tinamou_sound\Cinereous Tinamou23.mp3,Cinereous Tinamou_sound\Cinereous Tinamou23.mp3,Cinereous Tinamou_sound,Cinereous Tinamou,Cinereous Tinamou23.mp3,2393414,True,48000,2,4786828,99.72558333333333,MP3,MPEG_LAYER_III,1df1777a91df22dc103af511640b3edc2e945db5fa94c502eec4ada1ace455fb
D:\other\Bird\Dataset\CC0\Cinereous Tinamou_sound\Cinereous Tinamou24.mp3,Cinereous Tinamou_sound\Cinereous Tinamou24.mp3,Cinereous Tinamou_sound,Cinereous Tinamou,Cinereous Tinamou24.mp3,2393414,True,48000,2,4786828,99.72558333333333,MP3,MPEG_LAYER_III,1df1777a91df22dc103af511640b3edc2e945db5fa94c502eec4ada1ace455fb
D:\other\Bird\Dataset\CC0\Cinereous Tinamou_sound\Cinereous Tinamou25.mp3,Cinereous Tinamou_sound\Cinereous Tinamou25.mp3,Cinereous Tinamou_sound,Cinereous Tinamou,Cinereous Tinamou25.mp3,6604212,True,44100,2,18296415,414.884693877551,MP3,MPEG_LAYER_III,d12945eac6e2f6bbc0a2352fc6ba09f797e23e1c586d8c94622dcf9cd787164c
D:\other\Bird\Dataset\CC0\Cinereous Tinamou_sound\Cinereous Tinamou26.mp3,Cinereous Tinamou_sound\Cinereous Tinamou26.mp3,Cinereous Tinamou_sound,Cinereous Tinamou,Cinereous Tinamou26.mp3,6604212,True,44100,2,18296415,414.884693877551,MP3,MPEG_LAYER_III,d12945eac6e2f6bbc0a2352fc6ba09f797e23e1c586d8c94622dcf9cd787164c
D:\other\Bird\Dataset\CC0\Cinereous Tinamou_sound\Cinereous Tinamou27.mp3,Cinereous Tinamou_sound\Cinereous Tinamou27.mp3,Cinereous Tinamou_sound,Cinereous Tinamou,Cinereous Tinamou27.mp3,6604212,True,44100,2,18296415,414.884693877551,MP3,MPEG_LAYER_III,d12945eac6e2f6bbc0a2352fc6ba09f797e23e1c586d8c94622dcf9cd787164c
D:\other\Bird\Dataset\CC0\Cinereous Tinamou_sound\Cinereous Tinamou28.mp3,Cinereous Tinamou_sound\Cinereous Tinamou28.mp3,Cinereous Tinamou_sound,Cinereous Tinamou,Cinereous Tinamou28.mp3,914203,True,44100,2,2503761,56.774625850340136,MP3,MPEG_LAYER_III,1d006db754bf3872e12d51320e9dd0c95709bdea8e62027e2d1995a9b5dbbcce
D:\other\Bird\Dataset\CC0\Cinereous Tinamou_sound\Cinereous Tinamou29.mp3,Cinereous Tinamou_sound\Cinereous Tinamou29.mp3,Cinereous Tinamou_sound,Cinereous Tinamou,Cinereous Tinamou29.mp3,1295558,True,44100,2,3570180,80.95646258503402,MP3,MPEG_LAYER_III,b73f175575ffebdf46ee370fb28909d51bb6653e3826b052f39334bd61baf5be
D:\other\Bird\Dataset\CC0\Cinereous Tinamou_sound\Cinereous Tinamou3.mp3,Cinereous Tinamou_sound\Cinereous Tinamou3.mp3,Cinereous Tinamou_sound,Cinereous Tinamou,Cinereous Tinamou3.mp3,116841,True,44100,1,322011,7.301836734693878,MP3,MPEG_LAYER_III,1dfcf8d510dddfec4090a4f295c9055a131137730a1cef83f1f4f32453f272a9
D:\other\Bird\Dataset\CC0\Cinereous Tinamou_sound\Cinereous Tinamou30.mp3,Cinereous Tinamou_sound\Cinereous Tinamou30.mp3,Cinereous Tinamou_sound,Cinereous Tinamou,Cinereous Tinamou30.mp3,834889,True,44100,1,2306455,52.30056689342403,MP3,MPEG_LAYER_III,6b4ad8c4aca0c237a05cbbfc41760bab858622e50cd7744084f8934814b683ef
D:\other\Bird\Dataset\CC0\Cinereous Tinamou_sound\Cinereous Tinamou31.mp3,Cinereous Tinamou_sound\Cinereous Tinamou31.mp3,Cinereous Tinamou_sound,Cinereous Tinamou,Cinereous Tinamou31.mp3,834889,True,44100,1,2306455,52.30056689342403,MP3,MPEG_LAYER_III,6b4ad8c4aca0c237a05cbbfc41760bab858622e50cd7744084f8934814b683ef
D:\other\Bird\Dataset\CC0\Cinereous Tinamou_sound\Cinereous Tinamou4.mp3,Cinereous Tinamou_sound\Cinereous Tinamou4.mp3,Cinereous Tinamou_sound,Cinereous Tinamou,Cinereous Tinamou4.mp3,116841,True,44100,1,322011,7.301836734693878,MP3,MPEG_LAYER_III,1dfcf8d510dddfec4090a4f295c9055a131137730a1cef83f1f4f32453f272a9
D:\other\Bird\Dataset\CC0\Cinereous Tinamou_sound\Cinereous Tinamou5.mp3,Cinereous Tinamou_sound\Cinereous Tinamou5.mp3,Cinereous Tinamou_sound,Cinereous Tinamou,Cinereous Tinamou5.mp3,1836804,True,44100,2,3374797,76.52600907029479,MP3,MPEG_LAYER_III,7e05aec2d1a8d466fcc9a6fcb1842230da46f1465c9c8c2c6e8d522eff8b4563
D:\other\Bird\Dataset\CC0\Cinereous Tinamou_sound\Cinereous Tinamou6.mp3,Cinereous Tinamou_sound\Cinereous Tinamou6.mp3,Cinereous Tinamou_sound,Cinereous Tinamou,Cinereous Tinamou6.mp3,1836804,True,44100,2,3374797,76.52600907029479,MP3,MPEG_LAYER_III,7e05aec2d1a8d466fcc9a6fcb1842230da46f1465c9c8c2c6e8d522eff8b4563
D:\other\Bird\Dataset\CC0\Cinereous Tinamou_sound\Cinereous Tinamou7.mp3,Cinereous Tinamou_sound\Cinereous Tinamou7.mp3,Cinereous Tinamou_sound,Cinereous Tinamou,Cinereous Tinamou7.mp3,1836804,True,44100,2,3374797,76.52600907029479,MP3,MPEG_LAYER_III,7e05aec2d1a8d466fcc9a6fcb1842230da46f1465c9c8c2c6e8d522eff8b4563
D:\other\Bird\Dataset\CC0\Cinereous Tinamou_sound\Cinereous Tinamou8.mp3,Cinereous Tinamou_sound\Cinereous Tinamou8.mp3,Cinereous Tinamou_sound,Cinereous Tinamou,Cinereous Tinamou8.mp3,1836804,True,44100,2,3374797,76.52600907029479,MP3,MPEG_LAYER_III,7e05aec2d1a8d466fcc9a6fcb1842230da46f1465c9c8c2c6e8d522eff8b4563
D:\other\Bird\Dataset\CC0\Cinereous Tinamou_sound\Cinereous Tinamou9.mp3,Cinereous Tinamou_sound\Cinereous Tinamou9.mp3,Cinereous Tinamou_sound,Cinereous Tinamou,Cinereous Tinamou9.mp3,1836804,True,44100,2,3374797,76.52600907029479,MP3,MPEG_LAYER_III,7e05aec2d1a8d466fcc9a6fcb1842230da46f1465c9c8c2c6e8d522eff8b4563
D:\other\Bird\Dataset\CC0\Collared Brushturkey_sound\Collared Brushturkey10.mp3,Collared Brushturkey_sound\Collared Brushturkey10.mp3,Collared Brushturkey_sound,Collared Brushturkey,Collared Brushturkey10.mp3,992162,True,44100,2,1916366,43.455011337868484,MP3,MPEG_LAYER_III,98d2c78ee2f46264d83a40b32a548ad184842870ed41e709e1d98a1249d94b3d
D:\other\Bird\Dataset\CC0\Collared Brushturkey_sound\Collared Brushturkey11.mp3,Collared Brushturkey_sound\Collared Brushturkey11.mp3,Collared Brushturkey_sound,Collared Brushturkey,Collared Brushturkey11.mp3,992162,True,44100,2,1916366,43.455011337868484,MP3,MPEG_LAYER_III,98d2c78ee2f46264d83a40b32a548ad184842870ed41e709e1d98a1249d94b3d
D:\other\Bird\Dataset\CC0\Collared Brushturkey_sound\Collared Brushturkey12.mp3,Collared Brushturkey_sound\Collared Brushturkey12.mp3,Collared Brushturkey_sound,Collared Brushturkey,Collared Brushturkey12.mp3,992162,True,44100,2,1916366,43.455011337868484,MP3,MPEG_LAYER_III,98d2c78ee2f46264d83a40b32a548ad184842870ed41e709e1d98a1249d94b3d
D:\other\Bird\Dataset\CC0\Collared Brushturkey_sound\Collared Brushturkey13.mp3,Collared Brushturkey_sound\Collared Brushturkey13.mp3,Collared Brushturkey_sound,Collared Brushturkey,Collared Brushturkey13.mp3,2172900,True,44100,2,2395388,54.31718820861678,MP3,MPEG_LAYER_III,120ac5095fc39ce1a86f525f11f43c6eb7ef31317efd5f2ed30bca031e306f9e
D:\other\Bird\Dataset\CC0\Collared Brushturkey_sound\Collared Brushturkey14.mp3,Collared Brushturkey_sound\Collared Brushturkey14.mp3,Collared Brushturkey_sound,Collared Brushturkey,Collared Brushturkey14.mp3,3314959,True,44100,2,3654385,82.86587301587302,MP3,MPEG_LAYER_III,01c0aaf2aa3fb0f3adc73b416cee7806e0988b6186b46d5f991414fab8930d3b
D:\other\Bird\Dataset\CC0\Collared Brushturkey_sound\Collared Brushturkey15.mp3,Collared Brushturkey_sound\Collared Brushturkey15.mp3,Collared Brushturkey_sound,Collared Brushturkey,Collared Brushturkey15.mp3,3314959,True,44100,2,3654385,82.86587301587302,MP3,MPEG_LAYER_III,01c0aaf2aa3fb0f3adc73b416cee7806e0988b6186b46d5f991414fab8930d3b
D:\other\Bird\Dataset\CC0\Collared Brushturkey_sound\Collared Brushturkey16.mp3,Collared Brushturkey_sound\Collared Brushturkey16.mp3,Collared Brushturkey_sound,Collared Brushturkey,Collared Brushturkey16.mp3,3314959,True,44100,2,3654385,82.86587301587302,MP3,MPEG_LAYER_III,01c0aaf2aa3fb0f3adc73b416cee7806e0988b6186b46d5f991414fab8930d3b
D:\other\Bird\Dataset\CC0\Collared Brushturkey_sound\Collared Brushturkey17.mp3,Collared Brushturkey_sound\Collared Brushturkey17.mp3,Collared Brushturkey_sound,Collared Brushturkey,Collared Brushturkey17.mp3,3314959,True,44100,2,3654385,82.86587301587302,MP3,MPEG_LAYER_III,01c0aaf2aa3fb0f3adc73b416cee7806e0988b6186b46d5f991414fab8930d3b
D:\other\Bird\Dataset\CC0\Collared Brushturkey_sound\Collared Brushturkey18.mp3,Collared Brushturkey_sound\Collared Brushturkey18.mp3,Collared Brushturkey_sound,Collared Brushturkey,Collared Brushturkey18.mp3,3314959,True,44100,2,3654385,82.86587301587302,MP3,MPEG_LAYER_III,01c0aaf2aa3fb0f3adc73b416cee7806e0988b6186b46d5f991414fab8930d3b
D:\other\Bird\Dataset\CC0\Collared Brushturkey_sound\Collared Brushturkey19.mp3,Collared Brushturkey_sound\Collared Brushturkey19.mp3,Collared Brushturkey_sound,Collared Brushturkey,Collared Brushturkey19.mp3,2637889,True,44100,2,2907988,65.9407709750567,MP3,MPEG_LAYER_III,8a5d025379940f69add39a411704fa8a5ea893a450e7193c27828c33de24a378
D:\other\Bird\Dataset\CC0\Collared Brushturkey_sound\Collared Brushturkey2.mp3,Collared Brushturkey_sound\Collared Brushturkey2.mp3,Collared Brushturkey_sound,Collared Brushturkey,Collared Brushturkey2.mp3,1745553,True,44100,2,1924284,43.63455782312925,MP3,MPEG_LAYER_III,23a6bacb534b310acb337d10033cf88034ea7387fb9d20c27302fe5318bd4f3c
D:\other\Bird\Dataset\CC0\Collared Brushturkey_sound\Collared Brushturkey20.mp3,Collared Brushturkey_sound\Collared Brushturkey20.mp3,Collared Brushturkey_sound,Collared Brushturkey,Collared Brushturkey20.mp3,2637889,True,44100,2,2907988,65.9407709750567,MP3,MPEG_LAYER_III,8a5d025379940f69add39a411704fa8a5ea893a450e7193c27828c33de24a378
D:\other\Bird\Dataset\CC0\Collared Brushturkey_sound\Collared Brushturkey21.mp3,Collared Brushturkey_sound\Collared Brushturkey21.mp3,Collared Brushturkey_sound,Collared Brushturkey,Collared Brushturkey21.mp3,2637889,True,44100,2,2907988,65.9407709750567,MP3,MPEG_LAYER_III,8a5d025379940f69add39a411704fa8a5ea893a450e7193c27828c33de24a378
D:\other\Bird\Dataset\CC0\Collared Brushturkey_sound\Collared Brushturkey3.mp3,Collared Brushturkey_sound\Collared Brushturkey3.mp3,Collared Brushturkey_sound,Collared Brushturkey,Collared Brushturkey3.mp3,1745553,True,44100,2,1924284,43.63455782312925,MP3,MPEG_LAYER_III,23a6bacb534b310acb337d10033cf88034ea7387fb9d20c27302fe5318bd4f3c
D:\other\Bird\Dataset\CC0\Collared Brushturkey_sound\Collared Brushturkey4.mp3,Collared Brushturkey_sound\Collared Brushturkey4.mp3,Collared Brushturkey_sound,Collared Brushturkey,Collared Brushturkey4.mp3,1745553,True,44100,2,1924284,43.63455782312925,MP3,MPEG_LAYER_III,23a6bacb534b310acb337d10033cf88034ea7387fb9d20c27302fe5318bd4f3c
D:\other\Bird\Dataset\CC0\Collared Brushturkey_sound\Collared Brushturkey5.mp3,Collared Brushturkey_sound\Collared Brushturkey5.mp3,Collared Brushturkey_sound,Collared Brushturkey,Collared Brushturkey5.mp3,1745553,True,44100,2,1924284,43.63455782312925,MP3,MPEG_LAYER_III,23a6bacb534b310acb337d10033cf88034ea7387fb9d20c27302fe5318bd4f3c
D:\other\Bird\Dataset\CC0\Collared Brushturkey_sound\Collared Brushturkey6.mp3,Collared Brushturkey_sound\Collared Brushturkey6.mp3,Collared Brushturkey_sound,Collared Brushturkey,Collared Brushturkey6.mp3,1745553,True,44100,2,1924284,43.63455782312925,MP3,MPEG_LAYER_III,23a6bacb534b310acb337d10033cf88034ea7387fb9d20c27302fe5318bd4f3c
D:\other\Bird\Dataset\CC0\Collared Brushturkey_sound\Collared Brushturkey7.mp3,Collared Brushturkey_sound\Collared Brushturkey7.mp3,Collared Brushturkey_sound,Collared Brushturkey,Collared Brushturkey7.mp3,1745553,True,44100,2,1924284,43.63455782312925,MP3,MPEG_LAYER_III,23a6bacb534b310acb337d10033cf88034ea7387fb9d20c27302fe5318bd4f3c
D:\other\Bird\Dataset\CC0\Collared Brushturkey_sound\Collared Brushturkey8.mp3,Collared Brushturkey_sound\Collared Brushturkey8.mp3,Collared Brushturkey_sound,Collared Brushturkey,Collared Brushturkey8.mp3,1745553,True,44100,2,1924284,43.63455782312925,MP3,MPEG_LAYER_III,23a6bacb534b310acb337d10033cf88034ea7387fb9d20c27302fe5318bd4f3c
D:\other\Bird\Dataset\CC0\Collared Brushturkey_sound\Collared Brushturkey9.mp3,Collared Brushturkey_sound\Collared Brushturkey9.mp3,Collared Brushturkey_sound,Collared Brushturkey,Collared Brushturkey9.mp3,1745553,True,44100,2,1924284,43.63455782312925,MP3,MPEG_LAYER_III,23a6bacb534b310acb337d10033cf88034ea7387fb9d20c27302fe5318bd4f3c
D:\other\Bird\Dataset\CC0\Colombian Chachalaca_sound\Colombian Chachalaca10.mp3,Colombian Chachalaca_sound\Colombian Chachalaca10.mp3,Colombian Chachalaca_sound,Colombian Chachalaca,Colombian Chachalaca10.mp3,1263825,True,44100,2,1385695,31.421655328798185,MP3,MPEG_LAYER_III,d12aec92727645ba4ea7fac760890deefbfc486a9aec7c77eea8762823127790
D:\other\Bird\Dataset\CC0\Colombian Chachalaca_sound\Colombian Chachalaca11.mp3,Colombian Chachalaca_sound\Colombian Chachalaca11.mp3,Colombian Chachalaca_sound,Colombian Chachalaca,Colombian Chachalaca11.mp3,1263825,True,44100,2,1385695,31.421655328798185,MP3,MPEG_LAYER_III,d12aec92727645ba4ea7fac760890deefbfc486a9aec7c77eea8762823127790
D:\other\Bird\Dataset\CC0\Colombian Chachalaca_sound\Colombian Chachalaca12.mp3,Colombian Chachalaca_sound\Colombian Chachalaca12.mp3,Colombian Chachalaca_sound,Colombian Chachalaca,Colombian Chachalaca12.mp3,1263825,True,44100,2,1385695,31.421655328798185,MP3,MPEG_LAYER_III,d12aec92727645ba4ea7fac760890deefbfc486a9aec7c77eea8762823127790
D:\other\Bird\Dataset\CC0\Colombian Chachalaca_sound\Colombian Chachalaca13.mp3,Colombian Chachalaca_sound\Colombian Chachalaca13.mp3,Colombian Chachalaca_sound,Colombian Chachalaca,Colombian Chachalaca13.mp3,1263825,True,44100,2,1385695,31.421655328798185,MP3,MPEG_LAYER_III,d12aec92727645ba4ea7fac760890deefbfc486a9aec7c77eea8762823127790
D:\other\Bird\Dataset\CC0\Colombian Chachalaca_sound\Colombian Chachalaca14.mp3,Colombian Chachalaca_sound\Colombian Chachalaca14.mp3,Colombian Chachalaca_sound,Colombian Chachalaca,Colombian Chachalaca14.mp3,1328003,True,44100,2,3659950,82.9920634920635,MP3,MPEG_LAYER_III,e4327012788c5ae7d266bd33189830455af7fafe178332d4b77590258ee18f6c
D:\other\Bird\Dataset\CC0\Colombian Chachalaca_sound\Colombian Chachalaca15.mp3,Colombian Chachalaca_sound\Colombian Chachalaca15.mp3,Colombian Chachalaca_sound,Colombian Chachalaca,Colombian Chachalaca15.mp3,2054457,True,44100,2,5662044,128.39102040816326,MP3,MPEG_LAYER_III,4e9aba395fb292e174e920487e96cfaefa6f473cc6beee0c58c42681dbaefff4
D:\other\Bird\Dataset\CC0\Colombian Chachalaca_sound\Colombian Chachalaca16.mp3,Colombian Chachalaca_sound\Colombian Chachalaca16.mp3,Colombian Chachalaca_sound,Colombian Chachalaca,Colombian Chachalaca16.mp3,3323769,True,44100,2,6106829,138.47684807256235,MP3,MPEG_LAYER_III,18e9ee03777443d4d178bad556e64386c608ec821e222e8772d2bb5849883283
D:\other\Bird\Dataset\CC0\Colombian Chachalaca_sound\Colombian Chachalaca17.mp3,Colombian Chachalaca_sound\Colombian Chachalaca17.mp3,Colombian Chachalaca_sound,Colombian Chachalaca,Colombian Chachalaca17.mp3,3323769,True,44100,2,6106829,138.47684807256235,MP3,MPEG_LAYER_III,18e9ee03777443d4d178bad556e64386c608ec821e222e8772d2bb5849883283
D:\other\Bird\Dataset\CC0\Colombian Chachalaca_sound\Colombian Chachalaca18.mp3,Colombian Chachalaca_sound\Colombian Chachalaca18.mp3,Colombian Chachalaca_sound,Colombian Chachalaca,Colombian Chachalaca18.mp3,3323769,True,44100,2,6106829,138.47684807256235,MP3,MPEG_LAYER_III,18e9ee03777443d4d178bad556e64386c608ec821e222e8772d2bb5849883283
D:\other\Bird\Dataset\CC0\Colombian Chachalaca_sound\Colombian Chachalaca19.mp3,Colombian Chachalaca_sound\Colombian Chachalaca19.mp3,Colombian Chachalaca_sound,Colombian Chachalaca,Colombian Chachalaca19.mp3,3323769,True,44100,2,6106829,138.47684807256235,MP3,MPEG_LAYER_III,18e9ee03777443d4d178bad556e64386c608ec821e222e8772d2bb5849883283
D:\other\Bird\Dataset\CC0\Colombian Chachalaca_sound\Colombian Chachalaca2.mp3,Colombian Chachalaca_sound\Colombian Chachalaca2.mp3,Colombian Chachalaca_sound,Colombian Chachalaca,Colombian Chachalaca2.mp3,211860,True,48000,1,869802,18.120875,MP3,MPEG_LAYER_III,2b68d5adbcf795b68aa5a74aa907de7262399d5e4cc1eb4deca841fc56373d6f
D:\other\Bird\Dataset\CC0\Colombian Chachalaca_sound\Colombian Chachalaca20.mp3,Colombian Chachalaca_sound\Colombian Chachalaca20.mp3,Colombian Chachalaca_sound,Colombian Chachalaca,Colombian Chachalaca20.mp3,3323769,True,44100,2,6106829,138.47684807256235,MP3,MPEG_LAYER_III,18e9ee03777443d4d178bad556e64386c608ec821e222e8772d2bb5849883283
D:\other\Bird\Dataset\CC0\Colombian Chachalaca_sound\Colombian Chachalaca21.mp3,Colombian Chachalaca_sound\Colombian Chachalaca21.mp3,Colombian Chachalaca_sound,Colombian Chachalaca,Colombian Chachalaca21.mp3,184351,True,48000,2,553053,11.5219375,MP3,MPEG_LAYER_III,8c177cdef69476c05fcf2b6221063d6ccd6c0408189103ef3a9bd7231ca6f017
D:\other\Bird\Dataset\CC0\Colombian Chachalaca_sound\Colombian Chachalaca22.mp3,Colombian Chachalaca_sound\Colombian Chachalaca22.mp3,Colombian Chachalaca_sound,Colombian Chachalaca,Colombian Chachalaca22.mp3,183583,True,48000,2,550749,11.4739375,MP3,MPEG_LAYER_III,0e2a11c5b88f398665b7ff214f71220b56f8497daef98c31fe6bccb9eb862e68
D:\other\Bird\Dataset\CC0\Colombian Chachalaca_sound\Colombian Chachalaca23.mp3,Colombian Chachalaca_sound\Colombian Chachalaca23.mp3,Colombian Chachalaca_sound,Colombian Chachalaca,Colombian Chachalaca23.mp3,183583,True,48000,2,550749,11.4739375,MP3,MPEG_LAYER_III,0e2a11c5b88f398665b7ff214f71220b56f8497daef98c31fe6bccb9eb862e68
D:\other\Bird\Dataset\CC0\Colombian Chachalaca_sound\Colombian Chachalaca24.mp3,Colombian Chachalaca_sound\Colombian Chachalaca24.mp3,Colombian Chachalaca_sound,Colombian Chachalaca,Colombian Chachalaca24.mp3,183583,True,48000,2,550749,11.4739375,MP3,MPEG_LAYER_III,0e2a11c5b88f398665b7ff214f71220b56f8497daef98c31fe6bccb9eb862e68
D:\other\Bird\Dataset\CC0\Colombian Chachalaca_sound\Colombian Chachalaca25.mp3,Colombian Chachalaca_sound\Colombian Chachalaca25.mp3,Colombian Chachalaca_sound,Colombian Chachalaca,Colombian Chachalaca25.mp3,183583,True,48000,2,550749,11.4739375,MP3,MPEG_LAYER_III,0e2a11c5b88f398665b7ff214f71220b56f8497daef98c31fe6bccb9eb862e68
D:\other\Bird\Dataset\CC0\Colombian Chachalaca_sound\Colombian Chachalaca26.mp3,Colombian Chachalaca_sound\Colombian Chachalaca26.mp3,Colombian Chachalaca_sound,Colombian Chachalaca,Colombian Chachalaca26.mp3,183583,True,48000,2,550749,11.4739375,MP3,MPEG_LAYER_III,0e2a11c5b88f398665b7ff214f71220b56f8497daef98c31fe6bccb9eb862e68
D:\other\Bird\Dataset\CC0\Colombian Chachalaca_sound\Colombian Chachalaca27.mp3,Colombian Chachalaca_sound\Colombian Chachalaca27.mp3,Colombian Chachalaca_sound,Colombian Chachalaca,Colombian Chachalaca27.mp3,183583,True,48000,2,550749,11.4739375,MP3,MPEG_LAYER_III,0e2a11c5b88f398665b7ff214f71220b56f8497daef98c31fe6bccb9eb862e68
D:\other\Bird\Dataset\CC0\Colombian Chachalaca_sound\Colombian Chachalaca28.mp3,Colombian Chachalaca_sound\Colombian Chachalaca28.mp3,Colombian Chachalaca_sound,Colombian Chachalaca,Colombian Chachalaca28.mp3,636478,True,44100,2,1171046,26.554331065759637,MP3,MPEG_LAYER_III,2df31adbac79672d17789fab0289b701c8b48162c432b3ff45464744211a54ef
D:\other\Bird\Dataset\CC0\Colombian Chachalaca_sound\Colombian Chachalaca29.mp3,Colombian Chachalaca_sound\Colombian Chachalaca29.mp3,Colombian Chachalaca_sound,Colombian Chachalaca,Colombian Chachalaca29.mp3,359786,True,44100,2,661862,15.008208616780045,MP3,MPEG_LAYER_III,83ca4f79d0fc77f9d7ad6e96cf7c35434855cf3094b428b183ca2f7d2b1b8b2b
D:\other\Bird\Dataset\CC0\Colombian Chachalaca_sound\Colombian Chachalaca3.mp3,Colombian Chachalaca_sound\Colombian Chachalaca3.mp3,Colombian Chachalaca_sound,Colombian Chachalaca,Colombian Chachalaca3.mp3,211860,True,48000,1,869802,18.120875,MP3,MPEG_LAYER_III,2b68d5adbcf795b68aa5a74aa907de7262399d5e4cc1eb4deca841fc56373d6f
D:\other\Bird\Dataset\CC0\Colombian Chachalaca_sound\Colombian Chachalaca30.mp3,Colombian Chachalaca_sound\Colombian Chachalaca30.mp3,Colombian Chachalaca_sound,Colombian Chachalaca,Colombian Chachalaca30.mp3,546334,True,44100,2,1005158,22.792698412698414,MP3,MPEG_LAYER_III,3750bb13cde14347257e6bf0385e5514a7edef46c34d0cd377ea668833a92fa9
D:\other\Bird\Dataset\CC0\Colombian Chachalaca_sound\Colombian Chachalaca31.mp3,Colombian Chachalaca_sound\Colombian Chachalaca31.mp3,Colombian Chachalaca_sound,Colombian Chachalaca,Colombian Chachalaca31.mp3,546334,True,44100,2,1005158,22.792698412698414,MP3,MPEG_LAYER_III,3750bb13cde14347257e6bf0385e5514a7edef46c34d0cd377ea668833a92fa9
D:\other\Bird\Dataset\CC0\Colombian Chachalaca_sound\Colombian Chachalaca4.mp3,Colombian Chachalaca_sound\Colombian Chachalaca4.mp3,Colombian Chachalaca_sound,Colombian Chachalaca,Colombian Chachalaca4.mp3,327523,True,44100,2,588941,13.354671201814059,MP3,MPEG_LAYER_III,a13b392803a05009831522487d6171e7e8293adbe24c5d92387ee2879f373cad
D:\other\Bird\Dataset\CC0\Colombian Chachalaca_sound\Colombian Chachalaca5.mp3,Colombian Chachalaca_sound\Colombian Chachalaca5.mp3,Colombian Chachalaca_sound,Colombian Chachalaca,Colombian Chachalaca5.mp3,327523,True,44100,2,588941,13.354671201814059,MP3,MPEG_LAYER_III,a13b392803a05009831522487d6171e7e8293adbe24c5d92387ee2879f373cad
D:\other\Bird\Dataset\CC0\Colombian Chachalaca_sound\Colombian Chachalaca6.mp3,Colombian Chachalaca_sound\Colombian Chachalaca6.mp3,Colombian Chachalaca_sound,Colombian Chachalaca,Colombian Chachalaca6.mp3,1263825,True,44100,2,1385695,31.421655328798185,MP3,MPEG_LAYER_III,d12aec92727645ba4ea7fac760890deefbfc486a9aec7c77eea8762823127790
D:\other\Bird\Dataset\CC0\Colombian Chachalaca_sound\Colombian Chachalaca7.mp3,Colombian Chachalaca_sound\Colombian Chachalaca7.mp3,Colombian Chachalaca_sound,Colombian Chachalaca,Colombian Chachalaca7.mp3,1263825,True,44100,2,1385695,31.421655328798185,MP3,MPEG_LAYER_III,d12aec92727645ba4ea7fac760890deefbfc486a9aec7c77eea8762823127790
D:\other\Bird\Dataset\CC0\Colombian Chachalaca_sound\Colombian Chachalaca8.mp3,Colombian Chachalaca_sound\Colombian Chachalaca8.mp3,Colombian Chachalaca_sound,Colombian Chachalaca,Colombian Chachalaca8.mp3,1263825,True,44100,2,1385695,31.421655328798185,MP3,MPEG_LAYER_III,d12aec92727645ba4ea7fac760890deefbfc486a9aec7c77eea8762823127790
D:\other\Bird\Dataset\CC0\Colombian Chachalaca_sound\Colombian Chachalaca9.mp3,Colombian Chachalaca_sound\Colombian Chachalaca9.mp3,Colombian Chachalaca_sound,Colombian Chachalaca,Colombian Chachalaca9.mp3,1263825,True,44100,2,1385695,31.421655328798185,MP3,MPEG_LAYER_III,d12aec92727645ba4ea7fac760890deefbfc486a9aec7c77eea8762823127790
D:\other\Bird\Dataset\CC0\Common Ostrich_sound\Common Ostrich2.mp3,Common Ostrich_sound\Common Ostrich2.mp3,Common Ostrich_sound,Common Ostrich,Common Ostrich2.mp3,2147552,True,48000,2,2577062,53.68879166666667,MP3,MPEG_LAYER_III,46e61c048d4ad2fc9ba03f1f49c1bd969a83ecda01946dbbac6508eaf1d9a045
D:\other\Bird\Dataset\CC0\Common Ostrich_sound\Common Ostrich3.mp3,Common Ostrich_sound\Common Ostrich3.mp3,Common Ostrich_sound,Common Ostrich,Common Ostrich3.mp3,1074550,True,48000,2,1289306,26.860541666666666,MP3,MPEG_LAYER_III,a36cbf4a6e532367963a1927d6a2080cbfdb26ddd08b6605da5dd25308736bba
D:\other\Bird\Dataset\CC0\Common Ostrich_sound\Common Ostrich4.mp3,Common Ostrich_sound\Common Ostrich4.mp3,Common Ostrich_sound,Common Ostrich,Common Ostrich4.mp3,191412,True,48000,2,229540,4.7820833333333335,MP3,MPEG_LAYER_III,998668c3d09ac24c17db4245d74bd5e93a4486fdc27148dfbd8afed9b138e2e6
D:\other\Bird\Dataset\CC0\Common Ostrich_sound\Common Ostrich5.mp3,Common Ostrich_sound\Common Ostrich5.mp3,Common Ostrich_sound,Common Ostrich,Common Ostrich5.mp3,193156,True,44100,2,532334,12.071065759637188,MP3,MPEG_LAYER_III,31d7bb2242a8781e496ae5bee0fa13f914d2af1931b95b1e05ec53365f182d96
D:\other\Bird\Dataset\CC0\Common Ostrich_sound\Common Ostrich6.mp3,Common Ostrich_sound\Common Ostrich6.mp3,Common Ostrich_sound,Common Ostrich,Common Ostrich6.mp3,4306611,True,44100,2,4739072,107.46195011337869,MP3,MPEG_LAYER_III,32be3ad327931ccf8f3c6c95a4a92b8654dac26348a59ce0e3ac82f7aa97c136
D:\other\Bird\Dataset\CC0\Common Ostrich_sound\Common Ostrich7.mp3,Common Ostrich_sound\Common Ostrich7.mp3,Common Ostrich_sound,Common Ostrich,Common Ostrich7.mp3,135860,True,44100,1,513765,11.65,MP3,MPEG_LAYER_III,f73515e76ce8ada8eb6fa076f3cba51da9db0d7250528bb2bcb6f5a05c14156b
D:\other\Bird\Dataset\CC0\Common Ostrich_sound\Common Ostrich8.mp3,Common Ostrich_sound\Common Ostrich8.mp3,Common Ostrich_sound,Common Ostrich,Common Ostrich8.mp3,194054,True,48000,2,453503,9.447979166666666,MP3,MPEG_LAYER_III,a4755638d32ca3de55f29ea110b1d784a42bc3b23bd62052fba4f10fd56594be
D:\other\Bird\Dataset\CC0\Crested Guan_sound\Crested Guan10.mp3,Crested Guan_sound\Crested Guan10.mp3,Crested Guan_sound,Crested Guan,Crested Guan10.mp3,909433,True,44100,1,3126218,70.88929705215419,MP3,MPEG_LAYER_III,4c092d4042439d8a6f3be44edcb44c3bddb18e4947db6b5c0b440638eef2fe4b
D:\other\Bird\Dataset\CC0\Crested Guan_sound\Crested Guan11.mp3,Crested Guan_sound\Crested Guan11.mp3,Crested Guan_sound,Crested Guan,Crested Guan11.mp3,909433,True,44100,1,3126218,70.88929705215419,MP3,MPEG_LAYER_III,4c092d4042439d8a6f3be44edcb44c3bddb18e4947db6b5c0b440638eef2fe4b
D:\other\Bird\Dataset\CC0\Crested Guan_sound\Crested Guan12.mp3,Crested Guan_sound\Crested Guan12.mp3,Crested Guan_sound,Crested Guan,Crested Guan12.mp3,1952834,True,48000,2,2929251,61.0260625,MP3,MPEG_LAYER_III,4473ecc2fe75d9e5d8e1c26e6fd3ffd003e01a54cbe63743ebd85c67a528b27d
D:\other\Bird\Dataset\CC0\Crested Guan_sound\Crested Guan13.mp3,Crested Guan_sound\Crested Guan13.mp3,Crested Guan_sound,Crested Guan,Crested Guan13.mp3,3043885,True,44100,2,8373888,189.88408163265305,MP3,MPEG_LAYER_III,76001dbbb19ac75d916aabfe5b56481d2af9bea8fb6e894337059d1a3f2a3b6e
D:\other\Bird\Dataset\CC0\Crested Guan_sound\Crested Guan14.mp3,Crested Guan_sound\Crested Guan14.mp3,Crested Guan_sound,Crested Guan,Crested Guan14.mp3,471404,True,44100,1,1298827,29.45185941043084,MP3,MPEG_LAYER_III,930879954cda17ba3d2f99efb10ab9289fb5bcdbbc91d4385d561c0dc283916e
D:\other\Bird\Dataset\CC0\Crested Guan_sound\Crested Guan15.mp3,Crested Guan_sound\Crested Guan15.mp3,Crested Guan_sound,Crested Guan,Crested Guan15.mp3,473119,True,44100,1,1303554,29.559047619047618,MP3,MPEG_LAYER_III,592653b3320916bac7072fa1a36e52a7e492f3b7431cda06269796acbe8314b4
D:\other\Bird\Dataset\CC0\Crested Guan_sound\Crested Guan16.mp3,Crested Guan_sound\Crested Guan16.mp3,Crested Guan_sound,Crested Guan,Crested Guan16.mp3,473119,True,44100,1,1303554,29.559047619047618,MP3,MPEG_LAYER_III,592653b3320916bac7072fa1a36e52a7e492f3b7431cda06269796acbe8314b4
D:\other\Bird\Dataset\CC0\Crested Guan_sound\Crested Guan17.mp3,Crested Guan_sound\Crested Guan17.mp3,Crested Guan_sound,Crested Guan,Crested Guan17.mp3,1262991,True,44100,2,2320519,52.61947845804988,MP3,MPEG_LAYER_III,e61f8450e42386fb3a6309e948d391653e1c99b188004c32cf6b9c1ae236235f
D:\other\Bird\Dataset\CC0\Crested Guan_sound\Crested Guan18.mp3,Crested Guan_sound\Crested Guan18.mp3,Crested Guan_sound,Crested Guan,Crested Guan18.mp3,484406,True,44100,1,1334660,30.26439909297052,MP3,MPEG_LAYER_III,3a8e776b39bc89876d61725d68cf65b0eeff5d8aff46122e1c2de25e410dc95d
D:\other\Bird\Dataset\CC0\Crested Guan_sound\Crested Guan19.mp3,Crested Guan_sound\Crested Guan19.mp3,Crested Guan_sound,Crested Guan,Crested Guan19.mp3,516097,True,44100,1,1422000,32.244897959183675,MP3,MPEG_LAYER_III,b31cef762f052f1b8a26d30684d51faaa708ffd763c5b10b0548d062d9dd3fb4
D:\other\Bird\Dataset\CC0\Crested Guan_sound\Crested Guan2.mp3,Crested Guan_sound\Crested Guan2.mp3,Crested Guan_sound,Crested Guan,Crested Guan2.mp3,148257,True,44100,1,817186,18.530294784580498,MP3,MPEG_LAYER_III,f535a8b0d807da4143c15ee18d4e056cbf6f99d44c51e8b9464f2431ef18b730
D:\other\Bird\Dataset\CC0\Crested Guan_sound\Crested Guan20.mp3,Crested Guan_sound\Crested Guan20.mp3,Crested Guan_sound,Crested Guan,Crested Guan20.mp3,529050,True,44100,1,1457698,33.05437641723356,MP3,MPEG_LAYER_III,7ec35a5adaa6acd5cd1caea0948c71df328e35520ac1c6ffc8ed7ebc6d961f16
D:\other\Bird\Dataset\CC0\Crested Guan_sound\Crested Guan21.mp3,Crested Guan_sound\Crested Guan21.mp3,Crested Guan_sound,Crested Guan,Crested Guan21.mp3,211885,True,44100,1,583598,13.233514739229024,MP3,MPEG_LAYER_III,37fd0535dad01f5e94f18b2fa3ce49d66134676132d24d1cbf85182dbfff6fa4
D:\other\Bird\Dataset\CC0\Crested Guan_sound\Crested Guan22.mp3,Crested Guan_sound\Crested Guan22.mp3,Crested Guan_sound,Crested Guan,Crested Guan22.mp3,606407,True,44100,1,1670893,37.88873015873016,MP3,MPEG_LAYER_III,e0ef61d0239e5b972291aa3f03f844b8848610d27f497b8e81842b41ba35a4c4
D:\other\Bird\Dataset\CC0\Crested Guan_sound\Crested Guan23.mp3,Crested Guan_sound\Crested Guan23.mp3,Crested Guan_sound,Crested Guan,Crested Guan23.mp3,5267674,True,48000,1,6312960,131.52,MP3,MPEG_LAYER_III,ada87c1302057791539b5d8d0c5405768d32203a6f739b5758a0995f9775cff2
D:\other\Bird\Dataset\CC0\Crested Guan_sound\Crested Guan24.mp3,Crested Guan_sound\Crested Guan24.mp3,Crested Guan_sound,Crested Guan,Crested Guan24.mp3,5267674,True,48000,1,6312960,131.52,MP3,MPEG_LAYER_III,ada87c1302057791539b5d8d0c5405768d32203a6f739b5758a0995f9775cff2
D:\other\Bird\Dataset\CC0\Crested Guan_sound\Crested Guan25.mp3,Crested Guan_sound\Crested Guan25.mp3,Crested Guan_sound,Crested Guan,Crested Guan25.mp3,5267674,True,48000,1,6312960,131.52,MP3,MPEG_LAYER_III,ada87c1302057791539b5d8d0c5405768d32203a6f739b5758a0995f9775cff2
D:\other\Bird\Dataset\CC0\Crested Guan_sound\Crested Guan26.mp3,Crested Guan_sound\Crested Guan26.mp3,Crested Guan_sound,Crested Guan,Crested Guan26.mp3,1088925,True,44100,2,3001056,68.05115646258503,MP3,MPEG_LAYER_III,61830614f695657c6aa55e0fe39f36c28d772aa76ff59189922ef64d06094471
D:\other\Bird\Dataset\CC0\Crested Guan_sound\Crested Guan27.mp3,Crested Guan_sound\Crested Guan27.mp3,Crested Guan_sound,Crested Guan,Crested Guan27.mp3,799210,True,44100,2,1101127,24.968866213151927,MP3,MPEG_LAYER_III,3c2b2f94b799b613e1a96d7c4edeed029340fb0c1232a951d8013f4638548225
D:\other\Bird\Dataset\CC0\Crested Guan_sound\Crested Guan28.mp3,Crested Guan_sound\Crested Guan28.mp3,Crested Guan_sound,Crested Guan,Crested Guan28.mp3,66472,True,48000,1,531776,11.078666666666667,MP3,MPEG_LAYER_III,22d83bc4309723aad43e89dac53db716e6ac25e0213584a8252da9e501e81754
D:\other\Bird\Dataset\CC0\Crested Guan_sound\Crested Guan29.mp3,Crested Guan_sound\Crested Guan29.mp3,Crested Guan_sound,Crested Guan,Crested Guan29.mp3,542379,True,48000,1,4339032,90.3965,MP3,MPEG_LAYER_III,0ddf6002862f68cc210abb6c30456ac55db93fad750a13c19cb24aea0e161e43
D:\other\Bird\Dataset\CC0\Crested Guan_sound\Crested Guan3.mp3,Crested Guan_sound\Crested Guan3.mp3,Crested Guan_sound,Crested Guan,Crested Guan3.mp3,148257,True,44100,1,817186,18.530294784580498,MP3,MPEG_LAYER_III,f535a8b0d807da4143c15ee18d4e056cbf6f99d44c51e8b9464f2431ef18b730
D:\other\Bird\Dataset\CC0\Crested Guan_sound\Crested Guan30.mp3,Crested Guan_sound\Crested Guan30.mp3,Crested Guan_sound,Crested Guan,Crested Guan30.mp3,1164224,True,44100,2,1604113,36.37444444444444,MP3,MPEG_LAYER_III,f83da48a313d01ff1c021d1d8c66fdde3dc0770a782ea0668e6ca78c814870c3
D:\other\Bird\Dataset\CC0\Crested Guan_sound\Crested Guan31.mp3,Crested Guan_sound\Crested Guan31.mp3,Crested Guan_sound,Crested Guan,Crested Guan31.mp3,343343,True,44100,1,945893,21.448820861678005,MP3,MPEG_LAYER_III,95c725710a70a635f722e764a993911ebcd9d32a6d146c0c9bfce06f3917d46a
D:\other\Bird\Dataset\CC0\Crested Guan_sound\Crested Guan4.mp3,Crested Guan_sound\Crested Guan4.mp3,Crested Guan_sound,Crested Guan,Crested Guan4.mp3,148257,True,44100,1,817186,18.530294784580498,MP3,MPEG_LAYER_III,f535a8b0d807da4143c15ee18d4e056cbf6f99d44c51e8b9464f2431ef18b730
D:\other\Bird\Dataset\CC0\Crested Guan_sound\Crested Guan5.mp3,Crested Guan_sound\Crested Guan5.mp3,Crested Guan_sound,Crested Guan,Crested Guan5.mp3,148257,True,44100,1,817186,18.530294784580498,MP3,MPEG_LAYER_III,f535a8b0d807da4143c15ee18d4e056cbf6f99d44c51e8b9464f2431ef18b730
D:\other\Bird\Dataset\CC0\Crested Guan_sound\Crested Guan6.mp3,Crested Guan_sound\Crested Guan6.mp3,Crested Guan_sound,Crested Guan,Crested Guan6.mp3,1741204,True,44100,1,6034246,136.83097505668934,MP3,MPEG_LAYER_III,0242fb13ee62f7ea57d4f5277fe507ba3460bb37ebf1e2882d0ef8c6a0c9f9e4
D:\other\Bird\Dataset\CC0\Crested Guan_sound\Crested Guan7.mp3,Crested Guan_sound\Crested Guan7.mp3,Crested Guan_sound,Crested Guan,Crested Guan7.mp3,909433,True,44100,1,3126218,70.88929705215419,MP3,MPEG_LAYER_III,4c092d4042439d8a6f3be44edcb44c3bddb18e4947db6b5c0b440638eef2fe4b
D:\other\Bird\Dataset\CC0\Crested Guan_sound\Crested Guan8.mp3,Crested Guan_sound\Crested Guan8.mp3,Crested Guan_sound,Crested Guan,Crested Guan8.mp3,909433,True,44100,1,3126218,70.88929705215419,MP3,MPEG_LAYER_III,4c092d4042439d8a6f3be44edcb44c3bddb18e4947db6b5c0b440638eef2fe4b
D:\other\Bird\Dataset\CC0\Crested Guan_sound\Crested Guan9.mp3,Crested Guan_sound\Crested Guan9.mp3,Crested Guan_sound,Crested Guan,Crested Guan9.mp3,909433,True,44100,1,3126218,70.88929705215419,MP3,MPEG_LAYER_III,4c092d4042439d8a6f3be44edcb44c3bddb18e4947db6b5c0b440638eef2fe4b
D:\other\Bird\Dataset\CC0\Curve-billed Tinamou_sound\Curve-billed Tinamou2.mp3,Curve-billed Tinamou_sound\Curve-billed Tinamou2.mp3,Curve-billed Tinamou_sound,Curve-billed Tinamou,Curve-billed Tinamou2.mp3,2654208,True,44100,2,662912,15.03201814058957,WAV,PCM_16,7bc79b37a217dc09a43ffa9e1a700af81d557e0e5263947913054a20b195e059
D:\other\Bird\Dataset\CC0\Curve-billed Tinamou_sound\Curve-billed Tinamou3.mp3,Curve-billed Tinamou_sound\Curve-billed Tinamou3.mp3,Curve-billed Tinamou_sound,Curve-billed Tinamou,Curve-billed Tinamou3.mp3,8846160,True,44100,2,2210900,50.13378684807256,WAV,PCM_16,ea8cd8f58d7a174c3d2356e2c42906b5cee8c446d7aa8390bf81c3d391c5eed4
D:\other\Bird\Dataset\CC0\Curve-billed Tinamou_sound\Curve-billed Tinamou4.mp3,Curve-billed Tinamou_sound\Curve-billed Tinamou4.mp3,Curve-billed Tinamou_sound,Curve-billed Tinamou,Curve-billed Tinamou4.mp3,144408,True,44100,1,397632,9.016598639455783,MP3,MPEG_LAYER_III,07a7b1a3444f3946dfa5ff099f4db4df87b1fffa99aa48aba9e0cfc02baf7e4d
D:\other\Bird\Dataset\CC0\Curve-billed Tinamou_sound\Curve-billed Tinamou5.mp3,Curve-billed Tinamou_sound\Curve-billed Tinamou5.mp3,Curve-billed Tinamou_sound,Curve-billed Tinamou,Curve-billed Tinamou5.mp3,884736,True,44100,2,220544,5.0009977324263035,WAV,PCM_16,eb60f7dae56c4aee650b0271f9f1e78e057d2049f0b8e23a0724e22eb5e42a3b
D:\other\Bird\Dataset\CC0\Curve-billed Tinamou_sound\Curve-billed Tinamou6.mp3,Curve-billed Tinamou_sound\Curve-billed Tinamou6.mp3,Curve-billed Tinamou_sound,Curve-billed Tinamou,Curve-billed Tinamou6.mp3,175167,True,48000,2,210046,4.375958333333333,MP3,MPEG_LAYER_III,b42743aa713d45a95d4a797bde1a362ad2130bf00406c2ad286667f0b38bc1fd
D:\other\Bird\Dataset\CC0\Curve-billed Tinamou_sound\Curve-billed Tinamou7.mp3,Curve-billed Tinamou_sound\Curve-billed Tinamou7.mp3,Curve-billed Tinamou_sound,Curve-billed Tinamou,Curve-billed Tinamou7.mp3,175167,True,48000,2,210046,4.375958333333333,MP3,MPEG_LAYER_III,b42743aa713d45a95d4a797bde1a362ad2130bf00406c2ad286667f0b38bc1fd
D:\other\Bird\Dataset\CC0\Curve-billed Tinamou_sound\Curve-billed Tinamou8.mp3,Curve-billed Tinamou_sound\Curve-billed Tinamou8.mp3,Curve-billed Tinamou_sound,Curve-billed Tinamou,Curve-billed Tinamou8.mp3,175167,True,48000,2,210046,4.375958333333333,MP3,MPEG_LAYER_III,b42743aa713d45a95d4a797bde1a362ad2130bf00406c2ad286667f0b38bc1fd
D:\other\Bird\Dataset\CC0\Curve-billed Tinamou_sound\Curve-billed Tinamou9.mp3,Curve-billed Tinamou_sound\Curve-billed Tinamou9.mp3,Curve-billed Tinamou_sound,Curve-billed Tinamou,Curve-billed Tinamou9.mp3,181189,True,44100,1,499000,11.315192743764172,MP3,MPEG_LAYER_III,928bfd81cfd5724c959b572a844c872590c8f26efa4c57524e1a0d32ad2a98eb
D:\other\Bird\Dataset\CC0\Darwins Nothura_sound\Darwins Nothura10.mp3,Darwins Nothura_sound\Darwins Nothura10.mp3,Darwins Nothura_sound,Darwins Nothura,Darwins Nothura10.mp3,2320355,True,44100,2,2557800,58.0,MP3,MPEG_LAYER_III,8cc150e2982cc3bf81569b3aeec9957c0500922a84e1c338dde10aeec6884d94
D:\other\Bird\Dataset\CC0\Darwins Nothura_sound\Darwins Nothura11.mp3,Darwins Nothura_sound\Darwins Nothura11.mp3,Darwins Nothura_sound,Darwins Nothura,Darwins Nothura11.mp3,595228,True,44100,2,656033,14.876031746031746,MP3,MPEG_LAYER_III,86029df80587d785bbb9e4701372f7bfbf4d9ee9ae20a2f552752af1441bfa7c
D:\other\Bird\Dataset\CC0\Darwins Nothura_sound\Darwins Nothura12.mp3,Darwins Nothura_sound\Darwins Nothura12.mp3,Darwins Nothura_sound,Darwins Nothura,Darwins Nothura12.mp3,931685,True,44100,2,1026941,23.286643990929704,MP3,MPEG_LAYER_III,45c99bd2b486d95cdc2e5bad2670a979b7d6f94b3903ced55dc18c5e5751259e
D:\other\Bird\Dataset\CC0\Darwins Nothura_sound\Darwins Nothura13.mp3,Darwins Nothura_sound\Darwins Nothura13.mp3,Darwins Nothura_sound,Darwins Nothura,Darwins Nothura13.mp3,931685,True,44100,2,1026941,23.286643990929704,MP3,MPEG_LAYER_III,45c99bd2b486d95cdc2e5bad2670a979b7d6f94b3903ced55dc18c5e5751259e
D:\other\Bird\Dataset\CC0\Darwins Nothura_sound\Darwins Nothura14.mp3,Darwins Nothura_sound\Darwins Nothura14.mp3,Darwins Nothura_sound,Darwins Nothura,Darwins Nothura14.mp3,1660185,True,44100,1,4575438,103.75142857142858,MP3,MPEG_LAYER_III,d9f1a01a904e1e0b09fb19d45b3b56fc61eb3cded40a41c8bae29d150cf63305
D:\other\Bird\Dataset\CC0\Darwins Nothura_sound\Darwins Nothura15.mp3,Darwins Nothura_sound\Darwins Nothura15.mp3,Darwins Nothura_sound,Darwins Nothura,Darwins Nothura15.mp3,428599,True,44100,1,2362421,53.56963718820862,MP3,MPEG_LAYER_III,d394619efe94478c6891bdf138715f19b45b086ba9ac97c2b55799fabf03d7c6
D:\other\Bird\Dataset\CC0\Darwins Nothura_sound\Darwins Nothura16.mp3,Darwins Nothura_sound\Darwins Nothura16.mp3,Darwins Nothura_sound,Darwins Nothura,Darwins Nothura16.mp3,2590983,True,44100,2,2856138,64.76503401360544,MP3,MPEG_LAYER_III,1753237069f0b0a96c5f31b4e0d5bd0cf62c3c4d8c07cd3d8daaef81550dbf6b
D:\other\Bird\Dataset\CC0\Darwins Nothura_sound\Darwins Nothura17.mp3,Darwins Nothura_sound\Darwins Nothura17.mp3,Darwins Nothura_sound,Darwins Nothura,Darwins Nothura17.mp3,692404,True,44100,2,763159,17.305192743764174,MP3,MPEG_LAYER_III,719628bbfcce77555f97456eaa315da38dcc06978dc342272d9e81dc74970860
D:\other\Bird\Dataset\CC0\Darwins Nothura_sound\Darwins Nothura18.mp3,Darwins Nothura_sound\Darwins Nothura18.mp3,Darwins Nothura_sound,Darwins Nothura,Darwins Nothura18.mp3,2325625,True,44100,2,2563610,58.13174603174603,MP3,MPEG_LAYER_III,9ef8c8d22ce34c02592990e7b55bb0df9d6c500230fb78588feb13f9823d04b6
D:\other\Bird\Dataset\CC0\Darwins Nothura_sound\Darwins Nothura19.mp3,Darwins Nothura_sound\Darwins Nothura19.mp3,Darwins Nothura_sound,Darwins Nothura,Darwins Nothura19.mp3,479245,True,44100,2,528174,11.976734693877551,MP3,MPEG_LAYER_III,d0edfc729e5b1f732aa3b5fb4d2e626ef2f4261f8aee0a69c844b4c9d788088b
D:\other\Bird\Dataset\CC0\Darwins Nothura_sound\Darwins Nothura2.mp3,Darwins Nothura_sound\Darwins Nothura2.mp3,Darwins Nothura_sound,Darwins Nothura,Darwins Nothura2.mp3,145641,True,16000,1,582564,36.41025,MP3,MPEG_LAYER_III,9d80fcfea6a15e360357b4ee96f3ef224a734abd8378a169b537461f0876b595
D:\other\Bird\Dataset\CC0\Darwins Nothura_sound\Darwins Nothura20.mp3,Darwins Nothura_sound\Darwins Nothura20.mp3,Darwins Nothura_sound,Darwins Nothura,Darwins Nothura20.mp3,612970,True,44100,2,675592,15.319546485260771,MP3,MPEG_LAYER_III,3624a382bab66c074c659a7dbde3781010a8eb9c27116175483023369173c17a
D:\other\Bird\Dataset\CC0\Darwins Nothura_sound\Darwins Nothura21.mp3,Darwins Nothura_sound\Darwins Nothura21.mp3,Darwins Nothura_sound,Darwins Nothura,Darwins Nothura21.mp3,444636,True,44100,1,2450816,55.5740589569161,MP3,MPEG_LAYER_III,cd17faec80c54989a55181683f47ef145a0e8020a8002a50f490f23a04b0c1d5
D:\other\Bird\Dataset\CC0\Darwins Nothura_sound\Darwins Nothura3.mp3,Darwins Nothura_sound\Darwins Nothura3.mp3,Darwins Nothura_sound,Darwins Nothura,Darwins Nothura3.mp3,207877,True,44100,1,572905,12.991043083900227,MP3,MPEG_LAYER_III,0f910c677f22738a3862c43a25a5efeffaa73b50d50db8442ff08cf2926f084c
D:\other\Bird\Dataset\CC0\Darwins Nothura_sound\Darwins Nothura4.mp3,Darwins Nothura_sound\Darwins Nothura4.mp3,Darwins Nothura_sound,Darwins Nothura,Darwins Nothura4.mp3,2091370,True,32000,2,5561568,173.799,MP3,MPEG_LAYER_III,113faad1e6a3228b3e55892031935dd3a26c99063b202e5e09bcc20bb07d200c
D:\other\Bird\Dataset\CC0\Darwins Nothura_sound\Darwins Nothura5.mp3,Darwins Nothura_sound\Darwins Nothura5.mp3,Darwins Nothura_sound,Darwins Nothura,Darwins Nothura5.mp3,2091370,True,32000,2,5561568,173.799,MP3,MPEG_LAYER_III,113faad1e6a3228b3e55892031935dd3a26c99063b202e5e09bcc20bb07d200c
D:\other\Bird\Dataset\CC0\Darwins Nothura_sound\Darwins Nothura6.mp3,Darwins Nothura_sound\Darwins Nothura6.mp3,Darwins Nothura_sound,Darwins Nothura,Darwins Nothura6.mp3,301176,True,16000,1,1204704,75.294,MP3,MPEG_LAYER_III,762606cf560d98e26ee8bb64d056dd112604af36cacf0b4f3ad429b5bca7c230
D:\other\Bird\Dataset\CC0\Darwins Nothura_sound\Darwins Nothura7.mp3,Darwins Nothura_sound\Darwins Nothura7.mp3,Darwins Nothura_sound,Darwins Nothura,Darwins Nothura7.mp3,1356362,True,32000,2,3599862,112.4956875,MP3,MPEG_LAYER_III,53cfd5addb8709511d56bd8e6d3f9d084d8a1aef5f73c69b7ebfae7f647cf770
D:\other\Bird\Dataset\CC0\Darwins Nothura_sound\Darwins Nothura8.mp3,Darwins Nothura_sound\Darwins Nothura8.mp3,Darwins Nothura_sound,Darwins Nothura,Darwins Nothura8.mp3,97970,True,44100,1,540006,12.245034013605443,MP3,MPEG_LAYER_III,1bd9d89b61f9e1db684d921b2289f567b7779ddc41396aff7bc8ca2503e638b2
D:\other\Bird\Dataset\CC0\Darwins Nothura_sound\Darwins Nothura9.mp3,Darwins Nothura_sound\Darwins Nothura9.mp3,Darwins Nothura_sound,Darwins Nothura,Darwins Nothura9.mp3,97970,True,44100,1,540006,12.245034013605443,MP3,MPEG_LAYER_III,1bd9d89b61f9e1db684d921b2289f567b7779ddc41396aff7bc8ca2503e638b2
D:\other\Bird\Dataset\CC0\Dusky Megapode_sound\Dusky Megapode10.mp3,Dusky Megapode_sound\Dusky Megapode10.mp3,Dusky Megapode_sound,Dusky Megapode,Dusky Megapode10.mp3,433645,True,44100,2,1195117,27.10015873015873,MP3,MPEG_LAYER_III,78867e10b049330c9a0f1e588d7c163c53aebd893a84dbee4e5330ed11746df1
D:\other\Bird\Dataset\CC0\Dusky Megapode_sound\Dusky Megapode11.mp3,Dusky Megapode_sound\Dusky Megapode11.mp3,Dusky Megapode_sound,Dusky Megapode,Dusky Megapode11.mp3,433645,True,44100,2,1195117,27.10015873015873,MP3,MPEG_LAYER_III,78867e10b049330c9a0f1e588d7c163c53aebd893a84dbee4e5330ed11746df1
D:\other\Bird\Dataset\CC0\Dusky Megapode_sound\Dusky Megapode12.mp3,Dusky Megapode_sound\Dusky Megapode12.mp3,Dusky Megapode_sound,Dusky Megapode,Dusky Megapode12.mp3,433645,True,44100,2,1195117,27.10015873015873,MP3,MPEG_LAYER_III,78867e10b049330c9a0f1e588d7c163c53aebd893a84dbee4e5330ed11746df1
D:\other\Bird\Dataset\CC0\Dusky Megapode_sound\Dusky Megapode13.mp3,Dusky Megapode_sound\Dusky Megapode13.mp3,Dusky Megapode_sound,Dusky Megapode,Dusky Megapode13.mp3,433645,True,44100,2,1195117,27.10015873015873,MP3,MPEG_LAYER_III,78867e10b049330c9a0f1e588d7c163c53aebd893a84dbee4e5330ed11746df1
D:\other\Bird\Dataset\CC0\Dusky Megapode_sound\Dusky Megapode14.mp3,Dusky Megapode_sound\Dusky Megapode14.mp3,Dusky Megapode_sound,Dusky Megapode,Dusky Megapode14.mp3,6380684,True,44100,2,7040754,159.65428571428572,MP3,MPEG_LAYER_III,213050274a1d4b2fbf50055bc9aa55942f782a4753780846edf88f2823159421
D:\other\Bird\Dataset\CC0\Dusky Megapode_sound\Dusky Megapode15.mp3,Dusky Megapode_sound\Dusky Megapode15.mp3,Dusky Megapode_sound,Dusky Megapode,Dusky Megapode15.mp3,1571019,True,44100,2,1733538,39.30925170068027,MP3,MPEG_LAYER_III,373675345e3da7d88419f8d053b92162368f7774795b391bfd979706f0028e14
D:\other\Bird\Dataset\CC0\Dusky Megapode_sound\Dusky Megapode16.mp3,Dusky Megapode_sound\Dusky Megapode16.mp3,Dusky Megapode_sound,Dusky Megapode,Dusky Megapode16.mp3,6935626,True,44100,2,7653104,173.5397732426304,MP3,MPEG_LAYER_III,718e36a5a9872b6981f48937692bcb472705050f4a81d249ce30af234bcb11a3
D:\other\Bird\Dataset\CC0\Dusky Megapode_sound\Dusky Megapode17.mp3,Dusky Megapode_sound\Dusky Megapode17.mp3,Dusky Megapode_sound,Dusky Megapode,Dusky Megapode17.mp3,4987867,True,44100,2,5498586,124.68448979591837,MP3,MPEG_LAYER_III,37e64a78f1ae03c89ab36f0ffeffc92e23b169fc068c38c9c31d16bc1cbb29f0
D:\other\Bird\Dataset\CC0\Dusky Megapode_sound\Dusky Megapode18.mp3,Dusky Megapode_sound\Dusky Megapode18.mp3,Dusky Megapode_sound,Dusky Megapode,Dusky Megapode18.mp3,4987867,True,44100,2,5498586,124.68448979591837,MP3,MPEG_LAYER_III,37e64a78f1ae03c89ab36f0ffeffc92e23b169fc068c38c9c31d16bc1cbb29f0
D:\other\Bird\Dataset\CC0\Dusky Megapode_sound\Dusky Megapode19.mp3,Dusky Megapode_sound\Dusky Megapode19.mp3,Dusky Megapode_sound,Dusky Megapode,Dusky Megapode19.mp3,138920,True,44100,2,367240,8.327437641723357,MP3,MPEG_LAYER_III,64d4efe1829f2ee63e7601632dc1beb14dffd311614e0aff594e5b358b116bea
D:\other\Bird\Dataset\CC0\Dusky Megapode_sound\Dusky Megapode2.mp3,Dusky Megapode_sound\Dusky Megapode2.mp3,Dusky Megapode_sound,Dusky Megapode,Dusky Megapode2.mp3,433645,True,44100,2,1195117,27.10015873015873,MP3,MPEG_LAYER_III,78867e10b049330c9a0f1e588d7c163c53aebd893a84dbee4e5330ed11746df1
D:\other\Bird\Dataset\CC0\Dusky Megapode_sound\Dusky Megapode20.mp3,Dusky Megapode_sound\Dusky Megapode20.mp3,Dusky Megapode_sound,Dusky Megapode,Dusky Megapode20.mp3,819799,True,44100,2,2243427,50.87136054421769,MP3,MPEG_LAYER_III,8119a902910d06cc8cec176a066515a483f11bc1b5c6b3b9085643b0481f4df7
D:\other\Bird\Dataset\CC0\Dusky Megapode_sound\Dusky Megapode21.mp3,Dusky Megapode_sound\Dusky Megapode21.mp3,Dusky Megapode_sound,Dusky Megapode,Dusky Megapode21.mp3,819799,True,44100,2,2243427,50.87136054421769,MP3,MPEG_LAYER_III,8119a902910d06cc8cec176a066515a483f11bc1b5c6b3b9085643b0481f4df7
D:\other\Bird\Dataset\CC0\Dusky Megapode_sound\Dusky Megapode22.mp3,Dusky Megapode_sound\Dusky Megapode22.mp3,Dusky Megapode_sound,Dusky Megapode,Dusky Megapode22.mp3,1079647,True,44100,1,2975486,67.47133786848073,MP3,MPEG_LAYER_III,f786cb33c74896a3b9d6dc035d403b77f115e50e0b2c418e8d61711afc44ef7e
D:\other\Bird\Dataset\CC0\Dusky Megapode_sound\Dusky Megapode23.mp3,Dusky Megapode_sound\Dusky Megapode23.mp3,Dusky Megapode_sound,Dusky Megapode,Dusky Megapode23.mp3,1079647,True,44100,1,2975486,67.47133786848073,MP3,MPEG_LAYER_III,f786cb33c74896a3b9d6dc035d403b77f115e50e0b2c418e8d61711afc44ef7e
D:\other\Bird\Dataset\CC0\Dusky Megapode_sound\Dusky Megapode24.mp3,Dusky Megapode_sound\Dusky Megapode24.mp3,Dusky Megapode_sound,Dusky Megapode,Dusky Megapode24.mp3,1079647,True,44100,1,2975486,67.47133786848073,MP3,MPEG_LAYER_III,f786cb33c74896a3b9d6dc035d403b77f115e50e0b2c418e8d61711afc44ef7e
D:\other\Bird\Dataset\CC0\Dusky Megapode_sound\Dusky Megapode25.mp3,Dusky Megapode_sound\Dusky Megapode25.mp3,Dusky Megapode_sound,Dusky Megapode,Dusky Megapode25.mp3,1079647,True,44100,1,2975486,67.47133786848073,MP3,MPEG_LAYER_III,f786cb33c74896a3b9d6dc035d403b77f115e50e0b2c418e8d61711afc44ef7e
D:\other\Bird\Dataset\CC0\Dusky Megapode_sound\Dusky Megapode26.mp3,Dusky Megapode_sound\Dusky Megapode26.mp3,Dusky Megapode_sound,Dusky Megapode,Dusky Megapode26.mp3,150990,True,44100,2,198450,4.5,MP3,MPEG_LAYER_III,ca4cc03f32b1569a1060da0188e96a9d0385022671d3ec9d51b8d0d51e34736a
D:\other\Bird\Dataset\CC0\Dusky Megapode_sound\Dusky Megapode27.mp3,Dusky Megapode_sound\Dusky Megapode27.mp3,Dusky Megapode_sound,Dusky Megapode,Dusky Megapode27.mp3,198641,True,44100,2,264600,6.0,MP3,MPEG_LAYER_III,0c0cd907a9c995b291107fb48b7d10a75dd389ed7ff7a2040fc5c845e008807a
D:\other\Bird\Dataset\CC0\Dusky Megapode_sound\Dusky Megapode28.mp3,Dusky Megapode_sound\Dusky Megapode28.mp3,Dusky Megapode_sound,Dusky Megapode,Dusky Megapode28.mp3,198641,True,44100,2,264600,6.0,MP3,MPEG_LAYER_III,0c0cd907a9c995b291107fb48b7d10a75dd389ed7ff7a2040fc5c845e008807a
D:\other\Bird\Dataset\CC0\Dusky Megapode_sound\Dusky Megapode29.mp3,Dusky Megapode_sound\Dusky Megapode29.mp3,Dusky Megapode_sound,Dusky Megapode,Dusky Megapode29.mp3,198641,True,44100,2,264600,6.0,MP3,MPEG_LAYER_III,0c0cd907a9c995b291107fb48b7d10a75dd389ed7ff7a2040fc5c845e008807a
D:\other\Bird\Dataset\CC0\Dusky Megapode_sound\Dusky Megapode3.mp3,Dusky Megapode_sound\Dusky Megapode3.mp3,Dusky Megapode_sound,Dusky Megapode,Dusky Megapode3.mp3,433645,True,44100,2,1195117,27.10015873015873,MP3,MPEG_LAYER_III,78867e10b049330c9a0f1e588d7c163c53aebd893a84dbee4e5330ed11746df1
D:\other\Bird\Dataset\CC0\Dusky Megapode_sound\Dusky Megapode30.mp3,Dusky Megapode_sound\Dusky Megapode30.mp3,Dusky Megapode_sound,Dusky Megapode,Dusky Megapode30.mp3,198641,True,44100,2,264600,6.0,MP3,MPEG_LAYER_III,0c0cd907a9c995b291107fb48b7d10a75dd389ed7ff7a2040fc5c845e008807a
D:\other\Bird\Dataset\CC0\Dusky Megapode_sound\Dusky Megapode31.mp3,Dusky Megapode_sound\Dusky Megapode31.mp3,Dusky Megapode_sound,Dusky Megapode,Dusky Megapode31.mp3,198641,True,44100,2,264600,6.0,MP3,MPEG_LAYER_III,0c0cd907a9c995b291107fb48b7d10a75dd389ed7ff7a2040fc5c845e008807a
D:\other\Bird\Dataset\CC0\Dusky Megapode_sound\Dusky Megapode4.mp3,Dusky Megapode_sound\Dusky Megapode4.mp3,Dusky Megapode_sound,Dusky Megapode,Dusky Megapode4.mp3,433645,True,44100,2,1195117,27.10015873015873,MP3,MPEG_LAYER_III,78867e10b049330c9a0f1e588d7c163c53aebd893a84dbee4e5330ed11746df1
D:\other\Bird\Dataset\CC0\Dusky Megapode_sound\Dusky Megapode5.mp3,Dusky Megapode_sound\Dusky Megapode5.mp3,Dusky Megapode_sound,Dusky Megapode,Dusky Megapode5.mp3,433645,True,44100,2,1195117,27.10015873015873,MP3,MPEG_LAYER_III,78867e10b049330c9a0f1e588d7c163c53aebd893a84dbee4e5330ed11746df1
D:\other\Bird\Dataset\CC0\Dusky Megapode_sound\Dusky Megapode6.mp3,Dusky Megapode_sound\Dusky Megapode6.mp3,Dusky Megapode_sound,Dusky Megapode,Dusky Megapode6.mp3,433645,True,44100,2,1195117,27.10015873015873,MP3,MPEG_LAYER_III,78867e10b049330c9a0f1e588d7c163c53aebd893a84dbee4e5330ed11746df1
D:\other\Bird\Dataset\CC0\Dusky Megapode_sound\Dusky Megapode7.mp3,Dusky Megapode_sound\Dusky Megapode7.mp3,Dusky Megapode_sound,Dusky Megapode,Dusky Megapode7.mp3,433645,True,44100,2,1195117,27.10015873015873,MP3,MPEG_LAYER_III,78867e10b049330c9a0f1e588d7c163c53aebd893a84dbee4e5330ed11746df1
D:\other\Bird\Dataset\CC0\Dusky Megapode_sound\Dusky Megapode8.mp3,Dusky Megapode_sound\Dusky Megapode8.mp3,Dusky Megapode_sound,Dusky Megapode,Dusky Megapode8.mp3,433645,True,44100,2,1195117,27.10015873015873,MP3,MPEG_LAYER_III,78867e10b049330c9a0f1e588d7c163c53aebd893a84dbee4e5330ed11746df1
D:\other\Bird\Dataset\CC0\Dusky Megapode_sound\Dusky Megapode9.mp3,Dusky Megapode_sound\Dusky Megapode9.mp3,Dusky Megapode_sound,Dusky Megapode,Dusky Megapode9.mp3,433645,True,44100,2,1195117,27.10015873015873,MP3,MPEG_LAYER_III,78867e10b049330c9a0f1e588d7c163c53aebd893a84dbee4e5330ed11746df1
D:\other\Bird\Dataset\CC0\Dusky-legged Guan_sound\Dusky-legged Guan10.mp3,Dusky-legged Guan_sound\Dusky-legged Guan10.mp3,Dusky-legged Guan_sound,Dusky-legged Guan,Dusky-legged Guan10.mp3,834307,True,48000,2,2502537,52.1361875,MP3,MPEG_LAYER_III,c68f6cf1d3faafeb22df2937681c9ce7533208f138ad6889e771280b882d72c4
D:\other\Bird\Dataset\CC0\Dusky-legged Guan_sound\Dusky-legged Guan11.mp3,Dusky-legged Guan_sound\Dusky-legged Guan11.mp3,Dusky-legged Guan_sound,Dusky-legged Guan,Dusky-legged Guan11.mp3,1193368,True,48000,2,3579720,74.5775,MP3,MPEG_LAYER_III,4b3f47ddc01f6caef4a7d5fca4a2b71a6227dd72209da7d920bbf27e94aa6209
D:\other\Bird\Dataset\CC0\Dusky-legged Guan_sound\Dusky-legged Guan12.mp3,Dusky-legged Guan_sound\Dusky-legged Guan12.mp3,Dusky-legged Guan_sound,Dusky-legged Guan,Dusky-legged Guan12.mp3,1193368,True,48000,2,3579720,74.5775,MP3,MPEG_LAYER_III,4b3f47ddc01f6caef4a7d5fca4a2b71a6227dd72209da7d920bbf27e94aa6209
D:\other\Bird\Dataset\CC0\Dusky-legged Guan_sound\Dusky-legged Guan13.mp3,Dusky-legged Guan_sound\Dusky-legged Guan13.mp3,Dusky-legged Guan_sound,Dusky-legged Guan,Dusky-legged Guan13.mp3,1143361,True,44100,2,3134977,71.08791383219955,MP3,MPEG_LAYER_III,a678ca72c609327e5bd47c076874ea2f50b845e23db35887cc124b99470761e4
D:\other\Bird\Dataset\CC0\Dusky-legged Guan_sound\Dusky-legged Guan14.mp3,Dusky-legged Guan_sound\Dusky-legged Guan14.mp3,Dusky-legged Guan_sound,Dusky-legged Guan,Dusky-legged Guan14.mp3,1143361,True,44100,2,3134977,71.08791383219955,MP3,MPEG_LAYER_III,a678ca72c609327e5bd47c076874ea2f50b845e23db35887cc124b99470761e4
D:\other\Bird\Dataset\CC0\Dusky-legged Guan_sound\Dusky-legged Guan15.mp3,Dusky-legged Guan_sound\Dusky-legged Guan15.mp3,Dusky-legged Guan_sound,Dusky-legged Guan,Dusky-legged Guan15.mp3,307723,True,44100,1,339231,7.692312925170068,MP3,MPEG_LAYER_III,b051d331b4a9319147f578488b59575b23740451aa4a0f4b86b3252d121e4470
D:\other\Bird\Dataset\CC0\Dusky-legged Guan_sound\Dusky-legged Guan16.mp3,Dusky-legged Guan_sound\Dusky-legged Guan16.mp3,Dusky-legged Guan_sound,Dusky-legged Guan,Dusky-legged Guan16.mp3,377731,True,44100,1,416407,9.442335600907029,MP3,MPEG_LAYER_III,ccbb91d6e3466b4b813ee23dd9b2f83a1e11a2ae8f6dd916d04db2cf22686153
D:\other\Bird\Dataset\CC0\Dusky-legged Guan_sound\Dusky-legged Guan17.mp3,Dusky-legged Guan_sound\Dusky-legged Guan17.mp3,Dusky-legged Guan_sound,Dusky-legged Guan,Dusky-legged Guan17.mp3,1192783,True,44100,2,3117388,70.68907029478459,MP3,MPEG_LAYER_III,783bc5c3a961cf82c5596d94ffc968934c21038659bb4473f0b5f6673a78a464
D:\other\Bird\Dataset\CC0\Dusky-legged Guan_sound\Dusky-legged Guan18.mp3,Dusky-legged Guan_sound\Dusky-legged Guan18.mp3,Dusky-legged Guan_sound,Dusky-legged Guan,Dusky-legged Guan18.mp3,504418,True,44100,2,1310720,29.72154195011338,MP3,MPEG_LAYER_III,fd89cf9e765bd2eecee225954f7b47630287221d03fe1f73839e7030033b9c76
D:\other\Bird\Dataset\CC0\Dusky-legged Guan_sound\Dusky-legged Guan19.mp3,Dusky-legged Guan_sound\Dusky-legged Guan19.mp3,Dusky-legged Guan_sound,Dusky-legged Guan,Dusky-legged Guan19.mp3,504418,True,44100,2,1310720,29.72154195011338,MP3,MPEG_LAYER_III,fd89cf9e765bd2eecee225954f7b47630287221d03fe1f73839e7030033b9c76
D:\other\Bird\Dataset\CC0\Dusky-legged Guan_sound\Dusky-legged Guan2.mp3,Dusky-legged Guan_sound\Dusky-legged Guan2.mp3,Dusky-legged Guan_sound,Dusky-legged Guan,Dusky-legged Guan2.mp3,242519,True,16000,1,970076,60.62975,MP3,MPEG_LAYER_III,398ff4d8f267f794de59126bc6fb779c04235a2855c9180e410f7a61c4df0303
D:\other\Bird\Dataset\CC0\Dusky-legged Guan_sound\Dusky-legged Guan20.mp3,Dusky-legged Guan_sound\Dusky-legged Guan20.mp3,Dusky-legged Guan_sound,Dusky-legged Guan,Dusky-legged Guan20.mp3,504418,True,44100,2,1310720,29.72154195011338,MP3,MPEG_LAYER_III,fd89cf9e765bd2eecee225954f7b47630287221d03fe1f73839e7030033b9c76
D:\other\Bird\Dataset\CC0\Dusky-legged Guan_sound\Dusky-legged Guan21.mp3,Dusky-legged Guan_sound\Dusky-legged Guan21.mp3,Dusky-legged Guan_sound,Dusky-legged Guan,Dusky-legged Guan21.mp3,1167994,True,48000,1,3503982,72.999625,MP3,MPEG_LAYER_III,c33c70651036e3a904cef29be7d55338be98815c3d12750577a3bf6b6969b3fc
D:\other\Bird\Dataset\CC0\Dusky-legged Guan_sound\Dusky-legged Guan22.mp3,Dusky-legged Guan_sound\Dusky-legged Guan22.mp3,Dusky-legged Guan_sound,Dusky-legged Guan,Dusky-legged Guan22.mp3,1167994,True,48000,1,3503982,72.999625,MP3,MPEG_LAYER_III,c33c70651036e3a904cef29be7d55338be98815c3d12750577a3bf6b6969b3fc
D:\other\Bird\Dataset\CC0\Dusky-legged Guan_sound\Dusky-legged Guan23.mp3,Dusky-legged Guan_sound\Dusky-legged Guan23.mp3,Dusky-legged Guan_sound,Dusky-legged Guan,Dusky-legged Guan23.mp3,468265,True,44100,1,861491,19.534943310657596,MP3,MPEG_LAYER_III,2a257ac3d52851665c56ff97583334db03f1f0ff0fba6c2bd25c05b830774e4c
D:\other\Bird\Dataset\CC0\Dusky-legged Guan_sound\Dusky-legged Guan24.mp3,Dusky-legged Guan_sound\Dusky-legged Guan24.mp3,Dusky-legged Guan_sound,Dusky-legged Guan,Dusky-legged Guan24.mp3,646332,True,48000,1,1292408,26.925166666666666,MP3,MPEG_LAYER_III,0709599658dedaeca12d9a63cacff99bb665894481887062c15512d106eee5ab
D:\other\Bird\Dataset\CC0\Dusky-legged Guan_sound\Dusky-legged Guan25.mp3,Dusky-legged Guan_sound\Dusky-legged Guan25.mp3,Dusky-legged Guan_sound,Dusky-legged Guan,Dusky-legged Guan25.mp3,646332,True,48000,1,1292408,26.925166666666666,MP3,MPEG_LAYER_III,0709599658dedaeca12d9a63cacff99bb665894481887062c15512d106eee5ab
D:\other\Bird\Dataset\CC0\Dusky-legged Guan_sound\Dusky-legged Guan26.mp3,Dusky-legged Guan_sound\Dusky-legged Guan26.mp3,Dusky-legged Guan_sound,Dusky-legged Guan,Dusky-legged Guan26.mp3,646332,True,48000,1,1292408,26.925166666666666,MP3,MPEG_LAYER_III,0709599658dedaeca12d9a63cacff99bb665894481887062c15512d106eee5ab
D:\other\Bird\Dataset\CC0\Dusky-legged Guan_sound\Dusky-legged Guan27.mp3,Dusky-legged Guan_sound\Dusky-legged Guan27.mp3,Dusky-legged Guan_sound,Dusky-legged Guan,Dusky-legged Guan27.mp3,646332,True,48000,1,1292408,26.925166666666666,MP3,MPEG_LAYER_III,0709599658dedaeca12d9a63cacff99bb665894481887062c15512d106eee5ab
D:\other\Bird\Dataset\CC0\Dusky-legged Guan_sound\Dusky-legged Guan28.mp3,Dusky-legged Guan_sound\Dusky-legged Guan28.mp3,Dusky-legged Guan_sound,Dusky-legged Guan,Dusky-legged Guan28.mp3,646332,True,48000,1,1292408,26.925166666666666,MP3,MPEG_LAYER_III,0709599658dedaeca12d9a63cacff99bb665894481887062c15512d106eee5ab
D:\other\Bird\Dataset\CC0\Dusky-legged Guan_sound\Dusky-legged Guan29.mp3,Dusky-legged Guan_sound\Dusky-legged Guan29.mp3,Dusky-legged Guan_sound,Dusky-legged Guan,Dusky-legged Guan29.mp3,646332,True,48000,1,1292408,26.925166666666666,MP3,MPEG_LAYER_III,0709599658dedaeca12d9a63cacff99bb665894481887062c15512d106eee5ab
D:\other\Bird\Dataset\CC0\Dusky-legged Guan_sound\Dusky-legged Guan3.mp3,Dusky-legged Guan_sound\Dusky-legged Guan3.mp3,Dusky-legged Guan_sound,Dusky-legged Guan,Dusky-legged Guan3.mp3,356833,True,22050,1,1309145,59.371655328798184,MP3,MPEG_LAYER_III,e9e792f0752e0fc1ebbfd937080597e01c6e4102b38ed3698fbddf18cf61e7fc
D:\other\Bird\Dataset\CC0\Dusky-legged Guan_sound\Dusky-legged Guan30.mp3,Dusky-legged Guan_sound\Dusky-legged Guan30.mp3,Dusky-legged Guan_sound,Dusky-legged Guan,Dusky-legged Guan30.mp3,1603218,True,48000,1,3206180,66.79541666666667,MP3,MPEG_LAYER_III,de93a6c9ade1666370230219c0146ee90a807aa31b24f2609306e76a9a19639c
D:\other\Bird\Dataset\CC0\Dusky-legged Guan_sound\Dusky-legged Guan31.mp3,Dusky-legged Guan_sound\Dusky-legged Guan31.mp3,Dusky-legged Guan_sound,Dusky-legged Guan,Dusky-legged Guan31.mp3,2746985,True,44100,1,7555388,171.32399092970522,MP3,MPEG_LAYER_III,5494ecaf573d191dff0ffe82c3d481ace2ce03e12abd69b4ce2f733ee43bd96e
D:\other\Bird\Dataset\CC0\Dusky-legged Guan_sound\Dusky-legged Guan4.mp3,Dusky-legged Guan_sound\Dusky-legged Guan4.mp3,Dusky-legged Guan_sound,Dusky-legged Guan,Dusky-legged Guan4.mp3,165006,True,22050,1,519363,23.55387755102041,MP3,MPEG_LAYER_III,99bb216605104139e8e8309cfb5dee5c5f7148e416dd531492e0975399b87bbc
D:\other\Bird\Dataset\CC0\Dusky-legged Guan_sound\Dusky-legged Guan5.mp3,Dusky-legged Guan_sound\Dusky-legged Guan5.mp3,Dusky-legged Guan_sound,Dusky-legged Guan,Dusky-legged Guan5.mp3,159785,True,16000,1,639140,39.94625,MP3,MPEG_LAYER_III,1ac9437531418deb13b2201c4985041fe48b91745cdc1b1817509033df49a21c
D:\other\Bird\Dataset\CC0\Dusky-legged Guan_sound\Dusky-legged Guan6.mp3,Dusky-legged Guan_sound\Dusky-legged Guan6.mp3,Dusky-legged Guan_sound,Dusky-legged Guan,Dusky-legged Guan6.mp3,159785,True,16000,1,639140,39.94625,MP3,MPEG_LAYER_III,1ac9437531418deb13b2201c4985041fe48b91745cdc1b1817509033df49a21c
D:\other\Bird\Dataset\CC0\Dusky-legged Guan_sound\Dusky-legged Guan7.mp3,Dusky-legged Guan_sound\Dusky-legged Guan7.mp3,Dusky-legged Guan_sound,Dusky-legged Guan,Dusky-legged Guan7.mp3,159785,True,16000,1,639140,39.94625,MP3,MPEG_LAYER_III,1ac9437531418deb13b2201c4985041fe48b91745cdc1b1817509033df49a21c
D:\other\Bird\Dataset\CC0\Dusky-legged Guan_sound\Dusky-legged Guan8.mp3,Dusky-legged Guan_sound\Dusky-legged Guan8.mp3,Dusky-legged Guan_sound,Dusky-legged Guan,Dusky-legged Guan8.mp3,159785,True,16000,1,639140,39.94625,MP3,MPEG_LAYER_III,1ac9437531418deb13b2201c4985041fe48b91745cdc1b1817509033df49a21c
D:\other\Bird\Dataset\CC0\Dusky-legged Guan_sound\Dusky-legged Guan9.mp3,Dusky-legged Guan_sound\Dusky-legged Guan9.mp3,Dusky-legged Guan_sound,Dusky-legged Guan,Dusky-legged Guan9.mp3,159785,True,16000,1,639140,39.94625,MP3,MPEG_LAYER_III,1ac9437531418deb13b2201c4985041fe48b91745cdc1b1817509033df49a21c
D:\other\Bird\Dataset\CC0\Dwarf Cassowary_sound\Dwarf Cassowary2.mp3,Dwarf Cassowary_sound\Dwarf Cassowary2.mp3,Dwarf Cassowary_sound,Dwarf Cassowary,Dwarf Cassowary2.mp3,230187,True,48000,1,447415,9.321145833333333,MP3,MPEG_LAYER_III,d56d5d07eddff5eeb49edcf95cb50ac5cb6df54c5c460fa50714b1c148cfebb0
D:\other\Bird\Dataset\CC0\Dwarf Cassowary_sound\Dwarf Cassowary3.mp3,Dwarf Cassowary_sound\Dwarf Cassowary3.mp3,Dwarf Cassowary_sound,Dwarf Cassowary,Dwarf Cassowary3.mp3,246418,True,44100,2,679123,15.399614512471656,MP3,MPEG_LAYER_III,169f1d02060452a5b7c0a5c298880d56bb628cbb4718a1afb339520f13eb9a86
D:\other\Bird\Dataset\CC0\Dwarf Tinamou_sound\Dwarf Tinamou10.mp3,Dwarf Tinamou_sound\Dwarf Tinamou10.mp3,Dwarf Tinamou_sound,Dwarf Tinamou,Dwarf Tinamou10.mp3,402152,True,44100,2,1110981,25.192312925170068,MP3,MPEG_LAYER_III,58e6592d57a99cc6b0c3e3d6cdd46c9ac0d892e98a0843bf41231b894782da7e
D:\other\Bird\Dataset\CC0\Dwarf Tinamou_sound\Dwarf Tinamou11.mp3,Dwarf Tinamou_sound\Dwarf Tinamou11.mp3,Dwarf Tinamou_sound,Dwarf Tinamou,Dwarf Tinamou11.mp3,402152,True,44100,2,1110981,25.192312925170068,MP3,MPEG_LAYER_III,58e6592d57a99cc6b0c3e3d6cdd46c9ac0d892e98a0843bf41231b894782da7e
D:\other\Bird\Dataset\CC0\Dwarf Tinamou_sound\Dwarf Tinamou12.mp3,Dwarf Tinamou_sound\Dwarf Tinamou12.mp3,Dwarf Tinamou_sound,Dwarf Tinamou,Dwarf Tinamou12.mp3,765537,True,44100,2,1394511,31.62156462585034,MP3,MPEG_LAYER_III,56854fe56b58243d4da5e67af3e62e0dcf1791a3e87fc478fdadd105ec894032
D:\other\Bird\Dataset\CC0\Dwarf Tinamou_sound\Dwarf Tinamou13.mp3,Dwarf Tinamou_sound\Dwarf Tinamou13.mp3,Dwarf Tinamou_sound,Dwarf Tinamou,Dwarf Tinamou13.mp3,765537,True,44100,2,1394511,31.62156462585034,MP3,MPEG_LAYER_III,56854fe56b58243d4da5e67af3e62e0dcf1791a3e87fc478fdadd105ec894032
D:\other\Bird\Dataset\CC0\Dwarf Tinamou_sound\Dwarf Tinamou14.mp3,Dwarf Tinamou_sound\Dwarf Tinamou14.mp3,Dwarf Tinamou_sound,Dwarf Tinamou,Dwarf Tinamou14.mp3,755969,True,44100,2,2088432,47.35673469387755,MP3,MPEG_LAYER_III,fd88f06fc80fb50b059ae0a87f87f4fc9259d592dafa7c0b236672a42ba28807
D:\other\Bird\Dataset\CC0\Dwarf Tinamou_sound\Dwarf Tinamou15.mp3,Dwarf Tinamou_sound\Dwarf Tinamou15.mp3,Dwarf Tinamou_sound,Dwarf Tinamou,Dwarf Tinamou15.mp3,76235,True,44100,2,193779,4.394081632653061,MP3,MPEG_LAYER_III,bb6ae42a8a5a94d022e9cb93795db57071c289924d8669e09ac72bd08f36f202
D:\other\Bird\Dataset\CC0\Dwarf Tinamou_sound\Dwarf Tinamou16.mp3,Dwarf Tinamou_sound\Dwarf Tinamou16.mp3,Dwarf Tinamou_sound,Dwarf Tinamou,Dwarf Tinamou16.mp3,237103,True,44100,2,655018,14.853015873015874,MP3,MPEG_LAYER_III,db5bfe0e47cab12705a9d5a1af1cf458f19c5f890d34d94612d4f2797d8792bf
D:\other\Bird\Dataset\CC0\Dwarf Tinamou_sound\Dwarf Tinamou17.mp3,Dwarf Tinamou_sound\Dwarf Tinamou17.mp3,Dwarf Tinamou_sound,Dwarf Tinamou,Dwarf Tinamou17.mp3,614401,True,44100,2,1697338,38.48839002267574,MP3,MPEG_LAYER_III,0c76c4232930e7ecf8d5cfb85a0a3114668c0366afa702179e66b9ed2ea31bf2
D:\other\Bird\Dataset\CC0\Dwarf Tinamou_sound\Dwarf Tinamou18.mp3,Dwarf Tinamou_sound\Dwarf Tinamou18.mp3,Dwarf Tinamou_sound,Dwarf Tinamou,Dwarf Tinamou18.mp3,649174,True,44100,2,1793401,40.66668934240363,MP3,MPEG_LAYER_III,1e27c65c0abff74f6b7ad891ac8bd43d396b1012e4170bac4727784d64c83005
D:\other\Bird\Dataset\CC0\Dwarf Tinamou_sound\Dwarf Tinamou19.mp3,Dwarf Tinamou_sound\Dwarf Tinamou19.mp3,Dwarf Tinamou_sound,Dwarf Tinamou,Dwarf Tinamou19.mp3,644623,True,44100,2,1780829,40.38160997732426,MP3,MPEG_LAYER_III,9857ada113a4dec41e2232c3aaa31e97bceb2dfab05c93f6277c696c2645ba7e
D:\other\Bird\Dataset\CC0\Dwarf Tinamou_sound\Dwarf Tinamou2.mp3,Dwarf Tinamou_sound\Dwarf Tinamou2.mp3,Dwarf Tinamou_sound,Dwarf Tinamou,Dwarf Tinamou2.mp3,3018237,True,44100,1,8318203,188.62138321995465,MP3,MPEG_LAYER_III,4b54ec5c70f4634d792424e52bd229eb2a9a64914e409ef91307e04aebcbd17a
D:\other\Bird\Dataset\CC0\Dwarf Tinamou_sound\Dwarf Tinamou20.mp3,Dwarf Tinamou_sound\Dwarf Tinamou20.mp3,Dwarf Tinamou_sound,Dwarf Tinamou,Dwarf Tinamou20.mp3,229976,True,44100,2,635329,14.40655328798186,MP3,MPEG_LAYER_III,45210a450ca9fc05a676162d29bffdb84f86f0a34f9e151f7892cc9815a0b11b
D:\other\Bird\Dataset\CC0\Dwarf Tinamou_sound\Dwarf Tinamou21.mp3,Dwarf Tinamou_sound\Dwarf Tinamou21.mp3,Dwarf Tinamou_sound,Dwarf Tinamou,Dwarf Tinamou21.mp3,229976,True,44100,2,635329,14.40655328798186,MP3,MPEG_LAYER_III,45210a450ca9fc05a676162d29bffdb84f86f0a34f9e151f7892cc9815a0b11b
D:\other\Bird\Dataset\CC0\Dwarf Tinamou_sound\Dwarf Tinamou22.mp3,Dwarf Tinamou_sound\Dwarf Tinamou22.mp3,Dwarf Tinamou_sound,Dwarf Tinamou,Dwarf Tinamou22.mp3,229976,True,44100,2,635329,14.40655328798186,MP3,MPEG_LAYER_III,45210a450ca9fc05a676162d29bffdb84f86f0a34f9e151f7892cc9815a0b11b
D:\other\Bird\Dataset\CC0\Dwarf Tinamou_sound\Dwarf Tinamou23.mp3,Dwarf Tinamou_sound\Dwarf Tinamou23.mp3,Dwarf Tinamou_sound,Dwarf Tinamou,Dwarf Tinamou23.mp3,229976,True,44100,2,635329,14.40655328798186,MP3,MPEG_LAYER_III,45210a450ca9fc05a676162d29bffdb84f86f0a34f9e151f7892cc9815a0b11b
D:\other\Bird\Dataset\CC0\Dwarf Tinamou_sound\Dwarf Tinamou24.mp3,Dwarf Tinamou_sound\Dwarf Tinamou24.mp3,Dwarf Tinamou_sound,Dwarf Tinamou,Dwarf Tinamou24.mp3,229976,True,44100,2,635329,14.40655328798186,MP3,MPEG_LAYER_III,45210a450ca9fc05a676162d29bffdb84f86f0a34f9e151f7892cc9815a0b11b
D:\other\Bird\Dataset\CC0\Dwarf Tinamou_sound\Dwarf Tinamou25.mp3,Dwarf Tinamou_sound\Dwarf Tinamou25.mp3,Dwarf Tinamou_sound,Dwarf Tinamou,Dwarf Tinamou25.mp3,102472,True,44100,2,283088,6.419229024943311,MP3,MPEG_LAYER_III,aaf8162c80667278b59c3fbbfa9a81792b01f64dd4eae5125fb6f88d340c9b4e
D:\other\Bird\Dataset\CC0\Dwarf Tinamou_sound\Dwarf Tinamou26.mp3,Dwarf Tinamou_sound\Dwarf Tinamou26.mp3,Dwarf Tinamou_sound,Dwarf Tinamou,Dwarf Tinamou26.mp3,102472,True,44100,2,283088,6.419229024943311,MP3,MPEG_LAYER_III,aaf8162c80667278b59c3fbbfa9a81792b01f64dd4eae5125fb6f88d340c9b4e
D:\other\Bird\Dataset\CC0\Dwarf Tinamou_sound\Dwarf Tinamou27.mp3,Dwarf Tinamou_sound\Dwarf Tinamou27.mp3,Dwarf Tinamou_sound,Dwarf Tinamou,Dwarf Tinamou27.mp3,248961,True,44100,1,669742,15.186893424036281,MP3,MPEG_LAYER_III,b52b96d184094d0d1622c624b1cbca99526702eaa9954199e67450725c8daa7f
D:\other\Bird\Dataset\CC0\Dwarf Tinamou_sound\Dwarf Tinamou28.mp3,Dwarf Tinamou_sound\Dwarf Tinamou28.mp3,Dwarf Tinamou_sound,Dwarf Tinamou,Dwarf Tinamou28.mp3,551727,True,44100,2,1503423,34.09122448979592,MP3,MPEG_LAYER_III,6656276d57bf552c32d5542d1c8d257a1d5df59c5ad9721ca267078280af54a6
D:\other\Bird\Dataset\CC0\Dwarf Tinamou_sound\Dwarf Tinamou29.mp3,Dwarf Tinamou_sound\Dwarf Tinamou29.mp3,Dwarf Tinamou_sound,Dwarf Tinamou,Dwarf Tinamou29.mp3,312031,True,44100,1,843639,19.13013605442177,MP3,MPEG_LAYER_III,1cb8bd9c3d9401f2bf5dd2524553abb05e06bf14ff356a276f4029a5388f274d
D:\other\Bird\Dataset\CC0\Dwarf Tinamou_sound\Dwarf Tinamou3.mp3,Dwarf Tinamou_sound\Dwarf Tinamou3.mp3,Dwarf Tinamou_sound,Dwarf Tinamou,Dwarf Tinamou3.mp3,3018237,True,44100,1,8318203,188.62138321995465,MP3,MPEG_LAYER_III,4b54ec5c70f4634d792424e52bd229eb2a9a64914e409ef91307e04aebcbd17a
D:\other\Bird\Dataset\CC0\Dwarf Tinamou_sound\Dwarf Tinamou30.mp3,Dwarf Tinamou_sound\Dwarf Tinamou30.mp3,Dwarf Tinamou_sound,Dwarf Tinamou,Dwarf Tinamou30.mp3,84677,True,44100,2,216221,4.90297052154195,MP3,MPEG_LAYER_III,27c719334a3f111d6eecac7b8e89ac4af979be79cc75224fcc61dec2cb874794
D:\other\Bird\Dataset\CC0\Dwarf Tinamou_sound\Dwarf Tinamou31.mp3,Dwarf Tinamou_sound\Dwarf Tinamou31.mp3,Dwarf Tinamou_sound,Dwarf Tinamou,Dwarf Tinamou31.mp3,84677,True,44100,2,216221,4.90297052154195,MP3,MPEG_LAYER_III,27c719334a3f111d6eecac7b8e89ac4af979be79cc75224fcc61dec2cb874794
D:\other\Bird\Dataset\CC0\Dwarf Tinamou_sound\Dwarf Tinamou4.mp3,Dwarf Tinamou_sound\Dwarf Tinamou4.mp3,Dwarf Tinamou_sound,Dwarf Tinamou,Dwarf Tinamou4.mp3,423947,True,44100,2,1168037,26.486099773242632,MP3,MPEG_LAYER_III,e1e1d9393c4fa5fb1fd2bdc436313a6c2bcaaf8690328b6da105f27017759b35
D:\other\Bird\Dataset\CC0\Dwarf Tinamou_sound\Dwarf Tinamou5.mp3,Dwarf Tinamou_sound\Dwarf Tinamou5.mp3,Dwarf Tinamou_sound,Dwarf Tinamou,Dwarf Tinamou5.mp3,423947,True,44100,2,1168037,26.486099773242632,MP3,MPEG_LAYER_III,e1e1d9393c4fa5fb1fd2bdc436313a6c2bcaaf8690328b6da105f27017759b35
D:\other\Bird\Dataset\CC0\Dwarf Tinamou_sound\Dwarf Tinamou6.mp3,Dwarf Tinamou_sound\Dwarf Tinamou6.mp3,Dwarf Tinamou_sound,Dwarf Tinamou,Dwarf Tinamou6.mp3,418888,True,44100,2,1157215,26.240702947845804,MP3,MPEG_LAYER_III,c42665f6d750350e26879cdb2f95cdf90df19308fe3cd857de69a0c8ee537484
D:\other\Bird\Dataset\CC0\Dwarf Tinamou_sound\Dwarf Tinamou7.mp3,Dwarf Tinamou_sound\Dwarf Tinamou7.mp3,Dwarf Tinamou_sound,Dwarf Tinamou,Dwarf Tinamou7.mp3,402152,True,44100,2,1110981,25.192312925170068,MP3,MPEG_LAYER_III,58e6592d57a99cc6b0c3e3d6cdd46c9ac0d892e98a0843bf41231b894782da7e
D:\other\Bird\Dataset\CC0\Dwarf Tinamou_sound\Dwarf Tinamou8.mp3,Dwarf Tinamou_sound\Dwarf Tinamou8.mp3,Dwarf Tinamou_sound,Dwarf Tinamou,Dwarf Tinamou8.mp3,402152,True,44100,2,1110981,25.192312925170068,MP3,MPEG_LAYER_III,58e6592d57a99cc6b0c3e3d6cdd46c9ac0d892e98a0843bf41231b894782da7e
D:\other\Bird\Dataset\CC0\Dwarf Tinamou_sound\Dwarf Tinamou9.mp3,Dwarf Tinamou_sound\Dwarf Tinamou9.mp3,Dwarf Tinamou_sound,Dwarf Tinamou,Dwarf Tinamou9.mp3,402152,True,44100,2,1110981,25.192312925170068,MP3,MPEG_LAYER_III,58e6592d57a99cc6b0c3e3d6cdd46c9ac0d892e98a0843bf41231b894782da7e
D:\other\Bird\Dataset\CC0\East Brazilian Chachalaca_sound\East Brazilian Chachalaca10.mp3,East Brazilian Chachalaca_sound\East Brazilian Chachalaca10.mp3,East Brazilian Chachalaca_sound,East Brazilian Chachalaca,East Brazilian Chachalaca10.mp3,377761,True,44100,1,1040749,23.599750566893423,MP3,MPEG_LAYER_III,4c3eac20d09fc8b2034146f2a5c694602255a7fbc526d07bcfd148fed164b0ac
D:\other\Bird\Dataset\CC0\East Brazilian Chachalaca_sound\East Brazilian Chachalaca11.mp3,East Brazilian Chachalaca_sound\East Brazilian Chachalaca11.mp3,East Brazilian Chachalaca_sound,East Brazilian Chachalaca,East Brazilian Chachalaca11.mp3,377761,True,44100,1,1040749,23.599750566893423,MP3,MPEG_LAYER_III,4c3eac20d09fc8b2034146f2a5c694602255a7fbc526d07bcfd148fed164b0ac
D:\other\Bird\Dataset\CC0\East Brazilian Chachalaca_sound\East Brazilian Chachalaca12.mp3,East Brazilian Chachalaca_sound\East Brazilian Chachalaca12.mp3,East Brazilian Chachalaca_sound,East Brazilian Chachalaca,East Brazilian Chachalaca12.mp3,856246,True,44100,2,1572963,35.66809523809524,MP3,MPEG_LAYER_III,613b47e005d7c7e7e31953c64407325eb78b02d0a80fab08c28df6da8f631132
D:\other\Bird\Dataset\CC0\East Brazilian Chachalaca_sound\East Brazilian Chachalaca13.mp3,East Brazilian Chachalaca_sound\East Brazilian Chachalaca13.mp3,East Brazilian Chachalaca_sound,East Brazilian Chachalaca,East Brazilian Chachalaca13.mp3,2274382,True,44100,2,4178533,94.75131519274376,MP3,MPEG_LAYER_III,f74b333799a2f478a0f1fa790a6d59a1263506a1fa39a69c9f01784d47e5fdcd
D:\other\Bird\Dataset\CC0\East Brazilian Chachalaca_sound\East Brazilian Chachalaca14.mp3,East Brazilian Chachalaca_sound\East Brazilian Chachalaca14.mp3,East Brazilian Chachalaca_sound,East Brazilian Chachalaca,East Brazilian Chachalaca14.mp3,438028,True,48000,2,875800,18.245833333333334,MP3,MPEG_LAYER_III,240743154dabca76229f4390db773f3af370d14f842ae29714137ddb2f767e67
D:\other\Bird\Dataset\CC0\East Brazilian Chachalaca_sound\East Brazilian Chachalaca15.mp3,East Brazilian Chachalaca_sound\East Brazilian Chachalaca15.mp3,East Brazilian Chachalaca_sound,East Brazilian Chachalaca,East Brazilian Chachalaca15.mp3,180241,True,22050,1,496387,22.5118820861678,MP3,MPEG_LAYER_III,e3ea7081534cb25fca949238bed6e68d2d9c57a0a1909143d9442669307c0f11
D:\other\Bird\Dataset\CC0\East Brazilian Chachalaca_sound\East Brazilian Chachalaca16.mp3,East Brazilian Chachalaca_sound\East Brazilian Chachalaca16.mp3,East Brazilian Chachalaca_sound,East Brazilian Chachalaca,East Brazilian Chachalaca16.mp3,180241,True,22050,1,496387,22.5118820861678,MP3,MPEG_LAYER_III,e3ea7081534cb25fca949238bed6e68d2d9c57a0a1909143d9442669307c0f11
D:\other\Bird\Dataset\CC0\East Brazilian Chachalaca_sound\East Brazilian Chachalaca17.mp3,East Brazilian Chachalaca_sound\East Brazilian Chachalaca17.mp3,East Brazilian Chachalaca_sound,East Brazilian Chachalaca,East Brazilian Chachalaca17.mp3,33498,True,44100,1,371054,8.413922902494331,MP3,MPEG_LAYER_III,a74c9572167644e23fbd842e409898f29787ea9b09b6fd463753245f0821a54c
D:\other\Bird\Dataset\CC0\East Brazilian Chachalaca_sound\East Brazilian Chachalaca18.mp3,East Brazilian Chachalaca_sound\East Brazilian Chachalaca18.mp3,East Brazilian Chachalaca_sound,East Brazilian Chachalaca,East Brazilian Chachalaca18.mp3,33498,True,44100,1,371054,8.413922902494331,MP3,MPEG_LAYER_III,a74c9572167644e23fbd842e409898f29787ea9b09b6fd463753245f0821a54c
D:\other\Bird\Dataset\CC0\East Brazilian Chachalaca_sound\East Brazilian Chachalaca19.mp3,East Brazilian Chachalaca_sound\East Brazilian Chachalaca19.mp3,East Brazilian Chachalaca_sound,East Brazilian Chachalaca,East Brazilian Chachalaca19.mp3,33498,True,44100,1,371054,8.413922902494331,MP3,MPEG_LAYER_III,a74c9572167644e23fbd842e409898f29787ea9b09b6fd463753245f0821a54c
D:\other\Bird\Dataset\CC0\East Brazilian Chachalaca_sound\East Brazilian Chachalaca2.mp3,East Brazilian Chachalaca_sound\East Brazilian Chachalaca2.mp3,East Brazilian Chachalaca_sound,East Brazilian Chachalaca,East Brazilian Chachalaca2.mp3,449648,True,44100,1,1238868,28.092244897959183,MP3,MPEG_LAYER_III,9d0fc203bae258f15c0829b9f639a3eb1903d2d6e9bc8c652624ab546ff4a84b
D:\other\Bird\Dataset\CC0\East Brazilian Chachalaca_sound\East Brazilian Chachalaca20.mp3,East Brazilian Chachalaca_sound\East Brazilian Chachalaca20.mp3,East Brazilian Chachalaca_sound,East Brazilian Chachalaca,East Brazilian Chachalaca20.mp3,33498,True,44100,1,371054,8.413922902494331,MP3,MPEG_LAYER_III,a74c9572167644e23fbd842e409898f29787ea9b09b6fd463753245f0821a54c
D:\other\Bird\Dataset\CC0\East Brazilian Chachalaca_sound\East Brazilian Chachalaca21.mp3,East Brazilian Chachalaca_sound\East Brazilian Chachalaca21.mp3,East Brazilian Chachalaca_sound,East Brazilian Chachalaca,East Brazilian Chachalaca21.mp3,33498,True,44100,1,371054,8.413922902494331,MP3,MPEG_LAYER_III,a74c9572167644e23fbd842e409898f29787ea9b09b6fd463753245f0821a54c
D:\other\Bird\Dataset\CC0\East Brazilian Chachalaca_sound\East Brazilian Chachalaca22.mp3,East Brazilian Chachalaca_sound\East Brazilian Chachalaca22.mp3,East Brazilian Chachalaca_sound,East Brazilian Chachalaca,East Brazilian Chachalaca22.mp3,520517,True,44100,2,1434534,32.529115646258504,MP3,MPEG_LAYER_III,4ecf4238d2a7d1e5be2a4e1f86fb6663cf8670334241606b77b4affaf0357455
D:\other\Bird\Dataset\CC0\East Brazilian Chachalaca_sound\East Brazilian Chachalaca23.mp3,East Brazilian Chachalaca_sound\East Brazilian Chachalaca23.mp3,East Brazilian Chachalaca_sound,East Brazilian Chachalaca,East Brazilian Chachalaca23.mp3,293540,True,44100,2,810930,18.38843537414966,MP3,MPEG_LAYER_III,5e7a7b3d34a328011c47672730bdc050d6b3d910396f67d8d5ea23eb70ff0568
D:\other\Bird\Dataset\CC0\East Brazilian Chachalaca_sound\East Brazilian Chachalaca3.mp3,East Brazilian Chachalaca_sound\East Brazilian Chachalaca3.mp3,East Brazilian Chachalaca_sound,East Brazilian Chachalaca,East Brazilian Chachalaca3.mp3,449648,True,44100,1,1238868,28.092244897959183,MP3,MPEG_LAYER_III,9d0fc203bae258f15c0829b9f639a3eb1903d2d6e9bc8c652624ab546ff4a84b
D:\other\Bird\Dataset\CC0\East Brazilian Chachalaca_sound\East Brazilian Chachalaca4.mp3,East Brazilian Chachalaca_sound\East Brazilian Chachalaca4.mp3,East Brazilian Chachalaca_sound,East Brazilian Chachalaca,East Brazilian Chachalaca4.mp3,449648,True,44100,1,1238868,28.092244897959183,MP3,MPEG_LAYER_III,9d0fc203bae258f15c0829b9f639a3eb1903d2d6e9bc8c652624ab546ff4a84b
D:\other\Bird\Dataset\CC0\East Brazilian Chachalaca_sound\East Brazilian Chachalaca5.mp3,East Brazilian Chachalaca_sound\East Brazilian Chachalaca5.mp3,East Brazilian Chachalaca_sound,East Brazilian Chachalaca,East Brazilian Chachalaca5.mp3,449648,True,44100,1,1238868,28.092244897959183,MP3,MPEG_LAYER_III,9d0fc203bae258f15c0829b9f639a3eb1903d2d6e9bc8c652624ab546ff4a84b
D:\other\Bird\Dataset\CC0\East Brazilian Chachalaca_sound\East Brazilian Chachalaca6.mp3,East Brazilian Chachalaca_sound\East Brazilian Chachalaca6.mp3,East Brazilian Chachalaca_sound,East Brazilian Chachalaca,East Brazilian Chachalaca6.mp3,449648,True,44100,1,1238868,28.092244897959183,MP3,MPEG_LAYER_III,9d0fc203bae258f15c0829b9f639a3eb1903d2d6e9bc8c652624ab546ff4a84b
D:\other\Bird\Dataset\CC0\East Brazilian Chachalaca_sound\East Brazilian Chachalaca7.mp3,East Brazilian Chachalaca_sound\East Brazilian Chachalaca7.mp3,East Brazilian Chachalaca_sound,East Brazilian Chachalaca,East Brazilian Chachalaca7.mp3,449648,True,44100,1,1238868,28.092244897959183,MP3,MPEG_LAYER_III,9d0fc203bae258f15c0829b9f639a3eb1903d2d6e9bc8c652624ab546ff4a84b
D:\other\Bird\Dataset\CC0\East Brazilian Chachalaca_sound\East Brazilian Chachalaca8.mp3,East Brazilian Chachalaca_sound\East Brazilian Chachalaca8.mp3,East Brazilian Chachalaca_sound,East Brazilian Chachalaca,East Brazilian Chachalaca8.mp3,449648,True,44100,1,1238868,28.092244897959183,MP3,MPEG_LAYER_III,9d0fc203bae258f15c0829b9f639a3eb1903d2d6e9bc8c652624ab546ff4a84b
D:\other\Bird\Dataset\CC0\East Brazilian Chachalaca_sound\East Brazilian Chachalaca9.mp3,East Brazilian Chachalaca_sound\East Brazilian Chachalaca9.mp3,East Brazilian Chachalaca_sound,East Brazilian Chachalaca,East Brazilian Chachalaca9.mp3,377761,True,44100,1,1040749,23.599750566893423,MP3,MPEG_LAYER_III,4c3eac20d09fc8b2034146f2a5c694602255a7fbc526d07bcfd148fed164b0ac
D:\other\Bird\Dataset\CC0\Elegant Crested Tinamou_sound\Elegant Crested Tinamou10.mp3,Elegant Crested Tinamou_sound\Elegant Crested Tinamou10.mp3,Elegant Crested Tinamou_sound,Elegant Crested Tinamou,Elegant Crested Tinamou10.mp3,120952,True,44100,1,333341,7.55875283446712,MP3,MPEG_LAYER_III,5f5e1ae726fc987d5ef445d647729b5a3fe114f251e395d89c17f7bd77da3184
D:\other\Bird\Dataset\CC0\Elegant Crested Tinamou_sound\Elegant Crested Tinamou11.mp3,Elegant Crested Tinamou_sound\Elegant Crested Tinamou11.mp3,Elegant Crested Tinamou_sound,Elegant Crested Tinamou,Elegant Crested Tinamou11.mp3,120952,True,44100,1,333341,7.55875283446712,MP3,MPEG_LAYER_III,5f5e1ae726fc987d5ef445d647729b5a3fe114f251e395d89c17f7bd77da3184
D:\other\Bird\Dataset\CC0\Elegant Crested Tinamou_sound\Elegant Crested Tinamou12.mp3,Elegant Crested Tinamou_sound\Elegant Crested Tinamou12.mp3,Elegant Crested Tinamou_sound,Elegant Crested Tinamou,Elegant Crested Tinamou12.mp3,57864,True,44100,1,159472,3.6161451247165535,MP3,MPEG_LAYER_III,50359226026f16b791cc47fe9326ce43404ad53006c9c273ac75851afb1e62ad
D:\other\Bird\Dataset\CC0\Elegant Crested Tinamou_sound\Elegant Crested Tinamou13.mp3,Elegant Crested Tinamou_sound\Elegant Crested Tinamou13.mp3,Elegant Crested Tinamou_sound,Elegant Crested Tinamou,Elegant Crested Tinamou13.mp3,49508,True,44100,1,136443,3.0939455782312923,MP3,MPEG_LAYER_III,f06bad8df3ebd83fe5c64a50dd76e0a307276b7ee1bfc4d9de8bbb186f24f1c0
D:\other\Bird\Dataset\CC0\Elegant Crested Tinamou_sound\Elegant Crested Tinamou14.mp3,Elegant Crested Tinamou_sound\Elegant Crested Tinamou14.mp3,Elegant Crested Tinamou_sound,Elegant Crested Tinamou,Elegant Crested Tinamou14.mp3,125420,True,44100,1,461609,10.467324263038549,MP3,MPEG_LAYER_III,bf3c9accd8089fff6f9df9c6fefe387d7fba065b790944e030cf99c65f4c03d2
D:\other\Bird\Dataset\CC0\Elegant Crested Tinamou_sound\Elegant Crested Tinamou15.mp3,Elegant Crested Tinamou_sound\Elegant Crested Tinamou15.mp3,Elegant Crested Tinamou_sound,Elegant Crested Tinamou,Elegant Crested Tinamou15.mp3,125420,True,44100,1,461609,10.467324263038549,MP3,MPEG_LAYER_III,bf3c9accd8089fff6f9df9c6fefe387d7fba065b790944e030cf99c65f4c03d2
D:\other\Bird\Dataset\CC0\Elegant Crested Tinamou_sound\Elegant Crested Tinamou2.mp3,Elegant Crested Tinamou_sound\Elegant Crested Tinamou2.mp3,Elegant Crested Tinamou_sound,Elegant Crested Tinamou,Elegant Crested Tinamou2.mp3,300211,True,44100,2,810473,18.378072562358277,MP3,MPEG_LAYER_III,ece4f41eada7519e5f710255f5f74756d38ea28e43eb2e9263b375134edf6f26
D:\other\Bird\Dataset\CC0\Elegant Crested Tinamou_sound\Elegant Crested Tinamou3.mp3,Elegant Crested Tinamou_sound\Elegant Crested Tinamou3.mp3,Elegant Crested Tinamou_sound,Elegant Crested Tinamou,Elegant Crested Tinamou3.mp3,347481,True,44100,1,957650,21.715419501133788,MP3,MPEG_LAYER_III,701422dad9c12f0d511c2014f49a42a7ea1d33b566d7ede69aac12e95fa9ed81
D:\other\Bird\Dataset\CC0\Elegant Crested Tinamou_sound\Elegant Crested Tinamou4.mp3,Elegant Crested Tinamou_sound\Elegant Crested Tinamou4.mp3,Elegant Crested Tinamou_sound,Elegant Crested Tinamou,Elegant Crested Tinamou4.mp3,160240,True,44100,1,441618,10.014013605442177,MP3,MPEG_LAYER_III,3ad19d773160865baaa0f7b8855624fc9c2f8b8a1ac6003ea9e3cca3f118397a
D:\other\Bird\Dataset\CC0\Elegant Crested Tinamou_sound\Elegant Crested Tinamou5.mp3,Elegant Crested Tinamou_sound\Elegant Crested Tinamou5.mp3,Elegant Crested Tinamou_sound,Elegant Crested Tinamou,Elegant Crested Tinamou5.mp3,153135,True,44100,1,422037,9.57,MP3,MPEG_LAYER_III,6133d8fe9ee01a6d3052a60d8c2266a1614d16598832ba6124028c3ecdb1a648
D:\other\Bird\Dataset\CC0\Elegant Crested Tinamou_sound\Elegant Crested Tinamou6.mp3,Elegant Crested Tinamou_sound\Elegant Crested Tinamou6.mp3,Elegant Crested Tinamou_sound,Elegant Crested Tinamou,Elegant Crested Tinamou6.mp3,337455,True,44100,1,930019,21.088866213151928,MP3,MPEG_LAYER_III,8b246b2ecaf82c531ecfb882b2bc9df34b93d4d0654be65961446fa94ba40f8c
D:\other\Bird\Dataset\CC0\Elegant Crested Tinamou_sound\Elegant Crested Tinamou7.mp3,Elegant Crested Tinamou_sound\Elegant Crested Tinamou7.mp3,Elegant Crested Tinamou_sound,Elegant Crested Tinamou,Elegant Crested Tinamou7.mp3,421464,True,44100,1,1161546,26.33891156462585,MP3,MPEG_LAYER_III,756b9784b4420c6983342cd1ef0b7bb9f84b34eafb56cbfc94b5b1ca7a2ae96c
D:\other\Bird\Dataset\CC0\Elegant Crested Tinamou_sound\Elegant Crested Tinamou8.mp3,Elegant Crested Tinamou_sound\Elegant Crested Tinamou8.mp3,Elegant Crested Tinamou_sound,Elegant Crested Tinamou,Elegant Crested Tinamou8.mp3,83753,True,44100,1,230821,5.234036281179138,MP3,MPEG_LAYER_III,6f63c2c426111a55fd70e80d976106b9cf4101f2972c59e66b54ef62b313a2fc
D:\other\Bird\Dataset\CC0\Elegant Crested Tinamou_sound\Elegant Crested Tinamou9.mp3,Elegant Crested Tinamou_sound\Elegant Crested Tinamou9.mp3,Elegant Crested Tinamou_sound,Elegant Crested Tinamou,Elegant Crested Tinamou9.mp3,120952,True,44100,1,333341,7.55875283446712,MP3,MPEG_LAYER_III,5f5e1ae726fc987d5ef445d647729b5a3fe114f251e395d89c17f7bd77da3184
D:\other\Bird\Dataset\CC0\Emu_sound\Emu10.mp3,Emu_sound\Emu10.mp3,Emu_sound,Emu,Emu10.mp3,237663,True,44100,1,566770,12.851927437641724,MP3,MPEG_LAYER_III,d8251212f9dd22290bf16f3f342c8ff336710f08a87bc22d07ef64c3a620b4fa
D:\other\Bird\Dataset\CC0\Emu_sound\Emu11.mp3,Emu_sound\Emu11.mp3,Emu_sound,Emu,Emu11.mp3,91875,True,44100,2,156265,3.5434240362811793,MP3,MPEG_LAYER_III,dcb8a6e01a992f32db68d96919db996f502a0199fd583c6155d321d35c983986
D:\other\Bird\Dataset\CC0\Emu_sound\Emu12.mp3,Emu_sound\Emu12.mp3,Emu_sound,Emu,Emu12.mp3,226497,True,48000,2,440948,9.186416666666666,MP3,MPEG_LAYER_III,d9ab36ca5b2711ab533f643ca00e4dba2fdc73f1edb2419dfc8b10a0c17dc99b
D:\other\Bird\Dataset\CC0\Emu_sound\Emu13.mp3,Emu_sound\Emu13.mp3,Emu_sound,Emu,Emu13.mp3,306571,True,48000,1,903006,18.812625,MP3,MPEG_LAYER_III,e82ac2b2f4c7e785302875353b393f2cef278110a0a9fc3919bc117afea67556
D:\other\Bird\Dataset\CC0\Emu_sound\Emu14.mp3,Emu_sound\Emu14.mp3,Emu_sound,Emu,Emu14.mp3,306571,True,48000,1,903006,18.812625,MP3,MPEG_LAYER_III,e82ac2b2f4c7e785302875353b393f2cef278110a0a9fc3919bc117afea67556
D:\other\Bird\Dataset\CC0\Emu_sound\Emu15.mp3,Emu_sound\Emu15.mp3,Emu_sound,Emu,Emu15.mp3,141287,True,44100,2,389964,8.842721088435374,MP3,MPEG_LAYER_III,1effbcbc523bb5657aebc26f6ceba2242a86489eb84d86dad45c84b695c3b348
D:\other\Bird\Dataset\CC0\Emu_sound\Emu16.mp3,Emu_sound\Emu16.mp3,Emu_sound,Emu,Emu16.mp3,1038887,True,48000,2,1770595,36.887395833333336,MP3,MPEG_LAYER_III,b25f736b1a1d47a5bcc335a829b39df898b9b7b257c940351b292abae45a294a
D:\other\Bird\Dataset\CC0\Emu_sound\Emu17.mp3,Emu_sound\Emu17.mp3,Emu_sound,Emu,Emu17.mp3,543551,True,48000,2,652107,13.5855625,MP3,MPEG_LAYER_III,889bae23e7076cbd7e81dfe0d35ce123e5674bd81d3c9d818d0826a73b29a6d9
D:\other\Bird\Dataset\CC0\Emu_sound\Emu18.mp3,Emu_sound\Emu18.mp3,Emu_sound,Emu,Emu18.mp3,223559,True,48000,2,435343,9.069645833333333,MP3,MPEG_LAYER_III,2cc55cb8ac15da9e3106c42e25fbe4f00ff769b8444a1953da1e2f4aadeacdfb
D:\other\Bird\Dataset\CC0\Emu_sound\Emu2.mp3,Emu_sound\Emu2.mp3,Emu_sound,Emu,Emu2.mp3,1215821,True,48000,2,1814119,37.79414583333333,MP3,MPEG_LAYER_III,2c02b9cefe62b24fdef4210b0f8122cfe89d1577a6b7c3cce9ac72e11623c8dc
D:\other\Bird\Dataset\CC0\Emu_sound\Emu3.mp3,Emu_sound\Emu3.mp3,Emu_sound,Emu,Emu3.mp3,790236,True,48000,2,1344000,28.0,MP3,MPEG_LAYER_III,cf89661c7577fbb5ef72d8d3fe2d9356958fe96acaf536f2830f4ea2c482e456
D:\other\Bird\Dataset\CC0\Emu_sound\Emu4.mp3,Emu_sound\Emu4.mp3,Emu_sound,Emu,Emu4.mp3,665372,True,48000,2,1318928,27.477666666666668,MP3,MPEG_LAYER_III,d045d83c59020262f30eac2154cf3f451ecc08364f16ff50e0fa1cf0ce71678f
D:\other\Bird\Dataset\CC0\Emu_sound\Emu5.mp3,Emu_sound\Emu5.mp3,Emu_sound,Emu,Emu5.mp3,482172,True,22050,1,655885,29.745351473922902,MP3,MPEG_LAYER_III,5f3af68d295eff03e4076348f2cac11ee18d2f4eacda4acace8ec4aee1cc63af
D:\other\Bird\Dataset\CC0\Emu_sound\Emu6.mp3,Emu_sound\Emu6.mp3,Emu_sound,Emu,Emu6.mp3,482172,True,22050,1,655885,29.745351473922902,MP3,MPEG_LAYER_III,5f3af68d295eff03e4076348f2cac11ee18d2f4eacda4acace8ec4aee1cc63af
D:\other\Bird\Dataset\CC0\Emu_sound\Emu7.mp3,Emu_sound\Emu7.mp3,Emu_sound,Emu,Emu7.mp3,482172,True,22050,1,655885,29.745351473922902,MP3,MPEG_LAYER_III,5f3af68d295eff03e4076348f2cac11ee18d2f4eacda4acace8ec4aee1cc63af
D:\other\Bird\Dataset\CC0\Emu_sound\Emu8.mp3,Emu_sound\Emu8.mp3,Emu_sound,Emu,Emu8.mp3,1529933,True,48000,2,2284613,47.59610416666667,MP3,MPEG_LAYER_III,7a84719a5bbc560f72e2c8658ce02caf50152379832af28ab438769dff95df91
D:\other\Bird\Dataset\CC0\Emu_sound\Emu9.mp3,Emu_sound\Emu9.mp3,Emu_sound,Emu,Emu9.mp3,237663,True,44100,1,566770,12.851927437641724,MP3,MPEG_LAYER_III,d8251212f9dd22290bf16f3f342c8ff336710f08a87bc22d07ef64c3a620b4fa
D:\other\Bird\Dataset\CC0\Great Spotted Kiwi_sound\Great Spotted Kiwi2.mp3,Great Spotted Kiwi_sound\Great Spotted Kiwi2.mp3,Great Spotted Kiwi_sound,Great Spotted Kiwi,Great Spotted Kiwi2.mp3,17255820,True,48000,2,2156972,44.93691666666667,WAV,PCM_32,bf59472c0e50f471be3a7ecc2e4f4321fffead15bd948b5ce8d15e8c11395871
D:\other\Bird\Dataset\CC0\Great Spotted Kiwi_sound\Great Spotted Kiwi3.mp3,Great Spotted Kiwi_sound\Great Spotted Kiwi3.mp3,Great Spotted Kiwi_sound,Great Spotted Kiwi,Great Spotted Kiwi3.mp3,2741356,True,44100,2,3014656,68.35954648526076,MP3,MPEG_LAYER_III,67b27bf3cbf9666924784ae674b84230b052a6335ad514a48bdb77e3e5a4ad0b
D:\other\Bird\Dataset\CC0\Great Spotted Kiwi_sound\Great Spotted Kiwi4.mp3,Great Spotted Kiwi_sound\Great Spotted Kiwi4.mp3,Great Spotted Kiwi_sound,Great Spotted Kiwi,Great Spotted Kiwi4.mp3,512156,True,44100,1,1411492,32.006621315192746,MP3,MPEG_LAYER_III,694765cd1c20c6dbdc4471ada15b878c7140d4c5dcd92813e96789d03d37834a
D:\other\Bird\Dataset\CC0\Great Spotted Kiwi_sound\Great Spotted Kiwi5.mp3,Great Spotted Kiwi_sound\Great Spotted Kiwi5.mp3,Great Spotted Kiwi_sound,Great Spotted Kiwi,Great Spotted Kiwi5.mp3,353779,True,44100,1,975008,22.109024943310658,MP3,MPEG_LAYER_III,314c51593af41cf7453e06f28e711b058b8c7d1973406342147c4095883c2fb6
D:\other\Bird\Dataset\CC0\Great Spotted Kiwi_sound\Great Spotted Kiwi6.mp3,Great Spotted Kiwi_sound\Great Spotted Kiwi6.mp3,Great Spotted Kiwi_sound,Great Spotted Kiwi,Great Spotted Kiwi6.mp3,813063,True,44100,2,1120393,25.405736961451247,MP3,MPEG_LAYER_III,a249b2a825b285ab981cb322ece1276d09b7a8f867e6b7cc24b24d28ccdb4e33
D:\other\Bird\Dataset\CC0\Great Spotted Kiwi_sound\Great Spotted Kiwi7.mp3,Great Spotted Kiwi_sound\Great Spotted Kiwi7.mp3,Great Spotted Kiwi_sound,Great Spotted Kiwi,Great Spotted Kiwi7.mp3,465364,True,44100,2,641267,14.541201814058956,MP3,MPEG_LAYER_III,3d7a7a2a7be58734e45bb733fcb42fc3ce13666991ff355a45e087e53db93b68
D:\other\Bird\Dataset\CC0\Great Spotted Kiwi_sound\Great Spotted Kiwi8.mp3,Great Spotted Kiwi_sound\Great Spotted Kiwi8.mp3,Great Spotted Kiwi_sound,Great Spotted Kiwi,Great Spotted Kiwi8.mp3,317881,True,44100,1,876073,19.865600907029478,MP3,MPEG_LAYER_III,6d7042830356db98fd178545662d6db4eeca0ab575caa628348042f754d17912
D:\other\Bird\Dataset\CC0\Great Tinamou_sound\Great Tinamou10.mp3,Great Tinamou_sound\Great Tinamou10.mp3,Great Tinamou_sound,Great Tinamou,Great Tinamou10.mp3,9091576,True,44100,2,10015364,227.1057596371882,MP3,MPEG_LAYER_III,32165e89f655bd10b6d7fd468503c5f1ccc8fc40cef3917f846128f82e3d5efb
D:\other\Bird\Dataset\CC0\Great Tinamou_sound\Great Tinamou11.mp3,Great Tinamou_sound\Great Tinamou11.mp3,Great Tinamou_sound,Great Tinamou,Great Tinamou11.mp3,299942,True,44100,2,551089,12.496349206349207,MP3,MPEG_LAYER_III,e45a1399d8630d57c275577f3e111bec6c958bed5f2fb31d0ca8d88bc9ec0ce2
D:\other\Bird\Dataset\CC0\Great Tinamou_sound\Great Tinamou12.mp3,Great Tinamou_sound\Great Tinamou12.mp3,Great Tinamou_sound,Great Tinamou,Great Tinamou12.mp3,1194023,True,44100,1,3290351,74.61113378684807,MP3,MPEG_LAYER_III,722a0ed578ad6f3d77bff8b2e0dfb056db205f76bb1e5a3011a590bf98fb5b8e
D:\other\Bird\Dataset\CC0\Great Tinamou_sound\Great Tinamou13.mp3,Great Tinamou_sound\Great Tinamou13.mp3,Great Tinamou_sound,Great Tinamou,Great Tinamou13.mp3,324173,True,32000,2,848631,26.51971875,MP3,MPEG_LAYER_III,00f4da65f85ad9e5dbffafe232bca24bbc9b7502d3eb77dff6ea81db835521ca
D:\other\Bird\Dataset\CC0\Great Tinamou_sound\Great Tinamou14.mp3,Great Tinamou_sound\Great Tinamou14.mp3,Great Tinamou_sound,Great Tinamou,Great Tinamou14.mp3,549449,True,44100,1,1995241,45.24356009070295,MP3,MPEG_LAYER_III,15c1068ac063e23b6802c89821cad22c0d47e89ced040bdd6a41143359313ba2
D:\other\Bird\Dataset\CC0\Great Tinamou_sound\Great Tinamou15.mp3,Great Tinamou_sound\Great Tinamou15.mp3,Great Tinamou_sound,Great Tinamou,Great Tinamou15.mp3,1094217,True,32000,2,2898936,90.59175,MP3,MPEG_LAYER_III,a9046608672dd0b99cf436618f7c37c2d387c5e27dc3ead3e6c9a8bdb00d844d
D:\other\Bird\Dataset\CC0\Great Tinamou_sound\Great Tinamou16.mp3,Great Tinamou_sound\Great Tinamou16.mp3,Great Tinamou_sound,Great Tinamou,Great Tinamou16.mp3,1035720,True,48000,2,1242864,25.893,MP3,MPEG_LAYER_III,530c2dbf778eb840c43f8d4c4a7eb85eebf579f5d28b60c859da12afc121fe5f
D:\other\Bird\Dataset\CC0\Great Tinamou_sound\Great Tinamou17.mp3,Great Tinamou_sound\Great Tinamou17.mp3,Great Tinamou_sound,Great Tinamou,Great Tinamou17.mp3,1981312,True,48000,2,2377574,49.53279166666667,MP3,MPEG_LAYER_III,9b0489c17651e672233ec30084075e3bb62c970ffc355131e04c19722873c86b
D:\other\Bird\Dataset\CC0\Great Tinamou_sound\Great Tinamou18.mp3,Great Tinamou_sound\Great Tinamou18.mp3,Great Tinamou_sound,Great Tinamou,Great Tinamou18.mp3,99054,True,48000,1,792432,16.509,MP3,MPEG_LAYER_III,86a803c3fa3375d56286fb55ebcea07380a494c7bbf7ec0aef112ddd1d6ac4fa
D:\other\Bird\Dataset\CC0\Great Tinamou_sound\Great Tinamou19.mp3,Great Tinamou_sound\Great Tinamou19.mp3,Great Tinamou_sound,Great Tinamou,Great Tinamou19.mp3,99054,True,48000,1,792432,16.509,MP3,MPEG_LAYER_III,86a803c3fa3375d56286fb55ebcea07380a494c7bbf7ec0aef112ddd1d6ac4fa
D:\other\Bird\Dataset\CC0\Great Tinamou_sound\Great Tinamou2.mp3,Great Tinamou_sound\Great Tinamou2.mp3,Great Tinamou_sound,Great Tinamou,Great Tinamou2.mp3,2389383,True,44100,2,4042643,91.66990929705216,MP3,MPEG_LAYER_III,d0ced4c9e6b8c1a7f1fb7bd8a731e5028262a406727ea514b8922a97a5144eeb
D:\other\Bird\Dataset\CC0\Great Tinamou_sound\Great Tinamou20.mp3,Great Tinamou_sound\Great Tinamou20.mp3,Great Tinamou_sound,Great Tinamou,Great Tinamou20.mp3,560698,True,44100,1,1545272,35.040181405895694,MP3,MPEG_LAYER_III,804668119440efaf270605b313ba119052b509c2c10d6684ba136a8355768303
D:\other\Bird\Dataset\CC0\Great Tinamou_sound\Great Tinamou21.mp3,Great Tinamou_sound\Great Tinamou21.mp3,Great Tinamou_sound,Great Tinamou,Great Tinamou21.mp3,2390587,True,44100,1,6588412,149.39709750566894,MP3,MPEG_LAYER_III,d5888d6d4d40a23c43ff1d7b0a7a9dd9405edd29cba4820798fb24103b41edcd
D:\other\Bird\Dataset\CC0\Great Tinamou_sound\Great Tinamou22.mp3,Great Tinamou_sound\Great Tinamou22.mp3,Great Tinamou_sound,Great Tinamou,Great Tinamou22.mp3,2390587,True,44100,1,6588412,149.39709750566894,MP3,MPEG_LAYER_III,d5888d6d4d40a23c43ff1d7b0a7a9dd9405edd29cba4820798fb24103b41edcd
D:\other\Bird\Dataset\CC0\Great Tinamou_sound\Great Tinamou23.mp3,Great Tinamou_sound\Great Tinamou23.mp3,Great Tinamou_sound,Great Tinamou,Great Tinamou23.mp3,2390587,True,44100,1,6588412,149.39709750566894,MP3,MPEG_LAYER_III,d5888d6d4d40a23c43ff1d7b0a7a9dd9405edd29cba4820798fb24103b41edcd
D:\other\Bird\Dataset\CC0\Great Tinamou_sound\Great Tinamou24.mp3,Great Tinamou_sound\Great Tinamou24.mp3,Great Tinamou_sound,Great Tinamou,Great Tinamou24.mp3,583972,True,44100,1,1609415,36.49467120181406,MP3,MPEG_LAYER_III,8d4ae3717f4c0f3c448aa23e8c1272a969e6a6171192d109709ce24d0793b54b
D:\other\Bird\Dataset\CC0\Great Tinamou_sound\Great Tinamou25.mp3,Great Tinamou_sound\Great Tinamou25.mp3,Great Tinamou_sound,Great Tinamou,Great Tinamou25.mp3,583972,True,44100,1,1609415,36.49467120181406,MP3,MPEG_LAYER_III,8d4ae3717f4c0f3c448aa23e8c1272a969e6a6171192d109709ce24d0793b54b
D:\other\Bird\Dataset\CC0\Great Tinamou_sound\Great Tinamou26.mp3,Great Tinamou_sound\Great Tinamou26.mp3,Great Tinamou_sound,Great Tinamou,Great Tinamou26.mp3,117432,True,44100,2,583194,13.224353741496598,MP3,MPEG_LAYER_III,10ae569316fe150288b51a7b54365ea3c268ca0b7ec6cc429f898e2a3629ab60
D:\other\Bird\Dataset\CC0\Great Tinamou_sound\Great Tinamou27.mp3,Great Tinamou_sound\Great Tinamou27.mp3,Great Tinamou_sound,Great Tinamou,Great Tinamou27.mp3,88798,True,44100,2,434785,9.85907029478458,MP3,MPEG_LAYER_III,f3b7f1761371157a2d194e36c6d2f3dbb0c340941547a1ad8d3e14b78c6a0576
D:\other\Bird\Dataset\CC0\Great Tinamou_sound\Great Tinamou28.mp3,Great Tinamou_sound\Great Tinamou28.mp3,Great Tinamou_sound,Great Tinamou,Great Tinamou28.mp3,319835,True,44100,1,881459,19.987732426303854,MP3,MPEG_LAYER_III,1186ceb402b769adad2021115b1f255fa61c4b3fd6563fd5f46b31043820f330
D:\other\Bird\Dataset\CC0\Great Tinamou_sound\Great Tinamou29.mp3,Great Tinamou_sound\Great Tinamou29.mp3,Great Tinamou_sound,Great Tinamou,Great Tinamou29.mp3,785678,True,48000,2,1604901,33.4354375,MP3,MPEG_LAYER_III,41f8e2eeeaaecfcb634223ded71563180d3c09741a9d5be15dfd2ae1318943ee
D:\other\Bird\Dataset\CC0\Great Tinamou_sound\Great Tinamou3.mp3,Great Tinamou_sound\Great Tinamou3.mp3,Great Tinamou_sound,Great Tinamou,Great Tinamou3.mp3,249373,True,44100,2,619703,14.052222222222222,MP3,MPEG_LAYER_III,27bee23db7809e3ed0218d2d33f81d8e887f117af1b82ce5abdfc1b4081ce875
D:\other\Bird\Dataset\CC0\Great Tinamou_sound\Great Tinamou30.mp3,Great Tinamou_sound\Great Tinamou30.mp3,Great Tinamou_sound,Great Tinamou,Great Tinamou30.mp3,1134162,True,44100,2,1985943,45.03272108843537,MP3,MPEG_LAYER_III,60aecc709f4ce7ef623e6d9ae2775dca1faea13c527e4c3a61a5054ef9db86e5
D:\other\Bird\Dataset\CC0\Great Tinamou_sound\Great Tinamou31.mp3,Great Tinamou_sound\Great Tinamou31.mp3,Great Tinamou_sound,Great Tinamou,Great Tinamou31.mp3,185247,True,44100,1,510537,11.576802721088436,MP3,MPEG_LAYER_III,635382750c145b26b826ddf1ba517e7797b8daefaa7a72e3480b2cba907c8bfe
D:\other\Bird\Dataset\CC0\Great Tinamou_sound\Great Tinamou4.mp3,Great Tinamou_sound\Great Tinamou4.mp3,Great Tinamou_sound,Great Tinamou,Great Tinamou4.mp3,249373,True,44100,2,619703,14.052222222222222,MP3,MPEG_LAYER_III,27bee23db7809e3ed0218d2d33f81d8e887f117af1b82ce5abdfc1b4081ce875
D:\other\Bird\Dataset\CC0\Great Tinamou_sound\Great Tinamou5.mp3,Great Tinamou_sound\Great Tinamou5.mp3,Great Tinamou_sound,Great Tinamou,Great Tinamou5.mp3,353275,True,44100,1,649880,14.736507936507936,MP3,MPEG_LAYER_III,90078e32f5bbdbf8b02b3c0635ebae823a167f146e59281c1c1ba206a28a3cd8
D:\other\Bird\Dataset\CC0\Great Tinamou_sound\Great Tinamou6.mp3,Great Tinamou_sound\Great Tinamou6.mp3,Great Tinamou_sound,Great Tinamou,Great Tinamou6.mp3,3486777,True,44100,1,11887779,269.564149659864,MP3,MPEG_LAYER_III,c16fb7e6df9aa4486b3b759be048bb8cfbf0b040a7b6f737003b1355e27b9983
D:\other\Bird\Dataset\CC0\Great Tinamou_sound\Great Tinamou7.mp3,Great Tinamou_sound\Great Tinamou7.mp3,Great Tinamou_sound,Great Tinamou,Great Tinamou7.mp3,3486777,True,44100,1,11887779,269.564149659864,MP3,MPEG_LAYER_III,c16fb7e6df9aa4486b3b759be048bb8cfbf0b040a7b6f737003b1355e27b9983
D:\other\Bird\Dataset\CC0\Great Tinamou_sound\Great Tinamou8.mp3,Great Tinamou_sound\Great Tinamou8.mp3,Great Tinamou_sound,Great Tinamou,Great Tinamou8.mp3,3486777,True,44100,1,11887779,269.564149659864,MP3,MPEG_LAYER_III,c16fb7e6df9aa4486b3b759be048bb8cfbf0b040a7b6f737003b1355e27b9983
D:\other\Bird\Dataset\CC0\Great Tinamou_sound\Great Tinamou9.mp3,Great Tinamou_sound\Great Tinamou9.mp3,Great Tinamou_sound,Great Tinamou,Great Tinamou9.mp3,9091576,True,44100,2,10015364,227.1057596371882,MP3,MPEG_LAYER_III,32165e89f655bd10b6d7fd468503c5f1ccc8fc40cef3917f846128f82e3d5efb
D:\other\Bird\Dataset\CC0\Greater Rhea_sound\Greater Rhea10.mp3,Greater Rhea_sound\Greater Rhea10.mp3,Greater Rhea_sound,Greater Rhea,Greater Rhea10.mp3,61676,True,44100,1,153270,3.475510204081633,MP3,MPEG_LAYER_III,550eb83a7f872bf7657877461f63c3c183e4f39bd34a02ff3e6166a28049d9b3
D:\other\Bird\Dataset\CC0\Greater Rhea_sound\Greater Rhea11.mp3,Greater Rhea_sound\Greater Rhea11.mp3,Greater Rhea_sound,Greater Rhea,Greater Rhea11.mp3,61676,True,44100,1,153270,3.475510204081633,MP3,MPEG_LAYER_III,550eb83a7f872bf7657877461f63c3c183e4f39bd34a02ff3e6166a28049d9b3
D:\other\Bird\Dataset\CC0\Greater Rhea_sound\Greater Rhea12.mp3,Greater Rhea_sound\Greater Rhea12.mp3,Greater Rhea_sound,Greater Rhea,Greater Rhea12.mp3,67907,True,44100,2,187599,4.253945578231293,MP3,MPEG_LAYER_III,4d8788183a050d51e1575a8fe658f8d4ddf76a6635f162093e252fb67dab6dbc
D:\other\Bird\Dataset\CC0\Greater Rhea_sound\Greater Rhea13.mp3,Greater Rhea_sound\Greater Rhea13.mp3,Greater Rhea_sound,Greater Rhea,Greater Rhea13.mp3,67907,True,44100,2,187599,4.253945578231293,MP3,MPEG_LAYER_III,4d8788183a050d51e1575a8fe658f8d4ddf76a6635f162093e252fb67dab6dbc
D:\other\Bird\Dataset\CC0\Greater Rhea_sound\Greater Rhea14.mp3,Greater Rhea_sound\Greater Rhea14.mp3,Greater Rhea_sound,Greater Rhea,Greater Rhea14.mp3,610818,True,44100,1,665088,15.081360544217688,MP3,MPEG_LAYER_III,0a210780f35b2bd73650a8448c3f6e8c8d8fd76f91a8a08597f505ffb447f371
D:\other\Bird\Dataset\CC0\Greater Rhea_sound\Greater Rhea15.mp3,Greater Rhea_sound\Greater Rhea15.mp3,Greater Rhea_sound,Greater Rhea,Greater Rhea15.mp3,610818,True,44100,1,665088,15.081360544217688,MP3,MPEG_LAYER_III,0a210780f35b2bd73650a8448c3f6e8c8d8fd76f91a8a08597f505ffb447f371
D:\other\Bird\Dataset\CC0\Greater Rhea_sound\Greater Rhea16.mp3,Greater Rhea_sound\Greater Rhea16.mp3,Greater Rhea_sound,Greater Rhea,Greater Rhea16.mp3,41811,True,44100,1,133111,3.018390022675737,MP3,MPEG_LAYER_III,9eed8dd8df83eacab7039d2e862226f724f81b08408a2e4468417fb66fce4047
D:\other\Bird\Dataset\CC0\Greater Rhea_sound\Greater Rhea17.mp3,Greater Rhea_sound\Greater Rhea17.mp3,Greater Rhea_sound,Greater Rhea,Greater Rhea17.mp3,205442,True,44100,1,734620,16.658049886621317,MP3,MPEG_LAYER_III,4db2fca129b3b3b6129393fd3eede0c1fc53997d6298f6bb5c111c66d7f75f27
D:\other\Bird\Dataset\CC0\Greater Rhea_sound\Greater Rhea18.mp3,Greater Rhea_sound\Greater Rhea18.mp3,Greater Rhea_sound,Greater Rhea,Greater Rhea18.mp3,278479,True,44100,2,751104,17.03183673469388,MP3,MPEG_LAYER_III,fb5cd55d1727ce71d501b300856cf7143853082fd648c128e49e30002198117c
D:\other\Bird\Dataset\CC0\Greater Rhea_sound\Greater Rhea19.mp3,Greater Rhea_sound\Greater Rhea19.mp3,Greater Rhea_sound,Greater Rhea,Greater Rhea19.mp3,278479,True,44100,2,751104,17.03183673469388,MP3,MPEG_LAYER_III,fb5cd55d1727ce71d501b300856cf7143853082fd648c128e49e30002198117c
D:\other\Bird\Dataset\CC0\Greater Rhea_sound\Greater Rhea2.mp3,Greater Rhea_sound\Greater Rhea2.mp3,Greater Rhea_sound,Greater Rhea,Greater Rhea2.mp3,467548,True,44100,2,1279974,29.024353741496597,MP3,MPEG_LAYER_III,408632df3598504f4c8a0ee5866711f92800b9489f802b519afdb530752d2331
D:\other\Bird\Dataset\CC0\Greater Rhea_sound\Greater Rhea20.mp3,Greater Rhea_sound\Greater Rhea20.mp3,Greater Rhea_sound,Greater Rhea,Greater Rhea20.mp3,278479,True,44100,2,751104,17.03183673469388,MP3,MPEG_LAYER_III,fb5cd55d1727ce71d501b300856cf7143853082fd648c128e49e30002198117c
D:\other\Bird\Dataset\CC0\Greater Rhea_sound\Greater Rhea21.mp3,Greater Rhea_sound\Greater Rhea21.mp3,Greater Rhea_sound,Greater Rhea,Greater Rhea21.mp3,22695,True,44100,2,62696,1.4216780045351474,MP3,MPEG_LAYER_III,52daa869064ad0127cdf8ef1fd2430efe3f7f7818f5bcebac950b4628f5d3635
D:\other\Bird\Dataset\CC0\Greater Rhea_sound\Greater Rhea22.mp3,Greater Rhea_sound\Greater Rhea22.mp3,Greater Rhea_sound,Greater Rhea,Greater Rhea22.mp3,27683,True,44100,2,76476,1.7341496598639456,MP3,MPEG_LAYER_III,b4e6dde9cf47c8dae59d2f53de9f37877a2a58065589d224211f66a94d73c049
D:\other\Bird\Dataset\CC0\Greater Rhea_sound\Greater Rhea23.mp3,Greater Rhea_sound\Greater Rhea23.mp3,Greater Rhea_sound,Greater Rhea,Greater Rhea23.mp3,27683,True,44100,2,76476,1.7341496598639456,MP3,MPEG_LAYER_III,b4e6dde9cf47c8dae59d2f53de9f37877a2a58065589d224211f66a94d73c049
D:\other\Bird\Dataset\CC0\Greater Rhea_sound\Greater Rhea24.mp3,Greater Rhea_sound\Greater Rhea24.mp3,Greater Rhea_sound,Greater Rhea,Greater Rhea24.mp3,37968,True,44100,1,88189,1.9997505668934241,MP3,MPEG_LAYER_III,c6bf8175becee3eeb675001d571b52feaa077384875d23bb821ed3dc6e130525
D:\other\Bird\Dataset\CC0\Greater Rhea_sound\Greater Rhea3.mp3,Greater Rhea_sound\Greater Rhea3.mp3,Greater Rhea_sound,Greater Rhea,Greater Rhea3.mp3,1391290,True,48000,1,4155168,86.566,MP3,MPEG_LAYER_III,e9f6342eb353ff895f8e5a6674dc9cadfc3218662728645f86e06254ec9ead2a
D:\other\Bird\Dataset\CC0\Greater Rhea_sound\Greater Rhea4.mp3,Greater Rhea_sound\Greater Rhea4.mp3,Greater Rhea_sound,Greater Rhea,Greater Rhea4.mp3,1391290,True,48000,1,4155168,86.566,MP3,MPEG_LAYER_III,e9f6342eb353ff895f8e5a6674dc9cadfc3218662728645f86e06254ec9ead2a
D:\other\Bird\Dataset\CC0\Greater Rhea_sound\Greater Rhea5.mp3,Greater Rhea_sound\Greater Rhea5.mp3,Greater Rhea_sound,Greater Rhea,Greater Rhea5.mp3,251342,True,44100,1,1843302,41.79823129251701,MP3,MPEG_LAYER_III,58bd9d7706e514657c7e9167ebdafe290a7e489c7ad00635867f35df6cc62448
D:\other\Bird\Dataset\CC0\Greater Rhea_sound\Greater Rhea6.mp3,Greater Rhea_sound\Greater Rhea6.mp3,Greater Rhea_sound,Greater Rhea,Greater Rhea6.mp3,251342,True,44100,1,1843302,41.79823129251701,MP3,MPEG_LAYER_III,58bd9d7706e514657c7e9167ebdafe290a7e489c7ad00635867f35df6cc62448
D:\other\Bird\Dataset\CC0\Greater Rhea_sound\Greater Rhea7.mp3,Greater Rhea_sound\Greater Rhea7.mp3,Greater Rhea_sound,Greater Rhea,Greater Rhea7.mp3,91966,True,44100,1,316927,7.18655328798186,MP3,MPEG_LAYER_III,c11d4552ee7c940b604924dcc4339d7971d2e2286161da738c76b508e6f47a9d
D:\other\Bird\Dataset\CC0\Greater Rhea_sound\Greater Rhea8.mp3,Greater Rhea_sound\Greater Rhea8.mp3,Greater Rhea_sound,Greater Rhea,Greater Rhea8.mp3,108817,True,44100,1,283155,6.420748299319728,MP3,MPEG_LAYER_III,7b0b09e79a44ecb858282b6ce17af8555c99927adb693cb55dd4bcd86b9995ba
D:\other\Bird\Dataset\CC0\Greater Rhea_sound\Greater Rhea9.mp3,Greater Rhea_sound\Greater Rhea9.mp3,Greater Rhea_sound,Greater Rhea,Greater Rhea9.mp3,61676,True,44100,1,153270,3.475510204081633,MP3,MPEG_LAYER_III,550eb83a7f872bf7657877461f63c3c183e4f39bd34a02ff3e6166a28049d9b3
D:\other\Bird\Dataset\CC0\Grey Tinamou_sound\Grey Tinamou10.mp3,Grey Tinamou_sound\Grey Tinamou10.mp3,Grey Tinamou_sound,Grey Tinamou,Grey Tinamou10.mp3,101677,True,44100,1,280219,6.354172335600907,MP3,MPEG_LAYER_III,5fa3d5588f72e8b3014c7648bef64e73b95cc1da97606157ad76697bc3b6f924
D:\other\Bird\Dataset\CC0\Grey Tinamou_sound\Grey Tinamou11.mp3,Grey Tinamou_sound\Grey Tinamou11.mp3,Grey Tinamou_sound,Grey Tinamou,Grey Tinamou11.mp3,780453,True,44100,1,2150913,48.773537414965986,MP3,MPEG_LAYER_III,ac1065290867103a7c7e6bb282839e4e01768a3456690b5785c437e732785fdb
D:\other\Bird\Dataset\CC0\Grey Tinamou_sound\Grey Tinamou12.mp3,Grey Tinamou_sound\Grey Tinamou12.mp3,Grey Tinamou_sound,Grey Tinamou,Grey Tinamou12.mp3,338217,True,44100,1,932119,21.136485260770975,MP3,MPEG_LAYER_III,a48900344e5395d41ffcd18975bb4317634f7654edc2c4842b17b33b4723314e
D:\other\Bird\Dataset\CC0\Grey Tinamou_sound\Grey Tinamou13.mp3,Grey Tinamou_sound\Grey Tinamou13.mp3,Grey Tinamou_sound,Grey Tinamou,Grey Tinamou13.mp3,671921,True,44100,2,1234299,27.988639455782312,MP3,MPEG_LAYER_III,04c1d114f2497429220ba00bb437fec9f72f469cf4cedf421e6b79f3d69cc895
D:\other\Bird\Dataset\CC0\Grey Tinamou_sound\Grey Tinamou14.mp3,Grey Tinamou_sound\Grey Tinamou14.mp3,Grey Tinamou_sound,Grey Tinamou,Grey Tinamou14.mp3,526472,True,44100,2,967062,21.928843537414966,MP3,MPEG_LAYER_III,25538cb3f4c86b59551bb9be6ab7355655a782687a10ff172aaa3c0a9e5f8d27
D:\other\Bird\Dataset\CC0\Grey Tinamou_sound\Grey Tinamou15.mp3,Grey Tinamou_sound\Grey Tinamou15.mp3,Grey Tinamou_sound,Grey Tinamou,Grey Tinamou15.mp3,99562,True,44100,1,274390,6.221995464852608,MP3,MPEG_LAYER_III,b92528a70593d2a58a4c125692faeb5d36ef591256bd09cc032f246a4ba5e6b4
D:\other\Bird\Dataset\CC0\Grey Tinamou_sound\Grey Tinamou16.mp3,Grey Tinamou_sound\Grey Tinamou16.mp3,Grey Tinamou_sound,Grey Tinamou,Grey Tinamou16.mp3,645447,True,44100,2,1175087,26.645963718820862,MP3,MPEG_LAYER_III,c6d638d4c61bce25c33c6b61e4a6166ca27329b1faf3c1121454e3dd97e0fed5
D:\other\Bird\Dataset\CC0\Grey Tinamou_sound\Grey Tinamou17.mp3,Grey Tinamou_sound\Grey Tinamou17.mp3,Grey Tinamou_sound,Grey Tinamou,Grey Tinamou17.mp3,207390,True,44100,2,221060,5.012698412698413,MP3,MPEG_LAYER_III,3ff580d995e7c32c25031dc7a92bd7050d5c5b20557a67c1d4a795b00d16636f
D:\other\Bird\Dataset\CC0\Grey Tinamou_sound\Grey Tinamou18.mp3,Grey Tinamou_sound\Grey Tinamou18.mp3,Grey Tinamou_sound,Grey Tinamou,Grey Tinamou18.mp3,414291,True,44100,1,1498193,33.97263038548753,MP3,MPEG_LAYER_III,d2612469da6d4e5e7f144cd126e1566b702a3354ef671d7d2a954d2acf266fd1
D:\other\Bird\Dataset\CC0\Grey Tinamou_sound\Grey Tinamou19.mp3,Grey Tinamou_sound\Grey Tinamou19.mp3,Grey Tinamou_sound,Grey Tinamou,Grey Tinamou19.mp3,115389,True,32000,2,292005,9.12515625,MP3,MPEG_LAYER_III,3e1cc3771995325a6b03c9d55dccef8a8a2caaef63bbe586f787fa338bb79797
D:\other\Bird\Dataset\CC0\Grey Tinamou_sound\Grey Tinamou2.mp3,Grey Tinamou_sound\Grey Tinamou2.mp3,Grey Tinamou_sound,Grey Tinamou,Grey Tinamou2.mp3,223559,True,48000,2,435343,9.069645833333333,MP3,MPEG_LAYER_III,2cc55cb8ac15da9e3106c42e25fbe4f00ff769b8444a1953da1e2f4aadeacdfb
D:\other\Bird\Dataset\CC0\Grey Tinamou_sound\Grey Tinamou20.mp3,Grey Tinamou_sound\Grey Tinamou20.mp3,Grey Tinamou_sound,Grey Tinamou,Grey Tinamou20.mp3,792595,True,44100,2,2168636,49.17541950113379,MP3,MPEG_LAYER_III,7b2f0ef142bf452c5ad20b9b56c6bfc013fb2404c678b5ba80ee707bbd9293bc
D:\other\Bird\Dataset\CC0\Grey Tinamou_sound\Grey Tinamou21.mp3,Grey Tinamou_sound\Grey Tinamou21.mp3,Grey Tinamou_sound,Grey Tinamou,Grey Tinamou21.mp3,792595,True,44100,2,2168636,49.17541950113379,MP3,MPEG_LAYER_III,7b2f0ef142bf452c5ad20b9b56c6bfc013fb2404c678b5ba80ee707bbd9293bc
D:\other\Bird\Dataset\CC0\Grey Tinamou_sound\Grey Tinamou22.mp3,Grey Tinamou_sound\Grey Tinamou22.mp3,Grey Tinamou_sound,Grey Tinamou,Grey Tinamou22.mp3,9331784,True,44100,2,10287146,233.26861678004536,MP3,MPEG_LAYER_III,57d3cea9bf8cd0d73bdfa098bbfd0d948a72d049157aabdb1f853b6227195136
D:\other\Bird\Dataset\CC0\Grey Tinamou_sound\Grey Tinamou23.mp3,Grey Tinamou_sound\Grey Tinamou23.mp3,Grey Tinamou_sound,Grey Tinamou,Grey Tinamou23.mp3,9892934,True,44100,2,10905753,247.29598639455781,MP3,MPEG_LAYER_III,3df29d690f77bb0c27e01a643e6d010fb8be9d4c064ef069e42241177104dc43
D:\other\Bird\Dataset\CC0\Grey Tinamou_sound\Grey Tinamou24.mp3,Grey Tinamou_sound\Grey Tinamou24.mp3,Grey Tinamou_sound,Grey Tinamou,Grey Tinamou24.mp3,9892934,True,44100,2,10905753,247.29598639455781,MP3,MPEG_LAYER_III,3df29d690f77bb0c27e01a643e6d010fb8be9d4c064ef069e42241177104dc43
D:\other\Bird\Dataset\CC0\Grey Tinamou_sound\Grey Tinamou25.mp3,Grey Tinamou_sound\Grey Tinamou25.mp3,Grey Tinamou_sound,Grey Tinamou,Grey Tinamou25.mp3,9892934,True,44100,2,10905753,247.29598639455781,MP3,MPEG_LAYER_III,3df29d690f77bb0c27e01a643e6d010fb8be9d4c064ef069e42241177104dc43
D:\other\Bird\Dataset\CC0\Grey Tinamou_sound\Grey Tinamou26.mp3,Grey Tinamou_sound\Grey Tinamou26.mp3,Grey Tinamou_sound,Grey Tinamou,Grey Tinamou26.mp3,9892934,True,44100,2,10905753,247.29598639455781,MP3,MPEG_LAYER_III,3df29d690f77bb0c27e01a643e6d010fb8be9d4c064ef069e42241177104dc43
D:\other\Bird\Dataset\CC0\Grey Tinamou_sound\Grey Tinamou27.mp3,Grey Tinamou_sound\Grey Tinamou27.mp3,Grey Tinamou_sound,Grey Tinamou,Grey Tinamou27.mp3,9892934,True,44100,2,10905753,247.29598639455781,MP3,MPEG_LAYER_III,3df29d690f77bb0c27e01a643e6d010fb8be9d4c064ef069e42241177104dc43
D:\other\Bird\Dataset\CC0\Grey Tinamou_sound\Grey Tinamou28.mp3,Grey Tinamou_sound\Grey Tinamou28.mp3,Grey Tinamou_sound,Grey Tinamou,Grey Tinamou28.mp3,74537,True,44100,1,412820,9.360997732426304,MP3,MPEG_LAYER_III,c4188441b3f43e236183d4c70be665e45e8f5aa0efa996362035645f7539ec32
D:\other\Bird\Dataset\CC0\Grey Tinamou_sound\Grey Tinamou29.mp3,Grey Tinamou_sound\Grey Tinamou29.mp3,Grey Tinamou_sound,Grey Tinamou,Grey Tinamou29.mp3,106404,True,44100,1,586494,13.299183673469388,MP3,MPEG_LAYER_III,1268466e7dfd5082d5019069690504c31559bb99c4824d6f1b30bf1f6c91c9a4
D:\other\Bird\Dataset\CC0\Grey Tinamou_sound\Grey Tinamou3.mp3,Grey Tinamou_sound\Grey Tinamou3.mp3,Grey Tinamou_sound,Grey Tinamou,Grey Tinamou3.mp3,223559,True,48000,2,435343,9.069645833333333,MP3,MPEG_LAYER_III,2cc55cb8ac15da9e3106c42e25fbe4f00ff769b8444a1953da1e2f4aadeacdfb
D:\other\Bird\Dataset\CC0\Grey Tinamou_sound\Grey Tinamou30.mp3,Grey Tinamou_sound\Grey Tinamou30.mp3,Grey Tinamou_sound,Grey Tinamou,Grey Tinamou30.mp3,106404,True,44100,1,586494,13.299183673469388,MP3,MPEG_LAYER_III,1268466e7dfd5082d5019069690504c31559bb99c4824d6f1b30bf1f6c91c9a4
D:\other\Bird\Dataset\CC0\Grey Tinamou_sound\Grey Tinamou31.mp3,Grey Tinamou_sound\Grey Tinamou31.mp3,Grey Tinamou_sound,Grey Tinamou,Grey Tinamou31.mp3,106404,True,44100,1,586494,13.299183673469388,MP3,MPEG_LAYER_III,1268466e7dfd5082d5019069690504c31559bb99c4824d6f1b30bf1f6c91c9a4
D:\other\Bird\Dataset\CC0\Grey Tinamou_sound\Grey Tinamou4.mp3,Grey Tinamou_sound\Grey Tinamou4.mp3,Grey Tinamou_sound,Grey Tinamou,Grey Tinamou4.mp3,223559,True,48000,2,435343,9.069645833333333,MP3,MPEG_LAYER_III,2cc55cb8ac15da9e3106c42e25fbe4f00ff769b8444a1953da1e2f4aadeacdfb
D:\other\Bird\Dataset\CC0\Grey Tinamou_sound\Grey Tinamou5.mp3,Grey Tinamou_sound\Grey Tinamou5.mp3,Grey Tinamou_sound,Grey Tinamou,Grey Tinamou5.mp3,223559,True,48000,2,435343,9.069645833333333,MP3,MPEG_LAYER_III,2cc55cb8ac15da9e3106c42e25fbe4f00ff769b8444a1953da1e2f4aadeacdfb
D:\other\Bird\Dataset\CC0\Grey Tinamou_sound\Grey Tinamou6.mp3,Grey Tinamou_sound\Grey Tinamou6.mp3,Grey Tinamou_sound,Grey Tinamou,Grey Tinamou6.mp3,3582067,True,44100,1,9872108,223.85732426303855,MP3,MPEG_LAYER_III,63f61c41f4e978034041d5ab3c004270bd87b2c87aa59f082b847a562936635a
D:\other\Bird\Dataset\CC0\Grey Tinamou_sound\Grey Tinamou7.mp3,Grey Tinamou_sound\Grey Tinamou7.mp3,Grey Tinamou_sound,Grey Tinamou,Grey Tinamou7.mp3,476807,True,44100,1,2104527,47.72170068027211,MP3,MPEG_LAYER_III,20664c6527973c7d0cade09aaef0e4569c42b49e78e337c5c2659ff6da343a17
D:\other\Bird\Dataset\CC0\Grey Tinamou_sound\Grey Tinamou8.mp3,Grey Tinamou_sound\Grey Tinamou8.mp3,Grey Tinamou_sound,Grey Tinamou,Grey Tinamou8.mp3,41963,True,44100,1,231298,5.244852607709751,MP3,MPEG_LAYER_III,59b8e413ca8a425941312e874d9a465ce06242745c682163aca9564fbb271279
D:\other\Bird\Dataset\CC0\Grey Tinamou_sound\Grey Tinamou9.mp3,Grey Tinamou_sound\Grey Tinamou9.mp3,Grey Tinamou_sound,Grey Tinamou,Grey Tinamou9.mp3,41963,True,44100,1,231298,5.244852607709751,MP3,MPEG_LAYER_III,59b8e413ca8a425941312e874d9a465ce06242745c682163aca9564fbb271279
D:\other\Bird\Dataset\CC0\Grey-headed Chachalaca_sound\Grey-headed Chachalaca10.mp3,Grey-headed Chachalaca_sound\Grey-headed Chachalaca10.mp3,Grey-headed Chachalaca_sound,Grey-headed Chachalaca,Grey-headed Chachalaca10.mp3,685048,True,44100,2,938351,21.27780045351474,MP3,MPEG_LAYER_III,b555dc260d4d50a7f398014da1f4b5f3d033b565387f8c476b0eb79e3c48a452
D:\other\Bird\Dataset\CC0\Grey-headed Chachalaca_sound\Grey-headed Chachalaca11.mp3,Grey-headed Chachalaca_sound\Grey-headed Chachalaca11.mp3,Grey-headed Chachalaca_sound,Grey-headed Chachalaca,Grey-headed Chachalaca11.mp3,685048,True,44100,2,938351,21.27780045351474,MP3,MPEG_LAYER_III,b555dc260d4d50a7f398014da1f4b5f3d033b565387f8c476b0eb79e3c48a452
D:\other\Bird\Dataset\CC0\Grey-headed Chachalaca_sound\Grey-headed Chachalaca12.mp3,Grey-headed Chachalaca_sound\Grey-headed Chachalaca12.mp3,Grey-headed Chachalaca_sound,Grey-headed Chachalaca,Grey-headed Chachalaca12.mp3,1772586,True,48000,2,2126949,44.3114375,MP3,MPEG_LAYER_III,85b792cca9140269169f23fdcb3aef6b830b5917ad5d79e144aeca5fbb0764fb
D:\other\Bird\Dataset\CC0\Grey-headed Chachalaca_sound\Grey-headed Chachalaca13.mp3,Grey-headed Chachalaca_sound\Grey-headed Chachalaca13.mp3,Grey-headed Chachalaca_sound,Grey-headed Chachalaca,Grey-headed Chachalaca13.mp3,3818337,True,48000,2,4581850,95.45520833333333,MP3,MPEG_LAYER_III,7dc7e9bfaa85f249561fb0f552ecd16accc9e41e4fcfd555413ad3f68ac05677
D:\other\Bird\Dataset\CC0\Grey-headed Chachalaca_sound\Grey-headed Chachalaca14.mp3,Grey-headed Chachalaca_sound\Grey-headed Chachalaca14.mp3,Grey-headed Chachalaca_sound,Grey-headed Chachalaca,Grey-headed Chachalaca14.mp3,1001658,True,44100,2,2760197,62.58950113378685,MP3,MPEG_LAYER_III,ba9a15d6038f914a52d312f2df500166c25a7e3431a450632ec69abead1bfe00
D:\other\Bird\Dataset\CC0\Grey-headed Chachalaca_sound\Grey-headed Chachalaca15.mp3,Grey-headed Chachalaca_sound\Grey-headed Chachalaca15.mp3,Grey-headed Chachalaca_sound,Grey-headed Chachalaca,Grey-headed Chachalaca15.mp3,740421,True,44100,2,2040586,46.271791383219956,MP3,MPEG_LAYER_III,d4099907b078ae30d79d7a3b9acb27ea9ff4194b2d85e1082ec51f3b52e26ee6
D:\other\Bird\Dataset\CC0\Grey-headed Chachalaca_sound\Grey-headed Chachalaca16.mp3,Grey-headed Chachalaca_sound\Grey-headed Chachalaca16.mp3,Grey-headed Chachalaca_sound,Grey-headed Chachalaca,Grey-headed Chachalaca16.mp3,1910695,True,44100,2,2632743,59.69938775510204,MP3,MPEG_LAYER_III,c3d6867ffc116a07b3f1d08dbfcd644ad1ed7d9902063b339c87ee280320a82e
D:\other\Bird\Dataset\CC0\Grey-headed Chachalaca_sound\Grey-headed Chachalaca17.mp3,Grey-headed Chachalaca_sound\Grey-headed Chachalaca17.mp3,Grey-headed Chachalaca_sound,Grey-headed Chachalaca,Grey-headed Chachalaca17.mp3,74861,True,22050,1,207307,9.401678004535148,MP3,MPEG_LAYER_III,83201514cccd43b06d06b3e3d6170b8ba22b4105530271f35e0a6a765da9deb3
D:\other\Bird\Dataset\CC0\Grey-headed Chachalaca_sound\Grey-headed Chachalaca18.mp3,Grey-headed Chachalaca_sound\Grey-headed Chachalaca18.mp3,Grey-headed Chachalaca_sound,Grey-headed Chachalaca,Grey-headed Chachalaca18.mp3,74861,True,22050,1,207307,9.401678004535148,MP3,MPEG_LAYER_III,83201514cccd43b06d06b3e3d6170b8ba22b4105530271f35e0a6a765da9deb3
D:\other\Bird\Dataset\CC0\Grey-headed Chachalaca_sound\Grey-headed Chachalaca19.mp3,Grey-headed Chachalaca_sound\Grey-headed Chachalaca19.mp3,Grey-headed Chachalaca_sound,Grey-headed Chachalaca,Grey-headed Chachalaca19.mp3,4053087,True,44100,1,15330727,347.6355328798186,MP3,MPEG_LAYER_III,ead4d6b28ae3713569720d33f2a1f80020c12efebc9d09db1633e5e61d53dcff
D:\other\Bird\Dataset\CC0\Grey-headed Chachalaca_sound\Grey-headed Chachalaca2.mp3,Grey-headed Chachalaca_sound\Grey-headed Chachalaca2.mp3,Grey-headed Chachalaca_sound,Grey-headed Chachalaca,Grey-headed Chachalaca2.mp3,587948,True,48000,2,836038,17.417458333333332,MP3,MPEG_LAYER_III,7f8bbd541f238a9c6fdc7b19b4f86d20470d630251ea6e3a2baa193ceb17b83c
D:\other\Bird\Dataset\CC0\Grey-headed Chachalaca_sound\Grey-headed Chachalaca20.mp3,Grey-headed Chachalaca_sound\Grey-headed Chachalaca20.mp3,Grey-headed Chachalaca_sound,Grey-headed Chachalaca,Grey-headed Chachalaca20.mp3,147481,True,48000,1,582130,12.127708333333333,MP3,MPEG_LAYER_III,98cd3edacbbea1059b5d647b1510b2a1c80cae3119173bfbe296d7261cd7d37a
D:\other\Bird\Dataset\CC0\Grey-headed Chachalaca_sound\Grey-headed Chachalaca21.mp3,Grey-headed Chachalaca_sound\Grey-headed Chachalaca21.mp3,Grey-headed Chachalaca_sound,Grey-headed Chachalaca,Grey-headed Chachalaca21.mp3,2477884,True,44100,1,6814127,154.5153514739229,MP3,MPEG_LAYER_III,4a826fcb17b23ef4828158db6a7d2c367fd52011b273aaa62cac1c15abc6c118
D:\other\Bird\Dataset\CC0\Grey-headed Chachalaca_sound\Grey-headed Chachalaca22.mp3,Grey-headed Chachalaca_sound\Grey-headed Chachalaca22.mp3,Grey-headed Chachalaca_sound,Grey-headed Chachalaca,Grey-headed Chachalaca22.mp3,2477884,True,44100,1,6814127,154.5153514739229,MP3,MPEG_LAYER_III,4a826fcb17b23ef4828158db6a7d2c367fd52011b273aaa62cac1c15abc6c118
D:\other\Bird\Dataset\CC0\Grey-headed Chachalaca_sound\Grey-headed Chachalaca23.mp3,Grey-headed Chachalaca_sound\Grey-headed Chachalaca23.mp3,Grey-headed Chachalaca_sound,Grey-headed Chachalaca,Grey-headed Chachalaca23.mp3,2477884,True,44100,1,6814127,154.5153514739229,MP3,MPEG_LAYER_III,4a826fcb17b23ef4828158db6a7d2c367fd52011b273aaa62cac1c15abc6c118
D:\other\Bird\Dataset\CC0\Grey-headed Chachalaca_sound\Grey-headed Chachalaca24.mp3,Grey-headed Chachalaca_sound\Grey-headed Chachalaca24.mp3,Grey-headed Chachalaca_sound,Grey-headed Chachalaca,Grey-headed Chachalaca24.mp3,869024,True,48000,1,3476096,72.41866666666667,MP3,MPEG_LAYER_III,83d2f58c7d28cc27f0727d9a70f6e85cec61dc817464e5354900cb1c08c9b97a
D:\other\Bird\Dataset\CC0\Grey-headed Chachalaca_sound\Grey-headed Chachalaca25.mp3,Grey-headed Chachalaca_sound\Grey-headed Chachalaca25.mp3,Grey-headed Chachalaca_sound,Grey-headed Chachalaca,Grey-headed Chachalaca25.mp3,1574740,True,44100,2,2169800,49.20181405895691,MP3,MPEG_LAYER_III,81e6ad8fdb534a99ff249776a0ae64a8c8d488c71cca1b3c1faae8e6dff7903c
D:\other\Bird\Dataset\CC0\Grey-headed Chachalaca_sound\Grey-headed Chachalaca26.mp3,Grey-headed Chachalaca_sound\Grey-headed Chachalaca26.mp3,Grey-headed Chachalaca_sound,Grey-headed Chachalaca,Grey-headed Chachalaca26.mp3,1574740,True,44100,2,2169800,49.20181405895691,MP3,MPEG_LAYER_III,81e6ad8fdb534a99ff249776a0ae64a8c8d488c71cca1b3c1faae8e6dff7903c
D:\other\Bird\Dataset\CC0\Grey-headed Chachalaca_sound\Grey-headed Chachalaca27.mp3,Grey-headed Chachalaca_sound\Grey-headed Chachalaca27.mp3,Grey-headed Chachalaca_sound,Grey-headed Chachalaca,Grey-headed Chachalaca27.mp3,522132,True,44100,2,1438985,32.630045351473925,MP3,MPEG_LAYER_III,293effd39536f6ac2504945aadf0335497cac7da9485453561d4e5a3fbec0154
D:\other\Bird\Dataset\CC0\Grey-headed Chachalaca_sound\Grey-headed Chachalaca28.mp3,Grey-headed Chachalaca_sound\Grey-headed Chachalaca28.mp3,Grey-headed Chachalaca_sound,Grey-headed Chachalaca,Grey-headed Chachalaca28.mp3,1186108,True,44100,2,3362184,76.24,MP3,MPEG_LAYER_III,be513e9f1d3d207238cdd67b4d004e4d5f91a56c173871ed3240b275240c4c37
D:\other\Bird\Dataset\CC0\Grey-headed Chachalaca_sound\Grey-headed Chachalaca29.mp3,Grey-headed Chachalaca_sound\Grey-headed Chachalaca29.mp3,Grey-headed Chachalaca_sound,Grey-headed Chachalaca,Grey-headed Chachalaca29.mp3,276904,True,44100,2,762789,17.296802721088437,MP3,MPEG_LAYER_III,3eee83aefa77898f3f271f40590e914fdc49d87329bc6b8751841cd29ba2ffaa
D:\other\Bird\Dataset\CC0\Grey-headed Chachalaca_sound\Grey-headed Chachalaca3.mp3,Grey-headed Chachalaca_sound\Grey-headed Chachalaca3.mp3,Grey-headed Chachalaca_sound,Grey-headed Chachalaca,Grey-headed Chachalaca3.mp3,410972,True,44100,1,1484410,33.66009070294785,MP3,MPEG_LAYER_III,91a83b9cdc1f7b4e72da692ca8186c12b650a9596c99616b5aa3e84c32f50aba
D:\other\Bird\Dataset\CC0\Grey-headed Chachalaca_sound\Grey-headed Chachalaca30.mp3,Grey-headed Chachalaca_sound\Grey-headed Chachalaca30.mp3,Grey-headed Chachalaca_sound,Grey-headed Chachalaca,Grey-headed Chachalaca30.mp3,166282,True,44100,2,228958,5.191791383219955,MP3,MPEG_LAYER_III,93a64c20ca03d2fd148cbd2314eebab7f3c69e239df28fcd650887ba9898d6b9
D:\other\Bird\Dataset\CC0\Grey-headed Chachalaca_sound\Grey-headed Chachalaca31.mp3,Grey-headed Chachalaca_sound\Grey-headed Chachalaca31.mp3,Grey-headed Chachalaca_sound,Grey-headed Chachalaca,Grey-headed Chachalaca31.mp3,166282,True,44100,2,228958,5.191791383219955,MP3,MPEG_LAYER_III,93a64c20ca03d2fd148cbd2314eebab7f3c69e239df28fcd650887ba9898d6b9
D:\other\Bird\Dataset\CC0\Grey-headed Chachalaca_sound\Grey-headed Chachalaca4.mp3,Grey-headed Chachalaca_sound\Grey-headed Chachalaca4.mp3,Grey-headed Chachalaca_sound,Grey-headed Chachalaca,Grey-headed Chachalaca4.mp3,4423678,True,44100,1,16698157,378.6430158730159,MP3,MPEG_LAYER_III,3a84937d0797517cab5e8081555a1aee83a6b434729bbe0e065c785b90efafe6
D:\other\Bird\Dataset\CC0\Grey-headed Chachalaca_sound\Grey-headed Chachalaca5.mp3,Grey-headed Chachalaca_sound\Grey-headed Chachalaca5.mp3,Grey-headed Chachalaca_sound,Grey-headed Chachalaca,Grey-headed Chachalaca5.mp3,1136627,True,44100,1,4113997,93.28791383219955,MP3,MPEG_LAYER_III,ac745555f65a85d343a456bd082fdde9c2c03409ceba0a1209ebc5d57c15a159
D:\other\Bird\Dataset\CC0\Grey-headed Chachalaca_sound\Grey-headed Chachalaca6.mp3,Grey-headed Chachalaca_sound\Grey-headed Chachalaca6.mp3,Grey-headed Chachalaca_sound,Grey-headed Chachalaca,Grey-headed Chachalaca6.mp3,565329,True,48000,2,838016,17.458666666666666,MP3,MPEG_LAYER_III,049e036c98aa0bc0d2d62f650349a50d214db5acf326598c010c80ab021c2ad6
D:\other\Bird\Dataset\CC0\Grey-headed Chachalaca_sound\Grey-headed Chachalaca7.mp3,Grey-headed Chachalaca_sound\Grey-headed Chachalaca7.mp3,Grey-headed Chachalaca_sound,Grey-headed Chachalaca,Grey-headed Chachalaca7.mp3,461309,True,44100,2,835201,18.938798185941042,MP3,MPEG_LAYER_III,0cd35eec09b8add5bf51dfb12d363569cdbb7c20dae32191547414a5fde68157
D:\other\Bird\Dataset\CC0\Grey-headed Chachalaca_sound\Grey-headed Chachalaca8.mp3,Grey-headed Chachalaca_sound\Grey-headed Chachalaca8.mp3,Grey-headed Chachalaca_sound,Grey-headed Chachalaca,Grey-headed Chachalaca8.mp3,461309,True,44100,2,835201,18.938798185941042,MP3,MPEG_LAYER_III,0cd35eec09b8add5bf51dfb12d363569cdbb7c20dae32191547414a5fde68157
D:\other\Bird\Dataset\CC0\Grey-headed Chachalaca_sound\Grey-headed Chachalaca9.mp3,Grey-headed Chachalaca_sound\Grey-headed Chachalaca9.mp3,Grey-headed Chachalaca_sound,Grey-headed Chachalaca,Grey-headed Chachalaca9.mp3,685048,True,44100,2,938351,21.27780045351474,MP3,MPEG_LAYER_III,b555dc260d4d50a7f398014da1f4b5f3d033b565387f8c476b0eb79e3c48a452
D:\other\Bird\Dataset\CC0\Grey-legged Tinamou_sound\Grey-legged Tinamou10.mp3,Grey-legged Tinamou_sound\Grey-legged Tinamou10.mp3,Grey-legged Tinamou_sound,Grey-legged Tinamou,Grey-legged Tinamou10.mp3,2330449,True,44100,1,6422672,145.638820861678,MP3,MPEG_LAYER_III,b939405ef2c124c866b640fbe5dfb056ef1a6eef2a394ab76a349ab0531c9912
D:\other\Bird\Dataset\CC0\Grey-legged Tinamou_sound\Grey-legged Tinamou11.mp3,Grey-legged Tinamou_sound\Grey-legged Tinamou11.mp3,Grey-legged Tinamou_sound,Grey-legged Tinamou,Grey-legged Tinamou11.mp3,926183,True,44100,1,5129628,116.31809523809524,MP3,MPEG_LAYER_III,908cd5b1a74cac92d07ffa25172da4b6ad9c179fd04c4560ab3e52f567450e3e
D:\other\Bird\Dataset\CC0\Grey-legged Tinamou_sound\Grey-legged Tinamou12.mp3,Grey-legged Tinamou_sound\Grey-legged Tinamou12.mp3,Grey-legged Tinamou_sound,Grey-legged Tinamou,Grey-legged Tinamou12.mp3,718514,True,44100,1,2708888,61.42603174603175,MP3,MPEG_LAYER_III,9e28ef0eae92b2b2bb1cd4b1f67d1ec607debd6c19749357938b7e8a71663be5
D:\other\Bird\Dataset\CC0\Grey-legged Tinamou_sound\Grey-legged Tinamou13.mp3,Grey-legged Tinamou_sound\Grey-legged Tinamou13.mp3,Grey-legged Tinamou_sound,Grey-legged Tinamou,Grey-legged Tinamou13.mp3,2385862,True,48000,2,2863034,59.646541666666664,MP3,MPEG_LAYER_III,bb935b812fa44db44f8064caada649ed19c0db3d50c78c32d6c5f5f6c2609141
D:\other\Bird\Dataset\CC0\Grey-legged Tinamou_sound\Grey-legged Tinamou2.mp3,Grey-legged Tinamou_sound\Grey-legged Tinamou2.mp3,Grey-legged Tinamou_sound,Grey-legged Tinamou,Grey-legged Tinamou2.mp3,458161,True,44100,1,2525365,57.26451247165533,MP3,MPEG_LAYER_III,0721b475bff85c1bbb2b3b166e921889de98455c066a6fadacb3840a4436a24e
D:\other\Bird\Dataset\CC0\Grey-legged Tinamou_sound\Grey-legged Tinamou3.mp3,Grey-legged Tinamou_sound\Grey-legged Tinamou3.mp3,Grey-legged Tinamou_sound,Grey-legged Tinamou,Grey-legged Tinamou3.mp3,458161,True,44100,1,2525365,57.26451247165533,MP3,MPEG_LAYER_III,0721b475bff85c1bbb2b3b166e921889de98455c066a6fadacb3840a4436a24e
D:\other\Bird\Dataset\CC0\Grey-legged Tinamou_sound\Grey-legged Tinamou4.mp3,Grey-legged Tinamou_sound\Grey-legged Tinamou4.mp3,Grey-legged Tinamou_sound,Grey-legged Tinamou,Grey-legged Tinamou4.mp3,458161,True,44100,1,2525365,57.26451247165533,MP3,MPEG_LAYER_III,0721b475bff85c1bbb2b3b166e921889de98455c066a6fadacb3840a4436a24e
D:\other\Bird\Dataset\CC0\Grey-legged Tinamou_sound\Grey-legged Tinamou5.mp3,Grey-legged Tinamou_sound\Grey-legged Tinamou5.mp3,Grey-legged Tinamou_sound,Grey-legged Tinamou,Grey-legged Tinamou5.mp3,879148,True,44100,2,2428725,55.07312925170068,MP3,MPEG_LAYER_III,aae2c0dd6e69e183f73738ce3bdd8697ef308f009d4245ecb14b4c8ad07777f7
D:\other\Bird\Dataset\CC0\Grey-legged Tinamou_sound\Grey-legged Tinamou6.mp3,Grey-legged Tinamou_sound\Grey-legged Tinamou6.mp3,Grey-legged Tinamou_sound,Grey-legged Tinamou,Grey-legged Tinamou6.mp3,644922,True,48000,2,1917440,39.946666666666665,MP3,MPEG_LAYER_III,6043a1fdbfc81fbb8415d4eda0c2dd13a6ad76a2b937c64770f56336c77d738c
D:\other\Bird\Dataset\CC0\Grey-legged Tinamou_sound\Grey-legged Tinamou7.mp3,Grey-legged Tinamou_sound\Grey-legged Tinamou7.mp3,Grey-legged Tinamou_sound,Grey-legged Tinamou,Grey-legged Tinamou7.mp3,644922,True,48000,2,1917440,39.946666666666665,MP3,MPEG_LAYER_III,6043a1fdbfc81fbb8415d4eda0c2dd13a6ad76a2b937c64770f56336c77d738c
D:\other\Bird\Dataset\CC0\Grey-legged Tinamou_sound\Grey-legged Tinamou8.mp3,Grey-legged Tinamou_sound\Grey-legged Tinamou8.mp3,Grey-legged Tinamou_sound,Grey-legged Tinamou,Grey-legged Tinamou8.mp3,3608067,True,44100,1,9943763,225.48215419501133,MP3,MPEG_LAYER_III,e93dfc88878f3609995f51060b6001ca2df101bf4b30f6af4c3369cb885b6599
D:\other\Bird\Dataset\CC0\Grey-legged Tinamou_sound\Grey-legged Tinamou9.mp3,Grey-legged Tinamou_sound\Grey-legged Tinamou9.mp3,Grey-legged Tinamou_sound,Grey-legged Tinamou,Grey-legged Tinamou9.mp3,2330449,True,44100,1,6422672,145.638820861678,MP3,MPEG_LAYER_III,b939405ef2c124c866b640fbe5dfb056ef1a6eef2a394ab76a349ab0531c9912
D:\other\Bird\Dataset\CC0\Highland Tinamou_sound\Highland Tinamou10.mp3,Highland Tinamou_sound\Highland Tinamou10.mp3,Highland Tinamou_sound,Highland Tinamou,Highland Tinamou10.mp3,344663,True,44100,1,1246040,28.25487528344671,MP3,MPEG_LAYER_III,534c9dd43a03d473c5da8866000934a4f26c79947662352c35e0e6db9408d5d5
D:\other\Bird\Dataset\CC0\Highland Tinamou_sound\Highland Tinamou11.mp3,Highland Tinamou_sound\Highland Tinamou11.mp3,Highland Tinamou_sound,Highland Tinamou,Highland Tinamou11.mp3,1451724,True,48000,2,4354788,90.72475,MP3,MPEG_LAYER_III,28550f42470eebfbbb679f8ba1f191fc827d3f12d8ebc524bdbe90915ab0a04d
D:\other\Bird\Dataset\CC0\Highland Tinamou_sound\Highland Tinamou12.mp3,Highland Tinamou_sound\Highland Tinamou12.mp3,Highland Tinamou_sound,Highland Tinamou,Highland Tinamou12.mp3,1131905,True,44100,1,6238311,141.4582993197279,MP3,MPEG_LAYER_III,18bc56650767e9e68f750e77be942265782de160c8377799e25f8833fc4313ee
D:\other\Bird\Dataset\CC0\Highland Tinamou_sound\Highland Tinamou13.mp3,Highland Tinamou_sound\Highland Tinamou13.mp3,Highland Tinamou_sound,Highland Tinamou,Highland Tinamou13.mp3,656617,True,44100,1,3618542,82.05310657596372,MP3,MPEG_LAYER_III,1c7fb1d67875a73583321dc17c391117050c35491e2493aa67d44be0c20965c0
D:\other\Bird\Dataset\CC0\Highland Tinamou_sound\Highland Tinamou14.mp3,Highland Tinamou_sound\Highland Tinamou14.mp3,Highland Tinamou_sound,Highland Tinamou,Highland Tinamou14.mp3,899661,True,44100,1,4958191,112.43063492063492,MP3,MPEG_LAYER_III,56b88c12710ffc4defd6e8031678a2030798fe437e92b6a1e63680e6cab82fe7
D:\other\Bird\Dataset\CC0\Highland Tinamou_sound\Highland Tinamou15.mp3,Highland Tinamou_sound\Highland Tinamou15.mp3,Highland Tinamou_sound,Highland Tinamou,Highland Tinamou15.mp3,2171546,True,44100,1,11969478,271.4167346938776,MP3,MPEG_LAYER_III,21c638435bd598df73c092ce7402b0493c56ac1f82c0aed9994fbcd41ef8decc
D:\other\Bird\Dataset\CC0\Highland Tinamou_sound\Highland Tinamou16.mp3,Highland Tinamou_sound\Highland Tinamou16.mp3,Highland Tinamou_sound,Highland Tinamou,Highland Tinamou16.mp3,961968,True,44100,1,5301625,120.21825396825396,MP3,MPEG_LAYER_III,2c62fd5ea7b315ffc1325e26adc4ff08d27f8e5b9394e13eff95c718be76d2e7
D:\other\Bird\Dataset\CC0\Highland Tinamou_sound\Highland Tinamou17.mp3,Highland Tinamou_sound\Highland Tinamou17.mp3,Highland Tinamou_sound,Highland Tinamou,Highland Tinamou17.mp3,961968,True,44100,1,5301625,120.21825396825396,MP3,MPEG_LAYER_III,2c62fd5ea7b315ffc1325e26adc4ff08d27f8e5b9394e13eff95c718be76d2e7
D:\other\Bird\Dataset\CC0\Highland Tinamou_sound\Highland Tinamou18.mp3,Highland Tinamou_sound\Highland Tinamou18.mp3,Highland Tinamou_sound,Highland Tinamou,Highland Tinamou18.mp3,1294772,True,48000,2,4535074,94.48070833333334,MP3,MPEG_LAYER_III,804b964145285a96f17d95cc0076f57e108d1b4a39ec0b07a40b1fb14a0ea0bf
D:\other\Bird\Dataset\CC0\Highland Tinamou_sound\Highland Tinamou19.mp3,Highland Tinamou_sound\Highland Tinamou19.mp3,Highland Tinamou_sound,Highland Tinamou,Highland Tinamou19.mp3,1294772,True,48000,2,4535074,94.48070833333334,MP3,MPEG_LAYER_III,804b964145285a96f17d95cc0076f57e108d1b4a39ec0b07a40b1fb14a0ea0bf
D:\other\Bird\Dataset\CC0\Highland Tinamou_sound\Highland Tinamou2.mp3,Highland Tinamou_sound\Highland Tinamou2.mp3,Highland Tinamou_sound,Highland Tinamou,Highland Tinamou2.mp3,256865,True,44100,2,692249,15.697256235827664,MP3,MPEG_LAYER_III,1ac39d7611ecf1acfcdd02b547ac8e217959c3a4e2b0ca5d382f5a00b4e9e0ed
D:\other\Bird\Dataset\CC0\Highland Tinamou_sound\Highland Tinamou20.mp3,Highland Tinamou_sound\Highland Tinamou20.mp3,Highland Tinamou_sound,Highland Tinamou,Highland Tinamou20.mp3,409067,True,44100,2,1110528,25.18204081632653,MP3,MPEG_LAYER_III,6bbe3adce9c005ce1d2814de2d54410256c8d68406fca220851210a3bf95b3eb
D:\other\Bird\Dataset\CC0\Highland Tinamou_sound\Highland Tinamou21.mp3,Highland Tinamou_sound\Highland Tinamou21.mp3,Highland Tinamou_sound,Highland Tinamou,Highland Tinamou21.mp3,409067,True,44100,2,1110528,25.18204081632653,MP3,MPEG_LAYER_III,6bbe3adce9c005ce1d2814de2d54410256c8d68406fca220851210a3bf95b3eb
D:\other\Bird\Dataset\CC0\Highland Tinamou_sound\Highland Tinamou22.mp3,Highland Tinamou_sound\Highland Tinamou22.mp3,Highland Tinamou_sound,Highland Tinamou,Highland Tinamou22.mp3,409067,True,44100,2,1110528,25.18204081632653,MP3,MPEG_LAYER_III,6bbe3adce9c005ce1d2814de2d54410256c8d68406fca220851210a3bf95b3eb
D:\other\Bird\Dataset\CC0\Highland Tinamou_sound\Highland Tinamou23.mp3,Highland Tinamou_sound\Highland Tinamou23.mp3,Highland Tinamou_sound,Highland Tinamou,Highland Tinamou23.mp3,1585064,True,44100,1,4368406,99.0568253968254,MP3,MPEG_LAYER_III,b76a44556790fd7c1d081d05173107212c7f39187800e452558f2034459e77a1
D:\other\Bird\Dataset\CC0\Highland Tinamou_sound\Highland Tinamou24.mp3,Highland Tinamou_sound\Highland Tinamou24.mp3,Highland Tinamou_sound,Highland Tinamou,Highland Tinamou24.mp3,427970,True,44100,1,1179124,26.73750566893424,MP3,MPEG_LAYER_III,8fdd5484dd3c53cb2b78760711b37b4bf6e35e15527cd24de242de69a7c9894b
D:\other\Bird\Dataset\CC0\Highland Tinamou_sound\Highland Tinamou25.mp3,Highland Tinamou_sound\Highland Tinamou25.mp3,Highland Tinamou_sound,Highland Tinamou,Highland Tinamou25.mp3,350850,True,44100,1,966583,21.917981859410432,MP3,MPEG_LAYER_III,a62ea3824e5634644f1317b37f6d332b5f592bb955fd078fae146e240ec41448
D:\other\Bird\Dataset\CC0\Highland Tinamou_sound\Highland Tinamou26.mp3,Highland Tinamou_sound\Highland Tinamou26.mp3,Highland Tinamou_sound,Highland Tinamou,Highland Tinamou26.mp3,827991,True,44100,1,3018582,68.44857142857143,MP3,MPEG_LAYER_III,1f13bd09bc0c2e6ba4dd061cf1f41bcf5f0afa2f4655ce5a917da4475c7d930b
D:\other\Bird\Dataset\CC0\Highland Tinamou_sound\Highland Tinamou27.mp3,Highland Tinamou_sound\Highland Tinamou27.mp3,Highland Tinamou_sound,Highland Tinamou,Highland Tinamou27.mp3,869808,True,44100,1,4793642,108.69936507936508,MP3,MPEG_LAYER_III,5ed8e5fc6a8fdca5d4acf613f9934844c62b73706848829b68e9b5b280075659
D:\other\Bird\Dataset\CC0\Highland Tinamou_sound\Highland Tinamou28.mp3,Highland Tinamou_sound\Highland Tinamou28.mp3,Highland Tinamou_sound,Highland Tinamou,Highland Tinamou28.mp3,618823,True,44100,1,3410223,77.32931972789116,MP3,MPEG_LAYER_III,a3717e977d8fb3eda0439e9a402868f6585dfa1840c64408885c11cdba3bb56e
D:\other\Bird\Dataset\CC0\Highland Tinamou_sound\Highland Tinamou29.mp3,Highland Tinamou_sound\Highland Tinamou29.mp3,Highland Tinamou_sound,Highland Tinamou,Highland Tinamou29.mp3,618823,True,44100,1,3410223,77.32931972789116,MP3,MPEG_LAYER_III,a3717e977d8fb3eda0439e9a402868f6585dfa1840c64408885c11cdba3bb56e
D:\other\Bird\Dataset\CC0\Highland Tinamou_sound\Highland Tinamou3.mp3,Highland Tinamou_sound\Highland Tinamou3.mp3,Highland Tinamou_sound,Highland Tinamou,Highland Tinamou3.mp3,256865,True,44100,2,692249,15.697256235827664,MP3,MPEG_LAYER_III,1ac39d7611ecf1acfcdd02b547ac8e217959c3a4e2b0ca5d382f5a00b4e9e0ed
D:\other\Bird\Dataset\CC0\Highland Tinamou_sound\Highland Tinamou30.mp3,Highland Tinamou_sound\Highland Tinamou30.mp3,Highland Tinamou_sound,Highland Tinamou,Highland Tinamou30.mp3,618823,True,44100,1,3410223,77.32931972789116,MP3,MPEG_LAYER_III,a3717e977d8fb3eda0439e9a402868f6585dfa1840c64408885c11cdba3bb56e
D:\other\Bird\Dataset\CC0\Highland Tinamou_sound\Highland Tinamou31.mp3,Highland Tinamou_sound\Highland Tinamou31.mp3,Highland Tinamou_sound,Highland Tinamou,Highland Tinamou31.mp3,618823,True,44100,1,3410223,77.32931972789116,MP3,MPEG_LAYER_III,a3717e977d8fb3eda0439e9a402868f6585dfa1840c64408885c11cdba3bb56e
D:\other\Bird\Dataset\CC0\Highland Tinamou_sound\Highland Tinamou4.mp3,Highland Tinamou_sound\Highland Tinamou4.mp3,Highland Tinamou_sound,Highland Tinamou,Highland Tinamou4.mp3,863843,True,44100,2,1589456,36.042086167800456,MP3,MPEG_LAYER_III,e4e8018d483339955005922c4f5a94d96fd18e981eb001cd8c207326d5f772ea
D:\other\Bird\Dataset\CC0\Highland Tinamou_sound\Highland Tinamou5.mp3,Highland Tinamou_sound\Highland Tinamou5.mp3,Highland Tinamou_sound,Highland Tinamou,Highland Tinamou5.mp3,472594,True,44100,2,869458,19.71560090702948,MP3,MPEG_LAYER_III,a2c00feb99e253140197e6e16c49b3ab6321264c495d44664cc7a7fe2f44bc8f
D:\other\Bird\Dataset\CC0\Highland Tinamou_sound\Highland Tinamou6.mp3,Highland Tinamou_sound\Highland Tinamou6.mp3,Highland Tinamou_sound,Highland Tinamou,Highland Tinamou6.mp3,253515,True,44100,1,683136,15.490612244897958,MP3,MPEG_LAYER_III,948e9158119e938688779a1d2e2661157289339eff322e55c906ecc3e11178ce
D:\other\Bird\Dataset\CC0\Highland Tinamou_sound\Highland Tinamou7.mp3,Highland Tinamou_sound\Highland Tinamou7.mp3,Highland Tinamou_sound,Highland Tinamou,Highland Tinamou7.mp3,253515,True,44100,1,683136,15.490612244897958,MP3,MPEG_LAYER_III,948e9158119e938688779a1d2e2661157289339eff322e55c906ecc3e11178ce
D:\other\Bird\Dataset\CC0\Highland Tinamou_sound\Highland Tinamou8.mp3,Highland Tinamou_sound\Highland Tinamou8.mp3,Highland Tinamou_sound,Highland Tinamou,Highland Tinamou8.mp3,414115,True,44100,1,1140940,25.871655328798187,MP3,MPEG_LAYER_III,5f9dd1dade3cb7beccc034b44ffe534a031f50038e5587400fcb35f782f0ff9b
D:\other\Bird\Dataset\CC0\Highland Tinamou_sound\Highland Tinamou9.mp3,Highland Tinamou_sound\Highland Tinamou9.mp3,Highland Tinamou_sound,Highland Tinamou,Highland Tinamou9.mp3,344663,True,44100,1,1246040,28.25487528344671,MP3,MPEG_LAYER_III,534c9dd43a03d473c5da8866000934a4f26c79947662352c35e0e6db9408d5d5
D:\other\Bird\Dataset\CC0\Hooded Tinamou_sound\Hooded Tinamou10.mp3,Hooded Tinamou_sound\Hooded Tinamou10.mp3,Hooded Tinamou_sound,Hooded Tinamou,Hooded Tinamou10.mp3,981462,True,44100,1,2688645,60.96700680272109,MP3,MPEG_LAYER_III,9423150751ac1fad19d9e208e089fc0d895fda3b99bb9684cb8fca1698c9a229
D:\other\Bird\Dataset\CC0\Hooded Tinamou_sound\Hooded Tinamou11.mp3,Hooded Tinamou_sound\Hooded Tinamou11.mp3,Hooded Tinamou_sound,Hooded Tinamou,Hooded Tinamou11.mp3,1061710,True,44100,1,2909053,65.96492063492063,MP3,MPEG_LAYER_III,c3a177dbbb82350a69d6f2495ed3cc4e2d88e9c3ff60f373fc702a7b0de84c61
D:\other\Bird\Dataset\CC0\Hooded Tinamou_sound\Hooded Tinamou12.mp3,Hooded Tinamou_sound\Hooded Tinamou12.mp3,Hooded Tinamou_sound,Hooded Tinamou,Hooded Tinamou12.mp3,85330,True,22050,1,268579,12.180453514739229,MP3,MPEG_LAYER_III,d554c71446d8bd30272abad31812e85277a43900a8154361e902c9cc82ad36ea
D:\other\Bird\Dataset\CC0\Hooded Tinamou_sound\Hooded Tinamou13.mp3,Hooded Tinamou_sound\Hooded Tinamou13.mp3,Hooded Tinamou_sound,Hooded Tinamou,Hooded Tinamou13.mp3,1073081,True,44100,2,1480466,33.57065759637188,MP3,MPEG_LAYER_III,4ee45791e163620c3f3fc3fa82af8048c4bf042ec0dbee99f06729699138ea8f
D:\other\Bird\Dataset\CC0\Hooded Tinamou_sound\Hooded Tinamou14.mp3,Hooded Tinamou_sound\Hooded Tinamou14.mp3,Hooded Tinamou_sound,Hooded Tinamou,Hooded Tinamou14.mp3,1073081,True,44100,2,1480466,33.57065759637188,MP3,MPEG_LAYER_III,4ee45791e163620c3f3fc3fa82af8048c4bf042ec0dbee99f06729699138ea8f
D:\other\Bird\Dataset\CC0\Hooded Tinamou_sound\Hooded Tinamou15.mp3,Hooded Tinamou_sound\Hooded Tinamou15.mp3,Hooded Tinamou_sound,Hooded Tinamou,Hooded Tinamou15.mp3,589510,True,44100,1,1609173,36.48918367346939,MP3,MPEG_LAYER_III,578e76b7e259c1db4e94ce6e1179dbda7b1e56eee05e3289d980b9617beb001a
D:\other\Bird\Dataset\CC0\Hooded Tinamou_sound\Hooded Tinamou16.mp3,Hooded Tinamou_sound\Hooded Tinamou16.mp3,Hooded Tinamou_sound,Hooded Tinamou,Hooded Tinamou16.mp3,213882,True,44100,2,590514,13.390340136054421,MP3,MPEG_LAYER_III,1d73b00aa018a67941839f3ef02e86d9417ad6eb878249cf2c3c34634a74b7ce
D:\other\Bird\Dataset\CC0\Hooded Tinamou_sound\Hooded Tinamou2.mp3,Hooded Tinamou_sound\Hooded Tinamou2.mp3,Hooded Tinamou_sound,Hooded Tinamou,Hooded Tinamou2.mp3,258335,True,44100,1,711966,16.144353741496598,MP3,MPEG_LAYER_III,d2f09ccc7552a52feb071b2dce4efeae1ff4c97aa11bf45c3ddfbd5316d470c0
D:\other\Bird\Dataset\CC0\Hooded Tinamou_sound\Hooded Tinamou3.mp3,Hooded Tinamou_sound\Hooded Tinamou3.mp3,Hooded Tinamou_sound,Hooded Tinamou,Hooded Tinamou3.mp3,258335,True,44100,1,711966,16.144353741496598,MP3,MPEG_LAYER_III,d2f09ccc7552a52feb071b2dce4efeae1ff4c97aa11bf45c3ddfbd5316d470c0
D:\other\Bird\Dataset\CC0\Hooded Tinamou_sound\Hooded Tinamou4.mp3,Hooded Tinamou_sound\Hooded Tinamou4.mp3,Hooded Tinamou_sound,Hooded Tinamou,Hooded Tinamou4.mp3,258335,True,44100,1,711966,16.144353741496598,MP3,MPEG_LAYER_III,d2f09ccc7552a52feb071b2dce4efeae1ff4c97aa11bf45c3ddfbd5316d470c0
D:\other\Bird\Dataset\CC0\Hooded Tinamou_sound\Hooded Tinamou5.mp3,Hooded Tinamou_sound\Hooded Tinamou5.mp3,Hooded Tinamou_sound,Hooded Tinamou,Hooded Tinamou5.mp3,258335,True,44100,1,711966,16.144353741496598,MP3,MPEG_LAYER_III,d2f09ccc7552a52feb071b2dce4efeae1ff4c97aa11bf45c3ddfbd5316d470c0
D:\other\Bird\Dataset\CC0\Hooded Tinamou_sound\Hooded Tinamou6.mp3,Hooded Tinamou_sound\Hooded Tinamou6.mp3,Hooded Tinamou_sound,Hooded Tinamou,Hooded Tinamou6.mp3,927041,True,44100,1,5109814,115.86879818594105,MP3,MPEG_LAYER_III,9b20f1e3048c5d4dae295b569a356a842ceee643b6e7bbb3f12011871913b782
D:\other\Bird\Dataset\CC0\Hooded Tinamou_sound\Hooded Tinamou7.mp3,Hooded Tinamou_sound\Hooded Tinamou7.mp3,Hooded Tinamou_sound,Hooded Tinamou,Hooded Tinamou7.mp3,205988,True,44100,1,1135397,25.74596371882086,MP3,MPEG_LAYER_III,bcbbb08184f4146b0f03a89aaac2a687e3c83b781a0e4052d1ec681b3f2191e7
D:\other\Bird\Dataset\CC0\Hooded Tinamou_sound\Hooded Tinamou8.mp3,Hooded Tinamou_sound\Hooded Tinamou8.mp3,Hooded Tinamou_sound,Hooded Tinamou,Hooded Tinamou8.mp3,4088876,True,48000,1,1362944,28.394666666666666,WAV,PCM_24,04855fd9ba96912ad3d6a6237f720cda63517916771eaff1c83ecc1eb0e10b36
D:\other\Bird\Dataset\CC0\Hooded Tinamou_sound\Hooded Tinamou9.mp3,Hooded Tinamou_sound\Hooded Tinamou9.mp3,Hooded Tinamou_sound,Hooded Tinamou,Hooded Tinamou9.mp3,4088876,True,48000,1,1362944,28.394666666666666,WAV,PCM_24,04855fd9ba96912ad3d6a6237f720cda63517916771eaff1c83ecc1eb0e10b36
D:\other\Bird\Dataset\CC0\Huayco Tinamou_sound\Huayco Tinamou10.mp3,Huayco Tinamou_sound\Huayco Tinamou10.mp3,Huayco Tinamou_sound,Huayco Tinamou,Huayco Tinamou10.mp3,188284,True,44100,2,518907,11.766598639455783,MP3,MPEG_LAYER_III,63af3a8fb16ea3e2237dfe41852d2fe56c44c41f311c4b37b246cef1a0fdd02f
D:\other\Bird\Dataset\CC0\Huayco Tinamou_sound\Huayco Tinamou11.mp3,Huayco Tinamou_sound\Huayco Tinamou11.mp3,Huayco Tinamou_sound,Huayco Tinamou,Huayco Tinamou11.mp3,188284,True,44100,2,518907,11.766598639455783,MP3,MPEG_LAYER_III,63af3a8fb16ea3e2237dfe41852d2fe56c44c41f311c4b37b246cef1a0fdd02f
D:\other\Bird\Dataset\CC0\Huayco Tinamou_sound\Huayco Tinamou2.mp3,Huayco Tinamou_sound\Huayco Tinamou2.mp3,Huayco Tinamou_sound,Huayco Tinamou,Huayco Tinamou2.mp3,27000,True,16000,1,108000,6.75,MP3,MPEG_LAYER_III,c69f807053cd257ed2ad91df61e952f4e0bbce776264f3beca08d6ae5819d91a
D:\other\Bird\Dataset\CC0\Huayco Tinamou_sound\Huayco Tinamou3.mp3,Huayco Tinamou_sound\Huayco Tinamou3.mp3,Huayco Tinamou_sound,Huayco Tinamou,Huayco Tinamou3.mp3,27000,True,16000,1,108000,6.75,MP3,MPEG_LAYER_III,c69f807053cd257ed2ad91df61e952f4e0bbce776264f3beca08d6ae5819d91a
D:\other\Bird\Dataset\CC0\Huayco Tinamou_sound\Huayco Tinamou4.mp3,Huayco Tinamou_sound\Huayco Tinamou4.mp3,Huayco Tinamou_sound,Huayco Tinamou,Huayco Tinamou4.mp3,1248233,True,44100,1,3440106,78.0069387755102,MP3,MPEG_LAYER_III,a08855f09f3b26a2c4b51338aeb7593f8dbb94f2e109b2041420c5fae158972b
D:\other\Bird\Dataset\CC0\Huayco Tinamou_sound\Huayco Tinamou5.mp3,Huayco Tinamou_sound\Huayco Tinamou5.mp3,Huayco Tinamou_sound,Huayco Tinamou,Huayco Tinamou5.mp3,1648152,True,44100,1,4526620,102.64444444444445,MP3,MPEG_LAYER_III,e108c6d653fa3f371fe0bed635ad70bf0eb2d2a5af62bc33911e06f3a981b734
D:\other\Bird\Dataset\CC0\Huayco Tinamou_sound\Huayco Tinamou6.mp3,Huayco Tinamou_sound\Huayco Tinamou6.mp3,Huayco Tinamou_sound,Huayco Tinamou,Huayco Tinamou6.mp3,261185,True,44100,1,1439641,32.64492063492064,MP3,MPEG_LAYER_III,26dc70d869ba1b20f7fe8d37e0108e71bf6613d4d58314fac2cc17a8df2370a4
D:\other\Bird\Dataset\CC0\Huayco Tinamou_sound\Huayco Tinamou7.mp3,Huayco Tinamou_sound\Huayco Tinamou7.mp3,Huayco Tinamou_sound,Huayco Tinamou,Huayco Tinamou7.mp3,1977431,True,44100,1,10899523,247.15471655328798,MP3,MPEG_LAYER_III,838d2f36a2ebeb75f56da481737037c92d646cfdee790b48a4ac00498e3c71b7
D:\other\Bird\Dataset\CC0\Huayco Tinamou_sound\Huayco Tinamou8.mp3,Huayco Tinamou_sound\Huayco Tinamou8.mp3,Huayco Tinamou_sound,Huayco Tinamou,Huayco Tinamou8.mp3,1977431,True,44100,1,10899523,247.15471655328798,MP3,MPEG_LAYER_III,838d2f36a2ebeb75f56da481737037c92d646cfdee790b48a4ac00498e3c71b7
D:\other\Bird\Dataset\CC0\Huayco Tinamou_sound\Huayco Tinamou9.mp3,Huayco Tinamou_sound\Huayco Tinamou9.mp3,Huayco Tinamou_sound,Huayco Tinamou,Huayco Tinamou9.mp3,1977431,True,44100,1,10899523,247.15471655328798,MP3,MPEG_LAYER_III,838d2f36a2ebeb75f56da481737037c92d646cfdee790b48a4ac00498e3c71b7
D:\other\Bird\Dataset\CC0\Lesser Nothura_sound\Lesser Nothura10.mp3,Lesser Nothura_sound\Lesser Nothura10.mp3,Lesser Nothura_sound,Lesser Nothura,Lesser Nothura10.mp3,157774,True,44100,2,418156,9.481995464852607,MP3,MPEG_LAYER_III,f0187135df7c3f82fbcc0de6ca91f93c47e6606f56ad6dd28dd1bfbf7afa9554
D:\other\Bird\Dataset\CC0\Lesser Nothura_sound\Lesser Nothura11.mp3,Lesser Nothura_sound\Lesser Nothura11.mp3,Lesser Nothura_sound,Lesser Nothura,Lesser Nothura11.mp3,221635,True,44100,2,612286,13.884036281179139,MP3,MPEG_LAYER_III,58b1207b78b7a970e2a9fb1893f33e9226a361165ec9bead03fc99cba0eb74bd
D:\other\Bird\Dataset\CC0\Lesser Nothura_sound\Lesser Nothura2.mp3,Lesser Nothura_sound\Lesser Nothura2.mp3,Lesser Nothura_sound,Lesser Nothura,Lesser Nothura2.mp3,362112,True,44100,1,2005543,45.477165532879816,MP3,MPEG_LAYER_III,3dcea6d5de57a0dff4fed3c9ab89f26ea4ff56f7559e93c1219ebaad34564049
D:\other\Bird\Dataset\CC0\Lesser Nothura_sound\Lesser Nothura3.mp3,Lesser Nothura_sound\Lesser Nothura3.mp3,Lesser Nothura_sound,Lesser Nothura,Lesser Nothura3.mp3,362112,True,44100,1,2005543,45.477165532879816,MP3,MPEG_LAYER_III,3dcea6d5de57a0dff4fed3c9ab89f26ea4ff56f7559e93c1219ebaad34564049
D:\other\Bird\Dataset\CC0\Lesser Nothura_sound\Lesser Nothura4.mp3,Lesser Nothura_sound\Lesser Nothura4.mp3,Lesser Nothura_sound,Lesser Nothura,Lesser Nothura4.mp3,362112,True,44100,1,2005543,45.477165532879816,MP3,MPEG_LAYER_III,3dcea6d5de57a0dff4fed3c9ab89f26ea4ff56f7559e93c1219ebaad34564049
D:\other\Bird\Dataset\CC0\Lesser Nothura_sound\Lesser Nothura5.mp3,Lesser Nothura_sound\Lesser Nothura5.mp3,Lesser Nothura_sound,Lesser Nothura,Lesser Nothura5.mp3,106428,True,44100,2,276138,6.261632653061224,MP3,MPEG_LAYER_III,63fff921cc1ca21c447cffffb8ba4e79ad23ef88b60c3c4d97105700f61afe65
D:\other\Bird\Dataset\CC0\Lesser Nothura_sound\Lesser Nothura6.mp3,Lesser Nothura_sound\Lesser Nothura6.mp3,Lesser Nothura_sound,Lesser Nothura,Lesser Nothura6.mp3,261526,True,44100,2,704299,15.970498866213152,MP3,MPEG_LAYER_III,3611826f55f4073deb0d26a641b98ff6aaaeec06cc906085f5047e7ffc2181a0
D:\other\Bird\Dataset\CC0\Lesser Nothura_sound\Lesser Nothura7.mp3,Lesser Nothura_sound\Lesser Nothura7.mp3,Lesser Nothura_sound,Lesser Nothura,Lesser Nothura7.mp3,200578,True,44100,2,535887,12.151632653061224,MP3,MPEG_LAYER_III,eba4bc4a093f600bb4814e837d93127745769fd4dec1196fc059cc88d09c3708
D:\other\Bird\Dataset\CC0\Lesser Nothura_sound\Lesser Nothura8.mp3,Lesser Nothura_sound\Lesser Nothura8.mp3,Lesser Nothura_sound,Lesser Nothura,Lesser Nothura8.mp3,218187,True,44100,2,584081,13.244467120181406,MP3,MPEG_LAYER_III,bd45d25dbeb37d334031372d437356467c36ab84023a56ee12116a7fa7346330
D:\other\Bird\Dataset\CC0\Lesser Nothura_sound\Lesser Nothura9.mp3,Lesser Nothura_sound\Lesser Nothura9.mp3,Lesser Nothura_sound,Lesser Nothura,Lesser Nothura9.mp3,157774,True,44100,2,418156,9.481995464852607,MP3,MPEG_LAYER_III,f0187135df7c3f82fbcc0de6ca91f93c47e6606f56ad6dd28dd1bfbf7afa9554
D:\other\Bird\Dataset\CC0\Lesser Rhea_sound\Lesser Rhea2.mp3,Lesser Rhea_sound\Lesser Rhea2.mp3,Lesser Rhea_sound,Lesser Rhea,Lesser Rhea2.mp3,368568,True,44100,2,1018202,23.088480725623583,MP3,MPEG_LAYER_III,80ba9c74fb0d717b0dc7db47cbf5ed43f7becbb1528ad557c82b23dbd99c5337
D:\other\Bird\Dataset\CC0\Lesser Rhea_sound\Lesser Rhea3.mp3,Lesser Rhea_sound\Lesser Rhea3.mp3,Lesser Rhea_sound,Lesser Rhea,Lesser Rhea3.mp3,396995,True,48000,1,1190985,24.8121875,MP3,MPEG_LAYER_III,3e5075b52a464278a706bda0f498b2228b38d6a9b086eac19d4541dd1028d4b6
D:\other\Bird\Dataset\CC0\Lesser Rhea_sound\Lesser Rhea4.mp3,Lesser Rhea_sound\Lesser Rhea4.mp3,Lesser Rhea_sound,Lesser Rhea,Lesser Rhea4.mp3,128570,True,48000,1,257140,5.357083333333334,MP3,MPEG_LAYER_III,ee3917689a8a33a75d69d4a9aef1c52e442304a5e1a16c2663df7dd455b7daa4
D:\other\Bird\Dataset\CC0\Lesser Rhea_sound\Lesser Rhea5.mp3,Lesser Rhea_sound\Lesser Rhea5.mp3,Lesser Rhea_sound,Lesser Rhea,Lesser Rhea5.mp3,168978,True,48000,2,582072,12.1265,MP3,MPEG_LAYER_III,811d6097f0fa46e99621916e2980be335ade4b22525c6d0ed2879c51aa244e74
D:\other\Bird\Dataset\CC0\Little Chachalaca_sound\Little Chachalaca10.mp3,Little Chachalaca_sound\Little Chachalaca10.mp3,Little Chachalaca_sound,Little Chachalaca,Little Chachalaca10.mp3,461425,True,44100,2,534193,12.113219954648526,MP3,MPEG_LAYER_III,56f96a83a768d72498e7f00f633664029c2a5cc209ff118481b9428573d214c7
D:\other\Bird\Dataset\CC0\Little Chachalaca_sound\Little Chachalaca11.mp3,Little Chachalaca_sound\Little Chachalaca11.mp3,Little Chachalaca_sound,Little Chachalaca,Little Chachalaca11.mp3,461425,True,44100,2,534193,12.113219954648526,MP3,MPEG_LAYER_III,56f96a83a768d72498e7f00f633664029c2a5cc209ff118481b9428573d214c7
D:\other\Bird\Dataset\CC0\Little Chachalaca_sound\Little Chachalaca12.mp3,Little Chachalaca_sound\Little Chachalaca12.mp3,Little Chachalaca_sound,Little Chachalaca,Little Chachalaca12.mp3,461425,True,44100,2,534193,12.113219954648526,MP3,MPEG_LAYER_III,56f96a83a768d72498e7f00f633664029c2a5cc209ff118481b9428573d214c7
D:\other\Bird\Dataset\CC0\Little Chachalaca_sound\Little Chachalaca13.mp3,Little Chachalaca_sound\Little Chachalaca13.mp3,Little Chachalaca_sound,Little Chachalaca,Little Chachalaca13.mp3,172760,True,44100,2,459358,10.416281179138322,MP3,MPEG_LAYER_III,95bbbf3c5999521348393e4ded9645182b9353742e9050761fe3855664732abc
D:\other\Bird\Dataset\CC0\Little Chachalaca_sound\Little Chachalaca14.mp3,Little Chachalaca_sound\Little Chachalaca14.mp3,Little Chachalaca_sound,Little Chachalaca,Little Chachalaca14.mp3,911243,True,44100,2,2495443,56.586009070294786,MP3,MPEG_LAYER_III,1e5c8c84f20e7ad25607087e47b12997703e53d613ed92e8bf6cb83a3a5f5be4
D:\other\Bird\Dataset\CC0\Little Chachalaca_sound\Little Chachalaca15.mp3,Little Chachalaca_sound\Little Chachalaca15.mp3,Little Chachalaca_sound,Little Chachalaca,Little Chachalaca15.mp3,200266,True,44100,2,498101,11.294807256235828,MP3,MPEG_LAYER_III,c9ebdf0ad1d7b91c6a31513f13202aec1dceda7bd840453f072f5d431a404187
D:\other\Bird\Dataset\CC0\Little Chachalaca_sound\Little Chachalaca16.mp3,Little Chachalaca_sound\Little Chachalaca16.mp3,Little Chachalaca_sound,Little Chachalaca,Little Chachalaca16.mp3,200266,True,44100,2,498101,11.294807256235828,MP3,MPEG_LAYER_III,c9ebdf0ad1d7b91c6a31513f13202aec1dceda7bd840453f072f5d431a404187
D:\other\Bird\Dataset\CC0\Little Chachalaca_sound\Little Chachalaca17.mp3,Little Chachalaca_sound\Little Chachalaca17.mp3,Little Chachalaca_sound,Little Chachalaca,Little Chachalaca17.mp3,1158235,True,44100,2,2128048,48.2550566893424,MP3,MPEG_LAYER_III,70aa1e65784957e0ef9954116e6da8a2abe8a5dfc249895e7fe2cc41cbe34cbc
D:\other\Bird\Dataset\CC0\Little Chachalaca_sound\Little Chachalaca18.mp3,Little Chachalaca_sound\Little Chachalaca18.mp3,Little Chachalaca_sound,Little Chachalaca,Little Chachalaca18.mp3,1158235,True,44100,2,2128048,48.2550566893424,MP3,MPEG_LAYER_III,70aa1e65784957e0ef9954116e6da8a2abe8a5dfc249895e7fe2cc41cbe34cbc
D:\other\Bird\Dataset\CC0\Little Chachalaca_sound\Little Chachalaca19.mp3,Little Chachalaca_sound\Little Chachalaca19.mp3,Little Chachalaca_sound,Little Chachalaca,Little Chachalaca19.mp3,1158235,True,44100,2,2128048,48.2550566893424,MP3,MPEG_LAYER_III,70aa1e65784957e0ef9954116e6da8a2abe8a5dfc249895e7fe2cc41cbe34cbc
D:\other\Bird\Dataset\CC0\Little Chachalaca_sound\Little Chachalaca2.mp3,Little Chachalaca_sound\Little Chachalaca2.mp3,Little Chachalaca_sound,Little Chachalaca,Little Chachalaca2.mp3,910763,True,48000,1,3701446,77.11345833333333,MP3,MPEG_LAYER_III,e52b6a108ef3e07c815bbc6a0f13352562c3f4864c2cd319f5ed6c904b6017c6
D:\other\Bird\Dataset\CC0\Little Chachalaca_sound\Little Chachalaca20.mp3,Little Chachalaca_sound\Little Chachalaca20.mp3,Little Chachalaca_sound,Little Chachalaca,Little Chachalaca20.mp3,541930,True,44100,2,995699,22.578208616780046,MP3,MPEG_LAYER_III,987517f7c014d20a7101c540ef6b471b8a271d98ef59a5a17dd4627f1605069c
D:\other\Bird\Dataset\CC0\Little Chachalaca_sound\Little Chachalaca21.mp3,Little Chachalaca_sound\Little Chachalaca21.mp3,Little Chachalaca_sound,Little Chachalaca,Little Chachalaca21.mp3,103869,True,44100,1,360734,8.179909297052154,MP3,MPEG_LAYER_III,f30979eee24da219d13e94ba751a9e7dba85b5c48e04df73cfde518f320c246e
D:\other\Bird\Dataset\CC0\Little Chachalaca_sound\Little Chachalaca22.mp3,Little Chachalaca_sound\Little Chachalaca22.mp3,Little Chachalaca_sound,Little Chachalaca,Little Chachalaca22.mp3,358724,True,44100,1,1297336,29.418049886621315,MP3,MPEG_LAYER_III,48a41a8e91822bb385bedbfee06644d1f38aa8a16154577cd89ee1db3b04c461
D:\other\Bird\Dataset\CC0\Little Chachalaca_sound\Little Chachalaca23.mp3,Little Chachalaca_sound\Little Chachalaca23.mp3,Little Chachalaca_sound,Little Chachalaca,Little Chachalaca23.mp3,348751,True,44100,1,1260146,28.574739229024942,MP3,MPEG_LAYER_III,4ebb72a191172c1091ac00061d2572602dd24e891d9dc07a4085cfa5fbd9a014
D:\other\Bird\Dataset\CC0\Little Chachalaca_sound\Little Chachalaca24.mp3,Little Chachalaca_sound\Little Chachalaca24.mp3,Little Chachalaca_sound,Little Chachalaca,Little Chachalaca24.mp3,172630,True,44100,1,608102,13.789160997732425,MP3,MPEG_LAYER_III,29de558fdef6bd9c8986f9db0f85389e43d4b92dfba2a78762661177a3faf763
D:\other\Bird\Dataset\CC0\Little Chachalaca_sound\Little Chachalaca25.mp3,Little Chachalaca_sound\Little Chachalaca25.mp3,Little Chachalaca_sound,Little Chachalaca,Little Chachalaca25.mp3,127574,True,44100,1,447800,10.154195011337869,MP3,MPEG_LAYER_III,5b51b1fbf53b8736df4a20b48cd8a6a8a438d7006e306be0aee8072a62d3fa14
D:\other\Bird\Dataset\CC0\Little Chachalaca_sound\Little Chachalaca26.mp3,Little Chachalaca_sound\Little Chachalaca26.mp3,Little Chachalaca_sound,Little Chachalaca,Little Chachalaca26.mp3,1215972,True,32000,2,2431944,75.99825,MP3,MPEG_LAYER_III,382eed4abe1e3ae414a56246375969e746b08d00736d8ba872917c4bdce3e311
D:\other\Bird\Dataset\CC0\Little Chachalaca_sound\Little Chachalaca27.mp3,Little Chachalaca_sound\Little Chachalaca27.mp3,Little Chachalaca_sound,Little Chachalaca,Little Chachalaca27.mp3,1215972,True,32000,2,2431944,75.99825,MP3,MPEG_LAYER_III,382eed4abe1e3ae414a56246375969e746b08d00736d8ba872917c4bdce3e311
D:\other\Bird\Dataset\CC0\Little Chachalaca_sound\Little Chachalaca28.mp3,Little Chachalaca_sound\Little Chachalaca28.mp3,Little Chachalaca_sound,Little Chachalaca,Little Chachalaca28.mp3,305272,True,44100,1,1123557,25.477482993197277,MP3,MPEG_LAYER_III,2a8fe2ca98ebd1347f00c10e44edca84d573d4fb76498227e3c7cfd0d7b27071
D:\other\Bird\Dataset\CC0\Little Chachalaca_sound\Little Chachalaca29.mp3,Little Chachalaca_sound\Little Chachalaca29.mp3,Little Chachalaca_sound,Little Chachalaca,Little Chachalaca29.mp3,305272,True,44100,1,1123557,25.477482993197277,MP3,MPEG_LAYER_III,2a8fe2ca98ebd1347f00c10e44edca84d573d4fb76498227e3c7cfd0d7b27071
D:\other\Bird\Dataset\CC0\Little Chachalaca_sound\Little Chachalaca3.mp3,Little Chachalaca_sound\Little Chachalaca3.mp3,Little Chachalaca_sound,Little Chachalaca,Little Chachalaca3.mp3,910763,True,48000,1,3701446,77.11345833333333,MP3,MPEG_LAYER_III,e52b6a108ef3e07c815bbc6a0f13352562c3f4864c2cd319f5ed6c904b6017c6
D:\other\Bird\Dataset\CC0\Little Chachalaca_sound\Little Chachalaca30.mp3,Little Chachalaca_sound\Little Chachalaca30.mp3,Little Chachalaca_sound,Little Chachalaca,Little Chachalaca30.mp3,305272,True,44100,1,1123557,25.477482993197277,MP3,MPEG_LAYER_III,2a8fe2ca98ebd1347f00c10e44edca84d573d4fb76498227e3c7cfd0d7b27071
D:\other\Bird\Dataset\CC0\Little Chachalaca_sound\Little Chachalaca31.mp3,Little Chachalaca_sound\Little Chachalaca31.mp3,Little Chachalaca_sound,Little Chachalaca,Little Chachalaca31.mp3,246668,True,44100,1,679812,15.415238095238095,MP3,MPEG_LAYER_III,628ca6134e33e1e39c1460e6474a7781b9f63f592ffaf789b111b300a3453130
D:\other\Bird\Dataset\CC0\Little Chachalaca_sound\Little Chachalaca4.mp3,Little Chachalaca_sound\Little Chachalaca4.mp3,Little Chachalaca_sound,Little Chachalaca,Little Chachalaca4.mp3,757832,True,44100,1,2088570,47.35986394557823,MP3,MPEG_LAYER_III,15ac7292b9d329516a0b89b1c1567784d4946ecc9f8dda8da3809dd8756cbe43
D:\other\Bird\Dataset\CC0\Little Chachalaca_sound\Little Chachalaca5.mp3,Little Chachalaca_sound\Little Chachalaca5.mp3,Little Chachalaca_sound,Little Chachalaca,Little Chachalaca5.mp3,757832,True,44100,1,2088570,47.35986394557823,MP3,MPEG_LAYER_III,15ac7292b9d329516a0b89b1c1567784d4946ecc9f8dda8da3809dd8756cbe43
D:\other\Bird\Dataset\CC0\Little Chachalaca_sound\Little Chachalaca6.mp3,Little Chachalaca_sound\Little Chachalaca6.mp3,Little Chachalaca_sound,Little Chachalaca,Little Chachalaca6.mp3,8409583,True,48000,2,10091346,210.236375,MP3,MPEG_LAYER_III,869502bca7d3f8c95d84daa9aed8ad30ed17f2b4dfc907439f3fdaf8daefb4b0
D:\other\Bird\Dataset\CC0\Little Chachalaca_sound\Little Chachalaca7.mp3,Little Chachalaca_sound\Little Chachalaca7.mp3,Little Chachalaca_sound,Little Chachalaca,Little Chachalaca7.mp3,2419539,True,44100,2,2860506,64.86408163265307,MP3,MPEG_LAYER_III,dcd35145c599bd4bb5f6937f92ace1ab8ec2fb1e2c63b52bbea8fae562dcdb50
D:\other\Bird\Dataset\CC0\Little Chachalaca_sound\Little Chachalaca8.mp3,Little Chachalaca_sound\Little Chachalaca8.mp3,Little Chachalaca_sound,Little Chachalaca,Little Chachalaca8.mp3,461425,True,44100,2,534193,12.113219954648526,MP3,MPEG_LAYER_III,56f96a83a768d72498e7f00f633664029c2a5cc209ff118481b9428573d214c7
D:\other\Bird\Dataset\CC0\Little Chachalaca_sound\Little Chachalaca9.mp3,Little Chachalaca_sound\Little Chachalaca9.mp3,Little Chachalaca_sound,Little Chachalaca,Little Chachalaca9.mp3,461425,True,44100,2,534193,12.113219954648526,MP3,MPEG_LAYER_III,56f96a83a768d72498e7f00f633664029c2a5cc209ff118481b9428573d214c7
D:\other\Bird\Dataset\CC0\Little Spotted Kiwi_sound\Little Spotted Kiwi2.mp3,Little Spotted Kiwi_sound\Little Spotted Kiwi2.mp3,Little Spotted Kiwi_sound,Little Spotted Kiwi,Little Spotted Kiwi2.mp3,181949,True,44100,2,241491,5.4759863945578235,MP3,MPEG_LAYER_III,343793f9401089933682b70576901f01022a65f779d8b95899077033709a1d80
D:\other\Bird\Dataset\CC0\Little Spotted Kiwi_sound\Little Spotted Kiwi3.mp3,Little Spotted Kiwi_sound\Little Spotted Kiwi3.mp3,Little Spotted Kiwi_sound,Little Spotted Kiwi,Little Spotted Kiwi3.mp3,181949,True,44100,2,241491,5.4759863945578235,MP3,MPEG_LAYER_III,343793f9401089933682b70576901f01022a65f779d8b95899077033709a1d80
D:\other\Bird\Dataset\CC0\Little Spotted Kiwi_sound\Little Spotted Kiwi4.mp3,Little Spotted Kiwi_sound\Little Spotted Kiwi4.mp3,Little Spotted Kiwi_sound,Little Spotted Kiwi,Little Spotted Kiwi4.mp3,273018,True,44100,2,754236,17.102857142857143,MP3,MPEG_LAYER_III,ad49d07db20086c61c1569b92d45694c636703114f5e8512fe025abac5f10954
D:\other\Bird\Dataset\CC0\Little Spotted Kiwi_sound\Little Spotted Kiwi5.mp3,Little Spotted Kiwi_sound\Little Spotted Kiwi5.mp3,Little Spotted Kiwi_sound,Little Spotted Kiwi,Little Spotted Kiwi5.mp3,828101,True,44100,1,2281877,51.74324263038549,MP3,MPEG_LAYER_III,2b423202fdc9ad021d6353213523856ca8528be848be1e4840f947d767b42ec4
D:\other\Bird\Dataset\CC0\Little Spotted Kiwi_sound\Little Spotted Kiwi6.mp3,Little Spotted Kiwi_sound\Little Spotted Kiwi6.mp3,Little Spotted Kiwi_sound,Little Spotted Kiwi,Little Spotted Kiwi6.mp3,828101,True,44100,1,2281877,51.74324263038549,MP3,MPEG_LAYER_III,2b423202fdc9ad021d6353213523856ca8528be848be1e4840f947d767b42ec4
D:\other\Bird\Dataset\CC0\Little Spotted Kiwi_sound\Little Spotted Kiwi7.mp3,Little Spotted Kiwi_sound\Little Spotted Kiwi7.mp3,Little Spotted Kiwi_sound,Little Spotted Kiwi,Little Spotted Kiwi7.mp3,670960,True,44100,2,915248,20.75392290249433,MP3,MPEG_LAYER_III,b4f2f08f8d73e8cd8e83413ad4a74f8f585381f523d11f2240fe53f5ed0d1413
D:\other\Bird\Dataset\CC0\Little Tinamou_sound\Little Tinamou10.mp3,Little Tinamou_sound\Little Tinamou10.mp3,Little Tinamou_sound,Little Tinamou,Little Tinamou10.mp3,948196,True,44100,2,1729989,39.22877551020408,MP3,MPEG_LAYER_III,ce14e79da49babe6af5f76964c4e4ee4690f11931281dd9ca87ddbbb539ed227
D:\other\Bird\Dataset\CC0\Little Tinamou_sound\Little Tinamou11.mp3,Little Tinamou_sound\Little Tinamou11.mp3,Little Tinamou_sound,Little Tinamou,Little Tinamou11.mp3,212767,True,44100,2,599040,13.583673469387755,MP3,MPEG_LAYER_III,6491868da3a5c5a2eb0a66a7c28f8160dcc6763fd11494e2f4c0eb35a4280f67
D:\other\Bird\Dataset\CC0\Little Tinamou_sound\Little Tinamou12.mp3,Little Tinamou_sound\Little Tinamou12.mp3,Little Tinamou_sound,Little Tinamou,Little Tinamou12.mp3,212767,True,44100,2,599040,13.583673469387755,MP3,MPEG_LAYER_III,6491868da3a5c5a2eb0a66a7c28f8160dcc6763fd11494e2f4c0eb35a4280f67
D:\other\Bird\Dataset\CC0\Little Tinamou_sound\Little Tinamou13.mp3,Little Tinamou_sound\Little Tinamou13.mp3,Little Tinamou_sound,Little Tinamou,Little Tinamou13.mp3,212767,True,44100,2,599040,13.583673469387755,MP3,MPEG_LAYER_III,6491868da3a5c5a2eb0a66a7c28f8160dcc6763fd11494e2f4c0eb35a4280f67
D:\other\Bird\Dataset\CC0\Little Tinamou_sound\Little Tinamou14.mp3,Little Tinamou_sound\Little Tinamou14.mp3,Little Tinamou_sound,Little Tinamou,Little Tinamou14.mp3,212767,True,44100,2,599040,13.583673469387755,MP3,MPEG_LAYER_III,6491868da3a5c5a2eb0a66a7c28f8160dcc6763fd11494e2f4c0eb35a4280f67
D:\other\Bird\Dataset\CC0\Little Tinamou_sound\Little Tinamou15.mp3,Little Tinamou_sound\Little Tinamou15.mp3,Little Tinamou_sound,Little Tinamou,Little Tinamou15.mp3,212767,True,44100,2,599040,13.583673469387755,MP3,MPEG_LAYER_III,6491868da3a5c5a2eb0a66a7c28f8160dcc6763fd11494e2f4c0eb35a4280f67
D:\other\Bird\Dataset\CC0\Little Tinamou_sound\Little Tinamou16.mp3,Little Tinamou_sound\Little Tinamou16.mp3,Little Tinamou_sound,Little Tinamou,Little Tinamou16.mp3,716447,True,44100,2,1779966,40.362040816326534,MP3,MPEG_LAYER_III,8159fd195fa56caa8ce1eaf1f78740c3fbdf16cd684e4885f38fe5d2f9458d4e
D:\other\Bird\Dataset\CC0\Little Tinamou_sound\Little Tinamou17.mp3,Little Tinamou_sound\Little Tinamou17.mp3,Little Tinamou_sound,Little Tinamou,Little Tinamou17.mp3,790457,True,44100,1,871393,19.759478458049887,MP3,MPEG_LAYER_III,de0c2ec101fb819186115a3f0b2f4129e5e7bf7e9c8eed5ed7f5459624ab34af
D:\other\Bird\Dataset\CC0\Little Tinamou_sound\Little Tinamou18.mp3,Little Tinamou_sound\Little Tinamou18.mp3,Little Tinamou_sound,Little Tinamou,Little Tinamou18.mp3,790457,True,44100,1,871393,19.759478458049887,MP3,MPEG_LAYER_III,de0c2ec101fb819186115a3f0b2f4129e5e7bf7e9c8eed5ed7f5459624ab34af
D:\other\Bird\Dataset\CC0\Little Tinamou_sound\Little Tinamou19.mp3,Little Tinamou_sound\Little Tinamou19.mp3,Little Tinamou_sound,Little Tinamou,Little Tinamou19.mp3,789599,True,44100,1,2176119,49.34510204081633,MP3,MPEG_LAYER_III,b188daac79879874ccaef76718c8fa283186aa9ca335663ac5d97841a9795a5a
D:\other\Bird\Dataset\CC0\Little Tinamou_sound\Little Tinamou2.mp3,Little Tinamou_sound\Little Tinamou2.mp3,Little Tinamou_sound,Little Tinamou,Little Tinamou2.mp3,910870,True,44100,1,1675998,38.00448979591837,MP3,MPEG_LAYER_III,43f78d134ce5b8436a154b320de18d363028768d911011972e9e4628b82d005a
D:\other\Bird\Dataset\CC0\Little Tinamou_sound\Little Tinamou20.mp3,Little Tinamou_sound\Little Tinamou20.mp3,Little Tinamou_sound,Little Tinamou,Little Tinamou20.mp3,789599,True,44100,1,2176119,49.34510204081633,MP3,MPEG_LAYER_III,b188daac79879874ccaef76718c8fa283186aa9ca335663ac5d97841a9795a5a
D:\other\Bird\Dataset\CC0\Little Tinamou_sound\Little Tinamou21.mp3,Little Tinamou_sound\Little Tinamou21.mp3,Little Tinamou_sound,Little Tinamou,Little Tinamou21.mp3,548428,True,44100,2,1443772,32.73859410430839,MP3,MPEG_LAYER_III,6c5a62fc451f61f7a97e9171f677c900a9eaeb68e57a8125548853d77f7a1fd3
D:\other\Bird\Dataset\CC0\Little Tinamou_sound\Little Tinamou22.mp3,Little Tinamou_sound\Little Tinamou22.mp3,Little Tinamou_sound,Little Tinamou,Little Tinamou22.mp3,548428,True,44100,2,1443772,32.73859410430839,MP3,MPEG_LAYER_III,6c5a62fc451f61f7a97e9171f677c900a9eaeb68e57a8125548853d77f7a1fd3
D:\other\Bird\Dataset\CC0\Little Tinamou_sound\Little Tinamou23.mp3,Little Tinamou_sound\Little Tinamou23.mp3,Little Tinamou_sound,Little Tinamou,Little Tinamou23.mp3,548428,True,44100,2,1443772,32.73859410430839,MP3,MPEG_LAYER_III,6c5a62fc451f61f7a97e9171f677c900a9eaeb68e57a8125548853d77f7a1fd3
D:\other\Bird\Dataset\CC0\Little Tinamou_sound\Little Tinamou24.mp3,Little Tinamou_sound\Little Tinamou24.mp3,Little Tinamou_sound,Little Tinamou,Little Tinamou24.mp3,548428,True,44100,2,1443772,32.73859410430839,MP3,MPEG_LAYER_III,6c5a62fc451f61f7a97e9171f677c900a9eaeb68e57a8125548853d77f7a1fd3
D:\other\Bird\Dataset\CC0\Little Tinamou_sound\Little Tinamou25.mp3,Little Tinamou_sound\Little Tinamou25.mp3,Little Tinamou_sound,Little Tinamou,Little Tinamou25.mp3,548428,True,44100,2,1443772,32.73859410430839,MP3,MPEG_LAYER_III,6c5a62fc451f61f7a97e9171f677c900a9eaeb68e57a8125548853d77f7a1fd3
D:\other\Bird\Dataset\CC0\Little Tinamou_sound\Little Tinamou26.mp3,Little Tinamou_sound\Little Tinamou26.mp3,Little Tinamou_sound,Little Tinamou,Little Tinamou26.mp3,548428,True,44100,2,1443772,32.73859410430839,MP3,MPEG_LAYER_III,6c5a62fc451f61f7a97e9171f677c900a9eaeb68e57a8125548853d77f7a1fd3
D:\other\Bird\Dataset\CC0\Little Tinamou_sound\Little Tinamou27.mp3,Little Tinamou_sound\Little Tinamou27.mp3,Little Tinamou_sound,Little Tinamou,Little Tinamou27.mp3,548428,True,44100,2,1443772,32.73859410430839,MP3,MPEG_LAYER_III,6c5a62fc451f61f7a97e9171f677c900a9eaeb68e57a8125548853d77f7a1fd3
D:\other\Bird\Dataset\CC0\Little Tinamou_sound\Little Tinamou28.mp3,Little Tinamou_sound\Little Tinamou28.mp3,Little Tinamou_sound,Little Tinamou,Little Tinamou28.mp3,548428,True,44100,2,1443772,32.73859410430839,MP3,MPEG_LAYER_III,6c5a62fc451f61f7a97e9171f677c900a9eaeb68e57a8125548853d77f7a1fd3
D:\other\Bird\Dataset\CC0\Little Tinamou_sound\Little Tinamou29.mp3,Little Tinamou_sound\Little Tinamou29.mp3,Little Tinamou_sound,Little Tinamou,Little Tinamou29.mp3,548428,True,44100,2,1443772,32.73859410430839,MP3,MPEG_LAYER_III,6c5a62fc451f61f7a97e9171f677c900a9eaeb68e57a8125548853d77f7a1fd3
D:\other\Bird\Dataset\CC0\Little Tinamou_sound\Little Tinamou3.mp3,Little Tinamou_sound\Little Tinamou3.mp3,Little Tinamou_sound,Little Tinamou,Little Tinamou3.mp3,910870,True,44100,1,1675998,38.00448979591837,MP3,MPEG_LAYER_III,43f78d134ce5b8436a154b320de18d363028768d911011972e9e4628b82d005a
D:\other\Bird\Dataset\CC0\Little Tinamou_sound\Little Tinamou30.mp3,Little Tinamou_sound\Little Tinamou30.mp3,Little Tinamou_sound,Little Tinamou,Little Tinamou30.mp3,548428,True,44100,2,1443772,32.73859410430839,MP3,MPEG_LAYER_III,6c5a62fc451f61f7a97e9171f677c900a9eaeb68e57a8125548853d77f7a1fd3
D:\other\Bird\Dataset\CC0\Little Tinamou_sound\Little Tinamou31.mp3,Little Tinamou_sound\Little Tinamou31.mp3,Little Tinamou_sound,Little Tinamou,Little Tinamou31.mp3,2188965,True,44100,1,6032745,136.7969387755102,MP3,MPEG_LAYER_III,af3b9ee4a3f696dbebfed08debe33bd8dcc11d07f2cef1fad993cfe4694d5fee
D:\other\Bird\Dataset\CC0\Little Tinamou_sound\Little Tinamou4.mp3,Little Tinamou_sound\Little Tinamou4.mp3,Little Tinamou_sound,Little Tinamou,Little Tinamou4.mp3,910870,True,44100,1,1675998,38.00448979591837,MP3,MPEG_LAYER_III,43f78d134ce5b8436a154b320de18d363028768d911011972e9e4628b82d005a
D:\other\Bird\Dataset\CC0\Little Tinamou_sound\Little Tinamou5.mp3,Little Tinamou_sound\Little Tinamou5.mp3,Little Tinamou_sound,Little Tinamou,Little Tinamou5.mp3,910870,True,44100,1,1675998,38.00448979591837,MP3,MPEG_LAYER_III,43f78d134ce5b8436a154b320de18d363028768d911011972e9e4628b82d005a
D:\other\Bird\Dataset\CC0\Little Tinamou_sound\Little Tinamou6.mp3,Little Tinamou_sound\Little Tinamou6.mp3,Little Tinamou_sound,Little Tinamou,Little Tinamou6.mp3,52965,True,11025,1,194317,17.625124716553287,MP3,MPEG_LAYER_III,ebc844e5319c2323fe3caeb628a0f88c153ee467bffab9f422e2a84cb72daddc
D:\other\Bird\Dataset\CC0\Little Tinamou_sound\Little Tinamou7.mp3,Little Tinamou_sound\Little Tinamou7.mp3,Little Tinamou_sound,Little Tinamou,Little Tinamou7.mp3,948196,True,44100,2,1729989,39.22877551020408,MP3,MPEG_LAYER_III,ce14e79da49babe6af5f76964c4e4ee4690f11931281dd9ca87ddbbb539ed227
D:\other\Bird\Dataset\CC0\Little Tinamou_sound\Little Tinamou8.mp3,Little Tinamou_sound\Little Tinamou8.mp3,Little Tinamou_sound,Little Tinamou,Little Tinamou8.mp3,948196,True,44100,2,1729989,39.22877551020408,MP3,MPEG_LAYER_III,ce14e79da49babe6af5f76964c4e4ee4690f11931281dd9ca87ddbbb539ed227
D:\other\Bird\Dataset\CC0\Little Tinamou_sound\Little Tinamou9.mp3,Little Tinamou_sound\Little Tinamou9.mp3,Little Tinamou_sound,Little Tinamou,Little Tinamou9.mp3,948196,True,44100,2,1729989,39.22877551020408,MP3,MPEG_LAYER_III,ce14e79da49babe6af5f76964c4e4ee4690f11931281dd9ca87ddbbb539ed227
D:\other\Bird\Dataset\CC0\Maleo_sound\Maleo2.mp3,Maleo_sound\Maleo2.mp3,Maleo_sound,Maleo,Maleo2.mp3,488529,True,48000,2,586234,12.213208333333334,MP3,MPEG_LAYER_III,dbb2038ccc59403ea79b750f1ca419a998db75f06d341805d386adae76a57f44
D:\other\Bird\Dataset\CC0\Maleo_sound\Maleo3.mp3,Maleo_sound\Maleo3.mp3,Maleo_sound,Maleo,Maleo3.mp3,488529,True,48000,2,586234,12.213208333333334,MP3,MPEG_LAYER_III,dbb2038ccc59403ea79b750f1ca419a998db75f06d341805d386adae76a57f44
D:\other\Bird\Dataset\CC0\Maleo_sound\Maleo4.mp3,Maleo_sound\Maleo4.mp3,Maleo_sound,Maleo,Maleo4.mp3,488529,True,48000,2,586234,12.213208333333334,MP3,MPEG_LAYER_III,dbb2038ccc59403ea79b750f1ca419a998db75f06d341805d386adae76a57f44
D:\other\Bird\Dataset\CC0\Maleo_sound\Maleo5.mp3,Maleo_sound\Maleo5.mp3,Maleo_sound,Maleo,Maleo5.mp3,488529,True,48000,2,586234,12.213208333333334,MP3,MPEG_LAYER_III,dbb2038ccc59403ea79b750f1ca419a998db75f06d341805d386adae76a57f44
D:\other\Bird\Dataset\CC0\Maleo_sound\Maleo6.mp3,Maleo_sound\Maleo6.mp3,Maleo_sound,Maleo,Maleo6.mp3,488529,True,48000,2,586234,12.213208333333334,MP3,MPEG_LAYER_III,dbb2038ccc59403ea79b750f1ca419a998db75f06d341805d386adae76a57f44
D:\other\Bird\Dataset\CC0\Maleo_sound\Maleo7.mp3,Maleo_sound\Maleo7.mp3,Maleo_sound,Maleo,Maleo7.mp3,488529,True,48000,2,586234,12.213208333333334,MP3,MPEG_LAYER_III,dbb2038ccc59403ea79b750f1ca419a998db75f06d341805d386adae76a57f44
D:\other\Bird\Dataset\CC0\Maleo_sound\Maleo8.mp3,Maleo_sound\Maleo8.mp3,Maleo_sound,Maleo,Maleo8.mp3,488529,True,48000,2,586234,12.213208333333334,MP3,MPEG_LAYER_III,dbb2038ccc59403ea79b750f1ca419a998db75f06d341805d386adae76a57f44
D:\other\Bird\Dataset\CC0\Malleefowl_sound\Malleefowl2.mp3,Malleefowl_sound\Malleefowl2.mp3,Malleefowl_sound,Malleefowl,Malleefowl2.mp3,2327753,True,44100,2,2557800,58.0,MP3,MPEG_LAYER_III,a7b46d370fa306016167f6210b1579638f4d6b5d595dc25dd43edaf1951b302a
D:\other\Bird\Dataset\CC0\Malleefowl_sound\Malleefowl3.mp3,Malleefowl_sound\Malleefowl3.mp3,Malleefowl_sound,Malleefowl,Malleefowl3.mp3,870291,True,48000,2,1294214,26.962791666666668,MP3,MPEG_LAYER_III,57e8d3133eaa47ee24cc3f03969e71b8e7cbc36a284b1a40e4b56ecbbf010774
D:\other\Bird\Dataset\CC0\Malleefowl_sound\Malleefowl4.mp3,Malleefowl_sound\Malleefowl4.mp3,Malleefowl_sound,Malleefowl,Malleefowl4.mp3,733579,True,48000,2,1089600,22.7,MP3,MPEG_LAYER_III,2a8c3f7a72794f15b370048e4fffddf23d2948423bf00cb8cb9edbc74d548eb9
D:\other\Bird\Dataset\CC0\Malleefowl_sound\Malleefowl5.mp3,Malleefowl_sound\Malleefowl5.mp3,Malleefowl_sound,Malleefowl,Malleefowl5.mp3,649863,True,48000,2,964043,20.084229166666667,MP3,MPEG_LAYER_III,d5fd3b2aaa5cfe92ad7c1172ad1b9547972b12b028ee80f84e4f0f040f0ed73e
D:\other\Bird\Dataset\CC0\Malleefowl_sound\Malleefowl6.mp3,Malleefowl_sound\Malleefowl6.mp3,Malleefowl_sound,Malleefowl,Malleefowl6.mp3,873348,True,48000,2,1299179,27.066229166666666,MP3,MPEG_LAYER_III,6ee716b964e5982facec6e20f5615ac9f81ab71c73409d738c680abbc3cb6eba
D:\other\Bird\Dataset\CC0\Malleefowl_sound\Malleefowl7.mp3,Malleefowl_sound\Malleefowl7.mp3,Malleefowl_sound,Malleefowl,Malleefowl7.mp3,873348,True,48000,2,1299179,27.066229166666666,MP3,MPEG_LAYER_III,6ee716b964e5982facec6e20f5615ac9f81ab71c73409d738c680abbc3cb6eba
D:\other\Bird\Dataset\CC0\Malleefowl_sound\Malleefowl8.mp3,Malleefowl_sound\Malleefowl8.mp3,Malleefowl_sound,Malleefowl,Malleefowl8.mp3,488529,True,48000,2,586234,12.213208333333334,MP3,MPEG_LAYER_III,dbb2038ccc59403ea79b750f1ca419a998db75f06d341805d386adae76a57f44
D:\other\Bird\Dataset\CC0\Malleefowl_sound\Malleefowl9.mp3,Malleefowl_sound\Malleefowl9.mp3,Malleefowl_sound,Malleefowl,Malleefowl9.mp3,488529,True,48000,2,586234,12.213208333333334,MP3,MPEG_LAYER_III,dbb2038ccc59403ea79b750f1ca419a998db75f06d341805d386adae76a57f44
D:\other\Bird\Dataset\CC0\Marail Guan_sound\Marail Guan10.mp3,Marail Guan_sound\Marail Guan10.mp3,Marail Guan_sound,Marail Guan,Marail Guan10.mp3,96655,True,44100,1,266379,6.0403401360544215,MP3,MPEG_LAYER_III,99127d90db4158eaac450e07e8ddff9fbde0fa94b51e4294bcba0ac761c15d22
D:\other\Bird\Dataset\CC0\Marail Guan_sound\Marail Guan11.mp3,Marail Guan_sound\Marail Guan11.mp3,Marail Guan_sound,Marail Guan,Marail Guan11.mp3,81842,True,44100,2,226095,5.12687074829932,MP3,MPEG_LAYER_III,3eb8d49dbe686b50bc19c1a961d6fbe271dcd4db59918b4419db3b8b747dc785
D:\other\Bird\Dataset\CC0\Marail Guan_sound\Marail Guan12.mp3,Marail Guan_sound\Marail Guan12.mp3,Marail Guan_sound,Marail Guan,Marail Guan12.mp3,745527,True,44100,2,814186,18.462267573696145,MP3,MPEG_LAYER_III,52660be23e8b0f9611ef00cc1c0dbe4c76540413125b6fcc05fac6586be75727
D:\other\Bird\Dataset\CC0\Marail Guan_sound\Marail Guan13.mp3,Marail Guan_sound\Marail Guan13.mp3,Marail Guan_sound,Marail Guan,Marail Guan13.mp3,90693,True,44100,1,311910,7.072789115646258,MP3,MPEG_LAYER_III,9bc506f21ae249457e94adeb6a5aab663b3096b5db1df8c26aee891bcf305676
D:\other\Bird\Dataset\CC0\Marail Guan_sound\Marail Guan14.mp3,Marail Guan_sound\Marail Guan14.mp3,Marail Guan_sound,Marail Guan,Marail Guan14.mp3,90693,True,44100,1,311910,7.072789115646258,MP3,MPEG_LAYER_III,9bc506f21ae249457e94adeb6a5aab663b3096b5db1df8c26aee891bcf305676
D:\other\Bird\Dataset\CC0\Marail Guan_sound\Marail Guan15.mp3,Marail Guan_sound\Marail Guan15.mp3,Marail Guan_sound,Marail Guan,Marail Guan15.mp3,140591,True,44100,2,388395,8.807142857142857,MP3,MPEG_LAYER_III,95aefc718be947af72d85d78ef7fae37476a2b1d6c239aa6c30b6c5788c35296
D:\other\Bird\Dataset\CC0\Marail Guan_sound\Marail Guan16.mp3,Marail Guan_sound\Marail Guan16.mp3,Marail Guan_sound,Marail Guan,Marail Guan16.mp3,440435,True,44100,2,477818,10.834875283446712,MP3,MPEG_LAYER_III,304faf5f132825beb2104d5a1799f2eb233cee512331b304c05685cc07beb8c5
D:\other\Bird\Dataset\CC0\Marail Guan_sound\Marail Guan17.mp3,Marail Guan_sound\Marail Guan17.mp3,Marail Guan_sound,Marail Guan,Marail Guan17.mp3,194470,True,44100,1,694554,15.74952380952381,MP3,MPEG_LAYER_III,9094d779c074a4c3430b710965947ac39027519d113a38dee1f2457e857147d6
D:\other\Bird\Dataset\CC0\Marail Guan_sound\Marail Guan18.mp3,Marail Guan_sound\Marail Guan18.mp3,Marail Guan_sound,Marail Guan,Marail Guan18.mp3,194470,True,44100,1,694554,15.74952380952381,MP3,MPEG_LAYER_III,9094d779c074a4c3430b710965947ac39027519d113a38dee1f2457e857147d6
D:\other\Bird\Dataset\CC0\Marail Guan_sound\Marail Guan2.mp3,Marail Guan_sound\Marail Guan2.mp3,Marail Guan_sound,Marail Guan,Marail Guan2.mp3,1093268,True,44100,1,2011656,45.61578231292517,MP3,MPEG_LAYER_III,956dc1dc71cbfcf9ee431e04141f2591f809bc2e676dba4a4b2b0f4a26718232
D:\other\Bird\Dataset\CC0\Marail Guan_sound\Marail Guan3.mp3,Marail Guan_sound\Marail Guan3.mp3,Marail Guan_sound,Marail Guan,Marail Guan3.mp3,1093268,True,44100,1,2011656,45.61578231292517,MP3,MPEG_LAYER_III,956dc1dc71cbfcf9ee431e04141f2591f809bc2e676dba4a4b2b0f4a26718232
D:\other\Bird\Dataset\CC0\Marail Guan_sound\Marail Guan4.mp3,Marail Guan_sound\Marail Guan4.mp3,Marail Guan_sound,Marail Guan,Marail Guan4.mp3,1093268,True,44100,1,2011656,45.61578231292517,MP3,MPEG_LAYER_III,956dc1dc71cbfcf9ee431e04141f2591f809bc2e676dba4a4b2b0f4a26718232
D:\other\Bird\Dataset\CC0\Marail Guan_sound\Marail Guan5.mp3,Marail Guan_sound\Marail Guan5.mp3,Marail Guan_sound,Marail Guan,Marail Guan5.mp3,87876,True,44100,1,302055,6.849319727891157,MP3,MPEG_LAYER_III,0d68d43d967a7d425d2053ad7e2d4a6e565fa37006145c3e142d3c4a27ff1b6d
D:\other\Bird\Dataset\CC0\Marail Guan_sound\Marail Guan6.mp3,Marail Guan_sound\Marail Guan6.mp3,Marail Guan_sound,Marail Guan,Marail Guan6.mp3,123463,True,44100,1,429464,9.738412698412699,MP3,MPEG_LAYER_III,26819f4da6a675549db77bd3002ebbd9870493b4e16846db9663c99951471375
D:\other\Bird\Dataset\CC0\Marail Guan_sound\Marail Guan7.mp3,Marail Guan_sound\Marail Guan7.mp3,Marail Guan_sound,Marail Guan,Marail Guan7.mp3,406080,True,44100,1,1466169,33.24646258503402,MP3,MPEG_LAYER_III,a5b428c2fcd4467c2b7471dec25e0a6fd3cc0e66466abc8e02d6c66d09a54260
D:\other\Bird\Dataset\CC0\Marail Guan_sound\Marail Guan8.mp3,Marail Guan_sound\Marail Guan8.mp3,Marail Guan_sound,Marail Guan,Marail Guan8.mp3,221760,True,44100,1,793727,17.998344671201814,MP3,MPEG_LAYER_III,bf0859a106928aa17db41fffa7e87bd3962837eacc65e73856439929ed7ebb88
D:\other\Bird\Dataset\CC0\Marail Guan_sound\Marail Guan9.mp3,Marail Guan_sound\Marail Guan9.mp3,Marail Guan_sound,Marail Guan,Marail Guan9.mp3,96655,True,44100,1,266379,6.0403401360544215,MP3,MPEG_LAYER_III,99127d90db4158eaac450e07e8ddff9fbde0fa94b51e4294bcba0ac761c15d22
D:\other\Bird\Dataset\CC0\Melanesian Megapode_sound\Melanesian Megapode10.mp3,Melanesian Megapode_sound\Melanesian Megapode10.mp3,Melanesian Megapode_sound,Melanesian Megapode,Melanesian Megapode10.mp3,283449,True,44100,1,783053,17.756303854875284,MP3,MPEG_LAYER_III,26b7ca1d5d818f3d1c773916b1b2061675d600765cd53ed334007987dbc030ea
D:\other\Bird\Dataset\CC0\Melanesian Megapode_sound\Melanesian Megapode11.mp3,Melanesian Megapode_sound\Melanesian Megapode11.mp3,Melanesian Megapode_sound,Melanesian Megapode,Melanesian Megapode11.mp3,519600,True,44100,1,1432007,32.471814058956916,MP3,MPEG_LAYER_III,4e9d3005cbd8b7e3c41ae455916d81333e91ed318c931b892b415aa5be2dbcf6
D:\other\Bird\Dataset\CC0\Melanesian Megapode_sound\Melanesian Megapode12.mp3,Melanesian Megapode_sound\Melanesian Megapode12.mp3,Melanesian Megapode_sound,Melanesian Megapode,Melanesian Megapode12.mp3,367879,True,44100,1,1013867,22.99018140589569,MP3,MPEG_LAYER_III,68922cc55c580cf5dcd2c422853f02d16ec952351088a611d797836a91a03a5f
D:\other\Bird\Dataset\CC0\Melanesian Megapode_sound\Melanesian Megapode13.mp3,Melanesian Megapode_sound\Melanesian Megapode13.mp3,Melanesian Megapode_sound,Melanesian Megapode,Melanesian Megapode13.mp3,1610048,True,44100,1,4437261,100.61816326530612,MP3,MPEG_LAYER_III,671c84c91d07c022b44b358a374e91954c0abb2020405414dbda56d703eff427
D:\other\Bird\Dataset\CC0\Melanesian Megapode_sound\Melanesian Megapode2.mp3,Melanesian Megapode_sound\Melanesian Megapode2.mp3,Melanesian Megapode_sound,Melanesian Megapode,Melanesian Megapode2.mp3,820430,True,44100,2,2244985,50.90668934240363,MP3,MPEG_LAYER_III,a8ab9c0c82a0af844df1c6815029552d36599cbec3a1bbe899c3dc5aaeac0136
D:\other\Bird\Dataset\CC0\Melanesian Megapode_sound\Melanesian Megapode3.mp3,Melanesian Megapode_sound\Melanesian Megapode3.mp3,Melanesian Megapode_sound,Melanesian Megapode,Melanesian Megapode3.mp3,1648760,True,44100,2,3017120,68.41541950113378,MP3,MPEG_LAYER_III,5aec07d950da9740449862dde5b11b6f190ecad833fa5250da4a8cd53bd711e8
D:\other\Bird\Dataset\CC0\Melanesian Megapode_sound\Melanesian Megapode4.mp3,Melanesian Megapode_sound\Melanesian Megapode4.mp3,Melanesian Megapode_sound,Melanesian Megapode,Melanesian Megapode4.mp3,1648760,True,44100,2,3017120,68.41541950113378,MP3,MPEG_LAYER_III,5aec07d950da9740449862dde5b11b6f190ecad833fa5250da4a8cd53bd711e8
D:\other\Bird\Dataset\CC0\Melanesian Megapode_sound\Melanesian Megapode5.mp3,Melanesian Megapode_sound\Melanesian Megapode5.mp3,Melanesian Megapode_sound,Melanesian Megapode,Melanesian Megapode5.mp3,1648760,True,44100,2,3017120,68.41541950113378,MP3,MPEG_LAYER_III,5aec07d950da9740449862dde5b11b6f190ecad833fa5250da4a8cd53bd711e8
D:\other\Bird\Dataset\CC0\Melanesian Megapode_sound\Melanesian Megapode6.mp3,Melanesian Megapode_sound\Melanesian Megapode6.mp3,Melanesian Megapode_sound,Melanesian Megapode,Melanesian Megapode6.mp3,1648760,True,44100,2,3017120,68.41541950113378,MP3,MPEG_LAYER_III,5aec07d950da9740449862dde5b11b6f190ecad833fa5250da4a8cd53bd711e8
D:\other\Bird\Dataset\CC0\Melanesian Megapode_sound\Melanesian Megapode7.mp3,Melanesian Megapode_sound\Melanesian Megapode7.mp3,Melanesian Megapode_sound,Melanesian Megapode,Melanesian Megapode7.mp3,53141,True,44100,1,146806,3.3289342403628117,MP3,MPEG_LAYER_III,9baec73fe804ddae6d51e5b3ca592b9d6c6d8ad00b69ea91fe69547a88ab8c9c
D:\other\Bird\Dataset\CC0\Melanesian Megapode_sound\Melanesian Megapode8.mp3,Melanesian Megapode_sound\Melanesian Megapode8.mp3,Melanesian Megapode_sound,Melanesian Megapode,Melanesian Megapode8.mp3,295065,True,44100,2,406596,9.219863945578231,MP3,MPEG_LAYER_III,0ed0a1fc98ea1db51d1f85adb471369786a93e4708d27fd93d63e1ea35f2ecf9
D:\other\Bird\Dataset\CC0\Melanesian Megapode_sound\Melanesian Megapode9.mp3,Melanesian Megapode_sound\Melanesian Megapode9.mp3,Melanesian Megapode_sound,Melanesian Megapode,Melanesian Megapode9.mp3,295065,True,44100,2,406596,9.219863945578231,MP3,MPEG_LAYER_III,0ed0a1fc98ea1db51d1f85adb471369786a93e4708d27fd93d63e1ea35f2ecf9
D:\other\Bird\Dataset\CC0\Micronesian Megapode_sound\Micronesian Megapode2.mp3,Micronesian Megapode_sound\Micronesian Megapode2.mp3,Micronesian Megapode_sound,Micronesian Megapode,Micronesian Megapode2.mp3,299971,True,44100,2,552023,12.517528344671202,MP3,MPEG_LAYER_III,d7531d74912c48f7ee789e592509b1eab14f558e5ca9ffb9ad3bfa7eb76f508a
D:\other\Bird\Dataset\CC0\Micronesian Megapode_sound\Micronesian Megapode3.mp3,Micronesian Megapode_sound\Micronesian Megapode3.mp3,Micronesian Megapode_sound,Micronesian Megapode,Micronesian Megapode3.mp3,708042,True,44100,2,1300900,29.498866213151928,MP3,MPEG_LAYER_III,c893502f5442c7257cb2585e5774464fd13f7ea85552561e6ad105f3d25cabd2
D:\other\Bird\Dataset\CC0\Micronesian Megapode_sound\Micronesian Megapode4.mp3,Micronesian Megapode_sound\Micronesian Megapode4.mp3,Micronesian Megapode_sound,Micronesian Megapode,Micronesian Megapode4.mp3,98832,True,44100,2,272379,6.176394557823129,MP3,MPEG_LAYER_III,747c19c8693068ff1ed90c9c6a3a04ecdbe16b2517e819973537787ff7059ccf
D:\other\Bird\Dataset\CC0\Micronesian Megapode_sound\Micronesian Megapode5.mp3,Micronesian Megapode_sound\Micronesian Megapode5.mp3,Micronesian Megapode_sound,Micronesian Megapode,Micronesian Megapode5.mp3,597010,True,44100,2,1644995,37.301473922902495,MP3,MPEG_LAYER_III,da24f59fdb21546085fc1319daf2447157289c5037ada1ce45e2abc4c0aa3e24
D:\other\Bird\Dataset\CC0\Micronesian Megapode_sound\Micronesian Megapode6.mp3,Micronesian Megapode_sound\Micronesian Megapode6.mp3,Micronesian Megapode_sound,Micronesian Megapode,Micronesian Megapode6.mp3,67456,True,44100,1,186353,4.225691609977324,MP3,MPEG_LAYER_III,9c857ea354b49e247dbbd425f64a1b50ddd94e1c3cfe1e5d943aaf13528b919f
D:\other\Bird\Dataset\CC0\Micronesian Megapode_sound\Micronesian Megapode7.mp3,Micronesian Megapode_sound\Micronesian Megapode7.mp3,Micronesian Megapode_sound,Micronesian Megapode,Micronesian Megapode7.mp3,2400217,True,44100,2,4409968,99.99927437641723,MP3,MPEG_LAYER_III,3e74d1ad5e287138ea51fed05c352677c9d9be8ca5419698b61c607f5006bc5c
D:\other\Bird\Dataset\CC0\Micronesian Megapode_sound\Micronesian Megapode8.mp3,Micronesian Megapode_sound\Micronesian Megapode8.mp3,Micronesian Megapode_sound,Micronesian Megapode,Micronesian Megapode8.mp3,1548835,True,44100,2,2845706,64.52848072562358,MP3,MPEG_LAYER_III,bece170ba5700107e364e5fafa98c8ea67570f8dd885f229be94fb25c993080b
D:\other\Bird\Dataset\CC0\Moluccan Megapode_sound\Moluccan Megapode2.mp3,Moluccan Megapode_sound\Moluccan Megapode2.mp3,Moluccan Megapode_sound,Moluccan Megapode,Moluccan Megapode2.mp3,488529,True,48000,2,586234,12.213208333333334,MP3,MPEG_LAYER_III,dbb2038ccc59403ea79b750f1ca419a998db75f06d341805d386adae76a57f44
D:\other\Bird\Dataset\CC0\Moluccan Megapode_sound\Moluccan Megapode3.mp3,Moluccan Megapode_sound\Moluccan Megapode3.mp3,Moluccan Megapode_sound,Moluccan Megapode,Moluccan Megapode3.mp3,488529,True,48000,2,586234,12.213208333333334,MP3,MPEG_LAYER_III,dbb2038ccc59403ea79b750f1ca419a998db75f06d341805d386adae76a57f44
D:\other\Bird\Dataset\CC0\Moluccan Megapode_sound\Moluccan Megapode4.mp3,Moluccan Megapode_sound\Moluccan Megapode4.mp3,Moluccan Megapode_sound,Moluccan Megapode,Moluccan Megapode4.mp3,488529,True,48000,2,586234,12.213208333333334,MP3,MPEG_LAYER_III,dbb2038ccc59403ea79b750f1ca419a998db75f06d341805d386adae76a57f44
D:\other\Bird\Dataset\CC0\Moluccan Megapode_sound\Moluccan Megapode5.mp3,Moluccan Megapode_sound\Moluccan Megapode5.mp3,Moluccan Megapode_sound,Moluccan Megapode,Moluccan Megapode5.mp3,488529,True,48000,2,586234,12.213208333333334,MP3,MPEG_LAYER_III,dbb2038ccc59403ea79b750f1ca419a998db75f06d341805d386adae76a57f44
D:\other\Bird\Dataset\CC0\Moluccan Megapode_sound\Moluccan Megapode6.mp3,Moluccan Megapode_sound\Moluccan Megapode6.mp3,Moluccan Megapode_sound,Moluccan Megapode,Moluccan Megapode6.mp3,488529,True,48000,2,586234,12.213208333333334,MP3,MPEG_LAYER_III,dbb2038ccc59403ea79b750f1ca419a998db75f06d341805d386adae76a57f44
D:\other\Bird\Dataset\CC0\Moluccan Megapode_sound\Moluccan Megapode7.mp3,Moluccan Megapode_sound\Moluccan Megapode7.mp3,Moluccan Megapode_sound,Moluccan Megapode,Moluccan Megapode7.mp3,488529,True,48000,2,586234,12.213208333333334,MP3,MPEG_LAYER_III,dbb2038ccc59403ea79b750f1ca419a998db75f06d341805d386adae76a57f44
D:\other\Bird\Dataset\CC0\New Guinea Scrubfowl_sound\New Guinea Scrubfowl2.mp3,New Guinea Scrubfowl_sound\New Guinea Scrubfowl2.mp3,New Guinea Scrubfowl_sound,New Guinea Scrubfowl,New Guinea Scrubfowl2.mp3,135168,True,44100,2,373413,8.467414965986395,MP3,MPEG_LAYER_III,fa96b4ba4f20b83c4ca35ac5b20ff6ebe20fd26096213ceb920a5138a7775888
D:\other\Bird\Dataset\CC0\New Guinea Scrubfowl_sound\New Guinea Scrubfowl3.mp3,New Guinea Scrubfowl_sound\New Guinea Scrubfowl3.mp3,New Guinea Scrubfowl_sound,New Guinea Scrubfowl,New Guinea Scrubfowl3.mp3,135168,True,44100,2,373413,8.467414965986395,MP3,MPEG_LAYER_III,fa96b4ba4f20b83c4ca35ac5b20ff6ebe20fd26096213ceb920a5138a7775888
D:\other\Bird\Dataset\CC0\New Guinea Scrubfowl_sound\New Guinea Scrubfowl4.mp3,New Guinea Scrubfowl_sound\New Guinea Scrubfowl4.mp3,New Guinea Scrubfowl_sound,New Guinea Scrubfowl,New Guinea Scrubfowl4.mp3,135168,True,44100,2,373413,8.467414965986395,MP3,MPEG_LAYER_III,fa96b4ba4f20b83c4ca35ac5b20ff6ebe20fd26096213ceb920a5138a7775888
D:\other\Bird\Dataset\CC0\New Guinea Scrubfowl_sound\New Guinea Scrubfowl5.mp3,New Guinea Scrubfowl_sound\New Guinea Scrubfowl5.mp3,New Guinea Scrubfowl_sound,New Guinea Scrubfowl,New Guinea Scrubfowl5.mp3,135168,True,44100,2,373413,8.467414965986395,MP3,MPEG_LAYER_III,fa96b4ba4f20b83c4ca35ac5b20ff6ebe20fd26096213ceb920a5138a7775888
D:\other\Bird\Dataset\CC0\New Guinea Scrubfowl_sound\New Guinea Scrubfowl6.mp3,New Guinea Scrubfowl_sound\New Guinea Scrubfowl6.mp3,New Guinea Scrubfowl_sound,New Guinea Scrubfowl,New Guinea Scrubfowl6.mp3,135168,True,44100,2,373413,8.467414965986395,MP3,MPEG_LAYER_III,fa96b4ba4f20b83c4ca35ac5b20ff6ebe20fd26096213ceb920a5138a7775888
D:\other\Bird\Dataset\CC0\New Guinea Scrubfowl_sound\New Guinea Scrubfowl7.mp3,New Guinea Scrubfowl_sound\New Guinea Scrubfowl7.mp3,New Guinea Scrubfowl_sound,New Guinea Scrubfowl,New Guinea Scrubfowl7.mp3,135168,True,44100,2,373413,8.467414965986395,MP3,MPEG_LAYER_III,fa96b4ba4f20b83c4ca35ac5b20ff6ebe20fd26096213ceb920a5138a7775888
D:\other\Bird\Dataset\CC0\Nicobar Megapode_sound\Nicobar Megapode2.mp3,Nicobar Megapode_sound\Nicobar Megapode2.mp3,Nicobar Megapode_sound,Nicobar Megapode,Nicobar Megapode2.mp3,1548835,True,44100,2,2845706,64.52848072562358,MP3,MPEG_LAYER_III,bece170ba5700107e364e5fafa98c8ea67570f8dd885f229be94fb25c993080b
D:\other\Bird\Dataset\CC0\Nicobar Megapode_sound\Nicobar Megapode3.mp3,Nicobar Megapode_sound\Nicobar Megapode3.mp3,Nicobar Megapode_sound,Nicobar Megapode,Nicobar Megapode3.mp3,1548835,True,44100,2,2845706,64.52848072562358,MP3,MPEG_LAYER_III,bece170ba5700107e364e5fafa98c8ea67570f8dd885f229be94fb25c993080b
D:\other\Bird\Dataset\CC0\North Island Brown Kiwi_sound\North Island Brown Kiwi10.mp3,North Island Brown Kiwi_sound\North Island Brown Kiwi10.mp3,North Island Brown Kiwi_sound,North Island Brown Kiwi,North Island Brown Kiwi10.mp3,196086,True,48000,1,792173,16.503604166666666,MP3,MPEG_LAYER_III,117eafc38f5f72d7b62d801c7c0e728dc5af2159c6aa029c4d40954a992d8d38
D:\other\Bird\Dataset\CC0\North Island Brown Kiwi_sound\North Island Brown Kiwi11.mp3,North Island Brown Kiwi_sound\North Island Brown Kiwi11.mp3,North Island Brown Kiwi_sound,North Island Brown Kiwi,North Island Brown Kiwi11.mp3,196086,True,48000,1,792173,16.503604166666666,MP3,MPEG_LAYER_III,117eafc38f5f72d7b62d801c7c0e728dc5af2159c6aa029c4d40954a992d8d38
D:\other\Bird\Dataset\CC0\North Island Brown Kiwi_sound\North Island Brown Kiwi12.mp3,North Island Brown Kiwi_sound\North Island Brown Kiwi12.mp3,North Island Brown Kiwi_sound,North Island Brown Kiwi,North Island Brown Kiwi12.mp3,196086,True,48000,1,792173,16.503604166666666,MP3,MPEG_LAYER_III,117eafc38f5f72d7b62d801c7c0e728dc5af2159c6aa029c4d40954a992d8d38
D:\other\Bird\Dataset\CC0\North Island Brown Kiwi_sound\North Island Brown Kiwi13.mp3,North Island Brown Kiwi_sound\North Island Brown Kiwi13.mp3,North Island Brown Kiwi_sound,North Island Brown Kiwi,North Island Brown Kiwi13.mp3,196086,True,48000,1,792173,16.503604166666666,MP3,MPEG_LAYER_III,117eafc38f5f72d7b62d801c7c0e728dc5af2159c6aa029c4d40954a992d8d38
D:\other\Bird\Dataset\CC0\North Island Brown Kiwi_sound\North Island Brown Kiwi14.mp3,North Island Brown Kiwi_sound\North Island Brown Kiwi14.mp3,North Island Brown Kiwi_sound,North Island Brown Kiwi,North Island Brown Kiwi14.mp3,196086,True,48000,1,792173,16.503604166666666,MP3,MPEG_LAYER_III,117eafc38f5f72d7b62d801c7c0e728dc5af2159c6aa029c4d40954a992d8d38
D:\other\Bird\Dataset\CC0\North Island Brown Kiwi_sound\North Island Brown Kiwi15.mp3,North Island Brown Kiwi_sound\North Island Brown Kiwi15.mp3,North Island Brown Kiwi_sound,North Island Brown Kiwi,North Island Brown Kiwi15.mp3,196086,True,48000,1,792173,16.503604166666666,MP3,MPEG_LAYER_III,117eafc38f5f72d7b62d801c7c0e728dc5af2159c6aa029c4d40954a992d8d38
D:\other\Bird\Dataset\CC0\North Island Brown Kiwi_sound\North Island Brown Kiwi16.mp3,North Island Brown Kiwi_sound\North Island Brown Kiwi16.mp3,North Island Brown Kiwi_sound,North Island Brown Kiwi,North Island Brown Kiwi16.mp3,196086,True,48000,1,792173,16.503604166666666,MP3,MPEG_LAYER_III,117eafc38f5f72d7b62d801c7c0e728dc5af2159c6aa029c4d40954a992d8d38
D:\other\Bird\Dataset\CC0\North Island Brown Kiwi_sound\North Island Brown Kiwi17.mp3,North Island Brown Kiwi_sound\North Island Brown Kiwi17.mp3,North Island Brown Kiwi_sound,North Island Brown Kiwi,North Island Brown Kiwi17.mp3,834434,True,44100,1,911763,20.674897959183674,MP3,MPEG_LAYER_III,98fbfb96a71a582a0f7725c960ac3ea46618e020359e33da66a7b952da1b1b37
D:\other\Bird\Dataset\CC0\North Island Brown Kiwi_sound\North Island Brown Kiwi18.mp3,North Island Brown Kiwi_sound\North Island Brown Kiwi18.mp3,North Island Brown Kiwi_sound,North Island Brown Kiwi,North Island Brown Kiwi18.mp3,834434,True,44100,1,911763,20.674897959183674,MP3,MPEG_LAYER_III,98fbfb96a71a582a0f7725c960ac3ea46618e020359e33da66a7b952da1b1b37
D:\other\Bird\Dataset\CC0\North Island Brown Kiwi_sound\North Island Brown Kiwi19.mp3,North Island Brown Kiwi_sound\North Island Brown Kiwi19.mp3,North Island Brown Kiwi_sound,North Island Brown Kiwi,North Island Brown Kiwi19.mp3,834434,True,44100,1,911763,20.674897959183674,MP3,MPEG_LAYER_III,98fbfb96a71a582a0f7725c960ac3ea46618e020359e33da66a7b952da1b1b37
D:\other\Bird\Dataset\CC0\North Island Brown Kiwi_sound\North Island Brown Kiwi2.mp3,North Island Brown Kiwi_sound\North Island Brown Kiwi2.mp3,North Island Brown Kiwi_sound,North Island Brown Kiwi,North Island Brown Kiwi2.mp3,1425520,True,48000,2,1701933,35.4569375,MP3,MPEG_LAYER_III,0a37c626eae0781a467d40d52a54e2af5ca14ec253b420644de85831538fc949
D:\other\Bird\Dataset\CC0\North Island Brown Kiwi_sound\North Island Brown Kiwi20.mp3,North Island Brown Kiwi_sound\North Island Brown Kiwi20.mp3,North Island Brown Kiwi_sound,North Island Brown Kiwi,North Island Brown Kiwi20.mp3,438647,True,44100,1,1208902,27.412743764172337,MP3,MPEG_LAYER_III,16182736f6110694f02ee4d90e56887fb5efe33688309f286762b9fc62422846
D:\other\Bird\Dataset\CC0\North Island Brown Kiwi_sound\North Island Brown Kiwi3.mp3,North Island Brown Kiwi_sound\North Island Brown Kiwi3.mp3,North Island Brown Kiwi_sound,North Island Brown Kiwi,North Island Brown Kiwi3.mp3,1425520,True,48000,2,1701933,35.4569375,MP3,MPEG_LAYER_III,0a37c626eae0781a467d40d52a54e2af5ca14ec253b420644de85831538fc949
D:\other\Bird\Dataset\CC0\North Island Brown Kiwi_sound\North Island Brown Kiwi4.mp3,North Island Brown Kiwi_sound\North Island Brown Kiwi4.mp3,North Island Brown Kiwi_sound,North Island Brown Kiwi,North Island Brown Kiwi4.mp3,1425520,True,48000,2,1701933,35.4569375,MP3,MPEG_LAYER_III,0a37c626eae0781a467d40d52a54e2af5ca14ec253b420644de85831538fc949
D:\other\Bird\Dataset\CC0\North Island Brown Kiwi_sound\North Island Brown Kiwi5.mp3,North Island Brown Kiwi_sound\North Island Brown Kiwi5.mp3,North Island Brown Kiwi_sound,North Island Brown Kiwi,North Island Brown Kiwi5.mp3,1425520,True,48000,2,1701933,35.4569375,MP3,MPEG_LAYER_III,0a37c626eae0781a467d40d52a54e2af5ca14ec253b420644de85831538fc949
D:\other\Bird\Dataset\CC0\North Island Brown Kiwi_sound\North Island Brown Kiwi6.mp3,North Island Brown Kiwi_sound\North Island Brown Kiwi6.mp3,North Island Brown Kiwi_sound,North Island Brown Kiwi,North Island Brown Kiwi6.mp3,1425520,True,48000,2,1701933,35.4569375,MP3,MPEG_LAYER_III,0a37c626eae0781a467d40d52a54e2af5ca14ec253b420644de85831538fc949
D:\other\Bird\Dataset\CC0\North Island Brown Kiwi_sound\North Island Brown Kiwi7.mp3,North Island Brown Kiwi_sound\North Island Brown Kiwi7.mp3,North Island Brown Kiwi_sound,North Island Brown Kiwi,North Island Brown Kiwi7.mp3,196086,True,48000,1,792173,16.503604166666666,MP3,MPEG_LAYER_III,117eafc38f5f72d7b62d801c7c0e728dc5af2159c6aa029c4d40954a992d8d38
D:\other\Bird\Dataset\CC0\North Island Brown Kiwi_sound\North Island Brown Kiwi8.mp3,North Island Brown Kiwi_sound\North Island Brown Kiwi8.mp3,North Island Brown Kiwi_sound,North Island Brown Kiwi,North Island Brown Kiwi8.mp3,196086,True,48000,1,792173,16.503604166666666,MP3,MPEG_LAYER_III,117eafc38f5f72d7b62d801c7c0e728dc5af2159c6aa029c4d40954a992d8d38
D:\other\Bird\Dataset\CC0\North Island Brown Kiwi_sound\North Island Brown Kiwi9.mp3,North Island Brown Kiwi_sound\North Island Brown Kiwi9.mp3,North Island Brown Kiwi_sound,North Island Brown Kiwi,North Island Brown Kiwi9.mp3,196086,True,48000,1,792173,16.503604166666666,MP3,MPEG_LAYER_III,117eafc38f5f72d7b62d801c7c0e728dc5af2159c6aa029c4d40954a992d8d38
D:\other\Bird\Dataset\CC0\Northern Cassowary_sound\Northern Cassowary2.mp3,Northern Cassowary_sound\Northern Cassowary2.mp3,Northern Cassowary_sound,Northern Cassowary,Northern Cassowary2.mp3,966934,True,44100,2,1323000,30.0,MP3,MPEG_LAYER_III,1c45eb0b3c60619fd22af959e162cab524686a71b7cb92afff3ca29d9c1b2446
D:\other\Bird\Dataset\CC0\Northern Cassowary_sound\Northern Cassowary3.mp3,Northern Cassowary_sound\Northern Cassowary3.mp3,Northern Cassowary_sound,Northern Cassowary,Northern Cassowary3.mp3,330132,True,44100,2,454742,10.311609977324263,MP3,MPEG_LAYER_III,c0c1c85d8db4fe3f25b79cd067caa8474911ec467fae1958610011c0f838d6b9
D:\other\Bird\Dataset\CC0\Northern Cassowary_sound\Northern Cassowary4.mp3,Northern Cassowary_sound\Northern Cassowary4.mp3,Northern Cassowary_sound,Northern Cassowary,Northern Cassowary4.mp3,924001,True,48000,2,1375537,28.657020833333334,MP3,MPEG_LAYER_III,053fccde5c4d74acdd1b9f1f062a0b6dd588d68576b4d3f337587865f6041b7b
D:\other\Bird\Dataset\CC0\Northern Cassowary_sound\Northern Cassowary5.mp3,Northern Cassowary_sound\Northern Cassowary5.mp3,Northern Cassowary_sound,Northern Cassowary,Northern Cassowary5.mp3,682849,True,48000,2,1014395,21.133229166666666,MP3,MPEG_LAYER_III,e65e8d485668fb2e9dd57a6a798b96edb524c580a1b765f81da1195c9a4ac60f
D:\other\Bird\Dataset\CC0\Northern Cassowary_sound\Northern Cassowary6.mp3,Northern Cassowary_sound\Northern Cassowary6.mp3,Northern Cassowary_sound,Northern Cassowary,Northern Cassowary6.mp3,345176,True,44100,2,475472,10.781678004535147,MP3,MPEG_LAYER_III,489825cb73a9c4e8616bca46136b241302af2136daf2532bafff7db55b7ae811
D:\other\Bird\Dataset\CC0\Northern Cassowary_sound\Northern Cassowary7.mp3,Northern Cassowary_sound\Northern Cassowary7.mp3,Northern Cassowary_sound,Northern Cassowary,Northern Cassowary7.mp3,345176,True,44100,2,475472,10.781678004535147,MP3,MPEG_LAYER_III,489825cb73a9c4e8616bca46136b241302af2136daf2532bafff7db55b7ae811
D:\other\Bird\Dataset\CC0\Okarito Kiwi_sound\Okarito Kiwi2.mp3,Okarito Kiwi_sound\Okarito Kiwi2.mp3,Okarito Kiwi_sound,Okarito Kiwi,Okarito Kiwi2.mp3,438647,True,44100,1,1208902,27.412743764172337,MP3,MPEG_LAYER_III,16182736f6110694f02ee4d90e56887fb5efe33688309f286762b9fc62422846
D:\other\Bird\Dataset\CC0\Okarito Kiwi_sound\Okarito Kiwi3.mp3,Okarito Kiwi_sound\Okarito Kiwi3.mp3,Okarito Kiwi_sound,Okarito Kiwi,Okarito Kiwi3.mp3,438647,True,44100,1,1208902,27.412743764172337,MP3,MPEG_LAYER_III,16182736f6110694f02ee4d90e56887fb5efe33688309f286762b9fc62422846
D:\other\Bird\Dataset\CC0\Okarito Kiwi_sound\Okarito Kiwi4.mp3,Okarito Kiwi_sound\Okarito Kiwi4.mp3,Okarito Kiwi_sound,Okarito Kiwi,Okarito Kiwi4.mp3,438647,True,44100,1,1208902,27.412743764172337,MP3,MPEG_LAYER_III,16182736f6110694f02ee4d90e56887fb5efe33688309f286762b9fc62422846
D:\other\Bird\Dataset\CC0\Okarito Kiwi_sound\Okarito Kiwi5.mp3,Okarito Kiwi_sound\Okarito Kiwi5.mp3,Okarito Kiwi_sound,Okarito Kiwi,Okarito Kiwi5.mp3,438647,True,44100,1,1208902,27.412743764172337,MP3,MPEG_LAYER_III,16182736f6110694f02ee4d90e56887fb5efe33688309f286762b9fc62422846
D:\other\Bird\Dataset\CC0\Okarito Kiwi_sound\Okarito Kiwi6.mp3,Okarito Kiwi_sound\Okarito Kiwi6.mp3,Okarito Kiwi_sound,Okarito Kiwi,Okarito Kiwi6.mp3,181949,True,44100,2,241491,5.4759863945578235,MP3,MPEG_LAYER_III,343793f9401089933682b70576901f01022a65f779d8b95899077033709a1d80
D:\other\Bird\Dataset\CC0\Orange-footed Scrubfowl_sound\Orange-footed Scrubfowl10.mp3,Orange-footed Scrubfowl_sound\Orange-footed Scrubfowl10.mp3,Orange-footed Scrubfowl_sound,Orange-footed Scrubfowl,Orange-footed Scrubfowl10.mp3,419863,True,48000,1,1693603,35.28339583333333,MP3,MPEG_LAYER_III,f4c485b9b7c85267e4291f7da6e177a59a5eb3b81db8aeb43a8f4ac66d4b9a8e
D:\other\Bird\Dataset\CC0\Orange-footed Scrubfowl_sound\Orange-footed Scrubfowl11.mp3,Orange-footed Scrubfowl_sound\Orange-footed Scrubfowl11.mp3,Orange-footed Scrubfowl_sound,Orange-footed Scrubfowl,Orange-footed Scrubfowl11.mp3,746369,True,48000,1,2982217,62.12952083333333,MP3,MPEG_LAYER_III,14691bad45c7ed2ecb5948693249bb13b5df2db477540117fc48faff6fe19fa0
D:\other\Bird\Dataset\CC0\Orange-footed Scrubfowl_sound\Orange-footed Scrubfowl12.mp3,Orange-footed Scrubfowl_sound\Orange-footed Scrubfowl12.mp3,Orange-footed Scrubfowl_sound,Orange-footed Scrubfowl,Orange-footed Scrubfowl12.mp3,746369,True,48000,1,2982217,62.12952083333333,MP3,MPEG_LAYER_III,14691bad45c7ed2ecb5948693249bb13b5df2db477540117fc48faff6fe19fa0
D:\other\Bird\Dataset\CC0\Orange-footed Scrubfowl_sound\Orange-footed Scrubfowl13.mp3,Orange-footed Scrubfowl_sound\Orange-footed Scrubfowl13.mp3,Orange-footed Scrubfowl_sound,Orange-footed Scrubfowl,Orange-footed Scrubfowl13.mp3,746369,True,48000,1,2982217,62.12952083333333,MP3,MPEG_LAYER_III,14691bad45c7ed2ecb5948693249bb13b5df2db477540117fc48faff6fe19fa0
D:\other\Bird\Dataset\CC0\Orange-footed Scrubfowl_sound\Orange-footed Scrubfowl14.mp3,Orange-footed Scrubfowl_sound\Orange-footed Scrubfowl14.mp3,Orange-footed Scrubfowl_sound,Orange-footed Scrubfowl,Orange-footed Scrubfowl14.mp3,632182,True,48000,1,2518901,52.47710416666666,MP3,MPEG_LAYER_III,72e7d03746046e9fe7f6aefc9b52244ab50b1e2c05842eb041a9d7cbb435975d
D:\other\Bird\Dataset\CC0\Orange-footed Scrubfowl_sound\Orange-footed Scrubfowl15.mp3,Orange-footed Scrubfowl_sound\Orange-footed Scrubfowl15.mp3,Orange-footed Scrubfowl_sound,Orange-footed Scrubfowl,Orange-footed Scrubfowl15.mp3,632182,True,48000,1,2518901,52.47710416666666,MP3,MPEG_LAYER_III,72e7d03746046e9fe7f6aefc9b52244ab50b1e2c05842eb041a9d7cbb435975d
D:\other\Bird\Dataset\CC0\Orange-footed Scrubfowl_sound\Orange-footed Scrubfowl16.mp3,Orange-footed Scrubfowl_sound\Orange-footed Scrubfowl16.mp3,Orange-footed Scrubfowl_sound,Orange-footed Scrubfowl,Orange-footed Scrubfowl16.mp3,2517734,True,44100,2,4633038,105.05755102040817,MP3,MPEG_LAYER_III,1631296d5570bd8733bfdad1788f3f5d5e6258694ebdc4bf5c89fa653314798c
D:\other\Bird\Dataset\CC0\Orange-footed Scrubfowl_sound\Orange-footed Scrubfowl17.mp3,Orange-footed Scrubfowl_sound\Orange-footed Scrubfowl17.mp3,Orange-footed Scrubfowl_sound,Orange-footed Scrubfowl,Orange-footed Scrubfowl17.mp3,5507510,True,44100,2,10134990,229.81836734693877,MP3,MPEG_LAYER_III,fcd80e6395e930728cdee86822965fecc80aa35ff615af1765879e24ba470420
D:\other\Bird\Dataset\CC0\Orange-footed Scrubfowl_sound\Orange-footed Scrubfowl18.mp3,Orange-footed Scrubfowl_sound\Orange-footed Scrubfowl18.mp3,Orange-footed Scrubfowl_sound,Orange-footed Scrubfowl,Orange-footed Scrubfowl18.mp3,5507510,True,44100,2,10134990,229.81836734693877,MP3,MPEG_LAYER_III,fcd80e6395e930728cdee86822965fecc80aa35ff615af1765879e24ba470420
D:\other\Bird\Dataset\CC0\Orange-footed Scrubfowl_sound\Orange-footed Scrubfowl19.mp3,Orange-footed Scrubfowl_sound\Orange-footed Scrubfowl19.mp3,Orange-footed Scrubfowl_sound,Orange-footed Scrubfowl,Orange-footed Scrubfowl19.mp3,5507510,True,44100,2,10134990,229.81836734693877,MP3,MPEG_LAYER_III,fcd80e6395e930728cdee86822965fecc80aa35ff615af1765879e24ba470420
D:\other\Bird\Dataset\CC0\Orange-footed Scrubfowl_sound\Orange-footed Scrubfowl2.mp3,Orange-footed Scrubfowl_sound\Orange-footed Scrubfowl2.mp3,Orange-footed Scrubfowl_sound,Orange-footed Scrubfowl,Orange-footed Scrubfowl2.mp3,189526,True,44100,2,523582,11.872607709750566,MP3,MPEG_LAYER_III,e261cb04c3066b9ce7d834240007455d61f43ae1f484c1639592355155a19f6b
D:\other\Bird\Dataset\CC0\Orange-footed Scrubfowl_sound\Orange-footed Scrubfowl20.mp3,Orange-footed Scrubfowl_sound\Orange-footed Scrubfowl20.mp3,Orange-footed Scrubfowl_sound,Orange-footed Scrubfowl,Orange-footed Scrubfowl20.mp3,5507510,True,44100,2,10134990,229.81836734693877,MP3,MPEG_LAYER_III,fcd80e6395e930728cdee86822965fecc80aa35ff615af1765879e24ba470420
D:\other\Bird\Dataset\CC0\Orange-footed Scrubfowl_sound\Orange-footed Scrubfowl21.mp3,Orange-footed Scrubfowl_sound\Orange-footed Scrubfowl21.mp3,Orange-footed Scrubfowl_sound,Orange-footed Scrubfowl,Orange-footed Scrubfowl21.mp3,5507510,True,44100,2,10134990,229.81836734693877,MP3,MPEG_LAYER_III,fcd80e6395e930728cdee86822965fecc80aa35ff615af1765879e24ba470420
D:\other\Bird\Dataset\CC0\Orange-footed Scrubfowl_sound\Orange-footed Scrubfowl22.mp3,Orange-footed Scrubfowl_sound\Orange-footed Scrubfowl22.mp3,Orange-footed Scrubfowl_sound,Orange-footed Scrubfowl,Orange-footed Scrubfowl22.mp3,5507510,True,44100,2,10134990,229.81836734693877,MP3,MPEG_LAYER_III,fcd80e6395e930728cdee86822965fecc80aa35ff615af1765879e24ba470420
D:\other\Bird\Dataset\CC0\Orange-footed Scrubfowl_sound\Orange-footed Scrubfowl23.mp3,Orange-footed Scrubfowl_sound\Orange-footed Scrubfowl23.mp3,Orange-footed Scrubfowl_sound,Orange-footed Scrubfowl,Orange-footed Scrubfowl23.mp3,5507510,True,44100,2,10134990,229.81836734693877,MP3,MPEG_LAYER_III,fcd80e6395e930728cdee86822965fecc80aa35ff615af1765879e24ba470420
D:\other\Bird\Dataset\CC0\Orange-footed Scrubfowl_sound\Orange-footed Scrubfowl24.mp3,Orange-footed Scrubfowl_sound\Orange-footed Scrubfowl24.mp3,Orange-footed Scrubfowl_sound,Orange-footed Scrubfowl,Orange-footed Scrubfowl24.mp3,5507510,True,44100,2,10134990,229.81836734693877,MP3,MPEG_LAYER_III,fcd80e6395e930728cdee86822965fecc80aa35ff615af1765879e24ba470420
D:\other\Bird\Dataset\CC0\Orange-footed Scrubfowl_sound\Orange-footed Scrubfowl25.mp3,Orange-footed Scrubfowl_sound\Orange-footed Scrubfowl25.mp3,Orange-footed Scrubfowl_sound,Orange-footed Scrubfowl,Orange-footed Scrubfowl25.mp3,5507510,True,44100,2,10134990,229.81836734693877,MP3,MPEG_LAYER_III,fcd80e6395e930728cdee86822965fecc80aa35ff615af1765879e24ba470420
D:\other\Bird\Dataset\CC0\Orange-footed Scrubfowl_sound\Orange-footed Scrubfowl26.mp3,Orange-footed Scrubfowl_sound\Orange-footed Scrubfowl26.mp3,Orange-footed Scrubfowl_sound,Orange-footed Scrubfowl,Orange-footed Scrubfowl26.mp3,5507510,True,44100,2,10134990,229.81836734693877,MP3,MPEG_LAYER_III,fcd80e6395e930728cdee86822965fecc80aa35ff615af1765879e24ba470420
D:\other\Bird\Dataset\CC0\Orange-footed Scrubfowl_sound\Orange-footed Scrubfowl27.mp3,Orange-footed Scrubfowl_sound\Orange-footed Scrubfowl27.mp3,Orange-footed Scrubfowl_sound,Orange-footed Scrubfowl,Orange-footed Scrubfowl27.mp3,349637,True,44100,1,947453,21.484195011337867,MP3,MPEG_LAYER_III,a24dbd8aed2213dc4d5bf5a320ff217409cd47b6dd72a2a79018a4dd52dfc30d
D:\other\Bird\Dataset\CC0\Orange-footed Scrubfowl_sound\Orange-footed Scrubfowl28.mp3,Orange-footed Scrubfowl_sound\Orange-footed Scrubfowl28.mp3,Orange-footed Scrubfowl_sound,Orange-footed Scrubfowl,Orange-footed Scrubfowl28.mp3,349637,True,44100,1,947453,21.484195011337867,MP3,MPEG_LAYER_III,a24dbd8aed2213dc4d5bf5a320ff217409cd47b6dd72a2a79018a4dd52dfc30d
D:\other\Bird\Dataset\CC0\Orange-footed Scrubfowl_sound\Orange-footed Scrubfowl29.mp3,Orange-footed Scrubfowl_sound\Orange-footed Scrubfowl29.mp3,Orange-footed Scrubfowl_sound,Orange-footed Scrubfowl,Orange-footed Scrubfowl29.mp3,6283868,True,48000,2,9415386,196.153875,MP3,MPEG_LAYER_III,da50ada8608d584e04036d34227d118a55c03d417af1b09f2f8954dc90938ad3
D:\other\Bird\Dataset\CC0\Orange-footed Scrubfowl_sound\Orange-footed Scrubfowl3.mp3,Orange-footed Scrubfowl_sound\Orange-footed Scrubfowl3.mp3,Orange-footed Scrubfowl_sound,Orange-footed Scrubfowl,Orange-footed Scrubfowl3.mp3,117164,True,44100,2,323676,7.3395918367346935,MP3,MPEG_LAYER_III,f57652b84ba1818f35660c1ac237ad6a0367a730c48ed0640d0d8a67b93dac55
D:\other\Bird\Dataset\CC0\Orange-footed Scrubfowl_sound\Orange-footed Scrubfowl30.mp3,Orange-footed Scrubfowl_sound\Orange-footed Scrubfowl30.mp3,Orange-footed Scrubfowl_sound,Orange-footed Scrubfowl,Orange-footed Scrubfowl30.mp3,10212380,True,48000,2,24495420,510.32125,MP3,MPEG_LAYER_III,ace883e2a6cb3065e054772a7aa21596a692c6c85c53ce59387b2ee3f41b350d
D:\other\Bird\Dataset\CC0\Orange-footed Scrubfowl_sound\Orange-footed Scrubfowl31.mp3,Orange-footed Scrubfowl_sound\Orange-footed Scrubfowl31.mp3,Orange-footed Scrubfowl_sound,Orange-footed Scrubfowl,Orange-footed Scrubfowl31.mp3,1408613,True,48000,2,2103064,43.813833333333335,MP3,MPEG_LAYER_III,393f5363e17ab3709687c6760eeb8f7b51d3187887d6b619d482af631ab978d3
D:\other\Bird\Dataset\CC0\Orange-footed Scrubfowl_sound\Orange-footed Scrubfowl4.mp3,Orange-footed Scrubfowl_sound\Orange-footed Scrubfowl4.mp3,Orange-footed Scrubfowl_sound,Orange-footed Scrubfowl,Orange-footed Scrubfowl4.mp3,2089878,True,48000,1,8677985,180.79135416666668,MP3,MPEG_LAYER_III,30bcb7b38465693be1dba03b2d214108605fb3be45ee96b55a053ae7f0eb7c9d
D:\other\Bird\Dataset\CC0\Orange-footed Scrubfowl_sound\Orange-footed Scrubfowl5.mp3,Orange-footed Scrubfowl_sound\Orange-footed Scrubfowl5.mp3,Orange-footed Scrubfowl_sound,Orange-footed Scrubfowl,Orange-footed Scrubfowl5.mp3,387596,True,48000,1,1576611,32.8460625,MP3,MPEG_LAYER_III,96d2e1e4372514941afd7c98d54ebf6ac74793a8dad0ad76c3d068820f0ff6dd
D:\other\Bird\Dataset\CC0\Orange-footed Scrubfowl_sound\Orange-footed Scrubfowl6.mp3,Orange-footed Scrubfowl_sound\Orange-footed Scrubfowl6.mp3,Orange-footed Scrubfowl_sound,Orange-footed Scrubfowl,Orange-footed Scrubfowl6.mp3,307796,True,48000,1,1228426,25.592208333333332,MP3,MPEG_LAYER_III,fe466ddcefde75acc509f157381d705d77570e082891e0392ce1c316cecbe6af
D:\other\Bird\Dataset\CC0\Orange-footed Scrubfowl_sound\Orange-footed Scrubfowl7.mp3,Orange-footed Scrubfowl_sound\Orange-footed Scrubfowl7.mp3,Orange-footed Scrubfowl_sound,Orange-footed Scrubfowl,Orange-footed Scrubfowl7.mp3,510694,True,48000,1,2049149,42.69060416666667,MP3,MPEG_LAYER_III,e4bf2df8be44d5dd4b8aa2eb15cb01afb6280f4a02e6b512facd374169f6e521
D:\other\Bird\Dataset\CC0\Orange-footed Scrubfowl_sound\Orange-footed Scrubfowl8.mp3,Orange-footed Scrubfowl_sound\Orange-footed Scrubfowl8.mp3,Orange-footed Scrubfowl_sound,Orange-footed Scrubfowl,Orange-footed Scrubfowl8.mp3,510694,True,48000,1,2049149,42.69060416666667,MP3,MPEG_LAYER_III,e4bf2df8be44d5dd4b8aa2eb15cb01afb6280f4a02e6b512facd374169f6e521
D:\other\Bird\Dataset\CC0\Orange-footed Scrubfowl_sound\Orange-footed Scrubfowl9.mp3,Orange-footed Scrubfowl_sound\Orange-footed Scrubfowl9.mp3,Orange-footed Scrubfowl_sound,Orange-footed Scrubfowl,Orange-footed Scrubfowl9.mp3,910620,True,48000,1,3653563,76.11589583333334,MP3,MPEG_LAYER_III,57d2fb9254c4619cd0e9a3fcd115ce023caf31b4fa46658185ca4cf26cda1da3
D:\other\Bird\Dataset\CC0\Ornate Tinamou_sound\Ornate Tinamou10.mp3,Ornate Tinamou_sound\Ornate Tinamou10.mp3,Ornate Tinamou_sound,Ornate Tinamou,Ornate Tinamou10.mp3,2096692,True,44100,2,2311236,52.40897959183673,MP3,MPEG_LAYER_III,09b8b5abba98f020be32692d5bb352112f836e6e632ec082f6336503f8d7754b
D:\other\Bird\Dataset\CC0\Ornate Tinamou_sound\Ornate Tinamou11.mp3,Ornate Tinamou_sound\Ornate Tinamou11.mp3,Ornate Tinamou_sound,Ornate Tinamou,Ornate Tinamou11.mp3,2096692,True,44100,2,2311236,52.40897959183673,MP3,MPEG_LAYER_III,09b8b5abba98f020be32692d5bb352112f836e6e632ec082f6336503f8d7754b
D:\other\Bird\Dataset\CC0\Ornate Tinamou_sound\Ornate Tinamou12.mp3,Ornate Tinamou_sound\Ornate Tinamou12.mp3,Ornate Tinamou_sound,Ornate Tinamou,Ornate Tinamou12.mp3,39003,True,44100,1,216016,4.898321995464853,MP3,MPEG_LAYER_III,97fc6b06bd1aee560e4df3add9a3205bb0fe0624fbb9acb338674bb7dab86bc0
D:\other\Bird\Dataset\CC0\Ornate Tinamou_sound\Ornate Tinamou13.mp3,Ornate Tinamou_sound\Ornate Tinamou13.mp3,Ornate Tinamou_sound,Ornate Tinamou,Ornate Tinamou13.mp3,39003,True,44100,1,216016,4.898321995464853,MP3,MPEG_LAYER_III,97fc6b06bd1aee560e4df3add9a3205bb0fe0624fbb9acb338674bb7dab86bc0
D:\other\Bird\Dataset\CC0\Ornate Tinamou_sound\Ornate Tinamou2.mp3,Ornate Tinamou_sound\Ornate Tinamou2.mp3,Ornate Tinamou_sound,Ornate Tinamou,Ornate Tinamou2.mp3,405982,True,44100,1,2237757,50.74278911564626,MP3,MPEG_LAYER_III,ee1b686d5456a6d578bab351d66c0924ada9b5ef05676acf6207ebfd385d0fa6
D:\other\Bird\Dataset\CC0\Ornate Tinamou_sound\Ornate Tinamou3.mp3,Ornate Tinamou_sound\Ornate Tinamou3.mp3,Ornate Tinamou_sound,Ornate Tinamou,Ornate Tinamou3.mp3,149732,True,44100,1,412658,9.35732426303855,MP3,MPEG_LAYER_III,decc356c639955c80c27142bca3352422b338e01c4072db46207009a4dea3939
D:\other\Bird\Dataset\CC0\Ornate Tinamou_sound\Ornate Tinamou4.mp3,Ornate Tinamou_sound\Ornate Tinamou4.mp3,Ornate Tinamou_sound,Ornate Tinamou,Ornate Tinamou4.mp3,893041,True,44100,2,1640802,37.20639455782313,MP3,MPEG_LAYER_III,a979b8efb1ffe60f5f581cc958a3c68c38f4584a5c51e067fce0c3128419d0db
D:\other\Bird\Dataset\CC0\Ornate Tinamou_sound\Ornate Tinamou5.mp3,Ornate Tinamou_sound\Ornate Tinamou5.mp3,Ornate Tinamou_sound,Ornate Tinamou,Ornate Tinamou5.mp3,1434716,True,44100,2,2636033,59.773990929705214,MP3,MPEG_LAYER_III,a275bd2ade0b86ba75b1d08367e05650c2f3eda329878d6085288f36d2470ebc
D:\other\Bird\Dataset\CC0\Ornate Tinamou_sound\Ornate Tinamou6.mp3,Ornate Tinamou_sound\Ornate Tinamou6.mp3,Ornate Tinamou_sound,Ornate Tinamou,Ornate Tinamou6.mp3,221821,True,48000,1,443642,9.242541666666666,MP3,MPEG_LAYER_III,e241cb07eaab87efbc4d7cabaf5f745ba1c95e9687f962836f066ad18d2d34dd
D:\other\Bird\Dataset\CC0\Ornate Tinamou_sound\Ornate Tinamou7.mp3,Ornate Tinamou_sound\Ornate Tinamou7.mp3,Ornate Tinamou_sound,Ornate Tinamou,Ornate Tinamou7.mp3,118354,True,44100,1,326181,7.396394557823129,MP3,MPEG_LAYER_III,31eb6f63768b93a3ceb162a3f5b16196471adbe9d53e15906c70cdb19ddb820d
D:\other\Bird\Dataset\CC0\Ornate Tinamou_sound\Ornate Tinamou8.mp3,Ornate Tinamou_sound\Ornate Tinamou8.mp3,Ornate Tinamou_sound,Ornate Tinamou,Ornate Tinamou8.mp3,215015,True,44100,1,592577,13.437120181405895,MP3,MPEG_LAYER_III,4a974316810bdf9bb18639470b3a273818cedd975fd7b7fb39c5d1b3661c389e
D:\other\Bird\Dataset\CC0\Ornate Tinamou_sound\Ornate Tinamou9.mp3,Ornate Tinamou_sound\Ornate Tinamou9.mp3,Ornate Tinamou_sound,Ornate Tinamou,Ornate Tinamou9.mp3,2096692,True,44100,2,2311236,52.40897959183673,MP3,MPEG_LAYER_III,09b8b5abba98f020be32692d5bb352112f836e6e632ec082f6336503f8d7754b
D:\other\Bird\Dataset\CC0\Pale-browed Tinamou_sound\Pale-browed Tinamou10.mp3,Pale-browed Tinamou_sound\Pale-browed Tinamou10.mp3,Pale-browed Tinamou_sound,Pale-browed Tinamou,Pale-browed Tinamou10.mp3,133508,True,44100,2,350925,7.957482993197279,MP3,MPEG_LAYER_III,c809081945b1254ad9484c328a0fd44cc31d6911a4c1bd0ab28abf319dd829dd
D:\other\Bird\Dataset\CC0\Pale-browed Tinamou_sound\Pale-browed Tinamou11.mp3,Pale-browed Tinamou_sound\Pale-browed Tinamou11.mp3,Pale-browed Tinamou_sound,Pale-browed Tinamou,Pale-browed Tinamou11.mp3,133508,True,44100,2,350925,7.957482993197279,MP3,MPEG_LAYER_III,c809081945b1254ad9484c328a0fd44cc31d6911a4c1bd0ab28abf319dd829dd
D:\other\Bird\Dataset\CC0\Pale-browed Tinamou_sound\Pale-browed Tinamou12.mp3,Pale-browed Tinamou_sound\Pale-browed Tinamou12.mp3,Pale-browed Tinamou_sound,Pale-browed Tinamou,Pale-browed Tinamou12.mp3,133508,True,44100,2,350925,7.957482993197279,MP3,MPEG_LAYER_III,c809081945b1254ad9484c328a0fd44cc31d6911a4c1bd0ab28abf319dd829dd
D:\other\Bird\Dataset\CC0\Pale-browed Tinamou_sound\Pale-browed Tinamou13.mp3,Pale-browed Tinamou_sound\Pale-browed Tinamou13.mp3,Pale-browed Tinamou_sound,Pale-browed Tinamou,Pale-browed Tinamou13.mp3,299613,True,44100,1,825374,18.715963718820863,MP3,MPEG_LAYER_III,0953c8848bd5da5470d05d5b143a4fb7dac7c891513814d320187541e154bef5
D:\other\Bird\Dataset\CC0\Pale-browed Tinamou_sound\Pale-browed Tinamou14.mp3,Pale-browed Tinamou_sound\Pale-browed Tinamou14.mp3,Pale-browed Tinamou_sound,Pale-browed Tinamou,Pale-browed Tinamou14.mp3,299613,True,44100,1,825374,18.715963718820863,MP3,MPEG_LAYER_III,0953c8848bd5da5470d05d5b143a4fb7dac7c891513814d320187541e154bef5
D:\other\Bird\Dataset\CC0\Pale-browed Tinamou_sound\Pale-browed Tinamou15.mp3,Pale-browed Tinamou_sound\Pale-browed Tinamou15.mp3,Pale-browed Tinamou_sound,Pale-browed Tinamou,Pale-browed Tinamou15.mp3,299613,True,44100,1,825374,18.715963718820863,MP3,MPEG_LAYER_III,0953c8848bd5da5470d05d5b143a4fb7dac7c891513814d320187541e154bef5
D:\other\Bird\Dataset\CC0\Pale-browed Tinamou_sound\Pale-browed Tinamou16.mp3,Pale-browed Tinamou_sound\Pale-browed Tinamou16.mp3,Pale-browed Tinamou_sound,Pale-browed Tinamou,Pale-browed Tinamou16.mp3,365020,True,44100,1,2011270,45.60702947845805,MP3,MPEG_LAYER_III,972c112789ec946634a2e081313208cd77fc608d86c71c0ebeab92fbe38caef6
D:\other\Bird\Dataset\CC0\Pale-browed Tinamou_sound\Pale-browed Tinamou17.mp3,Pale-browed Tinamou_sound\Pale-browed Tinamou17.mp3,Pale-browed Tinamou_sound,Pale-browed Tinamou,Pale-browed Tinamou17.mp3,365020,True,44100,1,2011270,45.60702947845805,MP3,MPEG_LAYER_III,972c112789ec946634a2e081313208cd77fc608d86c71c0ebeab92fbe38caef6
D:\other\Bird\Dataset\CC0\Pale-browed Tinamou_sound\Pale-browed Tinamou18.mp3,Pale-browed Tinamou_sound\Pale-browed Tinamou18.mp3,Pale-browed Tinamou_sound,Pale-browed Tinamou,Pale-browed Tinamou18.mp3,365020,True,44100,1,2011270,45.60702947845805,MP3,MPEG_LAYER_III,972c112789ec946634a2e081313208cd77fc608d86c71c0ebeab92fbe38caef6
D:\other\Bird\Dataset\CC0\Pale-browed Tinamou_sound\Pale-browed Tinamou19.mp3,Pale-browed Tinamou_sound\Pale-browed Tinamou19.mp3,Pale-browed Tinamou_sound,Pale-browed Tinamou,Pale-browed Tinamou19.mp3,370114,True,44100,1,1633606,37.04321995464853,MP3,MPEG_LAYER_III,5954c264e451a4b3cc667240f7c83f52dc6650c8b97f7ec9a45762bf451300a5
D:\other\Bird\Dataset\CC0\Pale-browed Tinamou_sound\Pale-browed Tinamou2.mp3,Pale-browed Tinamou_sound\Pale-browed Tinamou2.mp3,Pale-browed Tinamou_sound,Pale-browed Tinamou,Pale-browed Tinamou2.mp3,115972,True,44100,2,303090,6.872789115646259,MP3,MPEG_LAYER_III,2083c3411cf8a0972e23a9838e4d8f7e306f3408111d73d74dfbd2694f1e389d
D:\other\Bird\Dataset\CC0\Pale-browed Tinamou_sound\Pale-browed Tinamou20.mp3,Pale-browed Tinamou_sound\Pale-browed Tinamou20.mp3,Pale-browed Tinamou_sound,Pale-browed Tinamou,Pale-browed Tinamou20.mp3,370114,True,44100,1,1633606,37.04321995464853,MP3,MPEG_LAYER_III,5954c264e451a4b3cc667240f7c83f52dc6650c8b97f7ec9a45762bf451300a5
D:\other\Bird\Dataset\CC0\Pale-browed Tinamou_sound\Pale-browed Tinamou21.mp3,Pale-browed Tinamou_sound\Pale-browed Tinamou21.mp3,Pale-browed Tinamou_sound,Pale-browed Tinamou,Pale-browed Tinamou21.mp3,370114,True,44100,1,1633606,37.04321995464853,MP3,MPEG_LAYER_III,5954c264e451a4b3cc667240f7c83f52dc6650c8b97f7ec9a45762bf451300a5
D:\other\Bird\Dataset\CC0\Pale-browed Tinamou_sound\Pale-browed Tinamou22.mp3,Pale-browed Tinamou_sound\Pale-browed Tinamou22.mp3,Pale-browed Tinamou_sound,Pale-browed Tinamou,Pale-browed Tinamou22.mp3,1052181,True,44100,1,2899790,65.75487528344671,MP3,MPEG_LAYER_III,7aa323ac18fdfc39b5a2b53dc1819c32b58bb93400507add2e7d382d98ba6c56
D:\other\Bird\Dataset\CC0\Pale-browed Tinamou_sound\Pale-browed Tinamou23.mp3,Pale-browed Tinamou_sound\Pale-browed Tinamou23.mp3,Pale-browed Tinamou_sound,Pale-browed Tinamou,Pale-browed Tinamou23.mp3,1643603,True,44100,1,4529738,102.71514739229025,MP3,MPEG_LAYER_III,be04f754e9b3637420649f75c853869401429806d2d6850f49cd08029542d7c6
D:\other\Bird\Dataset\CC0\Pale-browed Tinamou_sound\Pale-browed Tinamou24.mp3,Pale-browed Tinamou_sound\Pale-browed Tinamou24.mp3,Pale-browed Tinamou_sound,Pale-browed Tinamou,Pale-browed Tinamou24.mp3,1643603,True,44100,1,4529738,102.71514739229025,MP3,MPEG_LAYER_III,be04f754e9b3637420649f75c853869401429806d2d6850f49cd08029542d7c6
D:\other\Bird\Dataset\CC0\Pale-browed Tinamou_sound\Pale-browed Tinamou25.mp3,Pale-browed Tinamou_sound\Pale-browed Tinamou25.mp3,Pale-browed Tinamou_sound,Pale-browed Tinamou,Pale-browed Tinamou25.mp3,752210,True,44100,1,2078047,47.12124716553288,MP3,MPEG_LAYER_III,6c4c5124001365b031b7a15a8e7d60a448dd9a255416637a7eabc42fce67da2b
D:\other\Bird\Dataset\CC0\Pale-browed Tinamou_sound\Pale-browed Tinamou26.mp3,Pale-browed Tinamou_sound\Pale-browed Tinamou26.mp3,Pale-browed Tinamou_sound,Pale-browed Tinamou,Pale-browed Tinamou26.mp3,548587,True,44100,1,2019080,45.784126984126985,MP3,MPEG_LAYER_III,192b7f21b8202568818614413ac61fa1fcc17685252f29c00482a6337049b064
D:\other\Bird\Dataset\CC0\Pale-browed Tinamou_sound\Pale-browed Tinamou27.mp3,Pale-browed Tinamou_sound\Pale-browed Tinamou27.mp3,Pale-browed Tinamou_sound,Pale-browed Tinamou,Pale-browed Tinamou27.mp3,289005,True,44100,2,798048,18.096326530612245,MP3,MPEG_LAYER_III,137de222b4bde1e64edc6573e01630ed163a2d3f924d7b81173208e55c738caa
D:\other\Bird\Dataset\CC0\Pale-browed Tinamou_sound\Pale-browed Tinamou28.mp3,Pale-browed Tinamou_sound\Pale-browed Tinamou28.mp3,Pale-browed Tinamou_sound,Pale-browed Tinamou,Pale-browed Tinamou28.mp3,289005,True,44100,2,798048,18.096326530612245,MP3,MPEG_LAYER_III,137de222b4bde1e64edc6573e01630ed163a2d3f924d7b81173208e55c738caa
D:\other\Bird\Dataset\CC0\Pale-browed Tinamou_sound\Pale-browed Tinamou29.mp3,Pale-browed Tinamou_sound\Pale-browed Tinamou29.mp3,Pale-browed Tinamou_sound,Pale-browed Tinamou,Pale-browed Tinamou29.mp3,45943,True,44100,1,127890,2.9,MP3,MPEG_LAYER_III,5bde0cfc7ad09cd80091abafc716ddb7a9ea4bc8f4962187f07dfaea91ed9de4
D:\other\Bird\Dataset\CC0\Pale-browed Tinamou_sound\Pale-browed Tinamou3.mp3,Pale-browed Tinamou_sound\Pale-browed Tinamou3.mp3,Pale-browed Tinamou_sound,Pale-browed Tinamou,Pale-browed Tinamou3.mp3,493433,True,44100,2,1342713,30.447006802721088,MP3,MPEG_LAYER_III,cd077b3ec339c3e0ff772bee66708b6045321da6e403704d20ce4ae543ade6c5
D:\other\Bird\Dataset\CC0\Pale-browed Tinamou_sound\Pale-browed Tinamou30.mp3,Pale-browed Tinamou_sound\Pale-browed Tinamou30.mp3,Pale-browed Tinamou_sound,Pale-browed Tinamou,Pale-browed Tinamou30.mp3,479411,True,44100,1,1503810,34.1,MP3,MPEG_LAYER_III,0761801d8d7e371f3757a9948c6d1dd8153a79aad3443ca04516cd58a89c3f67
D:\other\Bird\Dataset\CC0\Pale-browed Tinamou_sound\Pale-browed Tinamou31.mp3,Pale-browed Tinamou_sound\Pale-browed Tinamou31.mp3,Pale-browed Tinamou_sound,Pale-browed Tinamou,Pale-browed Tinamou31.mp3,55903,True,44100,1,61627,1.397437641723356,MP3,MPEG_LAYER_III,553858d4ca720214568b13cb2ece30285e4f88d04062c895502d31663682a4b3
D:\other\Bird\Dataset\CC0\Pale-browed Tinamou_sound\Pale-browed Tinamou4.mp3,Pale-browed Tinamou_sound\Pale-browed Tinamou4.mp3,Pale-browed Tinamou_sound,Pale-browed Tinamou,Pale-browed Tinamou4.mp3,254716,True,44100,2,685679,15.54827664399093,MP3,MPEG_LAYER_III,2483b43b232532fc51ba78c88a26fad5fc043f20e93353d6ee2eb61c362de938
D:\other\Bird\Dataset\CC0\Pale-browed Tinamou_sound\Pale-browed Tinamou5.mp3,Pale-browed Tinamou_sound\Pale-browed Tinamou5.mp3,Pale-browed Tinamou_sound,Pale-browed Tinamou,Pale-browed Tinamou5.mp3,48246,True,44100,2,116841,2.6494557823129252,MP3,MPEG_LAYER_III,fd6cc20fa282eab497a486ea79235b7274aec41c0d20bc2e81e9e46d6cc4b8b0
D:\other\Bird\Dataset\CC0\Pale-browed Tinamou_sound\Pale-browed Tinamou6.mp3,Pale-browed Tinamou_sound\Pale-browed Tinamou6.mp3,Pale-browed Tinamou_sound,Pale-browed Tinamou,Pale-browed Tinamou6.mp3,126403,True,44100,2,332083,7.530226757369615,MP3,MPEG_LAYER_III,2b0e51d0a6503c9d21f4ad83fd7fa0937c64100469a9d8069626c97a479d7145
D:\other\Bird\Dataset\CC0\Pale-browed Tinamou_sound\Pale-browed Tinamou7.mp3,Pale-browed Tinamou_sound\Pale-browed Tinamou7.mp3,Pale-browed Tinamou_sound,Pale-browed Tinamou,Pale-browed Tinamou7.mp3,133508,True,44100,2,350925,7.957482993197279,MP3,MPEG_LAYER_III,c809081945b1254ad9484c328a0fd44cc31d6911a4c1bd0ab28abf319dd829dd
D:\other\Bird\Dataset\CC0\Pale-browed Tinamou_sound\Pale-browed Tinamou8.mp3,Pale-browed Tinamou_sound\Pale-browed Tinamou8.mp3,Pale-browed Tinamou_sound,Pale-browed Tinamou,Pale-browed Tinamou8.mp3,133508,True,44100,2,350925,7.957482993197279,MP3,MPEG_LAYER_III,c809081945b1254ad9484c328a0fd44cc31d6911a4c1bd0ab28abf319dd829dd
D:\other\Bird\Dataset\CC0\Pale-browed Tinamou_sound\Pale-browed Tinamou9.mp3,Pale-browed Tinamou_sound\Pale-browed Tinamou9.mp3,Pale-browed Tinamou_sound,Pale-browed Tinamou,Pale-browed Tinamou9.mp3,133508,True,44100,2,350925,7.957482993197279,MP3,MPEG_LAYER_III,c809081945b1254ad9484c328a0fd44cc31d6911a4c1bd0ab28abf319dd829dd
D:\other\Bird\Dataset\CC0\Patagonian Tinamou_sound\Patagonian Tinamou2.mp3,Patagonian Tinamou_sound\Patagonian Tinamou2.mp3,Patagonian Tinamou_sound,Patagonian Tinamou,Patagonian Tinamou2.mp3,498244,True,44100,1,1373150,31.13718820861678,MP3,MPEG_LAYER_III,df0598cf9c1ef2c69c9c84ad1d38fc6211cd36818311e72c4318aa00f6f5edec
D:\other\Bird\Dataset\CC0\Philippine Megapode_sound\Philippine Megapode10.mp3,Philippine Megapode_sound\Philippine Megapode10.mp3,Philippine Megapode_sound,Philippine Megapode,Philippine Megapode10.mp3,319157,True,44100,1,1245350,28.23922902494331,MP3,MPEG_LAYER_III,5fef58cba4105ef091ec7fa0d140985a2f6bab69abc282536e9686948bef17da
D:\other\Bird\Dataset\CC0\Philippine Megapode_sound\Philippine Megapode11.mp3,Philippine Megapode_sound\Philippine Megapode11.mp3,Philippine Megapode_sound,Philippine Megapode,Philippine Megapode11.mp3,3917049,True,44100,2,4310584,97.74566893424036,MP3,MPEG_LAYER_III,77ab1ae8c4ddabc824cc9e616a67df348a58dcf1760deb06096b269ca33ee0ee
D:\other\Bird\Dataset\CC0\Philippine Megapode_sound\Philippine Megapode12.mp3,Philippine Megapode_sound\Philippine Megapode12.mp3,Philippine Megapode_sound,Philippine Megapode,Philippine Megapode12.mp3,3917049,True,44100,2,4310584,97.74566893424036,MP3,MPEG_LAYER_III,77ab1ae8c4ddabc824cc9e616a67df348a58dcf1760deb06096b269ca33ee0ee
D:\other\Bird\Dataset\CC0\Philippine Megapode_sound\Philippine Megapode13.mp3,Philippine Megapode_sound\Philippine Megapode13.mp3,Philippine Megapode_sound,Philippine Megapode,Philippine Megapode13.mp3,4282659,True,44100,2,11788114,267.3041723356009,MP3,MPEG_LAYER_III,493aa14dda5616a06baf2ebd9b824d81b68f21520d8deab13379fcb81f711add
D:\other\Bird\Dataset\CC0\Philippine Megapode_sound\Philippine Megapode14.mp3,Philippine Megapode_sound\Philippine Megapode14.mp3,Philippine Megapode_sound,Philippine Megapode,Philippine Megapode14.mp3,4282659,True,44100,2,11788114,267.3041723356009,MP3,MPEG_LAYER_III,493aa14dda5616a06baf2ebd9b824d81b68f21520d8deab13379fcb81f711add
D:\other\Bird\Dataset\CC0\Philippine Megapode_sound\Philippine Megapode15.mp3,Philippine Megapode_sound\Philippine Megapode15.mp3,Philippine Megapode_sound,Philippine Megapode,Philippine Megapode15.mp3,4282659,True,44100,2,11788114,267.3041723356009,MP3,MPEG_LAYER_III,493aa14dda5616a06baf2ebd9b824d81b68f21520d8deab13379fcb81f711add
D:\other\Bird\Dataset\CC0\Philippine Megapode_sound\Philippine Megapode16.mp3,Philippine Megapode_sound\Philippine Megapode16.mp3,Philippine Megapode_sound,Philippine Megapode,Philippine Megapode16.mp3,209883,True,48000,1,1007438,20.988291666666665,MP3,MPEG_LAYER_III,d12ef1fc37440cb3eeb61d1c9cc59ae84c89548dc0cc3282016053a58ef5de9c
D:\other\Bird\Dataset\CC0\Philippine Megapode_sound\Philippine Megapode17.mp3,Philippine Megapode_sound\Philippine Megapode17.mp3,Philippine Megapode_sound,Philippine Megapode,Philippine Megapode17.mp3,209883,True,48000,1,1007438,20.988291666666665,MP3,MPEG_LAYER_III,d12ef1fc37440cb3eeb61d1c9cc59ae84c89548dc0cc3282016053a58ef5de9c
D:\other\Bird\Dataset\CC0\Philippine Megapode_sound\Philippine Megapode18.mp3,Philippine Megapode_sound\Philippine Megapode18.mp3,Philippine Megapode_sound,Philippine Megapode,Philippine Megapode18.mp3,209883,True,48000,1,1007438,20.988291666666665,MP3,MPEG_LAYER_III,d12ef1fc37440cb3eeb61d1c9cc59ae84c89548dc0cc3282016053a58ef5de9c
D:\other\Bird\Dataset\CC0\Philippine Megapode_sound\Philippine Megapode19.mp3,Philippine Megapode_sound\Philippine Megapode19.mp3,Philippine Megapode_sound,Philippine Megapode,Philippine Megapode19.mp3,209883,True,48000,1,1007438,20.988291666666665,MP3,MPEG_LAYER_III,d12ef1fc37440cb3eeb61d1c9cc59ae84c89548dc0cc3282016053a58ef5de9c
D:\other\Bird\Dataset\CC0\Philippine Megapode_sound\Philippine Megapode2.mp3,Philippine Megapode_sound\Philippine Megapode2.mp3,Philippine Megapode_sound,Philippine Megapode,Philippine Megapode2.mp3,1548835,True,44100,2,2845706,64.52848072562358,MP3,MPEG_LAYER_III,bece170ba5700107e364e5fafa98c8ea67570f8dd885f229be94fb25c993080b
D:\other\Bird\Dataset\CC0\Philippine Megapode_sound\Philippine Megapode20.mp3,Philippine Megapode_sound\Philippine Megapode20.mp3,Philippine Megapode_sound,Philippine Megapode,Philippine Megapode20.mp3,209883,True,48000,1,1007438,20.988291666666665,MP3,MPEG_LAYER_III,d12ef1fc37440cb3eeb61d1c9cc59ae84c89548dc0cc3282016053a58ef5de9c
D:\other\Bird\Dataset\CC0\Philippine Megapode_sound\Philippine Megapode3.mp3,Philippine Megapode_sound\Philippine Megapode3.mp3,Philippine Megapode_sound,Philippine Megapode,Philippine Megapode3.mp3,1548835,True,44100,2,2845706,64.52848072562358,MP3,MPEG_LAYER_III,bece170ba5700107e364e5fafa98c8ea67570f8dd885f229be94fb25c993080b
D:\other\Bird\Dataset\CC0\Philippine Megapode_sound\Philippine Megapode4.mp3,Philippine Megapode_sound\Philippine Megapode4.mp3,Philippine Megapode_sound,Philippine Megapode,Philippine Megapode4.mp3,1548835,True,44100,2,2845706,64.52848072562358,MP3,MPEG_LAYER_III,bece170ba5700107e364e5fafa98c8ea67570f8dd885f229be94fb25c993080b
D:\other\Bird\Dataset\CC0\Philippine Megapode_sound\Philippine Megapode5.mp3,Philippine Megapode_sound\Philippine Megapode5.mp3,Philippine Megapode_sound,Philippine Megapode,Philippine Megapode5.mp3,1548835,True,44100,2,2845706,64.52848072562358,MP3,MPEG_LAYER_III,bece170ba5700107e364e5fafa98c8ea67570f8dd885f229be94fb25c993080b
D:\other\Bird\Dataset\CC0\Philippine Megapode_sound\Philippine Megapode6.mp3,Philippine Megapode_sound\Philippine Megapode6.mp3,Philippine Megapode_sound,Philippine Megapode,Philippine Megapode6.mp3,3061078,True,44100,2,3374508,76.51945578231293,MP3,MPEG_LAYER_III,8e203fe2ce025611bc70bb4f4ecf989bf59e3556d67090a51de5bc5c8e6cdb92
D:\other\Bird\Dataset\CC0\Philippine Megapode_sound\Philippine Megapode7.mp3,Philippine Megapode_sound\Philippine Megapode7.mp3,Philippine Megapode_sound,Philippine Megapode,Philippine Megapode7.mp3,9569948,True,44100,2,10542489,239.05870748299319,MP3,MPEG_LAYER_III,355342d02f778f5ddc5f62bfe64fbffe1d5d423aeccc2b978a15056b8f4b82cc
D:\other\Bird\Dataset\CC0\Philippine Megapode_sound\Philippine Megapode8.mp3,Philippine Megapode_sound\Philippine Megapode8.mp3,Philippine Megapode_sound,Philippine Megapode,Philippine Megapode8.mp3,9569948,True,44100,2,10542489,239.05870748299319,MP3,MPEG_LAYER_III,355342d02f778f5ddc5f62bfe64fbffe1d5d423aeccc2b978a15056b8f4b82cc
D:\other\Bird\Dataset\CC0\Philippine Megapode_sound\Philippine Megapode9.mp3,Philippine Megapode_sound\Philippine Megapode9.mp3,Philippine Megapode_sound,Philippine Megapode,Philippine Megapode9.mp3,9569948,True,44100,2,10542489,239.05870748299319,MP3,MPEG_LAYER_III,355342d02f778f5ddc5f62bfe64fbffe1d5d423aeccc2b978a15056b8f4b82cc
D:\other\Bird\Dataset\CC0\Plain Chachalaca_sound\Plain Chachalaca10.mp3,Plain Chachalaca_sound\Plain Chachalaca10.mp3,Plain Chachalaca_sound,Plain Chachalaca,Plain Chachalaca10.mp3,475427,True,44100,2,1310267,29.711269841269843,MP3,MPEG_LAYER_III,ee62e4dfd1a598db70ac3e9296dc68e1eb6bc68c23b8c566d0839ac205d8848b
D:\other\Bird\Dataset\CC0\Plain Chachalaca_sound\Plain Chachalaca11.mp3,Plain Chachalaca_sound\Plain Chachalaca11.mp3,Plain Chachalaca_sound,Plain Chachalaca,Plain Chachalaca11.mp3,2952367,True,44100,1,2975087,67.46229024943311,MP3,MPEG_LAYER_III,14cc31908e2765163268eda30f2691629167914c4240fb337963735d17a53392
D:\other\Bird\Dataset\CC0\Plain Chachalaca_sound\Plain Chachalaca12.mp3,Plain Chachalaca_sound\Plain Chachalaca12.mp3,Plain Chachalaca_sound,Plain Chachalaca,Plain Chachalaca12.mp3,2952367,True,44100,1,2975087,67.46229024943311,MP3,MPEG_LAYER_III,14cc31908e2765163268eda30f2691629167914c4240fb337963735d17a53392
D:\other\Bird\Dataset\CC0\Plain Chachalaca_sound\Plain Chachalaca13.mp3,Plain Chachalaca_sound\Plain Chachalaca13.mp3,Plain Chachalaca_sound,Plain Chachalaca,Plain Chachalaca13.mp3,269835,True,48000,1,526921,10.977520833333333,MP3,MPEG_LAYER_III,d91db142c7c7fc78db9a2dd19278e98884fdbeed2a64d52ea30f73da66d80752
D:\other\Bird\Dataset\CC0\Plain Chachalaca_sound\Plain Chachalaca14.mp3,Plain Chachalaca_sound\Plain Chachalaca14.mp3,Plain Chachalaca_sound,Plain Chachalaca,Plain Chachalaca14.mp3,269835,True,48000,1,526921,10.977520833333333,MP3,MPEG_LAYER_III,d91db142c7c7fc78db9a2dd19278e98884fdbeed2a64d52ea30f73da66d80752
D:\other\Bird\Dataset\CC0\Plain Chachalaca_sound\Plain Chachalaca15.mp3,Plain Chachalaca_sound\Plain Chachalaca15.mp3,Plain Chachalaca_sound,Plain Chachalaca,Plain Chachalaca15.mp3,1485561,True,44100,2,4078159,92.47526077097505,MP3,MPEG_LAYER_III,72ec16faa9dd3efe41a10fcd1c09f1cc4ce1074c95de4462436aa47e90291ef4
D:\other\Bird\Dataset\CC0\Plain Chachalaca_sound\Plain Chachalaca16.mp3,Plain Chachalaca_sound\Plain Chachalaca16.mp3,Plain Chachalaca_sound,Plain Chachalaca,Plain Chachalaca16.mp3,8090249,True,48000,2,24254075,505.29322916666666,MP3,MPEG_LAYER_III,8c7919295730c68ad935a74952595bf2fb7ab8744b73b20faa7fd5799d950731
D:\other\Bird\Dataset\CC0\Plain Chachalaca_sound\Plain Chachalaca17.mp3,Plain Chachalaca_sound\Plain Chachalaca17.mp3,Plain Chachalaca_sound,Plain Chachalaca,Plain Chachalaca17.mp3,1859405,True,48000,2,2231286,46.485125,MP3,MPEG_LAYER_III,ef7fffba09da499eeebd23ff58e70afeddc3e0b3dd7d6f63514b5f7914cf81e0
D:\other\Bird\Dataset\CC0\Plain Chachalaca_sound\Plain Chachalaca18.mp3,Plain Chachalaca_sound\Plain Chachalaca18.mp3,Plain Chachalaca_sound,Plain Chachalaca,Plain Chachalaca18.mp3,1859405,True,48000,2,2231286,46.485125,MP3,MPEG_LAYER_III,ef7fffba09da499eeebd23ff58e70afeddc3e0b3dd7d6f63514b5f7914cf81e0
D:\other\Bird\Dataset\CC0\Plain Chachalaca_sound\Plain Chachalaca19.mp3,Plain Chachalaca_sound\Plain Chachalaca19.mp3,Plain Chachalaca_sound,Plain Chachalaca,Plain Chachalaca19.mp3,1859405,True,48000,2,2231286,46.485125,MP3,MPEG_LAYER_III,ef7fffba09da499eeebd23ff58e70afeddc3e0b3dd7d6f63514b5f7914cf81e0
D:\other\Bird\Dataset\CC0\Plain Chachalaca_sound\Plain Chachalaca2.mp3,Plain Chachalaca_sound\Plain Chachalaca2.mp3,Plain Chachalaca_sound,Plain Chachalaca,Plain Chachalaca2.mp3,1408613,True,48000,2,2103064,43.813833333333335,MP3,MPEG_LAYER_III,393f5363e17ab3709687c6760eeb8f7b51d3187887d6b619d482af631ab978d3
D:\other\Bird\Dataset\CC0\Plain Chachalaca_sound\Plain Chachalaca20.mp3,Plain Chachalaca_sound\Plain Chachalaca20.mp3,Plain Chachalaca_sound,Plain Chachalaca,Plain Chachalaca20.mp3,1554001,True,48000,1,4661619,97.1170625,MP3,MPEG_LAYER_III,eb6d50ffe4ea46bfa6752a9675e9d3fa867fab492f2269432c1081e3c9ea5da1
D:\other\Bird\Dataset\CC0\Plain Chachalaca_sound\Plain Chachalaca21.mp3,Plain Chachalaca_sound\Plain Chachalaca21.mp3,Plain Chachalaca_sound,Plain Chachalaca,Plain Chachalaca21.mp3,1554001,True,48000,1,4661619,97.1170625,MP3,MPEG_LAYER_III,eb6d50ffe4ea46bfa6752a9675e9d3fa867fab492f2269432c1081e3c9ea5da1
D:\other\Bird\Dataset\CC0\Plain Chachalaca_sound\Plain Chachalaca22.mp3,Plain Chachalaca_sound\Plain Chachalaca22.mp3,Plain Chachalaca_sound,Plain Chachalaca,Plain Chachalaca22.mp3,1554001,True,48000,1,4661619,97.1170625,MP3,MPEG_LAYER_III,eb6d50ffe4ea46bfa6752a9675e9d3fa867fab492f2269432c1081e3c9ea5da1
D:\other\Bird\Dataset\CC0\Plain Chachalaca_sound\Plain Chachalaca23.mp3,Plain Chachalaca_sound\Plain Chachalaca23.mp3,Plain Chachalaca_sound,Plain Chachalaca,Plain Chachalaca23.mp3,560265,True,44100,2,1029386,23.342086167800453,MP3,MPEG_LAYER_III,3fff86e102147c283bb6156fcd50f9b11b7472d0b95a0d39c6b3af03b64cd375
D:\other\Bird\Dataset\CC0\Plain Chachalaca_sound\Plain Chachalaca24.mp3,Plain Chachalaca_sound\Plain Chachalaca24.mp3,Plain Chachalaca_sound,Plain Chachalaca,Plain Chachalaca24.mp3,311872,True,22050,1,559359,25.367755102040817,MP3,MPEG_LAYER_III,459e417e2249c6a1597b1c7939f0d0e15a7d36e671e67b8c8b1d47e2ab20a7f5
D:\other\Bird\Dataset\CC0\Plain Chachalaca_sound\Plain Chachalaca25.mp3,Plain Chachalaca_sound\Plain Chachalaca25.mp3,Plain Chachalaca_sound,Plain Chachalaca,Plain Chachalaca25.mp3,311872,True,22050,1,559359,25.367755102040817,MP3,MPEG_LAYER_III,459e417e2249c6a1597b1c7939f0d0e15a7d36e671e67b8c8b1d47e2ab20a7f5
D:\other\Bird\Dataset\CC0\Plain Chachalaca_sound\Plain Chachalaca26.mp3,Plain Chachalaca_sound\Plain Chachalaca26.mp3,Plain Chachalaca_sound,Plain Chachalaca,Plain Chachalaca26.mp3,3316509,True,48000,1,9949143,207.2738125,MP3,MPEG_LAYER_III,d0e2ffadc09859380f3d442c26505724f91b13dee1679a38ebfd902530b04c6c
D:\other\Bird\Dataset\CC0\Plain Chachalaca_sound\Plain Chachalaca27.mp3,Plain Chachalaca_sound\Plain Chachalaca27.mp3,Plain Chachalaca_sound,Plain Chachalaca,Plain Chachalaca27.mp3,3316509,True,48000,1,9949143,207.2738125,MP3,MPEG_LAYER_III,d0e2ffadc09859380f3d442c26505724f91b13dee1679a38ebfd902530b04c6c
D:\other\Bird\Dataset\CC0\Plain Chachalaca_sound\Plain Chachalaca28.mp3,Plain Chachalaca_sound\Plain Chachalaca28.mp3,Plain Chachalaca_sound,Plain Chachalaca,Plain Chachalaca28.mp3,3316509,True,48000,1,9949143,207.2738125,MP3,MPEG_LAYER_III,d0e2ffadc09859380f3d442c26505724f91b13dee1679a38ebfd902530b04c6c
D:\other\Bird\Dataset\CC0\Plain Chachalaca_sound\Plain Chachalaca29.mp3,Plain Chachalaca_sound\Plain Chachalaca29.mp3,Plain Chachalaca_sound,Plain Chachalaca,Plain Chachalaca29.mp3,3316509,True,48000,1,9949143,207.2738125,MP3,MPEG_LAYER_III,d0e2ffadc09859380f3d442c26505724f91b13dee1679a38ebfd902530b04c6c
D:\other\Bird\Dataset\CC0\Plain Chachalaca_sound\Plain Chachalaca3.mp3,Plain Chachalaca_sound\Plain Chachalaca3.mp3,Plain Chachalaca_sound,Plain Chachalaca,Plain Chachalaca3.mp3,1408613,True,48000,2,2103064,43.813833333333335,MP3,MPEG_LAYER_III,393f5363e17ab3709687c6760eeb8f7b51d3187887d6b619d482af631ab978d3
D:\other\Bird\Dataset\CC0\Plain Chachalaca_sound\Plain Chachalaca30.mp3,Plain Chachalaca_sound\Plain Chachalaca30.mp3,Plain Chachalaca_sound,Plain Chachalaca,Plain Chachalaca30.mp3,3316509,True,48000,1,9949143,207.2738125,MP3,MPEG_LAYER_III,d0e2ffadc09859380f3d442c26505724f91b13dee1679a38ebfd902530b04c6c
D:\other\Bird\Dataset\CC0\Plain Chachalaca_sound\Plain Chachalaca31.mp3,Plain Chachalaca_sound\Plain Chachalaca31.mp3,Plain Chachalaca_sound,Plain Chachalaca,Plain Chachalaca31.mp3,3316509,True,48000,1,9949143,207.2738125,MP3,MPEG_LAYER_III,d0e2ffadc09859380f3d442c26505724f91b13dee1679a38ebfd902530b04c6c
D:\other\Bird\Dataset\CC0\Plain Chachalaca_sound\Plain Chachalaca4.mp3,Plain Chachalaca_sound\Plain Chachalaca4.mp3,Plain Chachalaca_sound,Plain Chachalaca,Plain Chachalaca4.mp3,1408613,True,48000,2,2103064,43.813833333333335,MP3,MPEG_LAYER_III,393f5363e17ab3709687c6760eeb8f7b51d3187887d6b619d482af631ab978d3
D:\other\Bird\Dataset\CC0\Plain Chachalaca_sound\Plain Chachalaca5.mp3,Plain Chachalaca_sound\Plain Chachalaca5.mp3,Plain Chachalaca_sound,Plain Chachalaca,Plain Chachalaca5.mp3,475427,True,44100,2,1310267,29.711269841269843,MP3,MPEG_LAYER_III,ee62e4dfd1a598db70ac3e9296dc68e1eb6bc68c23b8c566d0839ac205d8848b
D:\other\Bird\Dataset\CC0\Plain Chachalaca_sound\Plain Chachalaca6.mp3,Plain Chachalaca_sound\Plain Chachalaca6.mp3,Plain Chachalaca_sound,Plain Chachalaca,Plain Chachalaca6.mp3,475427,True,44100,2,1310267,29.711269841269843,MP3,MPEG_LAYER_III,ee62e4dfd1a598db70ac3e9296dc68e1eb6bc68c23b8c566d0839ac205d8848b
D:\other\Bird\Dataset\CC0\Plain Chachalaca_sound\Plain Chachalaca7.mp3,Plain Chachalaca_sound\Plain Chachalaca7.mp3,Plain Chachalaca_sound,Plain Chachalaca,Plain Chachalaca7.mp3,475427,True,44100,2,1310267,29.711269841269843,MP3,MPEG_LAYER_III,ee62e4dfd1a598db70ac3e9296dc68e1eb6bc68c23b8c566d0839ac205d8848b
D:\other\Bird\Dataset\CC0\Plain Chachalaca_sound\Plain Chachalaca8.mp3,Plain Chachalaca_sound\Plain Chachalaca8.mp3,Plain Chachalaca_sound,Plain Chachalaca,Plain Chachalaca8.mp3,475427,True,44100,2,1310267,29.711269841269843,MP3,MPEG_LAYER_III,ee62e4dfd1a598db70ac3e9296dc68e1eb6bc68c23b8c566d0839ac205d8848b
D:\other\Bird\Dataset\CC0\Plain Chachalaca_sound\Plain Chachalaca9.mp3,Plain Chachalaca_sound\Plain Chachalaca9.mp3,Plain Chachalaca_sound,Plain Chachalaca,Plain Chachalaca9.mp3,475427,True,44100,2,1310267,29.711269841269843,MP3,MPEG_LAYER_III,ee62e4dfd1a598db70ac3e9296dc68e1eb6bc68c23b8c566d0839ac205d8848b
D:\other\Bird\Dataset\CC0\Puna Tinamou_sound\Puna Tinamou10.mp3,Puna Tinamou_sound\Puna Tinamou10.mp3,Puna Tinamou_sound,Puna Tinamou,Puna Tinamou10.mp3,492284,True,44100,1,2713450,61.52947845804989,MP3,MPEG_LAYER_III,5616362de1d31e355217a7913221a026daf21bddd9b63384d317c07ffbc44c71
D:\other\Bird\Dataset\CC0\Puna Tinamou_sound\Puna Tinamou11.mp3,Puna Tinamou_sound\Puna Tinamou11.mp3,Puna Tinamou_sound,Puna Tinamou,Puna Tinamou11.mp3,111041,True,44100,1,612053,13.87875283446712,MP3,MPEG_LAYER_III,266824bea88deba409b32919aa3d007c704cf0cad186090ef1977d01410266ce
D:\other\Bird\Dataset\CC0\Puna Tinamou_sound\Puna Tinamou12.mp3,Puna Tinamou_sound\Puna Tinamou12.mp3,Puna Tinamou_sound,Puna Tinamou,Puna Tinamou12.mp3,467526,True,32000,2,1227303,38.35321875,MP3,MPEG_LAYER_III,5ea8d0f84e90f8722d906ba171246677c56ab8f68d03075eea114f80921ee351
D:\other\Bird\Dataset\CC0\Puna Tinamou_sound\Puna Tinamou13.mp3,Puna Tinamou_sound\Puna Tinamou13.mp3,Puna Tinamou_sound,Puna Tinamou,Puna Tinamou13.mp3,498244,True,44100,1,1373150,31.13718820861678,MP3,MPEG_LAYER_III,df0598cf9c1ef2c69c9c84ad1d38fc6211cd36818311e72c4318aa00f6f5edec
D:\other\Bird\Dataset\CC0\Puna Tinamou_sound\Puna Tinamou2.mp3,Puna Tinamou_sound\Puna Tinamou2.mp3,Puna Tinamou_sound,Puna Tinamou,Puna Tinamou2.mp3,250722,True,44100,1,922785,20.924829931972788,MP3,MPEG_LAYER_III,a4c64d6650a56dd378efdd8e25bb2db51ca8841944021fe86fec206cd824540b
D:\other\Bird\Dataset\CC0\Puna Tinamou_sound\Puna Tinamou3.mp3,Puna Tinamou_sound\Puna Tinamou3.mp3,Puna Tinamou_sound,Puna Tinamou,Puna Tinamou3.mp3,250722,True,44100,1,922785,20.924829931972788,MP3,MPEG_LAYER_III,a4c64d6650a56dd378efdd8e25bb2db51ca8841944021fe86fec206cd824540b
D:\other\Bird\Dataset\CC0\Puna Tinamou_sound\Puna Tinamou4.mp3,Puna Tinamou_sound\Puna Tinamou4.mp3,Puna Tinamou_sound,Puna Tinamou,Puna Tinamou4.mp3,250722,True,44100,1,922785,20.924829931972788,MP3,MPEG_LAYER_III,a4c64d6650a56dd378efdd8e25bb2db51ca8841944021fe86fec206cd824540b
D:\other\Bird\Dataset\CC0\Puna Tinamou_sound\Puna Tinamou5.mp3,Puna Tinamou_sound\Puna Tinamou5.mp3,Puna Tinamou_sound,Puna Tinamou,Puna Tinamou5.mp3,620914,True,44100,2,909342,20.62,MP3,MPEG_LAYER_III,d99be54f742f5639b95de062300c890ac75f29b305f3f05fec7b87bb10868d7c
D:\other\Bird\Dataset\CC0\Puna Tinamou_sound\Puna Tinamou6.mp3,Puna Tinamou_sound\Puna Tinamou6.mp3,Puna Tinamou_sound,Puna Tinamou,Puna Tinamou6.mp3,620914,True,44100,2,909342,20.62,MP3,MPEG_LAYER_III,d99be54f742f5639b95de062300c890ac75f29b305f3f05fec7b87bb10868d7c
D:\other\Bird\Dataset\CC0\Puna Tinamou_sound\Puna Tinamou7.mp3,Puna Tinamou_sound\Puna Tinamou7.mp3,Puna Tinamou_sound,Puna Tinamou,Puna Tinamou7.mp3,1320213,True,32000,2,3504638,109.5199375,MP3,MPEG_LAYER_III,e41a5fdb6fba91b4b3d856718465e71563ccc27a6635f9560a29e4d8705f73f0
D:\other\Bird\Dataset\CC0\Puna Tinamou_sound\Puna Tinamou8.mp3,Puna Tinamou_sound\Puna Tinamou8.mp3,Puna Tinamou_sound,Puna Tinamou,Puna Tinamou8.mp3,1206165,True,32000,2,3201132,100.035375,MP3,MPEG_LAYER_III,52b24c67826afac4f06f16e170dec78cfef1f365b4328d0b3b38dc590ff2fe82
D:\other\Bird\Dataset\CC0\Puna Tinamou_sound\Puna Tinamou9.mp3,Puna Tinamou_sound\Puna Tinamou9.mp3,Puna Tinamou_sound,Puna Tinamou,Puna Tinamou9.mp3,1206165,True,32000,2,3201132,100.035375,MP3,MPEG_LAYER_III,52b24c67826afac4f06f16e170dec78cfef1f365b4328d0b3b38dc590ff2fe82
D:\other\Bird\Dataset\CC0\Quebracho Crested Tinamou_sound\Quebracho Crested Tinamou10.mp3,Quebracho Crested Tinamou_sound\Quebracho Crested Tinamou10.mp3,Quebracho Crested Tinamou_sound,Quebracho Crested Tinamou,Quebracho Crested Tinamou10.mp3,65249,True,44100,2,137805,3.1248299319727892,MP3,MPEG_LAYER_III,6ca979c818df69fb2de6a5bf768512df05d1d131e984e36cc0a333b4eb8de8b7
D:\other\Bird\Dataset\CC0\Quebracho Crested Tinamou_sound\Quebracho Crested Tinamou11.mp3,Quebracho Crested Tinamou_sound\Quebracho Crested Tinamou11.mp3,Quebracho Crested Tinamou_sound,Quebracho Crested Tinamou,Quebracho Crested Tinamou11.mp3,250722,True,44100,1,922785,20.924829931972788,MP3,MPEG_LAYER_III,a4c64d6650a56dd378efdd8e25bb2db51ca8841944021fe86fec206cd824540b
D:\other\Bird\Dataset\CC0\Quebracho Crested Tinamou_sound\Quebracho Crested Tinamou2.mp3,Quebracho Crested Tinamou_sound\Quebracho Crested Tinamou2.mp3,Quebracho Crested Tinamou_sound,Quebracho Crested Tinamou,Quebracho Crested Tinamou2.mp3,125420,True,44100,1,461609,10.467324263038549,MP3,MPEG_LAYER_III,bf3c9accd8089fff6f9df9c6fefe387d7fba065b790944e030cf99c65f4c03d2
D:\other\Bird\Dataset\CC0\Quebracho Crested Tinamou_sound\Quebracho Crested Tinamou3.mp3,Quebracho Crested Tinamou_sound\Quebracho Crested Tinamou3.mp3,Quebracho Crested Tinamou_sound,Quebracho Crested Tinamou,Quebracho Crested Tinamou3.mp3,125420,True,44100,1,461609,10.467324263038549,MP3,MPEG_LAYER_III,bf3c9accd8089fff6f9df9c6fefe387d7fba065b790944e030cf99c65f4c03d2
D:\other\Bird\Dataset\CC0\Quebracho Crested Tinamou_sound\Quebracho Crested Tinamou4.mp3,Quebracho Crested Tinamou_sound\Quebracho Crested Tinamou4.mp3,Quebracho Crested Tinamou_sound,Quebracho Crested Tinamou,Quebracho Crested Tinamou4.mp3,708079,True,44100,2,1300968,29.500408163265305,MP3,MPEG_LAYER_III,72271e4fbd7c068b74c52d0ce4831d230b0b6f630cd9a1e03e8fa506fa0dc969
D:\other\Bird\Dataset\CC0\Quebracho Crested Tinamou_sound\Quebracho Crested Tinamou5.mp3,Quebracho Crested Tinamou_sound\Quebracho Crested Tinamou5.mp3,Quebracho Crested Tinamou_sound,Quebracho Crested Tinamou,Quebracho Crested Tinamou5.mp3,708079,True,44100,2,1300968,29.500408163265305,MP3,MPEG_LAYER_III,72271e4fbd7c068b74c52d0ce4831d230b0b6f630cd9a1e03e8fa506fa0dc969
D:\other\Bird\Dataset\CC0\Quebracho Crested Tinamou_sound\Quebracho Crested Tinamou6.mp3,Quebracho Crested Tinamou_sound\Quebracho Crested Tinamou6.mp3,Quebracho Crested Tinamou_sound,Quebracho Crested Tinamou,Quebracho Crested Tinamou6.mp3,708079,True,44100,2,1300968,29.500408163265305,MP3,MPEG_LAYER_III,72271e4fbd7c068b74c52d0ce4831d230b0b6f630cd9a1e03e8fa506fa0dc969
D:\other\Bird\Dataset\CC0\Quebracho Crested Tinamou_sound\Quebracho Crested Tinamou7.mp3,Quebracho Crested Tinamou_sound\Quebracho Crested Tinamou7.mp3,Quebracho Crested Tinamou_sound,Quebracho Crested Tinamou,Quebracho Crested Tinamou7.mp3,593426,True,44100,2,1091819,24.75780045351474,MP3,MPEG_LAYER_III,94c5ce22393e213353b5e3ffe395b896f1cd78e51e193012987cd5b7b7f81870
D:\other\Bird\Dataset\CC0\Quebracho Crested Tinamou_sound\Quebracho Crested Tinamou8.mp3,Quebracho Crested Tinamou_sound\Quebracho Crested Tinamou8.mp3,Quebracho Crested Tinamou_sound,Quebracho Crested Tinamou,Quebracho Crested Tinamou8.mp3,272376,True,44100,1,1002482,22.73201814058957,MP3,MPEG_LAYER_III,2c3eab753478aa2c1e915a79fad0437e987c58e81a4296538687bd0b28440c6b
D:\other\Bird\Dataset\CC0\Quebracho Crested Tinamou_sound\Quebracho Crested Tinamou9.mp3,Quebracho Crested Tinamou_sound\Quebracho Crested Tinamou9.mp3,Quebracho Crested Tinamou_sound,Quebracho Crested Tinamou,Quebracho Crested Tinamou9.mp3,272376,True,44100,1,1002482,22.73201814058957,MP3,MPEG_LAYER_III,2c3eab753478aa2c1e915a79fad0437e987c58e81a4296538687bd0b28440c6b
D:\other\Bird\Dataset\CC0\Red-billed Brushturkey_sound\Red-billed Brushturkey2.mp3,Red-billed Brushturkey_sound\Red-billed Brushturkey2.mp3,Red-billed Brushturkey_sound,Red-billed Brushturkey,Red-billed Brushturkey2.mp3,160198,True,44100,1,441502,10.011383219954649,MP3,MPEG_LAYER_III,3c70b8fbf0e8e8744950b6bc6c56d3323b6dcd6e110b94572429e1675e0f25f2
D:\other\Bird\Dataset\CC0\Red-billed Brushturkey_sound\Red-billed Brushturkey3.mp3,Red-billed Brushturkey_sound\Red-billed Brushturkey3.mp3,Red-billed Brushturkey_sound,Red-billed Brushturkey,Red-billed Brushturkey3.mp3,160198,True,44100,1,441502,10.011383219954649,MP3,MPEG_LAYER_III,3c70b8fbf0e8e8744950b6bc6c56d3323b6dcd6e110b94572429e1675e0f25f2
D:\other\Bird\Dataset\CC0\Red-billed Brushturkey_sound\Red-billed Brushturkey4.mp3,Red-billed Brushturkey_sound\Red-billed Brushturkey4.mp3,Red-billed Brushturkey_sound,Red-billed Brushturkey,Red-billed Brushturkey4.mp3,160198,True,44100,1,441502,10.011383219954649,MP3,MPEG_LAYER_III,3c70b8fbf0e8e8744950b6bc6c56d3323b6dcd6e110b94572429e1675e0f25f2
D:\other\Bird\Dataset\CC0\Red-billed Brushturkey_sound\Red-billed Brushturkey5.mp3,Red-billed Brushturkey_sound\Red-billed Brushturkey5.mp3,Red-billed Brushturkey_sound,Red-billed Brushturkey,Red-billed Brushturkey5.mp3,160198,True,44100,1,441502,10.011383219954649,MP3,MPEG_LAYER_III,3c70b8fbf0e8e8744950b6bc6c56d3323b6dcd6e110b94572429e1675e0f25f2
D:\other\Bird\Dataset\CC0\Red-billed Brushturkey_sound\Red-billed Brushturkey6.mp3,Red-billed Brushturkey_sound\Red-billed Brushturkey6.mp3,Red-billed Brushturkey_sound,Red-billed Brushturkey,Red-billed Brushturkey6.mp3,160198,True,44100,1,441502,10.011383219954649,MP3,MPEG_LAYER_III,3c70b8fbf0e8e8744950b6bc6c56d3323b6dcd6e110b94572429e1675e0f25f2
D:\other\Bird\Dataset\CC0\Red-billed Brushturkey_sound\Red-billed Brushturkey7.mp3,Red-billed Brushturkey_sound\Red-billed Brushturkey7.mp3,Red-billed Brushturkey_sound,Red-billed Brushturkey,Red-billed Brushturkey7.mp3,160198,True,44100,1,441502,10.011383219954649,MP3,MPEG_LAYER_III,3c70b8fbf0e8e8744950b6bc6c56d3323b6dcd6e110b94572429e1675e0f25f2
D:\other\Bird\Dataset\CC0\Red-faced Guan_sound\Red-faced Guan10.mp3,Red-faced Guan_sound\Red-faced Guan10.mp3,Red-faced Guan_sound,Red-faced Guan,Red-faced Guan10.mp3,418734,True,44100,1,2308045,52.336621315192744,MP3,MPEG_LAYER_III,27648902577bfebd59d7a45ba603d6fe55f786066ac00dcccd76cb6a28fb1831
D:\other\Bird\Dataset\CC0\Red-faced Guan_sound\Red-faced Guan11.mp3,Red-faced Guan_sound\Red-faced Guan11.mp3,Red-faced Guan_sound,Red-faced Guan,Red-faced Guan11.mp3,2647585,True,44100,1,7296693,165.45789115646258,MP3,MPEG_LAYER_III,40405b55cb30947ab7cd26cb9088c8e01fa15c98e567b6e86dc2baa43f221adb
D:\other\Bird\Dataset\CC0\Red-faced Guan_sound\Red-faced Guan12.mp3,Red-faced Guan_sound\Red-faced Guan12.mp3,Red-faced Guan_sound,Red-faced Guan,Red-faced Guan12.mp3,2001539,True,44100,1,5529431,125.38392290249433,MP3,MPEG_LAYER_III,780943a377488dd1afbc887c6416fd833be0650e02d7a8174e809b1243d75a53
D:\other\Bird\Dataset\CC0\Red-faced Guan_sound\Red-faced Guan13.mp3,Red-faced Guan_sound\Red-faced Guan13.mp3,Red-faced Guan_sound,Red-faced Guan,Red-faced Guan13.mp3,2001539,True,44100,1,5529431,125.38392290249433,MP3,MPEG_LAYER_III,780943a377488dd1afbc887c6416fd833be0650e02d7a8174e809b1243d75a53
D:\other\Bird\Dataset\CC0\Red-faced Guan_sound\Red-faced Guan14.mp3,Red-faced Guan_sound\Red-faced Guan14.mp3,Red-faced Guan_sound,Red-faced Guan,Red-faced Guan14.mp3,2001539,True,44100,1,5529431,125.38392290249433,MP3,MPEG_LAYER_III,780943a377488dd1afbc887c6416fd833be0650e02d7a8174e809b1243d75a53
D:\other\Bird\Dataset\CC0\Red-faced Guan_sound\Red-faced Guan15.mp3,Red-faced Guan_sound\Red-faced Guan15.mp3,Red-faced Guan_sound,Red-faced Guan,Red-faced Guan15.mp3,2001539,True,44100,1,5529431,125.38392290249433,MP3,MPEG_LAYER_III,780943a377488dd1afbc887c6416fd833be0650e02d7a8174e809b1243d75a53
D:\other\Bird\Dataset\CC0\Red-faced Guan_sound\Red-faced Guan16.mp3,Red-faced Guan_sound\Red-faced Guan16.mp3,Red-faced Guan_sound,Red-faced Guan,Red-faced Guan16.mp3,2001539,True,44100,1,5529431,125.38392290249433,MP3,MPEG_LAYER_III,780943a377488dd1afbc887c6416fd833be0650e02d7a8174e809b1243d75a53
D:\other\Bird\Dataset\CC0\Red-faced Guan_sound\Red-faced Guan17.mp3,Red-faced Guan_sound\Red-faced Guan17.mp3,Red-faced Guan_sound,Red-faced Guan,Red-faced Guan17.mp3,2001539,True,44100,1,5529431,125.38392290249433,MP3,MPEG_LAYER_III,780943a377488dd1afbc887c6416fd833be0650e02d7a8174e809b1243d75a53
D:\other\Bird\Dataset\CC0\Red-faced Guan_sound\Red-faced Guan18.mp3,Red-faced Guan_sound\Red-faced Guan18.mp3,Red-faced Guan_sound,Red-faced Guan,Red-faced Guan18.mp3,2001539,True,44100,1,5529431,125.38392290249433,MP3,MPEG_LAYER_III,780943a377488dd1afbc887c6416fd833be0650e02d7a8174e809b1243d75a53
D:\other\Bird\Dataset\CC0\Red-faced Guan_sound\Red-faced Guan19.mp3,Red-faced Guan_sound\Red-faced Guan19.mp3,Red-faced Guan_sound,Red-faced Guan,Red-faced Guan19.mp3,578145,True,44100,1,1593356,36.13052154195012,MP3,MPEG_LAYER_III,c261818b86114f2f205691ec57c6ad25e41e3404c9a0634a4a950f16ad6a1888
D:\other\Bird\Dataset\CC0\Red-faced Guan_sound\Red-faced Guan2.mp3,Red-faced Guan_sound\Red-faced Guan2.mp3,Red-faced Guan_sound,Red-faced Guan,Red-faced Guan2.mp3,169781,True,44100,1,467913,10.610272108843537,MP3,MPEG_LAYER_III,8d285d50b3c00b609f739e712b99d92473e7c633f029e4fe44c7e94c3ffe13b8
D:\other\Bird\Dataset\CC0\Red-faced Guan_sound\Red-faced Guan20.mp3,Red-faced Guan_sound\Red-faced Guan20.mp3,Red-faced Guan_sound,Red-faced Guan,Red-faced Guan20.mp3,967656,True,44100,1,2666841,60.472585034013605,MP3,MPEG_LAYER_III,4f9278d0ceccee12e02d9c71f387348dbd7c3a7118ba5e4318d3077c8c814aa0
D:\other\Bird\Dataset\CC0\Red-faced Guan_sound\Red-faced Guan21.mp3,Red-faced Guan_sound\Red-faced Guan21.mp3,Red-faced Guan_sound,Red-faced Guan,Red-faced Guan21.mp3,367364,True,44100,1,2034631,46.136757369614514,MP3,MPEG_LAYER_III,597113b5741ddfdf9ffa1879d78f7f828ed1b30b727c332490cd5d79d8238700
D:\other\Bird\Dataset\CC0\Red-faced Guan_sound\Red-faced Guan22.mp3,Red-faced Guan_sound\Red-faced Guan22.mp3,Red-faced Guan_sound,Red-faced Guan,Red-faced Guan22.mp3,393211,True,44100,1,2167363,49.14655328798186,MP3,MPEG_LAYER_III,4449805124671a80dae3499dc18d413295dc1901f90c53f1279f9e9a8319ff48
D:\other\Bird\Dataset\CC0\Red-faced Guan_sound\Red-faced Guan23.mp3,Red-faced Guan_sound\Red-faced Guan23.mp3,Red-faced Guan_sound,Red-faced Guan,Red-faced Guan23.mp3,331636,True,44100,2,891904,20.224580498866214,MP3,MPEG_LAYER_III,363c056964ae71fc7d3c60ab9af530ed06adb6af3ebf87d55736c6456c1bc0d9
D:\other\Bird\Dataset\CC0\Red-faced Guan_sound\Red-faced Guan24.mp3,Red-faced Guan_sound\Red-faced Guan24.mp3,Red-faced Guan_sound,Red-faced Guan,Red-faced Guan24.mp3,586274,True,44100,2,1615759,36.6385260770975,MP3,MPEG_LAYER_III,12a5eebd983a7a325a919b54084aaa9d0a574e6c8a5c8b2a5ef2ba04a3779aeb
D:\other\Bird\Dataset\CC0\Red-faced Guan_sound\Red-faced Guan25.mp3,Red-faced Guan_sound\Red-faced Guan25.mp3,Red-faced Guan_sound,Red-faced Guan,Red-faced Guan25.mp3,148257,True,44100,1,817186,18.530294784580498,MP3,MPEG_LAYER_III,f535a8b0d807da4143c15ee18d4e056cbf6f99d44c51e8b9464f2431ef18b730
D:\other\Bird\Dataset\CC0\Red-faced Guan_sound\Red-faced Guan3.mp3,Red-faced Guan_sound\Red-faced Guan3.mp3,Red-faced Guan_sound,Red-faced Guan,Red-faced Guan3.mp3,169781,True,44100,1,467913,10.610272108843537,MP3,MPEG_LAYER_III,8d285d50b3c00b609f739e712b99d92473e7c633f029e4fe44c7e94c3ffe13b8
D:\other\Bird\Dataset\CC0\Red-faced Guan_sound\Red-faced Guan4.mp3,Red-faced Guan_sound\Red-faced Guan4.mp3,Red-faced Guan_sound,Red-faced Guan,Red-faced Guan4.mp3,169781,True,44100,1,467913,10.610272108843537,MP3,MPEG_LAYER_III,8d285d50b3c00b609f739e712b99d92473e7c633f029e4fe44c7e94c3ffe13b8
D:\other\Bird\Dataset\CC0\Red-faced Guan_sound\Red-faced Guan5.mp3,Red-faced Guan_sound\Red-faced Guan5.mp3,Red-faced Guan_sound,Red-faced Guan,Red-faced Guan5.mp3,169781,True,44100,1,467913,10.610272108843537,MP3,MPEG_LAYER_III,8d285d50b3c00b609f739e712b99d92473e7c633f029e4fe44c7e94c3ffe13b8
D:\other\Bird\Dataset\CC0\Red-faced Guan_sound\Red-faced Guan6.mp3,Red-faced Guan_sound\Red-faced Guan6.mp3,Red-faced Guan_sound,Red-faced Guan,Red-faced Guan6.mp3,169781,True,44100,1,467913,10.610272108843537,MP3,MPEG_LAYER_III,8d285d50b3c00b609f739e712b99d92473e7c633f029e4fe44c7e94c3ffe13b8
D:\other\Bird\Dataset\CC0\Red-faced Guan_sound\Red-faced Guan7.mp3,Red-faced Guan_sound\Red-faced Guan7.mp3,Red-faced Guan_sound,Red-faced Guan,Red-faced Guan7.mp3,169781,True,44100,1,467913,10.610272108843537,MP3,MPEG_LAYER_III,8d285d50b3c00b609f739e712b99d92473e7c633f029e4fe44c7e94c3ffe13b8
D:\other\Bird\Dataset\CC0\Red-faced Guan_sound\Red-faced Guan8.mp3,Red-faced Guan_sound\Red-faced Guan8.mp3,Red-faced Guan_sound,Red-faced Guan,Red-faced Guan8.mp3,685969,True,44100,1,1890517,42.868866213151925,MP3,MPEG_LAYER_III,e0aa6a9e44970aaf0c4092a8f3d467ed02cf323fc653e0a4f244b902ad8b790c
D:\other\Bird\Dataset\CC0\Red-faced Guan_sound\Red-faced Guan9.mp3,Red-faced Guan_sound\Red-faced Guan9.mp3,Red-faced Guan_sound,Red-faced Guan,Red-faced Guan9.mp3,219010,True,44100,1,1212978,27.505170068027212,MP3,MPEG_LAYER_III,d76e648cd318d3c49717cf7b8c64d95c336469fd6a9b3bf09abb53e4fe3552b2
D:\other\Bird\Dataset\CC0\Red-legged Tinamou_sound\Red-legged Tinamou10.mp3,Red-legged Tinamou_sound\Red-legged Tinamou10.mp3,Red-legged Tinamou_sound,Red-legged Tinamou,Red-legged Tinamou10.mp3,1158325,True,44100,1,3192321,72.388231292517,MP3,MPEG_LAYER_III,becbff60272bc28c53ee654691b6598670c0e0c0cb80ecb88a9185374df18823
D:\other\Bird\Dataset\CC0\Red-legged Tinamou_sound\Red-legged Tinamou11.mp3,Red-legged Tinamou_sound\Red-legged Tinamou11.mp3,Red-legged Tinamou_sound,Red-legged Tinamou,Red-legged Tinamou11.mp3,1158325,True,44100,1,3192321,72.388231292517,MP3,MPEG_LAYER_III,becbff60272bc28c53ee654691b6598670c0e0c0cb80ecb88a9185374df18823
D:\other\Bird\Dataset\CC0\Red-legged Tinamou_sound\Red-legged Tinamou12.mp3,Red-legged Tinamou_sound\Red-legged Tinamou12.mp3,Red-legged Tinamou_sound,Red-legged Tinamou,Red-legged Tinamou12.mp3,1158325,True,44100,1,3192321,72.388231292517,MP3,MPEG_LAYER_III,becbff60272bc28c53ee654691b6598670c0e0c0cb80ecb88a9185374df18823
D:\other\Bird\Dataset\CC0\Red-legged Tinamou_sound\Red-legged Tinamou13.mp3,Red-legged Tinamou_sound\Red-legged Tinamou13.mp3,Red-legged Tinamou_sound,Red-legged Tinamou,Red-legged Tinamou13.mp3,1158325,True,44100,1,3192321,72.388231292517,MP3,MPEG_LAYER_III,becbff60272bc28c53ee654691b6598670c0e0c0cb80ecb88a9185374df18823
D:\other\Bird\Dataset\CC0\Red-legged Tinamou_sound\Red-legged Tinamou14.mp3,Red-legged Tinamou_sound\Red-legged Tinamou14.mp3,Red-legged Tinamou_sound,Red-legged Tinamou,Red-legged Tinamou14.mp3,463448,True,44100,1,1681228,38.12308390022676,MP3,MPEG_LAYER_III,1ef1597cb6360efb0dfb8ba4de434d03a5facd272bcac862719011490515d6cc
D:\other\Bird\Dataset\CC0\Red-legged Tinamou_sound\Red-legged Tinamou15.mp3,Red-legged Tinamou_sound\Red-legged Tinamou15.mp3,Red-legged Tinamou_sound,Red-legged Tinamou,Red-legged Tinamou15.mp3,342464,True,44100,1,1259971,28.57077097505669,MP3,MPEG_LAYER_III,dfffdd7516069449bc8264ad1fd6033d1d5c06c9567824359d92e53eaf2b8ec4
D:\other\Bird\Dataset\CC0\Red-legged Tinamou_sound\Red-legged Tinamou16.mp3,Red-legged Tinamou_sound\Red-legged Tinamou16.mp3,Red-legged Tinamou_sound,Red-legged Tinamou,Red-legged Tinamou16.mp3,62057,True,44100,1,201534,4.5699319727891154,MP3,MPEG_LAYER_III,fbd0f285f5790945975c7130bc79f8cb8eadbc00c156eeaa5e1890e89cb2131e
D:\other\Bird\Dataset\CC0\Red-legged Tinamou_sound\Red-legged Tinamou17.mp3,Red-legged Tinamou_sound\Red-legged Tinamou17.mp3,Red-legged Tinamou_sound,Red-legged Tinamou,Red-legged Tinamou17.mp3,70250,True,44100,1,233022,5.283945578231292,MP3,MPEG_LAYER_III,dae35646c51cb555843483c562395390df8cd66418f3c02eaf75a7263d8c2599
D:\other\Bird\Dataset\CC0\Red-legged Tinamou_sound\Red-legged Tinamou18.mp3,Red-legged Tinamou_sound\Red-legged Tinamou18.mp3,Red-legged Tinamou_sound,Red-legged Tinamou,Red-legged Tinamou18.mp3,819828,True,44100,1,2988934,67.77628117913832,MP3,MPEG_LAYER_III,e9f7907773bece6947b941084024349230b30c1f0c2b2c0b6809def1fb81a10b
D:\other\Bird\Dataset\CC0\Red-legged Tinamou_sound\Red-legged Tinamou19.mp3,Red-legged Tinamou_sound\Red-legged Tinamou19.mp3,Red-legged Tinamou_sound,Red-legged Tinamou,Red-legged Tinamou19.mp3,383419,True,44100,1,1410706,31.988798185941043,MP3,MPEG_LAYER_III,c44fd1147658f474adbfc9e45c91a41cfeb8ce68a508f78a6d026da9fa838886
D:\other\Bird\Dataset\CC0\Red-legged Tinamou_sound\Red-legged Tinamou2.mp3,Red-legged Tinamou_sound\Red-legged Tinamou2.mp3,Red-legged Tinamou_sound,Red-legged Tinamou,Red-legged Tinamou2.mp3,403890,True,44100,1,1486050,33.697278911564624,MP3,MPEG_LAYER_III,91c784370bba0a854d54054a2564ba0bef549e800877661a61554ab1c5819713
D:\other\Bird\Dataset\CC0\Red-legged Tinamou_sound\Red-legged Tinamou20.mp3,Red-legged Tinamou_sound\Red-legged Tinamou20.mp3,Red-legged Tinamou_sound,Red-legged Tinamou,Red-legged Tinamou20.mp3,434775,True,44100,1,1575288,35.72081632653061,MP3,MPEG_LAYER_III,17ef2e33f741241e8f79a47f42f119ebbfc678b934497a861a1445dcd2d01572
D:\other\Bird\Dataset\CC0\Red-legged Tinamou_sound\Red-legged Tinamou21.mp3,Red-legged Tinamou_sound\Red-legged Tinamou21.mp3,Red-legged Tinamou_sound,Red-legged Tinamou,Red-legged Tinamou21.mp3,434775,True,44100,1,1575288,35.72081632653061,MP3,MPEG_LAYER_III,17ef2e33f741241e8f79a47f42f119ebbfc678b934497a861a1445dcd2d01572
D:\other\Bird\Dataset\CC0\Red-legged Tinamou_sound\Red-legged Tinamou22.mp3,Red-legged Tinamou_sound\Red-legged Tinamou22.mp3,Red-legged Tinamou_sound,Red-legged Tinamou,Red-legged Tinamou22.mp3,434775,True,44100,1,1575288,35.72081632653061,MP3,MPEG_LAYER_III,17ef2e33f741241e8f79a47f42f119ebbfc678b934497a861a1445dcd2d01572
D:\other\Bird\Dataset\CC0\Red-legged Tinamou_sound\Red-legged Tinamou23.mp3,Red-legged Tinamou_sound\Red-legged Tinamou23.mp3,Red-legged Tinamou_sound,Red-legged Tinamou,Red-legged Tinamou23.mp3,434775,True,44100,1,1575288,35.72081632653061,MP3,MPEG_LAYER_III,17ef2e33f741241e8f79a47f42f119ebbfc678b934497a861a1445dcd2d01572
D:\other\Bird\Dataset\CC0\Red-legged Tinamou_sound\Red-legged Tinamou24.mp3,Red-legged Tinamou_sound\Red-legged Tinamou24.mp3,Red-legged Tinamou_sound,Red-legged Tinamou,Red-legged Tinamou24.mp3,434775,True,44100,1,1575288,35.72081632653061,MP3,MPEG_LAYER_III,17ef2e33f741241e8f79a47f42f119ebbfc678b934497a861a1445dcd2d01572
D:\other\Bird\Dataset\CC0\Red-legged Tinamou_sound\Red-legged Tinamou25.mp3,Red-legged Tinamou_sound\Red-legged Tinamou25.mp3,Red-legged Tinamou_sound,Red-legged Tinamou,Red-legged Tinamou25.mp3,434775,True,44100,1,1575288,35.72081632653061,MP3,MPEG_LAYER_III,17ef2e33f741241e8f79a47f42f119ebbfc678b934497a861a1445dcd2d01572
D:\other\Bird\Dataset\CC0\Red-legged Tinamou_sound\Red-legged Tinamou26.mp3,Red-legged Tinamou_sound\Red-legged Tinamou26.mp3,Red-legged Tinamou_sound,Red-legged Tinamou,Red-legged Tinamou26.mp3,58436,True,44100,1,193846,4.395600907029478,MP3,MPEG_LAYER_III,14b0dcb847f2ea750a1de000272bccb81c7a9426064c00eb087a8e47f310e9c8
D:\other\Bird\Dataset\CC0\Red-legged Tinamou_sound\Red-legged Tinamou27.mp3,Red-legged Tinamou_sound\Red-legged Tinamou27.mp3,Red-legged Tinamou_sound,Red-legged Tinamou,Red-legged Tinamou27.mp3,58436,True,44100,1,193846,4.395600907029478,MP3,MPEG_LAYER_III,14b0dcb847f2ea750a1de000272bccb81c7a9426064c00eb087a8e47f310e9c8
D:\other\Bird\Dataset\CC0\Red-legged Tinamou_sound\Red-legged Tinamou28.mp3,Red-legged Tinamou_sound\Red-legged Tinamou28.mp3,Red-legged Tinamou_sound,Red-legged Tinamou,Red-legged Tinamou28.mp3,58436,True,44100,1,193846,4.395600907029478,MP3,MPEG_LAYER_III,14b0dcb847f2ea750a1de000272bccb81c7a9426064c00eb087a8e47f310e9c8
D:\other\Bird\Dataset\CC0\Red-legged Tinamou_sound\Red-legged Tinamou29.mp3,Red-legged Tinamou_sound\Red-legged Tinamou29.mp3,Red-legged Tinamou_sound,Red-legged Tinamou,Red-legged Tinamou29.mp3,58436,True,44100,1,193846,4.395600907029478,MP3,MPEG_LAYER_III,14b0dcb847f2ea750a1de000272bccb81c7a9426064c00eb087a8e47f310e9c8
D:\other\Bird\Dataset\CC0\Red-legged Tinamou_sound\Red-legged Tinamou3.mp3,Red-legged Tinamou_sound\Red-legged Tinamou3.mp3,Red-legged Tinamou_sound,Red-legged Tinamou,Red-legged Tinamou3.mp3,608280,True,44100,1,2214906,50.22462585034014,MP3,MPEG_LAYER_III,dd69574e6f0268c593375f96bef38a429ed74a0347581d79d4a78e6e66eb18bd
D:\other\Bird\Dataset\CC0\Red-legged Tinamou_sound\Red-legged Tinamou30.mp3,Red-legged Tinamou_sound\Red-legged Tinamou30.mp3,Red-legged Tinamou_sound,Red-legged Tinamou,Red-legged Tinamou30.mp3,58436,True,44100,1,193846,4.395600907029478,MP3,MPEG_LAYER_III,14b0dcb847f2ea750a1de000272bccb81c7a9426064c00eb087a8e47f310e9c8
D:\other\Bird\Dataset\CC0\Red-legged Tinamou_sound\Red-legged Tinamou31.mp3,Red-legged Tinamou_sound\Red-legged Tinamou31.mp3,Red-legged Tinamou_sound,Red-legged Tinamou,Red-legged Tinamou31.mp3,58436,True,44100,1,193846,4.395600907029478,MP3,MPEG_LAYER_III,14b0dcb847f2ea750a1de000272bccb81c7a9426064c00eb087a8e47f310e9c8
D:\other\Bird\Dataset\CC0\Red-legged Tinamou_sound\Red-legged Tinamou4.mp3,Red-legged Tinamou_sound\Red-legged Tinamou4.mp3,Red-legged Tinamou_sound,Red-legged Tinamou,Red-legged Tinamou4.mp3,701044,True,44100,1,2549357,57.80854875283447,MP3,MPEG_LAYER_III,3dcd1a537e8006a8cc557843a3afc1e9966d46ec18845b748021e5bdb68fcdd9
D:\other\Bird\Dataset\CC0\Red-legged Tinamou_sound\Red-legged Tinamou5.mp3,Red-legged Tinamou_sound\Red-legged Tinamou5.mp3,Red-legged Tinamou_sound,Red-legged Tinamou,Red-legged Tinamou5.mp3,701044,True,44100,1,2550982,57.845396825396826,MP3,MPEG_LAYER_III,a5f4d110d8246c59687211616f422424ff2b1463e2d3dd01157b4a47a2038d8e
D:\other\Bird\Dataset\CC0\Red-legged Tinamou_sound\Red-legged Tinamou6.mp3,Red-legged Tinamou_sound\Red-legged Tinamou6.mp3,Red-legged Tinamou_sound,Red-legged Tinamou,Red-legged Tinamou6.mp3,701044,True,44100,1,2550982,57.845396825396826,MP3,MPEG_LAYER_III,a5f4d110d8246c59687211616f422424ff2b1463e2d3dd01157b4a47a2038d8e
D:\other\Bird\Dataset\CC0\Red-legged Tinamou_sound\Red-legged Tinamou7.mp3,Red-legged Tinamou_sound\Red-legged Tinamou7.mp3,Red-legged Tinamou_sound,Red-legged Tinamou,Red-legged Tinamou7.mp3,1117707,True,44100,2,1232010,27.93673469387755,MP3,MPEG_LAYER_III,bd6b92e0a194d07ca3f6a136ecdfb89534e65895c2733da5a4d55606ed1fabb2
D:\other\Bird\Dataset\CC0\Red-legged Tinamou_sound\Red-legged Tinamou8.mp3,Red-legged Tinamou_sound\Red-legged Tinamou8.mp3,Red-legged Tinamou_sound,Red-legged Tinamou,Red-legged Tinamou8.mp3,1158325,True,44100,1,3192321,72.388231292517,MP3,MPEG_LAYER_III,becbff60272bc28c53ee654691b6598670c0e0c0cb80ecb88a9185374df18823
D:\other\Bird\Dataset\CC0\Red-legged Tinamou_sound\Red-legged Tinamou9.mp3,Red-legged Tinamou_sound\Red-legged Tinamou9.mp3,Red-legged Tinamou_sound,Red-legged Tinamou,Red-legged Tinamou9.mp3,1158325,True,44100,1,3192321,72.388231292517,MP3,MPEG_LAYER_III,becbff60272bc28c53ee654691b6598670c0e0c0cb80ecb88a9185374df18823
D:\other\Bird\Dataset\CC0\Red-throated Piping Guan_sound\Red-throated Piping Guan10.mp3,Red-throated Piping Guan_sound\Red-throated Piping Guan10.mp3,Red-throated Piping Guan_sound,Red-throated Piping Guan,Red-throated Piping Guan10.mp3,1499149,True,48000,2,2998298,62.46454166666667,MP3,MPEG_LAYER_III,e6ccd1f1ba361fd804305d0650369793d3f61f9e6861c38b9ff8c2a24f25be27
D:\other\Bird\Dataset\CC0\Red-throated Piping Guan_sound\Red-throated Piping Guan11.mp3,Red-throated Piping Guan_sound\Red-throated Piping Guan11.mp3,Red-throated Piping Guan_sound,Red-throated Piping Guan,Red-throated Piping Guan11.mp3,1499149,True,48000,2,2998298,62.46454166666667,MP3,MPEG_LAYER_III,e6ccd1f1ba361fd804305d0650369793d3f61f9e6861c38b9ff8c2a24f25be27
D:\other\Bird\Dataset\CC0\Red-throated Piping Guan_sound\Red-throated Piping Guan12.mp3,Red-throated Piping Guan_sound\Red-throated Piping Guan12.mp3,Red-throated Piping Guan_sound,Red-throated Piping Guan,Red-throated Piping Guan12.mp3,315057,True,48000,1,2520456,52.5095,MP3,MPEG_LAYER_III,610fac7bf3d019836d3a9696e6f0a2a36962ca6be104e1fd346364a2cea6914e
D:\other\Bird\Dataset\CC0\Red-throated Piping Guan_sound\Red-throated Piping Guan13.mp3,Red-throated Piping Guan_sound\Red-throated Piping Guan13.mp3,Red-throated Piping Guan_sound,Red-throated Piping Guan,Red-throated Piping Guan13.mp3,315057,True,48000,1,2520456,52.5095,MP3,MPEG_LAYER_III,610fac7bf3d019836d3a9696e6f0a2a36962ca6be104e1fd346364a2cea6914e
D:\other\Bird\Dataset\CC0\Red-throated Piping Guan_sound\Red-throated Piping Guan14.mp3,Red-throated Piping Guan_sound\Red-throated Piping Guan14.mp3,Red-throated Piping Guan_sound,Red-throated Piping Guan,Red-throated Piping Guan14.mp3,985028,True,22050,1,1348785,61.16938775510204,MP3,MPEG_LAYER_III,54cbea3eaae47ad5fc757893cb813ee837e22d0c8ce9e1d45761a8d3579b5d19
D:\other\Bird\Dataset\CC0\Red-throated Piping Guan_sound\Red-throated Piping Guan15.mp3,Red-throated Piping Guan_sound\Red-throated Piping Guan15.mp3,Red-throated Piping Guan_sound,Red-throated Piping Guan,Red-throated Piping Guan15.mp3,260338,True,22050,2,717133,32.52303854875284,MP3,MPEG_LAYER_III,9133d57c498b002a404bb45e6f00283c0e1c071a5984534779ba6e1fdbf80256
D:\other\Bird\Dataset\CC0\Red-throated Piping Guan_sound\Red-throated Piping Guan16.mp3,Red-throated Piping Guan_sound\Red-throated Piping Guan16.mp3,Red-throated Piping Guan_sound,Red-throated Piping Guan,Red-throated Piping Guan16.mp3,85228,True,44100,1,469773,10.652448979591837,MP3,MPEG_LAYER_III,48201782341800525ca815444502d9af424c4b8b8d22060bb24f61139239a89d
D:\other\Bird\Dataset\CC0\Red-throated Piping Guan_sound\Red-throated Piping Guan2.mp3,Red-throated Piping Guan_sound\Red-throated Piping Guan2.mp3,Red-throated Piping Guan_sound,Red-throated Piping Guan,Red-throated Piping Guan2.mp3,611471,True,48000,1,4891768,101.91183333333333,MP3,MPEG_LAYER_III,dfbc12862b77826f3f31e164c299f45bfd5fefc3644c6b7e7aebaadb17b28b34
D:\other\Bird\Dataset\CC0\Red-throated Piping Guan_sound\Red-throated Piping Guan3.mp3,Red-throated Piping Guan_sound\Red-throated Piping Guan3.mp3,Red-throated Piping Guan_sound,Red-throated Piping Guan,Red-throated Piping Guan3.mp3,860703,True,44100,1,1899200,43.06575963718821,MP3,MPEG_LAYER_III,b21a90787600eabf76e1e81c3de69c52b962d9040c9cbe230eaacd13ec4ebe96
D:\other\Bird\Dataset\CC0\Red-throated Piping Guan_sound\Red-throated Piping Guan4.mp3,Red-throated Piping Guan_sound\Red-throated Piping Guan4.mp3,Red-throated Piping Guan_sound,Red-throated Piping Guan,Red-throated Piping Guan4.mp3,2129655,True,44100,1,5869288,133.09043083900227,MP3,MPEG_LAYER_III,d8ae85515c66c232f40e1711b9df525f23efbf99cf9d97560dd7adedd9570f00
D:\other\Bird\Dataset\CC0\Red-throated Piping Guan_sound\Red-throated Piping Guan5.mp3,Red-throated Piping Guan_sound\Red-throated Piping Guan5.mp3,Red-throated Piping Guan_sound,Red-throated Piping Guan,Red-throated Piping Guan5.mp3,839146,True,48000,1,6713168,139.85766666666666,MP3,MPEG_LAYER_III,c24ac0a03ea59721a9a6f39e81494c5c5530d55fbd1fb492807041429480749c
D:\other\Bird\Dataset\CC0\Red-throated Piping Guan_sound\Red-throated Piping Guan6.mp3,Red-throated Piping Guan_sound\Red-throated Piping Guan6.mp3,Red-throated Piping Guan_sound,Red-throated Piping Guan,Red-throated Piping Guan6.mp3,632575,True,48000,1,5060600,105.42916666666666,MP3,MPEG_LAYER_III,48fa3f4612f699173c002e6315d402eea55c346f55693fc2b9b7b898cd04f2c4
D:\other\Bird\Dataset\CC0\Red-throated Piping Guan_sound\Red-throated Piping Guan7.mp3,Red-throated Piping Guan_sound\Red-throated Piping Guan7.mp3,Red-throated Piping Guan_sound,Red-throated Piping Guan,Red-throated Piping Guan7.mp3,982039,True,44100,1,2706480,61.371428571428574,MP3,MPEG_LAYER_III,159ab030428816c86d00e8a65650dc47f4f99dcbbec18c64e80a025f3c7131ba
D:\other\Bird\Dataset\CC0\Red-throated Piping Guan_sound\Red-throated Piping Guan8.mp3,Red-throated Piping Guan_sound\Red-throated Piping Guan8.mp3,Red-throated Piping Guan_sound,Red-throated Piping Guan,Red-throated Piping Guan8.mp3,460933,True,44100,1,1270322,28.80548752834467,MP3,MPEG_LAYER_III,75de3b77df31ea540340a3aaa1a761bdd5c3f260c39786ba8c1d64d76a085d0e
D:\other\Bird\Dataset\CC0\Red-throated Piping Guan_sound\Red-throated Piping Guan9.mp3,Red-throated Piping Guan_sound\Red-throated Piping Guan9.mp3,Red-throated Piping Guan_sound,Red-throated Piping Guan,Red-throated Piping Guan9.mp3,58481,True,44100,1,322345,7.309410430839002,MP3,MPEG_LAYER_III,dfcc0131c862ec3457fc32dc2827d9fb555cf1454166fc4998e9e65a760a70dc
D:\other\Bird\Dataset\CC0\Red-winged Tinamou_sound\Red-winged Tinamou10.mp3,Red-winged Tinamou_sound\Red-winged Tinamou10.mp3,Red-winged Tinamou_sound,Red-winged Tinamou,Red-winged Tinamou10.mp3,699095,True,44100,1,1926339,43.68115646258504,MP3,MPEG_LAYER_III,13b530ddac35903bda0a0b803446a656c1b8f5861cc2444bb4c8149b81f16171
D:\other\Bird\Dataset\CC0\Red-winged Tinamou_sound\Red-winged Tinamou11.mp3,Red-winged Tinamou_sound\Red-winged Tinamou11.mp3,Red-winged Tinamou_sound,Red-winged Tinamou,Red-winged Tinamou11.mp3,699095,True,44100,1,1926339,43.68115646258504,MP3,MPEG_LAYER_III,13b530ddac35903bda0a0b803446a656c1b8f5861cc2444bb4c8149b81f16171
D:\other\Bird\Dataset\CC0\Red-winged Tinamou_sound\Red-winged Tinamou12.mp3,Red-winged Tinamou_sound\Red-winged Tinamou12.mp3,Red-winged Tinamou_sound,Red-winged Tinamou,Red-winged Tinamou12.mp3,699095,True,44100,1,1926339,43.68115646258504,MP3,MPEG_LAYER_III,13b530ddac35903bda0a0b803446a656c1b8f5861cc2444bb4c8149b81f16171
D:\other\Bird\Dataset\CC0\Red-winged Tinamou_sound\Red-winged Tinamou13.mp3,Red-winged Tinamou_sound\Red-winged Tinamou13.mp3,Red-winged Tinamou_sound,Red-winged Tinamou,Red-winged Tinamou13.mp3,699095,True,44100,1,1926339,43.68115646258504,MP3,MPEG_LAYER_III,13b530ddac35903bda0a0b803446a656c1b8f5861cc2444bb4c8149b81f16171
D:\other\Bird\Dataset\CC0\Red-winged Tinamou_sound\Red-winged Tinamou14.mp3,Red-winged Tinamou_sound\Red-winged Tinamou14.mp3,Red-winged Tinamou_sound,Red-winged Tinamou,Red-winged Tinamou14.mp3,699095,True,44100,1,1926339,43.68115646258504,MP3,MPEG_LAYER_III,13b530ddac35903bda0a0b803446a656c1b8f5861cc2444bb4c8149b81f16171
D:\other\Bird\Dataset\CC0\Red-winged Tinamou_sound\Red-winged Tinamou15.mp3,Red-winged Tinamou_sound\Red-winged Tinamou15.mp3,Red-winged Tinamou_sound,Red-winged Tinamou,Red-winged Tinamou15.mp3,699095,True,44100,1,1926339,43.68115646258504,MP3,MPEG_LAYER_III,13b530ddac35903bda0a0b803446a656c1b8f5861cc2444bb4c8149b81f16171
D:\other\Bird\Dataset\CC0\Red-winged Tinamou_sound\Red-winged Tinamou16.mp3,Red-winged Tinamou_sound\Red-winged Tinamou16.mp3,Red-winged Tinamou_sound,Red-winged Tinamou,Red-winged Tinamou16.mp3,699095,True,44100,1,1926339,43.68115646258504,MP3,MPEG_LAYER_III,13b530ddac35903bda0a0b803446a656c1b8f5861cc2444bb4c8149b81f16171
D:\other\Bird\Dataset\CC0\Red-winged Tinamou_sound\Red-winged Tinamou17.mp3,Red-winged Tinamou_sound\Red-winged Tinamou17.mp3,Red-winged Tinamou_sound,Red-winged Tinamou,Red-winged Tinamou17.mp3,1231019,True,44100,1,3375735,76.54727891156463,MP3,MPEG_LAYER_III,15d34083c848670f4dec6d744bc1b2f3d1accfb751e8792e01d85dde62dc6cab
D:\other\Bird\Dataset\CC0\Red-winged Tinamou_sound\Red-winged Tinamou18.mp3,Red-winged Tinamou_sound\Red-winged Tinamou18.mp3,Red-winged Tinamou_sound,Red-winged Tinamou,Red-winged Tinamou18.mp3,108995,True,44100,1,300035,6.8035147392290245,MP3,MPEG_LAYER_III,887d2a3766105919af8bf797415bf3cba7f2c40cb32078a0e116dab048a34ecc
D:\other\Bird\Dataset\CC0\Red-winged Tinamou_sound\Red-winged Tinamou19.mp3,Red-winged Tinamou_sound\Red-winged Tinamou19.mp3,Red-winged Tinamou_sound,Red-winged Tinamou,Red-winged Tinamou19.mp3,108995,True,44100,1,300035,6.8035147392290245,MP3,MPEG_LAYER_III,887d2a3766105919af8bf797415bf3cba7f2c40cb32078a0e116dab048a34ecc
D:\other\Bird\Dataset\CC0\Red-winged Tinamou_sound\Red-winged Tinamou2.mp3,Red-winged Tinamou_sound\Red-winged Tinamou2.mp3,Red-winged Tinamou_sound,Red-winged Tinamou,Red-winged Tinamou2.mp3,699095,True,44100,1,1926339,43.68115646258504,MP3,MPEG_LAYER_III,13b530ddac35903bda0a0b803446a656c1b8f5861cc2444bb4c8149b81f16171
D:\other\Bird\Dataset\CC0\Red-winged Tinamou_sound\Red-winged Tinamou20.mp3,Red-winged Tinamou_sound\Red-winged Tinamou20.mp3,Red-winged Tinamou_sound,Red-winged Tinamou,Red-winged Tinamou20.mp3,1116458,True,44100,1,3076936,69.77179138321995,MP3,MPEG_LAYER_III,1ff5f989b5d8aa0e1247c7baeeb4bc1b8ca6f87afce7456cb4050e32e3b8f6b4
D:\other\Bird\Dataset\CC0\Red-winged Tinamou_sound\Red-winged Tinamou21.mp3,Red-winged Tinamou_sound\Red-winged Tinamou21.mp3,Red-winged Tinamou_sound,Red-winged Tinamou,Red-winged Tinamou21.mp3,1116458,True,44100,1,3076936,69.77179138321995,MP3,MPEG_LAYER_III,1ff5f989b5d8aa0e1247c7baeeb4bc1b8ca6f87afce7456cb4050e32e3b8f6b4
D:\other\Bird\Dataset\CC0\Red-winged Tinamou_sound\Red-winged Tinamou22.mp3,Red-winged Tinamou_sound\Red-winged Tinamou22.mp3,Red-winged Tinamou_sound,Red-winged Tinamou,Red-winged Tinamou22.mp3,1116458,True,44100,1,3076936,69.77179138321995,MP3,MPEG_LAYER_III,1ff5f989b5d8aa0e1247c7baeeb4bc1b8ca6f87afce7456cb4050e32e3b8f6b4
D:\other\Bird\Dataset\CC0\Red-winged Tinamou_sound\Red-winged Tinamou23.mp3,Red-winged Tinamou_sound\Red-winged Tinamou23.mp3,Red-winged Tinamou_sound,Red-winged Tinamou,Red-winged Tinamou23.mp3,1116458,True,44100,1,3076936,69.77179138321995,MP3,MPEG_LAYER_III,1ff5f989b5d8aa0e1247c7baeeb4bc1b8ca6f87afce7456cb4050e32e3b8f6b4
D:\other\Bird\Dataset\CC0\Red-winged Tinamou_sound\Red-winged Tinamou24.mp3,Red-winged Tinamou_sound\Red-winged Tinamou24.mp3,Red-winged Tinamou_sound,Red-winged Tinamou,Red-winged Tinamou24.mp3,1116458,True,44100,1,3076936,69.77179138321995,MP3,MPEG_LAYER_III,1ff5f989b5d8aa0e1247c7baeeb4bc1b8ca6f87afce7456cb4050e32e3b8f6b4
D:\other\Bird\Dataset\CC0\Red-winged Tinamou_sound\Red-winged Tinamou25.mp3,Red-winged Tinamou_sound\Red-winged Tinamou25.mp3,Red-winged Tinamou_sound,Red-winged Tinamou,Red-winged Tinamou25.mp3,4793210,True,48000,2,14379246,299.567625,MP3,MPEG_LAYER_III,1b9df25519c29e89174ce6426e6cfa6e123807d913bbca9493ca7fd40fa8ef35
D:\other\Bird\Dataset\CC0\Red-winged Tinamou_sound\Red-winged Tinamou26.mp3,Red-winged Tinamou_sound\Red-winged Tinamou26.mp3,Red-winged Tinamou_sound,Red-winged Tinamou,Red-winged Tinamou26.mp3,218801,True,48000,2,656019,13.6670625,MP3,MPEG_LAYER_III,bc80efa71ca4da340b038f708b5bbab5185a7f6799c5e942af19383e0df212a4
D:\other\Bird\Dataset\CC0\Red-winged Tinamou_sound\Red-winged Tinamou27.mp3,Red-winged Tinamou_sound\Red-winged Tinamou27.mp3,Red-winged Tinamou_sound,Red-winged Tinamou,Red-winged Tinamou27.mp3,102218,True,44100,2,175808,3.986575963718821,MP3,MPEG_LAYER_III,f534d21e86cb1c718537382de5c55b1bff2f6ae632cff2676af534cd175ec0bf
D:\other\Bird\Dataset\CC0\Red-winged Tinamou_sound\Red-winged Tinamou28.mp3,Red-winged Tinamou_sound\Red-winged Tinamou28.mp3,Red-winged Tinamou_sound,Red-winged Tinamou,Red-winged Tinamou28.mp3,102218,True,44100,2,175808,3.986575963718821,MP3,MPEG_LAYER_III,f534d21e86cb1c718537382de5c55b1bff2f6ae632cff2676af534cd175ec0bf
D:\other\Bird\Dataset\CC0\Red-winged Tinamou_sound\Red-winged Tinamou29.mp3,Red-winged Tinamou_sound\Red-winged Tinamou29.mp3,Red-winged Tinamou_sound,Red-winged Tinamou,Red-winged Tinamou29.mp3,245824,True,48000,2,294988,6.145583333333334,MP3,MPEG_LAYER_III,e0864ea4ed4512f60bbe6de5cbb2009c357604176b95aa7b79978e3d1a195152
D:\other\Bird\Dataset\CC0\Red-winged Tinamou_sound\Red-winged Tinamou3.mp3,Red-winged Tinamou_sound\Red-winged Tinamou3.mp3,Red-winged Tinamou_sound,Red-winged Tinamou,Red-winged Tinamou3.mp3,699095,True,44100,1,1926339,43.68115646258504,MP3,MPEG_LAYER_III,13b530ddac35903bda0a0b803446a656c1b8f5861cc2444bb4c8149b81f16171
D:\other\Bird\Dataset\CC0\Red-winged Tinamou_sound\Red-winged Tinamou30.mp3,Red-winged Tinamou_sound\Red-winged Tinamou30.mp3,Red-winged Tinamou_sound,Red-winged Tinamou,Red-winged Tinamou30.mp3,205504,True,48000,2,246604,5.137583333333334,MP3,MPEG_LAYER_III,a0234ee8b2d02ba4c1c74a51f25b1aad5781a0bc42a3d561a6a83b8f130dc3e5
D:\other\Bird\Dataset\CC0\Red-winged Tinamou_sound\Red-winged Tinamou31.mp3,Red-winged Tinamou_sound\Red-winged Tinamou31.mp3,Red-winged Tinamou_sound,Red-winged Tinamou,Red-winged Tinamou31.mp3,439818,True,44100,1,1212129,27.48591836734694,MP3,MPEG_LAYER_III,f5b3beefaf7f29469b68df76b527c4ba63ed7ec8cd38d501e700f67d54b033a3
D:\other\Bird\Dataset\CC0\Red-winged Tinamou_sound\Red-winged Tinamou4.mp3,Red-winged Tinamou_sound\Red-winged Tinamou4.mp3,Red-winged Tinamou_sound,Red-winged Tinamou,Red-winged Tinamou4.mp3,699095,True,44100,1,1926339,43.68115646258504,MP3,MPEG_LAYER_III,13b530ddac35903bda0a0b803446a656c1b8f5861cc2444bb4c8149b81f16171
D:\other\Bird\Dataset\CC0\Red-winged Tinamou_sound\Red-winged Tinamou5.mp3,Red-winged Tinamou_sound\Red-winged Tinamou5.mp3,Red-winged Tinamou_sound,Red-winged Tinamou,Red-winged Tinamou5.mp3,699095,True,44100,1,1926339,43.68115646258504,MP3,MPEG_LAYER_III,13b530ddac35903bda0a0b803446a656c1b8f5861cc2444bb4c8149b81f16171
D:\other\Bird\Dataset\CC0\Red-winged Tinamou_sound\Red-winged Tinamou6.mp3,Red-winged Tinamou_sound\Red-winged Tinamou6.mp3,Red-winged Tinamou_sound,Red-winged Tinamou,Red-winged Tinamou6.mp3,699095,True,44100,1,1926339,43.68115646258504,MP3,MPEG_LAYER_III,13b530ddac35903bda0a0b803446a656c1b8f5861cc2444bb4c8149b81f16171
D:\other\Bird\Dataset\CC0\Red-winged Tinamou_sound\Red-winged Tinamou7.mp3,Red-winged Tinamou_sound\Red-winged Tinamou7.mp3,Red-winged Tinamou_sound,Red-winged Tinamou,Red-winged Tinamou7.mp3,699095,True,44100,1,1926339,43.68115646258504,MP3,MPEG_LAYER_III,13b530ddac35903bda0a0b803446a656c1b8f5861cc2444bb4c8149b81f16171
D:\other\Bird\Dataset\CC0\Red-winged Tinamou_sound\Red-winged Tinamou8.mp3,Red-winged Tinamou_sound\Red-winged Tinamou8.mp3,Red-winged Tinamou_sound,Red-winged Tinamou,Red-winged Tinamou8.mp3,699095,True,44100,1,1926339,43.68115646258504,MP3,MPEG_LAYER_III,13b530ddac35903bda0a0b803446a656c1b8f5861cc2444bb4c8149b81f16171
D:\other\Bird\Dataset\CC0\Red-winged Tinamou_sound\Red-winged Tinamou9.mp3,Red-winged Tinamou_sound\Red-winged Tinamou9.mp3,Red-winged Tinamou_sound,Red-winged Tinamou,Red-winged Tinamou9.mp3,699095,True,44100,1,1926339,43.68115646258504,MP3,MPEG_LAYER_III,13b530ddac35903bda0a0b803446a656c1b8f5861cc2444bb4c8149b81f16171
D:\other\Bird\Dataset\CC0\Rufous-bellied Chachalaca_sound\Rufous-bellied Chachalaca10.mp3,Rufous-bellied Chachalaca_sound\Rufous-bellied Chachalaca10.mp3,Rufous-bellied Chachalaca_sound,Rufous-bellied Chachalaca,Rufous-bellied Chachalaca10.mp3,339144,True,44100,2,365707,8.292675736961451,MP3,MPEG_LAYER_III,cdf81e80d5c0a00d9e8c4c94b36b7fe98d0795f9531843151a0264fc33b6242b
D:\other\Bird\Dataset\CC0\Rufous-bellied Chachalaca_sound\Rufous-bellied Chachalaca11.mp3,Rufous-bellied Chachalaca_sound\Rufous-bellied Chachalaca11.mp3,Rufous-bellied Chachalaca_sound,Rufous-bellied Chachalaca,Rufous-bellied Chachalaca11.mp3,3626625,True,44100,1,9994556,226.63392290249433,MP3,MPEG_LAYER_III,c938636848189c0cce3d75937b08f2c27fed9ca8a73b408b1181000c1223d30f
D:\other\Bird\Dataset\CC0\Rufous-bellied Chachalaca_sound\Rufous-bellied Chachalaca12.mp3,Rufous-bellied Chachalaca_sound\Rufous-bellied Chachalaca12.mp3,Rufous-bellied Chachalaca_sound,Rufous-bellied Chachalaca,Rufous-bellied Chachalaca12.mp3,4243953,True,44100,1,11695900,265.21315192743765,MP3,MPEG_LAYER_III,1f593a3fc3836139374d5786c4a6d0217d03c609ca696165feaa06d3ce11cf66
D:\other\Bird\Dataset\CC0\Rufous-bellied Chachalaca_sound\Rufous-bellied Chachalaca13.mp3,Rufous-bellied Chachalaca_sound\Rufous-bellied Chachalaca13.mp3,Rufous-bellied Chachalaca_sound,Rufous-bellied Chachalaca,Rufous-bellied Chachalaca13.mp3,4243953,True,44100,1,11695900,265.21315192743765,MP3,MPEG_LAYER_III,1f593a3fc3836139374d5786c4a6d0217d03c609ca696165feaa06d3ce11cf66
D:\other\Bird\Dataset\CC0\Rufous-bellied Chachalaca_sound\Rufous-bellied Chachalaca14.mp3,Rufous-bellied Chachalaca_sound\Rufous-bellied Chachalaca14.mp3,Rufous-bellied Chachalaca_sound,Rufous-bellied Chachalaca,Rufous-bellied Chachalaca14.mp3,235089,True,44100,2,631719,14.32469387755102,MP3,MPEG_LAYER_III,3f94b89f4b189b01aed41f8f6d2515b4f9738025a1533d682ba46c639f9044c1
D:\other\Bird\Dataset\CC0\Rufous-bellied Chachalaca_sound\Rufous-bellied Chachalaca15.mp3,Rufous-bellied Chachalaca_sound\Rufous-bellied Chachalaca15.mp3,Rufous-bellied Chachalaca_sound,Rufous-bellied Chachalaca,Rufous-bellied Chachalaca15.mp3,1386112,True,44100,2,3803396,86.24480725623583,MP3,MPEG_LAYER_III,b0fe8f608ba0e3e1a51d6e5a94c1efb7640c46a332ec188f2e53d1b776b62043
D:\other\Bird\Dataset\CC0\Rufous-bellied Chachalaca_sound\Rufous-bellied Chachalaca16.mp3,Rufous-bellied Chachalaca_sound\Rufous-bellied Chachalaca16.mp3,Rufous-bellied Chachalaca_sound,Rufous-bellied Chachalaca,Rufous-bellied Chachalaca16.mp3,2956574,True,44100,1,8147908,184.7598185941043,MP3,MPEG_LAYER_III,cd9658194249bdf5cb5e1697b6cd44095422f0825f5efe68280744e9aaa02d9e
D:\other\Bird\Dataset\CC0\Rufous-bellied Chachalaca_sound\Rufous-bellied Chachalaca17.mp3,Rufous-bellied Chachalaca_sound\Rufous-bellied Chachalaca17.mp3,Rufous-bellied Chachalaca_sound,Rufous-bellied Chachalaca,Rufous-bellied Chachalaca17.mp3,2956574,True,44100,1,8147908,184.7598185941043,MP3,MPEG_LAYER_III,cd9658194249bdf5cb5e1697b6cd44095422f0825f5efe68280744e9aaa02d9e
D:\other\Bird\Dataset\CC0\Rufous-bellied Chachalaca_sound\Rufous-bellied Chachalaca18.mp3,Rufous-bellied Chachalaca_sound\Rufous-bellied Chachalaca18.mp3,Rufous-bellied Chachalaca_sound,Rufous-bellied Chachalaca,Rufous-bellied Chachalaca18.mp3,2956574,True,44100,1,8147908,184.7598185941043,MP3,MPEG_LAYER_III,cd9658194249bdf5cb5e1697b6cd44095422f0825f5efe68280744e9aaa02d9e
D:\other\Bird\Dataset\CC0\Rufous-bellied Chachalaca_sound\Rufous-bellied Chachalaca19.mp3,Rufous-bellied Chachalaca_sound\Rufous-bellied Chachalaca19.mp3,Rufous-bellied Chachalaca_sound,Rufous-bellied Chachalaca,Rufous-bellied Chachalaca19.mp3,2956574,True,44100,1,8147908,184.7598185941043,MP3,MPEG_LAYER_III,cd9658194249bdf5cb5e1697b6cd44095422f0825f5efe68280744e9aaa02d9e
D:\other\Bird\Dataset\CC0\Rufous-bellied Chachalaca_sound\Rufous-bellied Chachalaca2.mp3,Rufous-bellied Chachalaca_sound\Rufous-bellied Chachalaca2.mp3,Rufous-bellied Chachalaca_sound,Rufous-bellied Chachalaca,Rufous-bellied Chachalaca2.mp3,705085,True,44100,1,1297301,29.417256235827665,MP3,MPEG_LAYER_III,ff084900858b17f33b2f5c60710808273b2c92ebf17b060d598438e772497132
D:\other\Bird\Dataset\CC0\Rufous-bellied Chachalaca_sound\Rufous-bellied Chachalaca20.mp3,Rufous-bellied Chachalaca_sound\Rufous-bellied Chachalaca20.mp3,Rufous-bellied Chachalaca_sound,Rufous-bellied Chachalaca,Rufous-bellied Chachalaca20.mp3,878301,True,48000,2,1053961,21.957520833333334,MP3,MPEG_LAYER_III,300c2f47f03b552c6a6fd62c12194c81820032f7546e2dd23d1514887c003d7d
D:\other\Bird\Dataset\CC0\Rufous-bellied Chachalaca_sound\Rufous-bellied Chachalaca21.mp3,Rufous-bellied Chachalaca_sound\Rufous-bellied Chachalaca21.mp3,Rufous-bellied Chachalaca_sound,Rufous-bellied Chachalaca,Rufous-bellied Chachalaca21.mp3,878301,True,48000,2,1053961,21.957520833333334,MP3,MPEG_LAYER_III,300c2f47f03b552c6a6fd62c12194c81820032f7546e2dd23d1514887c003d7d
D:\other\Bird\Dataset\CC0\Rufous-bellied Chachalaca_sound\Rufous-bellied Chachalaca22.mp3,Rufous-bellied Chachalaca_sound\Rufous-bellied Chachalaca22.mp3,Rufous-bellied Chachalaca_sound,Rufous-bellied Chachalaca,Rufous-bellied Chachalaca22.mp3,667808,True,44100,1,2433063,55.17149659863946,MP3,MPEG_LAYER_III,a7d5ce03fdd885e3a95b9158af3b012ab8c5f68216e5026fc1f33fbd58dcc705
D:\other\Bird\Dataset\CC0\Rufous-bellied Chachalaca_sound\Rufous-bellied Chachalaca23.mp3,Rufous-bellied Chachalaca_sound\Rufous-bellied Chachalaca23.mp3,Rufous-bellied Chachalaca_sound,Rufous-bellied Chachalaca,Rufous-bellied Chachalaca23.mp3,481293,True,44100,1,1747699,39.630362811791386,MP3,MPEG_LAYER_III,ecd6a78e4c5256f7fa55199ad41930227f77e70fbc3c0396b44a947520c2aed3
D:\other\Bird\Dataset\CC0\Rufous-bellied Chachalaca_sound\Rufous-bellied Chachalaca24.mp3,Rufous-bellied Chachalaca_sound\Rufous-bellied Chachalaca24.mp3,Rufous-bellied Chachalaca_sound,Rufous-bellied Chachalaca,Rufous-bellied Chachalaca24.mp3,344679,True,44100,1,1246461,28.264421768707482,MP3,MPEG_LAYER_III,9816dd6311d8603e20bbc366cb39ec29aad3006803e05b680bc0b6dc5cb20a35
D:\other\Bird\Dataset\CC0\Rufous-bellied Chachalaca_sound\Rufous-bellied Chachalaca25.mp3,Rufous-bellied Chachalaca_sound\Rufous-bellied Chachalaca25.mp3,Rufous-bellied Chachalaca_sound,Rufous-bellied Chachalaca,Rufous-bellied Chachalaca25.mp3,344679,True,44100,1,1246461,28.264421768707482,MP3,MPEG_LAYER_III,9816dd6311d8603e20bbc366cb39ec29aad3006803e05b680bc0b6dc5cb20a35
D:\other\Bird\Dataset\CC0\Rufous-bellied Chachalaca_sound\Rufous-bellied Chachalaca26.mp3,Rufous-bellied Chachalaca_sound\Rufous-bellied Chachalaca26.mp3,Rufous-bellied Chachalaca_sound,Rufous-bellied Chachalaca,Rufous-bellied Chachalaca26.mp3,168059,True,48000,1,672236,14.004916666666666,MP3,MPEG_LAYER_III,f6fd373c1c1ded91a8138f962cb2bd68a673f5a48dfe9c4e29d85dbdeb1434de
D:\other\Bird\Dataset\CC0\Rufous-bellied Chachalaca_sound\Rufous-bellied Chachalaca27.mp3,Rufous-bellied Chachalaca_sound\Rufous-bellied Chachalaca27.mp3,Rufous-bellied Chachalaca_sound,Rufous-bellied Chachalaca,Rufous-bellied Chachalaca27.mp3,376824,True,48000,1,1507296,31.402,MP3,MPEG_LAYER_III,98605da8d20712d5e4b02c189c2791e5029c646a62e6440a71b3725f7b384b3f
D:\other\Bird\Dataset\CC0\Rufous-bellied Chachalaca_sound\Rufous-bellied Chachalaca28.mp3,Rufous-bellied Chachalaca_sound\Rufous-bellied Chachalaca28.mp3,Rufous-bellied Chachalaca_sound,Rufous-bellied Chachalaca,Rufous-bellied Chachalaca28.mp3,198575,True,44100,1,548581,12.439478458049887,MP3,MPEG_LAYER_III,914b5843428e1f7eace42c11fd498d814f438bff7602516a3e3f830bae8942ae
D:\other\Bird\Dataset\CC0\Rufous-bellied Chachalaca_sound\Rufous-bellied Chachalaca29.mp3,Rufous-bellied Chachalaca_sound\Rufous-bellied Chachalaca29.mp3,Rufous-bellied Chachalaca_sound,Rufous-bellied Chachalaca,Rufous-bellied Chachalaca29.mp3,198575,True,44100,1,548581,12.439478458049887,MP3,MPEG_LAYER_III,914b5843428e1f7eace42c11fd498d814f438bff7602516a3e3f830bae8942ae
D:\other\Bird\Dataset\CC0\Rufous-bellied Chachalaca_sound\Rufous-bellied Chachalaca3.mp3,Rufous-bellied Chachalaca_sound\Rufous-bellied Chachalaca3.mp3,Rufous-bellied Chachalaca_sound,Rufous-bellied Chachalaca,Rufous-bellied Chachalaca3.mp3,705085,True,44100,1,1297301,29.417256235827665,MP3,MPEG_LAYER_III,ff084900858b17f33b2f5c60710808273b2c92ebf17b060d598438e772497132
D:\other\Bird\Dataset\CC0\Rufous-bellied Chachalaca_sound\Rufous-bellied Chachalaca30.mp3,Rufous-bellied Chachalaca_sound\Rufous-bellied Chachalaca30.mp3,Rufous-bellied Chachalaca_sound,Rufous-bellied Chachalaca,Rufous-bellied Chachalaca30.mp3,1492374,True,44100,2,3084800,69.9501133786848,MP3,MPEG_LAYER_III,63c17251e321971924bf0faee466d420c81470c98320e4bba2d61bfa5baea5f1
D:\other\Bird\Dataset\CC0\Rufous-bellied Chachalaca_sound\Rufous-bellied Chachalaca31.mp3,Rufous-bellied Chachalaca_sound\Rufous-bellied Chachalaca31.mp3,Rufous-bellied Chachalaca_sound,Rufous-bellied Chachalaca,Rufous-bellied Chachalaca31.mp3,2221486,True,48000,1,6664074,138.834875,MP3,MPEG_LAYER_III,2b36814ac772e45fa38e933ea467e1607b53baab64c80c86ed0d2488f0f67a99
D:\other\Bird\Dataset\CC0\Rufous-bellied Chachalaca_sound\Rufous-bellied Chachalaca4.mp3,Rufous-bellied Chachalaca_sound\Rufous-bellied Chachalaca4.mp3,Rufous-bellied Chachalaca_sound,Rufous-bellied Chachalaca,Rufous-bellied Chachalaca4.mp3,3839243,True,48000,1,11517345,239.9446875,MP3,MPEG_LAYER_III,297d6cf43de03006d8422ac553b316e6650772fb0c44c7cf12df35600870278d
D:\other\Bird\Dataset\CC0\Rufous-bellied Chachalaca_sound\Rufous-bellied Chachalaca5.mp3,Rufous-bellied Chachalaca_sound\Rufous-bellied Chachalaca5.mp3,Rufous-bellied Chachalaca_sound,Rufous-bellied Chachalaca,Rufous-bellied Chachalaca5.mp3,3030223,True,48000,1,9090285,189.3809375,MP3,MPEG_LAYER_III,c1cbd099b5718258bd2ffb6c6f841027873699605076061e6e338e5d56f31e11
D:\other\Bird\Dataset\CC0\Rufous-bellied Chachalaca_sound\Rufous-bellied Chachalaca6.mp3,Rufous-bellied Chachalaca_sound\Rufous-bellied Chachalaca6.mp3,Rufous-bellied Chachalaca_sound,Rufous-bellied Chachalaca,Rufous-bellied Chachalaca6.mp3,6834858,True,48000,1,20504190,427.170625,MP3,MPEG_LAYER_III,4b2932087d1d739033da6192db80a630717101925d326a617eeaf24f52502244
D:\other\Bird\Dataset\CC0\Rufous-bellied Chachalaca_sound\Rufous-bellied Chachalaca7.mp3,Rufous-bellied Chachalaca_sound\Rufous-bellied Chachalaca7.mp3,Rufous-bellied Chachalaca_sound,Rufous-bellied Chachalaca,Rufous-bellied Chachalaca7.mp3,5519312,True,48000,1,16557552,344.949,MP3,MPEG_LAYER_III,22d35102e79570b3722bb0aed10e8b6f180bbb823c93975e913bae7bbf659672
D:\other\Bird\Dataset\CC0\Rufous-bellied Chachalaca_sound\Rufous-bellied Chachalaca8.mp3,Rufous-bellied Chachalaca_sound\Rufous-bellied Chachalaca8.mp3,Rufous-bellied Chachalaca_sound,Rufous-bellied Chachalaca,Rufous-bellied Chachalaca8.mp3,10542397,True,48000,1,31626807,658.8918125,MP3,MPEG_LAYER_III,8da778619280f71b3f68cda7be629fa8564dbac872a8f6773ff23029cd426da5
D:\other\Bird\Dataset\CC0\Rufous-bellied Chachalaca_sound\Rufous-bellied Chachalaca9.mp3,Rufous-bellied Chachalaca_sound\Rufous-bellied Chachalaca9.mp3,Rufous-bellied Chachalaca_sound,Rufous-bellied Chachalaca,Rufous-bellied Chachalaca9.mp3,2498772,True,48000,1,7495932,156.16525,MP3,MPEG_LAYER_III,7be5ec0597733acd9d9087f6b5378f872e898a52eeb970d2098ef10934f1cc88
D:\other\Bird\Dataset\CC0\Rufous-headed Chachalaca_sound\Rufous-headed Chachalaca10.mp3,Rufous-headed Chachalaca_sound\Rufous-headed Chachalaca10.mp3,Rufous-headed Chachalaca_sound,Rufous-headed Chachalaca,Rufous-headed Chachalaca10.mp3,129733,True,44100,2,340616,7.723718820861678,MP3,MPEG_LAYER_III,0906d5fbdcd2e1bd27f324e9d51dfadcee1aebc51290b0e9f210f5bda402dd64
D:\other\Bird\Dataset\CC0\Rufous-headed Chachalaca_sound\Rufous-headed Chachalaca11.mp3,Rufous-headed Chachalaca_sound\Rufous-headed Chachalaca11.mp3,Rufous-headed Chachalaca_sound,Rufous-headed Chachalaca,Rufous-headed Chachalaca11.mp3,129733,True,44100,2,340616,7.723718820861678,MP3,MPEG_LAYER_III,0906d5fbdcd2e1bd27f324e9d51dfadcee1aebc51290b0e9f210f5bda402dd64
D:\other\Bird\Dataset\CC0\Rufous-headed Chachalaca_sound\Rufous-headed Chachalaca12.mp3,Rufous-headed Chachalaca_sound\Rufous-headed Chachalaca12.mp3,Rufous-headed Chachalaca_sound,Rufous-headed Chachalaca,Rufous-headed Chachalaca12.mp3,129733,True,44100,2,340616,7.723718820861678,MP3,MPEG_LAYER_III,0906d5fbdcd2e1bd27f324e9d51dfadcee1aebc51290b0e9f210f5bda402dd64
D:\other\Bird\Dataset\CC0\Rufous-headed Chachalaca_sound\Rufous-headed Chachalaca13.mp3,Rufous-headed Chachalaca_sound\Rufous-headed Chachalaca13.mp3,Rufous-headed Chachalaca_sound,Rufous-headed Chachalaca,Rufous-headed Chachalaca13.mp3,129733,True,44100,2,340616,7.723718820861678,MP3,MPEG_LAYER_III,0906d5fbdcd2e1bd27f324e9d51dfadcee1aebc51290b0e9f210f5bda402dd64
D:\other\Bird\Dataset\CC0\Rufous-headed Chachalaca_sound\Rufous-headed Chachalaca14.mp3,Rufous-headed Chachalaca_sound\Rufous-headed Chachalaca14.mp3,Rufous-headed Chachalaca_sound,Rufous-headed Chachalaca,Rufous-headed Chachalaca14.mp3,367988,True,44100,1,1013815,22.989002267573696,MP3,MPEG_LAYER_III,9b728c5bcbf58dddcc861aa99f4163300de9e177e6c41f3f77a494c489cbc2a6
D:\other\Bird\Dataset\CC0\Rufous-headed Chachalaca_sound\Rufous-headed Chachalaca15.mp3,Rufous-headed Chachalaca_sound\Rufous-headed Chachalaca15.mp3,Rufous-headed Chachalaca_sound,Rufous-headed Chachalaca,Rufous-headed Chachalaca15.mp3,288318,True,44100,1,794246,18.010113378684807,MP3,MPEG_LAYER_III,5d5bef1b77b2378014b4b74669453fbf6de06c8729079f4bad4100db889deb59
D:\other\Bird\Dataset\CC0\Rufous-headed Chachalaca_sound\Rufous-headed Chachalaca16.mp3,Rufous-headed Chachalaca_sound\Rufous-headed Chachalaca16.mp3,Rufous-headed Chachalaca_sound,Rufous-headed Chachalaca,Rufous-headed Chachalaca16.mp3,261185,True,44100,1,719468,16.314467120181405,MP3,MPEG_LAYER_III,07fc83cd3ae05fe0d040c56f60a333aa5828380506a45d3142dea03449b55fac
D:\other\Bird\Dataset\CC0\Rufous-headed Chachalaca_sound\Rufous-headed Chachalaca17.mp3,Rufous-headed Chachalaca_sound\Rufous-headed Chachalaca17.mp3,Rufous-headed Chachalaca_sound,Rufous-headed Chachalaca,Rufous-headed Chachalaca17.mp3,360163,True,44100,1,992249,22.49997732426304,MP3,MPEG_LAYER_III,acee21324c70d4cc50c22bdda881aab4c87c15dc2f0ff619e85ef42ff9687389
D:\other\Bird\Dataset\CC0\Rufous-headed Chachalaca_sound\Rufous-headed Chachalaca18.mp3,Rufous-headed Chachalaca_sound\Rufous-headed Chachalaca18.mp3,Rufous-headed Chachalaca_sound,Rufous-headed Chachalaca,Rufous-headed Chachalaca18.mp3,620982,True,44100,1,1711061,38.799569160997734,MP3,MPEG_LAYER_III,d2e680ee06e83858e54837fb559dc247ebb5302c81fdf304f3db8962eb8e7e43
D:\other\Bird\Dataset\CC0\Rufous-headed Chachalaca_sound\Rufous-headed Chachalaca19.mp3,Rufous-headed Chachalaca_sound\Rufous-headed Chachalaca19.mp3,Rufous-headed Chachalaca_sound,Rufous-headed Chachalaca,Rufous-headed Chachalaca19.mp3,1912684,True,44100,1,5271320,119.53106575963719,MP3,MPEG_LAYER_III,35798bd1b5ec58e565f761ed0a8ee7e6725a58e3a8cb7866841095fda6965c72
D:\other\Bird\Dataset\CC0\Rufous-headed Chachalaca_sound\Rufous-headed Chachalaca2.mp3,Rufous-headed Chachalaca_sound\Rufous-headed Chachalaca2.mp3,Rufous-headed Chachalaca_sound,Rufous-headed Chachalaca,Rufous-headed Chachalaca2.mp3,1762119,True,48000,2,3524238,73.421625,MP3,MPEG_LAYER_III,c6fc5c2e8bff2887eee8585e2f6b1a2ac767d23f74fa79fc8ea6b0ef3bb54929
D:\other\Bird\Dataset\CC0\Rufous-headed Chachalaca_sound\Rufous-headed Chachalaca20.mp3,Rufous-headed Chachalaca_sound\Rufous-headed Chachalaca20.mp3,Rufous-headed Chachalaca_sound,Rufous-headed Chachalaca,Rufous-headed Chachalaca20.mp3,1132446,True,44100,1,3120999,70.77095238095238,MP3,MPEG_LAYER_III,42e538481740887a75e26c202d1cb41ebc378a909215e94de4af23c52323c910
D:\other\Bird\Dataset\CC0\Rufous-headed Chachalaca_sound\Rufous-headed Chachalaca21.mp3,Rufous-headed Chachalaca_sound\Rufous-headed Chachalaca21.mp3,Rufous-headed Chachalaca_sound,Rufous-headed Chachalaca,Rufous-headed Chachalaca21.mp3,235863,True,44100,1,846574,19.196689342403626,MP3,MPEG_LAYER_III,daebd3f8e5a15ff70a733ed3fd9a92357c8db8ad26b426f042e017fc1946a1d5
D:\other\Bird\Dataset\CC0\Rufous-headed Chachalaca_sound\Rufous-headed Chachalaca22.mp3,Rufous-headed Chachalaca_sound\Rufous-headed Chachalaca22.mp3,Rufous-headed Chachalaca_sound,Rufous-headed Chachalaca,Rufous-headed Chachalaca22.mp3,934492,True,44100,1,3407151,77.25965986394557,MP3,MPEG_LAYER_III,ebff7cb5af6190779dd59e1254098c41a5f2c303ac85c18b56696515d3a878c1
D:\other\Bird\Dataset\CC0\Rufous-headed Chachalaca_sound\Rufous-headed Chachalaca23.mp3,Rufous-headed Chachalaca_sound\Rufous-headed Chachalaca23.mp3,Rufous-headed Chachalaca_sound,Rufous-headed Chachalaca,Rufous-headed Chachalaca23.mp3,165369,True,44100,1,439324,9.961995464852608,MP3,MPEG_LAYER_III,e4aa3d41961c664dcc35ec1f4651068d9227fdbcca457bd59cacfcc0c9dd69d8
D:\other\Bird\Dataset\CC0\Rufous-headed Chachalaca_sound\Rufous-headed Chachalaca24.mp3,Rufous-headed Chachalaca_sound\Rufous-headed Chachalaca24.mp3,Rufous-headed Chachalaca_sound,Rufous-headed Chachalaca,Rufous-headed Chachalaca24.mp3,165369,True,44100,1,439324,9.961995464852608,MP3,MPEG_LAYER_III,e4aa3d41961c664dcc35ec1f4651068d9227fdbcca457bd59cacfcc0c9dd69d8
D:\other\Bird\Dataset\CC0\Rufous-headed Chachalaca_sound\Rufous-headed Chachalaca25.mp3,Rufous-headed Chachalaca_sound\Rufous-headed Chachalaca25.mp3,Rufous-headed Chachalaca_sound,Rufous-headed Chachalaca,Rufous-headed Chachalaca25.mp3,165369,True,44100,1,439324,9.961995464852608,MP3,MPEG_LAYER_III,e4aa3d41961c664dcc35ec1f4651068d9227fdbcca457bd59cacfcc0c9dd69d8
D:\other\Bird\Dataset\CC0\Rufous-headed Chachalaca_sound\Rufous-headed Chachalaca26.mp3,Rufous-headed Chachalaca_sound\Rufous-headed Chachalaca26.mp3,Rufous-headed Chachalaca_sound,Rufous-headed Chachalaca,Rufous-headed Chachalaca26.mp3,299481,True,44100,2,826989,18.752585034013606,MP3,MPEG_LAYER_III,95880057d839aea1966f9f77572f0c1c3e126149043cc0926d2646abf2ad2b7f
D:\other\Bird\Dataset\CC0\Rufous-headed Chachalaca_sound\Rufous-headed Chachalaca27.mp3,Rufous-headed Chachalaca_sound\Rufous-headed Chachalaca27.mp3,Rufous-headed Chachalaca_sound,Rufous-headed Chachalaca,Rufous-headed Chachalaca27.mp3,461710,True,44100,1,1699328,38.53351473922903,MP3,MPEG_LAYER_III,a9f9fbc06a6c988370014b83c50a4d1138a514807288fdfb4522b02af4023a44
D:\other\Bird\Dataset\CC0\Rufous-headed Chachalaca_sound\Rufous-headed Chachalaca28.mp3,Rufous-headed Chachalaca_sound\Rufous-headed Chachalaca28.mp3,Rufous-headed Chachalaca_sound,Rufous-headed Chachalaca,Rufous-headed Chachalaca28.mp3,921392,True,44100,1,2545074,57.71142857142857,MP3,MPEG_LAYER_III,efdfcc2357bcc54989fe5ced4f51d7b31dd585d6ed332c78e8c2c07895fd9c91
D:\other\Bird\Dataset\CC0\Rufous-headed Chachalaca_sound\Rufous-headed Chachalaca29.mp3,Rufous-headed Chachalaca_sound\Rufous-headed Chachalaca29.mp3,Rufous-headed Chachalaca_sound,Rufous-headed Chachalaca,Rufous-headed Chachalaca29.mp3,393607,True,44100,1,1737299,39.39453514739229,MP3,MPEG_LAYER_III,643f3df40f0644233912eb43a582e533a5852496eb373b5c6b5734abe0681f78
D:\other\Bird\Dataset\CC0\Rufous-headed Chachalaca_sound\Rufous-headed Chachalaca3.mp3,Rufous-headed Chachalaca_sound\Rufous-headed Chachalaca3.mp3,Rufous-headed Chachalaca_sound,Rufous-headed Chachalaca,Rufous-headed Chachalaca3.mp3,1762119,True,48000,2,3524238,73.421625,MP3,MPEG_LAYER_III,c6fc5c2e8bff2887eee8585e2f6b1a2ac767d23f74fa79fc8ea6b0ef3bb54929
D:\other\Bird\Dataset\CC0\Rufous-headed Chachalaca_sound\Rufous-headed Chachalaca30.mp3,Rufous-headed Chachalaca_sound\Rufous-headed Chachalaca30.mp3,Rufous-headed Chachalaca_sound,Rufous-headed Chachalaca,Rufous-headed Chachalaca30.mp3,393607,True,44100,1,1737299,39.39453514739229,MP3,MPEG_LAYER_III,643f3df40f0644233912eb43a582e533a5852496eb373b5c6b5734abe0681f78
D:\other\Bird\Dataset\CC0\Rufous-headed Chachalaca_sound\Rufous-headed Chachalaca31.mp3,Rufous-headed Chachalaca_sound\Rufous-headed Chachalaca31.mp3,Rufous-headed Chachalaca_sound,Rufous-headed Chachalaca,Rufous-headed Chachalaca31.mp3,705085,True,44100,1,1297301,29.417256235827665,MP3,MPEG_LAYER_III,ff084900858b17f33b2f5c60710808273b2c92ebf17b060d598438e772497132
D:\other\Bird\Dataset\CC0\Rufous-headed Chachalaca_sound\Rufous-headed Chachalaca4.mp3,Rufous-headed Chachalaca_sound\Rufous-headed Chachalaca4.mp3,Rufous-headed Chachalaca_sound,Rufous-headed Chachalaca,Rufous-headed Chachalaca4.mp3,1762119,True,48000,2,3524238,73.421625,MP3,MPEG_LAYER_III,c6fc5c2e8bff2887eee8585e2f6b1a2ac767d23f74fa79fc8ea6b0ef3bb54929
D:\other\Bird\Dataset\CC0\Rufous-headed Chachalaca_sound\Rufous-headed Chachalaca5.mp3,Rufous-headed Chachalaca_sound\Rufous-headed Chachalaca5.mp3,Rufous-headed Chachalaca_sound,Rufous-headed Chachalaca,Rufous-headed Chachalaca5.mp3,1762119,True,48000,2,3524238,73.421625,MP3,MPEG_LAYER_III,c6fc5c2e8bff2887eee8585e2f6b1a2ac767d23f74fa79fc8ea6b0ef3bb54929
D:\other\Bird\Dataset\CC0\Rufous-headed Chachalaca_sound\Rufous-headed Chachalaca6.mp3,Rufous-headed Chachalaca_sound\Rufous-headed Chachalaca6.mp3,Rufous-headed Chachalaca_sound,Rufous-headed Chachalaca,Rufous-headed Chachalaca6.mp3,539334,True,44100,2,1470132,33.33632653061225,MP3,MPEG_LAYER_III,19013d4b771db74fdfdb9456272a13822d37eac732c6f16a1d6c84ee7c6ca6df
D:\other\Bird\Dataset\CC0\Rufous-headed Chachalaca_sound\Rufous-headed Chachalaca7.mp3,Rufous-headed Chachalaca_sound\Rufous-headed Chachalaca7.mp3,Rufous-headed Chachalaca_sound,Rufous-headed Chachalaca,Rufous-headed Chachalaca7.mp3,129733,True,44100,2,340616,7.723718820861678,MP3,MPEG_LAYER_III,0906d5fbdcd2e1bd27f324e9d51dfadcee1aebc51290b0e9f210f5bda402dd64
D:\other\Bird\Dataset\CC0\Rufous-headed Chachalaca_sound\Rufous-headed Chachalaca8.mp3,Rufous-headed Chachalaca_sound\Rufous-headed Chachalaca8.mp3,Rufous-headed Chachalaca_sound,Rufous-headed Chachalaca,Rufous-headed Chachalaca8.mp3,129733,True,44100,2,340616,7.723718820861678,MP3,MPEG_LAYER_III,0906d5fbdcd2e1bd27f324e9d51dfadcee1aebc51290b0e9f210f5bda402dd64
D:\other\Bird\Dataset\CC0\Rufous-headed Chachalaca_sound\Rufous-headed Chachalaca9.mp3,Rufous-headed Chachalaca_sound\Rufous-headed Chachalaca9.mp3,Rufous-headed Chachalaca_sound,Rufous-headed Chachalaca,Rufous-headed Chachalaca9.mp3,129733,True,44100,2,340616,7.723718820861678,MP3,MPEG_LAYER_III,0906d5fbdcd2e1bd27f324e9d51dfadcee1aebc51290b0e9f210f5bda402dd64
D:\other\Bird\Dataset\CC0\Rufous-vented Chachalaca_sound\Rufous-vented Chachalaca10.mp3,Rufous-vented Chachalaca_sound\Rufous-vented Chachalaca10.mp3,Rufous-vented Chachalaca_sound,Rufous-vented Chachalaca,Rufous-vented Chachalaca10.mp3,94806,True,44100,1,327852,7.434285714285714,MP3,MPEG_LAYER_III,6e23f0dd822522e3940afd3ba847ea8b588ddb8b89dadb824285a07933e7d6d7
D:\other\Bird\Dataset\CC0\Rufous-vented Chachalaca_sound\Rufous-vented Chachalaca11.mp3,Rufous-vented Chachalaca_sound\Rufous-vented Chachalaca11.mp3,Rufous-vented Chachalaca_sound,Rufous-vented Chachalaca,Rufous-vented Chachalaca11.mp3,94806,True,44100,1,327852,7.434285714285714,MP3,MPEG_LAYER_III,6e23f0dd822522e3940afd3ba847ea8b588ddb8b89dadb824285a07933e7d6d7
D:\other\Bird\Dataset\CC0\Rufous-vented Chachalaca_sound\Rufous-vented Chachalaca12.mp3,Rufous-vented Chachalaca_sound\Rufous-vented Chachalaca12.mp3,Rufous-vented Chachalaca_sound,Rufous-vented Chachalaca,Rufous-vented Chachalaca12.mp3,94806,True,44100,1,327852,7.434285714285714,MP3,MPEG_LAYER_III,6e23f0dd822522e3940afd3ba847ea8b588ddb8b89dadb824285a07933e7d6d7
D:\other\Bird\Dataset\CC0\Rufous-vented Chachalaca_sound\Rufous-vented Chachalaca13.mp3,Rufous-vented Chachalaca_sound\Rufous-vented Chachalaca13.mp3,Rufous-vented Chachalaca_sound,Rufous-vented Chachalaca,Rufous-vented Chachalaca13.mp3,94806,True,44100,1,327852,7.434285714285714,MP3,MPEG_LAYER_III,6e23f0dd822522e3940afd3ba847ea8b588ddb8b89dadb824285a07933e7d6d7
D:\other\Bird\Dataset\CC0\Rufous-vented Chachalaca_sound\Rufous-vented Chachalaca14.mp3,Rufous-vented Chachalaca_sound\Rufous-vented Chachalaca14.mp3,Rufous-vented Chachalaca_sound,Rufous-vented Chachalaca,Rufous-vented Chachalaca14.mp3,94806,True,44100,1,327852,7.434285714285714,MP3,MPEG_LAYER_III,6e23f0dd822522e3940afd3ba847ea8b588ddb8b89dadb824285a07933e7d6d7
D:\other\Bird\Dataset\CC0\Rufous-vented Chachalaca_sound\Rufous-vented Chachalaca15.mp3,Rufous-vented Chachalaca_sound\Rufous-vented Chachalaca15.mp3,Rufous-vented Chachalaca_sound,Rufous-vented Chachalaca,Rufous-vented Chachalaca15.mp3,1026154,True,44100,1,2828060,64.12834467120182,MP3,MPEG_LAYER_III,f19086fc18c7b9019207b7208dd2fd41b2d242444a5e2c3a07f8c3b37c274977
D:\other\Bird\Dataset\CC0\Rufous-vented Chachalaca_sound\Rufous-vented Chachalaca16.mp3,Rufous-vented Chachalaca_sound\Rufous-vented Chachalaca16.mp3,Rufous-vented Chachalaca_sound,Rufous-vented Chachalaca,Rufous-vented Chachalaca16.mp3,2329089,True,44100,2,4109056,93.17587301587301,MP3,MPEG_LAYER_III,1b403b8f2e237acf5edcc0da9531b3b97ec079de050416858bbea316bfed8f2c
D:\other\Bird\Dataset\CC0\Rufous-vented Chachalaca_sound\Rufous-vented Chachalaca17.mp3,Rufous-vented Chachalaca_sound\Rufous-vented Chachalaca17.mp3,Rufous-vented Chachalaca_sound,Rufous-vented Chachalaca,Rufous-vented Chachalaca17.mp3,1367757,True,44100,1,3769512,85.47646258503401,MP3,MPEG_LAYER_III,446bb7de0d25518cdf35475adb8872c846ad7842ed4b062718eb90af92e06bd6
D:\other\Bird\Dataset\CC0\Rufous-vented Chachalaca_sound\Rufous-vented Chachalaca18.mp3,Rufous-vented Chachalaca_sound\Rufous-vented Chachalaca18.mp3,Rufous-vented Chachalaca_sound,Rufous-vented Chachalaca,Rufous-vented Chachalaca18.mp3,1367757,True,44100,1,3769512,85.47646258503401,MP3,MPEG_LAYER_III,446bb7de0d25518cdf35475adb8872c846ad7842ed4b062718eb90af92e06bd6
D:\other\Bird\Dataset\CC0\Rufous-vented Chachalaca_sound\Rufous-vented Chachalaca19.mp3,Rufous-vented Chachalaca_sound\Rufous-vented Chachalaca19.mp3,Rufous-vented Chachalaca_sound,Rufous-vented Chachalaca,Rufous-vented Chachalaca19.mp3,1367757,True,44100,1,3769512,85.47646258503401,MP3,MPEG_LAYER_III,446bb7de0d25518cdf35475adb8872c846ad7842ed4b062718eb90af92e06bd6
D:\other\Bird\Dataset\CC0\Rufous-vented Chachalaca_sound\Rufous-vented Chachalaca2.mp3,Rufous-vented Chachalaca_sound\Rufous-vented Chachalaca2.mp3,Rufous-vented Chachalaca_sound,Rufous-vented Chachalaca,Rufous-vented Chachalaca2.mp3,36321,True,22050,1,114321,5.184625850340136,MP3,MPEG_LAYER_III,035e065e152532b924f7f3e5daad0de12c745576fbe99fe55f1d3dd0edb9f5d5
D:\other\Bird\Dataset\CC0\Rufous-vented Chachalaca_sound\Rufous-vented Chachalaca20.mp3,Rufous-vented Chachalaca_sound\Rufous-vented Chachalaca20.mp3,Rufous-vented Chachalaca_sound,Rufous-vented Chachalaca,Rufous-vented Chachalaca20.mp3,553729,True,44100,1,3066806,69.54208616780045,MP3,MPEG_LAYER_III,bc4532418d4703b95a4d176febead28d66f6b6c8456da79dad48ac945add26a6
D:\other\Bird\Dataset\CC0\Rufous-vented Chachalaca_sound\Rufous-vented Chachalaca21.mp3,Rufous-vented Chachalaca_sound\Rufous-vented Chachalaca21.mp3,Rufous-vented Chachalaca_sound,Rufous-vented Chachalaca,Rufous-vented Chachalaca21.mp3,1525847,True,44100,1,4204852,95.3481179138322,MP3,MPEG_LAYER_III,52f34b9dbdb6f552ab63be33c12eae011b0e4522cd1667de55d1fb1296b4c96c
D:\other\Bird\Dataset\CC0\Rufous-vented Chachalaca_sound\Rufous-vented Chachalaca22.mp3,Rufous-vented Chachalaca_sound\Rufous-vented Chachalaca22.mp3,Rufous-vented Chachalaca_sound,Rufous-vented Chachalaca,Rufous-vented Chachalaca22.mp3,1525847,True,44100,1,4204852,95.3481179138322,MP3,MPEG_LAYER_III,52f34b9dbdb6f552ab63be33c12eae011b0e4522cd1667de55d1fb1296b4c96c
D:\other\Bird\Dataset\CC0\Rufous-vented Chachalaca_sound\Rufous-vented Chachalaca23.mp3,Rufous-vented Chachalaca_sound\Rufous-vented Chachalaca23.mp3,Rufous-vented Chachalaca_sound,Rufous-vented Chachalaca,Rufous-vented Chachalaca23.mp3,4828783,True,48000,1,5786496,120.552,MP3,MPEG_LAYER_III,d19bf87fb7b5c36f42172149c96f91c77858bc7d7e7368d11466248622273b08
D:\other\Bird\Dataset\CC0\Rufous-vented Chachalaca_sound\Rufous-vented Chachalaca24.mp3,Rufous-vented Chachalaca_sound\Rufous-vented Chachalaca24.mp3,Rufous-vented Chachalaca_sound,Rufous-vented Chachalaca,Rufous-vented Chachalaca24.mp3,1299525,True,44100,1,1424758,32.307437641723354,MP3,MPEG_LAYER_III,6246dbc0ce7dbc1c3844b1646b5e014f75a48a186c1159b0054716b0d8ca9c12
D:\other\Bird\Dataset\CC0\Rufous-vented Chachalaca_sound\Rufous-vented Chachalaca25.mp3,Rufous-vented Chachalaca_sound\Rufous-vented Chachalaca25.mp3,Rufous-vented Chachalaca_sound,Rufous-vented Chachalaca,Rufous-vented Chachalaca25.mp3,1299525,True,44100,1,1424758,32.307437641723354,MP3,MPEG_LAYER_III,6246dbc0ce7dbc1c3844b1646b5e014f75a48a186c1159b0054716b0d8ca9c12
D:\other\Bird\Dataset\CC0\Rufous-vented Chachalaca_sound\Rufous-vented Chachalaca26.mp3,Rufous-vented Chachalaca_sound\Rufous-vented Chachalaca26.mp3,Rufous-vented Chachalaca_sound,Rufous-vented Chachalaca,Rufous-vented Chachalaca26.mp3,247457,True,44100,1,888359,20.144195011337867,MP3,MPEG_LAYER_III,0cbb05eae300e08c9290fc5684e481534543d096a1a0381baec2a37895574c42
D:\other\Bird\Dataset\CC0\Rufous-vented Chachalaca_sound\Rufous-vented Chachalaca27.mp3,Rufous-vented Chachalaca_sound\Rufous-vented Chachalaca27.mp3,Rufous-vented Chachalaca_sound,Rufous-vented Chachalaca,Rufous-vented Chachalaca27.mp3,184967,True,44100,1,653610,14.821088435374149,MP3,MPEG_LAYER_III,749ac0401b678868c4ccdc392cc3bd0bd56044a0380078c15df6fdf355cf54ff
D:\other\Bird\Dataset\CC0\Rufous-vented Chachalaca_sound\Rufous-vented Chachalaca28.mp3,Rufous-vented Chachalaca_sound\Rufous-vented Chachalaca28.mp3,Rufous-vented Chachalaca_sound,Rufous-vented Chachalaca,Rufous-vented Chachalaca28.mp3,45934,True,44100,1,147974,3.355419501133787,MP3,MPEG_LAYER_III,88da0bbd4e9b8fc057d3baffe66541d932c1eb5dac0b9607c62065f0c6a8ddbc
D:\other\Bird\Dataset\CC0\Rufous-vented Chachalaca_sound\Rufous-vented Chachalaca29.mp3,Rufous-vented Chachalaca_sound\Rufous-vented Chachalaca29.mp3,Rufous-vented Chachalaca_sound,Rufous-vented Chachalaca,Rufous-vented Chachalaca29.mp3,168519,True,44100,2,448184,10.162902494331066,MP3,MPEG_LAYER_III,a64827e876ebc928efc335f07bc546505a44118ff181b5eef67c0272a69cc8d8
D:\other\Bird\Dataset\CC0\Rufous-vented Chachalaca_sound\Rufous-vented Chachalaca3.mp3,Rufous-vented Chachalaca_sound\Rufous-vented Chachalaca3.mp3,Rufous-vented Chachalaca_sound,Rufous-vented Chachalaca,Rufous-vented Chachalaca3.mp3,36321,True,22050,1,114321,5.184625850340136,MP3,MPEG_LAYER_III,035e065e152532b924f7f3e5daad0de12c745576fbe99fe55f1d3dd0edb9f5d5
D:\other\Bird\Dataset\CC0\Rufous-vented Chachalaca_sound\Rufous-vented Chachalaca30.mp3,Rufous-vented Chachalaca_sound\Rufous-vented Chachalaca30.mp3,Rufous-vented Chachalaca_sound,Rufous-vented Chachalaca,Rufous-vented Chachalaca30.mp3,168519,True,44100,2,448184,10.162902494331066,MP3,MPEG_LAYER_III,a64827e876ebc928efc335f07bc546505a44118ff181b5eef67c0272a69cc8d8
D:\other\Bird\Dataset\CC0\Rufous-vented Chachalaca_sound\Rufous-vented Chachalaca31.mp3,Rufous-vented Chachalaca_sound\Rufous-vented Chachalaca31.mp3,Rufous-vented Chachalaca_sound,Rufous-vented Chachalaca,Rufous-vented Chachalaca31.mp3,168519,True,44100,2,448184,10.162902494331066,MP3,MPEG_LAYER_III,a64827e876ebc928efc335f07bc546505a44118ff181b5eef67c0272a69cc8d8
D:\other\Bird\Dataset\CC0\Rufous-vented Chachalaca_sound\Rufous-vented Chachalaca4.mp3,Rufous-vented Chachalaca_sound\Rufous-vented Chachalaca4.mp3,Rufous-vented Chachalaca_sound,Rufous-vented Chachalaca,Rufous-vented Chachalaca4.mp3,10415642,True,44100,2,19126796,433.7141950113379,MP3,MPEG_LAYER_III,d76d290392a9646173794a5c295c3a43762b45a896e866b47dfcacce51154fad
D:\other\Bird\Dataset\CC0\Rufous-vented Chachalaca_sound\Rufous-vented Chachalaca5.mp3,Rufous-vented Chachalaca_sound\Rufous-vented Chachalaca5.mp3,Rufous-vented Chachalaca_sound,Rufous-vented Chachalaca,Rufous-vented Chachalaca5.mp3,1848545,True,44100,2,3385304,76.76426303854875,MP3,MPEG_LAYER_III,ab51a06fb1586bce07e7383e12ad21edb4fa0c3a11a0de63de3c92d83890b2bf
D:\other\Bird\Dataset\CC0\Rufous-vented Chachalaca_sound\Rufous-vented Chachalaca6.mp3,Rufous-vented Chachalaca_sound\Rufous-vented Chachalaca6.mp3,Rufous-vented Chachalaca_sound,Rufous-vented Chachalaca,Rufous-vented Chachalaca6.mp3,1848545,True,44100,2,3385304,76.76426303854875,MP3,MPEG_LAYER_III,ab51a06fb1586bce07e7383e12ad21edb4fa0c3a11a0de63de3c92d83890b2bf
D:\other\Bird\Dataset\CC0\Rufous-vented Chachalaca_sound\Rufous-vented Chachalaca7.mp3,Rufous-vented Chachalaca_sound\Rufous-vented Chachalaca7.mp3,Rufous-vented Chachalaca_sound,Rufous-vented Chachalaca,Rufous-vented Chachalaca7.mp3,1848545,True,44100,2,3385304,76.76426303854875,MP3,MPEG_LAYER_III,ab51a06fb1586bce07e7383e12ad21edb4fa0c3a11a0de63de3c92d83890b2bf
D:\other\Bird\Dataset\CC0\Rufous-vented Chachalaca_sound\Rufous-vented Chachalaca8.mp3,Rufous-vented Chachalaca_sound\Rufous-vented Chachalaca8.mp3,Rufous-vented Chachalaca_sound,Rufous-vented Chachalaca,Rufous-vented Chachalaca8.mp3,186625,True,44100,1,686404,15.564716553287981,MP3,MPEG_LAYER_III,f6a8e75bc79f413930af6e908b0b5d5f3c3726905935c03bf69a7fe063b5db0b
D:\other\Bird\Dataset\CC0\Rufous-vented Chachalaca_sound\Rufous-vented Chachalaca9.mp3,Rufous-vented Chachalaca_sound\Rufous-vented Chachalaca9.mp3,Rufous-vented Chachalaca_sound,Rufous-vented Chachalaca,Rufous-vented Chachalaca9.mp3,94806,True,44100,1,327852,7.434285714285714,MP3,MPEG_LAYER_III,6e23f0dd822522e3940afd3ba847ea8b588ddb8b89dadb824285a07933e7d6d7
D:\other\Bird\Dataset\CC0\Rusty Tinamou_sound\Rusty Tinamou10.mp3,Rusty Tinamou_sound\Rusty Tinamou10.mp3,Rusty Tinamou_sound,Rusty Tinamou,Rusty Tinamou10.mp3,148086,True,44100,2,391500,8.877551020408163,MP3,MPEG_LAYER_III,23a0be25f1fe1b39922ce2f42f211a94149ebb04db2bd45f7d1e90a5254d8f20
D:\other\Bird\Dataset\CC0\Rusty Tinamou_sound\Rusty Tinamou11.mp3,Rusty Tinamou_sound\Rusty Tinamou11.mp3,Rusty Tinamou_sound,Rusty Tinamou,Rusty Tinamou11.mp3,148086,True,44100,2,391500,8.877551020408163,MP3,MPEG_LAYER_III,23a0be25f1fe1b39922ce2f42f211a94149ebb04db2bd45f7d1e90a5254d8f20
D:\other\Bird\Dataset\CC0\Rusty Tinamou_sound\Rusty Tinamou12.mp3,Rusty Tinamou_sound\Rusty Tinamou12.mp3,Rusty Tinamou_sound,Rusty Tinamou,Rusty Tinamou12.mp3,412344,True,44100,2,1120809,25.415170068027212,MP3,MPEG_LAYER_III,8c0303833791bd2d3fcc9ee44793c3e50febaabc120cabf8f29a2a597521854e
D:\other\Bird\Dataset\CC0\Rusty Tinamou_sound\Rusty Tinamou13.mp3,Rusty Tinamou_sound\Rusty Tinamou13.mp3,Rusty Tinamou_sound,Rusty Tinamou,Rusty Tinamou13.mp3,412344,True,44100,2,1120809,25.415170068027212,MP3,MPEG_LAYER_III,8c0303833791bd2d3fcc9ee44793c3e50febaabc120cabf8f29a2a597521854e
D:\other\Bird\Dataset\CC0\Rusty Tinamou_sound\Rusty Tinamou14.mp3,Rusty Tinamou_sound\Rusty Tinamou14.mp3,Rusty Tinamou_sound,Rusty Tinamou,Rusty Tinamou14.mp3,412344,True,44100,2,1120809,25.415170068027212,MP3,MPEG_LAYER_III,8c0303833791bd2d3fcc9ee44793c3e50febaabc120cabf8f29a2a597521854e
D:\other\Bird\Dataset\CC0\Rusty Tinamou_sound\Rusty Tinamou2.mp3,Rusty Tinamou_sound\Rusty Tinamou2.mp3,Rusty Tinamou_sound,Rusty Tinamou,Rusty Tinamou2.mp3,56601,True,48000,1,452808,9.4335,MP3,MPEG_LAYER_III,be29555a1d6897b51dedec42a63ef948bd795a2e2f341b602dcb9117cbfeba1b
D:\other\Bird\Dataset\CC0\Rusty Tinamou_sound\Rusty Tinamou3.mp3,Rusty Tinamou_sound\Rusty Tinamou3.mp3,Rusty Tinamou_sound,Rusty Tinamou,Rusty Tinamou3.mp3,568992,True,44100,2,619537,14.048458049886621,MP3,MPEG_LAYER_III,51c4cb276a81badbafd169f63af290c7e04b7405965cf09f5ce06cc8f0b42266
D:\other\Bird\Dataset\CC0\Rusty Tinamou_sound\Rusty Tinamou4.mp3,Rusty Tinamou_sound\Rusty Tinamou4.mp3,Rusty Tinamou_sound,Rusty Tinamou,Rusty Tinamou4.mp3,1374608,True,44100,2,1506902,34.17011337868481,MP3,MPEG_LAYER_III,1165aff2a15c1489c6d90f445b04e2f04f071c46b7403024e945a464e87b9827
D:\other\Bird\Dataset\CC0\Rusty Tinamou_sound\Rusty Tinamou5.mp3,Rusty Tinamou_sound\Rusty Tinamou5.mp3,Rusty Tinamou_sound,Rusty Tinamou,Rusty Tinamou5.mp3,857403,True,44100,1,3264000,74.01360544217687,MP3,MPEG_LAYER_III,e72f6707954dc852c6bb1026b76762aaf326eca9abb2f916ef98343150c9ded7
D:\other\Bird\Dataset\CC0\Rusty Tinamou_sound\Rusty Tinamou6.mp3,Rusty Tinamou_sound\Rusty Tinamou6.mp3,Rusty Tinamou_sound,Rusty Tinamou,Rusty Tinamou6.mp3,1282744,True,44100,2,1406592,31.89551020408163,MP3,MPEG_LAYER_III,f78fa82b4007781f4ba7a73302190cfd5236d4fe2c3936580a28003a73252949
D:\other\Bird\Dataset\CC0\Rusty Tinamou_sound\Rusty Tinamou7.mp3,Rusty Tinamou_sound\Rusty Tinamou7.mp3,Rusty Tinamou_sound,Rusty Tinamou,Rusty Tinamou7.mp3,979723,True,44100,2,1071708,24.301768707482992,MP3,MPEG_LAYER_III,d0762ed91b6b9fbdb5414c089e4e5b3945a2181265eef049d894f262205679b4
D:\other\Bird\Dataset\CC0\Rusty Tinamou_sound\Rusty Tinamou8.mp3,Rusty Tinamou_sound\Rusty Tinamou8.mp3,Rusty Tinamou_sound,Rusty Tinamou,Rusty Tinamou8.mp3,790479,True,44100,2,862848,19.565714285714286,MP3,MPEG_LAYER_III,92f8f88ce3262d44fb563066c18e335be476688ec09e2af74a2d969980db55cd
D:\other\Bird\Dataset\CC0\Rusty Tinamou_sound\Rusty Tinamou9.mp3,Rusty Tinamou_sound\Rusty Tinamou9.mp3,Rusty Tinamou_sound,Rusty Tinamou,Rusty Tinamou9.mp3,307736,True,44100,2,330971,7.50501133786848,MP3,MPEG_LAYER_III,3bb7b398c0d5bf0d1eaf41acaede5a6a80c71735109547494c6e47954d4d3aeb
D:\other\Bird\Dataset\CC0\Rusty-margined Guan_sound\Rusty-margined Guan10.mp3,Rusty-margined Guan_sound\Rusty-margined Guan10.mp3,Rusty-margined Guan_sound,Rusty-margined Guan,Rusty-margined Guan10.mp3,1619078,True,44100,1,1784859,40.47299319727891,MP3,MPEG_LAYER_III,33ea3aa1edef3b1951382fff1675f2347be5ef862bca6aedfce783988ca9383e
D:\other\Bird\Dataset\CC0\Rusty-margined Guan_sound\Rusty-margined Guan11.mp3,Rusty-margined Guan_sound\Rusty-margined Guan11.mp3,Rusty-margined Guan_sound,Rusty-margined Guan,Rusty-margined Guan11.mp3,4678347,True,44100,1,12893434,292.3681179138322,MP3,MPEG_LAYER_III,0bef4a846b156ea2fa6f9d114dfd3a316f4e94f7cbc3d110cf36312f0dee1cb5
D:\other\Bird\Dataset\CC0\Rusty-margined Guan_sound\Rusty-margined Guan12.mp3,Rusty-margined Guan_sound\Rusty-margined Guan12.mp3,Rusty-margined Guan_sound,Rusty-margined Guan,Rusty-margined Guan12.mp3,174232,True,44100,1,960360,21.77687074829932,MP3,MPEG_LAYER_III,5d995842f7f935c48fc6da68205721493ab029c32ba143c68de633a92bb503f4
D:\other\Bird\Dataset\CC0\Rusty-margined Guan_sound\Rusty-margined Guan13.mp3,Rusty-margined Guan_sound\Rusty-margined Guan13.mp3,Rusty-margined Guan_sound,Rusty-margined Guan,Rusty-margined Guan13.mp3,174232,True,44100,1,960360,21.77687074829932,MP3,MPEG_LAYER_III,5d995842f7f935c48fc6da68205721493ab029c32ba143c68de633a92bb503f4
D:\other\Bird\Dataset\CC0\Rusty-margined Guan_sound\Rusty-margined Guan14.mp3,Rusty-margined Guan_sound\Rusty-margined Guan14.mp3,Rusty-margined Guan_sound,Rusty-margined Guan,Rusty-margined Guan14.mp3,162764,True,44100,1,866810,19.655555555555555,MP3,MPEG_LAYER_III,bb66530434372da08aac49429d89d6a93a93848acd2aafc1323cd49296845cb8
D:\other\Bird\Dataset\CC0\Rusty-margined Guan_sound\Rusty-margined Guan15.mp3,Rusty-margined Guan_sound\Rusty-margined Guan15.mp3,Rusty-margined Guan_sound,Rusty-margined Guan,Rusty-margined Guan15.mp3,162764,True,44100,1,866810,19.655555555555555,MP3,MPEG_LAYER_III,bb66530434372da08aac49429d89d6a93a93848acd2aafc1323cd49296845cb8
D:\other\Bird\Dataset\CC0\Rusty-margined Guan_sound\Rusty-margined Guan16.mp3,Rusty-margined Guan_sound\Rusty-margined Guan16.mp3,Rusty-margined Guan_sound,Rusty-margined Guan,Rusty-margined Guan16.mp3,463739,True,44100,1,1683694,38.17900226757369,MP3,MPEG_LAYER_III,7e5a520185002431ed91869de44c5ce7df923bf250766a30edab38f8ab6b5b0e
D:\other\Bird\Dataset\CC0\Rusty-margined Guan_sound\Rusty-margined Guan17.mp3,Rusty-margined Guan_sound\Rusty-margined Guan17.mp3,Rusty-margined Guan_sound,Rusty-margined Guan,Rusty-margined Guan17.mp3,841156,True,44100,1,3070450,69.62471655328798,MP3,MPEG_LAYER_III,29e2e9bd5a2c7057e21b6536eb5c7c0023cbdfe7a63b9ac9844b6611fe26c727
D:\other\Bird\Dataset\CC0\Rusty-margined Guan_sound\Rusty-margined Guan18.mp3,Rusty-margined Guan_sound\Rusty-margined Guan18.mp3,Rusty-margined Guan_sound,Rusty-margined Guan,Rusty-margined Guan18.mp3,619092,True,44100,1,2250547,51.03281179138322,MP3,MPEG_LAYER_III,3c2d3a2e9a29c9c98615408dc4d6505862f3d57e3d653b6f0c34f5bba6ba9c74
D:\other\Bird\Dataset\CC0\Rusty-margined Guan_sound\Rusty-margined Guan19.mp3,Rusty-margined Guan_sound\Rusty-margined Guan19.mp3,Rusty-margined Guan_sound,Rusty-margined Guan,Rusty-margined Guan19.mp3,636471,True,44100,1,2318006,52.56249433106576,MP3,MPEG_LAYER_III,070d4b6cad0c39f2d0c01079319e0f2aaea579995a69dd9a0d1b5942f7689d35
D:\other\Bird\Dataset\CC0\Rusty-margined Guan_sound\Rusty-margined Guan2.mp3,Rusty-margined Guan_sound\Rusty-margined Guan2.mp3,Rusty-margined Guan_sound,Rusty-margined Guan,Rusty-margined Guan2.mp3,194470,True,44100,1,694554,15.74952380952381,MP3,MPEG_LAYER_III,9094d779c074a4c3430b710965947ac39027519d113a38dee1f2457e857147d6
D:\other\Bird\Dataset\CC0\Rusty-margined Guan_sound\Rusty-margined Guan20.mp3,Rusty-margined Guan_sound\Rusty-margined Guan20.mp3,Rusty-margined Guan_sound,Rusty-margined Guan,Rusty-margined Guan20.mp3,712268,True,44100,2,1967704,44.619138321995464,MP3,MPEG_LAYER_III,7cf1aeeaa3511f5bcd9ba8d37237e46e9e876e71fa2e22cdd4d30206117082ca
D:\other\Bird\Dataset\CC0\Rusty-margined Guan_sound\Rusty-margined Guan21.mp3,Rusty-margined Guan_sound\Rusty-margined Guan21.mp3,Rusty-margined Guan_sound,Rusty-margined Guan,Rusty-margined Guan21.mp3,712268,True,44100,2,1967704,44.619138321995464,MP3,MPEG_LAYER_III,7cf1aeeaa3511f5bcd9ba8d37237e46e9e876e71fa2e22cdd4d30206117082ca
D:\other\Bird\Dataset\CC0\Rusty-margined Guan_sound\Rusty-margined Guan22.mp3,Rusty-margined Guan_sound\Rusty-margined Guan22.mp3,Rusty-margined Guan_sound,Rusty-margined Guan,Rusty-margined Guan22.mp3,712268,True,44100,2,1967704,44.619138321995464,MP3,MPEG_LAYER_III,7cf1aeeaa3511f5bcd9ba8d37237e46e9e876e71fa2e22cdd4d30206117082ca
D:\other\Bird\Dataset\CC0\Rusty-margined Guan_sound\Rusty-margined Guan23.mp3,Rusty-margined Guan_sound\Rusty-margined Guan23.mp3,Rusty-margined Guan_sound,Rusty-margined Guan,Rusty-margined Guan23.mp3,795146,True,44100,1,2191407,49.69176870748299,MP3,MPEG_LAYER_III,86c2746bb72dabb973d2699b9ac2ce6e52d5cb10bb9efa9e387fb8e542b936f6
D:\other\Bird\Dataset\CC0\Rusty-margined Guan_sound\Rusty-margined Guan24.mp3,Rusty-margined Guan_sound\Rusty-margined Guan24.mp3,Rusty-margined Guan_sound,Rusty-margined Guan,Rusty-margined Guan24.mp3,795146,True,44100,1,2191407,49.69176870748299,MP3,MPEG_LAYER_III,86c2746bb72dabb973d2699b9ac2ce6e52d5cb10bb9efa9e387fb8e542b936f6
D:\other\Bird\Dataset\CC0\Rusty-margined Guan_sound\Rusty-margined Guan25.mp3,Rusty-margined Guan_sound\Rusty-margined Guan25.mp3,Rusty-margined Guan_sound,Rusty-margined Guan,Rusty-margined Guan25.mp3,795146,True,44100,1,2191407,49.69176870748299,MP3,MPEG_LAYER_III,86c2746bb72dabb973d2699b9ac2ce6e52d5cb10bb9efa9e387fb8e542b936f6
D:\other\Bird\Dataset\CC0\Rusty-margined Guan_sound\Rusty-margined Guan26.mp3,Rusty-margined Guan_sound\Rusty-margined Guan26.mp3,Rusty-margined Guan_sound,Rusty-margined Guan,Rusty-margined Guan26.mp3,1313355,True,44100,1,3619581,82.07666666666667,MP3,MPEG_LAYER_III,1750e611933c5cb7735016538c8e5925edb3336c1120646f29a8668665e27b03
D:\other\Bird\Dataset\CC0\Rusty-margined Guan_sound\Rusty-margined Guan27.mp3,Rusty-margined Guan_sound\Rusty-margined Guan27.mp3,Rusty-margined Guan_sound,Rusty-margined Guan,Rusty-margined Guan27.mp3,522753,True,48000,2,1045506,21.781375,MP3,MPEG_LAYER_III,da70b68804d2bb7d260e3e0f8d5c2810593c4085f32e018f527b86efdf07baae
D:\other\Bird\Dataset\CC0\Rusty-margined Guan_sound\Rusty-margined Guan28.mp3,Rusty-margined Guan_sound\Rusty-margined Guan28.mp3,Rusty-margined Guan_sound,Rusty-margined Guan,Rusty-margined Guan28.mp3,98913,True,44100,1,336692,7.634739229024944,MP3,MPEG_LAYER_III,7581afdcf293d7730e2bf460cfb261b82ef095d6757e6bb91d729ae441725c2b
D:\other\Bird\Dataset\CC0\Rusty-margined Guan_sound\Rusty-margined Guan29.mp3,Rusty-margined Guan_sound\Rusty-margined Guan29.mp3,Rusty-margined Guan_sound,Rusty-margined Guan,Rusty-margined Guan29.mp3,98913,True,44100,1,336692,7.634739229024944,MP3,MPEG_LAYER_III,7581afdcf293d7730e2bf460cfb261b82ef095d6757e6bb91d729ae441725c2b
D:\other\Bird\Dataset\CC0\Rusty-margined Guan_sound\Rusty-margined Guan3.mp3,Rusty-margined Guan_sound\Rusty-margined Guan3.mp3,Rusty-margined Guan_sound,Rusty-margined Guan,Rusty-margined Guan3.mp3,194470,True,44100,1,694554,15.74952380952381,MP3,MPEG_LAYER_III,9094d779c074a4c3430b710965947ac39027519d113a38dee1f2457e857147d6
D:\other\Bird\Dataset\CC0\Rusty-margined Guan_sound\Rusty-margined Guan30.mp3,Rusty-margined Guan_sound\Rusty-margined Guan30.mp3,Rusty-margined Guan_sound,Rusty-margined Guan,Rusty-margined Guan30.mp3,98913,True,44100,1,336692,7.634739229024944,MP3,MPEG_LAYER_III,7581afdcf293d7730e2bf460cfb261b82ef095d6757e6bb91d729ae441725c2b
D:\other\Bird\Dataset\CC0\Rusty-margined Guan_sound\Rusty-margined Guan31.mp3,Rusty-margined Guan_sound\Rusty-margined Guan31.mp3,Rusty-margined Guan_sound,Rusty-margined Guan,Rusty-margined Guan31.mp3,169781,True,44100,1,467913,10.610272108843537,MP3,MPEG_LAYER_III,8d285d50b3c00b609f739e712b99d92473e7c633f029e4fe44c7e94c3ffe13b8
D:\other\Bird\Dataset\CC0\Rusty-margined Guan_sound\Rusty-margined Guan4.mp3,Rusty-margined Guan_sound\Rusty-margined Guan4.mp3,Rusty-margined Guan_sound,Rusty-margined Guan,Rusty-margined Guan4.mp3,222039,True,48000,2,443822,9.246291666666666,MP3,MPEG_LAYER_III,077610b4155968a2e5ca777f9d2dbdd2618fff38bb5ff7ef7a1c161065b09669
D:\other\Bird\Dataset\CC0\Rusty-margined Guan_sound\Rusty-margined Guan5.mp3,Rusty-margined Guan_sound\Rusty-margined Guan5.mp3,Rusty-margined Guan_sound,Rusty-margined Guan,Rusty-margined Guan5.mp3,354916,True,44100,2,391256,8.872018140589569,MP3,MPEG_LAYER_III,f0b7ccbb866b69f5509d1eb8745ba98723cad2bab5c05d8e16902fcbe0155965
D:\other\Bird\Dataset\CC0\Rusty-margined Guan_sound\Rusty-margined Guan6.mp3,Rusty-margined Guan_sound\Rusty-margined Guan6.mp3,Rusty-margined Guan_sound,Rusty-margined Guan,Rusty-margined Guan6.mp3,4337918,True,44100,1,4782087,108.4373469387755,MP3,MPEG_LAYER_III,15b2b27977a41fcaba0b2f5dc3ed34e0ca93246aeaeec4fab06df82787157b2d
D:\other\Bird\Dataset\CC0\Rusty-margined Guan_sound\Rusty-margined Guan7.mp3,Rusty-margined Guan_sound\Rusty-margined Guan7.mp3,Rusty-margined Guan_sound,Rusty-margined Guan,Rusty-margined Guan7.mp3,136368,True,44100,1,150331,3.4088662131519274,MP3,MPEG_LAYER_III,82c647716cb6b098c77585063731fdefcecf3d3c32299e198e3c70f5ef0487e9
D:\other\Bird\Dataset\CC0\Rusty-margined Guan_sound\Rusty-margined Guan8.mp3,Rusty-margined Guan_sound\Rusty-margined Guan8.mp3,Rusty-margined Guan_sound,Rusty-margined Guan,Rusty-margined Guan8.mp3,1619078,True,44100,1,1784859,40.47299319727891,MP3,MPEG_LAYER_III,33ea3aa1edef3b1951382fff1675f2347be5ef862bca6aedfce783988ca9383e
D:\other\Bird\Dataset\CC0\Rusty-margined Guan_sound\Rusty-margined Guan9.mp3,Rusty-margined Guan_sound\Rusty-margined Guan9.mp3,Rusty-margined Guan_sound,Rusty-margined Guan,Rusty-margined Guan9.mp3,1619078,True,44100,1,1784859,40.47299319727891,MP3,MPEG_LAYER_III,33ea3aa1edef3b1951382fff1675f2347be5ef862bca6aedfce783988ca9383e
D:\other\Bird\Dataset\CC0\Scaled Chachalaca_sound\Scaled Chachalaca10.mp3,Scaled Chachalaca_sound\Scaled Chachalaca10.mp3,Scaled Chachalaca_sound,Scaled Chachalaca,Scaled Chachalaca10.mp3,293540,True,44100,2,810930,18.38843537414966,MP3,MPEG_LAYER_III,5e7a7b3d34a328011c47672730bdc050d6b3d910396f67d8d5ea23eb70ff0568
D:\other\Bird\Dataset\CC0\Scaled Chachalaca_sound\Scaled Chachalaca11.mp3,Scaled Chachalaca_sound\Scaled Chachalaca11.mp3,Scaled Chachalaca_sound,Scaled Chachalaca,Scaled Chachalaca11.mp3,293540,True,44100,2,810930,18.38843537414966,MP3,MPEG_LAYER_III,5e7a7b3d34a328011c47672730bdc050d6b3d910396f67d8d5ea23eb70ff0568
D:\other\Bird\Dataset\CC0\Scaled Chachalaca_sound\Scaled Chachalaca12.mp3,Scaled Chachalaca_sound\Scaled Chachalaca12.mp3,Scaled Chachalaca_sound,Scaled Chachalaca,Scaled Chachalaca12.mp3,293540,True,44100,2,810930,18.38843537414966,MP3,MPEG_LAYER_III,5e7a7b3d34a328011c47672730bdc050d6b3d910396f67d8d5ea23eb70ff0568
D:\other\Bird\Dataset\CC0\Scaled Chachalaca_sound\Scaled Chachalaca13.mp3,Scaled Chachalaca_sound\Scaled Chachalaca13.mp3,Scaled Chachalaca_sound,Scaled Chachalaca,Scaled Chachalaca13.mp3,211860,True,48000,1,869802,18.120875,MP3,MPEG_LAYER_III,2b68d5adbcf795b68aa5a74aa907de7262399d5e4cc1eb4deca841fc56373d6f
D:\other\Bird\Dataset\CC0\Scaled Chachalaca_sound\Scaled Chachalaca14.mp3,Scaled Chachalaca_sound\Scaled Chachalaca14.mp3,Scaled Chachalaca_sound,Scaled Chachalaca,Scaled Chachalaca14.mp3,211860,True,48000,1,869802,18.120875,MP3,MPEG_LAYER_III,2b68d5adbcf795b68aa5a74aa907de7262399d5e4cc1eb4deca841fc56373d6f
D:\other\Bird\Dataset\CC0\Scaled Chachalaca_sound\Scaled Chachalaca15.mp3,Scaled Chachalaca_sound\Scaled Chachalaca15.mp3,Scaled Chachalaca_sound,Scaled Chachalaca,Scaled Chachalaca15.mp3,211860,True,48000,1,869802,18.120875,MP3,MPEG_LAYER_III,2b68d5adbcf795b68aa5a74aa907de7262399d5e4cc1eb4deca841fc56373d6f
D:\other\Bird\Dataset\CC0\Scaled Chachalaca_sound\Scaled Chachalaca16.mp3,Scaled Chachalaca_sound\Scaled Chachalaca16.mp3,Scaled Chachalaca_sound,Scaled Chachalaca,Scaled Chachalaca16.mp3,211860,True,48000,1,869802,18.120875,MP3,MPEG_LAYER_III,2b68d5adbcf795b68aa5a74aa907de7262399d5e4cc1eb4deca841fc56373d6f
D:\other\Bird\Dataset\CC0\Scaled Chachalaca_sound\Scaled Chachalaca17.mp3,Scaled Chachalaca_sound\Scaled Chachalaca17.mp3,Scaled Chachalaca_sound,Scaled Chachalaca,Scaled Chachalaca17.mp3,211860,True,48000,1,869802,18.120875,MP3,MPEG_LAYER_III,2b68d5adbcf795b68aa5a74aa907de7262399d5e4cc1eb4deca841fc56373d6f
D:\other\Bird\Dataset\CC0\Scaled Chachalaca_sound\Scaled Chachalaca18.mp3,Scaled Chachalaca_sound\Scaled Chachalaca18.mp3,Scaled Chachalaca_sound,Scaled Chachalaca,Scaled Chachalaca18.mp3,211860,True,48000,1,869802,18.120875,MP3,MPEG_LAYER_III,2b68d5adbcf795b68aa5a74aa907de7262399d5e4cc1eb4deca841fc56373d6f
D:\other\Bird\Dataset\CC0\Scaled Chachalaca_sound\Scaled Chachalaca2.mp3,Scaled Chachalaca_sound\Scaled Chachalaca2.mp3,Scaled Chachalaca_sound,Scaled Chachalaca,Scaled Chachalaca2.mp3,293540,True,44100,2,810930,18.38843537414966,MP3,MPEG_LAYER_III,5e7a7b3d34a328011c47672730bdc050d6b3d910396f67d8d5ea23eb70ff0568
D:\other\Bird\Dataset\CC0\Scaled Chachalaca_sound\Scaled Chachalaca3.mp3,Scaled Chachalaca_sound\Scaled Chachalaca3.mp3,Scaled Chachalaca_sound,Scaled Chachalaca,Scaled Chachalaca3.mp3,293540,True,44100,2,810930,18.38843537414966,MP3,MPEG_LAYER_III,5e7a7b3d34a328011c47672730bdc050d6b3d910396f67d8d5ea23eb70ff0568
D:\other\Bird\Dataset\CC0\Scaled Chachalaca_sound\Scaled Chachalaca4.mp3,Scaled Chachalaca_sound\Scaled Chachalaca4.mp3,Scaled Chachalaca_sound,Scaled Chachalaca,Scaled Chachalaca4.mp3,293540,True,44100,2,810930,18.38843537414966,MP3,MPEG_LAYER_III,5e7a7b3d34a328011c47672730bdc050d6b3d910396f67d8d5ea23eb70ff0568
D:\other\Bird\Dataset\CC0\Scaled Chachalaca_sound\Scaled Chachalaca5.mp3,Scaled Chachalaca_sound\Scaled Chachalaca5.mp3,Scaled Chachalaca_sound,Scaled Chachalaca,Scaled Chachalaca5.mp3,293540,True,44100,2,810930,18.38843537414966,MP3,MPEG_LAYER_III,5e7a7b3d34a328011c47672730bdc050d6b3d910396f67d8d5ea23eb70ff0568
D:\other\Bird\Dataset\CC0\Scaled Chachalaca_sound\Scaled Chachalaca6.mp3,Scaled Chachalaca_sound\Scaled Chachalaca6.mp3,Scaled Chachalaca_sound,Scaled Chachalaca,Scaled Chachalaca6.mp3,293540,True,44100,2,810930,18.38843537414966,MP3,MPEG_LAYER_III,5e7a7b3d34a328011c47672730bdc050d6b3d910396f67d8d5ea23eb70ff0568
D:\other\Bird\Dataset\CC0\Scaled Chachalaca_sound\Scaled Chachalaca7.mp3,Scaled Chachalaca_sound\Scaled Chachalaca7.mp3,Scaled Chachalaca_sound,Scaled Chachalaca,Scaled Chachalaca7.mp3,293540,True,44100,2,810930,18.38843537414966,MP3,MPEG_LAYER_III,5e7a7b3d34a328011c47672730bdc050d6b3d910396f67d8d5ea23eb70ff0568
D:\other\Bird\Dataset\CC0\Scaled Chachalaca_sound\Scaled Chachalaca8.mp3,Scaled Chachalaca_sound\Scaled Chachalaca8.mp3,Scaled Chachalaca_sound,Scaled Chachalaca,Scaled Chachalaca8.mp3,293540,True,44100,2,810930,18.38843537414966,MP3,MPEG_LAYER_III,5e7a7b3d34a328011c47672730bdc050d6b3d910396f67d8d5ea23eb70ff0568
D:\other\Bird\Dataset\CC0\Scaled Chachalaca_sound\Scaled Chachalaca9.mp3,Scaled Chachalaca_sound\Scaled Chachalaca9.mp3,Scaled Chachalaca_sound,Scaled Chachalaca,Scaled Chachalaca9.mp3,293540,True,44100,2,810930,18.38843537414966,MP3,MPEG_LAYER_III,5e7a7b3d34a328011c47672730bdc050d6b3d910396f67d8d5ea23eb70ff0568
D:\other\Bird\Dataset\CC0\Slaty-breasted Tinamou_sound\Slaty-breasted Tinamou10.mp3,Slaty-breasted Tinamou_sound\Slaty-breasted Tinamou10.mp3,Slaty-breasted Tinamou_sound,Slaty-breasted Tinamou,Slaty-breasted Tinamou10.mp3,213120,True,48000,2,369879,7.7058125,MP3,MPEG_LAYER_III,22c003124e0457ef9337e9f930b35ace3a93a43626e5f21e53e51d5ad76a24c7
D:\other\Bird\Dataset\CC0\Slaty-breasted Tinamou_sound\Slaty-breasted Tinamou11.mp3,Slaty-breasted Tinamou_sound\Slaty-breasted Tinamou11.mp3,Slaty-breasted Tinamou_sound,Slaty-breasted Tinamou,Slaty-breasted Tinamou11.mp3,213120,True,48000,2,369879,7.7058125,MP3,MPEG_LAYER_III,22c003124e0457ef9337e9f930b35ace3a93a43626e5f21e53e51d5ad76a24c7
D:\other\Bird\Dataset\CC0\Slaty-breasted Tinamou_sound\Slaty-breasted Tinamou12.mp3,Slaty-breasted Tinamou_sound\Slaty-breasted Tinamou12.mp3,Slaty-breasted Tinamou_sound,Slaty-breasted Tinamou,Slaty-breasted Tinamou12.mp3,839448,True,44100,1,4649250,105.42517006802721,MP3,MPEG_LAYER_III,884502ddfe631312a6e1f7ea4397072ee803c7506dc75b034ac3cc4461ac4f50
D:\other\Bird\Dataset\CC0\Slaty-breasted Tinamou_sound\Slaty-breasted Tinamou13.mp3,Slaty-breasted Tinamou_sound\Slaty-breasted Tinamou13.mp3,Slaty-breasted Tinamou_sound,Slaty-breasted Tinamou,Slaty-breasted Tinamou13.mp3,53851,True,44100,1,174365,3.953854875283447,MP3,MPEG_LAYER_III,3310cbc58a0d20c6ae6e0c66c6a762cc7c25a0d04487fb90efd58d616f37b6d4
D:\other\Bird\Dataset\CC0\Slaty-breasted Tinamou_sound\Slaty-breasted Tinamou14.mp3,Slaty-breasted Tinamou_sound\Slaty-breasted Tinamou14.mp3,Slaty-breasted Tinamou_sound,Slaty-breasted Tinamou,Slaty-breasted Tinamou14.mp3,92586,True,44100,1,319634,7.247936507936508,MP3,MPEG_LAYER_III,6739b4d3761d3776bbee3d80af65a9f76a68f7b2df78436829c7f893d6becb28
D:\other\Bird\Dataset\CC0\Slaty-breasted Tinamou_sound\Slaty-breasted Tinamou15.mp3,Slaty-breasted Tinamou_sound\Slaty-breasted Tinamou15.mp3,Slaty-breasted Tinamou_sound,Slaty-breasted Tinamou,Slaty-breasted Tinamou15.mp3,59045,True,44100,1,196113,4.447006802721089,MP3,MPEG_LAYER_III,cab22754f8d8f76b50fe83ecbfefe4e35789687af6da5f8e9889dccaf80a04a8
D:\other\Bird\Dataset\CC0\Slaty-breasted Tinamou_sound\Slaty-breasted Tinamou16.mp3,Slaty-breasted Tinamou_sound\Slaty-breasted Tinamou16.mp3,Slaty-breasted Tinamou_sound,Slaty-breasted Tinamou,Slaty-breasted Tinamou16.mp3,971343,True,44100,1,3542955,80.3391156462585,MP3,MPEG_LAYER_III,b87f88e68d4ff11bd171bcc311f4697121407d4bcd431d01b200d0c88b439595
D:\other\Bird\Dataset\CC0\Slaty-breasted Tinamou_sound\Slaty-breasted Tinamou17.mp3,Slaty-breasted Tinamou_sound\Slaty-breasted Tinamou17.mp3,Slaty-breasted Tinamou_sound,Slaty-breasted Tinamou,Slaty-breasted Tinamou17.mp3,987855,True,44100,1,3610289,81.86596371882086,MP3,MPEG_LAYER_III,7710328c4a02a73b4fb823f8670ed7a474209251279806adb331785fff03157b
D:\other\Bird\Dataset\CC0\Slaty-breasted Tinamou_sound\Slaty-breasted Tinamou18.mp3,Slaty-breasted Tinamou_sound\Slaty-breasted Tinamou18.mp3,Slaty-breasted Tinamou_sound,Slaty-breasted Tinamou,Slaty-breasted Tinamou18.mp3,2725135,True,44100,1,7510067,170.29630385487528,MP3,MPEG_LAYER_III,6a3efdad556d95553769028bc7e6abca96a9b5c868754f56e92f325293b70df1
D:\other\Bird\Dataset\CC0\Slaty-breasted Tinamou_sound\Slaty-breasted Tinamou19.mp3,Slaty-breasted Tinamou_sound\Slaty-breasted Tinamou19.mp3,Slaty-breasted Tinamou_sound,Slaty-breasted Tinamou,Slaty-breasted Tinamou19.mp3,510467,True,44100,1,1406837,31.901065759637188,MP3,MPEG_LAYER_III,f1bd8d5cfb3a006c1f7a1e5d282da58ffd5f8dd557fa878e0bab3d268efe0de1
D:\other\Bird\Dataset\CC0\Slaty-breasted Tinamou_sound\Slaty-breasted Tinamou2.mp3,Slaty-breasted Tinamou_sound\Slaty-breasted Tinamou2.mp3,Slaty-breasted Tinamou_sound,Slaty-breasted Tinamou,Slaty-breasted Tinamou2.mp3,11080696,True,44100,2,19909721,451.4675963718821,MP3,MPEG_LAYER_III,bea7fc664d6e9ccf38d7083db7da0863f1c5bb855748055b822e5b2fceab0ee1
D:\other\Bird\Dataset\CC0\Slaty-breasted Tinamou_sound\Slaty-breasted Tinamou20.mp3,Slaty-breasted Tinamou_sound\Slaty-breasted Tinamou20.mp3,Slaty-breasted Tinamou_sound,Slaty-breasted Tinamou,Slaty-breasted Tinamou20.mp3,1705355,True,44100,1,4699925,106.57426303854875,MP3,MPEG_LAYER_III,552ee9adf88b598483fa04f506d9302f3422abfeceacc9672be859bff46e727d
D:\other\Bird\Dataset\CC0\Slaty-breasted Tinamou_sound\Slaty-breasted Tinamou21.mp3,Slaty-breasted Tinamou_sound\Slaty-breasted Tinamou21.mp3,Slaty-breasted Tinamou_sound,Slaty-breasted Tinamou,Slaty-breasted Tinamou21.mp3,33329,True,44100,1,184591,4.185736961451247,MP3,MPEG_LAYER_III,5d45b771f062776f1e9a331329be852d09905d21379cad77f8ec32d9331dbe1e
D:\other\Bird\Dataset\CC0\Slaty-breasted Tinamou_sound\Slaty-breasted Tinamou22.mp3,Slaty-breasted Tinamou_sound\Slaty-breasted Tinamou22.mp3,Slaty-breasted Tinamou_sound,Slaty-breasted Tinamou,Slaty-breasted Tinamou22.mp3,33329,True,44100,1,184591,4.185736961451247,MP3,MPEG_LAYER_III,5d45b771f062776f1e9a331329be852d09905d21379cad77f8ec32d9331dbe1e
D:\other\Bird\Dataset\CC0\Slaty-breasted Tinamou_sound\Slaty-breasted Tinamou23.mp3,Slaty-breasted Tinamou_sound\Slaty-breasted Tinamou23.mp3,Slaty-breasted Tinamou_sound,Slaty-breasted Tinamou,Slaty-breasted Tinamou23.mp3,53851,True,44100,1,173815,3.9413832199546484,MP3,MPEG_LAYER_III,2e67e5335b0642b5ed2852bf31b0ccc4e262271fe9ebb8ce0327a6c78960c9d4
D:\other\Bird\Dataset\CC0\Slaty-breasted Tinamou_sound\Slaty-breasted Tinamou24.mp3,Slaty-breasted Tinamou_sound\Slaty-breasted Tinamou24.mp3,Slaty-breasted Tinamou_sound,Slaty-breasted Tinamou,Slaty-breasted Tinamou24.mp3,53851,True,44100,1,171175,3.881519274376417,MP3,MPEG_LAYER_III,d0915bb6d78a11dfd142d9895991e9290ce7326c7794e4139043ba0413d523d5
D:\other\Bird\Dataset\CC0\Slaty-breasted Tinamou_sound\Slaty-breasted Tinamou25.mp3,Slaty-breasted Tinamou_sound\Slaty-breasted Tinamou25.mp3,Slaty-breasted Tinamou_sound,Slaty-breasted Tinamou,Slaty-breasted Tinamou25.mp3,82516,True,44100,1,277993,6.303696145124716,MP3,MPEG_LAYER_III,18dc45a1f2af785f70bd48f256a165d514bf4675c86c77172862d39aeef12e5b
D:\other\Bird\Dataset\CC0\Slaty-breasted Tinamou_sound\Slaty-breasted Tinamou26.mp3,Slaty-breasted Tinamou_sound\Slaty-breasted Tinamou26.mp3,Slaty-breasted Tinamou_sound,Slaty-breasted Tinamou,Slaty-breasted Tinamou26.mp3,279124,True,44100,1,1005037,22.789954648526077,MP3,MPEG_LAYER_III,fae6ee935ca2962123e8a47ca501be33572ef6cca558805d57dc0ba937b71dbe
D:\other\Bird\Dataset\CC0\Slaty-breasted Tinamou_sound\Slaty-breasted Tinamou27.mp3,Slaty-breasted Tinamou_sound\Slaty-breasted Tinamou27.mp3,Slaty-breasted Tinamou_sound,Slaty-breasted Tinamou,Slaty-breasted Tinamou27.mp3,279124,True,44100,1,1005037,22.789954648526077,MP3,MPEG_LAYER_III,fae6ee935ca2962123e8a47ca501be33572ef6cca558805d57dc0ba937b71dbe
D:\other\Bird\Dataset\CC0\Slaty-breasted Tinamou_sound\Slaty-breasted Tinamou28.mp3,Slaty-breasted Tinamou_sound\Slaty-breasted Tinamou28.mp3,Slaty-breasted Tinamou_sound,Slaty-breasted Tinamou,Slaty-breasted Tinamou28.mp3,964779,True,48000,1,1149083,23.939229166666667,MP3,MPEG_LAYER_III,65583c593dc42c961673ec0ff63000a43ec0f79a38056055b6960c3f31c7e10f
D:\other\Bird\Dataset\CC0\Slaty-breasted Tinamou_sound\Slaty-breasted Tinamou29.mp3,Slaty-breasted Tinamou_sound\Slaty-breasted Tinamou29.mp3,Slaty-breasted Tinamou_sound,Slaty-breasted Tinamou,Slaty-breasted Tinamou29.mp3,54986,True,44100,1,181946,4.125759637188208,MP3,MPEG_LAYER_III,22ce28e219413fc718617efd3163fd40660644c76c64c2a0a24915d6e15c99d6
D:\other\Bird\Dataset\CC0\Slaty-breasted Tinamou_sound\Slaty-breasted Tinamou3.mp3,Slaty-breasted Tinamou_sound\Slaty-breasted Tinamou3.mp3,Slaty-breasted Tinamou_sound,Slaty-breasted Tinamou,Slaty-breasted Tinamou3.mp3,187048,True,44100,2,499861,11.334716553287981,MP3,MPEG_LAYER_III,ed86d22529c9d27e1680165608e0059beba048034bba974198b61db9981b8dc1
D:\other\Bird\Dataset\CC0\Slaty-breasted Tinamou_sound\Slaty-breasted Tinamou30.mp3,Slaty-breasted Tinamou_sound\Slaty-breasted Tinamou30.mp3,Slaty-breasted Tinamou_sound,Slaty-breasted Tinamou,Slaty-breasted Tinamou30.mp3,54986,True,44100,1,181946,4.125759637188208,MP3,MPEG_LAYER_III,22ce28e219413fc718617efd3163fd40660644c76c64c2a0a24915d6e15c99d6
D:\other\Bird\Dataset\CC0\Slaty-breasted Tinamou_sound\Slaty-breasted Tinamou4.mp3,Slaty-breasted Tinamou_sound\Slaty-breasted Tinamou4.mp3,Slaty-breasted Tinamou_sound,Slaty-breasted Tinamou,Slaty-breasted Tinamou4.mp3,221786,True,44100,1,791816,17.95501133786848,MP3,MPEG_LAYER_III,4c84def240a2521e1f8e07ceb4acfdcf504c0f9be1a40c427192ed644884d253
D:\other\Bird\Dataset\CC0\Slaty-breasted Tinamou_sound\Slaty-breasted Tinamou5.mp3,Slaty-breasted Tinamou_sound\Slaty-breasted Tinamou5.mp3,Slaty-breasted Tinamou_sound,Slaty-breasted Tinamou,Slaty-breasted Tinamou5.mp3,221786,True,44100,1,791816,17.95501133786848,MP3,MPEG_LAYER_III,4c84def240a2521e1f8e07ceb4acfdcf504c0f9be1a40c427192ed644884d253
D:\other\Bird\Dataset\CC0\Slaty-breasted Tinamou_sound\Slaty-breasted Tinamou6.mp3,Slaty-breasted Tinamou_sound\Slaty-breasted Tinamou6.mp3,Slaty-breasted Tinamou_sound,Slaty-breasted Tinamou,Slaty-breasted Tinamou6.mp3,221786,True,44100,1,791816,17.95501133786848,MP3,MPEG_LAYER_III,4c84def240a2521e1f8e07ceb4acfdcf504c0f9be1a40c427192ed644884d253
D:\other\Bird\Dataset\CC0\Slaty-breasted Tinamou_sound\Slaty-breasted Tinamou7.mp3,Slaty-breasted Tinamou_sound\Slaty-breasted Tinamou7.mp3,Slaty-breasted Tinamou_sound,Slaty-breasted Tinamou,Slaty-breasted Tinamou7.mp3,221786,True,44100,1,791816,17.95501133786848,MP3,MPEG_LAYER_III,4c84def240a2521e1f8e07ceb4acfdcf504c0f9be1a40c427192ed644884d253
D:\other\Bird\Dataset\CC0\Slaty-breasted Tinamou_sound\Slaty-breasted Tinamou8.mp3,Slaty-breasted Tinamou_sound\Slaty-breasted Tinamou8.mp3,Slaty-breasted Tinamou_sound,Slaty-breasted Tinamou,Slaty-breasted Tinamou8.mp3,573600,True,48000,2,999077,20.814104166666667,MP3,MPEG_LAYER_III,2f1aee8a9c446b866c2f0b08f51b7cf4e6f8e1c9700e96d516926a765b631201
D:\other\Bird\Dataset\CC0\Slaty-breasted Tinamou_sound\Slaty-breasted Tinamou9.mp3,Slaty-breasted Tinamou_sound\Slaty-breasted Tinamou9.mp3,Slaty-breasted Tinamou_sound,Slaty-breasted Tinamou,Slaty-breasted Tinamou9.mp3,1015200,True,48000,2,1793442,37.363375,MP3,MPEG_LAYER_III,1f8812c046f90317dcbcbfa12081d81b9aa073571e226e96cd7c0526ce72ae52
D:\other\Bird\Dataset\CC0\Small-billed Tinamou_sound\Small-billed Tinamou10.mp3,Small-billed Tinamou_sound\Small-billed Tinamou10.mp3,Small-billed Tinamou_sound,Small-billed Tinamou,Small-billed Tinamou10.mp3,534470,True,44100,1,589195,13.360430839002268,MP3,MPEG_LAYER_III,a99d6264156d2d516375d86ee0ff3b3a9bc6de857f0a0aafa432b6fe9ae32b30
D:\other\Bird\Dataset\CC0\Small-billed Tinamou_sound\Small-billed Tinamou11.mp3,Small-billed Tinamou_sound\Small-billed Tinamou11.mp3,Small-billed Tinamou_sound,Small-billed Tinamou,Small-billed Tinamou11.mp3,534470,True,44100,1,589195,13.360430839002268,MP3,MPEG_LAYER_III,a99d6264156d2d516375d86ee0ff3b3a9bc6de857f0a0aafa432b6fe9ae32b30
D:\other\Bird\Dataset\CC0\Small-billed Tinamou_sound\Small-billed Tinamou12.mp3,Small-billed Tinamou_sound\Small-billed Tinamou12.mp3,Small-billed Tinamou_sound,Small-billed Tinamou,Small-billed Tinamou12.mp3,534470,True,44100,1,589195,13.360430839002268,MP3,MPEG_LAYER_III,a99d6264156d2d516375d86ee0ff3b3a9bc6de857f0a0aafa432b6fe9ae32b30
D:\other\Bird\Dataset\CC0\Small-billed Tinamou_sound\Small-billed Tinamou13.mp3,Small-billed Tinamou_sound\Small-billed Tinamou13.mp3,Small-billed Tinamou_sound,Small-billed Tinamou,Small-billed Tinamou13.mp3,534470,True,44100,1,589195,13.360430839002268,MP3,MPEG_LAYER_III,a99d6264156d2d516375d86ee0ff3b3a9bc6de857f0a0aafa432b6fe9ae32b30
D:\other\Bird\Dataset\CC0\Small-billed Tinamou_sound\Small-billed Tinamou14.mp3,Small-billed Tinamou_sound\Small-billed Tinamou14.mp3,Small-billed Tinamou_sound,Small-billed Tinamou,Small-billed Tinamou14.mp3,2389011,True,48000,2,3339984,69.583,MP3,MPEG_LAYER_III,2b772e5f6fb5e4798d7fb6ed10527dacb7a1fbd171b8f549faa7f65c62c7a3fd
D:\other\Bird\Dataset\CC0\Small-billed Tinamou_sound\Small-billed Tinamou15.mp3,Small-billed Tinamou_sound\Small-billed Tinamou15.mp3,Small-billed Tinamou_sound,Small-billed Tinamou,Small-billed Tinamou15.mp3,490793,True,44100,2,2126774,48.22616780045352,MP3,MPEG_LAYER_III,b2a40a81172d0b9e0c3ac4fe6087870b88c9851816759e47c1ccc5d571bf778b
D:\other\Bird\Dataset\CC0\Small-billed Tinamou_sound\Small-billed Tinamou16.mp3,Small-billed Tinamou_sound\Small-billed Tinamou16.mp3,Small-billed Tinamou_sound,Small-billed Tinamou,Small-billed Tinamou16.mp3,600308,True,44100,2,1587600,36.0,MP3,MPEG_LAYER_III,341f53986f72ba953e3d4d2e6d75f01b8e6fcbefa692814f30f4155f41b7980a
D:\other\Bird\Dataset\CC0\Small-billed Tinamou_sound\Small-billed Tinamou17.mp3,Small-billed Tinamou_sound\Small-billed Tinamou17.mp3,Small-billed Tinamou_sound,Small-billed Tinamou,Small-billed Tinamou17.mp3,1279987,True,44100,1,2355267,53.4074149659864,MP3,MPEG_LAYER_III,e5834d052ecf924058c56c9f6e8ef6a40c77bed9eb63180687523baa27ea2574
D:\other\Bird\Dataset\CC0\Small-billed Tinamou_sound\Small-billed Tinamou18.mp3,Small-billed Tinamou_sound\Small-billed Tinamou18.mp3,Small-billed Tinamou_sound,Small-billed Tinamou,Small-billed Tinamou18.mp3,1279987,True,44100,1,2355267,53.4074149659864,MP3,MPEG_LAYER_III,e5834d052ecf924058c56c9f6e8ef6a40c77bed9eb63180687523baa27ea2574
D:\other\Bird\Dataset\CC0\Small-billed Tinamou_sound\Small-billed Tinamou19.mp3,Small-billed Tinamou_sound\Small-billed Tinamou19.mp3,Small-billed Tinamou_sound,Small-billed Tinamou,Small-billed Tinamou19.mp3,1279987,True,44100,1,2355267,53.4074149659864,MP3,MPEG_LAYER_III,e5834d052ecf924058c56c9f6e8ef6a40c77bed9eb63180687523baa27ea2574
D:\other\Bird\Dataset\CC0\Small-billed Tinamou_sound\Small-billed Tinamou2.mp3,Small-billed Tinamou_sound\Small-billed Tinamou2.mp3,Small-billed Tinamou_sound,Small-billed Tinamou,Small-billed Tinamou2.mp3,933041,True,44100,1,2571443,58.30936507936508,MP3,MPEG_LAYER_III,bc34f950d8b4fb93294ed23646356e27e58d0bbb7fae3cd46922b762cd94df22
D:\other\Bird\Dataset\CC0\Small-billed Tinamou_sound\Small-billed Tinamou20.mp3,Small-billed Tinamou_sound\Small-billed Tinamou20.mp3,Small-billed Tinamou_sound,Small-billed Tinamou,Small-billed Tinamou20.mp3,602955,True,44100,1,1661732,37.680997732426306,MP3,MPEG_LAYER_III,1d2af171af6eb5fe77aed5e38bb71bfac60be44c8bbe19fc03b36acf640ac750
D:\other\Bird\Dataset\CC0\Small-billed Tinamou_sound\Small-billed Tinamou21.mp3,Small-billed Tinamou_sound\Small-billed Tinamou21.mp3,Small-billed Tinamou_sound,Small-billed Tinamou,Small-billed Tinamou21.mp3,602955,True,44100,1,1661732,37.680997732426306,MP3,MPEG_LAYER_III,53dfc3b2b1452730be8cab87593f6a3849c2b5f31a1467b145f70a444f208d72
D:\other\Bird\Dataset\CC0\Small-billed Tinamou_sound\Small-billed Tinamou22.mp3,Small-billed Tinamou_sound\Small-billed Tinamou22.mp3,Small-billed Tinamou_sound,Small-billed Tinamou,Small-billed Tinamou22.mp3,602955,True,44100,1,1661732,37.680997732426306,MP3,MPEG_LAYER_III,53dfc3b2b1452730be8cab87593f6a3849c2b5f31a1467b145f70a444f208d72
D:\other\Bird\Dataset\CC0\Small-billed Tinamou_sound\Small-billed Tinamou23.mp3,Small-billed Tinamou_sound\Small-billed Tinamou23.mp3,Small-billed Tinamou_sound,Small-billed Tinamou,Small-billed Tinamou23.mp3,602955,True,44100,1,1661732,37.680997732426306,MP3,MPEG_LAYER_III,53dfc3b2b1452730be8cab87593f6a3849c2b5f31a1467b145f70a444f208d72
D:\other\Bird\Dataset\CC0\Small-billed Tinamou_sound\Small-billed Tinamou24.mp3,Small-billed Tinamou_sound\Small-billed Tinamou24.mp3,Small-billed Tinamou_sound,Small-billed Tinamou,Small-billed Tinamou24.mp3,602955,True,44100,1,1661732,37.680997732426306,MP3,MPEG_LAYER_III,53dfc3b2b1452730be8cab87593f6a3849c2b5f31a1467b145f70a444f208d72
D:\other\Bird\Dataset\CC0\Small-billed Tinamou_sound\Small-billed Tinamou25.mp3,Small-billed Tinamou_sound\Small-billed Tinamou25.mp3,Small-billed Tinamou_sound,Small-billed Tinamou,Small-billed Tinamou25.mp3,156242,True,44100,1,549483,12.459931972789116,MP3,MPEG_LAYER_III,cf4884ac8a2c03f219e7b4ec8972cc4d53f806b011a582b94fe3d33655c33c92
D:\other\Bird\Dataset\CC0\Small-billed Tinamou_sound\Small-billed Tinamou26.mp3,Small-billed Tinamou_sound\Small-billed Tinamou26.mp3,Small-billed Tinamou_sound,Small-billed Tinamou,Small-billed Tinamou26.mp3,156242,True,44100,1,549483,12.459931972789116,MP3,MPEG_LAYER_III,cf4884ac8a2c03f219e7b4ec8972cc4d53f806b011a582b94fe3d33655c33c92
D:\other\Bird\Dataset\CC0\Small-billed Tinamou_sound\Small-billed Tinamou27.mp3,Small-billed Tinamou_sound\Small-billed Tinamou27.mp3,Small-billed Tinamou_sound,Small-billed Tinamou,Small-billed Tinamou27.mp3,156242,True,44100,1,549483,12.459931972789116,MP3,MPEG_LAYER_III,cf4884ac8a2c03f219e7b4ec8972cc4d53f806b011a582b94fe3d33655c33c92
D:\other\Bird\Dataset\CC0\Small-billed Tinamou_sound\Small-billed Tinamou28.mp3,Small-billed Tinamou_sound\Small-billed Tinamou28.mp3,Small-billed Tinamou_sound,Small-billed Tinamou,Small-billed Tinamou28.mp3,362030,True,44100,1,1995495,45.249319727891155,MP3,MPEG_LAYER_III,f9bb0548acb67b65fcb0d9ad28210bf64fd5af3e0f83c5dd7a2867f2609f0202
D:\other\Bird\Dataset\CC0\Small-billed Tinamou_sound\Small-billed Tinamou29.mp3,Small-billed Tinamou_sound\Small-billed Tinamou29.mp3,Small-billed Tinamou_sound,Small-billed Tinamou,Small-billed Tinamou29.mp3,347571,True,44100,1,1915798,43.442131519274376,MP3,MPEG_LAYER_III,95f8d1c1d4518c4c463e5e4843193ada99cc3cff5210cc61f542bc88c5921897
D:\other\Bird\Dataset\CC0\Small-billed Tinamou_sound\Small-billed Tinamou3.mp3,Small-billed Tinamou_sound\Small-billed Tinamou3.mp3,Small-billed Tinamou_sound,Small-billed Tinamou,Small-billed Tinamou3.mp3,933041,True,44100,1,2571443,58.30936507936508,MP3,MPEG_LAYER_III,bc34f950d8b4fb93294ed23646356e27e58d0bbb7fae3cd46922b762cd94df22
D:\other\Bird\Dataset\CC0\Small-billed Tinamou_sound\Small-billed Tinamou30.mp3,Small-billed Tinamou_sound\Small-billed Tinamou30.mp3,Small-billed Tinamou_sound,Small-billed Tinamou,Small-billed Tinamou30.mp3,329872,True,44100,1,1818241,41.229954648526075,MP3,MPEG_LAYER_III,edabafa50f0d5a51b7d7b19c27688643f5e10cc0862a5d82680322bd53694b61
D:\other\Bird\Dataset\CC0\Small-billed Tinamou_sound\Small-billed Tinamou31.mp3,Small-billed Tinamou_sound\Small-billed Tinamou31.mp3,Small-billed Tinamou_sound,Small-billed Tinamou,Small-billed Tinamou31.mp3,329872,True,44100,1,1818241,41.229954648526075,MP3,MPEG_LAYER_III,edabafa50f0d5a51b7d7b19c27688643f5e10cc0862a5d82680322bd53694b61
D:\other\Bird\Dataset\CC0\Small-billed Tinamou_sound\Small-billed Tinamou4.mp3,Small-billed Tinamou_sound\Small-billed Tinamou4.mp3,Small-billed Tinamou_sound,Small-billed Tinamou,Small-billed Tinamou4.mp3,933041,True,44100,1,2571443,58.30936507936508,MP3,MPEG_LAYER_III,bc34f950d8b4fb93294ed23646356e27e58d0bbb7fae3cd46922b762cd94df22
D:\other\Bird\Dataset\CC0\Small-billed Tinamou_sound\Small-billed Tinamou5.mp3,Small-billed Tinamou_sound\Small-billed Tinamou5.mp3,Small-billed Tinamou_sound,Small-billed Tinamou,Small-billed Tinamou5.mp3,933041,True,44100,1,2571443,58.30936507936508,MP3,MPEG_LAYER_III,bc34f950d8b4fb93294ed23646356e27e58d0bbb7fae3cd46922b762cd94df22
D:\other\Bird\Dataset\CC0\Small-billed Tinamou_sound\Small-billed Tinamou6.mp3,Small-billed Tinamou_sound\Small-billed Tinamou6.mp3,Small-billed Tinamou_sound,Small-billed Tinamou,Small-billed Tinamou6.mp3,534470,True,44100,1,589195,13.360430839002268,MP3,MPEG_LAYER_III,a99d6264156d2d516375d86ee0ff3b3a9bc6de857f0a0aafa432b6fe9ae32b30
D:\other\Bird\Dataset\CC0\Small-billed Tinamou_sound\Small-billed Tinamou7.mp3,Small-billed Tinamou_sound\Small-billed Tinamou7.mp3,Small-billed Tinamou_sound,Small-billed Tinamou,Small-billed Tinamou7.mp3,534470,True,44100,1,589195,13.360430839002268,MP3,MPEG_LAYER_III,a99d6264156d2d516375d86ee0ff3b3a9bc6de857f0a0aafa432b6fe9ae32b30
D:\other\Bird\Dataset\CC0\Small-billed Tinamou_sound\Small-billed Tinamou8.mp3,Small-billed Tinamou_sound\Small-billed Tinamou8.mp3,Small-billed Tinamou_sound,Small-billed Tinamou,Small-billed Tinamou8.mp3,534470,True,44100,1,589195,13.360430839002268,MP3,MPEG_LAYER_III,a99d6264156d2d516375d86ee0ff3b3a9bc6de857f0a0aafa432b6fe9ae32b30
D:\other\Bird\Dataset\CC0\Small-billed Tinamou_sound\Small-billed Tinamou9.mp3,Small-billed Tinamou_sound\Small-billed Tinamou9.mp3,Small-billed Tinamou_sound,Small-billed Tinamou,Small-billed Tinamou9.mp3,534470,True,44100,1,589195,13.360430839002268,MP3,MPEG_LAYER_III,a99d6264156d2d516375d86ee0ff3b3a9bc6de857f0a0aafa432b6fe9ae32b30
D:\other\Bird\Dataset\CC0\Solitary Tinamou_sound\Solitary Tinamou10.mp3,Solitary Tinamou_sound\Solitary Tinamou10.mp3,Solitary Tinamou_sound,Solitary Tinamou,Solitary Tinamou10.mp3,917694,True,44100,2,1685862,38.22816326530612,MP3,MPEG_LAYER_III,78a0128e777f02ef114b8717c83029495e88499637d380df8feff9cc0274f374
D:\other\Bird\Dataset\CC0\Solitary Tinamou_sound\Solitary Tinamou11.mp3,Solitary Tinamou_sound\Solitary Tinamou11.mp3,Solitary Tinamou_sound,Solitary Tinamou,Solitary Tinamou11.mp3,1990889,True,44100,2,5471621,124.07303854875283,MP3,MPEG_LAYER_III,ac0b15d7539bd600017333f3cf45de01285aa0705a9abec06bb858d46e4917fe
D:\other\Bird\Dataset\CC0\Solitary Tinamou_sound\Solitary Tinamou12.mp3,Solitary Tinamou_sound\Solitary Tinamou12.mp3,Solitary Tinamou_sound,Solitary Tinamou,Solitary Tinamou12.mp3,674373,True,44100,1,1858559,42.14419501133787,MP3,MPEG_LAYER_III,937f5afcee8d9f44d89c1339251f0b6d9eb7b4752526488eb329db1c2e4f5818
D:\other\Bird\Dataset\CC0\Solitary Tinamou_sound\Solitary Tinamou13.mp3,Solitary Tinamou_sound\Solitary Tinamou13.mp3,Solitary Tinamou_sound,Solitary Tinamou,Solitary Tinamou13.mp3,674373,True,44100,1,1858559,42.14419501133787,MP3,MPEG_LAYER_III,937f5afcee8d9f44d89c1339251f0b6d9eb7b4752526488eb329db1c2e4f5818
D:\other\Bird\Dataset\CC0\Solitary Tinamou_sound\Solitary Tinamou14.mp3,Solitary Tinamou_sound\Solitary Tinamou14.mp3,Solitary Tinamou_sound,Solitary Tinamou,Solitary Tinamou14.mp3,480967,True,44100,1,1325183,30.049501133786848,MP3,MPEG_LAYER_III,f61c5fdda40daa59dcb2d767111ddb1c557def390567eaec59f88e5e8e898197
D:\other\Bird\Dataset\CC0\Solitary Tinamou_sound\Solitary Tinamou15.mp3,Solitary Tinamou_sound\Solitary Tinamou15.mp3,Solitary Tinamou_sound,Solitary Tinamou,Solitary Tinamou15.mp3,480967,True,44100,1,1325183,30.049501133786848,MP3,MPEG_LAYER_III,f61c5fdda40daa59dcb2d767111ddb1c557def390567eaec59f88e5e8e898197
D:\other\Bird\Dataset\CC0\Solitary Tinamou_sound\Solitary Tinamou16.mp3,Solitary Tinamou_sound\Solitary Tinamou16.mp3,Solitary Tinamou_sound,Solitary Tinamou,Solitary Tinamou16.mp3,30664,True,44100,1,92160,2.089795918367347,MP3,MPEG_LAYER_III,a859120aa744f4f9808fd608fc2aa27d75e6e217857b0b0172806051c9644be1
D:\other\Bird\Dataset\CC0\Solitary Tinamou_sound\Solitary Tinamou17.mp3,Solitary Tinamou_sound\Solitary Tinamou17.mp3,Solitary Tinamou_sound,Solitary Tinamou,Solitary Tinamou17.mp3,175491,True,44100,1,184832,4.191201814058957,MP3,MPEG_LAYER_III,e073e104a308a73be89684f6ab622d78dd36e0cdb79b6e4eaa1506fc68e606de
D:\other\Bird\Dataset\CC0\Solitary Tinamou_sound\Solitary Tinamou18.mp3,Solitary Tinamou_sound\Solitary Tinamou18.mp3,Solitary Tinamou_sound,Solitary Tinamou,Solitary Tinamou18.mp3,257159,True,48000,1,501312,10.444,MP3,MPEG_LAYER_III,45e82965225bed6f5df87e903884a32ef91ac8bf791655bbefca4cacd870f532
D:\other\Bird\Dataset\CC0\Solitary Tinamou_sound\Solitary Tinamou19.mp3,Solitary Tinamou_sound\Solitary Tinamou19.mp3,Solitary Tinamou_sound,Solitary Tinamou,Solitary Tinamou19.mp3,87034,True,44100,1,239864,5.439092970521542,MP3,MPEG_LAYER_III,a920c040e2066ed603ce4ca9a6e0f3daa01fdde3bbef9e9629187ee382eade8e
D:\other\Bird\Dataset\CC0\Solitary Tinamou_sound\Solitary Tinamou2.mp3,Solitary Tinamou_sound\Solitary Tinamou2.mp3,Solitary Tinamou_sound,Solitary Tinamou,Solitary Tinamou2.mp3,2097620,True,48000,2,2517144,52.4405,MP3,MPEG_LAYER_III,b2b5d6b0166fdafe720268f7b5c6981958eca1304c2533bb9d9bd12cad6bb636
D:\other\Bird\Dataset\CC0\Solitary Tinamou_sound\Solitary Tinamou20.mp3,Solitary Tinamou_sound\Solitary Tinamou20.mp3,Solitary Tinamou_sound,Solitary Tinamou,Solitary Tinamou20.mp3,312332,True,44100,1,860781,19.518843537414966,MP3,MPEG_LAYER_III,b149b3a1e2746fe2a7c15a31ec176cf0e2e6d0737e1dbd660c1f2e8389066807
D:\other\Bird\Dataset\CC0\Solitary Tinamou_sound\Solitary Tinamou21.mp3,Solitary Tinamou_sound\Solitary Tinamou21.mp3,Solitary Tinamou_sound,Solitary Tinamou,Solitary Tinamou21.mp3,312332,True,44100,1,860781,19.518843537414966,MP3,MPEG_LAYER_III,b149b3a1e2746fe2a7c15a31ec176cf0e2e6d0737e1dbd660c1f2e8389066807
D:\other\Bird\Dataset\CC0\Solitary Tinamou_sound\Solitary Tinamou22.mp3,Solitary Tinamou_sound\Solitary Tinamou22.mp3,Solitary Tinamou_sound,Solitary Tinamou,Solitary Tinamou22.mp3,163997,True,48000,1,646413,13.4669375,MP3,MPEG_LAYER_III,ebb318116e03e276a499a6a71daa90a63240afe6ab898b18fa2603b1b15d96b4
D:\other\Bird\Dataset\CC0\Solitary Tinamou_sound\Solitary Tinamou23.mp3,Solitary Tinamou_sound\Solitary Tinamou23.mp3,Solitary Tinamou_sound,Solitary Tinamou,Solitary Tinamou23.mp3,359497,True,44100,1,990766,22.466349206349207,MP3,MPEG_LAYER_III,c31475a1c826e6e5a222cc977308bb3fec9f06d45af7e5f1c22bc01e325c00a5
D:\other\Bird\Dataset\CC0\Solitary Tinamou_sound\Solitary Tinamou24.mp3,Solitary Tinamou_sound\Solitary Tinamou24.mp3,Solitary Tinamou_sound,Solitary Tinamou,Solitary Tinamou24.mp3,359497,True,44100,1,990766,22.466349206349207,MP3,MPEG_LAYER_III,c31475a1c826e6e5a222cc977308bb3fec9f06d45af7e5f1c22bc01e325c00a5
D:\other\Bird\Dataset\CC0\Solitary Tinamou_sound\Solitary Tinamou25.mp3,Solitary Tinamou_sound\Solitary Tinamou25.mp3,Solitary Tinamou_sound,Solitary Tinamou,Solitary Tinamou25.mp3,2438648,True,44100,2,4480342,101.5950566893424,MP3,MPEG_LAYER_III,201df4ffa53c8ca86909591f82736cf90ab4f8d4a7664f1bfbc04ef5891d29c9
D:\other\Bird\Dataset\CC0\Solitary Tinamou_sound\Solitary Tinamou26.mp3,Solitary Tinamou_sound\Solitary Tinamou26.mp3,Solitary Tinamou_sound,Solitary Tinamou,Solitary Tinamou26.mp3,1241411,True,48000,2,2482822,51.725458333333336,MP3,MPEG_LAYER_III,833628214873702343b4e8dcd975e852986ff4281f8be0599f6430b714023316
D:\other\Bird\Dataset\CC0\Solitary Tinamou_sound\Solitary Tinamou27.mp3,Solitary Tinamou_sound\Solitary Tinamou27.mp3,Solitary Tinamou_sound,Solitary Tinamou,Solitary Tinamou27.mp3,1241411,True,48000,2,2482822,51.725458333333336,MP3,MPEG_LAYER_III,833628214873702343b4e8dcd975e852986ff4281f8be0599f6430b714023316
D:\other\Bird\Dataset\CC0\Solitary Tinamou_sound\Solitary Tinamou28.mp3,Solitary Tinamou_sound\Solitary Tinamou28.mp3,Solitary Tinamou_sound,Solitary Tinamou,Solitary Tinamou28.mp3,1241411,True,48000,2,2482822,51.725458333333336,MP3,MPEG_LAYER_III,833628214873702343b4e8dcd975e852986ff4281f8be0599f6430b714023316
D:\other\Bird\Dataset\CC0\Solitary Tinamou_sound\Solitary Tinamou29.mp3,Solitary Tinamou_sound\Solitary Tinamou29.mp3,Solitary Tinamou_sound,Solitary Tinamou,Solitary Tinamou29.mp3,1241411,True,48000,2,2482822,51.725458333333336,MP3,MPEG_LAYER_III,833628214873702343b4e8dcd975e852986ff4281f8be0599f6430b714023316
D:\other\Bird\Dataset\CC0\Solitary Tinamou_sound\Solitary Tinamou3.mp3,Solitary Tinamou_sound\Solitary Tinamou3.mp3,Solitary Tinamou_sound,Solitary Tinamou,Solitary Tinamou3.mp3,208340,True,48000,2,250008,5.2085,MP3,MPEG_LAYER_III,dbc8935b5805f935343289d1c6bfd5ac8295abfcbc6b0aac28583f363bd83f47
D:\other\Bird\Dataset\CC0\Solitary Tinamou_sound\Solitary Tinamou30.mp3,Solitary Tinamou_sound\Solitary Tinamou30.mp3,Solitary Tinamou_sound,Solitary Tinamou,Solitary Tinamou30.mp3,64909,True,44100,2,163266,3.7021768707482994,MP3,MPEG_LAYER_III,06b8ec47d3d112d5a937919c230c64b36a0486028993b52ffbf22bbda8295f5e
D:\other\Bird\Dataset\CC0\Solitary Tinamou_sound\Solitary Tinamou31.mp3,Solitary Tinamou_sound\Solitary Tinamou31.mp3,Solitary Tinamou_sound,Solitary Tinamou,Solitary Tinamou31.mp3,465000,True,48000,1,1394616,29.0545,MP3,MPEG_LAYER_III,81a60bd5d184237f772f08bcda7ee000923bbcd7a3cb8d024d5b8246e2da6a80
D:\other\Bird\Dataset\CC0\Solitary Tinamou_sound\Solitary Tinamou4.mp3,Solitary Tinamou_sound\Solitary Tinamou4.mp3,Solitary Tinamou_sound,Solitary Tinamou,Solitary Tinamou4.mp3,208340,True,48000,2,250008,5.2085,MP3,MPEG_LAYER_III,dbc8935b5805f935343289d1c6bfd5ac8295abfcbc6b0aac28583f363bd83f47
D:\other\Bird\Dataset\CC0\Solitary Tinamou_sound\Solitary Tinamou5.mp3,Solitary Tinamou_sound\Solitary Tinamou5.mp3,Solitary Tinamou_sound,Solitary Tinamou,Solitary Tinamou5.mp3,880274,True,44100,1,3329536,75.49968253968254,MP3,MPEG_LAYER_III,ca20ebb9eeaf7207a83a9e068e9d69c59df1036dab38487126ac623e8ba150a2
D:\other\Bird\Dataset\CC0\Solitary Tinamou_sound\Solitary Tinamou6.mp3,Solitary Tinamou_sound\Solitary Tinamou6.mp3,Solitary Tinamou_sound,Solitary Tinamou,Solitary Tinamou6.mp3,223808,True,22050,1,704444,31.947573696145124,MP3,MPEG_LAYER_III,ccee9940eb3461dac3f86f61fb3d78b2237e596a628b910ba91b25633055410d
D:\other\Bird\Dataset\CC0\Solitary Tinamou_sound\Solitary Tinamou7.mp3,Solitary Tinamou_sound\Solitary Tinamou7.mp3,Solitary Tinamou_sound,Solitary Tinamou,Solitary Tinamou7.mp3,917694,True,44100,2,1685862,38.22816326530612,MP3,MPEG_LAYER_III,78a0128e777f02ef114b8717c83029495e88499637d380df8feff9cc0274f374
D:\other\Bird\Dataset\CC0\Solitary Tinamou_sound\Solitary Tinamou8.mp3,Solitary Tinamou_sound\Solitary Tinamou8.mp3,Solitary Tinamou_sound,Solitary Tinamou,Solitary Tinamou8.mp3,917694,True,44100,2,1685862,38.22816326530612,MP3,MPEG_LAYER_III,78a0128e777f02ef114b8717c83029495e88499637d380df8feff9cc0274f374
D:\other\Bird\Dataset\CC0\Solitary Tinamou_sound\Solitary Tinamou9.mp3,Solitary Tinamou_sound\Solitary Tinamou9.mp3,Solitary Tinamou_sound,Solitary Tinamou,Solitary Tinamou9.mp3,917694,True,44100,2,1685862,38.22816326530612,MP3,MPEG_LAYER_III,78a0128e777f02ef114b8717c83029495e88499637d380df8feff9cc0274f374
D:\other\Bird\Dataset\CC0\Somali Ostrich_sound\Somali Ostrich2.mp3,Somali Ostrich_sound\Somali Ostrich2.mp3,Somali Ostrich_sound,Somali Ostrich,Somali Ostrich2.mp3,470637,True,48000,1,564610,11.762708333333334,MP3,MPEG_LAYER_III,d63df0d0192cbaa28fa9cd6e799ef07adb25bac635b4cd3552858b8e6470d394
D:\other\Bird\Dataset\CC0\Southern Brown Kiwi_sound\Southern Brown Kiwi2.mp3,Southern Brown Kiwi_sound\Southern Brown Kiwi2.mp3,Southern Brown Kiwi_sound,Southern Brown Kiwi,Southern Brown Kiwi2.mp3,168978,True,48000,2,582072,12.1265,MP3,MPEG_LAYER_III,811d6097f0fa46e99621916e2980be335ade4b22525c6d0ed2879c51aa244e74
D:\other\Bird\Dataset\CC0\Southern Brown Kiwi_sound\Southern Brown Kiwi3.mp3,Southern Brown Kiwi_sound\Southern Brown Kiwi3.mp3,Southern Brown Kiwi_sound,Southern Brown Kiwi,Southern Brown Kiwi3.mp3,486745,True,44100,1,528768,11.990204081632653,MP3,MPEG_LAYER_III,fdaefff35917b2655e18c7cad87c68183683b7b879fb8bdca9e7a710e996ce0c
D:\other\Bird\Dataset\CC0\Southern Brown Kiwi_sound\Southern Brown Kiwi4.mp3,Southern Brown Kiwi_sound\Southern Brown Kiwi4.mp3,Southern Brown Kiwi_sound,Southern Brown Kiwi,Southern Brown Kiwi4.mp3,116089,True,44100,1,319939,7.254852607709751,MP3,MPEG_LAYER_III,90f331929bd98d5c016afec71b3feecd11ab74b6e698dce0d8c2515106d74c7c
D:\other\Bird\Dataset\CC0\Southern Cassowary_sound\Southern Cassowary10.mp3,Southern Cassowary_sound\Southern Cassowary10.mp3,Southern Cassowary_sound,Southern Cassowary,Southern Cassowary10.mp3,249737,True,44100,2,689920,15.644444444444444,MP3,MPEG_LAYER_III,9fbb5a6ede01e3e3526b32188d3329d96907a2e0ae651fb42870a7dd6e0f49fb
D:\other\Bird\Dataset\CC0\Southern Cassowary_sound\Southern Cassowary11.mp3,Southern Cassowary_sound\Southern Cassowary11.mp3,Southern Cassowary_sound,Southern Cassowary,Southern Cassowary11.mp3,502267,True,44100,2,1387557,31.46387755102041,MP3,MPEG_LAYER_III,b1d4886f8216d7963e6d5d5bc7a7ed9938595d6d948481dd734df2d0dd60cf5c
D:\other\Bird\Dataset\CC0\Southern Cassowary_sound\Southern Cassowary12.mp3,Southern Cassowary_sound\Southern Cassowary12.mp3,Southern Cassowary_sound,Southern Cassowary,Southern Cassowary12.mp3,1831658,True,44100,2,5060119,114.74192743764172,MP3,MPEG_LAYER_III,4c18b02ba9465e63491523d46b993390997b4ad6b8dc07bfe314d25b1c074b13
D:\other\Bird\Dataset\CC0\Southern Cassowary_sound\Southern Cassowary13.mp3,Southern Cassowary_sound\Southern Cassowary13.mp3,Southern Cassowary_sound,Southern Cassowary,Southern Cassowary13.mp3,1104878,True,44100,2,3052324,69.21369614512471,MP3,MPEG_LAYER_III,fa94fe49046c28018eb17898599714f1ea5be7fbd9bafa575158c6fce8c781ed
D:\other\Bird\Dataset\CC0\Southern Cassowary_sound\Southern Cassowary14.mp3,Southern Cassowary_sound\Southern Cassowary14.mp3,Southern Cassowary_sound,Southern Cassowary,Southern Cassowary14.mp3,793127,True,48000,2,942525,19.6359375,MP3,MPEG_LAYER_III,987e33a5e19dc5b39473a522978cd0c19a65f4dd7ceca868f8b5498605d29c6d
D:\other\Bird\Dataset\CC0\Southern Cassowary_sound\Southern Cassowary15.mp3,Southern Cassowary_sound\Southern Cassowary15.mp3,Southern Cassowary_sound,Southern Cassowary,Southern Cassowary15.mp3,719128,True,48000,2,854400,17.8,MP3,MPEG_LAYER_III,f70c8200e73c2c5e73020c25b49deabd80eefd94eb34c0d37489a6a3c215308c
D:\other\Bird\Dataset\CC0\Southern Cassowary_sound\Southern Cassowary16.mp3,Southern Cassowary_sound\Southern Cassowary16.mp3,Southern Cassowary_sound,Southern Cassowary,Southern Cassowary16.mp3,131980,True,44100,2,253488,5.748027210884354,MP3,MPEG_LAYER_III,2091faa92d0b67cb406425b062f5b1397ddb9f312e711e075d1c413e8a25752c
D:\other\Bird\Dataset\CC0\Southern Cassowary_sound\Southern Cassowary17.mp3,Southern Cassowary_sound\Southern Cassowary17.mp3,Southern Cassowary_sound,Southern Cassowary,Southern Cassowary17.mp3,638079,True,44100,2,1762750,39.971655328798185,MP3,MPEG_LAYER_III,5e5b4d0ca58d002c2eee6c6ad647b629c2686b2dd0a078604474bdd88e3823f1
D:\other\Bird\Dataset\CC0\Southern Cassowary_sound\Southern Cassowary18.mp3,Southern Cassowary_sound\Southern Cassowary18.mp3,Southern Cassowary_sound,Southern Cassowary,Southern Cassowary18.mp3,1284696,True,44100,2,3549088,80.47818594104308,MP3,MPEG_LAYER_III,67748706ca6e795840928b99ed6af955f2861af4d18e56aad9e9118da6ee716a
D:\other\Bird\Dataset\CC0\Southern Cassowary_sound\Southern Cassowary19.mp3,Southern Cassowary_sound\Southern Cassowary19.mp3,Southern Cassowary_sound,Southern Cassowary,Southern Cassowary19.mp3,3778357,True,44100,2,4165090,94.44648526077097,MP3,MPEG_LAYER_III,f462c7b531d567ef16b8d8c629e2ec9b458a8c92204e1e68a894370659828dd8
D:\other\Bird\Dataset\CC0\Southern Cassowary_sound\Southern Cassowary2.mp3,Southern Cassowary_sound\Southern Cassowary2.mp3,Southern Cassowary_sound,Southern Cassowary,Southern Cassowary2.mp3,877651,True,44100,2,2424589,54.97934240362812,MP3,MPEG_LAYER_III,9739ba0cb0e8a5df5652f1dbb474ef785605cf5e6cd5d180ab2a47a264a4e6a9
D:\other\Bird\Dataset\CC0\Southern Cassowary_sound\Southern Cassowary20.mp3,Southern Cassowary_sound\Southern Cassowary20.mp3,Southern Cassowary_sound,Southern Cassowary,Southern Cassowary20.mp3,2388779,True,44100,2,6599216,149.64208616780044,MP3,MPEG_LAYER_III,e66c9926ff37e604cf7b0e58069594bae8b3a9eae86489932567c0a97fc1b6b0
D:\other\Bird\Dataset\CC0\Southern Cassowary_sound\Southern Cassowary21.mp3,Southern Cassowary_sound\Southern Cassowary21.mp3,Southern Cassowary_sound,Southern Cassowary,Southern Cassowary21.mp3,45017,True,44100,2,124363,2.8200226757369613,MP3,MPEG_LAYER_III,d342445ac3fa5760482449447454276086e5756a05ecdb9dbd5973b68df6085b
D:\other\Bird\Dataset\CC0\Southern Cassowary_sound\Southern Cassowary3.mp3,Southern Cassowary_sound\Southern Cassowary3.mp3,Southern Cassowary_sound,Southern Cassowary,Southern Cassowary3.mp3,286585,True,44100,2,529560,12.008163265306122,MP3,MPEG_LAYER_III,9637e841e75f409d61c00f6d49faa7d57093e21900ec081793e91e9fc20a1193
D:\other\Bird\Dataset\CC0\Southern Cassowary_sound\Southern Cassowary4.mp3,Southern Cassowary_sound\Southern Cassowary4.mp3,Southern Cassowary_sound,Southern Cassowary,Southern Cassowary4.mp3,2816773,True,44100,2,5479528,124.25233560090703,MP3,MPEG_LAYER_III,2c52fc00f47650d73ef735452ff9400d7e66786c7b105c05c97b5b42a2a525c4
D:\other\Bird\Dataset\CC0\Southern Cassowary_sound\Southern Cassowary5.mp3,Southern Cassowary_sound\Southern Cassowary5.mp3,Southern Cassowary_sound,Southern Cassowary,Southern Cassowary5.mp3,2520408,True,44100,2,4950132,112.24789115646259,MP3,MPEG_LAYER_III,bdb3036652e8702315c5758bd3f4d9437f93ad2b1f3480081b9817f34c96cc48
D:\other\Bird\Dataset\CC0\Southern Cassowary_sound\Southern Cassowary6.mp3,Southern Cassowary_sound\Southern Cassowary6.mp3,Southern Cassowary_sound,Southern Cassowary,Southern Cassowary6.mp3,350080,True,44100,2,967127,21.93031746031746,MP3,MPEG_LAYER_III,cdcbcf2477021f2b02753e64471d16b2c799588e5504bf71b5ca0368002c5023
D:\other\Bird\Dataset\CC0\Southern Cassowary_sound\Southern Cassowary7.mp3,Southern Cassowary_sound\Southern Cassowary7.mp3,Southern Cassowary_sound,Southern Cassowary,Southern Cassowary7.mp3,666849,True,48000,2,1000081,20.835020833333335,MP3,MPEG_LAYER_III,bd7c73a2cbf97891fd9cd8bae82c2b10267633b2e3c1d7dfd5e8befa3be54af0
D:\other\Bird\Dataset\CC0\Southern Cassowary_sound\Southern Cassowary8.mp3,Southern Cassowary_sound\Southern Cassowary8.mp3,Southern Cassowary_sound,Southern Cassowary,Southern Cassowary8.mp3,374887,True,44100,2,1035659,23.484331065759637,MP3,MPEG_LAYER_III,360eb2b1a49ab82f35656201e438c7d50eb719c8daf5a0a7e351d680eabfe8e1
D:\other\Bird\Dataset\CC0\Southern Cassowary_sound\Southern Cassowary9.mp3,Southern Cassowary_sound\Southern Cassowary9.mp3,Southern Cassowary_sound,Southern Cassowary,Southern Cassowary9.mp3,249737,True,44100,2,689920,15.644444444444444,MP3,MPEG_LAYER_III,9fbb5a6ede01e3e3526b32188d3329d96907a2e0ae651fb42870a7dd6e0f49fb
D:\other\Bird\Dataset\CC0\Speckled Chachalaca_sound\Speckled Chachalaca10.mp3,Speckled Chachalaca_sound\Speckled Chachalaca10.mp3,Speckled Chachalaca_sound,Speckled Chachalaca,Speckled Chachalaca10.mp3,640535,True,44100,2,697505,15.816439909297053,MP3,MPEG_LAYER_III,25057e593d2437dee35c1501c60a625a65f125bdc77883fc83042d48ff1a2c50
D:\other\Bird\Dataset\CC0\Speckled Chachalaca_sound\Speckled Chachalaca11.mp3,Speckled Chachalaca_sound\Speckled Chachalaca11.mp3,Speckled Chachalaca_sound,Speckled Chachalaca,Speckled Chachalaca11.mp3,640535,True,44100,2,697505,15.816439909297053,MP3,MPEG_LAYER_III,25057e593d2437dee35c1501c60a625a65f125bdc77883fc83042d48ff1a2c50
D:\other\Bird\Dataset\CC0\Speckled Chachalaca_sound\Speckled Chachalaca12.mp3,Speckled Chachalaca_sound\Speckled Chachalaca12.mp3,Speckled Chachalaca_sound,Speckled Chachalaca,Speckled Chachalaca12.mp3,1669590,True,48000,2,5008386,104.341375,MP3,MPEG_LAYER_III,f0d5b49fd13f58f65afb6fbbd338b1cc2a1451313a0212bb582dd01b5bc47df2
D:\other\Bird\Dataset\CC0\Speckled Chachalaca_sound\Speckled Chachalaca13.mp3,Speckled Chachalaca_sound\Speckled Chachalaca13.mp3,Speckled Chachalaca_sound,Speckled Chachalaca,Speckled Chachalaca13.mp3,1669590,True,48000,2,5008386,104.341375,MP3,MPEG_LAYER_III,f0d5b49fd13f58f65afb6fbbd338b1cc2a1451313a0212bb582dd01b5bc47df2
D:\other\Bird\Dataset\CC0\Speckled Chachalaca_sound\Speckled Chachalaca14.mp3,Speckled Chachalaca_sound\Speckled Chachalaca14.mp3,Speckled Chachalaca_sound,Speckled Chachalaca,Speckled Chachalaca14.mp3,1895890,True,48000,2,2266816,47.22533333333333,MP3,MPEG_LAYER_III,d782aeaa654b8075aac5671be9b995ef2b139c8e2ce01c3eb8fa3b135de8c674
D:\other\Bird\Dataset\CC0\Speckled Chachalaca_sound\Speckled Chachalaca15.mp3,Speckled Chachalaca_sound\Speckled Chachalaca15.mp3,Speckled Chachalaca_sound,Speckled Chachalaca,Speckled Chachalaca15.mp3,1895890,True,48000,2,2266816,47.22533333333333,MP3,MPEG_LAYER_III,d782aeaa654b8075aac5671be9b995ef2b139c8e2ce01c3eb8fa3b135de8c674
D:\other\Bird\Dataset\CC0\Speckled Chachalaca_sound\Speckled Chachalaca16.mp3,Speckled Chachalaca_sound\Speckled Chachalaca16.mp3,Speckled Chachalaca_sound,Speckled Chachalaca,Speckled Chachalaca16.mp3,1895890,True,48000,2,2266816,47.22533333333333,MP3,MPEG_LAYER_III,d782aeaa654b8075aac5671be9b995ef2b139c8e2ce01c3eb8fa3b135de8c674
D:\other\Bird\Dataset\CC0\Speckled Chachalaca_sound\Speckled Chachalaca17.mp3,Speckled Chachalaca_sound\Speckled Chachalaca17.mp3,Speckled Chachalaca_sound,Speckled Chachalaca,Speckled Chachalaca17.mp3,1895890,True,48000,2,2266816,47.22533333333333,MP3,MPEG_LAYER_III,d782aeaa654b8075aac5671be9b995ef2b139c8e2ce01c3eb8fa3b135de8c674
D:\other\Bird\Dataset\CC0\Speckled Chachalaca_sound\Speckled Chachalaca18.mp3,Speckled Chachalaca_sound\Speckled Chachalaca18.mp3,Speckled Chachalaca_sound,Speckled Chachalaca,Speckled Chachalaca18.mp3,1895890,True,48000,2,2266816,47.22533333333333,MP3,MPEG_LAYER_III,d782aeaa654b8075aac5671be9b995ef2b139c8e2ce01c3eb8fa3b135de8c674
D:\other\Bird\Dataset\CC0\Speckled Chachalaca_sound\Speckled Chachalaca19.mp3,Speckled Chachalaca_sound\Speckled Chachalaca19.mp3,Speckled Chachalaca_sound,Speckled Chachalaca,Speckled Chachalaca19.mp3,1895890,True,48000,2,2266816,47.22533333333333,MP3,MPEG_LAYER_III,d782aeaa654b8075aac5671be9b995ef2b139c8e2ce01c3eb8fa3b135de8c674
D:\other\Bird\Dataset\CC0\Speckled Chachalaca_sound\Speckled Chachalaca2.mp3,Speckled Chachalaca_sound\Speckled Chachalaca2.mp3,Speckled Chachalaca_sound,Speckled Chachalaca,Speckled Chachalaca2.mp3,6043223,True,44100,2,6655025,150.90759637188208,MP3,MPEG_LAYER_III,5ee384cce9c76c9c8dee910d491aa630781cb5204317a2a6fc082c0f9ed6019e
D:\other\Bird\Dataset\CC0\Speckled Chachalaca_sound\Speckled Chachalaca20.mp3,Speckled Chachalaca_sound\Speckled Chachalaca20.mp3,Speckled Chachalaca_sound,Speckled Chachalaca,Speckled Chachalaca20.mp3,1895890,True,48000,2,2266816,47.22533333333333,MP3,MPEG_LAYER_III,d782aeaa654b8075aac5671be9b995ef2b139c8e2ce01c3eb8fa3b135de8c674
D:\other\Bird\Dataset\CC0\Speckled Chachalaca_sound\Speckled Chachalaca21.mp3,Speckled Chachalaca_sound\Speckled Chachalaca21.mp3,Speckled Chachalaca_sound,Speckled Chachalaca,Speckled Chachalaca21.mp3,1895890,True,48000,2,2266816,47.22533333333333,MP3,MPEG_LAYER_III,d782aeaa654b8075aac5671be9b995ef2b139c8e2ce01c3eb8fa3b135de8c674
D:\other\Bird\Dataset\CC0\Speckled Chachalaca_sound\Speckled Chachalaca22.mp3,Speckled Chachalaca_sound\Speckled Chachalaca22.mp3,Speckled Chachalaca_sound,Speckled Chachalaca,Speckled Chachalaca22.mp3,1895890,True,48000,2,2266816,47.22533333333333,MP3,MPEG_LAYER_III,d782aeaa654b8075aac5671be9b995ef2b139c8e2ce01c3eb8fa3b135de8c674
D:\other\Bird\Dataset\CC0\Speckled Chachalaca_sound\Speckled Chachalaca23.mp3,Speckled Chachalaca_sound\Speckled Chachalaca23.mp3,Speckled Chachalaca_sound,Speckled Chachalaca,Speckled Chachalaca23.mp3,1895890,True,48000,2,2266816,47.22533333333333,MP3,MPEG_LAYER_III,d782aeaa654b8075aac5671be9b995ef2b139c8e2ce01c3eb8fa3b135de8c674
D:\other\Bird\Dataset\CC0\Speckled Chachalaca_sound\Speckled Chachalaca24.mp3,Speckled Chachalaca_sound\Speckled Chachalaca24.mp3,Speckled Chachalaca_sound,Speckled Chachalaca,Speckled Chachalaca24.mp3,1892267,True,44100,1,5215051,118.25512471655328,MP3,MPEG_LAYER_III,b141da162f46c55c3bf816a00329629809c4ba4995705a021bae910b6f163a14
D:\other\Bird\Dataset\CC0\Speckled Chachalaca_sound\Speckled Chachalaca25.mp3,Speckled Chachalaca_sound\Speckled Chachalaca25.mp3,Speckled Chachalaca_sound,Speckled Chachalaca,Speckled Chachalaca25.mp3,1892267,True,44100,1,5215051,118.25512471655328,MP3,MPEG_LAYER_III,b141da162f46c55c3bf816a00329629809c4ba4995705a021bae910b6f163a14
D:\other\Bird\Dataset\CC0\Speckled Chachalaca_sound\Speckled Chachalaca26.mp3,Speckled Chachalaca_sound\Speckled Chachalaca26.mp3,Speckled Chachalaca_sound,Speckled Chachalaca,Speckled Chachalaca26.mp3,1892267,True,44100,1,5215051,118.25512471655328,MP3,MPEG_LAYER_III,b141da162f46c55c3bf816a00329629809c4ba4995705a021bae910b6f163a14
D:\other\Bird\Dataset\CC0\Speckled Chachalaca_sound\Speckled Chachalaca27.mp3,Speckled Chachalaca_sound\Speckled Chachalaca27.mp3,Speckled Chachalaca_sound,Speckled Chachalaca,Speckled Chachalaca27.mp3,1892267,True,44100,1,5215051,118.25512471655328,MP3,MPEG_LAYER_III,b141da162f46c55c3bf816a00329629809c4ba4995705a021bae910b6f163a14
D:\other\Bird\Dataset\CC0\Speckled Chachalaca_sound\Speckled Chachalaca28.mp3,Speckled Chachalaca_sound\Speckled Chachalaca28.mp3,Speckled Chachalaca_sound,Speckled Chachalaca,Speckled Chachalaca28.mp3,1892267,True,44100,1,5215051,118.25512471655328,MP3,MPEG_LAYER_III,b141da162f46c55c3bf816a00329629809c4ba4995705a021bae910b6f163a14
D:\other\Bird\Dataset\CC0\Speckled Chachalaca_sound\Speckled Chachalaca29.mp3,Speckled Chachalaca_sound\Speckled Chachalaca29.mp3,Speckled Chachalaca_sound,Speckled Chachalaca,Speckled Chachalaca29.mp3,337634,True,44100,1,930160,21.09206349206349,MP3,MPEG_LAYER_III,c375b6ed4cfebb397993d4917a7b23ac0bc80ed6cdcd6291b2ce820cdac5fbae
D:\other\Bird\Dataset\CC0\Speckled Chachalaca_sound\Speckled Chachalaca3.mp3,Speckled Chachalaca_sound\Speckled Chachalaca3.mp3,Speckled Chachalaca_sound,Speckled Chachalaca,Speckled Chachalaca3.mp3,6043223,True,44100,2,6655025,150.90759637188208,MP3,MPEG_LAYER_III,5ee384cce9c76c9c8dee910d491aa630781cb5204317a2a6fc082c0f9ed6019e
D:\other\Bird\Dataset\CC0\Speckled Chachalaca_sound\Speckled Chachalaca30.mp3,Speckled Chachalaca_sound\Speckled Chachalaca30.mp3,Speckled Chachalaca_sound,Speckled Chachalaca,Speckled Chachalaca30.mp3,324248,True,44100,1,893268,20.255510204081634,MP3,MPEG_LAYER_III,a7baf41a70c71eac8fd40780dccbe288022f2d61d7a40f99bbf9d817f58192c3
D:\other\Bird\Dataset\CC0\Speckled Chachalaca_sound\Speckled Chachalaca31.mp3,Speckled Chachalaca_sound\Speckled Chachalaca31.mp3,Speckled Chachalaca_sound,Speckled Chachalaca,Speckled Chachalaca31.mp3,449648,True,44100,1,1238868,28.092244897959183,MP3,MPEG_LAYER_III,9d0fc203bae258f15c0829b9f639a3eb1903d2d6e9bc8c652624ab546ff4a84b
D:\other\Bird\Dataset\CC0\Speckled Chachalaca_sound\Speckled Chachalaca4.mp3,Speckled Chachalaca_sound\Speckled Chachalaca4.mp3,Speckled Chachalaca_sound,Speckled Chachalaca,Speckled Chachalaca4.mp3,6043223,True,44100,2,6655025,150.90759637188208,MP3,MPEG_LAYER_III,5ee384cce9c76c9c8dee910d491aa630781cb5204317a2a6fc082c0f9ed6019e
D:\other\Bird\Dataset\CC0\Speckled Chachalaca_sound\Speckled Chachalaca5.mp3,Speckled Chachalaca_sound\Speckled Chachalaca5.mp3,Speckled Chachalaca_sound,Speckled Chachalaca,Speckled Chachalaca5.mp3,6043223,True,44100,2,6655025,150.90759637188208,MP3,MPEG_LAYER_III,5ee384cce9c76c9c8dee910d491aa630781cb5204317a2a6fc082c0f9ed6019e
D:\other\Bird\Dataset\CC0\Speckled Chachalaca_sound\Speckled Chachalaca6.mp3,Speckled Chachalaca_sound\Speckled Chachalaca6.mp3,Speckled Chachalaca_sound,Speckled Chachalaca,Speckled Chachalaca6.mp3,26747,True,16000,1,106988,6.68675,MP3,MPEG_LAYER_III,448acd306146c3bf9ba2e428c37bd4d8aff95372408675bb3cd4daca86b21aed
D:\other\Bird\Dataset\CC0\Speckled Chachalaca_sound\Speckled Chachalaca7.mp3,Speckled Chachalaca_sound\Speckled Chachalaca7.mp3,Speckled Chachalaca_sound,Speckled Chachalaca,Speckled Chachalaca7.mp3,592256,True,48000,1,1759190,36.649791666666665,MP3,MPEG_LAYER_III,8066eaa461ef752b3d47f5ffc1f3d8d574c76f0f825afbb1f7030036496dd175
D:\other\Bird\Dataset\CC0\Speckled Chachalaca_sound\Speckled Chachalaca8.mp3,Speckled Chachalaca_sound\Speckled Chachalaca8.mp3,Speckled Chachalaca_sound,Speckled Chachalaca,Speckled Chachalaca8.mp3,592256,True,48000,1,1759190,36.649791666666665,MP3,MPEG_LAYER_III,8066eaa461ef752b3d47f5ffc1f3d8d574c76f0f825afbb1f7030036496dd175
D:\other\Bird\Dataset\CC0\Speckled Chachalaca_sound\Speckled Chachalaca9.mp3,Speckled Chachalaca_sound\Speckled Chachalaca9.mp3,Speckled Chachalaca_sound,Speckled Chachalaca,Speckled Chachalaca9.mp3,640535,True,44100,2,697505,15.816439909297053,MP3,MPEG_LAYER_III,25057e593d2437dee35c1501c60a625a65f125bdc77883fc83042d48ff1a2c50
D:\other\Bird\Dataset\CC0\Spixs Guan_sound\Spixs Guan10.mp3,Spixs Guan_sound\Spixs Guan10.mp3,Spixs Guan_sound,Spixs Guan,Spixs Guan10.mp3,447156,True,48000,2,1224000,25.5,MP3,MPEG_LAYER_III,ea7336dd0c6ba4803a9f4812ba043ad957a510d59d85fdf5bc11b4462d173caf
D:\other\Bird\Dataset\CC0\Spixs Guan_sound\Spixs Guan11.mp3,Spixs Guan_sound\Spixs Guan11.mp3,Spixs Guan_sound,Spixs Guan,Spixs Guan11.mp3,2708435,True,44100,1,7464395,169.26065759637189,MP3,MPEG_LAYER_III,f650d7edfee40e07259848bdc958b72c80e6dbaef7b2076aa87bf65b58094b61
D:\other\Bird\Dataset\CC0\Spixs Guan_sound\Spixs Guan12.mp3,Spixs Guan_sound\Spixs Guan12.mp3,Spixs Guan_sound,Spixs Guan,Spixs Guan12.mp3,295076,True,48000,2,590152,12.294833333333333,MP3,MPEG_LAYER_III,e53176a823cc48b6a0643c080da9b4f476bf90db573ed323fe3e5454285f423c
D:\other\Bird\Dataset\CC0\Spixs Guan_sound\Spixs Guan13.mp3,Spixs Guan_sound\Spixs Guan13.mp3,Spixs Guan_sound,Spixs Guan,Spixs Guan13.mp3,377644,True,44100,1,1040779,23.600430839002268,MP3,MPEG_LAYER_III,71b89e5664ba89dffe046aa9181679eb350354a40c3dcf34e963e6e26a098d12
D:\other\Bird\Dataset\CC0\Spixs Guan_sound\Spixs Guan14.mp3,Spixs Guan_sound\Spixs Guan14.mp3,Spixs Guan_sound,Spixs Guan,Spixs Guan14.mp3,603461,True,44100,1,1662774,37.704625850340136,MP3,MPEG_LAYER_III,42bf9848d55a8a3156641a4b8a6f66c7b05553cdbe961f1bdd9744d141eebfd5
D:\other\Bird\Dataset\CC0\Spixs Guan_sound\Spixs Guan15.mp3,Spixs Guan_sound\Spixs Guan15.mp3,Spixs Guan_sound,Spixs Guan,Spixs Guan15.mp3,396131,True,44100,1,1091376,24.747755102040816,MP3,MPEG_LAYER_III,f5b16d7d0782929b3ae9fd32b4e1869a41286480a73835b71ec436f380cd6ead
D:\other\Bird\Dataset\CC0\Spixs Guan_sound\Spixs Guan16.mp3,Spixs Guan_sound\Spixs Guan16.mp3,Spixs Guan_sound,Spixs Guan,Spixs Guan16.mp3,515266,True,44100,1,1419710,32.19297052154195,MP3,MPEG_LAYER_III,6ea80a015c64ec5679e5913cce7cdeb4b5733ceceb22031abd50c7a551bcbaa7
D:\other\Bird\Dataset\CC0\Spixs Guan_sound\Spixs Guan17.mp3,Spixs Guan_sound\Spixs Guan17.mp3,Spixs Guan_sound,Spixs Guan,Spixs Guan17.mp3,479736,True,44100,1,1321790,29.972562358276644,MP3,MPEG_LAYER_III,d742fc5b0ed671107785d53c71b12f9640f68bc470f24eea783527fd972deff3
D:\other\Bird\Dataset\CC0\Spixs Guan_sound\Spixs Guan18.mp3,Spixs Guan_sound\Spixs Guan18.mp3,Spixs Guan_sound,Spixs Guan,Spixs Guan18.mp3,592246,True,44100,1,2156370,48.89727891156463,MP3,MPEG_LAYER_III,bc9512fa0e93552f9a02aaa88cee8c9888d159aa35dbc2c6713f0a5038fc1481
D:\other\Bird\Dataset\CC0\Spixs Guan_sound\Spixs Guan19.mp3,Spixs Guan_sound\Spixs Guan19.mp3,Spixs Guan_sound,Spixs Guan,Spixs Guan19.mp3,873828,True,48000,1,6990624,145.638,MP3,MPEG_LAYER_III,42373fad9b20286aae22236f5c74c5ab5698338341d9ef09a5bd72b12163a193
D:\other\Bird\Dataset\CC0\Spixs Guan_sound\Spixs Guan2.mp3,Spixs Guan_sound\Spixs Guan2.mp3,Spixs Guan_sound,Spixs Guan,Spixs Guan2.mp3,51308,True,16000,1,205232,12.827,MP3,MPEG_LAYER_III,fbdf868722de19d59d39e67a4ad8bda1884a49d945f77867717a65e98462cdc9
D:\other\Bird\Dataset\CC0\Spixs Guan_sound\Spixs Guan20.mp3,Spixs Guan_sound\Spixs Guan20.mp3,Spixs Guan_sound,Spixs Guan,Spixs Guan20.mp3,863691,True,44100,2,2486652,56.38666666666666,MP3,MPEG_LAYER_III,977052a093e5d515c5f7b05fa5abf415e09446d16cbf04d19baf2bed4c25d222
D:\other\Bird\Dataset\CC0\Spixs Guan_sound\Spixs Guan21.mp3,Spixs Guan_sound\Spixs Guan21.mp3,Spixs Guan_sound,Spixs Guan,Spixs Guan21.mp3,863691,True,44100,2,2486652,56.38666666666666,MP3,MPEG_LAYER_III,977052a093e5d515c5f7b05fa5abf415e09446d16cbf04d19baf2bed4c25d222
D:\other\Bird\Dataset\CC0\Spixs Guan_sound\Spixs Guan22.mp3,Spixs Guan_sound\Spixs Guan22.mp3,Spixs Guan_sound,Spixs Guan,Spixs Guan22.mp3,863691,True,44100,2,2486652,56.38666666666666,MP3,MPEG_LAYER_III,977052a093e5d515c5f7b05fa5abf415e09446d16cbf04d19baf2bed4c25d222
D:\other\Bird\Dataset\CC0\Spixs Guan_sound\Spixs Guan23.mp3,Spixs Guan_sound\Spixs Guan23.mp3,Spixs Guan_sound,Spixs Guan,Spixs Guan23.mp3,426988,True,16000,1,420452,26.27825,MP3,MPEG_LAYER_III,5b1d093790afeb7565bf21cb43e11914149565fcd3e3c5b46a8dcce06cadd81f
D:\other\Bird\Dataset\CC0\Spixs Guan_sound\Spixs Guan24.mp3,Spixs Guan_sound\Spixs Guan24.mp3,Spixs Guan_sound,Spixs Guan,Spixs Guan24.mp3,517178,True,44100,2,1425332,32.32045351473923,MP3,MPEG_LAYER_III,0179b811fbcd6baffba8a5ea5400b2e809e63496bbbd26c1a77b8bf100ac7b32
D:\other\Bird\Dataset\CC0\Spixs Guan_sound\Spixs Guan25.mp3,Spixs Guan_sound\Spixs Guan25.mp3,Spixs Guan_sound,Spixs Guan,Spixs Guan25.mp3,438858,True,44100,1,2418968,54.8518820861678,MP3,MPEG_LAYER_III,eaa7b938cbd97efe6db11d0b8652cf128150758a50c8ccc49ce4228196c20344
D:\other\Bird\Dataset\CC0\Spixs Guan_sound\Spixs Guan26.mp3,Spixs Guan_sound\Spixs Guan26.mp3,Spixs Guan_sound,Spixs Guan,Spixs Guan26.mp3,408419,True,44100,1,2251189,51.04736961451247,MP3,MPEG_LAYER_III,d4300c869bc474b55ae299c6dfe1ebfe0d772da72aaf4b89d5a0aebc3724af52
D:\other\Bird\Dataset\CC0\Spixs Guan_sound\Spixs Guan27.mp3,Spixs Guan_sound\Spixs Guan27.mp3,Spixs Guan_sound,Spixs Guan,Spixs Guan27.mp3,188603,True,48000,2,549551,11.448979166666666,MP3,MPEG_LAYER_III,b461ff07568dfc4e53b5cdaa46c197b83c678cc89507f732dede5d90c6cdbf87
D:\other\Bird\Dataset\CC0\Spixs Guan_sound\Spixs Guan28.mp3,Spixs Guan_sound\Spixs Guan28.mp3,Spixs Guan_sound,Spixs Guan,Spixs Guan28.mp3,1387182,True,48000,1,2070231,43.1298125,MP3,MPEG_LAYER_III,1aa99c162eb0ad223936331e92c65c22b24951329b0ca42e322411e4a91731f6
D:\other\Bird\Dataset\CC0\Spixs Guan_sound\Spixs Guan29.mp3,Spixs Guan_sound\Spixs Guan29.mp3,Spixs Guan_sound,Spixs Guan,Spixs Guan29.mp3,137428,True,32000,2,351038,10.9699375,MP3,MPEG_LAYER_III,0bb90cbb30bead43e264a6bf7227a34e79b870979c803c04d8ed0cff80a2fe03
D:\other\Bird\Dataset\CC0\Spixs Guan_sound\Spixs Guan3.mp3,Spixs Guan_sound\Spixs Guan3.mp3,Spixs Guan_sound,Spixs Guan,Spixs Guan3.mp3,51308,True,16000,1,205232,12.827,MP3,MPEG_LAYER_III,fbdf868722de19d59d39e67a4ad8bda1884a49d945f77867717a65e98462cdc9
D:\other\Bird\Dataset\CC0\Spixs Guan_sound\Spixs Guan30.mp3,Spixs Guan_sound\Spixs Guan30.mp3,Spixs Guan_sound,Spixs Guan,Spixs Guan30.mp3,206548,True,32000,2,535034,16.7198125,MP3,MPEG_LAYER_III,02d398746b05d5dcdcd0d1a4df919e76edd4442bcf010b660c849540a1a41ed7
D:\other\Bird\Dataset\CC0\Spixs Guan_sound\Spixs Guan31.mp3,Spixs Guan_sound\Spixs Guan31.mp3,Spixs Guan_sound,Spixs Guan,Spixs Guan31.mp3,411378,True,44100,1,1490968,33.80879818594104,MP3,MPEG_LAYER_III,3ad56590f9d7188568d62f60d3556f7576844c130471052b782850f6563b2f1d
D:\other\Bird\Dataset\CC0\Spixs Guan_sound\Spixs Guan4.mp3,Spixs Guan_sound\Spixs Guan4.mp3,Spixs Guan_sound,Spixs Guan,Spixs Guan4.mp3,51308,True,16000,1,205232,12.827,MP3,MPEG_LAYER_III,fbdf868722de19d59d39e67a4ad8bda1884a49d945f77867717a65e98462cdc9
D:\other\Bird\Dataset\CC0\Spixs Guan_sound\Spixs Guan5.mp3,Spixs Guan_sound\Spixs Guan5.mp3,Spixs Guan_sound,Spixs Guan,Spixs Guan5.mp3,346841,True,44100,2,649412,14.725895691609978,MP3,MPEG_LAYER_III,94b2e80e760856e8b7700f2d0e29bb43403c221c39d2a512564b7dacc7e5f995
D:\other\Bird\Dataset\CC0\Spixs Guan_sound\Spixs Guan6.mp3,Spixs Guan_sound\Spixs Guan6.mp3,Spixs Guan_sound,Spixs Guan,Spixs Guan6.mp3,664111,True,44100,1,723947,16.416031746031745,MP3,MPEG_LAYER_III,25dc7489e34e6b35c2dfda99450772fc5a62b0209fc1c4a19dd0be1dbadfcefe
D:\other\Bird\Dataset\CC0\Spixs Guan_sound\Spixs Guan7.mp3,Spixs Guan_sound\Spixs Guan7.mp3,Spixs Guan_sound,Spixs Guan,Spixs Guan7.mp3,664111,True,44100,1,723947,16.416031746031745,MP3,MPEG_LAYER_III,25dc7489e34e6b35c2dfda99450772fc5a62b0209fc1c4a19dd0be1dbadfcefe
D:\other\Bird\Dataset\CC0\Spixs Guan_sound\Spixs Guan8.mp3,Spixs Guan_sound\Spixs Guan8.mp3,Spixs Guan_sound,Spixs Guan,Spixs Guan8.mp3,1072026,True,48000,2,3215694,66.993625,MP3,MPEG_LAYER_III,8974440e34c7f0c4d4055112d049205a06d3704fbf014ebb9b909dbd431d4589
D:\other\Bird\Dataset\CC0\Spixs Guan_sound\Spixs Guan9.mp3,Spixs Guan_sound\Spixs Guan9.mp3,Spixs Guan_sound,Spixs Guan,Spixs Guan9.mp3,1072026,True,48000,2,3215694,66.993625,MP3,MPEG_LAYER_III,8974440e34c7f0c4d4055112d049205a06d3704fbf014ebb9b909dbd431d4589
D:\other\Bird\Dataset\CC0\Spotted Nothura_sound\Spotted Nothura10.mp3,Spotted Nothura_sound\Spotted Nothura10.mp3,Spotted Nothura_sound,Spotted Nothura,Spotted Nothura10.mp3,1203323,True,44100,1,1318016,29.886984126984128,MP3,MPEG_LAYER_III,b6f7246287d367d4e55529776e8836a0c27ea4b8d92f05a742996cbebcc8d80a
D:\other\Bird\Dataset\CC0\Spotted Nothura_sound\Spotted Nothura11.mp3,Spotted Nothura_sound\Spotted Nothura11.mp3,Spotted Nothura_sound,Spotted Nothura,Spotted Nothura11.mp3,1203323,True,44100,1,1318016,29.886984126984128,MP3,MPEG_LAYER_III,b6f7246287d367d4e55529776e8836a0c27ea4b8d92f05a742996cbebcc8d80a
D:\other\Bird\Dataset\CC0\Spotted Nothura_sound\Spotted Nothura12.mp3,Spotted Nothura_sound\Spotted Nothura12.mp3,Spotted Nothura_sound,Spotted Nothura,Spotted Nothura12.mp3,1203323,True,44100,1,1318016,29.886984126984128,MP3,MPEG_LAYER_III,b6f7246287d367d4e55529776e8836a0c27ea4b8d92f05a742996cbebcc8d80a
D:\other\Bird\Dataset\CC0\Spotted Nothura_sound\Spotted Nothura13.mp3,Spotted Nothura_sound\Spotted Nothura13.mp3,Spotted Nothura_sound,Spotted Nothura,Spotted Nothura13.mp3,1203323,True,44100,1,1318016,29.886984126984128,MP3,MPEG_LAYER_III,b6f7246287d367d4e55529776e8836a0c27ea4b8d92f05a742996cbebcc8d80a
D:\other\Bird\Dataset\CC0\Spotted Nothura_sound\Spotted Nothura14.mp3,Spotted Nothura_sound\Spotted Nothura14.mp3,Spotted Nothura_sound,Spotted Nothura,Spotted Nothura14.mp3,1203323,True,44100,1,1318016,29.886984126984128,MP3,MPEG_LAYER_III,b6f7246287d367d4e55529776e8836a0c27ea4b8d92f05a742996cbebcc8d80a
D:\other\Bird\Dataset\CC0\Spotted Nothura_sound\Spotted Nothura15.mp3,Spotted Nothura_sound\Spotted Nothura15.mp3,Spotted Nothura_sound,Spotted Nothura,Spotted Nothura15.mp3,1203323,True,44100,1,1318016,29.886984126984128,MP3,MPEG_LAYER_III,b6f7246287d367d4e55529776e8836a0c27ea4b8d92f05a742996cbebcc8d80a
D:\other\Bird\Dataset\CC0\Spotted Nothura_sound\Spotted Nothura16.mp3,Spotted Nothura_sound\Spotted Nothura16.mp3,Spotted Nothura_sound,Spotted Nothura,Spotted Nothura16.mp3,247395,True,44100,2,443567,10.058208616780046,MP3,MPEG_LAYER_III,9b6f392e890429f6ae5c8d9cbce243ffca3515392d27b90af85483fd87f45a19
D:\other\Bird\Dataset\CC0\Spotted Nothura_sound\Spotted Nothura17.mp3,Spotted Nothura_sound\Spotted Nothura17.mp3,Spotted Nothura_sound,Spotted Nothura,Spotted Nothura17.mp3,247395,True,44100,2,443567,10.058208616780046,MP3,MPEG_LAYER_III,9b6f392e890429f6ae5c8d9cbce243ffca3515392d27b90af85483fd87f45a19
D:\other\Bird\Dataset\CC0\Spotted Nothura_sound\Spotted Nothura18.mp3,Spotted Nothura_sound\Spotted Nothura18.mp3,Spotted Nothura_sound,Spotted Nothura,Spotted Nothura18.mp3,72553,True,44100,2,182671,4.14219954648526,MP3,MPEG_LAYER_III,931adbcf9c5105fb9eb8266ccf3e9f29f92c985e9292ac741f3489a21b6b2e65
D:\other\Bird\Dataset\CC0\Spotted Nothura_sound\Spotted Nothura19.mp3,Spotted Nothura_sound\Spotted Nothura19.mp3,Spotted Nothura_sound,Spotted Nothura,Spotted Nothura19.mp3,301204,True,44100,2,813053,18.43657596371882,MP3,MPEG_LAYER_III,4fac1d3d6379ab28bc3b191ec42d6eee69c6c9e8e051157f5348090af7ba65eb
D:\other\Bird\Dataset\CC0\Spotted Nothura_sound\Spotted Nothura2.mp3,Spotted Nothura_sound\Spotted Nothura2.mp3,Spotted Nothura_sound,Spotted Nothura,Spotted Nothura2.mp3,444636,True,44100,1,2450816,55.5740589569161,MP3,MPEG_LAYER_III,cd17faec80c54989a55181683f47ef145a0e8020a8002a50f490f23a04b0c1d5
D:\other\Bird\Dataset\CC0\Spotted Nothura_sound\Spotted Nothura20.mp3,Spotted Nothura_sound\Spotted Nothura20.mp3,Spotted Nothura_sound,Spotted Nothura,Spotted Nothura20.mp3,301204,True,44100,2,813053,18.43657596371882,MP3,MPEG_LAYER_III,4fac1d3d6379ab28bc3b191ec42d6eee69c6c9e8e051157f5348090af7ba65eb
D:\other\Bird\Dataset\CC0\Spotted Nothura_sound\Spotted Nothura21.mp3,Spotted Nothura_sound\Spotted Nothura21.mp3,Spotted Nothura_sound,Spotted Nothura,Spotted Nothura21.mp3,301204,True,44100,2,813053,18.43657596371882,MP3,MPEG_LAYER_III,4fac1d3d6379ab28bc3b191ec42d6eee69c6c9e8e051157f5348090af7ba65eb
D:\other\Bird\Dataset\CC0\Spotted Nothura_sound\Spotted Nothura22.mp3,Spotted Nothura_sound\Spotted Nothura22.mp3,Spotted Nothura_sound,Spotted Nothura,Spotted Nothura22.mp3,301204,True,44100,2,813053,18.43657596371882,MP3,MPEG_LAYER_III,4fac1d3d6379ab28bc3b191ec42d6eee69c6c9e8e051157f5348090af7ba65eb
D:\other\Bird\Dataset\CC0\Spotted Nothura_sound\Spotted Nothura23.mp3,Spotted Nothura_sound\Spotted Nothura23.mp3,Spotted Nothura_sound,Spotted Nothura,Spotted Nothura23.mp3,301204,True,44100,2,813053,18.43657596371882,MP3,MPEG_LAYER_III,4fac1d3d6379ab28bc3b191ec42d6eee69c6c9e8e051157f5348090af7ba65eb
D:\other\Bird\Dataset\CC0\Spotted Nothura_sound\Spotted Nothura24.mp3,Spotted Nothura_sound\Spotted Nothura24.mp3,Spotted Nothura_sound,Spotted Nothura,Spotted Nothura24.mp3,734415,True,48000,2,1468830,30.600625,MP3,MPEG_LAYER_III,3c19e1d301c46025cc43f106724853710645682056cbf8e5fbba5769f13a51ec
D:\other\Bird\Dataset\CC0\Spotted Nothura_sound\Spotted Nothura25.mp3,Spotted Nothura_sound\Spotted Nothura25.mp3,Spotted Nothura_sound,Spotted Nothura,Spotted Nothura25.mp3,734415,True,48000,2,1468830,30.600625,MP3,MPEG_LAYER_III,3c19e1d301c46025cc43f106724853710645682056cbf8e5fbba5769f13a51ec
D:\other\Bird\Dataset\CC0\Spotted Nothura_sound\Spotted Nothura26.mp3,Spotted Nothura_sound\Spotted Nothura26.mp3,Spotted Nothura_sound,Spotted Nothura,Spotted Nothura26.mp3,443960,True,44100,1,1223545,27.744784580498866,MP3,MPEG_LAYER_III,8a32873f050a22c3d50106d29662b201e6d7258c6f84b5a783889fbb1861315d
D:\other\Bird\Dataset\CC0\Spotted Nothura_sound\Spotted Nothura27.mp3,Spotted Nothura_sound\Spotted Nothura27.mp3,Spotted Nothura_sound,Spotted Nothura,Spotted Nothura27.mp3,265264,True,44100,2,475137,10.774081632653061,MP3,MPEG_LAYER_III,58e9b6f8e658a13fb4fd43033231ce7f737f90788f56f199e9a4db16d06214e4
D:\other\Bird\Dataset\CC0\Spotted Nothura_sound\Spotted Nothura28.mp3,Spotted Nothura_sound\Spotted Nothura28.mp3,Spotted Nothura_sound,Spotted Nothura,Spotted Nothura28.mp3,3018237,True,44100,1,8318203,188.62138321995465,MP3,MPEG_LAYER_III,4b54ec5c70f4634d792424e52bd229eb2a9a64914e409ef91307e04aebcbd17a
D:\other\Bird\Dataset\CC0\Spotted Nothura_sound\Spotted Nothura29.mp3,Spotted Nothura_sound\Spotted Nothura29.mp3,Spotted Nothura_sound,Spotted Nothura,Spotted Nothura29.mp3,3018237,True,44100,1,8318203,188.62138321995465,MP3,MPEG_LAYER_III,4b54ec5c70f4634d792424e52bd229eb2a9a64914e409ef91307e04aebcbd17a
D:\other\Bird\Dataset\CC0\Spotted Nothura_sound\Spotted Nothura3.mp3,Spotted Nothura_sound\Spotted Nothura3.mp3,Spotted Nothura_sound,Spotted Nothura,Spotted Nothura3.mp3,53297,True,16000,1,213188,13.32425,MP3,MPEG_LAYER_III,87d966fa64a069fe0c9d5157406b0141be20c5ed4888afac2dde486b6fad3381
D:\other\Bird\Dataset\CC0\Spotted Nothura_sound\Spotted Nothura30.mp3,Spotted Nothura_sound\Spotted Nothura30.mp3,Spotted Nothura_sound,Spotted Nothura,Spotted Nothura30.mp3,3018237,True,44100,1,8318203,188.62138321995465,MP3,MPEG_LAYER_III,4b54ec5c70f4634d792424e52bd229eb2a9a64914e409ef91307e04aebcbd17a
D:\other\Bird\Dataset\CC0\Spotted Nothura_sound\Spotted Nothura31.mp3,Spotted Nothura_sound\Spotted Nothura31.mp3,Spotted Nothura_sound,Spotted Nothura,Spotted Nothura31.mp3,3018237,True,44100,1,8318203,188.62138321995465,MP3,MPEG_LAYER_III,4b54ec5c70f4634d792424e52bd229eb2a9a64914e409ef91307e04aebcbd17a
D:\other\Bird\Dataset\CC0\Spotted Nothura_sound\Spotted Nothura4.mp3,Spotted Nothura_sound\Spotted Nothura4.mp3,Spotted Nothura_sound,Spotted Nothura,Spotted Nothura4.mp3,53297,True,16000,1,213188,13.32425,MP3,MPEG_LAYER_III,87d966fa64a069fe0c9d5157406b0141be20c5ed4888afac2dde486b6fad3381
D:\other\Bird\Dataset\CC0\Spotted Nothura_sound\Spotted Nothura5.mp3,Spotted Nothura_sound\Spotted Nothura5.mp3,Spotted Nothura_sound,Spotted Nothura,Spotted Nothura5.mp3,443684,True,44100,2,803943,18.23,MP3,MPEG_LAYER_III,1e2f40819252fda0db1426d4a66418120e290fe224752cf7c40dca7de5fc6d79
D:\other\Bird\Dataset\CC0\Spotted Nothura_sound\Spotted Nothura6.mp3,Spotted Nothura_sound\Spotted Nothura6.mp3,Spotted Nothura_sound,Spotted Nothura,Spotted Nothura6.mp3,443684,True,44100,2,803943,18.23,MP3,MPEG_LAYER_III,1e2f40819252fda0db1426d4a66418120e290fe224752cf7c40dca7de5fc6d79
D:\other\Bird\Dataset\CC0\Spotted Nothura_sound\Spotted Nothura7.mp3,Spotted Nothura_sound\Spotted Nothura7.mp3,Spotted Nothura_sound,Spotted Nothura,Spotted Nothura7.mp3,495367,True,44100,2,898376,20.371337868480726,MP3,MPEG_LAYER_III,2fc5caf907f9804e7fd5441c0a5311ab480e8658104e9d63add2c0b44a9e26d4
D:\other\Bird\Dataset\CC0\Spotted Nothura_sound\Spotted Nothura8.mp3,Spotted Nothura_sound\Spotted Nothura8.mp3,Spotted Nothura_sound,Spotted Nothura,Spotted Nothura8.mp3,495367,True,44100,2,898376,20.371337868480726,MP3,MPEG_LAYER_III,2fc5caf907f9804e7fd5441c0a5311ab480e8658104e9d63add2c0b44a9e26d4
D:\other\Bird\Dataset\CC0\Spotted Nothura_sound\Spotted Nothura9.mp3,Spotted Nothura_sound\Spotted Nothura9.mp3,Spotted Nothura_sound,Spotted Nothura,Spotted Nothura9.mp3,1203323,True,44100,1,1318016,29.886984126984128,MP3,MPEG_LAYER_III,b6f7246287d367d4e55529776e8836a0c27ea4b8d92f05a742996cbebcc8d80a
D:\other\Bird\Dataset\CC0\Sula Megapode_sound\Sula Megapode2.mp3,Sula Megapode_sound\Sula Megapode2.mp3,Sula Megapode_sound,Sula Megapode,Sula Megapode2.mp3,3645602,True,48000,1,4374568,91.13683333333333,MP3,MPEG_LAYER_III,e137cfb4305b21cc103c915713c898ca1112f093409347f80111303331c48d4d
D:\other\Bird\Dataset\CC0\Sula Megapode_sound\Sula Megapode3.mp3,Sula Megapode_sound\Sula Megapode3.mp3,Sula Megapode_sound,Sula Megapode,Sula Megapode3.mp3,119229,True,44100,2,328592,7.4510657596371885,MP3,MPEG_LAYER_III,93ef9d67491f93ddb9b0ff5e77aa1c3a1c10a9526b4b6d16c76b9bc31d29505d
D:\other\Bird\Dataset\CC0\Sula Megapode_sound\Sula Megapode4.mp3,Sula Megapode_sound\Sula Megapode4.mp3,Sula Megapode_sound,Sula Megapode,Sula Megapode4.mp3,145611,True,44100,2,401301,9.099795918367347,MP3,MPEG_LAYER_III,5c4649e5911d4247c6c54dafd47dc832e8d2ae4acb18ec9f56d3a8f82f048772
D:\other\Bird\Dataset\CC0\Sula Megapode_sound\Sula Megapode5.mp3,Sula Megapode_sound\Sula Megapode5.mp3,Sula Megapode_sound,Sula Megapode,Sula Megapode5.mp3,930925,True,44100,2,2565611,58.1771201814059,MP3,MPEG_LAYER_III,7872bcf8ed38b3deb8c7bd957efb388c2576c87ab8bc8b899c4ddc6d321d7484
D:\other\Bird\Dataset\CC0\Sula Megapode_sound\Sula Megapode6.mp3,Sula Megapode_sound\Sula Megapode6.mp3,Sula Megapode_sound,Sula Megapode,Sula Megapode6.mp3,433645,True,44100,2,1195117,27.10015873015873,MP3,MPEG_LAYER_III,78867e10b049330c9a0f1e588d7c163c53aebd893a84dbee4e5330ed11746df1
D:\other\Bird\Dataset\CC0\Taczanowskis Tinamou_sound\Taczanowskis Tinamou2.mp3,Taczanowskis Tinamou_sound\Taczanowskis Tinamou2.mp3,Taczanowskis Tinamou_sound,Taczanowskis Tinamou,Taczanowskis Tinamou2.mp3,188284,True,44100,2,518907,11.766598639455783,MP3,MPEG_LAYER_III,63af3a8fb16ea3e2237dfe41852d2fe56c44c41f311c4b37b246cef1a0fdd02f
D:\other\Bird\Dataset\CC0\Taczanowskis Tinamou_sound\Taczanowskis Tinamou3.mp3,Taczanowskis Tinamou_sound\Taczanowskis Tinamou3.mp3,Taczanowskis Tinamou_sound,Taczanowskis Tinamou,Taczanowskis Tinamou3.mp3,964362,True,44100,1,2657763,60.26673469387755,MP3,MPEG_LAYER_III,f258332e937e08b6552ab47bf43814c8c8a8a3fde0460f37bcc01098937a8630
D:\other\Bird\Dataset\CC0\Taczanowskis Tinamou_sound\Taczanowskis Tinamou4.mp3,Taczanowskis Tinamou_sound\Taczanowskis Tinamou4.mp3,Taczanowskis Tinamou_sound,Taczanowskis Tinamou,Taczanowskis Tinamou4.mp3,506088,True,44100,1,1394768,31.627392290249432,MP3,MPEG_LAYER_III,d6e8076985de1ba426f438130c63c3cd0699bbcb4f572dcfb96ccef1a3aa9434
D:\other\Bird\Dataset\CC0\Taczanowskis Tinamou_sound\Taczanowskis Tinamou5.mp3,Taczanowskis Tinamou_sound\Taczanowskis Tinamou5.mp3,Taczanowskis Tinamou_sound,Taczanowskis Tinamou,Taczanowskis Tinamou5.mp3,31620,True,48000,2,62984,1.3121666666666667,MP3,MPEG_LAYER_III,fb05484c047d68b7ddfe5ef9d5097c00521a5017a05705da407332edcb83bfbf
D:\other\Bird\Dataset\CC0\Taczanowskis Tinamou_sound\Taczanowskis Tinamou6.mp3,Taczanowskis Tinamou_sound\Taczanowskis Tinamou6.mp3,Taczanowskis Tinamou_sound,Taczanowskis Tinamou,Taczanowskis Tinamou6.mp3,31620,True,48000,2,62984,1.3121666666666667,MP3,MPEG_LAYER_III,fb05484c047d68b7ddfe5ef9d5097c00521a5017a05705da407332edcb83bfbf
D:\other\Bird\Dataset\CC0\Taczanowskis Tinamou_sound\Taczanowskis Tinamou7.mp3,Taczanowskis Tinamou_sound\Taczanowskis Tinamou7.mp3,Taczanowskis Tinamou_sound,Taczanowskis Tinamou,Taczanowskis Tinamou7.mp3,418840,True,44100,2,462027,10.476802721088436,MP3,MPEG_LAYER_III,3b6bb33deff0c3e171a0f7aabcf8ad1f77af07e3ea6a4cba1ca5578f09d8a89f
D:\other\Bird\Dataset\CC0\Taczanowskis Tinamou_sound\Taczanowskis Tinamou8.mp3,Taczanowskis Tinamou_sound\Taczanowskis Tinamou8.mp3,Taczanowskis Tinamou_sound,Taczanowskis Tinamou,Taczanowskis Tinamou8.mp3,405982,True,44100,1,2237757,50.74278911564626,MP3,MPEG_LAYER_III,ee1b686d5456a6d578bab351d66c0924ada9b5ef05676acf6207ebfd385d0fa6
D:\other\Bird\Dataset\CC0\Tanimbar Megapode_sound\Tanimbar Megapode2.mp3,Tanimbar Megapode_sound\Tanimbar Megapode2.mp3,Tanimbar Megapode_sound,Tanimbar Megapode,Tanimbar Megapode2.mp3,433645,True,44100,2,1195117,27.10015873015873,MP3,MPEG_LAYER_III,78867e10b049330c9a0f1e588d7c163c53aebd893a84dbee4e5330ed11746df1
D:\other\Bird\Dataset\CC0\Tataupa Tinamou_sound\Tataupa Tinamou10.mp3,Tataupa Tinamou_sound\Tataupa Tinamou10.mp3,Tataupa Tinamou_sound,Tataupa Tinamou,Tataupa Tinamou10.mp3,808320,True,44100,1,882800,20.01814058956916,MP3,MPEG_LAYER_III,c00d2b3c8fb1616d442be21fcfe2634185de0ae0eb434a83e250b9ea8c28c923
D:\other\Bird\Dataset\CC0\Tataupa Tinamou_sound\Tataupa Tinamou11.mp3,Tataupa Tinamou_sound\Tataupa Tinamou11.mp3,Tataupa Tinamou_sound,Tataupa Tinamou,Tataupa Tinamou11.mp3,808320,True,44100,1,882800,20.01814058956916,MP3,MPEG_LAYER_III,c00d2b3c8fb1616d442be21fcfe2634185de0ae0eb434a83e250b9ea8c28c923
D:\other\Bird\Dataset\CC0\Tataupa Tinamou_sound\Tataupa Tinamou12.mp3,Tataupa Tinamou_sound\Tataupa Tinamou12.mp3,Tataupa Tinamou_sound,Tataupa Tinamou,Tataupa Tinamou12.mp3,808320,True,44100,1,882800,20.01814058956916,MP3,MPEG_LAYER_III,c00d2b3c8fb1616d442be21fcfe2634185de0ae0eb434a83e250b9ea8c28c923
D:\other\Bird\Dataset\CC0\Tataupa Tinamou_sound\Tataupa Tinamou13.mp3,Tataupa Tinamou_sound\Tataupa Tinamou13.mp3,Tataupa Tinamou_sound,Tataupa Tinamou,Tataupa Tinamou13.mp3,808320,True,44100,1,882800,20.01814058956916,MP3,MPEG_LAYER_III,c00d2b3c8fb1616d442be21fcfe2634185de0ae0eb434a83e250b9ea8c28c923
D:\other\Bird\Dataset\CC0\Tataupa Tinamou_sound\Tataupa Tinamou14.mp3,Tataupa Tinamou_sound\Tataupa Tinamou14.mp3,Tataupa Tinamou_sound,Tataupa Tinamou,Tataupa Tinamou14.mp3,808320,True,44100,1,882800,20.01814058956916,MP3,MPEG_LAYER_III,c00d2b3c8fb1616d442be21fcfe2634185de0ae0eb434a83e250b9ea8c28c923
D:\other\Bird\Dataset\CC0\Tataupa Tinamou_sound\Tataupa Tinamou15.mp3,Tataupa Tinamou_sound\Tataupa Tinamou15.mp3,Tataupa Tinamou_sound,Tataupa Tinamou,Tataupa Tinamou15.mp3,659124,True,44100,2,883014,20.02299319727891,MP3,MPEG_LAYER_III,4c4022d715748c18fe6b6416dec94ae15faf0f98fc96cbc6c184912ba79e52ea
D:\other\Bird\Dataset\CC0\Tataupa Tinamou_sound\Tataupa Tinamou16.mp3,Tataupa Tinamou_sound\Tataupa Tinamou16.mp3,Tataupa Tinamou_sound,Tataupa Tinamou,Tataupa Tinamou16.mp3,659124,True,44100,2,883014,20.02299319727891,MP3,MPEG_LAYER_III,4c4022d715748c18fe6b6416dec94ae15faf0f98fc96cbc6c184912ba79e52ea
D:\other\Bird\Dataset\CC0\Tataupa Tinamou_sound\Tataupa Tinamou17.mp3,Tataupa Tinamou_sound\Tataupa Tinamou17.mp3,Tataupa Tinamou_sound,Tataupa Tinamou,Tataupa Tinamou17.mp3,659124,True,44100,2,883014,20.02299319727891,MP3,MPEG_LAYER_III,4c4022d715748c18fe6b6416dec94ae15faf0f98fc96cbc6c184912ba79e52ea
D:\other\Bird\Dataset\CC0\Tataupa Tinamou_sound\Tataupa Tinamou18.mp3,Tataupa Tinamou_sound\Tataupa Tinamou18.mp3,Tataupa Tinamou_sound,Tataupa Tinamou,Tataupa Tinamou18.mp3,659124,True,44100,2,883014,20.02299319727891,MP3,MPEG_LAYER_III,4c4022d715748c18fe6b6416dec94ae15faf0f98fc96cbc6c184912ba79e52ea
D:\other\Bird\Dataset\CC0\Tataupa Tinamou_sound\Tataupa Tinamou19.mp3,Tataupa Tinamou_sound\Tataupa Tinamou19.mp3,Tataupa Tinamou_sound,Tataupa Tinamou,Tataupa Tinamou19.mp3,659124,True,44100,2,883014,20.02299319727891,MP3,MPEG_LAYER_III,4c4022d715748c18fe6b6416dec94ae15faf0f98fc96cbc6c184912ba79e52ea
D:\other\Bird\Dataset\CC0\Tataupa Tinamou_sound\Tataupa Tinamou2.mp3,Tataupa Tinamou_sound\Tataupa Tinamou2.mp3,Tataupa Tinamou_sound,Tataupa Tinamou,Tataupa Tinamou2.mp3,477074,True,48000,1,1608307,33.506395833333336,MP3,MPEG_LAYER_III,8cbce73fa87757c450c458b0cb1e50b6af9ca8accadcb83f8734f287d4b107e6
D:\other\Bird\Dataset\CC0\Tataupa Tinamou_sound\Tataupa Tinamou20.mp3,Tataupa Tinamou_sound\Tataupa Tinamou20.mp3,Tataupa Tinamou_sound,Tataupa Tinamou,Tataupa Tinamou20.mp3,161017,True,48000,1,637842,13.288375,MP3,MPEG_LAYER_III,6b7369cc775cc59030adf79a4a76a1e503b8053e2ce5941ed6cf5ded51cc67f2
D:\other\Bird\Dataset\CC0\Tataupa Tinamou_sound\Tataupa Tinamou21.mp3,Tataupa Tinamou_sound\Tataupa Tinamou21.mp3,Tataupa Tinamou_sound,Tataupa Tinamou,Tataupa Tinamou21.mp3,2101725,True,44100,1,5792313,131.34496598639456,MP3,MPEG_LAYER_III,4336e6c29790bbeff734736ccab44beb622336273a6d5bea539acea01e2164c5
D:\other\Bird\Dataset\CC0\Tataupa Tinamou_sound\Tataupa Tinamou22.mp3,Tataupa Tinamou_sound\Tataupa Tinamou22.mp3,Tataupa Tinamou_sound,Tataupa Tinamou,Tataupa Tinamou22.mp3,1098137,True,44100,1,3026444,68.62684807256235,MP3,MPEG_LAYER_III,90b0a5dc3869b5c97403d3bb73283d8092cb805b5856878c0e35d32e5d1671e2
D:\other\Bird\Dataset\CC0\Tataupa Tinamou_sound\Tataupa Tinamou23.mp3,Tataupa Tinamou_sound\Tataupa Tinamou23.mp3,Tataupa Tinamou_sound,Tataupa Tinamou,Tataupa Tinamou23.mp3,1098137,True,44100,1,3026444,68.62684807256235,MP3,MPEG_LAYER_III,90b0a5dc3869b5c97403d3bb73283d8092cb805b5856878c0e35d32e5d1671e2
D:\other\Bird\Dataset\CC0\Tataupa Tinamou_sound\Tataupa Tinamou24.mp3,Tataupa Tinamou_sound\Tataupa Tinamou24.mp3,Tataupa Tinamou_sound,Tataupa Tinamou,Tataupa Tinamou24.mp3,1098137,True,44100,1,3026444,68.62684807256235,MP3,MPEG_LAYER_III,90b0a5dc3869b5c97403d3bb73283d8092cb805b5856878c0e35d32e5d1671e2
D:\other\Bird\Dataset\CC0\Tataupa Tinamou_sound\Tataupa Tinamou25.mp3,Tataupa Tinamou_sound\Tataupa Tinamou25.mp3,Tataupa Tinamou_sound,Tataupa Tinamou,Tataupa Tinamou25.mp3,2566013,True,48000,1,3070144,63.961333333333336,MP3,MPEG_LAYER_III,75a655d0d47c546b3964fdeb95b00e402a3847607e028d895b1ab40d272b6768
D:\other\Bird\Dataset\CC0\Tataupa Tinamou_sound\Tataupa Tinamou26.mp3,Tataupa Tinamou_sound\Tataupa Tinamou26.mp3,Tataupa Tinamou_sound,Tataupa Tinamou,Tataupa Tinamou26.mp3,104831,True,48000,1,209406,4.362625,MP3,MPEG_LAYER_III,4712a09d6904137659ecc912a7d3c5c9a2c1fcecfcbc7427dcab0ff1a2761dd9
D:\other\Bird\Dataset\CC0\Tataupa Tinamou_sound\Tataupa Tinamou27.mp3,Tataupa Tinamou_sound\Tataupa Tinamou27.mp3,Tataupa Tinamou_sound,Tataupa Tinamou,Tataupa Tinamou27.mp3,488373,True,44100,1,1345946,30.52031746031746,MP3,MPEG_LAYER_III,d8e21420632c6b6762d72563b0e3d70e913f0306bc2358fd4f78c07f5be4ea8b
D:\other\Bird\Dataset\CC0\Tataupa Tinamou_sound\Tataupa Tinamou28.mp3,Tataupa Tinamou_sound\Tataupa Tinamou28.mp3,Tataupa Tinamou_sound,Tataupa Tinamou,Tataupa Tinamou28.mp3,502981,True,48000,2,1005962,20.957541666666668,MP3,MPEG_LAYER_III,ff65eea7dcabc537c963da6df150c454231156bc282dcea53b6a017ded9d5335
D:\other\Bird\Dataset\CC0\Tataupa Tinamou_sound\Tataupa Tinamou29.mp3,Tataupa Tinamou_sound\Tataupa Tinamou29.mp3,Tataupa Tinamou_sound,Tataupa Tinamou,Tataupa Tinamou29.mp3,502981,True,48000,2,1005962,20.957541666666668,MP3,MPEG_LAYER_III,ff65eea7dcabc537c963da6df150c454231156bc282dcea53b6a017ded9d5335
D:\other\Bird\Dataset\CC0\Tataupa Tinamou_sound\Tataupa Tinamou3.mp3,Tataupa Tinamou_sound\Tataupa Tinamou3.mp3,Tataupa Tinamou_sound,Tataupa Tinamou,Tataupa Tinamou3.mp3,1614794,True,48000,2,3229332,67.27775,MP3,MPEG_LAYER_III,60d9a641f613821159b63be16fa1cbc621e613c473ea73e9df7005c66df93ce7
D:\other\Bird\Dataset\CC0\Tataupa Tinamou_sound\Tataupa Tinamou30.mp3,Tataupa Tinamou_sound\Tataupa Tinamou30.mp3,Tataupa Tinamou_sound,Tataupa Tinamou,Tataupa Tinamou30.mp3,163216,True,44100,1,449467,10.191995464852608,MP3,MPEG_LAYER_III,fbb10c1f720a29dc98f0e402528576016d37ff57c605769a9600316cad2a7923
D:\other\Bird\Dataset\CC0\Tataupa Tinamou_sound\Tataupa Tinamou31.mp3,Tataupa Tinamou_sound\Tataupa Tinamou31.mp3,Tataupa Tinamou_sound,Tataupa Tinamou,Tataupa Tinamou31.mp3,699095,True,44100,1,1926339,43.68115646258504,MP3,MPEG_LAYER_III,13b530ddac35903bda0a0b803446a656c1b8f5861cc2444bb4c8149b81f16171
D:\other\Bird\Dataset\CC0\Tataupa Tinamou_sound\Tataupa Tinamou4.mp3,Tataupa Tinamou_sound\Tataupa Tinamou4.mp3,Tataupa Tinamou_sound,Tataupa Tinamou,Tataupa Tinamou4.mp3,1614794,True,48000,2,3229332,67.27775,MP3,MPEG_LAYER_III,60d9a641f613821159b63be16fa1cbc621e613c473ea73e9df7005c66df93ce7
D:\other\Bird\Dataset\CC0\Tataupa Tinamou_sound\Tataupa Tinamou5.mp3,Tataupa Tinamou_sound\Tataupa Tinamou5.mp3,Tataupa Tinamou_sound,Tataupa Tinamou,Tataupa Tinamou5.mp3,1614794,True,48000,2,3229332,67.27775,MP3,MPEG_LAYER_III,60d9a641f613821159b63be16fa1cbc621e613c473ea73e9df7005c66df93ce7
D:\other\Bird\Dataset\CC0\Tataupa Tinamou_sound\Tataupa Tinamou6.mp3,Tataupa Tinamou_sound\Tataupa Tinamou6.mp3,Tataupa Tinamou_sound,Tataupa Tinamou,Tataupa Tinamou6.mp3,808320,True,44100,1,882800,20.01814058956916,MP3,MPEG_LAYER_III,c00d2b3c8fb1616d442be21fcfe2634185de0ae0eb434a83e250b9ea8c28c923
D:\other\Bird\Dataset\CC0\Tataupa Tinamou_sound\Tataupa Tinamou7.mp3,Tataupa Tinamou_sound\Tataupa Tinamou7.mp3,Tataupa Tinamou_sound,Tataupa Tinamou,Tataupa Tinamou7.mp3,808320,True,44100,1,882800,20.01814058956916,MP3,MPEG_LAYER_III,c00d2b3c8fb1616d442be21fcfe2634185de0ae0eb434a83e250b9ea8c28c923
D:\other\Bird\Dataset\CC0\Tataupa Tinamou_sound\Tataupa Tinamou8.mp3,Tataupa Tinamou_sound\Tataupa Tinamou8.mp3,Tataupa Tinamou_sound,Tataupa Tinamou,Tataupa Tinamou8.mp3,808320,True,44100,1,882800,20.01814058956916,MP3,MPEG_LAYER_III,c00d2b3c8fb1616d442be21fcfe2634185de0ae0eb434a83e250b9ea8c28c923
D:\other\Bird\Dataset\CC0\Tataupa Tinamou_sound\Tataupa Tinamou9.mp3,Tataupa Tinamou_sound\Tataupa Tinamou9.mp3,Tataupa Tinamou_sound,Tataupa Tinamou,Tataupa Tinamou9.mp3,808320,True,44100,1,882800,20.01814058956916,MP3,MPEG_LAYER_III,c00d2b3c8fb1616d442be21fcfe2634185de0ae0eb434a83e250b9ea8c28c923
D:\other\Bird\Dataset\CC0\Tawny-breasted Tinamou_sound\Tawny-breasted Tinamou10.mp3,Tawny-breasted Tinamou_sound\Tawny-breasted Tinamou10.mp3,Tawny-breasted Tinamou_sound,Tawny-breasted Tinamou,Tawny-breasted Tinamou10.mp3,842914,True,44100,2,1550941,35.168730158730156,MP3,MPEG_LAYER_III,a57769bd6e57a510b5feb695c9a44cc66030402abb20416870527647ac4cdaa8
D:\other\Bird\Dataset\CC0\Tawny-breasted Tinamou_sound\Tawny-breasted Tinamou11.mp3,Tawny-breasted Tinamou_sound\Tawny-breasted Tinamou11.mp3,Tawny-breasted Tinamou_sound,Tawny-breasted Tinamou,Tawny-breasted Tinamou11.mp3,4353732,True,48000,2,5215710,108.660625,MP3,MPEG_LAYER_III,08a7db63cfe191ae39b0609e2578aa4c5b591e9d17ef3a1ae8439a449cf01826
D:\other\Bird\Dataset\CC0\Tawny-breasted Tinamou_sound\Tawny-breasted Tinamou12.mp3,Tawny-breasted Tinamou_sound\Tawny-breasted Tinamou12.mp3,Tawny-breasted Tinamou_sound,Tawny-breasted Tinamou,Tawny-breasted Tinamou12.mp3,4353732,True,48000,2,5215710,108.660625,MP3,MPEG_LAYER_III,08a7db63cfe191ae39b0609e2578aa4c5b591e9d17ef3a1ae8439a449cf01826
D:\other\Bird\Dataset\CC0\Tawny-breasted Tinamou_sound\Tawny-breasted Tinamou13.mp3,Tawny-breasted Tinamou_sound\Tawny-breasted Tinamou13.mp3,Tawny-breasted Tinamou_sound,Tawny-breasted Tinamou,Tawny-breasted Tinamou13.mp3,4353732,True,48000,2,5215710,108.660625,MP3,MPEG_LAYER_III,08a7db63cfe191ae39b0609e2578aa4c5b591e9d17ef3a1ae8439a449cf01826
D:\other\Bird\Dataset\CC0\Tawny-breasted Tinamou_sound\Tawny-breasted Tinamou14.mp3,Tawny-breasted Tinamou_sound\Tawny-breasted Tinamou14.mp3,Tawny-breasted Tinamou_sound,Tawny-breasted Tinamou,Tawny-breasted Tinamou14.mp3,1564658,True,44100,2,4312167,97.78156462585034,MP3,MPEG_LAYER_III,086ee9e667ab6c570eeb041d1c5180e48ba2094335b5f9f51e2e3bbf7fafa45b
D:\other\Bird\Dataset\CC0\Tawny-breasted Tinamou_sound\Tawny-breasted Tinamou15.mp3,Tawny-breasted Tinamou_sound\Tawny-breasted Tinamou15.mp3,Tawny-breasted Tinamou_sound,Tawny-breasted Tinamou,Tawny-breasted Tinamou15.mp3,1564658,True,44100,2,4312167,97.78156462585034,MP3,MPEG_LAYER_III,086ee9e667ab6c570eeb041d1c5180e48ba2094335b5f9f51e2e3bbf7fafa45b
D:\other\Bird\Dataset\CC0\Tawny-breasted Tinamou_sound\Tawny-breasted Tinamou16.mp3,Tawny-breasted Tinamou_sound\Tawny-breasted Tinamou16.mp3,Tawny-breasted Tinamou_sound,Tawny-breasted Tinamou,Tawny-breasted Tinamou16.mp3,651888,True,44100,1,1796590,40.739002267573696,MP3,MPEG_LAYER_III,53dd3f7ae3d71b57868ddbfb19cb9f6eb04bddb71dbc0106f02bb76df0ca9ccd
D:\other\Bird\Dataset\CC0\Tawny-breasted Tinamou_sound\Tawny-breasted Tinamou17.mp3,Tawny-breasted Tinamou_sound\Tawny-breasted Tinamou17.mp3,Tawny-breasted Tinamou_sound,Tawny-breasted Tinamou,Tawny-breasted Tinamou17.mp3,651888,True,44100,1,1796238,40.73102040816327,MP3,MPEG_LAYER_III,cdd08316a6b8cb06c8d7c7e7921e9580da7ffe45a1910136f613a7cc9a3dc368
D:\other\Bird\Dataset\CC0\Tawny-breasted Tinamou_sound\Tawny-breasted Tinamou18.mp3,Tawny-breasted Tinamou_sound\Tawny-breasted Tinamou18.mp3,Tawny-breasted Tinamou_sound,Tawny-breasted Tinamou,Tawny-breasted Tinamou18.mp3,376032,True,44100,1,1036336,23.49968253968254,MP3,MPEG_LAYER_III,364b7c0eb80d0e849c770d5fca7253208cb2aa9d865fcef1ba0afa3fcb22720f
D:\other\Bird\Dataset\CC0\Tawny-breasted Tinamou_sound\Tawny-breasted Tinamou19.mp3,Tawny-breasted Tinamou_sound\Tawny-breasted Tinamou19.mp3,Tawny-breasted Tinamou_sound,Tawny-breasted Tinamou,Tawny-breasted Tinamou19.mp3,1786927,True,44100,1,4924736,111.67201814058957,MP3,MPEG_LAYER_III,4abef9af9c3f94e79a33e8359b0dc9e1718d18ca2821a8765bc8989e3ebe0ae4
D:\other\Bird\Dataset\CC0\Tawny-breasted Tinamou_sound\Tawny-breasted Tinamou2.mp3,Tawny-breasted Tinamou_sound\Tawny-breasted Tinamou2.mp3,Tawny-breasted Tinamou_sound,Tawny-breasted Tinamou,Tawny-breasted Tinamou2.mp3,17558528,True,96000,2,2920960,30.426666666666666,WAV,PCM_24,e117fa1a036f6604afaca5b213f40c6a124c681dc6174e193613bb704862dadf
D:\other\Bird\Dataset\CC0\Tawny-breasted Tinamou_sound\Tawny-breasted Tinamou20.mp3,Tawny-breasted Tinamou_sound\Tawny-breasted Tinamou20.mp3,Tawny-breasted Tinamou_sound,Tawny-breasted Tinamou,Tawny-breasted Tinamou20.mp3,777572,True,44100,1,2142973,48.593492063492064,MP3,MPEG_LAYER_III,ee8a9c881942f78dc8cd8e412414c844634e540c6cc18e4e9559d12ba99b97aa
D:\other\Bird\Dataset\CC0\Tawny-breasted Tinamou_sound\Tawny-breasted Tinamou21.mp3,Tawny-breasted Tinamou_sound\Tawny-breasted Tinamou21.mp3,Tawny-breasted Tinamou_sound,Tawny-breasted Tinamou,Tawny-breasted Tinamou21.mp3,777572,True,44100,1,2142973,48.593492063492064,MP3,MPEG_LAYER_III,ee8a9c881942f78dc8cd8e412414c844634e540c6cc18e4e9559d12ba99b97aa
D:\other\Bird\Dataset\CC0\Tawny-breasted Tinamou_sound\Tawny-breasted Tinamou22.mp3,Tawny-breasted Tinamou_sound\Tawny-breasted Tinamou22.mp3,Tawny-breasted Tinamou_sound,Tawny-breasted Tinamou,Tawny-breasted Tinamou22.mp3,83830,True,44100,1,287061,6.509319727891157,MP3,MPEG_LAYER_III,5469a79972c60422ddfca774be15fec8381d78c9254934a15791746076993d70
D:\other\Bird\Dataset\CC0\Tawny-breasted Tinamou_sound\Tawny-breasted Tinamou23.mp3,Tawny-breasted Tinamou_sound\Tawny-breasted Tinamou23.mp3,Tawny-breasted Tinamou_sound,Tawny-breasted Tinamou,Tawny-breasted Tinamou23.mp3,83830,True,44100,1,287061,6.509319727891157,MP3,MPEG_LAYER_III,5469a79972c60422ddfca774be15fec8381d78c9254934a15791746076993d70
D:\other\Bird\Dataset\CC0\Tawny-breasted Tinamou_sound\Tawny-breasted Tinamou24.mp3,Tawny-breasted Tinamou_sound\Tawny-breasted Tinamou24.mp3,Tawny-breasted Tinamou_sound,Tawny-breasted Tinamou,Tawny-breasted Tinamou24.mp3,374557,True,44100,2,1068396,24.226666666666667,MP3,MPEG_LAYER_III,f57a3eec31f53d0a35a4ce6985c2c8dd0a6bb9fdcc5fa70cf8bc237b34b02b50
D:\other\Bird\Dataset\CC0\Tawny-breasted Tinamou_sound\Tawny-breasted Tinamou25.mp3,Tawny-breasted Tinamou_sound\Tawny-breasted Tinamou25.mp3,Tawny-breasted Tinamou_sound,Tawny-breasted Tinamou,Tawny-breasted Tinamou25.mp3,1255084,True,44100,2,3622668,82.14666666666666,MP3,MPEG_LAYER_III,68dcc35d9512db068434fd45a8a8dfb82429030d2e100b843a56b18bf5280b15
D:\other\Bird\Dataset\CC0\Tawny-breasted Tinamou_sound\Tawny-breasted Tinamou26.mp3,Tawny-breasted Tinamou_sound\Tawny-breasted Tinamou26.mp3,Tawny-breasted Tinamou_sound,Tawny-breasted Tinamou,Tawny-breasted Tinamou26.mp3,447440,True,44100,2,1274196,28.893333333333334,MP3,MPEG_LAYER_III,d722be79041663e0fd7e99003ebbfbc3a278e5bcbd9bae6d7bc4a25adad61adc
D:\other\Bird\Dataset\CC0\Tawny-breasted Tinamou_sound\Tawny-breasted Tinamou27.mp3,Tawny-breasted Tinamou_sound\Tawny-breasted Tinamou27.mp3,Tawny-breasted Tinamou_sound,Tawny-breasted Tinamou,Tawny-breasted Tinamou27.mp3,1691956,True,44100,2,4863348,110.28,MP3,MPEG_LAYER_III,2d785828a9e668e2c6a96382eefb1e6fc94d287ccb59a8077748c07516888006
D:\other\Bird\Dataset\CC0\Tawny-breasted Tinamou_sound\Tawny-breasted Tinamou28.mp3,Tawny-breasted Tinamou_sound\Tawny-breasted Tinamou28.mp3,Tawny-breasted Tinamou_sound,Tawny-breasted Tinamou,Tawny-breasted Tinamou28.mp3,1691956,True,44100,2,4863348,110.28,MP3,MPEG_LAYER_III,2d785828a9e668e2c6a96382eefb1e6fc94d287ccb59a8077748c07516888006
D:\other\Bird\Dataset\CC0\Tawny-breasted Tinamou_sound\Tawny-breasted Tinamou29.mp3,Tawny-breasted Tinamou_sound\Tawny-breasted Tinamou29.mp3,Tawny-breasted Tinamou_sound,Tawny-breasted Tinamou,Tawny-breasted Tinamou29.mp3,1691956,True,44100,2,4863348,110.28,MP3,MPEG_LAYER_III,2d785828a9e668e2c6a96382eefb1e6fc94d287ccb59a8077748c07516888006
D:\other\Bird\Dataset\CC0\Tawny-breasted Tinamou_sound\Tawny-breasted Tinamou3.mp3,Tawny-breasted Tinamou_sound\Tawny-breasted Tinamou3.mp3,Tawny-breasted Tinamou_sound,Tawny-breasted Tinamou,Tawny-breasted Tinamou3.mp3,391599,True,44100,1,1580809,35.846009070294784,MP3,MPEG_LAYER_III,74b2fd8372f50076c4ccc1c2653043446e26cb969ea450237771eceebf8bdc36
D:\other\Bird\Dataset\CC0\Tawny-breasted Tinamou_sound\Tawny-breasted Tinamou30.mp3,Tawny-breasted Tinamou_sound\Tawny-breasted Tinamou30.mp3,Tawny-breasted Tinamou_sound,Tawny-breasted Tinamou,Tawny-breasted Tinamou30.mp3,1691956,True,44100,2,4863348,110.28,MP3,MPEG_LAYER_III,2d785828a9e668e2c6a96382eefb1e6fc94d287ccb59a8077748c07516888006
D:\other\Bird\Dataset\CC0\Tawny-breasted Tinamou_sound\Tawny-breasted Tinamou31.mp3,Tawny-breasted Tinamou_sound\Tawny-breasted Tinamou31.mp3,Tawny-breasted Tinamou_sound,Tawny-breasted Tinamou,Tawny-breasted Tinamou31.mp3,987800,True,48000,2,1176584,24.512166666666666,MP3,MPEG_LAYER_III,b67c54494a776ec6af8e556a5914ba245f8e57c5a859d2e5fd80111a3c94cdd2
D:\other\Bird\Dataset\CC0\Tawny-breasted Tinamou_sound\Tawny-breasted Tinamou4.mp3,Tawny-breasted Tinamou_sound\Tawny-breasted Tinamou4.mp3,Tawny-breasted Tinamou_sound,Tawny-breasted Tinamou,Tawny-breasted Tinamou4.mp3,972318,True,44100,1,3878422,87.94607709750566,MP3,MPEG_LAYER_III,53c1bf632d4ad8ebda25f86a964f1a7fb8a9d335efd4cced72f69475e3073857
D:\other\Bird\Dataset\CC0\Tawny-breasted Tinamou_sound\Tawny-breasted Tinamou5.mp3,Tawny-breasted Tinamou_sound\Tawny-breasted Tinamou5.mp3,Tawny-breasted Tinamou_sound,Tawny-breasted Tinamou,Tawny-breasted Tinamou5.mp3,972318,True,44100,1,3878422,87.94607709750566,MP3,MPEG_LAYER_III,53c1bf632d4ad8ebda25f86a964f1a7fb8a9d335efd4cced72f69475e3073857
D:\other\Bird\Dataset\CC0\Tawny-breasted Tinamou_sound\Tawny-breasted Tinamou6.mp3,Tawny-breasted Tinamou_sound\Tawny-breasted Tinamou6.mp3,Tawny-breasted Tinamou_sound,Tawny-breasted Tinamou,Tawny-breasted Tinamou6.mp3,972318,True,44100,1,3878422,87.94607709750566,MP3,MPEG_LAYER_III,53c1bf632d4ad8ebda25f86a964f1a7fb8a9d335efd4cced72f69475e3073857
D:\other\Bird\Dataset\CC0\Tawny-breasted Tinamou_sound\Tawny-breasted Tinamou7.mp3,Tawny-breasted Tinamou_sound\Tawny-breasted Tinamou7.mp3,Tawny-breasted Tinamou_sound,Tawny-breasted Tinamou,Tawny-breasted Tinamou7.mp3,972318,True,44100,1,3878422,87.94607709750566,MP3,MPEG_LAYER_III,53c1bf632d4ad8ebda25f86a964f1a7fb8a9d335efd4cced72f69475e3073857
D:\other\Bird\Dataset\CC0\Tawny-breasted Tinamou_sound\Tawny-breasted Tinamou8.mp3,Tawny-breasted Tinamou_sound\Tawny-breasted Tinamou8.mp3,Tawny-breasted Tinamou_sound,Tawny-breasted Tinamou,Tawny-breasted Tinamou8.mp3,972318,True,44100,1,3878422,87.94607709750566,MP3,MPEG_LAYER_III,53c1bf632d4ad8ebda25f86a964f1a7fb8a9d335efd4cced72f69475e3073857
D:\other\Bird\Dataset\CC0\Tawny-breasted Tinamou_sound\Tawny-breasted Tinamou9.mp3,Tawny-breasted Tinamou_sound\Tawny-breasted Tinamou9.mp3,Tawny-breasted Tinamou_sound,Tawny-breasted Tinamou,Tawny-breasted Tinamou9.mp3,972318,True,44100,1,3878422,87.94607709750566,MP3,MPEG_LAYER_III,53c1bf632d4ad8ebda25f86a964f1a7fb8a9d335efd4cced72f69475e3073857
D:\other\Bird\Dataset\CC0\Tepui Tinamou_sound\Tepui Tinamou2.mp3,Tepui Tinamou_sound\Tepui Tinamou2.mp3,Tepui Tinamou_sound,Tepui Tinamou,Tepui Tinamou2.mp3,2188965,True,44100,1,6032745,136.7969387755102,MP3,MPEG_LAYER_III,af3b9ee4a3f696dbebfed08debe33bd8dcc11d07f2cef1fad993cfe4694d5fee
D:\other\Bird\Dataset\CC0\Tepui Tinamou_sound\Tepui Tinamou3.mp3,Tepui Tinamou_sound\Tepui Tinamou3.mp3,Tepui Tinamou_sound,Tepui Tinamou,Tepui Tinamou3.mp3,2188965,True,44100,1,6032745,136.7969387755102,MP3,MPEG_LAYER_III,af3b9ee4a3f696dbebfed08debe33bd8dcc11d07f2cef1fad993cfe4694d5fee
D:\other\Bird\Dataset\CC0\Thicket Tinamou_sound\Thicket Tinamou10.mp3,Thicket Tinamou_sound\Thicket Tinamou10.mp3,Thicket Tinamou_sound,Thicket Tinamou,Thicket Tinamou10.mp3,239000,True,44100,1,857431,19.442879818594104,MP3,MPEG_LAYER_III,619449e479aabc85a49adb1aec8d5793af0bc94e8ce33ccb95b39809804c16ee
D:\other\Bird\Dataset\CC0\Thicket Tinamou_sound\Thicket Tinamou11.mp3,Thicket Tinamou_sound\Thicket Tinamou11.mp3,Thicket Tinamou_sound,Thicket Tinamou,Thicket Tinamou11.mp3,239000,True,44100,1,857431,19.442879818594104,MP3,MPEG_LAYER_III,619449e479aabc85a49adb1aec8d5793af0bc94e8ce33ccb95b39809804c16ee
D:\other\Bird\Dataset\CC0\Thicket Tinamou_sound\Thicket Tinamou12.mp3,Thicket Tinamou_sound\Thicket Tinamou12.mp3,Thicket Tinamou_sound,Thicket Tinamou,Thicket Tinamou12.mp3,171256,True,44100,1,943956,21.404897959183675,MP3,MPEG_LAYER_III,9e7e73ea951271f5c719c4d264492156748b9eb4d55ab80a9f72b73765f1b7a7
D:\other\Bird\Dataset\CC0\Thicket Tinamou_sound\Thicket Tinamou13.mp3,Thicket Tinamou_sound\Thicket Tinamou13.mp3,Thicket Tinamou_sound,Thicket Tinamou,Thicket Tinamou13.mp3,798482,True,44100,2,1454772,32.988027210884354,MP3,MPEG_LAYER_III,f1105abc3aaaed3a2ee1e30cf37b8bbe29745f760885dc685e4c8b8838915cd6
D:\other\Bird\Dataset\CC0\Thicket Tinamou_sound\Thicket Tinamou14.mp3,Thicket Tinamou_sound\Thicket Tinamou14.mp3,Thicket Tinamou_sound,Thicket Tinamou,Thicket Tinamou14.mp3,798482,True,44100,2,1454772,32.988027210884354,MP3,MPEG_LAYER_III,f1105abc3aaaed3a2ee1e30cf37b8bbe29745f760885dc685e4c8b8838915cd6
D:\other\Bird\Dataset\CC0\Thicket Tinamou_sound\Thicket Tinamou15.mp3,Thicket Tinamou_sound\Thicket Tinamou15.mp3,Thicket Tinamou_sound,Thicket Tinamou,Thicket Tinamou15.mp3,798482,True,44100,2,1454772,32.988027210884354,MP3,MPEG_LAYER_III,f1105abc3aaaed3a2ee1e30cf37b8bbe29745f760885dc685e4c8b8838915cd6
D:\other\Bird\Dataset\CC0\Thicket Tinamou_sound\Thicket Tinamou16.mp3,Thicket Tinamou_sound\Thicket Tinamou16.mp3,Thicket Tinamou_sound,Thicket Tinamou,Thicket Tinamou16.mp3,2812395,True,44100,1,3093032,70.13678004535147,MP3,MPEG_LAYER_III,c7084a0f8c3439cc28bd708138a804965f9e38a03c71723e38dcb08889bf114a
D:\other\Bird\Dataset\CC0\Thicket Tinamou_sound\Thicket Tinamou17.mp3,Thicket Tinamou_sound\Thicket Tinamou17.mp3,Thicket Tinamou_sound,Thicket Tinamou,Thicket Tinamou17.mp3,178207,True,44100,1,187866,4.26,MP3,MPEG_LAYER_III,97725da70962913fb292e9b82fee154d65ce4c58a51ba0f7adafcf7966551cdc
D:\other\Bird\Dataset\CC0\Thicket Tinamou_sound\Thicket Tinamou18.mp3,Thicket Tinamou_sound\Thicket Tinamou18.mp3,Thicket Tinamou_sound,Thicket Tinamou,Thicket Tinamou18.mp3,1629744,True,48000,1,3246595,67.63739583333333,MP3,MPEG_LAYER_III,c447b413cd88d64c90f70d05e68ed8409412725f4a11cd6bf3d1a3f008e37c37
D:\other\Bird\Dataset\CC0\Thicket Tinamou_sound\Thicket Tinamou19.mp3,Thicket Tinamou_sound\Thicket Tinamou19.mp3,Thicket Tinamou_sound,Thicket Tinamou,Thicket Tinamou19.mp3,1744904,True,44100,1,4808569,109.03784580498866,MP3,MPEG_LAYER_III,15166931b3409555516235b50d0ad5ad08dd1c4a2e220498397bc4b53ee71328
D:\other\Bird\Dataset\CC0\Thicket Tinamou_sound\Thicket Tinamou2.mp3,Thicket Tinamou_sound\Thicket Tinamou2.mp3,Thicket Tinamou_sound,Thicket Tinamou,Thicket Tinamou2.mp3,111727,True,44100,1,390413,8.852902494331065,MP3,MPEG_LAYER_III,ecd62a586ac8aa4b38a7db0fe060a7f59d6558054d7a42eaab913b4cd4e1c1d9
D:\other\Bird\Dataset\CC0\Thicket Tinamou_sound\Thicket Tinamou20.mp3,Thicket Tinamou_sound\Thicket Tinamou20.mp3,Thicket Tinamou_sound,Thicket Tinamou,Thicket Tinamou20.mp3,1744904,True,44100,1,4808569,109.03784580498866,MP3,MPEG_LAYER_III,15166931b3409555516235b50d0ad5ad08dd1c4a2e220498397bc4b53ee71328
D:\other\Bird\Dataset\CC0\Thicket Tinamou_sound\Thicket Tinamou21.mp3,Thicket Tinamou_sound\Thicket Tinamou21.mp3,Thicket Tinamou_sound,Thicket Tinamou,Thicket Tinamou21.mp3,1744904,True,44100,1,4808569,109.03784580498866,MP3,MPEG_LAYER_III,15166931b3409555516235b50d0ad5ad08dd1c4a2e220498397bc4b53ee71328
D:\other\Bird\Dataset\CC0\Thicket Tinamou_sound\Thicket Tinamou22.mp3,Thicket Tinamou_sound\Thicket Tinamou22.mp3,Thicket Tinamou_sound,Thicket Tinamou,Thicket Tinamou22.mp3,732375,True,48000,2,878850,18.309375,MP3,MPEG_LAYER_III,51e3587130c366eedc1223b442dded004b824a624b979763fbb4f87f4ae92b0d
D:\other\Bird\Dataset\CC0\Thicket Tinamou_sound\Thicket Tinamou23.mp3,Thicket Tinamou_sound\Thicket Tinamou23.mp3,Thicket Tinamou_sound,Thicket Tinamou,Thicket Tinamou23.mp3,1084470,True,44100,2,1992519,45.181836734693874,MP3,MPEG_LAYER_III,a70cd5edf06d3b0fe206acc563eaf70871f4adf303c66ff94bec6bf673f1d6e0
D:\other\Bird\Dataset\CC0\Thicket Tinamou_sound\Thicket Tinamou24.mp3,Thicket Tinamou_sound\Thicket Tinamou24.mp3,Thicket Tinamou_sound,Thicket Tinamou,Thicket Tinamou24.mp3,197608,True,44100,1,705109,15.988866213151928,MP3,MPEG_LAYER_III,6cda91941ada6279da9f7e93bca5d902d8e7870859cbc230bd66dbdaaab6b28c
D:\other\Bird\Dataset\CC0\Thicket Tinamou_sound\Thicket Tinamou25.mp3,Thicket Tinamou_sound\Thicket Tinamou25.mp3,Thicket Tinamou_sound,Thicket Tinamou,Thicket Tinamou25.mp3,86631,True,44100,1,291712,6.614784580498866,MP3,MPEG_LAYER_III,dd2d181209d557ddec7559848c84b0c7a2e01117c57edb971ee09e24cc21f10c
D:\other\Bird\Dataset\CC0\Thicket Tinamou_sound\Thicket Tinamou26.mp3,Thicket Tinamou_sound\Thicket Tinamou26.mp3,Thicket Tinamou_sound,Thicket Tinamou,Thicket Tinamou26.mp3,86631,True,44100,1,291712,6.614784580498866,MP3,MPEG_LAYER_III,dd2d181209d557ddec7559848c84b0c7a2e01117c57edb971ee09e24cc21f10c
D:\other\Bird\Dataset\CC0\Thicket Tinamou_sound\Thicket Tinamou27.mp3,Thicket Tinamou_sound\Thicket Tinamou27.mp3,Thicket Tinamou_sound,Thicket Tinamou,Thicket Tinamou27.mp3,1244246,True,48000,2,1492941,31.1029375,MP3,MPEG_LAYER_III,1403c70fef3713a40ac9429683dec229ca83685132477abe68b5de25511edde9
D:\other\Bird\Dataset\CC0\Thicket Tinamou_sound\Thicket Tinamou28.mp3,Thicket Tinamou_sound\Thicket Tinamou28.mp3,Thicket Tinamou_sound,Thicket Tinamou,Thicket Tinamou28.mp3,1244246,True,48000,2,1492941,31.1029375,MP3,MPEG_LAYER_III,1403c70fef3713a40ac9429683dec229ca83685132477abe68b5de25511edde9
D:\other\Bird\Dataset\CC0\Thicket Tinamou_sound\Thicket Tinamou29.mp3,Thicket Tinamou_sound\Thicket Tinamou29.mp3,Thicket Tinamou_sound,Thicket Tinamou,Thicket Tinamou29.mp3,1244246,True,48000,2,1492941,31.1029375,MP3,MPEG_LAYER_III,1403c70fef3713a40ac9429683dec229ca83685132477abe68b5de25511edde9
D:\other\Bird\Dataset\CC0\Thicket Tinamou_sound\Thicket Tinamou3.mp3,Thicket Tinamou_sound\Thicket Tinamou3.mp3,Thicket Tinamou_sound,Thicket Tinamou,Thicket Tinamou3.mp3,669209,True,44100,2,740087,16.782018140589567,MP3,MPEG_LAYER_III,745248efac329e2b67bbd6943a841f501ec8ffd58214a2aad3c331d6251804ed
D:\other\Bird\Dataset\CC0\Thicket Tinamou_sound\Thicket Tinamou30.mp3,Thicket Tinamou_sound\Thicket Tinamou30.mp3,Thicket Tinamou_sound,Thicket Tinamou,Thicket Tinamou30.mp3,1244246,True,48000,2,1492941,31.1029375,MP3,MPEG_LAYER_III,1403c70fef3713a40ac9429683dec229ca83685132477abe68b5de25511edde9
D:\other\Bird\Dataset\CC0\Thicket Tinamou_sound\Thicket Tinamou31.mp3,Thicket Tinamou_sound\Thicket Tinamou31.mp3,Thicket Tinamou_sound,Thicket Tinamou,Thicket Tinamou31.mp3,1244246,True,48000,2,1492941,31.1029375,MP3,MPEG_LAYER_III,1403c70fef3713a40ac9429683dec229ca83685132477abe68b5de25511edde9
D:\other\Bird\Dataset\CC0\Thicket Tinamou_sound\Thicket Tinamou4.mp3,Thicket Tinamou_sound\Thicket Tinamou4.mp3,Thicket Tinamou_sound,Thicket Tinamou,Thicket Tinamou4.mp3,7893327,True,44100,1,17390993,394.3535827664399,MP3,MPEG_LAYER_III,dbb84c3aea6377dd3f611746bba07660ace465f896bbe7850b7e94eff912b5dd
D:\other\Bird\Dataset\CC0\Thicket Tinamou_sound\Thicket Tinamou5.mp3,Thicket Tinamou_sound\Thicket Tinamou5.mp3,Thicket Tinamou_sound,Thicket Tinamou,Thicket Tinamou5.mp3,7893327,True,44100,1,17390993,394.3535827664399,MP3,MPEG_LAYER_III,dbb84c3aea6377dd3f611746bba07660ace465f896bbe7850b7e94eff912b5dd
D:\other\Bird\Dataset\CC0\Thicket Tinamou_sound\Thicket Tinamou6.mp3,Thicket Tinamou_sound\Thicket Tinamou6.mp3,Thicket Tinamou_sound,Thicket Tinamou,Thicket Tinamou6.mp3,7893327,True,44100,1,17390993,394.3535827664399,MP3,MPEG_LAYER_III,dbb84c3aea6377dd3f611746bba07660ace465f896bbe7850b7e94eff912b5dd
D:\other\Bird\Dataset\CC0\Thicket Tinamou_sound\Thicket Tinamou7.mp3,Thicket Tinamou_sound\Thicket Tinamou7.mp3,Thicket Tinamou_sound,Thicket Tinamou,Thicket Tinamou7.mp3,7893327,True,44100,1,17390993,394.3535827664399,MP3,MPEG_LAYER_III,dbb84c3aea6377dd3f611746bba07660ace465f896bbe7850b7e94eff912b5dd
D:\other\Bird\Dataset\CC0\Thicket Tinamou_sound\Thicket Tinamou8.mp3,Thicket Tinamou_sound\Thicket Tinamou8.mp3,Thicket Tinamou_sound,Thicket Tinamou,Thicket Tinamou8.mp3,7893327,True,44100,1,17390993,394.3535827664399,MP3,MPEG_LAYER_III,dbb84c3aea6377dd3f611746bba07660ace465f896bbe7850b7e94eff912b5dd
D:\other\Bird\Dataset\CC0\Thicket Tinamou_sound\Thicket Tinamou9.mp3,Thicket Tinamou_sound\Thicket Tinamou9.mp3,Thicket Tinamou_sound,Thicket Tinamou,Thicket Tinamou9.mp3,7893327,True,44100,1,17390993,394.3535827664399,MP3,MPEG_LAYER_III,dbb84c3aea6377dd3f611746bba07660ace465f896bbe7850b7e94eff912b5dd
D:\other\Bird\Dataset\CC0\Tongan Megapode_sound\Tongan Megapode10.mp3,Tongan Megapode_sound\Tongan Megapode10.mp3,Tongan Megapode_sound,Tongan Megapode,Tongan Megapode10.mp3,135080,True,44100,1,373170,8.461904761904762,MP3,MPEG_LAYER_III,9aca874c6bfd29d8082456d6673e97e54f6d0cef655e80b6f19274cf0dae3ad3
D:\other\Bird\Dataset\CC0\Tongan Megapode_sound\Tongan Megapode11.mp3,Tongan Megapode_sound\Tongan Megapode11.mp3,Tongan Megapode_sound,Tongan Megapode,Tongan Megapode11.mp3,130064,True,44100,1,359313,8.147687074829932,MP3,MPEG_LAYER_III,964aa79547d921b6fd30cb3c2082827a85a911aa6a1e38b13cf01db945add183
D:\other\Bird\Dataset\CC0\Tongan Megapode_sound\Tongan Megapode12.mp3,Tongan Megapode_sound\Tongan Megapode12.mp3,Tongan Megapode_sound,Tongan Megapode,Tongan Megapode12.mp3,130064,True,44100,1,359313,8.147687074829932,MP3,MPEG_LAYER_III,964aa79547d921b6fd30cb3c2082827a85a911aa6a1e38b13cf01db945add183
D:\other\Bird\Dataset\CC0\Tongan Megapode_sound\Tongan Megapode13.mp3,Tongan Megapode_sound\Tongan Megapode13.mp3,Tongan Megapode_sound,Tongan Megapode,Tongan Megapode13.mp3,130064,True,44100,1,359313,8.147687074829932,MP3,MPEG_LAYER_III,964aa79547d921b6fd30cb3c2082827a85a911aa6a1e38b13cf01db945add183
D:\other\Bird\Dataset\CC0\Tongan Megapode_sound\Tongan Megapode14.mp3,Tongan Megapode_sound\Tongan Megapode14.mp3,Tongan Megapode_sound,Tongan Megapode,Tongan Megapode14.mp3,130064,True,44100,1,359313,8.147687074829932,MP3,MPEG_LAYER_III,964aa79547d921b6fd30cb3c2082827a85a911aa6a1e38b13cf01db945add183
D:\other\Bird\Dataset\CC0\Tongan Megapode_sound\Tongan Megapode15.mp3,Tongan Megapode_sound\Tongan Megapode15.mp3,Tongan Megapode_sound,Tongan Megapode,Tongan Megapode15.mp3,146783,True,44100,1,405501,9.195034013605442,MP3,MPEG_LAYER_III,4dfc01d59651e5ab4bcc0a58f9a709f4ea2430bc5bd592dfe18a3b7ee0c95c48
D:\other\Bird\Dataset\CC0\Tongan Megapode_sound\Tongan Megapode2.mp3,Tongan Megapode_sound\Tongan Megapode2.mp3,Tongan Megapode_sound,Tongan Megapode,Tongan Megapode2.mp3,488529,True,48000,2,586234,12.213208333333334,MP3,MPEG_LAYER_III,dbb2038ccc59403ea79b750f1ca419a998db75f06d341805d386adae76a57f44
D:\other\Bird\Dataset\CC0\Tongan Megapode_sound\Tongan Megapode3.mp3,Tongan Megapode_sound\Tongan Megapode3.mp3,Tongan Megapode_sound,Tongan Megapode,Tongan Megapode3.mp3,488529,True,48000,2,586234,12.213208333333334,MP3,MPEG_LAYER_III,dbb2038ccc59403ea79b750f1ca419a998db75f06d341805d386adae76a57f44
D:\other\Bird\Dataset\CC0\Tongan Megapode_sound\Tongan Megapode4.mp3,Tongan Megapode_sound\Tongan Megapode4.mp3,Tongan Megapode_sound,Tongan Megapode,Tongan Megapode4.mp3,98717,True,44100,1,272714,6.183990929705216,MP3,MPEG_LAYER_III,4d197e4b4962073cf3b92d92d0f61e2a5352eca90c98a1feea87b1e1f8a8587a
D:\other\Bird\Dataset\CC0\Tongan Megapode_sound\Tongan Megapode5.mp3,Tongan Megapode_sound\Tongan Megapode5.mp3,Tongan Megapode_sound,Tongan Megapode,Tongan Megapode5.mp3,166009,True,44100,1,458614,10.399410430839001,MP3,MPEG_LAYER_III,ae18575f4192bb5b944b831f6d3e73c66a8efe707d4db65669ae2c6045319860
D:\other\Bird\Dataset\CC0\Tongan Megapode_sound\Tongan Megapode6.mp3,Tongan Megapode_sound\Tongan Megapode6.mp3,Tongan Megapode_sound,Tongan Megapode,Tongan Megapode6.mp3,185653,True,44100,1,512883,11.63,MP3,MPEG_LAYER_III,6539d087699e79a2a89ab1bbb78dda46cb024b946b15642754040de682129635
D:\other\Bird\Dataset\CC0\Tongan Megapode_sound\Tongan Megapode7.mp3,Tongan Megapode_sound\Tongan Megapode7.mp3,Tongan Megapode_sound,Tongan Megapode,Tongan Megapode7.mp3,180637,True,44100,1,499025,11.315759637188208,MP3,MPEG_LAYER_III,c78300829bb6ff79f6d2ae257ca730f445f4e43c75ae6a613f85442eb3e3ce99
D:\other\Bird\Dataset\CC0\Tongan Megapode_sound\Tongan Megapode8.mp3,Tongan Megapode_sound\Tongan Megapode8.mp3,Tongan Megapode_sound,Tongan Megapode,Tongan Megapode8.mp3,131318,True,44100,1,362777,8.226235827664398,MP3,MPEG_LAYER_III,5b998399df3bacf7a9b9360f3f0416fc9ae7654b7ddd8dc9e0d05b403b20bddd
D:\other\Bird\Dataset\CC0\Tongan Megapode_sound\Tongan Megapode9.mp3,Tongan Megapode_sound\Tongan Megapode9.mp3,Tongan Megapode_sound,Tongan Megapode,Tongan Megapode9.mp3,122925,True,44100,1,339591,7.7004761904761905,MP3,MPEG_LAYER_III,44953b7368b96799c3f4871caa1d60ec374edae6b425e4067da7c5f67c98975f
D:\other\Bird\Dataset\CC0\Trinidad Piping Guan_sound\Trinidad Piping Guan2.mp3,Trinidad Piping Guan_sound\Trinidad Piping Guan2.mp3,Trinidad Piping Guan_sound,Trinidad Piping Guan,Trinidad Piping Guan2.mp3,877473,True,44100,2,2423744,54.96018140589569,MP3,MPEG_LAYER_III,468e7d8a7f4d059ec4cafcb5bfed434e6677289e022c4bf105b364b82a53e981
D:\other\Bird\Dataset\CC0\Undulated Tinamou_sound\Undulated Tinamou10.mp3,Undulated Tinamou_sound\Undulated Tinamou10.mp3,Undulated Tinamou_sound,Undulated Tinamou,Undulated Tinamou10.mp3,340394,True,44100,2,919226,20.844126984126984,MP3,MPEG_LAYER_III,af8d4f19ed6a25670591b96f6e18eb7f742d401652e0536844d0c785ce6ab334
D:\other\Bird\Dataset\CC0\Undulated Tinamou_sound\Undulated Tinamou11.mp3,Undulated Tinamou_sound\Undulated Tinamou11.mp3,Undulated Tinamou_sound,Undulated Tinamou,Undulated Tinamou11.mp3,340394,True,44100,2,919226,20.844126984126984,MP3,MPEG_LAYER_III,af8d4f19ed6a25670591b96f6e18eb7f742d401652e0536844d0c785ce6ab334
D:\other\Bird\Dataset\CC0\Undulated Tinamou_sound\Undulated Tinamou12.mp3,Undulated Tinamou_sound\Undulated Tinamou12.mp3,Undulated Tinamou_sound,Undulated Tinamou,Undulated Tinamou12.mp3,340394,True,44100,2,919226,20.844126984126984,MP3,MPEG_LAYER_III,af8d4f19ed6a25670591b96f6e18eb7f742d401652e0536844d0c785ce6ab334
D:\other\Bird\Dataset\CC0\Undulated Tinamou_sound\Undulated Tinamou13.mp3,Undulated Tinamou_sound\Undulated Tinamou13.mp3,Undulated Tinamou_sound,Undulated Tinamou,Undulated Tinamou13.mp3,340394,True,44100,2,919226,20.844126984126984,MP3,MPEG_LAYER_III,af8d4f19ed6a25670591b96f6e18eb7f742d401652e0536844d0c785ce6ab334
D:\other\Bird\Dataset\CC0\Undulated Tinamou_sound\Undulated Tinamou14.mp3,Undulated Tinamou_sound\Undulated Tinamou14.mp3,Undulated Tinamou_sound,Undulated Tinamou,Undulated Tinamou14.mp3,340394,True,44100,2,919226,20.844126984126984,MP3,MPEG_LAYER_III,af8d4f19ed6a25670591b96f6e18eb7f742d401652e0536844d0c785ce6ab334
D:\other\Bird\Dataset\CC0\Undulated Tinamou_sound\Undulated Tinamou15.mp3,Undulated Tinamou_sound\Undulated Tinamou15.mp3,Undulated Tinamou_sound,Undulated Tinamou,Undulated Tinamou15.mp3,340394,True,44100,2,919226,20.844126984126984,MP3,MPEG_LAYER_III,af8d4f19ed6a25670591b96f6e18eb7f742d401652e0536844d0c785ce6ab334
D:\other\Bird\Dataset\CC0\Undulated Tinamou_sound\Undulated Tinamou16.mp3,Undulated Tinamou_sound\Undulated Tinamou16.mp3,Undulated Tinamou_sound,Undulated Tinamou,Undulated Tinamou16.mp3,814076,True,44100,1,4990394,113.16086167800454,MP3,MPEG_LAYER_III,dfc384a630ac7d0da458ae8278578a2edd5e31e0377f8e3965b5b1c3d1197a7e
D:\other\Bird\Dataset\CC0\Undulated Tinamou_sound\Undulated Tinamou17.mp3,Undulated Tinamou_sound\Undulated Tinamou17.mp3,Undulated Tinamou_sound,Undulated Tinamou,Undulated Tinamou17.mp3,814076,True,44100,1,4990394,113.16086167800454,MP3,MPEG_LAYER_III,dfc384a630ac7d0da458ae8278578a2edd5e31e0377f8e3965b5b1c3d1197a7e
D:\other\Bird\Dataset\CC0\Undulated Tinamou_sound\Undulated Tinamou18.mp3,Undulated Tinamou_sound\Undulated Tinamou18.mp3,Undulated Tinamou_sound,Undulated Tinamou,Undulated Tinamou18.mp3,814076,True,44100,1,4990394,113.16086167800454,MP3,MPEG_LAYER_III,dfc384a630ac7d0da458ae8278578a2edd5e31e0377f8e3965b5b1c3d1197a7e
D:\other\Bird\Dataset\CC0\Undulated Tinamou_sound\Undulated Tinamou19.mp3,Undulated Tinamou_sound\Undulated Tinamou19.mp3,Undulated Tinamou_sound,Undulated Tinamou,Undulated Tinamou19.mp3,814076,True,44100,1,4990394,113.16086167800454,MP3,MPEG_LAYER_III,dfc384a630ac7d0da458ae8278578a2edd5e31e0377f8e3965b5b1c3d1197a7e
D:\other\Bird\Dataset\CC0\Undulated Tinamou_sound\Undulated Tinamou2.mp3,Undulated Tinamou_sound\Undulated Tinamou2.mp3,Undulated Tinamou_sound,Undulated Tinamou,Undulated Tinamou2.mp3,3040011,True,44100,1,8378212,189.9821315192744,MP3,MPEG_LAYER_III,19d99998f25981db7b966bd96aeb632eb3d4d2e0bcfa2c0d1204eb87cca51a8c
D:\other\Bird\Dataset\CC0\Undulated Tinamou_sound\Undulated Tinamou20.mp3,Undulated Tinamou_sound\Undulated Tinamou20.mp3,Undulated Tinamou_sound,Undulated Tinamou,Undulated Tinamou20.mp3,814076,True,44100,1,4990394,113.16086167800454,MP3,MPEG_LAYER_III,dfc384a630ac7d0da458ae8278578a2edd5e31e0377f8e3965b5b1c3d1197a7e
D:\other\Bird\Dataset\CC0\Undulated Tinamou_sound\Undulated Tinamou21.mp3,Undulated Tinamou_sound\Undulated Tinamou21.mp3,Undulated Tinamou_sound,Undulated Tinamou,Undulated Tinamou21.mp3,814076,True,44100,1,4990394,113.16086167800454,MP3,MPEG_LAYER_III,dfc384a630ac7d0da458ae8278578a2edd5e31e0377f8e3965b5b1c3d1197a7e
D:\other\Bird\Dataset\CC0\Undulated Tinamou_sound\Undulated Tinamou22.mp3,Undulated Tinamou_sound\Undulated Tinamou22.mp3,Undulated Tinamou_sound,Undulated Tinamou,Undulated Tinamou22.mp3,814076,True,44100,1,4990394,113.16086167800454,MP3,MPEG_LAYER_III,dfc384a630ac7d0da458ae8278578a2edd5e31e0377f8e3965b5b1c3d1197a7e
D:\other\Bird\Dataset\CC0\Undulated Tinamou_sound\Undulated Tinamou23.mp3,Undulated Tinamou_sound\Undulated Tinamou23.mp3,Undulated Tinamou_sound,Undulated Tinamou,Undulated Tinamou23.mp3,814076,True,44100,1,4990394,113.16086167800454,MP3,MPEG_LAYER_III,dfc384a630ac7d0da458ae8278578a2edd5e31e0377f8e3965b5b1c3d1197a7e
D:\other\Bird\Dataset\CC0\Undulated Tinamou_sound\Undulated Tinamou24.mp3,Undulated Tinamou_sound\Undulated Tinamou24.mp3,Undulated Tinamou_sound,Undulated Tinamou,Undulated Tinamou24.mp3,814076,True,44100,1,4990394,113.16086167800454,MP3,MPEG_LAYER_III,dfc384a630ac7d0da458ae8278578a2edd5e31e0377f8e3965b5b1c3d1197a7e
D:\other\Bird\Dataset\CC0\Undulated Tinamou_sound\Undulated Tinamou25.mp3,Undulated Tinamou_sound\Undulated Tinamou25.mp3,Undulated Tinamou_sound,Undulated Tinamou,Undulated Tinamou25.mp3,814076,True,44100,1,4990394,113.16086167800454,MP3,MPEG_LAYER_III,dfc384a630ac7d0da458ae8278578a2edd5e31e0377f8e3965b5b1c3d1197a7e
D:\other\Bird\Dataset\CC0\Undulated Tinamou_sound\Undulated Tinamou26.mp3,Undulated Tinamou_sound\Undulated Tinamou26.mp3,Undulated Tinamou_sound,Undulated Tinamou,Undulated Tinamou26.mp3,814076,True,44100,1,4990394,113.16086167800454,MP3,MPEG_LAYER_III,dfc384a630ac7d0da458ae8278578a2edd5e31e0377f8e3965b5b1c3d1197a7e
D:\other\Bird\Dataset\CC0\Undulated Tinamou_sound\Undulated Tinamou27.mp3,Undulated Tinamou_sound\Undulated Tinamou27.mp3,Undulated Tinamou_sound,Undulated Tinamou,Undulated Tinamou27.mp3,814076,True,44100,1,4990394,113.16086167800454,MP3,MPEG_LAYER_III,dfc384a630ac7d0da458ae8278578a2edd5e31e0377f8e3965b5b1c3d1197a7e
D:\other\Bird\Dataset\CC0\Undulated Tinamou_sound\Undulated Tinamou28.mp3,Undulated Tinamou_sound\Undulated Tinamou28.mp3,Undulated Tinamou_sound,Undulated Tinamou,Undulated Tinamou28.mp3,814076,True,44100,1,4990394,113.16086167800454,MP3,MPEG_LAYER_III,dfc384a630ac7d0da458ae8278578a2edd5e31e0377f8e3965b5b1c3d1197a7e
D:\other\Bird\Dataset\CC0\Undulated Tinamou_sound\Undulated Tinamou29.mp3,Undulated Tinamou_sound\Undulated Tinamou29.mp3,Undulated Tinamou_sound,Undulated Tinamou,Undulated Tinamou29.mp3,712898,True,22050,1,2243875,101.76303854875283,MP3,MPEG_LAYER_III,2be3594d813824f6b116bb06119d61097aa85d1761de64590ba2ed030244bded
D:\other\Bird\Dataset\CC0\Undulated Tinamou_sound\Undulated Tinamou3.mp3,Undulated Tinamou_sound\Undulated Tinamou3.mp3,Undulated Tinamou_sound,Undulated Tinamou,Undulated Tinamou3.mp3,3040011,True,44100,1,8378212,189.9821315192744,MP3,MPEG_LAYER_III,19d99998f25981db7b966bd96aeb632eb3d4d2e0bcfa2c0d1204eb87cca51a8c
D:\other\Bird\Dataset\CC0\Undulated Tinamou_sound\Undulated Tinamou30.mp3,Undulated Tinamou_sound\Undulated Tinamou30.mp3,Undulated Tinamou_sound,Undulated Tinamou,Undulated Tinamou30.mp3,712898,True,22050,1,2243875,101.76303854875283,MP3,MPEG_LAYER_III,2be3594d813824f6b116bb06119d61097aa85d1761de64590ba2ed030244bded
D:\other\Bird\Dataset\CC0\Undulated Tinamou_sound\Undulated Tinamou31.mp3,Undulated Tinamou_sound\Undulated Tinamou31.mp3,Undulated Tinamou_sound,Undulated Tinamou,Undulated Tinamou31.mp3,712898,True,22050,1,2243875,101.76303854875283,MP3,MPEG_LAYER_III,2be3594d813824f6b116bb06119d61097aa85d1761de64590ba2ed030244bded
D:\other\Bird\Dataset\CC0\Undulated Tinamou_sound\Undulated Tinamou4.mp3,Undulated Tinamou_sound\Undulated Tinamou4.mp3,Undulated Tinamou_sound,Undulated Tinamou,Undulated Tinamou4.mp3,3040011,True,44100,1,8378212,189.9821315192744,MP3,MPEG_LAYER_III,19d99998f25981db7b966bd96aeb632eb3d4d2e0bcfa2c0d1204eb87cca51a8c
D:\other\Bird\Dataset\CC0\Undulated Tinamou_sound\Undulated Tinamou5.mp3,Undulated Tinamou_sound\Undulated Tinamou5.mp3,Undulated Tinamou_sound,Undulated Tinamou,Undulated Tinamou5.mp3,3040011,True,44100,1,8378212,189.9821315192744,MP3,MPEG_LAYER_III,19d99998f25981db7b966bd96aeb632eb3d4d2e0bcfa2c0d1204eb87cca51a8c
D:\other\Bird\Dataset\CC0\Undulated Tinamou_sound\Undulated Tinamou6.mp3,Undulated Tinamou_sound\Undulated Tinamou6.mp3,Undulated Tinamou_sound,Undulated Tinamou,Undulated Tinamou6.mp3,3040011,True,44100,1,8378212,189.9821315192744,MP3,MPEG_LAYER_III,19d99998f25981db7b966bd96aeb632eb3d4d2e0bcfa2c0d1204eb87cca51a8c
D:\other\Bird\Dataset\CC0\Undulated Tinamou_sound\Undulated Tinamou7.mp3,Undulated Tinamou_sound\Undulated Tinamou7.mp3,Undulated Tinamou_sound,Undulated Tinamou,Undulated Tinamou7.mp3,3040011,True,44100,1,8378212,189.9821315192744,MP3,MPEG_LAYER_III,19d99998f25981db7b966bd96aeb632eb3d4d2e0bcfa2c0d1204eb87cca51a8c
D:\other\Bird\Dataset\CC0\Undulated Tinamou_sound\Undulated Tinamou8.mp3,Undulated Tinamou_sound\Undulated Tinamou8.mp3,Undulated Tinamou_sound,Undulated Tinamou,Undulated Tinamou8.mp3,3040011,True,44100,1,8378212,189.9821315192744,MP3,MPEG_LAYER_III,19d99998f25981db7b966bd96aeb632eb3d4d2e0bcfa2c0d1204eb87cca51a8c
D:\other\Bird\Dataset\CC0\Undulated Tinamou_sound\Undulated Tinamou9.mp3,Undulated Tinamou_sound\Undulated Tinamou9.mp3,Undulated Tinamou_sound,Undulated Tinamou,Undulated Tinamou9.mp3,340394,True,44100,2,919226,20.844126984126984,MP3,MPEG_LAYER_III,af8d4f19ed6a25670591b96f6e18eb7f742d401652e0536844d0c785ce6ab334
D:\other\Bird\Dataset\CC0\Vanuatu Megapode_sound\Vanuatu Megapode2.mp3,Vanuatu Megapode_sound\Vanuatu Megapode2.mp3,Vanuatu Megapode_sound,Vanuatu Megapode,Vanuatu Megapode2.mp3,305174,True,44100,2,548900,12.44671201814059,MP3,MPEG_LAYER_III,e1bfe09f396cbbab1186dc197ab94c6ed06cba10938c5f9ddfdc3aaf14a53731
D:\other\Bird\Dataset\CC0\Vanuatu Megapode_sound\Vanuatu Megapode3.mp3,Vanuatu Megapode_sound\Vanuatu Megapode3.mp3,Vanuatu Megapode_sound,Vanuatu Megapode,Vanuatu Megapode3.mp3,157217,True,44100,2,276448,6.2686621315192745,MP3,MPEG_LAYER_III,1c983226395b0e5c2434e42f9377ce9aa4e7d5220233184089c52a6ad619e66d
D:\other\Bird\Dataset\CC0\Vanuatu Megapode_sound\Vanuatu Megapode4.mp3,Vanuatu Megapode_sound\Vanuatu Megapode4.mp3,Vanuatu Megapode_sound,Vanuatu Megapode,Vanuatu Megapode4.mp3,157217,True,44100,2,276448,6.2686621315192745,MP3,MPEG_LAYER_III,1c983226395b0e5c2434e42f9377ce9aa4e7d5220233184089c52a6ad619e66d
D:\other\Bird\Dataset\CC0\Variegated Tinamou_sound\Variegated Tinamou10.mp3,Variegated Tinamou_sound\Variegated Tinamou10.mp3,Variegated Tinamou_sound,Variegated Tinamou,Variegated Tinamou10.mp3,221794,True,44100,1,611260,13.86077097505669,MP3,MPEG_LAYER_III,265a9373a3a36ffb3abe59108ce5ff1b7df1466bcda99a30f4601bb48ab19963
D:\other\Bird\Dataset\CC0\Variegated Tinamou_sound\Variegated Tinamou11.mp3,Variegated Tinamou_sound\Variegated Tinamou11.mp3,Variegated Tinamou_sound,Variegated Tinamou,Variegated Tinamou11.mp3,96664,True,48000,1,773312,16.110666666666667,MP3,MPEG_LAYER_III,b34f48eaa69b3308cccf2c7191e1b49cf07a0bb0dde84f1b8ead0b4845707a4f
D:\other\Bird\Dataset\CC0\Variegated Tinamou_sound\Variegated Tinamou12.mp3,Variegated Tinamou_sound\Variegated Tinamou12.mp3,Variegated Tinamou_sound,Variegated Tinamou,Variegated Tinamou12.mp3,80363,True,48000,1,642904,13.393833333333333,MP3,MPEG_LAYER_III,64b9b1f47b18c59cb15912c765d958d71f654948295397b5b55687e6516ee338
D:\other\Bird\Dataset\CC0\Variegated Tinamou_sound\Variegated Tinamou13.mp3,Variegated Tinamou_sound\Variegated Tinamou13.mp3,Variegated Tinamou_sound,Variegated Tinamou,Variegated Tinamou13.mp3,178977,True,44100,1,477892,10.83655328798186,MP3,MPEG_LAYER_III,096ae6555c12b746a980bac8ff675e34914c39cf3316369237779b504df3ede0
D:\other\Bird\Dataset\CC0\Variegated Tinamou_sound\Variegated Tinamou14.mp3,Variegated Tinamou_sound\Variegated Tinamou14.mp3,Variegated Tinamou_sound,Variegated Tinamou,Variegated Tinamou14.mp3,43086318,True,48000,2,10771456,224.40533333333335,WAV,PCM_16,69b87014b1f46207db250a17198231cf7807d995a76ed462d700d500b54b144c
D:\other\Bird\Dataset\CC0\Variegated Tinamou_sound\Variegated Tinamou15.mp3,Variegated Tinamou_sound\Variegated Tinamou15.mp3,Variegated Tinamou_sound,Variegated Tinamou,Variegated Tinamou15.mp3,1220920,True,44100,1,3364832,76.30004535147393,MP3,MPEG_LAYER_III,35dbd7200904d0e31d2fc75b846379aa144a994c7d463047a1453961228e4ff8
D:\other\Bird\Dataset\CC0\Variegated Tinamou_sound\Variegated Tinamou16.mp3,Variegated Tinamou_sound\Variegated Tinamou16.mp3,Variegated Tinamou_sound,Variegated Tinamou,Variegated Tinamou16.mp3,741967,True,44100,1,2044846,46.36839002267574,MP3,MPEG_LAYER_III,82ecd68ee60f55566e850722d39823cff3d166d7919322481b3b1abe52f233d1
D:\other\Bird\Dataset\CC0\Variegated Tinamou_sound\Variegated Tinamou17.mp3,Variegated Tinamou_sound\Variegated Tinamou17.mp3,Variegated Tinamou_sound,Variegated Tinamou,Variegated Tinamou17.mp3,741967,True,44100,1,2044846,46.36839002267574,MP3,MPEG_LAYER_III,82ecd68ee60f55566e850722d39823cff3d166d7919322481b3b1abe52f233d1
D:\other\Bird\Dataset\CC0\Variegated Tinamou_sound\Variegated Tinamou18.mp3,Variegated Tinamou_sound\Variegated Tinamou18.mp3,Variegated Tinamou_sound,Variegated Tinamou,Variegated Tinamou18.mp3,192606,True,48000,2,385212,8.02525,MP3,MPEG_LAYER_III,0cf3925c0697ea761c13d97594b2f64e9d3b19f3498a7eeb9ced7aea74bf53b6
D:\other\Bird\Dataset\CC0\Variegated Tinamou_sound\Variegated Tinamou19.mp3,Variegated Tinamou_sound\Variegated Tinamou19.mp3,Variegated Tinamou_sound,Variegated Tinamou,Variegated Tinamou19.mp3,336837,True,44100,1,619630,14.050566893424037,MP3,MPEG_LAYER_III,8db6871db452e2830a1649b8020366f886f6d2a0758c125df08481f174a6a5cd
D:\other\Bird\Dataset\CC0\Variegated Tinamou_sound\Variegated Tinamou2.mp3,Variegated Tinamou_sound\Variegated Tinamou2.mp3,Variegated Tinamou_sound,Variegated Tinamou,Variegated Tinamou2.mp3,290073,True,44100,1,1067145,24.19829931972789,MP3,MPEG_LAYER_III,d484026897144ed0884d2fcfe75bc8461f672be68efd46a317837462385fe57b
D:\other\Bird\Dataset\CC0\Variegated Tinamou_sound\Variegated Tinamou20.mp3,Variegated Tinamou_sound\Variegated Tinamou20.mp3,Variegated Tinamou_sound,Variegated Tinamou,Variegated Tinamou20.mp3,176032,True,44100,2,323192,7.328616780045351,MP3,MPEG_LAYER_III,ec7575099590db71c910d8dae43e6794953f91c9eda0585b716b73b40da3a35b
D:\other\Bird\Dataset\CC0\Variegated Tinamou_sound\Variegated Tinamou21.mp3,Variegated Tinamou_sound\Variegated Tinamou21.mp3,Variegated Tinamou_sound,Variegated Tinamou,Variegated Tinamou21.mp3,381042,True,44100,2,699861,15.869863945578231,MP3,MPEG_LAYER_III,56a1f8606374ce6d17d8f6ca0fde55044b17c435d441c3133068596b4b214906
D:\other\Bird\Dataset\CC0\Variegated Tinamou_sound\Variegated Tinamou22.mp3,Variegated Tinamou_sound\Variegated Tinamou22.mp3,Variegated Tinamou_sound,Variegated Tinamou,Variegated Tinamou22.mp3,381042,True,44100,2,699861,15.869863945578231,MP3,MPEG_LAYER_III,1e966be506fe458f472ec10ca6fbee7bf380042c4bde8ad58aa6fafbfb79ec66
D:\other\Bird\Dataset\CC0\Variegated Tinamou_sound\Variegated Tinamou23.mp3,Variegated Tinamou_sound\Variegated Tinamou23.mp3,Variegated Tinamou_sound,Variegated Tinamou,Variegated Tinamou23.mp3,381042,True,44100,2,699861,15.869863945578231,MP3,MPEG_LAYER_III,1e966be506fe458f472ec10ca6fbee7bf380042c4bde8ad58aa6fafbfb79ec66
D:\other\Bird\Dataset\CC0\Variegated Tinamou_sound\Variegated Tinamou24.mp3,Variegated Tinamou_sound\Variegated Tinamou24.mp3,Variegated Tinamou_sound,Variegated Tinamou,Variegated Tinamou24.mp3,141502,True,44100,1,499030,11.315873015873017,MP3,MPEG_LAYER_III,75180322ef36481dd52eaa87ca4f31e6be1adaad230adf82c22d64e35e508ad5
D:\other\Bird\Dataset\CC0\Variegated Tinamou_sound\Variegated Tinamou25.mp3,Variegated Tinamou_sound\Variegated Tinamou25.mp3,Variegated Tinamou_sound,Variegated Tinamou,Variegated Tinamou25.mp3,103567,True,44100,1,359462,8.151065759637188,MP3,MPEG_LAYER_III,cb9dd0f8c3b29e9de767f4be3e9c33205b8500b28028923aacd89ff1fcd3beba
D:\other\Bird\Dataset\CC0\Variegated Tinamou_sound\Variegated Tinamou26.mp3,Variegated Tinamou_sound\Variegated Tinamou26.mp3,Variegated Tinamou_sound,Variegated Tinamou,Variegated Tinamou26.mp3,82517,True,44100,1,280045,6.350226757369614,MP3,MPEG_LAYER_III,4ac4fe75a3fca8561d76b2bf7db1bbf0889b0f8ca3cb4dd0153f105bf92e5a35
D:\other\Bird\Dataset\CC0\Variegated Tinamou_sound\Variegated Tinamou27.mp3,Variegated Tinamou_sound\Variegated Tinamou27.mp3,Variegated Tinamou_sound,Variegated Tinamou,Variegated Tinamou27.mp3,82517,True,44100,1,280045,6.350226757369614,MP3,MPEG_LAYER_III,4ac4fe75a3fca8561d76b2bf7db1bbf0889b0f8ca3cb4dd0153f105bf92e5a35
D:\other\Bird\Dataset\CC0\Variegated Tinamou_sound\Variegated Tinamou28.mp3,Variegated Tinamou_sound\Variegated Tinamou28.mp3,Variegated Tinamou_sound,Variegated Tinamou,Variegated Tinamou28.mp3,215536,True,48000,1,629176,13.107833333333334,MP3,MPEG_LAYER_III,be17fbf98f22f340d36fb0a34e520291f09fdab2faa0a2435db79d5b26354142
D:\other\Bird\Dataset\CC0\Variegated Tinamou_sound\Variegated Tinamou29.mp3,Variegated Tinamou_sound\Variegated Tinamou29.mp3,Variegated Tinamou_sound,Variegated Tinamou,Variegated Tinamou29.mp3,215536,True,48000,1,629176,13.107833333333334,MP3,MPEG_LAYER_III,be17fbf98f22f340d36fb0a34e520291f09fdab2faa0a2435db79d5b26354142
D:\other\Bird\Dataset\CC0\Variegated Tinamou_sound\Variegated Tinamou3.mp3,Variegated Tinamou_sound\Variegated Tinamou3.mp3,Variegated Tinamou_sound,Variegated Tinamou,Variegated Tinamou3.mp3,309241,True,44100,1,568846,12.899002267573696,MP3,MPEG_LAYER_III,ac4fb43c35a79441e3a0ba28f7b4d92abc296ef9276cbe48112c4b9f63a245e7
D:\other\Bird\Dataset\CC0\Variegated Tinamou_sound\Variegated Tinamou30.mp3,Variegated Tinamou_sound\Variegated Tinamou30.mp3,Variegated Tinamou_sound,Variegated Tinamou,Variegated Tinamou30.mp3,704966,True,44100,2,1927023,43.696666666666665,MP3,MPEG_LAYER_III,187125b2d847c7ad95f2287430e493ae5b08c67be956bf98a2102dd2687557eb
D:\other\Bird\Dataset\CC0\Variegated Tinamou_sound\Variegated Tinamou31.mp3,Variegated Tinamou_sound\Variegated Tinamou31.mp3,Variegated Tinamou_sound,Variegated Tinamou,Variegated Tinamou31.mp3,56601,True,48000,1,452808,9.4335,MP3,MPEG_LAYER_III,be29555a1d6897b51dedec42a63ef948bd795a2e2f341b602dcb9117cbfeba1b
D:\other\Bird\Dataset\CC0\Variegated Tinamou_sound\Variegated Tinamou4.mp3,Variegated Tinamou_sound\Variegated Tinamou4.mp3,Variegated Tinamou_sound,Variegated Tinamou,Variegated Tinamou4.mp3,309241,True,44100,1,568846,12.899002267573696,MP3,MPEG_LAYER_III,ac4fb43c35a79441e3a0ba28f7b4d92abc296ef9276cbe48112c4b9f63a245e7
D:\other\Bird\Dataset\CC0\Variegated Tinamou_sound\Variegated Tinamou5.mp3,Variegated Tinamou_sound\Variegated Tinamou5.mp3,Variegated Tinamou_sound,Variegated Tinamou,Variegated Tinamou5.mp3,234407,True,44100,1,645668,14.640997732426303,MP3,MPEG_LAYER_III,911ded70c0fa2481bc5823b4f0f419f86c9895d5d8da4e8735b9f9ce1fdda2fc
D:\other\Bird\Dataset\CC0\Variegated Tinamou_sound\Variegated Tinamou6.mp3,Variegated Tinamou_sound\Variegated Tinamou6.mp3,Variegated Tinamou_sound,Variegated Tinamou,Variegated Tinamou6.mp3,225019,True,44100,1,619795,14.054308390022676,MP3,MPEG_LAYER_III,90003cc2ea37141edf6ec31b1931733ba560a2f4541803a0883da61c73eab493
D:\other\Bird\Dataset\CC0\Variegated Tinamou_sound\Variegated Tinamou7.mp3,Variegated Tinamou_sound\Variegated Tinamou7.mp3,Variegated Tinamou_sound,Variegated Tinamou,Variegated Tinamou7.mp3,175658,True,44100,1,484110,10.977551020408164,MP3,MPEG_LAYER_III,c5aad5972be81492b81dd0ec015022e3eec2f8a506a987d494d46534cd820b23
D:\other\Bird\Dataset\CC0\Variegated Tinamou_sound\Variegated Tinamou8.mp3,Variegated Tinamou_sound\Variegated Tinamou8.mp3,Variegated Tinamou_sound,Variegated Tinamou,Variegated Tinamou8.mp3,221794,True,44100,1,611260,13.86077097505669,MP3,MPEG_LAYER_III,265a9373a3a36ffb3abe59108ce5ff1b7df1466bcda99a30f4601bb48ab19963
D:\other\Bird\Dataset\CC0\Variegated Tinamou_sound\Variegated Tinamou9.mp3,Variegated Tinamou_sound\Variegated Tinamou9.mp3,Variegated Tinamou_sound,Variegated Tinamou,Variegated Tinamou9.mp3,221794,True,44100,1,611260,13.86077097505669,MP3,MPEG_LAYER_III,265a9373a3a36ffb3abe59108ce5ff1b7df1466bcda99a30f4601bb48ab19963
D:\other\Bird\Dataset\CC0\Wattled Brushturkey_sound\Wattled Brushturkey2.mp3,Wattled Brushturkey_sound\Wattled Brushturkey2.mp3,Wattled Brushturkey_sound,Wattled Brushturkey,Wattled Brushturkey2.mp3,160198,True,44100,1,441502,10.011383219954649,MP3,MPEG_LAYER_III,3c70b8fbf0e8e8744950b6bc6c56d3323b6dcd6e110b94572429e1675e0f25f2
D:\other\Bird\Dataset\CC0\Wattled Brushturkey_sound\Wattled Brushturkey3.mp3,Wattled Brushturkey_sound\Wattled Brushturkey3.mp3,Wattled Brushturkey_sound,Wattled Brushturkey,Wattled Brushturkey3.mp3,160198,True,44100,1,441502,10.011383219954649,MP3,MPEG_LAYER_III,3c70b8fbf0e8e8744950b6bc6c56d3323b6dcd6e110b94572429e1675e0f25f2
D:\other\Bird\Dataset\CC0\Wattled Brushturkey_sound\Wattled Brushturkey4.mp3,Wattled Brushturkey_sound\Wattled Brushturkey4.mp3,Wattled Brushturkey_sound,Wattled Brushturkey,Wattled Brushturkey4.mp3,160198,True,44100,1,441502,10.011383219954649,MP3,MPEG_LAYER_III,3c70b8fbf0e8e8744950b6bc6c56d3323b6dcd6e110b94572429e1675e0f25f2
D:\other\Bird\Dataset\CC0\West Mexican Chachalaca_sound\West Mexican Chachalaca10.mp3,West Mexican Chachalaca_sound\West Mexican Chachalaca10.mp3,West Mexican Chachalaca_sound,West Mexican Chachalaca,West Mexican Chachalaca10.mp3,340158,True,44100,2,367319,8.329229024943311,MP3,MPEG_LAYER_III,4eea412c7e6e94c943f0e2b5850f93997b76fb73956184f26d28c0c3ab456dd9
D:\other\Bird\Dataset\CC0\West Mexican Chachalaca_sound\West Mexican Chachalaca11.mp3,West Mexican Chachalaca_sound\West Mexican Chachalaca11.mp3,West Mexican Chachalaca_sound,West Mexican Chachalaca,West Mexican Chachalaca11.mp3,1660973,True,44100,2,1823207,41.342562358276645,MP3,MPEG_LAYER_III,a99d9085956c0702264a707e550ac334d283b7c8e4fa58ff596e040b6a24501e
D:\other\Bird\Dataset\CC0\West Mexican Chachalaca_sound\West Mexican Chachalaca12.mp3,West Mexican Chachalaca_sound\West Mexican Chachalaca12.mp3,West Mexican Chachalaca_sound,West Mexican Chachalaca,West Mexican Chachalaca12.mp3,2397615,True,44100,2,2634754,59.74498866213152,MP3,MPEG_LAYER_III,ef81c2c199713fb743d15b8e710cbf6be619620ba539f61665259acd373b88a5
D:\other\Bird\Dataset\CC0\West Mexican Chachalaca_sound\West Mexican Chachalaca13.mp3,West Mexican Chachalaca_sound\West Mexican Chachalaca13.mp3,West Mexican Chachalaca_sound,West Mexican Chachalaca,West Mexican Chachalaca13.mp3,2397615,True,44100,2,2634754,59.74498866213152,MP3,MPEG_LAYER_III,ef81c2c199713fb743d15b8e710cbf6be619620ba539f61665259acd373b88a5
D:\other\Bird\Dataset\CC0\West Mexican Chachalaca_sound\West Mexican Chachalaca14.mp3,West Mexican Chachalaca_sound\West Mexican Chachalaca14.mp3,West Mexican Chachalaca_sound,West Mexican Chachalaca,West Mexican Chachalaca14.mp3,846566,True,44100,2,2054892,46.59619047619048,MP3,MPEG_LAYER_III,fd42a9201614b7c12907ead02511586f499a1e7143e7dff394930bbaa99fbba2
D:\other\Bird\Dataset\CC0\West Mexican Chachalaca_sound\West Mexican Chachalaca15.mp3,West Mexican Chachalaca_sound\West Mexican Chachalaca15.mp3,West Mexican Chachalaca_sound,West Mexican Chachalaca,West Mexican Chachalaca15.mp3,2124677,True,44100,2,5839779,132.4212925170068,MP3,MPEG_LAYER_III,2ab58aa1accbb9e3d72a1af6e120ecbef6602bd9153949eb5ba369f2f904b5e8
D:\other\Bird\Dataset\CC0\West Mexican Chachalaca_sound\West Mexican Chachalaca16.mp3,West Mexican Chachalaca_sound\West Mexican Chachalaca16.mp3,West Mexican Chachalaca_sound,West Mexican Chachalaca,West Mexican Chachalaca16.mp3,2124677,True,44100,2,5839779,132.4212925170068,MP3,MPEG_LAYER_III,2ab58aa1accbb9e3d72a1af6e120ecbef6602bd9153949eb5ba369f2f904b5e8
D:\other\Bird\Dataset\CC0\West Mexican Chachalaca_sound\West Mexican Chachalaca17.mp3,West Mexican Chachalaca_sound\West Mexican Chachalaca17.mp3,West Mexican Chachalaca_sound,West Mexican Chachalaca,West Mexican Chachalaca17.mp3,2124677,True,44100,2,5839779,132.4212925170068,MP3,MPEG_LAYER_III,2ab58aa1accbb9e3d72a1af6e120ecbef6602bd9153949eb5ba369f2f904b5e8
D:\other\Bird\Dataset\CC0\West Mexican Chachalaca_sound\West Mexican Chachalaca18.mp3,West Mexican Chachalaca_sound\West Mexican Chachalaca18.mp3,West Mexican Chachalaca_sound,West Mexican Chachalaca,West Mexican Chachalaca18.mp3,2124677,True,44100,2,5839779,132.4212925170068,MP3,MPEG_LAYER_III,2ab58aa1accbb9e3d72a1af6e120ecbef6602bd9153949eb5ba369f2f904b5e8
D:\other\Bird\Dataset\CC0\West Mexican Chachalaca_sound\West Mexican Chachalaca19.mp3,West Mexican Chachalaca_sound\West Mexican Chachalaca19.mp3,West Mexican Chachalaca_sound,West Mexican Chachalaca,West Mexican Chachalaca19.mp3,455915,True,48000,2,547098,11.397875,MP3,MPEG_LAYER_III,569c36aa654ada7cc3fd284512f1373dd5566db3d7b721985adeef0414c9e6ca
D:\other\Bird\Dataset\CC0\West Mexican Chachalaca_sound\West Mexican Chachalaca2.mp3,West Mexican Chachalaca_sound\West Mexican Chachalaca2.mp3,West Mexican Chachalaca_sound,West Mexican Chachalaca,West Mexican Chachalaca2.mp3,2221486,True,48000,1,6664074,138.834875,MP3,MPEG_LAYER_III,2b36814ac772e45fa38e933ea467e1607b53baab64c80c86ed0d2488f0f67a99
D:\other\Bird\Dataset\CC0\West Mexican Chachalaca_sound\West Mexican Chachalaca20.mp3,West Mexican Chachalaca_sound\West Mexican Chachalaca20.mp3,West Mexican Chachalaca_sound,West Mexican Chachalaca,West Mexican Chachalaca20.mp3,455915,True,48000,2,547098,11.397875,MP3,MPEG_LAYER_III,569c36aa654ada7cc3fd284512f1373dd5566db3d7b721985adeef0414c9e6ca
D:\other\Bird\Dataset\CC0\West Mexican Chachalaca_sound\West Mexican Chachalaca21.mp3,West Mexican Chachalaca_sound\West Mexican Chachalaca21.mp3,West Mexican Chachalaca_sound,West Mexican Chachalaca,West Mexican Chachalaca21.mp3,455915,True,48000,2,547098,11.397875,MP3,MPEG_LAYER_III,569c36aa654ada7cc3fd284512f1373dd5566db3d7b721985adeef0414c9e6ca
D:\other\Bird\Dataset\CC0\West Mexican Chachalaca_sound\West Mexican Chachalaca22.mp3,West Mexican Chachalaca_sound\West Mexican Chachalaca22.mp3,West Mexican Chachalaca_sound,West Mexican Chachalaca,West Mexican Chachalaca22.mp3,665118,True,44100,1,2935693,66.5690022675737,MP3,MPEG_LAYER_III,6859027e0dc36ca360038b6ab8dc87545f8c79bb6e0679cfd127c57d2d97bcfe
D:\other\Bird\Dataset\CC0\West Mexican Chachalaca_sound\West Mexican Chachalaca23.mp3,West Mexican Chachalaca_sound\West Mexican Chachalaca23.mp3,West Mexican Chachalaca_sound,West Mexican Chachalaca,West Mexican Chachalaca23.mp3,1712618,True,44100,1,4719942,107.02816326530612,MP3,MPEG_LAYER_III,db3ca86e536dcc75ddb09cf7e5eb38b84792b2cd46aa8195492e744c5d95f41a
D:\other\Bird\Dataset\CC0\West Mexican Chachalaca_sound\West Mexican Chachalaca24.mp3,West Mexican Chachalaca_sound\West Mexican Chachalaca24.mp3,West Mexican Chachalaca_sound,West Mexican Chachalaca,West Mexican Chachalaca24.mp3,1712618,True,44100,1,4719942,107.02816326530612,MP3,MPEG_LAYER_III,db3ca86e536dcc75ddb09cf7e5eb38b84792b2cd46aa8195492e744c5d95f41a
D:\other\Bird\Dataset\CC0\West Mexican Chachalaca_sound\West Mexican Chachalaca25.mp3,West Mexican Chachalaca_sound\West Mexican Chachalaca25.mp3,West Mexican Chachalaca_sound,West Mexican Chachalaca,West Mexican Chachalaca25.mp3,1712618,True,44100,1,4719942,107.02816326530612,MP3,MPEG_LAYER_III,db3ca86e536dcc75ddb09cf7e5eb38b84792b2cd46aa8195492e744c5d95f41a
D:\other\Bird\Dataset\CC0\West Mexican Chachalaca_sound\West Mexican Chachalaca26.mp3,West Mexican Chachalaca_sound\West Mexican Chachalaca26.mp3,West Mexican Chachalaca_sound,West Mexican Chachalaca,West Mexican Chachalaca26.mp3,1712618,True,44100,1,4719942,107.02816326530612,MP3,MPEG_LAYER_III,db3ca86e536dcc75ddb09cf7e5eb38b84792b2cd46aa8195492e744c5d95f41a
D:\other\Bird\Dataset\CC0\West Mexican Chachalaca_sound\West Mexican Chachalaca27.mp3,West Mexican Chachalaca_sound\West Mexican Chachalaca27.mp3,West Mexican Chachalaca_sound,West Mexican Chachalaca,West Mexican Chachalaca27.mp3,292773,True,48000,1,342762,7.140875,MP3,MPEG_LAYER_III,0b13327277ff012ef9d3fe3e18f501a754d49596304acd4cf87edcc1f7b86b46
D:\other\Bird\Dataset\CC0\West Mexican Chachalaca_sound\West Mexican Chachalaca28.mp3,West Mexican Chachalaca_sound\West Mexican Chachalaca28.mp3,West Mexican Chachalaca_sound,West Mexican Chachalaca,West Mexican Chachalaca28.mp3,4229351,True,44100,2,4654972,105.55492063492063,MP3,MPEG_LAYER_III,64b9797101f477d6ccbafb6ae58327b47f3f6bb35a293f865ea75c4140b987fd
D:\other\Bird\Dataset\CC0\West Mexican Chachalaca_sound\West Mexican Chachalaca29.mp3,West Mexican Chachalaca_sound\West Mexican Chachalaca29.mp3,West Mexican Chachalaca_sound,West Mexican Chachalaca,West Mexican Chachalaca29.mp3,2899207,True,44100,2,3187844,72.28671201814059,MP3,MPEG_LAYER_III,d2f0b86a9c958b03038dfcbcfcc78d414a0fe2689463301dcfad661666e067be
D:\other\Bird\Dataset\CC0\West Mexican Chachalaca_sound\West Mexican Chachalaca3.mp3,West Mexican Chachalaca_sound\West Mexican Chachalaca3.mp3,West Mexican Chachalaca_sound,West Mexican Chachalaca,West Mexican Chachalaca3.mp3,2221486,True,48000,1,6664074,138.834875,MP3,MPEG_LAYER_III,2b36814ac772e45fa38e933ea467e1607b53baab64c80c86ed0d2488f0f67a99
D:\other\Bird\Dataset\CC0\West Mexican Chachalaca_sound\West Mexican Chachalaca30.mp3,West Mexican Chachalaca_sound\West Mexican Chachalaca30.mp3,West Mexican Chachalaca_sound,West Mexican Chachalaca,West Mexican Chachalaca30.mp3,6259380,True,48000,2,7502855,156.30947916666668,MP3,MPEG_LAYER_III,63f2f734e476edd18b6285bc67e72ab664b7bf2835461f04e069de34e2af0463
D:\other\Bird\Dataset\CC0\West Mexican Chachalaca_sound\West Mexican Chachalaca31.mp3,West Mexican Chachalaca_sound\West Mexican Chachalaca31.mp3,West Mexican Chachalaca_sound,West Mexican Chachalaca,West Mexican Chachalaca31.mp3,694342,True,44100,2,1897057,43.017165532879815,MP3,MPEG_LAYER_III,3484dea6eb0d114f939f26ea4c4edea8a0e7b9a12a9c3b15a9f863014e186bfa
D:\other\Bird\Dataset\CC0\West Mexican Chachalaca_sound\West Mexican Chachalaca4.mp3,West Mexican Chachalaca_sound\West Mexican Chachalaca4.mp3,West Mexican Chachalaca_sound,West Mexican Chachalaca,West Mexican Chachalaca4.mp3,115227,True,44100,2,301552,6.837913832199546,MP3,MPEG_LAYER_III,cdb874ac69fafb6380a4401c4bff6af98b2cb0ef7462e857f86d08c3542725a4
D:\other\Bird\Dataset\CC0\West Mexican Chachalaca_sound\West Mexican Chachalaca5.mp3,West Mexican Chachalaca_sound\West Mexican Chachalaca5.mp3,West Mexican Chachalaca_sound,West Mexican Chachalaca,West Mexican Chachalaca5.mp3,3650399,True,44100,2,4016715,91.08197278911565,MP3,MPEG_LAYER_III,f38579afe73459c1e5a2f16ace211a8ae36d62dd5312c2c12bc682a8a92a4dbc
D:\other\Bird\Dataset\CC0\West Mexican Chachalaca_sound\West Mexican Chachalaca6.mp3,West Mexican Chachalaca_sound\West Mexican Chachalaca6.mp3,West Mexican Chachalaca_sound,West Mexican Chachalaca,West Mexican Chachalaca6.mp3,658474,True,48000,1,2782716,57.97325,MP3,MPEG_LAYER_III,92f19fad3ec4c79cee33e5eee4834ec283df3cbc24a2299f37b9b16ab97bfd16
D:\other\Bird\Dataset\CC0\West Mexican Chachalaca_sound\West Mexican Chachalaca7.mp3,West Mexican Chachalaca_sound\West Mexican Chachalaca7.mp3,West Mexican Chachalaca_sound,West Mexican Chachalaca,West Mexican Chachalaca7.mp3,173625,True,48000,1,715546,14.907208333333333,MP3,MPEG_LAYER_III,63550b6dfd1681d6c47381687c17cf107b16c3104118bc2182f5b09a778da18f
D:\other\Bird\Dataset\CC0\West Mexican Chachalaca_sound\West Mexican Chachalaca8.mp3,West Mexican Chachalaca_sound\West Mexican Chachalaca8.mp3,West Mexican Chachalaca_sound,West Mexican Chachalaca,West Mexican Chachalaca8.mp3,271192,True,44100,2,291130,6.601587301587301,MP3,MPEG_LAYER_III,de156621075773de954336f7508d2f4a982f935468b8b62a204aaabe0d7f2b4f
D:\other\Bird\Dataset\CC0\West Mexican Chachalaca_sound\West Mexican Chachalaca9.mp3,West Mexican Chachalaca_sound\West Mexican Chachalaca9.mp3,West Mexican Chachalaca_sound,West Mexican Chachalaca,West Mexican Chachalaca9.mp3,347469,True,44100,2,375246,8.508979591836734,MP3,MPEG_LAYER_III,d368dad7d1000fa1a6889c184b5640e16409399206ebfdcc7ddcd95e9bdd7b96
D:\other\Bird\Dataset\CC0\White-bellied Chachalaca_sound\White-bellied Chachalaca10.mp3,White-bellied Chachalaca_sound\White-bellied Chachalaca10.mp3,White-bellied Chachalaca_sound,White-bellied Chachalaca,White-bellied Chachalaca10.mp3,3638315,True,48000,2,4365978,90.957875,MP3,MPEG_LAYER_III,36bcdf12b3d0de827f4b580b0d8ac441c94436319274749552040a8d21ce45cf
D:\other\Bird\Dataset\CC0\White-bellied Chachalaca_sound\White-bellied Chachalaca11.mp3,White-bellied Chachalaca_sound\White-bellied Chachalaca11.mp3,White-bellied Chachalaca_sound,White-bellied Chachalaca,White-bellied Chachalaca11.mp3,3638315,True,48000,2,4365978,90.957875,MP3,MPEG_LAYER_III,36bcdf12b3d0de827f4b580b0d8ac441c94436319274749552040a8d21ce45cf
D:\other\Bird\Dataset\CC0\White-bellied Chachalaca_sound\White-bellied Chachalaca12.mp3,White-bellied Chachalaca_sound\White-bellied Chachalaca12.mp3,White-bellied Chachalaca_sound,White-bellied Chachalaca,White-bellied Chachalaca12.mp3,3638315,True,48000,2,4365978,90.957875,MP3,MPEG_LAYER_III,36bcdf12b3d0de827f4b580b0d8ac441c94436319274749552040a8d21ce45cf
D:\other\Bird\Dataset\CC0\White-bellied Chachalaca_sound\White-bellied Chachalaca13.mp3,White-bellied Chachalaca_sound\White-bellied Chachalaca13.mp3,White-bellied Chachalaca_sound,White-bellied Chachalaca,White-bellied Chachalaca13.mp3,94809,True,44100,1,327117,7.417619047619048,MP3,MPEG_LAYER_III,8b3574feff8d57a8bdd649cd147764caf23798d591f5729470f50565da627278
D:\other\Bird\Dataset\CC0\White-bellied Chachalaca_sound\White-bellied Chachalaca14.mp3,White-bellied Chachalaca_sound\White-bellied Chachalaca14.mp3,White-bellied Chachalaca_sound,White-bellied Chachalaca,White-bellied Chachalaca14.mp3,94809,True,44100,1,327117,7.417619047619048,MP3,MPEG_LAYER_III,8b3574feff8d57a8bdd649cd147764caf23798d591f5729470f50565da627278
D:\other\Bird\Dataset\CC0\White-bellied Chachalaca_sound\White-bellied Chachalaca15.mp3,White-bellied Chachalaca_sound\White-bellied Chachalaca15.mp3,White-bellied Chachalaca_sound,White-bellied Chachalaca,White-bellied Chachalaca15.mp3,94809,True,44100,1,327117,7.417619047619048,MP3,MPEG_LAYER_III,8b3574feff8d57a8bdd649cd147764caf23798d591f5729470f50565da627278
D:\other\Bird\Dataset\CC0\White-bellied Chachalaca_sound\White-bellied Chachalaca16.mp3,White-bellied Chachalaca_sound\White-bellied Chachalaca16.mp3,White-bellied Chachalaca_sound,White-bellied Chachalaca,White-bellied Chachalaca16.mp3,94809,True,44100,1,327117,7.417619047619048,MP3,MPEG_LAYER_III,8b3574feff8d57a8bdd649cd147764caf23798d591f5729470f50565da627278
D:\other\Bird\Dataset\CC0\White-bellied Chachalaca_sound\White-bellied Chachalaca17.mp3,White-bellied Chachalaca_sound\White-bellied Chachalaca17.mp3,White-bellied Chachalaca_sound,White-bellied Chachalaca,White-bellied Chachalaca17.mp3,94809,True,44100,1,327117,7.417619047619048,MP3,MPEG_LAYER_III,8b3574feff8d57a8bdd649cd147764caf23798d591f5729470f50565da627278
D:\other\Bird\Dataset\CC0\White-bellied Chachalaca_sound\White-bellied Chachalaca18.mp3,White-bellied Chachalaca_sound\White-bellied Chachalaca18.mp3,White-bellied Chachalaca_sound,White-bellied Chachalaca,White-bellied Chachalaca18.mp3,664496,True,48000,2,964964,20.103416666666668,MP3,MPEG_LAYER_III,5a8db008fa8f5023b1408950134788a605115e0f26c5bfe90d19d54ea4add294
D:\other\Bird\Dataset\CC0\White-bellied Chachalaca_sound\White-bellied Chachalaca19.mp3,White-bellied Chachalaca_sound\White-bellied Chachalaca19.mp3,White-bellied Chachalaca_sound,White-bellied Chachalaca,White-bellied Chachalaca19.mp3,96205,True,44100,1,530278,12.024444444444445,MP3,MPEG_LAYER_III,afa90fc589ec9b350141fd80106100d469afea2d0344a56d41e53d86230388a3
D:\other\Bird\Dataset\CC0\White-bellied Chachalaca_sound\White-bellied Chachalaca2.mp3,White-bellied Chachalaca_sound\White-bellied Chachalaca2.mp3,White-bellied Chachalaca_sound,White-bellied Chachalaca,White-bellied Chachalaca2.mp3,1309008,True,44100,2,3591706,81.44458049886622,MP3,MPEG_LAYER_III,2d5a72d21c1e2294e262b0c2a924d1e2148c6f9f7c5fa843458e48212d802785
D:\other\Bird\Dataset\CC0\White-bellied Chachalaca_sound\White-bellied Chachalaca20.mp3,White-bellied Chachalaca_sound\White-bellied Chachalaca20.mp3,White-bellied Chachalaca_sound,White-bellied Chachalaca,White-bellied Chachalaca20.mp3,144945,True,44100,1,512535,11.622108843537415,MP3,MPEG_LAYER_III,2273488afb54e095c6fc6604a5f627a8ee81c2b99071d2b18df82818fca7300f
D:\other\Bird\Dataset\CC0\White-bellied Chachalaca_sound\White-bellied Chachalaca3.mp3,White-bellied Chachalaca_sound\White-bellied Chachalaca3.mp3,White-bellied Chachalaca_sound,White-bellied Chachalaca,White-bellied Chachalaca3.mp3,1601544,True,44100,2,4397985,99.72755102040816,MP3,MPEG_LAYER_III,959c7bef0fdd4403649e0adfeaa62614dfdf8653884d7ac0bea30b32420c1f3e
D:\other\Bird\Dataset\CC0\White-bellied Chachalaca_sound\White-bellied Chachalaca4.mp3,White-bellied Chachalaca_sound\White-bellied Chachalaca4.mp3,White-bellied Chachalaca_sound,White-bellied Chachalaca,White-bellied Chachalaca4.mp3,171470,True,44100,2,457014,10.36312925170068,MP3,MPEG_LAYER_III,196aad3b2bd5cc4f3a0cfa7321a83913e175d26ec744286be19c4210d4d7a2e1
D:\other\Bird\Dataset\CC0\White-bellied Chachalaca_sound\White-bellied Chachalaca5.mp3,White-bellied Chachalaca_sound\White-bellied Chachalaca5.mp3,White-bellied Chachalaca_sound,White-bellied Chachalaca,White-bellied Chachalaca5.mp3,171470,True,44100,2,457014,10.36312925170068,MP3,MPEG_LAYER_III,196aad3b2bd5cc4f3a0cfa7321a83913e175d26ec744286be19c4210d4d7a2e1
D:\other\Bird\Dataset\CC0\White-bellied Chachalaca_sound\White-bellied Chachalaca6.mp3,White-bellied Chachalaca_sound\White-bellied Chachalaca6.mp3,White-bellied Chachalaca_sound,White-bellied Chachalaca,White-bellied Chachalaca6.mp3,171470,True,44100,2,457014,10.36312925170068,MP3,MPEG_LAYER_III,196aad3b2bd5cc4f3a0cfa7321a83913e175d26ec744286be19c4210d4d7a2e1
D:\other\Bird\Dataset\CC0\White-bellied Chachalaca_sound\White-bellied Chachalaca7.mp3,White-bellied Chachalaca_sound\White-bellied Chachalaca7.mp3,White-bellied Chachalaca_sound,White-bellied Chachalaca,White-bellied Chachalaca7.mp3,3638315,True,48000,2,4365978,90.957875,MP3,MPEG_LAYER_III,36bcdf12b3d0de827f4b580b0d8ac441c94436319274749552040a8d21ce45cf
D:\other\Bird\Dataset\CC0\White-bellied Chachalaca_sound\White-bellied Chachalaca8.mp3,White-bellied Chachalaca_sound\White-bellied Chachalaca8.mp3,White-bellied Chachalaca_sound,White-bellied Chachalaca,White-bellied Chachalaca8.mp3,3638315,True,48000,2,4365978,90.957875,MP3,MPEG_LAYER_III,36bcdf12b3d0de827f4b580b0d8ac441c94436319274749552040a8d21ce45cf
D:\other\Bird\Dataset\CC0\White-bellied Chachalaca_sound\White-bellied Chachalaca9.mp3,White-bellied Chachalaca_sound\White-bellied Chachalaca9.mp3,White-bellied Chachalaca_sound,White-bellied Chachalaca,White-bellied Chachalaca9.mp3,3638315,True,48000,2,4365978,90.957875,MP3,MPEG_LAYER_III,36bcdf12b3d0de827f4b580b0d8ac441c94436319274749552040a8d21ce45cf
D:\other\Bird\Dataset\CC0\White-bellied Nothura_sound\White-bellied Nothura10.mp3,White-bellied Nothura_sound\White-bellied Nothura10.mp3,White-bellied Nothura_sound,White-bellied Nothura,White-bellied Nothura10.mp3,233745,True,16000,1,608043,38.0026875,MP3,MPEG_LAYER_III,6710d6befb605d1d7bc0a526a91ff19c20418a0605a2cda26c3892d9c2fa2759
D:\other\Bird\Dataset\CC0\White-bellied Nothura_sound\White-bellied Nothura11.mp3,White-bellied Nothura_sound\White-bellied Nothura11.mp3,White-bellied Nothura_sound,White-bellied Nothura,White-bellied Nothura11.mp3,233745,True,16000,1,608043,38.0026875,MP3,MPEG_LAYER_III,6710d6befb605d1d7bc0a526a91ff19c20418a0605a2cda26c3892d9c2fa2759
D:\other\Bird\Dataset\CC0\White-bellied Nothura_sound\White-bellied Nothura12.mp3,White-bellied Nothura_sound\White-bellied Nothura12.mp3,White-bellied Nothura_sound,White-bellied Nothura,White-bellied Nothura12.mp3,122213,True,16000,1,488340,30.52125,MP3,MPEG_LAYER_III,f4e24f7919651ba16c558563f6ad48905e0119561ae91f0d3483c6c1c185474b
D:\other\Bird\Dataset\CC0\White-bellied Nothura_sound\White-bellied Nothura13.mp3,White-bellied Nothura_sound\White-bellied Nothura13.mp3,White-bellied Nothura_sound,White-bellied Nothura,White-bellied Nothura13.mp3,494626,True,44100,1,910002,20.63496598639456,MP3,MPEG_LAYER_III,a7ec6a282388f7566c8cabea42c304b32c0c9e0f381577a2d61eb673aedde329
D:\other\Bird\Dataset\CC0\White-bellied Nothura_sound\White-bellied Nothura14.mp3,White-bellied Nothura_sound\White-bellied Nothura14.mp3,White-bellied Nothura_sound,White-bellied Nothura,White-bellied Nothura14.mp3,494626,True,44100,1,910002,20.63496598639456,MP3,MPEG_LAYER_III,a7ec6a282388f7566c8cabea42c304b32c0c9e0f381577a2d61eb673aedde329
D:\other\Bird\Dataset\CC0\White-bellied Nothura_sound\White-bellied Nothura15.mp3,White-bellied Nothura_sound\White-bellied Nothura15.mp3,White-bellied Nothura_sound,White-bellied Nothura,White-bellied Nothura15.mp3,443841,True,44100,1,1223217,27.73734693877551,MP3,MPEG_LAYER_III,79a8091de7513accc5784b61e0b4103f4e2538cedfeef79c1867b9744c858da3
D:\other\Bird\Dataset\CC0\White-bellied Nothura_sound\White-bellied Nothura16.mp3,White-bellied Nothura_sound\White-bellied Nothura16.mp3,White-bellied Nothura_sound,White-bellied Nothura,White-bellied Nothura16.mp3,443841,True,44100,1,1223217,27.73734693877551,MP3,MPEG_LAYER_III,79a8091de7513accc5784b61e0b4103f4e2538cedfeef79c1867b9744c858da3
D:\other\Bird\Dataset\CC0\White-bellied Nothura_sound\White-bellied Nothura17.mp3,White-bellied Nothura_sound\White-bellied Nothura17.mp3,White-bellied Nothura_sound,White-bellied Nothura,White-bellied Nothura17.mp3,822455,True,44100,2,1505787,34.14482993197279,MP3,MPEG_LAYER_III,c240ba12b970e61c7707d8aa6c888f00ed300a319fd811a068c68649f3e441ff
D:\other\Bird\Dataset\CC0\White-bellied Nothura_sound\White-bellied Nothura18.mp3,White-bellied Nothura_sound\White-bellied Nothura18.mp3,White-bellied Nothura_sound,White-bellied Nothura,White-bellied Nothura18.mp3,774180,True,44100,2,1416948,32.13034013605442,MP3,MPEG_LAYER_III,855396365470755b539a8d3592b0579109828d239a979c0393a1cd6469533253
D:\other\Bird\Dataset\CC0\White-bellied Nothura_sound\White-bellied Nothura19.mp3,White-bellied Nothura_sound\White-bellied Nothura19.mp3,White-bellied Nothura_sound,White-bellied Nothura,White-bellied Nothura19.mp3,774180,True,44100,2,1416948,32.13034013605442,MP3,MPEG_LAYER_III,855396365470755b539a8d3592b0579109828d239a979c0393a1cd6469533253
D:\other\Bird\Dataset\CC0\White-bellied Nothura_sound\White-bellied Nothura2.mp3,White-bellied Nothura_sound\White-bellied Nothura2.mp3,White-bellied Nothura_sound,White-bellied Nothura,White-bellied Nothura2.mp3,181189,True,44100,1,499000,11.315192743764172,MP3,MPEG_LAYER_III,928bfd81cfd5724c959b572a844c872590c8f26efa4c57524e1a0d32ad2a98eb
D:\other\Bird\Dataset\CC0\White-bellied Nothura_sound\White-bellied Nothura20.mp3,White-bellied Nothura_sound\White-bellied Nothura20.mp3,White-bellied Nothura_sound,White-bellied Nothura,White-bellied Nothura20.mp3,774180,True,44100,2,1416948,32.13034013605442,MP3,MPEG_LAYER_III,855396365470755b539a8d3592b0579109828d239a979c0393a1cd6469533253
D:\other\Bird\Dataset\CC0\White-bellied Nothura_sound\White-bellied Nothura21.mp3,White-bellied Nothura_sound\White-bellied Nothura21.mp3,White-bellied Nothura_sound,White-bellied Nothura,White-bellied Nothura21.mp3,270160,True,44100,1,1496270,33.92902494331066,MP3,MPEG_LAYER_III,20e9159d2ba70d3257dfbbc3d90b4b7e73d517df8090c96fc0610356ae629dbd
D:\other\Bird\Dataset\CC0\White-bellied Nothura_sound\White-bellied Nothura22.mp3,White-bellied Nothura_sound\White-bellied Nothura22.mp3,White-bellied Nothura_sound,White-bellied Nothura,White-bellied Nothura22.mp3,958696,True,44100,1,1056859,23.965056689342404,MP3,MPEG_LAYER_III,11430d3372ddb657376f013ac1cabc1ccd795afca79fba1573a92e31cf63b914
D:\other\Bird\Dataset\CC0\White-bellied Nothura_sound\White-bellied Nothura23.mp3,White-bellied Nothura_sound\White-bellied Nothura23.mp3,White-bellied Nothura_sound,White-bellied Nothura,White-bellied Nothura23.mp3,1301430,True,48000,2,2602604,54.22091666666667,MP3,MPEG_LAYER_III,0e5466cb9c568f248caa39199e1b559e5892161014ca7c1033ad6afca0667410
D:\other\Bird\Dataset\CC0\White-bellied Nothura_sound\White-bellied Nothura24.mp3,White-bellied Nothura_sound\White-bellied Nothura24.mp3,White-bellied Nothura_sound,White-bellied Nothura,White-bellied Nothura24.mp3,1301430,True,48000,2,2602604,54.22091666666667,MP3,MPEG_LAYER_III,0e5466cb9c568f248caa39199e1b559e5892161014ca7c1033ad6afca0667410
D:\other\Bird\Dataset\CC0\White-bellied Nothura_sound\White-bellied Nothura25.mp3,White-bellied Nothura_sound\White-bellied Nothura25.mp3,White-bellied Nothura_sound,White-bellied Nothura,White-bellied Nothura25.mp3,82267,True,44100,1,428436,9.715102040816326,MP3,MPEG_LAYER_III,251319fc829f7323809003d38be697ad4b26a9741af219f429ba18991e7c66a1
D:\other\Bird\Dataset\CC0\White-bellied Nothura_sound\White-bellied Nothura26.mp3,White-bellied Nothura_sound\White-bellied Nothura26.mp3,White-bellied Nothura_sound,White-bellied Nothura,White-bellied Nothura26.mp3,534690,True,44100,2,976226,22.136643990929706,MP3,MPEG_LAYER_III,c2fecf4da306bca60ff2b76f89c080577a0c187d73939e1daf65aeff05da4438
D:\other\Bird\Dataset\CC0\White-bellied Nothura_sound\White-bellied Nothura27.mp3,White-bellied Nothura_sound\White-bellied Nothura27.mp3,White-bellied Nothura_sound,White-bellied Nothura,White-bellied Nothura27.mp3,534690,True,44100,2,976226,22.136643990929706,MP3,MPEG_LAYER_III,c2fecf4da306bca60ff2b76f89c080577a0c187d73939e1daf65aeff05da4438
D:\other\Bird\Dataset\CC0\White-bellied Nothura_sound\White-bellied Nothura28.mp3,White-bellied Nothura_sound\White-bellied Nothura28.mp3,White-bellied Nothura_sound,White-bellied Nothura,White-bellied Nothura28.mp3,95376,True,44100,1,528236,11.978140589569161,MP3,MPEG_LAYER_III,3e299fa2fbe744189ac888e1fbf956e436f6c721d8b56ff9c788962e280b4a94
D:\other\Bird\Dataset\CC0\White-bellied Nothura_sound\White-bellied Nothura29.mp3,White-bellied Nothura_sound\White-bellied Nothura29.mp3,White-bellied Nothura_sound,White-bellied Nothura,White-bellied Nothura29.mp3,662070,True,48000,2,1323884,27.580916666666667,MP3,MPEG_LAYER_III,72a8feb21ed2824094bd87362d813b1a9d016078af659a2f19bec71118d04214
D:\other\Bird\Dataset\CC0\White-bellied Nothura_sound\White-bellied Nothura3.mp3,White-bellied Nothura_sound\White-bellied Nothura3.mp3,White-bellied Nothura_sound,White-bellied Nothura,White-bellied Nothura3.mp3,613571,True,48000,1,2462614,51.304458333333336,MP3,MPEG_LAYER_III,df713879b0d1605ddc07f160b4a17b8062e8bd1373573d0f7cf08d05a6effccc
D:\other\Bird\Dataset\CC0\White-bellied Nothura_sound\White-bellied Nothura30.mp3,White-bellied Nothura_sound\White-bellied Nothura30.mp3,White-bellied Nothura_sound,White-bellied Nothura,White-bellied Nothura30.mp3,123516,True,48000,2,246776,5.141166666666667,MP3,MPEG_LAYER_III,ce41236cc91d6e9d0e76ac7176c07f9bc16386af43bf13dc19c39be51743a26e
D:\other\Bird\Dataset\CC0\White-bellied Nothura_sound\White-bellied Nothura31.mp3,White-bellied Nothura_sound\White-bellied Nothura31.mp3,White-bellied Nothura_sound,White-bellied Nothura,White-bellied Nothura31.mp3,362112,True,44100,1,2005543,45.477165532879816,MP3,MPEG_LAYER_III,3dcea6d5de57a0dff4fed3c9ab89f26ea4ff56f7559e93c1219ebaad34564049
D:\other\Bird\Dataset\CC0\White-bellied Nothura_sound\White-bellied Nothura4.mp3,White-bellied Nothura_sound\White-bellied Nothura4.mp3,White-bellied Nothura_sound,White-bellied Nothura,White-bellied Nothura4.mp3,568855,True,44100,2,1551380,35.17868480725624,MP3,MPEG_LAYER_III,9c9978b8e565f9c6c0167f6794265a31f3c9fe6f46b2432865453bd4246968c3
D:\other\Bird\Dataset\CC0\White-bellied Nothura_sound\White-bellied Nothura5.mp3,White-bellied Nothura_sound\White-bellied Nothura5.mp3,White-bellied Nothura_sound,White-bellied Nothura,White-bellied Nothura5.mp3,975421,True,48000,1,1938341,40.382104166666664,MP3,MPEG_LAYER_III,5f7b60ebaef927f1e56cef00fb081c865095665f0d5d3566f413a9a157c35fe4
D:\other\Bird\Dataset\CC0\White-bellied Nothura_sound\White-bellied Nothura6.mp3,White-bellied Nothura_sound\White-bellied Nothura6.mp3,White-bellied Nothura_sound,White-bellied Nothura,White-bellied Nothura6.mp3,975421,True,48000,1,1938341,40.382104166666664,MP3,MPEG_LAYER_III,5f7b60ebaef927f1e56cef00fb081c865095665f0d5d3566f413a9a157c35fe4
D:\other\Bird\Dataset\CC0\White-bellied Nothura_sound\White-bellied Nothura7.mp3,White-bellied Nothura_sound\White-bellied Nothura7.mp3,White-bellied Nothura_sound,White-bellied Nothura,White-bellied Nothura7.mp3,975421,True,48000,1,1938341,40.382104166666664,MP3,MPEG_LAYER_III,5f7b60ebaef927f1e56cef00fb081c865095665f0d5d3566f413a9a157c35fe4
D:\other\Bird\Dataset\CC0\White-bellied Nothura_sound\White-bellied Nothura8.mp3,White-bellied Nothura_sound\White-bellied Nothura8.mp3,White-bellied Nothura_sound,White-bellied Nothura,White-bellied Nothura8.mp3,975421,True,48000,1,1938341,40.382104166666664,MP3,MPEG_LAYER_III,5f7b60ebaef927f1e56cef00fb081c865095665f0d5d3566f413a9a157c35fe4
D:\other\Bird\Dataset\CC0\White-bellied Nothura_sound\White-bellied Nothura9.mp3,White-bellied Nothura_sound\White-bellied Nothura9.mp3,White-bellied Nothura_sound,White-bellied Nothura,White-bellied Nothura9.mp3,233745,True,16000,1,608043,38.0026875,MP3,MPEG_LAYER_III,6710d6befb605d1d7bc0a526a91ff19c20418a0605a2cda26c3892d9c2fa2759
D:\other\Bird\Dataset\CC0\White-browed Guan_sound\White-browed Guan2.mp3,White-browed Guan_sound\White-browed Guan2.mp3,White-browed Guan_sound,White-browed Guan,White-browed Guan2.mp3,830718,True,48000,1,1661180,34.60791666666667,MP3,MPEG_LAYER_III,b195323f8f151539a9e2d7ab82d307c9a0f0135fe32358efbe3c20457d40f401
D:\other\Bird\Dataset\CC0\White-browed Guan_sound\White-browed Guan3.mp3,White-browed Guan_sound\White-browed Guan3.mp3,White-browed Guan_sound,White-browed Guan,White-browed Guan3.mp3,100875,True,48000,1,201494,4.197791666666666,MP3,MPEG_LAYER_III,4698f7c67b5b418976375f903ea4c1e35f3e227afd5a4d6e1b523246ced7cd06
D:\other\Bird\Dataset\CC0\White-browed Guan_sound\White-browed Guan4.mp3,White-browed Guan_sound\White-browed Guan4.mp3,White-browed Guan_sound,White-browed Guan,White-browed Guan4.mp3,100875,True,48000,1,201494,4.197791666666666,MP3,MPEG_LAYER_III,4698f7c67b5b418976375f903ea4c1e35f3e227afd5a4d6e1b523246ced7cd06
D:\other\Bird\Dataset\CC0\White-crested Guan_sound\White-crested Guan10.mp3,White-crested Guan_sound\White-crested Guan10.mp3,White-crested Guan_sound,White-crested Guan,White-crested Guan10.mp3,968969,True,44100,1,2670460,60.554648526077095,MP3,MPEG_LAYER_III,98ab2fe959f1739ca8aeb233f34ab87b626db24b07b6081176474db89669cf51
D:\other\Bird\Dataset\CC0\White-crested Guan_sound\White-crested Guan11.mp3,White-crested Guan_sound\White-crested Guan11.mp3,White-crested Guan_sound,White-crested Guan,White-crested Guan11.mp3,516036,True,22050,2,1421832,64.4821768707483,MP3,MPEG_LAYER_III,6f71b1fec0bc04a6c450f8da33703e43e68902c2475cb99e5a28ae7b5ce4dc54
D:\other\Bird\Dataset\CC0\White-crested Guan_sound\White-crested Guan12.mp3,White-crested Guan_sound\White-crested Guan12.mp3,White-crested Guan_sound,White-crested Guan,White-crested Guan12.mp3,516036,True,22050,2,1421832,64.4821768707483,MP3,MPEG_LAYER_III,6f71b1fec0bc04a6c450f8da33703e43e68902c2475cb99e5a28ae7b5ce4dc54
D:\other\Bird\Dataset\CC0\White-crested Guan_sound\White-crested Guan13.mp3,White-crested Guan_sound\White-crested Guan13.mp3,White-crested Guan_sound,White-crested Guan,White-crested Guan13.mp3,234063,True,44100,1,834538,18.923764172335602,MP3,MPEG_LAYER_III,6efcf7e1411dda290263c036e757e35b74dd04aae495612c8ba168ca891dad35
D:\other\Bird\Dataset\CC0\White-crested Guan_sound\White-crested Guan2.mp3,White-crested Guan_sound\White-crested Guan2.mp3,White-crested Guan_sound,White-crested Guan,White-crested Guan2.mp3,173947,True,44100,1,767766,17.409659863945578,MP3,MPEG_LAYER_III,2e1c2d9e109435b638b42b1e57970689cdffc9865a4090465ce084430dc8321e
D:\other\Bird\Dataset\CC0\White-crested Guan_sound\White-crested Guan3.mp3,White-crested Guan_sound\White-crested Guan3.mp3,White-crested Guan_sound,White-crested Guan,White-crested Guan3.mp3,173947,True,44100,1,767766,17.409659863945578,MP3,MPEG_LAYER_III,2e1c2d9e109435b638b42b1e57970689cdffc9865a4090465ce084430dc8321e
D:\other\Bird\Dataset\CC0\White-crested Guan_sound\White-crested Guan4.mp3,White-crested Guan_sound\White-crested Guan4.mp3,White-crested Guan_sound,White-crested Guan,White-crested Guan4.mp3,173947,True,44100,1,767766,17.409659863945578,MP3,MPEG_LAYER_III,2e1c2d9e109435b638b42b1e57970689cdffc9865a4090465ce084430dc8321e
D:\other\Bird\Dataset\CC0\White-crested Guan_sound\White-crested Guan5.mp3,White-crested Guan_sound\White-crested Guan5.mp3,White-crested Guan_sound,White-crested Guan,White-crested Guan5.mp3,173947,True,44100,1,767766,17.409659863945578,MP3,MPEG_LAYER_III,2e1c2d9e109435b638b42b1e57970689cdffc9865a4090465ce084430dc8321e
D:\other\Bird\Dataset\CC0\White-crested Guan_sound\White-crested Guan6.mp3,White-crested Guan_sound\White-crested Guan6.mp3,White-crested Guan_sound,White-crested Guan,White-crested Guan6.mp3,173947,True,44100,1,767766,17.409659863945578,MP3,MPEG_LAYER_III,2e1c2d9e109435b638b42b1e57970689cdffc9865a4090465ce084430dc8321e
D:\other\Bird\Dataset\CC0\White-crested Guan_sound\White-crested Guan7.mp3,White-crested Guan_sound\White-crested Guan7.mp3,White-crested Guan_sound,White-crested Guan,White-crested Guan7.mp3,411071,True,44100,1,1490631,33.801156462585034,MP3,MPEG_LAYER_III,2e5958b78a56a06a03a8ff8b03e1e07a7c261c4556b9c762e72921f2dc4d8019
D:\other\Bird\Dataset\CC0\White-crested Guan_sound\White-crested Guan8.mp3,White-crested Guan_sound\White-crested Guan8.mp3,White-crested Guan_sound,White-crested Guan,White-crested Guan8.mp3,411071,True,44100,1,1490631,33.801156462585034,MP3,MPEG_LAYER_III,2e5958b78a56a06a03a8ff8b03e1e07a7c261c4556b9c762e72921f2dc4d8019
D:\other\Bird\Dataset\CC0\White-crested Guan_sound\White-crested Guan9.mp3,White-crested Guan_sound\White-crested Guan9.mp3,White-crested Guan_sound,White-crested Guan,White-crested Guan9.mp3,771293,True,44100,1,2125668,48.20108843537415,MP3,MPEG_LAYER_III,eace15212a9961592d5fc00a66d45032b5260c0d898cc7beedd0cd8441aaa8ec
D:\other\Bird\Dataset\CC0\White-throated Tinamou_sound\White-throated Tinamou10.mp3,White-throated Tinamou_sound\White-throated Tinamou10.mp3,White-throated Tinamou_sound,White-throated Tinamou,White-throated Tinamou10.mp3,171070,True,48000,1,341884,7.122583333333333,MP3,MPEG_LAYER_III,1f073ed1a6be7a7b09c34ea24eb8620a8e4f4f05963ad0b42dbff3c97b605cb2
D:\other\Bird\Dataset\CC0\White-throated Tinamou_sound\White-throated Tinamou11.mp3,White-throated Tinamou_sound\White-throated Tinamou11.mp3,White-throated Tinamou_sound,White-throated Tinamou,White-throated Tinamou11.mp3,171070,True,48000,1,341884,7.122583333333333,MP3,MPEG_LAYER_III,1f073ed1a6be7a7b09c34ea24eb8620a8e4f4f05963ad0b42dbff3c97b605cb2
D:\other\Bird\Dataset\CC0\White-throated Tinamou_sound\White-throated Tinamou12.mp3,White-throated Tinamou_sound\White-throated Tinamou12.mp3,White-throated Tinamou_sound,White-throated Tinamou,White-throated Tinamou12.mp3,171070,True,48000,1,341884,7.122583333333333,MP3,MPEG_LAYER_III,1f073ed1a6be7a7b09c34ea24eb8620a8e4f4f05963ad0b42dbff3c97b605cb2
D:\other\Bird\Dataset\CC0\White-throated Tinamou_sound\White-throated Tinamou13.mp3,White-throated Tinamou_sound\White-throated Tinamou13.mp3,White-throated Tinamou_sound,White-throated Tinamou,White-throated Tinamou13.mp3,620456,True,44100,1,1709612,38.76671201814059,MP3,MPEG_LAYER_III,a655d4d0bd454d1544e8b1267b37d224d02ada23ac676699dd6db66b348f7cca
D:\other\Bird\Dataset\CC0\White-throated Tinamou_sound\White-throated Tinamou14.mp3,White-throated Tinamou_sound\White-throated Tinamou14.mp3,White-throated Tinamou_sound,White-throated Tinamou,White-throated Tinamou14.mp3,541289,True,44100,1,1491782,33.82725623582766,MP3,MPEG_LAYER_III,6255966c6a0cc7dffd962f0ce949fa2c0879b4eba49f02cb2a36414c5a1a69a4
D:\other\Bird\Dataset\CC0\White-throated Tinamou_sound\White-throated Tinamou15.mp3,White-throated Tinamou_sound\White-throated Tinamou15.mp3,White-throated Tinamou_sound,White-throated Tinamou,White-throated Tinamou15.mp3,86617,True,32000,2,214631,6.70721875,MP3,MPEG_LAYER_III,e3263373b48b24b1b33df8e4f34c15bde5d8ad73daccb33c74b5aa2af9080e45
D:\other\Bird\Dataset\CC0\White-throated Tinamou_sound\White-throated Tinamou16.mp3,White-throated Tinamou_sound\White-throated Tinamou16.mp3,White-throated Tinamou_sound,White-throated Tinamou,White-throated Tinamou16.mp3,86617,True,32000,2,214631,6.70721875,MP3,MPEG_LAYER_III,e3263373b48b24b1b33df8e4f34c15bde5d8ad73daccb33c74b5aa2af9080e45
D:\other\Bird\Dataset\CC0\White-throated Tinamou_sound\White-throated Tinamou17.mp3,White-throated Tinamou_sound\White-throated Tinamou17.mp3,White-throated Tinamou_sound,White-throated Tinamou,White-throated Tinamou17.mp3,184138,True,44100,2,504504,11.44,MP3,MPEG_LAYER_III,680e5aa3daa3d409c50457e1268ef0d50da86dc479c2443cb2adbbb9c8433327
D:\other\Bird\Dataset\CC0\White-throated Tinamou_sound\White-throated Tinamou18.mp3,White-throated Tinamou_sound\White-throated Tinamou18.mp3,White-throated Tinamou_sound,White-throated Tinamou,White-throated Tinamou18.mp3,197295,True,44100,2,755580,17.133333333333333,MP3,MPEG_LAYER_III,372b51c5c12c8d2cfc664643ec9bbaf6d1f8095608e18609a017693c673b5d76
D:\other\Bird\Dataset\CC0\White-throated Tinamou_sound\White-throated Tinamou19.mp3,White-throated Tinamou_sound\White-throated Tinamou19.mp3,White-throated Tinamou_sound,White-throated Tinamou,White-throated Tinamou19.mp3,139332,True,44100,2,538608,12.213333333333333,MP3,MPEG_LAYER_III,6f64bea3d9eb7eed18599659ade326810a5efea295161990bb7c4e29face1311
D:\other\Bird\Dataset\CC0\White-throated Tinamou_sound\White-throated Tinamou2.mp3,White-throated Tinamou_sound\White-throated Tinamou2.mp3,White-throated Tinamou_sound,White-throated Tinamou,White-throated Tinamou2.mp3,415249,True,44100,1,763928,17.32263038548753,MP3,MPEG_LAYER_III,bbbe18262451ad32b7fca799750777ca4290522533d04001810fb4c697e5fff7
D:\other\Bird\Dataset\CC0\White-throated Tinamou_sound\White-throated Tinamou20.mp3,White-throated Tinamou_sound\White-throated Tinamou20.mp3,White-throated Tinamou_sound,White-throated Tinamou,White-throated Tinamou20.mp3,270866,True,44100,2,753816,17.093333333333334,MP3,MPEG_LAYER_III,7068b2f6f7527124a5979640c00b06c6e70678f266083f47be9df5ca14a1e996
D:\other\Bird\Dataset\CC0\White-throated Tinamou_sound\White-throated Tinamou21.mp3,White-throated Tinamou_sound\White-throated Tinamou21.mp3,White-throated Tinamou_sound,White-throated Tinamou,White-throated Tinamou21.mp3,140045,True,44100,2,566244,12.84,MP3,MPEG_LAYER_III,5646d17d05f9350716a7490bdb1fb6ad78f5522816c3ca295fe759894ee94e2b
D:\other\Bird\Dataset\CC0\White-throated Tinamou_sound\White-throated Tinamou22.mp3,White-throated Tinamou_sound\White-throated Tinamou22.mp3,White-throated Tinamou_sound,White-throated Tinamou,White-throated Tinamou22.mp3,260875,True,44100,1,718966,16.303083900226756,MP3,MPEG_LAYER_III,3e878e2c6596c08374438ccb652137ccf58fee82cc064924544c8f5f9ad486b9
D:\other\Bird\Dataset\CC0\White-throated Tinamou_sound\White-throated Tinamou23.mp3,White-throated Tinamou_sound\White-throated Tinamou23.mp3,White-throated Tinamou_sound,White-throated Tinamou,White-throated Tinamou23.mp3,156411,True,44100,1,431065,9.774716553287982,MP3,MPEG_LAYER_III,6402639655830c949d7baa9b7664ad22da12429717eb8e986ccf9cbc86e0539a
D:\other\Bird\Dataset\CC0\White-throated Tinamou_sound\White-throated Tinamou24.mp3,White-throated Tinamou_sound\White-throated Tinamou24.mp3,White-throated Tinamou_sound,White-throated Tinamou,White-throated Tinamou24.mp3,127150,True,44100,2,351263,7.965147392290249,MP3,MPEG_LAYER_III,1445a3dd06cb6756a7e52ada0d22e5dbe6eb8b7d62b6be8d095a568d134bef5a
D:\other\Bird\Dataset\CC0\White-throated Tinamou_sound\White-throated Tinamou25.mp3,White-throated Tinamou_sound\White-throated Tinamou25.mp3,White-throated Tinamou_sound,White-throated Tinamou,White-throated Tinamou25.mp3,127150,True,44100,2,351263,7.965147392290249,MP3,MPEG_LAYER_III,1445a3dd06cb6756a7e52ada0d22e5dbe6eb8b7d62b6be8d095a568d134bef5a
D:\other\Bird\Dataset\CC0\White-throated Tinamou_sound\White-throated Tinamou26.mp3,White-throated Tinamou_sound\White-throated Tinamou26.mp3,White-throated Tinamou_sound,White-throated Tinamou,White-throated Tinamou26.mp3,1025120,True,44100,2,2831986,64.21736961451248,MP3,MPEG_LAYER_III,3037660bb39edb42ed7919265a6db6b2c41347994edaa0178bdce6eff97fae4d
D:\other\Bird\Dataset\CC0\White-throated Tinamou_sound\White-throated Tinamou27.mp3,White-throated Tinamou_sound\White-throated Tinamou27.mp3,White-throated Tinamou_sound,White-throated Tinamou,White-throated Tinamou27.mp3,255408,True,48000,2,510560,10.636666666666667,MP3,MPEG_LAYER_III,b5dd1a7d6a01f0bec6610e1c9c17f2d9b834d64e86b58229664d664dc23fa527
D:\other\Bird\Dataset\CC0\White-throated Tinamou_sound\White-throated Tinamou28.mp3,White-throated Tinamou_sound\White-throated Tinamou28.mp3,White-throated Tinamou_sound,White-throated Tinamou,White-throated Tinamou28.mp3,212790,True,48000,2,425324,8.860916666666666,MP3,MPEG_LAYER_III,9f8f84e2f4a1a2f0fe7c2cbdc2ed9547312cc2ce385b5d143a76798972e67c3a
D:\other\Bird\Dataset\CC0\White-throated Tinamou_sound\White-throated Tinamou29.mp3,White-throated Tinamou_sound\White-throated Tinamou29.mp3,White-throated Tinamou_sound,White-throated Tinamou,White-throated Tinamou29.mp3,102995,True,44100,1,351955,7.980839002267573,MP3,MPEG_LAYER_III,f326d292e1885097da3bbab1d182775ee5a452079878df5ee87656f6988ccfac
D:\other\Bird\Dataset\CC0\White-throated Tinamou_sound\White-throated Tinamou3.mp3,White-throated Tinamou_sound\White-throated Tinamou3.mp3,White-throated Tinamou_sound,White-throated Tinamou,White-throated Tinamou3.mp3,645908,True,44100,1,1780110,40.36530612244898,MP3,MPEG_LAYER_III,92528305be8f16955e4fcfb29d57222bbb4d2b1cff4db344afcbfcb870c89248
D:\other\Bird\Dataset\CC0\White-throated Tinamou_sound\White-throated Tinamou30.mp3,White-throated Tinamou_sound\White-throated Tinamou30.mp3,White-throated Tinamou_sound,White-throated Tinamou,White-throated Tinamou30.mp3,140864,True,44100,1,497550,11.282312925170068,MP3,MPEG_LAYER_III,2af3579b95795e8618cd41bd186c7ea855a36cc1671803250d732801d16d96cc
D:\other\Bird\Dataset\CC0\White-throated Tinamou_sound\White-throated Tinamou31.mp3,White-throated Tinamou_sound\White-throated Tinamou31.mp3,White-throated Tinamou_sound,White-throated Tinamou,White-throated Tinamou31.mp3,256865,True,44100,2,692249,15.697256235827664,MP3,MPEG_LAYER_III,1ac39d7611ecf1acfcdd02b547ac8e217959c3a4e2b0ca5d382f5a00b4e9e0ed
D:\other\Bird\Dataset\CC0\White-throated Tinamou_sound\White-throated Tinamou4.mp3,White-throated Tinamou_sound\White-throated Tinamou4.mp3,White-throated Tinamou_sound,White-throated Tinamou,White-throated Tinamou4.mp3,170385,True,44100,2,312816,7.093333333333334,MP3,MPEG_LAYER_III,70f81ed04354c2bb798af741f29203581df3b79ef1c11fa4a506988c62cfb623
D:\other\Bird\Dataset\CC0\White-throated Tinamou_sound\White-throated Tinamou5.mp3,White-throated Tinamou_sound\White-throated Tinamou5.mp3,White-throated Tinamou_sound,White-throated Tinamou,White-throated Tinamou5.mp3,857499,True,48000,2,1714742,35.72379166666666,MP3,MPEG_LAYER_III,95236e669c32b4c7e9d9494181ef7c0a1d56e00a85d193da2ce57b5d8bd2eef8
D:\other\Bird\Dataset\CC0\White-throated Tinamou_sound\White-throated Tinamou6.mp3,White-throated Tinamou_sound\White-throated Tinamou6.mp3,White-throated Tinamou_sound,White-throated Tinamou,White-throated Tinamou6.mp3,1060656,True,48000,2,2121056,44.18866666666667,MP3,MPEG_LAYER_III,03666c55d4355ab953420f44cb8b0e87968229535ab7f693a00ceccb832be016
D:\other\Bird\Dataset\CC0\White-throated Tinamou_sound\White-throated Tinamou7.mp3,White-throated Tinamou_sound\White-throated Tinamou7.mp3,White-throated Tinamou_sound,White-throated Tinamou,White-throated Tinamou7.mp3,1060656,True,48000,2,2121056,44.18866666666667,MP3,MPEG_LAYER_III,03666c55d4355ab953420f44cb8b0e87968229535ab7f693a00ceccb832be016
D:\other\Bird\Dataset\CC0\White-throated Tinamou_sound\White-throated Tinamou8.mp3,White-throated Tinamou_sound\White-throated Tinamou8.mp3,White-throated Tinamou_sound,White-throated Tinamou,White-throated Tinamou8.mp3,171070,True,48000,1,341884,7.122583333333333,MP3,MPEG_LAYER_III,1f073ed1a6be7a7b09c34ea24eb8620a8e4f4f05963ad0b42dbff3c97b605cb2
D:\other\Bird\Dataset\CC0\White-throated Tinamou_sound\White-throated Tinamou9.mp3,White-throated Tinamou_sound\White-throated Tinamou9.mp3,White-throated Tinamou_sound,White-throated Tinamou,White-throated Tinamou9.mp3,171070,True,48000,1,341884,7.122583333333333,MP3,MPEG_LAYER_III,1f073ed1a6be7a7b09c34ea24eb8620a8e4f4f05963ad0b42dbff3c97b605cb2
D:\other\Bird\Dataset\CC0\White-winged Guan_sound\White-winged Guan10.mp3,White-winged Guan_sound\White-winged Guan10.mp3,White-winged Guan_sound,White-winged Guan,White-winged Guan10.mp3,72089,True,48000,1,576712,12.014833333333334,MP3,MPEG_LAYER_III,c59d716a4a4b75903c3536e6f9507ab4e7f26489ca20bd511170c0a09ac0cdf8
D:\other\Bird\Dataset\CC0\White-winged Guan_sound\White-winged Guan11.mp3,White-winged Guan_sound\White-winged Guan11.mp3,White-winged Guan_sound,White-winged Guan,White-winged Guan11.mp3,356243,True,44100,1,981798,22.262993197278913,MP3,MPEG_LAYER_III,4a2f8dfb7779f474b8d39432a1283c0320b72538cf509c702fdd02c8edd6c0a8
D:\other\Bird\Dataset\CC0\White-winged Guan_sound\White-winged Guan12.mp3,White-winged Guan_sound\White-winged Guan12.mp3,White-winged Guan_sound,White-winged Guan,White-winged Guan12.mp3,1285744,True,44100,1,3543485,80.35113378684807,MP3,MPEG_LAYER_III,1c374a758122c8bfba288a5b90060abad7f9bc8cceeb913e996ae46a4a6f2ddb
D:\other\Bird\Dataset\CC0\White-winged Guan_sound\White-winged Guan13.mp3,White-winged Guan_sound\White-winged Guan13.mp3,White-winged Guan_sound,White-winged Guan,White-winged Guan13.mp3,1285744,True,44100,1,3543485,80.35113378684807,MP3,MPEG_LAYER_III,1c374a758122c8bfba288a5b90060abad7f9bc8cceeb913e996ae46a4a6f2ddb
D:\other\Bird\Dataset\CC0\White-winged Guan_sound\White-winged Guan14.mp3,White-winged Guan_sound\White-winged Guan14.mp3,White-winged Guan_sound,White-winged Guan,White-winged Guan14.mp3,156342,True,48000,1,1250736,26.057,MP3,MPEG_LAYER_III,ef841c13be91df99bbe55b3f441be6a964ba469268a47101b81a88476f12f329
D:\other\Bird\Dataset\CC0\White-winged Guan_sound\White-winged Guan15.mp3,White-winged Guan_sound\White-winged Guan15.mp3,White-winged Guan_sound,White-winged Guan,White-winged Guan15.mp3,463172,True,48000,1,3705376,77.19533333333334,MP3,MPEG_LAYER_III,02fdaca6b48e17910216610d1835c74a8d979b4d6e9aab253e210a31a34985be
D:\other\Bird\Dataset\CC0\White-winged Guan_sound\White-winged Guan16.mp3,White-winged Guan_sound\White-winged Guan16.mp3,White-winged Guan_sound,White-winged Guan,White-winged Guan16.mp3,463172,True,48000,1,3705376,77.19533333333334,MP3,MPEG_LAYER_III,02fdaca6b48e17910216610d1835c74a8d979b4d6e9aab253e210a31a34985be
D:\other\Bird\Dataset\CC0\White-winged Guan_sound\White-winged Guan17.mp3,White-winged Guan_sound\White-winged Guan17.mp3,White-winged Guan_sound,White-winged Guan,White-winged Guan17.mp3,463172,True,48000,1,3705376,77.19533333333334,MP3,MPEG_LAYER_III,02fdaca6b48e17910216610d1835c74a8d979b4d6e9aab253e210a31a34985be
D:\other\Bird\Dataset\CC0\White-winged Guan_sound\White-winged Guan18.mp3,White-winged Guan_sound\White-winged Guan18.mp3,White-winged Guan_sound,White-winged Guan,White-winged Guan18.mp3,768273,True,44100,1,2827637,64.11875283446712,MP3,MPEG_LAYER_III,d691421cc5d6da5e2845d06711d5460dbacb75c0e848cdac3049bca36bb53968
D:\other\Bird\Dataset\CC0\White-winged Guan_sound\White-winged Guan19.mp3,White-winged Guan_sound\White-winged Guan19.mp3,White-winged Guan_sound,White-winged Guan,White-winged Guan19.mp3,768273,True,44100,1,2827637,64.11875283446712,MP3,MPEG_LAYER_III,d691421cc5d6da5e2845d06711d5460dbacb75c0e848cdac3049bca36bb53968
D:\other\Bird\Dataset\CC0\White-winged Guan_sound\White-winged Guan2.mp3,White-winged Guan_sound\White-winged Guan2.mp3,White-winged Guan_sound,White-winged Guan,White-winged Guan2.mp3,222163,True,44100,1,595348,13.499954648526078,MP3,MPEG_LAYER_III,b99b982aa7198bf4fb09f6522657d5bc8d761c3d4d62e5ad303552aa9af79f81
D:\other\Bird\Dataset\CC0\White-winged Guan_sound\White-winged Guan20.mp3,White-winged Guan_sound\White-winged Guan20.mp3,White-winged Guan_sound,White-winged Guan,White-winged Guan20.mp3,768273,True,44100,1,2827637,64.11875283446712,MP3,MPEG_LAYER_III,d691421cc5d6da5e2845d06711d5460dbacb75c0e848cdac3049bca36bb53968
D:\other\Bird\Dataset\CC0\White-winged Guan_sound\White-winged Guan21.mp3,White-winged Guan_sound\White-winged Guan21.mp3,White-winged Guan_sound,White-winged Guan,White-winged Guan21.mp3,1602100,True,44100,1,5896546,133.7085260770975,MP3,MPEG_LAYER_III,2c4fddfa2d25ccb9b6d67c3a1dc0f0dfc63deb0d6f36dc8d40a9ff80d517163e
D:\other\Bird\Dataset\CC0\White-winged Guan_sound\White-winged Guan3.mp3,White-winged Guan_sound\White-winged Guan3.mp3,White-winged Guan_sound,White-winged Guan,White-winged Guan3.mp3,222163,True,44100,1,595348,13.499954648526078,MP3,MPEG_LAYER_III,b99b982aa7198bf4fb09f6522657d5bc8d761c3d4d62e5ad303552aa9af79f81
D:\other\Bird\Dataset\CC0\White-winged Guan_sound\White-winged Guan4.mp3,White-winged Guan_sound\White-winged Guan4.mp3,White-winged Guan_sound,White-winged Guan,White-winged Guan4.mp3,222163,True,44100,1,595348,13.499954648526078,MP3,MPEG_LAYER_III,b99b982aa7198bf4fb09f6522657d5bc8d761c3d4d62e5ad303552aa9af79f81
D:\other\Bird\Dataset\CC0\White-winged Guan_sound\White-winged Guan5.mp3,White-winged Guan_sound\White-winged Guan5.mp3,White-winged Guan_sound,White-winged Guan,White-winged Guan5.mp3,222163,True,44100,1,595348,13.499954648526078,MP3,MPEG_LAYER_III,b99b982aa7198bf4fb09f6522657d5bc8d761c3d4d62e5ad303552aa9af79f81
D:\other\Bird\Dataset\CC0\White-winged Guan_sound\White-winged Guan6.mp3,White-winged Guan_sound\White-winged Guan6.mp3,White-winged Guan_sound,White-winged Guan,White-winged Guan6.mp3,222163,True,44100,1,595348,13.499954648526078,MP3,MPEG_LAYER_III,b99b982aa7198bf4fb09f6522657d5bc8d761c3d4d62e5ad303552aa9af79f81
D:\other\Bird\Dataset\CC0\White-winged Guan_sound\White-winged Guan7.mp3,White-winged Guan_sound\White-winged Guan7.mp3,White-winged Guan_sound,White-winged Guan,White-winged Guan7.mp3,899229,True,44100,2,1654575,37.5187074829932,MP3,MPEG_LAYER_III,1f68384adcf6a1748b1bd36e054470fc0211656ac700b4b51e11608308c1c73c
D:\other\Bird\Dataset\CC0\White-winged Guan_sound\White-winged Guan8.mp3,White-winged Guan_sound\White-winged Guan8.mp3,White-winged Guan_sound,White-winged Guan,White-winged Guan8.mp3,123187,True,48000,1,985496,20.531166666666667,MP3,MPEG_LAYER_III,653a9de17105d111014c485c46736a6d0235af236d026ad8fcdd2536fb1b64ff
D:\other\Bird\Dataset\CC0\White-winged Guan_sound\White-winged Guan9.mp3,White-winged Guan_sound\White-winged Guan9.mp3,White-winged Guan_sound,White-winged Guan,White-winged Guan9.mp3,109311,True,48000,1,874488,18.2185,MP3,MPEG_LAYER_III,2a1fe773db0af7c5dddce8546793047954ea8b8fe122043322b85f62e92d30af
D:\other\Bird\Dataset\CC0\Yellow-legged Tinamou_sound\Yellow-legged Tinamou10.mp3,Yellow-legged Tinamou_sound\Yellow-legged Tinamou10.mp3,Yellow-legged Tinamou_sound,Yellow-legged Tinamou,Yellow-legged Tinamou10.mp3,1202272,True,44100,1,4598965,104.28492063492064,MP3,MPEG_LAYER_III,2884942c87e50f32cf6fddb59975ddf260fc19e761ca1f98de483eb175f174dd
D:\other\Bird\Dataset\CC0\Yellow-legged Tinamou_sound\Yellow-legged Tinamou11.mp3,Yellow-legged Tinamou_sound\Yellow-legged Tinamou11.mp3,Yellow-legged Tinamou_sound,Yellow-legged Tinamou,Yellow-legged Tinamou11.mp3,1202272,True,44100,1,4598965,104.28492063492064,MP3,MPEG_LAYER_III,2884942c87e50f32cf6fddb59975ddf260fc19e761ca1f98de483eb175f174dd
D:\other\Bird\Dataset\CC0\Yellow-legged Tinamou_sound\Yellow-legged Tinamou12.mp3,Yellow-legged Tinamou_sound\Yellow-legged Tinamou12.mp3,Yellow-legged Tinamou_sound,Yellow-legged Tinamou,Yellow-legged Tinamou12.mp3,1202272,True,44100,1,4598965,104.28492063492064,MP3,MPEG_LAYER_III,2884942c87e50f32cf6fddb59975ddf260fc19e761ca1f98de483eb175f174dd
D:\other\Bird\Dataset\CC0\Yellow-legged Tinamou_sound\Yellow-legged Tinamou13.mp3,Yellow-legged Tinamou_sound\Yellow-legged Tinamou13.mp3,Yellow-legged Tinamou_sound,Yellow-legged Tinamou,Yellow-legged Tinamou13.mp3,1202272,True,44100,1,4598965,104.28492063492064,MP3,MPEG_LAYER_III,2884942c87e50f32cf6fddb59975ddf260fc19e761ca1f98de483eb175f174dd
D:\other\Bird\Dataset\CC0\Yellow-legged Tinamou_sound\Yellow-legged Tinamou14.mp3,Yellow-legged Tinamou_sound\Yellow-legged Tinamou14.mp3,Yellow-legged Tinamou_sound,Yellow-legged Tinamou,Yellow-legged Tinamou14.mp3,1202272,True,44100,1,4598965,104.28492063492064,MP3,MPEG_LAYER_III,2884942c87e50f32cf6fddb59975ddf260fc19e761ca1f98de483eb175f174dd
D:\other\Bird\Dataset\CC0\Yellow-legged Tinamou_sound\Yellow-legged Tinamou15.mp3,Yellow-legged Tinamou_sound\Yellow-legged Tinamou15.mp3,Yellow-legged Tinamou_sound,Yellow-legged Tinamou,Yellow-legged Tinamou15.mp3,923582,True,48000,2,1846908,38.47725,MP3,MPEG_LAYER_III,7144cb378bfd78a711e8c9bf3d02fa24e27037e8893d3de66e5caa881a83dcaa
D:\other\Bird\Dataset\CC0\Yellow-legged Tinamou_sound\Yellow-legged Tinamou16.mp3,Yellow-legged Tinamou_sound\Yellow-legged Tinamou16.mp3,Yellow-legged Tinamou_sound,Yellow-legged Tinamou,Yellow-legged Tinamou16.mp3,1056062,True,48000,2,2111868,43.99725,MP3,MPEG_LAYER_III,51a80bc9eec49e2779a483bf916999c5ce736042e51c4d148040f7721d0cd855
D:\other\Bird\Dataset\CC0\Yellow-legged Tinamou_sound\Yellow-legged Tinamou17.mp3,Yellow-legged Tinamou_sound\Yellow-legged Tinamou17.mp3,Yellow-legged Tinamou_sound,Yellow-legged Tinamou,Yellow-legged Tinamou17.mp3,1056062,True,48000,2,2111868,43.99725,MP3,MPEG_LAYER_III,51a80bc9eec49e2779a483bf916999c5ce736042e51c4d148040f7721d0cd855
D:\other\Bird\Dataset\CC0\Yellow-legged Tinamou_sound\Yellow-legged Tinamou18.mp3,Yellow-legged Tinamou_sound\Yellow-legged Tinamou18.mp3,Yellow-legged Tinamou_sound,Yellow-legged Tinamou,Yellow-legged Tinamou18.mp3,1056062,True,48000,2,2111868,43.99725,MP3,MPEG_LAYER_III,51a80bc9eec49e2779a483bf916999c5ce736042e51c4d148040f7721d0cd855
D:\other\Bird\Dataset\CC0\Yellow-legged Tinamou_sound\Yellow-legged Tinamou19.mp3,Yellow-legged Tinamou_sound\Yellow-legged Tinamou19.mp3,Yellow-legged Tinamou_sound,Yellow-legged Tinamou,Yellow-legged Tinamou19.mp3,1056062,True,48000,2,2111868,43.99725,MP3,MPEG_LAYER_III,51a80bc9eec49e2779a483bf916999c5ce736042e51c4d148040f7721d0cd855
D:\other\Bird\Dataset\CC0\Yellow-legged Tinamou_sound\Yellow-legged Tinamou2.mp3,Yellow-legged Tinamou_sound\Yellow-legged Tinamou2.mp3,Yellow-legged Tinamou_sound,Yellow-legged Tinamou,Yellow-legged Tinamou2.mp3,58436,True,44100,1,193846,4.395600907029478,MP3,MPEG_LAYER_III,14b0dcb847f2ea750a1de000272bccb81c7a9426064c00eb087a8e47f310e9c8
D:\other\Bird\Dataset\CC0\Yellow-legged Tinamou_sound\Yellow-legged Tinamou20.mp3,Yellow-legged Tinamou_sound\Yellow-legged Tinamou20.mp3,Yellow-legged Tinamou_sound,Yellow-legged Tinamou,Yellow-legged Tinamou20.mp3,1056062,True,48000,2,2111868,43.99725,MP3,MPEG_LAYER_III,51a80bc9eec49e2779a483bf916999c5ce736042e51c4d148040f7721d0cd855
D:\other\Bird\Dataset\CC0\Yellow-legged Tinamou_sound\Yellow-legged Tinamou21.mp3,Yellow-legged Tinamou_sound\Yellow-legged Tinamou21.mp3,Yellow-legged Tinamou_sound,Yellow-legged Tinamou,Yellow-legged Tinamou21.mp3,1056062,True,48000,2,2111868,43.99725,MP3,MPEG_LAYER_III,51a80bc9eec49e2779a483bf916999c5ce736042e51c4d148040f7721d0cd855
D:\other\Bird\Dataset\CC0\Yellow-legged Tinamou_sound\Yellow-legged Tinamou22.mp3,Yellow-legged Tinamou_sound\Yellow-legged Tinamou22.mp3,Yellow-legged Tinamou_sound,Yellow-legged Tinamou,Yellow-legged Tinamou22.mp3,1056062,True,48000,2,2111868,43.99725,MP3,MPEG_LAYER_III,51a80bc9eec49e2779a483bf916999c5ce736042e51c4d148040f7721d0cd855
D:\other\Bird\Dataset\CC0\Yellow-legged Tinamou_sound\Yellow-legged Tinamou23.mp3,Yellow-legged Tinamou_sound\Yellow-legged Tinamou23.mp3,Yellow-legged Tinamou_sound,Yellow-legged Tinamou,Yellow-legged Tinamou23.mp3,1056062,True,48000,2,2111868,43.99725,MP3,MPEG_LAYER_III,51a80bc9eec49e2779a483bf916999c5ce736042e51c4d148040f7721d0cd855
D:\other\Bird\Dataset\CC0\Yellow-legged Tinamou_sound\Yellow-legged Tinamou24.mp3,Yellow-legged Tinamou_sound\Yellow-legged Tinamou24.mp3,Yellow-legged Tinamou_sound,Yellow-legged Tinamou,Yellow-legged Tinamou24.mp3,2205340,True,44100,1,6077874,137.82027210884354,MP3,MPEG_LAYER_III,3424bfa5ac58496b2784cc40ab82e1be36c7e0616a2b2225f342a3c0745df798
D:\other\Bird\Dataset\CC0\Yellow-legged Tinamou_sound\Yellow-legged Tinamou25.mp3,Yellow-legged Tinamou_sound\Yellow-legged Tinamou25.mp3,Yellow-legged Tinamou_sound,Yellow-legged Tinamou,Yellow-legged Tinamou25.mp3,1567412,True,44100,1,4319757,97.95367346938775,MP3,MPEG_LAYER_III,0f9f6bb95ba0763c9c4f43c8d07d241beb16e026eccd52eed0a143008918436f
D:\other\Bird\Dataset\CC0\Yellow-legged Tinamou_sound\Yellow-legged Tinamou26.mp3,Yellow-legged Tinamou_sound\Yellow-legged Tinamou26.mp3,Yellow-legged Tinamou_sound,Yellow-legged Tinamou,Yellow-legged Tinamou26.mp3,1567412,True,44100,1,4319757,97.95367346938775,MP3,MPEG_LAYER_III,0f9f6bb95ba0763c9c4f43c8d07d241beb16e026eccd52eed0a143008918436f
D:\other\Bird\Dataset\CC0\Yellow-legged Tinamou_sound\Yellow-legged Tinamou27.mp3,Yellow-legged Tinamou_sound\Yellow-legged Tinamou27.mp3,Yellow-legged Tinamou_sound,Yellow-legged Tinamou,Yellow-legged Tinamou27.mp3,1567412,True,44100,1,4319757,97.95367346938775,MP3,MPEG_LAYER_III,0f9f6bb95ba0763c9c4f43c8d07d241beb16e026eccd52eed0a143008918436f
D:\other\Bird\Dataset\CC0\Yellow-legged Tinamou_sound\Yellow-legged Tinamou28.mp3,Yellow-legged Tinamou_sound\Yellow-legged Tinamou28.mp3,Yellow-legged Tinamou_sound,Yellow-legged Tinamou,Yellow-legged Tinamou28.mp3,1567412,True,44100,1,4319757,97.95367346938775,MP3,MPEG_LAYER_III,0f9f6bb95ba0763c9c4f43c8d07d241beb16e026eccd52eed0a143008918436f
D:\other\Bird\Dataset\CC0\Yellow-legged Tinamou_sound\Yellow-legged Tinamou29.mp3,Yellow-legged Tinamou_sound\Yellow-legged Tinamou29.mp3,Yellow-legged Tinamou_sound,Yellow-legged Tinamou,Yellow-legged Tinamou29.mp3,1567412,True,44100,1,4319757,97.95367346938775,MP3,MPEG_LAYER_III,0f9f6bb95ba0763c9c4f43c8d07d241beb16e026eccd52eed0a143008918436f
D:\other\Bird\Dataset\CC0\Yellow-legged Tinamou_sound\Yellow-legged Tinamou3.mp3,Yellow-legged Tinamou_sound\Yellow-legged Tinamou3.mp3,Yellow-legged Tinamou_sound,Yellow-legged Tinamou,Yellow-legged Tinamou3.mp3,58436,True,44100,1,193846,4.395600907029478,MP3,MPEG_LAYER_III,14b0dcb847f2ea750a1de000272bccb81c7a9426064c00eb087a8e47f310e9c8
D:\other\Bird\Dataset\CC0\Yellow-legged Tinamou_sound\Yellow-legged Tinamou30.mp3,Yellow-legged Tinamou_sound\Yellow-legged Tinamou30.mp3,Yellow-legged Tinamou_sound,Yellow-legged Tinamou,Yellow-legged Tinamou30.mp3,210328,True,44100,1,579659,13.14419501133787,MP3,MPEG_LAYER_III,3ec094f6b8d8307fbd833065f62365f3014dcd84340d1de67240109a359eb0a9
D:\other\Bird\Dataset\CC0\Yellow-legged Tinamou_sound\Yellow-legged Tinamou31.mp3,Yellow-legged Tinamou_sound\Yellow-legged Tinamou31.mp3,Yellow-legged Tinamou_sound,Yellow-legged Tinamou,Yellow-legged Tinamou31.mp3,752967,True,48000,2,1505678,31.368291666666668,MP3,MPEG_LAYER_III,9691acfd2125127d9fdd63cded40e05ef56651b7f3e9c5fdaabd4305f0529c05
D:\other\Bird\Dataset\CC0\Yellow-legged Tinamou_sound\Yellow-legged Tinamou4.mp3,Yellow-legged Tinamou_sound\Yellow-legged Tinamou4.mp3,Yellow-legged Tinamou_sound,Yellow-legged Tinamou,Yellow-legged Tinamou4.mp3,58436,True,44100,1,193846,4.395600907029478,MP3,MPEG_LAYER_III,14b0dcb847f2ea750a1de000272bccb81c7a9426064c00eb087a8e47f310e9c8
D:\other\Bird\Dataset\CC0\Yellow-legged Tinamou_sound\Yellow-legged Tinamou5.mp3,Yellow-legged Tinamou_sound\Yellow-legged Tinamou5.mp3,Yellow-legged Tinamou_sound,Yellow-legged Tinamou,Yellow-legged Tinamou5.mp3,58436,True,44100,1,193846,4.395600907029478,MP3,MPEG_LAYER_III,14b0dcb847f2ea750a1de000272bccb81c7a9426064c00eb087a8e47f310e9c8
D:\other\Bird\Dataset\CC0\Yellow-legged Tinamou_sound\Yellow-legged Tinamou6.mp3,Yellow-legged Tinamou_sound\Yellow-legged Tinamou6.mp3,Yellow-legged Tinamou_sound,Yellow-legged Tinamou,Yellow-legged Tinamou6.mp3,58436,True,44100,1,193846,4.395600907029478,MP3,MPEG_LAYER_III,14b0dcb847f2ea750a1de000272bccb81c7a9426064c00eb087a8e47f310e9c8
D:\other\Bird\Dataset\CC0\Yellow-legged Tinamou_sound\Yellow-legged Tinamou7.mp3,Yellow-legged Tinamou_sound\Yellow-legged Tinamou7.mp3,Yellow-legged Tinamou_sound,Yellow-legged Tinamou,Yellow-legged Tinamou7.mp3,1202272,True,44100,1,4598965,104.28492063492064,MP3,MPEG_LAYER_III,2884942c87e50f32cf6fddb59975ddf260fc19e761ca1f98de483eb175f174dd
D:\other\Bird\Dataset\CC0\Yellow-legged Tinamou_sound\Yellow-legged Tinamou8.mp3,Yellow-legged Tinamou_sound\Yellow-legged Tinamou8.mp3,Yellow-legged Tinamou_sound,Yellow-legged Tinamou,Yellow-legged Tinamou8.mp3,1202272,True,44100,1,4598965,104.28492063492064,MP3,MPEG_LAYER_III,2884942c87e50f32cf6fddb59975ddf260fc19e761ca1f98de483eb175f174dd
D:\other\Bird\Dataset\CC0\Yellow-legged Tinamou_sound\Yellow-legged Tinamou9.mp3,Yellow-legged Tinamou_sound\Yellow-legged Tinamou9.mp3,Yellow-legged Tinamou_sound,Yellow-legged Tinamou,Yellow-legged Tinamou9.mp3,1202272,True,44100,1,4598965,104.28492063492064,MP3,MPEG_LAYER_III,2884942c87e50f32cf6fddb59975ddf260fc19e761ca1f98de483eb175f174dd
