recording_id,original_audio_path,cached_audio_path,status,samplerate,channels,duration_sec,ffmpeg_warning
Andean Guan_sound/Andean Guan10,D:\other\Bird\Dataset\CC0\Andean Guan_sound\Andean Guan10.mp3,D:\other\Bird\Code\data\kaggle_wav_cache\Andean Guan_sound\Andean Guan10.wav,converted,32000,1,7.62778125,"[mp3 @ 000001fc6a2755c0] Estimating duration from bitrate, this may be inaccurate
"
Andean Guan_sound/Andean Guan11,D:\other\Bird\Dataset\CC0\Andean Guan_sound\Andean Guan11.mp3,D:\other\Bird\Code\data\kaggle_wav_cache\Andean Guan_sound\Andean Guan11.wav,converted,32000,1,20.40165625,"[mp3 @ 00000292b5c555c0] Estimating duration from bitrate, this may be inaccurate
"
Andean Guan_sound/Andean Guan12,D:\other\Bird\Dataset\CC0\Andean Guan_sound\Andean Guan12.mp3,D:\other\Bird\Code\data\kaggle_wav_cache\Andean Guan_sound\Andean Guan12.wav,converted,32000,1,15.62125,"[mp3 @ 00000166ad7655c0] Estimating duration from bitrate, this may be inaccurate
"
Andean Guan_sound/Andean Guan13,D:\other\Bird\Dataset\CC0\Andean Guan_sound\Andean Guan13.mp3,D:\other\Bird\Code\data\kaggle_wav_cache\Andean Guan_sound\Andean Guan13.wav,converted,32000,1,27.87265625,"[mp3 @ 0000023de1df55c0] Estimating duration from bitrate, this may be inaccurate
"
Andean Guan_sound/Andean Guan14,D:\other\Bird\Dataset\CC0\Andean Guan_sound\Andean Guan14.mp3,D:\other\Bird\Code\data\kaggle_wav_cache\Andean Guan_sound\Andean Guan14.wav,converted,32000,1,22.77878125,"[mp3 @ 000001460ff855c0] Estimating duration from bitrate, this may be inaccurate
"
Andean Guan_sound/Andean Guan15,D:\other\Bird\Dataset\CC0\Andean Guan_sound\Andean Guan15.mp3,D:\other\Bird\Code\data\kaggle_wav_cache\Andean Guan_sound\Andean Guan15.wav,converted,32000,1,22.77878125,"[mp3 @ 0000019213cb55c0] Estimating duration from bitrate, this may be inaccurate
"
Andean Guan_sound/Andean Guan16,D:\other\Bird\Dataset\CC0\Andean Guan_sound\Andean Guan16.mp3,D:\other\Bird\Code\data\kaggle_wav_cache\Andean Guan_sound\Andean Guan16.wav,converted,32000,1,68.80653125,"[mp3 @ 00000219c2a355c0] Estimating duration from bitrate, this may be inaccurate
"
Andean Guan_sound/Andean Guan17,D:\other\Bird\Dataset\CC0\Andean Guan_sound\Andean Guan17.mp3,D:\other\Bird\Code\data\kaggle_wav_cache\Andean Guan_sound\Andean Guan17.wav,converted,32000,1,50.28571875,"[mp3 @ 0000022d0b9955c0] Estimating duration from bitrate, this may be inaccurate
"
Andean Guan_sound/Andean Guan18,D:\other\Bird\Dataset\CC0\Andean Guan_sound\Andean Guan18.mp3,D:\other\Bird\Code\data\kaggle_wav_cache\Andean Guan_sound\Andean Guan18.wav,converted,32000,1,43.9379375,"[mp3 @ 000001d3728855c0] Estimating duration from bitrate, this may be inaccurate
"
Andean Guan_sound/Andean Guan19,D:\other\Bird\Dataset\CC0\Andean Guan_sound\Andean Guan19.mp3,D:\other\Bird\Code\data\kaggle_wav_cache\Andean Guan_sound\Andean Guan19.wav,converted,32000,1,33.39215625,
Andean Guan_sound/Andean Guan20,D:\other\Bird\Dataset\CC0\Andean Guan_sound\Andean Guan20.mp3,D:\other\Bird\Code\data\kaggle_wav_cache\Andean Guan_sound\Andean Guan20.wav,converted,32000,1,14.00178125,
Andean Guan_sound/Andean Guan2,D:\other\Bird\Dataset\CC0\Andean Guan_sound\Andean Guan2.mp3,D:\other\Bird\Code\data\kaggle_wav_cache\Andean Guan_sound\Andean Guan2.wav,converted,32000,1,81.01984375,
Andean Guan_sound/Andean Guan21,D:\other\Bird\Dataset\CC0\Andean Guan_sound\Andean Guan21.mp3,D:\other\Bird\Code\data\kaggle_wav_cache\Andean Guan_sound\Andean Guan21.wav,converted,32000,1,22.91178125,
Andean Guan_sound/Andean Guan22,D:\other\Bird\Dataset\CC0\Andean Guan_sound\Andean Guan22.mp3,D:\other\Bird\Code\data\kaggle_wav_cache\Andean Guan_sound\Andean Guan22.wav,converted,32000,1,22.91178125,
Andean Guan_sound/Andean Guan23,D:\other\Bird\Dataset\CC0\Andean Guan_sound\Andean Guan23.mp3,D:\other\Bird\Code\data\kaggle_wav_cache\Andean Guan_sound\Andean Guan23.wav,converted,32000,1,22.91178125,
Andean Guan_sound/Andean Guan24,D:\other\Bird\Dataset\CC0\Andean Guan_sound\Andean Guan24.mp3,D:\other\Bird\Code\data\kaggle_wav_cache\Andean Guan_sound\Andean Guan24.wav,converted,32000,1,101.45334375,
Andean Guan_sound/Andean Guan25,D:\other\Bird\Dataset\CC0\Andean Guan_sound\Andean Guan25.mp3,D:\other\Bird\Code\data\kaggle_wav_cache\Andean Guan_sound\Andean Guan25.wav,converted,32000,1,146.77334375,
Andean Guan_sound/Andean Guan26,D:\other\Bird\Dataset\CC0\Andean Guan_sound\Andean Guan26.mp3,D:\other\Bird\Code\data\kaggle_wav_cache\Andean Guan_sound\Andean Guan26.wav,converted,32000,1,61.5866875,
Andean Guan_sound/Andean Guan27,D:\other\Bird\Dataset\CC0\Andean Guan_sound\Andean Guan27.mp3,D:\other\Bird\Code\data\kaggle_wav_cache\Andean Guan_sound\Andean Guan27.wav,converted,32000,1,104.22859375,"[mp3 @ 000001f98a7d55c0] Estimating duration from bitrate, this may be inaccurate
"
Andean Guan_sound/Andean Guan28,D:\other\Bird\Dataset\CC0\Andean Guan_sound\Andean Guan28.mp3,D:\other\Bird\Code\data\kaggle_wav_cache\Andean Guan_sound\Andean Guan28.wav,converted,32000,1,30.5791875,
Andean Guan_sound/Andean Guan29,D:\other\Bird\Dataset\CC0\Andean Guan_sound\Andean Guan29.mp3,D:\other\Bird\Code\data\kaggle_wav_cache\Andean Guan_sound\Andean Guan29.wav,converted,32000,1,30.5791875,
Andean Guan_sound/Andean Guan30,D:\other\Bird\Dataset\CC0\Andean Guan_sound\Andean Guan30.mp3,D:\other\Bird\Code\data\kaggle_wav_cache\Andean Guan_sound\Andean Guan30.wav,converted,32000,1,30.5791875,
Andean Guan_sound/Andean Guan3,D:\other\Bird\Dataset\CC0\Andean Guan_sound\Andean Guan3.mp3,D:\other\Bird\Code\data\kaggle_wav_cache\Andean Guan_sound\Andean Guan3.wav,converted,32000,1,81.01984375,
Andean Guan_sound/Andean Guan31,D:\other\Bird\Dataset\CC0\Andean Guan_sound\Andean Guan31.mp3,D:\other\Bird\Code\data\kaggle_wav_cache\Andean Guan_sound\Andean Guan31.wav,converted,32000,1,7.758375,"[mp3 @ 00000177d39e55c0] Estimating duration from bitrate, this may be inaccurate
"
Andean Guan_sound/Andean Guan4,D:\other\Bird\Dataset\CC0\Andean Guan_sound\Andean Guan4.mp3,D:\other\Bird\Code\data\kaggle_wav_cache\Andean Guan_sound\Andean Guan4.wav,converted,32000,1,81.01984375,
Andean Guan_sound/Andean Guan5,D:\other\Bird\Dataset\CC0\Andean Guan_sound\Andean Guan5.mp3,D:\other\Bird\Code\data\kaggle_wav_cache\Andean Guan_sound\Andean Guan5.wav,converted,32000,1,27.5853125,"[mp3 @ 00000214d6ae55c0] Estimating duration from bitrate, this may be inaccurate
"
Andean Guan_sound/Andean Guan6,D:\other\Bird\Dataset\CC0\Andean Guan_sound\Andean Guan6.mp3,D:\other\Bird\Code\data\kaggle_wav_cache\Andean Guan_sound\Andean Guan6.wav,converted,32000,1,27.5853125,"[mp3 @ 0000021f3b9555c0] Estimating duration from bitrate, this may be inaccurate
"
Andean Guan_sound/Andean Guan7,D:\other\Bird\Dataset\CC0\Andean Guan_sound\Andean Guan7.mp3,D:\other\Bird\Code\data\kaggle_wav_cache\Andean Guan_sound\Andean Guan7.wav,converted,32000,1,27.5853125,"[mp3 @ 0000019e3f8855c0] Estimating duration from bitrate, this may be inaccurate
"
Andean Guan_sound/Andean Guan9,D:\other\Bird\Dataset\CC0\Andean Guan_sound\Andean Guan9.mp3,D:\other\Bird\Code\data\kaggle_wav_cache\Andean Guan_sound\Andean Guan9.wav,converted,32000,1,10.00490625,"[mp3 @ 000001f85a8255c0] Estimating duration from bitrate, this may be inaccurate
"
Andean Guan_sound/Andean Guan8,D:\other\Bird\Dataset\CC0\Andean Guan_sound\Andean Guan8.mp3,D:\other\Bird\Code\data\kaggle_wav_cache\Andean Guan_sound\Andean Guan8.wav,converted,32000,1,45.54703125,
Andean Tinamou_sound/Andean Tinamou10,D:\other\Bird\Dataset\CC0\Andean Tinamou_sound\Andean Tinamou10.mp3,D:\other\Bird\Code\data\kaggle_wav_cache\Andean Tinamou_sound\Andean Tinamou10.wav,converted,32000,1,128.784,"[mp3 @ 000002e7265c55c0] Estimating duration from bitrate, this may be inaccurate
"
Andean Tinamou_sound/Andean Tinamou11,D:\other\Bird\Dataset\CC0\Andean Tinamou_sound\Andean Tinamou11.mp3,D:\other\Bird\Code\data\kaggle_wav_cache\Andean Tinamou_sound\Andean Tinamou11.wav,converted,32000,1,128.784,"[mp3 @ 0000025826e955c0] Estimating duration from bitrate, this may be inaccurate
"
Andean Tinamou_sound/Andean Tinamou13,D:\other\Bird\Dataset\CC0\Andean Tinamou_sound\Andean Tinamou13.mp3,D:\other\Bird\Code\data\kaggle_wav_cache\Andean Tinamou_sound\Andean Tinamou13.wav,converted,32000,1,60.2645,"[mp3 @ 00000201e8b755c0] Estimating duration from bitrate, this may be inaccurate
"
Andean Tinamou_sound/Andean Tinamou12,D:\other\Bird\Dataset\CC0\Andean Tinamou_sound\Andean Tinamou12.mp3,D:\other\Bird\Code\data\kaggle_wav_cache\Andean Tinamou_sound\Andean Tinamou12.wav,converted,32000,1,93.36165625,"[mp3 @ 000002dbfdff55c0] Estimating duration from bitrate, this may be inaccurate
"
Andean Tinamou_sound/Andean Tinamou15,D:\other\Bird\Dataset\CC0\Andean Tinamou_sound\Andean Tinamou15.mp3,D:\other\Bird\Code\data\kaggle_wav_cache\Andean Tinamou_sound\Andean Tinamou15.wav,converted,32000,1,4.91121875,
Andean Tinamou_sound/Andean Tinamou14,D:\other\Bird\Dataset\CC0\Andean Tinamou_sound\Andean Tinamou14.mp3,D:\other\Bird\Code\data\kaggle_wav_cache\Andean Tinamou_sound\Andean Tinamou14.wav,converted,32000,1,60.2645,"[mp3 @ 0000021841b655c0] Estimating duration from bitrate, this may be inaccurate
"
Andean Tinamou_sound/Andean Tinamou16,D:\other\Bird\Dataset\CC0\Andean Tinamou_sound\Andean Tinamou16.mp3,D:\other\Bird\Code\data\kaggle_wav_cache\Andean Tinamou_sound\Andean Tinamou16.wav,converted,32000,1,4.91121875,
Andean Tinamou_sound/Andean Tinamou17,D:\other\Bird\Dataset\CC0\Andean Tinamou_sound\Andean Tinamou17.mp3,D:\other\Bird\Code\data\kaggle_wav_cache\Andean Tinamou_sound\Andean Tinamou17.wav,converted,32000,1,67.3959375,"[mp3 @ 0000013fafbd55c0] Estimating duration from bitrate, this may be inaccurate
"
Andean Tinamou_sound/Andean Tinamou18,D:\other\Bird\Dataset\CC0\Andean Tinamou_sound\Andean Tinamou18.mp3,D:\other\Bird\Code\data\kaggle_wav_cache\Andean Tinamou_sound\Andean Tinamou18.wav,converted,32000,1,18.07675,"[mp3 @ 000002359ca755c0] Estimating duration from bitrate, this may be inaccurate
"
Andean Tinamou_sound/Andean Tinamou2,D:\other\Bird\Dataset\CC0\Andean Tinamou_sound\Andean Tinamou2.mp3,D:\other\Bird\Code\data\kaggle_wav_cache\Andean Tinamou_sound\Andean Tinamou2.wav,converted,32000,1,2.016,"[mp3 @ 000001e18ae355c0] Estimating duration from bitrate, this may be inaccurate
"
Andean Tinamou_sound/Andean Tinamou19,D:\other\Bird\Dataset\CC0\Andean Tinamou_sound\Andean Tinamou19.mp3,D:\other\Bird\Code\data\kaggle_wav_cache\Andean Tinamou_sound\Andean Tinamou19.wav,converted,32000,1,18.07675,"[mp3 @ 00000118d52855c0] Estimating duration from bitrate, this may be inaccurate
"
Andean Tinamou_sound/Andean Tinamou21,D:\other\Bird\Dataset\CC0\Andean Tinamou_sound\Andean Tinamou21.mp3,D:\other\Bird\Code\data\kaggle_wav_cache\Andean Tinamou_sound\Andean Tinamou21.wav,converted,32000,1,8.22859375,"[mp3 @ 000002917bd955c0] Estimating duration from bitrate, this may be inaccurate
"
Andean Tinamou_sound/Andean Tinamou20,D:\other\Bird\Dataset\CC0\Andean Tinamou_sound\Andean Tinamou20.mp3,D:\other\Bird\Code\data\kaggle_wav_cache\Andean Tinamou_sound\Andean Tinamou20.wav,converted,32000,1,39.73225,"[mp3 @ 000002d5475d55c0] Estimating duration from bitrate, this may be inaccurate
"
Andean Tinamou_sound/Andean Tinamou22,D:\other\Bird\Dataset\CC0\Andean Tinamou_sound\Andean Tinamou22.mp3,D:\other\Bird\Code\data\kaggle_wav_cache\Andean Tinamou_sound\Andean Tinamou22.wav,converted,32000,1,7.36653125,"[mp3 @ 0000025e6b0a55c0] Estimating duration from bitrate, this may be inaccurate
"
Andean Tinamou_sound/Andean Tinamou23,D:\other\Bird\Dataset\CC0\Andean Tinamou_sound\Andean Tinamou23.mp3,D:\other\Bird\Code\data\kaggle_wav_cache\Andean Tinamou_sound\Andean Tinamou23.wav,converted,32000,1,6.66125,"[mp3 @ 0000026072b555c0] Estimating duration from bitrate, this may be inaccurate
"
Andean Tinamou_sound/Andean Tinamou25,D:\other\Bird\Dataset\CC0\Andean Tinamou_sound\Andean Tinamou25.mp3,D:\other\Bird\Code\data\kaggle_wav_cache\Andean Tinamou_sound\Andean Tinamou25.wav,converted,32000,1,15.83021875,"[mp3 @ 0000023dd03c55c0] Estimating duration from bitrate, this may be inaccurate
"
Andean Tinamou_sound/Andean Tinamou24,D:\other\Bird\Dataset\CC0\Andean Tinamou_sound\Andean Tinamou24.mp3,D:\other\Bird\Code\data\kaggle_wav_cache\Andean Tinamou_sound\Andean Tinamou24.wav,converted,32000,1,75.546125,"[mp3 @ 0000027bde7555c0] Estimating duration from bitrate, this may be inaccurate
"
Andean Tinamou_sound/Andean Tinamou26,D:\other\Bird\Dataset\CC0\Andean Tinamou_sound\Andean Tinamou26.mp3,D:\other\Bird\Code\data\kaggle_wav_cache\Andean Tinamou_sound\Andean Tinamou26.wav,converted,32000,1,15.83021875,"[mp3 @ 000001a13be555c0] Estimating duration from bitrate, this may be inaccurate
"
Andean Tinamou_sound/Andean Tinamou27,D:\other\Bird\Dataset\CC0\Andean Tinamou_sound\Andean Tinamou27.mp3,D:\other\Bird\Code\data\kaggle_wav_cache\Andean Tinamou_sound\Andean Tinamou27.wav,converted,32000,1,4.96328125,"[mp3 @ 000001e7e3a755c0] Estimating duration from bitrate, this may be inaccurate
"
Andean Tinamou_sound/Andean Tinamou28,D:\other\Bird\Dataset\CC0\Andean Tinamou_sound\Andean Tinamou28.mp3,D:\other\Bird\Code\data\kaggle_wav_cache\Andean Tinamou_sound\Andean Tinamou28.wav,converted,32000,1,5.9820625,"[mp3 @ 000001ff77d155c0] Estimating duration from bitrate, this may be inaccurate
"
Andean Tinamou_sound/Andean Tinamou29,D:\other\Bird\Dataset\CC0\Andean Tinamou_sound\Andean Tinamou29.mp3,D:\other\Bird\Code\data\kaggle_wav_cache\Andean Tinamou_sound\Andean Tinamou29.wav,converted,32000,1,5.9820625,"[mp3 @ 0000021e53c855c0] Estimating duration from bitrate, this may be inaccurate
"
Andean Tinamou_sound/Andean Tinamou3,D:\other\Bird\Dataset\CC0\Andean Tinamou_sound\Andean Tinamou3.mp3,D:\other\Bird\Code\data\kaggle_wav_cache\Andean Tinamou_sound\Andean Tinamou3.wav,converted,32000,1,7.889,"[mp3 @ 000002c9d48955c0] Estimating duration from bitrate, this may be inaccurate
"
Andean Tinamou_sound/Andean Tinamou30,D:\other\Bird\Dataset\CC0\Andean Tinamou_sound\Andean Tinamou30.mp3,D:\other\Bird\Code\data\kaggle_wav_cache\Andean Tinamou_sound\Andean Tinamou30.wav,converted,32000,1,46.34125,"[mp3 @ 00000216bc9d55c0] Estimating duration from bitrate, this may be inaccurate
"
Andean Tinamou_sound/Andean Tinamou31,D:\other\Bird\Dataset\CC0\Andean Tinamou_sound\Andean Tinamou31.mp3,D:\other\Bird\Code\data\kaggle_wav_cache\Andean Tinamou_sound\Andean Tinamou31.wav,converted,32000,1,9.32571875,"[mp3 @ 000001a863e555c0] Estimating duration from bitrate, this may be inaccurate
"
Andean Tinamou_sound/Andean Tinamou4,D:\other\Bird\Dataset\CC0\Andean Tinamou_sound\Andean Tinamou4.mp3,D:\other\Bird\Code\data\kaggle_wav_cache\Andean Tinamou_sound\Andean Tinamou4.wav,converted,32000,1,4.4930625,"[mp3 @ 0000029108ae55c0] Estimating duration from bitrate, this may be inaccurate
"
Andean Tinamou_sound/Andean Tinamou5,D:\other\Bird\Dataset\CC0\Andean Tinamou_sound\Andean Tinamou5.mp3,D:\other\Bird\Code\data\kaggle_wav_cache\Andean Tinamou_sound\Andean Tinamou5.wav,converted,32000,1,4.4930625,"[mp3 @ 000001701c5b55c0] Estimating duration from bitrate, this may be inaccurate
"
Andean Tinamou_sound/Andean Tinamou6,D:\other\Bird\Dataset\CC0\Andean Tinamou_sound\Andean Tinamou6.mp3,D:\other\Bird\Code\data\kaggle_wav_cache\Andean Tinamou_sound\Andean Tinamou6.wav,converted,32000,1,8.44365625,
Andean Tinamou_sound/Andean Tinamou7,D:\other\Bird\Dataset\CC0\Andean Tinamou_sound\Andean Tinamou7.mp3,D:\other\Bird\Code\data\kaggle_wav_cache\Andean Tinamou_sound\Andean Tinamou7.wav,converted,32000,1,23.9020625,"[mp3 @ 000002ad14a155c0] Estimating duration from bitrate, this may be inaccurate
"
Andean Tinamou_sound/Andean Tinamou8,D:\other\Bird\Dataset\CC0\Andean Tinamou_sound\Andean Tinamou8.mp3,D:\other\Bird\Code\data\kaggle_wav_cache\Andean Tinamou_sound\Andean Tinamou8.wav,converted,32000,1,13.035125,"[mp3 @ 0000029ada0a55c0] Estimating duration from bitrate, this may be inaccurate
"
Andean Tinamou_sound/Andean Tinamou9,D:\other\Bird\Dataset\CC0\Andean Tinamou_sound\Andean Tinamou9.mp3,D:\other\Bird\Code\data\kaggle_wav_cache\Andean Tinamou_sound\Andean Tinamou9.wav,converted,32000,1,18.65140625,"[mp3 @ 0000017b628355c0] Estimating duration from bitrate, this may be inaccurate
"
Australian Brushturkey_sound/Australian Brushturkey10,D:\other\Bird\Dataset\CC0\Australian Brushturkey_sound\Australian Brushturkey10.mp3,D:\other\Bird\Code\data\kaggle_wav_cache\Australian Brushturkey_sound\Australian Brushturkey10.wav,converted,32000,1,3.438625,
Australian Brushturkey_sound/Australian Brushturkey11,D:\other\Bird\Dataset\CC0\Australian Brushturkey_sound\Australian Brushturkey11.mp3,D:\other\Bird\Code\data\kaggle_wav_cache\Australian Brushturkey_sound\Australian Brushturkey11.wav,converted,32000,1,3.438625,
Australian Brushturkey_sound/Australian Brushturkey12,D:\other\Bird\Dataset\CC0\Australian Brushturkey_sound\Australian Brushturkey12.mp3,D:\other\Bird\Code\data\kaggle_wav_cache\Australian Brushturkey_sound\Australian Brushturkey12.wav,converted,32000,1,3.438625,
Australian Brushturkey_sound/Australian Brushturkey13,D:\other\Bird\Dataset\CC0\Australian Brushturkey_sound\Australian Brushturkey13.mp3,D:\other\Bird\Code\data\kaggle_wav_cache\Australian Brushturkey_sound\Australian Brushturkey13.wav,converted,32000,1,3.438625,
Australian Brushturkey_sound/Australian Brushturkey14,D:\other\Bird\Dataset\CC0\Australian Brushturkey_sound\Australian Brushturkey14.mp3,D:\other\Bird\Code\data\kaggle_wav_cache\Australian Brushturkey_sound\Australian Brushturkey14.wav,converted,32000,1,3.438625,
Australian Brushturkey_sound/Australian Brushturkey15,D:\other\Bird\Dataset\CC0\Australian Brushturkey_sound\Australian Brushturkey15.mp3,D:\other\Bird\Code\data\kaggle_wav_cache\Australian Brushturkey_sound\Australian Brushturkey15.wav,converted,32000,1,3.438625,
Australian Brushturkey_sound/Australian Brushturkey16,D:\other\Bird\Dataset\CC0\Australian Brushturkey_sound\Australian Brushturkey16.mp3,D:\other\Bird\Code\data\kaggle_wav_cache\Australian Brushturkey_sound\Australian Brushturkey16.wav,converted,32000,1,2.8735,"[mp3 @ 0000021287055640] Estimating duration from bitrate, this may be inaccurate
"
Australian Brushturkey_sound/Australian Brushturkey17,D:\other\Bird\Dataset\CC0\Australian Brushturkey_sound\Australian Brushturkey17.mp3,D:\other\Bird\Code\data\kaggle_wav_cache\Australian Brushturkey_sound\Australian Brushturkey17.wav,converted,32000,1,5.20834375,
Australian Brushturkey_sound/Australian Brushturkey18,D:\other\Bird\Dataset\CC0\Australian Brushturkey_sound\Australian Brushturkey18.mp3,D:\other\Bird\Code\data\kaggle_wav_cache\Australian Brushturkey_sound\Australian Brushturkey18.wav,converted,32000,1,1.9608125,
Australian Brushturkey_sound/Australian Brushturkey19,D:\other\Bird\Dataset\CC0\Australian Brushturkey_sound\Australian Brushturkey19.mp3,D:\other\Bird\Code\data\kaggle_wav_cache\Australian Brushturkey_sound\Australian Brushturkey19.wav,converted,32000,1,64.2575625,
Australian Brushturkey_sound/Australian Brushturkey2,D:\other\Bird\Dataset\CC0\Australian Brushturkey_sound\Australian Brushturkey2.mp3,D:\other\Bird\Code\data\kaggle_wav_cache\Australian Brushturkey_sound\Australian Brushturkey2.wav,converted,32000,1,34.83575,
Australian Brushturkey_sound/Australian Brushturkey20,D:\other\Bird\Dataset\CC0\Australian Brushturkey_sound\Australian Brushturkey20.mp3,D:\other\Bird\Code\data\kaggle_wav_cache\Australian Brushturkey_sound\Australian Brushturkey20.wav,converted,32000,1,6.4345,
Australian Brushturkey_sound/Australian Brushturkey21,D:\other\Bird\Dataset\CC0\Australian Brushturkey_sound\Australian Brushturkey21.mp3,D:\other\Bird\Code\data\kaggle_wav_cache\Australian Brushturkey_sound\Australian Brushturkey21.wav,converted,32000,1,6.4345,
Australian Brushturkey_sound/Australian Brushturkey22,D:\other\Bird\Dataset\CC0\Australian Brushturkey_sound\Australian Brushturkey22.mp3,D:\other\Bird\Code\data\kaggle_wav_cache\Australian Brushturkey_sound\Australian Brushturkey22.wav,converted,32000,1,5.9298125,"[mp3 @ 000002295d9e5640] Estimating duration from bitrate, this may be inaccurate
"
Australian Brushturkey_sound/Australian Brushturkey23,D:\other\Bird\Dataset\CC0\Australian Brushturkey_sound\Australian Brushturkey23.mp3,D:\other\Bird\Code\data\kaggle_wav_cache\Australian Brushturkey_sound\Australian Brushturkey23.wav,converted,32000,1,5.9298125,"[mp3 @ 00000201285b5640] Estimating duration from bitrate, this may be inaccurate
"
Australian Brushturkey_sound/Australian Brushturkey24,D:\other\Bird\Dataset\CC0\Australian Brushturkey_sound\Australian Brushturkey24.mp3,D:\other\Bird\Code\data\kaggle_wav_cache\Australian Brushturkey_sound\Australian Brushturkey24.wav,converted,32000,1,54.5436875,"[mp3 @ 0000024a2c255640] Estimating duration from bitrate, this may be inaccurate
"
Australian Brushturkey_sound/Australian Brushturkey25,D:\other\Bird\Dataset\CC0\Australian Brushturkey_sound\Australian Brushturkey25.mp3,D:\other\Bird\Code\data\kaggle_wav_cache\Australian Brushturkey_sound\Australian Brushturkey25.wav,converted,32000,1,54.5436875,"[mp3 @ 000001f8e3be5640] Estimating duration from bitrate, this may be inaccurate
"
Australian Brushturkey_sound/Australian Brushturkey26,D:\other\Bird\Dataset\CC0\Australian Brushturkey_sound\Australian Brushturkey26.mp3,D:\other\Bird\Code\data\kaggle_wav_cache\Australian Brushturkey_sound\Australian Brushturkey26.wav,converted,32000,1,36.20571875,"[mp3 @ 000001fc3ec25640] Estimating duration from bitrate, this may be inaccurate
"
Australian Brushturkey_sound/Australian Brushturkey27,D:\other\Bird\Dataset\CC0\Australian Brushturkey_sound\Australian Brushturkey27.mp3,D:\other\Bird\Code\data\kaggle_wav_cache\Australian Brushturkey_sound\Australian Brushturkey27.wav,converted,32000,1,36.20571875,"[mp3 @ 0000023f97d05640] Estimating duration from bitrate, this may be inaccurate
"
Australian Brushturkey_sound/Australian Brushturkey28,D:\other\Bird\Dataset\CC0\Australian Brushturkey_sound\Australian Brushturkey28.mp3,D:\other\Bird\Code\data\kaggle_wav_cache\Australian Brushturkey_sound\Australian Brushturkey28.wav,converted,32000,1,31.91321875,
Australian Brushturkey_sound/Australian Brushturkey29,D:\other\Bird\Dataset\CC0\Australian Brushturkey_sound\Australian Brushturkey29.mp3,D:\other\Bird\Code\data\kaggle_wav_cache\Australian Brushturkey_sound\Australian Brushturkey29.wav,converted,32000,1,9.7175625,"[mp3 @ 000001722bcd5640] Estimating duration from bitrate, this may be inaccurate
"
Australian Brushturkey_sound/Australian Brushturkey3,D:\other\Bird\Dataset\CC0\Australian Brushturkey_sound\Australian Brushturkey3.mp3,D:\other\Bird\Code\data\kaggle_wav_cache\Australian Brushturkey_sound\Australian Brushturkey3.wav,converted,32000,1,34.83575,
Australian Brushturkey_sound/Australian Brushturkey4,D:\other\Bird\Dataset\CC0\Australian Brushturkey_sound\Australian Brushturkey4.mp3,D:\other\Bird\Code\data\kaggle_wav_cache\Australian Brushturkey_sound\Australian Brushturkey4.wav,converted,32000,1,25.887375,"[mp3 @ 000001deb13e5640] Estimating duration from bitrate, this may be inaccurate
"
Australian Brushturkey_sound/Australian Brushturkey5,D:\other\Bird\Dataset\CC0\Australian Brushturkey_sound\Australian Brushturkey5.mp3,D:\other\Bird\Code\data\kaggle_wav_cache\Australian Brushturkey_sound\Australian Brushturkey5.wav,converted,32000,1,58.2105,
Australian Brushturkey_sound/Australian Brushturkey6,D:\other\Bird\Dataset\CC0\Australian Brushturkey_sound\Australian Brushturkey6.mp3,D:\other\Bird\Code\data\kaggle_wav_cache\Australian Brushturkey_sound\Australian Brushturkey6.wav,converted,32000,1,58.2105,
Australian Brushturkey_sound/Australian Brushturkey8,D:\other\Bird\Dataset\CC0\Australian Brushturkey_sound\Australian Brushturkey8.mp3,D:\other\Bird\Code\data\kaggle_wav_cache\Australian Brushturkey_sound\Australian Brushturkey8.wav,converted,32000,1,20.37896875,
Australian Brushturkey_sound/Australian Brushturkey7,D:\other\Bird\Dataset\CC0\Australian Brushturkey_sound\Australian Brushturkey7.mp3,D:\other\Bird\Code\data\kaggle_wav_cache\Australian Brushturkey_sound\Australian Brushturkey7.wav,converted,32000,1,58.2105,
Australian Brushturkey_sound/Australian Brushturkey9,D:\other\Bird\Dataset\CC0\Australian Brushturkey_sound\Australian Brushturkey9.mp3,D:\other\Bird\Code\data\kaggle_wav_cache\Australian Brushturkey_sound\Australian Brushturkey9.wav,converted,32000,1,2.8144375,
Band-tailed Guan_sound/Band-tailed Guan10,D:\other\Bird\Dataset\CC0\Band-tailed Guan_sound\Band-tailed Guan10.mp3,D:\other\Bird\Code\data\kaggle_wav_cache\Band-tailed Guan_sound\Band-tailed Guan10.wav,converted,32000,1,146.207375,"[mp3 @ 000001f55b6c5640] Estimating duration from bitrate, this may be inaccurate
"
Band-tailed Guan_sound/Band-tailed Guan11,D:\other\Bird\Dataset\CC0\Band-tailed Guan_sound\Band-tailed Guan11.mp3,D:\other\Bird\Code\data\kaggle_wav_cache\Band-tailed Guan_sound\Band-tailed Guan11.wav,converted,32000,1,146.207375,"[mp3 @ 00000289fcda5640] Estimating duration from bitrate, this may be inaccurate
"
Band-tailed Guan_sound/Band-tailed Guan12,D:\other\Bird\Dataset\CC0\Band-tailed Guan_sound\Band-tailed Guan12.mp3,D:\other\Bird\Code\data\kaggle_wav_cache\Band-tailed Guan_sound\Band-tailed Guan12.wav,converted,32000,1,37.1578125,
Band-tailed Guan_sound/Band-tailed Guan13,D:\other\Bird\Dataset\CC0\Band-tailed Guan_sound\Band-tailed Guan13.mp3,D:\other\Bird\Code\data\kaggle_wav_cache\Band-tailed Guan_sound\Band-tailed Guan13.wav,converted,32000,1,41.1155,
Band-tailed Guan_sound/Band-tailed Guan14,D:\other\Bird\Dataset\CC0\Band-tailed Guan_sound\Band-tailed Guan14.mp3,D:\other\Bird\Code\data\kaggle_wav_cache\Band-tailed Guan_sound\Band-tailed Guan14.wav,converted,32000,1,41.3423125,
Band-tailed Guan_sound/Band-tailed Guan15,D:\other\Bird\Dataset\CC0\Band-tailed Guan_sound\Band-tailed Guan15.mp3,D:\other\Bird\Code\data\kaggle_wav_cache\Band-tailed Guan_sound\Band-tailed Guan15.wav,converted,32000,1,3.3665,
Band-tailed Guan_sound/Band-tailed Guan16,D:\other\Bird\Dataset\CC0\Band-tailed Guan_sound\Band-tailed Guan16.mp3,D:\other\Bird\Code\data\kaggle_wav_cache\Band-tailed Guan_sound\Band-tailed Guan16.wav,converted,32000,1,34.36,
Band-tailed Guan_sound/Band-tailed Guan17,D:\other\Bird\Dataset\CC0\Band-tailed Guan_sound\Band-tailed Guan17.mp3,D:\other\Bird\Code\data\kaggle_wav_cache\Band-tailed Guan_sound\Band-tailed Guan17.wav,converted,32000,1,42.996,
Band-tailed Guan_sound/Band-tailed Guan18,D:\other\Bird\Dataset\CC0\Band-tailed Guan_sound\Band-tailed Guan18.mp3,D:\other\Bird\Code\data\kaggle_wav_cache\Band-tailed Guan_sound\Band-tailed Guan18.wav,converted,32000,1,42.996,
Band-tailed Guan_sound/Band-tailed Guan19,D:\other\Bird\Dataset\CC0\Band-tailed Guan_sound\Band-tailed Guan19.mp3,D:\other\Bird\Code\data\kaggle_wav_cache\Band-tailed Guan_sound\Band-tailed Guan19.wav,converted,32000,1,56.0,
Band-tailed Guan_sound/Band-tailed Guan2,D:\other\Bird\Dataset\CC0\Band-tailed Guan_sound\Band-tailed Guan2.mp3,D:\other\Bird\Code\data\kaggle_wav_cache\Band-tailed Guan_sound\Band-tailed Guan2.wav,converted,32000,1,70.98896875,
Band-tailed Guan_sound/Band-tailed Guan20,D:\other\Bird\Dataset\CC0\Band-tailed Guan_sound\Band-tailed Guan20.mp3,D:\other\Bird\Code\data\kaggle_wav_cache\Band-tailed Guan_sound\Band-tailed Guan20.wav,converted,32000,1,102.24,"[mp3 @ 0000029207aa5640] Estimating duration from bitrate, this may be inaccurate
"
Band-tailed Guan_sound/Band-tailed Guan21,D:\other\Bird\Dataset\CC0\Band-tailed Guan_sound\Band-tailed Guan21.mp3,D:\other\Bird\Code\data\kaggle_wav_cache\Band-tailed Guan_sound\Band-tailed Guan21.wav,converted,32000,1,20.04,"[mp3 @ 0000021bb3365640] Estimating duration from bitrate, this may be inaccurate
"
Band-tailed Guan_sound/Band-tailed Guan23,D:\other\Bird\Dataset\CC0\Band-tailed Guan_sound\Band-tailed Guan23.mp3,D:\other\Bird\Code\data\kaggle_wav_cache\Band-tailed Guan_sound\Band-tailed Guan23.wav,converted,32000,1,16.1175625,"[mp3 @ 0000027463175640] Estimating duration from bitrate, this may be inaccurate
"
Band-tailed Guan_sound/Band-tailed Guan22,D:\other\Bird\Dataset\CC0\Band-tailed Guan_sound\Band-tailed Guan22.mp3,D:\other\Bird\Code\data\kaggle_wav_cache\Band-tailed Guan_sound\Band-tailed Guan22.wav,converted,32000,1,38.26940625,"[mp3 @ 0000020ddf475640] Estimating duration from bitrate, this may be inaccurate
"
Band-tailed Guan_sound/Band-tailed Guan24,D:\other\Bird\Dataset\CC0\Band-tailed Guan_sound\Band-tailed Guan24.mp3,D:\other\Bird\Code\data\kaggle_wav_cache\Band-tailed Guan_sound\Band-tailed Guan24.wav,converted,32000,1,18.88653125,"[mp3 @ 0000015bd01c5640] Estimating duration from bitrate, this may be inaccurate
"
Band-tailed Guan_sound/Band-tailed Guan25,D:\other\Bird\Dataset\CC0\Band-tailed Guan_sound\Band-tailed Guan25.mp3,D:\other\Bird\Code\data\kaggle_wav_cache\Band-tailed Guan_sound\Band-tailed Guan25.wav,converted,32000,1,19.50346875,
Band-tailed Guan_sound/Band-tailed Guan26,D:\other\Bird\Dataset\CC0\Band-tailed Guan_sound\Band-tailed Guan26.mp3,D:\other\Bird\Code\data\kaggle_wav_cache\Band-tailed Guan_sound\Band-tailed Guan26.wav,converted,32000,1,42.12225,
Band-tailed Guan_sound/Band-tailed Guan27,D:\other\Bird\Dataset\CC0\Band-tailed Guan_sound\Band-tailed Guan27.mp3,D:\other\Bird\Code\data\kaggle_wav_cache\Band-tailed Guan_sound\Band-tailed Guan27.wav,converted,32000,1,23.88434375,
Band-tailed Guan_sound/Band-tailed Guan28,D:\other\Bird\Dataset\CC0\Band-tailed Guan_sound\Band-tailed Guan28.mp3,D:\other\Bird\Code\data\kaggle_wav_cache\Band-tailed Guan_sound\Band-tailed Guan28.wav,converted,32000,1,9.1499375,
Band-tailed Guan_sound/Band-tailed Guan29,D:\other\Bird\Dataset\CC0\Band-tailed Guan_sound\Band-tailed Guan29.mp3,D:\other\Bird\Code\data\kaggle_wav_cache\Band-tailed Guan_sound\Band-tailed Guan29.wav,converted,32000,1,34.7961875,
Band-tailed Guan_sound/Band-tailed Guan3,D:\other\Bird\Dataset\CC0\Band-tailed Guan_sound\Band-tailed Guan3.mp3,D:\other\Bird\Code\data\kaggle_wav_cache\Band-tailed Guan_sound\Band-tailed Guan3.wav,converted,32000,1,15.768,"[mp3 @ 0000021d52fb5640] Estimating duration from bitrate, this may be inaccurate
"
Band-tailed Guan_sound/Band-tailed Guan30,D:\other\Bird\Dataset\CC0\Band-tailed Guan_sound\Band-tailed Guan30.mp3,D:\other\Bird\Code\data\kaggle_wav_cache\Band-tailed Guan_sound\Band-tailed Guan30.wav,converted,32000,1,34.7961875,
Band-tailed Guan_sound/Band-tailed Guan31,D:\other\Bird\Dataset\CC0\Band-tailed Guan_sound\Band-tailed Guan31.mp3,D:\other\Bird\Code\data\kaggle_wav_cache\Band-tailed Guan_sound\Band-tailed Guan31.wav,converted,32000,1,34.7961875,
Band-tailed Guan_sound/Band-tailed Guan4,D:\other\Bird\Dataset\CC0\Band-tailed Guan_sound\Band-tailed Guan4.mp3,D:\other\Bird\Code\data\kaggle_wav_cache\Band-tailed Guan_sound\Band-tailed Guan4.wav,converted,32000,1,15.768,"[mp3 @ 000001ddaa8d5640] Estimating duration from bitrate, this may be inaccurate
"
Band-tailed Guan_sound/Band-tailed Guan5,D:\other\Bird\Dataset\CC0\Band-tailed Guan_sound\Band-tailed Guan5.mp3,D:\other\Bird\Code\data\kaggle_wav_cache\Band-tailed Guan_sound\Band-tailed Guan5.wav,converted,32000,1,15.768,"[mp3 @ 000001fb7f2a5640] Estimating duration from bitrate, this may be inaccurate
"
Band-tailed Guan_sound/Band-tailed Guan6,D:\other\Bird\Dataset\CC0\Band-tailed Guan_sound\Band-tailed Guan6.mp3,D:\other\Bird\Code\data\kaggle_wav_cache\Band-tailed Guan_sound\Band-tailed Guan6.wav,converted,32000,1,15.768,"[mp3 @ 000002df96e45640] Estimating duration from bitrate, this may be inaccurate
"
Band-tailed Guan_sound/Band-tailed Guan8,D:\other\Bird\Dataset\CC0\Band-tailed Guan_sound\Band-tailed Guan8.mp3,D:\other\Bird\Code\data\kaggle_wav_cache\Band-tailed Guan_sound\Band-tailed Guan8.wav,converted,32000,1,18.49471875,"[mp3 @ 0000017c715d5640] Estimating duration from bitrate, this may be inaccurate
"
Band-tailed Guan_sound/Band-tailed Guan7,D:\other\Bird\Dataset\CC0\Band-tailed Guan_sound\Band-tailed Guan7.mp3,D:\other\Bird\Code\data\kaggle_wav_cache\Band-tailed Guan_sound\Band-tailed Guan7.wav,converted,32000,1,177.00571875,"[mp3 @ 000001e5295e5640] Estimating duration from bitrate, this may be inaccurate
"
Band-tailed Guan_sound/Band-tailed Guan9,D:\other\Bird\Dataset\CC0\Band-tailed Guan_sound\Band-tailed Guan9.mp3,D:\other\Bird\Code\data\kaggle_wav_cache\Band-tailed Guan_sound\Band-tailed Guan9.wav,converted,32000,1,78.81140625,"[mp3 @ 000001f4f3fc5640] Estimating duration from bitrate, this may be inaccurate
"
Barred Tinamou_sound/Barred Tinamou2,D:\other\Bird\Dataset\CC0\Barred Tinamou_sound\Barred Tinamou2.mp3,D:\other\Bird\Code\data\kaggle_wav_cache\Barred Tinamou_sound\Barred Tinamou2.wav,converted,32000,1,31.481875,
Barred Tinamou_sound/Barred Tinamou3,D:\other\Bird\Dataset\CC0\Barred Tinamou_sound\Barred Tinamou3.mp3,D:\other\Bird\Code\data\kaggle_wav_cache\Barred Tinamou_sound\Barred Tinamou3.wav,converted,32000,1,37.250625,"[mp3 @ 00000228d35a55c0] Estimating duration from bitrate, this may be inaccurate
"
Barred Tinamou_sound/Barred Tinamou4,D:\other\Bird\Dataset\CC0\Barred Tinamou_sound\Barred Tinamou4.mp3,D:\other\Bird\Code\data\kaggle_wav_cache\Barred Tinamou_sound\Barred Tinamou4.wav,converted,32000,1,33.50640625,
Bartletts Tinamou_sound/Bartletts Tinamou11,D:\other\Bird\Dataset\CC0\Bartletts Tinamou_sound\Bartletts Tinamou11.mp3,D:\other\Bird\Code\data\kaggle_wav_cache\Bartletts Tinamou_sound\Bartletts Tinamou11.wav,converted,32000,1,26.304,"[mp3 @ 0000027f9a395600] Estimating duration from bitrate, this may be inaccurate
"
Bartletts Tinamou_sound/Bartletts Tinamou10,D:\other\Bird\Dataset\CC0\Bartletts Tinamou_sound\Bartletts Tinamou10.mp3,D:\other\Bird\Code\data\kaggle_wav_cache\Bartletts Tinamou_sound\Bartletts Tinamou10.wav,converted,32000,1,98.136,"[mp3 @ 000002089aed5600] Estimating duration from bitrate, this may be inaccurate
"
Bartletts Tinamou_sound/Bartletts Tinamou13,D:\other\Bird\Dataset\CC0\Bartletts Tinamou_sound\Bartletts Tinamou13.mp3,D:\other\Bird\Code\data\kaggle_wav_cache\Bartletts Tinamou_sound\Bartletts Tinamou13.wav,converted,32000,1,32.55525,
Bartletts Tinamou_sound/Bartletts Tinamou12,D:\other\Bird\Dataset\CC0\Bartletts Tinamou_sound\Bartletts Tinamou12.mp3,D:\other\Bird\Code\data\kaggle_wav_cache\Bartletts Tinamou_sound\Bartletts Tinamou12.wav,converted,32000,1,132.25421875,
Bartletts Tinamou_sound/Bartletts Tinamou14,D:\other\Bird\Dataset\CC0\Bartletts Tinamou_sound\Bartletts Tinamou14.mp3,D:\other\Bird\Code\data\kaggle_wav_cache\Bartletts Tinamou_sound\Bartletts Tinamou14.wav,converted,32000,1,75.295375,
Bartletts Tinamou_sound/Bartletts Tinamou15,D:\other\Bird\Dataset\CC0\Bartletts Tinamou_sound\Bartletts Tinamou15.mp3,D:\other\Bird\Code\data\kaggle_wav_cache\Bartletts Tinamou_sound\Bartletts Tinamou15.wav,converted,32000,1,75.295375,
Bartletts Tinamou_sound/Bartletts Tinamou16,D:\other\Bird\Dataset\CC0\Bartletts Tinamou_sound\Bartletts Tinamou16.mp3,D:\other\Bird\Code\data\kaggle_wav_cache\Bartletts Tinamou_sound\Bartletts Tinamou16.wav,converted,32000,1,48.849,"[mp3 @ 000001b62e5e5600] Estimating duration from bitrate, this may be inaccurate
"
Bartletts Tinamou_sound/Bartletts Tinamou17,D:\other\Bird\Dataset\CC0\Bartletts Tinamou_sound\Bartletts Tinamou17.mp3,D:\other\Bird\Code\data\kaggle_wav_cache\Bartletts Tinamou_sound\Bartletts Tinamou17.wav,converted,32000,1,41.43021875,"[mp3 @ 000002c8e5235600] Estimating duration from bitrate, this may be inaccurate
"
Bartletts Tinamou_sound/Bartletts Tinamou18,D:\other\Bird\Dataset\CC0\Bartletts Tinamou_sound\Bartletts Tinamou18.mp3,D:\other\Bird\Code\data\kaggle_wav_cache\Bartletts Tinamou_sound\Bartletts Tinamou18.wav,converted,32000,1,41.43021875,"[mp3 @ 0000022c57505600] Estimating duration from bitrate, this may be inaccurate
"
Bartletts Tinamou_sound/Bartletts Tinamou19,D:\other\Bird\Dataset\CC0\Bartletts Tinamou_sound\Bartletts Tinamou19.mp3,D:\other\Bird\Code\data\kaggle_wav_cache\Bartletts Tinamou_sound\Bartletts Tinamou19.wav,converted,32000,1,41.43021875,"[mp3 @ 0000022043805600] Estimating duration from bitrate, this may be inaccurate
"
Bartletts Tinamou_sound/Bartletts Tinamou20,D:\other\Bird\Dataset\CC0\Bartletts Tinamou_sound\Bartletts Tinamou20.mp3,D:\other\Bird\Code\data\kaggle_wav_cache\Bartletts Tinamou_sound\Bartletts Tinamou20.wav,converted,32000,1,41.43021875,"[mp3 @ 00000144e5415600] Estimating duration from bitrate, this may be inaccurate
"
Bartletts Tinamou_sound/Bartletts Tinamou21,D:\other\Bird\Dataset\CC0\Bartletts Tinamou_sound\Bartletts Tinamou21.mp3,D:\other\Bird\Code\data\kaggle_wav_cache\Bartletts Tinamou_sound\Bartletts Tinamou21.wav,converted,32000,1,40.30696875,"[mp3 @ 0000027dff225600] Estimating duration from bitrate, this may be inaccurate
"
Bartletts Tinamou_sound/Bartletts Tinamou2,D:\other\Bird\Dataset\CC0\Bartletts Tinamou_sound\Bartletts Tinamou2.mp3,D:\other\Bird\Code\data\kaggle_wav_cache\Bartletts Tinamou_sound\Bartletts Tinamou2.wav,converted,32000,1,399.25553125,"[mp3 @ 00000283ba435600] Estimating duration from bitrate, this may be inaccurate
"
Bartletts Tinamou_sound/Bartletts Tinamou22,D:\other\Bird\Dataset\CC0\Bartletts Tinamou_sound\Bartletts Tinamou22.mp3,D:\other\Bird\Code\data\kaggle_wav_cache\Bartletts Tinamou_sound\Bartletts Tinamou22.wav,converted,32000,1,82.20134375,
Bartletts Tinamou_sound/Bartletts Tinamou23,D:\other\Bird\Dataset\CC0\Bartletts Tinamou_sound\Bartletts Tinamou23.mp3,D:\other\Bird\Code\data\kaggle_wav_cache\Bartletts Tinamou_sound\Bartletts Tinamou23.wav,converted,32000,1,255.26090625,
Bartletts Tinamou_sound/Bartletts Tinamou24,D:\other\Bird\Dataset\CC0\Bartletts Tinamou_sound\Bartletts Tinamou24.mp3,D:\other\Bird\Code\data\kaggle_wav_cache\Bartletts Tinamou_sound\Bartletts Tinamou24.wav,converted,32000,1,123.167375,"[mp3 @ 000001c22f7a5600] Estimating duration from bitrate, this may be inaccurate
"
Bartletts Tinamou_sound/Bartletts Tinamou26,D:\other\Bird\Dataset\CC0\Bartletts Tinamou_sound\Bartletts Tinamou26.mp3,D:\other\Bird\Code\data\kaggle_wav_cache\Bartletts Tinamou_sound\Bartletts Tinamou26.wav,converted,32000,1,22.961625,
Bartletts Tinamou_sound/Bartletts Tinamou25,D:\other\Bird\Dataset\CC0\Bartletts Tinamou_sound\Bartletts Tinamou25.mp3,D:\other\Bird\Code\data\kaggle_wav_cache\Bartletts Tinamou_sound\Bartletts Tinamou25.wav,converted,32000,1,123.167375,"[mp3 @ 0000017362485600] Estimating duration from bitrate, this may be inaccurate
"
Bartletts Tinamou_sound/Bartletts Tinamou27,D:\other\Bird\Dataset\CC0\Bartletts Tinamou_sound\Bartletts Tinamou27.mp3,D:\other\Bird\Code\data\kaggle_wav_cache\Bartletts Tinamou_sound\Bartletts Tinamou27.wav,converted,32000,1,79.4645,"[mp3 @ 000001c1493e5600] Estimating duration from bitrate, this may be inaccurate
"
Bartletts Tinamou_sound/Bartletts Tinamou28,D:\other\Bird\Dataset\CC0\Bartletts Tinamou_sound\Bartletts Tinamou28.mp3,D:\other\Bird\Code\data\kaggle_wav_cache\Bartletts Tinamou_sound\Bartletts Tinamou28.wav,converted,32000,1,22.88328125,"[mp3 @ 00000176a9f85600] Estimating duration from bitrate, this may be inaccurate
"
Bartletts Tinamou_sound/Bartletts Tinamou29,D:\other\Bird\Dataset\CC0\Bartletts Tinamou_sound\Bartletts Tinamou29.mp3,D:\other\Bird\Code\data\kaggle_wav_cache\Bartletts Tinamou_sound\Bartletts Tinamou29.wav,converted,32000,1,339.36,"[mp3 @ 000001eb7f5f5600] Estimating duration from bitrate, this may be inaccurate
"
Bartletts Tinamou_sound/Bartletts Tinamou3,D:\other\Bird\Dataset\CC0\Bartletts Tinamou_sound\Bartletts Tinamou3.mp3,D:\other\Bird\Code\data\kaggle_wav_cache\Bartletts Tinamou_sound\Bartletts Tinamou3.wav,converted,32000,1,399.25553125,"[mp3 @ 000002bb42115600] Estimating duration from bitrate, this may be inaccurate
"
Bartletts Tinamou_sound/Bartletts Tinamou30,D:\other\Bird\Dataset\CC0\Bartletts Tinamou_sound\Bartletts Tinamou30.mp3,D:\other\Bird\Code\data\kaggle_wav_cache\Bartletts Tinamou_sound\Bartletts Tinamou30.wav,converted,32000,1,46.158375,"[mp3 @ 0000020fdb4a5600] Estimating duration from bitrate, this may be inaccurate
"
Bartletts Tinamou_sound/Bartletts Tinamou31,D:\other\Bird\Dataset\CC0\Bartletts Tinamou_sound\Bartletts Tinamou31.mp3,D:\other\Bird\Code\data\kaggle_wav_cache\Bartletts Tinamou_sound\Bartletts Tinamou31.wav,converted,32000,1,58.0179375,"[mp3 @ 000001d2a0485600] Estimating duration from bitrate, this may be inaccurate
"
Bartletts Tinamou_sound/Bartletts Tinamou5,D:\other\Bird\Dataset\CC0\Bartletts Tinamou_sound\Bartletts Tinamou5.mp3,D:\other\Bird\Code\data\kaggle_wav_cache\Bartletts Tinamou_sound\Bartletts Tinamou5.wav,converted,32000,1,85.65553125,"[mp3 @ 00000294c6f35600] Estimating duration from bitrate, this may be inaccurate
"
Bartletts Tinamou_sound/Bartletts Tinamou4,D:\other\Bird\Dataset\CC0\Bartletts Tinamou_sound\Bartletts Tinamou4.mp3,D:\other\Bird\Code\data\kaggle_wav_cache\Bartletts Tinamou_sound\Bartletts Tinamou4.wav,converted,32000,1,399.25553125,"[mp3 @ 000001ed7df55600] Estimating duration from bitrate, this may be inaccurate
"
Bartletts Tinamou_sound/Bartletts Tinamou6,D:\other\Bird\Dataset\CC0\Bartletts Tinamou_sound\Bartletts Tinamou6.mp3,D:\other\Bird\Code\data\kaggle_wav_cache\Bartletts Tinamou_sound\Bartletts Tinamou6.wav,converted,32000,1,39.49715625,"[mp3 @ 0000021f93a35600] Estimating duration from bitrate, this may be inaccurate
"
Bartletts Tinamou_sound/Bartletts Tinamou8,D:\other\Bird\Dataset\CC0\Bartletts Tinamou_sound\Bartletts Tinamou8.mp3,D:\other\Bird\Code\data\kaggle_wav_cache\Bartletts Tinamou_sound\Bartletts Tinamou8.wav,converted,32000,1,23.066125,
Bartletts Tinamou_sound/Bartletts Tinamou7,D:\other\Bird\Dataset\CC0\Bartletts Tinamou_sound\Bartletts Tinamou7.mp3,D:\other\Bird\Code\data\kaggle_wav_cache\Bartletts Tinamou_sound\Bartletts Tinamou7.wav,converted,32000,1,57.048,"[mp3 @ 000001cdd9c05600] Estimating duration from bitrate, this may be inaccurate
"
Baudo Guan_sound/Baudo Guan10,D:\other\Bird\Dataset\CC0\Baudo Guan_sound\Baudo Guan10.mp3,D:\other\Bird\Code\data\kaggle_wav_cache\Baudo Guan_sound\Baudo Guan10.wav,converted,32000,1,50.5991875,"[mp3 @ 000002926e6355c0] Estimating duration from bitrate, this may be inaccurate
"
Bartletts Tinamou_sound/Bartletts Tinamou9,D:\other\Bird\Dataset\CC0\Bartletts Tinamou_sound\Bartletts Tinamou9.mp3,D:\other\Bird\Code\data\kaggle_wav_cache\Bartletts Tinamou_sound\Bartletts Tinamou9.wav,converted,32000,1,290.304,"[mp3 @ 00000261e3a45600] Estimating duration from bitrate, this may be inaccurate
"
Baudo Guan_sound/Baudo Guan11,D:\other\Bird\Dataset\CC0\Baudo Guan_sound\Baudo Guan11.mp3,D:\other\Bird\Code\data\kaggle_wav_cache\Baudo Guan_sound\Baudo Guan11.wav,converted,32000,1,50.5991875,"[mp3 @ 000001ee0da855c0] Estimating duration from bitrate, this may be inaccurate
"
Baudo Guan_sound/Baudo Guan12,D:\other\Bird\Dataset\CC0\Baudo Guan_sound\Baudo Guan12.mp3,D:\other\Bird\Code\data\kaggle_wav_cache\Baudo Guan_sound\Baudo Guan12.wav,converted,32000,1,40.5681875,"[mp3 @ 0000014c117755c0] Estimating duration from bitrate, this may be inaccurate
"
Baudo Guan_sound/Baudo Guan13,D:\other\Bird\Dataset\CC0\Baudo Guan_sound\Baudo Guan13.mp3,D:\other\Bird\Code\data\kaggle_wav_cache\Baudo Guan_sound\Baudo Guan13.wav,converted,32000,1,40.5681875,"[mp3 @ 000001dfc2ab55c0] Estimating duration from bitrate, this may be inaccurate
"
Baudo Guan_sound/Baudo Guan14,D:\other\Bird\Dataset\CC0\Baudo Guan_sound\Baudo Guan14.mp3,D:\other\Bird\Code\data\kaggle_wav_cache\Baudo Guan_sound\Baudo Guan14.wav,converted,32000,1,40.5681875,"[mp3 @ 000001ba7f3355c0] Estimating duration from bitrate, this may be inaccurate
"
Baudo Guan_sound/Baudo Guan15,D:\other\Bird\Dataset\CC0\Baudo Guan_sound\Baudo Guan15.mp3,D:\other\Bird\Code\data\kaggle_wav_cache\Baudo Guan_sound\Baudo Guan15.wav,converted,32000,1,40.5681875,"[mp3 @ 0000014ddc5255c0] Estimating duration from bitrate, this may be inaccurate
"
Baudo Guan_sound/Baudo Guan2,D:\other\Bird\Dataset\CC0\Baudo Guan_sound\Baudo Guan2.mp3,D:\other\Bird\Code\data\kaggle_wav_cache\Baudo Guan_sound\Baudo Guan2.wav,converted,32000,1,47.98696875,"[mp3 @ 000002227f5355c0] Estimating duration from bitrate, this may be inaccurate
[mp3float @ 000002227f537c40] Header missing
Error while decoding stream #0:0: Invalid data found when processing input
"
Baudo Guan_sound/Baudo Guan3,D:\other\Bird\Dataset\CC0\Baudo Guan_sound\Baudo Guan3.mp3,D:\other\Bird\Code\data\kaggle_wav_cache\Baudo Guan_sound\Baudo Guan3.wav,converted,32000,1,16.79675,"[mp3 @ 000001e5f77055c0] Estimating duration from bitrate, this may be inaccurate
"
Baudo Guan_sound/Baudo Guan5,D:\other\Bird\Dataset\CC0\Baudo Guan_sound\Baudo Guan5.mp3,D:\other\Bird\Code\data\kaggle_wav_cache\Baudo Guan_sound\Baudo Guan5.wav,converted,32000,1,23.9020625,"[mp3 @ 0000018aa31555c0] Estimating duration from bitrate, this may be inaccurate
"
Baudo Guan_sound/Baudo Guan4,D:\other\Bird\Dataset\CC0\Baudo Guan_sound\Baudo Guan4.mp3,D:\other\Bird\Code\data\kaggle_wav_cache\Baudo Guan_sound\Baudo Guan4.wav,converted,32000,1,50.6775625,"[mp3 @ 00000218b11555c0] Estimating duration from bitrate, this may be inaccurate
"
Baudo Guan_sound/Baudo Guan6,D:\other\Bird\Dataset\CC0\Baudo Guan_sound\Baudo Guan6.mp3,D:\other\Bird\Code\data\kaggle_wav_cache\Baudo Guan_sound\Baudo Guan6.wav,converted,32000,1,39.00084375,"[mp3 @ 0000015be60a55c0] Estimating duration from bitrate, this may be inaccurate
"
Baudo Guan_sound/Baudo Guan7,D:\other\Bird\Dataset\CC0\Baudo Guan_sound\Baudo Guan7.mp3,D:\other\Bird\Code\data\kaggle_wav_cache\Baudo Guan_sound\Baudo Guan7.wav,converted,32000,1,15.569,"[mp3 @ 0000019fa1ff55c0] Estimating duration from bitrate, this may be inaccurate
"
Baudo Guan_sound/Baudo Guan8,D:\other\Bird\Dataset\CC0\Baudo Guan_sound\Baudo Guan8.mp3,D:\other\Bird\Code\data\kaggle_wav_cache\Baudo Guan_sound\Baudo Guan8.wav,converted,32000,1,18.88653125,"[mp3 @ 00000196449755c0] Estimating duration from bitrate, this may be inaccurate
"
Baudo Guan_sound/Baudo Guan9,D:\other\Bird\Dataset\CC0\Baudo Guan_sound\Baudo Guan9.mp3,D:\other\Bird\Code\data\kaggle_wav_cache\Baudo Guan_sound\Baudo Guan9.wav,converted,32000,1,32.49634375,"[mp3 @ 000001ff23af55c0] Estimating duration from bitrate, this may be inaccurate
"
Bearded Guan_sound/Bearded Guan10,D:\other\Bird\Dataset\CC0\Bearded Guan_sound\Bearded Guan10.mp3,D:\other\Bird\Code\data\kaggle_wav_cache\Bearded Guan_sound\Bearded Guan10.wav,converted,32000,1,63.4775625,"[mp3 @ 0000028bec4155c0] Estimating duration from bitrate, this may be inaccurate
"
Bearded Guan_sound/Bearded Guan11,D:\other\Bird\Dataset\CC0\Bearded Guan_sound\Bearded Guan11.mp3,D:\other\Bird\Code\data\kaggle_wav_cache\Bearded Guan_sound\Bearded Guan11.wav,converted,32000,1,63.4775625,"[mp3 @ 000001b1aef655c0] Estimating duration from bitrate, this may be inaccurate
"
Bearded Guan_sound/Bearded Guan12,D:\other\Bird\Dataset\CC0\Bearded Guan_sound\Bearded Guan12.mp3,D:\other\Bird\Code\data\kaggle_wav_cache\Bearded Guan_sound\Bearded Guan12.wav,converted,32000,1,63.4775625,"[mp3 @ 00000214a29f55c0] Estimating duration from bitrate, this may be inaccurate
"
Bearded Guan_sound/Bearded Guan13,D:\other\Bird\Dataset\CC0\Bearded Guan_sound\Bearded Guan13.mp3,D:\other\Bird\Code\data\kaggle_wav_cache\Bearded Guan_sound\Bearded Guan13.wav,converted,32000,1,63.4775625,"[mp3 @ 0000021f29bf55c0] Estimating duration from bitrate, this may be inaccurate
"
Bearded Guan_sound/Bearded Guan14,D:\other\Bird\Dataset\CC0\Bearded Guan_sound\Bearded Guan14.mp3,D:\other\Bird\Code\data\kaggle_wav_cache\Bearded Guan_sound\Bearded Guan14.wav,converted,32000,1,63.4775625,"[mp3 @ 00000278f45e55c0] Estimating duration from bitrate, this may be inaccurate
"
Bearded Guan_sound/Bearded Guan15,D:\other\Bird\Dataset\CC0\Bearded Guan_sound\Bearded Guan15.mp3,D:\other\Bird\Code\data\kaggle_wav_cache\Bearded Guan_sound\Bearded Guan15.wav,converted,32000,1,63.4775625,"[mp3 @ 000002aa90b555c0] Estimating duration from bitrate, this may be inaccurate
"
Bearded Guan_sound/Bearded Guan16,D:\other\Bird\Dataset\CC0\Bearded Guan_sound\Bearded Guan16.mp3,D:\other\Bird\Code\data\kaggle_wav_cache\Bearded Guan_sound\Bearded Guan16.wav,converted,32000,1,22.632,"[mp3 @ 000001fb429255c0] Estimating duration from bitrate, this may be inaccurate
"
Bearded Guan_sound/Bearded Guan17,D:\other\Bird\Dataset\CC0\Bearded Guan_sound\Bearded Guan17.mp3,D:\other\Bird\Code\data\kaggle_wav_cache\Bearded Guan_sound\Bearded Guan17.wav,converted,32000,1,54.047375,"[mp3 @ 0000018a501455c0] Estimating duration from bitrate, this may be inaccurate
"
Bearded Guan_sound/Bearded Guan18,D:\other\Bird\Dataset\CC0\Bearded Guan_sound\Bearded Guan18.mp3,D:\other\Bird\Code\data\kaggle_wav_cache\Bearded Guan_sound\Bearded Guan18.wav,converted,32000,1,26.5143125,"[mp3 @ 0000021acf4a55c0] Estimating duration from bitrate, this may be inaccurate
"
Bearded Guan_sound/Bearded Guan19,D:\other\Bird\Dataset\CC0\Bearded Guan_sound\Bearded Guan19.mp3,D:\other\Bird\Code\data\kaggle_wav_cache\Bearded Guan_sound\Bearded Guan19.wav,converted,32000,1,33.9591875,"[mp3 @ 00000247cbfe55c0] Estimating duration from bitrate, this may be inaccurate
"
Bearded Guan_sound/Bearded Guan2,D:\other\Bird\Dataset\CC0\Bearded Guan_sound\Bearded Guan2.mp3,D:\other\Bird\Code\data\kaggle_wav_cache\Bearded Guan_sound\Bearded Guan2.wav,converted,32000,1,34.7961875,
Bearded Guan_sound/Bearded Guan20,D:\other\Bird\Dataset\CC0\Bearded Guan_sound\Bearded Guan20.mp3,D:\other\Bird\Code\data\kaggle_wav_cache\Bearded Guan_sound\Bearded Guan20.wav,converted,32000,1,21.52490625,"[mp3 @ 0000019f086b55c0] Estimating duration from bitrate, this may be inaccurate
"
Bearded Guan_sound/Bearded Guan21,D:\other\Bird\Dataset\CC0\Bearded Guan_sound\Bearded Guan21.mp3,D:\other\Bird\Code\data\kaggle_wav_cache\Bearded Guan_sound\Bearded Guan21.wav,converted,32000,1,21.52490625,"[mp3 @ 000001f137ec55c0] Estimating duration from bitrate, this may be inaccurate
"
Bearded Guan_sound/Bearded Guan22,D:\other\Bird\Dataset\CC0\Bearded Guan_sound\Bearded Guan22.mp3,D:\other\Bird\Code\data\kaggle_wav_cache\Bearded Guan_sound\Bearded Guan22.wav,converted,32000,1,70.426125,"[mp3 @ 000002203ebf55c0] Estimating duration from bitrate, this may be inaccurate
"
Bearded Guan_sound/Bearded Guan23,D:\other\Bird\Dataset\CC0\Bearded Guan_sound\Bearded Guan23.mp3,D:\other\Bird\Code\data\kaggle_wav_cache\Bearded Guan_sound\Bearded Guan23.wav,converted,32000,1,33.48,
Bearded Guan_sound/Bearded Guan24,D:\other\Bird\Dataset\CC0\Bearded Guan_sound\Bearded Guan24.mp3,D:\other\Bird\Code\data\kaggle_wav_cache\Bearded Guan_sound\Bearded Guan24.wav,converted,32000,1,34.70121875,
Bearded Guan_sound/Bearded Guan25,D:\other\Bird\Dataset\CC0\Bearded Guan_sound\Bearded Guan25.mp3,D:\other\Bird\Code\data\kaggle_wav_cache\Bearded Guan_sound\Bearded Guan25.wav,converted,32000,1,34.70121875,
Bearded Guan_sound/Bearded Guan26,D:\other\Bird\Dataset\CC0\Bearded Guan_sound\Bearded Guan26.mp3,D:\other\Bird\Code\data\kaggle_wav_cache\Bearded Guan_sound\Bearded Guan26.wav,converted,32000,1,5.61634375,"[mp3 @ 00000250579355c0] Estimating duration from bitrate, this may be inaccurate
"
Bearded Guan_sound/Bearded Guan27,D:\other\Bird\Dataset\CC0\Bearded Guan_sound\Bearded Guan27.mp3,D:\other\Bird\Code\data\kaggle_wav_cache\Bearded Guan_sound\Bearded Guan27.wav,converted,32000,1,14.00165625,"[mp3 @ 0000019b586655c0] Estimating duration from bitrate, this may be inaccurate
"
Bearded Guan_sound/Bearded Guan28,D:\other\Bird\Dataset\CC0\Bearded Guan_sound\Bearded Guan28.mp3,D:\other\Bird\Code\data\kaggle_wav_cache\Bearded Guan_sound\Bearded Guan28.wav,converted,32000,1,47.98696875,"[mp3 @ 00000245719355c0] Estimating duration from bitrate, this may be inaccurate
[mp3float @ 0000024571937c40] Header missing
Error while decoding stream #0:0: Invalid data found when processing input
"
Bearded Guan_sound/Bearded Guan3,D:\other\Bird\Dataset\CC0\Bearded Guan_sound\Bearded Guan3.mp3,D:\other\Bird\Code\data\kaggle_wav_cache\Bearded Guan_sound\Bearded Guan3.wav,converted,32000,1,34.7961875,
Bearded Guan_sound/Bearded Guan5,D:\other\Bird\Dataset\CC0\Bearded Guan_sound\Bearded Guan5.mp3,D:\other\Bird\Code\data\kaggle_wav_cache\Bearded Guan_sound\Bearded Guan5.wav,converted,32000,1,9.247375,"[mp3 @ 000001ecbde255c0] Estimating duration from bitrate, this may be inaccurate
"
Bearded Guan_sound/Bearded Guan4,D:\other\Bird\Dataset\CC0\Bearded Guan_sound\Bearded Guan4.mp3,D:\other\Bird\Code\data\kaggle_wav_cache\Bearded Guan_sound\Bearded Guan4.wav,converted,32000,1,34.7961875,
Bearded Guan_sound/Bearded Guan6,D:\other\Bird\Dataset\CC0\Bearded Guan_sound\Bearded Guan6.mp3,D:\other\Bird\Code\data\kaggle_wav_cache\Bearded Guan_sound\Bearded Guan6.wav,converted,32000,1,24.7379375,"[mp3 @ 000001eafaba55c0] Estimating duration from bitrate, this may be inaccurate
"
Bearded Guan_sound/Bearded Guan8,D:\other\Bird\Dataset\CC0\Bearded Guan_sound\Bearded Guan8.mp3,D:\other\Bird\Code\data\kaggle_wav_cache\Bearded Guan_sound\Bearded Guan8.wav,converted,32000,1,141.087375,"[mp3 @ 000001ac0dcb55c0] Estimating duration from bitrate, this may be inaccurate
"
Bearded Guan_sound/Bearded Guan7,D:\other\Bird\Dataset\CC0\Bearded Guan_sound\Bearded Guan7.mp3,D:\other\Bird\Code\data\kaggle_wav_cache\Bearded Guan_sound\Bearded Guan7.wav,converted,32000,1,313.49553125,"[mp3 @ 000001febe1e55c0] Estimating duration from bitrate, this may be inaccurate
"
Bearded Guan_sound/Bearded Guan9,D:\other\Bird\Dataset\CC0\Bearded Guan_sound\Bearded Guan9.mp3,D:\other\Bird\Code\data\kaggle_wav_cache\Bearded Guan_sound\Bearded Guan9.wav,converted,32000,1,36.41471875,"[mp3 @ 000001fade5b55c0] Estimating duration from bitrate, this may be inaccurate
"
Berlepschs Tinamou_sound/Berlepschs Tinamou10,D:\other\Bird\Dataset\CC0\Berlepschs Tinamou_sound\Berlepschs Tinamou10.mp3,D:\other\Bird\Code\data\kaggle_wav_cache\Berlepschs Tinamou_sound\Berlepschs Tinamou10.wav,converted,32000,1,28.00328125,"[mp3 @ 000001b91c165600] Estimating duration from bitrate, this may be inaccurate
"
Berlepschs Tinamou_sound/Berlepschs Tinamou11,D:\other\Bird\Dataset\CC0\Berlepschs Tinamou_sound\Berlepschs Tinamou11.mp3,D:\other\Bird\Code\data\kaggle_wav_cache\Berlepschs Tinamou_sound\Berlepschs Tinamou11.wav,converted,32000,1,29.96246875,"[mp3 @ 000001a2241a5600] Estimating duration from bitrate, this may be inaccurate
"
Berlepschs Tinamou_sound/Berlepschs Tinamou12,D:\other\Bird\Dataset\CC0\Berlepschs Tinamou_sound\Berlepschs Tinamou12.mp3,D:\other\Bird\Code\data\kaggle_wav_cache\Berlepschs Tinamou_sound\Berlepschs Tinamou12.wav,converted,32000,1,29.96246875,"[mp3 @ 000001bd2ce85600] Estimating duration from bitrate, this may be inaccurate
"
Berlepschs Tinamou_sound/Berlepschs Tinamou13,D:\other\Bird\Dataset\CC0\Berlepschs Tinamou_sound\Berlepschs Tinamou13.mp3,D:\other\Bird\Code\data\kaggle_wav_cache\Berlepschs Tinamou_sound\Berlepschs Tinamou13.wav,converted,32000,1,29.17878125,"[mp3 @ 000001e87be85600] Estimating duration from bitrate, this may be inaccurate
"
Berlepschs Tinamou_sound/Berlepschs Tinamou14,D:\other\Bird\Dataset\CC0\Berlepschs Tinamou_sound\Berlepschs Tinamou14.mp3,D:\other\Bird\Code\data\kaggle_wav_cache\Berlepschs Tinamou_sound\Berlepschs Tinamou14.wav,converted,32000,1,7.00084375,"[mp3 @ 000001306a535600] Estimating duration from bitrate, this may be inaccurate
"
Berlepschs Tinamou_sound/Berlepschs Tinamou2,D:\other\Bird\Dataset\CC0\Berlepschs Tinamou_sound\Berlepschs Tinamou2.mp3,D:\other\Bird\Code\data\kaggle_wav_cache\Berlepschs Tinamou_sound\Berlepschs Tinamou2.wav,converted,32000,1,13.06125,"[mp3 @ 000001e711925600] Estimating duration from bitrate, this may be inaccurate
"
Berlepschs Tinamou_sound/Berlepschs Tinamou3,D:\other\Bird\Dataset\CC0\Berlepschs Tinamou_sound\Berlepschs Tinamou3.mp3,D:\other\Bird\Code\data\kaggle_wav_cache\Berlepschs Tinamou_sound\Berlepschs Tinamou3.wav,converted,32000,1,13.06125,"[mp3 @ 000001f0b4535600] Estimating duration from bitrate, this may be inaccurate
"
Berlepschs Tinamou_sound/Berlepschs Tinamou4,D:\other\Bird\Dataset\CC0\Berlepschs Tinamou_sound\Berlepschs Tinamou4.mp3,D:\other\Bird\Code\data\kaggle_wav_cache\Berlepschs Tinamou_sound\Berlepschs Tinamou4.wav,converted,32000,1,13.06125,"[mp3 @ 0000018ae7065600] Estimating duration from bitrate, this may be inaccurate
"
Berlepschs Tinamou_sound/Berlepschs Tinamou5,D:\other\Bird\Dataset\CC0\Berlepschs Tinamou_sound\Berlepschs Tinamou5.mp3,D:\other\Bird\Code\data\kaggle_wav_cache\Berlepschs Tinamou_sound\Berlepschs Tinamou5.wav,converted,32000,1,13.06125,"[mp3 @ 0000024b820e5600] Estimating duration from bitrate, this may be inaccurate
"
Berlepschs Tinamou_sound/Berlepschs Tinamou6,D:\other\Bird\Dataset\CC0\Berlepschs Tinamou_sound\Berlepschs Tinamou6.mp3,D:\other\Bird\Code\data\kaggle_wav_cache\Berlepschs Tinamou_sound\Berlepschs Tinamou6.wav,converted,32000,1,13.06125,"[mp3 @ 000001d1fce65600] Estimating duration from bitrate, this may be inaccurate
"
Berlepschs Tinamou_sound/Berlepschs Tinamou7,D:\other\Bird\Dataset\CC0\Berlepschs Tinamou_sound\Berlepschs Tinamou7.mp3,D:\other\Bird\Code\data\kaggle_wav_cache\Berlepschs Tinamou_sound\Berlepschs Tinamou7.wav,converted,32000,1,16.37878125,"[mp3 @ 00000252e0875600] Estimating duration from bitrate, this may be inaccurate
"
Berlepschs Tinamou_sound/Berlepschs Tinamou8,D:\other\Bird\Dataset\CC0\Berlepschs Tinamou_sound\Berlepschs Tinamou8.mp3,D:\other\Bird\Code\data\kaggle_wav_cache\Berlepschs Tinamou_sound\Berlepschs Tinamou8.wav,converted,32000,1,12.56490625,"[mp3 @ 000001e691765600] Estimating duration from bitrate, this may be inaccurate
"
Berlepschs Tinamou_sound/Berlepschs Tinamou9,D:\other\Bird\Dataset\CC0\Berlepschs Tinamou_sound\Berlepschs Tinamou9.mp3,D:\other\Bird\Code\data\kaggle_wav_cache\Berlepschs Tinamou_sound\Berlepschs Tinamou9.wav,converted,32000,1,28.00328125,"[mp3 @ 000001f29db05600] Estimating duration from bitrate, this may be inaccurate
"
Biak Scrubfowl_sound/Biak Scrubfowl10,D:\other\Bird\Dataset\CC0\Biak Scrubfowl_sound\Biak Scrubfowl10.mp3,D:\other\Bird\Code\data\kaggle_wav_cache\Biak Scrubfowl_sound\Biak Scrubfowl10.wav,converted,32000,1,9.24,"[mp3 @ 0000021c65cb55c0] Estimating duration from bitrate, this may be inaccurate
"
Biak Scrubfowl_sound/Biak Scrubfowl2,D:\other\Bird\Dataset\CC0\Biak Scrubfowl_sound\Biak Scrubfowl2.mp3,D:\other\Bird\Code\data\kaggle_wav_cache\Biak Scrubfowl_sound\Biak Scrubfowl2.wav,converted,32000,1,6.0,
Biak Scrubfowl_sound/Biak Scrubfowl3,D:\other\Bird\Dataset\CC0\Biak Scrubfowl_sound\Biak Scrubfowl3.mp3,D:\other\Bird\Code\data\kaggle_wav_cache\Biak Scrubfowl_sound\Biak Scrubfowl3.wav,converted,32000,1,6.0,
Biak Scrubfowl_sound/Biak Scrubfowl4,D:\other\Bird\Dataset\CC0\Biak Scrubfowl_sound\Biak Scrubfowl4.mp3,D:\other\Bird\Code\data\kaggle_wav_cache\Biak Scrubfowl_sound\Biak Scrubfowl4.wav,converted,32000,1,34.992,"[mp3 @ 00000285301f55c0] Estimating duration from bitrate, this may be inaccurate
"
Biak Scrubfowl_sound/Biak Scrubfowl5,D:\other\Bird\Dataset\CC0\Biak Scrubfowl_sound\Biak Scrubfowl5.mp3,D:\other\Bird\Code\data\kaggle_wav_cache\Biak Scrubfowl_sound\Biak Scrubfowl5.wav,converted,32000,1,7.176,"[mp3 @ 0000011c70eb55c0] Estimating duration from bitrate, this may be inaccurate
"
Biak Scrubfowl_sound/Biak Scrubfowl6,D:\other\Bird\Dataset\CC0\Biak Scrubfowl_sound\Biak Scrubfowl6.mp3,D:\other\Bird\Code\data\kaggle_wav_cache\Biak Scrubfowl_sound\Biak Scrubfowl6.wav,converted,32000,1,7.176,"[mp3 @ 00000145198d55c0] Estimating duration from bitrate, this may be inaccurate
"
Biak Scrubfowl_sound/Biak Scrubfowl7,D:\other\Bird\Dataset\CC0\Biak Scrubfowl_sound\Biak Scrubfowl7.mp3,D:\other\Bird\Code\data\kaggle_wav_cache\Biak Scrubfowl_sound\Biak Scrubfowl7.wav,converted,32000,1,9.24,"[mp3 @ 000001ee827b55c0] Estimating duration from bitrate, this may be inaccurate
"
Biak Scrubfowl_sound/Biak Scrubfowl8,D:\other\Bird\Dataset\CC0\Biak Scrubfowl_sound\Biak Scrubfowl8.mp3,D:\other\Bird\Code\data\kaggle_wav_cache\Biak Scrubfowl_sound\Biak Scrubfowl8.wav,converted,32000,1,9.24,"[mp3 @ 000001adad6b55c0] Estimating duration from bitrate, this may be inaccurate
"
Biak Scrubfowl_sound/Biak Scrubfowl9,D:\other\Bird\Dataset\CC0\Biak Scrubfowl_sound\Biak Scrubfowl9.mp3,D:\other\Bird\Code\data\kaggle_wav_cache\Biak Scrubfowl_sound\Biak Scrubfowl9.wav,converted,32000,1,9.24,"[mp3 @ 000001ec6b9155c0] Estimating duration from bitrate, this may be inaccurate
"
Black Tinamou_sound/Black Tinamou10,D:\other\Bird\Dataset\CC0\Black Tinamou_sound\Black Tinamou10.mp3,D:\other\Bird\Code\data\kaggle_wav_cache\Black Tinamou_sound\Black Tinamou10.wav,converted,32000,1,4.068625,
Black Tinamou_sound/Black Tinamou11,D:\other\Bird\Dataset\CC0\Black Tinamou_sound\Black Tinamou11.mp3,D:\other\Bird\Code\data\kaggle_wav_cache\Black Tinamou_sound\Black Tinamou11.wav,converted,32000,1,23.136,"[mp3 @ 000002d7f01f55c0] Estimating duration from bitrate, this may be inaccurate
"
Black Tinamou_sound/Black Tinamou12,D:\other\Bird\Dataset\CC0\Black Tinamou_sound\Black Tinamou12.mp3,D:\other\Bird\Code\data\kaggle_wav_cache\Black Tinamou_sound\Black Tinamou12.wav,converted,32000,1,20.97634375,"[mp3 @ 0000015ae8e855c0] Estimating duration from bitrate, this may be inaccurate
"
Black Tinamou_sound/Black Tinamou13,D:\other\Bird\Dataset\CC0\Black Tinamou_sound\Black Tinamou13.mp3,D:\other\Bird\Code\data\kaggle_wav_cache\Black Tinamou_sound\Black Tinamou13.wav,converted,32000,1,16.56165625,"[mp3 @ 000002841f4655c0] Estimating duration from bitrate, this may be inaccurate
"
Black Tinamou_sound/Black Tinamou15,D:\other\Bird\Dataset\CC0\Black Tinamou_sound\Black Tinamou15.mp3,D:\other\Bird\Code\data\kaggle_wav_cache\Black Tinamou_sound\Black Tinamou15.wav,converted,32000,1,77.42696875,"[mp3 @ 000002105fb855c0] Estimating duration from bitrate, this may be inaccurate
"
Black Tinamou_sound/Black Tinamou16,D:\other\Bird\Dataset\CC0\Black Tinamou_sound\Black Tinamou16.mp3,D:\other\Bird\Code\data\kaggle_wav_cache\Black Tinamou_sound\Black Tinamou16.wav,converted,32000,1,18.4405625,
Black Tinamou_sound/Black Tinamou17,D:\other\Bird\Dataset\CC0\Black Tinamou_sound\Black Tinamou17.mp3,D:\other\Bird\Code\data\kaggle_wav_cache\Black Tinamou_sound\Black Tinamou17.wav,converted,32000,1,102.92246875,"[mp3 @ 0000020a295255c0] Estimating duration from bitrate, this may be inaccurate
"
Black Tinamou_sound/Black Tinamou14,D:\other\Bird\Dataset\CC0\Black Tinamou_sound\Black Tinamou14.mp3,D:\other\Bird\Code\data\kaggle_wav_cache\Black Tinamou_sound\Black Tinamou14.wav,converted,32000,1,496.1959375,"[mp3 @ 000001e12df455c0] Estimating duration from bitrate, this may be inaccurate
"
Black Tinamou_sound/Black Tinamou19,D:\other\Bird\Dataset\CC0\Black Tinamou_sound\Black Tinamou19.mp3,D:\other\Bird\Code\data\kaggle_wav_cache\Black Tinamou_sound\Black Tinamou19.wav,converted,32000,1,16.9080625,
Black Tinamou_sound/Black Tinamou18,D:\other\Bird\Dataset\CC0\Black Tinamou_sound\Black Tinamou18.mp3,D:\other\Bird\Code\data\kaggle_wav_cache\Black Tinamou_sound\Black Tinamou18.wav,converted,32000,1,16.9080625,
Black Tinamou_sound/Black Tinamou20,D:\other\Bird\Dataset\CC0\Black Tinamou_sound\Black Tinamou20.mp3,D:\other\Bird\Code\data\kaggle_wav_cache\Black Tinamou_sound\Black Tinamou20.wav,converted,32000,1,9.4734375,
Black Tinamou_sound/Black Tinamou2,D:\other\Bird\Dataset\CC0\Black Tinamou_sound\Black Tinamou2.mp3,D:\other\Bird\Code\data\kaggle_wav_cache\Black Tinamou_sound\Black Tinamou2.wav,converted,32000,1,75.92784375,
Black Tinamou_sound/Black Tinamou21,D:\other\Bird\Dataset\CC0\Black Tinamou_sound\Black Tinamou21.mp3,D:\other\Bird\Code\data\kaggle_wav_cache\Black Tinamou_sound\Black Tinamou21.wav,converted,32000,1,78.1845,"[mp3 @ 00000182c97355c0] Estimating duration from bitrate, this may be inaccurate
"
Black Tinamou_sound/Black Tinamou3,D:\other\Bird\Dataset\CC0\Black Tinamou_sound\Black Tinamou3.mp3,D:\other\Bird\Code\data\kaggle_wav_cache\Black Tinamou_sound\Black Tinamou3.wav,converted,32000,1,75.92784375,
Black Tinamou_sound/Black Tinamou4,D:\other\Bird\Dataset\CC0\Black Tinamou_sound\Black Tinamou4.mp3,D:\other\Bird\Code\data\kaggle_wav_cache\Black Tinamou_sound\Black Tinamou4.wav,converted,32000,1,19.9053125,"[mp3 @ 000001cf6b6355c0] Estimating duration from bitrate, this may be inaccurate
"
Black Tinamou_sound/Black Tinamou6,D:\other\Bird\Dataset\CC0\Black Tinamou_sound\Black Tinamou6.mp3,D:\other\Bird\Code\data\kaggle_wav_cache\Black Tinamou_sound\Black Tinamou6.wav,converted,32000,1,9.94378125,
Black Tinamou_sound/Black Tinamou5,D:\other\Bird\Dataset\CC0\Black Tinamou_sound\Black Tinamou5.mp3,D:\other\Bird\Code\data\kaggle_wav_cache\Black Tinamou_sound\Black Tinamou5.wav,converted,32000,1,93.33553125,
Black Tinamou_sound/Black Tinamou8,D:\other\Bird\Dataset\CC0\Black Tinamou_sound\Black Tinamou8.mp3,D:\other\Bird\Code\data\kaggle_wav_cache\Black Tinamou_sound\Black Tinamou8.wav,converted,32000,1,5.8628125,
Black Tinamou_sound/Black Tinamou7,D:\other\Bird\Dataset\CC0\Black Tinamou_sound\Black Tinamou7.mp3,D:\other\Bird\Code\data\kaggle_wav_cache\Black Tinamou_sound\Black Tinamou7.wav,converted,32000,1,62.805125,
Black Tinamou_sound/Black Tinamou9,D:\other\Bird\Dataset\CC0\Black Tinamou_sound\Black Tinamou9.mp3,D:\other\Bird\Code\data\kaggle_wav_cache\Black Tinamou_sound\Black Tinamou9.wav,converted,32000,1,6.69753125,
Black-billed Brushturkey_sound/Black-billed Brushturkey10,D:\other\Bird\Dataset\CC0\Black-billed Brushturkey_sound\Black-billed Brushturkey10.mp3,D:\other\Bird\Code\data\kaggle_wav_cache\Black-billed Brushturkey_sound\Black-billed Brushturkey10.wav,converted,32000,1,19.77471875,"[mp3 @ 000001721d4b5640] Estimating duration from bitrate, this may be inaccurate
"
Black-billed Brushturkey_sound/Black-billed Brushturkey11,D:\other\Bird\Dataset\CC0\Black-billed Brushturkey_sound\Black-billed Brushturkey11.mp3,D:\other\Bird\Code\data\kaggle_wav_cache\Black-billed Brushturkey_sound\Black-billed Brushturkey11.wav,converted,32000,1,19.77471875,"[mp3 @ 000002534b515640] Estimating duration from bitrate, this may be inaccurate
"
Black-billed Brushturkey_sound/Black-billed Brushturkey12,D:\other\Bird\Dataset\CC0\Black-billed Brushturkey_sound\Black-billed Brushturkey12.mp3,D:\other\Bird\Code\data\kaggle_wav_cache\Black-billed Brushturkey_sound\Black-billed Brushturkey12.wav,converted,32000,1,19.77471875,"[mp3 @ 0000018697295640] Estimating duration from bitrate, this may be inaccurate
"
Black-billed Brushturkey_sound/Black-billed Brushturkey14,D:\other\Bird\Dataset\CC0\Black-billed Brushturkey_sound\Black-billed Brushturkey14.mp3,D:\other\Bird\Code\data\kaggle_wav_cache\Black-billed Brushturkey_sound\Black-billed Brushturkey14.wav,converted,32000,1,14.9989375,
Black-billed Brushturkey_sound/Black-billed Brushturkey13,D:\other\Bird\Dataset\CC0\Black-billed Brushturkey_sound\Black-billed Brushturkey13.mp3,D:\other\Bird\Code\data\kaggle_wav_cache\Black-billed Brushturkey_sound\Black-billed Brushturkey13.wav,converted,32000,1,58.89009375,
Black-billed Brushturkey_sound/Black-billed Brushturkey16,D:\other\Bird\Dataset\CC0\Black-billed Brushturkey_sound\Black-billed Brushturkey16.mp3,D:\other\Bird\Code\data\kaggle_wav_cache\Black-billed Brushturkey_sound\Black-billed Brushturkey16.wav,converted,32000,1,40.752,"[mp3 @ 000002395f205640] Estimating duration from bitrate, this may be inaccurate
"
Black-billed Brushturkey_sound/Black-billed Brushturkey15,D:\other\Bird\Dataset\CC0\Black-billed Brushturkey_sound\Black-billed Brushturkey15.mp3,D:\other\Bird\Code\data\kaggle_wav_cache\Black-billed Brushturkey_sound\Black-billed Brushturkey15.wav,converted,32000,1,31.85978125,
Black-billed Brushturkey_sound/Black-billed Brushturkey17,D:\other\Bird\Dataset\CC0\Black-billed Brushturkey_sound\Black-billed Brushturkey17.mp3,D:\other\Bird\Code\data\kaggle_wav_cache\Black-billed Brushturkey_sound\Black-billed Brushturkey17.wav,converted,32000,1,39.864,"[mp3 @ 000001362f725640] Estimating duration from bitrate, this may be inaccurate
"
Black-billed Brushturkey_sound/Black-billed Brushturkey18,D:\other\Bird\Dataset\CC0\Black-billed Brushturkey_sound\Black-billed Brushturkey18.mp3,D:\other\Bird\Code\data\kaggle_wav_cache\Black-billed Brushturkey_sound\Black-billed Brushturkey18.wav,converted,32000,1,30.56328125,"[mp3 @ 000001e3aaae5640] Estimating duration from bitrate, this may be inaccurate
"
Black-billed Brushturkey_sound/Black-billed Brushturkey2,D:\other\Bird\Dataset\CC0\Black-billed Brushturkey_sound\Black-billed Brushturkey2.mp3,D:\other\Bird\Code\data\kaggle_wav_cache\Black-billed Brushturkey_sound\Black-billed Brushturkey2.wav,converted,32000,1,9.7175625,"[mp3 @ 000001ffbb445640] Estimating duration from bitrate, this may be inaccurate
"
Black-billed Brushturkey_sound/Black-billed Brushturkey19,D:\other\Bird\Dataset\CC0\Black-billed Brushturkey_sound\Black-billed Brushturkey19.mp3,D:\other\Bird\Code\data\kaggle_wav_cache\Black-billed Brushturkey_sound\Black-billed Brushturkey19.wav,converted,32000,1,46.55021875,"[mp3 @ 0000024e4a905640] Estimating duration from bitrate, this may be inaccurate
"
Black-billed Brushturkey_sound/Black-billed Brushturkey20,D:\other\Bird\Dataset\CC0\Black-billed Brushturkey_sound\Black-billed Brushturkey20.mp3,D:\other\Bird\Code\data\kaggle_wav_cache\Black-billed Brushturkey_sound\Black-billed Brushturkey20.wav,converted,32000,1,46.55021875,"[mp3 @ 000001f3fcc45640] Estimating duration from bitrate, this may be inaccurate
"
Black-billed Brushturkey_sound/Black-billed Brushturkey21,D:\other\Bird\Dataset\CC0\Black-billed Brushturkey_sound\Black-billed Brushturkey21.mp3,D:\other\Bird\Code\data\kaggle_wav_cache\Black-billed Brushturkey_sound\Black-billed Brushturkey21.wav,converted,32000,1,43.52,"[mp3 @ 000002d4d2a05640] Estimating duration from bitrate, this may be inaccurate
"
Black-billed Brushturkey_sound/Black-billed Brushturkey3,D:\other\Bird\Dataset\CC0\Black-billed Brushturkey_sound\Black-billed Brushturkey3.mp3,D:\other\Bird\Code\data\kaggle_wav_cache\Black-billed Brushturkey_sound\Black-billed Brushturkey3.wav,converted,32000,1,9.7175625,"[mp3 @ 000002976cc05640] Estimating duration from bitrate, this may be inaccurate
"
Black-billed Brushturkey_sound/Black-billed Brushturkey4,D:\other\Bird\Dataset\CC0\Black-billed Brushturkey_sound\Black-billed Brushturkey4.mp3,D:\other\Bird\Code\data\kaggle_wav_cache\Black-billed Brushturkey_sound\Black-billed Brushturkey4.wav,converted,32000,1,9.7175625,"[mp3 @ 000001b450c45640] Estimating duration from bitrate, this may be inaccurate
"
Black-billed Brushturkey_sound/Black-billed Brushturkey5,D:\other\Bird\Dataset\CC0\Black-billed Brushturkey_sound\Black-billed Brushturkey5.mp3,D:\other\Bird\Code\data\kaggle_wav_cache\Black-billed Brushturkey_sound\Black-billed Brushturkey5.wav,converted,32000,1,9.7175625,"[mp3 @ 000001ccff5f5640] Estimating duration from bitrate, this may be inaccurate
"
Black-billed Brushturkey_sound/Black-billed Brushturkey6,D:\other\Bird\Dataset\CC0\Black-billed Brushturkey_sound\Black-billed Brushturkey6.mp3,D:\other\Bird\Code\data\kaggle_wav_cache\Black-billed Brushturkey_sound\Black-billed Brushturkey6.wav,converted,32000,1,9.7175625,"[mp3 @ 000001c23c445640] Estimating duration from bitrate, this may be inaccurate
"
Black-billed Brushturkey_sound/Black-billed Brushturkey7,D:\other\Bird\Dataset\CC0\Black-billed Brushturkey_sound\Black-billed Brushturkey7.mp3,D:\other\Bird\Code\data\kaggle_wav_cache\Black-billed Brushturkey_sound\Black-billed Brushturkey7.wav,converted,32000,1,9.7175625,"[mp3 @ 0000020639b35640] Estimating duration from bitrate, this may be inaccurate
"
Black-billed Brushturkey_sound/Black-billed Brushturkey8,D:\other\Bird\Dataset\CC0\Black-billed Brushturkey_sound\Black-billed Brushturkey8.mp3,D:\other\Bird\Code\data\kaggle_wav_cache\Black-billed Brushturkey_sound\Black-billed Brushturkey8.wav,converted,32000,1,9.7175625,"[mp3 @ 000001f0fa595640] Estimating duration from bitrate, this may be inaccurate
"
Black-billed Brushturkey_sound/Black-billed Brushturkey9,D:\other\Bird\Dataset\CC0\Black-billed Brushturkey_sound\Black-billed Brushturkey9.mp3,D:\other\Bird\Code\data\kaggle_wav_cache\Black-billed Brushturkey_sound\Black-billed Brushturkey9.wav,converted,32000,1,14.57634375,"[mp3 @ 000002168f685640] Estimating duration from bitrate, this may be inaccurate
"
Black-capped Tinamou_sound/Black-capped Tinamou10,D:\other\Bird\Dataset\CC0\Black-capped Tinamou_sound\Black-capped Tinamou10.mp3,D:\other\Bird\Code\data\kaggle_wav_cache\Black-capped Tinamou_sound\Black-capped Tinamou10.wav,converted,32000,1,3.5004375,"[mp3 @ 0000014661fb5600] Estimating duration from bitrate, this may be inaccurate
"
Black-capped Tinamou_sound/Black-capped Tinamou11,D:\other\Bird\Dataset\CC0\Black-capped Tinamou_sound\Black-capped Tinamou11.mp3,D:\other\Bird\Code\data\kaggle_wav_cache\Black-capped Tinamou_sound\Black-capped Tinamou11.wav,converted,32000,1,54.80490625,"[mp3 @ 00000191f1ce5600] Estimating duration from bitrate, this may be inaccurate
"
Black-capped Tinamou_sound/Black-capped Tinamou12,D:\other\Bird\Dataset\CC0\Black-capped Tinamou_sound\Black-capped Tinamou12.mp3,D:\other\Bird\Code\data\kaggle_wav_cache\Black-capped Tinamou_sound\Black-capped Tinamou12.wav,converted,32000,1,54.80490625,"[mp3 @ 0000028a6eb35600] Estimating duration from bitrate, this may be inaccurate
"
Black-capped Tinamou_sound/Black-capped Tinamou13,D:\other\Bird\Dataset\CC0\Black-capped Tinamou_sound\Black-capped Tinamou13.mp3,D:\other\Bird\Code\data\kaggle_wav_cache\Black-capped Tinamou_sound\Black-capped Tinamou13.wav,converted,32000,1,3.9445,"[mp3 @ 000002174d755600] Estimating duration from bitrate, this may be inaccurate
"
Black-capped Tinamou_sound/Black-capped Tinamou15,D:\other\Bird\Dataset\CC0\Black-capped Tinamou_sound\Black-capped Tinamou15.mp3,D:\other\Bird\Code\data\kaggle_wav_cache\Black-capped Tinamou_sound\Black-capped Tinamou15.wav,converted,32000,1,23.64084375,"[mp3 @ 000002574cf25600] Estimating duration from bitrate, this may be inaccurate
"
Black-capped Tinamou_sound/Black-capped Tinamou14,D:\other\Bird\Dataset\CC0\Black-capped Tinamou_sound\Black-capped Tinamou14.mp3,D:\other\Bird\Code\data\kaggle_wav_cache\Black-capped Tinamou_sound\Black-capped Tinamou14.wav,converted,32000,1,169.01225,"[mp3 @ 000001ebbb8b5600] Estimating duration from bitrate, this may be inaccurate
"
Black-capped Tinamou_sound/Black-capped Tinamou17,D:\other\Bird\Dataset\CC0\Black-capped Tinamou_sound\Black-capped Tinamou17.mp3,D:\other\Bird\Code\data\kaggle_wav_cache\Black-capped Tinamou_sound\Black-capped Tinamou17.wav,converted,32000,1,25.57390625,"[mp3 @ 0000021ffa315600] Estimating duration from bitrate, this may be inaccurate
"
Black-capped Tinamou_sound/Black-capped Tinamou16,D:\other\Bird\Dataset\CC0\Black-capped Tinamou_sound\Black-capped Tinamou16.mp3,D:\other\Bird\Code\data\kaggle_wav_cache\Black-capped Tinamou_sound\Black-capped Tinamou16.wav,converted,32000,1,102.87021875,"[mp3 @ 000002b33f885600] Estimating duration from bitrate, this may be inaccurate
"
Black-capped Tinamou_sound/Black-capped Tinamou18,D:\other\Bird\Dataset\CC0\Black-capped Tinamou_sound\Black-capped Tinamou18.mp3,D:\other\Bird\Code\data\kaggle_wav_cache\Black-capped Tinamou_sound\Black-capped Tinamou18.wav,converted,32000,1,54.83103125,"[mp3 @ 000001a1459b5600] Estimating duration from bitrate, this may be inaccurate
"
Black-capped Tinamou_sound/Black-capped Tinamou19,D:\other\Bird\Dataset\CC0\Black-capped Tinamou_sound\Black-capped Tinamou19.mp3,D:\other\Bird\Code\data\kaggle_wav_cache\Black-capped Tinamou_sound\Black-capped Tinamou19.wav,converted,32000,1,54.83103125,"[mp3 @ 000001dc7f6d5600] Estimating duration from bitrate, this may be inaccurate
"
Black-capped Tinamou_sound/Black-capped Tinamou2,D:\other\Bird\Dataset\CC0\Black-capped Tinamou_sound\Black-capped Tinamou2.mp3,D:\other\Bird\Code\data\kaggle_wav_cache\Black-capped Tinamou_sound\Black-capped Tinamou2.wav,converted,32000,1,7.962,
Black-capped Tinamou_sound/Black-capped Tinamou20,D:\other\Bird\Dataset\CC0\Black-capped Tinamou_sound\Black-capped Tinamou20.mp3,D:\other\Bird\Code\data\kaggle_wav_cache\Black-capped Tinamou_sound\Black-capped Tinamou20.wav,converted,32000,1,54.83103125,"[mp3 @ 00000237a71a5600] Estimating duration from bitrate, this may be inaccurate
"
Black-capped Tinamou_sound/Black-capped Tinamou21,D:\other\Bird\Dataset\CC0\Black-capped Tinamou_sound\Black-capped Tinamou21.mp3,D:\other\Bird\Code\data\kaggle_wav_cache\Black-capped Tinamou_sound\Black-capped Tinamou21.wav,converted,32000,1,2.580375,
Black-capped Tinamou_sound/Black-capped Tinamou22,D:\other\Bird\Dataset\CC0\Black-capped Tinamou_sound\Black-capped Tinamou22.mp3,D:\other\Bird\Code\data\kaggle_wav_cache\Black-capped Tinamou_sound\Black-capped Tinamou22.wav,converted,32000,1,86.112,"[mp3 @ 0000024bc0535600] Estimating duration from bitrate, this may be inaccurate
"
Black-capped Tinamou_sound/Black-capped Tinamou23,D:\other\Bird\Dataset\CC0\Black-capped Tinamou_sound\Black-capped Tinamou23.mp3,D:\other\Bird\Code\data\kaggle_wav_cache\Black-capped Tinamou_sound\Black-capped Tinamou23.wav,converted,32000,1,86.112,"[mp3 @ 0000018bc5985600] Estimating duration from bitrate, this may be inaccurate
"
Black-capped Tinamou_sound/Black-capped Tinamou25,D:\other\Bird\Dataset\CC0\Black-capped Tinamou_sound\Black-capped Tinamou25.mp3,D:\other\Bird\Code\data\kaggle_wav_cache\Black-capped Tinamou_sound\Black-capped Tinamou25.wav,converted,32000,1,15.2111875,
Black-capped Tinamou_sound/Black-capped Tinamou24,D:\other\Bird\Dataset\CC0\Black-capped Tinamou_sound\Black-capped Tinamou24.mp3,D:\other\Bird\Code\data\kaggle_wav_cache\Black-capped Tinamou_sound\Black-capped Tinamou24.wav,converted,32000,1,86.112,"[mp3 @ 0000015976d45600] Estimating duration from bitrate, this may be inaccurate
"
Black-capped Tinamou_sound/Black-capped Tinamou26,D:\other\Bird\Dataset\CC0\Black-capped Tinamou_sound\Black-capped Tinamou26.mp3,D:\other\Bird\Code\data\kaggle_wav_cache\Black-capped Tinamou_sound\Black-capped Tinamou26.wav,converted,32000,1,1.31275,
Black-capped Tinamou_sound/Black-capped Tinamou27,D:\other\Bird\Dataset\CC0\Black-capped Tinamou_sound\Black-capped Tinamou27.mp3,D:\other\Bird\Code\data\kaggle_wav_cache\Black-capped Tinamou_sound\Black-capped Tinamou27.wav,converted,32000,1,1.31275,
Black-capped Tinamou_sound/Black-capped Tinamou28,D:\other\Bird\Dataset\CC0\Black-capped Tinamou_sound\Black-capped Tinamou28.mp3,D:\other\Bird\Code\data\kaggle_wav_cache\Black-capped Tinamou_sound\Black-capped Tinamou28.wav,converted,32000,1,4.572,"[mp3 @ 000001b9d4015600] Estimating duration from bitrate, this may be inaccurate
"
Black-capped Tinamou_sound/Black-capped Tinamou29,D:\other\Bird\Dataset\CC0\Black-capped Tinamou_sound\Black-capped Tinamou29.mp3,D:\other\Bird\Code\data\kaggle_wav_cache\Black-capped Tinamou_sound\Black-capped Tinamou29.wav,converted,32000,1,8.85290625,
Black-capped Tinamou_sound/Black-capped Tinamou3,D:\other\Bird\Dataset\CC0\Black-capped Tinamou_sound\Black-capped Tinamou3.mp3,D:\other\Bird\Code\data\kaggle_wav_cache\Black-capped Tinamou_sound\Black-capped Tinamou3.wav,converted,32000,1,7.962,
Black-capped Tinamou_sound/Black-capped Tinamou30,D:\other\Bird\Dataset\CC0\Black-capped Tinamou_sound\Black-capped Tinamou30.mp3,D:\other\Bird\Code\data\kaggle_wav_cache\Black-capped Tinamou_sound\Black-capped Tinamou30.wav,converted,32000,1,8.85290625,
Black-capped Tinamou_sound/Black-capped Tinamou31,D:\other\Bird\Dataset\CC0\Black-capped Tinamou_sound\Black-capped Tinamou31.mp3,D:\other\Bird\Code\data\kaggle_wav_cache\Black-capped Tinamou_sound\Black-capped Tinamou31.wav,converted,32000,1,8.85290625,
Black-capped Tinamou_sound/Black-capped Tinamou4,D:\other\Bird\Dataset\CC0\Black-capped Tinamou_sound\Black-capped Tinamou4.mp3,D:\other\Bird\Code\data\kaggle_wav_cache\Black-capped Tinamou_sound\Black-capped Tinamou4.wav,converted,32000,1,7.962,
Black-capped Tinamou_sound/Black-capped Tinamou5,D:\other\Bird\Dataset\CC0\Black-capped Tinamou_sound\Black-capped Tinamou5.mp3,D:\other\Bird\Code\data\kaggle_wav_cache\Black-capped Tinamou_sound\Black-capped Tinamou5.wav,converted,32000,1,7.962,
Black-capped Tinamou_sound/Black-capped Tinamou6,D:\other\Bird\Dataset\CC0\Black-capped Tinamou_sound\Black-capped Tinamou6.mp3,D:\other\Bird\Code\data\kaggle_wav_cache\Black-capped Tinamou_sound\Black-capped Tinamou6.wav,converted,32000,1,54.58265625,
Black-capped Tinamou_sound/Black-capped Tinamou7,D:\other\Bird\Dataset\CC0\Black-capped Tinamou_sound\Black-capped Tinamou7.mp3,D:\other\Bird\Code\data\kaggle_wav_cache\Black-capped Tinamou_sound\Black-capped Tinamou7.wav,converted,32000,1,54.58265625,
Black-capped Tinamou_sound/Black-capped Tinamou8,D:\other\Bird\Dataset\CC0\Black-capped Tinamou_sound\Black-capped Tinamou8.mp3,D:\other\Bird\Code\data\kaggle_wav_cache\Black-capped Tinamou_sound\Black-capped Tinamou8.wav,converted,32000,1,4.56,"[mp3 @ 000001e0a8885600] Estimating duration from bitrate, this may be inaccurate
"
Black-fronted Piping Guan_sound/Black-fronted Piping Guan10,D:\other\Bird\Dataset\CC0\Black-fronted Piping Guan_sound\Black-fronted Piping Guan10.mp3,D:\other\Bird\Code\data\kaggle_wav_cache\Black-fronted Piping Guan_sound\Black-fronted Piping Guan10.wav,converted,32000,1,6.23415625,
Black-capped Tinamou_sound/Black-capped Tinamou9,D:\other\Bird\Dataset\CC0\Black-capped Tinamou_sound\Black-capped Tinamou9.mp3,D:\other\Bird\Code\data\kaggle_wav_cache\Black-capped Tinamou_sound\Black-capped Tinamou9.wav,converted,32000,1,100.392,"[mp3 @ 000002a01adf5600] Estimating duration from bitrate, this may be inaccurate
"
Black-fronted Piping Guan_sound/Black-fronted Piping Guan11,D:\other\Bird\Dataset\CC0\Black-fronted Piping Guan_sound\Black-fronted Piping Guan11.mp3,D:\other\Bird\Code\data\kaggle_wav_cache\Black-fronted Piping Guan_sound\Black-fronted Piping Guan11.wav,converted,32000,1,6.23415625,
Black-fronted Piping Guan_sound/Black-fronted Piping Guan12,D:\other\Bird\Dataset\CC0\Black-fronted Piping Guan_sound\Black-fronted Piping Guan12.mp3,D:\other\Bird\Code\data\kaggle_wav_cache\Black-fronted Piping Guan_sound\Black-fronted Piping Guan12.wav,converted,32000,1,5.27675,"[mp3 @ 000001f047bf56c0] Estimating duration from bitrate, this may be inaccurate
"
Black-fronted Piping Guan_sound/Black-fronted Piping Guan13,D:\other\Bird\Dataset\CC0\Black-fronted Piping Guan_sound\Black-fronted Piping Guan13.mp3,D:\other\Bird\Code\data\kaggle_wav_cache\Black-fronted Piping Guan_sound\Black-fronted Piping Guan13.wav,converted,32000,1,38.478375,"[mp3 @ 00000259714756c0] Estimating duration from bitrate, this may be inaccurate
"
Black-fronted Piping Guan_sound/Black-fronted Piping Guan2,D:\other\Bird\Dataset\CC0\Black-fronted Piping Guan_sound\Black-fronted Piping Guan2.mp3,D:\other\Bird\Code\data\kaggle_wav_cache\Black-fronted Piping Guan_sound\Black-fronted Piping Guan2.wav,converted,32000,1,10.05715625,"[mp3 @ 000002a6eefd56c0] Estimating duration from bitrate, this may be inaccurate
"
Black-fronted Piping Guan_sound/Black-fronted Piping Guan3,D:\other\Bird\Dataset\CC0\Black-fronted Piping Guan_sound\Black-fronted Piping Guan3.mp3,D:\other\Bird\Code\data\kaggle_wav_cache\Black-fronted Piping Guan_sound\Black-fronted Piping Guan3.wav,converted,32000,1,60.9436875,"[mp3 @ 000001b392b556c0] Estimating duration from bitrate, this may be inaccurate
"
Black-fronted Piping Guan_sound/Black-fronted Piping Guan5,D:\other\Bird\Dataset\CC0\Black-fronted Piping Guan_sound\Black-fronted Piping Guan5.mp3,D:\other\Bird\Code\data\kaggle_wav_cache\Black-fronted Piping Guan_sound\Black-fronted Piping Guan5.wav,converted,32000,1,7.967375,"[mp3 @ 00000265954356c0] Estimating duration from bitrate, this may be inaccurate
"
Black-fronted Piping Guan_sound/Black-fronted Piping Guan4,D:\other\Bird\Dataset\CC0\Black-fronted Piping Guan_sound\Black-fronted Piping Guan4.mp3,D:\other\Bird\Code\data\kaggle_wav_cache\Black-fronted Piping Guan_sound\Black-fronted Piping Guan4.wav,converted,32000,1,158.23,
Black-fronted Piping Guan_sound/Black-fronted Piping Guan6,D:\other\Bird\Dataset\CC0\Black-fronted Piping Guan_sound\Black-fronted Piping Guan6.mp3,D:\other\Bird\Code\data\kaggle_wav_cache\Black-fronted Piping Guan_sound\Black-fronted Piping Guan6.wav,converted,32000,1,7.967375,"[mp3 @ 0000020bb30556c0] Estimating duration from bitrate, this may be inaccurate
"
Black-fronted Piping Guan_sound/Black-fronted Piping Guan7,D:\other\Bird\Dataset\CC0\Black-fronted Piping Guan_sound\Black-fronted Piping Guan7.mp3,D:\other\Bird\Code\data\kaggle_wav_cache\Black-fronted Piping Guan_sound\Black-fronted Piping Guan7.wav,converted,32000,1,93.20490625,
Black-fronted Piping Guan_sound/Black-fronted Piping Guan8,D:\other\Bird\Dataset\CC0\Black-fronted Piping Guan_sound\Black-fronted Piping Guan8.mp3,D:\other\Bird\Code\data\kaggle_wav_cache\Black-fronted Piping Guan_sound\Black-fronted Piping Guan8.wav,converted,32000,1,93.20490625,
Black-fronted Piping Guan_sound/Black-fronted Piping Guan9,D:\other\Bird\Dataset\CC0\Black-fronted Piping Guan_sound\Black-fronted Piping Guan9.mp3,D:\other\Bird\Code\data\kaggle_wav_cache\Black-fronted Piping Guan_sound\Black-fronted Piping Guan9.wav,converted,32000,1,6.23415625,
Blue-throated Piping Guan_sound/Blue-throated Piping Guan10,D:\other\Bird\Dataset\CC0\Blue-throated Piping Guan_sound\Blue-throated Piping Guan10.mp3,D:\other\Bird\Code\data\kaggle_wav_cache\Blue-throated Piping Guan_sound\Blue-throated Piping Guan10.wav,converted,32000,1,29.649,"[mp3 @ 000002119f2656c0] Estimating duration from bitrate, this may be inaccurate
"
Blue-throated Piping Guan_sound/Blue-throated Piping Guan11,D:\other\Bird\Dataset\CC0\Blue-throated Piping Guan_sound\Blue-throated Piping Guan11.mp3,D:\other\Bird\Code\data\kaggle_wav_cache\Blue-throated Piping Guan_sound\Blue-throated Piping Guan11.wav,converted,32000,1,15.0666875,
Blue-throated Piping Guan_sound/Blue-throated Piping Guan12,D:\other\Bird\Dataset\CC0\Blue-throated Piping Guan_sound\Blue-throated Piping Guan12.mp3,D:\other\Bird\Code\data\kaggle_wav_cache\Blue-throated Piping Guan_sound\Blue-throated Piping Guan12.wav,converted,32000,1,20.48,"[mp3 @ 00000192068956c0] Estimating duration from bitrate, this may be inaccurate
"
Blue-throated Piping Guan_sound/Blue-throated Piping Guan13,D:\other\Bird\Dataset\CC0\Blue-throated Piping Guan_sound\Blue-throated Piping Guan13.mp3,D:\other\Bird\Code\data\kaggle_wav_cache\Blue-throated Piping Guan_sound\Blue-throated Piping Guan13.wav,converted,32000,1,20.48,"[mp3 @ 0000019c5ec956c0] Estimating duration from bitrate, this may be inaccurate
"
Blue-throated Piping Guan_sound/Blue-throated Piping Guan15,D:\other\Bird\Dataset\CC0\Blue-throated Piping Guan_sound\Blue-throated Piping Guan15.mp3,D:\other\Bird\Code\data\kaggle_wav_cache\Blue-throated Piping Guan_sound\Blue-throated Piping Guan15.wav,converted,32000,1,13.97553125,"[mp3 @ 000001627b4d56c0] Estimating duration from bitrate, this may be inaccurate
"
Blue-throated Piping Guan_sound/Blue-throated Piping Guan16,D:\other\Bird\Dataset\CC0\Blue-throated Piping Guan_sound\Blue-throated Piping Guan16.mp3,D:\other\Bird\Code\data\kaggle_wav_cache\Blue-throated Piping Guan_sound\Blue-throated Piping Guan16.wav,converted,32000,1,14.8898125,"[mp3 @ 000002275ef656c0] Estimating duration from bitrate, this may be inaccurate
"
Blue-throated Piping Guan_sound/Blue-throated Piping Guan14,D:\other\Bird\Dataset\CC0\Blue-throated Piping Guan_sound\Blue-throated Piping Guan14.mp3,D:\other\Bird\Code\data\kaggle_wav_cache\Blue-throated Piping Guan_sound\Blue-throated Piping Guan14.wav,converted,32000,1,190.056,"[mp3 @ 0000019b816156c0] Estimating duration from bitrate, this may be inaccurate
"
Blue-throated Piping Guan_sound/Blue-throated Piping Guan17,D:\other\Bird\Dataset\CC0\Blue-throated Piping Guan_sound\Blue-throated Piping Guan17.mp3,D:\other\Bird\Code\data\kaggle_wav_cache\Blue-throated Piping Guan_sound\Blue-throated Piping Guan17.wav,converted,32000,1,12.3820625,"[mp3 @ 0000017102ba56c0] Estimating duration from bitrate, this may be inaccurate
"
Blue-throated Piping Guan_sound/Blue-throated Piping Guan18,D:\other\Bird\Dataset\CC0\Blue-throated Piping Guan_sound\Blue-throated Piping Guan18.mp3,D:\other\Bird\Code\data\kaggle_wav_cache\Blue-throated Piping Guan_sound\Blue-throated Piping Guan18.wav,converted,32000,1,12.72165625,"[mp3 @ 00000239a44b56c0] Estimating duration from bitrate, this may be inaccurate
"
Blue-throated Piping Guan_sound/Blue-throated Piping Guan19,D:\other\Bird\Dataset\CC0\Blue-throated Piping Guan_sound\Blue-throated Piping Guan19.mp3,D:\other\Bird\Code\data\kaggle_wav_cache\Blue-throated Piping Guan_sound\Blue-throated Piping Guan19.wav,converted,32000,1,11.546125,"[mp3 @ 00000171d03456c0] Estimating duration from bitrate, this may be inaccurate
"
Blue-throated Piping Guan_sound/Blue-throated Piping Guan2,D:\other\Bird\Dataset\CC0\Blue-throated Piping Guan_sound\Blue-throated Piping Guan2.mp3,D:\other\Bird\Code\data\kaggle_wav_cache\Blue-throated Piping Guan_sound\Blue-throated Piping Guan2.wav,converted,32000,1,11.0498125,"[mp3 @ 00000294693256c0] Estimating duration from bitrate, this may be inaccurate
"
Blue-throated Piping Guan_sound/Blue-throated Piping Guan20,D:\other\Bird\Dataset\CC0\Blue-throated Piping Guan_sound\Blue-throated Piping Guan20.mp3,D:\other\Bird\Code\data\kaggle_wav_cache\Blue-throated Piping Guan_sound\Blue-throated Piping Guan20.wav,converted,32000,1,11.31103125,"[mp3 @ 000001ef0c8656c0] Estimating duration from bitrate, this may be inaccurate
"
Blue-throated Piping Guan_sound/Blue-throated Piping Guan21,D:\other\Bird\Dataset\CC0\Blue-throated Piping Guan_sound\Blue-throated Piping Guan21.mp3,D:\other\Bird\Code\data\kaggle_wav_cache\Blue-throated Piping Guan_sound\Blue-throated Piping Guan21.wav,converted,32000,1,11.36328125,"[mp3 @ 00000204cccc56c0] Estimating duration from bitrate, this may be inaccurate
"
Blue-throated Piping Guan_sound/Blue-throated Piping Guan22,D:\other\Bird\Dataset\CC0\Blue-throated Piping Guan_sound\Blue-throated Piping Guan22.mp3,D:\other\Bird\Code\data\kaggle_wav_cache\Blue-throated Piping Guan_sound\Blue-throated Piping Guan22.wav,converted,32000,1,15.09878125,"[mp3 @ 00000248e57056c0] Estimating duration from bitrate, this may be inaccurate
"
Blue-throated Piping Guan_sound/Blue-throated Piping Guan23,D:\other\Bird\Dataset\CC0\Blue-throated Piping Guan_sound\Blue-throated Piping Guan23.mp3,D:\other\Bird\Code\data\kaggle_wav_cache\Blue-throated Piping Guan_sound\Blue-throated Piping Guan23.wav,converted,32000,1,10.13553125,"[mp3 @ 000002207a3056c0] Estimating duration from bitrate, this may be inaccurate
"
Blue-throated Piping Guan_sound/Blue-throated Piping Guan24,D:\other\Bird\Dataset\CC0\Blue-throated Piping Guan_sound\Blue-throated Piping Guan24.mp3,D:\other\Bird\Code\data\kaggle_wav_cache\Blue-throated Piping Guan_sound\Blue-throated Piping Guan24.wav,converted,32000,1,37.146125,"[mp3 @ 000002761f8f56c0] Estimating duration from bitrate, this may be inaccurate
"
Blue-throated Piping Guan_sound/Blue-throated Piping Guan25,D:\other\Bird\Dataset\CC0\Blue-throated Piping Guan_sound\Blue-throated Piping Guan25.mp3,D:\other\Bird\Code\data\kaggle_wav_cache\Blue-throated Piping Guan_sound\Blue-throated Piping Guan25.wav,converted,32000,1,31.68653125,"[mp3 @ 0000019eb53456c0] Estimating duration from bitrate, this may be inaccurate
"
Blue-throated Piping Guan_sound/Blue-throated Piping Guan26,D:\other\Bird\Dataset\CC0\Blue-throated Piping Guan_sound\Blue-throated Piping Guan26.mp3,D:\other\Bird\Code\data\kaggle_wav_cache\Blue-throated Piping Guan_sound\Blue-throated Piping Guan26.wav,converted,32000,1,17.4236875,"[mp3 @ 00000207bd0956c0] Estimating duration from bitrate, this may be inaccurate
"
Blue-throated Piping Guan_sound/Blue-throated Piping Guan27,D:\other\Bird\Dataset\CC0\Blue-throated Piping Guan_sound\Blue-throated Piping Guan27.mp3,D:\other\Bird\Code\data\kaggle_wav_cache\Blue-throated Piping Guan_sound\Blue-throated Piping Guan27.wav,converted,32000,1,23.40571875,"[mp3 @ 000001de6c3256c0] Estimating duration from bitrate, this may be inaccurate
"
Blue-throated Piping Guan_sound/Blue-throated Piping Guan28,D:\other\Bird\Dataset\CC0\Blue-throated Piping Guan_sound\Blue-throated Piping Guan28.mp3,D:\other\Bird\Code\data\kaggle_wav_cache\Blue-throated Piping Guan_sound\Blue-throated Piping Guan28.wav,converted,32000,1,23.24978125,
Blue-throated Piping Guan_sound/Blue-throated Piping Guan29,D:\other\Bird\Dataset\CC0\Blue-throated Piping Guan_sound\Blue-throated Piping Guan29.mp3,D:\other\Bird\Code\data\kaggle_wav_cache\Blue-throated Piping Guan_sound\Blue-throated Piping Guan29.wav,converted,32000,1,23.24978125,
Blue-throated Piping Guan_sound/Blue-throated Piping Guan3,D:\other\Bird\Dataset\CC0\Blue-throated Piping Guan_sound\Blue-throated Piping Guan3.mp3,D:\other\Bird\Code\data\kaggle_wav_cache\Blue-throated Piping Guan_sound\Blue-throated Piping Guan3.wav,converted,32000,1,11.0498125,"[mp3 @ 0000022644bf56c0] Estimating duration from bitrate, this may be inaccurate
"
Blue-throated Piping Guan_sound/Blue-throated Piping Guan30,D:\other\Bird\Dataset\CC0\Blue-throated Piping Guan_sound\Blue-throated Piping Guan30.mp3,D:\other\Bird\Code\data\kaggle_wav_cache\Blue-throated Piping Guan_sound\Blue-throated Piping Guan30.wav,converted,32000,1,43.512,"[mp3 @ 000002551c3a56c0] Estimating duration from bitrate, this may be inaccurate
"
Blue-throated Piping Guan_sound/Blue-throated Piping Guan31,D:\other\Bird\Dataset\CC0\Blue-throated Piping Guan_sound\Blue-throated Piping Guan31.mp3,D:\other\Bird\Code\data\kaggle_wav_cache\Blue-throated Piping Guan_sound\Blue-throated Piping Guan31.wav,converted,32000,1,101.112,"[mp3 @ 00000243e9ff56c0] Estimating duration from bitrate, this may be inaccurate
"
Blue-throated Piping Guan_sound/Blue-throated Piping Guan4,D:\other\Bird\Dataset\CC0\Blue-throated Piping Guan_sound\Blue-throated Piping Guan4.mp3,D:\other\Bird\Code\data\kaggle_wav_cache\Blue-throated Piping Guan_sound\Blue-throated Piping Guan4.wav,converted,32000,1,11.0498125,"[mp3 @ 000002c064bb56c0] Estimating duration from bitrate, this may be inaccurate
"
Blue-throated Piping Guan_sound/Blue-throated Piping Guan5,D:\other\Bird\Dataset\CC0\Blue-throated Piping Guan_sound\Blue-throated Piping Guan5.mp3,D:\other\Bird\Code\data\kaggle_wav_cache\Blue-throated Piping Guan_sound\Blue-throated Piping Guan5.wav,converted,32000,1,6.97471875,"[mp3 @ 0000016f22ec56c0] Estimating duration from bitrate, this may be inaccurate
"
Blue-throated Piping Guan_sound/Blue-throated Piping Guan6,D:\other\Bird\Dataset\CC0\Blue-throated Piping Guan_sound\Blue-throated Piping Guan6.mp3,D:\other\Bird\Code\data\kaggle_wav_cache\Blue-throated Piping Guan_sound\Blue-throated Piping Guan6.wav,converted,32000,1,21.2375625,"[mp3 @ 0000025078c156c0] Estimating duration from bitrate, this may be inaccurate
"
Blue-throated Piping Guan_sound/Blue-throated Piping Guan7,D:\other\Bird\Dataset\CC0\Blue-throated Piping Guan_sound\Blue-throated Piping Guan7.mp3,D:\other\Bird\Code\data\kaggle_wav_cache\Blue-throated Piping Guan_sound\Blue-throated Piping Guan7.wav,converted,32000,1,14.7853125,"[mp3 @ 000001ae8f0c56c0] Estimating duration from bitrate, this may be inaccurate
"
Blue-throated Piping Guan_sound/Blue-throated Piping Guan8,D:\other\Bird\Dataset\CC0\Blue-throated Piping Guan_sound\Blue-throated Piping Guan8.mp3,D:\other\Bird\Code\data\kaggle_wav_cache\Blue-throated Piping Guan_sound\Blue-throated Piping Guan8.wav,converted,32000,1,35.3698125,"[mp3 @ 000002328c9756c0] Estimating duration from bitrate, this may be inaccurate
"
Blue-throated Piping Guan_sound/Blue-throated Piping Guan9,D:\other\Bird\Dataset\CC0\Blue-throated Piping Guan_sound\Blue-throated Piping Guan9.mp3,D:\other\Bird\Code\data\kaggle_wav_cache\Blue-throated Piping Guan_sound\Blue-throated Piping Guan9.wav,converted,32000,1,20.32328125,"[mp3 @ 0000013af4cd56c0] Estimating duration from bitrate, this may be inaccurate
"
Brazilian Tinamou_sound/Brazilian Tinamou10,D:\other\Bird\Dataset\CC0\Brazilian Tinamou_sound\Brazilian Tinamou10.mp3,D:\other\Bird\Code\data\kaggle_wav_cache\Brazilian Tinamou_sound\Brazilian Tinamou10.wav,converted,32000,1,11.0759375,"[mp3 @ 000001d04dc35600] Estimating duration from bitrate, this may be inaccurate
"
Brazilian Tinamou_sound/Brazilian Tinamou11,D:\other\Bird\Dataset\CC0\Brazilian Tinamou_sound\Brazilian Tinamou11.mp3,D:\other\Bird\Code\data\kaggle_wav_cache\Brazilian Tinamou_sound\Brazilian Tinamou11.wav,converted,32000,1,11.0759375,"[mp3 @ 00000217ea145600] Estimating duration from bitrate, this may be inaccurate
"
Brazilian Tinamou_sound/Brazilian Tinamou12,D:\other\Bird\Dataset\CC0\Brazilian Tinamou_sound\Brazilian Tinamou12.mp3,D:\other\Bird\Code\data\kaggle_wav_cache\Brazilian Tinamou_sound\Brazilian Tinamou12.wav,converted,32000,1,11.0759375,"[mp3 @ 000001ebf77e5600] Estimating duration from bitrate, this may be inaccurate
"
Brazilian Tinamou_sound/Brazilian Tinamou13,D:\other\Bird\Dataset\CC0\Brazilian Tinamou_sound\Brazilian Tinamou13.mp3,D:\other\Bird\Code\data\kaggle_wav_cache\Brazilian Tinamou_sound\Brazilian Tinamou13.wav,converted,32000,1,11.0759375,"[mp3 @ 000001db2e3b5600] Estimating duration from bitrate, this may be inaccurate
"
Brazilian Tinamou_sound/Brazilian Tinamou15,D:\other\Bird\Dataset\CC0\Brazilian Tinamou_sound\Brazilian Tinamou15.mp3,D:\other\Bird\Code\data\kaggle_wav_cache\Brazilian Tinamou_sound\Brazilian Tinamou15.wav,converted,32000,1,43.88571875,"[mp3 @ 00000211dd585600] Estimating duration from bitrate, this may be inaccurate
"
Brazilian Tinamou_sound/Brazilian Tinamou14,D:\other\Bird\Dataset\CC0\Brazilian Tinamou_sound\Brazilian Tinamou14.mp3,D:\other\Bird\Code\data\kaggle_wav_cache\Brazilian Tinamou_sound\Brazilian Tinamou14.wav,converted,32000,1,143.28165625,"[mp3 @ 0000025cc7eb5600] Estimating duration from bitrate, this may be inaccurate
"
Brazilian Tinamou_sound/Brazilian Tinamou16,D:\other\Bird\Dataset\CC0\Brazilian Tinamou_sound\Brazilian Tinamou16.mp3,D:\other\Bird\Code\data\kaggle_wav_cache\Brazilian Tinamou_sound\Brazilian Tinamou16.wav,converted,32000,1,83.9053125,"[mp3 @ 000001fdf5b65600] Estimating duration from bitrate, this may be inaccurate
"
Brazilian Tinamou_sound/Brazilian Tinamou17,D:\other\Bird\Dataset\CC0\Brazilian Tinamou_sound\Brazilian Tinamou17.mp3,D:\other\Bird\Code\data\kaggle_wav_cache\Brazilian Tinamou_sound\Brazilian Tinamou17.wav,converted,32000,1,83.9053125,"[mp3 @ 0000018103175600] Estimating duration from bitrate, this may be inaccurate
"
Brazilian Tinamou_sound/Brazilian Tinamou19,D:\other\Bird\Dataset\CC0\Brazilian Tinamou_sound\Brazilian Tinamou19.mp3,D:\other\Bird\Code\data\kaggle_wav_cache\Brazilian Tinamou_sound\Brazilian Tinamou19.wav,converted,32000,1,78.12225,
Brazilian Tinamou_sound/Brazilian Tinamou18,D:\other\Bird\Dataset\CC0\Brazilian Tinamou_sound\Brazilian Tinamou18.mp3,D:\other\Bird\Code\data\kaggle_wav_cache\Brazilian Tinamou_sound\Brazilian Tinamou18.wav,converted,32000,1,150.186875,
Brazilian Tinamou_sound/Brazilian Tinamou2,D:\other\Bird\Dataset\CC0\Brazilian Tinamou_sound\Brazilian Tinamou2.mp3,D:\other\Bird\Code\data\kaggle_wav_cache\Brazilian Tinamou_sound\Brazilian Tinamou2.wav,converted,32000,1,1.28,"[mp3 @ 0000019ee2645600] Estimating duration from bitrate, this may be inaccurate
"
Brazilian Tinamou_sound/Brazilian Tinamou20,D:\other\Bird\Dataset\CC0\Brazilian Tinamou_sound\Brazilian Tinamou20.mp3,D:\other\Bird\Code\data\kaggle_wav_cache\Brazilian Tinamou_sound\Brazilian Tinamou20.wav,converted,32000,1,101.56409375,"[mp3 @ 0000019069935600] Estimating duration from bitrate, this may be inaccurate
"
Brazilian Tinamou_sound/Brazilian Tinamou21,D:\other\Bird\Dataset\CC0\Brazilian Tinamou_sound\Brazilian Tinamou21.mp3,D:\other\Bird\Code\data\kaggle_wav_cache\Brazilian Tinamou_sound\Brazilian Tinamou21.wav,converted,32000,1,101.56409375,"[mp3 @ 0000014c03375600] Estimating duration from bitrate, this may be inaccurate
"
Brazilian Tinamou_sound/Brazilian Tinamou22,D:\other\Bird\Dataset\CC0\Brazilian Tinamou_sound\Brazilian Tinamou22.mp3,D:\other\Bird\Code\data\kaggle_wav_cache\Brazilian Tinamou_sound\Brazilian Tinamou22.wav,converted,32000,1,111.2820625,
Brazilian Tinamou_sound/Brazilian Tinamou23,D:\other\Bird\Dataset\CC0\Brazilian Tinamou_sound\Brazilian Tinamou23.mp3,D:\other\Bird\Code\data\kaggle_wav_cache\Brazilian Tinamou_sound\Brazilian Tinamou23.wav,converted,32000,1,180.36,"[mp3 @ 000002a7c03b5600] Estimating duration from bitrate, this may be inaccurate
"
Brazilian Tinamou_sound/Brazilian Tinamou24,D:\other\Bird\Dataset\CC0\Brazilian Tinamou_sound\Brazilian Tinamou24.mp3,D:\other\Bird\Code\data\kaggle_wav_cache\Brazilian Tinamou_sound\Brazilian Tinamou24.wav,converted,32000,1,98.61225,"[mp3 @ 00000196924a5600] Estimating duration from bitrate, this may be inaccurate
"
Brazilian Tinamou_sound/Brazilian Tinamou25,D:\other\Bird\Dataset\CC0\Brazilian Tinamou_sound\Brazilian Tinamou25.mp3,D:\other\Bird\Code\data\kaggle_wav_cache\Brazilian Tinamou_sound\Brazilian Tinamou25.wav,converted,32000,1,30.69390625,"[mp3 @ 0000028787185600] Estimating duration from bitrate, this may be inaccurate
"
Brazilian Tinamou_sound/Brazilian Tinamou26,D:\other\Bird\Dataset\CC0\Brazilian Tinamou_sound\Brazilian Tinamou26.mp3,D:\other\Bird\Code\data\kaggle_wav_cache\Brazilian Tinamou_sound\Brazilian Tinamou26.wav,converted,32000,1,71.41878125,"[mp3 @ 0000017f87895600] Estimating duration from bitrate, this may be inaccurate
"
Brazilian Tinamou_sound/Brazilian Tinamou27,D:\other\Bird\Dataset\CC0\Brazilian Tinamou_sound\Brazilian Tinamou27.mp3,D:\other\Bird\Code\data\kaggle_wav_cache\Brazilian Tinamou_sound\Brazilian Tinamou27.wav,converted,32000,1,127.26859375,"[mp3 @ 0000018da9585600] Estimating duration from bitrate, this may be inaccurate
"
Brazilian Tinamou_sound/Brazilian Tinamou28,D:\other\Bird\Dataset\CC0\Brazilian Tinamou_sound\Brazilian Tinamou28.mp3,D:\other\Bird\Code\data\kaggle_wav_cache\Brazilian Tinamou_sound\Brazilian Tinamou28.wav,converted,32000,1,127.26859375,"[mp3 @ 00000274a6e85600] Estimating duration from bitrate, this may be inaccurate
"
Brazilian Tinamou_sound/Brazilian Tinamou29,D:\other\Bird\Dataset\CC0\Brazilian Tinamou_sound\Brazilian Tinamou29.mp3,D:\other\Bird\Code\data\kaggle_wav_cache\Brazilian Tinamou_sound\Brazilian Tinamou29.wav,converted,32000,1,56.68571875,"[mp3 @ 00000186cd835600] Estimating duration from bitrate, this may be inaccurate
"
Brazilian Tinamou_sound/Brazilian Tinamou3,D:\other\Bird\Dataset\CC0\Brazilian Tinamou_sound\Brazilian Tinamou3.mp3,D:\other\Bird\Code\data\kaggle_wav_cache\Brazilian Tinamou_sound\Brazilian Tinamou3.wav,converted,32000,1,6.74946875,
Brazilian Tinamou_sound/Brazilian Tinamou30,D:\other\Bird\Dataset\CC0\Brazilian Tinamou_sound\Brazilian Tinamou30.mp3,D:\other\Bird\Code\data\kaggle_wav_cache\Brazilian Tinamou_sound\Brazilian Tinamou30.wav,converted,32000,1,56.68571875,"[mp3 @ 000001389ec35600] Estimating duration from bitrate, this may be inaccurate
"
Brazilian Tinamou_sound/Brazilian Tinamou31,D:\other\Bird\Dataset\CC0\Brazilian Tinamou_sound\Brazilian Tinamou31.mp3,D:\other\Bird\Code\data\kaggle_wav_cache\Brazilian Tinamou_sound\Brazilian Tinamou31.wav,converted,32000,1,56.68571875,"[mp3 @ 000002b3f8f75600] Estimating duration from bitrate, this may be inaccurate
"
Brazilian Tinamou_sound/Brazilian Tinamou4,D:\other\Bird\Dataset\CC0\Brazilian Tinamou_sound\Brazilian Tinamou4.mp3,D:\other\Bird\Code\data\kaggle_wav_cache\Brazilian Tinamou_sound\Brazilian Tinamou4.wav,converted,32000,1,53.803625,
Brazilian Tinamou_sound/Brazilian Tinamou5,D:\other\Bird\Dataset\CC0\Brazilian Tinamou_sound\Brazilian Tinamou5.mp3,D:\other\Bird\Code\data\kaggle_wav_cache\Brazilian Tinamou_sound\Brazilian Tinamou5.wav,converted,32000,1,140.59103125,"[mp3 @ 00000255b96e5600] Estimating duration from bitrate, this may be inaccurate
"
Brazilian Tinamou_sound/Brazilian Tinamou6,D:\other\Bird\Dataset\CC0\Brazilian Tinamou_sound\Brazilian Tinamou6.mp3,D:\other\Bird\Code\data\kaggle_wav_cache\Brazilian Tinamou_sound\Brazilian Tinamou6.wav,converted,32000,1,140.59103125,"[mp3 @ 0000021778095600] Estimating duration from bitrate, this may be inaccurate
"
Brazilian Tinamou_sound/Brazilian Tinamou7,D:\other\Bird\Dataset\CC0\Brazilian Tinamou_sound\Brazilian Tinamou7.mp3,D:\other\Bird\Code\data\kaggle_wav_cache\Brazilian Tinamou_sound\Brazilian Tinamou7.wav,converted,32000,1,140.59103125,"[mp3 @ 000001f435eb5600] Estimating duration from bitrate, this may be inaccurate
"
Brazilian Tinamou_sound/Brazilian Tinamou8,D:\other\Bird\Dataset\CC0\Brazilian Tinamou_sound\Brazilian Tinamou8.mp3,D:\other\Bird\Code\data\kaggle_wav_cache\Brazilian Tinamou_sound\Brazilian Tinamou8.wav,converted,32000,1,140.59103125,"[mp3 @ 00000200c2435600] Estimating duration from bitrate, this may be inaccurate
"
Brown Tinamou_sound/Brown Tinamou10,D:\other\Bird\Dataset\CC0\Brown Tinamou_sound\Brown Tinamou10.mp3,D:\other\Bird\Code\data\kaggle_wav_cache\Brown Tinamou_sound\Brown Tinamou10.wav,converted,32000,1,7.32009375,
Brazilian Tinamou_sound/Brazilian Tinamou9,D:\other\Bird\Dataset\CC0\Brazilian Tinamou_sound\Brazilian Tinamou9.mp3,D:\other\Bird\Code\data\kaggle_wav_cache\Brazilian Tinamou_sound\Brazilian Tinamou9.wav,converted,32000,1,140.59103125,"[mp3 @ 000002a5a72d5600] Estimating duration from bitrate, this may be inaccurate
"
Brown Tinamou_sound/Brown Tinamou11,D:\other\Bird\Dataset\CC0\Brown Tinamou_sound\Brown Tinamou11.mp3,D:\other\Bird\Code\data\kaggle_wav_cache\Brown Tinamou_sound\Brown Tinamou11.wav,converted,32000,1,483.76165625,"[mp3 @ 000002147f4055c0] Estimating duration from bitrate, this may be inaccurate
"
Brown Tinamou_sound/Brown Tinamou12,D:\other\Bird\Dataset\CC0\Brown Tinamou_sound\Brown Tinamou12.mp3,D:\other\Bird\Code\data\kaggle_wav_cache\Brown Tinamou_sound\Brown Tinamou12.wav,converted,32000,1,483.76165625,"[mp3 @ 000001fc2ea655c0] Estimating duration from bitrate, this may be inaccurate
"
Brown Tinamou_sound/Brown Tinamou13,D:\other\Bird\Dataset\CC0\Brown Tinamou_sound\Brown Tinamou13.mp3,D:\other\Bird\Code\data\kaggle_wav_cache\Brown Tinamou_sound\Brown Tinamou13.wav,converted,32000,1,483.76165625,"[mp3 @ 000001b46b6855c0] Estimating duration from bitrate, this may be inaccurate
"
Brown Tinamou_sound/Brown Tinamou14,D:\other\Bird\Dataset\CC0\Brown Tinamou_sound\Brown Tinamou14.mp3,D:\other\Bird\Code\data\kaggle_wav_cache\Brown Tinamou_sound\Brown Tinamou14.wav,converted,32000,1,483.76165625,"[mp3 @ 000001f88a7055c0] Estimating duration from bitrate, this may be inaccurate
"
Brown Tinamou_sound/Brown Tinamou15,D:\other\Bird\Dataset\CC0\Brown Tinamou_sound\Brown Tinamou15.mp3,D:\other\Bird\Code\data\kaggle_wav_cache\Brown Tinamou_sound\Brown Tinamou15.wav,converted,32000,1,483.76165625,"[mp3 @ 000001961b0455c0] Estimating duration from bitrate, this may be inaccurate
"
Brown Tinamou_sound/Brown Tinamou16,D:\other\Bird\Dataset\CC0\Brown Tinamou_sound\Brown Tinamou16.mp3,D:\other\Bird\Code\data\kaggle_wav_cache\Brown Tinamou_sound\Brown Tinamou16.wav,converted,32000,1,483.76165625,"[mp3 @ 000001b7757555c0] Estimating duration from bitrate, this may be inaccurate
"
Brown Tinamou_sound/Brown Tinamou17,D:\other\Bird\Dataset\CC0\Brown Tinamou_sound\Brown Tinamou17.mp3,D:\other\Bird\Code\data\kaggle_wav_cache\Brown Tinamou_sound\Brown Tinamou17.wav,converted,32000,1,32.976,"[mp3 @ 000001dcf4d955c0] Estimating duration from bitrate, this may be inaccurate
"
Brown Tinamou_sound/Brown Tinamou18,D:\other\Bird\Dataset\CC0\Brown Tinamou_sound\Brown Tinamou18.mp3,D:\other\Bird\Code\data\kaggle_wav_cache\Brown Tinamou_sound\Brown Tinamou18.wav,converted,32000,1,32.976,"[mp3 @ 000001deed4255c0] Estimating duration from bitrate, this may be inaccurate
"
Brown Tinamou_sound/Brown Tinamou19,D:\other\Bird\Dataset\CC0\Brown Tinamou_sound\Brown Tinamou19.mp3,D:\other\Bird\Code\data\kaggle_wav_cache\Brown Tinamou_sound\Brown Tinamou19.wav,converted,32000,1,32.976,"[mp3 @ 00000285b91f55c0] Estimating duration from bitrate, this may be inaccurate
"
Brown Tinamou_sound/Brown Tinamou2,D:\other\Bird\Dataset\CC0\Brown Tinamou_sound\Brown Tinamou2.mp3,D:\other\Bird\Code\data\kaggle_wav_cache\Brown Tinamou_sound\Brown Tinamou2.wav,converted,32000,1,20.616,"[mp3 @ 000001c564eb55c0] Estimating duration from bitrate, this may be inaccurate
"
Brown Tinamou_sound/Brown Tinamou20,D:\other\Bird\Dataset\CC0\Brown Tinamou_sound\Brown Tinamou20.mp3,D:\other\Bird\Code\data\kaggle_wav_cache\Brown Tinamou_sound\Brown Tinamou20.wav,converted,32000,1,32.976,"[mp3 @ 0000018e730b55c0] Estimating duration from bitrate, this may be inaccurate
"
Brown Tinamou_sound/Brown Tinamou21,D:\other\Bird\Dataset\CC0\Brown Tinamou_sound\Brown Tinamou21.mp3,D:\other\Bird\Code\data\kaggle_wav_cache\Brown Tinamou_sound\Brown Tinamou21.wav,converted,32000,1,202.266125,"[mp3 @ 00000147395a55c0] Estimating duration from bitrate, this may be inaccurate
"
Brown Tinamou_sound/Brown Tinamou22,D:\other\Bird\Dataset\CC0\Brown Tinamou_sound\Brown Tinamou22.mp3,D:\other\Bird\Code\data\kaggle_wav_cache\Brown Tinamou_sound\Brown Tinamou22.wav,converted,32000,1,204.3298125,"[mp3 @ 000001ef0d0955c0] Estimating duration from bitrate, this may be inaccurate
"
Brown Tinamou_sound/Brown Tinamou23,D:\other\Bird\Dataset\CC0\Brown Tinamou_sound\Brown Tinamou23.mp3,D:\other\Bird\Code\data\kaggle_wav_cache\Brown Tinamou_sound\Brown Tinamou23.wav,converted,32000,1,61.5445,"[mp3 @ 000001a2feb155c0] Estimating duration from bitrate, this may be inaccurate
"
Brown Tinamou_sound/Brown Tinamou24,D:\other\Bird\Dataset\CC0\Brown Tinamou_sound\Brown Tinamou24.mp3,D:\other\Bird\Code\data\kaggle_wav_cache\Brown Tinamou_sound\Brown Tinamou24.wav,converted,32000,1,26.04409375,"[mp3 @ 0000026926f055c0] Estimating duration from bitrate, this may be inaccurate
"
Brown Tinamou_sound/Brown Tinamou25,D:\other\Bird\Dataset\CC0\Brown Tinamou_sound\Brown Tinamou25.mp3,D:\other\Bird\Code\data\kaggle_wav_cache\Brown Tinamou_sound\Brown Tinamou25.wav,converted,32000,1,26.04409375,"[mp3 @ 0000026bccd155c0] Estimating duration from bitrate, this may be inaccurate
"
Brown Tinamou_sound/Brown Tinamou26,D:\other\Bird\Dataset\CC0\Brown Tinamou_sound\Brown Tinamou26.mp3,D:\other\Bird\Code\data\kaggle_wav_cache\Brown Tinamou_sound\Brown Tinamou26.wav,converted,32000,1,26.04409375,"[mp3 @ 0000021e1a8b55c0] Estimating duration from bitrate, this may be inaccurate
"
Brown Tinamou_sound/Brown Tinamou27,D:\other\Bird\Dataset\CC0\Brown Tinamou_sound\Brown Tinamou27.mp3,D:\other\Bird\Code\data\kaggle_wav_cache\Brown Tinamou_sound\Brown Tinamou27.wav,converted,32000,1,26.04409375,"[mp3 @ 000002d1d19255c0] Estimating duration from bitrate, this may be inaccurate
"
Brown Tinamou_sound/Brown Tinamou28,D:\other\Bird\Dataset\CC0\Brown Tinamou_sound\Brown Tinamou28.mp3,D:\other\Bird\Code\data\kaggle_wav_cache\Brown Tinamou_sound\Brown Tinamou28.wav,converted,32000,1,100.008,"[mp3 @ 000001c614cf55c0] Estimating duration from bitrate, this may be inaccurate
"
Brown Tinamou_sound/Brown Tinamou29,D:\other\Bird\Dataset\CC0\Brown Tinamou_sound\Brown Tinamou29.mp3,D:\other\Bird\Code\data\kaggle_wav_cache\Brown Tinamou_sound\Brown Tinamou29.wav,converted,32000,1,59.784,"[mp3 @ 000002a356f855c0] Estimating duration from bitrate, this may be inaccurate
"
Brown Tinamou_sound/Brown Tinamou3,D:\other\Bird\Dataset\CC0\Brown Tinamou_sound\Brown Tinamou3.mp3,D:\other\Bird\Code\data\kaggle_wav_cache\Brown Tinamou_sound\Brown Tinamou3.wav,converted,32000,1,26.328,"[mp3 @ 00000251d05955c0] Estimating duration from bitrate, this may be inaccurate
"
Brown Tinamou_sound/Brown Tinamou30,D:\other\Bird\Dataset\CC0\Brown Tinamou_sound\Brown Tinamou30.mp3,D:\other\Bird\Code\data\kaggle_wav_cache\Brown Tinamou_sound\Brown Tinamou30.wav,converted,32000,1,59.784,"[mp3 @ 0000020c40c155c0] Estimating duration from bitrate, this may be inaccurate
"
Brown Tinamou_sound/Brown Tinamou4,D:\other\Bird\Dataset\CC0\Brown Tinamou_sound\Brown Tinamou4.mp3,D:\other\Bird\Code\data\kaggle_wav_cache\Brown Tinamou_sound\Brown Tinamou4.wav,converted,32000,1,71.712,"[mp3 @ 0000014f7bda55c0] Estimating duration from bitrate, this may be inaccurate
"
Brown Tinamou_sound/Brown Tinamou31,D:\other\Bird\Dataset\CC0\Brown Tinamou_sound\Brown Tinamou31.mp3,D:\other\Bird\Code\data\kaggle_wav_cache\Brown Tinamou_sound\Brown Tinamou31.wav,converted,32000,1,189.70125,"[mp3 @ 000002b3869955c0] Estimating duration from bitrate, this may be inaccurate
"
Brown Tinamou_sound/Brown Tinamou5,D:\other\Bird\Dataset\CC0\Brown Tinamou_sound\Brown Tinamou5.mp3,D:\other\Bird\Code\data\kaggle_wav_cache\Brown Tinamou_sound\Brown Tinamou5.wav,converted,32000,1,71.712,"[mp3 @ 000001dbad0755c0] Estimating duration from bitrate, this may be inaccurate
"
Brown Tinamou_sound/Brown Tinamou6,D:\other\Bird\Dataset\CC0\Brown Tinamou_sound\Brown Tinamou6.mp3,D:\other\Bird\Code\data\kaggle_wav_cache\Brown Tinamou_sound\Brown Tinamou6.wav,converted,32000,1,71.712,"[mp3 @ 0000023d307a55c0] Estimating duration from bitrate, this may be inaccurate
"
Brown Tinamou_sound/Brown Tinamou7,D:\other\Bird\Dataset\CC0\Brown Tinamou_sound\Brown Tinamou7.mp3,D:\other\Bird\Code\data\kaggle_wav_cache\Brown Tinamou_sound\Brown Tinamou7.wav,converted,32000,1,11.94,
Brown Tinamou_sound/Brown Tinamou8,D:\other\Bird\Dataset\CC0\Brown Tinamou_sound\Brown Tinamou8.mp3,D:\other\Bird\Code\data\kaggle_wav_cache\Brown Tinamou_sound\Brown Tinamou8.wav,converted,32000,1,11.94,
Brown Tinamou_sound/Brown Tinamou9,D:\other\Bird\Dataset\CC0\Brown Tinamou_sound\Brown Tinamou9.mp3,D:\other\Bird\Code\data\kaggle_wav_cache\Brown Tinamou_sound\Brown Tinamou9.wav,converted,32000,1,7.32009375,
Brushland Tinamou_sound/Brushland Tinamou10,D:\other\Bird\Dataset\CC0\Brushland Tinamou_sound\Brushland Tinamou10.mp3,D:\other\Bird\Code\data\kaggle_wav_cache\Brushland Tinamou_sound\Brushland Tinamou10.wav,converted,32000,1,33.9591875,"[mp3 @ 000001a1dd255600] Estimating duration from bitrate, this may be inaccurate
"
Brushland Tinamou_sound/Brushland Tinamou11,D:\other\Bird\Dataset\CC0\Brushland Tinamou_sound\Brushland Tinamou11.mp3,D:\other\Bird\Code\data\kaggle_wav_cache\Brushland Tinamou_sound\Brushland Tinamou11.wav,converted,32000,1,33.9591875,"[mp3 @ 000001c71f035600] Estimating duration from bitrate, this may be inaccurate
"
Brushland Tinamou_sound/Brushland Tinamou12,D:\other\Bird\Dataset\CC0\Brushland Tinamou_sound\Brushland Tinamou12.mp3,D:\other\Bird\Code\data\kaggle_wav_cache\Brushland Tinamou_sound\Brushland Tinamou12.wav,converted,32000,1,33.9591875,"[mp3 @ 000001d1b1cb5600] Estimating duration from bitrate, this may be inaccurate
"
Brushland Tinamou_sound/Brushland Tinamou13,D:\other\Bird\Dataset\CC0\Brushland Tinamou_sound\Brushland Tinamou13.mp3,D:\other\Bird\Code\data\kaggle_wav_cache\Brushland Tinamou_sound\Brushland Tinamou13.wav,converted,32000,1,33.9591875,"[mp3 @ 000002194e9f5600] Estimating duration from bitrate, this may be inaccurate
"
Brushland Tinamou_sound/Brushland Tinamou14,D:\other\Bird\Dataset\CC0\Brushland Tinamou_sound\Brushland Tinamou14.mp3,D:\other\Bird\Code\data\kaggle_wav_cache\Brushland Tinamou_sound\Brushland Tinamou14.wav,converted,32000,1,33.9591875,"[mp3 @ 000001a3563a5600] Estimating duration from bitrate, this may be inaccurate
"
Brushland Tinamou_sound/Brushland Tinamou15,D:\other\Bird\Dataset\CC0\Brushland Tinamou_sound\Brushland Tinamou15.mp3,D:\other\Bird\Code\data\kaggle_wav_cache\Brushland Tinamou_sound\Brushland Tinamou15.wav,converted,32000,1,43.824,"[mp3 @ 0000026e0b475600] Estimating duration from bitrate, this may be inaccurate
"
Brushland Tinamou_sound/Brushland Tinamou16,D:\other\Bird\Dataset\CC0\Brushland Tinamou_sound\Brushland Tinamou16.mp3,D:\other\Bird\Code\data\kaggle_wav_cache\Brushland Tinamou_sound\Brushland Tinamou16.wav,converted,32000,1,66.1420625,"[mp3 @ 0000029f2eb15600] Estimating duration from bitrate, this may be inaccurate
"
Brushland Tinamou_sound/Brushland Tinamou17,D:\other\Bird\Dataset\CC0\Brushland Tinamou_sound\Brushland Tinamou17.mp3,D:\other\Bird\Code\data\kaggle_wav_cache\Brushland Tinamou_sound\Brushland Tinamou17.wav,converted,32000,1,83.9575625,"[mp3 @ 000001a193f55600] Estimating duration from bitrate, this may be inaccurate
"
Brushland Tinamou_sound/Brushland Tinamou18,D:\other\Bird\Dataset\CC0\Brushland Tinamou_sound\Brushland Tinamou18.mp3,D:\other\Bird\Code\data\kaggle_wav_cache\Brushland Tinamou_sound\Brushland Tinamou18.wav,converted,32000,1,46.8898125,"[mp3 @ 0000029fc5ec5600] Estimating duration from bitrate, this may be inaccurate
"
Brushland Tinamou_sound/Brushland Tinamou19,D:\other\Bird\Dataset\CC0\Brushland Tinamou_sound\Brushland Tinamou19.mp3,D:\other\Bird\Code\data\kaggle_wav_cache\Brushland Tinamou_sound\Brushland Tinamou19.wav,converted,32000,1,46.8898125,"[mp3 @ 00000265d9ae5600] Estimating duration from bitrate, this may be inaccurate
"
Brushland Tinamou_sound/Brushland Tinamou2,D:\other\Bird\Dataset\CC0\Brushland Tinamou_sound\Brushland Tinamou2.mp3,D:\other\Bird\Code\data\kaggle_wav_cache\Brushland Tinamou_sound\Brushland Tinamou2.wav,converted,32000,1,2.53390625,"[mp3 @ 0000025d11795600] Estimating duration from bitrate, this may be inaccurate
"
Brushland Tinamou_sound/Brushland Tinamou20,D:\other\Bird\Dataset\CC0\Brushland Tinamou_sound\Brushland Tinamou20.mp3,D:\other\Bird\Code\data\kaggle_wav_cache\Brushland Tinamou_sound\Brushland Tinamou20.wav,converted,32000,1,46.8898125,"[mp3 @ 0000020482415600] Estimating duration from bitrate, this may be inaccurate
"
Brushland Tinamou_sound/Brushland Tinamou21,D:\other\Bird\Dataset\CC0\Brushland Tinamou_sound\Brushland Tinamou21.mp3,D:\other\Bird\Code\data\kaggle_wav_cache\Brushland Tinamou_sound\Brushland Tinamou21.wav,converted,32000,1,46.8898125,"[mp3 @ 00000182c7315600] Estimating duration from bitrate, this may be inaccurate
"
Brushland Tinamou_sound/Brushland Tinamou23,D:\other\Bird\Dataset\CC0\Brushland Tinamou_sound\Brushland Tinamou23.mp3,D:\other\Bird\Code\data\kaggle_wav_cache\Brushland Tinamou_sound\Brushland Tinamou23.wav,converted,32000,1,18.7036875,"[mp3 @ 0000024685145600] Estimating duration from bitrate, this may be inaccurate
"
Brushland Tinamou_sound/Brushland Tinamou22,D:\other\Bird\Dataset\CC0\Brushland Tinamou_sound\Brushland Tinamou22.mp3,D:\other\Bird\Code\data\kaggle_wav_cache\Brushland Tinamou_sound\Brushland Tinamou22.wav,converted,32000,1,46.8898125,"[mp3 @ 0000022ecf7e5600] Estimating duration from bitrate, this may be inaccurate
"
Brushland Tinamou_sound/Brushland Tinamou24,D:\other\Bird\Dataset\CC0\Brushland Tinamou_sound\Brushland Tinamou24.mp3,D:\other\Bird\Code\data\kaggle_wav_cache\Brushland Tinamou_sound\Brushland Tinamou24.wav,converted,32000,1,18.7036875,"[mp3 @ 0000026cd4b05600] Estimating duration from bitrate, this may be inaccurate
"
Brushland Tinamou_sound/Brushland Tinamou25,D:\other\Bird\Dataset\CC0\Brushland Tinamou_sound\Brushland Tinamou25.mp3,D:\other\Bird\Code\data\kaggle_wav_cache\Brushland Tinamou_sound\Brushland Tinamou25.wav,converted,32000,1,18.7036875,"[mp3 @ 0000027aaee95600] Estimating duration from bitrate, this may be inaccurate
"
Brushland Tinamou_sound/Brushland Tinamou26,D:\other\Bird\Dataset\CC0\Brushland Tinamou_sound\Brushland Tinamou26.mp3,D:\other\Bird\Code\data\kaggle_wav_cache\Brushland Tinamou_sound\Brushland Tinamou26.wav,converted,32000,1,18.7036875,"[mp3 @ 0000027b67b15600] Estimating duration from bitrate, this may be inaccurate
"
Brushland Tinamou_sound/Brushland Tinamou27,D:\other\Bird\Dataset\CC0\Brushland Tinamou_sound\Brushland Tinamou27.mp3,D:\other\Bird\Code\data\kaggle_wav_cache\Brushland Tinamou_sound\Brushland Tinamou27.wav,converted,32000,1,18.7036875,"[mp3 @ 000001cff2075600] Estimating duration from bitrate, this may be inaccurate
"
Brushland Tinamou_sound/Brushland Tinamou3,D:\other\Bird\Dataset\CC0\Brushland Tinamou_sound\Brushland Tinamou3.mp3,D:\other\Bird\Code\data\kaggle_wav_cache\Brushland Tinamou_sound\Brushland Tinamou3.wav,converted,32000,1,2.53390625,"[mp3 @ 0000022c06ab5600] Estimating duration from bitrate, this may be inaccurate
"
Brushland Tinamou_sound/Brushland Tinamou4,D:\other\Bird\Dataset\CC0\Brushland Tinamou_sound\Brushland Tinamou4.mp3,D:\other\Bird\Code\data\kaggle_wav_cache\Brushland Tinamou_sound\Brushland Tinamou4.wav,converted,32000,1,19.64409375,"[mp3 @ 000002855e8e5600] Estimating duration from bitrate, this may be inaccurate
"
Brushland Tinamou_sound/Brushland Tinamou5,D:\other\Bird\Dataset\CC0\Brushland Tinamou_sound\Brushland Tinamou5.mp3,D:\other\Bird\Code\data\kaggle_wav_cache\Brushland Tinamou_sound\Brushland Tinamou5.wav,converted,32000,1,19.64409375,"[mp3 @ 000001f853d45600] Estimating duration from bitrate, this may be inaccurate
"
Brushland Tinamou_sound/Brushland Tinamou6,D:\other\Bird\Dataset\CC0\Brushland Tinamou_sound\Brushland Tinamou6.mp3,D:\other\Bird\Code\data\kaggle_wav_cache\Brushland Tinamou_sound\Brushland Tinamou6.wav,converted,32000,1,33.9591875,"[mp3 @ 000001d495b75600] Estimating duration from bitrate, this may be inaccurate
"
Brushland Tinamou_sound/Brushland Tinamou7,D:\other\Bird\Dataset\CC0\Brushland Tinamou_sound\Brushland Tinamou7.mp3,D:\other\Bird\Code\data\kaggle_wav_cache\Brushland Tinamou_sound\Brushland Tinamou7.wav,converted,32000,1,33.9591875,"[mp3 @ 00000217092d5600] Estimating duration from bitrate, this may be inaccurate
"
Brushland Tinamou_sound/Brushland Tinamou8,D:\other\Bird\Dataset\CC0\Brushland Tinamou_sound\Brushland Tinamou8.mp3,D:\other\Bird\Code\data\kaggle_wav_cache\Brushland Tinamou_sound\Brushland Tinamou8.wav,converted,32000,1,33.9591875,"[mp3 @ 000002ebefa85600] Estimating duration from bitrate, this may be inaccurate
"
Brushland Tinamou_sound/Brushland Tinamou9,D:\other\Bird\Dataset\CC0\Brushland Tinamou_sound\Brushland Tinamou9.mp3,D:\other\Bird\Code\data\kaggle_wav_cache\Brushland Tinamou_sound\Brushland Tinamou9.wav,converted,32000,1,33.9591875,"[mp3 @ 0000016d6bf55600] Estimating duration from bitrate, this may be inaccurate
"
Buff-browed Chachalaca_sound/Buff-browed Chachalaca10,D:\other\Bird\Dataset\CC0\Buff-browed Chachalaca_sound\Buff-browed Chachalaca10.mp3,D:\other\Bird\Code\data\kaggle_wav_cache\Buff-browed Chachalaca_sound\Buff-browed Chachalaca10.wav,converted,32000,1,31.34696875,"[mp3 @ 000002dadc105640] Estimating duration from bitrate, this may be inaccurate
"
Buff-browed Chachalaca_sound/Buff-browed Chachalaca11,D:\other\Bird\Dataset\CC0\Buff-browed Chachalaca_sound\Buff-browed Chachalaca11.mp3,D:\other\Bird\Code\data\kaggle_wav_cache\Buff-browed Chachalaca_sound\Buff-browed Chachalaca11.wav,converted,32000,1,70.98896875,
Buff-browed Chachalaca_sound/Buff-browed Chachalaca2,D:\other\Bird\Dataset\CC0\Buff-browed Chachalaca_sound\Buff-browed Chachalaca2.mp3,D:\other\Bird\Code\data\kaggle_wav_cache\Buff-browed Chachalaca_sound\Buff-browed Chachalaca2.wav,converted,32000,1,19.20915625,
Buff-browed Chachalaca_sound/Buff-browed Chachalaca3,D:\other\Bird\Dataset\CC0\Buff-browed Chachalaca_sound\Buff-browed Chachalaca3.mp3,D:\other\Bird\Code\data\kaggle_wav_cache\Buff-browed Chachalaca_sound\Buff-browed Chachalaca3.wav,converted,32000,1,19.20915625,
Buff-browed Chachalaca_sound/Buff-browed Chachalaca4,D:\other\Bird\Dataset\CC0\Buff-browed Chachalaca_sound\Buff-browed Chachalaca4.mp3,D:\other\Bird\Code\data\kaggle_wav_cache\Buff-browed Chachalaca_sound\Buff-browed Chachalaca4.wav,converted,32000,1,19.20915625,
Buff-browed Chachalaca_sound/Buff-browed Chachalaca5,D:\other\Bird\Dataset\CC0\Buff-browed Chachalaca_sound\Buff-browed Chachalaca5.mp3,D:\other\Bird\Code\data\kaggle_wav_cache\Buff-browed Chachalaca_sound\Buff-browed Chachalaca5.wav,converted,32000,1,6.576,"[mp3 @ 0000025201d25640] Estimating duration from bitrate, this may be inaccurate
"
Buff-browed Chachalaca_sound/Buff-browed Chachalaca6,D:\other\Bird\Dataset\CC0\Buff-browed Chachalaca_sound\Buff-browed Chachalaca6.mp3,D:\other\Bird\Code\data\kaggle_wav_cache\Buff-browed Chachalaca_sound\Buff-browed Chachalaca6.wav,converted,32000,1,10.056,"[mp3 @ 0000018789175640] Estimating duration from bitrate, this may be inaccurate
"
Buff-browed Chachalaca_sound/Buff-browed Chachalaca7,D:\other\Bird\Dataset\CC0\Buff-browed Chachalaca_sound\Buff-browed Chachalaca7.mp3,D:\other\Bird\Code\data\kaggle_wav_cache\Buff-browed Chachalaca_sound\Buff-browed Chachalaca7.wav,converted,32000,1,10.056,"[mp3 @ 000002758f5e5640] Estimating duration from bitrate, this may be inaccurate
"
Buff-browed Chachalaca_sound/Buff-browed Chachalaca8,D:\other\Bird\Dataset\CC0\Buff-browed Chachalaca_sound\Buff-browed Chachalaca8.mp3,D:\other\Bird\Code\data\kaggle_wav_cache\Buff-browed Chachalaca_sound\Buff-browed Chachalaca8.wav,converted,32000,1,61.96246875,"[mp3 @ 000002aba3bf5640] Estimating duration from bitrate, this may be inaccurate
"
Buff-browed Chachalaca_sound/Buff-browed Chachalaca9,D:\other\Bird\Dataset\CC0\Buff-browed Chachalaca_sound\Buff-browed Chachalaca9.mp3,D:\other\Bird\Code\data\kaggle_wav_cache\Buff-browed Chachalaca_sound\Buff-browed Chachalaca9.wav,converted,32000,1,31.34696875,"[mp3 @ 000001b163ae5640] Estimating duration from bitrate, this may be inaccurate
"
Cauca Guan_sound/Cauca Guan10,D:\other\Bird\Dataset\CC0\Cauca Guan_sound\Cauca Guan10.mp3,D:\other\Bird\Code\data\kaggle_wav_cache\Cauca Guan_sound\Cauca Guan10.wav,converted,32000,1,18.07171875,
Cauca Guan_sound/Cauca Guan11,D:\other\Bird\Dataset\CC0\Cauca Guan_sound\Cauca Guan11.mp3,D:\other\Bird\Code\data\kaggle_wav_cache\Cauca Guan_sound\Cauca Guan11.wav,converted,32000,1,18.07171875,
Cauca Guan_sound/Cauca Guan12,D:\other\Bird\Dataset\CC0\Cauca Guan_sound\Cauca Guan12.mp3,D:\other\Bird\Code\data\kaggle_wav_cache\Cauca Guan_sound\Cauca Guan12.wav,converted,32000,1,18.07171875,
Cauca Guan_sound/Cauca Guan13,D:\other\Bird\Dataset\CC0\Cauca Guan_sound\Cauca Guan13.mp3,D:\other\Bird\Code\data\kaggle_wav_cache\Cauca Guan_sound\Cauca Guan13.wav,converted,32000,1,18.07171875,
Cauca Guan_sound/Cauca Guan15,D:\other\Bird\Dataset\CC0\Cauca Guan_sound\Cauca Guan15.mp3,D:\other\Bird\Code\data\kaggle_wav_cache\Cauca Guan_sound\Cauca Guan15.wav,converted,32000,1,155.4015625,
Cauca Guan_sound/Cauca Guan14,D:\other\Bird\Dataset\CC0\Cauca Guan_sound\Cauca Guan14.mp3,D:\other\Bird\Code\data\kaggle_wav_cache\Cauca Guan_sound\Cauca Guan14.wav,converted,32000,1,269.81309375,
Cauca Guan_sound/Cauca Guan17,D:\other\Bird\Dataset\CC0\Cauca Guan_sound\Cauca Guan17.mp3,D:\other\Bird\Code\data\kaggle_wav_cache\Cauca Guan_sound\Cauca Guan17.wav,converted,32000,1,94.8291875,
Cauca Guan_sound/Cauca Guan18,D:\other\Bird\Dataset\CC0\Cauca Guan_sound\Cauca Guan18.mp3,D:\other\Bird\Code\data\kaggle_wav_cache\Cauca Guan_sound\Cauca Guan18.wav,converted,32000,1,76.2994375,
Cauca Guan_sound/Cauca Guan16,D:\other\Bird\Dataset\CC0\Cauca Guan_sound\Cauca Guan16.mp3,D:\other\Bird\Code\data\kaggle_wav_cache\Cauca Guan_sound\Cauca Guan16.wav,converted,32000,1,701.671125,
Cauca Guan_sound/Cauca Guan19,D:\other\Bird\Dataset\CC0\Cauca Guan_sound\Cauca Guan19.mp3,D:\other\Bird\Code\data\kaggle_wav_cache\Cauca Guan_sound\Cauca Guan19.wav,converted,32000,1,157.65,
Cauca Guan_sound/Cauca Guan2,D:\other\Bird\Dataset\CC0\Cauca Guan_sound\Cauca Guan2.mp3,D:\other\Bird\Code\data\kaggle_wav_cache\Cauca Guan_sound\Cauca Guan2.wav,converted,32000,1,116.0620625,"[mp3 @ 00000156b17955c0] Estimating duration from bitrate, this may be inaccurate
"
Cauca Guan_sound/Cauca Guan21,D:\other\Bird\Dataset\CC0\Cauca Guan_sound\Cauca Guan21.mp3,D:\other\Bird\Code\data\kaggle_wav_cache\Cauca Guan_sound\Cauca Guan21.wav,converted,32000,1,93.50146875,
Cauca Guan_sound/Cauca Guan20,D:\other\Bird\Dataset\CC0\Cauca Guan_sound\Cauca Guan20.mp3,D:\other\Bird\Code\data\kaggle_wav_cache\Cauca Guan_sound\Cauca Guan20.wav,converted,32000,1,613.24415625,
Cauca Guan_sound/Cauca Guan22,D:\other\Bird\Dataset\CC0\Cauca Guan_sound\Cauca Guan22.mp3,D:\other\Bird\Code\data\kaggle_wav_cache\Cauca Guan_sound\Cauca Guan22.wav,converted,32000,1,237.33234375,
Cauca Guan_sound/Cauca Guan23,D:\other\Bird\Dataset\CC0\Cauca Guan_sound\Cauca Guan23.mp3,D:\other\Bird\Code\data\kaggle_wav_cache\Cauca Guan_sound\Cauca Guan23.wav,converted,32000,1,24.03265625,"[mp3 @ 0000026708cf55c0] Estimating duration from bitrate, this may be inaccurate
"
Cauca Guan_sound/Cauca Guan24,D:\other\Bird\Dataset\CC0\Cauca Guan_sound\Cauca Guan24.mp3,D:\other\Bird\Code\data\kaggle_wav_cache\Cauca Guan_sound\Cauca Guan24.wav,converted,32000,1,168.4929375,
Cauca Guan_sound/Cauca Guan25,D:\other\Bird\Dataset\CC0\Cauca Guan_sound\Cauca Guan25.mp3,D:\other\Bird\Code\data\kaggle_wav_cache\Cauca Guan_sound\Cauca Guan25.wav,converted,32000,1,168.4929375,
Cauca Guan_sound/Cauca Guan26,D:\other\Bird\Dataset\CC0\Cauca Guan_sound\Cauca Guan26.mp3,D:\other\Bird\Code\data\kaggle_wav_cache\Cauca Guan_sound\Cauca Guan26.wav,converted,32000,1,284.8130625,"[mp3 @ 00000240848c55c0] Estimating duration from bitrate, this may be inaccurate
"
Cauca Guan_sound/Cauca Guan27,D:\other\Bird\Dataset\CC0\Cauca Guan_sound\Cauca Guan27.mp3,D:\other\Bird\Code\data\kaggle_wav_cache\Cauca Guan_sound\Cauca Guan27.wav,converted,32000,1,284.8130625,"[mp3 @ 000001e3522355c0] Estimating duration from bitrate, this may be inaccurate
"
Cauca Guan_sound/Cauca Guan28,D:\other\Bird\Dataset\CC0\Cauca Guan_sound\Cauca Guan28.mp3,D:\other\Bird\Code\data\kaggle_wav_cache\Cauca Guan_sound\Cauca Guan28.wav,converted,32000,1,284.8130625,"[mp3 @ 000001ff82c955c0] Estimating duration from bitrate, this may be inaccurate
"
Cauca Guan_sound/Cauca Guan29,D:\other\Bird\Dataset\CC0\Cauca Guan_sound\Cauca Guan29.mp3,D:\other\Bird\Code\data\kaggle_wav_cache\Cauca Guan_sound\Cauca Guan29.wav,converted,32000,1,284.8130625,"[mp3 @ 000001fb35cf55c0] Estimating duration from bitrate, this may be inaccurate
"
Cauca Guan_sound/Cauca Guan3,D:\other\Bird\Dataset\CC0\Cauca Guan_sound\Cauca Guan3.mp3,D:\other\Bird\Code\data\kaggle_wav_cache\Cauca Guan_sound\Cauca Guan3.wav,converted,32000,1,105.11675,"[mp3 @ 0000017ba69855c0] Estimating duration from bitrate, this may be inaccurate
"
Cauca Guan_sound/Cauca Guan30,D:\other\Bird\Dataset\CC0\Cauca Guan_sound\Cauca Guan30.mp3,D:\other\Bird\Code\data\kaggle_wav_cache\Cauca Guan_sound\Cauca Guan30.wav,converted,32000,1,284.8130625,"[mp3 @ 000001bf346455c0] Estimating duration from bitrate, this may be inaccurate
"
Cauca Guan_sound/Cauca Guan4,D:\other\Bird\Dataset\CC0\Cauca Guan_sound\Cauca Guan4.mp3,D:\other\Bird\Code\data\kaggle_wav_cache\Cauca Guan_sound\Cauca Guan4.wav,converted,32000,1,38.7135,"[mp3 @ 0000028bf9a155c0] Estimating duration from bitrate, this may be inaccurate
"
Cauca Guan_sound/Cauca Guan31,D:\other\Bird\Dataset\CC0\Cauca Guan_sound\Cauca Guan31.mp3,D:\other\Bird\Code\data\kaggle_wav_cache\Cauca Guan_sound\Cauca Guan31.wav,converted,32000,1,284.8130625,"[mp3 @ 0000020de99355c0] Estimating duration from bitrate, this may be inaccurate
"
Cauca Guan_sound/Cauca Guan5,D:\other\Bird\Dataset\CC0\Cauca Guan_sound\Cauca Guan5.mp3,D:\other\Bird\Code\data\kaggle_wav_cache\Cauca Guan_sound\Cauca Guan5.wav,converted,32000,1,30.42546875,
Cauca Guan_sound/Cauca Guan6,D:\other\Bird\Dataset\CC0\Cauca Guan_sound\Cauca Guan6.mp3,D:\other\Bird\Code\data\kaggle_wav_cache\Cauca Guan_sound\Cauca Guan6.wav,converted,32000,1,79.386125,"[mp3 @ 00000196ab2755c0] Estimating duration from bitrate, this may be inaccurate
"
Cauca Guan_sound/Cauca Guan7,D:\other\Bird\Dataset\CC0\Cauca Guan_sound\Cauca Guan7.mp3,D:\other\Bird\Code\data\kaggle_wav_cache\Cauca Guan_sound\Cauca Guan7.wav,converted,32000,1,18.07171875,
Cauca Guan_sound/Cauca Guan8,D:\other\Bird\Dataset\CC0\Cauca Guan_sound\Cauca Guan8.mp3,D:\other\Bird\Code\data\kaggle_wav_cache\Cauca Guan_sound\Cauca Guan8.wav,converted,32000,1,18.07171875,
Cauca Guan_sound/Cauca Guan9,D:\other\Bird\Dataset\CC0\Cauca Guan_sound\Cauca Guan9.mp3,D:\other\Bird\Code\data\kaggle_wav_cache\Cauca Guan_sound\Cauca Guan9.wav,converted,32000,1,18.07171875,
Chaco Chachalaca_sound/Chaco Chachalaca10,D:\other\Bird\Dataset\CC0\Chaco Chachalaca_sound\Chaco Chachalaca10.mp3,D:\other\Bird\Code\data\kaggle_wav_cache\Chaco Chachalaca_sound\Chaco Chachalaca10.wav,converted,32000,1,36.216,"[mp3 @ 0000020bfca95640] Estimating duration from bitrate, this may be inaccurate
"
Chaco Chachalaca_sound/Chaco Chachalaca11,D:\other\Bird\Dataset\CC0\Chaco Chachalaca_sound\Chaco Chachalaca11.mp3,D:\other\Bird\Code\data\kaggle_wav_cache\Chaco Chachalaca_sound\Chaco Chachalaca11.wav,converted,32000,1,36.216,"[mp3 @ 000001c7b3945640] Estimating duration from bitrate, this may be inaccurate
"
Chaco Chachalaca_sound/Chaco Chachalaca12,D:\other\Bird\Dataset\CC0\Chaco Chachalaca_sound\Chaco Chachalaca12.mp3,D:\other\Bird\Code\data\kaggle_wav_cache\Chaco Chachalaca_sound\Chaco Chachalaca12.wav,converted,32000,1,73.43021875,"[mp3 @ 000002362a095640] Estimating duration from bitrate, this may be inaccurate
"
Chaco Chachalaca_sound/Chaco Chachalaca13,D:\other\Bird\Dataset\CC0\Chaco Chachalaca_sound\Chaco Chachalaca13.mp3,D:\other\Bird\Code\data\kaggle_wav_cache\Chaco Chachalaca_sound\Chaco Chachalaca13.wav,converted,32000,1,121.2343125,"[mp3 @ 000001e6744e5640] Estimating duration from bitrate, this may be inaccurate
"
Chaco Chachalaca_sound/Chaco Chachalaca14,D:\other\Bird\Dataset\CC0\Chaco Chachalaca_sound\Chaco Chachalaca14.mp3,D:\other\Bird\Code\data\kaggle_wav_cache\Chaco Chachalaca_sound\Chaco Chachalaca14.wav,converted,32000,1,121.2343125,"[mp3 @ 000002879cb85640] Estimating duration from bitrate, this may be inaccurate
"
Chaco Chachalaca_sound/Chaco Chachalaca15,D:\other\Bird\Dataset\CC0\Chaco Chachalaca_sound\Chaco Chachalaca15.mp3,D:\other\Bird\Code\data\kaggle_wav_cache\Chaco Chachalaca_sound\Chaco Chachalaca15.wav,converted,32000,1,97.4506875,
Chaco Chachalaca_sound/Chaco Chachalaca16,D:\other\Bird\Dataset\CC0\Chaco Chachalaca_sound\Chaco Chachalaca16.mp3,D:\other\Bird\Code\data\kaggle_wav_cache\Chaco Chachalaca_sound\Chaco Chachalaca16.wav,converted,32000,1,97.4506875,
Chaco Chachalaca_sound/Chaco Chachalaca17,D:\other\Bird\Dataset\CC0\Chaco Chachalaca_sound\Chaco Chachalaca17.mp3,D:\other\Bird\Code\data\kaggle_wav_cache\Chaco Chachalaca_sound\Chaco Chachalaca17.wav,converted,32000,1,97.4506875,
Chaco Chachalaca_sound/Chaco Chachalaca18,D:\other\Bird\Dataset\CC0\Chaco Chachalaca_sound\Chaco Chachalaca18.mp3,D:\other\Bird\Code\data\kaggle_wav_cache\Chaco Chachalaca_sound\Chaco Chachalaca18.wav,converted,32000,1,97.4506875,
Chaco Chachalaca_sound/Chaco Chachalaca2,D:\other\Bird\Dataset\CC0\Chaco Chachalaca_sound\Chaco Chachalaca2.mp3,D:\other\Bird\Code\data\kaggle_wav_cache\Chaco Chachalaca_sound\Chaco Chachalaca2.wav,converted,32000,1,24.502875,"[mp3 @ 0000019253475640] Estimating duration from bitrate, this may be inaccurate
"
Chaco Chachalaca_sound/Chaco Chachalaca19,D:\other\Bird\Dataset\CC0\Chaco Chachalaca_sound\Chaco Chachalaca19.mp3,D:\other\Bird\Code\data\kaggle_wav_cache\Chaco Chachalaca_sound\Chaco Chachalaca19.wav,converted,32000,1,638.2498125,"[mp3 @ 000001e7c3975640] Estimating duration from bitrate, this may be inaccurate
"
Chaco Chachalaca_sound/Chaco Chachalaca20,D:\other\Bird\Dataset\CC0\Chaco Chachalaca_sound\Chaco Chachalaca20.mp3,D:\other\Bird\Code\data\kaggle_wav_cache\Chaco Chachalaca_sound\Chaco Chachalaca20.wav,converted,32000,1,638.2498125,"[mp3 @ 000001ea7cb95640] Estimating duration from bitrate, this may be inaccurate
"
Chaco Chachalaca_sound/Chaco Chachalaca22,D:\other\Bird\Dataset\CC0\Chaco Chachalaca_sound\Chaco Chachalaca22.mp3,D:\other\Bird\Code\data\kaggle_wav_cache\Chaco Chachalaca_sound\Chaco Chachalaca22.wav,converted,32000,1,14.1845,"[mp3 @ 000001ee16d75640] Estimating duration from bitrate, this may be inaccurate
[mp3float @ 000001ee16d77b80] Header missing
Error while decoding stream #0:0: Invalid data found when processing input
"
Chaco Chachalaca_sound/Chaco Chachalaca23,D:\other\Bird\Dataset\CC0\Chaco Chachalaca_sound\Chaco Chachalaca23.mp3,D:\other\Bird\Code\data\kaggle_wav_cache\Chaco Chachalaca_sound\Chaco Chachalaca23.wav,converted,32000,1,14.1845,"[mp3 @ 000002bc72eb5640] Estimating duration from bitrate, this may be inaccurate
[mp3float @ 000002bc72eb7b80] Header missing
Error while decoding stream #0:0: Invalid data found when processing input
"
Chaco Chachalaca_sound/Chaco Chachalaca24,D:\other\Bird\Dataset\CC0\Chaco Chachalaca_sound\Chaco Chachalaca24.mp3,D:\other\Bird\Code\data\kaggle_wav_cache\Chaco Chachalaca_sound\Chaco Chachalaca24.wav,converted,32000,1,14.1845,"[mp3 @ 000001ba0ae25640] Estimating duration from bitrate, this may be inaccurate
[mp3float @ 000001ba0ae27b80] Header missing
Error while decoding stream #0:0: Invalid data found when processing input
"
Chaco Chachalaca_sound/Chaco Chachalaca25,D:\other\Bird\Dataset\CC0\Chaco Chachalaca_sound\Chaco Chachalaca25.mp3,D:\other\Bird\Code\data\kaggle_wav_cache\Chaco Chachalaca_sound\Chaco Chachalaca25.wav,converted,32000,1,14.1845,"[mp3 @ 000001ea0a645640] Estimating duration from bitrate, this may be inaccurate
[mp3float @ 000001ea0a647b80] Header missing
Error while decoding stream #0:0: Invalid data found when processing input
"
Chaco Chachalaca_sound/Chaco Chachalaca26,D:\other\Bird\Dataset\CC0\Chaco Chachalaca_sound\Chaco Chachalaca26.mp3,D:\other\Bird\Code\data\kaggle_wav_cache\Chaco Chachalaca_sound\Chaco Chachalaca26.wav,converted,32000,1,14.1845,"[mp3 @ 00000221d6ad5640] Estimating duration from bitrate, this may be inaccurate
[mp3float @ 00000221d6ad7b80] Header missing
Error while decoding stream #0:0: Invalid data found when processing input
"
Chaco Chachalaca_sound/Chaco Chachalaca27,D:\other\Bird\Dataset\CC0\Chaco Chachalaca_sound\Chaco Chachalaca27.mp3,D:\other\Bird\Code\data\kaggle_wav_cache\Chaco Chachalaca_sound\Chaco Chachalaca27.wav,converted,32000,1,14.1845,"[mp3 @ 000002427cf85640] Estimating duration from bitrate, this may be inaccurate
[mp3float @ 000002427cf87b80] Header missing
Error while decoding stream #0:0: Invalid data found when processing input
"
Chaco Chachalaca_sound/Chaco Chachalaca21,D:\other\Bird\Dataset\CC0\Chaco Chachalaca_sound\Chaco Chachalaca21.mp3,D:\other\Bird\Code\data\kaggle_wav_cache\Chaco Chachalaca_sound\Chaco Chachalaca21.wav,converted,32000,1,638.2498125,"[mp3 @ 000002115adf5640] Estimating duration from bitrate, this may be inaccurate
"
Chaco Chachalaca_sound/Chaco Chachalaca28,D:\other\Bird\Dataset\CC0\Chaco Chachalaca_sound\Chaco Chachalaca28.mp3,D:\other\Bird\Code\data\kaggle_wav_cache\Chaco Chachalaca_sound\Chaco Chachalaca28.wav,converted,32000,1,14.1845,"[mp3 @ 000001bfd40f5640] Estimating duration from bitrate, this may be inaccurate
[mp3float @ 000001bfd40f7b80] Header missing
Error while decoding stream #0:0: Invalid data found when processing input
"
Chaco Chachalaca_sound/Chaco Chachalaca29,D:\other\Bird\Dataset\CC0\Chaco Chachalaca_sound\Chaco Chachalaca29.mp3,D:\other\Bird\Code\data\kaggle_wav_cache\Chaco Chachalaca_sound\Chaco Chachalaca29.wav,converted,32000,1,14.1845,"[mp3 @ 0000025158d85640] Estimating duration from bitrate, this may be inaccurate
[mp3float @ 0000025158d87b80] Header missing
Error while decoding stream #0:0: Invalid data found when processing input
"
Chaco Chachalaca_sound/Chaco Chachalaca30,D:\other\Bird\Dataset\CC0\Chaco Chachalaca_sound\Chaco Chachalaca30.mp3,D:\other\Bird\Code\data\kaggle_wav_cache\Chaco Chachalaca_sound\Chaco Chachalaca30.wav,converted,32000,1,14.1845,"[mp3 @ 0000012c50cd5640] Estimating duration from bitrate, this may be inaccurate
[mp3float @ 0000012c50cd7b80] Header missing
Error while decoding stream #0:0: Invalid data found when processing input
"
Chaco Chachalaca_sound/Chaco Chachalaca3,D:\other\Bird\Dataset\CC0\Chaco Chachalaca_sound\Chaco Chachalaca3.mp3,D:\other\Bird\Code\data\kaggle_wav_cache\Chaco Chachalaca_sound\Chaco Chachalaca3.wav,converted,32000,1,86.508,"[mp3 @ 00000290f0cc5640] Estimating duration from bitrate, this may be inaccurate
"
Chaco Chachalaca_sound/Chaco Chachalaca31,D:\other\Bird\Dataset\CC0\Chaco Chachalaca_sound\Chaco Chachalaca31.mp3,D:\other\Bird\Code\data\kaggle_wav_cache\Chaco Chachalaca_sound\Chaco Chachalaca31.wav,converted,32000,1,14.1845,"[mp3 @ 00000226bc975640] Estimating duration from bitrate, this may be inaccurate
[mp3float @ 00000226bc977b80] Header missing
Error while decoding stream #0:0: Invalid data found when processing input
"
Chaco Chachalaca_sound/Chaco Chachalaca4,D:\other\Bird\Dataset\CC0\Chaco Chachalaca_sound\Chaco Chachalaca4.mp3,D:\other\Bird\Code\data\kaggle_wav_cache\Chaco Chachalaca_sound\Chaco Chachalaca4.wav,converted,32000,1,19.62,"[mp3 @ 000001c3b79f5640] Estimating duration from bitrate, this may be inaccurate
"
Chaco Chachalaca_sound/Chaco Chachalaca5,D:\other\Bird\Dataset\CC0\Chaco Chachalaca_sound\Chaco Chachalaca5.mp3,D:\other\Bird\Code\data\kaggle_wav_cache\Chaco Chachalaca_sound\Chaco Chachalaca5.wav,converted,32000,1,36.216,"[mp3 @ 0000021de7fe5640] Estimating duration from bitrate, this may be inaccurate
"
Chaco Chachalaca_sound/Chaco Chachalaca6,D:\other\Bird\Dataset\CC0\Chaco Chachalaca_sound\Chaco Chachalaca6.mp3,D:\other\Bird\Code\data\kaggle_wav_cache\Chaco Chachalaca_sound\Chaco Chachalaca6.wav,converted,32000,1,36.216,"[mp3 @ 000002c1428c5640] Estimating duration from bitrate, this may be inaccurate
"
Chaco Chachalaca_sound/Chaco Chachalaca8,D:\other\Bird\Dataset\CC0\Chaco Chachalaca_sound\Chaco Chachalaca8.mp3,D:\other\Bird\Code\data\kaggle_wav_cache\Chaco Chachalaca_sound\Chaco Chachalaca8.wav,converted,32000,1,36.216,"[mp3 @ 00000200f57f5640] Estimating duration from bitrate, this may be inaccurate
"
Chaco Chachalaca_sound/Chaco Chachalaca7,D:\other\Bird\Dataset\CC0\Chaco Chachalaca_sound\Chaco Chachalaca7.mp3,D:\other\Bird\Code\data\kaggle_wav_cache\Chaco Chachalaca_sound\Chaco Chachalaca7.wav,converted,32000,1,36.216,"[mp3 @ 0000023fba735640] Estimating duration from bitrate, this may be inaccurate
"
Chaco Chachalaca_sound/Chaco Chachalaca9,D:\other\Bird\Dataset\CC0\Chaco Chachalaca_sound\Chaco Chachalaca9.mp3,D:\other\Bird\Code\data\kaggle_wav_cache\Chaco Chachalaca_sound\Chaco Chachalaca9.wav,converted,32000,1,36.216,"[mp3 @ 0000026f9e485640] Estimating duration from bitrate, this may be inaccurate
"
Chestnut-bellied Guan_sound/Chestnut-bellied Guan10,D:\other\Bird\Dataset\CC0\Chestnut-bellied Guan_sound\Chestnut-bellied Guan10.mp3,D:\other\Bird\Code\data\kaggle_wav_cache\Chestnut-bellied Guan_sound\Chestnut-bellied Guan10.wav,converted,32000,1,43.05828125,
Chestnut-bellied Guan_sound/Chestnut-bellied Guan12,D:\other\Bird\Dataset\CC0\Chestnut-bellied Guan_sound\Chestnut-bellied Guan12.mp3,D:\other\Bird\Code\data\kaggle_wav_cache\Chestnut-bellied Guan_sound\Chestnut-bellied Guan12.wav,converted,32000,1,3.1880625,
Chestnut-bellied Guan_sound/Chestnut-bellied Guan11,D:\other\Bird\Dataset\CC0\Chestnut-bellied Guan_sound\Chestnut-bellied Guan11.mp3,D:\other\Bird\Code\data\kaggle_wav_cache\Chestnut-bellied Guan_sound\Chestnut-bellied Guan11.wav,converted,32000,1,55.77140625,"[mp3 @ 000001fa61995640] Estimating duration from bitrate, this may be inaccurate
"
Chestnut-bellied Guan_sound/Chestnut-bellied Guan13,D:\other\Bird\Dataset\CC0\Chestnut-bellied Guan_sound\Chestnut-bellied Guan13.mp3,D:\other\Bird\Code\data\kaggle_wav_cache\Chestnut-bellied Guan_sound\Chestnut-bellied Guan13.wav,converted,32000,1,3.1880625,
Chestnut-bellied Guan_sound/Chestnut-bellied Guan2,D:\other\Bird\Dataset\CC0\Chestnut-bellied Guan_sound\Chestnut-bellied Guan2.mp3,D:\other\Bird\Code\data\kaggle_wav_cache\Chestnut-bellied Guan_sound\Chestnut-bellied Guan2.wav,converted,32000,1,180.74125,"[mp3 @ 0000017d4f085640] Estimating duration from bitrate, this may be inaccurate
"
Chestnut-bellied Guan_sound/Chestnut-bellied Guan3,D:\other\Bird\Dataset\CC0\Chestnut-bellied Guan_sound\Chestnut-bellied Guan3.mp3,D:\other\Bird\Code\data\kaggle_wav_cache\Chestnut-bellied Guan_sound\Chestnut-bellied Guan3.wav,converted,32000,1,180.74125,"[mp3 @ 0000020d553c5640] Estimating duration from bitrate, this may be inaccurate
"
Chestnut-bellied Guan_sound/Chestnut-bellied Guan5,D:\other\Bird\Dataset\CC0\Chestnut-bellied Guan_sound\Chestnut-bellied Guan5.mp3,D:\other\Bird\Code\data\kaggle_wav_cache\Chestnut-bellied Guan_sound\Chestnut-bellied Guan5.wav,converted,32000,1,16.0653125,"[mp3 @ 000001ffb3995640] Estimating duration from bitrate, this may be inaccurate
"
Chestnut-bellied Guan_sound/Chestnut-bellied Guan4,D:\other\Bird\Dataset\CC0\Chestnut-bellied Guan_sound\Chestnut-bellied Guan4.mp3,D:\other\Bird\Code\data\kaggle_wav_cache\Chestnut-bellied Guan_sound\Chestnut-bellied Guan4.wav,converted,32000,1,180.74125,"[mp3 @ 000001de8eba5640] Estimating duration from bitrate, this may be inaccurate
"
Chestnut-bellied Guan_sound/Chestnut-bellied Guan6,D:\other\Bird\Dataset\CC0\Chestnut-bellied Guan_sound\Chestnut-bellied Guan6.mp3,D:\other\Bird\Code\data\kaggle_wav_cache\Chestnut-bellied Guan_sound\Chestnut-bellied Guan6.wav,converted,32000,1,17.21471875,"[mp3 @ 00000229ea455640] Estimating duration from bitrate, this may be inaccurate
"
Chestnut-bellied Guan_sound/Chestnut-bellied Guan7,D:\other\Bird\Dataset\CC0\Chestnut-bellied Guan_sound\Chestnut-bellied Guan7.mp3,D:\other\Bird\Code\data\kaggle_wav_cache\Chestnut-bellied Guan_sound\Chestnut-bellied Guan7.wav,converted,32000,1,17.21471875,"[mp3 @ 0000026fdd225640] Estimating duration from bitrate, this may be inaccurate
"
Chestnut-bellied Guan_sound/Chestnut-bellied Guan8,D:\other\Bird\Dataset\CC0\Chestnut-bellied Guan_sound\Chestnut-bellied Guan8.mp3,D:\other\Bird\Code\data\kaggle_wav_cache\Chestnut-bellied Guan_sound\Chestnut-bellied Guan8.wav,converted,32000,1,43.05828125,
Chestnut-bellied Guan_sound/Chestnut-bellied Guan9,D:\other\Bird\Dataset\CC0\Chestnut-bellied Guan_sound\Chestnut-bellied Guan9.mp3,D:\other\Bird\Code\data\kaggle_wav_cache\Chestnut-bellied Guan_sound\Chestnut-bellied Guan9.wav,converted,32000,1,43.05828125,
Chestnut-headed Chachalaca_sound/Chestnut-headed Chachalaca2,D:\other\Bird\Dataset\CC0\Chestnut-headed Chachalaca_sound\Chestnut-headed Chachalaca2.mp3,D:\other\Bird\Code\data\kaggle_wav_cache\Chestnut-headed Chachalaca_sound\Chestnut-headed Chachalaca2.wav,converted,32000,1,12.69928125,
Chestnut-headed Chachalaca_sound/Chestnut-headed Chachalaca4,D:\other\Bird\Dataset\CC0\Chestnut-headed Chachalaca_sound\Chestnut-headed Chachalaca4.mp3,D:\other\Bird\Code\data\kaggle_wav_cache\Chestnut-headed Chachalaca_sound\Chestnut-headed Chachalaca4.wav,converted,32000,1,19.20915625,
Chestnut-headed Chachalaca_sound/Chestnut-headed Chachalaca5,D:\other\Bird\Dataset\CC0\Chestnut-headed Chachalaca_sound\Chestnut-headed Chachalaca5.mp3,D:\other\Bird\Code\data\kaggle_wav_cache\Chestnut-headed Chachalaca_sound\Chestnut-headed Chachalaca5.wav,converted,32000,1,19.20915625,
Chestnut-headed Chachalaca_sound/Chestnut-headed Chachalaca3,D:\other\Bird\Dataset\CC0\Chestnut-headed Chachalaca_sound\Chestnut-headed Chachalaca3.mp3,D:\other\Bird\Code\data\kaggle_wav_cache\Chestnut-headed Chachalaca_sound\Chestnut-headed Chachalaca3.wav,converted,32000,1,240.000375,
Chestnut-winged Chachalaca_sound/Chestnut-winged Chachalaca11,D:\other\Bird\Dataset\CC0\Chestnut-winged Chachalaca_sound\Chestnut-winged Chachalaca11.mp3,D:\other\Bird\Code\data\kaggle_wav_cache\Chestnut-winged Chachalaca_sound\Chestnut-winged Chachalaca11.wav,converted,32000,1,66.49334375,
Chestnut-winged Chachalaca_sound/Chestnut-winged Chachalaca10,D:\other\Bird\Dataset\CC0\Chestnut-winged Chachalaca_sound\Chestnut-winged Chachalaca10.mp3,D:\other\Bird\Code\data\kaggle_wav_cache\Chestnut-winged Chachalaca_sound\Chestnut-winged Chachalaca10.wav,converted,32000,1,93.53334375,
Chestnut-winged Chachalaca_sound/Chestnut-winged Chachalaca12,D:\other\Bird\Dataset\CC0\Chestnut-winged Chachalaca_sound\Chestnut-winged Chachalaca12.mp3,D:\other\Bird\Code\data\kaggle_wav_cache\Chestnut-winged Chachalaca_sound\Chestnut-winged Chachalaca12.wav,converted,32000,1,22.008,"[mp3 @ 000002b6b45656c0] Estimating duration from bitrate, this may be inaccurate
"
Chestnut-winged Chachalaca_sound/Chestnut-winged Chachalaca13,D:\other\Bird\Dataset\CC0\Chestnut-winged Chachalaca_sound\Chestnut-winged Chachalaca13.mp3,D:\other\Bird\Code\data\kaggle_wav_cache\Chestnut-winged Chachalaca_sound\Chestnut-winged Chachalaca13.wav,converted,32000,1,22.008,"[mp3 @ 00000247f4a356c0] Estimating duration from bitrate, this may be inaccurate
"
Chestnut-winged Chachalaca_sound/Chestnut-winged Chachalaca14,D:\other\Bird\Dataset\CC0\Chestnut-winged Chachalaca_sound\Chestnut-winged Chachalaca14.mp3,D:\other\Bird\Code\data\kaggle_wav_cache\Chestnut-winged Chachalaca_sound\Chestnut-winged Chachalaca14.wav,converted,32000,1,6.84325,
Chestnut-winged Chachalaca_sound/Chestnut-winged Chachalaca15,D:\other\Bird\Dataset\CC0\Chestnut-winged Chachalaca_sound\Chestnut-winged Chachalaca15.mp3,D:\other\Bird\Code\data\kaggle_wav_cache\Chestnut-winged Chachalaca_sound\Chestnut-winged Chachalaca15.wav,converted,32000,1,38.609,"[mp3 @ 00000259e22b56c0] Estimating duration from bitrate, this may be inaccurate
"
Chestnut-winged Chachalaca_sound/Chestnut-winged Chachalaca16,D:\other\Bird\Dataset\CC0\Chestnut-winged Chachalaca_sound\Chestnut-winged Chachalaca16.mp3,D:\other\Bird\Code\data\kaggle_wav_cache\Chestnut-winged Chachalaca_sound\Chestnut-winged Chachalaca16.wav,converted,32000,1,18.7559375,"[mp3 @ 0000020ebf9356c0] Estimating duration from bitrate, this may be inaccurate
"
Chestnut-winged Chachalaca_sound/Chestnut-winged Chachalaca17,D:\other\Bird\Dataset\CC0\Chestnut-winged Chachalaca_sound\Chestnut-winged Chachalaca17.mp3,D:\other\Bird\Code\data\kaggle_wav_cache\Chestnut-winged Chachalaca_sound\Chestnut-winged Chachalaca17.wav,converted,32000,1,18.99384375,
Chestnut-winged Chachalaca_sound/Chestnut-winged Chachalaca18,D:\other\Bird\Dataset\CC0\Chestnut-winged Chachalaca_sound\Chestnut-winged Chachalaca18.mp3,D:\other\Bird\Code\data\kaggle_wav_cache\Chestnut-winged Chachalaca_sound\Chestnut-winged Chachalaca18.wav,converted,32000,1,18.99384375,
Chestnut-winged Chachalaca_sound/Chestnut-winged Chachalaca19,D:\other\Bird\Dataset\CC0\Chestnut-winged Chachalaca_sound\Chestnut-winged Chachalaca19.mp3,D:\other\Bird\Code\data\kaggle_wav_cache\Chestnut-winged Chachalaca_sound\Chestnut-winged Chachalaca19.wav,converted,32000,1,50.068875,
Chestnut-winged Chachalaca_sound/Chestnut-winged Chachalaca20,D:\other\Bird\Dataset\CC0\Chestnut-winged Chachalaca_sound\Chestnut-winged Chachalaca20.mp3,D:\other\Bird\Code\data\kaggle_wav_cache\Chestnut-winged Chachalaca_sound\Chestnut-winged Chachalaca20.wav,converted,32000,1,15.3866875,
Chestnut-winged Chachalaca_sound/Chestnut-winged Chachalaca2,D:\other\Bird\Dataset\CC0\Chestnut-winged Chachalaca_sound\Chestnut-winged Chachalaca2.mp3,D:\other\Bird\Code\data\kaggle_wav_cache\Chestnut-winged Chachalaca_sound\Chestnut-winged Chachalaca2.wav,converted,32000,1,104.256,"[mp3 @ 000001cc580356c0] Estimating duration from bitrate, this may be inaccurate
"
Chestnut-winged Chachalaca_sound/Chestnut-winged Chachalaca21,D:\other\Bird\Dataset\CC0\Chestnut-winged Chachalaca_sound\Chestnut-winged Chachalaca21.mp3,D:\other\Bird\Code\data\kaggle_wav_cache\Chestnut-winged Chachalaca_sound\Chestnut-winged Chachalaca21.wav,converted,32000,1,48.7866875,
Chestnut-winged Chachalaca_sound/Chestnut-winged Chachalaca22,D:\other\Bird\Dataset\CC0\Chestnut-winged Chachalaca_sound\Chestnut-winged Chachalaca22.mp3,D:\other\Bird\Code\data\kaggle_wav_cache\Chestnut-winged Chachalaca_sound\Chestnut-winged Chachalaca22.wav,converted,32000,1,48.7866875,
Chestnut-winged Chachalaca_sound/Chestnut-winged Chachalaca23,D:\other\Bird\Dataset\CC0\Chestnut-winged Chachalaca_sound\Chestnut-winged Chachalaca23.mp3,D:\other\Bird\Code\data\kaggle_wav_cache\Chestnut-winged Chachalaca_sound\Chestnut-winged Chachalaca23.wav,converted,32000,1,48.7866875,
Chestnut-winged Chachalaca_sound/Chestnut-winged Chachalaca24,D:\other\Bird\Dataset\CC0\Chestnut-winged Chachalaca_sound\Chestnut-winged Chachalaca24.mp3,D:\other\Bird\Code\data\kaggle_wav_cache\Chestnut-winged Chachalaca_sound\Chestnut-winged Chachalaca24.wav,converted,32000,1,48.7866875,
Chestnut-winged Chachalaca_sound/Chestnut-winged Chachalaca26,D:\other\Bird\Dataset\CC0\Chestnut-winged Chachalaca_sound\Chestnut-winged Chachalaca26.mp3,D:\other\Bird\Code\data\kaggle_wav_cache\Chestnut-winged Chachalaca_sound\Chestnut-winged Chachalaca26.wav,converted,32000,1,14.4206875,
Chestnut-winged Chachalaca_sound/Chestnut-winged Chachalaca25,D:\other\Bird\Dataset\CC0\Chestnut-winged Chachalaca_sound\Chestnut-winged Chachalaca25.mp3,D:\other\Bird\Code\data\kaggle_wav_cache\Chestnut-winged Chachalaca_sound\Chestnut-winged Chachalaca25.wav,converted,32000,1,48.7866875,
Chestnut-winged Chachalaca_sound/Chestnut-winged Chachalaca27,D:\other\Bird\Dataset\CC0\Chestnut-winged Chachalaca_sound\Chestnut-winged Chachalaca27.mp3,D:\other\Bird\Code\data\kaggle_wav_cache\Chestnut-winged Chachalaca_sound\Chestnut-winged Chachalaca27.wav,converted,32000,1,4.1091875,
Chestnut-winged Chachalaca_sound/Chestnut-winged Chachalaca28,D:\other\Bird\Dataset\CC0\Chestnut-winged Chachalaca_sound\Chestnut-winged Chachalaca28.mp3,D:\other\Bird\Code\data\kaggle_wav_cache\Chestnut-winged Chachalaca_sound\Chestnut-winged Chachalaca28.wav,converted,32000,1,18.69334375,
Chestnut-winged Chachalaca_sound/Chestnut-winged Chachalaca29,D:\other\Bird\Dataset\CC0\Chestnut-winged Chachalaca_sound\Chestnut-winged Chachalaca29.mp3,D:\other\Bird\Code\data\kaggle_wav_cache\Chestnut-winged Chachalaca_sound\Chestnut-winged Chachalaca29.wav,converted,32000,1,18.69334375,
Chestnut-winged Chachalaca_sound/Chestnut-winged Chachalaca30,D:\other\Bird\Dataset\CC0\Chestnut-winged Chachalaca_sound\Chestnut-winged Chachalaca30.mp3,D:\other\Bird\Code\data\kaggle_wav_cache\Chestnut-winged Chachalaca_sound\Chestnut-winged Chachalaca30.wav,converted,32000,1,37.944,"[mp3 @ 000001b721a856c0] Estimating duration from bitrate, this may be inaccurate
"
Chestnut-winged Chachalaca_sound/Chestnut-winged Chachalaca3,D:\other\Bird\Dataset\CC0\Chestnut-winged Chachalaca_sound\Chestnut-winged Chachalaca3.mp3,D:\other\Bird\Code\data\kaggle_wav_cache\Chestnut-winged Chachalaca_sound\Chestnut-winged Chachalaca3.wav,converted,32000,1,104.256,"[mp3 @ 00000170d18456c0] Estimating duration from bitrate, this may be inaccurate
"
Chestnut-winged Chachalaca_sound/Chestnut-winged Chachalaca31,D:\other\Bird\Dataset\CC0\Chestnut-winged Chachalaca_sound\Chestnut-winged Chachalaca31.mp3,D:\other\Bird\Code\data\kaggle_wav_cache\Chestnut-winged Chachalaca_sound\Chestnut-winged Chachalaca31.wav,converted,32000,1,37.944,"[mp3 @ 0000020ba7ee56c0] Estimating duration from bitrate, this may be inaccurate
"
Chestnut-winged Chachalaca_sound/Chestnut-winged Chachalaca5,D:\other\Bird\Dataset\CC0\Chestnut-winged Chachalaca_sound\Chestnut-winged Chachalaca5.mp3,D:\other\Bird\Code\data\kaggle_wav_cache\Chestnut-winged Chachalaca_sound\Chestnut-winged Chachalaca5.wav,converted,32000,1,24.4193125,
Chestnut-winged Chachalaca_sound/Chestnut-winged Chachalaca4,D:\other\Bird\Dataset\CC0\Chestnut-winged Chachalaca_sound\Chestnut-winged Chachalaca4.mp3,D:\other\Bird\Code\data\kaggle_wav_cache\Chestnut-winged Chachalaca_sound\Chestnut-winged Chachalaca4.wav,converted,32000,1,104.256,"[mp3 @ 000001d32bb156c0] Estimating duration from bitrate, this may be inaccurate
"
Chestnut-winged Chachalaca_sound/Chestnut-winged Chachalaca7,D:\other\Bird\Dataset\CC0\Chestnut-winged Chachalaca_sound\Chestnut-winged Chachalaca7.mp3,D:\other\Bird\Code\data\kaggle_wav_cache\Chestnut-winged Chachalaca_sound\Chestnut-winged Chachalaca7.wav,converted,32000,1,54.06646875,
Chestnut-winged Chachalaca_sound/Chestnut-winged Chachalaca6,D:\other\Bird\Dataset\CC0\Chestnut-winged Chachalaca_sound\Chestnut-winged Chachalaca6.mp3,D:\other\Bird\Code\data\kaggle_wav_cache\Chestnut-winged Chachalaca_sound\Chestnut-winged Chachalaca6.wav,converted,32000,1,70.3535625,
Chestnut-winged Chachalaca_sound/Chestnut-winged Chachalaca8,D:\other\Bird\Dataset\CC0\Chestnut-winged Chachalaca_sound\Chestnut-winged Chachalaca8.mp3,D:\other\Bird\Code\data\kaggle_wav_cache\Chestnut-winged Chachalaca_sound\Chestnut-winged Chachalaca8.wav,converted,32000,1,54.06646875,
Chestnut-winged Chachalaca_sound/Chestnut-winged Chachalaca9,D:\other\Bird\Dataset\CC0\Chestnut-winged Chachalaca_sound\Chestnut-winged Chachalaca9.mp3,D:\other\Bird\Code\data\kaggle_wav_cache\Chestnut-winged Chachalaca_sound\Chestnut-winged Chachalaca9.wav,converted,32000,1,50.8343125,
Chilean Tinamou_sound/Chilean Tinamou10,D:\other\Bird\Dataset\CC0\Chilean Tinamou_sound\Chilean Tinamou10.mp3,D:\other\Bird\Code\data\kaggle_wav_cache\Chilean Tinamou_sound\Chilean Tinamou10.wav,converted,32000,1,17.24084375,"[mp3 @ 0000025b0baa5640] Estimating duration from bitrate, this may be inaccurate
"
Chilean Tinamou_sound/Chilean Tinamou11,D:\other\Bird\Dataset\CC0\Chilean Tinamou_sound\Chilean Tinamou11.mp3,D:\other\Bird\Code\data\kaggle_wav_cache\Chilean Tinamou_sound\Chilean Tinamou11.wav,converted,32000,1,17.24084375,"[mp3 @ 00000277be3d5640] Estimating duration from bitrate, this may be inaccurate
"
Chilean Tinamou_sound/Chilean Tinamou13,D:\other\Bird\Dataset\CC0\Chilean Tinamou_sound\Chilean Tinamou13.mp3,D:\other\Bird\Code\data\kaggle_wav_cache\Chilean Tinamou_sound\Chilean Tinamou13.wav,converted,32000,1,2.53390625,"[mp3 @ 000001347c4e5640] Estimating duration from bitrate, this may be inaccurate
"
Chilean Tinamou_sound/Chilean Tinamou12,D:\other\Bird\Dataset\CC0\Chilean Tinamou_sound\Chilean Tinamou12.mp3,D:\other\Bird\Code\data\kaggle_wav_cache\Chilean Tinamou_sound\Chilean Tinamou12.wav,converted,32000,1,67.3436875,"[mp3 @ 000002571fad5640] Estimating duration from bitrate, this may be inaccurate
"
Chilean Tinamou_sound/Chilean Tinamou2,D:\other\Bird\Dataset\CC0\Chilean Tinamou_sound\Chilean Tinamou2.mp3,D:\other\Bird\Code\data\kaggle_wav_cache\Chilean Tinamou_sound\Chilean Tinamou2.wav,converted,32000,1,2.79,"[wav @ 0000023b5f2255c0] Discarding ID3 tags because more suitable tags were found.
Guessed Channel Layout for Input Stream #0.0 : stereo
"
Chilean Tinamou_sound/Chilean Tinamou3,D:\other\Bird\Dataset\CC0\Chilean Tinamou_sound\Chilean Tinamou3.mp3,D:\other\Bird\Code\data\kaggle_wav_cache\Chilean Tinamou_sound\Chilean Tinamou3.wav,converted,32000,1,2.79,"[wav @ 0000028b851455c0] Discarding ID3 tags because more suitable tags were found.
Guessed Channel Layout for Input Stream #0.0 : stereo
"
Chilean Tinamou_sound/Chilean Tinamou4,D:\other\Bird\Dataset\CC0\Chilean Tinamou_sound\Chilean Tinamou4.mp3,D:\other\Bird\Code\data\kaggle_wav_cache\Chilean Tinamou_sound\Chilean Tinamou4.wav,converted,32000,1,2.79,"[wav @ 00000147efb855c0] Discarding ID3 tags because more suitable tags were found.
Guessed Channel Layout for Input Stream #0.0 : stereo
"
Chilean Tinamou_sound/Chilean Tinamou5,D:\other\Bird\Dataset\CC0\Chilean Tinamou_sound\Chilean Tinamou5.mp3,D:\other\Bird\Code\data\kaggle_wav_cache\Chilean Tinamou_sound\Chilean Tinamou5.wav,converted,32000,1,2.79,"[wav @ 00000258970d55c0] Discarding ID3 tags because more suitable tags were found.
Guessed Channel Layout for Input Stream #0.0 : stereo
"
Chilean Tinamou_sound/Chilean Tinamou6,D:\other\Bird\Dataset\CC0\Chilean Tinamou_sound\Chilean Tinamou6.mp3,D:\other\Bird\Code\data\kaggle_wav_cache\Chilean Tinamou_sound\Chilean Tinamou6.wav,converted,32000,1,2.79,"[wav @ 000001b6ac6f55c0] Discarding ID3 tags because more suitable tags were found.
Guessed Channel Layout for Input Stream #0.0 : stereo
"
Chilean Tinamou_sound/Chilean Tinamou7,D:\other\Bird\Dataset\CC0\Chilean Tinamou_sound\Chilean Tinamou7.mp3,D:\other\Bird\Code\data\kaggle_wav_cache\Chilean Tinamou_sound\Chilean Tinamou7.wav,converted,32000,1,38.11265625,"[mp3 @ 000001eaf45455c0] Estimating duration from bitrate, this may be inaccurate
"
Chilean Tinamou_sound/Chilean Tinamou8,D:\other\Bird\Dataset\CC0\Chilean Tinamou_sound\Chilean Tinamou8.mp3,D:\other\Bird\Code\data\kaggle_wav_cache\Chilean Tinamou_sound\Chilean Tinamou8.wav,converted,32000,1,17.24084375,"[mp3 @ 000002cb0ab955c0] Estimating duration from bitrate, this may be inaccurate
"
Chilean Tinamou_sound/Chilean Tinamou9,D:\other\Bird\Dataset\CC0\Chilean Tinamou_sound\Chilean Tinamou9.mp3,D:\other\Bird\Code\data\kaggle_wav_cache\Chilean Tinamou_sound\Chilean Tinamou9.wav,converted,32000,1,17.24084375,"[mp3 @ 00000262bc8055c0] Estimating duration from bitrate, this may be inaccurate
"
Choco Tinamou_sound/Choco Tinamou2,D:\other\Bird\Dataset\CC0\Choco Tinamou_sound\Choco Tinamou2.mp3,D:\other\Bird\Code\data\kaggle_wav_cache\Choco Tinamou_sound\Choco Tinamou2.wav,converted,32000,1,116.208,"[mp3 @ 00000144b73055c0] Estimating duration from bitrate, this may be inaccurate
"
Choco Tinamou_sound/Choco Tinamou3,D:\other\Bird\Dataset\CC0\Choco Tinamou_sound\Choco Tinamou3.mp3,D:\other\Bird\Code\data\kaggle_wav_cache\Choco Tinamou_sound\Choco Tinamou3.wav,converted,32000,1,9.29959375,"[mp3 @ 00000204d3c855c0] Estimating duration from bitrate, this may be inaccurate
"
Choco Tinamou_sound/Choco Tinamou4,D:\other\Bird\Dataset\CC0\Choco Tinamou_sound\Choco Tinamou4.mp3,D:\other\Bird\Code\data\kaggle_wav_cache\Choco Tinamou_sound\Choco Tinamou4.wav,converted,32000,1,9.29959375,"[mp3 @ 0000018fc1ed55c0] Estimating duration from bitrate, this may be inaccurate
"
Choco Tinamou_sound/Choco Tinamou5,D:\other\Bird\Dataset\CC0\Choco Tinamou_sound\Choco Tinamou5.mp3,D:\other\Bird\Code\data\kaggle_wav_cache\Choco Tinamou_sound\Choco Tinamou5.wav,converted,32000,1,63.2755625,
Choco Tinamou_sound/Choco Tinamou6,D:\other\Bird\Dataset\CC0\Choco Tinamou_sound\Choco Tinamou6.mp3,D:\other\Bird\Code\data\kaggle_wav_cache\Choco Tinamou_sound\Choco Tinamou6.wav,converted,32000,1,56.4483125,
Choco Tinamou_sound/Choco Tinamou7,D:\other\Bird\Dataset\CC0\Choco Tinamou_sound\Choco Tinamou7.mp3,D:\other\Bird\Code\data\kaggle_wav_cache\Choco Tinamou_sound\Choco Tinamou7.wav,converted,32000,1,23.77140625,"[mp3 @ 00000144065e55c0] Estimating duration from bitrate, this may be inaccurate
"
Choco Tinamou_sound/Choco Tinamou8,D:\other\Bird\Dataset\CC0\Choco Tinamou_sound\Choco Tinamou8.mp3,D:\other\Bird\Code\data\kaggle_wav_cache\Choco Tinamou_sound\Choco Tinamou8.wav,converted,32000,1,23.77140625,"[mp3 @ 00000210acfd55c0] Estimating duration from bitrate, this may be inaccurate
"
Cinereous Tinamou_sound/Cinereous Tinamou10,D:\other\Bird\Dataset\CC0\Cinereous Tinamou_sound\Cinereous Tinamou10.mp3,D:\other\Bird\Code\data\kaggle_wav_cache\Cinereous Tinamou_sound\Cinereous Tinamou10.wav,converted,32000,1,82.68628125,
Cinereous Tinamou_sound/Cinereous Tinamou11,D:\other\Bird\Dataset\CC0\Cinereous Tinamou_sound\Cinereous Tinamou11.mp3,D:\other\Bird\Code\data\kaggle_wav_cache\Cinereous Tinamou_sound\Cinereous Tinamou11.wav,converted,32000,1,82.68628125,
Cinereous Tinamou_sound/Cinereous Tinamou13,D:\other\Bird\Dataset\CC0\Cinereous Tinamou_sound\Cinereous Tinamou13.mp3,D:\other\Bird\Code\data\kaggle_wav_cache\Cinereous Tinamou_sound\Cinereous Tinamou13.wav,converted,32000,1,43.0498125,"[mp3 @ 0000016574ac5600] Estimating duration from bitrate, this may be inaccurate
"
Cinereous Tinamou_sound/Cinereous Tinamou12,D:\other\Bird\Dataset\CC0\Cinereous Tinamou_sound\Cinereous Tinamou12.mp3,D:\other\Bird\Code\data\kaggle_wav_cache\Cinereous Tinamou_sound\Cinereous Tinamou12.wav,converted,32000,1,82.68628125,
Cinereous Tinamou_sound/Cinereous Tinamou14,D:\other\Bird\Dataset\CC0\Cinereous Tinamou_sound\Cinereous Tinamou14.mp3,D:\other\Bird\Code\data\kaggle_wav_cache\Cinereous Tinamou_sound\Cinereous Tinamou14.wav,converted,32000,1,43.0498125,"[mp3 @ 000002de3b4e5600] Estimating duration from bitrate, this may be inaccurate
"
Cinereous Tinamou_sound/Cinereous Tinamou15,D:\other\Bird\Dataset\CC0\Cinereous Tinamou_sound\Cinereous Tinamou15.mp3,D:\other\Bird\Code\data\kaggle_wav_cache\Cinereous Tinamou_sound\Cinereous Tinamou15.wav,converted,32000,1,43.0498125,"[mp3 @ 00000234c4665600] Estimating duration from bitrate, this may be inaccurate
"
Cinereous Tinamou_sound/Cinereous Tinamou16,D:\other\Bird\Dataset\CC0\Cinereous Tinamou_sound\Cinereous Tinamou16.mp3,D:\other\Bird\Code\data\kaggle_wav_cache\Cinereous Tinamou_sound\Cinereous Tinamou16.wav,converted,32000,1,43.0498125,"[mp3 @ 0000020381d45600] Estimating duration from bitrate, this may be inaccurate
"
Cinereous Tinamou_sound/Cinereous Tinamou17,D:\other\Bird\Dataset\CC0\Cinereous Tinamou_sound\Cinereous Tinamou17.mp3,D:\other\Bird\Code\data\kaggle_wav_cache\Cinereous Tinamou_sound\Cinereous Tinamou17.wav,converted,32000,1,43.0498125,"[mp3 @ 000001ba8a575600] Estimating duration from bitrate, this may be inaccurate
"
Cinereous Tinamou_sound/Cinereous Tinamou18,D:\other\Bird\Dataset\CC0\Cinereous Tinamou_sound\Cinereous Tinamou18.mp3,D:\other\Bird\Code\data\kaggle_wav_cache\Cinereous Tinamou_sound\Cinereous Tinamou18.wav,converted,32000,1,43.0498125,"[mp3 @ 000001ab58615600] Estimating duration from bitrate, this may be inaccurate
"
Cinereous Tinamou_sound/Cinereous Tinamou19,D:\other\Bird\Dataset\CC0\Cinereous Tinamou_sound\Cinereous Tinamou19.mp3,D:\other\Bird\Code\data\kaggle_wav_cache\Cinereous Tinamou_sound\Cinereous Tinamou19.wav,converted,32000,1,43.0498125,"[mp3 @ 000001eb9b8a5600] Estimating duration from bitrate, this may be inaccurate
"
Cinereous Tinamou_sound/Cinereous Tinamou2,D:\other\Bird\Dataset\CC0\Cinereous Tinamou_sound\Cinereous Tinamou2.mp3,D:\other\Bird\Code\data\kaggle_wav_cache\Cinereous Tinamou_sound\Cinereous Tinamou2.wav,converted,32000,1,7.00084375,"[mp3 @ 000002a05c505600] Estimating duration from bitrate, this may be inaccurate
"
Cinereous Tinamou_sound/Cinereous Tinamou20,D:\other\Bird\Dataset\CC0\Cinereous Tinamou_sound\Cinereous Tinamou20.mp3,D:\other\Bird\Code\data\kaggle_wav_cache\Cinereous Tinamou_sound\Cinereous Tinamou20.wav,converted,32000,1,43.0498125,"[mp3 @ 0000026e88145600] Estimating duration from bitrate, this may be inaccurate
"
Cinereous Tinamou_sound/Cinereous Tinamou21,D:\other\Bird\Dataset\CC0\Cinereous Tinamou_sound\Cinereous Tinamou21.mp3,D:\other\Bird\Code\data\kaggle_wav_cache\Cinereous Tinamou_sound\Cinereous Tinamou21.wav,converted,32000,1,43.0498125,"[mp3 @ 0000023374b35600] Estimating duration from bitrate, this may be inaccurate
"
Cinereous Tinamou_sound/Cinereous Tinamou22,D:\other\Bird\Dataset\CC0\Cinereous Tinamou_sound\Cinereous Tinamou22.mp3,D:\other\Bird\Code\data\kaggle_wav_cache\Cinereous Tinamou_sound\Cinereous Tinamou22.wav,converted,32000,1,43.0498125,"[mp3 @ 000002b361815600] Estimating duration from bitrate, this may be inaccurate
"
Cinereous Tinamou_sound/Cinereous Tinamou23,D:\other\Bird\Dataset\CC0\Cinereous Tinamou_sound\Cinereous Tinamou23.mp3,D:\other\Bird\Code\data\kaggle_wav_cache\Cinereous Tinamou_sound\Cinereous Tinamou23.wav,converted,32000,1,99.528,"[mp3 @ 000001dca3235600] Estimating duration from bitrate, this may be inaccurate
"
Cinereous Tinamou_sound/Cinereous Tinamou24,D:\other\Bird\Dataset\CC0\Cinereous Tinamou_sound\Cinereous Tinamou24.mp3,D:\other\Bird\Code\data\kaggle_wav_cache\Cinereous Tinamou_sound\Cinereous Tinamou24.wav,converted,32000,1,99.528,"[mp3 @ 0000025b699a5600] Estimating duration from bitrate, this may be inaccurate
"
Cinereous Tinamou_sound/Cinereous Tinamou25,D:\other\Bird\Dataset\CC0\Cinereous Tinamou_sound\Cinereous Tinamou25.mp3,D:\other\Bird\Code\data\kaggle_wav_cache\Cinereous Tinamou_sound\Cinereous Tinamou25.wav,converted,32000,1,414.88471875,
Cinereous Tinamou_sound/Cinereous Tinamou26,D:\other\Bird\Dataset\CC0\Cinereous Tinamou_sound\Cinereous Tinamou26.mp3,D:\other\Bird\Code\data\kaggle_wav_cache\Cinereous Tinamou_sound\Cinereous Tinamou26.wav,converted,32000,1,414.88471875,
Cinereous Tinamou_sound/Cinereous Tinamou28,D:\other\Bird\Dataset\CC0\Cinereous Tinamou_sound\Cinereous Tinamou28.mp3,D:\other\Bird\Code\data\kaggle_wav_cache\Cinereous Tinamou_sound\Cinereous Tinamou28.wav,converted,32000,1,56.77465625,
Cinereous Tinamou_sound/Cinereous Tinamou29,D:\other\Bird\Dataset\CC0\Cinereous Tinamou_sound\Cinereous Tinamou29.mp3,D:\other\Bird\Code\data\kaggle_wav_cache\Cinereous Tinamou_sound\Cinereous Tinamou29.wav,converted,32000,1,80.666125,"[mp3 @ 0000025f75b75600] Estimating duration from bitrate, this may be inaccurate
"
Cinereous Tinamou_sound/Cinereous Tinamou3,D:\other\Bird\Dataset\CC0\Cinereous Tinamou_sound\Cinereous Tinamou3.mp3,D:\other\Bird\Code\data\kaggle_wav_cache\Cinereous Tinamou_sound\Cinereous Tinamou3.wav,converted,32000,1,7.00084375,"[mp3 @ 0000026f25f15600] Estimating duration from bitrate, this may be inaccurate
"
Cinereous Tinamou_sound/Cinereous Tinamou27,D:\other\Bird\Dataset\CC0\Cinereous Tinamou_sound\Cinereous Tinamou27.mp3,D:\other\Bird\Code\data\kaggle_wav_cache\Cinereous Tinamou_sound\Cinereous Tinamou27.wav,converted,32000,1,414.88471875,
Cinereous Tinamou_sound/Cinereous Tinamou30,D:\other\Bird\Dataset\CC0\Cinereous Tinamou_sound\Cinereous Tinamou30.mp3,D:\other\Bird\Code\data\kaggle_wav_cache\Cinereous Tinamou_sound\Cinereous Tinamou30.wav,converted,32000,1,51.8791875,"[mp3 @ 0000028fe7455600] Estimating duration from bitrate, this may be inaccurate
"
Cinereous Tinamou_sound/Cinereous Tinamou4,D:\other\Bird\Dataset\CC0\Cinereous Tinamou_sound\Cinereous Tinamou4.mp3,D:\other\Bird\Code\data\kaggle_wav_cache\Cinereous Tinamou_sound\Cinereous Tinamou4.wav,converted,32000,1,7.00084375,"[mp3 @ 0000024a5cfd5600] Estimating duration from bitrate, this may be inaccurate
"
Cinereous Tinamou_sound/Cinereous Tinamou31,D:\other\Bird\Dataset\CC0\Cinereous Tinamou_sound\Cinereous Tinamou31.mp3,D:\other\Bird\Code\data\kaggle_wav_cache\Cinereous Tinamou_sound\Cinereous Tinamou31.wav,converted,32000,1,51.8791875,"[mp3 @ 0000016bf0f65600] Estimating duration from bitrate, this may be inaccurate
"
Cinereous Tinamou_sound/Cinereous Tinamou5,D:\other\Bird\Dataset\CC0\Cinereous Tinamou_sound\Cinereous Tinamou5.mp3,D:\other\Bird\Code\data\kaggle_wav_cache\Cinereous Tinamou_sound\Cinereous Tinamou5.wav,converted,32000,1,76.3298125,"[mp3 @ 000001cc5fd95600] Estimating duration from bitrate, this may be inaccurate
"
Cinereous Tinamou_sound/Cinereous Tinamou6,D:\other\Bird\Dataset\CC0\Cinereous Tinamou_sound\Cinereous Tinamou6.mp3,D:\other\Bird\Code\data\kaggle_wav_cache\Cinereous Tinamou_sound\Cinereous Tinamou6.wav,converted,32000,1,76.3298125,"[mp3 @ 0000011119085600] Estimating duration from bitrate, this may be inaccurate
"
Cinereous Tinamou_sound/Cinereous Tinamou7,D:\other\Bird\Dataset\CC0\Cinereous Tinamou_sound\Cinereous Tinamou7.mp3,D:\other\Bird\Code\data\kaggle_wav_cache\Cinereous Tinamou_sound\Cinereous Tinamou7.wav,converted,32000,1,76.3298125,"[mp3 @ 0000020d68095600] Estimating duration from bitrate, this may be inaccurate
"
Cinereous Tinamou_sound/Cinereous Tinamou8,D:\other\Bird\Dataset\CC0\Cinereous Tinamou_sound\Cinereous Tinamou8.mp3,D:\other\Bird\Code\data\kaggle_wav_cache\Cinereous Tinamou_sound\Cinereous Tinamou8.wav,converted,32000,1,76.3298125,"[mp3 @ 000002363e845600] Estimating duration from bitrate, this may be inaccurate
"
Collared Brushturkey_sound/Collared Brushturkey10,D:\other\Bird\Dataset\CC0\Collared Brushturkey_sound\Collared Brushturkey10.mp3,D:\other\Bird\Code\data\kaggle_wav_cache\Collared Brushturkey_sound\Collared Brushturkey10.wav,converted,32000,1,43.45503125,
Cinereous Tinamou_sound/Cinereous Tinamou9,D:\other\Bird\Dataset\CC0\Cinereous Tinamou_sound\Cinereous Tinamou9.mp3,D:\other\Bird\Code\data\kaggle_wav_cache\Cinereous Tinamou_sound\Cinereous Tinamou9.wav,converted,32000,1,76.3298125,"[mp3 @ 000001cb28b45600] Estimating duration from bitrate, this may be inaccurate
"
Collared Brushturkey_sound/Collared Brushturkey11,D:\other\Bird\Dataset\CC0\Collared Brushturkey_sound\Collared Brushturkey11.mp3,D:\other\Bird\Code\data\kaggle_wav_cache\Collared Brushturkey_sound\Collared Brushturkey11.wav,converted,32000,1,43.45503125,
Collared Brushturkey_sound/Collared Brushturkey12,D:\other\Bird\Dataset\CC0\Collared Brushturkey_sound\Collared Brushturkey12.mp3,D:\other\Bird\Code\data\kaggle_wav_cache\Collared Brushturkey_sound\Collared Brushturkey12.wav,converted,32000,1,43.45503125,
Collared Brushturkey_sound/Collared Brushturkey13,D:\other\Bird\Dataset\CC0\Collared Brushturkey_sound\Collared Brushturkey13.mp3,D:\other\Bird\Code\data\kaggle_wav_cache\Collared Brushturkey_sound\Collared Brushturkey13.wav,converted,32000,1,54.20409375,"[mp3 @ 0000020163e45600] Estimating duration from bitrate, this may be inaccurate
"
Collared Brushturkey_sound/Collared Brushturkey14,D:\other\Bird\Dataset\CC0\Collared Brushturkey_sound\Collared Brushturkey14.mp3,D:\other\Bird\Code\data\kaggle_wav_cache\Collared Brushturkey_sound\Collared Brushturkey14.wav,converted,32000,1,82.7559375,"[mp3 @ 000002bb4efd5600] Estimating duration from bitrate, this may be inaccurate
"
Collared Brushturkey_sound/Collared Brushturkey15,D:\other\Bird\Dataset\CC0\Collared Brushturkey_sound\Collared Brushturkey15.mp3,D:\other\Bird\Code\data\kaggle_wav_cache\Collared Brushturkey_sound\Collared Brushturkey15.wav,converted,32000,1,82.7559375,"[mp3 @ 000002dd3f605600] Estimating duration from bitrate, this may be inaccurate
"
Collared Brushturkey_sound/Collared Brushturkey16,D:\other\Bird\Dataset\CC0\Collared Brushturkey_sound\Collared Brushturkey16.mp3,D:\other\Bird\Code\data\kaggle_wav_cache\Collared Brushturkey_sound\Collared Brushturkey16.wav,converted,32000,1,82.7559375,"[mp3 @ 0000026b1a9b5600] Estimating duration from bitrate, this may be inaccurate
"
Collared Brushturkey_sound/Collared Brushturkey17,D:\other\Bird\Dataset\CC0\Collared Brushturkey_sound\Collared Brushturkey17.mp3,D:\other\Bird\Code\data\kaggle_wav_cache\Collared Brushturkey_sound\Collared Brushturkey17.wav,converted,32000,1,82.7559375,"[mp3 @ 0000029a4ca15600] Estimating duration from bitrate, this may be inaccurate
"
Collared Brushturkey_sound/Collared Brushturkey18,D:\other\Bird\Dataset\CC0\Collared Brushturkey_sound\Collared Brushturkey18.mp3,D:\other\Bird\Code\data\kaggle_wav_cache\Collared Brushturkey_sound\Collared Brushturkey18.wav,converted,32000,1,82.7559375,"[mp3 @ 0000020a253d5600] Estimating duration from bitrate, this may be inaccurate
"
Collared Brushturkey_sound/Collared Brushturkey19,D:\other\Bird\Dataset\CC0\Collared Brushturkey_sound\Collared Brushturkey19.mp3,D:\other\Bird\Code\data\kaggle_wav_cache\Collared Brushturkey_sound\Collared Brushturkey19.wav,converted,32000,1,65.82859375,"[mp3 @ 0000020e9ff85600] Estimating duration from bitrate, this may be inaccurate
"
Collared Brushturkey_sound/Collared Brushturkey2,D:\other\Bird\Dataset\CC0\Collared Brushturkey_sound\Collared Brushturkey2.mp3,D:\other\Bird\Code\data\kaggle_wav_cache\Collared Brushturkey_sound\Collared Brushturkey2.wav,converted,32000,1,43.52,"[mp3 @ 000002b48ab65600] Estimating duration from bitrate, this may be inaccurate
"
Collared Brushturkey_sound/Collared Brushturkey20,D:\other\Bird\Dataset\CC0\Collared Brushturkey_sound\Collared Brushturkey20.mp3,D:\other\Bird\Code\data\kaggle_wav_cache\Collared Brushturkey_sound\Collared Brushturkey20.wav,converted,32000,1,65.82859375,"[mp3 @ 000001512b2a5600] Estimating duration from bitrate, this may be inaccurate
"
Collared Brushturkey_sound/Collared Brushturkey21,D:\other\Bird\Dataset\CC0\Collared Brushturkey_sound\Collared Brushturkey21.mp3,D:\other\Bird\Code\data\kaggle_wav_cache\Collared Brushturkey_sound\Collared Brushturkey21.wav,converted,32000,1,65.82859375,"[mp3 @ 000001ceec585600] Estimating duration from bitrate, this may be inaccurate
"
Collared Brushturkey_sound/Collared Brushturkey3,D:\other\Bird\Dataset\CC0\Collared Brushturkey_sound\Collared Brushturkey3.mp3,D:\other\Bird\Code\data\kaggle_wav_cache\Collared Brushturkey_sound\Collared Brushturkey3.wav,converted,32000,1,43.52,"[mp3 @ 0000012332995600] Estimating duration from bitrate, this may be inaccurate
"
Collared Brushturkey_sound/Collared Brushturkey4,D:\other\Bird\Dataset\CC0\Collared Brushturkey_sound\Collared Brushturkey4.mp3,D:\other\Bird\Code\data\kaggle_wav_cache\Collared Brushturkey_sound\Collared Brushturkey4.wav,converted,32000,1,43.52,"[mp3 @ 000002c41c655600] Estimating duration from bitrate, this may be inaccurate
"
Collared Brushturkey_sound/Collared Brushturkey5,D:\other\Bird\Dataset\CC0\Collared Brushturkey_sound\Collared Brushturkey5.mp3,D:\other\Bird\Code\data\kaggle_wav_cache\Collared Brushturkey_sound\Collared Brushturkey5.wav,converted,32000,1,43.52,"[mp3 @ 0000019f8aae5600] Estimating duration from bitrate, this may be inaccurate
"
Collared Brushturkey_sound/Collared Brushturkey6,D:\other\Bird\Dataset\CC0\Collared Brushturkey_sound\Collared Brushturkey6.mp3,D:\other\Bird\Code\data\kaggle_wav_cache\Collared Brushturkey_sound\Collared Brushturkey6.wav,converted,32000,1,43.52,"[mp3 @ 0000017557e95600] Estimating duration from bitrate, this may be inaccurate
"
Collared Brushturkey_sound/Collared Brushturkey7,D:\other\Bird\Dataset\CC0\Collared Brushturkey_sound\Collared Brushturkey7.mp3,D:\other\Bird\Code\data\kaggle_wav_cache\Collared Brushturkey_sound\Collared Brushturkey7.wav,converted,32000,1,43.52,"[mp3 @ 0000013a21d15600] Estimating duration from bitrate, this may be inaccurate
"
Collared Brushturkey_sound/Collared Brushturkey8,D:\other\Bird\Dataset\CC0\Collared Brushturkey_sound\Collared Brushturkey8.mp3,D:\other\Bird\Code\data\kaggle_wav_cache\Collared Brushturkey_sound\Collared Brushturkey8.wav,converted,32000,1,43.52,"[mp3 @ 0000020cf7cf5600] Estimating duration from bitrate, this may be inaccurate
"
Colombian Chachalaca_sound/Colombian Chachalaca10,D:\other\Bird\Dataset\CC0\Colombian Chachalaca_sound\Colombian Chachalaca10.mp3,D:\other\Bird\Code\data\kaggle_wav_cache\Colombian Chachalaca_sound\Colombian Chachalaca10.wav,converted,32000,1,31.42165625,
Collared Brushturkey_sound/Collared Brushturkey9,D:\other\Bird\Dataset\CC0\Collared Brushturkey_sound\Collared Brushturkey9.mp3,D:\other\Bird\Code\data\kaggle_wav_cache\Collared Brushturkey_sound\Collared Brushturkey9.wav,converted,32000,1,43.52,"[mp3 @ 000002bf95dd5600] Estimating duration from bitrate, this may be inaccurate
"
Colombian Chachalaca_sound/Colombian Chachalaca11,D:\other\Bird\Dataset\CC0\Colombian Chachalaca_sound\Colombian Chachalaca11.mp3,D:\other\Bird\Code\data\kaggle_wav_cache\Colombian Chachalaca_sound\Colombian Chachalaca11.wav,converted,32000,1,31.42165625,
Colombian Chachalaca_sound/Colombian Chachalaca12,D:\other\Bird\Dataset\CC0\Colombian Chachalaca_sound\Colombian Chachalaca12.mp3,D:\other\Bird\Code\data\kaggle_wav_cache\Colombian Chachalaca_sound\Colombian Chachalaca12.wav,converted,32000,1,31.42165625,
Colombian Chachalaca_sound/Colombian Chachalaca13,D:\other\Bird\Dataset\CC0\Colombian Chachalaca_sound\Colombian Chachalaca13.mp3,D:\other\Bird\Code\data\kaggle_wav_cache\Colombian Chachalaca_sound\Colombian Chachalaca13.wav,converted,32000,1,31.42165625,
Colombian Chachalaca_sound/Colombian Chachalaca14,D:\other\Bird\Dataset\CC0\Colombian Chachalaca_sound\Colombian Chachalaca14.mp3,D:\other\Bird\Code\data\kaggle_wav_cache\Colombian Chachalaca_sound\Colombian Chachalaca14.wav,converted,32000,1,82.7036875,"[mp3 @ 000001cdca2e5600] Estimating duration from bitrate, this may be inaccurate
"
Colombian Chachalaca_sound/Colombian Chachalaca15,D:\other\Bird\Dataset\CC0\Colombian Chachalaca_sound\Colombian Chachalaca15.mp3,D:\other\Bird\Code\data\kaggle_wav_cache\Colombian Chachalaca_sound\Colombian Chachalaca15.wav,converted,32000,1,128.1045,"[mp3 @ 0000019a86925600] Estimating duration from bitrate, this may be inaccurate
"
Colombian Chachalaca_sound/Colombian Chachalaca16,D:\other\Bird\Dataset\CC0\Colombian Chachalaca_sound\Colombian Chachalaca16.mp3,D:\other\Bird\Code\data\kaggle_wav_cache\Colombian Chachalaca_sound\Colombian Chachalaca16.wav,converted,32000,1,138.29225,"[mp3 @ 000001e0476c5600] Estimating duration from bitrate, this may be inaccurate
"
Colombian Chachalaca_sound/Colombian Chachalaca17,D:\other\Bird\Dataset\CC0\Colombian Chachalaca_sound\Colombian Chachalaca17.mp3,D:\other\Bird\Code\data\kaggle_wav_cache\Colombian Chachalaca_sound\Colombian Chachalaca17.wav,converted,32000,1,138.29225,"[mp3 @ 000001b7384c5600] Estimating duration from bitrate, this may be inaccurate
"
Colombian Chachalaca_sound/Colombian Chachalaca18,D:\other\Bird\Dataset\CC0\Colombian Chachalaca_sound\Colombian Chachalaca18.mp3,D:\other\Bird\Code\data\kaggle_wav_cache\Colombian Chachalaca_sound\Colombian Chachalaca18.wav,converted,32000,1,138.29225,"[mp3 @ 000001b896335600] Estimating duration from bitrate, this may be inaccurate
"
Colombian Chachalaca_sound/Colombian Chachalaca19,D:\other\Bird\Dataset\CC0\Colombian Chachalaca_sound\Colombian Chachalaca19.mp3,D:\other\Bird\Code\data\kaggle_wav_cache\Colombian Chachalaca_sound\Colombian Chachalaca19.wav,converted,32000,1,138.29225,"[mp3 @ 000001a928845600] Estimating duration from bitrate, this may be inaccurate
"
Colombian Chachalaca_sound/Colombian Chachalaca2,D:\other\Bird\Dataset\CC0\Colombian Chachalaca_sound\Colombian Chachalaca2.mp3,D:\other\Bird\Code\data\kaggle_wav_cache\Colombian Chachalaca_sound\Colombian Chachalaca2.wav,converted,32000,1,18.120875,
Colombian Chachalaca_sound/Colombian Chachalaca21,D:\other\Bird\Dataset\CC0\Colombian Chachalaca_sound\Colombian Chachalaca21.mp3,D:\other\Bird\Code\data\kaggle_wav_cache\Colombian Chachalaca_sound\Colombian Chachalaca21.wav,converted,32000,1,11.232,"[mp3 @ 0000024c9e155600] Estimating duration from bitrate, this may be inaccurate
"
Colombian Chachalaca_sound/Colombian Chachalaca22,D:\other\Bird\Dataset\CC0\Colombian Chachalaca_sound\Colombian Chachalaca22.mp3,D:\other\Bird\Code\data\kaggle_wav_cache\Colombian Chachalaca_sound\Colombian Chachalaca22.wav,converted,32000,1,11.184,"[mp3 @ 00000278a2045600] Estimating duration from bitrate, this may be inaccurate
"
Colombian Chachalaca_sound/Colombian Chachalaca20,D:\other\Bird\Dataset\CC0\Colombian Chachalaca_sound\Colombian Chachalaca20.mp3,D:\other\Bird\Code\data\kaggle_wav_cache\Colombian Chachalaca_sound\Colombian Chachalaca20.wav,converted,32000,1,138.29225,"[mp3 @ 000001d094155600] Estimating duration from bitrate, this may be inaccurate
"
Colombian Chachalaca_sound/Colombian Chachalaca23,D:\other\Bird\Dataset\CC0\Colombian Chachalaca_sound\Colombian Chachalaca23.mp3,D:\other\Bird\Code\data\kaggle_wav_cache\Colombian Chachalaca_sound\Colombian Chachalaca23.wav,converted,32000,1,11.184,"[mp3 @ 0000019325805600] Estimating duration from bitrate, this may be inaccurate
"
Colombian Chachalaca_sound/Colombian Chachalaca24,D:\other\Bird\Dataset\CC0\Colombian Chachalaca_sound\Colombian Chachalaca24.mp3,D:\other\Bird\Code\data\kaggle_wav_cache\Colombian Chachalaca_sound\Colombian Chachalaca24.wav,converted,32000,1,11.184,"[mp3 @ 000001b484a15600] Estimating duration from bitrate, this may be inaccurate
"
Colombian Chachalaca_sound/Colombian Chachalaca25,D:\other\Bird\Dataset\CC0\Colombian Chachalaca_sound\Colombian Chachalaca25.mp3,D:\other\Bird\Code\data\kaggle_wav_cache\Colombian Chachalaca_sound\Colombian Chachalaca25.wav,converted,32000,1,11.184,"[mp3 @ 00000209e3c55600] Estimating duration from bitrate, this may be inaccurate
"
Colombian Chachalaca_sound/Colombian Chachalaca26,D:\other\Bird\Dataset\CC0\Colombian Chachalaca_sound\Colombian Chachalaca26.mp3,D:\other\Bird\Code\data\kaggle_wav_cache\Colombian Chachalaca_sound\Colombian Chachalaca26.wav,converted,32000,1,11.184,"[mp3 @ 0000025f5c7d5600] Estimating duration from bitrate, this may be inaccurate
"
Colombian Chachalaca_sound/Colombian Chachalaca27,D:\other\Bird\Dataset\CC0\Colombian Chachalaca_sound\Colombian Chachalaca27.mp3,D:\other\Bird\Code\data\kaggle_wav_cache\Colombian Chachalaca_sound\Colombian Chachalaca27.wav,converted,32000,1,11.184,"[mp3 @ 00000252c53b5600] Estimating duration from bitrate, this may be inaccurate
"
Colombian Chachalaca_sound/Colombian Chachalaca28,D:\other\Bird\Dataset\CC0\Colombian Chachalaca_sound\Colombian Chachalaca28.mp3,D:\other\Bird\Code\data\kaggle_wav_cache\Colombian Chachalaca_sound\Colombian Chachalaca28.wav,converted,32000,1,26.22696875,"[mp3 @ 000001fac3035600] Estimating duration from bitrate, this may be inaccurate
"
Colombian Chachalaca_sound/Colombian Chachalaca29,D:\other\Bird\Dataset\CC0\Colombian Chachalaca_sound\Colombian Chachalaca29.mp3,D:\other\Bird\Code\data\kaggle_wav_cache\Colombian Chachalaca_sound\Colombian Chachalaca29.wav,converted,32000,1,14.68084375,"[mp3 @ 0000027725915600] Estimating duration from bitrate, this may be inaccurate
"
Colombian Chachalaca_sound/Colombian Chachalaca3,D:\other\Bird\Dataset\CC0\Colombian Chachalaca_sound\Colombian Chachalaca3.mp3,D:\other\Bird\Code\data\kaggle_wav_cache\Colombian Chachalaca_sound\Colombian Chachalaca3.wav,converted,32000,1,18.120875,
Colombian Chachalaca_sound/Colombian Chachalaca30,D:\other\Bird\Dataset\CC0\Colombian Chachalaca_sound\Colombian Chachalaca30.mp3,D:\other\Bird\Code\data\kaggle_wav_cache\Colombian Chachalaca_sound\Colombian Chachalaca30.wav,converted,32000,1,22.4653125,"[mp3 @ 000001abc2e55600] Estimating duration from bitrate, this may be inaccurate
"
Colombian Chachalaca_sound/Colombian Chachalaca31,D:\other\Bird\Dataset\CC0\Colombian Chachalaca_sound\Colombian Chachalaca31.mp3,D:\other\Bird\Code\data\kaggle_wav_cache\Colombian Chachalaca_sound\Colombian Chachalaca31.wav,converted,32000,1,22.4653125,"[mp3 @ 00000259756a5600] Estimating duration from bitrate, this may be inaccurate
"
Colombian Chachalaca_sound/Colombian Chachalaca4,D:\other\Bird\Dataset\CC0\Colombian Chachalaca_sound\Colombian Chachalaca4.mp3,D:\other\Bird\Code\data\kaggle_wav_cache\Colombian Chachalaca_sound\Colombian Chachalaca4.wav,converted,32000,1,13.3546875,
Colombian Chachalaca_sound/Colombian Chachalaca5,D:\other\Bird\Dataset\CC0\Colombian Chachalaca_sound\Colombian Chachalaca5.mp3,D:\other\Bird\Code\data\kaggle_wav_cache\Colombian Chachalaca_sound\Colombian Chachalaca5.wav,converted,32000,1,13.3546875,
Colombian Chachalaca_sound/Colombian Chachalaca6,D:\other\Bird\Dataset\CC0\Colombian Chachalaca_sound\Colombian Chachalaca6.mp3,D:\other\Bird\Code\data\kaggle_wav_cache\Colombian Chachalaca_sound\Colombian Chachalaca6.wav,converted,32000,1,31.42165625,
Colombian Chachalaca_sound/Colombian Chachalaca7,D:\other\Bird\Dataset\CC0\Colombian Chachalaca_sound\Colombian Chachalaca7.mp3,D:\other\Bird\Code\data\kaggle_wav_cache\Colombian Chachalaca_sound\Colombian Chachalaca7.wav,converted,32000,1,31.42165625,
Colombian Chachalaca_sound/Colombian Chachalaca8,D:\other\Bird\Dataset\CC0\Colombian Chachalaca_sound\Colombian Chachalaca8.mp3,D:\other\Bird\Code\data\kaggle_wav_cache\Colombian Chachalaca_sound\Colombian Chachalaca8.wav,converted,32000,1,31.42165625,
Colombian Chachalaca_sound/Colombian Chachalaca9,D:\other\Bird\Dataset\CC0\Colombian Chachalaca_sound\Colombian Chachalaca9.mp3,D:\other\Bird\Code\data\kaggle_wav_cache\Colombian Chachalaca_sound\Colombian Chachalaca9.wav,converted,32000,1,31.42165625,
Common Ostrich_sound/Common Ostrich2,D:\other\Bird\Dataset\CC0\Common Ostrich_sound\Common Ostrich2.mp3,D:\other\Bird\Code\data\kaggle_wav_cache\Common Ostrich_sound\Common Ostrich2.wav,converted,32000,1,53.568,"[mp3 @ 000001d8912455c0] Estimating duration from bitrate, this may be inaccurate
"
Common Ostrich_sound/Common Ostrich3,D:\other\Bird\Dataset\CC0\Common Ostrich_sound\Common Ostrich3.mp3,D:\other\Bird\Code\data\kaggle_wav_cache\Common Ostrich_sound\Common Ostrich3.wav,converted,32000,1,26.736,"[mp3 @ 0000022aaa1d55c0] Estimating duration from bitrate, this may be inaccurate
"
Common Ostrich_sound/Common Ostrich4,D:\other\Bird\Dataset\CC0\Common Ostrich_sound\Common Ostrich4.mp3,D:\other\Bird\Code\data\kaggle_wav_cache\Common Ostrich_sound\Common Ostrich4.wav,converted,32000,1,4.656,"[mp3 @ 000001d8722455c0] Estimating duration from bitrate, this may be inaccurate
"
Common Ostrich_sound/Common Ostrich5,D:\other\Bird\Dataset\CC0\Common Ostrich_sound\Common Ostrich5.mp3,D:\other\Bird\Code\data\kaggle_wav_cache\Common Ostrich_sound\Common Ostrich5.wav,converted,32000,1,11.78125,"[mp3 @ 00000254427255c0] Estimating duration from bitrate, this may be inaccurate
"
Common Ostrich_sound/Common Ostrich7,D:\other\Bird\Dataset\CC0\Common Ostrich_sound\Common Ostrich7.mp3,D:\other\Bird\Code\data\kaggle_wav_cache\Common Ostrich_sound\Common Ostrich7.wav,converted,32000,1,11.65,
Common Ostrich_sound/Common Ostrich8,D:\other\Bird\Dataset\CC0\Common Ostrich_sound\Common Ostrich8.mp3,D:\other\Bird\Code\data\kaggle_wav_cache\Common Ostrich_sound\Common Ostrich8.wav,converted,32000,1,9.448,
Common Ostrich_sound/Common Ostrich6,D:\other\Bird\Dataset\CC0\Common Ostrich_sound\Common Ostrich6.mp3,D:\other\Bird\Code\data\kaggle_wav_cache\Common Ostrich_sound\Common Ostrich6.wav,converted,32000,1,107.46196875,
Crested Guan_sound/Crested Guan10,D:\other\Bird\Dataset\CC0\Crested Guan_sound\Crested Guan10.mp3,D:\other\Bird\Code\data\kaggle_wav_cache\Crested Guan_sound\Crested Guan10.wav,converted,32000,1,70.8893125,
Crested Guan_sound/Crested Guan11,D:\other\Bird\Dataset\CC0\Crested Guan_sound\Crested Guan11.mp3,D:\other\Bird\Code\data\kaggle_wav_cache\Crested Guan_sound\Crested Guan11.wav,converted,32000,1,70.8893125,
Crested Guan_sound/Crested Guan12,D:\other\Bird\Dataset\CC0\Crested Guan_sound\Crested Guan12.mp3,D:\other\Bird\Code\data\kaggle_wav_cache\Crested Guan_sound\Crested Guan12.wav,converted,32000,1,60.864,"[mp3 @ 000002aeff6c55c0] Estimating duration from bitrate, this may be inaccurate
"
Crested Guan_sound/Crested Guan14,D:\other\Bird\Dataset\CC0\Crested Guan_sound\Crested Guan14.mp3,D:\other\Bird\Code\data\kaggle_wav_cache\Crested Guan_sound\Crested Guan14.wav,converted,32000,1,29.15265625,"[mp3 @ 000001ecdacc55c0] Estimating duration from bitrate, this may be inaccurate
"
Crested Guan_sound/Crested Guan13,D:\other\Bird\Dataset\CC0\Crested Guan_sound\Crested Guan13.mp3,D:\other\Bird\Code\data\kaggle_wav_cache\Crested Guan_sound\Crested Guan13.wav,converted,32000,1,189.88409375,
Crested Guan_sound/Crested Guan15,D:\other\Bird\Dataset\CC0\Crested Guan_sound\Crested Guan15.mp3,D:\other\Bird\Code\data\kaggle_wav_cache\Crested Guan_sound\Crested Guan15.wav,converted,32000,1,29.25715625,"[mp3 @ 000001993c7f55c0] Estimating duration from bitrate, this may be inaccurate
"
Crested Guan_sound/Crested Guan16,D:\other\Bird\Dataset\CC0\Crested Guan_sound\Crested Guan16.mp3,D:\other\Bird\Code\data\kaggle_wav_cache\Crested Guan_sound\Crested Guan16.wav,converted,32000,1,29.25715625,"[mp3 @ 000001d2d21b55c0] Estimating duration from bitrate, this may be inaccurate
"
Crested Guan_sound/Crested Guan17,D:\other\Bird\Dataset\CC0\Crested Guan_sound\Crested Guan17.mp3,D:\other\Bird\Code\data\kaggle_wav_cache\Crested Guan_sound\Crested Guan17.wav,converted,32000,1,52.42778125,"[mp3 @ 000001db5a0255c0] Estimating duration from bitrate, this may be inaccurate
"
Crested Guan_sound/Crested Guan18,D:\other\Bird\Dataset\CC0\Crested Guan_sound\Crested Guan18.mp3,D:\other\Bird\Code\data\kaggle_wav_cache\Crested Guan_sound\Crested Guan18.wav,converted,32000,1,29.96246875,"[mp3 @ 000001f1697b55c0] Estimating duration from bitrate, this may be inaccurate
"
Crested Guan_sound/Crested Guan19,D:\other\Bird\Dataset\CC0\Crested Guan_sound\Crested Guan19.mp3,D:\other\Bird\Code\data\kaggle_wav_cache\Crested Guan_sound\Crested Guan19.wav,converted,32000,1,31.94778125,"[mp3 @ 0000010b3b7555c0] Estimating duration from bitrate, this may be inaccurate
"
Crested Guan_sound/Crested Guan2,D:\other\Bird\Dataset\CC0\Crested Guan_sound\Crested Guan2.mp3,D:\other\Bird\Code\data\kaggle_wav_cache\Crested Guan_sound\Crested Guan2.wav,converted,32000,1,17.946125,"[mp3 @ 000001e3a8ef55c0] Estimating duration from bitrate, this may be inaccurate
"
Crested Guan_sound/Crested Guan21,D:\other\Bird\Dataset\CC0\Crested Guan_sound\Crested Guan21.mp3,D:\other\Bird\Code\data\kaggle_wav_cache\Crested Guan_sound\Crested Guan21.wav,converted,32000,1,12.930625,"[mp3 @ 000002da3ff455c0] Estimating duration from bitrate, this may be inaccurate
"
Crested Guan_sound/Crested Guan20,D:\other\Bird\Dataset\CC0\Crested Guan_sound\Crested Guan20.mp3,D:\other\Bird\Code\data\kaggle_wav_cache\Crested Guan_sound\Crested Guan20.wav,converted,32000,1,32.7575625,"[mp3 @ 000002341bad55c0] Estimating duration from bitrate, this may be inaccurate
"
Crested Guan_sound/Crested Guan22,D:\other\Bird\Dataset\CC0\Crested Guan_sound\Crested Guan22.mp3,D:\other\Bird\Code\data\kaggle_wav_cache\Crested Guan_sound\Crested Guan22.wav,converted,32000,1,37.59021875,"[mp3 @ 000001bbaadf55c0] Estimating duration from bitrate, this may be inaccurate
"
Crested Guan_sound/Crested Guan23,D:\other\Bird\Dataset\CC0\Crested Guan_sound\Crested Guan23.mp3,D:\other\Bird\Code\data\kaggle_wav_cache\Crested Guan_sound\Crested Guan23.wav,converted,32000,1,131.52,
Crested Guan_sound/Crested Guan24,D:\other\Bird\Dataset\CC0\Crested Guan_sound\Crested Guan24.mp3,D:\other\Bird\Code\data\kaggle_wav_cache\Crested Guan_sound\Crested Guan24.wav,converted,32000,1,131.52,
Crested Guan_sound/Crested Guan25,D:\other\Bird\Dataset\CC0\Crested Guan_sound\Crested Guan25.mp3,D:\other\Bird\Code\data\kaggle_wav_cache\Crested Guan_sound\Crested Guan25.wav,converted,32000,1,131.52,
Crested Guan_sound/Crested Guan26,D:\other\Bird\Dataset\CC0\Crested Guan_sound\Crested Guan26.mp3,D:\other\Bird\Code\data\kaggle_wav_cache\Crested Guan_sound\Crested Guan26.wav,converted,32000,1,67.76165625,"[mp3 @ 000001ca318855c0] Estimating duration from bitrate, this may be inaccurate
"
Crested Guan_sound/Crested Guan27,D:\other\Bird\Dataset\CC0\Crested Guan_sound\Crested Guan27.mp3,D:\other\Bird\Code\data\kaggle_wav_cache\Crested Guan_sound\Crested Guan27.wav,converted,32000,1,24.81634375,"[mp3 @ 000001b4d76855c0] Estimating duration from bitrate, this may be inaccurate
"
Crested Guan_sound/Crested Guan28,D:\other\Bird\Dataset\CC0\Crested Guan_sound\Crested Guan28.mp3,D:\other\Bird\Code\data\kaggle_wav_cache\Crested Guan_sound\Crested Guan28.wav,converted,32000,1,10.272,"[mp3 @ 000002085bde55c0] Estimating duration from bitrate, this may be inaccurate
"
Crested Guan_sound/Crested Guan29,D:\other\Bird\Dataset\CC0\Crested Guan_sound\Crested Guan29.mp3,D:\other\Bird\Code\data\kaggle_wav_cache\Crested Guan_sound\Crested Guan29.wav,converted,32000,1,89.592,"[mp3 @ 000001d2867655c0] Estimating duration from bitrate, this may be inaccurate
"
Crested Guan_sound/Crested Guan3,D:\other\Bird\Dataset\CC0\Crested Guan_sound\Crested Guan3.mp3,D:\other\Bird\Code\data\kaggle_wav_cache\Crested Guan_sound\Crested Guan3.wav,converted,32000,1,17.946125,"[mp3 @ 0000020af36b55c0] Estimating duration from bitrate, this may be inaccurate
"
Crested Guan_sound/Crested Guan31,D:\other\Bird\Dataset\CC0\Crested Guan_sound\Crested Guan31.mp3,D:\other\Bird\Code\data\kaggle_wav_cache\Crested Guan_sound\Crested Guan31.wav,converted,32000,1,21.1591875,"[mp3 @ 00000213c4e155c0] Estimating duration from bitrate, this may be inaccurate
"
Crested Guan_sound/Crested Guan30,D:\other\Bird\Dataset\CC0\Crested Guan_sound\Crested Guan30.mp3,D:\other\Bird\Code\data\kaggle_wav_cache\Crested Guan_sound\Crested Guan30.wav,converted,32000,1,36.23184375,"[mp3 @ 000001d5930b55c0] Estimating duration from bitrate, this may be inaccurate
"
Crested Guan_sound/Crested Guan4,D:\other\Bird\Dataset\CC0\Crested Guan_sound\Crested Guan4.mp3,D:\other\Bird\Code\data\kaggle_wav_cache\Crested Guan_sound\Crested Guan4.wav,converted,32000,1,17.946125,"[mp3 @ 0000017000de55c0] Estimating duration from bitrate, this may be inaccurate
"
Crested Guan_sound/Crested Guan5,D:\other\Bird\Dataset\CC0\Crested Guan_sound\Crested Guan5.mp3,D:\other\Bird\Code\data\kaggle_wav_cache\Crested Guan_sound\Crested Guan5.wav,converted,32000,1,17.946125,"[mp3 @ 0000024cffa655c0] Estimating duration from bitrate, this may be inaccurate
"
Crested Guan_sound/Crested Guan7,D:\other\Bird\Dataset\CC0\Crested Guan_sound\Crested Guan7.mp3,D:\other\Bird\Code\data\kaggle_wav_cache\Crested Guan_sound\Crested Guan7.wav,converted,32000,1,70.8893125,
Crested Guan_sound/Crested Guan6,D:\other\Bird\Dataset\CC0\Crested Guan_sound\Crested Guan6.mp3,D:\other\Bird\Code\data\kaggle_wav_cache\Crested Guan_sound\Crested Guan6.wav,converted,32000,1,136.831,
Crested Guan_sound/Crested Guan8,D:\other\Bird\Dataset\CC0\Crested Guan_sound\Crested Guan8.mp3,D:\other\Bird\Code\data\kaggle_wav_cache\Crested Guan_sound\Crested Guan8.wav,converted,32000,1,70.8893125,
Crested Guan_sound/Crested Guan9,D:\other\Bird\Dataset\CC0\Crested Guan_sound\Crested Guan9.mp3,D:\other\Bird\Code\data\kaggle_wav_cache\Crested Guan_sound\Crested Guan9.wav,converted,32000,1,70.8893125,
Curve-billed Tinamou_sound/Curve-billed Tinamou2,D:\other\Bird\Dataset\CC0\Curve-billed Tinamou_sound\Curve-billed Tinamou2.mp3,D:\other\Bird\Code\data\kaggle_wav_cache\Curve-billed Tinamou_sound\Curve-billed Tinamou2.wav,converted,32000,1,15.03203125,"Guessed Channel Layout for Input Stream #0.0 : stereo
"
Curve-billed Tinamou_sound/Curve-billed Tinamou3,D:\other\Bird\Dataset\CC0\Curve-billed Tinamou_sound\Curve-billed Tinamou3.mp3,D:\other\Bird\Code\data\kaggle_wav_cache\Curve-billed Tinamou_sound\Curve-billed Tinamou3.wav,converted,32000,1,50.1338125,"Guessed Channel Layout for Input Stream #0.0 : stereo
"
Curve-billed Tinamou_sound/Curve-billed Tinamou4,D:\other\Bird\Dataset\CC0\Curve-billed Tinamou_sound\Curve-billed Tinamou4.mp3,D:\other\Bird\Code\data\kaggle_wav_cache\Curve-billed Tinamou_sound\Curve-billed Tinamou4.wav,converted,32000,1,8.69878125,"[mp3 @ 000002486eee5600] Estimating duration from bitrate, this may be inaccurate
"
Curve-billed Tinamou_sound/Curve-billed Tinamou5,D:\other\Bird\Dataset\CC0\Curve-billed Tinamou_sound\Curve-billed Tinamou5.mp3,D:\other\Bird\Code\data\kaggle_wav_cache\Curve-billed Tinamou_sound\Curve-billed Tinamou5.wav,converted,32000,1,5.001,"Guessed Channel Layout for Input Stream #0.0 : stereo
"
Curve-billed Tinamou_sound/Curve-billed Tinamou6,D:\other\Bird\Dataset\CC0\Curve-billed Tinamou_sound\Curve-billed Tinamou6.mp3,D:\other\Bird\Code\data\kaggle_wav_cache\Curve-billed Tinamou_sound\Curve-billed Tinamou6.wav,converted,32000,1,4.152,"[mp3 @ 00000253305b5600] Estimating duration from bitrate, this may be inaccurate
"
Curve-billed Tinamou_sound/Curve-billed Tinamou7,D:\other\Bird\Dataset\CC0\Curve-billed Tinamou_sound\Curve-billed Tinamou7.mp3,D:\other\Bird\Code\data\kaggle_wav_cache\Curve-billed Tinamou_sound\Curve-billed Tinamou7.wav,converted,32000,1,4.152,"[mp3 @ 000002660b445600] Estimating duration from bitrate, this may be inaccurate
"
Curve-billed Tinamou_sound/Curve-billed Tinamou8,D:\other\Bird\Dataset\CC0\Curve-billed Tinamou_sound\Curve-billed Tinamou8.mp3,D:\other\Bird\Code\data\kaggle_wav_cache\Curve-billed Tinamou_sound\Curve-billed Tinamou8.wav,converted,32000,1,4.152,"[mp3 @ 0000019c18865600] Estimating duration from bitrate, this may be inaccurate
"
Curve-billed Tinamou_sound/Curve-billed Tinamou9,D:\other\Bird\Dataset\CC0\Curve-billed Tinamou_sound\Curve-billed Tinamou9.mp3,D:\other\Bird\Code\data\kaggle_wav_cache\Curve-billed Tinamou_sound\Curve-billed Tinamou9.wav,converted,32000,1,10.9975625,"[mp3 @ 000001c57a015600] Estimating duration from bitrate, this may be inaccurate
"
Darwins Nothura_sound/Darwins Nothura11,D:\other\Bird\Dataset\CC0\Darwins Nothura_sound\Darwins Nothura11.mp3,D:\other\Bird\Code\data\kaggle_wav_cache\Darwins Nothura_sound\Darwins Nothura11.wav,converted,32000,1,14.7591875,"[mp3 @ 0000027560ab5640] Estimating duration from bitrate, this may be inaccurate
"
Darwins Nothura_sound/Darwins Nothura10,D:\other\Bird\Dataset\CC0\Darwins Nothura_sound\Darwins Nothura10.mp3,D:\other\Bird\Code\data\kaggle_wav_cache\Darwins Nothura_sound\Darwins Nothura10.wav,converted,32000,1,57.887375,"[mp3 @ 000001f693ec5640] Estimating duration from bitrate, this may be inaccurate
"
Darwins Nothura_sound/Darwins Nothura12,D:\other\Bird\Dataset\CC0\Darwins Nothura_sound\Darwins Nothura12.mp3,D:\other\Bird\Code\data\kaggle_wav_cache\Darwins Nothura_sound\Darwins Nothura12.wav,converted,32000,1,23.170625,"[mp3 @ 000002ea7b6c5640] Estimating duration from bitrate, this may be inaccurate
"
Darwins Nothura_sound/Darwins Nothura13,D:\other\Bird\Dataset\CC0\Darwins Nothura_sound\Darwins Nothura13.mp3,D:\other\Bird\Code\data\kaggle_wav_cache\Darwins Nothura_sound\Darwins Nothura13.wav,converted,32000,1,23.170625,"[mp3 @ 000001d151a85640] Estimating duration from bitrate, this may be inaccurate
"
Darwins Nothura_sound/Darwins Nothura14,D:\other\Bird\Dataset\CC0\Darwins Nothura_sound\Darwins Nothura14.mp3,D:\other\Bird\Code\data\kaggle_wav_cache\Darwins Nothura_sound\Darwins Nothura14.wav,converted,32000,1,103.47103125,"[mp3 @ 000001e0cd0d5640] Estimating duration from bitrate, this may be inaccurate
"
Darwins Nothura_sound/Darwins Nothura15,D:\other\Bird\Dataset\CC0\Darwins Nothura_sound\Darwins Nothura15.mp3,D:\other\Bird\Code\data\kaggle_wav_cache\Darwins Nothura_sound\Darwins Nothura15.wav,converted,32000,1,52.97634375,"[mp3 @ 000001f86fd25640] Estimating duration from bitrate, this may be inaccurate
"
Darwins Nothura_sound/Darwins Nothura17,D:\other\Bird\Dataset\CC0\Darwins Nothura_sound\Darwins Nothura17.mp3,D:\other\Bird\Code\data\kaggle_wav_cache\Darwins Nothura_sound\Darwins Nothura17.wav,converted,32000,1,17.18859375,"[mp3 @ 000001ad54bd5640] Estimating duration from bitrate, this may be inaccurate
"
Darwins Nothura_sound/Darwins Nothura16,D:\other\Bird\Dataset\CC0\Darwins Nothura_sound\Darwins Nothura16.mp3,D:\other\Bird\Code\data\kaggle_wav_cache\Darwins Nothura_sound\Darwins Nothura16.wav,converted,32000,1,64.6530625,"[mp3 @ 000001da7f2f5640] Estimating duration from bitrate, this may be inaccurate
"
Darwins Nothura_sound/Darwins Nothura19,D:\other\Bird\Dataset\CC0\Darwins Nothura_sound\Darwins Nothura19.mp3,D:\other\Bird\Code\data\kaggle_wav_cache\Darwins Nothura_sound\Darwins Nothura19.wav,converted,32000,1,11.85959375,"[mp3 @ 0000018a504d5640] Estimating duration from bitrate, this may be inaccurate
"
Darwins Nothura_sound/Darwins Nothura18,D:\other\Bird\Dataset\CC0\Darwins Nothura_sound\Darwins Nothura18.mp3,D:\other\Bird\Code\data\kaggle_wav_cache\Darwins Nothura_sound\Darwins Nothura18.wav,converted,32000,1,58.0179375,"[mp3 @ 00000217b1fc5640] Estimating duration from bitrate, this may be inaccurate
"
Darwins Nothura_sound/Darwins Nothura2,D:\other\Bird\Dataset\CC0\Darwins Nothura_sound\Darwins Nothura2.mp3,D:\other\Bird\Code\data\kaggle_wav_cache\Darwins Nothura_sound\Darwins Nothura2.wav,converted,32000,1,35.208,"[mp3 @ 00000141559455c0] Estimating duration from bitrate, this may be inaccurate
"
Darwins Nothura_sound/Darwins Nothura20,D:\other\Bird\Dataset\CC0\Darwins Nothura_sound\Darwins Nothura20.mp3,D:\other\Bird\Code\data\kaggle_wav_cache\Darwins Nothura_sound\Darwins Nothura20.wav,converted,32000,1,15.20328125,"[mp3 @ 00000246dc705640] Estimating duration from bitrate, this may be inaccurate
"
Darwins Nothura_sound/Darwins Nothura3,D:\other\Bird\Dataset\CC0\Darwins Nothura_sound\Darwins Nothura3.mp3,D:\other\Bird\Code\data\kaggle_wav_cache\Darwins Nothura_sound\Darwins Nothura3.wav,converted,32000,1,12.69553125,"[mp3 @ 000001a4723a55c0] Estimating duration from bitrate, this may be inaccurate
"
Darwins Nothura_sound/Darwins Nothura21,D:\other\Bird\Dataset\CC0\Darwins Nothura_sound\Darwins Nothura21.mp3,D:\other\Bird\Code\data\kaggle_wav_cache\Darwins Nothura_sound\Darwins Nothura21.wav,converted,32000,1,54.83103125,"[mp3 @ 0000015f06655640] Estimating duration from bitrate, this may be inaccurate
"
Darwins Nothura_sound/Darwins Nothura4,D:\other\Bird\Dataset\CC0\Darwins Nothura_sound\Darwins Nothura4.mp3,D:\other\Bird\Code\data\kaggle_wav_cache\Darwins Nothura_sound\Darwins Nothura4.wav,converted,32000,1,173.799,
Darwins Nothura_sound/Darwins Nothura5,D:\other\Bird\Dataset\CC0\Darwins Nothura_sound\Darwins Nothura5.mp3,D:\other\Bird\Code\data\kaggle_wav_cache\Darwins Nothura_sound\Darwins Nothura5.wav,converted,32000,1,173.799,
Darwins Nothura_sound/Darwins Nothura6,D:\other\Bird\Dataset\CC0\Darwins Nothura_sound\Darwins Nothura6.mp3,D:\other\Bird\Code\data\kaggle_wav_cache\Darwins Nothura_sound\Darwins Nothura6.wav,converted,32000,1,74.088,"[mp3 @ 000001ab33b955c0] Estimating duration from bitrate, this may be inaccurate
"
Darwins Nothura_sound/Darwins Nothura7,D:\other\Bird\Dataset\CC0\Darwins Nothura_sound\Darwins Nothura7.mp3,D:\other\Bird\Code\data\kaggle_wav_cache\Darwins Nothura_sound\Darwins Nothura7.wav,converted,32000,1,112.4956875,
Darwins Nothura_sound/Darwins Nothura8,D:\other\Bird\Dataset\CC0\Darwins Nothura_sound\Darwins Nothura8.mp3,D:\other\Bird\Code\data\kaggle_wav_cache\Darwins Nothura_sound\Darwins Nothura8.wav,converted,32000,1,11.650625,"[mp3 @ 000001ee6d0255c0] Estimating duration from bitrate, this may be inaccurate
"
Darwins Nothura_sound/Darwins Nothura9,D:\other\Bird\Dataset\CC0\Darwins Nothura_sound\Darwins Nothura9.mp3,D:\other\Bird\Code\data\kaggle_wav_cache\Darwins Nothura_sound\Darwins Nothura9.wav,converted,32000,1,11.650625,"[mp3 @ 0000025cd52455c0] Estimating duration from bitrate, this may be inaccurate
"
Dusky Megapode_sound/Dusky Megapode10,D:\other\Bird\Dataset\CC0\Dusky Megapode_sound\Dusky Megapode10.mp3,D:\other\Bird\Code\data\kaggle_wav_cache\Dusky Megapode_sound\Dusky Megapode10.wav,converted,32000,1,26.80165625,"[mp3 @ 000001d185a855c0] Estimating duration from bitrate, this may be inaccurate
"
Dusky Megapode_sound/Dusky Megapode11,D:\other\Bird\Dataset\CC0\Dusky Megapode_sound\Dusky Megapode11.mp3,D:\other\Bird\Code\data\kaggle_wav_cache\Dusky Megapode_sound\Dusky Megapode11.wav,converted,32000,1,26.80165625,"[mp3 @ 0000028e9ccf55c0] Estimating duration from bitrate, this may be inaccurate
"
Dusky Megapode_sound/Dusky Megapode12,D:\other\Bird\Dataset\CC0\Dusky Megapode_sound\Dusky Megapode12.mp3,D:\other\Bird\Code\data\kaggle_wav_cache\Dusky Megapode_sound\Dusky Megapode12.wav,converted,32000,1,26.80165625,"[mp3 @ 0000015ca65f55c0] Estimating duration from bitrate, this may be inaccurate
"
Dusky Megapode_sound/Dusky Megapode13,D:\other\Bird\Dataset\CC0\Dusky Megapode_sound\Dusky Megapode13.mp3,D:\other\Bird\Code\data\kaggle_wav_cache\Dusky Megapode_sound\Dusky Megapode13.wav,converted,32000,1,26.80165625,"[mp3 @ 000001dca7de55c0] Estimating duration from bitrate, this may be inaccurate
"
Dusky Megapode_sound/Dusky Megapode15,D:\other\Bird\Dataset\CC0\Dusky Megapode_sound\Dusky Megapode15.mp3,D:\other\Bird\Code\data\kaggle_wav_cache\Dusky Megapode_sound\Dusky Megapode15.wav,converted,32000,1,39.1575625,"[mp3 @ 0000020cdabd55c0] Estimating duration from bitrate, this may be inaccurate
"
Dusky Megapode_sound/Dusky Megapode14,D:\other\Bird\Dataset\CC0\Dusky Megapode_sound\Dusky Megapode14.mp3,D:\other\Bird\Code\data\kaggle_wav_cache\Dusky Megapode_sound\Dusky Megapode14.wav,converted,32000,1,159.3991875,"[mp3 @ 000002195c2355c0] Estimating duration from bitrate, this may be inaccurate
"
Dusky Megapode_sound/Dusky Megapode16,D:\other\Bird\Dataset\CC0\Dusky Megapode_sound\Dusky Megapode16.mp3,D:\other\Bird\Code\data\kaggle_wav_cache\Dusky Megapode_sound\Dusky Megapode16.wav,converted,32000,1,173.27021875,"[mp3 @ 00000150f30a55c0] Estimating duration from bitrate, this may be inaccurate
"
Dusky Megapode_sound/Dusky Megapode17,D:\other\Bird\Dataset\CC0\Dusky Megapode_sound\Dusky Megapode17.mp3,D:\other\Bird\Code\data\kaggle_wav_cache\Dusky Megapode_sound\Dusky Megapode17.wav,converted,32000,1,124.5779375,"[mp3 @ 0000022daf6155c0] Estimating duration from bitrate, this may be inaccurate
"
Dusky Megapode_sound/Dusky Megapode19,D:\other\Bird\Dataset\CC0\Dusky Megapode_sound\Dusky Megapode19.mp3,D:\other\Bird\Code\data\kaggle_wav_cache\Dusky Megapode_sound\Dusky Megapode19.wav,converted,32000,1,8.32746875,
Dusky Megapode_sound/Dusky Megapode2,D:\other\Bird\Dataset\CC0\Dusky Megapode_sound\Dusky Megapode2.mp3,D:\other\Bird\Code\data\kaggle_wav_cache\Dusky Megapode_sound\Dusky Megapode2.wav,converted,32000,1,26.80165625,"[mp3 @ 0000023bd4de55c0] Estimating duration from bitrate, this may be inaccurate
"
Dusky Megapode_sound/Dusky Megapode18,D:\other\Bird\Dataset\CC0\Dusky Megapode_sound\Dusky Megapode18.mp3,D:\other\Bird\Code\data\kaggle_wav_cache\Dusky Megapode_sound\Dusky Megapode18.wav,converted,32000,1,124.5779375,"[mp3 @ 000002991f7255c0] Estimating duration from bitrate, this may be inaccurate
"
Dusky Megapode_sound/Dusky Megapode20,D:\other\Bird\Dataset\CC0\Dusky Megapode_sound\Dusky Megapode20.mp3,D:\other\Bird\Code\data\kaggle_wav_cache\Dusky Megapode_sound\Dusky Megapode20.wav,converted,32000,1,50.871375,
Dusky Megapode_sound/Dusky Megapode21,D:\other\Bird\Dataset\CC0\Dusky Megapode_sound\Dusky Megapode21.mp3,D:\other\Bird\Code\data\kaggle_wav_cache\Dusky Megapode_sound\Dusky Megapode21.wav,converted,32000,1,50.871375,
Dusky Megapode_sound/Dusky Megapode22,D:\other\Bird\Dataset\CC0\Dusky Megapode_sound\Dusky Megapode22.mp3,D:\other\Bird\Code\data\kaggle_wav_cache\Dusky Megapode_sound\Dusky Megapode22.wav,converted,32000,1,67.18696875,"[mp3 @ 00000241abb355c0] Estimating duration from bitrate, this may be inaccurate
"
Dusky Megapode_sound/Dusky Megapode23,D:\other\Bird\Dataset\CC0\Dusky Megapode_sound\Dusky Megapode23.mp3,D:\other\Bird\Code\data\kaggle_wav_cache\Dusky Megapode_sound\Dusky Megapode23.wav,converted,32000,1,67.18696875,"[mp3 @ 000001f68db455c0] Estimating duration from bitrate, this may be inaccurate
"
Dusky Megapode_sound/Dusky Megapode24,D:\other\Bird\Dataset\CC0\Dusky Megapode_sound\Dusky Megapode24.mp3,D:\other\Bird\Code\data\kaggle_wav_cache\Dusky Megapode_sound\Dusky Megapode24.wav,converted,32000,1,67.18696875,"[mp3 @ 00000194715855c0] Estimating duration from bitrate, this may be inaccurate
"
Dusky Megapode_sound/Dusky Megapode25,D:\other\Bird\Dataset\CC0\Dusky Megapode_sound\Dusky Megapode25.mp3,D:\other\Bird\Code\data\kaggle_wav_cache\Dusky Megapode_sound\Dusky Megapode25.wav,converted,32000,1,67.18696875,"[mp3 @ 0000021a20a555c0] Estimating duration from bitrate, this may be inaccurate
"
Dusky Megapode_sound/Dusky Megapode26,D:\other\Bird\Dataset\CC0\Dusky Megapode_sound\Dusky Megapode26.mp3,D:\other\Bird\Code\data\kaggle_wav_cache\Dusky Megapode_sound\Dusky Megapode26.wav,converted,32000,1,4.5,
Dusky Megapode_sound/Dusky Megapode27,D:\other\Bird\Dataset\CC0\Dusky Megapode_sound\Dusky Megapode27.mp3,D:\other\Bird\Code\data\kaggle_wav_cache\Dusky Megapode_sound\Dusky Megapode27.wav,converted,32000,1,6.0,
Dusky Megapode_sound/Dusky Megapode28,D:\other\Bird\Dataset\CC0\Dusky Megapode_sound\Dusky Megapode28.mp3,D:\other\Bird\Code\data\kaggle_wav_cache\Dusky Megapode_sound\Dusky Megapode28.wav,converted,32000,1,6.0,
Dusky Megapode_sound/Dusky Megapode29,D:\other\Bird\Dataset\CC0\Dusky Megapode_sound\Dusky Megapode29.mp3,D:\other\Bird\Code\data\kaggle_wav_cache\Dusky Megapode_sound\Dusky Megapode29.wav,converted,32000,1,6.0,
Dusky Megapode_sound/Dusky Megapode3,D:\other\Bird\Dataset\CC0\Dusky Megapode_sound\Dusky Megapode3.mp3,D:\other\Bird\Code\data\kaggle_wav_cache\Dusky Megapode_sound\Dusky Megapode3.wav,converted,32000,1,26.80165625,"[mp3 @ 00000198c6dd55c0] Estimating duration from bitrate, this may be inaccurate
"
Dusky Megapode_sound/Dusky Megapode30,D:\other\Bird\Dataset\CC0\Dusky Megapode_sound\Dusky Megapode30.mp3,D:\other\Bird\Code\data\kaggle_wav_cache\Dusky Megapode_sound\Dusky Megapode30.wav,converted,32000,1,6.0,
Dusky Megapode_sound/Dusky Megapode31,D:\other\Bird\Dataset\CC0\Dusky Megapode_sound\Dusky Megapode31.mp3,D:\other\Bird\Code\data\kaggle_wav_cache\Dusky Megapode_sound\Dusky Megapode31.wav,converted,32000,1,6.0,
Dusky Megapode_sound/Dusky Megapode4,D:\other\Bird\Dataset\CC0\Dusky Megapode_sound\Dusky Megapode4.mp3,D:\other\Bird\Code\data\kaggle_wav_cache\Dusky Megapode_sound\Dusky Megapode4.wav,converted,32000,1,26.80165625,"[mp3 @ 0000011cdaa255c0] Estimating duration from bitrate, this may be inaccurate
"
Dusky Megapode_sound/Dusky Megapode5,D:\other\Bird\Dataset\CC0\Dusky Megapode_sound\Dusky Megapode5.mp3,D:\other\Bird\Code\data\kaggle_wav_cache\Dusky Megapode_sound\Dusky Megapode5.wav,converted,32000,1,26.80165625,"[mp3 @ 000001fe394655c0] Estimating duration from bitrate, this may be inaccurate
"
Dusky Megapode_sound/Dusky Megapode6,D:\other\Bird\Dataset\CC0\Dusky Megapode_sound\Dusky Megapode6.mp3,D:\other\Bird\Code\data\kaggle_wav_cache\Dusky Megapode_sound\Dusky Megapode6.wav,converted,32000,1,26.80165625,"[mp3 @ 000001c1a29955c0] Estimating duration from bitrate, this may be inaccurate
"
Dusky Megapode_sound/Dusky Megapode7,D:\other\Bird\Dataset\CC0\Dusky Megapode_sound\Dusky Megapode7.mp3,D:\other\Bird\Code\data\kaggle_wav_cache\Dusky Megapode_sound\Dusky Megapode7.wav,converted,32000,1,26.80165625,"[mp3 @ 0000020c366355c0] Estimating duration from bitrate, this may be inaccurate
"
Dusky Megapode_sound/Dusky Megapode8,D:\other\Bird\Dataset\CC0\Dusky Megapode_sound\Dusky Megapode8.mp3,D:\other\Bird\Code\data\kaggle_wav_cache\Dusky Megapode_sound\Dusky Megapode8.wav,converted,32000,1,26.80165625,"[mp3 @ 0000018db49c55c0] Estimating duration from bitrate, this may be inaccurate
"
Dusky Megapode_sound/Dusky Megapode9,D:\other\Bird\Dataset\CC0\Dusky Megapode_sound\Dusky Megapode9.mp3,D:\other\Bird\Code\data\kaggle_wav_cache\Dusky Megapode_sound\Dusky Megapode9.wav,converted,32000,1,26.80165625,"[mp3 @ 000002632cca55c0] Estimating duration from bitrate, this may be inaccurate
"
Dusky-legged Guan_sound/Dusky-legged Guan10,D:\other\Bird\Dataset\CC0\Dusky-legged Guan_sound\Dusky-legged Guan10.mp3,D:\other\Bird\Code\data\kaggle_wav_cache\Dusky-legged Guan_sound\Dusky-legged Guan10.wav,converted,32000,1,51.84,"[mp3 @ 000001c7cca65600] Estimating duration from bitrate, this may be inaccurate
"
Dusky-legged Guan_sound/Dusky-legged Guan11,D:\other\Bird\Dataset\CC0\Dusky-legged Guan_sound\Dusky-legged Guan11.mp3,D:\other\Bird\Code\data\kaggle_wav_cache\Dusky-legged Guan_sound\Dusky-legged Guan11.wav,converted,32000,1,74.232,"[mp3 @ 0000025b1ded5600] Estimating duration from bitrate, this may be inaccurate
"
Dusky-legged Guan_sound/Dusky-legged Guan12,D:\other\Bird\Dataset\CC0\Dusky-legged Guan_sound\Dusky-legged Guan12.mp3,D:\other\Bird\Code\data\kaggle_wav_cache\Dusky-legged Guan_sound\Dusky-legged Guan12.wav,converted,32000,1,74.232,"[mp3 @ 00000224896f5600] Estimating duration from bitrate, this may be inaccurate
"
Dusky-legged Guan_sound/Dusky-legged Guan13,D:\other\Bird\Dataset\CC0\Dusky-legged Guan_sound\Dusky-legged Guan13.mp3,D:\other\Bird\Code\data\kaggle_wav_cache\Dusky-legged Guan_sound\Dusky-legged Guan13.wav,converted,32000,1,71.0879375,
Dusky-legged Guan_sound/Dusky-legged Guan15,D:\other\Bird\Dataset\CC0\Dusky-legged Guan_sound\Dusky-legged Guan15.mp3,D:\other\Bird\Code\data\kaggle_wav_cache\Dusky-legged Guan_sound\Dusky-legged Guan15.wav,converted,32000,1,7.57553125,"[mp3 @ 000001fa7c305600] Estimating duration from bitrate, this may be inaccurate
"
Dusky-legged Guan_sound/Dusky-legged Guan14,D:\other\Bird\Dataset\CC0\Dusky-legged Guan_sound\Dusky-legged Guan14.mp3,D:\other\Bird\Code\data\kaggle_wav_cache\Dusky-legged Guan_sound\Dusky-legged Guan14.wav,converted,32000,1,71.0879375,
Dusky-legged Guan_sound/Dusky-legged Guan16,D:\other\Bird\Dataset\CC0\Dusky-legged Guan_sound\Dusky-legged Guan16.mp3,D:\other\Bird\Code\data\kaggle_wav_cache\Dusky-legged Guan_sound\Dusky-legged Guan16.wav,converted,32000,1,9.32571875,"[mp3 @ 000001c84a735600] Estimating duration from bitrate, this may be inaccurate
"
Dusky-legged Guan_sound/Dusky-legged Guan17,D:\other\Bird\Dataset\CC0\Dusky-legged Guan_sound\Dusky-legged Guan17.mp3,D:\other\Bird\Code\data\kaggle_wav_cache\Dusky-legged Guan_sound\Dusky-legged Guan17.wav,converted,32000,1,70.68909375,
Dusky-legged Guan_sound/Dusky-legged Guan18,D:\other\Bird\Dataset\CC0\Dusky-legged Guan_sound\Dusky-legged Guan18.mp3,D:\other\Bird\Code\data\kaggle_wav_cache\Dusky-legged Guan_sound\Dusky-legged Guan18.wav,converted,32000,1,29.7215625,
Dusky-legged Guan_sound/Dusky-legged Guan19,D:\other\Bird\Dataset\CC0\Dusky-legged Guan_sound\Dusky-legged Guan19.mp3,D:\other\Bird\Code\data\kaggle_wav_cache\Dusky-legged Guan_sound\Dusky-legged Guan19.wav,converted,32000,1,29.7215625,
Dusky-legged Guan_sound/Dusky-legged Guan2,D:\other\Bird\Dataset\CC0\Dusky-legged Guan_sound\Dusky-legged Guan2.mp3,D:\other\Bird\Code\data\kaggle_wav_cache\Dusky-legged Guan_sound\Dusky-legged Guan2.wav,converted,32000,1,59.4,"[mp3 @ 000001a3f3ff5600] Estimating duration from bitrate, this may be inaccurate
"
Dusky-legged Guan_sound/Dusky-legged Guan20,D:\other\Bird\Dataset\CC0\Dusky-legged Guan_sound\Dusky-legged Guan20.mp3,D:\other\Bird\Code\data\kaggle_wav_cache\Dusky-legged Guan_sound\Dusky-legged Guan20.wav,converted,32000,1,29.7215625,
Dusky-legged Guan_sound/Dusky-legged Guan21,D:\other\Bird\Dataset\CC0\Dusky-legged Guan_sound\Dusky-legged Guan21.mp3,D:\other\Bird\Code\data\kaggle_wav_cache\Dusky-legged Guan_sound\Dusky-legged Guan21.wav,converted,32000,1,72.696,"[mp3 @ 0000020c8fb15600] Estimating duration from bitrate, this may be inaccurate
"
Dusky-legged Guan_sound/Dusky-legged Guan23,D:\other\Bird\Dataset\CC0\Dusky-legged Guan_sound\Dusky-legged Guan23.mp3,D:\other\Bird\Code\data\kaggle_wav_cache\Dusky-legged Guan_sound\Dusky-legged Guan23.wav,converted,32000,1,19.226125,"[mp3 @ 000001c625b95600] Estimating duration from bitrate, this may be inaccurate
"
Dusky-legged Guan_sound/Dusky-legged Guan22,D:\other\Bird\Dataset\CC0\Dusky-legged Guan_sound\Dusky-legged Guan22.mp3,D:\other\Bird\Code\data\kaggle_wav_cache\Dusky-legged Guan_sound\Dusky-legged Guan22.wav,converted,32000,1,72.696,"[mp3 @ 00000267c2155600] Estimating duration from bitrate, this may be inaccurate
"
Dusky-legged Guan_sound/Dusky-legged Guan24,D:\other\Bird\Dataset\CC0\Dusky-legged Guan_sound\Dusky-legged Guan24.mp3,D:\other\Bird\Code\data\kaggle_wav_cache\Dusky-legged Guan_sound\Dusky-legged Guan24.wav,converted,32000,1,26.616,"[mp3 @ 000001b224bc5600] Estimating duration from bitrate, this may be inaccurate
"
Dusky-legged Guan_sound/Dusky-legged Guan25,D:\other\Bird\Dataset\CC0\Dusky-legged Guan_sound\Dusky-legged Guan25.mp3,D:\other\Bird\Code\data\kaggle_wav_cache\Dusky-legged Guan_sound\Dusky-legged Guan25.wav,converted,32000,1,26.616,"[mp3 @ 000001f692e15600] Estimating duration from bitrate, this may be inaccurate
"
Dusky-legged Guan_sound/Dusky-legged Guan26,D:\other\Bird\Dataset\CC0\Dusky-legged Guan_sound\Dusky-legged Guan26.mp3,D:\other\Bird\Code\data\kaggle_wav_cache\Dusky-legged Guan_sound\Dusky-legged Guan26.wav,converted,32000,1,26.616,"[mp3 @ 0000018395485600] Estimating duration from bitrate, this may be inaccurate
"
Dusky-legged Guan_sound/Dusky-legged Guan27,D:\other\Bird\Dataset\CC0\Dusky-legged Guan_sound\Dusky-legged Guan27.mp3,D:\other\Bird\Code\data\kaggle_wav_cache\Dusky-legged Guan_sound\Dusky-legged Guan27.wav,converted,32000,1,26.616,"[mp3 @ 000001bb51a75600] Estimating duration from bitrate, this may be inaccurate
"
Dusky-legged Guan_sound/Dusky-legged Guan28,D:\other\Bird\Dataset\CC0\Dusky-legged Guan_sound\Dusky-legged Guan28.mp3,D:\other\Bird\Code\data\kaggle_wav_cache\Dusky-legged Guan_sound\Dusky-legged Guan28.wav,converted,32000,1,26.616,"[mp3 @ 000002144a795600] Estimating duration from bitrate, this may be inaccurate
"
Dusky-legged Guan_sound/Dusky-legged Guan29,D:\other\Bird\Dataset\CC0\Dusky-legged Guan_sound\Dusky-legged Guan29.mp3,D:\other\Bird\Code\data\kaggle_wav_cache\Dusky-legged Guan_sound\Dusky-legged Guan29.wav,converted,32000,1,26.616,"[mp3 @ 000001c086235600] Estimating duration from bitrate, this may be inaccurate
"
Dusky-legged Guan_sound/Dusky-legged Guan3,D:\other\Bird\Dataset\CC0\Dusky-legged Guan_sound\Dusky-legged Guan3.mp3,D:\other\Bird\Code\data\kaggle_wav_cache\Dusky-legged Guan_sound\Dusky-legged Guan3.wav,converted,32000,1,58.64490625,"[mp3 @ 000001fca0db5600] Estimating duration from bitrate, this may be inaccurate
"
Dusky-legged Guan_sound/Dusky-legged Guan30,D:\other\Bird\Dataset\CC0\Dusky-legged Guan_sound\Dusky-legged Guan30.mp3,D:\other\Bird\Code\data\kaggle_wav_cache\Dusky-legged Guan_sound\Dusky-legged Guan30.wav,converted,32000,1,66.504,"[mp3 @ 000002c9b5175600] Estimating duration from bitrate, this may be inaccurate
"
Dusky-legged Guan_sound/Dusky-legged Guan4,D:\other\Bird\Dataset\CC0\Dusky-legged Guan_sound\Dusky-legged Guan4.mp3,D:\other\Bird\Code\data\kaggle_wav_cache\Dusky-legged Guan_sound\Dusky-legged Guan4.wav,converted,32000,1,22.88328125,"[mp3 @ 0000028555425600] Estimating duration from bitrate, this may be inaccurate
"
Dusky-legged Guan_sound/Dusky-legged Guan31,D:\other\Bird\Dataset\CC0\Dusky-legged Guan_sound\Dusky-legged Guan31.mp3,D:\other\Bird\Code\data\kaggle_wav_cache\Dusky-legged Guan_sound\Dusky-legged Guan31.wav,converted,32000,1,171.32396875,
Dusky-legged Guan_sound/Dusky-legged Guan5,D:\other\Bird\Dataset\CC0\Dusky-legged Guan_sound\Dusky-legged Guan5.mp3,D:\other\Bird\Code\data\kaggle_wav_cache\Dusky-legged Guan_sound\Dusky-legged Guan5.wav,converted,32000,1,38.736,"[mp3 @ 000002750c535600] Estimating duration from bitrate, this may be inaccurate
"
Dusky-legged Guan_sound/Dusky-legged Guan6,D:\other\Bird\Dataset\CC0\Dusky-legged Guan_sound\Dusky-legged Guan6.mp3,D:\other\Bird\Code\data\kaggle_wav_cache\Dusky-legged Guan_sound\Dusky-legged Guan6.wav,converted,32000,1,38.736,"[mp3 @ 000001f6ead95600] Estimating duration from bitrate, this may be inaccurate
"
Dusky-legged Guan_sound/Dusky-legged Guan7,D:\other\Bird\Dataset\CC0\Dusky-legged Guan_sound\Dusky-legged Guan7.mp3,D:\other\Bird\Code\data\kaggle_wav_cache\Dusky-legged Guan_sound\Dusky-legged Guan7.wav,converted,32000,1,38.736,"[mp3 @ 000001a7f0d85600] Estimating duration from bitrate, this may be inaccurate
"
Dusky-legged Guan_sound/Dusky-legged Guan8,D:\other\Bird\Dataset\CC0\Dusky-legged Guan_sound\Dusky-legged Guan8.mp3,D:\other\Bird\Code\data\kaggle_wav_cache\Dusky-legged Guan_sound\Dusky-legged Guan8.wav,converted,32000,1,38.736,"[mp3 @ 000002b2f2575600] Estimating duration from bitrate, this may be inaccurate
"
Dusky-legged Guan_sound/Dusky-legged Guan9,D:\other\Bird\Dataset\CC0\Dusky-legged Guan_sound\Dusky-legged Guan9.mp3,D:\other\Bird\Code\data\kaggle_wav_cache\Dusky-legged Guan_sound\Dusky-legged Guan9.wav,converted,32000,1,38.736,"[mp3 @ 000001ea8b245600] Estimating duration from bitrate, this may be inaccurate
"
Dwarf Cassowary_sound/Dwarf Cassowary2,D:\other\Bird\Dataset\CC0\Dwarf Cassowary_sound\Dwarf Cassowary2.mp3,D:\other\Bird\Code\data\kaggle_wav_cache\Dwarf Cassowary_sound\Dwarf Cassowary2.wav,converted,32000,1,9.32115625,
Dwarf Cassowary_sound/Dwarf Cassowary3,D:\other\Bird\Dataset\CC0\Dwarf Cassowary_sound\Dwarf Cassowary3.mp3,D:\other\Bird\Code\data\kaggle_wav_cache\Dwarf Cassowary_sound\Dwarf Cassowary3.wav,converted,32000,1,15.09878125,"[mp3 @ 0000018b57d855c0] Estimating duration from bitrate, this may be inaccurate
"
Dwarf Tinamou_sound/Dwarf Tinamou10,D:\other\Bird\Dataset\CC0\Dwarf Tinamou_sound\Dwarf Tinamou10.mp3,D:\other\Bird\Code\data\kaggle_wav_cache\Dwarf Tinamou_sound\Dwarf Tinamou10.wav,converted,32000,1,24.81634375,"[mp3 @ 000001edd3ca55c0] Estimating duration from bitrate, this may be inaccurate
"
Dwarf Tinamou_sound/Dwarf Tinamou11,D:\other\Bird\Dataset\CC0\Dwarf Tinamou_sound\Dwarf Tinamou11.mp3,D:\other\Bird\Code\data\kaggle_wav_cache\Dwarf Tinamou_sound\Dwarf Tinamou11.wav,converted,32000,1,24.81634375,"[mp3 @ 000002851f1855c0] Estimating duration from bitrate, this may be inaccurate
"
Dwarf Tinamou_sound/Dwarf Tinamou12,D:\other\Bird\Dataset\CC0\Dwarf Tinamou_sound\Dwarf Tinamou12.mp3,D:\other\Bird\Code\data\kaggle_wav_cache\Dwarf Tinamou_sound\Dwarf Tinamou12.wav,converted,32000,1,31.62159375,
Dwarf Tinamou_sound/Dwarf Tinamou13,D:\other\Bird\Dataset\CC0\Dwarf Tinamou_sound\Dwarf Tinamou13.mp3,D:\other\Bird\Code\data\kaggle_wav_cache\Dwarf Tinamou_sound\Dwarf Tinamou13.wav,converted,32000,1,31.62159375,
Dwarf Tinamou_sound/Dwarf Tinamou15,D:\other\Bird\Dataset\CC0\Dwarf Tinamou_sound\Dwarf Tinamou15.mp3,D:\other\Bird\Code\data\kaggle_wav_cache\Dwarf Tinamou_sound\Dwarf Tinamou15.wav,converted,32000,1,4.39409375,
Dwarf Tinamou_sound/Dwarf Tinamou14,D:\other\Bird\Dataset\CC0\Dwarf Tinamou_sound\Dwarf Tinamou14.mp3,D:\other\Bird\Code\data\kaggle_wav_cache\Dwarf Tinamou_sound\Dwarf Tinamou14.wav,converted,32000,1,46.9420625,"[mp3 @ 000001b5d24055c0] Estimating duration from bitrate, this may be inaccurate
"
Dwarf Tinamou_sound/Dwarf Tinamou16,D:\other\Bird\Dataset\CC0\Dwarf Tinamou_sound\Dwarf Tinamou16.mp3,D:\other\Bird\Code\data\kaggle_wav_cache\Dwarf Tinamou_sound\Dwarf Tinamou16.wav,converted,32000,1,14.52409375,"[mp3 @ 00000203acf155c0] Estimating duration from bitrate, this may be inaccurate
"
Dwarf Tinamou_sound/Dwarf Tinamou17,D:\other\Bird\Dataset\CC0\Dwarf Tinamou_sound\Dwarf Tinamou17.mp3,D:\other\Bird\Code\data\kaggle_wav_cache\Dwarf Tinamou_sound\Dwarf Tinamou17.wav,converted,32000,1,38.08653125,"[mp3 @ 000001d1ecdd55c0] Estimating duration from bitrate, this may be inaccurate
"
Dwarf Tinamou_sound/Dwarf Tinamou18,D:\other\Bird\Dataset\CC0\Dwarf Tinamou_sound\Dwarf Tinamou18.mp3,D:\other\Bird\Code\data\kaggle_wav_cache\Dwarf Tinamou_sound\Dwarf Tinamou18.wav,converted,32000,1,40.28084375,"[mp3 @ 000002db73b755c0] Estimating duration from bitrate, this may be inaccurate
"
Dwarf Tinamou_sound/Dwarf Tinamou19,D:\other\Bird\Dataset\CC0\Dwarf Tinamou_sound\Dwarf Tinamou19.mp3,D:\other\Bird\Code\data\kaggle_wav_cache\Dwarf Tinamou_sound\Dwarf Tinamou19.wav,converted,32000,1,39.9935,"[mp3 @ 00000212f49d55c0] Estimating duration from bitrate, this may be inaccurate
"
Dwarf Tinamou_sound/Dwarf Tinamou2,D:\other\Bird\Dataset\CC0\Dwarf Tinamou_sound\Dwarf Tinamou2.mp3,D:\other\Bird\Code\data\kaggle_wav_cache\Dwarf Tinamou_sound\Dwarf Tinamou2.wav,converted,32000,1,188.342875,"[mp3 @ 0000026969b955c0] Estimating duration from bitrate, this may be inaccurate
"
Dwarf Tinamou_sound/Dwarf Tinamou20,D:\other\Bird\Dataset\CC0\Dwarf Tinamou_sound\Dwarf Tinamou20.mp3,D:\other\Bird\Code\data\kaggle_wav_cache\Dwarf Tinamou_sound\Dwarf Tinamou20.wav,converted,32000,1,14.08,"[mp3 @ 000001a18dd655c0] Estimating duration from bitrate, this may be inaccurate
"
Dwarf Tinamou_sound/Dwarf Tinamou21,D:\other\Bird\Dataset\CC0\Dwarf Tinamou_sound\Dwarf Tinamou21.mp3,D:\other\Bird\Code\data\kaggle_wav_cache\Dwarf Tinamou_sound\Dwarf Tinamou21.wav,converted,32000,1,14.08,"[mp3 @ 000002732fdc55c0] Estimating duration from bitrate, this may be inaccurate
"
Dwarf Tinamou_sound/Dwarf Tinamou22,D:\other\Bird\Dataset\CC0\Dwarf Tinamou_sound\Dwarf Tinamou22.mp3,D:\other\Bird\Code\data\kaggle_wav_cache\Dwarf Tinamou_sound\Dwarf Tinamou22.wav,converted,32000,1,14.08,"[mp3 @ 000001ec343b55c0] Estimating duration from bitrate, this may be inaccurate
"
Dwarf Tinamou_sound/Dwarf Tinamou23,D:\other\Bird\Dataset\CC0\Dwarf Tinamou_sound\Dwarf Tinamou23.mp3,D:\other\Bird\Code\data\kaggle_wav_cache\Dwarf Tinamou_sound\Dwarf Tinamou23.wav,converted,32000,1,14.08,"[mp3 @ 0000015cc59d55c0] Estimating duration from bitrate, this may be inaccurate
"
Dwarf Tinamou_sound/Dwarf Tinamou24,D:\other\Bird\Dataset\CC0\Dwarf Tinamou_sound\Dwarf Tinamou24.mp3,D:\other\Bird\Code\data\kaggle_wav_cache\Dwarf Tinamou_sound\Dwarf Tinamou24.wav,converted,32000,1,14.08,"[mp3 @ 000001e9d80055c0] Estimating duration from bitrate, this may be inaccurate
"
Dwarf Tinamou_sound/Dwarf Tinamou25,D:\other\Bird\Dataset\CC0\Dwarf Tinamou_sound\Dwarf Tinamou25.mp3,D:\other\Bird\Code\data\kaggle_wav_cache\Dwarf Tinamou_sound\Dwarf Tinamou25.wav,converted,32000,1,6.11265625,"[mp3 @ 000001ee693a55c0] Estimating duration from bitrate, this may be inaccurate
"
Dwarf Tinamou_sound/Dwarf Tinamou26,D:\other\Bird\Dataset\CC0\Dwarf Tinamou_sound\Dwarf Tinamou26.mp3,D:\other\Bird\Code\data\kaggle_wav_cache\Dwarf Tinamou_sound\Dwarf Tinamou26.wav,converted,32000,1,6.11265625,"[mp3 @ 0000022cc4bf55c0] Estimating duration from bitrate, this may be inaccurate
"
Dwarf Tinamou_sound/Dwarf Tinamou27,D:\other\Bird\Dataset\CC0\Dwarf Tinamou_sound\Dwarf Tinamou27.mp3,D:\other\Bird\Code\data\kaggle_wav_cache\Dwarf Tinamou_sound\Dwarf Tinamou27.wav,converted,32000,1,15.18690625,
Dwarf Tinamou_sound/Dwarf Tinamou28,D:\other\Bird\Dataset\CC0\Dwarf Tinamou_sound\Dwarf Tinamou28.mp3,D:\other\Bird\Code\data\kaggle_wav_cache\Dwarf Tinamou_sound\Dwarf Tinamou28.wav,converted,32000,1,34.09125,
Dwarf Tinamou_sound/Dwarf Tinamou29,D:\other\Bird\Dataset\CC0\Dwarf Tinamou_sound\Dwarf Tinamou29.mp3,D:\other\Bird\Code\data\kaggle_wav_cache\Dwarf Tinamou_sound\Dwarf Tinamou29.wav,converted,32000,1,19.13015625,
Dwarf Tinamou_sound/Dwarf Tinamou30,D:\other\Bird\Dataset\CC0\Dwarf Tinamou_sound\Dwarf Tinamou30.mp3,D:\other\Bird\Code\data\kaggle_wav_cache\Dwarf Tinamou_sound\Dwarf Tinamou30.wav,converted,32000,1,4.903,
Dwarf Tinamou_sound/Dwarf Tinamou3,D:\other\Bird\Dataset\CC0\Dwarf Tinamou_sound\Dwarf Tinamou3.mp3,D:\other\Bird\Code\data\kaggle_wav_cache\Dwarf Tinamou_sound\Dwarf Tinamou3.wav,converted,32000,1,188.342875,"[mp3 @ 000001ec6e4e55c0] Estimating duration from bitrate, this may be inaccurate
"
Dwarf Tinamou_sound/Dwarf Tinamou31,D:\other\Bird\Dataset\CC0\Dwarf Tinamou_sound\Dwarf Tinamou31.mp3,D:\other\Bird\Code\data\kaggle_wav_cache\Dwarf Tinamou_sound\Dwarf Tinamou31.wav,converted,32000,1,4.903,
Dwarf Tinamou_sound/Dwarf Tinamou4,D:\other\Bird\Dataset\CC0\Dwarf Tinamou_sound\Dwarf Tinamou4.mp3,D:\other\Bird\Code\data\kaggle_wav_cache\Dwarf Tinamou_sound\Dwarf Tinamou4.wav,converted,32000,1,26.14859375,"[mp3 @ 000001de591355c0] Estimating duration from bitrate, this may be inaccurate
"
Dwarf Tinamou_sound/Dwarf Tinamou5,D:\other\Bird\Dataset\CC0\Dwarf Tinamou_sound\Dwarf Tinamou5.mp3,D:\other\Bird\Code\data\kaggle_wav_cache\Dwarf Tinamou_sound\Dwarf Tinamou5.wav,converted,32000,1,26.14859375,"[mp3 @ 000001a05f4a55c0] Estimating duration from bitrate, this may be inaccurate
"
Dwarf Tinamou_sound/Dwarf Tinamou6,D:\other\Bird\Dataset\CC0\Dwarf Tinamou_sound\Dwarf Tinamou6.mp3,D:\other\Bird\Code\data\kaggle_wav_cache\Dwarf Tinamou_sound\Dwarf Tinamou6.wav,converted,32000,1,25.887375,"[mp3 @ 0000020308f055c0] Estimating duration from bitrate, this may be inaccurate
"
Dwarf Tinamou_sound/Dwarf Tinamou7,D:\other\Bird\Dataset\CC0\Dwarf Tinamou_sound\Dwarf Tinamou7.mp3,D:\other\Bird\Code\data\kaggle_wav_cache\Dwarf Tinamou_sound\Dwarf Tinamou7.wav,converted,32000,1,24.81634375,"[mp3 @ 000001c5ce0f55c0] Estimating duration from bitrate, this may be inaccurate
"
Dwarf Tinamou_sound/Dwarf Tinamou8,D:\other\Bird\Dataset\CC0\Dwarf Tinamou_sound\Dwarf Tinamou8.mp3,D:\other\Bird\Code\data\kaggle_wav_cache\Dwarf Tinamou_sound\Dwarf Tinamou8.wav,converted,32000,1,24.81634375,"[mp3 @ 00000264ad7955c0] Estimating duration from bitrate, this may be inaccurate
"
Dwarf Tinamou_sound/Dwarf Tinamou9,D:\other\Bird\Dataset\CC0\Dwarf Tinamou_sound\Dwarf Tinamou9.mp3,D:\other\Bird\Code\data\kaggle_wav_cache\Dwarf Tinamou_sound\Dwarf Tinamou9.wav,converted,32000,1,24.81634375,"[mp3 @ 0000024b3c9755c0] Estimating duration from bitrate, this may be inaccurate
"
East Brazilian Chachalaca_sound/East Brazilian Chachalaca11,D:\other\Bird\Dataset\CC0\East Brazilian Chachalaca_sound\East Brazilian Chachalaca11.mp3,D:\other\Bird\Code\data\kaggle_wav_cache\East Brazilian Chachalaca_sound\East Brazilian Chachalaca11.wav,converted,32000,1,23.30125,"[mp3 @ 0000017d3c4c56c0] Estimating duration from bitrate, this may be inaccurate
"
East Brazilian Chachalaca_sound/East Brazilian Chachalaca10,D:\other\Bird\Dataset\CC0\East Brazilian Chachalaca_sound\East Brazilian Chachalaca10.mp3,D:\other\Bird\Code\data\kaggle_wav_cache\East Brazilian Chachalaca_sound\East Brazilian Chachalaca10.wav,converted,32000,1,23.30125,"[mp3 @ 000001aa8f0956c0] Estimating duration from bitrate, this may be inaccurate
"
East Brazilian Chachalaca_sound/East Brazilian Chachalaca12,D:\other\Bird\Dataset\CC0\East Brazilian Chachalaca_sound\East Brazilian Chachalaca12.mp3,D:\other\Bird\Code\data\kaggle_wav_cache\East Brazilian Chachalaca_sound\East Brazilian Chachalaca12.wav,converted,32000,1,35.4743125,"[mp3 @ 000001c840e956c0] Estimating duration from bitrate, this may be inaccurate
"
East Brazilian Chachalaca_sound/East Brazilian Chachalaca13,D:\other\Bird\Dataset\CC0\East Brazilian Chachalaca_sound\East Brazilian Chachalaca13.mp3,D:\other\Bird\Code\data\kaggle_wav_cache\East Brazilian Chachalaca_sound\East Brazilian Chachalaca13.wav,converted,32000,1,94.56328125,"[mp3 @ 000001881d2356c0] Estimating duration from bitrate, this may be inaccurate
"
East Brazilian Chachalaca_sound/East Brazilian Chachalaca14,D:\other\Bird\Dataset\CC0\East Brazilian Chachalaca_sound\East Brazilian Chachalaca14.mp3,D:\other\Bird\Code\data\kaggle_wav_cache\East Brazilian Chachalaca_sound\East Brazilian Chachalaca14.wav,converted,32000,1,18.048,"[mp3 @ 000001c33d6056c0] Estimating duration from bitrate, this may be inaccurate
"
East Brazilian Chachalaca_sound/East Brazilian Chachalaca15,D:\other\Bird\Dataset\CC0\East Brazilian Chachalaca_sound\East Brazilian Chachalaca15.mp3,D:\other\Bird\Code\data\kaggle_wav_cache\East Brazilian Chachalaca_sound\East Brazilian Chachalaca15.wav,converted,32000,1,21.91675,"[mp3 @ 000002ec1cec56c0] Estimating duration from bitrate, this may be inaccurate
"
East Brazilian Chachalaca_sound/East Brazilian Chachalaca16,D:\other\Bird\Dataset\CC0\East Brazilian Chachalaca_sound\East Brazilian Chachalaca16.mp3,D:\other\Bird\Code\data\kaggle_wav_cache\East Brazilian Chachalaca_sound\East Brazilian Chachalaca16.wav,converted,32000,1,21.91675,"[mp3 @ 0000019c194356c0] Estimating duration from bitrate, this may be inaccurate
"
East Brazilian Chachalaca_sound/East Brazilian Chachalaca17,D:\other\Bird\Dataset\CC0\East Brazilian Chachalaca_sound\East Brazilian Chachalaca17.mp3,D:\other\Bird\Code\data\kaggle_wav_cache\East Brazilian Chachalaca_sound\East Brazilian Chachalaca17.wav,converted,32000,1,7.1836875,"[mp3 @ 000001cc26d656c0] Estimating duration from bitrate, this may be inaccurate
"
East Brazilian Chachalaca_sound/East Brazilian Chachalaca18,D:\other\Bird\Dataset\CC0\East Brazilian Chachalaca_sound\East Brazilian Chachalaca18.mp3,D:\other\Bird\Code\data\kaggle_wav_cache\East Brazilian Chachalaca_sound\East Brazilian Chachalaca18.wav,converted,32000,1,7.1836875,"[mp3 @ 000001a9c22256c0] Estimating duration from bitrate, this may be inaccurate
"
East Brazilian Chachalaca_sound/East Brazilian Chachalaca19,D:\other\Bird\Dataset\CC0\East Brazilian Chachalaca_sound\East Brazilian Chachalaca19.mp3,D:\other\Bird\Code\data\kaggle_wav_cache\East Brazilian Chachalaca_sound\East Brazilian Chachalaca19.wav,converted,32000,1,7.1836875,"[mp3 @ 0000021a1a0b56c0] Estimating duration from bitrate, this may be inaccurate
"
East Brazilian Chachalaca_sound/East Brazilian Chachalaca2,D:\other\Bird\Dataset\CC0\East Brazilian Chachalaca_sound\East Brazilian Chachalaca2.mp3,D:\other\Bird\Code\data\kaggle_wav_cache\East Brazilian Chachalaca_sound\East Brazilian Chachalaca2.wav,converted,32000,1,27.7943125,"[mp3 @ 000002ac137c56c0] Estimating duration from bitrate, this may be inaccurate
"
East Brazilian Chachalaca_sound/East Brazilian Chachalaca20,D:\other\Bird\Dataset\CC0\East Brazilian Chachalaca_sound\East Brazilian Chachalaca20.mp3,D:\other\Bird\Code\data\kaggle_wav_cache\East Brazilian Chachalaca_sound\East Brazilian Chachalaca20.wav,converted,32000,1,7.1836875,"[mp3 @ 000001796e1656c0] Estimating duration from bitrate, this may be inaccurate
"
East Brazilian Chachalaca_sound/East Brazilian Chachalaca21,D:\other\Bird\Dataset\CC0\East Brazilian Chachalaca_sound\East Brazilian Chachalaca21.mp3,D:\other\Bird\Code\data\kaggle_wav_cache\East Brazilian Chachalaca_sound\East Brazilian Chachalaca21.wav,converted,32000,1,7.1836875,"[mp3 @ 000002435b6b56c0] Estimating duration from bitrate, this may be inaccurate
"
East Brazilian Chachalaca_sound/East Brazilian Chachalaca22,D:\other\Bird\Dataset\CC0\East Brazilian Chachalaca_sound\East Brazilian Chachalaca22.mp3,D:\other\Bird\Code\data\kaggle_wav_cache\East Brazilian Chachalaca_sound\East Brazilian Chachalaca22.wav,converted,32000,1,32.235125,"[mp3 @ 000001ebae6056c0] Estimating duration from bitrate, this may be inaccurate
"
East Brazilian Chachalaca_sound/East Brazilian Chachalaca23,D:\other\Bird\Dataset\CC0\East Brazilian Chachalaca_sound\East Brazilian Chachalaca23.mp3,D:\other\Bird\Code\data\kaggle_wav_cache\East Brazilian Chachalaca_sound\East Brazilian Chachalaca23.wav,converted,32000,1,18.050625,"[mp3 @ 000001cf82e356c0] Estimating duration from bitrate, this may be inaccurate
"
East Brazilian Chachalaca_sound/East Brazilian Chachalaca3,D:\other\Bird\Dataset\CC0\East Brazilian Chachalaca_sound\East Brazilian Chachalaca3.mp3,D:\other\Bird\Code\data\kaggle_wav_cache\East Brazilian Chachalaca_sound\East Brazilian Chachalaca3.wav,converted,32000,1,27.7943125,"[mp3 @ 00000208e97256c0] Estimating duration from bitrate, this may be inaccurate
"
East Brazilian Chachalaca_sound/East Brazilian Chachalaca4,D:\other\Bird\Dataset\CC0\East Brazilian Chachalaca_sound\East Brazilian Chachalaca4.mp3,D:\other\Bird\Code\data\kaggle_wav_cache\East Brazilian Chachalaca_sound\East Brazilian Chachalaca4.wav,converted,32000,1,27.7943125,"[mp3 @ 000002c6ef8856c0] Estimating duration from bitrate, this may be inaccurate
"
East Brazilian Chachalaca_sound/East Brazilian Chachalaca5,D:\other\Bird\Dataset\CC0\East Brazilian Chachalaca_sound\East Brazilian Chachalaca5.mp3,D:\other\Bird\Code\data\kaggle_wav_cache\East Brazilian Chachalaca_sound\East Brazilian Chachalaca5.wav,converted,32000,1,27.7943125,"[mp3 @ 000002642f3f56c0] Estimating duration from bitrate, this may be inaccurate
"
East Brazilian Chachalaca_sound/East Brazilian Chachalaca6,D:\other\Bird\Dataset\CC0\East Brazilian Chachalaca_sound\East Brazilian Chachalaca6.mp3,D:\other\Bird\Code\data\kaggle_wav_cache\East Brazilian Chachalaca_sound\East Brazilian Chachalaca6.wav,converted,32000,1,27.7943125,"[mp3 @ 000001897fda56c0] Estimating duration from bitrate, this may be inaccurate
"
East Brazilian Chachalaca_sound/East Brazilian Chachalaca7,D:\other\Bird\Dataset\CC0\East Brazilian Chachalaca_sound\East Brazilian Chachalaca7.mp3,D:\other\Bird\Code\data\kaggle_wav_cache\East Brazilian Chachalaca_sound\East Brazilian Chachalaca7.wav,converted,32000,1,27.7943125,"[mp3 @ 000001aa34f556c0] Estimating duration from bitrate, this may be inaccurate
"
East Brazilian Chachalaca_sound/East Brazilian Chachalaca8,D:\other\Bird\Dataset\CC0\East Brazilian Chachalaca_sound\East Brazilian Chachalaca8.mp3,D:\other\Bird\Code\data\kaggle_wav_cache\East Brazilian Chachalaca_sound\East Brazilian Chachalaca8.wav,converted,32000,1,27.7943125,"[mp3 @ 0000012bb8e856c0] Estimating duration from bitrate, this may be inaccurate
"
East Brazilian Chachalaca_sound/East Brazilian Chachalaca9,D:\other\Bird\Dataset\CC0\East Brazilian Chachalaca_sound\East Brazilian Chachalaca9.mp3,D:\other\Bird\Code\data\kaggle_wav_cache\East Brazilian Chachalaca_sound\East Brazilian Chachalaca9.wav,converted,32000,1,23.30125,"[mp3 @ 000001fa59c956c0] Estimating duration from bitrate, this may be inaccurate
"
Elegant Crested Tinamou_sound/Elegant Crested Tinamou10,D:\other\Bird\Dataset\CC0\Elegant Crested Tinamou_sound\Elegant Crested Tinamou10.mp3,D:\other\Bird\Code\data\kaggle_wav_cache\Elegant Crested Tinamou_sound\Elegant Crested Tinamou10.wav,converted,32000,1,7.2620625,"[mp3 @ 00000180ae655640] Estimating duration from bitrate, this may be inaccurate
"
Elegant Crested Tinamou_sound/Elegant Crested Tinamou11,D:\other\Bird\Dataset\CC0\Elegant Crested Tinamou_sound\Elegant Crested Tinamou11.mp3,D:\other\Bird\Code\data\kaggle_wav_cache\Elegant Crested Tinamou_sound\Elegant Crested Tinamou11.wav,converted,32000,1,7.2620625,"[mp3 @ 0000023d9bdd5640] Estimating duration from bitrate, this may be inaccurate
"
Elegant Crested Tinamou_sound/Elegant Crested Tinamou12,D:\other\Bird\Dataset\CC0\Elegant Crested Tinamou_sound\Elegant Crested Tinamou12.mp3,D:\other\Bird\Code\data\kaggle_wav_cache\Elegant Crested Tinamou_sound\Elegant Crested Tinamou12.wav,converted,32000,1,3.3175625,"[mp3 @ 0000014ea8d85640] Estimating duration from bitrate, this may be inaccurate
"
Elegant Crested Tinamou_sound/Elegant Crested Tinamou13,D:\other\Bird\Dataset\CC0\Elegant Crested Tinamou_sound\Elegant Crested Tinamou13.mp3,D:\other\Bird\Code\data\kaggle_wav_cache\Elegant Crested Tinamou_sound\Elegant Crested Tinamou13.wav,converted,32000,1,2.795125,"[mp3 @ 00000284899a5640] Estimating duration from bitrate, this may be inaccurate
"
Elegant Crested Tinamou_sound/Elegant Crested Tinamou14,D:\other\Bird\Dataset\CC0\Elegant Crested Tinamou_sound\Elegant Crested Tinamou14.mp3,D:\other\Bird\Code\data\kaggle_wav_cache\Elegant Crested Tinamou_sound\Elegant Crested Tinamou14.wav,converted,32000,1,10.05715625,"[mp3 @ 000001756bfb5640] Estimating duration from bitrate, this may be inaccurate
"
Elegant Crested Tinamou_sound/Elegant Crested Tinamou15,D:\other\Bird\Dataset\CC0\Elegant Crested Tinamou_sound\Elegant Crested Tinamou15.mp3,D:\other\Bird\Code\data\kaggle_wav_cache\Elegant Crested Tinamou_sound\Elegant Crested Tinamou15.wav,converted,32000,1,10.05715625,"[mp3 @ 000001b0f0cb5640] Estimating duration from bitrate, this may be inaccurate
"
Elegant Crested Tinamou_sound/Elegant Crested Tinamou2,D:\other\Bird\Dataset\CC0\Elegant Crested Tinamou_sound\Elegant Crested Tinamou2.mp3,D:\other\Bird\Code\data\kaggle_wav_cache\Elegant Crested Tinamou_sound\Elegant Crested Tinamou2.wav,converted,32000,1,18.37809375,
Elegant Crested Tinamou_sound/Elegant Crested Tinamou3,D:\other\Bird\Dataset\CC0\Elegant Crested Tinamou_sound\Elegant Crested Tinamou3.mp3,D:\other\Bird\Code\data\kaggle_wav_cache\Elegant Crested Tinamou_sound\Elegant Crested Tinamou3.wav,converted,32000,1,21.4204375,"[mp3 @ 000001f7da375640] Estimating duration from bitrate, this may be inaccurate
"
Elegant Crested Tinamou_sound/Elegant Crested Tinamou4,D:\other\Bird\Dataset\CC0\Elegant Crested Tinamou_sound\Elegant Crested Tinamou4.mp3,D:\other\Bird\Code\data\kaggle_wav_cache\Elegant Crested Tinamou_sound\Elegant Crested Tinamou4.wav,converted,32000,1,9.7175625,"[mp3 @ 0000029ac11b5640] Estimating duration from bitrate, this may be inaccurate
"
Elegant Crested Tinamou_sound/Elegant Crested Tinamou5,D:\other\Bird\Dataset\CC0\Elegant Crested Tinamou_sound\Elegant Crested Tinamou5.mp3,D:\other\Bird\Code\data\kaggle_wav_cache\Elegant Crested Tinamou_sound\Elegant Crested Tinamou5.wav,converted,32000,1,9.2735,"[mp3 @ 000001e038615640] Estimating duration from bitrate, this may be inaccurate
"
Elegant Crested Tinamou_sound/Elegant Crested Tinamou6,D:\other\Bird\Dataset\CC0\Elegant Crested Tinamou_sound\Elegant Crested Tinamou6.mp3,D:\other\Bird\Code\data\kaggle_wav_cache\Elegant Crested Tinamou_sound\Elegant Crested Tinamou6.wav,converted,32000,1,20.7935,"[mp3 @ 0000017d85435640] Estimating duration from bitrate, this may be inaccurate
"
Elegant Crested Tinamou_sound/Elegant Crested Tinamou7,D:\other\Bird\Dataset\CC0\Elegant Crested Tinamou_sound\Elegant Crested Tinamou7.mp3,D:\other\Bird\Code\data\kaggle_wav_cache\Elegant Crested Tinamou_sound\Elegant Crested Tinamou7.wav,converted,32000,1,26.04409375,"[mp3 @ 00000241ea0d5640] Estimating duration from bitrate, this may be inaccurate
"
Elegant Crested Tinamou_sound/Elegant Crested Tinamou8,D:\other\Bird\Dataset\CC0\Elegant Crested Tinamou_sound\Elegant Crested Tinamou8.mp3,D:\other\Bird\Code\data\kaggle_wav_cache\Elegant Crested Tinamou_sound\Elegant Crested Tinamou8.wav,converted,32000,1,4.93715625,"[mp3 @ 0000028a14e85640] Estimating duration from bitrate, this may be inaccurate
"
Elegant Crested Tinamou_sound/Elegant Crested Tinamou9,D:\other\Bird\Dataset\CC0\Elegant Crested Tinamou_sound\Elegant Crested Tinamou9.mp3,D:\other\Bird\Code\data\kaggle_wav_cache\Elegant Crested Tinamou_sound\Elegant Crested Tinamou9.wav,converted,32000,1,7.2620625,"[mp3 @ 000002c1eda85640] Estimating duration from bitrate, this may be inaccurate
"
Emu_sound/Emu10,D:\other\Bird\Dataset\CC0\Emu_sound\Emu10.mp3,D:\other\Bird\Code\data\kaggle_wav_cache\Emu_sound\Emu10.wav,converted,32000,1,12.8519375,
Emu_sound/Emu11,D:\other\Bird\Dataset\CC0\Emu_sound\Emu11.mp3,D:\other\Bird\Code\data\kaggle_wav_cache\Emu_sound\Emu11.wav,converted,32000,1,3.5434375,
Emu_sound/Emu12,D:\other\Bird\Dataset\CC0\Emu_sound\Emu12.mp3,D:\other\Bird\Code\data\kaggle_wav_cache\Emu_sound\Emu12.wav,converted,32000,1,9.1864375,
Emu_sound/Emu13,D:\other\Bird\Dataset\CC0\Emu_sound\Emu13.mp3,D:\other\Bird\Code\data\kaggle_wav_cache\Emu_sound\Emu13.wav,converted,32000,1,18.812625,
Emu_sound/Emu14,D:\other\Bird\Dataset\CC0\Emu_sound\Emu14.mp3,D:\other\Bird\Code\data\kaggle_wav_cache\Emu_sound\Emu14.wav,converted,32000,1,18.812625,
Emu_sound/Emu15,D:\other\Bird\Dataset\CC0\Emu_sound\Emu15.mp3,D:\other\Bird\Code\data\kaggle_wav_cache\Emu_sound\Emu15.wav,converted,32000,1,8.3853125,"[mp3 @ 000001c3089455c0] Estimating duration from bitrate, this may be inaccurate
"
Emu_sound/Emu16,D:\other\Bird\Dataset\CC0\Emu_sound\Emu16.mp3,D:\other\Bird\Code\data\kaggle_wav_cache\Emu_sound\Emu16.wav,converted,32000,1,36.88740625,
Emu_sound/Emu17,D:\other\Bird\Dataset\CC0\Emu_sound\Emu17.mp3,D:\other\Bird\Code\data\kaggle_wav_cache\Emu_sound\Emu17.wav,converted,32000,1,13.464,"[mp3 @ 0000018f091155c0] Estimating duration from bitrate, this may be inaccurate
"
Emu_sound/Emu18,D:\other\Bird\Dataset\CC0\Emu_sound\Emu18.mp3,D:\other\Bird\Code\data\kaggle_wav_cache\Emu_sound\Emu18.wav,converted,32000,1,9.06965625,
Emu_sound/Emu2,D:\other\Bird\Dataset\CC0\Emu_sound\Emu2.mp3,D:\other\Bird\Code\data\kaggle_wav_cache\Emu_sound\Emu2.wav,converted,32000,1,37.79415625,
Emu_sound/Emu3,D:\other\Bird\Dataset\CC0\Emu_sound\Emu3.mp3,D:\other\Bird\Code\data\kaggle_wav_cache\Emu_sound\Emu3.wav,converted,32000,1,28.0,
Emu_sound/Emu4,D:\other\Bird\Dataset\CC0\Emu_sound\Emu4.mp3,D:\other\Bird\Code\data\kaggle_wav_cache\Emu_sound\Emu4.wav,converted,32000,1,27.4776875,
Emu_sound/Emu5,D:\other\Bird\Dataset\CC0\Emu_sound\Emu5.mp3,D:\other\Bird\Code\data\kaggle_wav_cache\Emu_sound\Emu5.wav,converted,32000,1,29.745375,
Emu_sound/Emu6,D:\other\Bird\Dataset\CC0\Emu_sound\Emu6.mp3,D:\other\Bird\Code\data\kaggle_wav_cache\Emu_sound\Emu6.wav,converted,32000,1,29.745375,
Emu_sound/Emu7,D:\other\Bird\Dataset\CC0\Emu_sound\Emu7.mp3,D:\other\Bird\Code\data\kaggle_wav_cache\Emu_sound\Emu7.wav,converted,32000,1,29.745375,
Emu_sound/Emu8,D:\other\Bird\Dataset\CC0\Emu_sound\Emu8.mp3,D:\other\Bird\Code\data\kaggle_wav_cache\Emu_sound\Emu8.wav,converted,32000,1,47.596125,
Emu_sound/Emu9,D:\other\Bird\Dataset\CC0\Emu_sound\Emu9.mp3,D:\other\Bird\Code\data\kaggle_wav_cache\Emu_sound\Emu9.wav,converted,32000,1,12.8519375,
Great Spotted Kiwi_sound/Great Spotted Kiwi2,D:\other\Bird\Dataset\CC0\Great Spotted Kiwi_sound\Great Spotted Kiwi2.mp3,D:\other\Bird\Code\data\kaggle_wav_cache\Great Spotted Kiwi_sound\Great Spotted Kiwi2.wav,converted,32000,1,44.9369375,"Guessed Channel Layout for Input Stream #0.0 : stereo
"
Great Spotted Kiwi_sound/Great Spotted Kiwi3,D:\other\Bird\Dataset\CC0\Great Spotted Kiwi_sound\Great Spotted Kiwi3.mp3,D:\other\Bird\Code\data\kaggle_wav_cache\Great Spotted Kiwi_sound\Great Spotted Kiwi3.wav,converted,32000,1,68.3595625,
Great Spotted Kiwi_sound/Great Spotted Kiwi4,D:\other\Bird\Dataset\CC0\Great Spotted Kiwi_sound\Great Spotted Kiwi4.mp3,D:\other\Bird\Code\data\kaggle_wav_cache\Great Spotted Kiwi_sound\Great Spotted Kiwi4.wav,converted,32000,1,31.71265625,"[mp3 @ 0000015a02565600] Estimating duration from bitrate, this may be inaccurate
"
Great Spotted Kiwi_sound/Great Spotted Kiwi5,D:\other\Bird\Dataset\CC0\Great Spotted Kiwi_sound\Great Spotted Kiwi5.mp3,D:\other\Bird\Code\data\kaggle_wav_cache\Great Spotted Kiwi_sound\Great Spotted Kiwi5.wav,converted,32000,1,21.81225,"[mp3 @ 000001ed275e5600] Estimating duration from bitrate, this may be inaccurate
"
Great Spotted Kiwi_sound/Great Spotted Kiwi6,D:\other\Bird\Dataset\CC0\Great Spotted Kiwi_sound\Great Spotted Kiwi6.mp3,D:\other\Bird\Code\data\kaggle_wav_cache\Great Spotted Kiwi_sound\Great Spotted Kiwi6.wav,converted,32000,1,25.2604375,"[mp3 @ 0000023dd4b35600] Estimating duration from bitrate, this may be inaccurate
"
Great Spotted Kiwi_sound/Great Spotted Kiwi7,D:\other\Bird\Dataset\CC0\Great Spotted Kiwi_sound\Great Spotted Kiwi7.mp3,D:\other\Bird\Code\data\kaggle_wav_cache\Great Spotted Kiwi_sound\Great Spotted Kiwi7.wav,converted,32000,1,14.3935,"[mp3 @ 00000176cc825600] Estimating duration from bitrate, this may be inaccurate
"
Great Spotted Kiwi_sound/Great Spotted Kiwi8,D:\other\Bird\Dataset\CC0\Great Spotted Kiwi_sound\Great Spotted Kiwi8.mp3,D:\other\Bird\Code\data\kaggle_wav_cache\Great Spotted Kiwi_sound\Great Spotted Kiwi8.wav,converted,32000,1,19.56571875,"[mp3 @ 000002bc41eb5600] Estimating duration from bitrate, this may be inaccurate
"
Great Tinamou_sound/Great Tinamou11,D:\other\Bird\Dataset\CC0\Great Tinamou_sound\Great Tinamou11.mp3,D:\other\Bird\Code\data\kaggle_wav_cache\Great Tinamou_sound\Great Tinamou11.wav,converted,32000,1,12.3036875,"[mp3 @ 000001e85fcb55c0] Estimating duration from bitrate, this may be inaccurate
"
Great Tinamou_sound/Great Tinamou12,D:\other\Bird\Dataset\CC0\Great Tinamou_sound\Great Tinamou12.mp3,D:\other\Bird\Code\data\kaggle_wav_cache\Great Tinamou_sound\Great Tinamou12.wav,converted,32000,1,74.318375,"[mp3 @ 0000018c3ee855c0] Estimating duration from bitrate, this may be inaccurate
"
Great Tinamou_sound/Great Tinamou10,D:\other\Bird\Dataset\CC0\Great Tinamou_sound\Great Tinamou10.mp3,D:\other\Bird\Code\data\kaggle_wav_cache\Great Tinamou_sound\Great Tinamou10.wav,converted,32000,1,227.10578125,
Great Tinamou_sound/Great Tinamou13,D:\other\Bird\Dataset\CC0\Great Tinamou_sound\Great Tinamou13.mp3,D:\other\Bird\Code\data\kaggle_wav_cache\Great Tinamou_sound\Great Tinamou13.wav,converted,32000,1,26.51971875,
Great Tinamou_sound/Great Tinamou14,D:\other\Bird\Dataset\CC0\Great Tinamou_sound\Great Tinamou14.mp3,D:\other\Bird\Code\data\kaggle_wav_cache\Great Tinamou_sound\Great Tinamou14.wav,converted,32000,1,45.2435625,
Great Tinamou_sound/Great Tinamou15,D:\other\Bird\Dataset\CC0\Great Tinamou_sound\Great Tinamou15.mp3,D:\other\Bird\Code\data\kaggle_wav_cache\Great Tinamou_sound\Great Tinamou15.wav,converted,32000,1,90.59175,
Great Tinamou_sound/Great Tinamou16,D:\other\Bird\Dataset\CC0\Great Tinamou_sound\Great Tinamou16.mp3,D:\other\Bird\Code\data\kaggle_wav_cache\Great Tinamou_sound\Great Tinamou16.wav,converted,32000,1,25.776,"[mp3 @ 0000022a29a755c0] Estimating duration from bitrate, this may be inaccurate
"
Great Tinamou_sound/Great Tinamou17,D:\other\Bird\Dataset\CC0\Great Tinamou_sound\Great Tinamou17.mp3,D:\other\Bird\Code\data\kaggle_wav_cache\Great Tinamou_sound\Great Tinamou17.wav,converted,32000,1,49.416,"[mp3 @ 0000025a42d555c0] Estimating duration from bitrate, this may be inaccurate
"
Great Tinamou_sound/Great Tinamou18,D:\other\Bird\Dataset\CC0\Great Tinamou_sound\Great Tinamou18.mp3,D:\other\Bird\Code\data\kaggle_wav_cache\Great Tinamou_sound\Great Tinamou18.wav,converted,32000,1,15.72,"[mp3 @ 0000012ab2b055c0] Estimating duration from bitrate, this may be inaccurate
"
Great Tinamou_sound/Great Tinamou19,D:\other\Bird\Dataset\CC0\Great Tinamou_sound\Great Tinamou19.mp3,D:\other\Bird\Code\data\kaggle_wav_cache\Great Tinamou_sound\Great Tinamou19.wav,converted,32000,1,15.72,"[mp3 @ 0000019c056455c0] Estimating duration from bitrate, this may be inaccurate
"
Great Tinamou_sound/Great Tinamou20,D:\other\Bird\Dataset\CC0\Great Tinamou_sound\Great Tinamou20.mp3,D:\other\Bird\Code\data\kaggle_wav_cache\Great Tinamou_sound\Great Tinamou20.wav,converted,32000,1,34.742875,"[mp3 @ 0000029045bd55c0] Estimating duration from bitrate, this may be inaccurate
"
Great Tinamou_sound/Great Tinamou2,D:\other\Bird\Dataset\CC0\Great Tinamou_sound\Great Tinamou2.mp3,D:\other\Bird\Code\data\kaggle_wav_cache\Great Tinamou_sound\Great Tinamou2.wav,converted,32000,1,91.6699375,
Great Tinamou_sound/Great Tinamou21,D:\other\Bird\Dataset\CC0\Great Tinamou_sound\Great Tinamou21.mp3,D:\other\Bird\Code\data\kaggle_wav_cache\Great Tinamou_sound\Great Tinamou21.wav,converted,32000,1,149.10696875,"[mp3 @ 00000182fe8255c0] Estimating duration from bitrate, this may be inaccurate
"
Great Tinamou_sound/Great Tinamou22,D:\other\Bird\Dataset\CC0\Great Tinamou_sound\Great Tinamou22.mp3,D:\other\Bird\Code\data\kaggle_wav_cache\Great Tinamou_sound\Great Tinamou22.wav,converted,32000,1,149.10696875,"[mp3 @ 000001a8091355c0] Estimating duration from bitrate, this may be inaccurate
"
Great Tinamou_sound/Great Tinamou24,D:\other\Bird\Dataset\CC0\Great Tinamou_sound\Great Tinamou24.mp3,D:\other\Bird\Code\data\kaggle_wav_cache\Great Tinamou_sound\Great Tinamou24.wav,converted,32000,1,36.20571875,"[mp3 @ 00000206054055c0] Estimating duration from bitrate, this may be inaccurate
"
Great Tinamou_sound/Great Tinamou23,D:\other\Bird\Dataset\CC0\Great Tinamou_sound\Great Tinamou23.mp3,D:\other\Bird\Code\data\kaggle_wav_cache\Great Tinamou_sound\Great Tinamou23.wav,converted,32000,1,149.10696875,"[mp3 @ 000001eb5c6855c0] Estimating duration from bitrate, this may be inaccurate
"
Great Tinamou_sound/Great Tinamou25,D:\other\Bird\Dataset\CC0\Great Tinamou_sound\Great Tinamou25.mp3,D:\other\Bird\Code\data\kaggle_wav_cache\Great Tinamou_sound\Great Tinamou25.wav,converted,32000,1,36.20571875,"[mp3 @ 000001de57dc55c0] Estimating duration from bitrate, this may be inaccurate
"
Great Tinamou_sound/Great Tinamou26,D:\other\Bird\Dataset\CC0\Great Tinamou_sound\Great Tinamou26.mp3,D:\other\Bird\Code\data\kaggle_wav_cache\Great Tinamou_sound\Great Tinamou26.wav,converted,32000,1,13.224375,
Great Tinamou_sound/Great Tinamou27,D:\other\Bird\Dataset\CC0\Great Tinamou_sound\Great Tinamou27.mp3,D:\other\Bird\Code\data\kaggle_wav_cache\Great Tinamou_sound\Great Tinamou27.wav,converted,32000,1,9.85909375,
Great Tinamou_sound/Great Tinamou28,D:\other\Bird\Dataset\CC0\Great Tinamou_sound\Great Tinamou28.mp3,D:\other\Bird\Code\data\kaggle_wav_cache\Great Tinamou_sound\Great Tinamou28.wav,converted,32000,1,19.69634375,"[mp3 @ 000001d7118355c0] Estimating duration from bitrate, this may be inaccurate
"
Great Tinamou_sound/Great Tinamou29,D:\other\Bird\Dataset\CC0\Great Tinamou_sound\Great Tinamou29.mp3,D:\other\Bird\Code\data\kaggle_wav_cache\Great Tinamou_sound\Great Tinamou29.wav,converted,32000,1,33.4354375,
Great Tinamou_sound/Great Tinamou3,D:\other\Bird\Dataset\CC0\Great Tinamou_sound\Great Tinamou3.mp3,D:\other\Bird\Code\data\kaggle_wav_cache\Great Tinamou_sound\Great Tinamou3.wav,converted,32000,1,14.05225,
Great Tinamou_sound/Great Tinamou31,D:\other\Bird\Dataset\CC0\Great Tinamou_sound\Great Tinamou31.mp3,D:\other\Bird\Code\data\kaggle_wav_cache\Great Tinamou_sound\Great Tinamou31.wav,converted,32000,1,11.28490625,"[mp3 @ 00000203e15255c0] Estimating duration from bitrate, this may be inaccurate
"
Great Tinamou_sound/Great Tinamou30,D:\other\Bird\Dataset\CC0\Great Tinamou_sound\Great Tinamou30.mp3,D:\other\Bird\Code\data\kaggle_wav_cache\Great Tinamou_sound\Great Tinamou30.wav,converted,32000,1,45.03275,
Great Tinamou_sound/Great Tinamou4,D:\other\Bird\Dataset\CC0\Great Tinamou_sound\Great Tinamou4.mp3,D:\other\Bird\Code\data\kaggle_wav_cache\Great Tinamou_sound\Great Tinamou4.wav,converted,32000,1,14.05225,
Great Tinamou_sound/Great Tinamou5,D:\other\Bird\Dataset\CC0\Great Tinamou_sound\Great Tinamou5.mp3,D:\other\Bird\Code\data\kaggle_wav_cache\Great Tinamou_sound\Great Tinamou5.wav,converted,32000,1,14.44571875,"[mp3 @ 00000232877f55c0] Estimating duration from bitrate, this may be inaccurate
"
Great Tinamou_sound/Great Tinamou6,D:\other\Bird\Dataset\CC0\Great Tinamou_sound\Great Tinamou6.mp3,D:\other\Bird\Code\data\kaggle_wav_cache\Great Tinamou_sound\Great Tinamou6.wav,converted,32000,1,269.56415625,
Great Tinamou_sound/Great Tinamou7,D:\other\Bird\Dataset\CC0\Great Tinamou_sound\Great Tinamou7.mp3,D:\other\Bird\Code\data\kaggle_wav_cache\Great Tinamou_sound\Great Tinamou7.wav,converted,32000,1,269.56415625,
Great Tinamou_sound/Great Tinamou8,D:\other\Bird\Dataset\CC0\Great Tinamou_sound\Great Tinamou8.mp3,D:\other\Bird\Code\data\kaggle_wav_cache\Great Tinamou_sound\Great Tinamou8.wav,converted,32000,1,269.56415625,
Greater Rhea_sound/Greater Rhea10,D:\other\Bird\Dataset\CC0\Greater Rhea_sound\Greater Rhea10.mp3,D:\other\Bird\Code\data\kaggle_wav_cache\Greater Rhea_sound\Greater Rhea10.wav,converted,32000,1,3.47553125,
Great Tinamou_sound/Great Tinamou9,D:\other\Bird\Dataset\CC0\Great Tinamou_sound\Great Tinamou9.mp3,D:\other\Bird\Code\data\kaggle_wav_cache\Great Tinamou_sound\Great Tinamou9.wav,converted,32000,1,227.10578125,
Greater Rhea_sound/Greater Rhea11,D:\other\Bird\Dataset\CC0\Greater Rhea_sound\Greater Rhea11.mp3,D:\other\Bird\Code\data\kaggle_wav_cache\Greater Rhea_sound\Greater Rhea11.wav,converted,32000,1,3.47553125,
Greater Rhea_sound/Greater Rhea12,D:\other\Bird\Dataset\CC0\Greater Rhea_sound\Greater Rhea12.mp3,D:\other\Bird\Code\data\kaggle_wav_cache\Greater Rhea_sound\Greater Rhea12.wav,converted,32000,1,3.9445,"[mp3 @ 000001f8a53455c0] Estimating duration from bitrate, this may be inaccurate
"
Greater Rhea_sound/Greater Rhea13,D:\other\Bird\Dataset\CC0\Greater Rhea_sound\Greater Rhea13.mp3,D:\other\Bird\Code\data\kaggle_wav_cache\Greater Rhea_sound\Greater Rhea13.wav,converted,32000,1,3.9445,"[mp3 @ 000001bd4e6e55c0] Estimating duration from bitrate, this may be inaccurate
"
Greater Rhea_sound/Greater Rhea14,D:\other\Bird\Dataset\CC0\Greater Rhea_sound\Greater Rhea14.mp3,D:\other\Bird\Code\data\kaggle_wav_cache\Greater Rhea_sound\Greater Rhea14.wav,converted,32000,1,15.081375,
Greater Rhea_sound/Greater Rhea15,D:\other\Bird\Dataset\CC0\Greater Rhea_sound\Greater Rhea15.mp3,D:\other\Bird\Code\data\kaggle_wav_cache\Greater Rhea_sound\Greater Rhea15.wav,converted,32000,1,15.081375,
Greater Rhea_sound/Greater Rhea16,D:\other\Bird\Dataset\CC0\Greater Rhea_sound\Greater Rhea16.mp3,D:\other\Bird\Code\data\kaggle_wav_cache\Greater Rhea_sound\Greater Rhea16.wav,converted,32000,1,3.01840625,
Greater Rhea_sound/Greater Rhea17,D:\other\Bird\Dataset\CC0\Greater Rhea_sound\Greater Rhea17.mp3,D:\other\Bird\Code\data\kaggle_wav_cache\Greater Rhea_sound\Greater Rhea17.wav,converted,32000,1,16.6580625,
Greater Rhea_sound/Greater Rhea18,D:\other\Bird\Dataset\CC0\Greater Rhea_sound\Greater Rhea18.mp3,D:\other\Bird\Code\data\kaggle_wav_cache\Greater Rhea_sound\Greater Rhea18.wav,converted,32000,1,17.03184375,
Greater Rhea_sound/Greater Rhea19,D:\other\Bird\Dataset\CC0\Greater Rhea_sound\Greater Rhea19.mp3,D:\other\Bird\Code\data\kaggle_wav_cache\Greater Rhea_sound\Greater Rhea19.wav,converted,32000,1,17.03184375,
Greater Rhea_sound/Greater Rhea2,D:\other\Bird\Dataset\CC0\Greater Rhea_sound\Greater Rhea2.mp3,D:\other\Bird\Code\data\kaggle_wav_cache\Greater Rhea_sound\Greater Rhea2.wav,converted,32000,1,28.9175625,"[mp3 @ 000002a10bee55c0] Estimating duration from bitrate, this may be inaccurate
"
Greater Rhea_sound/Greater Rhea20,D:\other\Bird\Dataset\CC0\Greater Rhea_sound\Greater Rhea20.mp3,D:\other\Bird\Code\data\kaggle_wav_cache\Greater Rhea_sound\Greater Rhea20.wav,converted,32000,1,17.03184375,
Greater Rhea_sound/Greater Rhea21,D:\other\Bird\Dataset\CC0\Greater Rhea_sound\Greater Rhea21.mp3,D:\other\Bird\Code\data\kaggle_wav_cache\Greater Rhea_sound\Greater Rhea21.wav,converted,32000,1,1.12328125,"[mp3 @ 0000013f444955c0] Estimating duration from bitrate, this may be inaccurate
"
Greater Rhea_sound/Greater Rhea22,D:\other\Bird\Dataset\CC0\Greater Rhea_sound\Greater Rhea22.mp3,D:\other\Bird\Code\data\kaggle_wav_cache\Greater Rhea_sound\Greater Rhea22.wav,converted,32000,1,1.43675,"[mp3 @ 000001cb17c855c0] Estimating duration from bitrate, this may be inaccurate
"
Greater Rhea_sound/Greater Rhea23,D:\other\Bird\Dataset\CC0\Greater Rhea_sound\Greater Rhea23.mp3,D:\other\Bird\Code\data\kaggle_wav_cache\Greater Rhea_sound\Greater Rhea23.wav,converted,32000,1,1.43675,"[mp3 @ 0000023066e055c0] Estimating duration from bitrate, this may be inaccurate
"
Greater Rhea_sound/Greater Rhea24,D:\other\Bird\Dataset\CC0\Greater Rhea_sound\Greater Rhea24.mp3,D:\other\Bird\Code\data\kaggle_wav_cache\Greater Rhea_sound\Greater Rhea24.wav,converted,32000,1,1.99978125,
Greater Rhea_sound/Greater Rhea3,D:\other\Bird\Dataset\CC0\Greater Rhea_sound\Greater Rhea3.mp3,D:\other\Bird\Code\data\kaggle_wav_cache\Greater Rhea_sound\Greater Rhea3.wav,converted,32000,1,86.566,
Greater Rhea_sound/Greater Rhea4,D:\other\Bird\Dataset\CC0\Greater Rhea_sound\Greater Rhea4.mp3,D:\other\Bird\Code\data\kaggle_wav_cache\Greater Rhea_sound\Greater Rhea4.wav,converted,32000,1,86.566,
Greater Rhea_sound/Greater Rhea5,D:\other\Bird\Dataset\CC0\Greater Rhea_sound\Greater Rhea5.mp3,D:\other\Bird\Code\data\kaggle_wav_cache\Greater Rhea_sound\Greater Rhea5.wav,converted,32000,1,41.0645,"[mp3 @ 000002766aa455c0] Estimating duration from bitrate, this may be inaccurate
"
Greater Rhea_sound/Greater Rhea6,D:\other\Bird\Dataset\CC0\Greater Rhea_sound\Greater Rhea6.mp3,D:\other\Bird\Code\data\kaggle_wav_cache\Greater Rhea_sound\Greater Rhea6.wav,converted,32000,1,41.0645,"[mp3 @ 000001e1e47055c0] Estimating duration from bitrate, this may be inaccurate
"
Greater Rhea_sound/Greater Rhea7,D:\other\Bird\Dataset\CC0\Greater Rhea_sound\Greater Rhea7.mp3,D:\other\Bird\Code\data\kaggle_wav_cache\Greater Rhea_sound\Greater Rhea7.wav,converted,32000,1,7.18653125,
Greater Rhea_sound/Greater Rhea8,D:\other\Bird\Dataset\CC0\Greater Rhea_sound\Greater Rhea8.mp3,D:\other\Bird\Code\data\kaggle_wav_cache\Greater Rhea_sound\Greater Rhea8.wav,converted,32000,1,6.42075,
Greater Rhea_sound/Greater Rhea9,D:\other\Bird\Dataset\CC0\Greater Rhea_sound\Greater Rhea9.mp3,D:\other\Bird\Code\data\kaggle_wav_cache\Greater Rhea_sound\Greater Rhea9.wav,converted,32000,1,3.47553125,
Grey Tinamou_sound/Grey Tinamou10,D:\other\Bird\Dataset\CC0\Grey Tinamou_sound\Grey Tinamou10.mp3,D:\other\Bird\Code\data\kaggle_wav_cache\Grey Tinamou_sound\Grey Tinamou10.wav,converted,32000,1,6.0604375,"[mp3 @ 00000227280b55c0] Estimating duration from bitrate, this may be inaccurate
"
Grey Tinamou_sound/Grey Tinamou11,D:\other\Bird\Dataset\CC0\Grey Tinamou_sound\Grey Tinamou11.mp3,D:\other\Bird\Code\data\kaggle_wav_cache\Grey Tinamou_sound\Grey Tinamou11.wav,converted,32000,1,48.48328125,"[mp3 @ 000001fc292955c0] Estimating duration from bitrate, this may be inaccurate
"
Grey Tinamou_sound/Grey Tinamou12,D:\other\Bird\Dataset\CC0\Grey Tinamou_sound\Grey Tinamou12.mp3,D:\other\Bird\Code\data\kaggle_wav_cache\Grey Tinamou_sound\Grey Tinamou12.wav,converted,32000,1,20.84571875,"[mp3 @ 000001ab36ff55c0] Estimating duration from bitrate, this may be inaccurate
"
Grey Tinamou_sound/Grey Tinamou13,D:\other\Bird\Dataset\CC0\Grey Tinamou_sound\Grey Tinamou13.mp3,D:\other\Bird\Code\data\kaggle_wav_cache\Grey Tinamou_sound\Grey Tinamou13.wav,converted,32000,1,27.7943125,"[mp3 @ 0000021b645455c0] Estimating duration from bitrate, this may be inaccurate
"
Grey Tinamou_sound/Grey Tinamou14,D:\other\Bird\Dataset\CC0\Grey Tinamou_sound\Grey Tinamou14.mp3,D:\other\Bird\Code\data\kaggle_wav_cache\Grey Tinamou_sound\Grey Tinamou14.wav,converted,32000,1,21.73390625,"[mp3 @ 000001a9691855c0] Estimating duration from bitrate, this may be inaccurate
"
Grey Tinamou_sound/Grey Tinamou15,D:\other\Bird\Dataset\CC0\Grey Tinamou_sound\Grey Tinamou15.mp3,D:\other\Bird\Code\data\kaggle_wav_cache\Grey Tinamou_sound\Grey Tinamou15.wav,converted,32000,1,5.9298125,"[mp3 @ 0000020466c255c0] Estimating duration from bitrate, this may be inaccurate
"
Grey Tinamou_sound/Grey Tinamou16,D:\other\Bird\Dataset\CC0\Grey Tinamou_sound\Grey Tinamou16.mp3,D:\other\Bird\Code\data\kaggle_wav_cache\Grey Tinamou_sound\Grey Tinamou16.wav,converted,32000,1,26.64596875,
Grey Tinamou_sound/Grey Tinamou17,D:\other\Bird\Dataset\CC0\Grey Tinamou_sound\Grey Tinamou17.mp3,D:\other\Bird\Code\data\kaggle_wav_cache\Grey Tinamou_sound\Grey Tinamou17.wav,converted,32000,1,5.01271875,
Grey Tinamou_sound/Grey Tinamou18,D:\other\Bird\Dataset\CC0\Grey Tinamou_sound\Grey Tinamou18.mp3,D:\other\Bird\Code\data\kaggle_wav_cache\Grey Tinamou_sound\Grey Tinamou18.wav,converted,32000,1,33.97265625,
Grey Tinamou_sound/Grey Tinamou19,D:\other\Bird\Dataset\CC0\Grey Tinamou_sound\Grey Tinamou19.mp3,D:\other\Bird\Code\data\kaggle_wav_cache\Grey Tinamou_sound\Grey Tinamou19.wav,converted,32000,1,9.12515625,
Grey Tinamou_sound/Grey Tinamou2,D:\other\Bird\Dataset\CC0\Grey Tinamou_sound\Grey Tinamou2.mp3,D:\other\Bird\Code\data\kaggle_wav_cache\Grey Tinamou_sound\Grey Tinamou2.wav,converted,32000,1,9.06965625,
Grey Tinamou_sound/Grey Tinamou20,D:\other\Bird\Dataset\CC0\Grey Tinamou_sound\Grey Tinamou20.mp3,D:\other\Bird\Code\data\kaggle_wav_cache\Grey Tinamou_sound\Grey Tinamou20.wav,converted,32000,1,49.1754375,
Grey Tinamou_sound/Grey Tinamou21,D:\other\Bird\Dataset\CC0\Grey Tinamou_sound\Grey Tinamou21.mp3,D:\other\Bird\Code\data\kaggle_wav_cache\Grey Tinamou_sound\Grey Tinamou21.wav,converted,32000,1,49.1754375,
Grey Tinamou_sound/Grey Tinamou22,D:\other\Bird\Dataset\CC0\Grey Tinamou_sound\Grey Tinamou22.mp3,D:\other\Bird\Code\data\kaggle_wav_cache\Grey Tinamou_sound\Grey Tinamou22.wav,converted,32000,1,233.169,"[mp3 @ 000001ba13c155c0] Estimating duration from bitrate, this may be inaccurate
"
Grey Tinamou_sound/Grey Tinamou23,D:\other\Bird\Dataset\CC0\Grey Tinamou_sound\Grey Tinamou23.mp3,D:\other\Bird\Code\data\kaggle_wav_cache\Grey Tinamou_sound\Grey Tinamou23.wav,converted,32000,1,247.19675,"[mp3 @ 000001c5d8bd55c0] Estimating duration from bitrate, this may be inaccurate
"
Grey Tinamou_sound/Grey Tinamou24,D:\other\Bird\Dataset\CC0\Grey Tinamou_sound\Grey Tinamou24.mp3,D:\other\Bird\Code\data\kaggle_wav_cache\Grey Tinamou_sound\Grey Tinamou24.wav,converted,32000,1,247.19675,"[mp3 @ 000002c4b9d255c0] Estimating duration from bitrate, this may be inaccurate
"
Grey Tinamou_sound/Grey Tinamou25,D:\other\Bird\Dataset\CC0\Grey Tinamou_sound\Grey Tinamou25.mp3,D:\other\Bird\Code\data\kaggle_wav_cache\Grey Tinamou_sound\Grey Tinamou25.wav,converted,32000,1,247.19675,"[mp3 @ 00000263599f55c0] Estimating duration from bitrate, this may be inaccurate
"
Grey Tinamou_sound/Grey Tinamou26,D:\other\Bird\Dataset\CC0\Grey Tinamou_sound\Grey Tinamou26.mp3,D:\other\Bird\Code\data\kaggle_wav_cache\Grey Tinamou_sound\Grey Tinamou26.wav,converted,32000,1,247.19675,"[mp3 @ 00000220b0f955c0] Estimating duration from bitrate, this may be inaccurate
"
Grey Tinamou_sound/Grey Tinamou27,D:\other\Bird\Dataset\CC0\Grey Tinamou_sound\Grey Tinamou27.mp3,D:\other\Bird\Code\data\kaggle_wav_cache\Grey Tinamou_sound\Grey Tinamou27.wav,converted,32000,1,247.19675,"[mp3 @ 0000025f087955c0] Estimating duration from bitrate, this may be inaccurate
"
Grey Tinamou_sound/Grey Tinamou28,D:\other\Bird\Dataset\CC0\Grey Tinamou_sound\Grey Tinamou28.mp3,D:\other\Bird\Code\data\kaggle_wav_cache\Grey Tinamou_sound\Grey Tinamou28.wav,converted,32000,1,8.72490625,"[mp3 @ 000002f215a655c0] Estimating duration from bitrate, this may be inaccurate
"
Grey Tinamou_sound/Grey Tinamou29,D:\other\Bird\Dataset\CC0\Grey Tinamou_sound\Grey Tinamou29.mp3,D:\other\Bird\Code\data\kaggle_wav_cache\Grey Tinamou_sound\Grey Tinamou29.wav,converted,32000,1,12.69553125,"[mp3 @ 00000263fcb555c0] Estimating duration from bitrate, this may be inaccurate
"
Grey Tinamou_sound/Grey Tinamou3,D:\other\Bird\Dataset\CC0\Grey Tinamou_sound\Grey Tinamou3.mp3,D:\other\Bird\Code\data\kaggle_wav_cache\Grey Tinamou_sound\Grey Tinamou3.wav,converted,32000,1,9.06965625,
Grey Tinamou_sound/Grey Tinamou30,D:\other\Bird\Dataset\CC0\Grey Tinamou_sound\Grey Tinamou30.mp3,D:\other\Bird\Code\data\kaggle_wav_cache\Grey Tinamou_sound\Grey Tinamou30.wav,converted,32000,1,12.69553125,"[mp3 @ 00000191050455c0] Estimating duration from bitrate, this may be inaccurate
"
Grey Tinamou_sound/Grey Tinamou31,D:\other\Bird\Dataset\CC0\Grey Tinamou_sound\Grey Tinamou31.mp3,D:\other\Bird\Code\data\kaggle_wav_cache\Grey Tinamou_sound\Grey Tinamou31.wav,converted,32000,1,12.69553125,"[mp3 @ 000001ea89b655c0] Estimating duration from bitrate, this may be inaccurate
"
Grey Tinamou_sound/Grey Tinamou4,D:\other\Bird\Dataset\CC0\Grey Tinamou_sound\Grey Tinamou4.mp3,D:\other\Bird\Code\data\kaggle_wav_cache\Grey Tinamou_sound\Grey Tinamou4.wav,converted,32000,1,9.06965625,
Grey Tinamou_sound/Grey Tinamou5,D:\other\Bird\Dataset\CC0\Grey Tinamou_sound\Grey Tinamou5.mp3,D:\other\Bird\Code\data\kaggle_wav_cache\Grey Tinamou_sound\Grey Tinamou5.wav,converted,32000,1,9.06965625,
Grey Tinamou_sound/Grey Tinamou7,D:\other\Bird\Dataset\CC0\Grey Tinamou_sound\Grey Tinamou7.mp3,D:\other\Bird\Code\data\kaggle_wav_cache\Grey Tinamou_sound\Grey Tinamou7.wav,converted,32000,1,47.20328125,"[mp3 @ 00000255d64d55c0] Estimating duration from bitrate, this may be inaccurate
"
Grey Tinamou_sound/Grey Tinamou6,D:\other\Bird\Dataset\CC0\Grey Tinamou_sound\Grey Tinamou6.mp3,D:\other\Bird\Code\data\kaggle_wav_cache\Grey Tinamou_sound\Grey Tinamou6.wav,converted,32000,1,223.5820625,"[mp3 @ 000001bf138255c0] Estimating duration from bitrate, this may be inaccurate
"
Grey Tinamou_sound/Grey Tinamou8,D:\other\Bird\Dataset\CC0\Grey Tinamou_sound\Grey Tinamou8.mp3,D:\other\Bird\Code\data\kaggle_wav_cache\Grey Tinamou_sound\Grey Tinamou8.wav,converted,32000,1,4.6498125,"[mp3 @ 00000297650155c0] Estimating duration from bitrate, this may be inaccurate
"
Grey Tinamou_sound/Grey Tinamou9,D:\other\Bird\Dataset\CC0\Grey Tinamou_sound\Grey Tinamou9.mp3,D:\other\Bird\Code\data\kaggle_wav_cache\Grey Tinamou_sound\Grey Tinamou9.wav,converted,32000,1,4.6498125,"[mp3 @ 00000201253955c0] Estimating duration from bitrate, this may be inaccurate
"
Grey-headed Chachalaca_sound/Grey-headed Chachalaca10,D:\other\Bird\Dataset\CC0\Grey-headed Chachalaca_sound\Grey-headed Chachalaca10.mp3,D:\other\Bird\Code\data\kaggle_wav_cache\Grey-headed Chachalaca_sound\Grey-headed Chachalaca10.wav,converted,32000,1,21.2636875,
Grey-headed Chachalaca_sound/Grey-headed Chachalaca11,D:\other\Bird\Dataset\CC0\Grey-headed Chachalaca_sound\Grey-headed Chachalaca11.mp3,D:\other\Bird\Code\data\kaggle_wav_cache\Grey-headed Chachalaca_sound\Grey-headed Chachalaca11.wav,converted,32000,1,21.2636875,
Grey-headed Chachalaca_sound/Grey-headed Chachalaca12,D:\other\Bird\Dataset\CC0\Grey-headed Chachalaca_sound\Grey-headed Chachalaca12.mp3,D:\other\Bird\Code\data\kaggle_wav_cache\Grey-headed Chachalaca_sound\Grey-headed Chachalaca12.wav,converted,32000,1,44.184,"[mp3 @ 000002372b055640] Estimating duration from bitrate, this may be inaccurate
"
Grey-headed Chachalaca_sound/Grey-headed Chachalaca14,D:\other\Bird\Dataset\CC0\Grey-headed Chachalaca_sound\Grey-headed Chachalaca14.mp3,D:\other\Bird\Code\data\kaggle_wav_cache\Grey-headed Chachalaca_sound\Grey-headed Chachalaca14.wav,converted,32000,1,62.3020625,"[mp3 @ 00000263f98e5640] Estimating duration from bitrate, this may be inaccurate
"
Grey-headed Chachalaca_sound/Grey-headed Chachalaca13,D:\other\Bird\Dataset\CC0\Grey-headed Chachalaca_sound\Grey-headed Chachalaca13.mp3,D:\other\Bird\Code\data\kaggle_wav_cache\Grey-headed Chachalaca_sound\Grey-headed Chachalaca13.wav,converted,32000,1,95.328,"[mp3 @ 00000101c9f15640] Estimating duration from bitrate, this may be inaccurate
"
Grey-headed Chachalaca_sound/Grey-headed Chachalaca15,D:\other\Bird\Dataset\CC0\Grey-headed Chachalaca_sound\Grey-headed Chachalaca15.mp3,D:\other\Bird\Code\data\kaggle_wav_cache\Grey-headed Chachalaca_sound\Grey-headed Chachalaca15.wav,converted,32000,1,45.97553125,"[mp3 @ 000001fef19c5640] Estimating duration from bitrate, this may be inaccurate
"
Grey-headed Chachalaca_sound/Grey-headed Chachalaca16,D:\other\Bird\Dataset\CC0\Grey-headed Chachalaca_sound\Grey-headed Chachalaca16.mp3,D:\other\Bird\Code\data\kaggle_wav_cache\Grey-headed Chachalaca_sound\Grey-headed Chachalaca16.wav,converted,32000,1,59.5591875,"[mp3 @ 000001a2b4ac5640] Estimating duration from bitrate, this may be inaccurate
"
Grey-headed Chachalaca_sound/Grey-headed Chachalaca17,D:\other\Bird\Dataset\CC0\Grey-headed Chachalaca_sound\Grey-headed Chachalaca17.mp3,D:\other\Bird\Code\data\kaggle_wav_cache\Grey-headed Chachalaca_sound\Grey-headed Chachalaca17.wav,converted,32000,1,8.77715625,"[mp3 @ 000001eeb5585640] Estimating duration from bitrate, this may be inaccurate
"
Grey-headed Chachalaca_sound/Grey-headed Chachalaca18,D:\other\Bird\Dataset\CC0\Grey-headed Chachalaca_sound\Grey-headed Chachalaca18.mp3,D:\other\Bird\Code\data\kaggle_wav_cache\Grey-headed Chachalaca_sound\Grey-headed Chachalaca18.wav,converted,32000,1,8.77715625,"[mp3 @ 000001af103e5640] Estimating duration from bitrate, this may be inaccurate
"
Grey-headed Chachalaca_sound/Grey-headed Chachalaca2,D:\other\Bird\Dataset\CC0\Grey-headed Chachalaca_sound\Grey-headed Chachalaca2.mp3,D:\other\Bird\Code\data\kaggle_wav_cache\Grey-headed Chachalaca_sound\Grey-headed Chachalaca2.wav,converted,32000,1,17.41746875,
Grey-headed Chachalaca_sound/Grey-headed Chachalaca20,D:\other\Bird\Dataset\CC0\Grey-headed Chachalaca_sound\Grey-headed Chachalaca20.mp3,D:\other\Bird\Code\data\kaggle_wav_cache\Grey-headed Chachalaca_sound\Grey-headed Chachalaca20.wav,converted,32000,1,12.12771875,
Grey-headed Chachalaca_sound/Grey-headed Chachalaca19,D:\other\Bird\Dataset\CC0\Grey-headed Chachalaca_sound\Grey-headed Chachalaca19.mp3,D:\other\Bird\Code\data\kaggle_wav_cache\Grey-headed Chachalaca_sound\Grey-headed Chachalaca19.wav,converted,32000,1,347.6355625,
Grey-headed Chachalaca_sound/Grey-headed Chachalaca21,D:\other\Bird\Dataset\CC0\Grey-headed Chachalaca_sound\Grey-headed Chachalaca21.mp3,D:\other\Bird\Code\data\kaggle_wav_cache\Grey-headed Chachalaca_sound\Grey-headed Chachalaca21.wav,converted,32000,1,154.515375,
Grey-headed Chachalaca_sound/Grey-headed Chachalaca22,D:\other\Bird\Dataset\CC0\Grey-headed Chachalaca_sound\Grey-headed Chachalaca22.mp3,D:\other\Bird\Code\data\kaggle_wav_cache\Grey-headed Chachalaca_sound\Grey-headed Chachalaca22.wav,converted,32000,1,154.515375,
Grey-headed Chachalaca_sound/Grey-headed Chachalaca24,D:\other\Bird\Dataset\CC0\Grey-headed Chachalaca_sound\Grey-headed Chachalaca24.mp3,D:\other\Bird\Code\data\kaggle_wav_cache\Grey-headed Chachalaca_sound\Grey-headed Chachalaca24.wav,converted,32000,1,72.0,"[mp3 @ 000001f006dd5640] Estimating duration from bitrate, this may be inaccurate
"
Grey-headed Chachalaca_sound/Grey-headed Chachalaca23,D:\other\Bird\Dataset\CC0\Grey-headed Chachalaca_sound\Grey-headed Chachalaca23.mp3,D:\other\Bird\Code\data\kaggle_wav_cache\Grey-headed Chachalaca_sound\Grey-headed Chachalaca23.wav,converted,32000,1,154.515375,
Grey-headed Chachalaca_sound/Grey-headed Chachalaca25,D:\other\Bird\Dataset\CC0\Grey-headed Chachalaca_sound\Grey-headed Chachalaca25.mp3,D:\other\Bird\Code\data\kaggle_wav_cache\Grey-headed Chachalaca_sound\Grey-headed Chachalaca25.wav,converted,32000,1,49.0579375,"[mp3 @ 000001e1a3b05640] Estimating duration from bitrate, this may be inaccurate
"
Grey-headed Chachalaca_sound/Grey-headed Chachalaca26,D:\other\Bird\Dataset\CC0\Grey-headed Chachalaca_sound\Grey-headed Chachalaca26.mp3,D:\other\Bird\Code\data\kaggle_wav_cache\Grey-headed Chachalaca_sound\Grey-headed Chachalaca26.wav,converted,32000,1,49.0579375,"[mp3 @ 0000019e18dc5640] Estimating duration from bitrate, this may be inaccurate
"
Grey-headed Chachalaca_sound/Grey-headed Chachalaca27,D:\other\Bird\Dataset\CC0\Grey-headed Chachalaca_sound\Grey-headed Chachalaca27.mp3,D:\other\Bird\Code\data\kaggle_wav_cache\Grey-headed Chachalaca_sound\Grey-headed Chachalaca27.wav,converted,32000,1,32.33959375,"[mp3 @ 00000227fa655640] Estimating duration from bitrate, this may be inaccurate
"
Grey-headed Chachalaca_sound/Grey-headed Chachalaca28,D:\other\Bird\Dataset\CC0\Grey-headed Chachalaca_sound\Grey-headed Chachalaca28.mp3,D:\other\Bird\Code\data\kaggle_wav_cache\Grey-headed Chachalaca_sound\Grey-headed Chachalaca28.wav,converted,32000,1,76.24,
Grey-headed Chachalaca_sound/Grey-headed Chachalaca29,D:\other\Bird\Dataset\CC0\Grey-headed Chachalaca_sound\Grey-headed Chachalaca29.mp3,D:\other\Bird\Code\data\kaggle_wav_cache\Grey-headed Chachalaca_sound\Grey-headed Chachalaca29.wav,converted,32000,1,17.00571875,"[mp3 @ 000001f8c6da5640] Estimating duration from bitrate, this may be inaccurate
"
Grey-headed Chachalaca_sound/Grey-headed Chachalaca3,D:\other\Bird\Dataset\CC0\Grey-headed Chachalaca_sound\Grey-headed Chachalaca3.mp3,D:\other\Bird\Code\data\kaggle_wav_cache\Grey-headed Chachalaca_sound\Grey-headed Chachalaca3.wav,converted,32000,1,33.66009375,
Grey-headed Chachalaca_sound/Grey-headed Chachalaca30,D:\other\Bird\Dataset\CC0\Grey-headed Chachalaca_sound\Grey-headed Chachalaca30.mp3,D:\other\Bird\Code\data\kaggle_wav_cache\Grey-headed Chachalaca_sound\Grey-headed Chachalaca30.wav,converted,32000,1,5.04165625,"[mp3 @ 000001ea22105640] Estimating duration from bitrate, this may be inaccurate
"
Grey-headed Chachalaca_sound/Grey-headed Chachalaca31,D:\other\Bird\Dataset\CC0\Grey-headed Chachalaca_sound\Grey-headed Chachalaca31.mp3,D:\other\Bird\Code\data\kaggle_wav_cache\Grey-headed Chachalaca_sound\Grey-headed Chachalaca31.wav,converted,32000,1,5.04165625,"[mp3 @ 0000020bf2975640] Estimating duration from bitrate, this may be inaccurate
"
Grey-headed Chachalaca_sound/Grey-headed Chachalaca5,D:\other\Bird\Dataset\CC0\Grey-headed Chachalaca_sound\Grey-headed Chachalaca5.mp3,D:\other\Bird\Code\data\kaggle_wav_cache\Grey-headed Chachalaca_sound\Grey-headed Chachalaca5.wav,converted,32000,1,93.2879375,
Grey-headed Chachalaca_sound/Grey-headed Chachalaca6,D:\other\Bird\Dataset\CC0\Grey-headed Chachalaca_sound\Grey-headed Chachalaca6.mp3,D:\other\Bird\Code\data\kaggle_wav_cache\Grey-headed Chachalaca_sound\Grey-headed Chachalaca6.wav,converted,32000,1,17.4586875,
Grey-headed Chachalaca_sound/Grey-headed Chachalaca4,D:\other\Bird\Dataset\CC0\Grey-headed Chachalaca_sound\Grey-headed Chachalaca4.mp3,D:\other\Bird\Code\data\kaggle_wav_cache\Grey-headed Chachalaca_sound\Grey-headed Chachalaca4.wav,converted,32000,1,378.64303125,
Grey-headed Chachalaca_sound/Grey-headed Chachalaca7,D:\other\Bird\Dataset\CC0\Grey-headed Chachalaca_sound\Grey-headed Chachalaca7.mp3,D:\other\Bird\Code\data\kaggle_wav_cache\Grey-headed Chachalaca_sound\Grey-headed Chachalaca7.wav,converted,32000,1,18.9388125,
Grey-headed Chachalaca_sound/Grey-headed Chachalaca8,D:\other\Bird\Dataset\CC0\Grey-headed Chachalaca_sound\Grey-headed Chachalaca8.mp3,D:\other\Bird\Code\data\kaggle_wav_cache\Grey-headed Chachalaca_sound\Grey-headed Chachalaca8.wav,converted,32000,1,18.9388125,
Grey-headed Chachalaca_sound/Grey-headed Chachalaca9,D:\other\Bird\Dataset\CC0\Grey-headed Chachalaca_sound\Grey-headed Chachalaca9.mp3,D:\other\Bird\Code\data\kaggle_wav_cache\Grey-headed Chachalaca_sound\Grey-headed Chachalaca9.wav,converted,32000,1,21.2636875,
Grey-legged Tinamou_sound/Grey-legged Tinamou10,D:\other\Bird\Dataset\CC0\Grey-legged Tinamou_sound\Grey-legged Tinamou10.mp3,D:\other\Bird\Code\data\kaggle_wav_cache\Grey-legged Tinamou_sound\Grey-legged Tinamou10.wav,converted,32000,1,145.3453125,"[mp3 @ 0000019525895600] Estimating duration from bitrate, this may be inaccurate
"
Grey-legged Tinamou_sound/Grey-legged Tinamou11,D:\other\Bird\Dataset\CC0\Grey-legged Tinamou_sound\Grey-legged Tinamou11.mp3,D:\other\Bird\Code\data\kaggle_wav_cache\Grey-legged Tinamou_sound\Grey-legged Tinamou11.wav,converted,32000,1,115.17390625,"[mp3 @ 000002a8334e5600] Estimating duration from bitrate, this may be inaccurate
"
Grey-legged Tinamou_sound/Grey-legged Tinamou12,D:\other\Bird\Dataset\CC0\Grey-legged Tinamou_sound\Grey-legged Tinamou12.mp3,D:\other\Bird\Code\data\kaggle_wav_cache\Grey-legged Tinamou_sound\Grey-legged Tinamou12.wav,converted,32000,1,61.4260625,
Grey-legged Tinamou_sound/Grey-legged Tinamou13,D:\other\Bird\Dataset\CC0\Grey-legged Tinamou_sound\Grey-legged Tinamou13.mp3,D:\other\Bird\Code\data\kaggle_wav_cache\Grey-legged Tinamou_sound\Grey-legged Tinamou13.wav,converted,32000,1,59.52,"[mp3 @ 000001c883785600] Estimating duration from bitrate, this may be inaccurate
"
Grey-legged Tinamou_sound/Grey-legged Tinamou2,D:\other\Bird\Dataset\CC0\Grey-legged Tinamou_sound\Grey-legged Tinamou2.mp3,D:\other\Bird\Code\data\kaggle_wav_cache\Grey-legged Tinamou_sound\Grey-legged Tinamou2.wav,converted,32000,1,56.68571875,"[mp3 @ 0000016c62525600] Estimating duration from bitrate, this may be inaccurate
"
Grey-legged Tinamou_sound/Grey-legged Tinamou3,D:\other\Bird\Dataset\CC0\Grey-legged Tinamou_sound\Grey-legged Tinamou3.mp3,D:\other\Bird\Code\data\kaggle_wav_cache\Grey-legged Tinamou_sound\Grey-legged Tinamou3.wav,converted,32000,1,56.68571875,"[mp3 @ 00000217ce665600] Estimating duration from bitrate, this may be inaccurate
"
Grey-legged Tinamou_sound/Grey-legged Tinamou4,D:\other\Bird\Dataset\CC0\Grey-legged Tinamou_sound\Grey-legged Tinamou4.mp3,D:\other\Bird\Code\data\kaggle_wav_cache\Grey-legged Tinamou_sound\Grey-legged Tinamou4.wav,converted,32000,1,56.68571875,"[mp3 @ 00000289e0415600] Estimating duration from bitrate, this may be inaccurate
"
Grey-legged Tinamou_sound/Grey-legged Tinamou5,D:\other\Bird\Dataset\CC0\Grey-legged Tinamou_sound\Grey-legged Tinamou5.mp3,D:\other\Bird\Code\data\kaggle_wav_cache\Grey-legged Tinamou_sound\Grey-legged Tinamou5.wav,converted,32000,1,54.6220625,"[mp3 @ 000001c3642b5600] Estimating duration from bitrate, this may be inaccurate
"
Grey-legged Tinamou_sound/Grey-legged Tinamou6,D:\other\Bird\Dataset\CC0\Grey-legged Tinamou_sound\Grey-legged Tinamou6.mp3,D:\other\Bird\Code\data\kaggle_wav_cache\Grey-legged Tinamou_sound\Grey-legged Tinamou6.wav,converted,32000,1,39.9466875,
Grey-legged Tinamou_sound/Grey-legged Tinamou7,D:\other\Bird\Dataset\CC0\Grey-legged Tinamou_sound\Grey-legged Tinamou7.mp3,D:\other\Bird\Code\data\kaggle_wav_cache\Grey-legged Tinamou_sound\Grey-legged Tinamou7.wav,converted,32000,1,39.9466875,
Grey-legged Tinamou_sound/Grey-legged Tinamou8,D:\other\Bird\Dataset\CC0\Grey-legged Tinamou_sound\Grey-legged Tinamou8.mp3,D:\other\Bird\Code\data\kaggle_wav_cache\Grey-legged Tinamou_sound\Grey-legged Tinamou8.wav,converted,32000,1,225.20165625,"[mp3 @ 0000022db1e45600] Estimating duration from bitrate, this may be inaccurate
"
Grey-legged Tinamou_sound/Grey-legged Tinamou9,D:\other\Bird\Dataset\CC0\Grey-legged Tinamou_sound\Grey-legged Tinamou9.mp3,D:\other\Bird\Code\data\kaggle_wav_cache\Grey-legged Tinamou_sound\Grey-legged Tinamou9.wav,converted,32000,1,145.3453125,"[mp3 @ 000001a4fa095600] Estimating duration from bitrate, this may be inaccurate
"
Highland Tinamou_sound/Highland Tinamou10,D:\other\Bird\Dataset\CC0\Highland Tinamou_sound\Highland Tinamou10.mp3,D:\other\Bird\Code\data\kaggle_wav_cache\Highland Tinamou_sound\Highland Tinamou10.wav,converted,32000,1,28.25490625,
Highland Tinamou_sound/Highland Tinamou11,D:\other\Bird\Dataset\CC0\Highland Tinamou_sound\Highland Tinamou11.mp3,D:\other\Bird\Code\data\kaggle_wav_cache\Highland Tinamou_sound\Highland Tinamou11.wav,converted,32000,1,90.432,"[mp3 @ 0000013dd86a5640] Estimating duration from bitrate, this may be inaccurate
"
Highland Tinamou_sound/Highland Tinamou12,D:\other\Bird\Dataset\CC0\Highland Tinamou_sound\Highland Tinamou12.mp3,D:\other\Bird\Code\data\kaggle_wav_cache\Highland Tinamou_sound\Highland Tinamou12.wav,converted,32000,1,140.826125,"[mp3 @ 000002751be05640] Estimating duration from bitrate, this may be inaccurate
"
Highland Tinamou_sound/Highland Tinamou13,D:\other\Bird\Dataset\CC0\Highland Tinamou_sound\Highland Tinamou13.mp3,D:\other\Bird\Code\data\kaggle_wav_cache\Highland Tinamou_sound\Highland Tinamou13.wav,converted,32000,1,81.4236875,"[mp3 @ 0000018fe20d5640] Estimating duration from bitrate, this may be inaccurate
"
Highland Tinamou_sound/Highland Tinamou14,D:\other\Bird\Dataset\CC0\Highland Tinamou_sound\Highland Tinamou14.mp3,D:\other\Bird\Code\data\kaggle_wav_cache\Highland Tinamou_sound\Highland Tinamou14.wav,converted,32000,1,111.80409375,"[mp3 @ 000001981e1b5640] Estimating duration from bitrate, this may be inaccurate
"
Highland Tinamou_sound/Highland Tinamou15,D:\other\Bird\Dataset\CC0\Highland Tinamou_sound\Highland Tinamou15.mp3,D:\other\Bird\Code\data\kaggle_wav_cache\Highland Tinamou_sound\Highland Tinamou15.wav,converted,32000,1,270.81140625,"[mp3 @ 00000252e7365640] Estimating duration from bitrate, this may be inaccurate
"
Highland Tinamou_sound/Highland Tinamou16,D:\other\Bird\Dataset\CC0\Highland Tinamou_sound\Highland Tinamou16.mp3,D:\other\Bird\Code\data\kaggle_wav_cache\Highland Tinamou_sound\Highland Tinamou16.wav,converted,32000,1,119.61471875,"[mp3 @ 0000017231835640] Estimating duration from bitrate, this may be inaccurate
"
Highland Tinamou_sound/Highland Tinamou17,D:\other\Bird\Dataset\CC0\Highland Tinamou_sound\Highland Tinamou17.mp3,D:\other\Bird\Code\data\kaggle_wav_cache\Highland Tinamou_sound\Highland Tinamou17.wav,converted,32000,1,119.61471875,"[mp3 @ 00000238f02f5640] Estimating duration from bitrate, this may be inaccurate
"
Highland Tinamou_sound/Highland Tinamou18,D:\other\Bird\Dataset\CC0\Highland Tinamou_sound\Highland Tinamou18.mp3,D:\other\Bird\Code\data\kaggle_wav_cache\Highland Tinamou_sound\Highland Tinamou18.wav,converted,32000,1,94.48071875,
Highland Tinamou_sound/Highland Tinamou2,D:\other\Bird\Dataset\CC0\Highland Tinamou_sound\Highland Tinamou2.mp3,D:\other\Bird\Code\data\kaggle_wav_cache\Highland Tinamou_sound\Highland Tinamou2.wav,converted,32000,1,15.69728125,
Highland Tinamou_sound/Highland Tinamou19,D:\other\Bird\Dataset\CC0\Highland Tinamou_sound\Highland Tinamou19.mp3,D:\other\Bird\Code\data\kaggle_wav_cache\Highland Tinamou_sound\Highland Tinamou19.wav,converted,32000,1,94.48071875,
Highland Tinamou_sound/Highland Tinamou20,D:\other\Bird\Dataset\CC0\Highland Tinamou_sound\Highland Tinamou20.mp3,D:\other\Bird\Code\data\kaggle_wav_cache\Highland Tinamou_sound\Highland Tinamou20.wav,converted,32000,1,25.1820625,
Highland Tinamou_sound/Highland Tinamou21,D:\other\Bird\Dataset\CC0\Highland Tinamou_sound\Highland Tinamou21.mp3,D:\other\Bird\Code\data\kaggle_wav_cache\Highland Tinamou_sound\Highland Tinamou21.wav,converted,32000,1,25.1820625,
Highland Tinamou_sound/Highland Tinamou22,D:\other\Bird\Dataset\CC0\Highland Tinamou_sound\Highland Tinamou22.mp3,D:\other\Bird\Code\data\kaggle_wav_cache\Highland Tinamou_sound\Highland Tinamou22.wav,converted,32000,1,25.1820625,
Highland Tinamou_sound/Highland Tinamou23,D:\other\Bird\Dataset\CC0\Highland Tinamou_sound\Highland Tinamou23.mp3,D:\other\Bird\Code\data\kaggle_wav_cache\Highland Tinamou_sound\Highland Tinamou23.wav,converted,32000,1,98.769,"[mp3 @ 0000020d14b75640] Estimating duration from bitrate, this may be inaccurate
"
Highland Tinamou_sound/Highland Tinamou24,D:\other\Bird\Dataset\CC0\Highland Tinamou_sound\Highland Tinamou24.mp3,D:\other\Bird\Code\data\kaggle_wav_cache\Highland Tinamou_sound\Highland Tinamou24.wav,converted,32000,1,26.4359375,"[mp3 @ 0000019a1bb65640] Estimating duration from bitrate, this may be inaccurate
"
Highland Tinamou_sound/Highland Tinamou25,D:\other\Bird\Dataset\CC0\Highland Tinamou_sound\Highland Tinamou25.mp3,D:\other\Bird\Code\data\kaggle_wav_cache\Highland Tinamou_sound\Highland Tinamou25.wav,converted,32000,1,21.60328125,"[mp3 @ 00000175a2fe5640] Estimating duration from bitrate, this may be inaccurate
"
Highland Tinamou_sound/Highland Tinamou26,D:\other\Bird\Dataset\CC0\Highland Tinamou_sound\Highland Tinamou26.mp3,D:\other\Bird\Code\data\kaggle_wav_cache\Highland Tinamou_sound\Highland Tinamou26.wav,converted,32000,1,68.44859375,
Highland Tinamou_sound/Highland Tinamou27,D:\other\Bird\Dataset\CC0\Highland Tinamou_sound\Highland Tinamou27.mp3,D:\other\Bird\Code\data\kaggle_wav_cache\Highland Tinamou_sound\Highland Tinamou27.wav,converted,32000,1,108.09471875,"[mp3 @ 000001a4cf0e5640] Estimating duration from bitrate, this may be inaccurate
"
Highland Tinamou_sound/Highland Tinamou28,D:\other\Bird\Dataset\CC0\Highland Tinamou_sound\Highland Tinamou28.mp3,D:\other\Bird\Code\data\kaggle_wav_cache\Highland Tinamou_sound\Highland Tinamou28.wav,converted,32000,1,76.72165625,"[mp3 @ 000001e80a0c5640] Estimating duration from bitrate, this may be inaccurate
"
Highland Tinamou_sound/Highland Tinamou3,D:\other\Bird\Dataset\CC0\Highland Tinamou_sound\Highland Tinamou3.mp3,D:\other\Bird\Code\data\kaggle_wav_cache\Highland Tinamou_sound\Highland Tinamou3.wav,converted,32000,1,15.69728125,
Highland Tinamou_sound/Highland Tinamou29,D:\other\Bird\Dataset\CC0\Highland Tinamou_sound\Highland Tinamou29.mp3,D:\other\Bird\Code\data\kaggle_wav_cache\Highland Tinamou_sound\Highland Tinamou29.wav,converted,32000,1,76.72165625,"[mp3 @ 000002abd2155640] Estimating duration from bitrate, this may be inaccurate
"
Highland Tinamou_sound/Highland Tinamou30,D:\other\Bird\Dataset\CC0\Highland Tinamou_sound\Highland Tinamou30.mp3,D:\other\Bird\Code\data\kaggle_wav_cache\Highland Tinamou_sound\Highland Tinamou30.wav,converted,32000,1,76.72165625,"[mp3 @ 000002da14415640] Estimating duration from bitrate, this may be inaccurate
"
Highland Tinamou_sound/Highland Tinamou31,D:\other\Bird\Dataset\CC0\Highland Tinamou_sound\Highland Tinamou31.mp3,D:\other\Bird\Code\data\kaggle_wav_cache\Highland Tinamou_sound\Highland Tinamou31.wav,converted,32000,1,76.72165625,"[mp3 @ 000002544e115640] Estimating duration from bitrate, this may be inaccurate
"
Highland Tinamou_sound/Highland Tinamou4,D:\other\Bird\Dataset\CC0\Highland Tinamou_sound\Highland Tinamou4.mp3,D:\other\Bird\Code\data\kaggle_wav_cache\Highland Tinamou_sound\Highland Tinamou4.wav,converted,32000,1,35.70940625,"[mp3 @ 000001cf3b925640] Estimating duration from bitrate, this may be inaccurate
"
Highland Tinamou_sound/Highland Tinamou5,D:\other\Bird\Dataset\CC0\Highland Tinamou_sound\Highland Tinamou5.mp3,D:\other\Bird\Code\data\kaggle_wav_cache\Highland Tinamou_sound\Highland Tinamou5.wav,converted,32000,1,19.382875,"[mp3 @ 00000256d1a35640] Estimating duration from bitrate, this may be inaccurate
"
Highland Tinamou_sound/Highland Tinamou6,D:\other\Bird\Dataset\CC0\Highland Tinamou_sound\Highland Tinamou6.mp3,D:\other\Bird\Code\data\kaggle_wav_cache\Highland Tinamou_sound\Highland Tinamou6.wav,converted,32000,1,15.490625,
Highland Tinamou_sound/Highland Tinamou7,D:\other\Bird\Dataset\CC0\Highland Tinamou_sound\Highland Tinamou7.mp3,D:\other\Bird\Code\data\kaggle_wav_cache\Highland Tinamou_sound\Highland Tinamou7.wav,converted,32000,1,15.490625,
Highland Tinamou_sound/Highland Tinamou8,D:\other\Bird\Dataset\CC0\Highland Tinamou_sound\Highland Tinamou8.mp3,D:\other\Bird\Code\data\kaggle_wav_cache\Highland Tinamou_sound\Highland Tinamou8.wav,converted,32000,1,25.57390625,"[mp3 @ 0000025e621b5640] Estimating duration from bitrate, this may be inaccurate
"
Highland Tinamou_sound/Highland Tinamou9,D:\other\Bird\Dataset\CC0\Highland Tinamou_sound\Highland Tinamou9.mp3,D:\other\Bird\Code\data\kaggle_wav_cache\Highland Tinamou_sound\Highland Tinamou9.wav,converted,32000,1,28.25490625,
Hooded Tinamou_sound/Hooded Tinamou10,D:\other\Bird\Dataset\CC0\Hooded Tinamou_sound\Hooded Tinamou10.mp3,D:\other\Bird\Code\data\kaggle_wav_cache\Hooded Tinamou_sound\Hooded Tinamou10.wav,converted,32000,1,60.96703125,
Hooded Tinamou_sound/Hooded Tinamou11,D:\other\Bird\Dataset\CC0\Hooded Tinamou_sound\Hooded Tinamou11.mp3,D:\other\Bird\Code\data\kaggle_wav_cache\Hooded Tinamou_sound\Hooded Tinamou11.wav,converted,32000,1,65.9649375,
Hooded Tinamou_sound/Hooded Tinamou12,D:\other\Bird\Dataset\CC0\Hooded Tinamou_sound\Hooded Tinamou12.mp3,D:\other\Bird\Code\data\kaggle_wav_cache\Hooded Tinamou_sound\Hooded Tinamou12.wav,converted,32000,1,11.52,"[mp3 @ 0000015a91b255c0] Estimating duration from bitrate, this may be inaccurate
"
Hooded Tinamou_sound/Hooded Tinamou13,D:\other\Bird\Dataset\CC0\Hooded Tinamou_sound\Hooded Tinamou13.mp3,D:\other\Bird\Code\data\kaggle_wav_cache\Hooded Tinamou_sound\Hooded Tinamou13.wav,converted,32000,1,33.3845,"[mp3 @ 00000265dfee55c0] Estimating duration from bitrate, this may be inaccurate
"
Hooded Tinamou_sound/Hooded Tinamou14,D:\other\Bird\Dataset\CC0\Hooded Tinamou_sound\Hooded Tinamou14.mp3,D:\other\Bird\Code\data\kaggle_wav_cache\Hooded Tinamou_sound\Hooded Tinamou14.wav,converted,32000,1,33.3845,"[mp3 @ 000001a9b0f955c0] Estimating duration from bitrate, this may be inaccurate
"
Hooded Tinamou_sound/Hooded Tinamou15,D:\other\Bird\Dataset\CC0\Hooded Tinamou_sound\Hooded Tinamou15.mp3,D:\other\Bird\Code\data\kaggle_wav_cache\Hooded Tinamou_sound\Hooded Tinamou15.wav,converted,32000,1,36.4891875,
Hooded Tinamou_sound/Hooded Tinamou16,D:\other\Bird\Dataset\CC0\Hooded Tinamou_sound\Hooded Tinamou16.mp3,D:\other\Bird\Code\data\kaggle_wav_cache\Hooded Tinamou_sound\Hooded Tinamou16.wav,converted,32000,1,13.06125,"[mp3 @ 000002d73f9755c0] Estimating duration from bitrate, this may be inaccurate
"
Hooded Tinamou_sound/Hooded Tinamou2,D:\other\Bird\Dataset\CC0\Hooded Tinamou_sound\Hooded Tinamou2.mp3,D:\other\Bird\Code\data\kaggle_wav_cache\Hooded Tinamou_sound\Hooded Tinamou2.wav,converted,32000,1,15.85634375,"[mp3 @ 000001e9658055c0] Estimating duration from bitrate, this may be inaccurate
"
Hooded Tinamou_sound/Hooded Tinamou3,D:\other\Bird\Dataset\CC0\Hooded Tinamou_sound\Hooded Tinamou3.mp3,D:\other\Bird\Code\data\kaggle_wav_cache\Hooded Tinamou_sound\Hooded Tinamou3.wav,converted,32000,1,15.85634375,"[mp3 @ 00000268b13055c0] Estimating duration from bitrate, this may be inaccurate
"
Hooded Tinamou_sound/Hooded Tinamou4,D:\other\Bird\Dataset\CC0\Hooded Tinamou_sound\Hooded Tinamou4.mp3,D:\other\Bird\Code\data\kaggle_wav_cache\Hooded Tinamou_sound\Hooded Tinamou4.wav,converted,32000,1,15.85634375,"[mp3 @ 0000013d93fa55c0] Estimating duration from bitrate, this may be inaccurate
"
Hooded Tinamou_sound/Hooded Tinamou5,D:\other\Bird\Dataset\CC0\Hooded Tinamou_sound\Hooded Tinamou5.mp3,D:\other\Bird\Code\data\kaggle_wav_cache\Hooded Tinamou_sound\Hooded Tinamou5.wav,converted,32000,1,15.85634375,"[mp3 @ 00000291142f55c0] Estimating duration from bitrate, this may be inaccurate
"
Hooded Tinamou_sound/Hooded Tinamou7,D:\other\Bird\Dataset\CC0\Hooded Tinamou_sound\Hooded Tinamou7.mp3,D:\other\Bird\Code\data\kaggle_wav_cache\Hooded Tinamou_sound\Hooded Tinamou7.wav,converted,32000,1,25.1298125,"[mp3 @ 000002e3449d55c0] Estimating duration from bitrate, this may be inaccurate
"
Hooded Tinamou_sound/Hooded Tinamou6,D:\other\Bird\Dataset\CC0\Hooded Tinamou_sound\Hooded Tinamou6.mp3,D:\other\Bird\Code\data\kaggle_wav_cache\Hooded Tinamou_sound\Hooded Tinamou6.wav,converted,32000,1,115.278375,"[mp3 @ 000001fe773255c0] Estimating duration from bitrate, this may be inaccurate
"
Hooded Tinamou_sound/Hooded Tinamou8,D:\other\Bird\Dataset\CC0\Hooded Tinamou_sound\Hooded Tinamou8.mp3,D:\other\Bird\Code\data\kaggle_wav_cache\Hooded Tinamou_sound\Hooded Tinamou8.wav,converted,32000,1,28.3946875,"Guessed Channel Layout for Input Stream #0.0 : mono
"
Hooded Tinamou_sound/Hooded Tinamou9,D:\other\Bird\Dataset\CC0\Hooded Tinamou_sound\Hooded Tinamou9.mp3,D:\other\Bird\Code\data\kaggle_wav_cache\Hooded Tinamou_sound\Hooded Tinamou9.wav,converted,32000,1,28.3946875,"Guessed Channel Layout for Input Stream #0.0 : mono
"
Huayco Tinamou_sound/Huayco Tinamou10,D:\other\Bird\Dataset\CC0\Huayco Tinamou_sound\Huayco Tinamou10.mp3,D:\other\Bird\Code\data\kaggle_wav_cache\Huayco Tinamou_sound\Huayco Tinamou10.wav,converted,32000,1,11.46778125,"[mp3 @ 00000239301855c0] Estimating duration from bitrate, this may be inaccurate
"
Huayco Tinamou_sound/Huayco Tinamou11,D:\other\Bird\Dataset\CC0\Huayco Tinamou_sound\Huayco Tinamou11.mp3,D:\other\Bird\Code\data\kaggle_wav_cache\Huayco Tinamou_sound\Huayco Tinamou11.wav,converted,32000,1,11.46778125,"[mp3 @ 0000019da46c55c0] Estimating duration from bitrate, this may be inaccurate
"
Huayco Tinamou_sound/Huayco Tinamou2,D:\other\Bird\Dataset\CC0\Huayco Tinamou_sound\Huayco Tinamou2.mp3,D:\other\Bird\Code\data\kaggle_wav_cache\Huayco Tinamou_sound\Huayco Tinamou2.wav,converted,32000,1,5.544,"[mp3 @ 00000226d83655c0] Estimating duration from bitrate, this may be inaccurate
"
Huayco Tinamou_sound/Huayco Tinamou3,D:\other\Bird\Dataset\CC0\Huayco Tinamou_sound\Huayco Tinamou3.mp3,D:\other\Bird\Code\data\kaggle_wav_cache\Huayco Tinamou_sound\Huayco Tinamou3.wav,converted,32000,1,5.544,"[mp3 @ 000002b8b35a55c0] Estimating duration from bitrate, this may be inaccurate
"
Huayco Tinamou_sound/Huayco Tinamou4,D:\other\Bird\Dataset\CC0\Huayco Tinamou_sound\Huayco Tinamou4.mp3,D:\other\Bird\Code\data\kaggle_wav_cache\Huayco Tinamou_sound\Huayco Tinamou4.wav,converted,32000,1,77.7143125,"[mp3 @ 000002d97a8655c0] Estimating duration from bitrate, this may be inaccurate
"
Huayco Tinamou_sound/Huayco Tinamou5,D:\other\Bird\Dataset\CC0\Huayco Tinamou_sound\Huayco Tinamou5.mp3,D:\other\Bird\Code\data\kaggle_wav_cache\Huayco Tinamou_sound\Huayco Tinamou5.wav,converted,32000,1,102.64446875,
Huayco Tinamou_sound/Huayco Tinamou6,D:\other\Bird\Dataset\CC0\Huayco Tinamou_sound\Huayco Tinamou6.mp3,D:\other\Bird\Code\data\kaggle_wav_cache\Huayco Tinamou_sound\Huayco Tinamou6.wav,converted,32000,1,32.05225,"[mp3 @ 0000022a7b1055c0] Estimating duration from bitrate, this may be inaccurate
"
Huayco Tinamou_sound/Huayco Tinamou7,D:\other\Bird\Dataset\CC0\Huayco Tinamou_sound\Huayco Tinamou7.mp3,D:\other\Bird\Code\data\kaggle_wav_cache\Huayco Tinamou_sound\Huayco Tinamou7.wav,converted,32000,1,246.5698125,"[mp3 @ 000001b84f9c55c0] Estimating duration from bitrate, this may be inaccurate
"
Huayco Tinamou_sound/Huayco Tinamou8,D:\other\Bird\Dataset\CC0\Huayco Tinamou_sound\Huayco Tinamou8.mp3,D:\other\Bird\Code\data\kaggle_wav_cache\Huayco Tinamou_sound\Huayco Tinamou8.wav,converted,32000,1,246.5698125,"[mp3 @ 000002590c7055c0] Estimating duration from bitrate, this may be inaccurate
"
Lesser Nothura_sound/Lesser Nothura10,D:\other\Bird\Dataset\CC0\Lesser Nothura_sound\Lesser Nothura10.mp3,D:\other\Bird\Code\data\kaggle_wav_cache\Lesser Nothura_sound\Lesser Nothura10.wav,converted,32000,1,9.482,
Huayco Tinamou_sound/Huayco Tinamou9,D:\other\Bird\Dataset\CC0\Huayco Tinamou_sound\Huayco Tinamou9.mp3,D:\other\Bird\Code\data\kaggle_wav_cache\Huayco Tinamou_sound\Huayco Tinamou9.wav,converted,32000,1,246.5698125,"[mp3 @ 000002a950c555c0] Estimating duration from bitrate, this may be inaccurate
"
Lesser Nothura_sound/Lesser Nothura11,D:\other\Bird\Dataset\CC0\Lesser Nothura_sound\Lesser Nothura11.mp3,D:\other\Bird\Code\data\kaggle_wav_cache\Lesser Nothura_sound\Lesser Nothura11.wav,converted,32000,1,13.5575625,"[mp3 @ 000001fc7acf55c0] Estimating duration from bitrate, this may be inaccurate
"
Lesser Nothura_sound/Lesser Nothura2,D:\other\Bird\Dataset\CC0\Lesser Nothura_sound\Lesser Nothura2.mp3,D:\other\Bird\Code\data\kaggle_wav_cache\Lesser Nothura_sound\Lesser Nothura2.wav,converted,32000,1,44.66940625,"[mp3 @ 00000240749255c0] Estimating duration from bitrate, this may be inaccurate
"
Lesser Nothura_sound/Lesser Nothura3,D:\other\Bird\Dataset\CC0\Lesser Nothura_sound\Lesser Nothura3.mp3,D:\other\Bird\Code\data\kaggle_wav_cache\Lesser Nothura_sound\Lesser Nothura3.wav,converted,32000,1,44.66940625,"[mp3 @ 00000203b7fe55c0] Estimating duration from bitrate, this may be inaccurate
"
Lesser Nothura_sound/Lesser Nothura4,D:\other\Bird\Dataset\CC0\Lesser Nothura_sound\Lesser Nothura4.mp3,D:\other\Bird\Code\data\kaggle_wav_cache\Lesser Nothura_sound\Lesser Nothura4.wav,converted,32000,1,44.66940625,"[mp3 @ 0000013855e855c0] Estimating duration from bitrate, this may be inaccurate
"
Lesser Nothura_sound/Lesser Nothura5,D:\other\Bird\Dataset\CC0\Lesser Nothura_sound\Lesser Nothura5.mp3,D:\other\Bird\Code\data\kaggle_wav_cache\Lesser Nothura_sound\Lesser Nothura5.wav,converted,32000,1,6.26165625,
Lesser Nothura_sound/Lesser Nothura6,D:\other\Bird\Dataset\CC0\Lesser Nothura_sound\Lesser Nothura6.mp3,D:\other\Bird\Code\data\kaggle_wav_cache\Lesser Nothura_sound\Lesser Nothura6.wav,converted,32000,1,15.9705,
Lesser Nothura_sound/Lesser Nothura7,D:\other\Bird\Dataset\CC0\Lesser Nothura_sound\Lesser Nothura7.mp3,D:\other\Bird\Code\data\kaggle_wav_cache\Lesser Nothura_sound\Lesser Nothura7.wav,converted,32000,1,12.15165625,
Lesser Nothura_sound/Lesser Nothura8,D:\other\Bird\Dataset\CC0\Lesser Nothura_sound\Lesser Nothura8.mp3,D:\other\Bird\Code\data\kaggle_wav_cache\Lesser Nothura_sound\Lesser Nothura8.wav,converted,32000,1,13.24446875,
Lesser Nothura_sound/Lesser Nothura9,D:\other\Bird\Dataset\CC0\Lesser Nothura_sound\Lesser Nothura9.mp3,D:\other\Bird\Code\data\kaggle_wav_cache\Lesser Nothura_sound\Lesser Nothura9.wav,converted,32000,1,9.482,
Lesser Rhea_sound/Lesser Rhea2,D:\other\Bird\Dataset\CC0\Lesser Rhea_sound\Lesser Rhea2.mp3,D:\other\Bird\Code\data\kaggle_wav_cache\Lesser Rhea_sound\Lesser Rhea2.wav,converted,32000,1,22.7004375,"[mp3 @ 0000024509c855c0] Estimating duration from bitrate, this may be inaccurate
"
Lesser Rhea_sound/Lesser Rhea3,D:\other\Bird\Dataset\CC0\Lesser Rhea_sound\Lesser Rhea3.mp3,D:\other\Bird\Code\data\kaggle_wav_cache\Lesser Rhea_sound\Lesser Rhea3.wav,converted,32000,1,24.504,"[mp3 @ 000001142ec455c0] Estimating duration from bitrate, this may be inaccurate
"
Lesser Rhea_sound/Lesser Rhea4,D:\other\Bird\Dataset\CC0\Lesser Rhea_sound\Lesser Rhea4.mp3,D:\other\Bird\Code\data\kaggle_wav_cache\Lesser Rhea_sound\Lesser Rhea4.wav,converted,32000,1,5.16,"[mp3 @ 0000029a872e55c0] Estimating duration from bitrate, this may be inaccurate
"
Lesser Rhea_sound/Lesser Rhea5,D:\other\Bird\Dataset\CC0\Lesser Rhea_sound\Lesser Rhea5.mp3,D:\other\Bird\Code\data\kaggle_wav_cache\Lesser Rhea_sound\Lesser Rhea5.wav,converted,32000,1,12.1265,
Little Chachalaca_sound/Little Chachalaca10,D:\other\Bird\Dataset\CC0\Little Chachalaca_sound\Little Chachalaca10.mp3,D:\other\Bird\Code\data\kaggle_wav_cache\Little Chachalaca_sound\Little Chachalaca10.wav,converted,32000,1,12.11325,
Little Chachalaca_sound/Little Chachalaca11,D:\other\Bird\Dataset\CC0\Little Chachalaca_sound\Little Chachalaca11.mp3,D:\other\Bird\Code\data\kaggle_wav_cache\Little Chachalaca_sound\Little Chachalaca11.wav,converted,32000,1,12.11325,
Little Chachalaca_sound/Little Chachalaca12,D:\other\Bird\Dataset\CC0\Little Chachalaca_sound\Little Chachalaca12.mp3,D:\other\Bird\Code\data\kaggle_wav_cache\Little Chachalaca_sound\Little Chachalaca12.wav,converted,32000,1,12.11325,
Little Chachalaca_sound/Little Chachalaca13,D:\other\Bird\Dataset\CC0\Little Chachalaca_sound\Little Chachalaca13.mp3,D:\other\Bird\Code\data\kaggle_wav_cache\Little Chachalaca_sound\Little Chachalaca13.wav,converted,32000,1,10.41628125,
Little Chachalaca_sound/Little Chachalaca15,D:\other\Bird\Dataset\CC0\Little Chachalaca_sound\Little Chachalaca15.mp3,D:\other\Bird\Code\data\kaggle_wav_cache\Little Chachalaca_sound\Little Chachalaca15.wav,converted,32000,1,11.2948125,
Little Chachalaca_sound/Little Chachalaca14,D:\other\Bird\Dataset\CC0\Little Chachalaca_sound\Little Chachalaca14.mp3,D:\other\Bird\Code\data\kaggle_wav_cache\Little Chachalaca_sound\Little Chachalaca14.wav,converted,32000,1,56.58603125,
Little Chachalaca_sound/Little Chachalaca16,D:\other\Bird\Dataset\CC0\Little Chachalaca_sound\Little Chachalaca16.mp3,D:\other\Bird\Code\data\kaggle_wav_cache\Little Chachalaca_sound\Little Chachalaca16.wav,converted,32000,1,11.2948125,
Little Chachalaca_sound/Little Chachalaca17,D:\other\Bird\Dataset\CC0\Little Chachalaca_sound\Little Chachalaca17.mp3,D:\other\Bird\Code\data\kaggle_wav_cache\Little Chachalaca_sound\Little Chachalaca17.wav,converted,32000,1,48.0653125,"[mp3 @ 000001e1c6475600] Estimating duration from bitrate, this may be inaccurate
"
Little Chachalaca_sound/Little Chachalaca18,D:\other\Bird\Dataset\CC0\Little Chachalaca_sound\Little Chachalaca18.mp3,D:\other\Bird\Code\data\kaggle_wav_cache\Little Chachalaca_sound\Little Chachalaca18.wav,converted,32000,1,48.0653125,"[mp3 @ 0000020120075600] Estimating duration from bitrate, this may be inaccurate
"
Little Chachalaca_sound/Little Chachalaca19,D:\other\Bird\Dataset\CC0\Little Chachalaca_sound\Little Chachalaca19.mp3,D:\other\Bird\Code\data\kaggle_wav_cache\Little Chachalaca_sound\Little Chachalaca19.wav,converted,32000,1,48.0653125,"[mp3 @ 0000016061575600] Estimating duration from bitrate, this may be inaccurate
"
Little Chachalaca_sound/Little Chachalaca2,D:\other\Bird\Dataset\CC0\Little Chachalaca_sound\Little Chachalaca2.mp3,D:\other\Bird\Code\data\kaggle_wav_cache\Little Chachalaca_sound\Little Chachalaca2.wav,converted,32000,1,77.11346875,
Little Chachalaca_sound/Little Chachalaca20,D:\other\Bird\Dataset\CC0\Little Chachalaca_sound\Little Chachalaca20.mp3,D:\other\Bird\Code\data\kaggle_wav_cache\Little Chachalaca_sound\Little Chachalaca20.wav,converted,32000,1,22.38696875,"[mp3 @ 00000248bc9a5600] Estimating duration from bitrate, this may be inaccurate
"
Little Chachalaca_sound/Little Chachalaca21,D:\other\Bird\Dataset\CC0\Little Chachalaca_sound\Little Chachalaca21.mp3,D:\other\Bird\Code\data\kaggle_wav_cache\Little Chachalaca_sound\Little Chachalaca21.wav,converted,32000,1,8.1799375,
Little Chachalaca_sound/Little Chachalaca22,D:\other\Bird\Dataset\CC0\Little Chachalaca_sound\Little Chachalaca22.mp3,D:\other\Bird\Code\data\kaggle_wav_cache\Little Chachalaca_sound\Little Chachalaca22.wav,converted,32000,1,29.4180625,
Little Chachalaca_sound/Little Chachalaca23,D:\other\Bird\Dataset\CC0\Little Chachalaca_sound\Little Chachalaca23.mp3,D:\other\Bird\Code\data\kaggle_wav_cache\Little Chachalaca_sound\Little Chachalaca23.wav,converted,32000,1,28.57475,
Little Chachalaca_sound/Little Chachalaca24,D:\other\Bird\Dataset\CC0\Little Chachalaca_sound\Little Chachalaca24.mp3,D:\other\Bird\Code\data\kaggle_wav_cache\Little Chachalaca_sound\Little Chachalaca24.wav,converted,32000,1,13.7891875,
Little Chachalaca_sound/Little Chachalaca25,D:\other\Bird\Dataset\CC0\Little Chachalaca_sound\Little Chachalaca25.mp3,D:\other\Bird\Code\data\kaggle_wav_cache\Little Chachalaca_sound\Little Chachalaca25.wav,converted,32000,1,10.15421875,
Little Chachalaca_sound/Little Chachalaca26,D:\other\Bird\Dataset\CC0\Little Chachalaca_sound\Little Chachalaca26.mp3,D:\other\Bird\Code\data\kaggle_wav_cache\Little Chachalaca_sound\Little Chachalaca26.wav,converted,32000,1,75.708,"[mp3 @ 0000023b4f095600] Estimating duration from bitrate, this may be inaccurate
"
Little Chachalaca_sound/Little Chachalaca27,D:\other\Bird\Dataset\CC0\Little Chachalaca_sound\Little Chachalaca27.mp3,D:\other\Bird\Code\data\kaggle_wav_cache\Little Chachalaca_sound\Little Chachalaca27.wav,converted,32000,1,75.708,"[mp3 @ 00000142fae65600] Estimating duration from bitrate, this may be inaccurate
"
Little Chachalaca_sound/Little Chachalaca28,D:\other\Bird\Dataset\CC0\Little Chachalaca_sound\Little Chachalaca28.mp3,D:\other\Bird\Code\data\kaggle_wav_cache\Little Chachalaca_sound\Little Chachalaca28.wav,converted,32000,1,25.05140625,"[mp3 @ 000001c6d4fb5600] Estimating duration from bitrate, this may be inaccurate
"
Little Chachalaca_sound/Little Chachalaca29,D:\other\Bird\Dataset\CC0\Little Chachalaca_sound\Little Chachalaca29.mp3,D:\other\Bird\Code\data\kaggle_wav_cache\Little Chachalaca_sound\Little Chachalaca29.wav,converted,32000,1,25.05140625,"[mp3 @ 000002b975f95600] Estimating duration from bitrate, this may be inaccurate
"
Little Chachalaca_sound/Little Chachalaca3,D:\other\Bird\Dataset\CC0\Little Chachalaca_sound\Little Chachalaca3.mp3,D:\other\Bird\Code\data\kaggle_wav_cache\Little Chachalaca_sound\Little Chachalaca3.wav,converted,32000,1,77.11346875,
Little Chachalaca_sound/Little Chachalaca30,D:\other\Bird\Dataset\CC0\Little Chachalaca_sound\Little Chachalaca30.mp3,D:\other\Bird\Code\data\kaggle_wav_cache\Little Chachalaca_sound\Little Chachalaca30.wav,converted,32000,1,25.05140625,"[mp3 @ 0000027594d95600] Estimating duration from bitrate, this may be inaccurate
"
Little Chachalaca_sound/Little Chachalaca31,D:\other\Bird\Dataset\CC0\Little Chachalaca_sound\Little Chachalaca31.mp3,D:\other\Bird\Code\data\kaggle_wav_cache\Little Chachalaca_sound\Little Chachalaca31.wav,converted,32000,1,15.12490625,"[mp3 @ 000002e987bd5600] Estimating duration from bitrate, this may be inaccurate
"
Little Chachalaca_sound/Little Chachalaca4,D:\other\Bird\Dataset\CC0\Little Chachalaca_sound\Little Chachalaca4.mp3,D:\other\Bird\Code\data\kaggle_wav_cache\Little Chachalaca_sound\Little Chachalaca4.wav,converted,32000,1,47.07265625,"[mp3 @ 000001df88905600] Estimating duration from bitrate, this may be inaccurate
"
Little Chachalaca_sound/Little Chachalaca5,D:\other\Bird\Dataset\CC0\Little Chachalaca_sound\Little Chachalaca5.mp3,D:\other\Bird\Code\data\kaggle_wav_cache\Little Chachalaca_sound\Little Chachalaca5.wav,converted,32000,1,47.07265625,"[mp3 @ 000001c109f15600] Estimating duration from bitrate, this may be inaccurate
"
Little Chachalaca_sound/Little Chachalaca7,D:\other\Bird\Dataset\CC0\Little Chachalaca_sound\Little Chachalaca7.mp3,D:\other\Bird\Code\data\kaggle_wav_cache\Little Chachalaca_sound\Little Chachalaca7.wav,converted,32000,1,64.86409375,
Little Chachalaca_sound/Little Chachalaca6,D:\other\Bird\Dataset\CC0\Little Chachalaca_sound\Little Chachalaca6.mp3,D:\other\Bird\Code\data\kaggle_wav_cache\Little Chachalaca_sound\Little Chachalaca6.wav,converted,32000,1,210.048,"[mp3 @ 000002b8d8db5600] Estimating duration from bitrate, this may be inaccurate
"
Little Chachalaca_sound/Little Chachalaca8,D:\other\Bird\Dataset\CC0\Little Chachalaca_sound\Little Chachalaca8.mp3,D:\other\Bird\Code\data\kaggle_wav_cache\Little Chachalaca_sound\Little Chachalaca8.wav,converted,32000,1,12.11325,
Little Chachalaca_sound/Little Chachalaca9,D:\other\Bird\Dataset\CC0\Little Chachalaca_sound\Little Chachalaca9.mp3,D:\other\Bird\Code\data\kaggle_wav_cache\Little Chachalaca_sound\Little Chachalaca9.wav,converted,32000,1,12.11325,
Little Spotted Kiwi_sound/Little Spotted Kiwi2,D:\other\Bird\Dataset\CC0\Little Spotted Kiwi_sound\Little Spotted Kiwi2.mp3,D:\other\Bird\Code\data\kaggle_wav_cache\Little Spotted Kiwi_sound\Little Spotted Kiwi2.wav,converted,32000,1,5.476,
Little Spotted Kiwi_sound/Little Spotted Kiwi3,D:\other\Bird\Dataset\CC0\Little Spotted Kiwi_sound\Little Spotted Kiwi3.mp3,D:\other\Bird\Code\data\kaggle_wav_cache\Little Spotted Kiwi_sound\Little Spotted Kiwi3.wav,converted,32000,1,5.476,
Little Spotted Kiwi_sound/Little Spotted Kiwi4,D:\other\Bird\Dataset\CC0\Little Spotted Kiwi_sound\Little Spotted Kiwi4.mp3,D:\other\Bird\Code\data\kaggle_wav_cache\Little Spotted Kiwi_sound\Little Spotted Kiwi4.wav,converted,32000,1,16.770625,"[mp3 @ 000001c5b8ff5600] Estimating duration from bitrate, this may be inaccurate
"
Little Spotted Kiwi_sound/Little Spotted Kiwi5,D:\other\Bird\Dataset\CC0\Little Spotted Kiwi_sound\Little Spotted Kiwi5.mp3,D:\other\Bird\Code\data\kaggle_wav_cache\Little Spotted Kiwi_sound\Little Spotted Kiwi5.wav,converted,32000,1,51.46125,"[mp3 @ 0000020b76a05600] Estimating duration from bitrate, this may be inaccurate
[mp3float @ 0000020b76a07b00] Header missing
Error while decoding stream #0:0: Invalid data found when processing input
"
Little Spotted Kiwi_sound/Little Spotted Kiwi6,D:\other\Bird\Dataset\CC0\Little Spotted Kiwi_sound\Little Spotted Kiwi6.mp3,D:\other\Bird\Code\data\kaggle_wav_cache\Little Spotted Kiwi_sound\Little Spotted Kiwi6.wav,converted,32000,1,51.46125,"[mp3 @ 000001310e2f5600] Estimating duration from bitrate, this may be inaccurate
[mp3float @ 000001310e2f7b00] Header missing
Error while decoding stream #0:0: Invalid data found when processing input
"
Little Spotted Kiwi_sound/Little Spotted Kiwi7,D:\other\Bird\Dataset\CC0\Little Spotted Kiwi_sound\Little Spotted Kiwi7.mp3,D:\other\Bird\Code\data\kaggle_wav_cache\Little Spotted Kiwi_sound\Little Spotted Kiwi7.wav,converted,32000,1,20.7539375,
Little Tinamou_sound/Little Tinamou10,D:\other\Bird\Dataset\CC0\Little Tinamou_sound\Little Tinamou10.mp3,D:\other\Bird\Code\data\kaggle_wav_cache\Little Tinamou_sound\Little Tinamou10.wav,converted,32000,1,39.22878125,
Little Tinamou_sound/Little Tinamou11,D:\other\Bird\Dataset\CC0\Little Tinamou_sound\Little Tinamou11.mp3,D:\other\Bird\Code\data\kaggle_wav_cache\Little Tinamou_sound\Little Tinamou11.wav,converted,32000,1,13.5836875,
Little Tinamou_sound/Little Tinamou12,D:\other\Bird\Dataset\CC0\Little Tinamou_sound\Little Tinamou12.mp3,D:\other\Bird\Code\data\kaggle_wav_cache\Little Tinamou_sound\Little Tinamou12.wav,converted,32000,1,13.5836875,
Little Tinamou_sound/Little Tinamou13,D:\other\Bird\Dataset\CC0\Little Tinamou_sound\Little Tinamou13.mp3,D:\other\Bird\Code\data\kaggle_wav_cache\Little Tinamou_sound\Little Tinamou13.wav,converted,32000,1,13.5836875,
Little Tinamou_sound/Little Tinamou14,D:\other\Bird\Dataset\CC0\Little Tinamou_sound\Little Tinamou14.mp3,D:\other\Bird\Code\data\kaggle_wav_cache\Little Tinamou_sound\Little Tinamou14.wav,converted,32000,1,13.5836875,
Little Tinamou_sound/Little Tinamou15,D:\other\Bird\Dataset\CC0\Little Tinamou_sound\Little Tinamou15.mp3,D:\other\Bird\Code\data\kaggle_wav_cache\Little Tinamou_sound\Little Tinamou15.wav,converted,32000,1,13.5836875,
Little Tinamou_sound/Little Tinamou16,D:\other\Bird\Dataset\CC0\Little Tinamou_sound\Little Tinamou16.mp3,D:\other\Bird\Code\data\kaggle_wav_cache\Little Tinamou_sound\Little Tinamou16.wav,converted,32000,1,40.3620625,
Little Tinamou_sound/Little Tinamou17,D:\other\Bird\Dataset\CC0\Little Tinamou_sound\Little Tinamou17.mp3,D:\other\Bird\Code\data\kaggle_wav_cache\Little Tinamou_sound\Little Tinamou17.wav,converted,32000,1,19.64409375,"[mp3 @ 000002936f8455c0] Estimating duration from bitrate, this may be inaccurate
"
Little Tinamou_sound/Little Tinamou18,D:\other\Bird\Dataset\CC0\Little Tinamou_sound\Little Tinamou18.mp3,D:\other\Bird\Code\data\kaggle_wav_cache\Little Tinamou_sound\Little Tinamou18.wav,converted,32000,1,19.64409375,"[mp3 @ 000001effc0b55c0] Estimating duration from bitrate, this may be inaccurate
"
Little Tinamou_sound/Little Tinamou19,D:\other\Bird\Dataset\CC0\Little Tinamou_sound\Little Tinamou19.mp3,D:\other\Bird\Code\data\kaggle_wav_cache\Little Tinamou_sound\Little Tinamou19.wav,converted,32000,1,49.0579375,"[mp3 @ 000001f3ef5755c0] Estimating duration from bitrate, this may be inaccurate
"
Little Tinamou_sound/Little Tinamou2,D:\other\Bird\Dataset\CC0\Little Tinamou_sound\Little Tinamou2.mp3,D:\other\Bird\Code\data\kaggle_wav_cache\Little Tinamou_sound\Little Tinamou2.wav,converted,32000,1,37.66859375,"[mp3 @ 000001fe822d55c0] Estimating duration from bitrate, this may be inaccurate
"
Little Tinamou_sound/Little Tinamou20,D:\other\Bird\Dataset\CC0\Little Tinamou_sound\Little Tinamou20.mp3,D:\other\Bird\Code\data\kaggle_wav_cache\Little Tinamou_sound\Little Tinamou20.wav,converted,32000,1,49.0579375,"[mp3 @ 000001a1274a55c0] Estimating duration from bitrate, this may be inaccurate
"
Little Tinamou_sound/Little Tinamou21,D:\other\Bird\Dataset\CC0\Little Tinamou_sound\Little Tinamou21.mp3,D:\other\Bird\Code\data\kaggle_wav_cache\Little Tinamou_sound\Little Tinamou21.wav,converted,32000,1,32.738625,
Little Tinamou_sound/Little Tinamou22,D:\other\Bird\Dataset\CC0\Little Tinamou_sound\Little Tinamou22.mp3,D:\other\Bird\Code\data\kaggle_wav_cache\Little Tinamou_sound\Little Tinamou22.wav,converted,32000,1,32.738625,
Little Tinamou_sound/Little Tinamou23,D:\other\Bird\Dataset\CC0\Little Tinamou_sound\Little Tinamou23.mp3,D:\other\Bird\Code\data\kaggle_wav_cache\Little Tinamou_sound\Little Tinamou23.wav,converted,32000,1,32.738625,
Little Tinamou_sound/Little Tinamou24,D:\other\Bird\Dataset\CC0\Little Tinamou_sound\Little Tinamou24.mp3,D:\other\Bird\Code\data\kaggle_wav_cache\Little Tinamou_sound\Little Tinamou24.wav,converted,32000,1,32.738625,
Little Tinamou_sound/Little Tinamou25,D:\other\Bird\Dataset\CC0\Little Tinamou_sound\Little Tinamou25.mp3,D:\other\Bird\Code\data\kaggle_wav_cache\Little Tinamou_sound\Little Tinamou25.wav,converted,32000,1,32.738625,
Little Tinamou_sound/Little Tinamou26,D:\other\Bird\Dataset\CC0\Little Tinamou_sound\Little Tinamou26.mp3,D:\other\Bird\Code\data\kaggle_wav_cache\Little Tinamou_sound\Little Tinamou26.wav,converted,32000,1,32.738625,
Little Tinamou_sound/Little Tinamou27,D:\other\Bird\Dataset\CC0\Little Tinamou_sound\Little Tinamou27.mp3,D:\other\Bird\Code\data\kaggle_wav_cache\Little Tinamou_sound\Little Tinamou27.wav,converted,32000,1,32.738625,
Little Tinamou_sound/Little Tinamou28,D:\other\Bird\Dataset\CC0\Little Tinamou_sound\Little Tinamou28.mp3,D:\other\Bird\Code\data\kaggle_wav_cache\Little Tinamou_sound\Little Tinamou28.wav,converted,32000,1,32.738625,
Little Tinamou_sound/Little Tinamou3,D:\other\Bird\Dataset\CC0\Little Tinamou_sound\Little Tinamou3.mp3,D:\other\Bird\Code\data\kaggle_wav_cache\Little Tinamou_sound\Little Tinamou3.wav,converted,32000,1,37.66859375,"[mp3 @ 00000296ff1955c0] Estimating duration from bitrate, this may be inaccurate
"
Little Tinamou_sound/Little Tinamou29,D:\other\Bird\Dataset\CC0\Little Tinamou_sound\Little Tinamou29.mp3,D:\other\Bird\Code\data\kaggle_wav_cache\Little Tinamou_sound\Little Tinamou29.wav,converted,32000,1,32.738625,
Little Tinamou_sound/Little Tinamou30,D:\other\Bird\Dataset\CC0\Little Tinamou_sound\Little Tinamou30.mp3,D:\other\Bird\Code\data\kaggle_wav_cache\Little Tinamou_sound\Little Tinamou30.wav,converted,32000,1,32.738625,
Little Tinamou_sound/Little Tinamou31,D:\other\Bird\Dataset\CC0\Little Tinamou_sound\Little Tinamou31.mp3,D:\other\Bird\Code\data\kaggle_wav_cache\Little Tinamou_sound\Little Tinamou31.wav,converted,32000,1,136.5159375,"[mp3 @ 00000252b4e755c0] Estimating duration from bitrate, this may be inaccurate
"
Little Tinamou_sound/Little Tinamou4,D:\other\Bird\Dataset\CC0\Little Tinamou_sound\Little Tinamou4.mp3,D:\other\Bird\Code\data\kaggle_wav_cache\Little Tinamou_sound\Little Tinamou4.wav,converted,32000,1,37.66859375,"[mp3 @ 0000011cf74c55c0] Estimating duration from bitrate, this may be inaccurate
"
Little Tinamou_sound/Little Tinamou5,D:\other\Bird\Dataset\CC0\Little Tinamou_sound\Little Tinamou5.mp3,D:\other\Bird\Code\data\kaggle_wav_cache\Little Tinamou_sound\Little Tinamou5.wav,converted,32000,1,37.66859375,"[mp3 @ 0000021baff955c0] Estimating duration from bitrate, this may be inaccurate
"
Little Tinamou_sound/Little Tinamou6,D:\other\Bird\Dataset\CC0\Little Tinamou_sound\Little Tinamou6.mp3,D:\other\Bird\Code\data\kaggle_wav_cache\Little Tinamou_sound\Little Tinamou6.wav,converted,32000,1,16.0391875,"[mp3 @ 000001ef3dba55c0] Estimating duration from bitrate, this may be inaccurate
"
Little Tinamou_sound/Little Tinamou7,D:\other\Bird\Dataset\CC0\Little Tinamou_sound\Little Tinamou7.mp3,D:\other\Bird\Code\data\kaggle_wav_cache\Little Tinamou_sound\Little Tinamou7.wav,converted,32000,1,39.22878125,
Little Tinamou_sound/Little Tinamou8,D:\other\Bird\Dataset\CC0\Little Tinamou_sound\Little Tinamou8.mp3,D:\other\Bird\Code\data\kaggle_wav_cache\Little Tinamou_sound\Little Tinamou8.wav,converted,32000,1,39.22878125,
Maleo_sound/Maleo2,D:\other\Bird\Dataset\CC0\Maleo_sound\Maleo2.mp3,D:\other\Bird\Code\data\kaggle_wav_cache\Maleo_sound\Maleo2.wav,converted,32000,1,12.096,"[mp3 @ 000001e5b25955c0] Estimating duration from bitrate, this may be inaccurate
"
Little Tinamou_sound/Little Tinamou9,D:\other\Bird\Dataset\CC0\Little Tinamou_sound\Little Tinamou9.mp3,D:\other\Bird\Code\data\kaggle_wav_cache\Little Tinamou_sound\Little Tinamou9.wav,converted,32000,1,39.22878125,
Maleo_sound/Maleo3,D:\other\Bird\Dataset\CC0\Maleo_sound\Maleo3.mp3,D:\other\Bird\Code\data\kaggle_wav_cache\Maleo_sound\Maleo3.wav,converted,32000,1,12.096,"[mp3 @ 0000024d748d55c0] Estimating duration from bitrate, this may be inaccurate
"
Maleo_sound/Maleo4,D:\other\Bird\Dataset\CC0\Maleo_sound\Maleo4.mp3,D:\other\Bird\Code\data\kaggle_wav_cache\Maleo_sound\Maleo4.wav,converted,32000,1,12.096,"[mp3 @ 000002a0143255c0] Estimating duration from bitrate, this may be inaccurate
"
Maleo_sound/Maleo5,D:\other\Bird\Dataset\CC0\Maleo_sound\Maleo5.mp3,D:\other\Bird\Code\data\kaggle_wav_cache\Maleo_sound\Maleo5.wav,converted,32000,1,12.096,"[mp3 @ 00000129ad8355c0] Estimating duration from bitrate, this may be inaccurate
"
Maleo_sound/Maleo6,D:\other\Bird\Dataset\CC0\Maleo_sound\Maleo6.mp3,D:\other\Bird\Code\data\kaggle_wav_cache\Maleo_sound\Maleo6.wav,converted,32000,1,12.096,"[mp3 @ 000001c2c7c455c0] Estimating duration from bitrate, this may be inaccurate
"
Maleo_sound/Maleo7,D:\other\Bird\Dataset\CC0\Maleo_sound\Maleo7.mp3,D:\other\Bird\Code\data\kaggle_wav_cache\Maleo_sound\Maleo7.wav,converted,32000,1,12.096,"[mp3 @ 00000268de9155c0] Estimating duration from bitrate, this may be inaccurate
"
Maleo_sound/Maleo8,D:\other\Bird\Dataset\CC0\Maleo_sound\Maleo8.mp3,D:\other\Bird\Code\data\kaggle_wav_cache\Maleo_sound\Maleo8.wav,converted,32000,1,12.096,"[mp3 @ 0000017bcd2855c0] Estimating duration from bitrate, this may be inaccurate
"
Malleefowl_sound/Malleefowl3,D:\other\Bird\Dataset\CC0\Malleefowl_sound\Malleefowl3.mp3,D:\other\Bird\Code\data\kaggle_wav_cache\Malleefowl_sound\Malleefowl3.wav,converted,32000,1,26.9628125,
Malleefowl_sound/Malleefowl2,D:\other\Bird\Dataset\CC0\Malleefowl_sound\Malleefowl2.mp3,D:\other\Bird\Code\data\kaggle_wav_cache\Malleefowl_sound\Malleefowl2.wav,converted,32000,1,58.0,
Malleefowl_sound/Malleefowl4,D:\other\Bird\Dataset\CC0\Malleefowl_sound\Malleefowl4.mp3,D:\other\Bird\Code\data\kaggle_wav_cache\Malleefowl_sound\Malleefowl4.wav,converted,32000,1,22.7,
Malleefowl_sound/Malleefowl5,D:\other\Bird\Dataset\CC0\Malleefowl_sound\Malleefowl5.mp3,D:\other\Bird\Code\data\kaggle_wav_cache\Malleefowl_sound\Malleefowl5.wav,converted,32000,1,20.08425,
Malleefowl_sound/Malleefowl6,D:\other\Bird\Dataset\CC0\Malleefowl_sound\Malleefowl6.mp3,D:\other\Bird\Code\data\kaggle_wav_cache\Malleefowl_sound\Malleefowl6.wav,converted,32000,1,27.06625,
Malleefowl_sound/Malleefowl7,D:\other\Bird\Dataset\CC0\Malleefowl_sound\Malleefowl7.mp3,D:\other\Bird\Code\data\kaggle_wav_cache\Malleefowl_sound\Malleefowl7.wav,converted,32000,1,27.06625,
Malleefowl_sound/Malleefowl8,D:\other\Bird\Dataset\CC0\Malleefowl_sound\Malleefowl8.mp3,D:\other\Bird\Code\data\kaggle_wav_cache\Malleefowl_sound\Malleefowl8.wav,converted,32000,1,12.096,"[mp3 @ 0000025e3e7f55c0] Estimating duration from bitrate, this may be inaccurate
"
Malleefowl_sound/Malleefowl9,D:\other\Bird\Dataset\CC0\Malleefowl_sound\Malleefowl9.mp3,D:\other\Bird\Code\data\kaggle_wav_cache\Malleefowl_sound\Malleefowl9.wav,converted,32000,1,12.096,"[mp3 @ 000001804d7d55c0] Estimating duration from bitrate, this may be inaccurate
"
Marail Guan_sound/Marail Guan10,D:\other\Bird\Dataset\CC0\Marail Guan_sound\Marail Guan10.mp3,D:\other\Bird\Code\data\kaggle_wav_cache\Marail Guan_sound\Marail Guan10.wav,converted,32000,1,5.74696875,"[mp3 @ 0000020fc69055c0] Estimating duration from bitrate, this may be inaccurate
"
Marail Guan_sound/Marail Guan11,D:\other\Bird\Dataset\CC0\Marail Guan_sound\Marail Guan11.mp3,D:\other\Bird\Code\data\kaggle_wav_cache\Marail Guan_sound\Marail Guan11.wav,converted,32000,1,4.83265625,"[mp3 @ 000001e3961d55c0] Estimating duration from bitrate, this may be inaccurate
"
Marail Guan_sound/Marail Guan12,D:\other\Bird\Dataset\CC0\Marail Guan_sound\Marail Guan12.mp3,D:\other\Bird\Code\data\kaggle_wav_cache\Marail Guan_sound\Marail Guan12.wav,converted,32000,1,18.46228125,
Marail Guan_sound/Marail Guan13,D:\other\Bird\Dataset\CC0\Marail Guan_sound\Marail Guan13.mp3,D:\other\Bird\Code\data\kaggle_wav_cache\Marail Guan_sound\Marail Guan13.wav,converted,32000,1,7.0728125,
Marail Guan_sound/Marail Guan14,D:\other\Bird\Dataset\CC0\Marail Guan_sound\Marail Guan14.mp3,D:\other\Bird\Code\data\kaggle_wav_cache\Marail Guan_sound\Marail Guan14.wav,converted,32000,1,7.0728125,
Marail Guan_sound/Marail Guan15,D:\other\Bird\Dataset\CC0\Marail Guan_sound\Marail Guan15.mp3,D:\other\Bird\Code\data\kaggle_wav_cache\Marail Guan_sound\Marail Guan15.wav,converted,32000,1,8.5159375,"[mp3 @ 000001d1504855c0] Estimating duration from bitrate, this may be inaccurate
"
Marail Guan_sound/Marail Guan16,D:\other\Bird\Dataset\CC0\Marail Guan_sound\Marail Guan16.mp3,D:\other\Bird\Code\data\kaggle_wav_cache\Marail Guan_sound\Marail Guan16.wav,converted,32000,1,10.83490625,
Marail Guan_sound/Marail Guan17,D:\other\Bird\Dataset\CC0\Marail Guan_sound\Marail Guan17.mp3,D:\other\Bird\Code\data\kaggle_wav_cache\Marail Guan_sound\Marail Guan17.wav,converted,32000,1,15.74953125,
Marail Guan_sound/Marail Guan18,D:\other\Bird\Dataset\CC0\Marail Guan_sound\Marail Guan18.mp3,D:\other\Bird\Code\data\kaggle_wav_cache\Marail Guan_sound\Marail Guan18.wav,converted,32000,1,15.74953125,
Marail Guan_sound/Marail Guan2,D:\other\Bird\Dataset\CC0\Marail Guan_sound\Marail Guan2.mp3,D:\other\Bird\Code\data\kaggle_wav_cache\Marail Guan_sound\Marail Guan2.wav,converted,32000,1,45.32246875,"[mp3 @ 00000206caec55c0] Estimating duration from bitrate, this may be inaccurate
"
Marail Guan_sound/Marail Guan3,D:\other\Bird\Dataset\CC0\Marail Guan_sound\Marail Guan3.mp3,D:\other\Bird\Code\data\kaggle_wav_cache\Marail Guan_sound\Marail Guan3.wav,converted,32000,1,45.32246875,"[mp3 @ 000002641ca155c0] Estimating duration from bitrate, this may be inaccurate
"
Marail Guan_sound/Marail Guan4,D:\other\Bird\Dataset\CC0\Marail Guan_sound\Marail Guan4.mp3,D:\other\Bird\Code\data\kaggle_wav_cache\Marail Guan_sound\Marail Guan4.wav,converted,32000,1,45.32246875,"[mp3 @ 000002b67f1255c0] Estimating duration from bitrate, this may be inaccurate
"
Marail Guan_sound/Marail Guan5,D:\other\Bird\Dataset\CC0\Marail Guan_sound\Marail Guan5.mp3,D:\other\Bird\Code\data\kaggle_wav_cache\Marail Guan_sound\Marail Guan5.wav,converted,32000,1,6.84934375,
Marail Guan_sound/Marail Guan6,D:\other\Bird\Dataset\CC0\Marail Guan_sound\Marail Guan6.mp3,D:\other\Bird\Code\data\kaggle_wav_cache\Marail Guan_sound\Marail Guan6.wav,converted,32000,1,9.7384375,
Marail Guan_sound/Marail Guan7,D:\other\Bird\Dataset\CC0\Marail Guan_sound\Marail Guan7.mp3,D:\other\Bird\Code\data\kaggle_wav_cache\Marail Guan_sound\Marail Guan7.wav,converted,32000,1,33.24646875,
Marail Guan_sound/Marail Guan8,D:\other\Bird\Dataset\CC0\Marail Guan_sound\Marail Guan8.mp3,D:\other\Bird\Code\data\kaggle_wav_cache\Marail Guan_sound\Marail Guan8.wav,converted,32000,1,17.998375,
Marail Guan_sound/Marail Guan9,D:\other\Bird\Dataset\CC0\Marail Guan_sound\Marail Guan9.mp3,D:\other\Bird\Code\data\kaggle_wav_cache\Marail Guan_sound\Marail Guan9.wav,converted,32000,1,5.74696875,"[mp3 @ 0000022078c555c0] Estimating duration from bitrate, this may be inaccurate
"
Melanesian Megapode_sound/Melanesian Megapode10,D:\other\Bird\Dataset\CC0\Melanesian Megapode_sound\Melanesian Megapode10.mp3,D:\other\Bird\Code\data\kaggle_wav_cache\Melanesian Megapode_sound\Melanesian Megapode10.wav,converted,32000,1,17.4236875,"[mp3 @ 000002bfe0fa5600] Estimating duration from bitrate, this may be inaccurate
"
Melanesian Megapode_sound/Melanesian Megapode11,D:\other\Bird\Dataset\CC0\Melanesian Megapode_sound\Melanesian Megapode11.mp3,D:\other\Bird\Code\data\kaggle_wav_cache\Melanesian Megapode_sound\Melanesian Megapode11.wav,converted,32000,1,32.182875,"[mp3 @ 0000026e0c275600] Estimating duration from bitrate, this may be inaccurate
"
Melanesian Megapode_sound/Melanesian Megapode12,D:\other\Bird\Dataset\CC0\Melanesian Megapode_sound\Melanesian Megapode12.mp3,D:\other\Bird\Code\data\kaggle_wav_cache\Melanesian Megapode_sound\Melanesian Megapode12.wav,converted,32000,1,22.7004375,"[mp3 @ 000001b0f5925600] Estimating duration from bitrate, this may be inaccurate
"
Melanesian Megapode_sound/Melanesian Megapode13,D:\other\Bird\Dataset\CC0\Melanesian Megapode_sound\Melanesian Megapode13.mp3,D:\other\Bird\Code\data\kaggle_wav_cache\Melanesian Megapode_sound\Melanesian Megapode13.wav,converted,32000,1,100.33634375,"[mp3 @ 0000027167725600] Estimating duration from bitrate, this may be inaccurate
"
Melanesian Megapode_sound/Melanesian Megapode2,D:\other\Bird\Dataset\CC0\Melanesian Megapode_sound\Melanesian Megapode2.mp3,D:\other\Bird\Code\data\kaggle_wav_cache\Melanesian Megapode_sound\Melanesian Megapode2.wav,converted,32000,1,50.90671875,
Melanesian Megapode_sound/Melanesian Megapode3,D:\other\Bird\Dataset\CC0\Melanesian Megapode_sound\Melanesian Megapode3.mp3,D:\other\Bird\Code\data\kaggle_wav_cache\Melanesian Megapode_sound\Melanesian Megapode3.wav,converted,32000,1,68.4154375,
Melanesian Megapode_sound/Melanesian Megapode4,D:\other\Bird\Dataset\CC0\Melanesian Megapode_sound\Melanesian Megapode4.mp3,D:\other\Bird\Code\data\kaggle_wav_cache\Melanesian Megapode_sound\Melanesian Megapode4.wav,converted,32000,1,68.4154375,
Melanesian Megapode_sound/Melanesian Megapode5,D:\other\Bird\Dataset\CC0\Melanesian Megapode_sound\Melanesian Megapode5.mp3,D:\other\Bird\Code\data\kaggle_wav_cache\Melanesian Megapode_sound\Melanesian Megapode5.wav,converted,32000,1,68.4154375,
Melanesian Megapode_sound/Melanesian Megapode6,D:\other\Bird\Dataset\CC0\Melanesian Megapode_sound\Melanesian Megapode6.mp3,D:\other\Bird\Code\data\kaggle_wav_cache\Melanesian Megapode_sound\Melanesian Megapode6.wav,converted,32000,1,68.4154375,
Melanesian Megapode_sound/Melanesian Megapode7,D:\other\Bird\Dataset\CC0\Melanesian Megapode_sound\Melanesian Megapode7.mp3,D:\other\Bird\Code\data\kaggle_wav_cache\Melanesian Megapode_sound\Melanesian Megapode7.wav,converted,32000,1,3.03021875,"[mp3 @ 000001a0821f5600] Estimating duration from bitrate, this may be inaccurate
"
Melanesian Megapode_sound/Melanesian Megapode8,D:\other\Bird\Dataset\CC0\Melanesian Megapode_sound\Melanesian Megapode8.mp3,D:\other\Bird\Code\data\kaggle_wav_cache\Melanesian Megapode_sound\Melanesian Megapode8.wav,converted,32000,1,9.0645,"[mp3 @ 0000027c9b495600] Estimating duration from bitrate, this may be inaccurate
"
Melanesian Megapode_sound/Melanesian Megapode9,D:\other\Bird\Dataset\CC0\Melanesian Megapode_sound\Melanesian Megapode9.mp3,D:\other\Bird\Code\data\kaggle_wav_cache\Melanesian Megapode_sound\Melanesian Megapode9.wav,converted,32000,1,9.0645,"[mp3 @ 000001c83acf5600] Estimating duration from bitrate, this may be inaccurate
"
Micronesian Megapode_sound/Micronesian Megapode2,D:\other\Bird\Dataset\CC0\Micronesian Megapode_sound\Micronesian Megapode2.mp3,D:\other\Bird\Code\data\kaggle_wav_cache\Micronesian Megapode_sound\Micronesian Megapode2.wav,converted,32000,1,12.3036875,"[mp3 @ 0000023876415600] Estimating duration from bitrate, this may be inaccurate
"
Micronesian Megapode_sound/Micronesian Megapode3,D:\other\Bird\Dataset\CC0\Micronesian Megapode_sound\Micronesian Megapode3.mp3,D:\other\Bird\Code\data\kaggle_wav_cache\Micronesian Megapode_sound\Micronesian Megapode3.wav,converted,32000,1,29.30940625,"[mp3 @ 000001d806075600] Estimating duration from bitrate, this may be inaccurate
"
Micronesian Megapode_sound/Micronesian Megapode4,D:\other\Bird\Dataset\CC0\Micronesian Megapode_sound\Micronesian Megapode4.mp3,D:\other\Bird\Code\data\kaggle_wav_cache\Micronesian Megapode_sound\Micronesian Megapode4.wav,converted,32000,1,5.8775625,"[mp3 @ 00000288a49c5600] Estimating duration from bitrate, this may be inaccurate
"
Micronesian Megapode_sound/Micronesian Megapode6,D:\other\Bird\Dataset\CC0\Micronesian Megapode_sound\Micronesian Megapode6.mp3,D:\other\Bird\Code\data\kaggle_wav_cache\Micronesian Megapode_sound\Micronesian Megapode6.wav,converted,32000,1,3.918375,"[mp3 @ 0000025101a25600] Estimating duration from bitrate, this may be inaccurate
"
Micronesian Megapode_sound/Micronesian Megapode5,D:\other\Bird\Dataset\CC0\Micronesian Megapode_sound\Micronesian Megapode5.mp3,D:\other\Bird\Code\data\kaggle_wav_cache\Micronesian Megapode_sound\Micronesian Megapode5.wav,converted,32000,1,37.01553125,"[mp3 @ 0000019f88ec5600] Estimating duration from bitrate, this may be inaccurate
"
Micronesian Megapode_sound/Micronesian Megapode8,D:\other\Bird\Dataset\CC0\Micronesian Megapode_sound\Micronesian Megapode8.mp3,D:\other\Bird\Code\data\kaggle_wav_cache\Micronesian Megapode_sound\Micronesian Megapode8.wav,converted,32000,1,64.33959375,"[mp3 @ 0000012646a55600] Estimating duration from bitrate, this may be inaccurate
"
Micronesian Megapode_sound/Micronesian Megapode7,D:\other\Bird\Dataset\CC0\Micronesian Megapode_sound\Micronesian Megapode7.mp3,D:\other\Bird\Code\data\kaggle_wav_cache\Micronesian Megapode_sound\Micronesian Megapode7.wav,converted,32000,1,99.81390625,"[mp3 @ 0000022bb6de5600] Estimating duration from bitrate, this may be inaccurate
"
Moluccan Megapode_sound/Moluccan Megapode2,D:\other\Bird\Dataset\CC0\Moluccan Megapode_sound\Moluccan Megapode2.mp3,D:\other\Bird\Code\data\kaggle_wav_cache\Moluccan Megapode_sound\Moluccan Megapode2.wav,converted,32000,1,12.096,"[mp3 @ 000001d03b105600] Estimating duration from bitrate, this may be inaccurate
"
Moluccan Megapode_sound/Moluccan Megapode3,D:\other\Bird\Dataset\CC0\Moluccan Megapode_sound\Moluccan Megapode3.mp3,D:\other\Bird\Code\data\kaggle_wav_cache\Moluccan Megapode_sound\Moluccan Megapode3.wav,converted,32000,1,12.096,"[mp3 @ 0000022ea5975600] Estimating duration from bitrate, this may be inaccurate
"
Moluccan Megapode_sound/Moluccan Megapode4,D:\other\Bird\Dataset\CC0\Moluccan Megapode_sound\Moluccan Megapode4.mp3,D:\other\Bird\Code\data\kaggle_wav_cache\Moluccan Megapode_sound\Moluccan Megapode4.wav,converted,32000,1,12.096,"[mp3 @ 00000235dad25600] Estimating duration from bitrate, this may be inaccurate
"
Moluccan Megapode_sound/Moluccan Megapode5,D:\other\Bird\Dataset\CC0\Moluccan Megapode_sound\Moluccan Megapode5.mp3,D:\other\Bird\Code\data\kaggle_wav_cache\Moluccan Megapode_sound\Moluccan Megapode5.wav,converted,32000,1,12.096,"[mp3 @ 000001ac53125600] Estimating duration from bitrate, this may be inaccurate
"
Moluccan Megapode_sound/Moluccan Megapode6,D:\other\Bird\Dataset\CC0\Moluccan Megapode_sound\Moluccan Megapode6.mp3,D:\other\Bird\Code\data\kaggle_wav_cache\Moluccan Megapode_sound\Moluccan Megapode6.wav,converted,32000,1,12.096,"[mp3 @ 000002d12fa45600] Estimating duration from bitrate, this may be inaccurate
"
Moluccan Megapode_sound/Moluccan Megapode7,D:\other\Bird\Dataset\CC0\Moluccan Megapode_sound\Moluccan Megapode7.mp3,D:\other\Bird\Code\data\kaggle_wav_cache\Moluccan Megapode_sound\Moluccan Megapode7.wav,converted,32000,1,12.096,"[mp3 @ 00000286b1af5600] Estimating duration from bitrate, this may be inaccurate
"
New Guinea Scrubfowl_sound/New Guinea Scrubfowl2,D:\other\Bird\Dataset\CC0\New Guinea Scrubfowl_sound\New Guinea Scrubfowl2.mp3,D:\other\Bird\Code\data\kaggle_wav_cache\New Guinea Scrubfowl_sound\New Guinea Scrubfowl2.wav,converted,32000,1,8.17634375,"[mp3 @ 000002b69c5c5600] Estimating duration from bitrate, this may be inaccurate
"
New Guinea Scrubfowl_sound/New Guinea Scrubfowl3,D:\other\Bird\Dataset\CC0\New Guinea Scrubfowl_sound\New Guinea Scrubfowl3.mp3,D:\other\Bird\Code\data\kaggle_wav_cache\New Guinea Scrubfowl_sound\New Guinea Scrubfowl3.wav,converted,32000,1,8.17634375,"[mp3 @ 000001f1521e5600] Estimating duration from bitrate, this may be inaccurate
"
New Guinea Scrubfowl_sound/New Guinea Scrubfowl4,D:\other\Bird\Dataset\CC0\New Guinea Scrubfowl_sound\New Guinea Scrubfowl4.mp3,D:\other\Bird\Code\data\kaggle_wav_cache\New Guinea Scrubfowl_sound\New Guinea Scrubfowl4.wav,converted,32000,1,8.17634375,"[mp3 @ 000002a62c7a5600] Estimating duration from bitrate, this may be inaccurate
"
New Guinea Scrubfowl_sound/New Guinea Scrubfowl5,D:\other\Bird\Dataset\CC0\New Guinea Scrubfowl_sound\New Guinea Scrubfowl5.mp3,D:\other\Bird\Code\data\kaggle_wav_cache\New Guinea Scrubfowl_sound\New Guinea Scrubfowl5.wav,converted,32000,1,8.17634375,"[mp3 @ 000001f9a6ed5600] Estimating duration from bitrate, this may be inaccurate
"
New Guinea Scrubfowl_sound/New Guinea Scrubfowl6,D:\other\Bird\Dataset\CC0\New Guinea Scrubfowl_sound\New Guinea Scrubfowl6.mp3,D:\other\Bird\Code\data\kaggle_wav_cache\New Guinea Scrubfowl_sound\New Guinea Scrubfowl6.wav,converted,32000,1,8.17634375,"[mp3 @ 000001bea43a5600] Estimating duration from bitrate, this may be inaccurate
"
New Guinea Scrubfowl_sound/New Guinea Scrubfowl7,D:\other\Bird\Dataset\CC0\New Guinea Scrubfowl_sound\New Guinea Scrubfowl7.mp3,D:\other\Bird\Code\data\kaggle_wav_cache\New Guinea Scrubfowl_sound\New Guinea Scrubfowl7.wav,converted,32000,1,8.17634375,"[mp3 @ 000002034b5b5600] Estimating duration from bitrate, this may be inaccurate
"
Nicobar Megapode_sound/Nicobar Megapode2,D:\other\Bird\Dataset\CC0\Nicobar Megapode_sound\Nicobar Megapode2.mp3,D:\other\Bird\Code\data\kaggle_wav_cache\Nicobar Megapode_sound\Nicobar Megapode2.wav,converted,32000,1,64.33959375,"[mp3 @ 000002d563465640] Estimating duration from bitrate, this may be inaccurate
"
Nicobar Megapode_sound/Nicobar Megapode3,D:\other\Bird\Dataset\CC0\Nicobar Megapode_sound\Nicobar Megapode3.mp3,D:\other\Bird\Code\data\kaggle_wav_cache\Nicobar Megapode_sound\Nicobar Megapode3.wav,converted,32000,1,64.33959375,"[mp3 @ 00000248e9175640] Estimating duration from bitrate, this may be inaccurate
"
North Island Brown Kiwi_sound/North Island Brown Kiwi10,D:\other\Bird\Dataset\CC0\North Island Brown Kiwi_sound\North Island Brown Kiwi10.mp3,D:\other\Bird\Code\data\kaggle_wav_cache\North Island Brown Kiwi_sound\North Island Brown Kiwi10.wav,converted,32000,1,16.503625,
North Island Brown Kiwi_sound/North Island Brown Kiwi11,D:\other\Bird\Dataset\CC0\North Island Brown Kiwi_sound\North Island Brown Kiwi11.mp3,D:\other\Bird\Code\data\kaggle_wav_cache\North Island Brown Kiwi_sound\North Island Brown Kiwi11.wav,converted,32000,1,16.503625,
North Island Brown Kiwi_sound/North Island Brown Kiwi12,D:\other\Bird\Dataset\CC0\North Island Brown Kiwi_sound\North Island Brown Kiwi12.mp3,D:\other\Bird\Code\data\kaggle_wav_cache\North Island Brown Kiwi_sound\North Island Brown Kiwi12.wav,converted,32000,1,16.503625,
North Island Brown Kiwi_sound/North Island Brown Kiwi13,D:\other\Bird\Dataset\CC0\North Island Brown Kiwi_sound\North Island Brown Kiwi13.mp3,D:\other\Bird\Code\data\kaggle_wav_cache\North Island Brown Kiwi_sound\North Island Brown Kiwi13.wav,converted,32000,1,16.503625,
North Island Brown Kiwi_sound/North Island Brown Kiwi14,D:\other\Bird\Dataset\CC0\North Island Brown Kiwi_sound\North Island Brown Kiwi14.mp3,D:\other\Bird\Code\data\kaggle_wav_cache\North Island Brown Kiwi_sound\North Island Brown Kiwi14.wav,converted,32000,1,16.503625,
North Island Brown Kiwi_sound/North Island Brown Kiwi15,D:\other\Bird\Dataset\CC0\North Island Brown Kiwi_sound\North Island Brown Kiwi15.mp3,D:\other\Bird\Code\data\kaggle_wav_cache\North Island Brown Kiwi_sound\North Island Brown Kiwi15.wav,converted,32000,1,16.503625,
North Island Brown Kiwi_sound/North Island Brown Kiwi16,D:\other\Bird\Dataset\CC0\North Island Brown Kiwi_sound\North Island Brown Kiwi16.mp3,D:\other\Bird\Code\data\kaggle_wav_cache\North Island Brown Kiwi_sound\North Island Brown Kiwi16.wav,converted,32000,1,16.503625,
North Island Brown Kiwi_sound/North Island Brown Kiwi17,D:\other\Bird\Dataset\CC0\North Island Brown Kiwi_sound\North Island Brown Kiwi17.mp3,D:\other\Bird\Code\data\kaggle_wav_cache\North Island Brown Kiwi_sound\North Island Brown Kiwi17.wav,converted,32000,1,20.67490625,
North Island Brown Kiwi_sound/North Island Brown Kiwi18,D:\other\Bird\Dataset\CC0\North Island Brown Kiwi_sound\North Island Brown Kiwi18.mp3,D:\other\Bird\Code\data\kaggle_wav_cache\North Island Brown Kiwi_sound\North Island Brown Kiwi18.wav,converted,32000,1,20.67490625,
North Island Brown Kiwi_sound/North Island Brown Kiwi19,D:\other\Bird\Dataset\CC0\North Island Brown Kiwi_sound\North Island Brown Kiwi19.mp3,D:\other\Bird\Code\data\kaggle_wav_cache\North Island Brown Kiwi_sound\North Island Brown Kiwi19.wav,converted,32000,1,20.67490625,
North Island Brown Kiwi_sound/North Island Brown Kiwi2,D:\other\Bird\Dataset\CC0\North Island Brown Kiwi_sound\North Island Brown Kiwi2.mp3,D:\other\Bird\Code\data\kaggle_wav_cache\North Island Brown Kiwi_sound\North Island Brown Kiwi2.wav,converted,32000,1,35.4569375,
North Island Brown Kiwi_sound/North Island Brown Kiwi20,D:\other\Bird\Dataset\CC0\North Island Brown Kiwi_sound\North Island Brown Kiwi20.mp3,D:\other\Bird\Code\data\kaggle_wav_cache\North Island Brown Kiwi_sound\North Island Brown Kiwi20.wav,converted,32000,1,27.115125,"[mp3 @ 000002207d9c5640] Estimating duration from bitrate, this may be inaccurate
"
North Island Brown Kiwi_sound/North Island Brown Kiwi3,D:\other\Bird\Dataset\CC0\North Island Brown Kiwi_sound\North Island Brown Kiwi3.mp3,D:\other\Bird\Code\data\kaggle_wav_cache\North Island Brown Kiwi_sound\North Island Brown Kiwi3.wav,converted,32000,1,35.4569375,
North Island Brown Kiwi_sound/North Island Brown Kiwi4,D:\other\Bird\Dataset\CC0\North Island Brown Kiwi_sound\North Island Brown Kiwi4.mp3,D:\other\Bird\Code\data\kaggle_wav_cache\North Island Brown Kiwi_sound\North Island Brown Kiwi4.wav,converted,32000,1,35.4569375,
North Island Brown Kiwi_sound/North Island Brown Kiwi5,D:\other\Bird\Dataset\CC0\North Island Brown Kiwi_sound\North Island Brown Kiwi5.mp3,D:\other\Bird\Code\data\kaggle_wav_cache\North Island Brown Kiwi_sound\North Island Brown Kiwi5.wav,converted,32000,1,35.4569375,
North Island Brown Kiwi_sound/North Island Brown Kiwi6,D:\other\Bird\Dataset\CC0\North Island Brown Kiwi_sound\North Island Brown Kiwi6.mp3,D:\other\Bird\Code\data\kaggle_wav_cache\North Island Brown Kiwi_sound\North Island Brown Kiwi6.wav,converted,32000,1,35.4569375,
North Island Brown Kiwi_sound/North Island Brown Kiwi7,D:\other\Bird\Dataset\CC0\North Island Brown Kiwi_sound\North Island Brown Kiwi7.mp3,D:\other\Bird\Code\data\kaggle_wav_cache\North Island Brown Kiwi_sound\North Island Brown Kiwi7.wav,converted,32000,1,16.503625,
North Island Brown Kiwi_sound/North Island Brown Kiwi8,D:\other\Bird\Dataset\CC0\North Island Brown Kiwi_sound\North Island Brown Kiwi8.mp3,D:\other\Bird\Code\data\kaggle_wav_cache\North Island Brown Kiwi_sound\North Island Brown Kiwi8.wav,converted,32000,1,16.503625,
North Island Brown Kiwi_sound/North Island Brown Kiwi9,D:\other\Bird\Dataset\CC0\North Island Brown Kiwi_sound\North Island Brown Kiwi9.mp3,D:\other\Bird\Code\data\kaggle_wav_cache\North Island Brown Kiwi_sound\North Island Brown Kiwi9.wav,converted,32000,1,16.503625,
Northern Cassowary_sound/Northern Cassowary2,D:\other\Bird\Dataset\CC0\Northern Cassowary_sound\Northern Cassowary2.mp3,D:\other\Bird\Code\data\kaggle_wav_cache\Northern Cassowary_sound\Northern Cassowary2.wav,converted,32000,1,30.0,
Northern Cassowary_sound/Northern Cassowary3,D:\other\Bird\Dataset\CC0\Northern Cassowary_sound\Northern Cassowary3.mp3,D:\other\Bird\Code\data\kaggle_wav_cache\Northern Cassowary_sound\Northern Cassowary3.wav,converted,32000,1,10.16165625,"[mp3 @ 00000258db2d5600] Estimating duration from bitrate, this may be inaccurate
"
Northern Cassowary_sound/Northern Cassowary4,D:\other\Bird\Dataset\CC0\Northern Cassowary_sound\Northern Cassowary4.mp3,D:\other\Bird\Code\data\kaggle_wav_cache\Northern Cassowary_sound\Northern Cassowary4.wav,converted,32000,1,28.65703125,
Northern Cassowary_sound/Northern Cassowary5,D:\other\Bird\Dataset\CC0\Northern Cassowary_sound\Northern Cassowary5.mp3,D:\other\Bird\Code\data\kaggle_wav_cache\Northern Cassowary_sound\Northern Cassowary5.wav,converted,32000,1,21.13325,
Northern Cassowary_sound/Northern Cassowary6,D:\other\Bird\Dataset\CC0\Northern Cassowary_sound\Northern Cassowary6.mp3,D:\other\Bird\Code\data\kaggle_wav_cache\Northern Cassowary_sound\Northern Cassowary6.wav,converted,32000,1,10.63184375,"[mp3 @ 000002a10a115600] Estimating duration from bitrate, this may be inaccurate
"
Northern Cassowary_sound/Northern Cassowary7,D:\other\Bird\Dataset\CC0\Northern Cassowary_sound\Northern Cassowary7.mp3,D:\other\Bird\Code\data\kaggle_wav_cache\Northern Cassowary_sound\Northern Cassowary7.wav,converted,32000,1,10.63184375,"[mp3 @ 00000158d9a95600] Estimating duration from bitrate, this may be inaccurate
"
Okarito Kiwi_sound/Okarito Kiwi2,D:\other\Bird\Dataset\CC0\Okarito Kiwi_sound\Okarito Kiwi2.mp3,D:\other\Bird\Code\data\kaggle_wav_cache\Okarito Kiwi_sound\Okarito Kiwi2.wav,converted,32000,1,27.115125,"[mp3 @ 000001ebdd8255c0] Estimating duration from bitrate, this may be inaccurate
"
Okarito Kiwi_sound/Okarito Kiwi3,D:\other\Bird\Dataset\CC0\Okarito Kiwi_sound\Okarito Kiwi3.mp3,D:\other\Bird\Code\data\kaggle_wav_cache\Okarito Kiwi_sound\Okarito Kiwi3.wav,converted,32000,1,27.115125,"[mp3 @ 000001e9256f55c0] Estimating duration from bitrate, this may be inaccurate
"
Okarito Kiwi_sound/Okarito Kiwi4,D:\other\Bird\Dataset\CC0\Okarito Kiwi_sound\Okarito Kiwi4.mp3,D:\other\Bird\Code\data\kaggle_wav_cache\Okarito Kiwi_sound\Okarito Kiwi4.wav,converted,32000,1,27.115125,"[mp3 @ 00000232274e55c0] Estimating duration from bitrate, this may be inaccurate
"
Okarito Kiwi_sound/Okarito Kiwi5,D:\other\Bird\Dataset\CC0\Okarito Kiwi_sound\Okarito Kiwi5.mp3,D:\other\Bird\Code\data\kaggle_wav_cache\Okarito Kiwi_sound\Okarito Kiwi5.wav,converted,32000,1,27.115125,"[mp3 @ 000001d67a5d55c0] Estimating duration from bitrate, this may be inaccurate
"
Okarito Kiwi_sound/Okarito Kiwi6,D:\other\Bird\Dataset\CC0\Okarito Kiwi_sound\Okarito Kiwi6.mp3,D:\other\Bird\Code\data\kaggle_wav_cache\Okarito Kiwi_sound\Okarito Kiwi6.wav,converted,32000,1,5.476,
Orange-footed Scrubfowl_sound/Orange-footed Scrubfowl10,D:\other\Bird\Dataset\CC0\Orange-footed Scrubfowl_sound\Orange-footed Scrubfowl10.mp3,D:\other\Bird\Code\data\kaggle_wav_cache\Orange-footed Scrubfowl_sound\Orange-footed Scrubfowl10.wav,converted,32000,1,35.28340625,
Orange-footed Scrubfowl_sound/Orange-footed Scrubfowl11,D:\other\Bird\Dataset\CC0\Orange-footed Scrubfowl_sound\Orange-footed Scrubfowl11.mp3,D:\other\Bird\Code\data\kaggle_wav_cache\Orange-footed Scrubfowl_sound\Orange-footed Scrubfowl11.wav,converted,32000,1,62.12953125,
Orange-footed Scrubfowl_sound/Orange-footed Scrubfowl12,D:\other\Bird\Dataset\CC0\Orange-footed Scrubfowl_sound\Orange-footed Scrubfowl12.mp3,D:\other\Bird\Code\data\kaggle_wav_cache\Orange-footed Scrubfowl_sound\Orange-footed Scrubfowl12.wav,converted,32000,1,62.12953125,
Orange-footed Scrubfowl_sound/Orange-footed Scrubfowl13,D:\other\Bird\Dataset\CC0\Orange-footed Scrubfowl_sound\Orange-footed Scrubfowl13.mp3,D:\other\Bird\Code\data\kaggle_wav_cache\Orange-footed Scrubfowl_sound\Orange-footed Scrubfowl13.wav,converted,32000,1,62.12953125,
Orange-footed Scrubfowl_sound/Orange-footed Scrubfowl14,D:\other\Bird\Dataset\CC0\Orange-footed Scrubfowl_sound\Orange-footed Scrubfowl14.mp3,D:\other\Bird\Code\data\kaggle_wav_cache\Orange-footed Scrubfowl_sound\Orange-footed Scrubfowl14.wav,converted,32000,1,52.477125,
Orange-footed Scrubfowl_sound/Orange-footed Scrubfowl15,D:\other\Bird\Dataset\CC0\Orange-footed Scrubfowl_sound\Orange-footed Scrubfowl15.mp3,D:\other\Bird\Code\data\kaggle_wav_cache\Orange-footed Scrubfowl_sound\Orange-footed Scrubfowl15.wav,converted,32000,1,52.477125,
Orange-footed Scrubfowl_sound/Orange-footed Scrubfowl16,D:\other\Bird\Dataset\CC0\Orange-footed Scrubfowl_sound\Orange-footed Scrubfowl16.mp3,D:\other\Bird\Code\data\kaggle_wav_cache\Orange-footed Scrubfowl_sound\Orange-footed Scrubfowl16.wav,converted,32000,1,104.75103125,"[mp3 @ 000001dbcbb05640] Estimating duration from bitrate, this may be inaccurate
"
Orange-footed Scrubfowl_sound/Orange-footed Scrubfowl17,D:\other\Bird\Dataset\CC0\Orange-footed Scrubfowl_sound\Orange-footed Scrubfowl17.mp3,D:\other\Bird\Code\data\kaggle_wav_cache\Orange-footed Scrubfowl_sound\Orange-footed Scrubfowl17.wav,converted,32000,1,229.51184375,"[mp3 @ 00000205703b5640] Estimating duration from bitrate, this may be inaccurate
"
Orange-footed Scrubfowl_sound/Orange-footed Scrubfowl18,D:\other\Bird\Dataset\CC0\Orange-footed Scrubfowl_sound\Orange-footed Scrubfowl18.mp3,D:\other\Bird\Code\data\kaggle_wav_cache\Orange-footed Scrubfowl_sound\Orange-footed Scrubfowl18.wav,converted,32000,1,229.51184375,"[mp3 @ 000001dece705640] Estimating duration from bitrate, this may be inaccurate
"
Orange-footed Scrubfowl_sound/Orange-footed Scrubfowl2,D:\other\Bird\Dataset\CC0\Orange-footed Scrubfowl_sound\Orange-footed Scrubfowl2.mp3,D:\other\Bird\Code\data\kaggle_wav_cache\Orange-footed Scrubfowl_sound\Orange-footed Scrubfowl2.wav,converted,32000,1,11.546125,"[mp3 @ 000001d5da185640] Estimating duration from bitrate, this may be inaccurate
"
Orange-footed Scrubfowl_sound/Orange-footed Scrubfowl19,D:\other\Bird\Dataset\CC0\Orange-footed Scrubfowl_sound\Orange-footed Scrubfowl19.mp3,D:\other\Bird\Code\data\kaggle_wav_cache\Orange-footed Scrubfowl_sound\Orange-footed Scrubfowl19.wav,converted,32000,1,229.51184375,"[mp3 @ 00000295ff555640] Estimating duration from bitrate, this may be inaccurate
"
Orange-footed Scrubfowl_sound/Orange-footed Scrubfowl20,D:\other\Bird\Dataset\CC0\Orange-footed Scrubfowl_sound\Orange-footed Scrubfowl20.mp3,D:\other\Bird\Code\data\kaggle_wav_cache\Orange-footed Scrubfowl_sound\Orange-footed Scrubfowl20.wav,converted,32000,1,229.51184375,"[mp3 @ 00000203a37f5640] Estimating duration from bitrate, this may be inaccurate
"
Orange-footed Scrubfowl_sound/Orange-footed Scrubfowl21,D:\other\Bird\Dataset\CC0\Orange-footed Scrubfowl_sound\Orange-footed Scrubfowl21.mp3,D:\other\Bird\Code\data\kaggle_wav_cache\Orange-footed Scrubfowl_sound\Orange-footed Scrubfowl21.wav,converted,32000,1,229.51184375,"[mp3 @ 0000025e62b85640] Estimating duration from bitrate, this may be inaccurate
"
Orange-footed Scrubfowl_sound/Orange-footed Scrubfowl22,D:\other\Bird\Dataset\CC0\Orange-footed Scrubfowl_sound\Orange-footed Scrubfowl22.mp3,D:\other\Bird\Code\data\kaggle_wav_cache\Orange-footed Scrubfowl_sound\Orange-footed Scrubfowl22.wav,converted,32000,1,229.51184375,"[mp3 @ 000001f21d215640] Estimating duration from bitrate, this may be inaccurate
"
Orange-footed Scrubfowl_sound/Orange-footed Scrubfowl23,D:\other\Bird\Dataset\CC0\Orange-footed Scrubfowl_sound\Orange-footed Scrubfowl23.mp3,D:\other\Bird\Code\data\kaggle_wav_cache\Orange-footed Scrubfowl_sound\Orange-footed Scrubfowl23.wav,converted,32000,1,229.51184375,"[mp3 @ 0000020b71025640] Estimating duration from bitrate, this may be inaccurate
"
Orange-footed Scrubfowl_sound/Orange-footed Scrubfowl24,D:\other\Bird\Dataset\CC0\Orange-footed Scrubfowl_sound\Orange-footed Scrubfowl24.mp3,D:\other\Bird\Code\data\kaggle_wav_cache\Orange-footed Scrubfowl_sound\Orange-footed Scrubfowl24.wav,converted,32000,1,229.51184375,"[mp3 @ 00000141ff4c5640] Estimating duration from bitrate, this may be inaccurate
"
Orange-footed Scrubfowl_sound/Orange-footed Scrubfowl25,D:\other\Bird\Dataset\CC0\Orange-footed Scrubfowl_sound\Orange-footed Scrubfowl25.mp3,D:\other\Bird\Code\data\kaggle_wav_cache\Orange-footed Scrubfowl_sound\Orange-footed Scrubfowl25.wav,converted,32000,1,229.51184375,"[mp3 @ 0000023701745640] Estimating duration from bitrate, this may be inaccurate
"
Orange-footed Scrubfowl_sound/Orange-footed Scrubfowl27,D:\other\Bird\Dataset\CC0\Orange-footed Scrubfowl_sound\Orange-footed Scrubfowl27.mp3,D:\other\Bird\Code\data\kaggle_wav_cache\Orange-footed Scrubfowl_sound\Orange-footed Scrubfowl27.wav,converted,32000,1,21.48421875,
Orange-footed Scrubfowl_sound/Orange-footed Scrubfowl26,D:\other\Bird\Dataset\CC0\Orange-footed Scrubfowl_sound\Orange-footed Scrubfowl26.mp3,D:\other\Bird\Code\data\kaggle_wav_cache\Orange-footed Scrubfowl_sound\Orange-footed Scrubfowl26.wav,converted,32000,1,229.51184375,"[mp3 @ 0000012461755640] Estimating duration from bitrate, this may be inaccurate
"
Orange-footed Scrubfowl_sound/Orange-footed Scrubfowl28,D:\other\Bird\Dataset\CC0\Orange-footed Scrubfowl_sound\Orange-footed Scrubfowl28.mp3,D:\other\Bird\Code\data\kaggle_wav_cache\Orange-footed Scrubfowl_sound\Orange-footed Scrubfowl28.wav,converted,32000,1,21.48421875,
Orange-footed Scrubfowl_sound/Orange-footed Scrubfowl3,D:\other\Bird\Dataset\CC0\Orange-footed Scrubfowl_sound\Orange-footed Scrubfowl3.mp3,D:\other\Bird\Code\data\kaggle_wav_cache\Orange-footed Scrubfowl_sound\Orange-footed Scrubfowl3.wav,converted,32000,1,7.02696875,"[mp3 @ 000002673a845640] Estimating duration from bitrate, this may be inaccurate
"
Orange-footed Scrubfowl_sound/Orange-footed Scrubfowl29,D:\other\Bird\Dataset\CC0\Orange-footed Scrubfowl_sound\Orange-footed Scrubfowl29.mp3,D:\other\Bird\Code\data\kaggle_wav_cache\Orange-footed Scrubfowl_sound\Orange-footed Scrubfowl29.wav,converted,32000,1,196.153875,
Orange-footed Scrubfowl_sound/Orange-footed Scrubfowl31,D:\other\Bird\Dataset\CC0\Orange-footed Scrubfowl_sound\Orange-footed Scrubfowl31.mp3,D:\other\Bird\Code\data\kaggle_wav_cache\Orange-footed Scrubfowl_sound\Orange-footed Scrubfowl31.wav,converted,32000,1,43.81384375,
Orange-footed Scrubfowl_sound/Orange-footed Scrubfowl4,D:\other\Bird\Dataset\CC0\Orange-footed Scrubfowl_sound\Orange-footed Scrubfowl4.mp3,D:\other\Bird\Code\data\kaggle_wav_cache\Orange-footed Scrubfowl_sound\Orange-footed Scrubfowl4.wav,converted,32000,1,180.791375,
Orange-footed Scrubfowl_sound/Orange-footed Scrubfowl30,D:\other\Bird\Dataset\CC0\Orange-footed Scrubfowl_sound\Orange-footed Scrubfowl30.mp3,D:\other\Bird\Code\data\kaggle_wav_cache\Orange-footed Scrubfowl_sound\Orange-footed Scrubfowl30.wav,converted,32000,1,510.32125,
Orange-footed Scrubfowl_sound/Orange-footed Scrubfowl5,D:\other\Bird\Dataset\CC0\Orange-footed Scrubfowl_sound\Orange-footed Scrubfowl5.mp3,D:\other\Bird\Code\data\kaggle_wav_cache\Orange-footed Scrubfowl_sound\Orange-footed Scrubfowl5.wav,converted,32000,1,32.8460625,
Orange-footed Scrubfowl_sound/Orange-footed Scrubfowl6,D:\other\Bird\Dataset\CC0\Orange-footed Scrubfowl_sound\Orange-footed Scrubfowl6.mp3,D:\other\Bird\Code\data\kaggle_wav_cache\Orange-footed Scrubfowl_sound\Orange-footed Scrubfowl6.wav,converted,32000,1,25.59221875,
Orange-footed Scrubfowl_sound/Orange-footed Scrubfowl7,D:\other\Bird\Dataset\CC0\Orange-footed Scrubfowl_sound\Orange-footed Scrubfowl7.mp3,D:\other\Bird\Code\data\kaggle_wav_cache\Orange-footed Scrubfowl_sound\Orange-footed Scrubfowl7.wav,converted,32000,1,42.690625,
Orange-footed Scrubfowl_sound/Orange-footed Scrubfowl8,D:\other\Bird\Dataset\CC0\Orange-footed Scrubfowl_sound\Orange-footed Scrubfowl8.mp3,D:\other\Bird\Code\data\kaggle_wav_cache\Orange-footed Scrubfowl_sound\Orange-footed Scrubfowl8.wav,converted,32000,1,42.690625,
Orange-footed Scrubfowl_sound/Orange-footed Scrubfowl9,D:\other\Bird\Dataset\CC0\Orange-footed Scrubfowl_sound\Orange-footed Scrubfowl9.mp3,D:\other\Bird\Code\data\kaggle_wav_cache\Orange-footed Scrubfowl_sound\Orange-footed Scrubfowl9.wav,converted,32000,1,76.11590625,
Ornate Tinamou_sound/Ornate Tinamou10,D:\other\Bird\Dataset\CC0\Ornate Tinamou_sound\Ornate Tinamou10.mp3,D:\other\Bird\Code\data\kaggle_wav_cache\Ornate Tinamou_sound\Ornate Tinamou10.wav,converted,32000,1,52.29715625,"[mp3 @ 00000145ba6155c0] Estimating duration from bitrate, this may be inaccurate
"
Ornate Tinamou_sound/Ornate Tinamou11,D:\other\Bird\Dataset\CC0\Ornate Tinamou_sound\Ornate Tinamou11.mp3,D:\other\Bird\Code\data\kaggle_wav_cache\Ornate Tinamou_sound\Ornate Tinamou11.wav,converted,32000,1,52.29715625,"[mp3 @ 00000215822055c0] Estimating duration from bitrate, this may be inaccurate
"
Ornate Tinamou_sound/Ornate Tinamou12,D:\other\Bird\Dataset\CC0\Ornate Tinamou_sound\Ornate Tinamou12.mp3,D:\other\Bird\Code\data\kaggle_wav_cache\Ornate Tinamou_sound\Ornate Tinamou12.wav,converted,32000,1,4.28409375,"[mp3 @ 00000173e7e855c0] Estimating duration from bitrate, this may be inaccurate
"
Ornate Tinamou_sound/Ornate Tinamou13,D:\other\Bird\Dataset\CC0\Ornate Tinamou_sound\Ornate Tinamou13.mp3,D:\other\Bird\Code\data\kaggle_wav_cache\Ornate Tinamou_sound\Ornate Tinamou13.wav,converted,32000,1,4.28409375,"[mp3 @ 000001d7497255c0] Estimating duration from bitrate, this may be inaccurate
"
Ornate Tinamou_sound/Ornate Tinamou2,D:\other\Bird\Dataset\CC0\Ornate Tinamou_sound\Ornate Tinamou2.mp3,D:\other\Bird\Code\data\kaggle_wav_cache\Ornate Tinamou_sound\Ornate Tinamou2.wav,converted,32000,1,50.155125,"[mp3 @ 0000024b703255c0] Estimating duration from bitrate, this may be inaccurate
"
Ornate Tinamou_sound/Ornate Tinamou3,D:\other\Bird\Dataset\CC0\Ornate Tinamou_sound\Ornate Tinamou3.mp3,D:\other\Bird\Code\data\kaggle_wav_cache\Ornate Tinamou_sound\Ornate Tinamou3.wav,converted,32000,1,9.0645,"[mp3 @ 000002237ee155c0] Estimating duration from bitrate, this may be inaccurate
"
Ornate Tinamou_sound/Ornate Tinamou4,D:\other\Bird\Dataset\CC0\Ornate Tinamou_sound\Ornate Tinamou4.mp3,D:\other\Bird\Code\data\kaggle_wav_cache\Ornate Tinamou_sound\Ornate Tinamou4.wav,converted,32000,1,37.01553125,"[mp3 @ 000002e33b2c55c0] Estimating duration from bitrate, this may be inaccurate
"
Ornate Tinamou_sound/Ornate Tinamou5,D:\other\Bird\Dataset\CC0\Ornate Tinamou_sound\Ornate Tinamou5.mp3,D:\other\Bird\Code\data\kaggle_wav_cache\Ornate Tinamou_sound\Ornate Tinamou5.wav,converted,32000,1,59.5853125,"[mp3 @ 00000191539e55c0] Estimating duration from bitrate, this may be inaccurate
"
Ornate Tinamou_sound/Ornate Tinamou6,D:\other\Bird\Dataset\CC0\Ornate Tinamou_sound\Ornate Tinamou6.mp3,D:\other\Bird\Code\data\kaggle_wav_cache\Ornate Tinamou_sound\Ornate Tinamou6.wav,converted,32000,1,9.048,"[mp3 @ 0000026794ad55c0] Estimating duration from bitrate, this may be inaccurate
"
Ornate Tinamou_sound/Ornate Tinamou7,D:\other\Bird\Dataset\CC0\Ornate Tinamou_sound\Ornate Tinamou7.mp3,D:\other\Bird\Code\data\kaggle_wav_cache\Ornate Tinamou_sound\Ornate Tinamou7.wav,converted,32000,1,7.1053125,"[mp3 @ 000001d2a7fa55c0] Estimating duration from bitrate, this may be inaccurate
"
Ornate Tinamou_sound/Ornate Tinamou8,D:\other\Bird\Dataset\CC0\Ornate Tinamou_sound\Ornate Tinamou8.mp3,D:\other\Bird\Code\data\kaggle_wav_cache\Ornate Tinamou_sound\Ornate Tinamou8.wav,converted,32000,1,13.13959375,"[mp3 @ 0000029a94e355c0] Estimating duration from bitrate, this may be inaccurate
"
Pale-browed Tinamou_sound/Pale-browed Tinamou10,D:\other\Bird\Dataset\CC0\Pale-browed Tinamou_sound\Pale-browed Tinamou10.mp3,D:\other\Bird\Code\data\kaggle_wav_cache\Pale-browed Tinamou_sound\Pale-browed Tinamou10.wav,converted,32000,1,7.9575,
Ornate Tinamou_sound/Ornate Tinamou9,D:\other\Bird\Dataset\CC0\Ornate Tinamou_sound\Ornate Tinamou9.mp3,D:\other\Bird\Code\data\kaggle_wav_cache\Ornate Tinamou_sound\Ornate Tinamou9.wav,converted,32000,1,52.29715625,"[mp3 @ 00000221712b55c0] Estimating duration from bitrate, this may be inaccurate
"
Pale-browed Tinamou_sound/Pale-browed Tinamou11,D:\other\Bird\Dataset\CC0\Pale-browed Tinamou_sound\Pale-browed Tinamou11.mp3,D:\other\Bird\Code\data\kaggle_wav_cache\Pale-browed Tinamou_sound\Pale-browed Tinamou11.wav,converted,32000,1,7.9575,
Pale-browed Tinamou_sound/Pale-browed Tinamou12,D:\other\Bird\Dataset\CC0\Pale-browed Tinamou_sound\Pale-browed Tinamou12.mp3,D:\other\Bird\Code\data\kaggle_wav_cache\Pale-browed Tinamou_sound\Pale-browed Tinamou12.wav,converted,32000,1,7.9575,
Pale-browed Tinamou_sound/Pale-browed Tinamou13,D:\other\Bird\Dataset\CC0\Pale-browed Tinamou_sound\Pale-browed Tinamou13.mp3,D:\other\Bird\Code\data\kaggle_wav_cache\Pale-browed Tinamou_sound\Pale-browed Tinamou13.wav,converted,32000,1,18.41634375,"[mp3 @ 0000020200ad5600] Estimating duration from bitrate, this may be inaccurate
"
Pale-browed Tinamou_sound/Pale-browed Tinamou14,D:\other\Bird\Dataset\CC0\Pale-browed Tinamou_sound\Pale-browed Tinamou14.mp3,D:\other\Bird\Code\data\kaggle_wav_cache\Pale-browed Tinamou_sound\Pale-browed Tinamou14.wav,converted,32000,1,18.41634375,"[mp3 @ 00000206a1835600] Estimating duration from bitrate, this may be inaccurate
"
Pale-browed Tinamou_sound/Pale-browed Tinamou15,D:\other\Bird\Dataset\CC0\Pale-browed Tinamou_sound\Pale-browed Tinamou15.mp3,D:\other\Bird\Code\data\kaggle_wav_cache\Pale-browed Tinamou_sound\Pale-browed Tinamou15.wav,converted,32000,1,18.41634375,"[mp3 @ 00000166896e5600] Estimating duration from bitrate, this may be inaccurate
"
Pale-browed Tinamou_sound/Pale-browed Tinamou16,D:\other\Bird\Dataset\CC0\Pale-browed Tinamou_sound\Pale-browed Tinamou16.mp3,D:\other\Bird\Code\data\kaggle_wav_cache\Pale-browed Tinamou_sound\Pale-browed Tinamou16.wav,converted,32000,1,45.009,"[mp3 @ 00000257d8d15600] Estimating duration from bitrate, this may be inaccurate
"
Pale-browed Tinamou_sound/Pale-browed Tinamou17,D:\other\Bird\Dataset\CC0\Pale-browed Tinamou_sound\Pale-browed Tinamou17.mp3,D:\other\Bird\Code\data\kaggle_wav_cache\Pale-browed Tinamou_sound\Pale-browed Tinamou17.wav,converted,32000,1,45.009,"[mp3 @ 0000019a595b5600] Estimating duration from bitrate, this may be inaccurate
"
Pale-browed Tinamou_sound/Pale-browed Tinamou18,D:\other\Bird\Dataset\CC0\Pale-browed Tinamou_sound\Pale-browed Tinamou18.mp3,D:\other\Bird\Code\data\kaggle_wav_cache\Pale-browed Tinamou_sound\Pale-browed Tinamou18.wav,converted,32000,1,45.009,"[mp3 @ 000001c6c2555600] Estimating duration from bitrate, this may be inaccurate
"
Pale-browed Tinamou_sound/Pale-browed Tinamou19,D:\other\Bird\Dataset\CC0\Pale-browed Tinamou_sound\Pale-browed Tinamou19.mp3,D:\other\Bird\Code\data\kaggle_wav_cache\Pale-browed Tinamou_sound\Pale-browed Tinamou19.wav,converted,32000,1,36.5453125,"[mp3 @ 000001bfefef5600] Estimating duration from bitrate, this may be inaccurate
"
Pale-browed Tinamou_sound/Pale-browed Tinamou2,D:\other\Bird\Dataset\CC0\Pale-browed Tinamou_sound\Pale-browed Tinamou2.mp3,D:\other\Bird\Code\data\kaggle_wav_cache\Pale-browed Tinamou_sound\Pale-browed Tinamou2.wav,converted,32000,1,6.8728125,
Pale-browed Tinamou_sound/Pale-browed Tinamou20,D:\other\Bird\Dataset\CC0\Pale-browed Tinamou_sound\Pale-browed Tinamou20.mp3,D:\other\Bird\Code\data\kaggle_wav_cache\Pale-browed Tinamou_sound\Pale-browed Tinamou20.wav,converted,32000,1,36.5453125,"[mp3 @ 000001b61ecb5600] Estimating duration from bitrate, this may be inaccurate
"
Pale-browed Tinamou_sound/Pale-browed Tinamou21,D:\other\Bird\Dataset\CC0\Pale-browed Tinamou_sound\Pale-browed Tinamou21.mp3,D:\other\Bird\Code\data\kaggle_wav_cache\Pale-browed Tinamou_sound\Pale-browed Tinamou21.wav,converted,32000,1,36.5453125,"[mp3 @ 000001f2087c5600] Estimating duration from bitrate, this may be inaccurate
"
Pale-browed Tinamou_sound/Pale-browed Tinamou22,D:\other\Bird\Dataset\CC0\Pale-browed Tinamou_sound\Pale-browed Tinamou22.mp3,D:\other\Bird\Code\data\kaggle_wav_cache\Pale-browed Tinamou_sound\Pale-browed Tinamou22.wav,converted,32000,1,65.462875,"[mp3 @ 00000168fb895600] Estimating duration from bitrate, this may be inaccurate
"
Pale-browed Tinamou_sound/Pale-browed Tinamou23,D:\other\Bird\Dataset\CC0\Pale-browed Tinamou_sound\Pale-browed Tinamou23.mp3,D:\other\Bird\Code\data\kaggle_wav_cache\Pale-browed Tinamou_sound\Pale-browed Tinamou23.wav,converted,32000,1,102.426125,"[mp3 @ 0000025ad77a5600] Estimating duration from bitrate, this may be inaccurate
"
Pale-browed Tinamou_sound/Pale-browed Tinamou25,D:\other\Bird\Dataset\CC0\Pale-browed Tinamou_sound\Pale-browed Tinamou25.mp3,D:\other\Bird\Code\data\kaggle_wav_cache\Pale-browed Tinamou_sound\Pale-browed Tinamou25.wav,converted,32000,1,46.70696875,"[mp3 @ 000002a09d6b5600] Estimating duration from bitrate, this may be inaccurate
"
Pale-browed Tinamou_sound/Pale-browed Tinamou24,D:\other\Bird\Dataset\CC0\Pale-browed Tinamou_sound\Pale-browed Tinamou24.mp3,D:\other\Bird\Code\data\kaggle_wav_cache\Pale-browed Tinamou_sound\Pale-browed Tinamou24.wav,converted,32000,1,102.426125,"[mp3 @ 0000019557ec5600] Estimating duration from bitrate, this may be inaccurate
"
Pale-browed Tinamou_sound/Pale-browed Tinamou27,D:\other\Bird\Dataset\CC0\Pale-browed Tinamou_sound\Pale-browed Tinamou27.mp3,D:\other\Bird\Code\data\kaggle_wav_cache\Pale-browed Tinamou_sound\Pale-browed Tinamou27.wav,converted,32000,1,17.76328125,"[mp3 @ 000001fcee0e5600] Estimating duration from bitrate, this may be inaccurate
"
Pale-browed Tinamou_sound/Pale-browed Tinamou26,D:\other\Bird\Dataset\CC0\Pale-browed Tinamou_sound\Pale-browed Tinamou26.mp3,D:\other\Bird\Code\data\kaggle_wav_cache\Pale-browed Tinamou_sound\Pale-browed Tinamou26.wav,converted,32000,1,45.32246875,"[mp3 @ 00000278e69f5600] Estimating duration from bitrate, this may be inaccurate
"
Pale-browed Tinamou_sound/Pale-browed Tinamou29,D:\other\Bird\Dataset\CC0\Pale-browed Tinamou_sound\Pale-browed Tinamou29.mp3,D:\other\Bird\Code\data\kaggle_wav_cache\Pale-browed Tinamou_sound\Pale-browed Tinamou29.wav,converted,32000,1,2.9,
Pale-browed Tinamou_sound/Pale-browed Tinamou28,D:\other\Bird\Dataset\CC0\Pale-browed Tinamou_sound\Pale-browed Tinamou28.mp3,D:\other\Bird\Code\data\kaggle_wav_cache\Pale-browed Tinamou_sound\Pale-browed Tinamou28.wav,converted,32000,1,17.76328125,"[mp3 @ 000001ae39b75600] Estimating duration from bitrate, this may be inaccurate
"
Pale-browed Tinamou_sound/Pale-browed Tinamou3,D:\other\Bird\Dataset\CC0\Pale-browed Tinamou_sound\Pale-browed Tinamou3.mp3,D:\other\Bird\Code\data\kaggle_wav_cache\Pale-browed Tinamou_sound\Pale-browed Tinamou3.wav,converted,32000,1,30.44703125,
Pale-browed Tinamou_sound/Pale-browed Tinamou30,D:\other\Bird\Dataset\CC0\Pale-browed Tinamou_sound\Pale-browed Tinamou30.mp3,D:\other\Bird\Code\data\kaggle_wav_cache\Pale-browed Tinamou_sound\Pale-browed Tinamou30.wav,converted,32000,1,34.1,
Pale-browed Tinamou_sound/Pale-browed Tinamou31,D:\other\Bird\Dataset\CC0\Pale-browed Tinamou_sound\Pale-browed Tinamou31.mp3,D:\other\Bird\Code\data\kaggle_wav_cache\Pale-browed Tinamou_sound\Pale-browed Tinamou31.wav,converted,32000,1,1.28,"[mp3 @ 0000029e05535600] Estimating duration from bitrate, this may be inaccurate
"
Pale-browed Tinamou_sound/Pale-browed Tinamou4,D:\other\Bird\Dataset\CC0\Pale-browed Tinamou_sound\Pale-browed Tinamou4.mp3,D:\other\Bird\Code\data\kaggle_wav_cache\Pale-browed Tinamou_sound\Pale-browed Tinamou4.wav,converted,32000,1,15.54828125,
Pale-browed Tinamou_sound/Pale-browed Tinamou5,D:\other\Bird\Dataset\CC0\Pale-browed Tinamou_sound\Pale-browed Tinamou5.mp3,D:\other\Bird\Code\data\kaggle_wav_cache\Pale-browed Tinamou_sound\Pale-browed Tinamou5.wav,converted,32000,1,2.64946875,
Pale-browed Tinamou_sound/Pale-browed Tinamou6,D:\other\Bird\Dataset\CC0\Pale-browed Tinamou_sound\Pale-browed Tinamou6.mp3,D:\other\Bird\Code\data\kaggle_wav_cache\Pale-browed Tinamou_sound\Pale-browed Tinamou6.wav,converted,32000,1,7.53025,
Pale-browed Tinamou_sound/Pale-browed Tinamou7,D:\other\Bird\Dataset\CC0\Pale-browed Tinamou_sound\Pale-browed Tinamou7.mp3,D:\other\Bird\Code\data\kaggle_wav_cache\Pale-browed Tinamou_sound\Pale-browed Tinamou7.wav,converted,32000,1,7.9575,
Pale-browed Tinamou_sound/Pale-browed Tinamou8,D:\other\Bird\Dataset\CC0\Pale-browed Tinamou_sound\Pale-browed Tinamou8.mp3,D:\other\Bird\Code\data\kaggle_wav_cache\Pale-browed Tinamou_sound\Pale-browed Tinamou8.wav,converted,32000,1,7.9575,
Pale-browed Tinamou_sound/Pale-browed Tinamou9,D:\other\Bird\Dataset\CC0\Pale-browed Tinamou_sound\Pale-browed Tinamou9.mp3,D:\other\Bird\Code\data\kaggle_wav_cache\Pale-browed Tinamou_sound\Pale-browed Tinamou9.wav,converted,32000,1,7.9575,
Patagonian Tinamou_sound/Patagonian Tinamou2,D:\other\Bird\Dataset\CC0\Patagonian Tinamou_sound\Patagonian Tinamou2.mp3,D:\other\Bird\Code\data\kaggle_wav_cache\Patagonian Tinamou_sound\Patagonian Tinamou2.wav,converted,32000,1,30.850625,"[mp3 @ 0000013aaee65600] Estimating duration from bitrate, this may be inaccurate
"
Philippine Megapode_sound/Philippine Megapode10,D:\other\Bird\Dataset\CC0\Philippine Megapode_sound\Philippine Megapode10.mp3,D:\other\Bird\Code\data\kaggle_wav_cache\Philippine Megapode_sound\Philippine Megapode10.wav,converted,32000,1,28.23925,
Philippine Megapode_sound/Philippine Megapode11,D:\other\Bird\Dataset\CC0\Philippine Megapode_sound\Philippine Megapode11.mp3,D:\other\Bird\Code\data\kaggle_wav_cache\Philippine Megapode_sound\Philippine Megapode11.wav,converted,32000,1,97.7456875,
Philippine Megapode_sound/Philippine Megapode12,D:\other\Bird\Dataset\CC0\Philippine Megapode_sound\Philippine Megapode12.mp3,D:\other\Bird\Code\data\kaggle_wav_cache\Philippine Megapode_sound\Philippine Megapode12.wav,converted,32000,1,97.7456875,
Philippine Megapode_sound/Philippine Megapode13,D:\other\Bird\Dataset\CC0\Philippine Megapode_sound\Philippine Megapode13.mp3,D:\other\Bird\Code\data\kaggle_wav_cache\Philippine Megapode_sound\Philippine Megapode13.wav,converted,32000,1,267.3041875,
Philippine Megapode_sound/Philippine Megapode14,D:\other\Bird\Dataset\CC0\Philippine Megapode_sound\Philippine Megapode14.mp3,D:\other\Bird\Code\data\kaggle_wav_cache\Philippine Megapode_sound\Philippine Megapode14.wav,converted,32000,1,267.3041875,
Philippine Megapode_sound/Philippine Megapode16,D:\other\Bird\Dataset\CC0\Philippine Megapode_sound\Philippine Megapode16.mp3,D:\other\Bird\Code\data\kaggle_wav_cache\Philippine Megapode_sound\Philippine Megapode16.wav,converted,32000,1,20.52,"[mp3 @ 0000023dfe605600] Estimating duration from bitrate, this may be inaccurate
"
Philippine Megapode_sound/Philippine Megapode17,D:\other\Bird\Dataset\CC0\Philippine Megapode_sound\Philippine Megapode17.mp3,D:\other\Bird\Code\data\kaggle_wav_cache\Philippine Megapode_sound\Philippine Megapode17.wav,converted,32000,1,20.52,"[mp3 @ 0000020524125600] Estimating duration from bitrate, this may be inaccurate
"
Philippine Megapode_sound/Philippine Megapode18,D:\other\Bird\Dataset\CC0\Philippine Megapode_sound\Philippine Megapode18.mp3,D:\other\Bird\Code\data\kaggle_wav_cache\Philippine Megapode_sound\Philippine Megapode18.wav,converted,32000,1,20.52,"[mp3 @ 0000021c5c685600] Estimating duration from bitrate, this may be inaccurate
"
Philippine Megapode_sound/Philippine Megapode15,D:\other\Bird\Dataset\CC0\Philippine Megapode_sound\Philippine Megapode15.mp3,D:\other\Bird\Code\data\kaggle_wav_cache\Philippine Megapode_sound\Philippine Megapode15.wav,converted,32000,1,267.3041875,
Philippine Megapode_sound/Philippine Megapode19,D:\other\Bird\Dataset\CC0\Philippine Megapode_sound\Philippine Megapode19.mp3,D:\other\Bird\Code\data\kaggle_wav_cache\Philippine Megapode_sound\Philippine Megapode19.wav,converted,32000,1,20.52,"[mp3 @ 00000238b8ad5600] Estimating duration from bitrate, this may be inaccurate
"
Philippine Megapode_sound/Philippine Megapode20,D:\other\Bird\Dataset\CC0\Philippine Megapode_sound\Philippine Megapode20.mp3,D:\other\Bird\Code\data\kaggle_wav_cache\Philippine Megapode_sound\Philippine Megapode20.wav,converted,32000,1,20.52,"[mp3 @ 0000019a0c235600] Estimating duration from bitrate, this may be inaccurate
"
Philippine Megapode_sound/Philippine Megapode2,D:\other\Bird\Dataset\CC0\Philippine Megapode_sound\Philippine Megapode2.mp3,D:\other\Bird\Code\data\kaggle_wav_cache\Philippine Megapode_sound\Philippine Megapode2.wav,converted,32000,1,64.33959375,"[mp3 @ 0000024a62235600] Estimating duration from bitrate, this may be inaccurate
"
Philippine Megapode_sound/Philippine Megapode3,D:\other\Bird\Dataset\CC0\Philippine Megapode_sound\Philippine Megapode3.mp3,D:\other\Bird\Code\data\kaggle_wav_cache\Philippine Megapode_sound\Philippine Megapode3.wav,converted,32000,1,64.33959375,"[mp3 @ 00000217541c5600] Estimating duration from bitrate, this may be inaccurate
"
Philippine Megapode_sound/Philippine Megapode4,D:\other\Bird\Dataset\CC0\Philippine Megapode_sound\Philippine Megapode4.mp3,D:\other\Bird\Code\data\kaggle_wav_cache\Philippine Megapode_sound\Philippine Megapode4.wav,converted,32000,1,64.33959375,"[mp3 @ 0000016c199e5600] Estimating duration from bitrate, this may be inaccurate
"
Philippine Megapode_sound/Philippine Megapode5,D:\other\Bird\Dataset\CC0\Philippine Megapode_sound\Philippine Megapode5.mp3,D:\other\Bird\Code\data\kaggle_wav_cache\Philippine Megapode_sound\Philippine Megapode5.wav,converted,32000,1,64.33959375,"[mp3 @ 000001fc09455600] Estimating duration from bitrate, this may be inaccurate
"
Philippine Megapode_sound/Philippine Megapode6,D:\other\Bird\Dataset\CC0\Philippine Megapode_sound\Philippine Megapode6.mp3,D:\other\Bird\Code\data\kaggle_wav_cache\Philippine Megapode_sound\Philippine Megapode6.wav,converted,32000,1,76.4081875,"[mp3 @ 00000224fbff5600] Estimating duration from bitrate, this may be inaccurate
"
Philippine Megapode_sound/Philippine Megapode7,D:\other\Bird\Dataset\CC0\Philippine Megapode_sound\Philippine Megapode7.mp3,D:\other\Bird\Code\data\kaggle_wav_cache\Philippine Megapode_sound\Philippine Megapode7.wav,converted,32000,1,239.05871875,
Philippine Megapode_sound/Philippine Megapode8,D:\other\Bird\Dataset\CC0\Philippine Megapode_sound\Philippine Megapode8.mp3,D:\other\Bird\Code\data\kaggle_wav_cache\Philippine Megapode_sound\Philippine Megapode8.wav,converted,32000,1,239.05871875,
Plain Chachalaca_sound/Plain Chachalaca10,D:\other\Bird\Dataset\CC0\Plain Chachalaca_sound\Plain Chachalaca10.mp3,D:\other\Bird\Code\data\kaggle_wav_cache\Plain Chachalaca_sound\Plain Chachalaca10.wav,converted,32000,1,29.41390625,"[mp3 @ 00000207885a5640] Estimating duration from bitrate, this may be inaccurate
"
Plain Chachalaca_sound/Plain Chachalaca11,D:\other\Bird\Dataset\CC0\Plain Chachalaca_sound\Plain Chachalaca11.mp3,D:\other\Bird\Code\data\kaggle_wav_cache\Plain Chachalaca_sound\Plain Chachalaca11.wav,converted,32000,1,67.4623125,
Philippine Megapode_sound/Philippine Megapode9,D:\other\Bird\Dataset\CC0\Philippine Megapode_sound\Philippine Megapode9.mp3,D:\other\Bird\Code\data\kaggle_wav_cache\Philippine Megapode_sound\Philippine Megapode9.wav,converted,32000,1,239.05871875,
Plain Chachalaca_sound/Plain Chachalaca12,D:\other\Bird\Dataset\CC0\Plain Chachalaca_sound\Plain Chachalaca12.mp3,D:\other\Bird\Code\data\kaggle_wav_cache\Plain Chachalaca_sound\Plain Chachalaca12.wav,converted,32000,1,67.4623125,
Plain Chachalaca_sound/Plain Chachalaca13,D:\other\Bird\Dataset\CC0\Plain Chachalaca_sound\Plain Chachalaca13.mp3,D:\other\Bird\Code\data\kaggle_wav_cache\Plain Chachalaca_sound\Plain Chachalaca13.wav,converted,32000,1,10.97753125,
Plain Chachalaca_sound/Plain Chachalaca14,D:\other\Bird\Dataset\CC0\Plain Chachalaca_sound\Plain Chachalaca14.mp3,D:\other\Bird\Code\data\kaggle_wav_cache\Plain Chachalaca_sound\Plain Chachalaca14.wav,converted,32000,1,10.97753125,
Plain Chachalaca_sound/Plain Chachalaca15,D:\other\Bird\Dataset\CC0\Plain Chachalaca_sound\Plain Chachalaca15.mp3,D:\other\Bird\Code\data\kaggle_wav_cache\Plain Chachalaca_sound\Plain Chachalaca15.wav,converted,32000,1,92.47528125,
Plain Chachalaca_sound/Plain Chachalaca17,D:\other\Bird\Dataset\CC0\Plain Chachalaca_sound\Plain Chachalaca17.mp3,D:\other\Bird\Code\data\kaggle_wav_cache\Plain Chachalaca_sound\Plain Chachalaca17.wav,converted,32000,1,46.368,"[mp3 @ 000001a595a65640] Estimating duration from bitrate, this may be inaccurate
"
Plain Chachalaca_sound/Plain Chachalaca18,D:\other\Bird\Dataset\CC0\Plain Chachalaca_sound\Plain Chachalaca18.mp3,D:\other\Bird\Code\data\kaggle_wav_cache\Plain Chachalaca_sound\Plain Chachalaca18.wav,converted,32000,1,46.368,"[mp3 @ 000001b8c98f5640] Estimating duration from bitrate, this may be inaccurate
"
Plain Chachalaca_sound/Plain Chachalaca16,D:\other\Bird\Dataset\CC0\Plain Chachalaca_sound\Plain Chachalaca16.mp3,D:\other\Bird\Code\data\kaggle_wav_cache\Plain Chachalaca_sound\Plain Chachalaca16.wav,converted,32000,1,505.29325,
Plain Chachalaca_sound/Plain Chachalaca19,D:\other\Bird\Dataset\CC0\Plain Chachalaca_sound\Plain Chachalaca19.mp3,D:\other\Bird\Code\data\kaggle_wav_cache\Plain Chachalaca_sound\Plain Chachalaca19.wav,converted,32000,1,46.368,"[mp3 @ 000001c26ca95640] Estimating duration from bitrate, this may be inaccurate
"
Plain Chachalaca_sound/Plain Chachalaca2,D:\other\Bird\Dataset\CC0\Plain Chachalaca_sound\Plain Chachalaca2.mp3,D:\other\Bird\Code\data\kaggle_wav_cache\Plain Chachalaca_sound\Plain Chachalaca2.wav,converted,32000,1,43.81384375,
Plain Chachalaca_sound/Plain Chachalaca20,D:\other\Bird\Dataset\CC0\Plain Chachalaca_sound\Plain Chachalaca20.mp3,D:\other\Bird\Code\data\kaggle_wav_cache\Plain Chachalaca_sound\Plain Chachalaca20.wav,converted,32000,1,96.816,"[mp3 @ 000001877ef95640] Estimating duration from bitrate, this may be inaccurate
"
Plain Chachalaca_sound/Plain Chachalaca21,D:\other\Bird\Dataset\CC0\Plain Chachalaca_sound\Plain Chachalaca21.mp3,D:\other\Bird\Code\data\kaggle_wav_cache\Plain Chachalaca_sound\Plain Chachalaca21.wav,converted,32000,1,96.816,"[mp3 @ 000002a2411c5640] Estimating duration from bitrate, this may be inaccurate
"
Plain Chachalaca_sound/Plain Chachalaca22,D:\other\Bird\Dataset\CC0\Plain Chachalaca_sound\Plain Chachalaca22.mp3,D:\other\Bird\Code\data\kaggle_wav_cache\Plain Chachalaca_sound\Plain Chachalaca22.wav,converted,32000,1,96.816,"[mp3 @ 00000153a2e65640] Estimating duration from bitrate, this may be inaccurate
"
Plain Chachalaca_sound/Plain Chachalaca23,D:\other\Bird\Dataset\CC0\Plain Chachalaca_sound\Plain Chachalaca23.mp3,D:\other\Bird\Code\data\kaggle_wav_cache\Plain Chachalaca_sound\Plain Chachalaca23.wav,converted,32000,1,23.1445,"[mp3 @ 00000183c13b5640] Estimating duration from bitrate, this may be inaccurate
"
Plain Chachalaca_sound/Plain Chachalaca24,D:\other\Bird\Dataset\CC0\Plain Chachalaca_sound\Plain Chachalaca24.mp3,D:\other\Bird\Code\data\kaggle_wav_cache\Plain Chachalaca_sound\Plain Chachalaca24.wav,converted,32000,1,25.36778125,
Plain Chachalaca_sound/Plain Chachalaca25,D:\other\Bird\Dataset\CC0\Plain Chachalaca_sound\Plain Chachalaca25.mp3,D:\other\Bird\Code\data\kaggle_wav_cache\Plain Chachalaca_sound\Plain Chachalaca25.wav,converted,32000,1,25.36778125,
Plain Chachalaca_sound/Plain Chachalaca26,D:\other\Bird\Dataset\CC0\Plain Chachalaca_sound\Plain Chachalaca26.mp3,D:\other\Bird\Code\data\kaggle_wav_cache\Plain Chachalaca_sound\Plain Chachalaca26.wav,converted,32000,1,206.976,"[mp3 @ 0000022546ef5640] Estimating duration from bitrate, this may be inaccurate
"
Plain Chachalaca_sound/Plain Chachalaca27,D:\other\Bird\Dataset\CC0\Plain Chachalaca_sound\Plain Chachalaca27.mp3,D:\other\Bird\Code\data\kaggle_wav_cache\Plain Chachalaca_sound\Plain Chachalaca27.wav,converted,32000,1,206.976,"[mp3 @ 000001be53915640] Estimating duration from bitrate, this may be inaccurate
"
Plain Chachalaca_sound/Plain Chachalaca28,D:\other\Bird\Dataset\CC0\Plain Chachalaca_sound\Plain Chachalaca28.mp3,D:\other\Bird\Code\data\kaggle_wav_cache\Plain Chachalaca_sound\Plain Chachalaca28.wav,converted,32000,1,206.976,"[mp3 @ 000001d3f9f65640] Estimating duration from bitrate, this may be inaccurate
"
Plain Chachalaca_sound/Plain Chachalaca29,D:\other\Bird\Dataset\CC0\Plain Chachalaca_sound\Plain Chachalaca29.mp3,D:\other\Bird\Code\data\kaggle_wav_cache\Plain Chachalaca_sound\Plain Chachalaca29.wav,converted,32000,1,206.976,"[mp3 @ 000001e7bda05640] Estimating duration from bitrate, this may be inaccurate
"
Plain Chachalaca_sound/Plain Chachalaca3,D:\other\Bird\Dataset\CC0\Plain Chachalaca_sound\Plain Chachalaca3.mp3,D:\other\Bird\Code\data\kaggle_wav_cache\Plain Chachalaca_sound\Plain Chachalaca3.wav,converted,32000,1,43.81384375,
Plain Chachalaca_sound/Plain Chachalaca30,D:\other\Bird\Dataset\CC0\Plain Chachalaca_sound\Plain Chachalaca30.mp3,D:\other\Bird\Code\data\kaggle_wav_cache\Plain Chachalaca_sound\Plain Chachalaca30.wav,converted,32000,1,206.976,"[mp3 @ 000002408d375640] Estimating duration from bitrate, this may be inaccurate
"
Plain Chachalaca_sound/Plain Chachalaca31,D:\other\Bird\Dataset\CC0\Plain Chachalaca_sound\Plain Chachalaca31.mp3,D:\other\Bird\Code\data\kaggle_wav_cache\Plain Chachalaca_sound\Plain Chachalaca31.wav,converted,32000,1,206.976,"[mp3 @ 00000224e1885640] Estimating duration from bitrate, this may be inaccurate
"
Plain Chachalaca_sound/Plain Chachalaca4,D:\other\Bird\Dataset\CC0\Plain Chachalaca_sound\Plain Chachalaca4.mp3,D:\other\Bird\Code\data\kaggle_wav_cache\Plain Chachalaca_sound\Plain Chachalaca4.wav,converted,32000,1,43.81384375,
Plain Chachalaca_sound/Plain Chachalaca5,D:\other\Bird\Dataset\CC0\Plain Chachalaca_sound\Plain Chachalaca5.mp3,D:\other\Bird\Code\data\kaggle_wav_cache\Plain Chachalaca_sound\Plain Chachalaca5.wav,converted,32000,1,29.41390625,"[mp3 @ 000001771a155640] Estimating duration from bitrate, this may be inaccurate
"
Plain Chachalaca_sound/Plain Chachalaca6,D:\other\Bird\Dataset\CC0\Plain Chachalaca_sound\Plain Chachalaca6.mp3,D:\other\Bird\Code\data\kaggle_wav_cache\Plain Chachalaca_sound\Plain Chachalaca6.wav,converted,32000,1,29.41390625,"[mp3 @ 0000025e20de5640] Estimating duration from bitrate, this may be inaccurate
"
Plain Chachalaca_sound/Plain Chachalaca7,D:\other\Bird\Dataset\CC0\Plain Chachalaca_sound\Plain Chachalaca7.mp3,D:\other\Bird\Code\data\kaggle_wav_cache\Plain Chachalaca_sound\Plain Chachalaca7.wav,converted,32000,1,29.41390625,"[mp3 @ 000001c80d8b5640] Estimating duration from bitrate, this may be inaccurate
"
Plain Chachalaca_sound/Plain Chachalaca8,D:\other\Bird\Dataset\CC0\Plain Chachalaca_sound\Plain Chachalaca8.mp3,D:\other\Bird\Code\data\kaggle_wav_cache\Plain Chachalaca_sound\Plain Chachalaca8.wav,converted,32000,1,29.41390625,"[mp3 @ 0000015144bf5640] Estimating duration from bitrate, this may be inaccurate
"
Plain Chachalaca_sound/Plain Chachalaca9,D:\other\Bird\Dataset\CC0\Plain Chachalaca_sound\Plain Chachalaca9.mp3,D:\other\Bird\Code\data\kaggle_wav_cache\Plain Chachalaca_sound\Plain Chachalaca9.wav,converted,32000,1,29.41390625,"[mp3 @ 000001fc35555640] Estimating duration from bitrate, this may be inaccurate
"
Puna Tinamou_sound/Puna Tinamou11,D:\other\Bird\Dataset\CC0\Puna Tinamou_sound\Puna Tinamou11.mp3,D:\other\Bird\Code\data\kaggle_wav_cache\Puna Tinamou_sound\Puna Tinamou11.wav,converted,32000,1,13.29634375,"[mp3 @ 000001f6c32055c0] Estimating duration from bitrate, this may be inaccurate
"
Puna Tinamou_sound/Puna Tinamou10,D:\other\Bird\Dataset\CC0\Puna Tinamou_sound\Puna Tinamou10.mp3,D:\other\Bird\Code\data\kaggle_wav_cache\Puna Tinamou_sound\Puna Tinamou10.wav,converted,32000,1,60.9436875,"[mp3 @ 0000027a8a6555c0] Estimating duration from bitrate, this may be inaccurate
"
Puna Tinamou_sound/Puna Tinamou12,D:\other\Bird\Dataset\CC0\Puna Tinamou_sound\Puna Tinamou12.mp3,D:\other\Bird\Code\data\kaggle_wav_cache\Puna Tinamou_sound\Puna Tinamou12.wav,converted,32000,1,38.35321875,
Puna Tinamou_sound/Puna Tinamou13,D:\other\Bird\Dataset\CC0\Puna Tinamou_sound\Puna Tinamou13.mp3,D:\other\Bird\Code\data\kaggle_wav_cache\Puna Tinamou_sound\Puna Tinamou13.wav,converted,32000,1,30.850625,"[mp3 @ 0000016be17d55c0] Estimating duration from bitrate, this may be inaccurate
"
Puna Tinamou_sound/Puna Tinamou2,D:\other\Bird\Dataset\CC0\Puna Tinamou_sound\Puna Tinamou2.mp3,D:\other\Bird\Code\data\kaggle_wav_cache\Puna Tinamou_sound\Puna Tinamou2.wav,converted,32000,1,20.506125,"[mp3 @ 000001f6894f55c0] Estimating duration from bitrate, this may be inaccurate
"
Puna Tinamou_sound/Puna Tinamou3,D:\other\Bird\Dataset\CC0\Puna Tinamou_sound\Puna Tinamou3.mp3,D:\other\Bird\Code\data\kaggle_wav_cache\Puna Tinamou_sound\Puna Tinamou3.wav,converted,32000,1,20.506125,"[mp3 @ 000001fbfe3155c0] Estimating duration from bitrate, this may be inaccurate
"
Puna Tinamou_sound/Puna Tinamou4,D:\other\Bird\Dataset\CC0\Puna Tinamou_sound\Puna Tinamou4.mp3,D:\other\Bird\Code\data\kaggle_wav_cache\Puna Tinamou_sound\Puna Tinamou4.wav,converted,32000,1,20.506125,"[mp3 @ 00000249a92d55c0] Estimating duration from bitrate, this may be inaccurate
"
Puna Tinamou_sound/Puna Tinamou5,D:\other\Bird\Dataset\CC0\Puna Tinamou_sound\Puna Tinamou5.mp3,D:\other\Bird\Code\data\kaggle_wav_cache\Puna Tinamou_sound\Puna Tinamou5.wav,converted,32000,1,20.62,
Puna Tinamou_sound/Puna Tinamou6,D:\other\Bird\Dataset\CC0\Puna Tinamou_sound\Puna Tinamou6.mp3,D:\other\Bird\Code\data\kaggle_wav_cache\Puna Tinamou_sound\Puna Tinamou6.wav,converted,32000,1,20.62,
Puna Tinamou_sound/Puna Tinamou7,D:\other\Bird\Dataset\CC0\Puna Tinamou_sound\Puna Tinamou7.mp3,D:\other\Bird\Code\data\kaggle_wav_cache\Puna Tinamou_sound\Puna Tinamou7.wav,converted,32000,1,109.5199375,
Puna Tinamou_sound/Puna Tinamou8,D:\other\Bird\Dataset\CC0\Puna Tinamou_sound\Puna Tinamou8.mp3,D:\other\Bird\Code\data\kaggle_wav_cache\Puna Tinamou_sound\Puna Tinamou8.wav,converted,32000,1,100.035375,
Quebracho Crested Tinamou_sound/Quebracho Crested Tinamou10,D:\other\Bird\Dataset\CC0\Quebracho Crested Tinamou_sound\Quebracho Crested Tinamou10.mp3,D:\other\Bird\Code\data\kaggle_wav_cache\Quebracho Crested Tinamou_sound\Quebracho Crested Tinamou10.wav,converted,32000,1,3.12484375,
Puna Tinamou_sound/Puna Tinamou9,D:\other\Bird\Dataset\CC0\Puna Tinamou_sound\Puna Tinamou9.mp3,D:\other\Bird\Code\data\kaggle_wav_cache\Puna Tinamou_sound\Puna Tinamou9.wav,converted,32000,1,100.035375,
Quebracho Crested Tinamou_sound/Quebracho Crested Tinamou11,D:\other\Bird\Dataset\CC0\Quebracho Crested Tinamou_sound\Quebracho Crested Tinamou11.mp3,D:\other\Bird\Code\data\kaggle_wav_cache\Quebracho Crested Tinamou_sound\Quebracho Crested Tinamou11.wav,converted,32000,1,20.506125,"[mp3 @ 00000294fe2c56c0] Estimating duration from bitrate, this may be inaccurate
"
Quebracho Crested Tinamou_sound/Quebracho Crested Tinamou2,D:\other\Bird\Dataset\CC0\Quebracho Crested Tinamou_sound\Quebracho Crested Tinamou2.mp3,D:\other\Bird\Code\data\kaggle_wav_cache\Quebracho Crested Tinamou_sound\Quebracho Crested Tinamou2.wav,converted,32000,1,10.05715625,"[mp3 @ 00000299e7f656c0] Estimating duration from bitrate, this may be inaccurate
"
Quebracho Crested Tinamou_sound/Quebracho Crested Tinamou3,D:\other\Bird\Dataset\CC0\Quebracho Crested Tinamou_sound\Quebracho Crested Tinamou3.mp3,D:\other\Bird\Code\data\kaggle_wav_cache\Quebracho Crested Tinamou_sound\Quebracho Crested Tinamou3.wav,converted,32000,1,10.05715625,"[mp3 @ 0000018ec56d56c0] Estimating duration from bitrate, this may be inaccurate
"
Quebracho Crested Tinamou_sound/Quebracho Crested Tinamou4,D:\other\Bird\Dataset\CC0\Quebracho Crested Tinamou_sound\Quebracho Crested Tinamou4.mp3,D:\other\Bird\Code\data\kaggle_wav_cache\Quebracho Crested Tinamou_sound\Quebracho Crested Tinamou4.wav,converted,32000,1,29.30940625,"[mp3 @ 000001fa4bad56c0] Estimating duration from bitrate, this may be inaccurate
"
Quebracho Crested Tinamou_sound/Quebracho Crested Tinamou5,D:\other\Bird\Dataset\CC0\Quebracho Crested Tinamou_sound\Quebracho Crested Tinamou5.mp3,D:\other\Bird\Code\data\kaggle_wav_cache\Quebracho Crested Tinamou_sound\Quebracho Crested Tinamou5.wav,converted,32000,1,29.30940625,"[mp3 @ 00000273ca7f56c0] Estimating duration from bitrate, this may be inaccurate
"
Quebracho Crested Tinamou_sound/Quebracho Crested Tinamou6,D:\other\Bird\Dataset\CC0\Quebracho Crested Tinamou_sound\Quebracho Crested Tinamou6.mp3,D:\other\Bird\Code\data\kaggle_wav_cache\Quebracho Crested Tinamou_sound\Quebracho Crested Tinamou6.wav,converted,32000,1,29.30940625,"[mp3 @ 0000015b3d5b56c0] Estimating duration from bitrate, this may be inaccurate
"
Quebracho Crested Tinamou_sound/Quebracho Crested Tinamou7,D:\other\Bird\Dataset\CC0\Quebracho Crested Tinamou_sound\Quebracho Crested Tinamou7.mp3,D:\other\Bird\Code\data\kaggle_wav_cache\Quebracho Crested Tinamou_sound\Quebracho Crested Tinamou7.wav,converted,32000,1,24.346125,"[mp3 @ 000001db7d3456c0] Estimating duration from bitrate, this may be inaccurate
"
Quebracho Crested Tinamou_sound/Quebracho Crested Tinamou8,D:\other\Bird\Dataset\CC0\Quebracho Crested Tinamou_sound\Quebracho Crested Tinamou8.mp3,D:\other\Bird\Code\data\kaggle_wav_cache\Quebracho Crested Tinamou_sound\Quebracho Crested Tinamou8.wav,converted,32000,1,22.30859375,"[mp3 @ 0000022b66b256c0] Estimating duration from bitrate, this may be inaccurate
"
Red-billed Brushturkey_sound/Red-billed Brushturkey2,D:\other\Bird\Dataset\CC0\Red-billed Brushturkey_sound\Red-billed Brushturkey2.mp3,D:\other\Bird\Code\data\kaggle_wav_cache\Red-billed Brushturkey_sound\Red-billed Brushturkey2.wav,converted,32000,1,9.7175625,"[mp3 @ 0000020ea5b45640] Estimating duration from bitrate, this may be inaccurate
"
Quebracho Crested Tinamou_sound/Quebracho Crested Tinamou9,D:\other\Bird\Dataset\CC0\Quebracho Crested Tinamou_sound\Quebracho Crested Tinamou9.mp3,D:\other\Bird\Code\data\kaggle_wav_cache\Quebracho Crested Tinamou_sound\Quebracho Crested Tinamou9.wav,converted,32000,1,22.30859375,"[mp3 @ 000001ec5fd756c0] Estimating duration from bitrate, this may be inaccurate
"
Red-billed Brushturkey_sound/Red-billed Brushturkey3,D:\other\Bird\Dataset\CC0\Red-billed Brushturkey_sound\Red-billed Brushturkey3.mp3,D:\other\Bird\Code\data\kaggle_wav_cache\Red-billed Brushturkey_sound\Red-billed Brushturkey3.wav,converted,32000,1,9.7175625,"[mp3 @ 000001cacf0f5640] Estimating duration from bitrate, this may be inaccurate
"
Red-billed Brushturkey_sound/Red-billed Brushturkey4,D:\other\Bird\Dataset\CC0\Red-billed Brushturkey_sound\Red-billed Brushturkey4.mp3,D:\other\Bird\Code\data\kaggle_wav_cache\Red-billed Brushturkey_sound\Red-billed Brushturkey4.wav,converted,32000,1,9.7175625,"[mp3 @ 000002dc305b5640] Estimating duration from bitrate, this may be inaccurate
"
Red-billed Brushturkey_sound/Red-billed Brushturkey6,D:\other\Bird\Dataset\CC0\Red-billed Brushturkey_sound\Red-billed Brushturkey6.mp3,D:\other\Bird\Code\data\kaggle_wav_cache\Red-billed Brushturkey_sound\Red-billed Brushturkey6.wav,converted,32000,1,9.7175625,"[mp3 @ 0000026233a45640] Estimating duration from bitrate, this may be inaccurate
"
Red-billed Brushturkey_sound/Red-billed Brushturkey5,D:\other\Bird\Dataset\CC0\Red-billed Brushturkey_sound\Red-billed Brushturkey5.mp3,D:\other\Bird\Code\data\kaggle_wav_cache\Red-billed Brushturkey_sound\Red-billed Brushturkey5.wav,converted,32000,1,9.7175625,"[mp3 @ 000001f7baf85640] Estimating duration from bitrate, this may be inaccurate
"
Red-billed Brushturkey_sound/Red-billed Brushturkey7,D:\other\Bird\Dataset\CC0\Red-billed Brushturkey_sound\Red-billed Brushturkey7.mp3,D:\other\Bird\Code\data\kaggle_wav_cache\Red-billed Brushturkey_sound\Red-billed Brushturkey7.wav,converted,32000,1,9.7175625,"[mp3 @ 000001c7ce905640] Estimating duration from bitrate, this may be inaccurate
"
Red-faced Guan_sound/Red-faced Guan10,D:\other\Bird\Dataset\CC0\Red-faced Guan_sound\Red-faced Guan10.mp3,D:\other\Bird\Code\data\kaggle_wav_cache\Red-faced Guan_sound\Red-faced Guan10.wav,converted,32000,1,51.74859375,"[mp3 @ 000002a5a31055c0] Estimating duration from bitrate, this may be inaccurate
"
Red-faced Guan_sound/Red-faced Guan11,D:\other\Bird\Dataset\CC0\Red-faced Guan_sound\Red-faced Guan11.mp3,D:\other\Bird\Code\data\kaggle_wav_cache\Red-faced Guan_sound\Red-faced Guan11.wav,converted,32000,1,165.17225,"[mp3 @ 0000020dd13f55c0] Estimating duration from bitrate, this may be inaccurate
"
Red-faced Guan_sound/Red-faced Guan12,D:\other\Bird\Dataset\CC0\Red-faced Guan_sound\Red-faced Guan12.mp3,D:\other\Bird\Code\data\kaggle_wav_cache\Red-faced Guan_sound\Red-faced Guan12.wav,converted,32000,1,124.78696875,"[mp3 @ 000001bace9855c0] Estimating duration from bitrate, this may be inaccurate
"
Red-faced Guan_sound/Red-faced Guan13,D:\other\Bird\Dataset\CC0\Red-faced Guan_sound\Red-faced Guan13.mp3,D:\other\Bird\Code\data\kaggle_wav_cache\Red-faced Guan_sound\Red-faced Guan13.wav,converted,32000,1,124.78696875,"[mp3 @ 000002b90b8255c0] Estimating duration from bitrate, this may be inaccurate
"
Red-faced Guan_sound/Red-faced Guan14,D:\other\Bird\Dataset\CC0\Red-faced Guan_sound\Red-faced Guan14.mp3,D:\other\Bird\Code\data\kaggle_wav_cache\Red-faced Guan_sound\Red-faced Guan14.wav,converted,32000,1,124.78696875,"[mp3 @ 000002487d5255c0] Estimating duration from bitrate, this may be inaccurate
"
Red-faced Guan_sound/Red-faced Guan15,D:\other\Bird\Dataset\CC0\Red-faced Guan_sound\Red-faced Guan15.mp3,D:\other\Bird\Code\data\kaggle_wav_cache\Red-faced Guan_sound\Red-faced Guan15.wav,converted,32000,1,124.78696875,"[mp3 @ 000001fb478e55c0] Estimating duration from bitrate, this may be inaccurate
"
Red-faced Guan_sound/Red-faced Guan16,D:\other\Bird\Dataset\CC0\Red-faced Guan_sound\Red-faced Guan16.mp3,D:\other\Bird\Code\data\kaggle_wav_cache\Red-faced Guan_sound\Red-faced Guan16.wav,converted,32000,1,124.78696875,"[mp3 @ 0000019e2f8455c0] Estimating duration from bitrate, this may be inaccurate
"
Red-faced Guan_sound/Red-faced Guan17,D:\other\Bird\Dataset\CC0\Red-faced Guan_sound\Red-faced Guan17.mp3,D:\other\Bird\Code\data\kaggle_wav_cache\Red-faced Guan_sound\Red-faced Guan17.wav,converted,32000,1,124.78696875,"[mp3 @ 000002a3972455c0] Estimating duration from bitrate, this may be inaccurate
"
Red-faced Guan_sound/Red-faced Guan18,D:\other\Bird\Dataset\CC0\Red-faced Guan_sound\Red-faced Guan18.mp3,D:\other\Bird\Code\data\kaggle_wav_cache\Red-faced Guan_sound\Red-faced Guan18.wav,converted,32000,1,124.78696875,"[mp3 @ 000001e377e855c0] Estimating duration from bitrate, this may be inaccurate
"
Red-faced Guan_sound/Red-faced Guan2,D:\other\Bird\Dataset\CC0\Red-faced Guan_sound\Red-faced Guan2.mp3,D:\other\Bird\Code\data\kaggle_wav_cache\Red-faced Guan_sound\Red-faced Guan2.wav,converted,32000,1,10.318375,"[mp3 @ 0000023a7eb155c0] Estimating duration from bitrate, this may be inaccurate
"
Red-faced Guan_sound/Red-faced Guan19,D:\other\Bird\Dataset\CC0\Red-faced Guan_sound\Red-faced Guan19.mp3,D:\other\Bird\Code\data\kaggle_wav_cache\Red-faced Guan_sound\Red-faced Guan19.wav,converted,32000,1,35.84,"[mp3 @ 000002a7456355c0] Estimating duration from bitrate, this may be inaccurate
"
Red-faced Guan_sound/Red-faced Guan20,D:\other\Bird\Dataset\CC0\Red-faced Guan_sound\Red-faced Guan20.mp3,D:\other\Bird\Code\data\kaggle_wav_cache\Red-faced Guan_sound\Red-faced Guan20.wav,converted,32000,1,60.186125,"[mp3 @ 000001aba6a055c0] Estimating duration from bitrate, this may be inaccurate
"
Red-faced Guan_sound/Red-faced Guan21,D:\other\Bird\Dataset\CC0\Red-faced Guan_sound\Red-faced Guan21.mp3,D:\other\Bird\Code\data\kaggle_wav_cache\Red-faced Guan_sound\Red-faced Guan21.wav,converted,32000,1,45.53140625,"[mp3 @ 0000018f2a3355c0] Estimating duration from bitrate, this may be inaccurate
"
Red-faced Guan_sound/Red-faced Guan22,D:\other\Bird\Dataset\CC0\Red-faced Guan_sound\Red-faced Guan22.mp3,D:\other\Bird\Code\data\kaggle_wav_cache\Red-faced Guan_sound\Red-faced Guan22.wav,converted,32000,1,48.56165625,"[mp3 @ 000001709fdf55c0] Estimating duration from bitrate, this may be inaccurate
"
Red-faced Guan_sound/Red-faced Guan23,D:\other\Bird\Dataset\CC0\Red-faced Guan_sound\Red-faced Guan23.mp3,D:\other\Bird\Code\data\kaggle_wav_cache\Red-faced Guan_sound\Red-faced Guan23.wav,converted,32000,1,20.22459375,
Red-faced Guan_sound/Red-faced Guan25,D:\other\Bird\Dataset\CC0\Red-faced Guan_sound\Red-faced Guan25.mp3,D:\other\Bird\Code\data\kaggle_wav_cache\Red-faced Guan_sound\Red-faced Guan25.wav,converted,32000,1,17.946125,"[mp3 @ 0000018b3f7755c0] Estimating duration from bitrate, this may be inaccurate
"
Red-faced Guan_sound/Red-faced Guan24,D:\other\Bird\Dataset\CC0\Red-faced Guan_sound\Red-faced Guan24.mp3,D:\other\Bird\Code\data\kaggle_wav_cache\Red-faced Guan_sound\Red-faced Guan24.wav,converted,32000,1,36.33634375,"[mp3 @ 00000198a82255c0] Estimating duration from bitrate, this may be inaccurate
"
Red-faced Guan_sound/Red-faced Guan3,D:\other\Bird\Dataset\CC0\Red-faced Guan_sound\Red-faced Guan3.mp3,D:\other\Bird\Code\data\kaggle_wav_cache\Red-faced Guan_sound\Red-faced Guan3.wav,converted,32000,1,10.318375,"[mp3 @ 0000029b780055c0] Estimating duration from bitrate, this may be inaccurate
"
Red-faced Guan_sound/Red-faced Guan4,D:\other\Bird\Dataset\CC0\Red-faced Guan_sound\Red-faced Guan4.mp3,D:\other\Bird\Code\data\kaggle_wav_cache\Red-faced Guan_sound\Red-faced Guan4.wav,converted,32000,1,10.318375,"[mp3 @ 000001db775c55c0] Estimating duration from bitrate, this may be inaccurate
"
Red-faced Guan_sound/Red-faced Guan5,D:\other\Bird\Dataset\CC0\Red-faced Guan_sound\Red-faced Guan5.mp3,D:\other\Bird\Code\data\kaggle_wav_cache\Red-faced Guan_sound\Red-faced Guan5.wav,converted,32000,1,10.318375,"[mp3 @ 000001ca44a555c0] Estimating duration from bitrate, this may be inaccurate
"
Red-faced Guan_sound/Red-faced Guan6,D:\other\Bird\Dataset\CC0\Red-faced Guan_sound\Red-faced Guan6.mp3,D:\other\Bird\Code\data\kaggle_wav_cache\Red-faced Guan_sound\Red-faced Guan6.wav,converted,32000,1,10.318375,"[mp3 @ 0000025f554c55c0] Estimating duration from bitrate, this may be inaccurate
"
Red-faced Guan_sound/Red-faced Guan7,D:\other\Bird\Dataset\CC0\Red-faced Guan_sound\Red-faced Guan7.mp3,D:\other\Bird\Code\data\kaggle_wav_cache\Red-faced Guan_sound\Red-faced Guan7.wav,converted,32000,1,10.318375,"[mp3 @ 0000025e988455c0] Estimating duration from bitrate, this may be inaccurate
"
Red-faced Guan_sound/Red-faced Guan8,D:\other\Bird\Dataset\CC0\Red-faced Guan_sound\Red-faced Guan8.mp3,D:\other\Bird\Code\data\kaggle_wav_cache\Red-faced Guan_sound\Red-faced Guan8.wav,converted,32000,1,42.57959375,"[mp3 @ 000002483ca955c0] Estimating duration from bitrate, this may be inaccurate
"
Red-faced Guan_sound/Red-faced Guan9,D:\other\Bird\Dataset\CC0\Red-faced Guan_sound\Red-faced Guan9.mp3,D:\other\Bird\Code\data\kaggle_wav_cache\Red-faced Guan_sound\Red-faced Guan9.wav,converted,32000,1,26.77553125,"[mp3 @ 000001d0660855c0] Estimating duration from bitrate, this may be inaccurate
"
Red-legged Tinamou_sound/Red-legged Tinamou10,D:\other\Bird\Dataset\CC0\Red-legged Tinamou_sound\Red-legged Tinamou10.mp3,D:\other\Bird\Code\data\kaggle_wav_cache\Red-legged Tinamou_sound\Red-legged Tinamou10.wav,converted,32000,1,72.0979375,"[mp3 @ 000001f9ae555600] Estimating duration from bitrate, this may be inaccurate
"
Red-legged Tinamou_sound/Red-legged Tinamou11,D:\other\Bird\Dataset\CC0\Red-legged Tinamou_sound\Red-legged Tinamou11.mp3,D:\other\Bird\Code\data\kaggle_wav_cache\Red-legged Tinamou_sound\Red-legged Tinamou11.wav,converted,32000,1,72.0979375,"[mp3 @ 000001efbd3d5600] Estimating duration from bitrate, this may be inaccurate
"
Red-legged Tinamou_sound/Red-legged Tinamou12,D:\other\Bird\Dataset\CC0\Red-legged Tinamou_sound\Red-legged Tinamou12.mp3,D:\other\Bird\Code\data\kaggle_wav_cache\Red-legged Tinamou_sound\Red-legged Tinamou12.wav,converted,32000,1,72.0979375,"[mp3 @ 0000018e68155600] Estimating duration from bitrate, this may be inaccurate
"
Red-legged Tinamou_sound/Red-legged Tinamou13,D:\other\Bird\Dataset\CC0\Red-legged Tinamou_sound\Red-legged Tinamou13.mp3,D:\other\Bird\Code\data\kaggle_wav_cache\Red-legged Tinamou_sound\Red-legged Tinamou13.wav,converted,32000,1,72.0979375,"[mp3 @ 000001d04c5e5600] Estimating duration from bitrate, this may be inaccurate
"
Red-legged Tinamou_sound/Red-legged Tinamou14,D:\other\Bird\Dataset\CC0\Red-legged Tinamou_sound\Red-legged Tinamou14.mp3,D:\other\Bird\Code\data\kaggle_wav_cache\Red-legged Tinamou_sound\Red-legged Tinamou14.wav,converted,32000,1,38.12309375,
Red-legged Tinamou_sound/Red-legged Tinamou15,D:\other\Bird\Dataset\CC0\Red-legged Tinamou_sound\Red-legged Tinamou15.mp3,D:\other\Bird\Code\data\kaggle_wav_cache\Red-legged Tinamou_sound\Red-legged Tinamou15.wav,converted,32000,1,28.13390625,"[mp3 @ 0000023a9e905600] Estimating duration from bitrate, this may be inaccurate
"
Red-legged Tinamou_sound/Red-legged Tinamou17,D:\other\Bird\Dataset\CC0\Red-legged Tinamou_sound\Red-legged Tinamou17.mp3,D:\other\Bird\Code\data\kaggle_wav_cache\Red-legged Tinamou_sound\Red-legged Tinamou17.wav,converted,32000,1,5.28396875,
Red-legged Tinamou_sound/Red-legged Tinamou16,D:\other\Bird\Dataset\CC0\Red-legged Tinamou_sound\Red-legged Tinamou16.mp3,D:\other\Bird\Code\data\kaggle_wav_cache\Red-legged Tinamou_sound\Red-legged Tinamou16.wav,converted,32000,1,4.5699375,
Red-legged Tinamou_sound/Red-legged Tinamou19,D:\other\Bird\Dataset\CC0\Red-legged Tinamou_sound\Red-legged Tinamou19.mp3,D:\other\Bird\Code\data\kaggle_wav_cache\Red-legged Tinamou_sound\Red-legged Tinamou19.wav,converted,32000,1,31.5036875,"[mp3 @ 0000022a96a55600] Estimating duration from bitrate, this may be inaccurate
"
Red-legged Tinamou_sound/Red-legged Tinamou18,D:\other\Bird\Dataset\CC0\Red-legged Tinamou_sound\Red-legged Tinamou18.mp3,D:\other\Bird\Code\data\kaggle_wav_cache\Red-legged Tinamou_sound\Red-legged Tinamou18.wav,converted,32000,1,67.77628125,
Red-legged Tinamou_sound/Red-legged Tinamou2,D:\other\Bird\Dataset\CC0\Red-legged Tinamou_sound\Red-legged Tinamou2.mp3,D:\other\Bird\Code\data\kaggle_wav_cache\Red-legged Tinamou_sound\Red-legged Tinamou2.wav,converted,32000,1,33.25390625,"[mp3 @ 00000149a3325600] Estimating duration from bitrate, this may be inaccurate
"
Red-legged Tinamou_sound/Red-legged Tinamou20,D:\other\Bird\Dataset\CC0\Red-legged Tinamou_sound\Red-legged Tinamou20.mp3,D:\other\Bird\Code\data\kaggle_wav_cache\Red-legged Tinamou_sound\Red-legged Tinamou20.wav,converted,32000,1,35.72084375,
Red-legged Tinamou_sound/Red-legged Tinamou21,D:\other\Bird\Dataset\CC0\Red-legged Tinamou_sound\Red-legged Tinamou21.mp3,D:\other\Bird\Code\data\kaggle_wav_cache\Red-legged Tinamou_sound\Red-legged Tinamou21.wav,converted,32000,1,35.72084375,
Red-legged Tinamou_sound/Red-legged Tinamou22,D:\other\Bird\Dataset\CC0\Red-legged Tinamou_sound\Red-legged Tinamou22.mp3,D:\other\Bird\Code\data\kaggle_wav_cache\Red-legged Tinamou_sound\Red-legged Tinamou22.wav,converted,32000,1,35.72084375,
Red-legged Tinamou_sound/Red-legged Tinamou23,D:\other\Bird\Dataset\CC0\Red-legged Tinamou_sound\Red-legged Tinamou23.mp3,D:\other\Bird\Code\data\kaggle_wav_cache\Red-legged Tinamou_sound\Red-legged Tinamou23.wav,converted,32000,1,35.72084375,
Red-legged Tinamou_sound/Red-legged Tinamou24,D:\other\Bird\Dataset\CC0\Red-legged Tinamou_sound\Red-legged Tinamou24.mp3,D:\other\Bird\Code\data\kaggle_wav_cache\Red-legged Tinamou_sound\Red-legged Tinamou24.wav,converted,32000,1,35.72084375,
Red-legged Tinamou_sound/Red-legged Tinamou26,D:\other\Bird\Dataset\CC0\Red-legged Tinamou_sound\Red-legged Tinamou26.mp3,D:\other\Bird\Code\data\kaggle_wav_cache\Red-legged Tinamou_sound\Red-legged Tinamou26.wav,converted,32000,1,4.395625,
Red-legged Tinamou_sound/Red-legged Tinamou25,D:\other\Bird\Dataset\CC0\Red-legged Tinamou_sound\Red-legged Tinamou25.mp3,D:\other\Bird\Code\data\kaggle_wav_cache\Red-legged Tinamou_sound\Red-legged Tinamou25.wav,converted,32000,1,35.72084375,
Red-legged Tinamou_sound/Red-legged Tinamou27,D:\other\Bird\Dataset\CC0\Red-legged Tinamou_sound\Red-legged Tinamou27.mp3,D:\other\Bird\Code\data\kaggle_wav_cache\Red-legged Tinamou_sound\Red-legged Tinamou27.wav,converted,32000,1,4.395625,
Red-legged Tinamou_sound/Red-legged Tinamou28,D:\other\Bird\Dataset\CC0\Red-legged Tinamou_sound\Red-legged Tinamou28.mp3,D:\other\Bird\Code\data\kaggle_wav_cache\Red-legged Tinamou_sound\Red-legged Tinamou28.wav,converted,32000,1,4.395625,
Red-legged Tinamou_sound/Red-legged Tinamou29,D:\other\Bird\Dataset\CC0\Red-legged Tinamou_sound\Red-legged Tinamou29.mp3,D:\other\Bird\Code\data\kaggle_wav_cache\Red-legged Tinamou_sound\Red-legged Tinamou29.wav,converted,32000,1,4.395625,
Red-legged Tinamou_sound/Red-legged Tinamou3,D:\other\Bird\Dataset\CC0\Red-legged Tinamou_sound\Red-legged Tinamou3.mp3,D:\other\Bird\Code\data\kaggle_wav_cache\Red-legged Tinamou_sound\Red-legged Tinamou3.wav,converted,32000,1,50.22465625,
Red-legged Tinamou_sound/Red-legged Tinamou30,D:\other\Bird\Dataset\CC0\Red-legged Tinamou_sound\Red-legged Tinamou30.mp3,D:\other\Bird\Code\data\kaggle_wav_cache\Red-legged Tinamou_sound\Red-legged Tinamou30.wav,converted,32000,1,4.395625,
Red-legged Tinamou_sound/Red-legged Tinamou31,D:\other\Bird\Dataset\CC0\Red-legged Tinamou_sound\Red-legged Tinamou31.mp3,D:\other\Bird\Code\data\kaggle_wav_cache\Red-legged Tinamou_sound\Red-legged Tinamou31.wav,converted,32000,1,4.395625,
Red-legged Tinamou_sound/Red-legged Tinamou4,D:\other\Bird\Dataset\CC0\Red-legged Tinamou_sound\Red-legged Tinamou4.mp3,D:\other\Bird\Code\data\kaggle_wav_cache\Red-legged Tinamou_sound\Red-legged Tinamou4.wav,converted,32000,1,57.8085625,
Red-legged Tinamou_sound/Red-legged Tinamou5,D:\other\Bird\Dataset\CC0\Red-legged Tinamou_sound\Red-legged Tinamou5.mp3,D:\other\Bird\Code\data\kaggle_wav_cache\Red-legged Tinamou_sound\Red-legged Tinamou5.wav,converted,32000,1,57.845375,
Red-legged Tinamou_sound/Red-legged Tinamou6,D:\other\Bird\Dataset\CC0\Red-legged Tinamou_sound\Red-legged Tinamou6.mp3,D:\other\Bird\Code\data\kaggle_wav_cache\Red-legged Tinamou_sound\Red-legged Tinamou6.wav,converted,32000,1,57.845375,
Red-legged Tinamou_sound/Red-legged Tinamou7,D:\other\Bird\Dataset\CC0\Red-legged Tinamou_sound\Red-legged Tinamou7.mp3,D:\other\Bird\Code\data\kaggle_wav_cache\Red-legged Tinamou_sound\Red-legged Tinamou7.wav,converted,32000,1,27.8204375,"[mp3 @ 000002aac6295600] Estimating duration from bitrate, this may be inaccurate
"
Red-legged Tinamou_sound/Red-legged Tinamou8,D:\other\Bird\Dataset\CC0\Red-legged Tinamou_sound\Red-legged Tinamou8.mp3,D:\other\Bird\Code\data\kaggle_wav_cache\Red-legged Tinamou_sound\Red-legged Tinamou8.wav,converted,32000,1,72.0979375,"[mp3 @ 000001d919035600] Estimating duration from bitrate, this may be inaccurate
"
Red-legged Tinamou_sound/Red-legged Tinamou9,D:\other\Bird\Dataset\CC0\Red-legged Tinamou_sound\Red-legged Tinamou9.mp3,D:\other\Bird\Code\data\kaggle_wav_cache\Red-legged Tinamou_sound\Red-legged Tinamou9.wav,converted,32000,1,72.0979375,"[mp3 @ 0000029973d45600] Estimating duration from bitrate, this may be inaccurate
"
Red-throated Piping Guan_sound/Red-throated Piping Guan10,D:\other\Bird\Dataset\CC0\Red-throated Piping Guan_sound\Red-throated Piping Guan10.mp3,D:\other\Bird\Code\data\kaggle_wav_cache\Red-throated Piping Guan_sound\Red-throated Piping Guan10.wav,converted,32000,1,62.256,"[mp3 @ 0000024a9bc05640] Estimating duration from bitrate, this may be inaccurate
"
Red-throated Piping Guan_sound/Red-throated Piping Guan11,D:\other\Bird\Dataset\CC0\Red-throated Piping Guan_sound\Red-throated Piping Guan11.mp3,D:\other\Bird\Code\data\kaggle_wav_cache\Red-throated Piping Guan_sound\Red-throated Piping Guan11.wav,converted,32000,1,62.256,"[mp3 @ 000001481fed5640] Estimating duration from bitrate, this may be inaccurate
"
Red-throated Piping Guan_sound/Red-throated Piping Guan12,D:\other\Bird\Dataset\CC0\Red-throated Piping Guan_sound\Red-throated Piping Guan12.mp3,D:\other\Bird\Code\data\kaggle_wav_cache\Red-throated Piping Guan_sound\Red-throated Piping Guan12.wav,converted,32000,1,51.72,"[mp3 @ 0000024e9a955640] Estimating duration from bitrate, this may be inaccurate
"
Red-throated Piping Guan_sound/Red-throated Piping Guan13,D:\other\Bird\Dataset\CC0\Red-throated Piping Guan_sound\Red-throated Piping Guan13.mp3,D:\other\Bird\Code\data\kaggle_wav_cache\Red-throated Piping Guan_sound\Red-throated Piping Guan13.wav,converted,32000,1,51.72,"[mp3 @ 0000022f40b25640] Estimating duration from bitrate, this may be inaccurate
"
Red-throated Piping Guan_sound/Red-throated Piping Guan14,D:\other\Bird\Dataset\CC0\Red-throated Piping Guan_sound\Red-throated Piping Guan14.mp3,D:\other\Bird\Code\data\kaggle_wav_cache\Red-throated Piping Guan_sound\Red-throated Piping Guan14.wav,converted,32000,1,61.16940625,
Red-throated Piping Guan_sound/Red-throated Piping Guan15,D:\other\Bird\Dataset\CC0\Red-throated Piping Guan_sound\Red-throated Piping Guan15.mp3,D:\other\Bird\Code\data\kaggle_wav_cache\Red-throated Piping Guan_sound\Red-throated Piping Guan15.wav,converted,32000,1,31.92165625,"[mp3 @ 000001d183835640] Estimating duration from bitrate, this may be inaccurate
"
Red-throated Piping Guan_sound/Red-throated Piping Guan16,D:\other\Bird\Dataset\CC0\Red-throated Piping Guan_sound\Red-throated Piping Guan16.mp3,D:\other\Bird\Code\data\kaggle_wav_cache\Red-throated Piping Guan_sound\Red-throated Piping Guan16.wav,converted,32000,1,10.05715625,"[mp3 @ 000001c662025640] Estimating duration from bitrate, this may be inaccurate
"
Red-throated Piping Guan_sound/Red-throated Piping Guan2,D:\other\Bird\Dataset\CC0\Red-throated Piping Guan_sound\Red-throated Piping Guan2.mp3,D:\other\Bird\Code\data\kaggle_wav_cache\Red-throated Piping Guan_sound\Red-throated Piping Guan2.wav,converted,32000,1,101.112,"[mp3 @ 000001ea71505640] Estimating duration from bitrate, this may be inaccurate
"
Red-throated Piping Guan_sound/Red-throated Piping Guan3,D:\other\Bird\Dataset\CC0\Red-throated Piping Guan_sound\Red-throated Piping Guan3.mp3,D:\other\Bird\Code\data\kaggle_wav_cache\Red-throated Piping Guan_sound\Red-throated Piping Guan3.wav,converted,32000,1,42.68409375,"[mp3 @ 000002a776375640] Estimating duration from bitrate, this may be inaccurate
"
Red-throated Piping Guan_sound/Red-throated Piping Guan4,D:\other\Bird\Dataset\CC0\Red-throated Piping Guan_sound\Red-throated Piping Guan4.mp3,D:\other\Bird\Code\data\kaggle_wav_cache\Red-throated Piping Guan_sound\Red-throated Piping Guan4.wav,converted,32000,1,132.80653125,"[mp3 @ 0000019556575640] Estimating duration from bitrate, this may be inaccurate
"
Red-throated Piping Guan_sound/Red-throated Piping Guan5,D:\other\Bird\Dataset\CC0\Red-throated Piping Guan_sound\Red-throated Piping Guan5.mp3,D:\other\Bird\Code\data\kaggle_wav_cache\Red-throated Piping Guan_sound\Red-throated Piping Guan5.wav,converted,32000,1,139.056,"[mp3 @ 0000024096145640] Estimating duration from bitrate, this may be inaccurate
"
Red-throated Piping Guan_sound/Red-throated Piping Guan6,D:\other\Bird\Dataset\CC0\Red-throated Piping Guan_sound\Red-throated Piping Guan6.mp3,D:\other\Bird\Code\data\kaggle_wav_cache\Red-throated Piping Guan_sound\Red-throated Piping Guan6.wav,converted,32000,1,104.64,"[mp3 @ 00000218b4a75640] Estimating duration from bitrate, this may be inaccurate
"
Red-throated Piping Guan_sound/Red-throated Piping Guan7,D:\other\Bird\Dataset\CC0\Red-throated Piping Guan_sound\Red-throated Piping Guan7.mp3,D:\other\Bird\Code\data\kaggle_wav_cache\Red-throated Piping Guan_sound\Red-throated Piping Guan7.wav,converted,32000,1,61.0743125,"[mp3 @ 000001a69de65640] Estimating duration from bitrate, this may be inaccurate
"
Red-throated Piping Guan_sound/Red-throated Piping Guan9,D:\other\Bird\Dataset\CC0\Red-throated Piping Guan_sound\Red-throated Piping Guan9.mp3,D:\other\Bird\Code\data\kaggle_wav_cache\Red-throated Piping Guan_sound\Red-throated Piping Guan9.wav,converted,32000,1,6.7135,"[mp3 @ 00000198d6445640] Estimating duration from bitrate, this may be inaccurate
"
Red-throated Piping Guan_sound/Red-throated Piping Guan8,D:\other\Bird\Dataset\CC0\Red-throated Piping Guan_sound\Red-throated Piping Guan8.mp3,D:\other\Bird\Code\data\kaggle_wav_cache\Red-throated Piping Guan_sound\Red-throated Piping Guan8.wav,converted,32000,1,28.49959375,"[mp3 @ 000002799c355640] Estimating duration from bitrate, this may be inaccurate
"
Red-winged Tinamou_sound/Red-winged Tinamou10,D:\other\Bird\Dataset\CC0\Red-winged Tinamou_sound\Red-winged Tinamou10.mp3,D:\other\Bird\Code\data\kaggle_wav_cache\Red-winged Tinamou_sound\Red-winged Tinamou10.wav,converted,32000,1,43.36328125,"[mp3 @ 0000019652205600] Estimating duration from bitrate, this may be inaccurate
"
Red-winged Tinamou_sound/Red-winged Tinamou11,D:\other\Bird\Dataset\CC0\Red-winged Tinamou_sound\Red-winged Tinamou11.mp3,D:\other\Bird\Code\data\kaggle_wav_cache\Red-winged Tinamou_sound\Red-winged Tinamou11.wav,converted,32000,1,43.36328125,"[mp3 @ 0000017f8e705600] Estimating duration from bitrate, this may be inaccurate
"
Red-winged Tinamou_sound/Red-winged Tinamou12,D:\other\Bird\Dataset\CC0\Red-winged Tinamou_sound\Red-winged Tinamou12.mp3,D:\other\Bird\Code\data\kaggle_wav_cache\Red-winged Tinamou_sound\Red-winged Tinamou12.wav,converted,32000,1,43.36328125,"[mp3 @ 0000022d21025600] Estimating duration from bitrate, this may be inaccurate
"
Red-winged Tinamou_sound/Red-winged Tinamou13,D:\other\Bird\Dataset\CC0\Red-winged Tinamou_sound\Red-winged Tinamou13.mp3,D:\other\Bird\Code\data\kaggle_wav_cache\Red-winged Tinamou_sound\Red-winged Tinamou13.wav,converted,32000,1,43.36328125,"[mp3 @ 000001e29b8b5600] Estimating duration from bitrate, this may be inaccurate
"
Red-winged Tinamou_sound/Red-winged Tinamou15,D:\other\Bird\Dataset\CC0\Red-winged Tinamou_sound\Red-winged Tinamou15.mp3,D:\other\Bird\Code\data\kaggle_wav_cache\Red-winged Tinamou_sound\Red-winged Tinamou15.wav,converted,32000,1,43.36328125,"[mp3 @ 000002d4bd825600] Estimating duration from bitrate, this may be inaccurate
"
Red-winged Tinamou_sound/Red-winged Tinamou14,D:\other\Bird\Dataset\CC0\Red-winged Tinamou_sound\Red-winged Tinamou14.mp3,D:\other\Bird\Code\data\kaggle_wav_cache\Red-winged Tinamou_sound\Red-winged Tinamou14.wav,converted,32000,1,43.36328125,"[mp3 @ 000001db316c5600] Estimating duration from bitrate, this may be inaccurate
"
Red-winged Tinamou_sound/Red-winged Tinamou16,D:\other\Bird\Dataset\CC0\Red-winged Tinamou_sound\Red-winged Tinamou16.mp3,D:\other\Bird\Code\data\kaggle_wav_cache\Red-winged Tinamou_sound\Red-winged Tinamou16.wav,converted,32000,1,43.36328125,"[mp3 @ 0000026ff7d05600] Estimating duration from bitrate, this may be inaccurate
"
Red-winged Tinamou_sound/Red-winged Tinamou17,D:\other\Bird\Dataset\CC0\Red-winged Tinamou_sound\Red-winged Tinamou17.mp3,D:\other\Bird\Code\data\kaggle_wav_cache\Red-winged Tinamou_sound\Red-winged Tinamou17.wav,converted,32000,1,76.54728125,
Red-winged Tinamou_sound/Red-winged Tinamou18,D:\other\Bird\Dataset\CC0\Red-winged Tinamou_sound\Red-winged Tinamou18.mp3,D:\other\Bird\Code\data\kaggle_wav_cache\Red-winged Tinamou_sound\Red-winged Tinamou18.wav,converted,32000,1,6.5045,"[mp3 @ 0000020046d85600] Estimating duration from bitrate, this may be inaccurate
"
Red-winged Tinamou_sound/Red-winged Tinamou19,D:\other\Bird\Dataset\CC0\Red-winged Tinamou_sound\Red-winged Tinamou19.mp3,D:\other\Bird\Code\data\kaggle_wav_cache\Red-winged Tinamou_sound\Red-winged Tinamou19.wav,converted,32000,1,6.5045,"[mp3 @ 000001b7d7bc5600] Estimating duration from bitrate, this may be inaccurate
"
Red-winged Tinamou_sound/Red-winged Tinamou2,D:\other\Bird\Dataset\CC0\Red-winged Tinamou_sound\Red-winged Tinamou2.mp3,D:\other\Bird\Code\data\kaggle_wav_cache\Red-winged Tinamou_sound\Red-winged Tinamou2.wav,converted,32000,1,43.36328125,"[mp3 @ 0000016759165600] Estimating duration from bitrate, this may be inaccurate
"
Red-winged Tinamou_sound/Red-winged Tinamou20,D:\other\Bird\Dataset\CC0\Red-winged Tinamou_sound\Red-winged Tinamou20.mp3,D:\other\Bird\Code\data\kaggle_wav_cache\Red-winged Tinamou_sound\Red-winged Tinamou20.wav,converted,32000,1,69.45959375,"[mp3 @ 0000024946d25600] Estimating duration from bitrate, this may be inaccurate
"
Red-winged Tinamou_sound/Red-winged Tinamou21,D:\other\Bird\Dataset\CC0\Red-winged Tinamou_sound\Red-winged Tinamou21.mp3,D:\other\Bird\Code\data\kaggle_wav_cache\Red-winged Tinamou_sound\Red-winged Tinamou21.wav,converted,32000,1,69.45959375,"[mp3 @ 000002883abe5600] Estimating duration from bitrate, this may be inaccurate
"
Red-winged Tinamou_sound/Red-winged Tinamou22,D:\other\Bird\Dataset\CC0\Red-winged Tinamou_sound\Red-winged Tinamou22.mp3,D:\other\Bird\Code\data\kaggle_wav_cache\Red-winged Tinamou_sound\Red-winged Tinamou22.wav,converted,32000,1,69.45959375,"[mp3 @ 0000027ac3fc5600] Estimating duration from bitrate, this may be inaccurate
"
Red-winged Tinamou_sound/Red-winged Tinamou23,D:\other\Bird\Dataset\CC0\Red-winged Tinamou_sound\Red-winged Tinamou23.mp3,D:\other\Bird\Code\data\kaggle_wav_cache\Red-winged Tinamou_sound\Red-winged Tinamou23.wav,converted,32000,1,69.45959375,"[mp3 @ 0000027ef3b35600] Estimating duration from bitrate, this may be inaccurate
"
Red-winged Tinamou_sound/Red-winged Tinamou24,D:\other\Bird\Dataset\CC0\Red-winged Tinamou_sound\Red-winged Tinamou24.mp3,D:\other\Bird\Code\data\kaggle_wav_cache\Red-winged Tinamou_sound\Red-winged Tinamou24.wav,converted,32000,1,69.45959375,"[mp3 @ 00000161ea755600] Estimating duration from bitrate, this may be inaccurate
"
Red-winged Tinamou_sound/Red-winged Tinamou26,D:\other\Bird\Dataset\CC0\Red-winged Tinamou_sound\Red-winged Tinamou26.mp3,D:\other\Bird\Code\data\kaggle_wav_cache\Red-winged Tinamou_sound\Red-winged Tinamou26.wav,converted,32000,1,13.368,"[mp3 @ 0000020bb39e5600] Estimating duration from bitrate, this may be inaccurate
"
Red-winged Tinamou_sound/Red-winged Tinamou27,D:\other\Bird\Dataset\CC0\Red-winged Tinamou_sound\Red-winged Tinamou27.mp3,D:\other\Bird\Code\data\kaggle_wav_cache\Red-winged Tinamou_sound\Red-winged Tinamou27.wav,converted,32000,1,3.98659375,
Red-winged Tinamou_sound/Red-winged Tinamou28,D:\other\Bird\Dataset\CC0\Red-winged Tinamou_sound\Red-winged Tinamou28.mp3,D:\other\Bird\Code\data\kaggle_wav_cache\Red-winged Tinamou_sound\Red-winged Tinamou28.wav,converted,32000,1,3.98659375,
Red-winged Tinamou_sound/Red-winged Tinamou25,D:\other\Bird\Dataset\CC0\Red-winged Tinamou_sound\Red-winged Tinamou25.mp3,D:\other\Bird\Code\data\kaggle_wav_cache\Red-winged Tinamou_sound\Red-winged Tinamou25.wav,converted,32000,1,299.256,"[mp3 @ 000001bbd3775600] Estimating duration from bitrate, this may be inaccurate
"
Red-winged Tinamou_sound/Red-winged Tinamou29,D:\other\Bird\Dataset\CC0\Red-winged Tinamou_sound\Red-winged Tinamou29.mp3,D:\other\Bird\Code\data\kaggle_wav_cache\Red-winged Tinamou_sound\Red-winged Tinamou29.wav,converted,32000,1,5.976,"[mp3 @ 00000121eaf75600] Estimating duration from bitrate, this may be inaccurate
"
Red-winged Tinamou_sound/Red-winged Tinamou3,D:\other\Bird\Dataset\CC0\Red-winged Tinamou_sound\Red-winged Tinamou3.mp3,D:\other\Bird\Code\data\kaggle_wav_cache\Red-winged Tinamou_sound\Red-winged Tinamou3.wav,converted,32000,1,43.36328125,"[mp3 @ 000002b923655600] Estimating duration from bitrate, this may be inaccurate
"
Red-winged Tinamou_sound/Red-winged Tinamou30,D:\other\Bird\Dataset\CC0\Red-winged Tinamou_sound\Red-winged Tinamou30.mp3,D:\other\Bird\Code\data\kaggle_wav_cache\Red-winged Tinamou_sound\Red-winged Tinamou30.wav,converted,32000,1,4.968,"[mp3 @ 000001f377d25600] Estimating duration from bitrate, this may be inaccurate
"
Red-winged Tinamou_sound/Red-winged Tinamou31,D:\other\Bird\Dataset\CC0\Red-winged Tinamou_sound\Red-winged Tinamou31.mp3,D:\other\Bird\Code\data\kaggle_wav_cache\Red-winged Tinamou_sound\Red-winged Tinamou31.wav,converted,32000,1,27.1935,"[mp3 @ 0000017687cb5600] Estimating duration from bitrate, this may be inaccurate
"
Red-winged Tinamou_sound/Red-winged Tinamou4,D:\other\Bird\Dataset\CC0\Red-winged Tinamou_sound\Red-winged Tinamou4.mp3,D:\other\Bird\Code\data\kaggle_wav_cache\Red-winged Tinamou_sound\Red-winged Tinamou4.wav,converted,32000,1,43.36328125,"[mp3 @ 00000199693b5600] Estimating duration from bitrate, this may be inaccurate
"
Red-winged Tinamou_sound/Red-winged Tinamou5,D:\other\Bird\Dataset\CC0\Red-winged Tinamou_sound\Red-winged Tinamou5.mp3,D:\other\Bird\Code\data\kaggle_wav_cache\Red-winged Tinamou_sound\Red-winged Tinamou5.wav,converted,32000,1,43.36328125,"[mp3 @ 0000021b9adc5600] Estimating duration from bitrate, this may be inaccurate
"
Red-winged Tinamou_sound/Red-winged Tinamou6,D:\other\Bird\Dataset\CC0\Red-winged Tinamou_sound\Red-winged Tinamou6.mp3,D:\other\Bird\Code\data\kaggle_wav_cache\Red-winged Tinamou_sound\Red-winged Tinamou6.wav,converted,32000,1,43.36328125,"[mp3 @ 0000015fcec35600] Estimating duration from bitrate, this may be inaccurate
"
Red-winged Tinamou_sound/Red-winged Tinamou7,D:\other\Bird\Dataset\CC0\Red-winged Tinamou_sound\Red-winged Tinamou7.mp3,D:\other\Bird\Code\data\kaggle_wav_cache\Red-winged Tinamou_sound\Red-winged Tinamou7.wav,converted,32000,1,43.36328125,"[mp3 @ 000001e776b85600] Estimating duration from bitrate, this may be inaccurate
"
Red-winged Tinamou_sound/Red-winged Tinamou8,D:\other\Bird\Dataset\CC0\Red-winged Tinamou_sound\Red-winged Tinamou8.mp3,D:\other\Bird\Code\data\kaggle_wav_cache\Red-winged Tinamou_sound\Red-winged Tinamou8.wav,converted,32000,1,43.36328125,"[mp3 @ 0000013251315600] Estimating duration from bitrate, this may be inaccurate
"
Red-winged Tinamou_sound/Red-winged Tinamou9,D:\other\Bird\Dataset\CC0\Red-winged Tinamou_sound\Red-winged Tinamou9.mp3,D:\other\Bird\Code\data\kaggle_wav_cache\Red-winged Tinamou_sound\Red-winged Tinamou9.wav,converted,32000,1,43.36328125,"[mp3 @ 000001b4de905600] Estimating duration from bitrate, this may be inaccurate
"
Rufous-bellied Chachalaca_sound/Rufous-bellied Chachalaca10,D:\other\Bird\Dataset\CC0\Rufous-bellied Chachalaca_sound\Rufous-bellied Chachalaca10.mp3,D:\other\Bird\Code\data\kaggle_wav_cache\Rufous-bellied Chachalaca_sound\Rufous-bellied Chachalaca10.wav,converted,32000,1,8.2926875,
Rufous-bellied Chachalaca_sound/Rufous-bellied Chachalaca11,D:\other\Bird\Dataset\CC0\Rufous-bellied Chachalaca_sound\Rufous-bellied Chachalaca11.mp3,D:\other\Bird\Code\data\kaggle_wav_cache\Rufous-bellied Chachalaca_sound\Rufous-bellied Chachalaca11.wav,converted,32000,1,226.35103125,"[mp3 @ 000001ffcc8156c0] Estimating duration from bitrate, this may be inaccurate
"
Rufous-bellied Chachalaca_sound/Rufous-bellied Chachalaca12,D:\other\Bird\Dataset\CC0\Rufous-bellied Chachalaca_sound\Rufous-bellied Chachalaca12.mp3,D:\other\Bird\Code\data\kaggle_wav_cache\Rufous-bellied Chachalaca_sound\Rufous-bellied Chachalaca12.wav,converted,32000,1,264.93390625,"[mp3 @ 000001ea6c6f56c0] Estimating duration from bitrate, this may be inaccurate
"
Rufous-bellied Chachalaca_sound/Rufous-bellied Chachalaca14,D:\other\Bird\Dataset\CC0\Rufous-bellied Chachalaca_sound\Rufous-bellied Chachalaca14.mp3,D:\other\Bird\Code\data\kaggle_wav_cache\Rufous-bellied Chachalaca_sound\Rufous-bellied Chachalaca14.wav,converted,32000,1,14.32471875,
Rufous-bellied Chachalaca_sound/Rufous-bellied Chachalaca13,D:\other\Bird\Dataset\CC0\Rufous-bellied Chachalaca_sound\Rufous-bellied Chachalaca13.mp3,D:\other\Bird\Code\data\kaggle_wav_cache\Rufous-bellied Chachalaca_sound\Rufous-bellied Chachalaca13.wav,converted,32000,1,264.93390625,"[mp3 @ 000002c855ea56c0] Estimating duration from bitrate, this may be inaccurate
"
Rufous-bellied Chachalaca_sound/Rufous-bellied Chachalaca15,D:\other\Bird\Dataset\CC0\Rufous-bellied Chachalaca_sound\Rufous-bellied Chachalaca15.mp3,D:\other\Bird\Code\data\kaggle_wav_cache\Rufous-bellied Chachalaca_sound\Rufous-bellied Chachalaca15.wav,converted,32000,1,86.2448125,
Rufous-bellied Chachalaca_sound/Rufous-bellied Chachalaca16,D:\other\Bird\Dataset\CC0\Rufous-bellied Chachalaca_sound\Rufous-bellied Chachalaca16.mp3,D:\other\Bird\Code\data\kaggle_wav_cache\Rufous-bellied Chachalaca_sound\Rufous-bellied Chachalaca16.wav,converted,32000,1,184.47675,"[mp3 @ 0000027b476a56c0] Estimating duration from bitrate, this may be inaccurate
"
Rufous-bellied Chachalaca_sound/Rufous-bellied Chachalaca17,D:\other\Bird\Dataset\CC0\Rufous-bellied Chachalaca_sound\Rufous-bellied Chachalaca17.mp3,D:\other\Bird\Code\data\kaggle_wav_cache\Rufous-bellied Chachalaca_sound\Rufous-bellied Chachalaca17.wav,converted,32000,1,184.47675,"[mp3 @ 0000026cb00556c0] Estimating duration from bitrate, this may be inaccurate
"
Rufous-bellied Chachalaca_sound/Rufous-bellied Chachalaca18,D:\other\Bird\Dataset\CC0\Rufous-bellied Chachalaca_sound\Rufous-bellied Chachalaca18.mp3,D:\other\Bird\Code\data\kaggle_wav_cache\Rufous-bellied Chachalaca_sound\Rufous-bellied Chachalaca18.wav,converted,32000,1,184.47675,"[mp3 @ 00000202515456c0] Estimating duration from bitrate, this may be inaccurate
"
Rufous-bellied Chachalaca_sound/Rufous-bellied Chachalaca19,D:\other\Bird\Dataset\CC0\Rufous-bellied Chachalaca_sound\Rufous-bellied Chachalaca19.mp3,D:\other\Bird\Code\data\kaggle_wav_cache\Rufous-bellied Chachalaca_sound\Rufous-bellied Chachalaca19.wav,converted,32000,1,184.47675,"[mp3 @ 000001def9ec56c0] Estimating duration from bitrate, this may be inaccurate
"
Rufous-bellied Chachalaca_sound/Rufous-bellied Chachalaca2,D:\other\Bird\Dataset\CC0\Rufous-bellied Chachalaca_sound\Rufous-bellied Chachalaca2.mp3,D:\other\Bird\Code\data\kaggle_wav_cache\Rufous-bellied Chachalaca_sound\Rufous-bellied Chachalaca2.wav,converted,32000,1,29.12653125,"[mp3 @ 000001c49f7f56c0] Estimating duration from bitrate, this may be inaccurate
"
Rufous-bellied Chachalaca_sound/Rufous-bellied Chachalaca20,D:\other\Bird\Dataset\CC0\Rufous-bellied Chachalaca_sound\Rufous-bellied Chachalaca20.mp3,D:\other\Bird\Code\data\kaggle_wav_cache\Rufous-bellied Chachalaca_sound\Rufous-bellied Chachalaca20.wav,converted,32000,1,21.84,"[mp3 @ 000002632b2a56c0] Estimating duration from bitrate, this may be inaccurate
"
Rufous-bellied Chachalaca_sound/Rufous-bellied Chachalaca21,D:\other\Bird\Dataset\CC0\Rufous-bellied Chachalaca_sound\Rufous-bellied Chachalaca21.mp3,D:\other\Bird\Code\data\kaggle_wav_cache\Rufous-bellied Chachalaca_sound\Rufous-bellied Chachalaca21.wav,converted,32000,1,21.84,"[mp3 @ 000002e401de56c0] Estimating duration from bitrate, this may be inaccurate
"
Rufous-bellied Chachalaca_sound/Rufous-bellied Chachalaca22,D:\other\Bird\Dataset\CC0\Rufous-bellied Chachalaca_sound\Rufous-bellied Chachalaca22.mp3,D:\other\Bird\Code\data\kaggle_wav_cache\Rufous-bellied Chachalaca_sound\Rufous-bellied Chachalaca22.wav,converted,32000,1,55.1715,
Rufous-bellied Chachalaca_sound/Rufous-bellied Chachalaca23,D:\other\Bird\Dataset\CC0\Rufous-bellied Chachalaca_sound\Rufous-bellied Chachalaca23.mp3,D:\other\Bird\Code\data\kaggle_wav_cache\Rufous-bellied Chachalaca_sound\Rufous-bellied Chachalaca23.wav,converted,32000,1,39.630375,
Rufous-bellied Chachalaca_sound/Rufous-bellied Chachalaca24,D:\other\Bird\Dataset\CC0\Rufous-bellied Chachalaca_sound\Rufous-bellied Chachalaca24.mp3,D:\other\Bird\Code\data\kaggle_wav_cache\Rufous-bellied Chachalaca_sound\Rufous-bellied Chachalaca24.wav,converted,32000,1,28.2644375,
Rufous-bellied Chachalaca_sound/Rufous-bellied Chachalaca25,D:\other\Bird\Dataset\CC0\Rufous-bellied Chachalaca_sound\Rufous-bellied Chachalaca25.mp3,D:\other\Bird\Code\data\kaggle_wav_cache\Rufous-bellied Chachalaca_sound\Rufous-bellied Chachalaca25.wav,converted,32000,1,28.2644375,
Rufous-bellied Chachalaca_sound/Rufous-bellied Chachalaca26,D:\other\Bird\Dataset\CC0\Rufous-bellied Chachalaca_sound\Rufous-bellied Chachalaca26.mp3,D:\other\Bird\Code\data\kaggle_wav_cache\Rufous-bellied Chachalaca_sound\Rufous-bellied Chachalaca26.wav,converted,32000,1,13.608,"[mp3 @ 0000020c7c3a56c0] Estimating duration from bitrate, this may be inaccurate
"
Rufous-bellied Chachalaca_sound/Rufous-bellied Chachalaca27,D:\other\Bird\Dataset\CC0\Rufous-bellied Chachalaca_sound\Rufous-bellied Chachalaca27.mp3,D:\other\Bird\Code\data\kaggle_wav_cache\Rufous-bellied Chachalaca_sound\Rufous-bellied Chachalaca27.wav,converted,32000,1,31.008,"[mp3 @ 00000249ca6156c0] Estimating duration from bitrate, this may be inaccurate
"
Rufous-bellied Chachalaca_sound/Rufous-bellied Chachalaca28,D:\other\Bird\Dataset\CC0\Rufous-bellied Chachalaca_sound\Rufous-bellied Chachalaca28.mp3,D:\other\Bird\Code\data\kaggle_wav_cache\Rufous-bellied Chachalaca_sound\Rufous-bellied Chachalaca28.wav,converted,32000,1,12.12084375,"[mp3 @ 000001ca237556c0] Estimating duration from bitrate, this may be inaccurate
"
Rufous-bellied Chachalaca_sound/Rufous-bellied Chachalaca29,D:\other\Bird\Dataset\CC0\Rufous-bellied Chachalaca_sound\Rufous-bellied Chachalaca29.mp3,D:\other\Bird\Code\data\kaggle_wav_cache\Rufous-bellied Chachalaca_sound\Rufous-bellied Chachalaca29.wav,converted,32000,1,12.12084375,"[mp3 @ 000002dd76b756c0] Estimating duration from bitrate, this may be inaccurate
"
Rufous-bellied Chachalaca_sound/Rufous-bellied Chachalaca3,D:\other\Bird\Dataset\CC0\Rufous-bellied Chachalaca_sound\Rufous-bellied Chachalaca3.mp3,D:\other\Bird\Code\data\kaggle_wav_cache\Rufous-bellied Chachalaca_sound\Rufous-bellied Chachalaca3.wav,converted,32000,1,29.12653125,"[mp3 @ 00000189f76056c0] Estimating duration from bitrate, this may be inaccurate
"
Rufous-bellied Chachalaca_sound/Rufous-bellied Chachalaca30,D:\other\Bird\Dataset\CC0\Rufous-bellied Chachalaca_sound\Rufous-bellied Chachalaca30.mp3,D:\other\Bird\Code\data\kaggle_wav_cache\Rufous-bellied Chachalaca_sound\Rufous-bellied Chachalaca30.wav,converted,32000,1,69.950125,
Rufous-bellied Chachalaca_sound/Rufous-bellied Chachalaca31,D:\other\Bird\Dataset\CC0\Rufous-bellied Chachalaca_sound\Rufous-bellied Chachalaca31.mp3,D:\other\Bird\Code\data\kaggle_wav_cache\Rufous-bellied Chachalaca_sound\Rufous-bellied Chachalaca31.wav,converted,32000,1,138.48,"[mp3 @ 00000179d03856c0] Estimating duration from bitrate, this may be inaccurate
"
Rufous-bellied Chachalaca_sound/Rufous-bellied Chachalaca4,D:\other\Bird\Dataset\CC0\Rufous-bellied Chachalaca_sound\Rufous-bellied Chachalaca4.mp3,D:\other\Bird\Code\data\kaggle_wav_cache\Rufous-bellied Chachalaca_sound\Rufous-bellied Chachalaca4.wav,converted,32000,1,239.64,"[mp3 @ 0000023b4b7456c0] Estimating duration from bitrate, this may be inaccurate
"
Rufous-bellied Chachalaca_sound/Rufous-bellied Chachalaca5,D:\other\Bird\Dataset\CC0\Rufous-bellied Chachalaca_sound\Rufous-bellied Chachalaca5.mp3,D:\other\Bird\Code\data\kaggle_wav_cache\Rufous-bellied Chachalaca_sound\Rufous-bellied Chachalaca5.wav,converted,32000,1,189.072,"[mp3 @ 0000018fe6f556c0] Estimating duration from bitrate, this may be inaccurate
"
Rufous-bellied Chachalaca_sound/Rufous-bellied Chachalaca7,D:\other\Bird\Dataset\CC0\Rufous-bellied Chachalaca_sound\Rufous-bellied Chachalaca7.mp3,D:\other\Bird\Code\data\kaggle_wav_cache\Rufous-bellied Chachalaca_sound\Rufous-bellied Chachalaca7.wav,converted,32000,1,344.592,"[mp3 @ 000001caa73456c0] Estimating duration from bitrate, this may be inaccurate
"
Rufous-bellied Chachalaca_sound/Rufous-bellied Chachalaca6,D:\other\Bird\Dataset\CC0\Rufous-bellied Chachalaca_sound\Rufous-bellied Chachalaca6.mp3,D:\other\Bird\Code\data\kaggle_wav_cache\Rufous-bellied Chachalaca_sound\Rufous-bellied Chachalaca6.wav,converted,32000,1,426.792,"[mp3 @ 000001d7122e56c0] Estimating duration from bitrate, this may be inaccurate
"
Rufous-bellied Chachalaca_sound/Rufous-bellied Chachalaca9,D:\other\Bird\Dataset\CC0\Rufous-bellied Chachalaca_sound\Rufous-bellied Chachalaca9.mp3,D:\other\Bird\Code\data\kaggle_wav_cache\Rufous-bellied Chachalaca_sound\Rufous-bellied Chachalaca9.wav,converted,32000,1,155.856,"[mp3 @ 000001cb58c356c0] Estimating duration from bitrate, this may be inaccurate
"
Rufous-headed Chachalaca_sound/Rufous-headed Chachalaca10,D:\other\Bird\Dataset\CC0\Rufous-headed Chachalaca_sound\Rufous-headed Chachalaca10.mp3,D:\other\Bird\Code\data\kaggle_wav_cache\Rufous-headed Chachalaca_sound\Rufous-headed Chachalaca10.wav,converted,32000,1,7.72375,
Rufous-headed Chachalaca_sound/Rufous-headed Chachalaca11,D:\other\Bird\Dataset\CC0\Rufous-headed Chachalaca_sound\Rufous-headed Chachalaca11.mp3,D:\other\Bird\Code\data\kaggle_wav_cache\Rufous-headed Chachalaca_sound\Rufous-headed Chachalaca11.wav,converted,32000,1,7.72375,
Rufous-headed Chachalaca_sound/Rufous-headed Chachalaca12,D:\other\Bird\Dataset\CC0\Rufous-headed Chachalaca_sound\Rufous-headed Chachalaca12.mp3,D:\other\Bird\Code\data\kaggle_wav_cache\Rufous-headed Chachalaca_sound\Rufous-headed Chachalaca12.wav,converted,32000,1,7.72375,
Rufous-bellied Chachalaca_sound/Rufous-bellied Chachalaca8,D:\other\Bird\Dataset\CC0\Rufous-bellied Chachalaca_sound\Rufous-bellied Chachalaca8.mp3,D:\other\Bird\Code\data\kaggle_wav_cache\Rufous-bellied Chachalaca_sound\Rufous-bellied Chachalaca8.wav,converted,32000,1,658.584,"[mp3 @ 000001da99dc56c0] Estimating duration from bitrate, this may be inaccurate
"
Rufous-headed Chachalaca_sound/Rufous-headed Chachalaca13,D:\other\Bird\Dataset\CC0\Rufous-headed Chachalaca_sound\Rufous-headed Chachalaca13.mp3,D:\other\Bird\Code\data\kaggle_wav_cache\Rufous-headed Chachalaca_sound\Rufous-headed Chachalaca13.wav,converted,32000,1,7.72375,
Rufous-headed Chachalaca_sound/Rufous-headed Chachalaca14,D:\other\Bird\Dataset\CC0\Rufous-headed Chachalaca_sound\Rufous-headed Chachalaca14.mp3,D:\other\Bird\Code\data\kaggle_wav_cache\Rufous-headed Chachalaca_sound\Rufous-headed Chachalaca14.wav,converted,32000,1,22.7004375,"[mp3 @ 0000022950e25640] Estimating duration from bitrate, this may be inaccurate
"
Rufous-headed Chachalaca_sound/Rufous-headed Chachalaca15,D:\other\Bird\Dataset\CC0\Rufous-headed Chachalaca_sound\Rufous-headed Chachalaca15.mp3,D:\other\Bird\Code\data\kaggle_wav_cache\Rufous-headed Chachalaca_sound\Rufous-headed Chachalaca15.wav,converted,32000,1,17.71103125,"[mp3 @ 0000020884b85640] Estimating duration from bitrate, this may be inaccurate
"
Rufous-headed Chachalaca_sound/Rufous-headed Chachalaca16,D:\other\Bird\Dataset\CC0\Rufous-headed Chachalaca_sound\Rufous-headed Chachalaca16.mp3,D:\other\Bird\Code\data\kaggle_wav_cache\Rufous-headed Chachalaca_sound\Rufous-headed Chachalaca16.wav,converted,32000,1,16.0130625,"[mp3 @ 0000018c51805640] Estimating duration from bitrate, this may be inaccurate
"
Rufous-headed Chachalaca_sound/Rufous-headed Chachalaca17,D:\other\Bird\Dataset\CC0\Rufous-headed Chachalaca_sound\Rufous-headed Chachalaca17.mp3,D:\other\Bird\Code\data\kaggle_wav_cache\Rufous-headed Chachalaca_sound\Rufous-headed Chachalaca17.wav,converted,32000,1,22.20409375,"[mp3 @ 0000014e33c25640] Estimating duration from bitrate, this may be inaccurate
"
Rufous-headed Chachalaca_sound/Rufous-headed Chachalaca18,D:\other\Bird\Dataset\CC0\Rufous-headed Chachalaca_sound\Rufous-headed Chachalaca18.mp3,D:\other\Bird\Code\data\kaggle_wav_cache\Rufous-headed Chachalaca_sound\Rufous-headed Chachalaca18.wav,converted,32000,1,38.5045,"[mp3 @ 000001ebcce45640] Estimating duration from bitrate, this may be inaccurate
"
Rufous-headed Chachalaca_sound/Rufous-headed Chachalaca19,D:\other\Bird\Dataset\CC0\Rufous-headed Chachalaca_sound\Rufous-headed Chachalaca19.mp3,D:\other\Bird\Code\data\kaggle_wav_cache\Rufous-headed Chachalaca_sound\Rufous-headed Chachalaca19.wav,converted,32000,1,119.249,"[mp3 @ 0000029b846e5640] Estimating duration from bitrate, this may be inaccurate
"
Rufous-headed Chachalaca_sound/Rufous-headed Chachalaca2,D:\other\Bird\Dataset\CC0\Rufous-headed Chachalaca_sound\Rufous-headed Chachalaca2.mp3,D:\other\Bird\Code\data\kaggle_wav_cache\Rufous-headed Chachalaca_sound\Rufous-headed Chachalaca2.wav,converted,32000,1,73.224,"[mp3 @ 0000015cd3f05640] Estimating duration from bitrate, this may be inaccurate
"
Rufous-headed Chachalaca_sound/Rufous-headed Chachalaca20,D:\other\Bird\Dataset\CC0\Rufous-headed Chachalaca_sound\Rufous-headed Chachalaca20.mp3,D:\other\Bird\Code\data\kaggle_wav_cache\Rufous-headed Chachalaca_sound\Rufous-headed Chachalaca20.wav,converted,32000,1,70.478375,"[mp3 @ 0000023a3aca5640] Estimating duration from bitrate, this may be inaccurate
"
Rufous-headed Chachalaca_sound/Rufous-headed Chachalaca21,D:\other\Bird\Dataset\CC0\Rufous-headed Chachalaca_sound\Rufous-headed Chachalaca21.mp3,D:\other\Bird\Code\data\kaggle_wav_cache\Rufous-headed Chachalaca_sound\Rufous-headed Chachalaca21.wav,converted,32000,1,19.19671875,
Rufous-headed Chachalaca_sound/Rufous-headed Chachalaca23,D:\other\Bird\Dataset\CC0\Rufous-headed Chachalaca_sound\Rufous-headed Chachalaca23.mp3,D:\other\Bird\Code\data\kaggle_wav_cache\Rufous-headed Chachalaca_sound\Rufous-headed Chachalaca23.wav,converted,32000,1,9.962,
Rufous-headed Chachalaca_sound/Rufous-headed Chachalaca22,D:\other\Bird\Dataset\CC0\Rufous-headed Chachalaca_sound\Rufous-headed Chachalaca22.mp3,D:\other\Bird\Code\data\kaggle_wav_cache\Rufous-headed Chachalaca_sound\Rufous-headed Chachalaca22.wav,converted,32000,1,77.2596875,
Rufous-headed Chachalaca_sound/Rufous-headed Chachalaca24,D:\other\Bird\Dataset\CC0\Rufous-headed Chachalaca_sound\Rufous-headed Chachalaca24.mp3,D:\other\Bird\Code\data\kaggle_wav_cache\Rufous-headed Chachalaca_sound\Rufous-headed Chachalaca24.wav,converted,32000,1,9.962,
Rufous-headed Chachalaca_sound/Rufous-headed Chachalaca25,D:\other\Bird\Dataset\CC0\Rufous-headed Chachalaca_sound\Rufous-headed Chachalaca25.mp3,D:\other\Bird\Code\data\kaggle_wav_cache\Rufous-headed Chachalaca_sound\Rufous-headed Chachalaca25.wav,converted,32000,1,9.962,
Rufous-headed Chachalaca_sound/Rufous-headed Chachalaca26,D:\other\Bird\Dataset\CC0\Rufous-headed Chachalaca_sound\Rufous-headed Chachalaca26.mp3,D:\other\Bird\Code\data\kaggle_wav_cache\Rufous-headed Chachalaca_sound\Rufous-headed Chachalaca26.wav,converted,32000,1,18.41634375,"[mp3 @ 000001675dc85640] Estimating duration from bitrate, this may be inaccurate
"
Rufous-headed Chachalaca_sound/Rufous-headed Chachalaca27,D:\other\Bird\Dataset\CC0\Rufous-headed Chachalaca_sound\Rufous-headed Chachalaca27.mp3,D:\other\Bird\Code\data\kaggle_wav_cache\Rufous-headed Chachalaca_sound\Rufous-headed Chachalaca27.wav,converted,32000,1,38.08653125,"[mp3 @ 000002abbf695640] Estimating duration from bitrate, this may be inaccurate
"
Rufous-headed Chachalaca_sound/Rufous-headed Chachalaca28,D:\other\Bird\Dataset\CC0\Rufous-headed Chachalaca_sound\Rufous-headed Chachalaca28.mp3,D:\other\Bird\Code\data\kaggle_wav_cache\Rufous-headed Chachalaca_sound\Rufous-headed Chachalaca28.wav,converted,32000,1,57.28653125,"[mp3 @ 00000166daa15640] Estimating duration from bitrate, this may be inaccurate
"
Rufous-headed Chachalaca_sound/Rufous-headed Chachalaca29,D:\other\Bird\Dataset\CC0\Rufous-headed Chachalaca_sound\Rufous-headed Chachalaca29.mp3,D:\other\Bird\Code\data\kaggle_wav_cache\Rufous-headed Chachalaca_sound\Rufous-headed Chachalaca29.wav,converted,32000,1,38.89634375,"[mp3 @ 000001c08f3e5640] Estimating duration from bitrate, this may be inaccurate
"
Rufous-headed Chachalaca_sound/Rufous-headed Chachalaca30,D:\other\Bird\Dataset\CC0\Rufous-headed Chachalaca_sound\Rufous-headed Chachalaca30.mp3,D:\other\Bird\Code\data\kaggle_wav_cache\Rufous-headed Chachalaca_sound\Rufous-headed Chachalaca30.wav,converted,32000,1,38.89634375,"[mp3 @ 000002573bb55640] Estimating duration from bitrate, this may be inaccurate
"
Rufous-headed Chachalaca_sound/Rufous-headed Chachalaca3,D:\other\Bird\Dataset\CC0\Rufous-headed Chachalaca_sound\Rufous-headed Chachalaca3.mp3,D:\other\Bird\Code\data\kaggle_wav_cache\Rufous-headed Chachalaca_sound\Rufous-headed Chachalaca3.wav,converted,32000,1,73.224,"[mp3 @ 00000212bdf25640] Estimating duration from bitrate, this may be inaccurate
"
Rufous-headed Chachalaca_sound/Rufous-headed Chachalaca31,D:\other\Bird\Dataset\CC0\Rufous-headed Chachalaca_sound\Rufous-headed Chachalaca31.mp3,D:\other\Bird\Code\data\kaggle_wav_cache\Rufous-headed Chachalaca_sound\Rufous-headed Chachalaca31.wav,converted,32000,1,29.12653125,"[mp3 @ 000001f874e55640] Estimating duration from bitrate, this may be inaccurate
"
Rufous-headed Chachalaca_sound/Rufous-headed Chachalaca4,D:\other\Bird\Dataset\CC0\Rufous-headed Chachalaca_sound\Rufous-headed Chachalaca4.mp3,D:\other\Bird\Code\data\kaggle_wav_cache\Rufous-headed Chachalaca_sound\Rufous-headed Chachalaca4.wav,converted,32000,1,73.224,"[mp3 @ 000001e247fc5640] Estimating duration from bitrate, this may be inaccurate
"
Rufous-headed Chachalaca_sound/Rufous-headed Chachalaca5,D:\other\Bird\Dataset\CC0\Rufous-headed Chachalaca_sound\Rufous-headed Chachalaca5.mp3,D:\other\Bird\Code\data\kaggle_wav_cache\Rufous-headed Chachalaca_sound\Rufous-headed Chachalaca5.wav,converted,32000,1,73.224,"[mp3 @ 000002554b5c5640] Estimating duration from bitrate, this may be inaccurate
"
Rufous-headed Chachalaca_sound/Rufous-headed Chachalaca6,D:\other\Bird\Dataset\CC0\Rufous-headed Chachalaca_sound\Rufous-headed Chachalaca6.mp3,D:\other\Bird\Code\data\kaggle_wav_cache\Rufous-headed Chachalaca_sound\Rufous-headed Chachalaca6.wav,converted,32000,1,33.33634375,
Rufous-headed Chachalaca_sound/Rufous-headed Chachalaca7,D:\other\Bird\Dataset\CC0\Rufous-headed Chachalaca_sound\Rufous-headed Chachalaca7.mp3,D:\other\Bird\Code\data\kaggle_wav_cache\Rufous-headed Chachalaca_sound\Rufous-headed Chachalaca7.wav,converted,32000,1,7.72375,
Rufous-headed Chachalaca_sound/Rufous-headed Chachalaca8,D:\other\Bird\Dataset\CC0\Rufous-headed Chachalaca_sound\Rufous-headed Chachalaca8.mp3,D:\other\Bird\Code\data\kaggle_wav_cache\Rufous-headed Chachalaca_sound\Rufous-headed Chachalaca8.wav,converted,32000,1,7.72375,
Rufous-headed Chachalaca_sound/Rufous-headed Chachalaca9,D:\other\Bird\Dataset\CC0\Rufous-headed Chachalaca_sound\Rufous-headed Chachalaca9.mp3,D:\other\Bird\Code\data\kaggle_wav_cache\Rufous-headed Chachalaca_sound\Rufous-headed Chachalaca9.wav,converted,32000,1,7.72375,
Rufous-vented Chachalaca_sound/Rufous-vented Chachalaca10,D:\other\Bird\Dataset\CC0\Rufous-vented Chachalaca_sound\Rufous-vented Chachalaca10.mp3,D:\other\Bird\Code\data\kaggle_wav_cache\Rufous-vented Chachalaca_sound\Rufous-vented Chachalaca10.wav,converted,32000,1,7.4343125,
Rufous-vented Chachalaca_sound/Rufous-vented Chachalaca11,D:\other\Bird\Dataset\CC0\Rufous-vented Chachalaca_sound\Rufous-vented Chachalaca11.mp3,D:\other\Bird\Code\data\kaggle_wav_cache\Rufous-vented Chachalaca_sound\Rufous-vented Chachalaca11.wav,converted,32000,1,7.4343125,
Rufous-vented Chachalaca_sound/Rufous-vented Chachalaca12,D:\other\Bird\Dataset\CC0\Rufous-vented Chachalaca_sound\Rufous-vented Chachalaca12.mp3,D:\other\Bird\Code\data\kaggle_wav_cache\Rufous-vented Chachalaca_sound\Rufous-vented Chachalaca12.wav,converted,32000,1,7.4343125,
Rufous-vented Chachalaca_sound/Rufous-vented Chachalaca13,D:\other\Bird\Dataset\CC0\Rufous-vented Chachalaca_sound\Rufous-vented Chachalaca13.mp3,D:\other\Bird\Code\data\kaggle_wav_cache\Rufous-vented Chachalaca_sound\Rufous-vented Chachalaca13.wav,converted,32000,1,7.4343125,
Rufous-vented Chachalaca_sound/Rufous-vented Chachalaca14,D:\other\Bird\Dataset\CC0\Rufous-vented Chachalaca_sound\Rufous-vented Chachalaca14.mp3,D:\other\Bird\Code\data\kaggle_wav_cache\Rufous-vented Chachalaca_sound\Rufous-vented Chachalaca14.wav,converted,32000,1,7.4343125,
Rufous-vented Chachalaca_sound/Rufous-vented Chachalaca15,D:\other\Bird\Dataset\CC0\Rufous-vented Chachalaca_sound\Rufous-vented Chachalaca15.mp3,D:\other\Bird\Code\data\kaggle_wav_cache\Rufous-vented Chachalaca_sound\Rufous-vented Chachalaca15.wav,converted,32000,1,63.84328125,"[mp3 @ 000002602b7c5640] Estimating duration from bitrate, this may be inaccurate
"
Rufous-vented Chachalaca_sound/Rufous-vented Chachalaca16,D:\other\Bird\Dataset\CC0\Rufous-vented Chachalaca_sound\Rufous-vented Chachalaca16.mp3,D:\other\Bird\Code\data\kaggle_wav_cache\Rufous-vented Chachalaca_sound\Rufous-vented Chachalaca16.wav,converted,32000,1,93.175875,
Rufous-vented Chachalaca_sound/Rufous-vented Chachalaca17,D:\other\Bird\Dataset\CC0\Rufous-vented Chachalaca_sound\Rufous-vented Chachalaca17.mp3,D:\other\Bird\Code\data\kaggle_wav_cache\Rufous-vented Chachalaca_sound\Rufous-vented Chachalaca17.wav,converted,32000,1,85.1853125,"[mp3 @ 000002158c075640] Estimating duration from bitrate, this may be inaccurate
"
Rufous-vented Chachalaca_sound/Rufous-vented Chachalaca18,D:\other\Bird\Dataset\CC0\Rufous-vented Chachalaca_sound\Rufous-vented Chachalaca18.mp3,D:\other\Bird\Code\data\kaggle_wav_cache\Rufous-vented Chachalaca_sound\Rufous-vented Chachalaca18.wav,converted,32000,1,85.1853125,"[mp3 @ 000001aaf9515640] Estimating duration from bitrate, this may be inaccurate
"
Rufous-vented Chachalaca_sound/Rufous-vented Chachalaca19,D:\other\Bird\Dataset\CC0\Rufous-vented Chachalaca_sound\Rufous-vented Chachalaca19.mp3,D:\other\Bird\Code\data\kaggle_wav_cache\Rufous-vented Chachalaca_sound\Rufous-vented Chachalaca19.wav,converted,32000,1,85.1853125,"[mp3 @ 000001fcce915640] Estimating duration from bitrate, this may be inaccurate
"
Rufous-vented Chachalaca_sound/Rufous-vented Chachalaca2,D:\other\Bird\Dataset\CC0\Rufous-vented Chachalaca_sound\Rufous-vented Chachalaca2.mp3,D:\other\Bird\Code\data\kaggle_wav_cache\Rufous-vented Chachalaca_sound\Rufous-vented Chachalaca2.wav,converted,32000,1,4.4930625,"[mp3 @ 000001d24f0f5640] Estimating duration from bitrate, this may be inaccurate
"
Rufous-vented Chachalaca_sound/Rufous-vented Chachalaca20,D:\other\Bird\Dataset\CC0\Rufous-vented Chachalaca_sound\Rufous-vented Chachalaca20.mp3,D:\other\Bird\Code\data\kaggle_wav_cache\Rufous-vented Chachalaca_sound\Rufous-vented Chachalaca20.wav,converted,32000,1,68.6236875,"[mp3 @ 00000239d72b5640] Estimating duration from bitrate, this may be inaccurate
"
Rufous-vented Chachalaca_sound/Rufous-vented Chachalaca21,D:\other\Bird\Dataset\CC0\Rufous-vented Chachalaca_sound\Rufous-vented Chachalaca21.mp3,D:\other\Bird\Code\data\kaggle_wav_cache\Rufous-vented Chachalaca_sound\Rufous-vented Chachalaca21.wav,converted,32000,1,95.05959375,"[mp3 @ 00000202719e5640] Estimating duration from bitrate, this may be inaccurate
"
Rufous-vented Chachalaca_sound/Rufous-vented Chachalaca22,D:\other\Bird\Dataset\CC0\Rufous-vented Chachalaca_sound\Rufous-vented Chachalaca22.mp3,D:\other\Bird\Code\data\kaggle_wav_cache\Rufous-vented Chachalaca_sound\Rufous-vented Chachalaca22.wav,converted,32000,1,95.05959375,"[mp3 @ 000002d7b29b5640] Estimating duration from bitrate, this may be inaccurate
"
Rufous-vented Chachalaca_sound/Rufous-vented Chachalaca23,D:\other\Bird\Dataset\CC0\Rufous-vented Chachalaca_sound\Rufous-vented Chachalaca23.mp3,D:\other\Bird\Code\data\kaggle_wav_cache\Rufous-vented Chachalaca_sound\Rufous-vented Chachalaca23.wav,converted,32000,1,120.552,
Rufous-vented Chachalaca_sound/Rufous-vented Chachalaca24,D:\other\Bird\Dataset\CC0\Rufous-vented Chachalaca_sound\Rufous-vented Chachalaca24.mp3,D:\other\Bird\Code\data\kaggle_wav_cache\Rufous-vented Chachalaca_sound\Rufous-vented Chachalaca24.wav,converted,32000,1,32.30746875,
Rufous-vented Chachalaca_sound/Rufous-vented Chachalaca26,D:\other\Bird\Dataset\CC0\Rufous-vented Chachalaca_sound\Rufous-vented Chachalaca26.mp3,D:\other\Bird\Code\data\kaggle_wav_cache\Rufous-vented Chachalaca_sound\Rufous-vented Chachalaca26.wav,converted,32000,1,20.14421875,
Rufous-vented Chachalaca_sound/Rufous-vented Chachalaca25,D:\other\Bird\Dataset\CC0\Rufous-vented Chachalaca_sound\Rufous-vented Chachalaca25.mp3,D:\other\Bird\Code\data\kaggle_wav_cache\Rufous-vented Chachalaca_sound\Rufous-vented Chachalaca25.wav,converted,32000,1,32.30746875,
Rufous-vented Chachalaca_sound/Rufous-vented Chachalaca28,D:\other\Bird\Dataset\CC0\Rufous-vented Chachalaca_sound\Rufous-vented Chachalaca28.mp3,D:\other\Bird\Code\data\kaggle_wav_cache\Rufous-vented Chachalaca_sound\Rufous-vented Chachalaca28.wav,converted,32000,1,3.3554375,
Rufous-vented Chachalaca_sound/Rufous-vented Chachalaca27,D:\other\Bird\Dataset\CC0\Rufous-vented Chachalaca_sound\Rufous-vented Chachalaca27.mp3,D:\other\Bird\Code\data\kaggle_wav_cache\Rufous-vented Chachalaca_sound\Rufous-vented Chachalaca27.wav,converted,32000,1,14.82109375,
Rufous-vented Chachalaca_sound/Rufous-vented Chachalaca3,D:\other\Bird\Dataset\CC0\Rufous-vented Chachalaca_sound\Rufous-vented Chachalaca3.mp3,D:\other\Bird\Code\data\kaggle_wav_cache\Rufous-vented Chachalaca_sound\Rufous-vented Chachalaca3.wav,converted,32000,1,4.4930625,"[mp3 @ 00000179048d5640] Estimating duration from bitrate, this may be inaccurate
"
Rufous-vented Chachalaca_sound/Rufous-vented Chachalaca29,D:\other\Bird\Dataset\CC0\Rufous-vented Chachalaca_sound\Rufous-vented Chachalaca29.mp3,D:\other\Bird\Code\data\kaggle_wav_cache\Rufous-vented Chachalaca_sound\Rufous-vented Chachalaca29.wav,converted,32000,1,10.16290625,
Rufous-vented Chachalaca_sound/Rufous-vented Chachalaca30,D:\other\Bird\Dataset\CC0\Rufous-vented Chachalaca_sound\Rufous-vented Chachalaca30.mp3,D:\other\Bird\Code\data\kaggle_wav_cache\Rufous-vented Chachalaca_sound\Rufous-vented Chachalaca30.wav,converted,32000,1,10.16290625,
Rufous-vented Chachalaca_sound/Rufous-vented Chachalaca31,D:\other\Bird\Dataset\CC0\Rufous-vented Chachalaca_sound\Rufous-vented Chachalaca31.mp3,D:\other\Bird\Code\data\kaggle_wav_cache\Rufous-vented Chachalaca_sound\Rufous-vented Chachalaca31.wav,converted,32000,1,10.16290625,
Rufous-vented Chachalaca_sound/Rufous-vented Chachalaca5,D:\other\Bird\Dataset\CC0\Rufous-vented Chachalaca_sound\Rufous-vented Chachalaca5.mp3,D:\other\Bird\Code\data\kaggle_wav_cache\Rufous-vented Chachalaca_sound\Rufous-vented Chachalaca5.wav,converted,32000,1,76.76428125,
Rufous-vented Chachalaca_sound/Rufous-vented Chachalaca6,D:\other\Bird\Dataset\CC0\Rufous-vented Chachalaca_sound\Rufous-vented Chachalaca6.mp3,D:\other\Bird\Code\data\kaggle_wav_cache\Rufous-vented Chachalaca_sound\Rufous-vented Chachalaca6.wav,converted,32000,1,76.76428125,
Rufous-vented Chachalaca_sound/Rufous-vented Chachalaca7,D:\other\Bird\Dataset\CC0\Rufous-vented Chachalaca_sound\Rufous-vented Chachalaca7.mp3,D:\other\Bird\Code\data\kaggle_wav_cache\Rufous-vented Chachalaca_sound\Rufous-vented Chachalaca7.wav,converted,32000,1,76.76428125,
Rufous-vented Chachalaca_sound/Rufous-vented Chachalaca4,D:\other\Bird\Dataset\CC0\Rufous-vented Chachalaca_sound\Rufous-vented Chachalaca4.mp3,D:\other\Bird\Code\data\kaggle_wav_cache\Rufous-vented Chachalaca_sound\Rufous-vented Chachalaca4.wav,converted,32000,1,433.71421875,
Rufous-vented Chachalaca_sound/Rufous-vented Chachalaca8,D:\other\Bird\Dataset\CC0\Rufous-vented Chachalaca_sound\Rufous-vented Chachalaca8.mp3,D:\other\Bird\Code\data\kaggle_wav_cache\Rufous-vented Chachalaca_sound\Rufous-vented Chachalaca8.wav,converted,32000,1,15.15103125,"[mp3 @ 000001f279365640] Estimating duration from bitrate, this may be inaccurate
"
Rufous-vented Chachalaca_sound/Rufous-vented Chachalaca9,D:\other\Bird\Dataset\CC0\Rufous-vented Chachalaca_sound\Rufous-vented Chachalaca9.mp3,D:\other\Bird\Code\data\kaggle_wav_cache\Rufous-vented Chachalaca_sound\Rufous-vented Chachalaca9.wav,converted,32000,1,7.4343125,
Rusty Tinamou_sound/Rusty Tinamou10,D:\other\Bird\Dataset\CC0\Rusty Tinamou_sound\Rusty Tinamou10.mp3,D:\other\Bird\Code\data\kaggle_wav_cache\Rusty Tinamou_sound\Rusty Tinamou10.wav,converted,32000,1,8.8775625,
Rusty Tinamou_sound/Rusty Tinamou11,D:\other\Bird\Dataset\CC0\Rusty Tinamou_sound\Rusty Tinamou11.mp3,D:\other\Bird\Code\data\kaggle_wav_cache\Rusty Tinamou_sound\Rusty Tinamou11.wav,converted,32000,1,8.8775625,
Rusty Tinamou_sound/Rusty Tinamou12,D:\other\Bird\Dataset\CC0\Rusty Tinamou_sound\Rusty Tinamou12.mp3,D:\other\Bird\Code\data\kaggle_wav_cache\Rusty Tinamou_sound\Rusty Tinamou12.wav,converted,32000,1,25.4151875,
Rusty Tinamou_sound/Rusty Tinamou13,D:\other\Bird\Dataset\CC0\Rusty Tinamou_sound\Rusty Tinamou13.mp3,D:\other\Bird\Code\data\kaggle_wav_cache\Rusty Tinamou_sound\Rusty Tinamou13.wav,converted,32000,1,25.4151875,
Rusty Tinamou_sound/Rusty Tinamou14,D:\other\Bird\Dataset\CC0\Rusty Tinamou_sound\Rusty Tinamou14.mp3,D:\other\Bird\Code\data\kaggle_wav_cache\Rusty Tinamou_sound\Rusty Tinamou14.wav,converted,32000,1,25.4151875,
Rusty Tinamou_sound/Rusty Tinamou2,D:\other\Bird\Dataset\CC0\Rusty Tinamou_sound\Rusty Tinamou2.mp3,D:\other\Bird\Code\data\kaggle_wav_cache\Rusty Tinamou_sound\Rusty Tinamou2.wav,converted,32000,1,8.64,"[mp3 @ 00000203926b55c0] Estimating duration from bitrate, this may be inaccurate
"
Rusty Tinamou_sound/Rusty Tinamou3,D:\other\Bird\Dataset\CC0\Rusty Tinamou_sound\Rusty Tinamou3.mp3,D:\other\Bird\Code\data\kaggle_wav_cache\Rusty Tinamou_sound\Rusty Tinamou3.wav,converted,32000,1,14.04846875,
Rusty Tinamou_sound/Rusty Tinamou4,D:\other\Bird\Dataset\CC0\Rusty Tinamou_sound\Rusty Tinamou4.mp3,D:\other\Bird\Code\data\kaggle_wav_cache\Rusty Tinamou_sound\Rusty Tinamou4.wav,converted,32000,1,34.170125,
Rusty Tinamou_sound/Rusty Tinamou5,D:\other\Bird\Dataset\CC0\Rusty Tinamou_sound\Rusty Tinamou5.mp3,D:\other\Bird\Code\data\kaggle_wav_cache\Rusty Tinamou_sound\Rusty Tinamou5.wav,converted,32000,1,74.013625,
Rusty Tinamou_sound/Rusty Tinamou6,D:\other\Bird\Dataset\CC0\Rusty Tinamou_sound\Rusty Tinamou6.mp3,D:\other\Bird\Code\data\kaggle_wav_cache\Rusty Tinamou_sound\Rusty Tinamou6.wav,converted,32000,1,31.89553125,
Rusty Tinamou_sound/Rusty Tinamou7,D:\other\Bird\Dataset\CC0\Rusty Tinamou_sound\Rusty Tinamou7.mp3,D:\other\Bird\Code\data\kaggle_wav_cache\Rusty Tinamou_sound\Rusty Tinamou7.wav,converted,32000,1,24.30178125,
Rusty Tinamou_sound/Rusty Tinamou8,D:\other\Bird\Dataset\CC0\Rusty Tinamou_sound\Rusty Tinamou8.mp3,D:\other\Bird\Code\data\kaggle_wav_cache\Rusty Tinamou_sound\Rusty Tinamou8.wav,converted,32000,1,19.56571875,
Rusty Tinamou_sound/Rusty Tinamou9,D:\other\Bird\Dataset\CC0\Rusty Tinamou_sound\Rusty Tinamou9.mp3,D:\other\Bird\Code\data\kaggle_wav_cache\Rusty Tinamou_sound\Rusty Tinamou9.wav,converted,32000,1,7.50503125,
Rusty-margined Guan_sound/Rusty-margined Guan10,D:\other\Bird\Dataset\CC0\Rusty-margined Guan_sound\Rusty-margined Guan10.mp3,D:\other\Bird\Code\data\kaggle_wav_cache\Rusty-margined Guan_sound\Rusty-margined Guan10.wav,converted,32000,1,40.3591875,"[mp3 @ 000001499cb35600] Estimating duration from bitrate, this may be inaccurate
"
Rusty-margined Guan_sound/Rusty-margined Guan12,D:\other\Bird\Dataset\CC0\Rusty-margined Guan_sound\Rusty-margined Guan12.mp3,D:\other\Bird\Code\data\kaggle_wav_cache\Rusty-margined Guan_sound\Rusty-margined Guan12.wav,converted,32000,1,20.662875,"[mp3 @ 000001be864e5600] Estimating duration from bitrate, this may be inaccurate
"
Rusty-margined Guan_sound/Rusty-margined Guan13,D:\other\Bird\Dataset\CC0\Rusty-margined Guan_sound\Rusty-margined Guan13.mp3,D:\other\Bird\Code\data\kaggle_wav_cache\Rusty-margined Guan_sound\Rusty-margined Guan13.wav,converted,32000,1,20.662875,"[mp3 @ 0000024492ff5600] Estimating duration from bitrate, this may be inaccurate
"
Rusty-margined Guan_sound/Rusty-margined Guan11,D:\other\Bird\Dataset\CC0\Rusty-margined Guan_sound\Rusty-margined Guan11.mp3,D:\other\Bird\Code\data\kaggle_wav_cache\Rusty-margined Guan_sound\Rusty-margined Guan11.wav,converted,32000,1,292.10125,"[mp3 @ 0000020c4b8b5600] Estimating duration from bitrate, this may be inaccurate
"
Rusty-margined Guan_sound/Rusty-margined Guan14,D:\other\Bird\Dataset\CC0\Rusty-margined Guan_sound\Rusty-margined Guan14.mp3,D:\other\Bird\Code\data\kaggle_wav_cache\Rusty-margined Guan_sound\Rusty-margined Guan14.wav,converted,32000,1,19.6555625,
Rusty-margined Guan_sound/Rusty-margined Guan15,D:\other\Bird\Dataset\CC0\Rusty-margined Guan_sound\Rusty-margined Guan15.mp3,D:\other\Bird\Code\data\kaggle_wav_cache\Rusty-margined Guan_sound\Rusty-margined Guan15.wav,converted,32000,1,19.6555625,
Rusty-margined Guan_sound/Rusty-margined Guan16,D:\other\Bird\Dataset\CC0\Rusty-margined Guan_sound\Rusty-margined Guan16.mp3,D:\other\Bird\Code\data\kaggle_wav_cache\Rusty-margined Guan_sound\Rusty-margined Guan16.wav,converted,32000,1,38.17903125,
Rusty-margined Guan_sound/Rusty-margined Guan17,D:\other\Bird\Dataset\CC0\Rusty-margined Guan_sound\Rusty-margined Guan17.mp3,D:\other\Bird\Code\data\kaggle_wav_cache\Rusty-margined Guan_sound\Rusty-margined Guan17.wav,converted,32000,1,69.62471875,
Rusty-margined Guan_sound/Rusty-margined Guan18,D:\other\Bird\Dataset\CC0\Rusty-margined Guan_sound\Rusty-margined Guan18.mp3,D:\other\Bird\Code\data\kaggle_wav_cache\Rusty-margined Guan_sound\Rusty-margined Guan18.wav,converted,32000,1,51.0328125,
Rusty-margined Guan_sound/Rusty-margined Guan2,D:\other\Bird\Dataset\CC0\Rusty-margined Guan_sound\Rusty-margined Guan2.mp3,D:\other\Bird\Code\data\kaggle_wav_cache\Rusty-margined Guan_sound\Rusty-margined Guan2.wav,converted,32000,1,15.74953125,
Rusty-margined Guan_sound/Rusty-margined Guan19,D:\other\Bird\Dataset\CC0\Rusty-margined Guan_sound\Rusty-margined Guan19.mp3,D:\other\Bird\Code\data\kaggle_wav_cache\Rusty-margined Guan_sound\Rusty-margined Guan19.wav,converted,32000,1,52.5625,
Rusty-margined Guan_sound/Rusty-margined Guan20,D:\other\Bird\Dataset\CC0\Rusty-margined Guan_sound\Rusty-margined Guan20.mp3,D:\other\Bird\Code\data\kaggle_wav_cache\Rusty-margined Guan_sound\Rusty-margined Guan20.wav,converted,32000,1,44.2253125,"[mp3 @ 000002b657205600] Estimating duration from bitrate, this may be inaccurate
"
Rusty-margined Guan_sound/Rusty-margined Guan21,D:\other\Bird\Dataset\CC0\Rusty-margined Guan_sound\Rusty-margined Guan21.mp3,D:\other\Bird\Code\data\kaggle_wav_cache\Rusty-margined Guan_sound\Rusty-margined Guan21.wav,converted,32000,1,44.2253125,"[mp3 @ 000001a3d50c5600] Estimating duration from bitrate, this may be inaccurate
"
Rusty-margined Guan_sound/Rusty-margined Guan22,D:\other\Bird\Dataset\CC0\Rusty-margined Guan_sound\Rusty-margined Guan22.mp3,D:\other\Bird\Code\data\kaggle_wav_cache\Rusty-margined Guan_sound\Rusty-margined Guan22.wav,converted,32000,1,44.2253125,"[mp3 @ 00000277d76f5600] Estimating duration from bitrate, this may be inaccurate
"
Rusty-margined Guan_sound/Rusty-margined Guan23,D:\other\Bird\Dataset\CC0\Rusty-margined Guan_sound\Rusty-margined Guan23.mp3,D:\other\Bird\Code\data\kaggle_wav_cache\Rusty-margined Guan_sound\Rusty-margined Guan23.wav,converted,32000,1,49.3975625,"[mp3 @ 000001a7f2b65600] Estimating duration from bitrate, this may be inaccurate
"
Rusty-margined Guan_sound/Rusty-margined Guan24,D:\other\Bird\Dataset\CC0\Rusty-margined Guan_sound\Rusty-margined Guan24.mp3,D:\other\Bird\Code\data\kaggle_wav_cache\Rusty-margined Guan_sound\Rusty-margined Guan24.wav,converted,32000,1,49.3975625,"[mp3 @ 0000021243895600] Estimating duration from bitrate, this may be inaccurate
"
Rusty-margined Guan_sound/Rusty-margined Guan25,D:\other\Bird\Dataset\CC0\Rusty-margined Guan_sound\Rusty-margined Guan25.mp3,D:\other\Bird\Code\data\kaggle_wav_cache\Rusty-margined Guan_sound\Rusty-margined Guan25.wav,converted,32000,1,49.3975625,"[mp3 @ 00000135b7275600] Estimating duration from bitrate, this may be inaccurate
"
Rusty-margined Guan_sound/Rusty-margined Guan26,D:\other\Bird\Dataset\CC0\Rusty-margined Guan_sound\Rusty-margined Guan26.mp3,D:\other\Bird\Code\data\kaggle_wav_cache\Rusty-margined Guan_sound\Rusty-margined Guan26.wav,converted,32000,1,81.78940625,"[mp3 @ 0000018c99a75600] Estimating duration from bitrate, this may be inaccurate
"
Rusty-margined Guan_sound/Rusty-margined Guan27,D:\other\Bird\Dataset\CC0\Rusty-margined Guan_sound\Rusty-margined Guan27.mp3,D:\other\Bird\Code\data\kaggle_wav_cache\Rusty-margined Guan_sound\Rusty-margined Guan27.wav,converted,32000,1,21.48,"[mp3 @ 0000020678605600] Estimating duration from bitrate, this may be inaccurate
"
Rusty-margined Guan_sound/Rusty-margined Guan28,D:\other\Bird\Dataset\CC0\Rusty-margined Guan_sound\Rusty-margined Guan28.mp3,D:\other\Bird\Code\data\kaggle_wav_cache\Rusty-margined Guan_sound\Rusty-margined Guan28.wav,converted,32000,1,7.63475,
Rusty-margined Guan_sound/Rusty-margined Guan29,D:\other\Bird\Dataset\CC0\Rusty-margined Guan_sound\Rusty-margined Guan29.mp3,D:\other\Bird\Code\data\kaggle_wav_cache\Rusty-margined Guan_sound\Rusty-margined Guan29.wav,converted,32000,1,7.63475,
Rusty-margined Guan_sound/Rusty-margined Guan30,D:\other\Bird\Dataset\CC0\Rusty-margined Guan_sound\Rusty-margined Guan30.mp3,D:\other\Bird\Code\data\kaggle_wav_cache\Rusty-margined Guan_sound\Rusty-margined Guan30.wav,converted,32000,1,7.63475,
Rusty-margined Guan_sound/Rusty-margined Guan3,D:\other\Bird\Dataset\CC0\Rusty-margined Guan_sound\Rusty-margined Guan3.mp3,D:\other\Bird\Code\data\kaggle_wav_cache\Rusty-margined Guan_sound\Rusty-margined Guan3.wav,converted,32000,1,15.74953125,
Rusty-margined Guan_sound/Rusty-margined Guan31,D:\other\Bird\Dataset\CC0\Rusty-margined Guan_sound\Rusty-margined Guan31.mp3,D:\other\Bird\Code\data\kaggle_wav_cache\Rusty-margined Guan_sound\Rusty-margined Guan31.wav,converted,32000,1,10.318375,"[mp3 @ 00000165212f5600] Estimating duration from bitrate, this may be inaccurate
"
Rusty-margined Guan_sound/Rusty-margined Guan4,D:\other\Bird\Dataset\CC0\Rusty-margined Guan_sound\Rusty-margined Guan4.mp3,D:\other\Bird\Code\data\kaggle_wav_cache\Rusty-margined Guan_sound\Rusty-margined Guan4.wav,converted,32000,1,9.048,"[mp3 @ 0000026cfdb95600] Estimating duration from bitrate, this may be inaccurate
"
Rusty-margined Guan_sound/Rusty-margined Guan5,D:\other\Bird\Dataset\CC0\Rusty-margined Guan_sound\Rusty-margined Guan5.mp3,D:\other\Bird\Code\data\kaggle_wav_cache\Rusty-margined Guan_sound\Rusty-margined Guan5.wav,converted,32000,1,8.75103125,"[mp3 @ 000001d226445600] Estimating duration from bitrate, this may be inaccurate
"
Rusty-margined Guan_sound/Rusty-margined Guan6,D:\other\Bird\Dataset\CC0\Rusty-margined Guan_sound\Rusty-margined Guan6.mp3,D:\other\Bird\Code\data\kaggle_wav_cache\Rusty-margined Guan_sound\Rusty-margined Guan6.wav,converted,32000,1,108.3298125,"[mp3 @ 000001f7c1c25600] Estimating duration from bitrate, this may be inaccurate
"
Rusty-margined Guan_sound/Rusty-margined Guan7,D:\other\Bird\Dataset\CC0\Rusty-margined Guan_sound\Rusty-margined Guan7.mp3,D:\other\Bird\Code\data\kaggle_wav_cache\Rusty-margined Guan_sound\Rusty-margined Guan7.wav,converted,32000,1,3.29140625,"[mp3 @ 000002bb45d85600] Estimating duration from bitrate, this may be inaccurate
"
Rusty-margined Guan_sound/Rusty-margined Guan8,D:\other\Bird\Dataset\CC0\Rusty-margined Guan_sound\Rusty-margined Guan8.mp3,D:\other\Bird\Code\data\kaggle_wav_cache\Rusty-margined Guan_sound\Rusty-margined Guan8.wav,converted,32000,1,40.3591875,"[mp3 @ 0000020d15785600] Estimating duration from bitrate, this may be inaccurate
"
Rusty-margined Guan_sound/Rusty-margined Guan9,D:\other\Bird\Dataset\CC0\Rusty-margined Guan_sound\Rusty-margined Guan9.mp3,D:\other\Bird\Code\data\kaggle_wav_cache\Rusty-margined Guan_sound\Rusty-margined Guan9.wav,converted,32000,1,40.3591875,"[mp3 @ 00000200cb145600] Estimating duration from bitrate, this may be inaccurate
"
Scaled Chachalaca_sound/Scaled Chachalaca10,D:\other\Bird\Dataset\CC0\Scaled Chachalaca_sound\Scaled Chachalaca10.mp3,D:\other\Bird\Code\data\kaggle_wav_cache\Scaled Chachalaca_sound\Scaled Chachalaca10.wav,converted,32000,1,18.050625,"[mp3 @ 000001c2401e5600] Estimating duration from bitrate, this may be inaccurate
"
Scaled Chachalaca_sound/Scaled Chachalaca11,D:\other\Bird\Dataset\CC0\Scaled Chachalaca_sound\Scaled Chachalaca11.mp3,D:\other\Bird\Code\data\kaggle_wav_cache\Scaled Chachalaca_sound\Scaled Chachalaca11.wav,converted,32000,1,18.050625,"[mp3 @ 0000029e1c285600] Estimating duration from bitrate, this may be inaccurate
"
Scaled Chachalaca_sound/Scaled Chachalaca13,D:\other\Bird\Dataset\CC0\Scaled Chachalaca_sound\Scaled Chachalaca13.mp3,D:\other\Bird\Code\data\kaggle_wav_cache\Scaled Chachalaca_sound\Scaled Chachalaca13.wav,converted,32000,1,18.120875,
Scaled Chachalaca_sound/Scaled Chachalaca12,D:\other\Bird\Dataset\CC0\Scaled Chachalaca_sound\Scaled Chachalaca12.mp3,D:\other\Bird\Code\data\kaggle_wav_cache\Scaled Chachalaca_sound\Scaled Chachalaca12.wav,converted,32000,1,18.050625,"[mp3 @ 0000021e95a25600] Estimating duration from bitrate, this may be inaccurate
"
Scaled Chachalaca_sound/Scaled Chachalaca14,D:\other\Bird\Dataset\CC0\Scaled Chachalaca_sound\Scaled Chachalaca14.mp3,D:\other\Bird\Code\data\kaggle_wav_cache\Scaled Chachalaca_sound\Scaled Chachalaca14.wav,converted,32000,1,18.120875,
Scaled Chachalaca_sound/Scaled Chachalaca15,D:\other\Bird\Dataset\CC0\Scaled Chachalaca_sound\Scaled Chachalaca15.mp3,D:\other\Bird\Code\data\kaggle_wav_cache\Scaled Chachalaca_sound\Scaled Chachalaca15.wav,converted,32000,1,18.120875,
Scaled Chachalaca_sound/Scaled Chachalaca16,D:\other\Bird\Dataset\CC0\Scaled Chachalaca_sound\Scaled Chachalaca16.mp3,D:\other\Bird\Code\data\kaggle_wav_cache\Scaled Chachalaca_sound\Scaled Chachalaca16.wav,converted,32000,1,18.120875,
Scaled Chachalaca_sound/Scaled Chachalaca17,D:\other\Bird\Dataset\CC0\Scaled Chachalaca_sound\Scaled Chachalaca17.mp3,D:\other\Bird\Code\data\kaggle_wav_cache\Scaled Chachalaca_sound\Scaled Chachalaca17.wav,converted,32000,1,18.120875,
Scaled Chachalaca_sound/Scaled Chachalaca18,D:\other\Bird\Dataset\CC0\Scaled Chachalaca_sound\Scaled Chachalaca18.mp3,D:\other\Bird\Code\data\kaggle_wav_cache\Scaled Chachalaca_sound\Scaled Chachalaca18.wav,converted,32000,1,18.120875,
Scaled Chachalaca_sound/Scaled Chachalaca2,D:\other\Bird\Dataset\CC0\Scaled Chachalaca_sound\Scaled Chachalaca2.mp3,D:\other\Bird\Code\data\kaggle_wav_cache\Scaled Chachalaca_sound\Scaled Chachalaca2.wav,converted,32000,1,18.050625,"[mp3 @ 00000171fcdf5600] Estimating duration from bitrate, this may be inaccurate
"
Scaled Chachalaca_sound/Scaled Chachalaca3,D:\other\Bird\Dataset\CC0\Scaled Chachalaca_sound\Scaled Chachalaca3.mp3,D:\other\Bird\Code\data\kaggle_wav_cache\Scaled Chachalaca_sound\Scaled Chachalaca3.wav,converted,32000,1,18.050625,"[mp3 @ 000002106ff75600] Estimating duration from bitrate, this may be inaccurate
"
Scaled Chachalaca_sound/Scaled Chachalaca4,D:\other\Bird\Dataset\CC0\Scaled Chachalaca_sound\Scaled Chachalaca4.mp3,D:\other\Bird\Code\data\kaggle_wav_cache\Scaled Chachalaca_sound\Scaled Chachalaca4.wav,converted,32000,1,18.050625,"[mp3 @ 000001bf2b155600] Estimating duration from bitrate, this may be inaccurate
"
Scaled Chachalaca_sound/Scaled Chachalaca5,D:\other\Bird\Dataset\CC0\Scaled Chachalaca_sound\Scaled Chachalaca5.mp3,D:\other\Bird\Code\data\kaggle_wav_cache\Scaled Chachalaca_sound\Scaled Chachalaca5.wav,converted,32000,1,18.050625,"[mp3 @ 00000273dc855600] Estimating duration from bitrate, this may be inaccurate
"
Scaled Chachalaca_sound/Scaled Chachalaca6,D:\other\Bird\Dataset\CC0\Scaled Chachalaca_sound\Scaled Chachalaca6.mp3,D:\other\Bird\Code\data\kaggle_wav_cache\Scaled Chachalaca_sound\Scaled Chachalaca6.wav,converted,32000,1,18.050625,"[mp3 @ 00000150cfa95600] Estimating duration from bitrate, this may be inaccurate
"
Scaled Chachalaca_sound/Scaled Chachalaca7,D:\other\Bird\Dataset\CC0\Scaled Chachalaca_sound\Scaled Chachalaca7.mp3,D:\other\Bird\Code\data\kaggle_wav_cache\Scaled Chachalaca_sound\Scaled Chachalaca7.wav,converted,32000,1,18.050625,"[mp3 @ 000001f489c25600] Estimating duration from bitrate, this may be inaccurate
"
Scaled Chachalaca_sound/Scaled Chachalaca8,D:\other\Bird\Dataset\CC0\Scaled Chachalaca_sound\Scaled Chachalaca8.mp3,D:\other\Bird\Code\data\kaggle_wav_cache\Scaled Chachalaca_sound\Scaled Chachalaca8.wav,converted,32000,1,18.050625,"[mp3 @ 000001ba242c5600] Estimating duration from bitrate, this may be inaccurate
"
Scaled Chachalaca_sound/Scaled Chachalaca9,D:\other\Bird\Dataset\CC0\Scaled Chachalaca_sound\Scaled Chachalaca9.mp3,D:\other\Bird\Code\data\kaggle_wav_cache\Scaled Chachalaca_sound\Scaled Chachalaca9.wav,converted,32000,1,18.050625,"[mp3 @ 000001a0de655600] Estimating duration from bitrate, this may be inaccurate
"
Slaty-breasted Tinamou_sound/Slaty-breasted Tinamou10,D:\other\Bird\Dataset\CC0\Slaty-breasted Tinamou_sound\Slaty-breasted Tinamou10.mp3,D:\other\Bird\Code\data\kaggle_wav_cache\Slaty-breasted Tinamou_sound\Slaty-breasted Tinamou10.wav,converted,32000,1,7.7058125,
Slaty-breasted Tinamou_sound/Slaty-breasted Tinamou11,D:\other\Bird\Dataset\CC0\Slaty-breasted Tinamou_sound\Slaty-breasted Tinamou11.mp3,D:\other\Bird\Code\data\kaggle_wav_cache\Slaty-breasted Tinamou_sound\Slaty-breasted Tinamou11.wav,converted,32000,1,7.7058125,
Slaty-breasted Tinamou_sound/Slaty-breasted Tinamou12,D:\other\Bird\Dataset\CC0\Slaty-breasted Tinamou_sound\Slaty-breasted Tinamou12.mp3,D:\other\Bird\Code\data\kaggle_wav_cache\Slaty-breasted Tinamou_sound\Slaty-breasted Tinamou12.wav,converted,32000,1,104.3330625,"[mp3 @ 0000017eda225640] Estimating duration from bitrate, this may be inaccurate
"
Slaty-breasted Tinamou_sound/Slaty-breasted Tinamou13,D:\other\Bird\Dataset\CC0\Slaty-breasted Tinamou_sound\Slaty-breasted Tinamou13.mp3,D:\other\Bird\Code\data\kaggle_wav_cache\Slaty-breasted Tinamou_sound\Slaty-breasted Tinamou13.wav,converted,32000,1,3.953875,
Slaty-breasted Tinamou_sound/Slaty-breasted Tinamou14,D:\other\Bird\Dataset\CC0\Slaty-breasted Tinamou_sound\Slaty-breasted Tinamou14.mp3,D:\other\Bird\Code\data\kaggle_wav_cache\Slaty-breasted Tinamou_sound\Slaty-breasted Tinamou14.wav,converted,32000,1,7.2479375,
Slaty-breasted Tinamou_sound/Slaty-breasted Tinamou15,D:\other\Bird\Dataset\CC0\Slaty-breasted Tinamou_sound\Slaty-breasted Tinamou15.mp3,D:\other\Bird\Code\data\kaggle_wav_cache\Slaty-breasted Tinamou_sound\Slaty-breasted Tinamou15.wav,converted,32000,1,4.44703125,
Slaty-breasted Tinamou_sound/Slaty-breasted Tinamou16,D:\other\Bird\Dataset\CC0\Slaty-breasted Tinamou_sound\Slaty-breasted Tinamou16.mp3,D:\other\Bird\Code\data\kaggle_wav_cache\Slaty-breasted Tinamou_sound\Slaty-breasted Tinamou16.wav,converted,32000,1,80.33909375,
Slaty-breasted Tinamou_sound/Slaty-breasted Tinamou17,D:\other\Bird\Dataset\CC0\Slaty-breasted Tinamou_sound\Slaty-breasted Tinamou17.mp3,D:\other\Bird\Code\data\kaggle_wav_cache\Slaty-breasted Tinamou_sound\Slaty-breasted Tinamou17.wav,converted,32000,1,81.86596875,
Slaty-breasted Tinamou_sound/Slaty-breasted Tinamou19,D:\other\Bird\Dataset\CC0\Slaty-breasted Tinamou_sound\Slaty-breasted Tinamou19.mp3,D:\other\Bird\Code\data\kaggle_wav_cache\Slaty-breasted Tinamou_sound\Slaty-breasted Tinamou19.wav,converted,32000,1,31.6081875,"[mp3 @ 00000264b5905640] Estimating duration from bitrate, this may be inaccurate
"
Slaty-breasted Tinamou_sound/Slaty-breasted Tinamou18,D:\other\Bird\Dataset\CC0\Slaty-breasted Tinamou_sound\Slaty-breasted Tinamou18.mp3,D:\other\Bird\Code\data\kaggle_wav_cache\Slaty-breasted Tinamou_sound\Slaty-breasted Tinamou18.wav,converted,32000,1,170.00490625,"[mp3 @ 000001f24e8c5640] Estimating duration from bitrate, this may be inaccurate
"
Slaty-breasted Tinamou_sound/Slaty-breasted Tinamou20,D:\other\Bird\Dataset\CC0\Slaty-breasted Tinamou_sound\Slaty-breasted Tinamou20.mp3,D:\other\Bird\Code\data\kaggle_wav_cache\Slaty-breasted Tinamou_sound\Slaty-breasted Tinamou20.wav,converted,32000,1,106.29225,"[mp3 @ 000001c009615640] Estimating duration from bitrate, this may be inaccurate
"
Slaty-breasted Tinamou_sound/Slaty-breasted Tinamou21,D:\other\Bird\Dataset\CC0\Slaty-breasted Tinamou_sound\Slaty-breasted Tinamou21.mp3,D:\other\Bird\Code\data\kaggle_wav_cache\Slaty-breasted Tinamou_sound\Slaty-breasted Tinamou21.wav,converted,32000,1,3.57878125,"[mp3 @ 0000021f16205640] Estimating duration from bitrate, this may be inaccurate
"
Slaty-breasted Tinamou_sound/Slaty-breasted Tinamou22,D:\other\Bird\Dataset\CC0\Slaty-breasted Tinamou_sound\Slaty-breasted Tinamou22.mp3,D:\other\Bird\Code\data\kaggle_wav_cache\Slaty-breasted Tinamou_sound\Slaty-breasted Tinamou22.wav,converted,32000,1,3.57878125,"[mp3 @ 00000287a5675640] Estimating duration from bitrate, this may be inaccurate
"
Slaty-breasted Tinamou_sound/Slaty-breasted Tinamou23,D:\other\Bird\Dataset\CC0\Slaty-breasted Tinamou_sound\Slaty-breasted Tinamou23.mp3,D:\other\Bird\Code\data\kaggle_wav_cache\Slaty-breasted Tinamou_sound\Slaty-breasted Tinamou23.wav,converted,32000,1,3.94140625,
Slaty-breasted Tinamou_sound/Slaty-breasted Tinamou2,D:\other\Bird\Dataset\CC0\Slaty-breasted Tinamou_sound\Slaty-breasted Tinamou2.mp3,D:\other\Bird\Code\data\kaggle_wav_cache\Slaty-breasted Tinamou_sound\Slaty-breasted Tinamou2.wav,converted,32000,1,451.467625,
Slaty-breasted Tinamou_sound/Slaty-breasted Tinamou24,D:\other\Bird\Dataset\CC0\Slaty-breasted Tinamou_sound\Slaty-breasted Tinamou24.mp3,D:\other\Bird\Code\data\kaggle_wav_cache\Slaty-breasted Tinamou_sound\Slaty-breasted Tinamou24.wav,converted,32000,1,3.88153125,
Slaty-breasted Tinamou_sound/Slaty-breasted Tinamou25,D:\other\Bird\Dataset\CC0\Slaty-breasted Tinamou_sound\Slaty-breasted Tinamou25.mp3,D:\other\Bird\Code\data\kaggle_wav_cache\Slaty-breasted Tinamou_sound\Slaty-breasted Tinamou25.wav,converted,32000,1,6.30371875,
Slaty-breasted Tinamou_sound/Slaty-breasted Tinamou26,D:\other\Bird\Dataset\CC0\Slaty-breasted Tinamou_sound\Slaty-breasted Tinamou26.mp3,D:\other\Bird\Code\data\kaggle_wav_cache\Slaty-breasted Tinamou_sound\Slaty-breasted Tinamou26.wav,converted,32000,1,22.78996875,
Slaty-breasted Tinamou_sound/Slaty-breasted Tinamou27,D:\other\Bird\Dataset\CC0\Slaty-breasted Tinamou_sound\Slaty-breasted Tinamou27.mp3,D:\other\Bird\Code\data\kaggle_wav_cache\Slaty-breasted Tinamou_sound\Slaty-breasted Tinamou27.wav,converted,32000,1,22.78996875,
Slaty-breasted Tinamou_sound/Slaty-breasted Tinamou28,D:\other\Bird\Dataset\CC0\Slaty-breasted Tinamou_sound\Slaty-breasted Tinamou28.mp3,D:\other\Bird\Code\data\kaggle_wav_cache\Slaty-breasted Tinamou_sound\Slaty-breasted Tinamou28.wav,converted,32000,1,23.93925,
Slaty-breasted Tinamou_sound/Slaty-breasted Tinamou29,D:\other\Bird\Dataset\CC0\Slaty-breasted Tinamou_sound\Slaty-breasted Tinamou29.mp3,D:\other\Bird\Code\data\kaggle_wav_cache\Slaty-breasted Tinamou_sound\Slaty-breasted Tinamou29.wav,converted,32000,1,4.12578125,
Slaty-breasted Tinamou_sound/Slaty-breasted Tinamou3,D:\other\Bird\Dataset\CC0\Slaty-breasted Tinamou_sound\Slaty-breasted Tinamou3.mp3,D:\other\Bird\Code\data\kaggle_wav_cache\Slaty-breasted Tinamou_sound\Slaty-breasted Tinamou3.wav,converted,32000,1,11.33471875,
Slaty-breasted Tinamou_sound/Slaty-breasted Tinamou30,D:\other\Bird\Dataset\CC0\Slaty-breasted Tinamou_sound\Slaty-breasted Tinamou30.mp3,D:\other\Bird\Code\data\kaggle_wav_cache\Slaty-breasted Tinamou_sound\Slaty-breasted Tinamou30.wav,converted,32000,1,4.12578125,
Slaty-breasted Tinamou_sound/Slaty-breasted Tinamou4,D:\other\Bird\Dataset\CC0\Slaty-breasted Tinamou_sound\Slaty-breasted Tinamou4.mp3,D:\other\Bird\Code\data\kaggle_wav_cache\Slaty-breasted Tinamou_sound\Slaty-breasted Tinamou4.wav,converted,32000,1,17.95503125,
Slaty-breasted Tinamou_sound/Slaty-breasted Tinamou5,D:\other\Bird\Dataset\CC0\Slaty-breasted Tinamou_sound\Slaty-breasted Tinamou5.mp3,D:\other\Bird\Code\data\kaggle_wav_cache\Slaty-breasted Tinamou_sound\Slaty-breasted Tinamou5.wav,converted,32000,1,17.95503125,
Slaty-breasted Tinamou_sound/Slaty-breasted Tinamou6,D:\other\Bird\Dataset\CC0\Slaty-breasted Tinamou_sound\Slaty-breasted Tinamou6.mp3,D:\other\Bird\Code\data\kaggle_wav_cache\Slaty-breasted Tinamou_sound\Slaty-breasted Tinamou6.wav,converted,32000,1,17.95503125,
Slaty-breasted Tinamou_sound/Slaty-breasted Tinamou7,D:\other\Bird\Dataset\CC0\Slaty-breasted Tinamou_sound\Slaty-breasted Tinamou7.mp3,D:\other\Bird\Code\data\kaggle_wav_cache\Slaty-breasted Tinamou_sound\Slaty-breasted Tinamou7.wav,converted,32000,1,17.95503125,
Slaty-breasted Tinamou_sound/Slaty-breasted Tinamou8,D:\other\Bird\Dataset\CC0\Slaty-breasted Tinamou_sound\Slaty-breasted Tinamou8.mp3,D:\other\Bird\Code\data\kaggle_wav_cache\Slaty-breasted Tinamou_sound\Slaty-breasted Tinamou8.wav,converted,32000,1,20.814125,
Slaty-breasted Tinamou_sound/Slaty-breasted Tinamou9,D:\other\Bird\Dataset\CC0\Slaty-breasted Tinamou_sound\Slaty-breasted Tinamou9.mp3,D:\other\Bird\Code\data\kaggle_wav_cache\Slaty-breasted Tinamou_sound\Slaty-breasted Tinamou9.wav,converted,32000,1,37.363375,
Small-billed Tinamou_sound/Small-billed Tinamou10,D:\other\Bird\Dataset\CC0\Small-billed Tinamou_sound\Small-billed Tinamou10.mp3,D:\other\Bird\Code\data\kaggle_wav_cache\Small-billed Tinamou_sound\Small-billed Tinamou10.wav,converted,32000,1,13.24409375,"[mp3 @ 0000029461315600] Estimating duration from bitrate, this may be inaccurate
"
Small-billed Tinamou_sound/Small-billed Tinamou11,D:\other\Bird\Dataset\CC0\Small-billed Tinamou_sound\Small-billed Tinamou11.mp3,D:\other\Bird\Code\data\kaggle_wav_cache\Small-billed Tinamou_sound\Small-billed Tinamou11.wav,converted,32000,1,13.24409375,"[mp3 @ 000002725c935600] Estimating duration from bitrate, this may be inaccurate
"
Small-billed Tinamou_sound/Small-billed Tinamou12,D:\other\Bird\Dataset\CC0\Small-billed Tinamou_sound\Small-billed Tinamou12.mp3,D:\other\Bird\Code\data\kaggle_wav_cache\Small-billed Tinamou_sound\Small-billed Tinamou12.wav,converted,32000,1,13.24409375,"[mp3 @ 0000028d2ea85600] Estimating duration from bitrate, this may be inaccurate
"
Small-billed Tinamou_sound/Small-billed Tinamou13,D:\other\Bird\Dataset\CC0\Small-billed Tinamou_sound\Small-billed Tinamou13.mp3,D:\other\Bird\Code\data\kaggle_wav_cache\Small-billed Tinamou_sound\Small-billed Tinamou13.wav,converted,32000,1,13.24409375,"[mp3 @ 000002bc25015600] Estimating duration from bitrate, this may be inaccurate
"
Small-billed Tinamou_sound/Small-billed Tinamou14,D:\other\Bird\Dataset\CC0\Small-billed Tinamou_sound\Small-billed Tinamou14.mp3,D:\other\Bird\Code\data\kaggle_wav_cache\Small-billed Tinamou_sound\Small-billed Tinamou14.wav,converted,32000,1,69.583,
Small-billed Tinamou_sound/Small-billed Tinamou15,D:\other\Bird\Dataset\CC0\Small-billed Tinamou_sound\Small-billed Tinamou15.mp3,D:\other\Bird\Code\data\kaggle_wav_cache\Small-billed Tinamou_sound\Small-billed Tinamou15.wav,converted,32000,1,48.2261875,
Small-billed Tinamou_sound/Small-billed Tinamou16,D:\other\Bird\Dataset\CC0\Small-billed Tinamou_sound\Small-billed Tinamou16.mp3,D:\other\Bird\Code\data\kaggle_wav_cache\Small-billed Tinamou_sound\Small-billed Tinamou16.wav,converted,32000,1,36.0,
Small-billed Tinamou_sound/Small-billed Tinamou17,D:\other\Bird\Dataset\CC0\Small-billed Tinamou_sound\Small-billed Tinamou17.mp3,D:\other\Bird\Code\data\kaggle_wav_cache\Small-billed Tinamou_sound\Small-billed Tinamou17.wav,converted,32000,1,53.05471875,"[mp3 @ 000001a8cd355600] Estimating duration from bitrate, this may be inaccurate
"
Small-billed Tinamou_sound/Small-billed Tinamou18,D:\other\Bird\Dataset\CC0\Small-billed Tinamou_sound\Small-billed Tinamou18.mp3,D:\other\Bird\Code\data\kaggle_wav_cache\Small-billed Tinamou_sound\Small-billed Tinamou18.wav,converted,32000,1,53.05471875,"[mp3 @ 00000203979c5600] Estimating duration from bitrate, this may be inaccurate
"
Small-billed Tinamou_sound/Small-billed Tinamou19,D:\other\Bird\Dataset\CC0\Small-billed Tinamou_sound\Small-billed Tinamou19.mp3,D:\other\Bird\Code\data\kaggle_wav_cache\Small-billed Tinamou_sound\Small-billed Tinamou19.wav,converted,32000,1,53.05471875,"[mp3 @ 000002c05e075600] Estimating duration from bitrate, this may be inaccurate
"
Small-billed Tinamou_sound/Small-billed Tinamou20,D:\other\Bird\Dataset\CC0\Small-billed Tinamou_sound\Small-billed Tinamou20.mp3,D:\other\Bird\Code\data\kaggle_wav_cache\Small-billed Tinamou_sound\Small-billed Tinamou20.wav,converted,32000,1,37.38125,"[mp3 @ 0000024518245600] Estimating duration from bitrate, this may be inaccurate
"
Small-billed Tinamou_sound/Small-billed Tinamou2,D:\other\Bird\Dataset\CC0\Small-billed Tinamou_sound\Small-billed Tinamou2.mp3,D:\other\Bird\Code\data\kaggle_wav_cache\Small-billed Tinamou_sound\Small-billed Tinamou2.wav,converted,32000,1,58.0179375,"[mp3 @ 000002c60a3f5600] Estimating duration from bitrate, this may be inaccurate
"
Small-billed Tinamou_sound/Small-billed Tinamou21,D:\other\Bird\Dataset\CC0\Small-billed Tinamou_sound\Small-billed Tinamou21.mp3,D:\other\Bird\Code\data\kaggle_wav_cache\Small-billed Tinamou_sound\Small-billed Tinamou21.wav,converted,32000,1,37.38125,"[mp3 @ 000002beaf185600] Estimating duration from bitrate, this may be inaccurate
"
Small-billed Tinamou_sound/Small-billed Tinamou22,D:\other\Bird\Dataset\CC0\Small-billed Tinamou_sound\Small-billed Tinamou22.mp3,D:\other\Bird\Code\data\kaggle_wav_cache\Small-billed Tinamou_sound\Small-billed Tinamou22.wav,converted,32000,1,37.38125,"[mp3 @ 000001fcafff5600] Estimating duration from bitrate, this may be inaccurate
"
Small-billed Tinamou_sound/Small-billed Tinamou23,D:\other\Bird\Dataset\CC0\Small-billed Tinamou_sound\Small-billed Tinamou23.mp3,D:\other\Bird\Code\data\kaggle_wav_cache\Small-billed Tinamou_sound\Small-billed Tinamou23.wav,converted,32000,1,37.38125,"[mp3 @ 0000026602a85600] Estimating duration from bitrate, this may be inaccurate
"
Small-billed Tinamou_sound/Small-billed Tinamou24,D:\other\Bird\Dataset\CC0\Small-billed Tinamou_sound\Small-billed Tinamou24.mp3,D:\other\Bird\Code\data\kaggle_wav_cache\Small-billed Tinamou_sound\Small-billed Tinamou24.wav,converted,32000,1,37.38125,"[mp3 @ 000001e899195600] Estimating duration from bitrate, this may be inaccurate
"
Small-billed Tinamou_sound/Small-billed Tinamou25,D:\other\Bird\Dataset\CC0\Small-billed Tinamou_sound\Small-billed Tinamou25.mp3,D:\other\Bird\Code\data\kaggle_wav_cache\Small-billed Tinamou_sound\Small-billed Tinamou25.wav,converted,32000,1,12.4599375,
Small-billed Tinamou_sound/Small-billed Tinamou26,D:\other\Bird\Dataset\CC0\Small-billed Tinamou_sound\Small-billed Tinamou26.mp3,D:\other\Bird\Code\data\kaggle_wav_cache\Small-billed Tinamou_sound\Small-billed Tinamou26.wav,converted,32000,1,12.4599375,
Small-billed Tinamou_sound/Small-billed Tinamou27,D:\other\Bird\Dataset\CC0\Small-billed Tinamou_sound\Small-billed Tinamou27.mp3,D:\other\Bird\Code\data\kaggle_wav_cache\Small-billed Tinamou_sound\Small-billed Tinamou27.wav,converted,32000,1,12.4599375,
Small-billed Tinamou_sound/Small-billed Tinamou28,D:\other\Bird\Dataset\CC0\Small-billed Tinamou_sound\Small-billed Tinamou28.mp3,D:\other\Bird\Code\data\kaggle_wav_cache\Small-billed Tinamou_sound\Small-billed Tinamou28.wav,converted,32000,1,44.66940625,"[mp3 @ 00000291f42b5600] Estimating duration from bitrate, this may be inaccurate
"
Small-billed Tinamou_sound/Small-billed Tinamou29,D:\other\Bird\Dataset\CC0\Small-billed Tinamou_sound\Small-billed Tinamou29.mp3,D:\other\Bird\Code\data\kaggle_wav_cache\Small-billed Tinamou_sound\Small-billed Tinamou29.wav,converted,32000,1,42.86696875,"[mp3 @ 00000248878d5600] Estimating duration from bitrate, this may be inaccurate
"
Small-billed Tinamou_sound/Small-billed Tinamou3,D:\other\Bird\Dataset\CC0\Small-billed Tinamou_sound\Small-billed Tinamou3.mp3,D:\other\Bird\Code\data\kaggle_wav_cache\Small-billed Tinamou_sound\Small-billed Tinamou3.wav,converted,32000,1,58.0179375,"[mp3 @ 0000024034c45600] Estimating duration from bitrate, this may be inaccurate
"
Small-billed Tinamou_sound/Small-billed Tinamou30,D:\other\Bird\Dataset\CC0\Small-billed Tinamou_sound\Small-billed Tinamou30.mp3,D:\other\Bird\Code\data\kaggle_wav_cache\Small-billed Tinamou_sound\Small-billed Tinamou30.wav,converted,32000,1,40.64653125,"[mp3 @ 0000025119bb5600] Estimating duration from bitrate, this may be inaccurate
"
Small-billed Tinamou_sound/Small-billed Tinamou31,D:\other\Bird\Dataset\CC0\Small-billed Tinamou_sound\Small-billed Tinamou31.mp3,D:\other\Bird\Code\data\kaggle_wav_cache\Small-billed Tinamou_sound\Small-billed Tinamou31.wav,converted,32000,1,40.64653125,"[mp3 @ 000001a4d25b5600] Estimating duration from bitrate, this may be inaccurate
"
Small-billed Tinamou_sound/Small-billed Tinamou4,D:\other\Bird\Dataset\CC0\Small-billed Tinamou_sound\Small-billed Tinamou4.mp3,D:\other\Bird\Code\data\kaggle_wav_cache\Small-billed Tinamou_sound\Small-billed Tinamou4.wav,converted,32000,1,58.0179375,"[mp3 @ 000001a1a8bd5600] Estimating duration from bitrate, this may be inaccurate
"
Small-billed Tinamou_sound/Small-billed Tinamou5,D:\other\Bird\Dataset\CC0\Small-billed Tinamou_sound\Small-billed Tinamou5.mp3,D:\other\Bird\Code\data\kaggle_wav_cache\Small-billed Tinamou_sound\Small-billed Tinamou5.wav,converted,32000,1,58.0179375,"[mp3 @ 00000193837c5600] Estimating duration from bitrate, this may be inaccurate
"
Small-billed Tinamou_sound/Small-billed Tinamou6,D:\other\Bird\Dataset\CC0\Small-billed Tinamou_sound\Small-billed Tinamou6.mp3,D:\other\Bird\Code\data\kaggle_wav_cache\Small-billed Tinamou_sound\Small-billed Tinamou6.wav,converted,32000,1,13.24409375,"[mp3 @ 000001b00afb5600] Estimating duration from bitrate, this may be inaccurate
"
Small-billed Tinamou_sound/Small-billed Tinamou7,D:\other\Bird\Dataset\CC0\Small-billed Tinamou_sound\Small-billed Tinamou7.mp3,D:\other\Bird\Code\data\kaggle_wav_cache\Small-billed Tinamou_sound\Small-billed Tinamou7.wav,converted,32000,1,13.24409375,"[mp3 @ 0000025a164c5600] Estimating duration from bitrate, this may be inaccurate
"
Small-billed Tinamou_sound/Small-billed Tinamou8,D:\other\Bird\Dataset\CC0\Small-billed Tinamou_sound\Small-billed Tinamou8.mp3,D:\other\Bird\Code\data\kaggle_wav_cache\Small-billed Tinamou_sound\Small-billed Tinamou8.wav,converted,32000,1,13.24409375,"[mp3 @ 000001d07bd95600] Estimating duration from bitrate, this may be inaccurate
"
Small-billed Tinamou_sound/Small-billed Tinamou9,D:\other\Bird\Dataset\CC0\Small-billed Tinamou_sound\Small-billed Tinamou9.mp3,D:\other\Bird\Code\data\kaggle_wav_cache\Small-billed Tinamou_sound\Small-billed Tinamou9.wav,converted,32000,1,13.24409375,"[mp3 @ 0000024e8bac5600] Estimating duration from bitrate, this may be inaccurate
"
Solitary Tinamou_sound/Solitary Tinamou10,D:\other\Bird\Dataset\CC0\Solitary Tinamou_sound\Solitary Tinamou10.mp3,D:\other\Bird\Code\data\kaggle_wav_cache\Solitary Tinamou_sound\Solitary Tinamou10.wav,converted,32000,1,38.0343125,"[mp3 @ 000001aef1b95640] Estimating duration from bitrate, this may be inaccurate
"
Solitary Tinamou_sound/Solitary Tinamou12,D:\other\Bird\Dataset\CC0\Solitary Tinamou_sound\Solitary Tinamou12.mp3,D:\other\Bird\Code\data\kaggle_wav_cache\Solitary Tinamou_sound\Solitary Tinamou12.wav,converted,32000,1,41.8481875,"[mp3 @ 000001f60c7f5640] Estimating duration from bitrate, this may be inaccurate
"
Solitary Tinamou_sound/Solitary Tinamou11,D:\other\Bird\Dataset\CC0\Solitary Tinamou_sound\Solitary Tinamou11.mp3,D:\other\Bird\Code\data\kaggle_wav_cache\Solitary Tinamou_sound\Solitary Tinamou11.wav,converted,32000,1,124.0730625,
Solitary Tinamou_sound/Solitary Tinamou13,D:\other\Bird\Dataset\CC0\Solitary Tinamou_sound\Solitary Tinamou13.mp3,D:\other\Bird\Code\data\kaggle_wav_cache\Solitary Tinamou_sound\Solitary Tinamou13.wav,converted,32000,1,41.8481875,"[mp3 @ 000001d53eac5640] Estimating duration from bitrate, this may be inaccurate
"
Solitary Tinamou_sound/Solitary Tinamou14,D:\other\Bird\Dataset\CC0\Solitary Tinamou_sound\Solitary Tinamou14.mp3,D:\other\Bird\Code\data\kaggle_wav_cache\Solitary Tinamou_sound\Solitary Tinamou14.wav,converted,32000,1,29.7535,"[mp3 @ 00000143f4ad5640] Estimating duration from bitrate, this may be inaccurate
"
Solitary Tinamou_sound/Solitary Tinamou16,D:\other\Bird\Dataset\CC0\Solitary Tinamou_sound\Solitary Tinamou16.mp3,D:\other\Bird\Code\data\kaggle_wav_cache\Solitary Tinamou_sound\Solitary Tinamou16.wav,converted,32000,1,2.0898125,
Solitary Tinamou_sound/Solitary Tinamou15,D:\other\Bird\Dataset\CC0\Solitary Tinamou_sound\Solitary Tinamou15.mp3,D:\other\Bird\Code\data\kaggle_wav_cache\Solitary Tinamou_sound\Solitary Tinamou15.wav,converted,32000,1,29.7535,"[mp3 @ 000001ba0f465640] Estimating duration from bitrate, this may be inaccurate
"
Solitary Tinamou_sound/Solitary Tinamou17,D:\other\Bird\Dataset\CC0\Solitary Tinamou_sound\Solitary Tinamou17.mp3,D:\other\Bird\Code\data\kaggle_wav_cache\Solitary Tinamou_sound\Solitary Tinamou17.wav,converted,32000,1,4.19121875,
Solitary Tinamou_sound/Solitary Tinamou18,D:\other\Bird\Dataset\CC0\Solitary Tinamou_sound\Solitary Tinamou18.mp3,D:\other\Bird\Code\data\kaggle_wav_cache\Solitary Tinamou_sound\Solitary Tinamou18.wav,converted,32000,1,10.444,
Solitary Tinamou_sound/Solitary Tinamou19,D:\other\Bird\Dataset\CC0\Solitary Tinamou_sound\Solitary Tinamou19.mp3,D:\other\Bird\Code\data\kaggle_wav_cache\Solitary Tinamou_sound\Solitary Tinamou19.wav,converted,32000,1,5.146125,"[mp3 @ 0000024887ef5640] Estimating duration from bitrate, this may be inaccurate
"
Solitary Tinamou_sound/Solitary Tinamou2,D:\other\Bird\Dataset\CC0\Solitary Tinamou_sound\Solitary Tinamou2.mp3,D:\other\Bird\Code\data\kaggle_wav_cache\Solitary Tinamou_sound\Solitary Tinamou2.wav,converted,32000,1,52.272,"[mp3 @ 0000024ca9415640] Estimating duration from bitrate, this may be inaccurate
"
Solitary Tinamou_sound/Solitary Tinamou20,D:\other\Bird\Dataset\CC0\Solitary Tinamou_sound\Solitary Tinamou20.mp3,D:\other\Bird\Code\data\kaggle_wav_cache\Solitary Tinamou_sound\Solitary Tinamou20.wav,converted,32000,1,19.226125,"[mp3 @ 00000235d0d65640] Estimating duration from bitrate, this may be inaccurate
"
Solitary Tinamou_sound/Solitary Tinamou22,D:\other\Bird\Dataset\CC0\Solitary Tinamou_sound\Solitary Tinamou22.mp3,D:\other\Bird\Code\data\kaggle_wav_cache\Solitary Tinamou_sound\Solitary Tinamou22.wav,converted,32000,1,13.4669375,
Solitary Tinamou_sound/Solitary Tinamou21,D:\other\Bird\Dataset\CC0\Solitary Tinamou_sound\Solitary Tinamou21.mp3,D:\other\Bird\Code\data\kaggle_wav_cache\Solitary Tinamou_sound\Solitary Tinamou21.wav,converted,32000,1,19.226125,"[mp3 @ 000001bab9d15640] Estimating duration from bitrate, this may be inaccurate
"
Solitary Tinamou_sound/Solitary Tinamou23,D:\other\Bird\Dataset\CC0\Solitary Tinamou_sound\Solitary Tinamou23.mp3,D:\other\Bird\Code\data\kaggle_wav_cache\Solitary Tinamou_sound\Solitary Tinamou23.wav,converted,32000,1,22.1779375,"[mp3 @ 0000022f0c0f5640] Estimating duration from bitrate, this may be inaccurate
"
Solitary Tinamou_sound/Solitary Tinamou24,D:\other\Bird\Dataset\CC0\Solitary Tinamou_sound\Solitary Tinamou24.mp3,D:\other\Bird\Code\data\kaggle_wav_cache\Solitary Tinamou_sound\Solitary Tinamou24.wav,converted,32000,1,22.1779375,"[mp3 @ 0000018ece2a5640] Estimating duration from bitrate, this may be inaccurate
"
Solitary Tinamou_sound/Solitary Tinamou26,D:\other\Bird\Dataset\CC0\Solitary Tinamou_sound\Solitary Tinamou26.mp3,D:\other\Bird\Code\data\kaggle_wav_cache\Solitary Tinamou_sound\Solitary Tinamou26.wav,converted,32000,1,51.384,"[mp3 @ 000001fea2b95640] Estimating duration from bitrate, this may be inaccurate
"
Solitary Tinamou_sound/Solitary Tinamou25,D:\other\Bird\Dataset\CC0\Solitary Tinamou_sound\Solitary Tinamou25.mp3,D:\other\Bird\Code\data\kaggle_wav_cache\Solitary Tinamou_sound\Solitary Tinamou25.wav,converted,32000,1,101.407375,"[mp3 @ 0000020530845640] Estimating duration from bitrate, this may be inaccurate
"
Solitary Tinamou_sound/Solitary Tinamou27,D:\other\Bird\Dataset\CC0\Solitary Tinamou_sound\Solitary Tinamou27.mp3,D:\other\Bird\Code\data\kaggle_wav_cache\Solitary Tinamou_sound\Solitary Tinamou27.wav,converted,32000,1,51.384,"[mp3 @ 000001f2faa85640] Estimating duration from bitrate, this may be inaccurate
"
Solitary Tinamou_sound/Solitary Tinamou28,D:\other\Bird\Dataset\CC0\Solitary Tinamou_sound\Solitary Tinamou28.mp3,D:\other\Bird\Code\data\kaggle_wav_cache\Solitary Tinamou_sound\Solitary Tinamou28.wav,converted,32000,1,51.384,"[mp3 @ 0000028fb4a25640] Estimating duration from bitrate, this may be inaccurate
"
Solitary Tinamou_sound/Solitary Tinamou3,D:\other\Bird\Dataset\CC0\Solitary Tinamou_sound\Solitary Tinamou3.mp3,D:\other\Bird\Code\data\kaggle_wav_cache\Solitary Tinamou_sound\Solitary Tinamou3.wav,converted,32000,1,5.04,"[mp3 @ 0000018360145640] Estimating duration from bitrate, this may be inaccurate
"
Solitary Tinamou_sound/Solitary Tinamou29,D:\other\Bird\Dataset\CC0\Solitary Tinamou_sound\Solitary Tinamou29.mp3,D:\other\Bird\Code\data\kaggle_wav_cache\Solitary Tinamou_sound\Solitary Tinamou29.wav,converted,32000,1,51.384,"[mp3 @ 000002906c9c5640] Estimating duration from bitrate, this may be inaccurate
"
Solitary Tinamou_sound/Solitary Tinamou30,D:\other\Bird\Dataset\CC0\Solitary Tinamou_sound\Solitary Tinamou30.mp3,D:\other\Bird\Code\data\kaggle_wav_cache\Solitary Tinamou_sound\Solitary Tinamou30.wav,converted,32000,1,3.7021875,
Solitary Tinamou_sound/Solitary Tinamou31,D:\other\Bird\Dataset\CC0\Solitary Tinamou_sound\Solitary Tinamou31.mp3,D:\other\Bird\Code\data\kaggle_wav_cache\Solitary Tinamou_sound\Solitary Tinamou31.wav,converted,32000,1,28.608,"[mp3 @ 0000023588ad5640] Estimating duration from bitrate, this may be inaccurate
"
Solitary Tinamou_sound/Solitary Tinamou4,D:\other\Bird\Dataset\CC0\Solitary Tinamou_sound\Solitary Tinamou4.mp3,D:\other\Bird\Code\data\kaggle_wav_cache\Solitary Tinamou_sound\Solitary Tinamou4.wav,converted,32000,1,5.04,"[mp3 @ 000001b676425640] Estimating duration from bitrate, this may be inaccurate
"
Solitary Tinamou_sound/Solitary Tinamou5,D:\other\Bird\Dataset\CC0\Solitary Tinamou_sound\Solitary Tinamou5.mp3,D:\other\Bird\Code\data\kaggle_wav_cache\Solitary Tinamou_sound\Solitary Tinamou5.wav,converted,32000,1,75.4996875,
Solitary Tinamou_sound/Solitary Tinamou6,D:\other\Bird\Dataset\CC0\Solitary Tinamou_sound\Solitary Tinamou6.mp3,D:\other\Bird\Code\data\kaggle_wav_cache\Solitary Tinamou_sound\Solitary Tinamou6.wav,converted,32000,1,31.26859375,"[mp3 @ 0000027073a05640] Estimating duration from bitrate, this may be inaccurate
"
Solitary Tinamou_sound/Solitary Tinamou7,D:\other\Bird\Dataset\CC0\Solitary Tinamou_sound\Solitary Tinamou7.mp3,D:\other\Bird\Code\data\kaggle_wav_cache\Solitary Tinamou_sound\Solitary Tinamou7.wav,converted,32000,1,38.0343125,"[mp3 @ 0000016cfc475640] Estimating duration from bitrate, this may be inaccurate
"
Solitary Tinamou_sound/Solitary Tinamou8,D:\other\Bird\Dataset\CC0\Solitary Tinamou_sound\Solitary Tinamou8.mp3,D:\other\Bird\Code\data\kaggle_wav_cache\Solitary Tinamou_sound\Solitary Tinamou8.wav,converted,32000,1,38.0343125,"[mp3 @ 000001e174695640] Estimating duration from bitrate, this may be inaccurate
"
Solitary Tinamou_sound/Solitary Tinamou9,D:\other\Bird\Dataset\CC0\Solitary Tinamou_sound\Solitary Tinamou9.mp3,D:\other\Bird\Code\data\kaggle_wav_cache\Solitary Tinamou_sound\Solitary Tinamou9.wav,converted,32000,1,38.0343125,"[mp3 @ 000002b7d61a5640] Estimating duration from bitrate, this may be inaccurate
"
Somali Ostrich_sound/Somali Ostrich2,D:\other\Bird\Dataset\CC0\Somali Ostrich_sound\Somali Ostrich2.mp3,D:\other\Bird\Code\data\kaggle_wav_cache\Somali Ostrich_sound\Somali Ostrich2.wav,converted,32000,1,11.544,"[mp3 @ 00000202c8ea55c0] Estimating duration from bitrate, this may be inaccurate
"
Southern Brown Kiwi_sound/Southern Brown Kiwi2,D:\other\Bird\Dataset\CC0\Southern Brown Kiwi_sound\Southern Brown Kiwi2.mp3,D:\other\Bird\Code\data\kaggle_wav_cache\Southern Brown Kiwi_sound\Southern Brown Kiwi2.wav,converted,32000,1,12.1265,
Southern Brown Kiwi_sound/Southern Brown Kiwi3,D:\other\Bird\Dataset\CC0\Southern Brown Kiwi_sound\Southern Brown Kiwi3.mp3,D:\other\Bird\Code\data\kaggle_wav_cache\Southern Brown Kiwi_sound\Southern Brown Kiwi3.wav,converted,32000,1,11.99021875,
Southern Brown Kiwi_sound/Southern Brown Kiwi4,D:\other\Bird\Dataset\CC0\Southern Brown Kiwi_sound\Southern Brown Kiwi4.mp3,D:\other\Bird\Code\data\kaggle_wav_cache\Southern Brown Kiwi_sound\Southern Brown Kiwi4.wav,converted,32000,1,6.94859375,"[mp3 @ 000002cb721f5600] Estimating duration from bitrate, this may be inaccurate
"
Southern Cassowary_sound/Southern Cassowary10,D:\other\Bird\Dataset\CC0\Southern Cassowary_sound\Southern Cassowary10.mp3,D:\other\Bird\Code\data\kaggle_wav_cache\Southern Cassowary_sound\Southern Cassowary10.wav,converted,32000,1,15.30778125,"[mp3 @ 000001d9df515600] Estimating duration from bitrate, this may be inaccurate
"
Southern Cassowary_sound/Southern Cassowary11,D:\other\Bird\Dataset\CC0\Southern Cassowary_sound\Southern Cassowary11.mp3,D:\other\Bird\Code\data\kaggle_wav_cache\Southern Cassowary_sound\Southern Cassowary11.wav,converted,32000,1,31.05959375,"[mp3 @ 000002044d6a5600] Estimating duration from bitrate, this may be inaccurate
"
Southern Cassowary_sound/Southern Cassowary12,D:\other\Bird\Dataset\CC0\Southern Cassowary_sound\Southern Cassowary12.mp3,D:\other\Bird\Code\data\kaggle_wav_cache\Southern Cassowary_sound\Southern Cassowary12.wav,converted,32000,1,114.18125,"[mp3 @ 000001f13a505600] Estimating duration from bitrate, this may be inaccurate
"
Southern Cassowary_sound/Southern Cassowary13,D:\other\Bird\Dataset\CC0\Southern Cassowary_sound\Southern Cassowary13.mp3,D:\other\Bird\Code\data\kaggle_wav_cache\Southern Cassowary_sound\Southern Cassowary13.wav,converted,32000,1,68.7543125,"[mp3 @ 000001ad72245600] Estimating duration from bitrate, this may be inaccurate
"
Southern Cassowary_sound/Southern Cassowary14,D:\other\Bird\Dataset\CC0\Southern Cassowary_sound\Southern Cassowary14.mp3,D:\other\Bird\Code\data\kaggle_wav_cache\Southern Cassowary_sound\Southern Cassowary14.wav,converted,32000,1,19.6359375,
Southern Cassowary_sound/Southern Cassowary15,D:\other\Bird\Dataset\CC0\Southern Cassowary_sound\Southern Cassowary15.mp3,D:\other\Bird\Code\data\kaggle_wav_cache\Southern Cassowary_sound\Southern Cassowary15.wav,converted,32000,1,17.8,
Southern Cassowary_sound/Southern Cassowary16,D:\other\Bird\Dataset\CC0\Southern Cassowary_sound\Southern Cassowary16.mp3,D:\other\Bird\Code\data\kaggle_wav_cache\Southern Cassowary_sound\Southern Cassowary16.wav,converted,32000,1,5.74803125,
Southern Cassowary_sound/Southern Cassowary17,D:\other\Bird\Dataset\CC0\Southern Cassowary_sound\Southern Cassowary17.mp3,D:\other\Bird\Code\data\kaggle_wav_cache\Southern Cassowary_sound\Southern Cassowary17.wav,converted,32000,1,39.57553125,"[mp3 @ 0000022c1c0f5600] Estimating duration from bitrate, this may be inaccurate
"
Southern Cassowary_sound/Southern Cassowary18,D:\other\Bird\Dataset\CC0\Southern Cassowary_sound\Southern Cassowary18.mp3,D:\other\Bird\Code\data\kaggle_wav_cache\Southern Cassowary_sound\Southern Cassowary18.wav,converted,32000,1,79.98696875,"[mp3 @ 0000026e54395600] Estimating duration from bitrate, this may be inaccurate
"
Southern Cassowary_sound/Southern Cassowary19,D:\other\Bird\Dataset\CC0\Southern Cassowary_sound\Southern Cassowary19.mp3,D:\other\Bird\Code\data\kaggle_wav_cache\Southern Cassowary_sound\Southern Cassowary19.wav,converted,32000,1,94.3281875,"[mp3 @ 00000257e58f5600] Estimating duration from bitrate, this may be inaccurate
"
Southern Cassowary_sound/Southern Cassowary2,D:\other\Bird\Dataset\CC0\Southern Cassowary_sound\Southern Cassowary2.mp3,D:\other\Bird\Code\data\kaggle_wav_cache\Southern Cassowary_sound\Southern Cassowary2.wav,converted,32000,1,54.15184375,"[mp3 @ 000001aa12245600] Estimating duration from bitrate, this may be inaccurate
[mp3float @ 000001aa12247bc0] Header missing
Error while decoding stream #0:0: Invalid data found when processing input
"
Southern Cassowary_sound/Southern Cassowary21,D:\other\Bird\Dataset\CC0\Southern Cassowary_sound\Southern Cassowary21.mp3,D:\other\Bird\Code\data\kaggle_wav_cache\Southern Cassowary_sound\Southern Cassowary21.wav,converted,32000,1,2.50778125,"[mp3 @ 000001a0446d5600] Estimating duration from bitrate, this may be inaccurate
"
Southern Cassowary_sound/Southern Cassowary3,D:\other\Bird\Dataset\CC0\Southern Cassowary_sound\Southern Cassowary3.mp3,D:\other\Bird\Code\data\kaggle_wav_cache\Southern Cassowary_sound\Southern Cassowary3.wav,converted,32000,1,12.0081875,
Southern Cassowary_sound/Southern Cassowary20,D:\other\Bird\Dataset\CC0\Southern Cassowary_sound\Southern Cassowary20.mp3,D:\other\Bird\Code\data\kaggle_wav_cache\Southern Cassowary_sound\Southern Cassowary20.wav,converted,32000,1,148.97634375,"[mp3 @ 000002d31ab75600] Estimating duration from bitrate, this may be inaccurate
"
Southern Cassowary_sound/Southern Cassowary4,D:\other\Bird\Dataset\CC0\Southern Cassowary_sound\Southern Cassowary4.mp3,D:\other\Bird\Code\data\kaggle_wav_cache\Southern Cassowary_sound\Southern Cassowary4.wav,converted,32000,1,124.25234375,
Southern Cassowary_sound/Southern Cassowary5,D:\other\Bird\Dataset\CC0\Southern Cassowary_sound\Southern Cassowary5.mp3,D:\other\Bird\Code\data\kaggle_wav_cache\Southern Cassowary_sound\Southern Cassowary5.wav,converted,32000,1,112.24790625,
Southern Cassowary_sound/Southern Cassowary6,D:\other\Bird\Dataset\CC0\Southern Cassowary_sound\Southern Cassowary6.mp3,D:\other\Bird\Code\data\kaggle_wav_cache\Southern Cassowary_sound\Southern Cassowary6.wav,converted,32000,1,21.57715625,"[mp3 @ 0000024e6bca5600] Estimating duration from bitrate, this may be inaccurate
"
Southern Cassowary_sound/Southern Cassowary7,D:\other\Bird\Dataset\CC0\Southern Cassowary_sound\Southern Cassowary7.mp3,D:\other\Bird\Code\data\kaggle_wav_cache\Southern Cassowary_sound\Southern Cassowary7.wav,converted,32000,1,20.688,"[mp3 @ 00000254e40c5600] Estimating duration from bitrate, this may be inaccurate
"
Southern Cassowary_sound/Southern Cassowary9,D:\other\Bird\Dataset\CC0\Southern Cassowary_sound\Southern Cassowary9.mp3,D:\other\Bird\Code\data\kaggle_wav_cache\Southern Cassowary_sound\Southern Cassowary9.wav,converted,32000,1,15.30778125,"[mp3 @ 000001e37bca5600] Estimating duration from bitrate, this may be inaccurate
"
Southern Cassowary_sound/Southern Cassowary8,D:\other\Bird\Dataset\CC0\Southern Cassowary_sound\Southern Cassowary8.mp3,D:\other\Bird\Code\data\kaggle_wav_cache\Southern Cassowary_sound\Southern Cassowary8.wav,converted,32000,1,23.118375,"[mp3 @ 000002001ec05600] Estimating duration from bitrate, this may be inaccurate
"
Speckled Chachalaca_sound/Speckled Chachalaca10,D:\other\Bird\Dataset\CC0\Speckled Chachalaca_sound\Speckled Chachalaca10.mp3,D:\other\Bird\Code\data\kaggle_wav_cache\Speckled Chachalaca_sound\Speckled Chachalaca10.wav,converted,32000,1,15.81646875,
Speckled Chachalaca_sound/Speckled Chachalaca11,D:\other\Bird\Dataset\CC0\Speckled Chachalaca_sound\Speckled Chachalaca11.mp3,D:\other\Bird\Code\data\kaggle_wav_cache\Speckled Chachalaca_sound\Speckled Chachalaca11.wav,converted,32000,1,15.81646875,
Speckled Chachalaca_sound/Speckled Chachalaca12,D:\other\Bird\Dataset\CC0\Speckled Chachalaca_sound\Speckled Chachalaca12.mp3,D:\other\Bird\Code\data\kaggle_wav_cache\Speckled Chachalaca_sound\Speckled Chachalaca12.wav,converted,32000,1,104.04,"[mp3 @ 000001a5d5565600] Estimating duration from bitrate, this may be inaccurate
"
Speckled Chachalaca_sound/Speckled Chachalaca13,D:\other\Bird\Dataset\CC0\Speckled Chachalaca_sound\Speckled Chachalaca13.mp3,D:\other\Bird\Code\data\kaggle_wav_cache\Speckled Chachalaca_sound\Speckled Chachalaca13.wav,converted,32000,1,104.04,"[mp3 @ 000001ee59b45600] Estimating duration from bitrate, this may be inaccurate
"
Speckled Chachalaca_sound/Speckled Chachalaca14,D:\other\Bird\Dataset\CC0\Speckled Chachalaca_sound\Speckled Chachalaca14.mp3,D:\other\Bird\Code\data\kaggle_wav_cache\Speckled Chachalaca_sound\Speckled Chachalaca14.wav,converted,32000,1,47.22534375,
Speckled Chachalaca_sound/Speckled Chachalaca15,D:\other\Bird\Dataset\CC0\Speckled Chachalaca_sound\Speckled Chachalaca15.mp3,D:\other\Bird\Code\data\kaggle_wav_cache\Speckled Chachalaca_sound\Speckled Chachalaca15.wav,converted,32000,1,47.22534375,
Speckled Chachalaca_sound/Speckled Chachalaca17,D:\other\Bird\Dataset\CC0\Speckled Chachalaca_sound\Speckled Chachalaca17.mp3,D:\other\Bird\Code\data\kaggle_wav_cache\Speckled Chachalaca_sound\Speckled Chachalaca17.wav,converted,32000,1,47.22534375,
Speckled Chachalaca_sound/Speckled Chachalaca16,D:\other\Bird\Dataset\CC0\Speckled Chachalaca_sound\Speckled Chachalaca16.mp3,D:\other\Bird\Code\data\kaggle_wav_cache\Speckled Chachalaca_sound\Speckled Chachalaca16.wav,converted,32000,1,47.22534375,
Speckled Chachalaca_sound/Speckled Chachalaca18,D:\other\Bird\Dataset\CC0\Speckled Chachalaca_sound\Speckled Chachalaca18.mp3,D:\other\Bird\Code\data\kaggle_wav_cache\Speckled Chachalaca_sound\Speckled Chachalaca18.wav,converted,32000,1,47.22534375,
Speckled Chachalaca_sound/Speckled Chachalaca19,D:\other\Bird\Dataset\CC0\Speckled Chachalaca_sound\Speckled Chachalaca19.mp3,D:\other\Bird\Code\data\kaggle_wav_cache\Speckled Chachalaca_sound\Speckled Chachalaca19.wav,converted,32000,1,47.22534375,
Speckled Chachalaca_sound/Speckled Chachalaca20,D:\other\Bird\Dataset\CC0\Speckled Chachalaca_sound\Speckled Chachalaca20.mp3,D:\other\Bird\Code\data\kaggle_wav_cache\Speckled Chachalaca_sound\Speckled Chachalaca20.wav,converted,32000,1,47.22534375,
Speckled Chachalaca_sound/Speckled Chachalaca2,D:\other\Bird\Dataset\CC0\Speckled Chachalaca_sound\Speckled Chachalaca2.mp3,D:\other\Bird\Code\data\kaggle_wav_cache\Speckled Chachalaca_sound\Speckled Chachalaca2.wav,converted,32000,1,150.907625,
Speckled Chachalaca_sound/Speckled Chachalaca21,D:\other\Bird\Dataset\CC0\Speckled Chachalaca_sound\Speckled Chachalaca21.mp3,D:\other\Bird\Code\data\kaggle_wav_cache\Speckled Chachalaca_sound\Speckled Chachalaca21.wav,converted,32000,1,47.22534375,
Speckled Chachalaca_sound/Speckled Chachalaca22,D:\other\Bird\Dataset\CC0\Speckled Chachalaca_sound\Speckled Chachalaca22.mp3,D:\other\Bird\Code\data\kaggle_wav_cache\Speckled Chachalaca_sound\Speckled Chachalaca22.wav,converted,32000,1,47.22534375,
Speckled Chachalaca_sound/Speckled Chachalaca23,D:\other\Bird\Dataset\CC0\Speckled Chachalaca_sound\Speckled Chachalaca23.mp3,D:\other\Bird\Code\data\kaggle_wav_cache\Speckled Chachalaca_sound\Speckled Chachalaca23.wav,converted,32000,1,47.22534375,
Speckled Chachalaca_sound/Speckled Chachalaca24,D:\other\Bird\Dataset\CC0\Speckled Chachalaca_sound\Speckled Chachalaca24.mp3,D:\other\Bird\Code\data\kaggle_wav_cache\Speckled Chachalaca_sound\Speckled Chachalaca24.wav,converted,32000,1,117.969,"[mp3 @ 000001c936495600] Estimating duration from bitrate, this may be inaccurate
"
Speckled Chachalaca_sound/Speckled Chachalaca25,D:\other\Bird\Dataset\CC0\Speckled Chachalaca_sound\Speckled Chachalaca25.mp3,D:\other\Bird\Code\data\kaggle_wav_cache\Speckled Chachalaca_sound\Speckled Chachalaca25.wav,converted,32000,1,117.969,"[mp3 @ 000001bed94f5600] Estimating duration from bitrate, this may be inaccurate
"
Speckled Chachalaca_sound/Speckled Chachalaca26,D:\other\Bird\Dataset\CC0\Speckled Chachalaca_sound\Speckled Chachalaca26.mp3,D:\other\Bird\Code\data\kaggle_wav_cache\Speckled Chachalaca_sound\Speckled Chachalaca26.wav,converted,32000,1,117.969,"[mp3 @ 000001200aa85600] Estimating duration from bitrate, this may be inaccurate
"
Speckled Chachalaca_sound/Speckled Chachalaca27,D:\other\Bird\Dataset\CC0\Speckled Chachalaca_sound\Speckled Chachalaca27.mp3,D:\other\Bird\Code\data\kaggle_wav_cache\Speckled Chachalaca_sound\Speckled Chachalaca27.wav,converted,32000,1,117.969,"[mp3 @ 0000017ac4d85600] Estimating duration from bitrate, this may be inaccurate
"
Speckled Chachalaca_sound/Speckled Chachalaca29,D:\other\Bird\Dataset\CC0\Speckled Chachalaca_sound\Speckled Chachalaca29.mp3,D:\other\Bird\Code\data\kaggle_wav_cache\Speckled Chachalaca_sound\Speckled Chachalaca29.wav,converted,32000,1,20.7935,"[mp3 @ 000002875b8e5600] Estimating duration from bitrate, this may be inaccurate
"
Speckled Chachalaca_sound/Speckled Chachalaca28,D:\other\Bird\Dataset\CC0\Speckled Chachalaca_sound\Speckled Chachalaca28.mp3,D:\other\Bird\Code\data\kaggle_wav_cache\Speckled Chachalaca_sound\Speckled Chachalaca28.wav,converted,32000,1,117.969,"[mp3 @ 0000019dc4875600] Estimating duration from bitrate, this may be inaccurate
"
Speckled Chachalaca_sound/Speckled Chachalaca30,D:\other\Bird\Dataset\CC0\Speckled Chachalaca_sound\Speckled Chachalaca30.mp3,D:\other\Bird\Code\data\kaggle_wav_cache\Speckled Chachalaca_sound\Speckled Chachalaca30.wav,converted,32000,1,19.9575625,"[mp3 @ 0000027fe6765600] Estimating duration from bitrate, this may be inaccurate
"
Speckled Chachalaca_sound/Speckled Chachalaca31,D:\other\Bird\Dataset\CC0\Speckled Chachalaca_sound\Speckled Chachalaca31.mp3,D:\other\Bird\Code\data\kaggle_wav_cache\Speckled Chachalaca_sound\Speckled Chachalaca31.wav,converted,32000,1,27.7943125,"[mp3 @ 00000227f6005600] Estimating duration from bitrate, this may be inaccurate
"
Speckled Chachalaca_sound/Speckled Chachalaca3,D:\other\Bird\Dataset\CC0\Speckled Chachalaca_sound\Speckled Chachalaca3.mp3,D:\other\Bird\Code\data\kaggle_wav_cache\Speckled Chachalaca_sound\Speckled Chachalaca3.wav,converted,32000,1,150.907625,
Speckled Chachalaca_sound/Speckled Chachalaca4,D:\other\Bird\Dataset\CC0\Speckled Chachalaca_sound\Speckled Chachalaca4.mp3,D:\other\Bird\Code\data\kaggle_wav_cache\Speckled Chachalaca_sound\Speckled Chachalaca4.wav,converted,32000,1,150.907625,
Speckled Chachalaca_sound/Speckled Chachalaca5,D:\other\Bird\Dataset\CC0\Speckled Chachalaca_sound\Speckled Chachalaca5.mp3,D:\other\Bird\Code\data\kaggle_wav_cache\Speckled Chachalaca_sound\Speckled Chachalaca5.wav,converted,32000,1,150.907625,
Speckled Chachalaca_sound/Speckled Chachalaca6,D:\other\Bird\Dataset\CC0\Speckled Chachalaca_sound\Speckled Chachalaca6.mp3,D:\other\Bird\Code\data\kaggle_wav_cache\Speckled Chachalaca_sound\Speckled Chachalaca6.wav,converted,32000,1,5.508,"[mp3 @ 000002342e2b5600] Estimating duration from bitrate, this may be inaccurate
"
Speckled Chachalaca_sound/Speckled Chachalaca7,D:\other\Bird\Dataset\CC0\Speckled Chachalaca_sound\Speckled Chachalaca7.mp3,D:\other\Bird\Code\data\kaggle_wav_cache\Speckled Chachalaca_sound\Speckled Chachalaca7.wav,converted,32000,1,36.6498125,
Speckled Chachalaca_sound/Speckled Chachalaca8,D:\other\Bird\Dataset\CC0\Speckled Chachalaca_sound\Speckled Chachalaca8.mp3,D:\other\Bird\Code\data\kaggle_wav_cache\Speckled Chachalaca_sound\Speckled Chachalaca8.wav,converted,32000,1,36.6498125,
Speckled Chachalaca_sound/Speckled Chachalaca9,D:\other\Bird\Dataset\CC0\Speckled Chachalaca_sound\Speckled Chachalaca9.mp3,D:\other\Bird\Code\data\kaggle_wav_cache\Speckled Chachalaca_sound\Speckled Chachalaca9.wav,converted,32000,1,15.81646875,
Spixs Guan_sound/Spixs Guan10,D:\other\Bird\Dataset\CC0\Spixs Guan_sound\Spixs Guan10.mp3,D:\other\Bird\Code\data\kaggle_wav_cache\Spixs Guan_sound\Spixs Guan10.wav,converted,32000,1,25.5,
Spixs Guan_sound/Spixs Guan12,D:\other\Bird\Dataset\CC0\Spixs Guan_sound\Spixs Guan12.mp3,D:\other\Bird\Code\data\kaggle_wav_cache\Spixs Guan_sound\Spixs Guan12.wav,converted,32000,1,12.096,"[mp3 @ 0000018b3a4b55c0] Estimating duration from bitrate, this may be inaccurate
"
Spixs Guan_sound/Spixs Guan11,D:\other\Bird\Dataset\CC0\Spixs Guan_sound\Spixs Guan11.mp3,D:\other\Bird\Code\data\kaggle_wav_cache\Spixs Guan_sound\Spixs Guan11.wav,converted,32000,1,168.986125,"[mp3 @ 000001fd667155c0] Estimating duration from bitrate, this may be inaccurate
"
Spixs Guan_sound/Spixs Guan13,D:\other\Bird\Dataset\CC0\Spixs Guan_sound\Spixs Guan13.mp3,D:\other\Bird\Code\data\kaggle_wav_cache\Spixs Guan_sound\Spixs Guan13.wav,converted,32000,1,23.30125,"[mp3 @ 0000022c82f655c0] Estimating duration from bitrate, this may be inaccurate
"
Spixs Guan_sound/Spixs Guan14,D:\other\Bird\Dataset\CC0\Spixs Guan_sound\Spixs Guan14.mp3,D:\other\Bird\Code\data\kaggle_wav_cache\Spixs Guan_sound\Spixs Guan14.wav,converted,32000,1,37.407375,"[mp3 @ 0000027bb46255c0] Estimating duration from bitrate, this may be inaccurate
"
Spixs Guan_sound/Spixs Guan15,D:\other\Bird\Dataset\CC0\Spixs Guan_sound\Spixs Guan15.mp3,D:\other\Bird\Code\data\kaggle_wav_cache\Spixs Guan_sound\Spixs Guan15.wav,converted,32000,1,24.450625,"[mp3 @ 0000016c2a8e55c0] Estimating duration from bitrate, this may be inaccurate
"
Spixs Guan_sound/Spixs Guan16,D:\other\Bird\Dataset\CC0\Spixs Guan_sound\Spixs Guan16.mp3,D:\other\Bird\Code\data\kaggle_wav_cache\Spixs Guan_sound\Spixs Guan16.wav,converted,32000,1,31.89553125,"[mp3 @ 0000027b68fe55c0] Estimating duration from bitrate, this may be inaccurate
"
Spixs Guan_sound/Spixs Guan17,D:\other\Bird\Dataset\CC0\Spixs Guan_sound\Spixs Guan17.mp3,D:\other\Bird\Code\data\kaggle_wav_cache\Spixs Guan_sound\Spixs Guan17.wav,converted,32000,1,29.675125,"[mp3 @ 0000014aa74155c0] Estimating duration from bitrate, this may be inaccurate
"
Spixs Guan_sound/Spixs Guan18,D:\other\Bird\Dataset\CC0\Spixs Guan_sound\Spixs Guan18.mp3,D:\other\Bird\Code\data\kaggle_wav_cache\Spixs Guan_sound\Spixs Guan18.wav,converted,32000,1,48.89728125,
Spixs Guan_sound/Spixs Guan2,D:\other\Bird\Dataset\CC0\Spixs Guan_sound\Spixs Guan2.mp3,D:\other\Bird\Code\data\kaggle_wav_cache\Spixs Guan_sound\Spixs Guan2.wav,converted,32000,1,11.628,"[mp3 @ 00000134441c55c0] Estimating duration from bitrate, this may be inaccurate
"
Spixs Guan_sound/Spixs Guan19,D:\other\Bird\Dataset\CC0\Spixs Guan_sound\Spixs Guan19.mp3,D:\other\Bird\Code\data\kaggle_wav_cache\Spixs Guan_sound\Spixs Guan19.wav,converted,32000,1,144.816,"[mp3 @ 000001f3d71a55c0] Estimating duration from bitrate, this may be inaccurate
"
Spixs Guan_sound/Spixs Guan20,D:\other\Bird\Dataset\CC0\Spixs Guan_sound\Spixs Guan20.mp3,D:\other\Bird\Code\data\kaggle_wav_cache\Spixs Guan_sound\Spixs Guan20.wav,converted,32000,1,56.3866875,
Spixs Guan_sound/Spixs Guan21,D:\other\Bird\Dataset\CC0\Spixs Guan_sound\Spixs Guan21.mp3,D:\other\Bird\Code\data\kaggle_wav_cache\Spixs Guan_sound\Spixs Guan21.wav,converted,32000,1,56.3866875,
Spixs Guan_sound/Spixs Guan23,D:\other\Bird\Dataset\CC0\Spixs Guan_sound\Spixs Guan23.mp3,D:\other\Bird\Code\data\kaggle_wav_cache\Spixs Guan_sound\Spixs Guan23.wav,converted,32000,1,26.27825,
Spixs Guan_sound/Spixs Guan22,D:\other\Bird\Dataset\CC0\Spixs Guan_sound\Spixs Guan22.mp3,D:\other\Bird\Code\data\kaggle_wav_cache\Spixs Guan_sound\Spixs Guan22.wav,converted,32000,1,56.3866875,
Spixs Guan_sound/Spixs Guan24,D:\other\Bird\Dataset\CC0\Spixs Guan_sound\Spixs Guan24.mp3,D:\other\Bird\Code\data\kaggle_wav_cache\Spixs Guan_sound\Spixs Guan24.wav,converted,32000,1,32.026125,"[mp3 @ 000001927f4055c0] Estimating duration from bitrate, this may be inaccurate
"
Spixs Guan_sound/Spixs Guan25,D:\other\Bird\Dataset\CC0\Spixs Guan_sound\Spixs Guan25.mp3,D:\other\Bird\Code\data\kaggle_wav_cache\Spixs Guan_sound\Spixs Guan25.wav,converted,32000,1,54.25634375,"[mp3 @ 0000018178a855c0] Estimating duration from bitrate, this may be inaccurate
"
Spixs Guan_sound/Spixs Guan26,D:\other\Bird\Dataset\CC0\Spixs Guan_sound\Spixs Guan26.mp3,D:\other\Bird\Code\data\kaggle_wav_cache\Spixs Guan_sound\Spixs Guan26.wav,converted,32000,1,50.44246875,"[mp3 @ 00000276594b55c0] Estimating duration from bitrate, this may be inaccurate
"
Spixs Guan_sound/Spixs Guan27,D:\other\Bird\Dataset\CC0\Spixs Guan_sound\Spixs Guan27.mp3,D:\other\Bird\Code\data\kaggle_wav_cache\Spixs Guan_sound\Spixs Guan27.wav,converted,32000,1,11.449,
Spixs Guan_sound/Spixs Guan29,D:\other\Bird\Dataset\CC0\Spixs Guan_sound\Spixs Guan29.mp3,D:\other\Bird\Code\data\kaggle_wav_cache\Spixs Guan_sound\Spixs Guan29.wav,converted,32000,1,10.9699375,
Spixs Guan_sound/Spixs Guan28,D:\other\Bird\Dataset\CC0\Spixs Guan_sound\Spixs Guan28.mp3,D:\other\Bird\Code\data\kaggle_wav_cache\Spixs Guan_sound\Spixs Guan28.wav,converted,32000,1,43.1298125,
Spixs Guan_sound/Spixs Guan3,D:\other\Bird\Dataset\CC0\Spixs Guan_sound\Spixs Guan3.mp3,D:\other\Bird\Code\data\kaggle_wav_cache\Spixs Guan_sound\Spixs Guan3.wav,converted,32000,1,11.628,"[mp3 @ 000002148b2f55c0] Estimating duration from bitrate, this may be inaccurate
"
Spixs Guan_sound/Spixs Guan30,D:\other\Bird\Dataset\CC0\Spixs Guan_sound\Spixs Guan30.mp3,D:\other\Bird\Code\data\kaggle_wav_cache\Spixs Guan_sound\Spixs Guan30.wav,converted,32000,1,16.7198125,
Spixs Guan_sound/Spixs Guan4,D:\other\Bird\Dataset\CC0\Spixs Guan_sound\Spixs Guan4.mp3,D:\other\Bird\Code\data\kaggle_wav_cache\Spixs Guan_sound\Spixs Guan4.wav,converted,32000,1,11.628,"[mp3 @ 000001bbc8f855c0] Estimating duration from bitrate, this may be inaccurate
"
Spixs Guan_sound/Spixs Guan31,D:\other\Bird\Dataset\CC0\Spixs Guan_sound\Spixs Guan31.mp3,D:\other\Bird\Code\data\kaggle_wav_cache\Spixs Guan_sound\Spixs Guan31.wav,converted,32000,1,33.8088125,
Spixs Guan_sound/Spixs Guan5,D:\other\Bird\Dataset\CC0\Spixs Guan_sound\Spixs Guan5.mp3,D:\other\Bird\Code\data\kaggle_wav_cache\Spixs Guan_sound\Spixs Guan5.wav,converted,32000,1,14.72590625,
Spixs Guan_sound/Spixs Guan6,D:\other\Bird\Dataset\CC0\Spixs Guan_sound\Spixs Guan6.mp3,D:\other\Bird\Code\data\kaggle_wav_cache\Spixs Guan_sound\Spixs Guan6.wav,converted,32000,1,16.4160625,
Spixs Guan_sound/Spixs Guan7,D:\other\Bird\Dataset\CC0\Spixs Guan_sound\Spixs Guan7.mp3,D:\other\Bird\Code\data\kaggle_wav_cache\Spixs Guan_sound\Spixs Guan7.wav,converted,32000,1,16.4160625,
Spixs Guan_sound/Spixs Guan8,D:\other\Bird\Dataset\CC0\Spixs Guan_sound\Spixs Guan8.mp3,D:\other\Bird\Code\data\kaggle_wav_cache\Spixs Guan_sound\Spixs Guan8.wav,converted,32000,1,66.696,"[mp3 @ 0000018a1e8455c0] Estimating duration from bitrate, this may be inaccurate
"
Spotted Nothura_sound/Spotted Nothura10,D:\other\Bird\Dataset\CC0\Spotted Nothura_sound\Spotted Nothura10.mp3,D:\other\Bird\Code\data\kaggle_wav_cache\Spotted Nothura_sound\Spotted Nothura10.wav,converted,32000,1,29.887,
Spixs Guan_sound/Spixs Guan9,D:\other\Bird\Dataset\CC0\Spixs Guan_sound\Spixs Guan9.mp3,D:\other\Bird\Code\data\kaggle_wav_cache\Spixs Guan_sound\Spixs Guan9.wav,converted,32000,1,66.696,"[mp3 @ 000001dfc14655c0] Estimating duration from bitrate, this may be inaccurate
"
Spotted Nothura_sound/Spotted Nothura11,D:\other\Bird\Dataset\CC0\Spotted Nothura_sound\Spotted Nothura11.mp3,D:\other\Bird\Code\data\kaggle_wav_cache\Spotted Nothura_sound\Spotted Nothura11.wav,converted,32000,1,29.887,
Spotted Nothura_sound/Spotted Nothura12,D:\other\Bird\Dataset\CC0\Spotted Nothura_sound\Spotted Nothura12.mp3,D:\other\Bird\Code\data\kaggle_wav_cache\Spotted Nothura_sound\Spotted Nothura12.wav,converted,32000,1,29.887,
Spotted Nothura_sound/Spotted Nothura13,D:\other\Bird\Dataset\CC0\Spotted Nothura_sound\Spotted Nothura13.mp3,D:\other\Bird\Code\data\kaggle_wav_cache\Spotted Nothura_sound\Spotted Nothura13.wav,converted,32000,1,29.887,
Spotted Nothura_sound/Spotted Nothura14,D:\other\Bird\Dataset\CC0\Spotted Nothura_sound\Spotted Nothura14.mp3,D:\other\Bird\Code\data\kaggle_wav_cache\Spotted Nothura_sound\Spotted Nothura14.wav,converted,32000,1,29.887,
Spotted Nothura_sound/Spotted Nothura16,D:\other\Bird\Dataset\CC0\Spotted Nothura_sound\Spotted Nothura16.mp3,D:\other\Bird\Code\data\kaggle_wav_cache\Spotted Nothura_sound\Spotted Nothura16.wav,converted,32000,1,10.05821875,
Spotted Nothura_sound/Spotted Nothura15,D:\other\Bird\Dataset\CC0\Spotted Nothura_sound\Spotted Nothura15.mp3,D:\other\Bird\Code\data\kaggle_wav_cache\Spotted Nothura_sound\Spotted Nothura15.wav,converted,32000,1,29.887,
Spotted Nothura_sound/Spotted Nothura18,D:\other\Bird\Dataset\CC0\Spotted Nothura_sound\Spotted Nothura18.mp3,D:\other\Bird\Code\data\kaggle_wav_cache\Spotted Nothura_sound\Spotted Nothura18.wav,converted,32000,1,4.14221875,
Spotted Nothura_sound/Spotted Nothura17,D:\other\Bird\Dataset\CC0\Spotted Nothura_sound\Spotted Nothura17.mp3,D:\other\Bird\Code\data\kaggle_wav_cache\Spotted Nothura_sound\Spotted Nothura17.wav,converted,32000,1,10.05821875,
Spotted Nothura_sound/Spotted Nothura19,D:\other\Bird\Dataset\CC0\Spotted Nothura_sound\Spotted Nothura19.mp3,D:\other\Bird\Code\data\kaggle_wav_cache\Spotted Nothura_sound\Spotted Nothura19.wav,converted,32000,1,18.43659375,
Spotted Nothura_sound/Spotted Nothura2,D:\other\Bird\Dataset\CC0\Spotted Nothura_sound\Spotted Nothura2.mp3,D:\other\Bird\Code\data\kaggle_wav_cache\Spotted Nothura_sound\Spotted Nothura2.wav,converted,32000,1,54.83103125,"[mp3 @ 0000023ac51655c0] Estimating duration from bitrate, this may be inaccurate
"
Spotted Nothura_sound/Spotted Nothura20,D:\other\Bird\Dataset\CC0\Spotted Nothura_sound\Spotted Nothura20.mp3,D:\other\Bird\Code\data\kaggle_wav_cache\Spotted Nothura_sound\Spotted Nothura20.wav,converted,32000,1,18.43659375,
Spotted Nothura_sound/Spotted Nothura21,D:\other\Bird\Dataset\CC0\Spotted Nothura_sound\Spotted Nothura21.mp3,D:\other\Bird\Code\data\kaggle_wav_cache\Spotted Nothura_sound\Spotted Nothura21.wav,converted,32000,1,18.43659375,
Spotted Nothura_sound/Spotted Nothura22,D:\other\Bird\Dataset\CC0\Spotted Nothura_sound\Spotted Nothura22.mp3,D:\other\Bird\Code\data\kaggle_wav_cache\Spotted Nothura_sound\Spotted Nothura22.wav,converted,32000,1,18.43659375,
Spotted Nothura_sound/Spotted Nothura23,D:\other\Bird\Dataset\CC0\Spotted Nothura_sound\Spotted Nothura23.mp3,D:\other\Bird\Code\data\kaggle_wav_cache\Spotted Nothura_sound\Spotted Nothura23.wav,converted,32000,1,18.43659375,
Spotted Nothura_sound/Spotted Nothura24,D:\other\Bird\Dataset\CC0\Spotted Nothura_sound\Spotted Nothura24.mp3,D:\other\Bird\Code\data\kaggle_wav_cache\Spotted Nothura_sound\Spotted Nothura24.wav,converted,32000,1,30.408,"[mp3 @ 000002031a075640] Estimating duration from bitrate, this may be inaccurate
"
Spotted Nothura_sound/Spotted Nothura25,D:\other\Bird\Dataset\CC0\Spotted Nothura_sound\Spotted Nothura25.mp3,D:\other\Bird\Code\data\kaggle_wav_cache\Spotted Nothura_sound\Spotted Nothura25.wav,converted,32000,1,30.408,"[mp3 @ 000001dd7b8f5640] Estimating duration from bitrate, this may be inaccurate
"
Spotted Nothura_sound/Spotted Nothura26,D:\other\Bird\Dataset\CC0\Spotted Nothura_sound\Spotted Nothura26.mp3,D:\other\Bird\Code\data\kaggle_wav_cache\Spotted Nothura_sound\Spotted Nothura26.wav,converted,32000,1,27.45471875,"[mp3 @ 00000295d9aa5640] Estimating duration from bitrate, this may be inaccurate
"
Spotted Nothura_sound/Spotted Nothura27,D:\other\Bird\Dataset\CC0\Spotted Nothura_sound\Spotted Nothura27.mp3,D:\other\Bird\Code\data\kaggle_wav_cache\Spotted Nothura_sound\Spotted Nothura27.wav,converted,32000,1,10.77409375,
Spotted Nothura_sound/Spotted Nothura28,D:\other\Bird\Dataset\CC0\Spotted Nothura_sound\Spotted Nothura28.mp3,D:\other\Bird\Code\data\kaggle_wav_cache\Spotted Nothura_sound\Spotted Nothura28.wav,converted,32000,1,188.342875,"[mp3 @ 000001d769925640] Estimating duration from bitrate, this may be inaccurate
"
Spotted Nothura_sound/Spotted Nothura29,D:\other\Bird\Dataset\CC0\Spotted Nothura_sound\Spotted Nothura29.mp3,D:\other\Bird\Code\data\kaggle_wav_cache\Spotted Nothura_sound\Spotted Nothura29.wav,converted,32000,1,188.342875,"[mp3 @ 000001ea9efe5640] Estimating duration from bitrate, this may be inaccurate
"
Spotted Nothura_sound/Spotted Nothura3,D:\other\Bird\Dataset\CC0\Spotted Nothura_sound\Spotted Nothura3.mp3,D:\other\Bird\Code\data\kaggle_wav_cache\Spotted Nothura_sound\Spotted Nothura3.wav,converted,32000,1,12.132,"[mp3 @ 0000022194bf55c0] Estimating duration from bitrate, this may be inaccurate
"
Spotted Nothura_sound/Spotted Nothura30,D:\other\Bird\Dataset\CC0\Spotted Nothura_sound\Spotted Nothura30.mp3,D:\other\Bird\Code\data\kaggle_wav_cache\Spotted Nothura_sound\Spotted Nothura30.wav,converted,32000,1,188.342875,"[mp3 @ 000001731a375640] Estimating duration from bitrate, this may be inaccurate
"
Spotted Nothura_sound/Spotted Nothura31,D:\other\Bird\Dataset\CC0\Spotted Nothura_sound\Spotted Nothura31.mp3,D:\other\Bird\Code\data\kaggle_wav_cache\Spotted Nothura_sound\Spotted Nothura31.wav,converted,32000,1,188.342875,"[mp3 @ 00000283213b5640] Estimating duration from bitrate, this may be inaccurate
"
Spotted Nothura_sound/Spotted Nothura4,D:\other\Bird\Dataset\CC0\Spotted Nothura_sound\Spotted Nothura4.mp3,D:\other\Bird\Code\data\kaggle_wav_cache\Spotted Nothura_sound\Spotted Nothura4.wav,converted,32000,1,12.132,"[mp3 @ 000001bdaa4855c0] Estimating duration from bitrate, this may be inaccurate
"
Spotted Nothura_sound/Spotted Nothura5,D:\other\Bird\Dataset\CC0\Spotted Nothura_sound\Spotted Nothura5.mp3,D:\other\Bird\Code\data\kaggle_wav_cache\Spotted Nothura_sound\Spotted Nothura5.wav,converted,32000,1,18.23,
Spotted Nothura_sound/Spotted Nothura6,D:\other\Bird\Dataset\CC0\Spotted Nothura_sound\Spotted Nothura6.mp3,D:\other\Bird\Code\data\kaggle_wav_cache\Spotted Nothura_sound\Spotted Nothura6.wav,converted,32000,1,18.23,
Spotted Nothura_sound/Spotted Nothura7,D:\other\Bird\Dataset\CC0\Spotted Nothura_sound\Spotted Nothura7.mp3,D:\other\Bird\Code\data\kaggle_wav_cache\Spotted Nothura_sound\Spotted Nothura7.wav,converted,32000,1,20.37134375,
Spotted Nothura_sound/Spotted Nothura8,D:\other\Bird\Dataset\CC0\Spotted Nothura_sound\Spotted Nothura8.mp3,D:\other\Bird\Code\data\kaggle_wav_cache\Spotted Nothura_sound\Spotted Nothura8.wav,converted,32000,1,20.37134375,
Spotted Nothura_sound/Spotted Nothura9,D:\other\Bird\Dataset\CC0\Spotted Nothura_sound\Spotted Nothura9.mp3,D:\other\Bird\Code\data\kaggle_wav_cache\Spotted Nothura_sound\Spotted Nothura9.wav,converted,32000,1,29.887,
Sula Megapode_sound/Sula Megapode3,D:\other\Bird\Dataset\CC0\Sula Megapode_sound\Sula Megapode3.mp3,D:\other\Bird\Code\data\kaggle_wav_cache\Sula Megapode_sound\Sula Megapode3.wav,converted,32000,1,7.1575625,"[mp3 @ 00000270181355c0] Estimating duration from bitrate, this may be inaccurate
"
Sula Megapode_sound/Sula Megapode2,D:\other\Bird\Dataset\CC0\Sula Megapode_sound\Sula Megapode2.mp3,D:\other\Bird\Code\data\kaggle_wav_cache\Sula Megapode_sound\Sula Megapode2.wav,converted,32000,1,90.912,"[mp3 @ 00000285031455c0] Estimating duration from bitrate, this may be inaccurate
"
Sula Megapode_sound/Sula Megapode4,D:\other\Bird\Dataset\CC0\Sula Megapode_sound\Sula Megapode4.mp3,D:\other\Bird\Code\data\kaggle_wav_cache\Sula Megapode_sound\Sula Megapode4.wav,converted,32000,1,8.80328125,"[mp3 @ 0000024b3e8255c0] Estimating duration from bitrate, this may be inaccurate
"
Sula Megapode_sound/Sula Megapode5,D:\other\Bird\Dataset\CC0\Sula Megapode_sound\Sula Megapode5.mp3,D:\other\Bird\Code\data\kaggle_wav_cache\Sula Megapode_sound\Sula Megapode5.wav,converted,32000,1,57.887375,"[mp3 @ 000001d039a955c0] Estimating duration from bitrate, this may be inaccurate
"
Sula Megapode_sound/Sula Megapode6,D:\other\Bird\Dataset\CC0\Sula Megapode_sound\Sula Megapode6.mp3,D:\other\Bird\Code\data\kaggle_wav_cache\Sula Megapode_sound\Sula Megapode6.wav,converted,32000,1,26.80165625,"[mp3 @ 000001cf733655c0] Estimating duration from bitrate, this may be inaccurate
"
Taczanowskis Tinamou_sound/Taczanowskis Tinamou2,D:\other\Bird\Dataset\CC0\Taczanowskis Tinamou_sound\Taczanowskis Tinamou2.mp3,D:\other\Bird\Code\data\kaggle_wav_cache\Taczanowskis Tinamou_sound\Taczanowskis Tinamou2.wav,converted,32000,1,11.46778125,"[mp3 @ 000001e73bb25600] Estimating duration from bitrate, this may be inaccurate
"
Taczanowskis Tinamou_sound/Taczanowskis Tinamou3,D:\other\Bird\Dataset\CC0\Taczanowskis Tinamou_sound\Taczanowskis Tinamou3.mp3,D:\other\Bird\Code\data\kaggle_wav_cache\Taczanowskis Tinamou_sound\Taczanowskis Tinamou3.wav,converted,32000,1,59.97715625,"[mp3 @ 000001b06cb55600] Estimating duration from bitrate, this may be inaccurate
"
Taczanowskis Tinamou_sound/Taczanowskis Tinamou4,D:\other\Bird\Dataset\CC0\Taczanowskis Tinamou_sound\Taczanowskis Tinamou4.mp3,D:\other\Bird\Code\data\kaggle_wav_cache\Taczanowskis Tinamou_sound\Taczanowskis Tinamou4.wav,converted,32000,1,31.29471875,"[mp3 @ 0000027e95515600] Estimating duration from bitrate, this may be inaccurate
"
Taczanowskis Tinamou_sound/Taczanowskis Tinamou5,D:\other\Bird\Dataset\CC0\Taczanowskis Tinamou_sound\Taczanowskis Tinamou5.mp3,D:\other\Bird\Code\data\kaggle_wav_cache\Taczanowskis Tinamou_sound\Taczanowskis Tinamou5.wav,converted,32000,1,1.056,"[mp3 @ 000001f169395600] Estimating duration from bitrate, this may be inaccurate
"
Taczanowskis Tinamou_sound/Taczanowskis Tinamou6,D:\other\Bird\Dataset\CC0\Taczanowskis Tinamou_sound\Taczanowskis Tinamou6.mp3,D:\other\Bird\Code\data\kaggle_wav_cache\Taczanowskis Tinamou_sound\Taczanowskis Tinamou6.wav,converted,32000,1,1.056,"[mp3 @ 0000026c75105600] Estimating duration from bitrate, this may be inaccurate
"
Taczanowskis Tinamou_sound/Taczanowskis Tinamou7,D:\other\Bird\Dataset\CC0\Taczanowskis Tinamou_sound\Taczanowskis Tinamou7.mp3,D:\other\Bird\Code\data\kaggle_wav_cache\Taczanowskis Tinamou_sound\Taczanowskis Tinamou7.wav,converted,32000,1,10.29225,"[mp3 @ 000001a2070d5600] Estimating duration from bitrate, this may be inaccurate
"
Taczanowskis Tinamou_sound/Taczanowskis Tinamou8,D:\other\Bird\Dataset\CC0\Taczanowskis Tinamou_sound\Taczanowskis Tinamou8.mp3,D:\other\Bird\Code\data\kaggle_wav_cache\Taczanowskis Tinamou_sound\Taczanowskis Tinamou8.wav,converted,32000,1,50.155125,"[mp3 @ 0000021809bb5600] Estimating duration from bitrate, this may be inaccurate
"
Tanimbar Megapode_sound/Tanimbar Megapode2,D:\other\Bird\Dataset\CC0\Tanimbar Megapode_sound\Tanimbar Megapode2.mp3,D:\other\Bird\Code\data\kaggle_wav_cache\Tanimbar Megapode_sound\Tanimbar Megapode2.wav,converted,32000,1,26.80165625,"[mp3 @ 000002108abd5600] Estimating duration from bitrate, this may be inaccurate
"
Tataupa Tinamou_sound/Tataupa Tinamou10,D:\other\Bird\Dataset\CC0\Tataupa Tinamou_sound\Tataupa Tinamou10.mp3,D:\other\Bird\Code\data\kaggle_wav_cache\Tataupa Tinamou_sound\Tataupa Tinamou10.wav,converted,32000,1,20.01815625,
Tataupa Tinamou_sound/Tataupa Tinamou11,D:\other\Bird\Dataset\CC0\Tataupa Tinamou_sound\Tataupa Tinamou11.mp3,D:\other\Bird\Code\data\kaggle_wav_cache\Tataupa Tinamou_sound\Tataupa Tinamou11.wav,converted,32000,1,20.01815625,
Tataupa Tinamou_sound/Tataupa Tinamou12,D:\other\Bird\Dataset\CC0\Tataupa Tinamou_sound\Tataupa Tinamou12.mp3,D:\other\Bird\Code\data\kaggle_wav_cache\Tataupa Tinamou_sound\Tataupa Tinamou12.wav,converted,32000,1,20.01815625,
Tataupa Tinamou_sound/Tataupa Tinamou13,D:\other\Bird\Dataset\CC0\Tataupa Tinamou_sound\Tataupa Tinamou13.mp3,D:\other\Bird\Code\data\kaggle_wav_cache\Tataupa Tinamou_sound\Tataupa Tinamou13.wav,converted,32000,1,20.01815625,
Tataupa Tinamou_sound/Tataupa Tinamou14,D:\other\Bird\Dataset\CC0\Tataupa Tinamou_sound\Tataupa Tinamou14.mp3,D:\other\Bird\Code\data\kaggle_wav_cache\Tataupa Tinamou_sound\Tataupa Tinamou14.wav,converted,32000,1,20.01815625,
Tataupa Tinamou_sound/Tataupa Tinamou15,D:\other\Bird\Dataset\CC0\Tataupa Tinamou_sound\Tataupa Tinamou15.mp3,D:\other\Bird\Code\data\kaggle_wav_cache\Tataupa Tinamou_sound\Tataupa Tinamou15.wav,converted,32000,1,20.023,
Tataupa Tinamou_sound/Tataupa Tinamou16,D:\other\Bird\Dataset\CC0\Tataupa Tinamou_sound\Tataupa Tinamou16.mp3,D:\other\Bird\Code\data\kaggle_wav_cache\Tataupa Tinamou_sound\Tataupa Tinamou16.wav,converted,32000,1,20.023,
Tataupa Tinamou_sound/Tataupa Tinamou17,D:\other\Bird\Dataset\CC0\Tataupa Tinamou_sound\Tataupa Tinamou17.mp3,D:\other\Bird\Code\data\kaggle_wav_cache\Tataupa Tinamou_sound\Tataupa Tinamou17.wav,converted,32000,1,20.023,
Tataupa Tinamou_sound/Tataupa Tinamou18,D:\other\Bird\Dataset\CC0\Tataupa Tinamou_sound\Tataupa Tinamou18.mp3,D:\other\Bird\Code\data\kaggle_wav_cache\Tataupa Tinamou_sound\Tataupa Tinamou18.wav,converted,32000,1,20.023,
Tataupa Tinamou_sound/Tataupa Tinamou19,D:\other\Bird\Dataset\CC0\Tataupa Tinamou_sound\Tataupa Tinamou19.mp3,D:\other\Bird\Code\data\kaggle_wav_cache\Tataupa Tinamou_sound\Tataupa Tinamou19.wav,converted,32000,1,20.023,
Tataupa Tinamou_sound/Tataupa Tinamou2,D:\other\Bird\Dataset\CC0\Tataupa Tinamou_sound\Tataupa Tinamou2.mp3,D:\other\Bird\Code\data\kaggle_wav_cache\Tataupa Tinamou_sound\Tataupa Tinamou2.wav,converted,32000,1,33.50640625,
Tataupa Tinamou_sound/Tataupa Tinamou20,D:\other\Bird\Dataset\CC0\Tataupa Tinamou_sound\Tataupa Tinamou20.mp3,D:\other\Bird\Code\data\kaggle_wav_cache\Tataupa Tinamou_sound\Tataupa Tinamou20.wav,converted,32000,1,13.288375,
Tataupa Tinamou_sound/Tataupa Tinamou21,D:\other\Bird\Dataset\CC0\Tataupa Tinamou_sound\Tataupa Tinamou21.mp3,D:\other\Bird\Code\data\kaggle_wav_cache\Tataupa Tinamou_sound\Tataupa Tinamou21.wav,converted,32000,1,131.05634375,"[mp3 @ 000001fb6fe25640] Estimating duration from bitrate, this may be inaccurate
"
Tataupa Tinamou_sound/Tataupa Tinamou22,D:\other\Bird\Dataset\CC0\Tataupa Tinamou_sound\Tataupa Tinamou22.mp3,D:\other\Bird\Code\data\kaggle_wav_cache\Tataupa Tinamou_sound\Tataupa Tinamou22.wav,converted,32000,1,68.33634375,"[mp3 @ 0000018e48325640] Estimating duration from bitrate, this may be inaccurate
"
Tataupa Tinamou_sound/Tataupa Tinamou23,D:\other\Bird\Dataset\CC0\Tataupa Tinamou_sound\Tataupa Tinamou23.mp3,D:\other\Bird\Code\data\kaggle_wav_cache\Tataupa Tinamou_sound\Tataupa Tinamou23.wav,converted,32000,1,68.33634375,"[mp3 @ 000001f333e35640] Estimating duration from bitrate, this may be inaccurate
"
Tataupa Tinamou_sound/Tataupa Tinamou24,D:\other\Bird\Dataset\CC0\Tataupa Tinamou_sound\Tataupa Tinamou24.mp3,D:\other\Bird\Code\data\kaggle_wav_cache\Tataupa Tinamou_sound\Tataupa Tinamou24.wav,converted,32000,1,68.33634375,"[mp3 @ 00000288cac05640] Estimating duration from bitrate, this may be inaccurate
"
Tataupa Tinamou_sound/Tataupa Tinamou26,D:\other\Bird\Dataset\CC0\Tataupa Tinamou_sound\Tataupa Tinamou26.mp3,D:\other\Bird\Code\data\kaggle_wav_cache\Tataupa Tinamou_sound\Tataupa Tinamou26.wav,converted,32000,1,4.056,"[mp3 @ 000001e18ea15640] Estimating duration from bitrate, this may be inaccurate
"
Tataupa Tinamou_sound/Tataupa Tinamou25,D:\other\Bird\Dataset\CC0\Tataupa Tinamou_sound\Tataupa Tinamou25.mp3,D:\other\Bird\Code\data\kaggle_wav_cache\Tataupa Tinamou_sound\Tataupa Tinamou25.wav,converted,32000,1,63.96134375,
Tataupa Tinamou_sound/Tataupa Tinamou27,D:\other\Bird\Dataset\CC0\Tataupa Tinamou_sound\Tataupa Tinamou27.mp3,D:\other\Bird\Code\data\kaggle_wav_cache\Tataupa Tinamou_sound\Tataupa Tinamou27.wav,converted,32000,1,30.2236875,"[mp3 @ 0000015752d65640] Estimating duration from bitrate, this may be inaccurate
"
Tataupa Tinamou_sound/Tataupa Tinamou28,D:\other\Bird\Dataset\CC0\Tataupa Tinamou_sound\Tataupa Tinamou28.mp3,D:\other\Bird\Code\data\kaggle_wav_cache\Tataupa Tinamou_sound\Tataupa Tinamou28.wav,converted,32000,1,20.76,"[mp3 @ 000001783aa35640] Estimating duration from bitrate, this may be inaccurate
"
Tataupa Tinamou_sound/Tataupa Tinamou29,D:\other\Bird\Dataset\CC0\Tataupa Tinamou_sound\Tataupa Tinamou29.mp3,D:\other\Bird\Code\data\kaggle_wav_cache\Tataupa Tinamou_sound\Tataupa Tinamou29.wav,converted,32000,1,20.76,"[mp3 @ 0000010b5f0f5640] Estimating duration from bitrate, this may be inaccurate
"
Tataupa Tinamou_sound/Tataupa Tinamou30,D:\other\Bird\Dataset\CC0\Tataupa Tinamou_sound\Tataupa Tinamou30.mp3,D:\other\Bird\Code\data\kaggle_wav_cache\Tataupa Tinamou_sound\Tataupa Tinamou30.wav,converted,32000,1,9.9004375,"[mp3 @ 0000018108b85640] Estimating duration from bitrate, this may be inaccurate
"
Tataupa Tinamou_sound/Tataupa Tinamou3,D:\other\Bird\Dataset\CC0\Tataupa Tinamou_sound\Tataupa Tinamou3.mp3,D:\other\Bird\Code\data\kaggle_wav_cache\Tataupa Tinamou_sound\Tataupa Tinamou3.wav,converted,32000,1,67.08,"[mp3 @ 000001e7230955c0] Estimating duration from bitrate, this may be inaccurate
"
Tataupa Tinamou_sound/Tataupa Tinamou31,D:\other\Bird\Dataset\CC0\Tataupa Tinamou_sound\Tataupa Tinamou31.mp3,D:\other\Bird\Code\data\kaggle_wav_cache\Tataupa Tinamou_sound\Tataupa Tinamou31.wav,converted,32000,1,43.36328125,"[mp3 @ 000001f7e1135640] Estimating duration from bitrate, this may be inaccurate
"
Tataupa Tinamou_sound/Tataupa Tinamou4,D:\other\Bird\Dataset\CC0\Tataupa Tinamou_sound\Tataupa Tinamou4.mp3,D:\other\Bird\Code\data\kaggle_wav_cache\Tataupa Tinamou_sound\Tataupa Tinamou4.wav,converted,32000,1,67.08,"[mp3 @ 0000013fa4ba55c0] Estimating duration from bitrate, this may be inaccurate
"
Tataupa Tinamou_sound/Tataupa Tinamou5,D:\other\Bird\Dataset\CC0\Tataupa Tinamou_sound\Tataupa Tinamou5.mp3,D:\other\Bird\Code\data\kaggle_wav_cache\Tataupa Tinamou_sound\Tataupa Tinamou5.wav,converted,32000,1,67.08,"[mp3 @ 00000173f61655c0] Estimating duration from bitrate, this may be inaccurate
"
Tataupa Tinamou_sound/Tataupa Tinamou6,D:\other\Bird\Dataset\CC0\Tataupa Tinamou_sound\Tataupa Tinamou6.mp3,D:\other\Bird\Code\data\kaggle_wav_cache\Tataupa Tinamou_sound\Tataupa Tinamou6.wav,converted,32000,1,20.01815625,
Tataupa Tinamou_sound/Tataupa Tinamou7,D:\other\Bird\Dataset\CC0\Tataupa Tinamou_sound\Tataupa Tinamou7.mp3,D:\other\Bird\Code\data\kaggle_wav_cache\Tataupa Tinamou_sound\Tataupa Tinamou7.wav,converted,32000,1,20.01815625,
Tataupa Tinamou_sound/Tataupa Tinamou8,D:\other\Bird\Dataset\CC0\Tataupa Tinamou_sound\Tataupa Tinamou8.mp3,D:\other\Bird\Code\data\kaggle_wav_cache\Tataupa Tinamou_sound\Tataupa Tinamou8.wav,converted,32000,1,20.01815625,
Tataupa Tinamou_sound/Tataupa Tinamou9,D:\other\Bird\Dataset\CC0\Tataupa Tinamou_sound\Tataupa Tinamou9.mp3,D:\other\Bird\Code\data\kaggle_wav_cache\Tataupa Tinamou_sound\Tataupa Tinamou9.wav,converted,32000,1,20.01815625,
Tawny-breasted Tinamou_sound/Tawny-breasted Tinamou10,D:\other\Bird\Dataset\CC0\Tawny-breasted Tinamou_sound\Tawny-breasted Tinamou10.mp3,D:\other\Bird\Code\data\kaggle_wav_cache\Tawny-breasted Tinamou_sound\Tawny-breasted Tinamou10.wav,converted,32000,1,34.8735,"[mp3 @ 0000026135005640] Estimating duration from bitrate, this may be inaccurate
"
Tawny-breasted Tinamou_sound/Tawny-breasted Tinamou11,D:\other\Bird\Dataset\CC0\Tawny-breasted Tinamou_sound\Tawny-breasted Tinamou11.mp3,D:\other\Bird\Code\data\kaggle_wav_cache\Tawny-breasted Tinamou_sound\Tawny-breasted Tinamou11.wav,converted,32000,1,108.660625,
Tawny-breasted Tinamou_sound/Tawny-breasted Tinamou12,D:\other\Bird\Dataset\CC0\Tawny-breasted Tinamou_sound\Tawny-breasted Tinamou12.mp3,D:\other\Bird\Code\data\kaggle_wav_cache\Tawny-breasted Tinamou_sound\Tawny-breasted Tinamou12.wav,converted,32000,1,108.660625,
Tawny-breasted Tinamou_sound/Tawny-breasted Tinamou13,D:\other\Bird\Dataset\CC0\Tawny-breasted Tinamou_sound\Tawny-breasted Tinamou13.mp3,D:\other\Bird\Code\data\kaggle_wav_cache\Tawny-breasted Tinamou_sound\Tawny-breasted Tinamou13.wav,converted,32000,1,108.660625,
Tawny-breasted Tinamou_sound/Tawny-breasted Tinamou14,D:\other\Bird\Dataset\CC0\Tawny-breasted Tinamou_sound\Tawny-breasted Tinamou14.mp3,D:\other\Bird\Code\data\kaggle_wav_cache\Tawny-breasted Tinamou_sound\Tawny-breasted Tinamou14.wav,converted,32000,1,97.489,"[mp3 @ 00000151059e5640] Estimating duration from bitrate, this may be inaccurate
"
Tawny-breasted Tinamou_sound/Tawny-breasted Tinamou16,D:\other\Bird\Dataset\CC0\Tawny-breasted Tinamou_sound\Tawny-breasted Tinamou16.mp3,D:\other\Bird\Code\data\kaggle_wav_cache\Tawny-breasted Tinamou_sound\Tawny-breasted Tinamou16.wav,converted,32000,1,40.4375625,"[mp3 @ 0000021a926a5640] Estimating duration from bitrate, this may be inaccurate
"
Tawny-breasted Tinamou_sound/Tawny-breasted Tinamou15,D:\other\Bird\Dataset\CC0\Tawny-breasted Tinamou_sound\Tawny-breasted Tinamou15.mp3,D:\other\Bird\Code\data\kaggle_wav_cache\Tawny-breasted Tinamou_sound\Tawny-breasted Tinamou15.wav,converted,32000,1,97.489,"[mp3 @ 000002a4a41e5640] Estimating duration from bitrate, this may be inaccurate
"
Tawny-breasted Tinamou_sound/Tawny-breasted Tinamou17,D:\other\Bird\Dataset\CC0\Tawny-breasted Tinamou_sound\Tawny-breasted Tinamou17.mp3,D:\other\Bird\Code\data\kaggle_wav_cache\Tawny-breasted Tinamou_sound\Tawny-breasted Tinamou17.wav,converted,32000,1,40.4375625,"[mp3 @ 00000293d7295640] Estimating duration from bitrate, this may be inaccurate
"
Tawny-breasted Tinamou_sound/Tawny-breasted Tinamou18,D:\other\Bird\Dataset\CC0\Tawny-breasted Tinamou_sound\Tawny-breasted Tinamou18.mp3,D:\other\Bird\Code\data\kaggle_wav_cache\Tawny-breasted Tinamou_sound\Tawny-breasted Tinamou18.wav,converted,32000,1,23.19675,"[mp3 @ 0000024418195640] Estimating duration from bitrate, this may be inaccurate
"
Tawny-breasted Tinamou_sound/Tawny-breasted Tinamou19,D:\other\Bird\Dataset\CC0\Tawny-breasted Tinamou_sound\Tawny-breasted Tinamou19.mp3,D:\other\Bird\Code\data\kaggle_wav_cache\Tawny-breasted Tinamou_sound\Tawny-breasted Tinamou19.wav,converted,32000,1,111.386125,"[mp3 @ 00000248584e5640] Estimating duration from bitrate, this may be inaccurate
"
Tawny-breasted Tinamou_sound/Tawny-breasted Tinamou2,D:\other\Bird\Dataset\CC0\Tawny-breasted Tinamou_sound\Tawny-breasted Tinamou2.mp3,D:\other\Bird\Code\data\kaggle_wav_cache\Tawny-breasted Tinamou_sound\Tawny-breasted Tinamou2.wav,converted,32000,1,30.42665625,"Guessed Channel Layout for Input Stream #0.0 : stereo
"
Tawny-breasted Tinamou_sound/Tawny-breasted Tinamou20,D:\other\Bird\Dataset\CC0\Tawny-breasted Tinamou_sound\Tawny-breasted Tinamou20.mp3,D:\other\Bird\Code\data\kaggle_wav_cache\Tawny-breasted Tinamou_sound\Tawny-breasted Tinamou20.wav,converted,32000,1,48.3004375,"[mp3 @ 0000018c505c5640] Estimating duration from bitrate, this may be inaccurate
"
Tawny-breasted Tinamou_sound/Tawny-breasted Tinamou21,D:\other\Bird\Dataset\CC0\Tawny-breasted Tinamou_sound\Tawny-breasted Tinamou21.mp3,D:\other\Bird\Code\data\kaggle_wav_cache\Tawny-breasted Tinamou_sound\Tawny-breasted Tinamou21.wav,converted,32000,1,48.3004375,"[mp3 @ 000002583f325640] Estimating duration from bitrate, this may be inaccurate
"
Tawny-breasted Tinamou_sound/Tawny-breasted Tinamou22,D:\other\Bird\Dataset\CC0\Tawny-breasted Tinamou_sound\Tawny-breasted Tinamou22.mp3,D:\other\Bird\Code\data\kaggle_wav_cache\Tawny-breasted Tinamou_sound\Tawny-breasted Tinamou22.wav,converted,32000,1,6.50934375,
Tawny-breasted Tinamou_sound/Tawny-breasted Tinamou23,D:\other\Bird\Dataset\CC0\Tawny-breasted Tinamou_sound\Tawny-breasted Tinamou23.mp3,D:\other\Bird\Code\data\kaggle_wav_cache\Tawny-breasted Tinamou_sound\Tawny-breasted Tinamou23.wav,converted,32000,1,6.50934375,
Tawny-breasted Tinamou_sound/Tawny-breasted Tinamou24,D:\other\Bird\Dataset\CC0\Tawny-breasted Tinamou_sound\Tawny-breasted Tinamou24.mp3,D:\other\Bird\Code\data\kaggle_wav_cache\Tawny-breasted Tinamou_sound\Tawny-breasted Tinamou24.wav,converted,32000,1,24.2266875,
Tawny-breasted Tinamou_sound/Tawny-breasted Tinamou25,D:\other\Bird\Dataset\CC0\Tawny-breasted Tinamou_sound\Tawny-breasted Tinamou25.mp3,D:\other\Bird\Code\data\kaggle_wav_cache\Tawny-breasted Tinamou_sound\Tawny-breasted Tinamou25.wav,converted,32000,1,82.1466875,
Tawny-breasted Tinamou_sound/Tawny-breasted Tinamou26,D:\other\Bird\Dataset\CC0\Tawny-breasted Tinamou_sound\Tawny-breasted Tinamou26.mp3,D:\other\Bird\Code\data\kaggle_wav_cache\Tawny-breasted Tinamou_sound\Tawny-breasted Tinamou26.wav,converted,32000,1,28.89334375,
Tawny-breasted Tinamou_sound/Tawny-breasted Tinamou27,D:\other\Bird\Dataset\CC0\Tawny-breasted Tinamou_sound\Tawny-breasted Tinamou27.mp3,D:\other\Bird\Code\data\kaggle_wav_cache\Tawny-breasted Tinamou_sound\Tawny-breasted Tinamou27.wav,converted,32000,1,110.28,
Tawny-breasted Tinamou_sound/Tawny-breasted Tinamou28,D:\other\Bird\Dataset\CC0\Tawny-breasted Tinamou_sound\Tawny-breasted Tinamou28.mp3,D:\other\Bird\Code\data\kaggle_wav_cache\Tawny-breasted Tinamou_sound\Tawny-breasted Tinamou28.wav,converted,32000,1,110.28,
Tawny-breasted Tinamou_sound/Tawny-breasted Tinamou3,D:\other\Bird\Dataset\CC0\Tawny-breasted Tinamou_sound\Tawny-breasted Tinamou3.mp3,D:\other\Bird\Code\data\kaggle_wav_cache\Tawny-breasted Tinamou_sound\Tawny-breasted Tinamou3.wav,converted,32000,1,35.84603125,
Tawny-breasted Tinamou_sound/Tawny-breasted Tinamou29,D:\other\Bird\Dataset\CC0\Tawny-breasted Tinamou_sound\Tawny-breasted Tinamou29.mp3,D:\other\Bird\Code\data\kaggle_wav_cache\Tawny-breasted Tinamou_sound\Tawny-breasted Tinamou29.wav,converted,32000,1,110.28,
Tawny-breasted Tinamou_sound/Tawny-breasted Tinamou30,D:\other\Bird\Dataset\CC0\Tawny-breasted Tinamou_sound\Tawny-breasted Tinamou30.mp3,D:\other\Bird\Code\data\kaggle_wav_cache\Tawny-breasted Tinamou_sound\Tawny-breasted Tinamou30.wav,converted,32000,1,110.28,
Tawny-breasted Tinamou_sound/Tawny-breasted Tinamou31,D:\other\Bird\Dataset\CC0\Tawny-breasted Tinamou_sound\Tawny-breasted Tinamou31.mp3,D:\other\Bird\Code\data\kaggle_wav_cache\Tawny-breasted Tinamou_sound\Tawny-breasted Tinamou31.wav,converted,32000,1,24.5121875,
Tawny-breasted Tinamou_sound/Tawny-breasted Tinamou4,D:\other\Bird\Dataset\CC0\Tawny-breasted Tinamou_sound\Tawny-breasted Tinamou4.mp3,D:\other\Bird\Code\data\kaggle_wav_cache\Tawny-breasted Tinamou_sound\Tawny-breasted Tinamou4.wav,converted,32000,1,87.94609375,
Tawny-breasted Tinamou_sound/Tawny-breasted Tinamou5,D:\other\Bird\Dataset\CC0\Tawny-breasted Tinamou_sound\Tawny-breasted Tinamou5.mp3,D:\other\Bird\Code\data\kaggle_wav_cache\Tawny-breasted Tinamou_sound\Tawny-breasted Tinamou5.wav,converted,32000,1,87.94609375,
Tawny-breasted Tinamou_sound/Tawny-breasted Tinamou6,D:\other\Bird\Dataset\CC0\Tawny-breasted Tinamou_sound\Tawny-breasted Tinamou6.mp3,D:\other\Bird\Code\data\kaggle_wav_cache\Tawny-breasted Tinamou_sound\Tawny-breasted Tinamou6.wav,converted,32000,1,87.94609375,
Tawny-breasted Tinamou_sound/Tawny-breasted Tinamou7,D:\other\Bird\Dataset\CC0\Tawny-breasted Tinamou_sound\Tawny-breasted Tinamou7.mp3,D:\other\Bird\Code\data\kaggle_wav_cache\Tawny-breasted Tinamou_sound\Tawny-breasted Tinamou7.wav,converted,32000,1,87.94609375,
Tawny-breasted Tinamou_sound/Tawny-breasted Tinamou8,D:\other\Bird\Dataset\CC0\Tawny-breasted Tinamou_sound\Tawny-breasted Tinamou8.mp3,D:\other\Bird\Code\data\kaggle_wav_cache\Tawny-breasted Tinamou_sound\Tawny-breasted Tinamou8.wav,converted,32000,1,87.94609375,
Tawny-breasted Tinamou_sound/Tawny-breasted Tinamou9,D:\other\Bird\Dataset\CC0\Tawny-breasted Tinamou_sound\Tawny-breasted Tinamou9.mp3,D:\other\Bird\Code\data\kaggle_wav_cache\Tawny-breasted Tinamou_sound\Tawny-breasted Tinamou9.wav,converted,32000,1,87.94609375,
Tepui Tinamou_sound/Tepui Tinamou2,D:\other\Bird\Dataset\CC0\Tepui Tinamou_sound\Tepui Tinamou2.mp3,D:\other\Bird\Code\data\kaggle_wav_cache\Tepui Tinamou_sound\Tepui Tinamou2.wav,converted,32000,1,136.5159375,"[mp3 @ 000002b0037155c0] Estimating duration from bitrate, this may be inaccurate
"
Tepui Tinamou_sound/Tepui Tinamou3,D:\other\Bird\Dataset\CC0\Tepui Tinamou_sound\Tepui Tinamou3.mp3,D:\other\Bird\Code\data\kaggle_wav_cache\Tepui Tinamou_sound\Tepui Tinamou3.wav,converted,32000,1,136.5159375,"[mp3 @ 0000016638ec55c0] Estimating duration from bitrate, this may be inaccurate
"
Thicket Tinamou_sound/Thicket Tinamou10,D:\other\Bird\Dataset\CC0\Thicket Tinamou_sound\Thicket Tinamou10.mp3,D:\other\Bird\Code\data\kaggle_wav_cache\Thicket Tinamou_sound\Thicket Tinamou10.wav,converted,32000,1,19.44290625,
Thicket Tinamou_sound/Thicket Tinamou11,D:\other\Bird\Dataset\CC0\Thicket Tinamou_sound\Thicket Tinamou11.mp3,D:\other\Bird\Code\data\kaggle_wav_cache\Thicket Tinamou_sound\Thicket Tinamou11.wav,converted,32000,1,19.44290625,
Thicket Tinamou_sound/Thicket Tinamou12,D:\other\Bird\Dataset\CC0\Thicket Tinamou_sound\Thicket Tinamou12.mp3,D:\other\Bird\Code\data\kaggle_wav_cache\Thicket Tinamou_sound\Thicket Tinamou12.wav,converted,32000,1,20.81959375,"[mp3 @ 00000285c2b35640] Estimating duration from bitrate, this may be inaccurate
"
Thicket Tinamou_sound/Thicket Tinamou13,D:\other\Bird\Dataset\CC0\Thicket Tinamou_sound\Thicket Tinamou13.mp3,D:\other\Bird\Code\data\kaggle_wav_cache\Thicket Tinamou_sound\Thicket Tinamou13.wav,converted,32000,1,32.98803125,
Thicket Tinamou_sound/Thicket Tinamou14,D:\other\Bird\Dataset\CC0\Thicket Tinamou_sound\Thicket Tinamou14.mp3,D:\other\Bird\Code\data\kaggle_wav_cache\Thicket Tinamou_sound\Thicket Tinamou14.wav,converted,32000,1,32.98803125,
Thicket Tinamou_sound/Thicket Tinamou15,D:\other\Bird\Dataset\CC0\Thicket Tinamou_sound\Thicket Tinamou15.mp3,D:\other\Bird\Code\data\kaggle_wav_cache\Thicket Tinamou_sound\Thicket Tinamou15.wav,converted,32000,1,32.98803125,
Thicket Tinamou_sound/Thicket Tinamou17,D:\other\Bird\Dataset\CC0\Thicket Tinamou_sound\Thicket Tinamou17.mp3,D:\other\Bird\Code\data\kaggle_wav_cache\Thicket Tinamou_sound\Thicket Tinamou17.wav,converted,32000,1,4.26,
Thicket Tinamou_sound/Thicket Tinamou16,D:\other\Bird\Dataset\CC0\Thicket Tinamou_sound\Thicket Tinamou16.mp3,D:\other\Bird\Code\data\kaggle_wav_cache\Thicket Tinamou_sound\Thicket Tinamou16.wav,converted,32000,1,70.13678125,
Thicket Tinamou_sound/Thicket Tinamou18,D:\other\Bird\Dataset\CC0\Thicket Tinamou_sound\Thicket Tinamou18.mp3,D:\other\Bird\Code\data\kaggle_wav_cache\Thicket Tinamou_sound\Thicket Tinamou18.wav,converted,32000,1,67.63740625,
Thicket Tinamou_sound/Thicket Tinamou19,D:\other\Bird\Dataset\CC0\Thicket Tinamou_sound\Thicket Tinamou19.mp3,D:\other\Bird\Code\data\kaggle_wav_cache\Thicket Tinamou_sound\Thicket Tinamou19.wav,converted,32000,1,108.74778125,"[mp3 @ 00000182e1de5640] Estimating duration from bitrate, this may be inaccurate
"
Thicket Tinamou_sound/Thicket Tinamou2,D:\other\Bird\Dataset\CC0\Thicket Tinamou_sound\Thicket Tinamou2.mp3,D:\other\Bird\Code\data\kaggle_wav_cache\Thicket Tinamou_sound\Thicket Tinamou2.wav,converted,32000,1,8.85290625,
Thicket Tinamou_sound/Thicket Tinamou20,D:\other\Bird\Dataset\CC0\Thicket Tinamou_sound\Thicket Tinamou20.mp3,D:\other\Bird\Code\data\kaggle_wav_cache\Thicket Tinamou_sound\Thicket Tinamou20.wav,converted,32000,1,108.74778125,"[mp3 @ 0000023b0af55640] Estimating duration from bitrate, this may be inaccurate
"
Thicket Tinamou_sound/Thicket Tinamou21,D:\other\Bird\Dataset\CC0\Thicket Tinamou_sound\Thicket Tinamou21.mp3,D:\other\Bird\Code\data\kaggle_wav_cache\Thicket Tinamou_sound\Thicket Tinamou21.wav,converted,32000,1,108.74778125,"[mp3 @ 000001d9220d5640] Estimating duration from bitrate, this may be inaccurate
"
Thicket Tinamou_sound/Thicket Tinamou22,D:\other\Bird\Dataset\CC0\Thicket Tinamou_sound\Thicket Tinamou22.mp3,D:\other\Bird\Code\data\kaggle_wav_cache\Thicket Tinamou_sound\Thicket Tinamou22.wav,converted,32000,1,18.192,"[mp3 @ 00000295a8855640] Estimating duration from bitrate, this may be inaccurate
"
Thicket Tinamou_sound/Thicket Tinamou23,D:\other\Bird\Dataset\CC0\Thicket Tinamou_sound\Thicket Tinamou23.mp3,D:\other\Bird\Code\data\kaggle_wav_cache\Thicket Tinamou_sound\Thicket Tinamou23.wav,converted,32000,1,44.982875,"[mp3 @ 000002022c195640] Estimating duration from bitrate, this may be inaccurate
[mp3float @ 000002022c197d40] Header missing
Error while decoding stream #0:0: Invalid data found when processing input
"
Thicket Tinamou_sound/Thicket Tinamou24,D:\other\Bird\Dataset\CC0\Thicket Tinamou_sound\Thicket Tinamou24.mp3,D:\other\Bird\Code\data\kaggle_wav_cache\Thicket Tinamou_sound\Thicket Tinamou24.wav,converted,32000,1,15.98884375,
Thicket Tinamou_sound/Thicket Tinamou25,D:\other\Bird\Dataset\CC0\Thicket Tinamou_sound\Thicket Tinamou25.mp3,D:\other\Bird\Code\data\kaggle_wav_cache\Thicket Tinamou_sound\Thicket Tinamou25.wav,converted,32000,1,6.6148125,
Thicket Tinamou_sound/Thicket Tinamou26,D:\other\Bird\Dataset\CC0\Thicket Tinamou_sound\Thicket Tinamou26.mp3,D:\other\Bird\Code\data\kaggle_wav_cache\Thicket Tinamou_sound\Thicket Tinamou26.wav,converted,32000,1,6.6148125,
Thicket Tinamou_sound/Thicket Tinamou27,D:\other\Bird\Dataset\CC0\Thicket Tinamou_sound\Thicket Tinamou27.mp3,D:\other\Bird\Code\data\kaggle_wav_cache\Thicket Tinamou_sound\Thicket Tinamou27.wav,converted,32000,1,30.984,"[mp3 @ 00000138d9b95640] Estimating duration from bitrate, this may be inaccurate
"
Thicket Tinamou_sound/Thicket Tinamou28,D:\other\Bird\Dataset\CC0\Thicket Tinamou_sound\Thicket Tinamou28.mp3,D:\other\Bird\Code\data\kaggle_wav_cache\Thicket Tinamou_sound\Thicket Tinamou28.wav,converted,32000,1,30.984,"[mp3 @ 000001ffb6df5640] Estimating duration from bitrate, this may be inaccurate
"
Thicket Tinamou_sound/Thicket Tinamou29,D:\other\Bird\Dataset\CC0\Thicket Tinamou_sound\Thicket Tinamou29.mp3,D:\other\Bird\Code\data\kaggle_wav_cache\Thicket Tinamou_sound\Thicket Tinamou29.wav,converted,32000,1,30.984,"[mp3 @ 00000212abac5640] Estimating duration from bitrate, this may be inaccurate
"
Thicket Tinamou_sound/Thicket Tinamou3,D:\other\Bird\Dataset\CC0\Thicket Tinamou_sound\Thicket Tinamou3.mp3,D:\other\Bird\Code\data\kaggle_wav_cache\Thicket Tinamou_sound\Thicket Tinamou3.wav,converted,32000,1,16.78203125,
Thicket Tinamou_sound/Thicket Tinamou30,D:\other\Bird\Dataset\CC0\Thicket Tinamou_sound\Thicket Tinamou30.mp3,D:\other\Bird\Code\data\kaggle_wav_cache\Thicket Tinamou_sound\Thicket Tinamou30.wav,converted,32000,1,30.984,"[mp3 @ 000002274da05640] Estimating duration from bitrate, this may be inaccurate
"
Thicket Tinamou_sound/Thicket Tinamou31,D:\other\Bird\Dataset\CC0\Thicket Tinamou_sound\Thicket Tinamou31.mp3,D:\other\Bird\Code\data\kaggle_wav_cache\Thicket Tinamou_sound\Thicket Tinamou31.wav,converted,32000,1,30.984,"[mp3 @ 000002a7b3105640] Estimating duration from bitrate, this may be inaccurate
"
Thicket Tinamou_sound/Thicket Tinamou4,D:\other\Bird\Dataset\CC0\Thicket Tinamou_sound\Thicket Tinamou4.mp3,D:\other\Bird\Code\data\kaggle_wav_cache\Thicket Tinamou_sound\Thicket Tinamou4.wav,converted,32000,1,394.35359375,
Thicket Tinamou_sound/Thicket Tinamou5,D:\other\Bird\Dataset\CC0\Thicket Tinamou_sound\Thicket Tinamou5.mp3,D:\other\Bird\Code\data\kaggle_wav_cache\Thicket Tinamou_sound\Thicket Tinamou5.wav,converted,32000,1,394.35359375,
Thicket Tinamou_sound/Thicket Tinamou6,D:\other\Bird\Dataset\CC0\Thicket Tinamou_sound\Thicket Tinamou6.mp3,D:\other\Bird\Code\data\kaggle_wav_cache\Thicket Tinamou_sound\Thicket Tinamou6.wav,converted,32000,1,394.35359375,
Thicket Tinamou_sound/Thicket Tinamou7,D:\other\Bird\Dataset\CC0\Thicket Tinamou_sound\Thicket Tinamou7.mp3,D:\other\Bird\Code\data\kaggle_wav_cache\Thicket Tinamou_sound\Thicket Tinamou7.wav,converted,32000,1,394.35359375,
Thicket Tinamou_sound/Thicket Tinamou8,D:\other\Bird\Dataset\CC0\Thicket Tinamou_sound\Thicket Tinamou8.mp3,D:\other\Bird\Code\data\kaggle_wav_cache\Thicket Tinamou_sound\Thicket Tinamou8.wav,converted,32000,1,394.35359375,
Thicket Tinamou_sound/Thicket Tinamou9,D:\other\Bird\Dataset\CC0\Thicket Tinamou_sound\Thicket Tinamou9.mp3,D:\other\Bird\Code\data\kaggle_wav_cache\Thicket Tinamou_sound\Thicket Tinamou9.wav,converted,32000,1,394.35359375,
Tongan Megapode_sound/Tongan Megapode10,D:\other\Bird\Dataset\CC0\Tongan Megapode_sound\Tongan Megapode10.mp3,D:\other\Bird\Code\data\kaggle_wav_cache\Tongan Megapode_sound\Tongan Megapode10.wav,converted,32000,1,8.15021875,"[mp3 @ 0000021c6a6d5640] Estimating duration from bitrate, this may be inaccurate
"
Tongan Megapode_sound/Tongan Megapode11,D:\other\Bird\Dataset\CC0\Tongan Megapode_sound\Tongan Megapode11.mp3,D:\other\Bird\Code\data\kaggle_wav_cache\Tongan Megapode_sound\Tongan Megapode11.wav,converted,32000,1,7.83675,"[mp3 @ 0000025da0b25640] Estimating duration from bitrate, this may be inaccurate
"
Tongan Megapode_sound/Tongan Megapode12,D:\other\Bird\Dataset\CC0\Tongan Megapode_sound\Tongan Megapode12.mp3,D:\other\Bird\Code\data\kaggle_wav_cache\Tongan Megapode_sound\Tongan Megapode12.wav,converted,32000,1,7.83675,"[mp3 @ 000001ed397f5640] Estimating duration from bitrate, this may be inaccurate
"
Tongan Megapode_sound/Tongan Megapode13,D:\other\Bird\Dataset\CC0\Tongan Megapode_sound\Tongan Megapode13.mp3,D:\other\Bird\Code\data\kaggle_wav_cache\Tongan Megapode_sound\Tongan Megapode13.wav,converted,32000,1,7.83675,"[mp3 @ 00000296c71d5640] Estimating duration from bitrate, this may be inaccurate
"
Tongan Megapode_sound/Tongan Megapode14,D:\other\Bird\Dataset\CC0\Tongan Megapode_sound\Tongan Megapode14.mp3,D:\other\Bird\Code\data\kaggle_wav_cache\Tongan Megapode_sound\Tongan Megapode14.wav,converted,32000,1,7.83675,"[mp3 @ 0000023be81f5640] Estimating duration from bitrate, this may be inaccurate
"
Tongan Megapode_sound/Tongan Megapode15,D:\other\Bird\Dataset\CC0\Tongan Megapode_sound\Tongan Megapode15.mp3,D:\other\Bird\Code\data\kaggle_wav_cache\Tongan Megapode_sound\Tongan Megapode15.wav,converted,32000,1,8.88165625,"[mp3 @ 000001c2b4a85640] Estimating duration from bitrate, this may be inaccurate
"
Tongan Megapode_sound/Tongan Megapode2,D:\other\Bird\Dataset\CC0\Tongan Megapode_sound\Tongan Megapode2.mp3,D:\other\Bird\Code\data\kaggle_wav_cache\Tongan Megapode_sound\Tongan Megapode2.wav,converted,32000,1,12.096,"[mp3 @ 000001daf96255c0] Estimating duration from bitrate, this may be inaccurate
"
Tongan Megapode_sound/Tongan Megapode3,D:\other\Bird\Dataset\CC0\Tongan Megapode_sound\Tongan Megapode3.mp3,D:\other\Bird\Code\data\kaggle_wav_cache\Tongan Megapode_sound\Tongan Megapode3.wav,converted,32000,1,12.096,"[mp3 @ 000001e584cb55c0] Estimating duration from bitrate, this may be inaccurate
"
Tongan Megapode_sound/Tongan Megapode4,D:\other\Bird\Dataset\CC0\Tongan Megapode_sound\Tongan Megapode4.mp3,D:\other\Bird\Code\data\kaggle_wav_cache\Tongan Megapode_sound\Tongan Megapode4.wav,converted,32000,1,5.8775625,"[mp3 @ 000002091e9055c0] Estimating duration from bitrate, this may be inaccurate
"
Tongan Megapode_sound/Tongan Megapode5,D:\other\Bird\Dataset\CC0\Tongan Megapode_sound\Tongan Megapode5.mp3,D:\other\Bird\Code\data\kaggle_wav_cache\Tongan Megapode_sound\Tongan Megapode5.wav,converted,32000,1,10.08328125,"[mp3 @ 000002aa06ed55c0] Estimating duration from bitrate, this may be inaccurate
"
Tongan Megapode_sound/Tongan Megapode6,D:\other\Bird\Dataset\CC0\Tongan Megapode_sound\Tongan Megapode6.mp3,D:\other\Bird\Code\data\kaggle_wav_cache\Tongan Megapode_sound\Tongan Megapode6.wav,converted,32000,1,11.31103125,"[mp3 @ 000001f7ba9355c0] Estimating duration from bitrate, this may be inaccurate
"
Tongan Megapode_sound/Tongan Megapode7,D:\other\Bird\Dataset\CC0\Tongan Megapode_sound\Tongan Megapode7.mp3,D:\other\Bird\Code\data\kaggle_wav_cache\Tongan Megapode_sound\Tongan Megapode7.wav,converted,32000,1,10.9975625,"[mp3 @ 0000021cbc7055c0] Estimating duration from bitrate, this may be inaccurate
"
Tongan Megapode_sound/Tongan Megapode8,D:\other\Bird\Dataset\CC0\Tongan Megapode_sound\Tongan Megapode8.mp3,D:\other\Bird\Code\data\kaggle_wav_cache\Tongan Megapode_sound\Tongan Megapode8.wav,converted,32000,1,7.915125,"[mp3 @ 000001388a5c55c0] Estimating duration from bitrate, this may be inaccurate
"
Tongan Megapode_sound/Tongan Megapode9,D:\other\Bird\Dataset\CC0\Tongan Megapode_sound\Tongan Megapode9.mp3,D:\other\Bird\Code\data\kaggle_wav_cache\Tongan Megapode_sound\Tongan Megapode9.wav,converted,32000,1,7.39265625,"[mp3 @ 00000284eaab55c0] Estimating duration from bitrate, this may be inaccurate
"
Undulated Tinamou_sound/Undulated Tinamou10,D:\other\Bird\Dataset\CC0\Undulated Tinamou_sound\Undulated Tinamou10.mp3,D:\other\Bird\Code\data\kaggle_wav_cache\Undulated Tinamou_sound\Undulated Tinamou10.wav,converted,32000,1,20.84415625,
Trinidad Piping Guan_sound/Trinidad Piping Guan2,D:\other\Bird\Dataset\CC0\Trinidad Piping Guan_sound\Trinidad Piping Guan2.mp3,D:\other\Bird\Code\data\kaggle_wav_cache\Trinidad Piping Guan_sound\Trinidad Piping Guan2.wav,converted,32000,1,54.5436875,"[mp3 @ 0000024f673b5600] Estimating duration from bitrate, this may be inaccurate
"
Undulated Tinamou_sound/Undulated Tinamou11,D:\other\Bird\Dataset\CC0\Undulated Tinamou_sound\Undulated Tinamou11.mp3,D:\other\Bird\Code\data\kaggle_wav_cache\Undulated Tinamou_sound\Undulated Tinamou11.wav,converted,32000,1,20.84415625,
Undulated Tinamou_sound/Undulated Tinamou12,D:\other\Bird\Dataset\CC0\Undulated Tinamou_sound\Undulated Tinamou12.mp3,D:\other\Bird\Code\data\kaggle_wav_cache\Undulated Tinamou_sound\Undulated Tinamou12.wav,converted,32000,1,20.84415625,
Undulated Tinamou_sound/Undulated Tinamou13,D:\other\Bird\Dataset\CC0\Undulated Tinamou_sound\Undulated Tinamou13.mp3,D:\other\Bird\Code\data\kaggle_wav_cache\Undulated Tinamou_sound\Undulated Tinamou13.wav,converted,32000,1,20.84415625,
Undulated Tinamou_sound/Undulated Tinamou14,D:\other\Bird\Dataset\CC0\Undulated Tinamou_sound\Undulated Tinamou14.mp3,D:\other\Bird\Code\data\kaggle_wav_cache\Undulated Tinamou_sound\Undulated Tinamou14.wav,converted,32000,1,20.84415625,
Undulated Tinamou_sound/Undulated Tinamou15,D:\other\Bird\Dataset\CC0\Undulated Tinamou_sound\Undulated Tinamou15.mp3,D:\other\Bird\Code\data\kaggle_wav_cache\Undulated Tinamou_sound\Undulated Tinamou15.wav,converted,32000,1,20.84415625,
Undulated Tinamou_sound/Undulated Tinamou16,D:\other\Bird\Dataset\CC0\Undulated Tinamou_sound\Undulated Tinamou16.mp3,D:\other\Bird\Code\data\kaggle_wav_cache\Undulated Tinamou_sound\Undulated Tinamou16.wav,converted,32000,1,113.160875,
Undulated Tinamou_sound/Undulated Tinamou17,D:\other\Bird\Dataset\CC0\Undulated Tinamou_sound\Undulated Tinamou17.mp3,D:\other\Bird\Code\data\kaggle_wav_cache\Undulated Tinamou_sound\Undulated Tinamou17.wav,converted,32000,1,113.160875,
Undulated Tinamou_sound/Undulated Tinamou18,D:\other\Bird\Dataset\CC0\Undulated Tinamou_sound\Undulated Tinamou18.mp3,D:\other\Bird\Code\data\kaggle_wav_cache\Undulated Tinamou_sound\Undulated Tinamou18.wav,converted,32000,1,113.160875,
Undulated Tinamou_sound/Undulated Tinamou19,D:\other\Bird\Dataset\CC0\Undulated Tinamou_sound\Undulated Tinamou19.mp3,D:\other\Bird\Code\data\kaggle_wav_cache\Undulated Tinamou_sound\Undulated Tinamou19.wav,converted,32000,1,113.160875,
Undulated Tinamou_sound/Undulated Tinamou20,D:\other\Bird\Dataset\CC0\Undulated Tinamou_sound\Undulated Tinamou20.mp3,D:\other\Bird\Code\data\kaggle_wav_cache\Undulated Tinamou_sound\Undulated Tinamou20.wav,converted,32000,1,113.160875,
Undulated Tinamou_sound/Undulated Tinamou2,D:\other\Bird\Dataset\CC0\Undulated Tinamou_sound\Undulated Tinamou2.mp3,D:\other\Bird\Code\data\kaggle_wav_cache\Undulated Tinamou_sound\Undulated Tinamou2.wav,converted,32000,1,189.70125,"[mp3 @ 000001bfd5e35600] Estimating duration from bitrate, this may be inaccurate
"
Undulated Tinamou_sound/Undulated Tinamou21,D:\other\Bird\Dataset\CC0\Undulated Tinamou_sound\Undulated Tinamou21.mp3,D:\other\Bird\Code\data\kaggle_wav_cache\Undulated Tinamou_sound\Undulated Tinamou21.wav,converted,32000,1,113.160875,
Undulated Tinamou_sound/Undulated Tinamou22,D:\other\Bird\Dataset\CC0\Undulated Tinamou_sound\Undulated Tinamou22.mp3,D:\other\Bird\Code\data\kaggle_wav_cache\Undulated Tinamou_sound\Undulated Tinamou22.wav,converted,32000,1,113.160875,
Undulated Tinamou_sound/Undulated Tinamou23,D:\other\Bird\Dataset\CC0\Undulated Tinamou_sound\Undulated Tinamou23.mp3,D:\other\Bird\Code\data\kaggle_wav_cache\Undulated Tinamou_sound\Undulated Tinamou23.wav,converted,32000,1,113.160875,
Undulated Tinamou_sound/Undulated Tinamou24,D:\other\Bird\Dataset\CC0\Undulated Tinamou_sound\Undulated Tinamou24.mp3,D:\other\Bird\Code\data\kaggle_wav_cache\Undulated Tinamou_sound\Undulated Tinamou24.wav,converted,32000,1,113.160875,
Undulated Tinamou_sound/Undulated Tinamou25,D:\other\Bird\Dataset\CC0\Undulated Tinamou_sound\Undulated Tinamou25.mp3,D:\other\Bird\Code\data\kaggle_wav_cache\Undulated Tinamou_sound\Undulated Tinamou25.wav,converted,32000,1,113.160875,
Undulated Tinamou_sound/Undulated Tinamou26,D:\other\Bird\Dataset\CC0\Undulated Tinamou_sound\Undulated Tinamou26.mp3,D:\other\Bird\Code\data\kaggle_wav_cache\Undulated Tinamou_sound\Undulated Tinamou26.wav,converted,32000,1,113.160875,
Undulated Tinamou_sound/Undulated Tinamou27,D:\other\Bird\Dataset\CC0\Undulated Tinamou_sound\Undulated Tinamou27.mp3,D:\other\Bird\Code\data\kaggle_wav_cache\Undulated Tinamou_sound\Undulated Tinamou27.wav,converted,32000,1,113.160875,
Undulated Tinamou_sound/Undulated Tinamou28,D:\other\Bird\Dataset\CC0\Undulated Tinamou_sound\Undulated Tinamou28.mp3,D:\other\Bird\Code\data\kaggle_wav_cache\Undulated Tinamou_sound\Undulated Tinamou28.wav,converted,32000,1,113.160875,
Undulated Tinamou_sound/Undulated Tinamou29,D:\other\Bird\Dataset\CC0\Undulated Tinamou_sound\Undulated Tinamou29.mp3,D:\other\Bird\Code\data\kaggle_wav_cache\Undulated Tinamou_sound\Undulated Tinamou29.wav,converted,32000,1,101.146125,"[mp3 @ 000002466c1f5600] Estimating duration from bitrate, this may be inaccurate
"
Undulated Tinamou_sound/Undulated Tinamou3,D:\other\Bird\Dataset\CC0\Undulated Tinamou_sound\Undulated Tinamou3.mp3,D:\other\Bird\Code\data\kaggle_wav_cache\Undulated Tinamou_sound\Undulated Tinamou3.wav,converted,32000,1,189.70125,"[mp3 @ 00000271d4865600] Estimating duration from bitrate, this may be inaccurate
"
Undulated Tinamou_sound/Undulated Tinamou30,D:\other\Bird\Dataset\CC0\Undulated Tinamou_sound\Undulated Tinamou30.mp3,D:\other\Bird\Code\data\kaggle_wav_cache\Undulated Tinamou_sound\Undulated Tinamou30.wav,converted,32000,1,101.146125,"[mp3 @ 000001da2cbf5600] Estimating duration from bitrate, this may be inaccurate
"
Undulated Tinamou_sound/Undulated Tinamou31,D:\other\Bird\Dataset\CC0\Undulated Tinamou_sound\Undulated Tinamou31.mp3,D:\other\Bird\Code\data\kaggle_wav_cache\Undulated Tinamou_sound\Undulated Tinamou31.wav,converted,32000,1,101.146125,"[mp3 @ 00000243beaa5600] Estimating duration from bitrate, this may be inaccurate
"
Undulated Tinamou_sound/Undulated Tinamou4,D:\other\Bird\Dataset\CC0\Undulated Tinamou_sound\Undulated Tinamou4.mp3,D:\other\Bird\Code\data\kaggle_wav_cache\Undulated Tinamou_sound\Undulated Tinamou4.wav,converted,32000,1,189.70125,"[mp3 @ 000001e537295600] Estimating duration from bitrate, this may be inaccurate
"
Undulated Tinamou_sound/Undulated Tinamou5,D:\other\Bird\Dataset\CC0\Undulated Tinamou_sound\Undulated Tinamou5.mp3,D:\other\Bird\Code\data\kaggle_wav_cache\Undulated Tinamou_sound\Undulated Tinamou5.wav,converted,32000,1,189.70125,"[mp3 @ 000001a409485600] Estimating duration from bitrate, this may be inaccurate
"
Undulated Tinamou_sound/Undulated Tinamou6,D:\other\Bird\Dataset\CC0\Undulated Tinamou_sound\Undulated Tinamou6.mp3,D:\other\Bird\Code\data\kaggle_wav_cache\Undulated Tinamou_sound\Undulated Tinamou6.wav,converted,32000,1,189.70125,"[mp3 @ 0000020f77385600] Estimating duration from bitrate, this may be inaccurate
"
Undulated Tinamou_sound/Undulated Tinamou7,D:\other\Bird\Dataset\CC0\Undulated Tinamou_sound\Undulated Tinamou7.mp3,D:\other\Bird\Code\data\kaggle_wav_cache\Undulated Tinamou_sound\Undulated Tinamou7.wav,converted,32000,1,189.70125,"[mp3 @ 000001dffe675600] Estimating duration from bitrate, this may be inaccurate
"
Undulated Tinamou_sound/Undulated Tinamou9,D:\other\Bird\Dataset\CC0\Undulated Tinamou_sound\Undulated Tinamou9.mp3,D:\other\Bird\Code\data\kaggle_wav_cache\Undulated Tinamou_sound\Undulated Tinamou9.wav,converted,32000,1,20.84415625,
Undulated Tinamou_sound/Undulated Tinamou8,D:\other\Bird\Dataset\CC0\Undulated Tinamou_sound\Undulated Tinamou8.mp3,D:\other\Bird\Code\data\kaggle_wav_cache\Undulated Tinamou_sound\Undulated Tinamou8.wav,converted,32000,1,189.70125,"[mp3 @ 0000021b4e025600] Estimating duration from bitrate, this may be inaccurate
"
Vanuatu Megapode_sound/Vanuatu Megapode2,D:\other\Bird\Dataset\CC0\Vanuatu Megapode_sound\Vanuatu Megapode2.mp3,D:\other\Bird\Code\data\kaggle_wav_cache\Vanuatu Megapode_sound\Vanuatu Megapode2.wav,converted,32000,1,12.44671875,
Vanuatu Megapode_sound/Vanuatu Megapode3,D:\other\Bird\Dataset\CC0\Vanuatu Megapode_sound\Vanuatu Megapode3.mp3,D:\other\Bird\Code\data\kaggle_wav_cache\Vanuatu Megapode_sound\Vanuatu Megapode3.wav,converted,32000,1,6.2686875,
Vanuatu Megapode_sound/Vanuatu Megapode4,D:\other\Bird\Dataset\CC0\Vanuatu Megapode_sound\Vanuatu Megapode4.mp3,D:\other\Bird\Code\data\kaggle_wav_cache\Vanuatu Megapode_sound\Vanuatu Megapode4.wav,converted,32000,1,6.2686875,
Variegated Tinamou_sound/Variegated Tinamou10,D:\other\Bird\Dataset\CC0\Variegated Tinamou_sound\Variegated Tinamou10.mp3,D:\other\Bird\Code\data\kaggle_wav_cache\Variegated Tinamou_sound\Variegated Tinamou10.wav,converted,32000,1,13.5575625,"[mp3 @ 0000027366695600] Estimating duration from bitrate, this may be inaccurate
"
Variegated Tinamou_sound/Variegated Tinamou12,D:\other\Bird\Dataset\CC0\Variegated Tinamou_sound\Variegated Tinamou12.mp3,D:\other\Bird\Code\data\kaggle_wav_cache\Variegated Tinamou_sound\Variegated Tinamou12.wav,converted,32000,1,12.6,"[mp3 @ 0000024d7d305600] Estimating duration from bitrate, this may be inaccurate
"
Variegated Tinamou_sound/Variegated Tinamou11,D:\other\Bird\Dataset\CC0\Variegated Tinamou_sound\Variegated Tinamou11.mp3,D:\other\Bird\Code\data\kaggle_wav_cache\Variegated Tinamou_sound\Variegated Tinamou11.wav,converted,32000,1,15.312,"[mp3 @ 0000027d6ddc5600] Estimating duration from bitrate, this may be inaccurate
"
Variegated Tinamou_sound/Variegated Tinamou13,D:\other\Bird\Dataset\CC0\Variegated Tinamou_sound\Variegated Tinamou13.mp3,D:\other\Bird\Code\data\kaggle_wav_cache\Variegated Tinamou_sound\Variegated Tinamou13.wav,converted,32000,1,10.83653125,
Variegated Tinamou_sound/Variegated Tinamou14,D:\other\Bird\Dataset\CC0\Variegated Tinamou_sound\Variegated Tinamou14.mp3,D:\other\Bird\Code\data\kaggle_wav_cache\Variegated Tinamou_sound\Variegated Tinamou14.wav,converted,32000,1,224.40534375,"[wav @ 0000026e4bb75600] Discarding ID3 tags because more suitable tags were found.
Guessed Channel Layout for Input Stream #0.0 : stereo
"
Variegated Tinamou_sound/Variegated Tinamou15,D:\other\Bird\Dataset\CC0\Variegated Tinamou_sound\Variegated Tinamou15.mp3,D:\other\Bird\Code\data\kaggle_wav_cache\Variegated Tinamou_sound\Variegated Tinamou15.wav,converted,32000,1,76.01634375,"[mp3 @ 000001e5a3425600] Estimating duration from bitrate, this may be inaccurate
"
Variegated Tinamou_sound/Variegated Tinamou16,D:\other\Bird\Dataset\CC0\Variegated Tinamou_sound\Variegated Tinamou16.mp3,D:\other\Bird\Code\data\kaggle_wav_cache\Variegated Tinamou_sound\Variegated Tinamou16.wav,converted,32000,1,46.08,"[mp3 @ 0000029c18555600] Estimating duration from bitrate, this may be inaccurate
"
Variegated Tinamou_sound/Variegated Tinamou17,D:\other\Bird\Dataset\CC0\Variegated Tinamou_sound\Variegated Tinamou17.mp3,D:\other\Bird\Code\data\kaggle_wav_cache\Variegated Tinamou_sound\Variegated Tinamou17.wav,converted,32000,1,46.08,"[mp3 @ 0000018157285600] Estimating duration from bitrate, this may be inaccurate
"
Variegated Tinamou_sound/Variegated Tinamou18,D:\other\Bird\Dataset\CC0\Variegated Tinamou_sound\Variegated Tinamou18.mp3,D:\other\Bird\Code\data\kaggle_wav_cache\Variegated Tinamou_sound\Variegated Tinamou18.wav,converted,32000,1,7.824,"[mp3 @ 000001657f1e5600] Estimating duration from bitrate, this may be inaccurate
"
Variegated Tinamou_sound/Variegated Tinamou19,D:\other\Bird\Dataset\CC0\Variegated Tinamou_sound\Variegated Tinamou19.mp3,D:\other\Bird\Code\data\kaggle_wav_cache\Variegated Tinamou_sound\Variegated Tinamou19.wav,converted,32000,1,13.7404375,"[mp3 @ 000002911dfc5600] Estimating duration from bitrate, this may be inaccurate
"
Variegated Tinamou_sound/Variegated Tinamou2,D:\other\Bird\Dataset\CC0\Variegated Tinamou_sound\Variegated Tinamou2.mp3,D:\other\Bird\Code\data\kaggle_wav_cache\Variegated Tinamou_sound\Variegated Tinamou2.wav,converted,32000,1,23.77140625,"[mp3 @ 000001a0a0905600] Estimating duration from bitrate, this may be inaccurate
"
Variegated Tinamou_sound/Variegated Tinamou20,D:\other\Bird\Dataset\CC0\Variegated Tinamou_sound\Variegated Tinamou20.mp3,D:\other\Bird\Code\data\kaggle_wav_cache\Variegated Tinamou_sound\Variegated Tinamou20.wav,converted,32000,1,7.13140625,"[mp3 @ 0000022a8e5f5600] Estimating duration from bitrate, this may be inaccurate
"
Variegated Tinamou_sound/Variegated Tinamou21,D:\other\Bird\Dataset\CC0\Variegated Tinamou_sound\Variegated Tinamou21.mp3,D:\other\Bird\Code\data\kaggle_wav_cache\Variegated Tinamou_sound\Variegated Tinamou21.wav,converted,32000,1,15.6735,"[mp3 @ 000001bf481d5600] Estimating duration from bitrate, this may be inaccurate
"
Variegated Tinamou_sound/Variegated Tinamou22,D:\other\Bird\Dataset\CC0\Variegated Tinamou_sound\Variegated Tinamou22.mp3,D:\other\Bird\Code\data\kaggle_wav_cache\Variegated Tinamou_sound\Variegated Tinamou22.wav,converted,32000,1,15.6735,"[mp3 @ 00000209822c5600] Estimating duration from bitrate, this may be inaccurate
"
Variegated Tinamou_sound/Variegated Tinamou23,D:\other\Bird\Dataset\CC0\Variegated Tinamou_sound\Variegated Tinamou23.mp3,D:\other\Bird\Code\data\kaggle_wav_cache\Variegated Tinamou_sound\Variegated Tinamou23.wav,converted,32000,1,15.6735,"[mp3 @ 00000201488f5600] Estimating duration from bitrate, this may be inaccurate
"
Variegated Tinamou_sound/Variegated Tinamou24,D:\other\Bird\Dataset\CC0\Variegated Tinamou_sound\Variegated Tinamou24.mp3,D:\other\Bird\Code\data\kaggle_wav_cache\Variegated Tinamou_sound\Variegated Tinamou24.wav,converted,32000,1,11.315875,
Variegated Tinamou_sound/Variegated Tinamou26,D:\other\Bird\Dataset\CC0\Variegated Tinamou_sound\Variegated Tinamou26.mp3,D:\other\Bird\Code\data\kaggle_wav_cache\Variegated Tinamou_sound\Variegated Tinamou26.wav,converted,32000,1,6.35025,
Variegated Tinamou_sound/Variegated Tinamou25,D:\other\Bird\Dataset\CC0\Variegated Tinamou_sound\Variegated Tinamou25.mp3,D:\other\Bird\Code\data\kaggle_wav_cache\Variegated Tinamou_sound\Variegated Tinamou25.wav,converted,32000,1,8.15109375,
Variegated Tinamou_sound/Variegated Tinamou27,D:\other\Bird\Dataset\CC0\Variegated Tinamou_sound\Variegated Tinamou27.mp3,D:\other\Bird\Code\data\kaggle_wav_cache\Variegated Tinamou_sound\Variegated Tinamou27.wav,converted,32000,1,6.35025,
Variegated Tinamou_sound/Variegated Tinamou28,D:\other\Bird\Dataset\CC0\Variegated Tinamou_sound\Variegated Tinamou28.mp3,D:\other\Bird\Code\data\kaggle_wav_cache\Variegated Tinamou_sound\Variegated Tinamou28.wav,converted,32000,1,13.10784375,
Variegated Tinamou_sound/Variegated Tinamou29,D:\other\Bird\Dataset\CC0\Variegated Tinamou_sound\Variegated Tinamou29.mp3,D:\other\Bird\Code\data\kaggle_wav_cache\Variegated Tinamou_sound\Variegated Tinamou29.wav,converted,32000,1,13.10784375,
Variegated Tinamou_sound/Variegated Tinamou3,D:\other\Bird\Dataset\CC0\Variegated Tinamou_sound\Variegated Tinamou3.mp3,D:\other\Bird\Code\data\kaggle_wav_cache\Variegated Tinamou_sound\Variegated Tinamou3.wav,converted,32000,1,12.59103125,"[mp3 @ 000002202be25600] Estimating duration from bitrate, this may be inaccurate
"
Variegated Tinamou_sound/Variegated Tinamou31,D:\other\Bird\Dataset\CC0\Variegated Tinamou_sound\Variegated Tinamou31.mp3,D:\other\Bird\Code\data\kaggle_wav_cache\Variegated Tinamou_sound\Variegated Tinamou31.wav,converted,32000,1,8.64,"[mp3 @ 000001ffb7345600] Estimating duration from bitrate, this may be inaccurate
"
Variegated Tinamou_sound/Variegated Tinamou30,D:\other\Bird\Dataset\CC0\Variegated Tinamou_sound\Variegated Tinamou30.mp3,D:\other\Bird\Code\data\kaggle_wav_cache\Variegated Tinamou_sound\Variegated Tinamou30.wav,converted,32000,1,43.6966875,
Variegated Tinamou_sound/Variegated Tinamou4,D:\other\Bird\Dataset\CC0\Variegated Tinamou_sound\Variegated Tinamou4.mp3,D:\other\Bird\Code\data\kaggle_wav_cache\Variegated Tinamou_sound\Variegated Tinamou4.wav,converted,32000,1,12.59103125,"[mp3 @ 00000276d4f45600] Estimating duration from bitrate, this may be inaccurate
"
Variegated Tinamou_sound/Variegated Tinamou5,D:\other\Bird\Dataset\CC0\Variegated Tinamou_sound\Variegated Tinamou5.mp3,D:\other\Bird\Code\data\kaggle_wav_cache\Variegated Tinamou_sound\Variegated Tinamou5.wav,converted,32000,1,14.34125,"[mp3 @ 0000025d35eb5600] Estimating duration from bitrate, this may be inaccurate
"
Variegated Tinamou_sound/Variegated Tinamou6,D:\other\Bird\Dataset\CC0\Variegated Tinamou_sound\Variegated Tinamou6.mp3,D:\other\Bird\Code\data\kaggle_wav_cache\Variegated Tinamou_sound\Variegated Tinamou6.wav,converted,32000,1,13.7404375,"[mp3 @ 000001f63f695600] Estimating duration from bitrate, this may be inaccurate
"
Variegated Tinamou_sound/Variegated Tinamou7,D:\other\Bird\Dataset\CC0\Variegated Tinamou_sound\Variegated Tinamou7.mp3,D:\other\Bird\Code\data\kaggle_wav_cache\Variegated Tinamou_sound\Variegated Tinamou7.wav,converted,32000,1,10.68409375,"[mp3 @ 00000245bf325600] Estimating duration from bitrate, this may be inaccurate
"
Variegated Tinamou_sound/Variegated Tinamou8,D:\other\Bird\Dataset\CC0\Variegated Tinamou_sound\Variegated Tinamou8.mp3,D:\other\Bird\Code\data\kaggle_wav_cache\Variegated Tinamou_sound\Variegated Tinamou8.wav,converted,32000,1,13.5575625,"[mp3 @ 000002361ede5600] Estimating duration from bitrate, this may be inaccurate
"
Variegated Tinamou_sound/Variegated Tinamou9,D:\other\Bird\Dataset\CC0\Variegated Tinamou_sound\Variegated Tinamou9.mp3,D:\other\Bird\Code\data\kaggle_wav_cache\Variegated Tinamou_sound\Variegated Tinamou9.wav,converted,32000,1,13.5575625,"[mp3 @ 00000215210e5600] Estimating duration from bitrate, this may be inaccurate
"
Wattled Brushturkey_sound/Wattled Brushturkey2,D:\other\Bird\Dataset\CC0\Wattled Brushturkey_sound\Wattled Brushturkey2.mp3,D:\other\Bird\Code\data\kaggle_wav_cache\Wattled Brushturkey_sound\Wattled Brushturkey2.wav,converted,32000,1,9.7175625,"[mp3 @ 000001f074075600] Estimating duration from bitrate, this may be inaccurate
"
Wattled Brushturkey_sound/Wattled Brushturkey3,D:\other\Bird\Dataset\CC0\Wattled Brushturkey_sound\Wattled Brushturkey3.mp3,D:\other\Bird\Code\data\kaggle_wav_cache\Wattled Brushturkey_sound\Wattled Brushturkey3.wav,converted,32000,1,9.7175625,"[mp3 @ 000001437ca95600] Estimating duration from bitrate, this may be inaccurate
"
Wattled Brushturkey_sound/Wattled Brushturkey4,D:\other\Bird\Dataset\CC0\Wattled Brushturkey_sound\Wattled Brushturkey4.mp3,D:\other\Bird\Code\data\kaggle_wav_cache\Wattled Brushturkey_sound\Wattled Brushturkey4.wav,converted,32000,1,9.7175625,"[mp3 @ 0000022764b65600] Estimating duration from bitrate, this may be inaccurate
"
West Mexican Chachalaca_sound/West Mexican Chachalaca10,D:\other\Bird\Dataset\CC0\West Mexican Chachalaca_sound\West Mexican Chachalaca10.mp3,D:\other\Bird\Code\data\kaggle_wav_cache\West Mexican Chachalaca_sound\West Mexican Chachalaca10.wav,converted,32000,1,8.32925,
West Mexican Chachalaca_sound/West Mexican Chachalaca11,D:\other\Bird\Dataset\CC0\West Mexican Chachalaca_sound\West Mexican Chachalaca11.mp3,D:\other\Bird\Code\data\kaggle_wav_cache\West Mexican Chachalaca_sound\West Mexican Chachalaca11.wav,converted,32000,1,41.3425625,
West Mexican Chachalaca_sound/West Mexican Chachalaca12,D:\other\Bird\Dataset\CC0\West Mexican Chachalaca_sound\West Mexican Chachalaca12.mp3,D:\other\Bird\Code\data\kaggle_wav_cache\West Mexican Chachalaca_sound\West Mexican Chachalaca12.wav,converted,32000,1,59.745,
West Mexican Chachalaca_sound/West Mexican Chachalaca13,D:\other\Bird\Dataset\CC0\West Mexican Chachalaca_sound\West Mexican Chachalaca13.mp3,D:\other\Bird\Code\data\kaggle_wav_cache\West Mexican Chachalaca_sound\West Mexican Chachalaca13.wav,converted,32000,1,59.745,
West Mexican Chachalaca_sound/West Mexican Chachalaca14,D:\other\Bird\Dataset\CC0\West Mexican Chachalaca_sound\West Mexican Chachalaca14.mp3,D:\other\Bird\Code\data\kaggle_wav_cache\West Mexican Chachalaca_sound\West Mexican Chachalaca14.wav,converted,32000,1,46.59621875,
West Mexican Chachalaca_sound/West Mexican Chachalaca16,D:\other\Bird\Dataset\CC0\West Mexican Chachalaca_sound\West Mexican Chachalaca16.mp3,D:\other\Bird\Code\data\kaggle_wav_cache\West Mexican Chachalaca_sound\West Mexican Chachalaca16.wav,converted,32000,1,132.4213125,
West Mexican Chachalaca_sound/West Mexican Chachalaca15,D:\other\Bird\Dataset\CC0\West Mexican Chachalaca_sound\West Mexican Chachalaca15.mp3,D:\other\Bird\Code\data\kaggle_wav_cache\West Mexican Chachalaca_sound\West Mexican Chachalaca15.wav,converted,32000,1,132.4213125,
West Mexican Chachalaca_sound/West Mexican Chachalaca18,D:\other\Bird\Dataset\CC0\West Mexican Chachalaca_sound\West Mexican Chachalaca18.mp3,D:\other\Bird\Code\data\kaggle_wav_cache\West Mexican Chachalaca_sound\West Mexican Chachalaca18.wav,converted,32000,1,132.4213125,
West Mexican Chachalaca_sound/West Mexican Chachalaca17,D:\other\Bird\Dataset\CC0\West Mexican Chachalaca_sound\West Mexican Chachalaca17.mp3,D:\other\Bird\Code\data\kaggle_wav_cache\West Mexican Chachalaca_sound\West Mexican Chachalaca17.wav,converted,32000,1,132.4213125,
West Mexican Chachalaca_sound/West Mexican Chachalaca19,D:\other\Bird\Dataset\CC0\West Mexican Chachalaca_sound\West Mexican Chachalaca19.mp3,D:\other\Bird\Code\data\kaggle_wav_cache\West Mexican Chachalaca_sound\West Mexican Chachalaca19.wav,converted,32000,1,11.28,"[mp3 @ 000002ecbb595640] Estimating duration from bitrate, this may be inaccurate
"
West Mexican Chachalaca_sound/West Mexican Chachalaca2,D:\other\Bird\Dataset\CC0\West Mexican Chachalaca_sound\West Mexican Chachalaca2.mp3,D:\other\Bird\Code\data\kaggle_wav_cache\West Mexican Chachalaca_sound\West Mexican Chachalaca2.wav,converted,32000,1,138.48,"[mp3 @ 0000022c43425640] Estimating duration from bitrate, this may be inaccurate
"
West Mexican Chachalaca_sound/West Mexican Chachalaca20,D:\other\Bird\Dataset\CC0\West Mexican Chachalaca_sound\West Mexican Chachalaca20.mp3,D:\other\Bird\Code\data\kaggle_wav_cache\West Mexican Chachalaca_sound\West Mexican Chachalaca20.wav,converted,32000,1,11.28,"[mp3 @ 000002a3ff6e5640] Estimating duration from bitrate, this may be inaccurate
"
West Mexican Chachalaca_sound/West Mexican Chachalaca21,D:\other\Bird\Dataset\CC0\West Mexican Chachalaca_sound\West Mexican Chachalaca21.mp3,D:\other\Bird\Code\data\kaggle_wav_cache\West Mexican Chachalaca_sound\West Mexican Chachalaca21.wav,converted,32000,1,11.28,"[mp3 @ 000002a0cdd85640] Estimating duration from bitrate, this may be inaccurate
"
West Mexican Chachalaca_sound/West Mexican Chachalaca22,D:\other\Bird\Dataset\CC0\West Mexican Chachalaca_sound\West Mexican Chachalaca22.mp3,D:\other\Bird\Code\data\kaggle_wav_cache\West Mexican Chachalaca_sound\West Mexican Chachalaca22.wav,converted,32000,1,66.0375625,"[mp3 @ 000001b5be955640] Estimating duration from bitrate, this may be inaccurate
"
West Mexican Chachalaca_sound/West Mexican Chachalaca23,D:\other\Bird\Dataset\CC0\West Mexican Chachalaca_sound\West Mexican Chachalaca23.mp3,D:\other\Bird\Code\data\kaggle_wav_cache\West Mexican Chachalaca_sound\West Mexican Chachalaca23.wav,converted,32000,1,106.73634375,"[mp3 @ 000002ae26a55640] Estimating duration from bitrate, this may be inaccurate
"
West Mexican Chachalaca_sound/West Mexican Chachalaca24,D:\other\Bird\Dataset\CC0\West Mexican Chachalaca_sound\West Mexican Chachalaca24.mp3,D:\other\Bird\Code\data\kaggle_wav_cache\West Mexican Chachalaca_sound\West Mexican Chachalaca24.wav,converted,32000,1,106.73634375,"[mp3 @ 000001c2a8895640] Estimating duration from bitrate, this may be inaccurate
"
West Mexican Chachalaca_sound/West Mexican Chachalaca25,D:\other\Bird\Dataset\CC0\West Mexican Chachalaca_sound\West Mexican Chachalaca25.mp3,D:\other\Bird\Code\data\kaggle_wav_cache\West Mexican Chachalaca_sound\West Mexican Chachalaca25.wav,converted,32000,1,106.73634375,"[mp3 @ 0000021ce7b05640] Estimating duration from bitrate, this may be inaccurate
"
West Mexican Chachalaca_sound/West Mexican Chachalaca26,D:\other\Bird\Dataset\CC0\West Mexican Chachalaca_sound\West Mexican Chachalaca26.mp3,D:\other\Bird\Code\data\kaggle_wav_cache\West Mexican Chachalaca_sound\West Mexican Chachalaca26.wav,converted,32000,1,106.73634375,"[mp3 @ 000002a379c75640] Estimating duration from bitrate, this may be inaccurate
"
West Mexican Chachalaca_sound/West Mexican Chachalaca27,D:\other\Bird\Dataset\CC0\West Mexican Chachalaca_sound\West Mexican Chachalaca27.mp3,D:\other\Bird\Code\data\kaggle_wav_cache\West Mexican Chachalaca_sound\West Mexican Chachalaca27.wav,converted,32000,1,7.140875,
West Mexican Chachalaca_sound/West Mexican Chachalaca29,D:\other\Bird\Dataset\CC0\West Mexican Chachalaca_sound\West Mexican Chachalaca29.mp3,D:\other\Bird\Code\data\kaggle_wav_cache\West Mexican Chachalaca_sound\West Mexican Chachalaca29.wav,converted,32000,1,72.28671875,
West Mexican Chachalaca_sound/West Mexican Chachalaca28,D:\other\Bird\Dataset\CC0\West Mexican Chachalaca_sound\West Mexican Chachalaca28.mp3,D:\other\Bird\Code\data\kaggle_wav_cache\West Mexican Chachalaca_sound\West Mexican Chachalaca28.wav,converted,32000,1,105.5549375,
West Mexican Chachalaca_sound/West Mexican Chachalaca3,D:\other\Bird\Dataset\CC0\West Mexican Chachalaca_sound\West Mexican Chachalaca3.mp3,D:\other\Bird\Code\data\kaggle_wav_cache\West Mexican Chachalaca_sound\West Mexican Chachalaca3.wav,converted,32000,1,138.48,"[mp3 @ 000001c0e08a5640] Estimating duration from bitrate, this may be inaccurate
"
West Mexican Chachalaca_sound/West Mexican Chachalaca30,D:\other\Bird\Dataset\CC0\West Mexican Chachalaca_sound\West Mexican Chachalaca30.mp3,D:\other\Bird\Code\data\kaggle_wav_cache\West Mexican Chachalaca_sound\West Mexican Chachalaca30.wav,converted,32000,1,156.3095,
West Mexican Chachalaca_sound/West Mexican Chachalaca31,D:\other\Bird\Dataset\CC0\West Mexican Chachalaca_sound\West Mexican Chachalaca31.mp3,D:\other\Bird\Code\data\kaggle_wav_cache\West Mexican Chachalaca_sound\West Mexican Chachalaca31.wav,converted,32000,1,43.0171875,
West Mexican Chachalaca_sound/West Mexican Chachalaca4,D:\other\Bird\Dataset\CC0\West Mexican Chachalaca_sound\West Mexican Chachalaca4.mp3,D:\other\Bird\Code\data\kaggle_wav_cache\West Mexican Chachalaca_sound\West Mexican Chachalaca4.wav,converted,32000,1,6.8379375,
West Mexican Chachalaca_sound/West Mexican Chachalaca6,D:\other\Bird\Dataset\CC0\West Mexican Chachalaca_sound\West Mexican Chachalaca6.mp3,D:\other\Bird\Code\data\kaggle_wav_cache\West Mexican Chachalaca_sound\West Mexican Chachalaca6.wav,converted,32000,1,57.97325,
West Mexican Chachalaca_sound/West Mexican Chachalaca5,D:\other\Bird\Dataset\CC0\West Mexican Chachalaca_sound\West Mexican Chachalaca5.mp3,D:\other\Bird\Code\data\kaggle_wav_cache\West Mexican Chachalaca_sound\West Mexican Chachalaca5.wav,converted,32000,1,91.082,
West Mexican Chachalaca_sound/West Mexican Chachalaca7,D:\other\Bird\Dataset\CC0\West Mexican Chachalaca_sound\West Mexican Chachalaca7.mp3,D:\other\Bird\Code\data\kaggle_wav_cache\West Mexican Chachalaca_sound\West Mexican Chachalaca7.wav,converted,32000,1,14.90721875,
West Mexican Chachalaca_sound/West Mexican Chachalaca8,D:\other\Bird\Dataset\CC0\West Mexican Chachalaca_sound\West Mexican Chachalaca8.mp3,D:\other\Bird\Code\data\kaggle_wav_cache\West Mexican Chachalaca_sound\West Mexican Chachalaca8.wav,converted,32000,1,6.60159375,
West Mexican Chachalaca_sound/West Mexican Chachalaca9,D:\other\Bird\Dataset\CC0\West Mexican Chachalaca_sound\West Mexican Chachalaca9.mp3,D:\other\Bird\Code\data\kaggle_wav_cache\West Mexican Chachalaca_sound\West Mexican Chachalaca9.wav,converted,32000,1,8.509,
White-bellied Chachalaca_sound/White-bellied Chachalaca10,D:\other\Bird\Dataset\CC0\White-bellied Chachalaca_sound\White-bellied Chachalaca10.mp3,D:\other\Bird\Code\data\kaggle_wav_cache\White-bellied Chachalaca_sound\White-bellied Chachalaca10.wav,converted,32000,1,90.84,"[mp3 @ 000002021d405640] Estimating duration from bitrate, this may be inaccurate
"
White-bellied Chachalaca_sound/White-bellied Chachalaca11,D:\other\Bird\Dataset\CC0\White-bellied Chachalaca_sound\White-bellied Chachalaca11.mp3,D:\other\Bird\Code\data\kaggle_wav_cache\White-bellied Chachalaca_sound\White-bellied Chachalaca11.wav,converted,32000,1,90.84,"[mp3 @ 000001ca98615640] Estimating duration from bitrate, this may be inaccurate
"
White-bellied Chachalaca_sound/White-bellied Chachalaca13,D:\other\Bird\Dataset\CC0\White-bellied Chachalaca_sound\White-bellied Chachalaca13.mp3,D:\other\Bird\Code\data\kaggle_wav_cache\White-bellied Chachalaca_sound\White-bellied Chachalaca13.wav,converted,32000,1,7.417625,
White-bellied Chachalaca_sound/White-bellied Chachalaca12,D:\other\Bird\Dataset\CC0\White-bellied Chachalaca_sound\White-bellied Chachalaca12.mp3,D:\other\Bird\Code\data\kaggle_wav_cache\White-bellied Chachalaca_sound\White-bellied Chachalaca12.wav,converted,32000,1,90.84,"[mp3 @ 000002340cb05640] Estimating duration from bitrate, this may be inaccurate
"
White-bellied Chachalaca_sound/White-bellied Chachalaca14,D:\other\Bird\Dataset\CC0\White-bellied Chachalaca_sound\White-bellied Chachalaca14.mp3,D:\other\Bird\Code\data\kaggle_wav_cache\White-bellied Chachalaca_sound\White-bellied Chachalaca14.wav,converted,32000,1,7.417625,
White-bellied Chachalaca_sound/White-bellied Chachalaca15,D:\other\Bird\Dataset\CC0\White-bellied Chachalaca_sound\White-bellied Chachalaca15.mp3,D:\other\Bird\Code\data\kaggle_wav_cache\White-bellied Chachalaca_sound\White-bellied Chachalaca15.wav,converted,32000,1,7.417625,
White-bellied Chachalaca_sound/White-bellied Chachalaca16,D:\other\Bird\Dataset\CC0\White-bellied Chachalaca_sound\White-bellied Chachalaca16.mp3,D:\other\Bird\Code\data\kaggle_wav_cache\White-bellied Chachalaca_sound\White-bellied Chachalaca16.wav,converted,32000,1,7.417625,
White-bellied Chachalaca_sound/White-bellied Chachalaca17,D:\other\Bird\Dataset\CC0\White-bellied Chachalaca_sound\White-bellied Chachalaca17.mp3,D:\other\Bird\Code\data\kaggle_wav_cache\White-bellied Chachalaca_sound\White-bellied Chachalaca17.wav,converted,32000,1,7.417625,
White-bellied Chachalaca_sound/White-bellied Chachalaca19,D:\other\Bird\Dataset\CC0\White-bellied Chachalaca_sound\White-bellied Chachalaca19.mp3,D:\other\Bird\Code\data\kaggle_wav_cache\White-bellied Chachalaca_sound\White-bellied Chachalaca19.wav,converted,32000,1,11.44165625,"[mp3 @ 000002b02f515640] Estimating duration from bitrate, this may be inaccurate
"
White-bellied Chachalaca_sound/White-bellied Chachalaca18,D:\other\Bird\Dataset\CC0\White-bellied Chachalaca_sound\White-bellied Chachalaca18.mp3,D:\other\Bird\Code\data\kaggle_wav_cache\White-bellied Chachalaca_sound\White-bellied Chachalaca18.wav,converted,32000,1,20.1034375,
White-bellied Chachalaca_sound/White-bellied Chachalaca20,D:\other\Bird\Dataset\CC0\White-bellied Chachalaca_sound\White-bellied Chachalaca20.mp3,D:\other\Bird\Code\data\kaggle_wav_cache\White-bellied Chachalaca_sound\White-bellied Chachalaca20.wav,converted,32000,1,11.622125,
White-bellied Chachalaca_sound/White-bellied Chachalaca2,D:\other\Bird\Dataset\CC0\White-bellied Chachalaca_sound\White-bellied Chachalaca2.mp3,D:\other\Bird\Code\data\kaggle_wav_cache\White-bellied Chachalaca_sound\White-bellied Chachalaca2.wav,converted,32000,1,81.44459375,
White-bellied Chachalaca_sound/White-bellied Chachalaca4,D:\other\Bird\Dataset\CC0\White-bellied Chachalaca_sound\White-bellied Chachalaca4.mp3,D:\other\Bird\Code\data\kaggle_wav_cache\White-bellied Chachalaca_sound\White-bellied Chachalaca4.wav,converted,32000,1,10.36315625,
White-bellied Chachalaca_sound/White-bellied Chachalaca3,D:\other\Bird\Dataset\CC0\White-bellied Chachalaca_sound\White-bellied Chachalaca3.mp3,D:\other\Bird\Code\data\kaggle_wav_cache\White-bellied Chachalaca_sound\White-bellied Chachalaca3.wav,converted,32000,1,99.7275625,
White-bellied Chachalaca_sound/White-bellied Chachalaca5,D:\other\Bird\Dataset\CC0\White-bellied Chachalaca_sound\White-bellied Chachalaca5.mp3,D:\other\Bird\Code\data\kaggle_wav_cache\White-bellied Chachalaca_sound\White-bellied Chachalaca5.wav,converted,32000,1,10.36315625,
White-bellied Chachalaca_sound/White-bellied Chachalaca6,D:\other\Bird\Dataset\CC0\White-bellied Chachalaca_sound\White-bellied Chachalaca6.mp3,D:\other\Bird\Code\data\kaggle_wav_cache\White-bellied Chachalaca_sound\White-bellied Chachalaca6.wav,converted,32000,1,10.36315625,
White-bellied Chachalaca_sound/White-bellied Chachalaca7,D:\other\Bird\Dataset\CC0\White-bellied Chachalaca_sound\White-bellied Chachalaca7.mp3,D:\other\Bird\Code\data\kaggle_wav_cache\White-bellied Chachalaca_sound\White-bellied Chachalaca7.wav,converted,32000,1,90.84,"[mp3 @ 000001af9bf95640] Estimating duration from bitrate, this may be inaccurate
"
White-bellied Chachalaca_sound/White-bellied Chachalaca8,D:\other\Bird\Dataset\CC0\White-bellied Chachalaca_sound\White-bellied Chachalaca8.mp3,D:\other\Bird\Code\data\kaggle_wav_cache\White-bellied Chachalaca_sound\White-bellied Chachalaca8.wav,converted,32000,1,90.84,"[mp3 @ 000001c268735640] Estimating duration from bitrate, this may be inaccurate
"
White-bellied Nothura_sound/White-bellied Nothura10,D:\other\Bird\Dataset\CC0\White-bellied Nothura_sound\White-bellied Nothura10.mp3,D:\other\Bird\Code\data\kaggle_wav_cache\White-bellied Nothura_sound\White-bellied Nothura10.wav,converted,32000,1,38.0026875,
White-bellied Chachalaca_sound/White-bellied Chachalaca9,D:\other\Bird\Dataset\CC0\White-bellied Chachalaca_sound\White-bellied Chachalaca9.mp3,D:\other\Bird\Code\data\kaggle_wav_cache\White-bellied Chachalaca_sound\White-bellied Chachalaca9.wav,converted,32000,1,90.84,"[mp3 @ 000001875d535640] Estimating duration from bitrate, this may be inaccurate
"
White-bellied Nothura_sound/White-bellied Nothura11,D:\other\Bird\Dataset\CC0\White-bellied Nothura_sound\White-bellied Nothura11.mp3,D:\other\Bird\Code\data\kaggle_wav_cache\White-bellied Nothura_sound\White-bellied Nothura11.wav,converted,32000,1,38.0026875,
White-bellied Nothura_sound/White-bellied Nothura12,D:\other\Bird\Dataset\CC0\White-bellied Nothura_sound\White-bellied Nothura12.mp3,D:\other\Bird\Code\data\kaggle_wav_cache\White-bellied Nothura_sound\White-bellied Nothura12.wav,converted,32000,1,29.34,"[mp3 @ 000001f013ae5640] Estimating duration from bitrate, this may be inaccurate
"
White-bellied Nothura_sound/White-bellied Nothura13,D:\other\Bird\Dataset\CC0\White-bellied Nothura_sound\White-bellied Nothura13.mp3,D:\other\Bird\Code\data\kaggle_wav_cache\White-bellied Nothura_sound\White-bellied Nothura13.wav,converted,32000,1,20.32328125,"[mp3 @ 0000028ce52c5640] Estimating duration from bitrate, this may be inaccurate
"
White-bellied Nothura_sound/White-bellied Nothura14,D:\other\Bird\Dataset\CC0\White-bellied Nothura_sound\White-bellied Nothura14.mp3,D:\other\Bird\Code\data\kaggle_wav_cache\White-bellied Nothura_sound\White-bellied Nothura14.wav,converted,32000,1,20.32328125,"[mp3 @ 00000144f2a95640] Estimating duration from bitrate, this may be inaccurate
"
White-bellied Nothura_sound/White-bellied Nothura15,D:\other\Bird\Dataset\CC0\White-bellied Nothura_sound\White-bellied Nothura15.mp3,D:\other\Bird\Code\data\kaggle_wav_cache\White-bellied Nothura_sound\White-bellied Nothura15.wav,converted,32000,1,27.42859375,"[mp3 @ 0000020885dd5640] Estimating duration from bitrate, this may be inaccurate
"
White-bellied Nothura_sound/White-bellied Nothura16,D:\other\Bird\Dataset\CC0\White-bellied Nothura_sound\White-bellied Nothura16.mp3,D:\other\Bird\Code\data\kaggle_wav_cache\White-bellied Nothura_sound\White-bellied Nothura16.wav,converted,32000,1,27.42859375,"[mp3 @ 000001aa79255640] Estimating duration from bitrate, this may be inaccurate
"
White-bellied Nothura_sound/White-bellied Nothura17,D:\other\Bird\Dataset\CC0\White-bellied Nothura_sound\White-bellied Nothura17.mp3,D:\other\Bird\Code\data\kaggle_wav_cache\White-bellied Nothura_sound\White-bellied Nothura17.wav,converted,32000,1,34.0636875,"[mp3 @ 0000023dbfe65640] Estimating duration from bitrate, this may be inaccurate
"
White-bellied Nothura_sound/White-bellied Nothura18,D:\other\Bird\Dataset\CC0\White-bellied Nothura_sound\White-bellied Nothura18.mp3,D:\other\Bird\Code\data\kaggle_wav_cache\White-bellied Nothura_sound\White-bellied Nothura18.wav,converted,32000,1,32.05225,"[mp3 @ 0000020a5ef65640] Estimating duration from bitrate, this may be inaccurate
"
White-bellied Nothura_sound/White-bellied Nothura19,D:\other\Bird\Dataset\CC0\White-bellied Nothura_sound\White-bellied Nothura19.mp3,D:\other\Bird\Code\data\kaggle_wav_cache\White-bellied Nothura_sound\White-bellied Nothura19.wav,converted,32000,1,32.05225,"[mp3 @ 000002c9a8fa5640] Estimating duration from bitrate, this may be inaccurate
"
White-bellied Nothura_sound/White-bellied Nothura2,D:\other\Bird\Dataset\CC0\White-bellied Nothura_sound\White-bellied Nothura2.mp3,D:\other\Bird\Code\data\kaggle_wav_cache\White-bellied Nothura_sound\White-bellied Nothura2.wav,converted,32000,1,10.9975625,"[mp3 @ 0000022d0fac5640] Estimating duration from bitrate, this may be inaccurate
"
White-bellied Nothura_sound/White-bellied Nothura20,D:\other\Bird\Dataset\CC0\White-bellied Nothura_sound\White-bellied Nothura20.mp3,D:\other\Bird\Code\data\kaggle_wav_cache\White-bellied Nothura_sound\White-bellied Nothura20.wav,converted,32000,1,32.05225,"[mp3 @ 000002c0b2845640] Estimating duration from bitrate, this may be inaccurate
"
White-bellied Nothura_sound/White-bellied Nothura21,D:\other\Bird\Dataset\CC0\White-bellied Nothura_sound\White-bellied Nothura21.mp3,D:\other\Bird\Code\data\kaggle_wav_cache\White-bellied Nothura_sound\White-bellied Nothura21.wav,converted,32000,1,33.33225,"[mp3 @ 00000286536d5640] Estimating duration from bitrate, this may be inaccurate
"
White-bellied Nothura_sound/White-bellied Nothura22,D:\other\Bird\Dataset\CC0\White-bellied Nothura_sound\White-bellied Nothura22.mp3,D:\other\Bird\Code\data\kaggle_wav_cache\White-bellied Nothura_sound\White-bellied Nothura22.wav,converted,32000,1,23.8498125,"[mp3 @ 0000015763975640] Estimating duration from bitrate, this may be inaccurate
"
White-bellied Nothura_sound/White-bellied Nothura23,D:\other\Bird\Dataset\CC0\White-bellied Nothura_sound\White-bellied Nothura23.mp3,D:\other\Bird\Code\data\kaggle_wav_cache\White-bellied Nothura_sound\White-bellied Nothura23.wav,converted,32000,1,54.024,"[mp3 @ 000002100c525640] Estimating duration from bitrate, this may be inaccurate
"
White-bellied Nothura_sound/White-bellied Nothura25,D:\other\Bird\Dataset\CC0\White-bellied Nothura_sound\White-bellied Nothura25.mp3,D:\other\Bird\Code\data\kaggle_wav_cache\White-bellied Nothura_sound\White-bellied Nothura25.wav,converted,32000,1,9.715125,
White-bellied Nothura_sound/White-bellied Nothura24,D:\other\Bird\Dataset\CC0\White-bellied Nothura_sound\White-bellied Nothura24.mp3,D:\other\Bird\Code\data\kaggle_wav_cache\White-bellied Nothura_sound\White-bellied Nothura24.wav,converted,32000,1,54.024,"[mp3 @ 0000010637205640] Estimating duration from bitrate, this may be inaccurate
"
White-bellied Nothura_sound/White-bellied Nothura26,D:\other\Bird\Dataset\CC0\White-bellied Nothura_sound\White-bellied Nothura26.mp3,D:\other\Bird\Code\data\kaggle_wav_cache\White-bellied Nothura_sound\White-bellied Nothura26.wav,converted,32000,1,22.0735,"[mp3 @ 000001b9e35f5640] Estimating duration from bitrate, this may be inaccurate
"
White-bellied Nothura_sound/White-bellied Nothura27,D:\other\Bird\Dataset\CC0\White-bellied Nothura_sound\White-bellied Nothura27.mp3,D:\other\Bird\Code\data\kaggle_wav_cache\White-bellied Nothura_sound\White-bellied Nothura27.wav,converted,32000,1,22.0735,"[mp3 @ 0000014291115640] Estimating duration from bitrate, this may be inaccurate
"
White-bellied Nothura_sound/White-bellied Nothura28,D:\other\Bird\Dataset\CC0\White-bellied Nothura_sound\White-bellied Nothura28.mp3,D:\other\Bird\Code\data\kaggle_wav_cache\White-bellied Nothura_sound\White-bellied Nothura28.wav,converted,32000,1,11.33715625,"[mp3 @ 0000027bc5d25640] Estimating duration from bitrate, this may be inaccurate
[mp3float @ 0000027bc5d27bc0] Header missing
Error while decoding stream #0:0: Invalid data found when processing input
"
White-bellied Nothura_sound/White-bellied Nothura29,D:\other\Bird\Dataset\CC0\White-bellied Nothura_sound\White-bellied Nothura29.mp3,D:\other\Bird\Code\data\kaggle_wav_cache\White-bellied Nothura_sound\White-bellied Nothura29.wav,converted,32000,1,27.384,"[mp3 @ 0000021d7ec55640] Estimating duration from bitrate, this may be inaccurate
"
White-bellied Nothura_sound/White-bellied Nothura3,D:\other\Bird\Dataset\CC0\White-bellied Nothura_sound\White-bellied Nothura3.mp3,D:\other\Bird\Code\data\kaggle_wav_cache\White-bellied Nothura_sound\White-bellied Nothura3.wav,converted,32000,1,51.30446875,
White-bellied Nothura_sound/White-bellied Nothura30,D:\other\Bird\Dataset\CC0\White-bellied Nothura_sound\White-bellied Nothura30.mp3,D:\other\Bird\Code\data\kaggle_wav_cache\White-bellied Nothura_sound\White-bellied Nothura30.wav,converted,32000,1,4.944,"[mp3 @ 0000019953ff5640] Estimating duration from bitrate, this may be inaccurate
"
White-bellied Nothura_sound/White-bellied Nothura31,D:\other\Bird\Dataset\CC0\White-bellied Nothura_sound\White-bellied Nothura31.mp3,D:\other\Bird\Code\data\kaggle_wav_cache\White-bellied Nothura_sound\White-bellied Nothura31.wav,converted,32000,1,44.66940625,"[mp3 @ 000002b8321b5640] Estimating duration from bitrate, this may be inaccurate
"
White-bellied Nothura_sound/White-bellied Nothura4,D:\other\Bird\Dataset\CC0\White-bellied Nothura_sound\White-bellied Nothura4.mp3,D:\other\Bird\Code\data\kaggle_wav_cache\White-bellied Nothura_sound\White-bellied Nothura4.wav,converted,32000,1,35.1786875,
White-bellied Nothura_sound/White-bellied Nothura5,D:\other\Bird\Dataset\CC0\White-bellied Nothura_sound\White-bellied Nothura5.mp3,D:\other\Bird\Code\data\kaggle_wav_cache\White-bellied Nothura_sound\White-bellied Nothura5.wav,converted,32000,1,40.382125,
White-bellied Nothura_sound/White-bellied Nothura6,D:\other\Bird\Dataset\CC0\White-bellied Nothura_sound\White-bellied Nothura6.mp3,D:\other\Bird\Code\data\kaggle_wav_cache\White-bellied Nothura_sound\White-bellied Nothura6.wav,converted,32000,1,40.382125,
White-bellied Nothura_sound/White-bellied Nothura7,D:\other\Bird\Dataset\CC0\White-bellied Nothura_sound\White-bellied Nothura7.mp3,D:\other\Bird\Code\data\kaggle_wav_cache\White-bellied Nothura_sound\White-bellied Nothura7.wav,converted,32000,1,40.382125,
White-bellied Nothura_sound/White-bellied Nothura8,D:\other\Bird\Dataset\CC0\White-bellied Nothura_sound\White-bellied Nothura8.mp3,D:\other\Bird\Code\data\kaggle_wav_cache\White-bellied Nothura_sound\White-bellied Nothura8.wav,converted,32000,1,40.382125,
White-bellied Nothura_sound/White-bellied Nothura9,D:\other\Bird\Dataset\CC0\White-bellied Nothura_sound\White-bellied Nothura9.mp3,D:\other\Bird\Code\data\kaggle_wav_cache\White-bellied Nothura_sound\White-bellied Nothura9.wav,converted,32000,1,38.0026875,
White-browed Guan_sound/White-browed Guan2,D:\other\Bird\Dataset\CC0\White-browed Guan_sound\White-browed Guan2.mp3,D:\other\Bird\Code\data\kaggle_wav_cache\White-browed Guan_sound\White-browed Guan2.wav,converted,32000,1,34.296,"[mp3 @ 00000293dec25600] Estimating duration from bitrate, this may be inaccurate
"
White-browed Guan_sound/White-browed Guan3,D:\other\Bird\Dataset\CC0\White-browed Guan_sound\White-browed Guan3.mp3,D:\other\Bird\Code\data\kaggle_wav_cache\White-browed Guan_sound\White-browed Guan3.wav,converted,32000,1,3.888,"[mp3 @ 00000211336e5600] Estimating duration from bitrate, this may be inaccurate
"
White-browed Guan_sound/White-browed Guan4,D:\other\Bird\Dataset\CC0\White-browed Guan_sound\White-browed Guan4.mp3,D:\other\Bird\Code\data\kaggle_wav_cache\White-browed Guan_sound\White-browed Guan4.wav,converted,32000,1,3.888,"[mp3 @ 000001ad20165600] Estimating duration from bitrate, this may be inaccurate
"
White-crested Guan_sound/White-crested Guan10,D:\other\Bird\Dataset\CC0\White-crested Guan_sound\White-crested Guan10.mp3,D:\other\Bird\Code\data\kaggle_wav_cache\White-crested Guan_sound\White-crested Guan10.wav,converted,32000,1,60.2645,"[mp3 @ 000001e4f15e5600] Estimating duration from bitrate, this may be inaccurate
"
White-crested Guan_sound/White-crested Guan11,D:\other\Bird\Dataset\CC0\White-crested Guan_sound\White-crested Guan11.mp3,D:\other\Bird\Code\data\kaggle_wav_cache\White-crested Guan_sound\White-crested Guan11.wav,converted,32000,1,63.89553125,"[mp3 @ 00000172f0b95600] Estimating duration from bitrate, this may be inaccurate
"
White-crested Guan_sound/White-crested Guan12,D:\other\Bird\Dataset\CC0\White-crested Guan_sound\White-crested Guan12.mp3,D:\other\Bird\Code\data\kaggle_wav_cache\White-crested Guan_sound\White-crested Guan12.wav,converted,32000,1,63.89553125,"[mp3 @ 000002aea02f5600] Estimating duration from bitrate, this may be inaccurate
"
White-crested Guan_sound/White-crested Guan13,D:\other\Bird\Dataset\CC0\White-crested Guan_sound\White-crested Guan13.mp3,D:\other\Bird\Code\data\kaggle_wav_cache\White-crested Guan_sound\White-crested Guan13.wav,converted,32000,1,18.92378125,
White-crested Guan_sound/White-crested Guan2,D:\other\Bird\Dataset\CC0\White-crested Guan_sound\White-crested Guan2.mp3,D:\other\Bird\Code\data\kaggle_wav_cache\White-crested Guan_sound\White-crested Guan2.wav,converted,32000,1,16.927375,"[mp3 @ 0000023ccdb95600] Estimating duration from bitrate, this may be inaccurate
"
White-crested Guan_sound/White-crested Guan3,D:\other\Bird\Dataset\CC0\White-crested Guan_sound\White-crested Guan3.mp3,D:\other\Bird\Code\data\kaggle_wav_cache\White-crested Guan_sound\White-crested Guan3.wav,converted,32000,1,16.927375,"[mp3 @ 0000024bd1ad5600] Estimating duration from bitrate, this may be inaccurate
"
White-crested Guan_sound/White-crested Guan4,D:\other\Bird\Dataset\CC0\White-crested Guan_sound\White-crested Guan4.mp3,D:\other\Bird\Code\data\kaggle_wav_cache\White-crested Guan_sound\White-crested Guan4.wav,converted,32000,1,16.927375,"[mp3 @ 0000018890215600] Estimating duration from bitrate, this may be inaccurate
"
White-crested Guan_sound/White-crested Guan5,D:\other\Bird\Dataset\CC0\White-crested Guan_sound\White-crested Guan5.mp3,D:\other\Bird\Code\data\kaggle_wav_cache\White-crested Guan_sound\White-crested Guan5.wav,converted,32000,1,16.927375,"[mp3 @ 000001b07c215600] Estimating duration from bitrate, this may be inaccurate
"
White-crested Guan_sound/White-crested Guan6,D:\other\Bird\Dataset\CC0\White-crested Guan_sound\White-crested Guan6.mp3,D:\other\Bird\Code\data\kaggle_wav_cache\White-crested Guan_sound\White-crested Guan6.wav,converted,32000,1,16.927375,"[mp3 @ 0000021d35515600] Estimating duration from bitrate, this may be inaccurate
"
White-crested Guan_sound/White-crested Guan7,D:\other\Bird\Dataset\CC0\White-crested Guan_sound\White-crested Guan7.mp3,D:\other\Bird\Code\data\kaggle_wav_cache\White-crested Guan_sound\White-crested Guan7.wav,converted,32000,1,33.8011875,
White-crested Guan_sound/White-crested Guan8,D:\other\Bird\Dataset\CC0\White-crested Guan_sound\White-crested Guan8.mp3,D:\other\Bird\Code\data\kaggle_wav_cache\White-crested Guan_sound\White-crested Guan8.wav,converted,32000,1,33.8011875,
White-crested Guan_sound/White-crested Guan9,D:\other\Bird\Dataset\CC0\White-crested Guan_sound\White-crested Guan9.mp3,D:\other\Bird\Code\data\kaggle_wav_cache\White-crested Guan_sound\White-crested Guan9.wav,converted,32000,1,47.90859375,"[mp3 @ 0000022236cb5600] Estimating duration from bitrate, this may be inaccurate
"
White-throated Tinamou_sound/White-throated Tinamou10,D:\other\Bird\Dataset\CC0\White-throated Tinamou_sound\White-throated Tinamou10.mp3,D:\other\Bird\Code\data\kaggle_wav_cache\White-throated Tinamou_sound\White-throated Tinamou10.wav,converted,32000,1,6.816,"[mp3 @ 0000024e7a935640] Estimating duration from bitrate, this may be inaccurate
"
White-throated Tinamou_sound/White-throated Tinamou11,D:\other\Bird\Dataset\CC0\White-throated Tinamou_sound\White-throated Tinamou11.mp3,D:\other\Bird\Code\data\kaggle_wav_cache\White-throated Tinamou_sound\White-throated Tinamou11.wav,converted,32000,1,6.816,"[mp3 @ 0000029daf045640] Estimating duration from bitrate, this may be inaccurate
"
White-throated Tinamou_sound/White-throated Tinamou12,D:\other\Bird\Dataset\CC0\White-throated Tinamou_sound\White-throated Tinamou12.mp3,D:\other\Bird\Code\data\kaggle_wav_cache\White-throated Tinamou_sound\White-throated Tinamou12.wav,converted,32000,1,6.816,"[mp3 @ 0000016e58485640] Estimating duration from bitrate, this may be inaccurate
"
White-throated Tinamou_sound/White-throated Tinamou13,D:\other\Bird\Dataset\CC0\White-throated Tinamou_sound\White-throated Tinamou13.mp3,D:\other\Bird\Code\data\kaggle_wav_cache\White-throated Tinamou_sound\White-throated Tinamou13.wav,converted,32000,1,38.478375,"[mp3 @ 000002592acd5640] Estimating duration from bitrate, this may be inaccurate
"
White-throated Tinamou_sound/White-throated Tinamou14,D:\other\Bird\Dataset\CC0\White-throated Tinamou_sound\White-throated Tinamou14.mp3,D:\other\Bird\Code\data\kaggle_wav_cache\White-throated Tinamou_sound\White-throated Tinamou14.wav,converted,32000,1,33.515125,"[mp3 @ 000001c0957a5640] Estimating duration from bitrate, this may be inaccurate
"
White-throated Tinamou_sound/White-throated Tinamou15,D:\other\Bird\Dataset\CC0\White-throated Tinamou_sound\White-throated Tinamou15.mp3,D:\other\Bird\Code\data\kaggle_wav_cache\White-throated Tinamou_sound\White-throated Tinamou15.wav,converted,32000,1,6.70721875,
White-throated Tinamou_sound/White-throated Tinamou16,D:\other\Bird\Dataset\CC0\White-throated Tinamou_sound\White-throated Tinamou16.mp3,D:\other\Bird\Code\data\kaggle_wav_cache\White-throated Tinamou_sound\White-throated Tinamou16.wav,converted,32000,1,6.70721875,
White-throated Tinamou_sound/White-throated Tinamou17,D:\other\Bird\Dataset\CC0\White-throated Tinamou_sound\White-throated Tinamou17.mp3,D:\other\Bird\Code\data\kaggle_wav_cache\White-throated Tinamou_sound\White-throated Tinamou17.wav,converted,32000,1,11.44,
White-throated Tinamou_sound/White-throated Tinamou18,D:\other\Bird\Dataset\CC0\White-throated Tinamou_sound\White-throated Tinamou18.mp3,D:\other\Bird\Code\data\kaggle_wav_cache\White-throated Tinamou_sound\White-throated Tinamou18.wav,converted,32000,1,17.13334375,
White-throated Tinamou_sound/White-throated Tinamou19,D:\other\Bird\Dataset\CC0\White-throated Tinamou_sound\White-throated Tinamou19.mp3,D:\other\Bird\Code\data\kaggle_wav_cache\White-throated Tinamou_sound\White-throated Tinamou19.wav,converted,32000,1,12.21334375,
White-throated Tinamou_sound/White-throated Tinamou2,D:\other\Bird\Dataset\CC0\White-throated Tinamou_sound\White-throated Tinamou2.mp3,D:\other\Bird\Code\data\kaggle_wav_cache\White-throated Tinamou_sound\White-throated Tinamou2.wav,converted,32000,1,17.03184375,"[mp3 @ 000002a7f2165640] Estimating duration from bitrate, this may be inaccurate
"
White-throated Tinamou_sound/White-throated Tinamou20,D:\other\Bird\Dataset\CC0\White-throated Tinamou_sound\White-throated Tinamou20.mp3,D:\other\Bird\Code\data\kaggle_wav_cache\White-throated Tinamou_sound\White-throated Tinamou20.wav,converted,32000,1,17.09334375,
White-throated Tinamou_sound/White-throated Tinamou21,D:\other\Bird\Dataset\CC0\White-throated Tinamou_sound\White-throated Tinamou21.mp3,D:\other\Bird\Code\data\kaggle_wav_cache\White-throated Tinamou_sound\White-throated Tinamou21.wav,converted,32000,1,12.84,
White-throated Tinamou_sound/White-throated Tinamou22,D:\other\Bird\Dataset\CC0\White-throated Tinamou_sound\White-throated Tinamou22.mp3,D:\other\Bird\Code\data\kaggle_wav_cache\White-throated Tinamou_sound\White-throated Tinamou22.wav,converted,32000,1,16.0130625,"[mp3 @ 00000268b0185640] Estimating duration from bitrate, this may be inaccurate
"
White-throated Tinamou_sound/White-throated Tinamou23,D:\other\Bird\Dataset\CC0\White-throated Tinamou_sound\White-throated Tinamou23.mp3,D:\other\Bird\Code\data\kaggle_wav_cache\White-throated Tinamou_sound\White-throated Tinamou23.wav,converted,32000,1,9.48246875,"[mp3 @ 000001eca25b5640] Estimating duration from bitrate, this may be inaccurate
"
White-throated Tinamou_sound/White-throated Tinamou24,D:\other\Bird\Dataset\CC0\White-throated Tinamou_sound\White-throated Tinamou24.mp3,D:\other\Bird\Code\data\kaggle_wav_cache\White-throated Tinamou_sound\White-throated Tinamou24.wav,converted,32000,1,7.65390625,"[mp3 @ 0000017758615640] Estimating duration from bitrate, this may be inaccurate
"
White-throated Tinamou_sound/White-throated Tinamou25,D:\other\Bird\Dataset\CC0\White-throated Tinamou_sound\White-throated Tinamou25.mp3,D:\other\Bird\Code\data\kaggle_wav_cache\White-throated Tinamou_sound\White-throated Tinamou25.wav,converted,32000,1,7.65390625,"[mp3 @ 000001e8a35c5640] Estimating duration from bitrate, this may be inaccurate
"
White-throated Tinamou_sound/White-throated Tinamou27,D:\other\Bird\Dataset\CC0\White-throated Tinamou_sound\White-throated Tinamou27.mp3,D:\other\Bird\Code\data\kaggle_wav_cache\White-throated Tinamou_sound\White-throated Tinamou27.wav,converted,32000,1,10.44,"[mp3 @ 0000026107c35640] Estimating duration from bitrate, this may be inaccurate
"
White-throated Tinamou_sound/White-throated Tinamou26,D:\other\Bird\Dataset\CC0\White-throated Tinamou_sound\White-throated Tinamou26.mp3,D:\other\Bird\Code\data\kaggle_wav_cache\White-throated Tinamou_sound\White-throated Tinamou26.wav,converted,32000,1,63.76490625,"[mp3 @ 0000015732f75640] Estimating duration from bitrate, this may be inaccurate
"
White-throated Tinamou_sound/White-throated Tinamou28,D:\other\Bird\Dataset\CC0\White-throated Tinamou_sound\White-throated Tinamou28.mp3,D:\other\Bird\Code\data\kaggle_wav_cache\White-throated Tinamou_sound\White-throated Tinamou28.wav,converted,32000,1,8.664,"[mp3 @ 0000023e96405640] Estimating duration from bitrate, this may be inaccurate
"
White-throated Tinamou_sound/White-throated Tinamou29,D:\other\Bird\Dataset\CC0\White-throated Tinamou_sound\White-throated Tinamou29.mp3,D:\other\Bird\Code\data\kaggle_wav_cache\White-throated Tinamou_sound\White-throated Tinamou29.wav,converted,32000,1,7.98084375,
White-throated Tinamou_sound/White-throated Tinamou30,D:\other\Bird\Dataset\CC0\White-throated Tinamou_sound\White-throated Tinamou30.mp3,D:\other\Bird\Code\data\kaggle_wav_cache\White-throated Tinamou_sound\White-throated Tinamou30.wav,converted,32000,1,11.28234375,
White-throated Tinamou_sound/White-throated Tinamou3,D:\other\Bird\Dataset\CC0\White-throated Tinamou_sound\White-throated Tinamou3.mp3,D:\other\Bird\Code\data\kaggle_wav_cache\White-throated Tinamou_sound\White-throated Tinamou3.wav,converted,32000,1,40.07184375,"[mp3 @ 000002275b075640] Estimating duration from bitrate, this may be inaccurate
"
White-throated Tinamou_sound/White-throated Tinamou31,D:\other\Bird\Dataset\CC0\White-throated Tinamou_sound\White-throated Tinamou31.mp3,D:\other\Bird\Code\data\kaggle_wav_cache\White-throated Tinamou_sound\White-throated Tinamou31.wav,converted,32000,1,15.69728125,
White-throated Tinamou_sound/White-throated Tinamou4,D:\other\Bird\Dataset\CC0\White-throated Tinamou_sound\White-throated Tinamou4.mp3,D:\other\Bird\Code\data\kaggle_wav_cache\White-throated Tinamou_sound\White-throated Tinamou4.wav,converted,32000,1,6.89634375,"[mp3 @ 0000023988975640] Estimating duration from bitrate, this may be inaccurate
"
White-throated Tinamou_sound/White-throated Tinamou5,D:\other\Bird\Dataset\CC0\White-throated Tinamou_sound\White-throated Tinamou5.mp3,D:\other\Bird\Code\data\kaggle_wav_cache\White-throated Tinamou_sound\White-throated Tinamou5.wav,converted,32000,1,35.424,"[mp3 @ 0000024c39e85640] Estimating duration from bitrate, this may be inaccurate
"
White-throated Tinamou_sound/White-throated Tinamou6,D:\other\Bird\Dataset\CC0\White-throated Tinamou_sound\White-throated Tinamou6.mp3,D:\other\Bird\Code\data\kaggle_wav_cache\White-throated Tinamou_sound\White-throated Tinamou6.wav,converted,32000,1,43.992,"[mp3 @ 000001c50cfb5640] Estimating duration from bitrate, this may be inaccurate
"
White-throated Tinamou_sound/White-throated Tinamou8,D:\other\Bird\Dataset\CC0\White-throated Tinamou_sound\White-throated Tinamou8.mp3,D:\other\Bird\Code\data\kaggle_wav_cache\White-throated Tinamou_sound\White-throated Tinamou8.wav,converted,32000,1,6.816,"[mp3 @ 000001254c295640] Estimating duration from bitrate, this may be inaccurate
"
White-throated Tinamou_sound/White-throated Tinamou7,D:\other\Bird\Dataset\CC0\White-throated Tinamou_sound\White-throated Tinamou7.mp3,D:\other\Bird\Code\data\kaggle_wav_cache\White-throated Tinamou_sound\White-throated Tinamou7.wav,converted,32000,1,43.992,"[mp3 @ 00000213130c5640] Estimating duration from bitrate, this may be inaccurate
"
White-throated Tinamou_sound/White-throated Tinamou9,D:\other\Bird\Dataset\CC0\White-throated Tinamou_sound\White-throated Tinamou9.mp3,D:\other\Bird\Code\data\kaggle_wav_cache\White-throated Tinamou_sound\White-throated Tinamou9.wav,converted,32000,1,6.816,"[mp3 @ 000001d758f85640] Estimating duration from bitrate, this may be inaccurate
"
White-winged Guan_sound/White-winged Guan10,D:\other\Bird\Dataset\CC0\White-winged Guan_sound\White-winged Guan10.mp3,D:\other\Bird\Code\data\kaggle_wav_cache\White-winged Guan_sound\White-winged Guan10.wav,converted,32000,1,11.232,"[mp3 @ 00000229a9865600] Estimating duration from bitrate, this may be inaccurate
"
White-winged Guan_sound/White-winged Guan11,D:\other\Bird\Dataset\CC0\White-winged Guan_sound\White-winged Guan11.mp3,D:\other\Bird\Code\data\kaggle_wav_cache\White-winged Guan_sound\White-winged Guan11.wav,converted,32000,1,21.969,"[mp3 @ 0000022be3ae5600] Estimating duration from bitrate, this may be inaccurate
"
White-winged Guan_sound/White-winged Guan12,D:\other\Bird\Dataset\CC0\White-winged Guan_sound\White-winged Guan12.mp3,D:\other\Bird\Code\data\kaggle_wav_cache\White-winged Guan_sound\White-winged Guan12.wav,converted,32000,1,80.0653125,"[mp3 @ 00000132ec275600] Estimating duration from bitrate, this may be inaccurate
"
White-winged Guan_sound/White-winged Guan13,D:\other\Bird\Dataset\CC0\White-winged Guan_sound\White-winged Guan13.mp3,D:\other\Bird\Code\data\kaggle_wav_cache\White-winged Guan_sound\White-winged Guan13.wav,converted,32000,1,80.0653125,"[mp3 @ 0000022013855600] Estimating duration from bitrate, this may be inaccurate
"
White-winged Guan_sound/White-winged Guan14,D:\other\Bird\Dataset\CC0\White-winged Guan_sound\White-winged Guan14.mp3,D:\other\Bird\Code\data\kaggle_wav_cache\White-winged Guan_sound\White-winged Guan14.wav,converted,32000,1,25.272,"[mp3 @ 000002b7674b5600] Estimating duration from bitrate, this may be inaccurate
"
White-winged Guan_sound/White-winged Guan15,D:\other\Bird\Dataset\CC0\White-winged Guan_sound\White-winged Guan15.mp3,D:\other\Bird\Code\data\kaggle_wav_cache\White-winged Guan_sound\White-winged Guan15.wav,converted,32000,1,76.392,"[mp3 @ 000002011d765600] Estimating duration from bitrate, this may be inaccurate
"
White-winged Guan_sound/White-winged Guan16,D:\other\Bird\Dataset\CC0\White-winged Guan_sound\White-winged Guan16.mp3,D:\other\Bird\Code\data\kaggle_wav_cache\White-winged Guan_sound\White-winged Guan16.wav,converted,32000,1,76.392,"[mp3 @ 00000237bef15600] Estimating duration from bitrate, this may be inaccurate
"
White-winged Guan_sound/White-winged Guan17,D:\other\Bird\Dataset\CC0\White-winged Guan_sound\White-winged Guan17.mp3,D:\other\Bird\Code\data\kaggle_wav_cache\White-winged Guan_sound\White-winged Guan17.wav,converted,32000,1,76.392,"[mp3 @ 000001a160605600] Estimating duration from bitrate, this may be inaccurate
"
White-winged Guan_sound/White-winged Guan18,D:\other\Bird\Dataset\CC0\White-winged Guan_sound\White-winged Guan18.mp3,D:\other\Bird\Code\data\kaggle_wav_cache\White-winged Guan_sound\White-winged Guan18.wav,converted,32000,1,63.6343125,"[mp3 @ 00000149a5a85600] Estimating duration from bitrate, this may be inaccurate
"
White-winged Guan_sound/White-winged Guan2,D:\other\Bird\Dataset\CC0\White-winged Guan_sound\White-winged Guan2.mp3,D:\other\Bird\Code\data\kaggle_wav_cache\White-winged Guan_sound\White-winged Guan2.wav,converted,32000,1,13.49996875,
White-winged Guan_sound/White-winged Guan19,D:\other\Bird\Dataset\CC0\White-winged Guan_sound\White-winged Guan19.mp3,D:\other\Bird\Code\data\kaggle_wav_cache\White-winged Guan_sound\White-winged Guan19.wav,converted,32000,1,63.6343125,"[mp3 @ 0000021d9e335600] Estimating duration from bitrate, this may be inaccurate
"
White-winged Guan_sound/White-winged Guan20,D:\other\Bird\Dataset\CC0\White-winged Guan_sound\White-winged Guan20.mp3,D:\other\Bird\Code\data\kaggle_wav_cache\White-winged Guan_sound\White-winged Guan20.wav,converted,32000,1,63.6343125,"[mp3 @ 000001d2e7175600] Estimating duration from bitrate, this may be inaccurate
"
White-winged Guan_sound/White-winged Guan21,D:\other\Bird\Dataset\CC0\White-winged Guan_sound\White-winged Guan21.mp3,D:\other\Bird\Code\data\kaggle_wav_cache\White-winged Guan_sound\White-winged Guan21.wav,converted,32000,1,133.12,"[mp3 @ 000002172a4e5600] Estimating duration from bitrate, this may be inaccurate
"
White-winged Guan_sound/White-winged Guan3,D:\other\Bird\Dataset\CC0\White-winged Guan_sound\White-winged Guan3.mp3,D:\other\Bird\Code\data\kaggle_wav_cache\White-winged Guan_sound\White-winged Guan3.wav,converted,32000,1,13.49996875,
White-winged Guan_sound/White-winged Guan4,D:\other\Bird\Dataset\CC0\White-winged Guan_sound\White-winged Guan4.mp3,D:\other\Bird\Code\data\kaggle_wav_cache\White-winged Guan_sound\White-winged Guan4.wav,converted,32000,1,13.49996875,
White-winged Guan_sound/White-winged Guan5,D:\other\Bird\Dataset\CC0\White-winged Guan_sound\White-winged Guan5.mp3,D:\other\Bird\Code\data\kaggle_wav_cache\White-winged Guan_sound\White-winged Guan5.wav,converted,32000,1,13.49996875,
White-winged Guan_sound/White-winged Guan6,D:\other\Bird\Dataset\CC0\White-winged Guan_sound\White-winged Guan6.mp3,D:\other\Bird\Code\data\kaggle_wav_cache\White-winged Guan_sound\White-winged Guan6.wav,converted,32000,1,13.49996875,
White-winged Guan_sound/White-winged Guan8,D:\other\Bird\Dataset\CC0\White-winged Guan_sound\White-winged Guan8.mp3,D:\other\Bird\Code\data\kaggle_wav_cache\White-winged Guan_sound\White-winged Guan8.wav,converted,32000,1,19.728,"[mp3 @ 000001fe48555600] Estimating duration from bitrate, this may be inaccurate
"
White-winged Guan_sound/White-winged Guan7,D:\other\Bird\Dataset\CC0\White-winged Guan_sound\White-winged Guan7.mp3,D:\other\Bird\Code\data\kaggle_wav_cache\White-winged Guan_sound\White-winged Guan7.wav,converted,32000,1,35.4220625,"[mp3 @ 000001e3ba415600] Estimating duration from bitrate, this may be inaccurate
"
White-winged Guan_sound/White-winged Guan9,D:\other\Bird\Dataset\CC0\White-winged Guan_sound\White-winged Guan9.mp3,D:\other\Bird\Code\data\kaggle_wav_cache\White-winged Guan_sound\White-winged Guan9.wav,converted,32000,1,17.424,"[mp3 @ 0000029718a15600] Estimating duration from bitrate, this may be inaccurate
"
Yellow-legged Tinamou_sound/Yellow-legged Tinamou10,D:\other\Bird\Dataset\CC0\Yellow-legged Tinamou_sound\Yellow-legged Tinamou10.mp3,D:\other\Bird\Code\data\kaggle_wav_cache\Yellow-legged Tinamou_sound\Yellow-legged Tinamou10.wav,converted,32000,1,104.2849375,
Yellow-legged Tinamou_sound/Yellow-legged Tinamou11,D:\other\Bird\Dataset\CC0\Yellow-legged Tinamou_sound\Yellow-legged Tinamou11.mp3,D:\other\Bird\Code\data\kaggle_wav_cache\Yellow-legged Tinamou_sound\Yellow-legged Tinamou11.wav,converted,32000,1,104.2849375,
Yellow-legged Tinamou_sound/Yellow-legged Tinamou12,D:\other\Bird\Dataset\CC0\Yellow-legged Tinamou_sound\Yellow-legged Tinamou12.mp3,D:\other\Bird\Code\data\kaggle_wav_cache\Yellow-legged Tinamou_sound\Yellow-legged Tinamou12.wav,converted,32000,1,104.2849375,
Yellow-legged Tinamou_sound/Yellow-legged Tinamou13,D:\other\Bird\Dataset\CC0\Yellow-legged Tinamou_sound\Yellow-legged Tinamou13.mp3,D:\other\Bird\Code\data\kaggle_wav_cache\Yellow-legged Tinamou_sound\Yellow-legged Tinamou13.wav,converted,32000,1,104.2849375,
Yellow-legged Tinamou_sound/Yellow-legged Tinamou14,D:\other\Bird\Dataset\CC0\Yellow-legged Tinamou_sound\Yellow-legged Tinamou14.mp3,D:\other\Bird\Code\data\kaggle_wav_cache\Yellow-legged Tinamou_sound\Yellow-legged Tinamou14.wav,converted,32000,1,104.2849375,
Yellow-legged Tinamou_sound/Yellow-legged Tinamou15,D:\other\Bird\Dataset\CC0\Yellow-legged Tinamou_sound\Yellow-legged Tinamou15.mp3,D:\other\Bird\Code\data\kaggle_wav_cache\Yellow-legged Tinamou_sound\Yellow-legged Tinamou15.wav,converted,32000,1,38.28,"[mp3 @ 000001b4a5495640] Estimating duration from bitrate, this may be inaccurate
"
Yellow-legged Tinamou_sound/Yellow-legged Tinamou16,D:\other\Bird\Dataset\CC0\Yellow-legged Tinamou_sound\Yellow-legged Tinamou16.mp3,D:\other\Bird\Code\data\kaggle_wav_cache\Yellow-legged Tinamou_sound\Yellow-legged Tinamou16.wav,converted,32000,1,43.8,"[mp3 @ 000001bac06f5640] Estimating duration from bitrate, this may be inaccurate
"
Yellow-legged Tinamou_sound/Yellow-legged Tinamou17,D:\other\Bird\Dataset\CC0\Yellow-legged Tinamou_sound\Yellow-legged Tinamou17.mp3,D:\other\Bird\Code\data\kaggle_wav_cache\Yellow-legged Tinamou_sound\Yellow-legged Tinamou17.wav,converted,32000,1,43.8,"[mp3 @ 0000019156ff5640] Estimating duration from bitrate, this may be inaccurate
"
Yellow-legged Tinamou_sound/Yellow-legged Tinamou18,D:\other\Bird\Dataset\CC0\Yellow-legged Tinamou_sound\Yellow-legged Tinamou18.mp3,D:\other\Bird\Code\data\kaggle_wav_cache\Yellow-legged Tinamou_sound\Yellow-legged Tinamou18.wav,converted,32000,1,43.8,"[mp3 @ 000001ea84b05640] Estimating duration from bitrate, this may be inaccurate
"
Yellow-legged Tinamou_sound/Yellow-legged Tinamou2,D:\other\Bird\Dataset\CC0\Yellow-legged Tinamou_sound\Yellow-legged Tinamou2.mp3,D:\other\Bird\Code\data\kaggle_wav_cache\Yellow-legged Tinamou_sound\Yellow-legged Tinamou2.wav,converted,32000,1,4.395625,
Yellow-legged Tinamou_sound/Yellow-legged Tinamou19,D:\other\Bird\Dataset\CC0\Yellow-legged Tinamou_sound\Yellow-legged Tinamou19.mp3,D:\other\Bird\Code\data\kaggle_wav_cache\Yellow-legged Tinamou_sound\Yellow-legged Tinamou19.wav,converted,32000,1,43.8,"[mp3 @ 000001bda4875640] Estimating duration from bitrate, this may be inaccurate
"
Yellow-legged Tinamou_sound/Yellow-legged Tinamou20,D:\other\Bird\Dataset\CC0\Yellow-legged Tinamou_sound\Yellow-legged Tinamou20.mp3,D:\other\Bird\Code\data\kaggle_wav_cache\Yellow-legged Tinamou_sound\Yellow-legged Tinamou20.wav,converted,32000,1,43.8,"[mp3 @ 000001d362175640] Estimating duration from bitrate, this may be inaccurate
"
Yellow-legged Tinamou_sound/Yellow-legged Tinamou21,D:\other\Bird\Dataset\CC0\Yellow-legged Tinamou_sound\Yellow-legged Tinamou21.mp3,D:\other\Bird\Code\data\kaggle_wav_cache\Yellow-legged Tinamou_sound\Yellow-legged Tinamou21.wav,converted,32000,1,43.8,"[mp3 @ 000002bca0435640] Estimating duration from bitrate, this may be inaccurate
"
Yellow-legged Tinamou_sound/Yellow-legged Tinamou23,D:\other\Bird\Dataset\CC0\Yellow-legged Tinamou_sound\Yellow-legged Tinamou23.mp3,D:\other\Bird\Code\data\kaggle_wav_cache\Yellow-legged Tinamou_sound\Yellow-legged Tinamou23.wav,converted,32000,1,43.8,"[mp3 @ 000001d276915640] Estimating duration from bitrate, this may be inaccurate
"
Yellow-legged Tinamou_sound/Yellow-legged Tinamou22,D:\other\Bird\Dataset\CC0\Yellow-legged Tinamou_sound\Yellow-legged Tinamou22.mp3,D:\other\Bird\Code\data\kaggle_wav_cache\Yellow-legged Tinamou_sound\Yellow-legged Tinamou22.wav,converted,32000,1,43.8,"[mp3 @ 00000271aaea5640] Estimating duration from bitrate, this may be inaccurate
"
Yellow-legged Tinamou_sound/Yellow-legged Tinamou25,D:\other\Bird\Dataset\CC0\Yellow-legged Tinamou_sound\Yellow-legged Tinamou25.mp3,D:\other\Bird\Code\data\kaggle_wav_cache\Yellow-legged Tinamou_sound\Yellow-legged Tinamou25.wav,converted,32000,1,97.67184375,"[mp3 @ 000001d16cb15640] Estimating duration from bitrate, this may be inaccurate
"
Yellow-legged Tinamou_sound/Yellow-legged Tinamou24,D:\other\Bird\Dataset\CC0\Yellow-legged Tinamou_sound\Yellow-legged Tinamou24.mp3,D:\other\Bird\Code\data\kaggle_wav_cache\Yellow-legged Tinamou_sound\Yellow-legged Tinamou24.wav,converted,32000,1,137.53471875,"[mp3 @ 0000020cb8215640] Estimating duration from bitrate, this may be inaccurate
"
Yellow-legged Tinamou_sound/Yellow-legged Tinamou26,D:\other\Bird\Dataset\CC0\Yellow-legged Tinamou_sound\Yellow-legged Tinamou26.mp3,D:\other\Bird\Code\data\kaggle_wav_cache\Yellow-legged Tinamou_sound\Yellow-legged Tinamou26.wav,converted,32000,1,97.67184375,"[mp3 @ 0000022b25d15640] Estimating duration from bitrate, this may be inaccurate
"
Yellow-legged Tinamou_sound/Yellow-legged Tinamou27,D:\other\Bird\Dataset\CC0\Yellow-legged Tinamou_sound\Yellow-legged Tinamou27.mp3,D:\other\Bird\Code\data\kaggle_wav_cache\Yellow-legged Tinamou_sound\Yellow-legged Tinamou27.wav,converted,32000,1,97.67184375,"[mp3 @ 0000016cbcd05640] Estimating duration from bitrate, this may be inaccurate
"
Yellow-legged Tinamou_sound/Yellow-legged Tinamou28,D:\other\Bird\Dataset\CC0\Yellow-legged Tinamou_sound\Yellow-legged Tinamou28.mp3,D:\other\Bird\Code\data\kaggle_wav_cache\Yellow-legged Tinamou_sound\Yellow-legged Tinamou28.wav,converted,32000,1,97.67184375,"[mp3 @ 00000130a7a95640] Estimating duration from bitrate, this may be inaccurate
"
Yellow-legged Tinamou_sound/Yellow-legged Tinamou29,D:\other\Bird\Dataset\CC0\Yellow-legged Tinamou_sound\Yellow-legged Tinamou29.mp3,D:\other\Bird\Code\data\kaggle_wav_cache\Yellow-legged Tinamou_sound\Yellow-legged Tinamou29.wav,converted,32000,1,97.67184375,"[mp3 @ 0000015d5fcf5640] Estimating duration from bitrate, this may be inaccurate
"
Yellow-legged Tinamou_sound/Yellow-legged Tinamou3,D:\other\Bird\Dataset\CC0\Yellow-legged Tinamou_sound\Yellow-legged Tinamou3.mp3,D:\other\Bird\Code\data\kaggle_wav_cache\Yellow-legged Tinamou_sound\Yellow-legged Tinamou3.wav,converted,32000,1,4.395625,
Yellow-legged Tinamou_sound/Yellow-legged Tinamou30,D:\other\Bird\Dataset\CC0\Yellow-legged Tinamou_sound\Yellow-legged Tinamou30.mp3,D:\other\Bird\Code\data\kaggle_wav_cache\Yellow-legged Tinamou_sound\Yellow-legged Tinamou30.wav,converted,32000,1,12.85225,"[mp3 @ 0000017206845640] Estimating duration from bitrate, this may be inaccurate
"
Yellow-legged Tinamou_sound/Yellow-legged Tinamou31,D:\other\Bird\Dataset\CC0\Yellow-legged Tinamou_sound\Yellow-legged Tinamou31.mp3,D:\other\Bird\Code\data\kaggle_wav_cache\Yellow-legged Tinamou_sound\Yellow-legged Tinamou31.wav,converted,32000,1,31.056,"[mp3 @ 000001dcfbeb5640] Estimating duration from bitrate, this may be inaccurate
"
Yellow-legged Tinamou_sound/Yellow-legged Tinamou4,D:\other\Bird\Dataset\CC0\Yellow-legged Tinamou_sound\Yellow-legged Tinamou4.mp3,D:\other\Bird\Code\data\kaggle_wav_cache\Yellow-legged Tinamou_sound\Yellow-legged Tinamou4.wav,converted,32000,1,4.395625,
Yellow-legged Tinamou_sound/Yellow-legged Tinamou5,D:\other\Bird\Dataset\CC0\Yellow-legged Tinamou_sound\Yellow-legged Tinamou5.mp3,D:\other\Bird\Code\data\kaggle_wav_cache\Yellow-legged Tinamou_sound\Yellow-legged Tinamou5.wav,converted,32000,1,4.395625,
Yellow-legged Tinamou_sound/Yellow-legged Tinamou6,D:\other\Bird\Dataset\CC0\Yellow-legged Tinamou_sound\Yellow-legged Tinamou6.mp3,D:\other\Bird\Code\data\kaggle_wav_cache\Yellow-legged Tinamou_sound\Yellow-legged Tinamou6.wav,converted,32000,1,4.395625,
Yellow-legged Tinamou_sound/Yellow-legged Tinamou7,D:\other\Bird\Dataset\CC0\Yellow-legged Tinamou_sound\Yellow-legged Tinamou7.mp3,D:\other\Bird\Code\data\kaggle_wav_cache\Yellow-legged Tinamou_sound\Yellow-legged Tinamou7.wav,converted,32000,1,104.2849375,
Yellow-legged Tinamou_sound/Yellow-legged Tinamou8,D:\other\Bird\Dataset\CC0\Yellow-legged Tinamou_sound\Yellow-legged Tinamou8.mp3,D:\other\Bird\Code\data\kaggle_wav_cache\Yellow-legged Tinamou_sound\Yellow-legged Tinamou8.wav,converted,32000,1,104.2849375,
Yellow-legged Tinamou_sound/Yellow-legged Tinamou9,D:\other\Bird\Dataset\CC0\Yellow-legged Tinamou_sound\Yellow-legged Tinamou9.mp3,D:\other\Bird\Code\data\kaggle_wav_cache\Yellow-legged Tinamou_sound\Yellow-legged Tinamou9.wav,converted,32000,1,104.2849375,
