recording_id,audio_path,folder_name,original_label_id,duration_total_sec,label_id,split,cached_audio_path,duration_sec,preprocessed,audio_path_original
Andean Guan_sound/Andean Guan10,D:\other\Bird\Code\data\kaggle_training_wav_cache_sp\Andean Guan_sound\Andean Guan10.wav,Andean Guan_sound,0,7.248,0,train,D:\other\Bird\Code\data\kaggle_training_wav_cache_sp\Andean Guan_sound\Andean Guan10.wav,7.248,True,D:\other\Bird\Dataset\CC0\Andean Guan_sound\Andean Guan10.mp3
Andean Guan_sound/Andean Guan11,D:\other\Bird\Code\data\kaggle_training_wav_cache_sp\Andean Guan_sound\Andean Guan11.wav,Andean Guan_sound,0,18.816,0,train,D:\other\Bird\Code\data\kaggle_training_wav_cache_sp\Andean Guan_sound\Andean Guan11.wav,18.816,True,D:\other\Bird\Dataset\CC0\Andean Guan_sound\Andean Guan11.mp3
Andean Guan_sound/Andean Guan12,D:\other\Bird\Code\data\kaggle_training_wav_cache_sp\Andean Guan_sound\Andean Guan12.wav,Andean Guan_sound,0,14.368,0,train,D:\other\Bird\Code\data\kaggle_training_wav_cache_sp\Andean Guan_sound\Andean Guan12.wav,14.368,True,D:\other\Bird\Dataset\CC0\Andean Guan_sound\Andean Guan12.mp3
Andean Guan_sound/Andean Guan13,D:\other\Bird\Code\data\kaggle_training_wav_cache_sp\Andean Guan_sound\Andean Guan13.wav,Andean Guan_sound,0,27.024,0,train,D:\other\Bird\Code\data\kaggle_training_wav_cache_sp\Andean Guan_sound\Andean Guan13.wav,27.024,True,D:\other\Bird\Dataset\CC0\Andean Guan_sound\Andean Guan13.mp3
Andean Guan_sound/Andean Guan14,D:\other\Bird\Code\data\kaggle_training_wav_cache_sp\Andean Guan_sound\Andean Guan14.wav,Andean Guan_sound,0,21.728,0,train,D:\other\Bird\Code\data\kaggle_training_wav_cache_sp\Andean Guan_sound\Andean Guan14.wav,21.728,True,D:\other\Bird\Dataset\CC0\Andean Guan_sound\Andean Guan14.mp3
Andean Guan_sound/Andean Guan15,D:\other\Bird\Code\data\kaggle_training_wav_cache_sp\Andean Guan_sound\Andean Guan15.wav,Andean Guan_sound,0,21.728,0,val,D:\other\Bird\Code\data\kaggle_training_wav_cache_sp\Andean Guan_sound\Andean Guan15.wav,21.728,True,D:\other\Bird\Dataset\CC0\Andean Guan_sound\Andean Guan15.mp3
Andean Guan_sound/Andean Guan16,D:\other\Bird\Code\data\kaggle_training_wav_cache_sp\Andean Guan_sound\Andean Guan16.wav,Andean Guan_sound,0,48.496,0,train,D:\other\Bird\Code\data\kaggle_training_wav_cache_sp\Andean Guan_sound\Andean Guan16.wav,48.496,True,D:\other\Bird\Dataset\CC0\Andean Guan_sound\Andean Guan16.mp3
Andean Guan_sound/Andean Guan17,D:\other\Bird\Code\data\kaggle_training_wav_cache_sp\Andean Guan_sound\Andean Guan17.wav,Andean Guan_sound,0,45.936,0,test,D:\other\Bird\Code\data\kaggle_training_wav_cache_sp\Andean Guan_sound\Andean Guan17.wav,45.936,True,D:\other\Bird\Dataset\CC0\Andean Guan_sound\Andean Guan17.mp3
Andean Guan_sound/Andean Guan18,D:\other\Bird\Code\data\kaggle_training_wav_cache_sp\Andean Guan_sound\Andean Guan18.wav,Andean Guan_sound,0,43.152,0,train,D:\other\Bird\Code\data\kaggle_training_wav_cache_sp\Andean Guan_sound\Andean Guan18.wav,43.152,True,D:\other\Bird\Dataset\CC0\Andean Guan_sound\Andean Guan18.mp3
Andean Guan_sound/Andean Guan19,D:\other\Bird\Code\data\kaggle_training_wav_cache_sp\Andean Guan_sound\Andean Guan19.wav,Andean Guan_sound,0,32.51215625,0,train,D:\other\Bird\Code\data\kaggle_training_wav_cache_sp\Andean Guan_sound\Andean Guan19.wav,32.51215625,True,D:\other\Bird\Dataset\CC0\Andean Guan_sound\Andean Guan19.mp3
Andean Guan_sound/Andean Guan2,D:\other\Bird\Code\data\kaggle_training_wav_cache_sp\Andean Guan_sound\Andean Guan2.wav,Andean Guan_sound,0,63.73984375,0,train,D:\other\Bird\Code\data\kaggle_training_wav_cache_sp\Andean Guan_sound\Andean Guan2.wav,63.73984375,True,D:\other\Bird\Dataset\CC0\Andean Guan_sound\Andean Guan2.mp3
Andean Guan_sound/Andean Guan20,D:\other\Bird\Code\data\kaggle_training_wav_cache_sp\Andean Guan_sound\Andean Guan20.wav,Andean Guan_sound,0,12.11378125,0,train,D:\other\Bird\Code\data\kaggle_training_wav_cache_sp\Andean Guan_sound\Andean Guan20.wav,12.11378125,True,D:\other\Bird\Dataset\CC0\Andean Guan_sound\Andean Guan20.mp3
Andean Guan_sound/Andean Guan21,D:\other\Bird\Code\data\kaggle_training_wav_cache_sp\Andean Guan_sound\Andean Guan21.wav,Andean Guan_sound,0,16.24,0,train,D:\other\Bird\Code\data\kaggle_training_wav_cache_sp\Andean Guan_sound\Andean Guan21.wav,16.24,True,D:\other\Bird\Dataset\CC0\Andean Guan_sound\Andean Guan21.mp3
Andean Guan_sound/Andean Guan22,D:\other\Bird\Code\data\kaggle_training_wav_cache_sp\Andean Guan_sound\Andean Guan22.wav,Andean Guan_sound,0,16.24,0,train,D:\other\Bird\Code\data\kaggle_training_wav_cache_sp\Andean Guan_sound\Andean Guan22.wav,16.24,True,D:\other\Bird\Dataset\CC0\Andean Guan_sound\Andean Guan22.mp3
Andean Guan_sound/Andean Guan23,D:\other\Bird\Code\data\kaggle_training_wav_cache_sp\Andean Guan_sound\Andean Guan23.wav,Andean Guan_sound,0,16.24,0,train,D:\other\Bird\Code\data\kaggle_training_wav_cache_sp\Andean Guan_sound\Andean Guan23.wav,16.24,True,D:\other\Bird\Dataset\CC0\Andean Guan_sound\Andean Guan23.mp3
Andean Guan_sound/Andean Guan24,D:\other\Bird\Code\data\kaggle_training_wav_cache_sp\Andean Guan_sound\Andean Guan24.wav,Andean Guan_sound,0,98.97334375,0,train,D:\other\Bird\Code\data\kaggle_training_wav_cache_sp\Andean Guan_sound\Andean Guan24.wav,98.97334375,True,D:\other\Bird\Dataset\CC0\Andean Guan_sound\Andean Guan24.mp3
Andean Guan_sound/Andean Guan25,D:\other\Bird\Code\data\kaggle_training_wav_cache_sp\Andean Guan_sound\Andean Guan25.wav,Andean Guan_sound,0,140.416,0,test,D:\other\Bird\Code\data\kaggle_training_wav_cache_sp\Andean Guan_sound\Andean Guan25.wav,140.416,True,D:\other\Bird\Dataset\CC0\Andean Guan_sound\Andean Guan25.mp3
Andean Guan_sound/Andean Guan26,D:\other\Bird\Code\data\kaggle_training_wav_cache_sp\Andean Guan_sound\Andean Guan26.wav,Andean Guan_sound,0,58.048,0,train,D:\other\Bird\Code\data\kaggle_training_wav_cache_sp\Andean Guan_sound\Andean Guan26.wav,58.048,True,D:\other\Bird\Dataset\CC0\Andean Guan_sound\Andean Guan26.mp3
Andean Guan_sound/Andean Guan27,D:\other\Bird\Code\data\kaggle_training_wav_cache_sp\Andean Guan_sound\Andean Guan27.wav,Andean Guan_sound,0,60.928,0,train,D:\other\Bird\Code\data\kaggle_training_wav_cache_sp\Andean Guan_sound\Andean Guan27.wav,60.928,True,D:\other\Bird\Dataset\CC0\Andean Guan_sound\Andean Guan27.mp3
Andean Guan_sound/Andean Guan28,D:\other\Bird\Code\data\kaggle_training_wav_cache_sp\Andean Guan_sound\Andean Guan28.wav,Andean Guan_sound,0,21.808,0,train,D:\other\Bird\Code\data\kaggle_training_wav_cache_sp\Andean Guan_sound\Andean Guan28.wav,21.808,True,D:\other\Bird\Dataset\CC0\Andean Guan_sound\Andean Guan28.mp3
Andean Guan_sound/Andean Guan29,D:\other\Bird\Code\data\kaggle_training_wav_cache_sp\Andean Guan_sound\Andean Guan29.wav,Andean Guan_sound,0,21.808,0,train,D:\other\Bird\Code\data\kaggle_training_wav_cache_sp\Andean Guan_sound\Andean Guan29.wav,21.808,True,D:\other\Bird\Dataset\CC0\Andean Guan_sound\Andean Guan29.mp3
Andean Guan_sound/Andean Guan3,D:\other\Bird\Code\data\kaggle_training_wav_cache_sp\Andean Guan_sound\Andean Guan3.wav,Andean Guan_sound,0,63.73984375,0,val,D:\other\Bird\Code\data\kaggle_training_wav_cache_sp\Andean Guan_sound\Andean Guan3.wav,63.73984375,True,D:\other\Bird\Dataset\CC0\Andean Guan_sound\Andean Guan3.mp3
Andean Guan_sound/Andean Guan30,D:\other\Bird\Code\data\kaggle_training_wav_cache_sp\Andean Guan_sound\Andean Guan30.wav,Andean Guan_sound,0,21.808,0,val,D:\other\Bird\Code\data\kaggle_training_wav_cache_sp\Andean Guan_sound\Andean Guan30.wav,21.808,True,D:\other\Bird\Dataset\CC0\Andean Guan_sound\Andean Guan30.mp3
Andean Guan_sound/Andean Guan31,D:\other\Bird\Code\data\kaggle_training_wav_cache_sp\Andean Guan_sound\Andean Guan31.wav,Andean Guan_sound,0,7.518375,0,train,D:\other\Bird\Code\data\kaggle_training_wav_cache_sp\Andean Guan_sound\Andean Guan31.wav,7.518375,True,D:\other\Bird\Dataset\CC0\Andean Guan_sound\Andean Guan31.mp3
Andean Guan_sound/Andean Guan4,D:\other\Bird\Code\data\kaggle_training_wav_cache_sp\Andean Guan_sound\Andean Guan4.wav,Andean Guan_sound,0,63.73984375,0,val,D:\other\Bird\Code\data\kaggle_training_wav_cache_sp\Andean Guan_sound\Andean Guan4.wav,63.73984375,True,D:\other\Bird\Dataset\CC0\Andean Guan_sound\Andean Guan4.mp3
Andean Guan_sound/Andean Guan5,D:\other\Bird\Code\data\kaggle_training_wav_cache_sp\Andean Guan_sound\Andean Guan5.wav,Andean Guan_sound,0,11.104,0,test,D:\other\Bird\Code\data\kaggle_training_wav_cache_sp\Andean Guan_sound\Andean Guan5.wav,11.104,True,D:\other\Bird\Dataset\CC0\Andean Guan_sound\Andean Guan5.mp3
Andean Guan_sound/Andean Guan6,D:\other\Bird\Code\data\kaggle_training_wav_cache_sp\Andean Guan_sound\Andean Guan6.wav,Andean Guan_sound,0,11.104,0,train,D:\other\Bird\Code\data\kaggle_training_wav_cache_sp\Andean Guan_sound\Andean Guan6.wav,11.104,True,D:\other\Bird\Dataset\CC0\Andean Guan_sound\Andean Guan6.mp3
Andean Guan_sound/Andean Guan7,D:\other\Bird\Code\data\kaggle_training_wav_cache_sp\Andean Guan_sound\Andean Guan7.wav,Andean Guan_sound,0,11.104,0,train,D:\other\Bird\Code\data\kaggle_training_wav_cache_sp\Andean Guan_sound\Andean Guan7.wav,11.104,True,D:\other\Bird\Dataset\CC0\Andean Guan_sound\Andean Guan7.mp3
Andean Guan_sound/Andean Guan8,D:\other\Bird\Code\data\kaggle_training_wav_cache_sp\Andean Guan_sound\Andean Guan8.wav,Andean Guan_sound,0,36.50703125,0,train,D:\other\Bird\Code\data\kaggle_training_wav_cache_sp\Andean Guan_sound\Andean Guan8.wav,36.50703125,True,D:\other\Bird\Dataset\CC0\Andean Guan_sound\Andean Guan8.mp3
Andean Guan_sound/Andean Guan9,D:\other\Bird\Code\data\kaggle_training_wav_cache_sp\Andean Guan_sound\Andean Guan9.wav,Andean Guan_sound,0,9.36,0,test,D:\other\Bird\Code\data\kaggle_training_wav_cache_sp\Andean Guan_sound\Andean Guan9.wav,9.36,True,D:\other\Bird\Dataset\CC0\Andean Guan_sound\Andean Guan9.mp3
Andean Tinamou_sound/Andean Tinamou10,D:\other\Bird\Code\data\kaggle_training_wav_cache_sp\Andean Tinamou_sound\Andean Tinamou10.wav,Andean Tinamou_sound,1,9.856,1,train,D:\other\Bird\Code\data\kaggle_training_wav_cache_sp\Andean Tinamou_sound\Andean Tinamou10.wav,9.856,True,D:\other\Bird\Dataset\CC0\Andean Tinamou_sound\Andean Tinamou10.mp3
Andean Tinamou_sound/Andean Tinamou11,D:\other\Bird\Code\data\kaggle_training_wav_cache_sp\Andean Tinamou_sound\Andean Tinamou11.wav,Andean Tinamou_sound,1,9.856,1,test,D:\other\Bird\Code\data\kaggle_training_wav_cache_sp\Andean Tinamou_sound\Andean Tinamou11.wav,9.856,True,D:\other\Bird\Dataset\CC0\Andean Tinamou_sound\Andean Tinamou11.mp3
Andean Tinamou_sound/Andean Tinamou12,D:\other\Bird\Code\data\kaggle_training_wav_cache_sp\Andean Tinamou_sound\Andean Tinamou12.wav,Andean Tinamou_sound,1,66.576,1,train,D:\other\Bird\Code\data\kaggle_training_wav_cache_sp\Andean Tinamou_sound\Andean Tinamou12.wav,66.576,True,D:\other\Bird\Dataset\CC0\Andean Tinamou_sound\Andean Tinamou12.mp3
Andean Tinamou_sound/Andean Tinamou13,D:\other\Bird\Code\data\kaggle_training_wav_cache_sp\Andean Tinamou_sound\Andean Tinamou13.wav,Andean Tinamou_sound,1,14.016,1,train,D:\other\Bird\Code\data\kaggle_training_wav_cache_sp\Andean Tinamou_sound\Andean Tinamou13.wav,14.016,True,D:\other\Bird\Dataset\CC0\Andean Tinamou_sound\Andean Tinamou13.mp3
Andean Tinamou_sound/Andean Tinamou14,D:\other\Bird\Code\data\kaggle_training_wav_cache_sp\Andean Tinamou_sound\Andean Tinamou14.wav,Andean Tinamou_sound,1,14.016,1,train,D:\other\Bird\Code\data\kaggle_training_wav_cache_sp\Andean Tinamou_sound\Andean Tinamou14.wav,14.016,True,D:\other\Bird\Dataset\CC0\Andean Tinamou_sound\Andean Tinamou14.mp3
Andean Tinamou_sound/Andean Tinamou17,D:\other\Bird\Code\data\kaggle_training_wav_cache_sp\Andean Tinamou_sound\Andean Tinamou17.wav,Andean Tinamou_sound,1,66.768,1,test,D:\other\Bird\Code\data\kaggle_training_wav_cache_sp\Andean Tinamou_sound\Andean Tinamou17.wav,66.768,True,D:\other\Bird\Dataset\CC0\Andean Tinamou_sound\Andean Tinamou17.mp3
Andean Tinamou_sound/Andean Tinamou18,D:\other\Bird\Code\data\kaggle_training_wav_cache_sp\Andean Tinamou_sound\Andean Tinamou18.wav,Andean Tinamou_sound,1,17.328,1,train,D:\other\Bird\Code\data\kaggle_training_wav_cache_sp\Andean Tinamou_sound\Andean Tinamou18.wav,17.328,True,D:\other\Bird\Dataset\CC0\Andean Tinamou_sound\Andean Tinamou18.mp3
Andean Tinamou_sound/Andean Tinamou19,D:\other\Bird\Code\data\kaggle_training_wav_cache_sp\Andean Tinamou_sound\Andean Tinamou19.wav,Andean Tinamou_sound,1,17.328,1,val,D:\other\Bird\Code\data\kaggle_training_wav_cache_sp\Andean Tinamou_sound\Andean Tinamou19.wav,17.328,True,D:\other\Bird\Dataset\CC0\Andean Tinamou_sound\Andean Tinamou19.mp3
Andean Tinamou_sound/Andean Tinamou20,D:\other\Bird\Code\data\kaggle_training_wav_cache_sp\Andean Tinamou_sound\Andean Tinamou20.wav,Andean Tinamou_sound,1,39.712,1,train,D:\other\Bird\Code\data\kaggle_training_wav_cache_sp\Andean Tinamou_sound\Andean Tinamou20.wav,39.712,True,D:\other\Bird\Dataset\CC0\Andean Tinamou_sound\Andean Tinamou20.mp3
Andean Tinamou_sound/Andean Tinamou21,D:\other\Bird\Code\data\kaggle_training_wav_cache_sp\Andean Tinamou_sound\Andean Tinamou21.wav,Andean Tinamou_sound,1,7.456,1,train,D:\other\Bird\Code\data\kaggle_training_wav_cache_sp\Andean Tinamou_sound\Andean Tinamou21.wav,7.456,True,D:\other\Bird\Dataset\CC0\Andean Tinamou_sound\Andean Tinamou21.mp3
Andean Tinamou_sound/Andean Tinamou22,D:\other\Bird\Code\data\kaggle_training_wav_cache_sp\Andean Tinamou_sound\Andean Tinamou22.wav,Andean Tinamou_sound,1,6.736,1,val,D:\other\Bird\Code\data\kaggle_training_wav_cache_sp\Andean Tinamou_sound\Andean Tinamou22.wav,6.736,True,D:\other\Bird\Dataset\CC0\Andean Tinamou_sound\Andean Tinamou22.mp3
Andean Tinamou_sound/Andean Tinamou23,D:\other\Bird\Code\data\kaggle_training_wav_cache_sp\Andean Tinamou_sound\Andean Tinamou23.wav,Andean Tinamou_sound,1,6.544,1,train,D:\other\Bird\Code\data\kaggle_training_wav_cache_sp\Andean Tinamou_sound\Andean Tinamou23.wav,6.544,True,D:\other\Bird\Dataset\CC0\Andean Tinamou_sound\Andean Tinamou23.mp3
Andean Tinamou_sound/Andean Tinamou24,D:\other\Bird\Code\data\kaggle_training_wav_cache_sp\Andean Tinamou_sound\Andean Tinamou24.wav,Andean Tinamou_sound,1,75.504,1,test,D:\other\Bird\Code\data\kaggle_training_wav_cache_sp\Andean Tinamou_sound\Andean Tinamou24.wav,75.504,True,D:\other\Bird\Dataset\CC0\Andean Tinamou_sound\Andean Tinamou24.mp3
Andean Tinamou_sound/Andean Tinamou25,D:\other\Bird\Code\data\kaggle_training_wav_cache_sp\Andean Tinamou_sound\Andean Tinamou25.wav,Andean Tinamou_sound,1,11.248,1,train,D:\other\Bird\Code\data\kaggle_training_wav_cache_sp\Andean Tinamou_sound\Andean Tinamou25.wav,11.248,True,D:\other\Bird\Dataset\CC0\Andean Tinamou_sound\Andean Tinamou25.mp3
Andean Tinamou_sound/Andean Tinamou26,D:\other\Bird\Code\data\kaggle_training_wav_cache_sp\Andean Tinamou_sound\Andean Tinamou26.wav,Andean Tinamou_sound,1,11.248,1,train,D:\other\Bird\Code\data\kaggle_training_wav_cache_sp\Andean Tinamou_sound\Andean Tinamou26.wav,11.248,True,D:\other\Bird\Dataset\CC0\Andean Tinamou_sound\Andean Tinamou26.mp3
Andean Tinamou_sound/Andean Tinamou28,D:\other\Bird\Code\data\kaggle_training_wav_cache_sp\Andean Tinamou_sound\Andean Tinamou28.wav,Andean Tinamou_sound,1,5.9660625,1,train,D:\other\Bird\Code\data\kaggle_training_wav_cache_sp\Andean Tinamou_sound\Andean Tinamou28.wav,5.9660625,True,D:\other\Bird\Dataset\CC0\Andean Tinamou_sound\Andean Tinamou28.mp3
Andean Tinamou_sound/Andean Tinamou29,D:\other\Bird\Code\data\kaggle_training_wav_cache_sp\Andean Tinamou_sound\Andean Tinamou29.wav,Andean Tinamou_sound,1,5.9660625,1,train,D:\other\Bird\Code\data\kaggle_training_wav_cache_sp\Andean Tinamou_sound\Andean Tinamou29.wav,5.9660625,True,D:\other\Bird\Dataset\CC0\Andean Tinamou_sound\Andean Tinamou29.mp3
Andean Tinamou_sound/Andean Tinamou30,D:\other\Bird\Code\data\kaggle_training_wav_cache_sp\Andean Tinamou_sound\Andean Tinamou30.wav,Andean Tinamou_sound,1,26.096,1,train,D:\other\Bird\Code\data\kaggle_training_wav_cache_sp\Andean Tinamou_sound\Andean Tinamou30.wav,26.096,True,D:\other\Bird\Dataset\CC0\Andean Tinamou_sound\Andean Tinamou30.mp3
Andean Tinamou_sound/Andean Tinamou6,D:\other\Bird\Code\data\kaggle_training_wav_cache_sp\Andean Tinamou_sound\Andean Tinamou6.wav,Andean Tinamou_sound,1,6.24,1,train,D:\other\Bird\Code\data\kaggle_training_wav_cache_sp\Andean Tinamou_sound\Andean Tinamou6.wav,6.24,True,D:\other\Bird\Dataset\CC0\Andean Tinamou_sound\Andean Tinamou6.mp3
Andean Tinamou_sound/Andean Tinamou7,D:\other\Bird\Code\data\kaggle_training_wav_cache_sp\Andean Tinamou_sound\Andean Tinamou7.wav,Andean Tinamou_sound,1,22.864,1,train,D:\other\Bird\Code\data\kaggle_training_wav_cache_sp\Andean Tinamou_sound\Andean Tinamou7.wav,22.864,True,D:\other\Bird\Dataset\CC0\Andean Tinamou_sound\Andean Tinamou7.mp3
Andean Tinamou_sound/Andean Tinamou8,D:\other\Bird\Code\data\kaggle_training_wav_cache_sp\Andean Tinamou_sound\Andean Tinamou8.wav,Andean Tinamou_sound,1,12.416,1,train,D:\other\Bird\Code\data\kaggle_training_wav_cache_sp\Andean Tinamou_sound\Andean Tinamou8.wav,12.416,True,D:\other\Bird\Dataset\CC0\Andean Tinamou_sound\Andean Tinamou8.mp3
Andean Tinamou_sound/Andean Tinamou9,D:\other\Bird\Code\data\kaggle_training_wav_cache_sp\Andean Tinamou_sound\Andean Tinamou9.wav,Andean Tinamou_sound,1,17.99540625,1,val,D:\other\Bird\Code\data\kaggle_training_wav_cache_sp\Andean Tinamou_sound\Andean Tinamou9.wav,17.99540625,True,D:\other\Bird\Dataset\CC0\Andean Tinamou_sound\Andean Tinamou9.mp3
Australian Brushturkey_sound/Australian Brushturkey17,D:\other\Bird\Code\data\kaggle_training_wav_cache_sp\Australian Brushturkey_sound\Australian Brushturkey17.wav,Australian Brushturkey_sound,2,5.17634375,2,val,D:\other\Bird\Code\data\kaggle_training_wav_cache_sp\Australian Brushturkey_sound\Australian Brushturkey17.wav,5.17634375,True,D:\other\Bird\Dataset\CC0\Australian Brushturkey_sound\Australian Brushturkey17.mp3
Australian Brushturkey_sound/Australian Brushturkey19,D:\other\Bird\Code\data\kaggle_training_wav_cache_sp\Australian Brushturkey_sound\Australian Brushturkey19.wav,Australian Brushturkey_sound,2,64.2575625,2,train,D:\other\Bird\Code\data\kaggle_training_wav_cache_sp\Australian Brushturkey_sound\Australian Brushturkey19.wav,64.2575625,True,D:\other\Bird\Dataset\CC0\Australian Brushturkey_sound\Australian Brushturkey19.mp3
Australian Brushturkey_sound/Australian Brushturkey2,D:\other\Bird\Code\data\kaggle_training_wav_cache_sp\Australian Brushturkey_sound\Australian Brushturkey2.wav,Australian Brushturkey_sound,2,34.83575,2,train,D:\other\Bird\Code\data\kaggle_training_wav_cache_sp\Australian Brushturkey_sound\Australian Brushturkey2.wav,34.83575,True,D:\other\Bird\Dataset\CC0\Australian Brushturkey_sound\Australian Brushturkey2.mp3
Australian Brushturkey_sound/Australian Brushturkey20,D:\other\Bird\Code\data\kaggle_training_wav_cache_sp\Australian Brushturkey_sound\Australian Brushturkey20.wav,Australian Brushturkey_sound,2,6.4025,2,train,D:\other\Bird\Code\data\kaggle_training_wav_cache_sp\Australian Brushturkey_sound\Australian Brushturkey20.wav,6.4025,True,D:\other\Bird\Dataset\CC0\Australian Brushturkey_sound\Australian Brushturkey20.mp3
Australian Brushturkey_sound/Australian Brushturkey21,D:\other\Bird\Code\data\kaggle_training_wav_cache_sp\Australian Brushturkey_sound\Australian Brushturkey21.wav,Australian Brushturkey_sound,2,6.4025,2,test,D:\other\Bird\Code\data\kaggle_training_wav_cache_sp\Australian Brushturkey_sound\Australian Brushturkey21.wav,6.4025,True,D:\other\Bird\Dataset\CC0\Australian Brushturkey_sound\Australian Brushturkey21.mp3
Australian Brushturkey_sound/Australian Brushturkey22,D:\other\Bird\Code\data\kaggle_training_wav_cache_sp\Australian Brushturkey_sound\Australian Brushturkey22.wav,Australian Brushturkey_sound,2,5.808,2,train,D:\other\Bird\Code\data\kaggle_training_wav_cache_sp\Australian Brushturkey_sound\Australian Brushturkey22.wav,5.808,True,D:\other\Bird\Dataset\CC0\Australian Brushturkey_sound\Australian Brushturkey22.mp3
Australian Brushturkey_sound/Australian Brushturkey23,D:\other\Bird\Code\data\kaggle_training_wav_cache_sp\Australian Brushturkey_sound\Australian Brushturkey23.wav,Australian Brushturkey_sound,2,5.808,2,train,D:\other\Bird\Code\data\kaggle_training_wav_cache_sp\Australian Brushturkey_sound\Australian Brushturkey23.wav,5.808,True,D:\other\Bird\Dataset\CC0\Australian Brushturkey_sound\Australian Brushturkey23.mp3
Australian Brushturkey_sound/Australian Brushturkey24,D:\other\Bird\Code\data\kaggle_training_wav_cache_sp\Australian Brushturkey_sound\Australian Brushturkey24.wav,Australian Brushturkey_sound,2,54.3516875,2,train,D:\other\Bird\Code\data\kaggle_training_wav_cache_sp\Australian Brushturkey_sound\Australian Brushturkey24.wav,54.3516875,True,D:\other\Bird\Dataset\CC0\Australian Brushturkey_sound\Australian Brushturkey24.mp3
Australian Brushturkey_sound/Australian Brushturkey25,D:\other\Bird\Code\data\kaggle_training_wav_cache_sp\Australian Brushturkey_sound\Australian Brushturkey25.wav,Australian Brushturkey_sound,2,54.3516875,2,test,D:\other\Bird\Code\data\kaggle_training_wav_cache_sp\Australian Brushturkey_sound\Australian Brushturkey25.wav,54.3516875,True,D:\other\Bird\Dataset\CC0\Australian Brushturkey_sound\Australian Brushturkey25.mp3
Australian Brushturkey_sound/Australian Brushturkey26,D:\other\Bird\Code\data\kaggle_training_wav_cache_sp\Australian Brushturkey_sound\Australian Brushturkey26.wav,Australian Brushturkey_sound,2,36.20571875,2,train,D:\other\Bird\Code\data\kaggle_training_wav_cache_sp\Australian Brushturkey_sound\Australian Brushturkey26.wav,36.20571875,True,D:\other\Bird\Dataset\CC0\Australian Brushturkey_sound\Australian Brushturkey26.mp3
Australian Brushturkey_sound/Australian Brushturkey27,D:\other\Bird\Code\data\kaggle_training_wav_cache_sp\Australian Brushturkey_sound\Australian Brushturkey27.wav,Australian Brushturkey_sound,2,36.20571875,2,val,D:\other\Bird\Code\data\kaggle_training_wav_cache_sp\Australian Brushturkey_sound\Australian Brushturkey27.wav,36.20571875,True,D:\other\Bird\Dataset\CC0\Australian Brushturkey_sound\Australian Brushturkey27.mp3
Australian Brushturkey_sound/Australian Brushturkey28,D:\other\Bird\Code\data\kaggle_training_wav_cache_sp\Australian Brushturkey_sound\Australian Brushturkey28.wav,Australian Brushturkey_sound,2,31.91321875,2,train,D:\other\Bird\Code\data\kaggle_training_wav_cache_sp\Australian Brushturkey_sound\Australian Brushturkey28.wav,31.91321875,True,D:\other\Bird\Dataset\CC0\Australian Brushturkey_sound\Australian Brushturkey28.mp3
Australian Brushturkey_sound/Australian Brushturkey29,D:\other\Bird\Code\data\kaggle_training_wav_cache_sp\Australian Brushturkey_sound\Australian Brushturkey29.wav,Australian Brushturkey_sound,2,9.424,2,train,D:\other\Bird\Code\data\kaggle_training_wav_cache_sp\Australian Brushturkey_sound\Australian Brushturkey29.wav,9.424,True,D:\other\Bird\Dataset\CC0\Australian Brushturkey_sound\Australian Brushturkey29.mp3
Australian Brushturkey_sound/Australian Brushturkey3,D:\other\Bird\Code\data\kaggle_training_wav_cache_sp\Australian Brushturkey_sound\Australian Brushturkey3.wav,Australian Brushturkey_sound,2,34.83575,2,test,D:\other\Bird\Code\data\kaggle_training_wav_cache_sp\Australian Brushturkey_sound\Australian Brushturkey3.wav,34.83575,True,D:\other\Bird\Dataset\CC0\Australian Brushturkey_sound\Australian Brushturkey3.mp3
Australian Brushturkey_sound/Australian Brushturkey4,D:\other\Bird\Code\data\kaggle_training_wav_cache_sp\Australian Brushturkey_sound\Australian Brushturkey4.wav,Australian Brushturkey_sound,2,25.887375,2,train,D:\other\Bird\Code\data\kaggle_training_wav_cache_sp\Australian Brushturkey_sound\Australian Brushturkey4.wav,25.887375,True,D:\other\Bird\Dataset\CC0\Australian Brushturkey_sound\Australian Brushturkey4.mp3
Australian Brushturkey_sound/Australian Brushturkey5,D:\other\Bird\Code\data\kaggle_training_wav_cache_sp\Australian Brushturkey_sound\Australian Brushturkey5.wav,Australian Brushturkey_sound,2,57.3945,2,train,D:\other\Bird\Code\data\kaggle_training_wav_cache_sp\Australian Brushturkey_sound\Australian Brushturkey5.wav,57.3945,True,D:\other\Bird\Dataset\CC0\Australian Brushturkey_sound\Australian Brushturkey5.mp3
Australian Brushturkey_sound/Australian Brushturkey6,D:\other\Bird\Code\data\kaggle_training_wav_cache_sp\Australian Brushturkey_sound\Australian Brushturkey6.wav,Australian Brushturkey_sound,2,57.3945,2,train,D:\other\Bird\Code\data\kaggle_training_wav_cache_sp\Australian Brushturkey_sound\Australian Brushturkey6.wav,57.3945,True,D:\other\Bird\Dataset\CC0\Australian Brushturkey_sound\Australian Brushturkey6.mp3
Australian Brushturkey_sound/Australian Brushturkey7,D:\other\Bird\Code\data\kaggle_training_wav_cache_sp\Australian Brushturkey_sound\Australian Brushturkey7.wav,Australian Brushturkey_sound,2,57.3945,2,train,D:\other\Bird\Code\data\kaggle_training_wav_cache_sp\Australian Brushturkey_sound\Australian Brushturkey7.wav,57.3945,True,D:\other\Bird\Dataset\CC0\Australian Brushturkey_sound\Australian Brushturkey7.mp3
Australian Brushturkey_sound/Australian Brushturkey8,D:\other\Bird\Code\data\kaggle_training_wav_cache_sp\Australian Brushturkey_sound\Australian Brushturkey8.wav,Australian Brushturkey_sound,2,14.42696875,2,val,D:\other\Bird\Code\data\kaggle_training_wav_cache_sp\Australian Brushturkey_sound\Australian Brushturkey8.wav,14.42696875,True,D:\other\Bird\Dataset\CC0\Australian Brushturkey_sound\Australian Brushturkey8.mp3
Band-tailed Guan_sound/Band-tailed Guan10,D:\other\Bird\Code\data\kaggle_training_wav_cache_sp\Band-tailed Guan_sound\Band-tailed Guan10.wav,Band-tailed Guan_sound,3,145.776,3,train,D:\other\Bird\Code\data\kaggle_training_wav_cache_sp\Band-tailed Guan_sound\Band-tailed Guan10.wav,145.776,True,D:\other\Bird\Dataset\CC0\Band-tailed Guan_sound\Band-tailed Guan10.mp3
Band-tailed Guan_sound/Band-tailed Guan11,D:\other\Bird\Code\data\kaggle_training_wav_cache_sp\Band-tailed Guan_sound\Band-tailed Guan11.wav,Band-tailed Guan_sound,3,145.776,3,train,D:\other\Bird\Code\data\kaggle_training_wav_cache_sp\Band-tailed Guan_sound\Band-tailed Guan11.wav,145.776,True,D:\other\Bird\Dataset\CC0\Band-tailed Guan_sound\Band-tailed Guan11.mp3
Band-tailed Guan_sound/Band-tailed Guan12,D:\other\Bird\Code\data\kaggle_training_wav_cache_sp\Band-tailed Guan_sound\Band-tailed Guan12.wav,Band-tailed Guan_sound,3,18.2138125,3,test,D:\other\Bird\Code\data\kaggle_training_wav_cache_sp\Band-tailed Guan_sound\Band-tailed Guan12.wav,18.2138125,True,D:\other\Bird\Dataset\CC0\Band-tailed Guan_sound\Band-tailed Guan12.mp3
Band-tailed Guan_sound/Band-tailed Guan13,D:\other\Bird\Code\data\kaggle_training_wav_cache_sp\Band-tailed Guan_sound\Band-tailed Guan13.wav,Band-tailed Guan_sound,3,41.0355,3,train,D:\other\Bird\Code\data\kaggle_training_wav_cache_sp\Band-tailed Guan_sound\Band-tailed Guan13.wav,41.0355,True,D:\other\Bird\Dataset\CC0\Band-tailed Guan_sound\Band-tailed Guan13.mp3
Band-tailed Guan_sound/Band-tailed Guan14,D:\other\Bird\Code\data\kaggle_training_wav_cache_sp\Band-tailed Guan_sound\Band-tailed Guan14.wav,Band-tailed Guan_sound,3,41.1823125,3,val,D:\other\Bird\Code\data\kaggle_training_wav_cache_sp\Band-tailed Guan_sound\Band-tailed Guan14.wav,41.1823125,True,D:\other\Bird\Dataset\CC0\Band-tailed Guan_sound\Band-tailed Guan14.mp3
Band-tailed Guan_sound/Band-tailed Guan16,D:\other\Bird\Code\data\kaggle_training_wav_cache_sp\Band-tailed Guan_sound\Band-tailed Guan16.wav,Band-tailed Guan_sound,3,33.528,3,train,D:\other\Bird\Code\data\kaggle_training_wav_cache_sp\Band-tailed Guan_sound\Band-tailed Guan16.wav,33.528,True,D:\other\Bird\Dataset\CC0\Band-tailed Guan_sound\Band-tailed Guan16.mp3
Band-tailed Guan_sound/Band-tailed Guan17,D:\other\Bird\Code\data\kaggle_training_wav_cache_sp\Band-tailed Guan_sound\Band-tailed Guan17.wav,Band-tailed Guan_sound,3,35.876,3,test,D:\other\Bird\Code\data\kaggle_training_wav_cache_sp\Band-tailed Guan_sound\Band-tailed Guan17.wav,35.876,True,D:\other\Bird\Dataset\CC0\Band-tailed Guan_sound\Band-tailed Guan17.mp3
Band-tailed Guan_sound/Band-tailed Guan18,D:\other\Bird\Code\data\kaggle_training_wav_cache_sp\Band-tailed Guan_sound\Band-tailed Guan18.wav,Band-tailed Guan_sound,3,35.876,3,train,D:\other\Bird\Code\data\kaggle_training_wav_cache_sp\Band-tailed Guan_sound\Band-tailed Guan18.wav,35.876,True,D:\other\Bird\Dataset\CC0\Band-tailed Guan_sound\Band-tailed Guan18.mp3
Band-tailed Guan_sound/Band-tailed Guan19,D:\other\Bird\Code\data\kaggle_training_wav_cache_sp\Band-tailed Guan_sound\Band-tailed Guan19.wav,Band-tailed Guan_sound,3,39.12,3,train,D:\other\Bird\Code\data\kaggle_training_wav_cache_sp\Band-tailed Guan_sound\Band-tailed Guan19.wav,39.12,True,D:\other\Bird\Dataset\CC0\Band-tailed Guan_sound\Band-tailed Guan19.mp3
Band-tailed Guan_sound/Band-tailed Guan2,D:\other\Bird\Code\data\kaggle_training_wav_cache_sp\Band-tailed Guan_sound\Band-tailed Guan2.wav,Band-tailed Guan_sound,3,70.98896875,3,train,D:\other\Bird\Code\data\kaggle_training_wav_cache_sp\Band-tailed Guan_sound\Band-tailed Guan2.wav,70.98896875,True,D:\other\Bird\Dataset\CC0\Band-tailed Guan_sound\Band-tailed Guan2.mp3
Band-tailed Guan_sound/Band-tailed Guan20,D:\other\Bird\Code\data\kaggle_training_wav_cache_sp\Band-tailed Guan_sound\Band-tailed Guan20.wav,Band-tailed Guan_sound,3,85.408,3,test,D:\other\Bird\Code\data\kaggle_training_wav_cache_sp\Band-tailed Guan_sound\Band-tailed Guan20.wav,85.408,True,D:\other\Bird\Dataset\CC0\Band-tailed Guan_sound\Band-tailed Guan20.mp3
Band-tailed Guan_sound/Band-tailed Guan21,D:\other\Bird\Code\data\kaggle_training_wav_cache_sp\Band-tailed Guan_sound\Band-tailed Guan21.wav,Band-tailed Guan_sound,3,14.368,3,val,D:\other\Bird\Code\data\kaggle_training_wav_cache_sp\Band-tailed Guan_sound\Band-tailed Guan21.wav,14.368,True,D:\other\Bird\Dataset\CC0\Band-tailed Guan_sound\Band-tailed Guan21.mp3
Band-tailed Guan_sound/Band-tailed Guan22,D:\other\Bird\Code\data\kaggle_training_wav_cache_sp\Band-tailed Guan_sound\Band-tailed Guan22.wav,Band-tailed Guan_sound,3,36.82940625,3,train,D:\other\Bird\Code\data\kaggle_training_wav_cache_sp\Band-tailed Guan_sound\Band-tailed Guan22.wav,36.82940625,True,D:\other\Bird\Dataset\CC0\Band-tailed Guan_sound\Band-tailed Guan22.mp3
Band-tailed Guan_sound/Band-tailed Guan23,D:\other\Bird\Code\data\kaggle_training_wav_cache_sp\Band-tailed Guan_sound\Band-tailed Guan23.wav,Band-tailed Guan_sound,3,15.376,3,train,D:\other\Bird\Code\data\kaggle_training_wav_cache_sp\Band-tailed Guan_sound\Band-tailed Guan23.wav,15.376,True,D:\other\Bird\Dataset\CC0\Band-tailed Guan_sound\Band-tailed Guan23.mp3
Band-tailed Guan_sound/Band-tailed Guan24,D:\other\Bird\Code\data\kaggle_training_wav_cache_sp\Band-tailed Guan_sound\Band-tailed Guan24.wav,Band-tailed Guan_sound,3,14.784,3,val,D:\other\Bird\Code\data\kaggle_training_wav_cache_sp\Band-tailed Guan_sound\Band-tailed Guan24.wav,14.784,True,D:\other\Bird\Dataset\CC0\Band-tailed Guan_sound\Band-tailed Guan24.mp3
Band-tailed Guan_sound/Band-tailed Guan25,D:\other\Bird\Code\data\kaggle_training_wav_cache_sp\Band-tailed Guan_sound\Band-tailed Guan25.wav,Band-tailed Guan_sound,3,19.50346875,3,train,D:\other\Bird\Code\data\kaggle_training_wav_cache_sp\Band-tailed Guan_sound\Band-tailed Guan25.wav,19.50346875,True,D:\other\Bird\Dataset\CC0\Band-tailed Guan_sound\Band-tailed Guan25.mp3
Band-tailed Guan_sound/Band-tailed Guan26,D:\other\Bird\Code\data\kaggle_training_wav_cache_sp\Band-tailed Guan_sound\Band-tailed Guan26.wav,Band-tailed Guan_sound,3,42.12225,3,train,D:\other\Bird\Code\data\kaggle_training_wav_cache_sp\Band-tailed Guan_sound\Band-tailed Guan26.wav,42.12225,True,D:\other\Bird\Dataset\CC0\Band-tailed Guan_sound\Band-tailed Guan26.mp3
Band-tailed Guan_sound/Band-tailed Guan27,D:\other\Bird\Code\data\kaggle_training_wav_cache_sp\Band-tailed Guan_sound\Band-tailed Guan27.wav,Band-tailed Guan_sound,3,19.952,3,train,D:\other\Bird\Code\data\kaggle_training_wav_cache_sp\Band-tailed Guan_sound\Band-tailed Guan27.wav,19.952,True,D:\other\Bird\Dataset\CC0\Band-tailed Guan_sound\Band-tailed Guan27.mp3
Band-tailed Guan_sound/Band-tailed Guan28,D:\other\Bird\Code\data\kaggle_training_wav_cache_sp\Band-tailed Guan_sound\Band-tailed Guan28.wav,Band-tailed Guan_sound,3,9.0539375,3,train,D:\other\Bird\Code\data\kaggle_training_wav_cache_sp\Band-tailed Guan_sound\Band-tailed Guan28.wav,9.0539375,True,D:\other\Bird\Dataset\CC0\Band-tailed Guan_sound\Band-tailed Guan28.mp3
Band-tailed Guan_sound/Band-tailed Guan29,D:\other\Bird\Code\data\kaggle_training_wav_cache_sp\Band-tailed Guan_sound\Band-tailed Guan29.wav,Band-tailed Guan_sound,3,34.7961875,3,train,D:\other\Bird\Code\data\kaggle_training_wav_cache_sp\Band-tailed Guan_sound\Band-tailed Guan29.wav,34.7961875,True,D:\other\Bird\Dataset\CC0\Band-tailed Guan_sound\Band-tailed Guan29.mp3
Band-tailed Guan_sound/Band-tailed Guan3,D:\other\Bird\Code\data\kaggle_training_wav_cache_sp\Band-tailed Guan_sound\Band-tailed Guan3.wav,Band-tailed Guan_sound,3,9.088,3,train,D:\other\Bird\Code\data\kaggle_training_wav_cache_sp\Band-tailed Guan_sound\Band-tailed Guan3.wav,9.088,True,D:\other\Bird\Dataset\CC0\Band-tailed Guan_sound\Band-tailed Guan3.mp3
Band-tailed Guan_sound/Band-tailed Guan30,D:\other\Bird\Code\data\kaggle_training_wav_cache_sp\Band-tailed Guan_sound\Band-tailed Guan30.wav,Band-tailed Guan_sound,3,34.7961875,3,test,D:\other\Bird\Code\data\kaggle_training_wav_cache_sp\Band-tailed Guan_sound\Band-tailed Guan30.wav,34.7961875,True,D:\other\Bird\Dataset\CC0\Band-tailed Guan_sound\Band-tailed Guan30.mp3
Band-tailed Guan_sound/Band-tailed Guan31,D:\other\Bird\Code\data\kaggle_training_wav_cache_sp\Band-tailed Guan_sound\Band-tailed Guan31.wav,Band-tailed Guan_sound,3,34.7961875,3,train,D:\other\Bird\Code\data\kaggle_training_wav_cache_sp\Band-tailed Guan_sound\Band-tailed Guan31.wav,34.7961875,True,D:\other\Bird\Dataset\CC0\Band-tailed Guan_sound\Band-tailed Guan31.mp3
Band-tailed Guan_sound/Band-tailed Guan4,D:\other\Bird\Code\data\kaggle_training_wav_cache_sp\Band-tailed Guan_sound\Band-tailed Guan4.wav,Band-tailed Guan_sound,3,9.088,3,train,D:\other\Bird\Code\data\kaggle_training_wav_cache_sp\Band-tailed Guan_sound\Band-tailed Guan4.wav,9.088,True,D:\other\Bird\Dataset\CC0\Band-tailed Guan_sound\Band-tailed Guan4.mp3
Band-tailed Guan_sound/Band-tailed Guan5,D:\other\Bird\Code\data\kaggle_training_wav_cache_sp\Band-tailed Guan_sound\Band-tailed Guan5.wav,Band-tailed Guan_sound,3,9.088,3,train,D:\other\Bird\Code\data\kaggle_training_wav_cache_sp\Band-tailed Guan_sound\Band-tailed Guan5.wav,9.088,True,D:\other\Bird\Dataset\CC0\Band-tailed Guan_sound\Band-tailed Guan5.mp3
Band-tailed Guan_sound/Band-tailed Guan6,D:\other\Bird\Code\data\kaggle_training_wav_cache_sp\Band-tailed Guan_sound\Band-tailed Guan6.wav,Band-tailed Guan_sound,3,9.088,3,train,D:\other\Bird\Code\data\kaggle_training_wav_cache_sp\Band-tailed Guan_sound\Band-tailed Guan6.wav,9.088,True,D:\other\Bird\Dataset\CC0\Band-tailed Guan_sound\Band-tailed Guan6.mp3
Band-tailed Guan_sound/Band-tailed Guan7,D:\other\Bird\Code\data\kaggle_training_wav_cache_sp\Band-tailed Guan_sound\Band-tailed Guan7.wav,Band-tailed Guan_sound,3,176.06171875,3,val,D:\other\Bird\Code\data\kaggle_training_wav_cache_sp\Band-tailed Guan_sound\Band-tailed Guan7.wav,176.06171875,True,D:\other\Bird\Dataset\CC0\Band-tailed Guan_sound\Band-tailed Guan7.mp3
Band-tailed Guan_sound/Band-tailed Guan8,D:\other\Bird\Code\data\kaggle_training_wav_cache_sp\Band-tailed Guan_sound\Band-tailed Guan8.wav,Band-tailed Guan_sound,3,18.49471875,3,train,D:\other\Bird\Code\data\kaggle_training_wav_cache_sp\Band-tailed Guan_sound\Band-tailed Guan8.wav,18.49471875,True,D:\other\Bird\Dataset\CC0\Band-tailed Guan_sound\Band-tailed Guan8.mp3
Band-tailed Guan_sound/Band-tailed Guan9,D:\other\Bird\Code\data\kaggle_training_wav_cache_sp\Band-tailed Guan_sound\Band-tailed Guan9.wav,Band-tailed Guan_sound,3,37.616,3,train,D:\other\Bird\Code\data\kaggle_training_wav_cache_sp\Band-tailed Guan_sound\Band-tailed Guan9.wav,37.616,True,D:\other\Bird\Dataset\CC0\Band-tailed Guan_sound\Band-tailed Guan9.mp3
Bartletts Tinamou_sound/Bartletts Tinamou10,D:\other\Bird\Code\data\kaggle_training_wav_cache_sp\Bartletts Tinamou_sound\Bartletts Tinamou10.wav,Bartletts Tinamou_sound,5,32.432,4,val,D:\other\Bird\Code\data\kaggle_training_wav_cache_sp\Bartletts Tinamou_sound\Bartletts Tinamou10.wav,32.432,True,D:\other\Bird\Dataset\CC0\Bartletts Tinamou_sound\Bartletts Tinamou10.mp3
Bartletts Tinamou_sound/Bartletts Tinamou11,D:\other\Bird\Code\data\kaggle_training_wav_cache_sp\Bartletts Tinamou_sound\Bartletts Tinamou11.wav,Bartletts Tinamou_sound,5,12.304,4,train,D:\other\Bird\Code\data\kaggle_training_wav_cache_sp\Bartletts Tinamou_sound\Bartletts Tinamou11.wav,12.304,True,D:\other\Bird\Dataset\CC0\Bartletts Tinamou_sound\Bartletts Tinamou11.mp3
Bartletts Tinamou_sound/Bartletts Tinamou12,D:\other\Bird\Code\data\kaggle_training_wav_cache_sp\Bartletts Tinamou_sound\Bartletts Tinamou12.wav,Bartletts Tinamou_sound,5,132.25421875,4,train,D:\other\Bird\Code\data\kaggle_training_wav_cache_sp\Bartletts Tinamou_sound\Bartletts Tinamou12.wav,132.25421875,True,D:\other\Bird\Dataset\CC0\Bartletts Tinamou_sound\Bartletts Tinamou12.mp3
Bartletts Tinamou_sound/Bartletts Tinamou13,D:\other\Bird\Code\data\kaggle_training_wav_cache_sp\Bartletts Tinamou_sound\Bartletts Tinamou13.wav,Bartletts Tinamou_sound,5,17.64325,4,train,D:\other\Bird\Code\data\kaggle_training_wav_cache_sp\Bartletts Tinamou_sound\Bartletts Tinamou13.wav,17.64325,True,D:\other\Bird\Dataset\CC0\Bartletts Tinamou_sound\Bartletts Tinamou13.mp3
Bartletts Tinamou_sound/Bartletts Tinamou14,D:\other\Bird\Code\data\kaggle_training_wav_cache_sp\Bartletts Tinamou_sound\Bartletts Tinamou14.wav,Bartletts Tinamou_sound,5,32.864,4,train,D:\other\Bird\Code\data\kaggle_training_wav_cache_sp\Bartletts Tinamou_sound\Bartletts Tinamou14.wav,32.864,True,D:\other\Bird\Dataset\CC0\Bartletts Tinamou_sound\Bartletts Tinamou14.mp3
Bartletts Tinamou_sound/Bartletts Tinamou15,D:\other\Bird\Code\data\kaggle_training_wav_cache_sp\Bartletts Tinamou_sound\Bartletts Tinamou15.wav,Bartletts Tinamou_sound,5,32.864,4,train,D:\other\Bird\Code\data\kaggle_training_wav_cache_sp\Bartletts Tinamou_sound\Bartletts Tinamou15.wav,32.864,True,D:\other\Bird\Dataset\CC0\Bartletts Tinamou_sound\Bartletts Tinamou15.mp3
Bartletts Tinamou_sound/Bartletts Tinamou16,D:\other\Bird\Code\data\kaggle_training_wav_cache_sp\Bartletts Tinamou_sound\Bartletts Tinamou16.wav,Bartletts Tinamou_sound,5,48.657,4,train,D:\other\Bird\Code\data\kaggle_training_wav_cache_sp\Bartletts Tinamou_sound\Bartletts Tinamou16.wav,48.657,True,D:\other\Bird\Dataset\CC0\Bartletts Tinamou_sound\Bartletts Tinamou16.mp3
Bartletts Tinamou_sound/Bartletts Tinamou17,D:\other\Bird\Code\data\kaggle_training_wav_cache_sp\Bartletts Tinamou_sound\Bartletts Tinamou17.wav,Bartletts Tinamou_sound,5,22.67821875,4,val,D:\other\Bird\Code\data\kaggle_training_wav_cache_sp\Bartletts Tinamou_sound\Bartletts Tinamou17.wav,22.67821875,True,D:\other\Bird\Dataset\CC0\Bartletts Tinamou_sound\Bartletts Tinamou17.mp3
Bartletts Tinamou_sound/Bartletts Tinamou18,D:\other\Bird\Code\data\kaggle_training_wav_cache_sp\Bartletts Tinamou_sound\Bartletts Tinamou18.wav,Bartletts Tinamou_sound,5,22.67821875,4,train,D:\other\Bird\Code\data\kaggle_training_wav_cache_sp\Bartletts Tinamou_sound\Bartletts Tinamou18.wav,22.67821875,True,D:\other\Bird\Dataset\CC0\Bartletts Tinamou_sound\Bartletts Tinamou18.mp3
Bartletts Tinamou_sound/Bartletts Tinamou19,D:\other\Bird\Code\data\kaggle_training_wav_cache_sp\Bartletts Tinamou_sound\Bartletts Tinamou19.wav,Bartletts Tinamou_sound,5,22.67821875,4,train,D:\other\Bird\Code\data\kaggle_training_wav_cache_sp\Bartletts Tinamou_sound\Bartletts Tinamou19.wav,22.67821875,True,D:\other\Bird\Dataset\CC0\Bartletts Tinamou_sound\Bartletts Tinamou19.mp3
Bartletts Tinamou_sound/Bartletts Tinamou2,D:\other\Bird\Code\data\kaggle_training_wav_cache_sp\Bartletts Tinamou_sound\Bartletts Tinamou2.wav,Bartletts Tinamou_sound,5,211.888,4,test,D:\other\Bird\Code\data\kaggle_training_wav_cache_sp\Bartletts Tinamou_sound\Bartletts Tinamou2.wav,211.888,True,D:\other\Bird\Dataset\CC0\Bartletts Tinamou_sound\Bartletts Tinamou2.mp3
Bartletts Tinamou_sound/Bartletts Tinamou20,D:\other\Bird\Code\data\kaggle_training_wav_cache_sp\Bartletts Tinamou_sound\Bartletts Tinamou20.wav,Bartletts Tinamou_sound,5,22.67821875,4,train,D:\other\Bird\Code\data\kaggle_training_wav_cache_sp\Bartletts Tinamou_sound\Bartletts Tinamou20.wav,22.67821875,True,D:\other\Bird\Dataset\CC0\Bartletts Tinamou_sound\Bartletts Tinamou20.mp3
Bartletts Tinamou_sound/Bartletts Tinamou21,D:\other\Bird\Code\data\kaggle_training_wav_cache_sp\Bartletts Tinamou_sound\Bartletts Tinamou21.wav,Bartletts Tinamou_sound,5,39.152,4,train,D:\other\Bird\Code\data\kaggle_training_wav_cache_sp\Bartletts Tinamou_sound\Bartletts Tinamou21.wav,39.152,True,D:\other\Bird\Dataset\CC0\Bartletts Tinamou_sound\Bartletts Tinamou21.mp3
Bartletts Tinamou_sound/Bartletts Tinamou22,D:\other\Bird\Code\data\kaggle_training_wav_cache_sp\Bartletts Tinamou_sound\Bartletts Tinamou22.wav,Bartletts Tinamou_sound,5,81.12,4,test,D:\other\Bird\Code\data\kaggle_training_wav_cache_sp\Bartletts Tinamou_sound\Bartletts Tinamou22.wav,81.12,True,D:\other\Bird\Dataset\CC0\Bartletts Tinamou_sound\Bartletts Tinamou22.mp3
Bartletts Tinamou_sound/Bartletts Tinamou23,D:\other\Bird\Code\data\kaggle_training_wav_cache_sp\Bartletts Tinamou_sound\Bartletts Tinamou23.wav,Bartletts Tinamou_sound,5,113.984,4,train,D:\other\Bird\Code\data\kaggle_training_wav_cache_sp\Bartletts Tinamou_sound\Bartletts Tinamou23.wav,113.984,True,D:\other\Bird\Dataset\CC0\Bartletts Tinamou_sound\Bartletts Tinamou23.mp3
Bartletts Tinamou_sound/Bartletts Tinamou24,D:\other\Bird\Code\data\kaggle_training_wav_cache_sp\Bartletts Tinamou_sound\Bartletts Tinamou24.wav,Bartletts Tinamou_sound,5,104.527375,4,train,D:\other\Bird\Code\data\kaggle_training_wav_cache_sp\Bartletts Tinamou_sound\Bartletts Tinamou24.wav,104.527375,True,D:\other\Bird\Dataset\CC0\Bartletts Tinamou_sound\Bartletts Tinamou24.mp3
Bartletts Tinamou_sound/Bartletts Tinamou25,D:\other\Bird\Code\data\kaggle_training_wav_cache_sp\Bartletts Tinamou_sound\Bartletts Tinamou25.wav,Bartletts Tinamou_sound,5,104.527375,4,train,D:\other\Bird\Code\data\kaggle_training_wav_cache_sp\Bartletts Tinamou_sound\Bartletts Tinamou25.wav,104.527375,True,D:\other\Bird\Dataset\CC0\Bartletts Tinamou_sound\Bartletts Tinamou25.mp3
Bartletts Tinamou_sound/Bartletts Tinamou26,D:\other\Bird\Code\data\kaggle_training_wav_cache_sp\Bartletts Tinamou_sound\Bartletts Tinamou26.wav,Bartletts Tinamou_sound,5,22.961625,4,test,D:\other\Bird\Code\data\kaggle_training_wav_cache_sp\Bartletts Tinamou_sound\Bartletts Tinamou26.wav,22.961625,True,D:\other\Bird\Dataset\CC0\Bartletts Tinamou_sound\Bartletts Tinamou26.mp3
Bartletts Tinamou_sound/Bartletts Tinamou27,D:\other\Bird\Code\data\kaggle_training_wav_cache_sp\Bartletts Tinamou_sound\Bartletts Tinamou27.wav,Bartletts Tinamou_sound,5,79.408,4,train,D:\other\Bird\Code\data\kaggle_training_wav_cache_sp\Bartletts Tinamou_sound\Bartletts Tinamou27.wav,79.408,True,D:\other\Bird\Dataset\CC0\Bartletts Tinamou_sound\Bartletts Tinamou27.mp3
Bartletts Tinamou_sound/Bartletts Tinamou28,D:\other\Bird\Code\data\kaggle_training_wav_cache_sp\Bartletts Tinamou_sound\Bartletts Tinamou28.wav,Bartletts Tinamou_sound,5,21.66728125,4,train,D:\other\Bird\Code\data\kaggle_training_wav_cache_sp\Bartletts Tinamou_sound\Bartletts Tinamou28.wav,21.66728125,True,D:\other\Bird\Dataset\CC0\Bartletts Tinamou_sound\Bartletts Tinamou28.mp3
Bartletts Tinamou_sound/Bartletts Tinamou29,D:\other\Bird\Code\data\kaggle_training_wav_cache_sp\Bartletts Tinamou_sound\Bartletts Tinamou29.wav,Bartletts Tinamou_sound,5,324.816,4,train,D:\other\Bird\Code\data\kaggle_training_wav_cache_sp\Bartletts Tinamou_sound\Bartletts Tinamou29.wav,324.816,True,D:\other\Bird\Dataset\CC0\Bartletts Tinamou_sound\Bartletts Tinamou29.mp3
Bartletts Tinamou_sound/Bartletts Tinamou3,D:\other\Bird\Code\data\kaggle_training_wav_cache_sp\Bartletts Tinamou_sound\Bartletts Tinamou3.wav,Bartletts Tinamou_sound,5,211.888,4,train,D:\other\Bird\Code\data\kaggle_training_wav_cache_sp\Bartletts Tinamou_sound\Bartletts Tinamou3.wav,211.888,True,D:\other\Bird\Dataset\CC0\Bartletts Tinamou_sound\Bartletts Tinamou3.mp3
Bartletts Tinamou_sound/Bartletts Tinamou30,D:\other\Bird\Code\data\kaggle_training_wav_cache_sp\Bartletts Tinamou_sound\Bartletts Tinamou30.wav,Bartletts Tinamou_sound,5,43.872,4,val,D:\other\Bird\Code\data\kaggle_training_wav_cache_sp\Bartletts Tinamou_sound\Bartletts Tinamou30.wav,43.872,True,D:\other\Bird\Dataset\CC0\Bartletts Tinamou_sound\Bartletts Tinamou30.mp3
Bartletts Tinamou_sound/Bartletts Tinamou31,D:\other\Bird\Code\data\kaggle_training_wav_cache_sp\Bartletts Tinamou_sound\Bartletts Tinamou31.wav,Bartletts Tinamou_sound,5,57.984,4,train,D:\other\Bird\Code\data\kaggle_training_wav_cache_sp\Bartletts Tinamou_sound\Bartletts Tinamou31.wav,57.984,True,D:\other\Bird\Dataset\CC0\Bartletts Tinamou_sound\Bartletts Tinamou31.mp3
Bartletts Tinamou_sound/Bartletts Tinamou4,D:\other\Bird\Code\data\kaggle_training_wav_cache_sp\Bartletts Tinamou_sound\Bartletts Tinamou4.wav,Bartletts Tinamou_sound,5,211.888,4,train,D:\other\Bird\Code\data\kaggle_training_wav_cache_sp\Bartletts Tinamou_sound\Bartletts Tinamou4.wav,211.888,True,D:\other\Bird\Dataset\CC0\Bartletts Tinamou_sound\Bartletts Tinamou4.mp3
Bartletts Tinamou_sound/Bartletts Tinamou5,D:\other\Bird\Code\data\kaggle_training_wav_cache_sp\Bartletts Tinamou_sound\Bartletts Tinamou5.wav,Bartletts Tinamou_sound,5,44.224,4,val,D:\other\Bird\Code\data\kaggle_training_wav_cache_sp\Bartletts Tinamou_sound\Bartletts Tinamou5.wav,44.224,True,D:\other\Bird\Dataset\CC0\Bartletts Tinamou_sound\Bartletts Tinamou5.mp3
Bartletts Tinamou_sound/Bartletts Tinamou6,D:\other\Bird\Code\data\kaggle_training_wav_cache_sp\Bartletts Tinamou_sound\Bartletts Tinamou6.wav,Bartletts Tinamou_sound,5,32.528,4,train,D:\other\Bird\Code\data\kaggle_training_wav_cache_sp\Bartletts Tinamou_sound\Bartletts Tinamou6.wav,32.528,True,D:\other\Bird\Dataset\CC0\Bartletts Tinamou_sound\Bartletts Tinamou6.mp3
Bartletts Tinamou_sound/Bartletts Tinamou7,D:\other\Bird\Code\data\kaggle_training_wav_cache_sp\Bartletts Tinamou_sound\Bartletts Tinamou7.wav,Bartletts Tinamou_sound,5,56.936,4,train,D:\other\Bird\Code\data\kaggle_training_wav_cache_sp\Bartletts Tinamou_sound\Bartletts Tinamou7.wav,56.936,True,D:\other\Bird\Dataset\CC0\Bartletts Tinamou_sound\Bartletts Tinamou7.mp3
Bartletts Tinamou_sound/Bartletts Tinamou8,D:\other\Bird\Code\data\kaggle_training_wav_cache_sp\Bartletts Tinamou_sound\Bartletts Tinamou8.wav,Bartletts Tinamou_sound,5,23.066125,4,train,D:\other\Bird\Code\data\kaggle_training_wav_cache_sp\Bartletts Tinamou_sound\Bartletts Tinamou8.wav,23.066125,True,D:\other\Bird\Dataset\CC0\Bartletts Tinamou_sound\Bartletts Tinamou8.mp3
Bartletts Tinamou_sound/Bartletts Tinamou9,D:\other\Bird\Code\data\kaggle_training_wav_cache_sp\Bartletts Tinamou_sound\Bartletts Tinamou9.wav,Bartletts Tinamou_sound,5,289.728,4,test,D:\other\Bird\Code\data\kaggle_training_wav_cache_sp\Bartletts Tinamou_sound\Bartletts Tinamou9.wav,289.728,True,D:\other\Bird\Dataset\CC0\Bartletts Tinamou_sound\Bartletts Tinamou9.mp3
Baudo Guan_sound/Baudo Guan10,D:\other\Bird\Code\data\kaggle_training_wav_cache_sp\Baudo Guan_sound\Baudo Guan10.wav,Baudo Guan_sound,6,39.376,5,test,D:\other\Bird\Code\data\kaggle_training_wav_cache_sp\Baudo Guan_sound\Baudo Guan10.wav,39.376,True,D:\other\Bird\Dataset\CC0\Baudo Guan_sound\Baudo Guan10.mp3
Baudo Guan_sound/Baudo Guan11,D:\other\Bird\Code\data\kaggle_training_wav_cache_sp\Baudo Guan_sound\Baudo Guan11.wav,Baudo Guan_sound,6,39.376,5,train,D:\other\Bird\Code\data\kaggle_training_wav_cache_sp\Baudo Guan_sound\Baudo Guan11.wav,39.376,True,D:\other\Bird\Dataset\CC0\Baudo Guan_sound\Baudo Guan11.mp3
Baudo Guan_sound/Baudo Guan12,D:\other\Bird\Code\data\kaggle_training_wav_cache_sp\Baudo Guan_sound\Baudo Guan12.wav,Baudo Guan_sound,6,37.36,5,train,D:\other\Bird\Code\data\kaggle_training_wav_cache_sp\Baudo Guan_sound\Baudo Guan12.wav,37.36,True,D:\other\Bird\Dataset\CC0\Baudo Guan_sound\Baudo Guan12.mp3
Baudo Guan_sound/Baudo Guan13,D:\other\Bird\Code\data\kaggle_training_wav_cache_sp\Baudo Guan_sound\Baudo Guan13.wav,Baudo Guan_sound,6,37.36,5,train,D:\other\Bird\Code\data\kaggle_training_wav_cache_sp\Baudo Guan_sound\Baudo Guan13.wav,37.36,True,D:\other\Bird\Dataset\CC0\Baudo Guan_sound\Baudo Guan13.mp3
Baudo Guan_sound/Baudo Guan14,D:\other\Bird\Code\data\kaggle_training_wav_cache_sp\Baudo Guan_sound\Baudo Guan14.wav,Baudo Guan_sound,6,37.36,5,train,D:\other\Bird\Code\data\kaggle_training_wav_cache_sp\Baudo Guan_sound\Baudo Guan14.wav,37.36,True,D:\other\Bird\Dataset\CC0\Baudo Guan_sound\Baudo Guan14.mp3
Baudo Guan_sound/Baudo Guan15,D:\other\Bird\Code\data\kaggle_training_wav_cache_sp\Baudo Guan_sound\Baudo Guan15.wav,Baudo Guan_sound,6,37.36,5,val,D:\other\Bird\Code\data\kaggle_training_wav_cache_sp\Baudo Guan_sound\Baudo Guan15.wav,37.36,True,D:\other\Bird\Dataset\CC0\Baudo Guan_sound\Baudo Guan15.mp3
Baudo Guan_sound/Baudo Guan2,D:\other\Bird\Code\data\kaggle_training_wav_cache_sp\Baudo Guan_sound\Baudo Guan2.wav,Baudo Guan_sound,6,47.81096875,5,train,D:\other\Bird\Code\data\kaggle_training_wav_cache_sp\Baudo Guan_sound\Baudo Guan2.wav,47.81096875,True,D:\other\Bird\Dataset\CC0\Baudo Guan_sound\Baudo Guan2.mp3
Baudo Guan_sound/Baudo Guan3,D:\other\Bird\Code\data\kaggle_training_wav_cache_sp\Baudo Guan_sound\Baudo Guan3.wav,Baudo Guan_sound,6,15.36,5,val,D:\other\Bird\Code\data\kaggle_training_wav_cache_sp\Baudo Guan_sound\Baudo Guan3.wav,15.36,True,D:\other\Bird\Dataset\CC0\Baudo Guan_sound\Baudo Guan3.mp3
Baudo Guan_sound/Baudo Guan4,D:\other\Bird\Code\data\kaggle_training_wav_cache_sp\Baudo Guan_sound\Baudo Guan4.wav,Baudo Guan_sound,6,50.144,5,test,D:\other\Bird\Code\data\kaggle_training_wav_cache_sp\Baudo Guan_sound\Baudo Guan4.wav,50.144,True,D:\other\Bird\Dataset\CC0\Baudo Guan_sound\Baudo Guan4.mp3
Baudo Guan_sound/Baudo Guan5,D:\other\Bird\Code\data\kaggle_training_wav_cache_sp\Baudo Guan_sound\Baudo Guan5.wav,Baudo Guan_sound,6,23.168,5,train,D:\other\Bird\Code\data\kaggle_training_wav_cache_sp\Baudo Guan_sound\Baudo Guan5.wav,23.168,True,D:\other\Bird\Dataset\CC0\Baudo Guan_sound\Baudo Guan5.mp3
Baudo Guan_sound/Baudo Guan6,D:\other\Bird\Code\data\kaggle_training_wav_cache_sp\Baudo Guan_sound\Baudo Guan6.wav,Baudo Guan_sound,6,38.544,5,train,D:\other\Bird\Code\data\kaggle_training_wav_cache_sp\Baudo Guan_sound\Baudo Guan6.wav,38.544,True,D:\other\Bird\Dataset\CC0\Baudo Guan_sound\Baudo Guan6.mp3
Baudo Guan_sound/Baudo Guan7,D:\other\Bird\Code\data\kaggle_training_wav_cache_sp\Baudo Guan_sound\Baudo Guan7.wav,Baudo Guan_sound,6,14.256,5,train,D:\other\Bird\Code\data\kaggle_training_wav_cache_sp\Baudo Guan_sound\Baudo Guan7.wav,14.256,True,D:\other\Bird\Dataset\CC0\Baudo Guan_sound\Baudo Guan7.mp3
Baudo Guan_sound/Baudo Guan8,D:\other\Bird\Code\data\kaggle_training_wav_cache_sp\Baudo Guan_sound\Baudo Guan8.wav,Baudo Guan_sound,6,18.016,5,train,D:\other\Bird\Code\data\kaggle_training_wav_cache_sp\Baudo Guan_sound\Baudo Guan8.wav,18.016,True,D:\other\Bird\Dataset\CC0\Baudo Guan_sound\Baudo Guan8.mp3
Baudo Guan_sound/Baudo Guan9,D:\other\Bird\Code\data\kaggle_training_wav_cache_sp\Baudo Guan_sound\Baudo Guan9.wav,Baudo Guan_sound,6,31.616,5,train,D:\other\Bird\Code\data\kaggle_training_wav_cache_sp\Baudo Guan_sound\Baudo Guan9.wav,31.616,True,D:\other\Bird\Dataset\CC0\Baudo Guan_sound\Baudo Guan9.mp3
Bearded Guan_sound/Bearded Guan10,D:\other\Bird\Code\data\kaggle_training_wav_cache_sp\Bearded Guan_sound\Bearded Guan10.wav,Bearded Guan_sound,7,58.72,6,train,D:\other\Bird\Code\data\kaggle_training_wav_cache_sp\Bearded Guan_sound\Bearded Guan10.wav,58.72,True,D:\other\Bird\Dataset\CC0\Bearded Guan_sound\Bearded Guan10.mp3
Bearded Guan_sound/Bearded Guan11,D:\other\Bird\Code\data\kaggle_training_wav_cache_sp\Bearded Guan_sound\Bearded Guan11.wav,Bearded Guan_sound,7,58.72,6,test,D:\other\Bird\Code\data\kaggle_training_wav_cache_sp\Bearded Guan_sound\Bearded Guan11.wav,58.72,True,D:\other\Bird\Dataset\CC0\Bearded Guan_sound\Bearded Guan11.mp3
Bearded Guan_sound/Bearded Guan12,D:\other\Bird\Code\data\kaggle_training_wav_cache_sp\Bearded Guan_sound\Bearded Guan12.wav,Bearded Guan_sound,7,58.72,6,train,D:\other\Bird\Code\data\kaggle_training_wav_cache_sp\Bearded Guan_sound\Bearded Guan12.wav,58.72,True,D:\other\Bird\Dataset\CC0\Bearded Guan_sound\Bearded Guan12.mp3
Bearded Guan_sound/Bearded Guan13,D:\other\Bird\Code\data\kaggle_training_wav_cache_sp\Bearded Guan_sound\Bearded Guan13.wav,Bearded Guan_sound,7,58.72,6,train,D:\other\Bird\Code\data\kaggle_training_wav_cache_sp\Bearded Guan_sound\Bearded Guan13.wav,58.72,True,D:\other\Bird\Dataset\CC0\Bearded Guan_sound\Bearded Guan13.mp3
Bearded Guan_sound/Bearded Guan14,D:\other\Bird\Code\data\kaggle_training_wav_cache_sp\Bearded Guan_sound\Bearded Guan14.wav,Bearded Guan_sound,7,58.72,6,train,D:\other\Bird\Code\data\kaggle_training_wav_cache_sp\Bearded Guan_sound\Bearded Guan14.wav,58.72,True,D:\other\Bird\Dataset\CC0\Bearded Guan_sound\Bearded Guan14.mp3
Bearded Guan_sound/Bearded Guan15,D:\other\Bird\Code\data\kaggle_training_wav_cache_sp\Bearded Guan_sound\Bearded Guan15.wav,Bearded Guan_sound,7,58.72,6,train,D:\other\Bird\Code\data\kaggle_training_wav_cache_sp\Bearded Guan_sound\Bearded Guan15.wav,58.72,True,D:\other\Bird\Dataset\CC0\Bearded Guan_sound\Bearded Guan15.mp3
Bearded Guan_sound/Bearded Guan16,D:\other\Bird\Code\data\kaggle_training_wav_cache_sp\Bearded Guan_sound\Bearded Guan16.wav,Bearded Guan_sound,7,9.2,6,test,D:\other\Bird\Code\data\kaggle_training_wav_cache_sp\Bearded Guan_sound\Bearded Guan16.wav,9.2,True,D:\other\Bird\Dataset\CC0\Bearded Guan_sound\Bearded Guan16.mp3
Bearded Guan_sound/Bearded Guan17,D:\other\Bird\Code\data\kaggle_training_wav_cache_sp\Bearded Guan_sound\Bearded Guan17.wav,Bearded Guan_sound,7,49.199375,6,train,D:\other\Bird\Code\data\kaggle_training_wav_cache_sp\Bearded Guan_sound\Bearded Guan17.wav,49.199375,True,D:\other\Bird\Dataset\CC0\Bearded Guan_sound\Bearded Guan17.mp3
Bearded Guan_sound/Bearded Guan18,D:\other\Bird\Code\data\kaggle_training_wav_cache_sp\Bearded Guan_sound\Bearded Guan18.wav,Bearded Guan_sound,7,26.496,6,train,D:\other\Bird\Code\data\kaggle_training_wav_cache_sp\Bearded Guan_sound\Bearded Guan18.wav,26.496,True,D:\other\Bird\Dataset\CC0\Bearded Guan_sound\Bearded Guan18.mp3
Bearded Guan_sound/Bearded Guan19,D:\other\Bird\Code\data\kaggle_training_wav_cache_sp\Bearded Guan_sound\Bearded Guan19.wav,Bearded Guan_sound,7,33.92,6,train,D:\other\Bird\Code\data\kaggle_training_wav_cache_sp\Bearded Guan_sound\Bearded Guan19.wav,33.92,True,D:\other\Bird\Dataset\CC0\Bearded Guan_sound\Bearded Guan19.mp3
Bearded Guan_sound/Bearded Guan2,D:\other\Bird\Code\data\kaggle_training_wav_cache_sp\Bearded Guan_sound\Bearded Guan2.wav,Bearded Guan_sound,7,34.7961875,6,val,D:\other\Bird\Code\data\kaggle_training_wav_cache_sp\Bearded Guan_sound\Bearded Guan2.wav,34.7961875,True,D:\other\Bird\Dataset\CC0\Bearded Guan_sound\Bearded Guan2.mp3
Bearded Guan_sound/Bearded Guan20,D:\other\Bird\Code\data\kaggle_training_wav_cache_sp\Bearded Guan_sound\Bearded Guan20.wav,Bearded Guan_sound,7,21.50890625,6,val,D:\other\Bird\Code\data\kaggle_training_wav_cache_sp\Bearded Guan_sound\Bearded Guan20.wav,21.50890625,True,D:\other\Bird\Dataset\CC0\Bearded Guan_sound\Bearded Guan20.mp3
Bearded Guan_sound/Bearded Guan21,D:\other\Bird\Code\data\kaggle_training_wav_cache_sp\Bearded Guan_sound\Bearded Guan21.wav,Bearded Guan_sound,7,21.50890625,6,test,D:\other\Bird\Code\data\kaggle_training_wav_cache_sp\Bearded Guan_sound\Bearded Guan21.wav,21.50890625,True,D:\other\Bird\Dataset\CC0\Bearded Guan_sound\Bearded Guan21.mp3
Bearded Guan_sound/Bearded Guan22,D:\other\Bird\Code\data\kaggle_training_wav_cache_sp\Bearded Guan_sound\Bearded Guan22.wav,Bearded Guan_sound,7,69.744,6,train,D:\other\Bird\Code\data\kaggle_training_wav_cache_sp\Bearded Guan_sound\Bearded Guan22.wav,69.744,True,D:\other\Bird\Dataset\CC0\Bearded Guan_sound\Bearded Guan22.mp3
Bearded Guan_sound/Bearded Guan23,D:\other\Bird\Code\data\kaggle_training_wav_cache_sp\Bearded Guan_sound\Bearded Guan23.wav,Bearded Guan_sound,7,32.728,6,train,D:\other\Bird\Code\data\kaggle_training_wav_cache_sp\Bearded Guan_sound\Bearded Guan23.wav,32.728,True,D:\other\Bird\Dataset\CC0\Bearded Guan_sound\Bearded Guan23.mp3
Bearded Guan_sound/Bearded Guan24,D:\other\Bird\Code\data\kaggle_training_wav_cache_sp\Bearded Guan_sound\Bearded Guan24.wav,Bearded Guan_sound,7,34.70121875,6,train,D:\other\Bird\Code\data\kaggle_training_wav_cache_sp\Bearded Guan_sound\Bearded Guan24.wav,34.70121875,True,D:\other\Bird\Dataset\CC0\Bearded Guan_sound\Bearded Guan24.mp3
Bearded Guan_sound/Bearded Guan25,D:\other\Bird\Code\data\kaggle_training_wav_cache_sp\Bearded Guan_sound\Bearded Guan25.wav,Bearded Guan_sound,7,34.70121875,6,train,D:\other\Bird\Code\data\kaggle_training_wav_cache_sp\Bearded Guan_sound\Bearded Guan25.wav,34.70121875,True,D:\other\Bird\Dataset\CC0\Bearded Guan_sound\Bearded Guan25.mp3
Bearded Guan_sound/Bearded Guan26,D:\other\Bird\Code\data\kaggle_training_wav_cache_sp\Bearded Guan_sound\Bearded Guan26.wav,Bearded Guan_sound,7,5.58434375,6,val,D:\other\Bird\Code\data\kaggle_training_wav_cache_sp\Bearded Guan_sound\Bearded Guan26.wav,5.58434375,True,D:\other\Bird\Dataset\CC0\Bearded Guan_sound\Bearded Guan26.mp3
Bearded Guan_sound/Bearded Guan27,D:\other\Bird\Code\data\kaggle_training_wav_cache_sp\Bearded Guan_sound\Bearded Guan27.wav,Bearded Guan_sound,7,14.00165625,6,train,D:\other\Bird\Code\data\kaggle_training_wav_cache_sp\Bearded Guan_sound\Bearded Guan27.wav,14.00165625,True,D:\other\Bird\Dataset\CC0\Bearded Guan_sound\Bearded Guan27.mp3
Bearded Guan_sound/Bearded Guan28,D:\other\Bird\Code\data\kaggle_training_wav_cache_sp\Bearded Guan_sound\Bearded Guan28.wav,Bearded Guan_sound,7,47.81096875,6,train,D:\other\Bird\Code\data\kaggle_training_wav_cache_sp\Bearded Guan_sound\Bearded Guan28.wav,47.81096875,True,D:\other\Bird\Dataset\CC0\Bearded Guan_sound\Bearded Guan28.mp3
Bearded Guan_sound/Bearded Guan3,D:\other\Bird\Code\data\kaggle_training_wav_cache_sp\Bearded Guan_sound\Bearded Guan3.wav,Bearded Guan_sound,7,34.7961875,6,test,D:\other\Bird\Code\data\kaggle_training_wav_cache_sp\Bearded Guan_sound\Bearded Guan3.wav,34.7961875,True,D:\other\Bird\Dataset\CC0\Bearded Guan_sound\Bearded Guan3.mp3
Bearded Guan_sound/Bearded Guan4,D:\other\Bird\Code\data\kaggle_training_wav_cache_sp\Bearded Guan_sound\Bearded Guan4.wav,Bearded Guan_sound,7,34.7961875,6,train,D:\other\Bird\Code\data\kaggle_training_wav_cache_sp\Bearded Guan_sound\Bearded Guan4.wav,34.7961875,True,D:\other\Bird\Dataset\CC0\Bearded Guan_sound\Bearded Guan4.mp3
Bearded Guan_sound/Bearded Guan5,D:\other\Bird\Code\data\kaggle_training_wav_cache_sp\Bearded Guan_sound\Bearded Guan5.wav,Bearded Guan_sound,7,7.92,6,train,D:\other\Bird\Code\data\kaggle_training_wav_cache_sp\Bearded Guan_sound\Bearded Guan5.wav,7.92,True,D:\other\Bird\Dataset\CC0\Bearded Guan_sound\Bearded Guan5.mp3
Bearded Guan_sound/Bearded Guan6,D:\other\Bird\Code\data\kaggle_training_wav_cache_sp\Bearded Guan_sound\Bearded Guan6.wav,Bearded Guan_sound,7,24.304,6,train,D:\other\Bird\Code\data\kaggle_training_wav_cache_sp\Bearded Guan_sound\Bearded Guan6.wav,24.304,True,D:\other\Bird\Dataset\CC0\Bearded Guan_sound\Bearded Guan6.mp3
Bearded Guan_sound/Bearded Guan7,D:\other\Bird\Code\data\kaggle_training_wav_cache_sp\Bearded Guan_sound\Bearded Guan7.wav,Bearded Guan_sound,7,259.12,6,val,D:\other\Bird\Code\data\kaggle_training_wav_cache_sp\Bearded Guan_sound\Bearded Guan7.wav,259.12,True,D:\other\Bird\Dataset\CC0\Bearded Guan_sound\Bearded Guan7.mp3
Bearded Guan_sound/Bearded Guan8,D:\other\Bird\Code\data\kaggle_training_wav_cache_sp\Bearded Guan_sound\Bearded Guan8.wav,Bearded Guan_sound,7,110.048,6,train,D:\other\Bird\Code\data\kaggle_training_wav_cache_sp\Bearded Guan_sound\Bearded Guan8.wav,110.048,True,D:\other\Bird\Dataset\CC0\Bearded Guan_sound\Bearded Guan8.mp3
Bearded Guan_sound/Bearded Guan9,D:\other\Bird\Code\data\kaggle_training_wav_cache_sp\Bearded Guan_sound\Bearded Guan9.wav,Bearded Guan_sound,7,35.248,6,train,D:\other\Bird\Code\data\kaggle_training_wav_cache_sp\Bearded Guan_sound\Bearded Guan9.wav,35.248,True,D:\other\Bird\Dataset\CC0\Bearded Guan_sound\Bearded Guan9.mp3
Berlepschs Tinamou_sound/Berlepschs Tinamou10,D:\other\Bird\Code\data\kaggle_training_wav_cache_sp\Berlepschs Tinamou_sound\Berlepschs Tinamou10.wav,Berlepschs Tinamou_sound,8,25.392,7,train,D:\other\Bird\Code\data\kaggle_training_wav_cache_sp\Berlepschs Tinamou_sound\Berlepschs Tinamou10.wav,25.392,True,D:\other\Bird\Dataset\CC0\Berlepschs Tinamou_sound\Berlepschs Tinamou10.mp3
Berlepschs Tinamou_sound/Berlepschs Tinamou11,D:\other\Bird\Code\data\kaggle_training_wav_cache_sp\Berlepschs Tinamou_sound\Berlepschs Tinamou11.wav,Berlepschs Tinamou_sound,8,29.168,7,train,D:\other\Bird\Code\data\kaggle_training_wav_cache_sp\Berlepschs Tinamou_sound\Berlepschs Tinamou11.wav,29.168,True,D:\other\Bird\Dataset\CC0\Berlepschs Tinamou_sound\Berlepschs Tinamou11.mp3
Berlepschs Tinamou_sound/Berlepschs Tinamou12,D:\other\Bird\Code\data\kaggle_training_wav_cache_sp\Berlepschs Tinamou_sound\Berlepschs Tinamou12.wav,Berlepschs Tinamou_sound,8,29.168,7,val,D:\other\Bird\Code\data\kaggle_training_wav_cache_sp\Berlepschs Tinamou_sound\Berlepschs Tinamou12.wav,29.168,True,D:\other\Bird\Dataset\CC0\Berlepschs Tinamou_sound\Berlepschs Tinamou12.mp3
Berlepschs Tinamou_sound/Berlepschs Tinamou13,D:\other\Bird\Code\data\kaggle_training_wav_cache_sp\Berlepschs Tinamou_sound\Berlepschs Tinamou13.wav,Berlepschs Tinamou_sound,8,29.168,7,train,D:\other\Bird\Code\data\kaggle_training_wav_cache_sp\Berlepschs Tinamou_sound\Berlepschs Tinamou13.wav,29.168,True,D:\other\Bird\Dataset\CC0\Berlepschs Tinamou_sound\Berlepschs Tinamou13.mp3
Berlepschs Tinamou_sound/Berlepschs Tinamou14,D:\other\Bird\Code\data\kaggle_training_wav_cache_sp\Berlepschs Tinamou_sound\Berlepschs Tinamou14.wav,Berlepschs Tinamou_sound,8,6.576,7,train,D:\other\Bird\Code\data\kaggle_training_wav_cache_sp\Berlepschs Tinamou_sound\Berlepschs Tinamou14.wav,6.576,True,D:\other\Bird\Dataset\CC0\Berlepschs Tinamou_sound\Berlepschs Tinamou14.mp3
Berlepschs Tinamou_sound/Berlepschs Tinamou7,D:\other\Bird\Code\data\kaggle_training_wav_cache_sp\Berlepschs Tinamou_sound\Berlepschs Tinamou7.wav,Berlepschs Tinamou_sound,8,15.904,7,test,D:\other\Bird\Code\data\kaggle_training_wav_cache_sp\Berlepschs Tinamou_sound\Berlepschs Tinamou7.wav,15.904,True,D:\other\Bird\Dataset\CC0\Berlepschs Tinamou_sound\Berlepschs Tinamou7.mp3
Berlepschs Tinamou_sound/Berlepschs Tinamou9,D:\other\Bird\Code\data\kaggle_training_wav_cache_sp\Berlepschs Tinamou_sound\Berlepschs Tinamou9.wav,Berlepschs Tinamou_sound,8,25.392,7,train,D:\other\Bird\Code\data\kaggle_training_wav_cache_sp\Berlepschs Tinamou_sound\Berlepschs Tinamou9.wav,25.392,True,D:\other\Bird\Dataset\CC0\Berlepschs Tinamou_sound\Berlepschs Tinamou9.mp3
Biak Scrubfowl_sound/Biak Scrubfowl10,D:\other\Bird\Code\data\kaggle_training_wav_cache_sp\Biak Scrubfowl_sound\Biak Scrubfowl10.wav,Biak Scrubfowl_sound,9,9.224,8,train,D:\other\Bird\Code\data\kaggle_training_wav_cache_sp\Biak Scrubfowl_sound\Biak Scrubfowl10.wav,9.224,True,D:\other\Bird\Dataset\CC0\Biak Scrubfowl_sound\Biak Scrubfowl10.mp3
Biak Scrubfowl_sound/Biak Scrubfowl4,D:\other\Bird\Code\data\kaggle_training_wav_cache_sp\Biak Scrubfowl_sound\Biak Scrubfowl4.wav,Biak Scrubfowl_sound,9,29.296,8,train,D:\other\Bird\Code\data\kaggle_training_wav_cache_sp\Biak Scrubfowl_sound\Biak Scrubfowl4.wav,29.296,True,D:\other\Bird\Dataset\CC0\Biak Scrubfowl_sound\Biak Scrubfowl4.mp3
Biak Scrubfowl_sound/Biak Scrubfowl5,D:\other\Bird\Code\data\kaggle_training_wav_cache_sp\Biak Scrubfowl_sound\Biak Scrubfowl5.wav,Biak Scrubfowl_sound,9,7.04,8,test,D:\other\Bird\Code\data\kaggle_training_wav_cache_sp\Biak Scrubfowl_sound\Biak Scrubfowl5.wav,7.04,True,D:\other\Bird\Dataset\CC0\Biak Scrubfowl_sound\Biak Scrubfowl5.mp3
Biak Scrubfowl_sound/Biak Scrubfowl6,D:\other\Bird\Code\data\kaggle_training_wav_cache_sp\Biak Scrubfowl_sound\Biak Scrubfowl6.wav,Biak Scrubfowl_sound,9,7.04,8,train,D:\other\Bird\Code\data\kaggle_training_wav_cache_sp\Biak Scrubfowl_sound\Biak Scrubfowl6.wav,7.04,True,D:\other\Bird\Dataset\CC0\Biak Scrubfowl_sound\Biak Scrubfowl6.mp3
Biak Scrubfowl_sound/Biak Scrubfowl7,D:\other\Bird\Code\data\kaggle_training_wav_cache_sp\Biak Scrubfowl_sound\Biak Scrubfowl7.wav,Biak Scrubfowl_sound,9,9.224,8,val,D:\other\Bird\Code\data\kaggle_training_wav_cache_sp\Biak Scrubfowl_sound\Biak Scrubfowl7.wav,9.224,True,D:\other\Bird\Dataset\CC0\Biak Scrubfowl_sound\Biak Scrubfowl7.mp3
Biak Scrubfowl_sound/Biak Scrubfowl8,D:\other\Bird\Code\data\kaggle_training_wav_cache_sp\Biak Scrubfowl_sound\Biak Scrubfowl8.wav,Biak Scrubfowl_sound,9,9.224,8,train,D:\other\Bird\Code\data\kaggle_training_wav_cache_sp\Biak Scrubfowl_sound\Biak Scrubfowl8.wav,9.224,True,D:\other\Bird\Dataset\CC0\Biak Scrubfowl_sound\Biak Scrubfowl8.mp3
Biak Scrubfowl_sound/Biak Scrubfowl9,D:\other\Bird\Code\data\kaggle_training_wav_cache_sp\Biak Scrubfowl_sound\Biak Scrubfowl9.wav,Biak Scrubfowl_sound,9,9.224,8,train,D:\other\Bird\Code\data\kaggle_training_wav_cache_sp\Biak Scrubfowl_sound\Biak Scrubfowl9.wav,9.224,True,D:\other\Bird\Dataset\CC0\Biak Scrubfowl_sound\Biak Scrubfowl9.mp3
Black Tinamou_sound/Black Tinamou11,D:\other\Bird\Code\data\kaggle_training_wav_cache_sp\Black Tinamou_sound\Black Tinamou11.wav,Black Tinamou_sound,10,23.136,9,val,D:\other\Bird\Code\data\kaggle_training_wav_cache_sp\Black Tinamou_sound\Black Tinamou11.wav,23.136,True,D:\other\Bird\Dataset\CC0\Black Tinamou_sound\Black Tinamou11.mp3
Black Tinamou_sound/Black Tinamou12,D:\other\Bird\Code\data\kaggle_training_wav_cache_sp\Black Tinamou_sound\Black Tinamou12.wav,Black Tinamou_sound,10,20.78434375,9,val,D:\other\Bird\Code\data\kaggle_training_wav_cache_sp\Black Tinamou_sound\Black Tinamou12.wav,20.78434375,True,D:\other\Bird\Dataset\CC0\Black Tinamou_sound\Black Tinamou12.mp3
Black Tinamou_sound/Black Tinamou13,D:\other\Bird\Code\data\kaggle_training_wav_cache_sp\Black Tinamou_sound\Black Tinamou13.wav,Black Tinamou_sound,10,16.56165625,9,train,D:\other\Bird\Code\data\kaggle_training_wav_cache_sp\Black Tinamou_sound\Black Tinamou13.wav,16.56165625,True,D:\other\Bird\Dataset\CC0\Black Tinamou_sound\Black Tinamou13.mp3
Black Tinamou_sound/Black Tinamou14,D:\other\Bird\Code\data\kaggle_training_wav_cache_sp\Black Tinamou_sound\Black Tinamou14.wav,Black Tinamou_sound,10,345.0599375,9,train,D:\other\Bird\Code\data\kaggle_training_wav_cache_sp\Black Tinamou_sound\Black Tinamou14.wav,345.0599375,True,D:\other\Bird\Dataset\CC0\Black Tinamou_sound\Black Tinamou14.mp3
Black Tinamou_sound/Black Tinamou15,D:\other\Bird\Code\data\kaggle_training_wav_cache_sp\Black Tinamou_sound\Black Tinamou15.wav,Black Tinamou_sound,10,77.42696875,9,train,D:\other\Bird\Code\data\kaggle_training_wav_cache_sp\Black Tinamou_sound\Black Tinamou15.wav,77.42696875,True,D:\other\Bird\Dataset\CC0\Black Tinamou_sound\Black Tinamou15.mp3
Black Tinamou_sound/Black Tinamou16,D:\other\Bird\Code\data\kaggle_training_wav_cache_sp\Black Tinamou_sound\Black Tinamou16.wav,Black Tinamou_sound,10,18.4405625,9,val,D:\other\Bird\Code\data\kaggle_training_wav_cache_sp\Black Tinamou_sound\Black Tinamou16.wav,18.4405625,True,D:\other\Bird\Dataset\CC0\Black Tinamou_sound\Black Tinamou16.mp3
Black Tinamou_sound/Black Tinamou17,D:\other\Bird\Code\data\kaggle_training_wav_cache_sp\Black Tinamou_sound\Black Tinamou17.wav,Black Tinamou_sound,10,102.92246875,9,train,D:\other\Bird\Code\data\kaggle_training_wav_cache_sp\Black Tinamou_sound\Black Tinamou17.wav,102.92246875,True,D:\other\Bird\Dataset\CC0\Black Tinamou_sound\Black Tinamou17.mp3
Black Tinamou_sound/Black Tinamou18,D:\other\Bird\Code\data\kaggle_training_wav_cache_sp\Black Tinamou_sound\Black Tinamou18.wav,Black Tinamou_sound,10,16.2040625,9,train,D:\other\Bird\Code\data\kaggle_training_wav_cache_sp\Black Tinamou_sound\Black Tinamou18.wav,16.2040625,True,D:\other\Bird\Dataset\CC0\Black Tinamou_sound\Black Tinamou18.mp3
Black Tinamou_sound/Black Tinamou19,D:\other\Bird\Code\data\kaggle_training_wav_cache_sp\Black Tinamou_sound\Black Tinamou19.wav,Black Tinamou_sound,10,16.2040625,9,train,D:\other\Bird\Code\data\kaggle_training_wav_cache_sp\Black Tinamou_sound\Black Tinamou19.wav,16.2040625,True,D:\other\Bird\Dataset\CC0\Black Tinamou_sound\Black Tinamou19.mp3
Black Tinamou_sound/Black Tinamou2,D:\other\Bird\Code\data\kaggle_training_wav_cache_sp\Black Tinamou_sound\Black Tinamou2.wav,Black Tinamou_sound,10,75.92784375,9,test,D:\other\Bird\Code\data\kaggle_training_wav_cache_sp\Black Tinamou_sound\Black Tinamou2.wav,75.92784375,True,D:\other\Bird\Dataset\CC0\Black Tinamou_sound\Black Tinamou2.mp3
Black Tinamou_sound/Black Tinamou20,D:\other\Bird\Code\data\kaggle_training_wav_cache_sp\Black Tinamou_sound\Black Tinamou20.wav,Black Tinamou_sound,10,8.88,9,train,D:\other\Bird\Code\data\kaggle_training_wav_cache_sp\Black Tinamou_sound\Black Tinamou20.wav,8.88,True,D:\other\Bird\Dataset\CC0\Black Tinamou_sound\Black Tinamou20.mp3
Black Tinamou_sound/Black Tinamou21,D:\other\Bird\Code\data\kaggle_training_wav_cache_sp\Black Tinamou_sound\Black Tinamou21.wav,Black Tinamou_sound,10,72.9685,9,train,D:\other\Bird\Code\data\kaggle_training_wav_cache_sp\Black Tinamou_sound\Black Tinamou21.wav,72.9685,True,D:\other\Bird\Dataset\CC0\Black Tinamou_sound\Black Tinamou21.mp3
Black Tinamou_sound/Black Tinamou3,D:\other\Bird\Code\data\kaggle_training_wav_cache_sp\Black Tinamou_sound\Black Tinamou3.wav,Black Tinamou_sound,10,75.92784375,9,test,D:\other\Bird\Code\data\kaggle_training_wav_cache_sp\Black Tinamou_sound\Black Tinamou3.wav,75.92784375,True,D:\other\Bird\Dataset\CC0\Black Tinamou_sound\Black Tinamou3.mp3
Black Tinamou_sound/Black Tinamou4,D:\other\Bird\Code\data\kaggle_training_wav_cache_sp\Black Tinamou_sound\Black Tinamou4.wav,Black Tinamou_sound,10,18.88,9,train,D:\other\Bird\Code\data\kaggle_training_wav_cache_sp\Black Tinamou_sound\Black Tinamou4.wav,18.88,True,D:\other\Bird\Dataset\CC0\Black Tinamou_sound\Black Tinamou4.mp3
Black Tinamou_sound/Black Tinamou5,D:\other\Bird\Code\data\kaggle_training_wav_cache_sp\Black Tinamou_sound\Black Tinamou5.wav,Black Tinamou_sound,10,93.296,9,train,D:\other\Bird\Code\data\kaggle_training_wav_cache_sp\Black Tinamou_sound\Black Tinamou5.wav,93.296,True,D:\other\Bird\Dataset\CC0\Black Tinamou_sound\Black Tinamou5.mp3
Black Tinamou_sound/Black Tinamou6,D:\other\Bird\Code\data\kaggle_training_wav_cache_sp\Black Tinamou_sound\Black Tinamou6.wav,Black Tinamou_sound,10,9.76,9,train,D:\other\Bird\Code\data\kaggle_training_wav_cache_sp\Black Tinamou_sound\Black Tinamou6.wav,9.76,True,D:\other\Bird\Dataset\CC0\Black Tinamou_sound\Black Tinamou6.mp3
Black Tinamou_sound/Black Tinamou7,D:\other\Bird\Code\data\kaggle_training_wav_cache_sp\Black Tinamou_sound\Black Tinamou7.wav,Black Tinamou_sound,10,62.805125,9,train,D:\other\Bird\Code\data\kaggle_training_wav_cache_sp\Black Tinamou_sound\Black Tinamou7.wav,62.805125,True,D:\other\Bird\Dataset\CC0\Black Tinamou_sound\Black Tinamou7.mp3
Black Tinamou_sound/Black Tinamou8,D:\other\Bird\Code\data\kaggle_training_wav_cache_sp\Black Tinamou_sound\Black Tinamou8.wav,Black Tinamou_sound,10,5.8628125,9,test,D:\other\Bird\Code\data\kaggle_training_wav_cache_sp\Black Tinamou_sound\Black Tinamou8.wav,5.8628125,True,D:\other\Bird\Dataset\CC0\Black Tinamou_sound\Black Tinamou8.mp3
Black Tinamou_sound/Black Tinamou9,D:\other\Bird\Code\data\kaggle_training_wav_cache_sp\Black Tinamou_sound\Black Tinamou9.wav,Black Tinamou_sound,10,6.69753125,9,train,D:\other\Bird\Code\data\kaggle_training_wav_cache_sp\Black Tinamou_sound\Black Tinamou9.wav,6.69753125,True,D:\other\Bird\Dataset\CC0\Black Tinamou_sound\Black Tinamou9.mp3
Black-billed Brushturkey_sound/Black-billed Brushturkey10,D:\other\Bird\Code\data\kaggle_training_wav_cache_sp\Black-billed Brushturkey_sound\Black-billed Brushturkey10.wav,Black-billed Brushturkey_sound,11,16.912,10,val,D:\other\Bird\Code\data\kaggle_training_wav_cache_sp\Black-billed Brushturkey_sound\Black-billed Brushturkey10.wav,16.912,True,D:\other\Bird\Dataset\CC0\Black-billed Brushturkey_sound\Black-billed Brushturkey10.mp3
Black-billed Brushturkey_sound/Black-billed Brushturkey11,D:\other\Bird\Code\data\kaggle_training_wav_cache_sp\Black-billed Brushturkey_sound\Black-billed Brushturkey11.wav,Black-billed Brushturkey_sound,11,16.912,10,train,D:\other\Bird\Code\data\kaggle_training_wav_cache_sp\Black-billed Brushturkey_sound\Black-billed Brushturkey11.wav,16.912,True,D:\other\Bird\Dataset\CC0\Black-billed Brushturkey_sound\Black-billed Brushturkey11.mp3
Black-billed Brushturkey_sound/Black-billed Brushturkey12,D:\other\Bird\Code\data\kaggle_training_wav_cache_sp\Black-billed Brushturkey_sound\Black-billed Brushturkey12.wav,Black-billed Brushturkey_sound,11,16.912,10,test,D:\other\Bird\Code\data\kaggle_training_wav_cache_sp\Black-billed Brushturkey_sound\Black-billed Brushturkey12.wav,16.912,True,D:\other\Bird\Dataset\CC0\Black-billed Brushturkey_sound\Black-billed Brushturkey12.mp3
Black-billed Brushturkey_sound/Black-billed Brushturkey13,D:\other\Bird\Code\data\kaggle_training_wav_cache_sp\Black-billed Brushturkey_sound\Black-billed Brushturkey13.wav,Black-billed Brushturkey_sound,11,58.656,10,val,D:\other\Bird\Code\data\kaggle_training_wav_cache_sp\Black-billed Brushturkey_sound\Black-billed Brushturkey13.wav,58.656,True,D:\other\Bird\Dataset\CC0\Black-billed Brushturkey_sound\Black-billed Brushturkey13.mp3
Black-billed Brushturkey_sound/Black-billed Brushturkey14,D:\other\Bird\Code\data\kaggle_training_wav_cache_sp\Black-billed Brushturkey_sound\Black-billed Brushturkey14.wav,Black-billed Brushturkey_sound,11,14.624,10,val,D:\other\Bird\Code\data\kaggle_training_wav_cache_sp\Black-billed Brushturkey_sound\Black-billed Brushturkey14.wav,14.624,True,D:\other\Bird\Dataset\CC0\Black-billed Brushturkey_sound\Black-billed Brushturkey14.mp3
Black-billed Brushturkey_sound/Black-billed Brushturkey15,D:\other\Bird\Code\data\kaggle_training_wav_cache_sp\Black-billed Brushturkey_sound\Black-billed Brushturkey15.wav,Black-billed Brushturkey_sound,11,30.912,10,train,D:\other\Bird\Code\data\kaggle_training_wav_cache_sp\Black-billed Brushturkey_sound\Black-billed Brushturkey15.wav,30.912,True,D:\other\Bird\Dataset\CC0\Black-billed Brushturkey_sound\Black-billed Brushturkey15.mp3
Black-billed Brushturkey_sound/Black-billed Brushturkey16,D:\other\Bird\Code\data\kaggle_training_wav_cache_sp\Black-billed Brushturkey_sound\Black-billed Brushturkey16.wav,Black-billed Brushturkey_sound,11,40.736,10,train,D:\other\Bird\Code\data\kaggle_training_wav_cache_sp\Black-billed Brushturkey_sound\Black-billed Brushturkey16.wav,40.736,True,D:\other\Bird\Dataset\CC0\Black-billed Brushturkey_sound\Black-billed Brushturkey16.mp3
Black-billed Brushturkey_sound/Black-billed Brushturkey17,D:\other\Bird\Code\data\kaggle_training_wav_cache_sp\Black-billed Brushturkey_sound\Black-billed Brushturkey17.wav,Black-billed Brushturkey_sound,11,39.264,10,train,D:\other\Bird\Code\data\kaggle_training_wav_cache_sp\Black-billed Brushturkey_sound\Black-billed Brushturkey17.wav,39.264,True,D:\other\Bird\Dataset\CC0\Black-billed Brushturkey_sound\Black-billed Brushturkey17.mp3
Black-billed Brushturkey_sound/Black-billed Brushturkey18,D:\other\Bird\Code\data\kaggle_training_wav_cache_sp\Black-billed Brushturkey_sound\Black-billed Brushturkey18.wav,Black-billed Brushturkey_sound,11,30.30728125,10,test,D:\other\Bird\Code\data\kaggle_training_wav_cache_sp\Black-billed Brushturkey_sound\Black-billed Brushturkey18.wav,30.30728125,True,D:\other\Bird\Dataset\CC0\Black-billed Brushturkey_sound\Black-billed Brushturkey18.mp3
Black-billed Brushturkey_sound/Black-billed Brushturkey19,D:\other\Bird\Code\data\kaggle_training_wav_cache_sp\Black-billed Brushturkey_sound\Black-billed Brushturkey19.wav,Black-billed Brushturkey_sound,11,42.16,10,train,D:\other\Bird\Code\data\kaggle_training_wav_cache_sp\Black-billed Brushturkey_sound\Black-billed Brushturkey19.wav,42.16,True,D:\other\Bird\Dataset\CC0\Black-billed Brushturkey_sound\Black-billed Brushturkey19.mp3
Black-billed Brushturkey_sound/Black-billed Brushturkey2,D:\other\Bird\Code\data\kaggle_training_wav_cache_sp\Black-billed Brushturkey_sound\Black-billed Brushturkey2.wav,Black-billed Brushturkey_sound,11,9.424,10,train,D:\other\Bird\Code\data\kaggle_training_wav_cache_sp\Black-billed Brushturkey_sound\Black-billed Brushturkey2.wav,9.424,True,D:\other\Bird\Dataset\CC0\Black-billed Brushturkey_sound\Black-billed Brushturkey2.mp3
Black-billed Brushturkey_sound/Black-billed Brushturkey20,D:\other\Bird\Code\data\kaggle_training_wav_cache_sp\Black-billed Brushturkey_sound\Black-billed Brushturkey20.wav,Black-billed Brushturkey_sound,11,42.16,10,train,D:\other\Bird\Code\data\kaggle_training_wav_cache_sp\Black-billed Brushturkey_sound\Black-billed Brushturkey20.wav,42.16,True,D:\other\Bird\Dataset\CC0\Black-billed Brushturkey_sound\Black-billed Brushturkey20.mp3
Black-billed Brushturkey_sound/Black-billed Brushturkey21,D:\other\Bird\Code\data\kaggle_training_wav_cache_sp\Black-billed Brushturkey_sound\Black-billed Brushturkey21.wav,Black-billed Brushturkey_sound,11,43.52,10,train,D:\other\Bird\Code\data\kaggle_training_wav_cache_sp\Black-billed Brushturkey_sound\Black-billed Brushturkey21.wav,43.52,True,D:\other\Bird\Dataset\CC0\Black-billed Brushturkey_sound\Black-billed Brushturkey21.mp3
Black-billed Brushturkey_sound/Black-billed Brushturkey3,D:\other\Bird\Code\data\kaggle_training_wav_cache_sp\Black-billed Brushturkey_sound\Black-billed Brushturkey3.wav,Black-billed Brushturkey_sound,11,9.424,10,train,D:\other\Bird\Code\data\kaggle_training_wav_cache_sp\Black-billed Brushturkey_sound\Black-billed Brushturkey3.wav,9.424,True,D:\other\Bird\Dataset\CC0\Black-billed Brushturkey_sound\Black-billed Brushturkey3.mp3
Black-billed Brushturkey_sound/Black-billed Brushturkey4,D:\other\Bird\Code\data\kaggle_training_wav_cache_sp\Black-billed Brushturkey_sound\Black-billed Brushturkey4.wav,Black-billed Brushturkey_sound,11,9.424,10,train,D:\other\Bird\Code\data\kaggle_training_wav_cache_sp\Black-billed Brushturkey_sound\Black-billed Brushturkey4.wav,9.424,True,D:\other\Bird\Dataset\CC0\Black-billed Brushturkey_sound\Black-billed Brushturkey4.mp3
Black-billed Brushturkey_sound/Black-billed Brushturkey5,D:\other\Bird\Code\data\kaggle_training_wav_cache_sp\Black-billed Brushturkey_sound\Black-billed Brushturkey5.wav,Black-billed Brushturkey_sound,11,9.424,10,train,D:\other\Bird\Code\data\kaggle_training_wav_cache_sp\Black-billed Brushturkey_sound\Black-billed Brushturkey5.wav,9.424,True,D:\other\Bird\Dataset\CC0\Black-billed Brushturkey_sound\Black-billed Brushturkey5.mp3
Black-billed Brushturkey_sound/Black-billed Brushturkey6,D:\other\Bird\Code\data\kaggle_training_wav_cache_sp\Black-billed Brushturkey_sound\Black-billed Brushturkey6.wav,Black-billed Brushturkey_sound,11,9.424,10,test,D:\other\Bird\Code\data\kaggle_training_wav_cache_sp\Black-billed Brushturkey_sound\Black-billed Brushturkey6.wav,9.424,True,D:\other\Bird\Dataset\CC0\Black-billed Brushturkey_sound\Black-billed Brushturkey6.mp3
Black-billed Brushturkey_sound/Black-billed Brushturkey7,D:\other\Bird\Code\data\kaggle_training_wav_cache_sp\Black-billed Brushturkey_sound\Black-billed Brushturkey7.wav,Black-billed Brushturkey_sound,11,9.424,10,train,D:\other\Bird\Code\data\kaggle_training_wav_cache_sp\Black-billed Brushturkey_sound\Black-billed Brushturkey7.wav,9.424,True,D:\other\Bird\Dataset\CC0\Black-billed Brushturkey_sound\Black-billed Brushturkey7.mp3
Black-billed Brushturkey_sound/Black-billed Brushturkey8,D:\other\Bird\Code\data\kaggle_training_wav_cache_sp\Black-billed Brushturkey_sound\Black-billed Brushturkey8.wav,Black-billed Brushturkey_sound,11,9.424,10,train,D:\other\Bird\Code\data\kaggle_training_wav_cache_sp\Black-billed Brushturkey_sound\Black-billed Brushturkey8.wav,9.424,True,D:\other\Bird\Dataset\CC0\Black-billed Brushturkey_sound\Black-billed Brushturkey8.mp3
Black-billed Brushturkey_sound/Black-billed Brushturkey9,D:\other\Bird\Code\data\kaggle_training_wav_cache_sp\Black-billed Brushturkey_sound\Black-billed Brushturkey9.wav,Black-billed Brushturkey_sound,11,12.56,10,train,D:\other\Bird\Code\data\kaggle_training_wav_cache_sp\Black-billed Brushturkey_sound\Black-billed Brushturkey9.wav,12.56,True,D:\other\Bird\Dataset\CC0\Black-billed Brushturkey_sound\Black-billed Brushturkey9.mp3
Black-capped Tinamou_sound/Black-capped Tinamou11,D:\other\Bird\Code\data\kaggle_training_wav_cache_sp\Black-capped Tinamou_sound\Black-capped Tinamou11.wav,Black-capped Tinamou_sound,12,51.632,11,train,D:\other\Bird\Code\data\kaggle_training_wav_cache_sp\Black-capped Tinamou_sound\Black-capped Tinamou11.wav,51.632,True,D:\other\Bird\Dataset\CC0\Black-capped Tinamou_sound\Black-capped Tinamou11.mp3
Black-capped Tinamou_sound/Black-capped Tinamou12,D:\other\Bird\Code\data\kaggle_training_wav_cache_sp\Black-capped Tinamou_sound\Black-capped Tinamou12.wav,Black-capped Tinamou_sound,12,51.632,11,train,D:\other\Bird\Code\data\kaggle_training_wav_cache_sp\Black-capped Tinamou_sound\Black-capped Tinamou12.wav,51.632,True,D:\other\Bird\Dataset\CC0\Black-capped Tinamou_sound\Black-capped Tinamou12.mp3
Black-capped Tinamou_sound/Black-capped Tinamou14,D:\other\Bird\Code\data\kaggle_training_wav_cache_sp\Black-capped Tinamou_sound\Black-capped Tinamou14.wav,Black-capped Tinamou_sound,12,41.008,11,train,D:\other\Bird\Code\data\kaggle_training_wav_cache_sp\Black-capped Tinamou_sound\Black-capped Tinamou14.wav,41.008,True,D:\other\Bird\Dataset\CC0\Black-capped Tinamou_sound\Black-capped Tinamou14.mp3
Black-capped Tinamou_sound/Black-capped Tinamou15,D:\other\Bird\Code\data\kaggle_training_wav_cache_sp\Black-capped Tinamou_sound\Black-capped Tinamou15.wav,Black-capped Tinamou_sound,12,23.6,11,test,D:\other\Bird\Code\data\kaggle_training_wav_cache_sp\Black-capped Tinamou_sound\Black-capped Tinamou15.wav,23.6,True,D:\other\Bird\Dataset\CC0\Black-capped Tinamou_sound\Black-capped Tinamou15.mp3
Black-capped Tinamou_sound/Black-capped Tinamou16,D:\other\Bird\Code\data\kaggle_training_wav_cache_sp\Black-capped Tinamou_sound\Black-capped Tinamou16.wav,Black-capped Tinamou_sound,12,13.76,11,val,D:\other\Bird\Code\data\kaggle_training_wav_cache_sp\Black-capped Tinamou_sound\Black-capped Tinamou16.wav,13.76,True,D:\other\Bird\Dataset\CC0\Black-capped Tinamou_sound\Black-capped Tinamou16.mp3
Black-capped Tinamou_sound/Black-capped Tinamou17,D:\other\Bird\Code\data\kaggle_training_wav_cache_sp\Black-capped Tinamou_sound\Black-capped Tinamou17.wav,Black-capped Tinamou_sound,12,17.456,11,train,D:\other\Bird\Code\data\kaggle_training_wav_cache_sp\Black-capped Tinamou_sound\Black-capped Tinamou17.wav,17.456,True,D:\other\Bird\Dataset\CC0\Black-capped Tinamou_sound\Black-capped Tinamou17.mp3
Black-capped Tinamou_sound/Black-capped Tinamou18,D:\other\Bird\Code\data\kaggle_training_wav_cache_sp\Black-capped Tinamou_sound\Black-capped Tinamou18.wav,Black-capped Tinamou_sound,12,43.024,11,train,D:\other\Bird\Code\data\kaggle_training_wav_cache_sp\Black-capped Tinamou_sound\Black-capped Tinamou18.wav,43.024,True,D:\other\Bird\Dataset\CC0\Black-capped Tinamou_sound\Black-capped Tinamou18.mp3
Black-capped Tinamou_sound/Black-capped Tinamou19,D:\other\Bird\Code\data\kaggle_training_wav_cache_sp\Black-capped Tinamou_sound\Black-capped Tinamou19.wav,Black-capped Tinamou_sound,12,43.024,11,train,D:\other\Bird\Code\data\kaggle_training_wav_cache_sp\Black-capped Tinamou_sound\Black-capped Tinamou19.wav,43.024,True,D:\other\Bird\Dataset\CC0\Black-capped Tinamou_sound\Black-capped Tinamou19.mp3
Black-capped Tinamou_sound/Black-capped Tinamou2,D:\other\Bird\Code\data\kaggle_training_wav_cache_sp\Black-capped Tinamou_sound\Black-capped Tinamou2.wav,Black-capped Tinamou_sound,12,7.962,11,train,D:\other\Bird\Code\data\kaggle_training_wav_cache_sp\Black-capped Tinamou_sound\Black-capped Tinamou2.wav,7.962,True,D:\other\Bird\Dataset\CC0\Black-capped Tinamou_sound\Black-capped Tinamou2.mp3
Black-capped Tinamou_sound/Black-capped Tinamou20,D:\other\Bird\Code\data\kaggle_training_wav_cache_sp\Black-capped Tinamou_sound\Black-capped Tinamou20.wav,Black-capped Tinamou_sound,12,43.024,11,test,D:\other\Bird\Code\data\kaggle_training_wav_cache_sp\Black-capped Tinamou_sound\Black-capped Tinamou20.wav,43.024,True,D:\other\Bird\Dataset\CC0\Black-capped Tinamou_sound\Black-capped Tinamou20.mp3
Black-capped Tinamou_sound/Black-capped Tinamou22,D:\other\Bird\Code\data\kaggle_training_wav_cache_sp\Black-capped Tinamou_sound\Black-capped Tinamou22.wav,Black-capped Tinamou_sound,12,42.384,11,test,D:\other\Bird\Code\data\kaggle_training_wav_cache_sp\Black-capped Tinamou_sound\Black-capped Tinamou22.wav,42.384,True,D:\other\Bird\Dataset\CC0\Black-capped Tinamou_sound\Black-capped Tinamou22.mp3
Black-capped Tinamou_sound/Black-capped Tinamou23,D:\other\Bird\Code\data\kaggle_training_wav_cache_sp\Black-capped Tinamou_sound\Black-capped Tinamou23.wav,Black-capped Tinamou_sound,12,42.384,11,train,D:\other\Bird\Code\data\kaggle_training_wav_cache_sp\Black-capped Tinamou_sound\Black-capped Tinamou23.wav,42.384,True,D:\other\Bird\Dataset\CC0\Black-capped Tinamou_sound\Black-capped Tinamou23.mp3
Black-capped Tinamou_sound/Black-capped Tinamou24,D:\other\Bird\Code\data\kaggle_training_wav_cache_sp\Black-capped Tinamou_sound\Black-capped Tinamou24.wav,Black-capped Tinamou_sound,12,42.384,11,train,D:\other\Bird\Code\data\kaggle_training_wav_cache_sp\Black-capped Tinamou_sound\Black-capped Tinamou24.wav,42.384,True,D:\other\Bird\Dataset\CC0\Black-capped Tinamou_sound\Black-capped Tinamou24.mp3
Black-capped Tinamou_sound/Black-capped Tinamou25,D:\other\Bird\Code\data\kaggle_training_wav_cache_sp\Black-capped Tinamou_sound\Black-capped Tinamou25.wav,Black-capped Tinamou_sound,12,14.2671875,11,val,D:\other\Bird\Code\data\kaggle_training_wav_cache_sp\Black-capped Tinamou_sound\Black-capped Tinamou25.wav,14.2671875,True,D:\other\Bird\Dataset\CC0\Black-capped Tinamou_sound\Black-capped Tinamou25.mp3
Black-capped Tinamou_sound/Black-capped Tinamou29,D:\other\Bird\Code\data\kaggle_training_wav_cache_sp\Black-capped Tinamou_sound\Black-capped Tinamou29.wav,Black-capped Tinamou_sound,12,8.448,11,train,D:\other\Bird\Code\data\kaggle_training_wav_cache_sp\Black-capped Tinamou_sound\Black-capped Tinamou29.wav,8.448,True,D:\other\Bird\Dataset\CC0\Black-capped Tinamou_sound\Black-capped Tinamou29.mp3
Black-capped Tinamou_sound/Black-capped Tinamou3,D:\other\Bird\Code\data\kaggle_training_wav_cache_sp\Black-capped Tinamou_sound\Black-capped Tinamou3.wav,Black-capped Tinamou_sound,12,7.962,11,train,D:\other\Bird\Code\data\kaggle_training_wav_cache_sp\Black-capped Tinamou_sound\Black-capped Tinamou3.wav,7.962,True,D:\other\Bird\Dataset\CC0\Black-capped Tinamou_sound\Black-capped Tinamou3.mp3
Black-capped Tinamou_sound/Black-capped Tinamou30,D:\other\Bird\Code\data\kaggle_training_wav_cache_sp\Black-capped Tinamou_sound\Black-capped Tinamou30.wav,Black-capped Tinamou_sound,12,8.448,11,val,D:\other\Bird\Code\data\kaggle_training_wav_cache_sp\Black-capped Tinamou_sound\Black-capped Tinamou30.wav,8.448,True,D:\other\Bird\Dataset\CC0\Black-capped Tinamou_sound\Black-capped Tinamou30.mp3
Black-capped Tinamou_sound/Black-capped Tinamou31,D:\other\Bird\Code\data\kaggle_training_wav_cache_sp\Black-capped Tinamou_sound\Black-capped Tinamou31.wav,Black-capped Tinamou_sound,12,8.448,11,train,D:\other\Bird\Code\data\kaggle_training_wav_cache_sp\Black-capped Tinamou_sound\Black-capped Tinamou31.wav,8.448,True,D:\other\Bird\Dataset\CC0\Black-capped Tinamou_sound\Black-capped Tinamou31.mp3
Black-capped Tinamou_sound/Black-capped Tinamou4,D:\other\Bird\Code\data\kaggle_training_wav_cache_sp\Black-capped Tinamou_sound\Black-capped Tinamou4.wav,Black-capped Tinamou_sound,12,7.962,11,train,D:\other\Bird\Code\data\kaggle_training_wav_cache_sp\Black-capped Tinamou_sound\Black-capped Tinamou4.wav,7.962,True,D:\other\Bird\Dataset\CC0\Black-capped Tinamou_sound\Black-capped Tinamou4.mp3
Black-capped Tinamou_sound/Black-capped Tinamou5,D:\other\Bird\Code\data\kaggle_training_wav_cache_sp\Black-capped Tinamou_sound\Black-capped Tinamou5.wav,Black-capped Tinamou_sound,12,7.962,11,train,D:\other\Bird\Code\data\kaggle_training_wav_cache_sp\Black-capped Tinamou_sound\Black-capped Tinamou5.wav,7.962,True,D:\other\Bird\Dataset\CC0\Black-capped Tinamou_sound\Black-capped Tinamou5.mp3
Black-capped Tinamou_sound/Black-capped Tinamou6,D:\other\Bird\Code\data\kaggle_training_wav_cache_sp\Black-capped Tinamou_sound\Black-capped Tinamou6.wav,Black-capped Tinamou_sound,12,23.264,11,train,D:\other\Bird\Code\data\kaggle_training_wav_cache_sp\Black-capped Tinamou_sound\Black-capped Tinamou6.wav,23.264,True,D:\other\Bird\Dataset\CC0\Black-capped Tinamou_sound\Black-capped Tinamou6.mp3
Black-capped Tinamou_sound/Black-capped Tinamou7,D:\other\Bird\Code\data\kaggle_training_wav_cache_sp\Black-capped Tinamou_sound\Black-capped Tinamou7.wav,Black-capped Tinamou_sound,12,23.264,11,train,D:\other\Bird\Code\data\kaggle_training_wav_cache_sp\Black-capped Tinamou_sound\Black-capped Tinamou7.wav,23.264,True,D:\other\Bird\Dataset\CC0\Black-capped Tinamou_sound\Black-capped Tinamou7.mp3
Black-capped Tinamou_sound/Black-capped Tinamou9,D:\other\Bird\Code\data\kaggle_training_wav_cache_sp\Black-capped Tinamou_sound\Black-capped Tinamou9.wav,Black-capped Tinamou_sound,12,100.368,11,train,D:\other\Bird\Code\data\kaggle_training_wav_cache_sp\Black-capped Tinamou_sound\Black-capped Tinamou9.wav,100.368,True,D:\other\Bird\Dataset\CC0\Black-capped Tinamou_sound\Black-capped Tinamou9.mp3
Black-fronted Piping Guan_sound/Black-fronted Piping Guan10,D:\other\Bird\Code\data\kaggle_training_wav_cache_sp\Black-fronted Piping Guan_sound\Black-fronted Piping Guan10.wav,Black-fronted Piping Guan_sound,13,6.23415625,12,test,D:\other\Bird\Code\data\kaggle_training_wav_cache_sp\Black-fronted Piping Guan_sound\Black-fronted Piping Guan10.wav,6.23415625,True,D:\other\Bird\Dataset\CC0\Black-fronted Piping Guan_sound\Black-fronted Piping Guan10.mp3
Black-fronted Piping Guan_sound/Black-fronted Piping Guan11,D:\other\Bird\Code\data\kaggle_training_wav_cache_sp\Black-fronted Piping Guan_sound\Black-fronted Piping Guan11.wav,Black-fronted Piping Guan_sound,13,6.23415625,12,train,D:\other\Bird\Code\data\kaggle_training_wav_cache_sp\Black-fronted Piping Guan_sound\Black-fronted Piping Guan11.wav,6.23415625,True,D:\other\Bird\Dataset\CC0\Black-fronted Piping Guan_sound\Black-fronted Piping Guan11.mp3
Black-fronted Piping Guan_sound/Black-fronted Piping Guan13,D:\other\Bird\Code\data\kaggle_training_wav_cache_sp\Black-fronted Piping Guan_sound\Black-fronted Piping Guan13.wav,Black-fronted Piping Guan_sound,13,38.478375,12,val,D:\other\Bird\Code\data\kaggle_training_wav_cache_sp\Black-fronted Piping Guan_sound\Black-fronted Piping Guan13.wav,38.478375,True,D:\other\Bird\Dataset\CC0\Black-fronted Piping Guan_sound\Black-fronted Piping Guan13.mp3
Black-fronted Piping Guan_sound/Black-fronted Piping Guan2,D:\other\Bird\Code\data\kaggle_training_wav_cache_sp\Black-fronted Piping Guan_sound\Black-fronted Piping Guan2.wav,Black-fronted Piping Guan_sound,13,10.02515625,12,val,D:\other\Bird\Code\data\kaggle_training_wav_cache_sp\Black-fronted Piping Guan_sound\Black-fronted Piping Guan2.wav,10.02515625,True,D:\other\Bird\Dataset\CC0\Black-fronted Piping Guan_sound\Black-fronted Piping Guan2.mp3
Black-fronted Piping Guan_sound/Black-fronted Piping Guan3,D:\other\Bird\Code\data\kaggle_training_wav_cache_sp\Black-fronted Piping Guan_sound\Black-fronted Piping Guan3.wav,Black-fronted Piping Guan_sound,13,59.136,12,train,D:\other\Bird\Code\data\kaggle_training_wav_cache_sp\Black-fronted Piping Guan_sound\Black-fronted Piping Guan3.wav,59.136,True,D:\other\Bird\Dataset\CC0\Black-fronted Piping Guan_sound\Black-fronted Piping Guan3.mp3
Black-fronted Piping Guan_sound/Black-fronted Piping Guan4,D:\other\Bird\Code\data\kaggle_training_wav_cache_sp\Black-fronted Piping Guan_sound\Black-fronted Piping Guan4.wav,Black-fronted Piping Guan_sound,13,158.23,12,train,D:\other\Bird\Code\data\kaggle_training_wav_cache_sp\Black-fronted Piping Guan_sound\Black-fronted Piping Guan4.wav,158.23,True,D:\other\Bird\Dataset\CC0\Black-fronted Piping Guan_sound\Black-fronted Piping Guan4.mp3
Black-fronted Piping Guan_sound/Black-fronted Piping Guan5,D:\other\Bird\Code\data\kaggle_training_wav_cache_sp\Black-fronted Piping Guan_sound\Black-fronted Piping Guan5.wav,Black-fronted Piping Guan_sound,13,7.951375,12,train,D:\other\Bird\Code\data\kaggle_training_wav_cache_sp\Black-fronted Piping Guan_sound\Black-fronted Piping Guan5.wav,7.951375,True,D:\other\Bird\Dataset\CC0\Black-fronted Piping Guan_sound\Black-fronted Piping Guan5.mp3
Black-fronted Piping Guan_sound/Black-fronted Piping Guan6,D:\other\Bird\Code\data\kaggle_training_wav_cache_sp\Black-fronted Piping Guan_sound\Black-fronted Piping Guan6.wav,Black-fronted Piping Guan_sound,13,7.951375,12,train,D:\other\Bird\Code\data\kaggle_training_wav_cache_sp\Black-fronted Piping Guan_sound\Black-fronted Piping Guan6.wav,7.951375,True,D:\other\Bird\Dataset\CC0\Black-fronted Piping Guan_sound\Black-fronted Piping Guan6.mp3
Black-fronted Piping Guan_sound/Black-fronted Piping Guan7,D:\other\Bird\Code\data\kaggle_training_wav_cache_sp\Black-fronted Piping Guan_sound\Black-fronted Piping Guan7.wav,Black-fronted Piping Guan_sound,13,93.18890625,12,train,D:\other\Bird\Code\data\kaggle_training_wav_cache_sp\Black-fronted Piping Guan_sound\Black-fronted Piping Guan7.wav,93.18890625,True,D:\other\Bird\Dataset\CC0\Black-fronted Piping Guan_sound\Black-fronted Piping Guan7.mp3
Black-fronted Piping Guan_sound/Black-fronted Piping Guan8,D:\other\Bird\Code\data\kaggle_training_wav_cache_sp\Black-fronted Piping Guan_sound\Black-fronted Piping Guan8.wav,Black-fronted Piping Guan_sound,13,93.18890625,12,train,D:\other\Bird\Code\data\kaggle_training_wav_cache_sp\Black-fronted Piping Guan_sound\Black-fronted Piping Guan8.wav,93.18890625,True,D:\other\Bird\Dataset\CC0\Black-fronted Piping Guan_sound\Black-fronted Piping Guan8.mp3
Black-fronted Piping Guan_sound/Black-fronted Piping Guan9,D:\other\Bird\Code\data\kaggle_training_wav_cache_sp\Black-fronted Piping Guan_sound\Black-fronted Piping Guan9.wav,Black-fronted Piping Guan_sound,13,6.23415625,12,test,D:\other\Bird\Code\data\kaggle_training_wav_cache_sp\Black-fronted Piping Guan_sound\Black-fronted Piping Guan9.wav,6.23415625,True,D:\other\Bird\Dataset\CC0\Black-fronted Piping Guan_sound\Black-fronted Piping Guan9.mp3
Blue-throated Piping Guan_sound/Blue-throated Piping Guan10,D:\other\Bird\Code\data\kaggle_training_wav_cache_sp\Blue-throated Piping Guan_sound\Blue-throated Piping Guan10.wav,Blue-throated Piping Guan_sound,14,29.008,13,train,D:\other\Bird\Code\data\kaggle_training_wav_cache_sp\Blue-throated Piping Guan_sound\Blue-throated Piping Guan10.wav,29.008,True,D:\other\Bird\Dataset\CC0\Blue-throated Piping Guan_sound\Blue-throated Piping Guan10.mp3
Blue-throated Piping Guan_sound/Blue-throated Piping Guan11,D:\other\Bird\Code\data\kaggle_training_wav_cache_sp\Blue-throated Piping Guan_sound\Blue-throated Piping Guan11.wav,Blue-throated Piping Guan_sound,14,9.392,13,val,D:\other\Bird\Code\data\kaggle_training_wav_cache_sp\Blue-throated Piping Guan_sound\Blue-throated Piping Guan11.wav,9.392,True,D:\other\Bird\Dataset\CC0\Blue-throated Piping Guan_sound\Blue-throated Piping Guan11.mp3
Blue-throated Piping Guan_sound/Blue-throated Piping Guan12,D:\other\Bird\Code\data\kaggle_training_wav_cache_sp\Blue-throated Piping Guan_sound\Blue-throated Piping Guan12.wav,Blue-throated Piping Guan_sound,14,20.48,13,train,D:\other\Bird\Code\data\kaggle_training_wav_cache_sp\Blue-throated Piping Guan_sound\Blue-throated Piping Guan12.wav,20.48,True,D:\other\Bird\Dataset\CC0\Blue-throated Piping Guan_sound\Blue-throated Piping Guan12.mp3
Blue-throated Piping Guan_sound/Blue-throated Piping Guan13,D:\other\Bird\Code\data\kaggle_training_wav_cache_sp\Blue-throated Piping Guan_sound\Blue-throated Piping Guan13.wav,Blue-throated Piping Guan_sound,14,20.48,13,val,D:\other\Bird\Code\data\kaggle_training_wav_cache_sp\Blue-throated Piping Guan_sound\Blue-throated Piping Guan13.wav,20.48,True,D:\other\Bird\Dataset\CC0\Blue-throated Piping Guan_sound\Blue-throated Piping Guan13.mp3
Blue-throated Piping Guan_sound/Blue-throated Piping Guan14,D:\other\Bird\Code\data\kaggle_training_wav_cache_sp\Blue-throated Piping Guan_sound\Blue-throated Piping Guan14.wav,Blue-throated Piping Guan_sound,14,139.776,13,train,D:\other\Bird\Code\data\kaggle_training_wav_cache_sp\Blue-throated Piping Guan_sound\Blue-throated Piping Guan14.wav,139.776,True,D:\other\Bird\Dataset\CC0\Blue-throated Piping Guan_sound\Blue-throated Piping Guan14.mp3
Blue-throated Piping Guan_sound/Blue-throated Piping Guan15,D:\other\Bird\Code\data\kaggle_training_wav_cache_sp\Blue-throated Piping Guan_sound\Blue-throated Piping Guan15.wav,Blue-throated Piping Guan_sound,14,8.368,13,train,D:\other\Bird\Code\data\kaggle_training_wav_cache_sp\Blue-throated Piping Guan_sound\Blue-throated Piping Guan15.wav,8.368,True,D:\other\Bird\Dataset\CC0\Blue-throated Piping Guan_sound\Blue-throated Piping Guan15.mp3
Blue-throated Piping Guan_sound/Blue-throated Piping Guan16,D:\other\Bird\Code\data\kaggle_training_wav_cache_sp\Blue-throated Piping Guan_sound\Blue-throated Piping Guan16.wav,Blue-throated Piping Guan_sound,14,9.136,13,train,D:\other\Bird\Code\data\kaggle_training_wav_cache_sp\Blue-throated Piping Guan_sound\Blue-throated Piping Guan16.wav,9.136,True,D:\other\Bird\Dataset\CC0\Blue-throated Piping Guan_sound\Blue-throated Piping Guan16.mp3
Blue-throated Piping Guan_sound/Blue-throated Piping Guan17,D:\other\Bird\Code\data\kaggle_training_wav_cache_sp\Blue-throated Piping Guan_sound\Blue-throated Piping Guan17.wav,Blue-throated Piping Guan_sound,14,8.256,13,test,D:\other\Bird\Code\data\kaggle_training_wav_cache_sp\Blue-throated Piping Guan_sound\Blue-throated Piping Guan17.wav,8.256,True,D:\other\Bird\Dataset\CC0\Blue-throated Piping Guan_sound\Blue-throated Piping Guan17.mp3
Blue-throated Piping Guan_sound/Blue-throated Piping Guan18,D:\other\Bird\Code\data\kaggle_training_wav_cache_sp\Blue-throated Piping Guan_sound\Blue-throated Piping Guan18.wav,Blue-throated Piping Guan_sound,14,7.12,13,train,D:\other\Bird\Code\data\kaggle_training_wav_cache_sp\Blue-throated Piping Guan_sound\Blue-throated Piping Guan18.wav,7.12,True,D:\other\Bird\Dataset\CC0\Blue-throated Piping Guan_sound\Blue-throated Piping Guan18.mp3
Blue-throated Piping Guan_sound/Blue-throated Piping Guan19,D:\other\Bird\Code\data\kaggle_training_wav_cache_sp\Blue-throated Piping Guan_sound\Blue-throated Piping Guan19.wav,Blue-throated Piping Guan_sound,14,6.016,13,train,D:\other\Bird\Code\data\kaggle_training_wav_cache_sp\Blue-throated Piping Guan_sound\Blue-throated Piping Guan19.wav,6.016,True,D:\other\Bird\Dataset\CC0\Blue-throated Piping Guan_sound\Blue-throated Piping Guan19.mp3
Blue-throated Piping Guan_sound/Blue-throated Piping Guan2,D:\other\Bird\Code\data\kaggle_training_wav_cache_sp\Blue-throated Piping Guan_sound\Blue-throated Piping Guan2.wav,Blue-throated Piping Guan_sound,14,5.3698125,13,train,D:\other\Bird\Code\data\kaggle_training_wav_cache_sp\Blue-throated Piping Guan_sound\Blue-throated Piping Guan2.wav,5.3698125,True,D:\other\Bird\Dataset\CC0\Blue-throated Piping Guan_sound\Blue-throated Piping Guan2.mp3
Blue-throated Piping Guan_sound/Blue-throated Piping Guan20,D:\other\Bird\Code\data\kaggle_training_wav_cache_sp\Blue-throated Piping Guan_sound\Blue-throated Piping Guan20.wav,Blue-throated Piping Guan_sound,14,6.79903125,13,test,D:\other\Bird\Code\data\kaggle_training_wav_cache_sp\Blue-throated Piping Guan_sound\Blue-throated Piping Guan20.wav,6.79903125,True,D:\other\Bird\Dataset\CC0\Blue-throated Piping Guan_sound\Blue-throated Piping Guan20.mp3
Blue-throated Piping Guan_sound/Blue-throated Piping Guan21,D:\other\Bird\Code\data\kaggle_training_wav_cache_sp\Blue-throated Piping Guan_sound\Blue-throated Piping Guan21.wav,Blue-throated Piping Guan_sound,14,6.0,13,train,D:\other\Bird\Code\data\kaggle_training_wav_cache_sp\Blue-throated Piping Guan_sound\Blue-throated Piping Guan21.wav,6.0,True,D:\other\Bird\Dataset\CC0\Blue-throated Piping Guan_sound\Blue-throated Piping Guan21.mp3
Blue-throated Piping Guan_sound/Blue-throated Piping Guan22,D:\other\Bird\Code\data\kaggle_training_wav_cache_sp\Blue-throated Piping Guan_sound\Blue-throated Piping Guan22.wav,Blue-throated Piping Guan_sound,14,8.944,13,train,D:\other\Bird\Code\data\kaggle_training_wav_cache_sp\Blue-throated Piping Guan_sound\Blue-throated Piping Guan22.wav,8.944,True,D:\other\Bird\Dataset\CC0\Blue-throated Piping Guan_sound\Blue-throated Piping Guan22.mp3
Blue-throated Piping Guan_sound/Blue-throated Piping Guan23,D:\other\Bird\Code\data\kaggle_training_wav_cache_sp\Blue-throated Piping Guan_sound\Blue-throated Piping Guan23.wav,Blue-throated Piping Guan_sound,14,6.21553125,13,val,D:\other\Bird\Code\data\kaggle_training_wav_cache_sp\Blue-throated Piping Guan_sound\Blue-throated Piping Guan23.wav,6.21553125,True,D:\other\Bird\Dataset\CC0\Blue-throated Piping Guan_sound\Blue-throated Piping Guan23.mp3
Blue-throated Piping Guan_sound/Blue-throated Piping Guan24,D:\other\Bird\Code\data\kaggle_training_wav_cache_sp\Blue-throated Piping Guan_sound\Blue-throated Piping Guan24.wav,Blue-throated Piping Guan_sound,14,36.608,13,train,D:\other\Bird\Code\data\kaggle_training_wav_cache_sp\Blue-throated Piping Guan_sound\Blue-throated Piping Guan24.wav,36.608,True,D:\other\Bird\Dataset\CC0\Blue-throated Piping Guan_sound\Blue-throated Piping Guan24.mp3
Blue-throated Piping Guan_sound/Blue-throated Piping Guan25,D:\other\Bird\Code\data\kaggle_training_wav_cache_sp\Blue-throated Piping Guan_sound\Blue-throated Piping Guan25.wav,Blue-throated Piping Guan_sound,14,31.008,13,train,D:\other\Bird\Code\data\kaggle_training_wav_cache_sp\Blue-throated Piping Guan_sound\Blue-throated Piping Guan25.wav,31.008,True,D:\other\Bird\Dataset\CC0\Blue-throated Piping Guan_sound\Blue-throated Piping Guan25.mp3
Blue-throated Piping Guan_sound/Blue-throated Piping Guan26,D:\other\Bird\Code\data\kaggle_training_wav_cache_sp\Blue-throated Piping Guan_sound\Blue-throated Piping Guan26.wav,Blue-throated Piping Guan_sound,14,17.4236875,13,train,D:\other\Bird\Code\data\kaggle_training_wav_cache_sp\Blue-throated Piping Guan_sound\Blue-throated Piping Guan26.wav,17.4236875,True,D:\other\Bird\Dataset\CC0\Blue-throated Piping Guan_sound\Blue-throated Piping Guan26.mp3
Blue-throated Piping Guan_sound/Blue-throated Piping Guan27,D:\other\Bird\Code\data\kaggle_training_wav_cache_sp\Blue-throated Piping Guan_sound\Blue-throated Piping Guan27.wav,Blue-throated Piping Guan_sound,14,23.34171875,13,train,D:\other\Bird\Code\data\kaggle_training_wav_cache_sp\Blue-throated Piping Guan_sound\Blue-throated Piping Guan27.wav,23.34171875,True,D:\other\Bird\Dataset\CC0\Blue-throated Piping Guan_sound\Blue-throated Piping Guan27.mp3
Blue-throated Piping Guan_sound/Blue-throated Piping Guan28,D:\other\Bird\Code\data\kaggle_training_wav_cache_sp\Blue-throated Piping Guan_sound\Blue-throated Piping Guan28.wav,Blue-throated Piping Guan_sound,14,23.024,13,test,D:\other\Bird\Code\data\kaggle_training_wav_cache_sp\Blue-throated Piping Guan_sound\Blue-throated Piping Guan28.wav,23.024,True,D:\other\Bird\Dataset\CC0\Blue-throated Piping Guan_sound\Blue-throated Piping Guan28.mp3
Blue-throated Piping Guan_sound/Blue-throated Piping Guan29,D:\other\Bird\Code\data\kaggle_training_wav_cache_sp\Blue-throated Piping Guan_sound\Blue-throated Piping Guan29.wav,Blue-throated Piping Guan_sound,14,23.024,13,val,D:\other\Bird\Code\data\kaggle_training_wav_cache_sp\Blue-throated Piping Guan_sound\Blue-throated Piping Guan29.wav,23.024,True,D:\other\Bird\Dataset\CC0\Blue-throated Piping Guan_sound\Blue-throated Piping Guan29.mp3
Blue-throated Piping Guan_sound/Blue-throated Piping Guan3,D:\other\Bird\Code\data\kaggle_training_wav_cache_sp\Blue-throated Piping Guan_sound\Blue-throated Piping Guan3.wav,Blue-throated Piping Guan_sound,14,5.3698125,13,train,D:\other\Bird\Code\data\kaggle_training_wav_cache_sp\Blue-throated Piping Guan_sound\Blue-throated Piping Guan3.wav,5.3698125,True,D:\other\Bird\Dataset\CC0\Blue-throated Piping Guan_sound\Blue-throated Piping Guan3.mp3
Blue-throated Piping Guan_sound/Blue-throated Piping Guan30,D:\other\Bird\Code\data\kaggle_training_wav_cache_sp\Blue-throated Piping Guan_sound\Blue-throated Piping Guan30.wav,Blue-throated Piping Guan_sound,14,43.496,13,train,D:\other\Bird\Code\data\kaggle_training_wav_cache_sp\Blue-throated Piping Guan_sound\Blue-throated Piping Guan30.wav,43.496,True,D:\other\Bird\Dataset\CC0\Blue-throated Piping Guan_sound\Blue-throated Piping Guan30.mp3
Blue-throated Piping Guan_sound/Blue-throated Piping Guan31,D:\other\Bird\Code\data\kaggle_training_wav_cache_sp\Blue-throated Piping Guan_sound\Blue-throated Piping Guan31.wav,Blue-throated Piping Guan_sound,14,87.776,13,test,D:\other\Bird\Code\data\kaggle_training_wav_cache_sp\Blue-throated Piping Guan_sound\Blue-throated Piping Guan31.wav,87.776,True,D:\other\Bird\Dataset\CC0\Blue-throated Piping Guan_sound\Blue-throated Piping Guan31.mp3
Blue-throated Piping Guan_sound/Blue-throated Piping Guan4,D:\other\Bird\Code\data\kaggle_training_wav_cache_sp\Blue-throated Piping Guan_sound\Blue-throated Piping Guan4.wav,Blue-throated Piping Guan_sound,14,5.3698125,13,train,D:\other\Bird\Code\data\kaggle_training_wav_cache_sp\Blue-throated Piping Guan_sound\Blue-throated Piping Guan4.wav,5.3698125,True,D:\other\Bird\Dataset\CC0\Blue-throated Piping Guan_sound\Blue-throated Piping Guan4.mp3
Blue-throated Piping Guan_sound/Blue-throated Piping Guan5,D:\other\Bird\Code\data\kaggle_training_wav_cache_sp\Blue-throated Piping Guan_sound\Blue-throated Piping Guan5.wav,Blue-throated Piping Guan_sound,14,6.944,13,train,D:\other\Bird\Code\data\kaggle_training_wav_cache_sp\Blue-throated Piping Guan_sound\Blue-throated Piping Guan5.wav,6.944,True,D:\other\Bird\Dataset\CC0\Blue-throated Piping Guan_sound\Blue-throated Piping Guan5.mp3
Blue-throated Piping Guan_sound/Blue-throated Piping Guan6,D:\other\Bird\Code\data\kaggle_training_wav_cache_sp\Blue-throated Piping Guan_sound\Blue-throated Piping Guan6.wav,Blue-throated Piping Guan_sound,14,20.816,13,train,D:\other\Bird\Code\data\kaggle_training_wav_cache_sp\Blue-throated Piping Guan_sound\Blue-throated Piping Guan6.wav,20.816,True,D:\other\Bird\Dataset\CC0\Blue-throated Piping Guan_sound\Blue-throated Piping Guan6.mp3
Blue-throated Piping Guan_sound/Blue-throated Piping Guan7,D:\other\Bird\Code\data\kaggle_training_wav_cache_sp\Blue-throated Piping Guan_sound\Blue-throated Piping Guan7.wav,Blue-throated Piping Guan_sound,14,13.904,13,train,D:\other\Bird\Code\data\kaggle_training_wav_cache_sp\Blue-throated Piping Guan_sound\Blue-throated Piping Guan7.wav,13.904,True,D:\other\Bird\Dataset\CC0\Blue-throated Piping Guan_sound\Blue-throated Piping Guan7.mp3
Blue-throated Piping Guan_sound/Blue-throated Piping Guan8,D:\other\Bird\Code\data\kaggle_training_wav_cache_sp\Blue-throated Piping Guan_sound\Blue-throated Piping Guan8.wav,Blue-throated Piping Guan_sound,14,34.752,13,train,D:\other\Bird\Code\data\kaggle_training_wav_cache_sp\Blue-throated Piping Guan_sound\Blue-throated Piping Guan8.wav,34.752,True,D:\other\Bird\Dataset\CC0\Blue-throated Piping Guan_sound\Blue-throated Piping Guan8.mp3
Blue-throated Piping Guan_sound/Blue-throated Piping Guan9,D:\other\Bird\Code\data\kaggle_training_wav_cache_sp\Blue-throated Piping Guan_sound\Blue-throated Piping Guan9.wav,Blue-throated Piping Guan_sound,14,19.824,13,train,D:\other\Bird\Code\data\kaggle_training_wav_cache_sp\Blue-throated Piping Guan_sound\Blue-throated Piping Guan9.wav,19.824,True,D:\other\Bird\Dataset\CC0\Blue-throated Piping Guan_sound\Blue-throated Piping Guan9.mp3
Brazilian Tinamou_sound/Brazilian Tinamou10,D:\other\Bird\Code\data\kaggle_training_wav_cache_sp\Brazilian Tinamou_sound\Brazilian Tinamou10.wav,Brazilian Tinamou_sound,15,10.096,14,train,D:\other\Bird\Code\data\kaggle_training_wav_cache_sp\Brazilian Tinamou_sound\Brazilian Tinamou10.wav,10.096,True,D:\other\Bird\Dataset\CC0\Brazilian Tinamou_sound\Brazilian Tinamou10.mp3
Brazilian Tinamou_sound/Brazilian Tinamou11,D:\other\Bird\Code\data\kaggle_training_wav_cache_sp\Brazilian Tinamou_sound\Brazilian Tinamou11.wav,Brazilian Tinamou_sound,15,10.096,14,train,D:\other\Bird\Code\data\kaggle_training_wav_cache_sp\Brazilian Tinamou_sound\Brazilian Tinamou11.wav,10.096,True,D:\other\Bird\Dataset\CC0\Brazilian Tinamou_sound\Brazilian Tinamou11.mp3
Brazilian Tinamou_sound/Brazilian Tinamou12,D:\other\Bird\Code\data\kaggle_training_wav_cache_sp\Brazilian Tinamou_sound\Brazilian Tinamou12.wav,Brazilian Tinamou_sound,15,10.096,14,val,D:\other\Bird\Code\data\kaggle_training_wav_cache_sp\Brazilian Tinamou_sound\Brazilian Tinamou12.wav,10.096,True,D:\other\Bird\Dataset\CC0\Brazilian Tinamou_sound\Brazilian Tinamou12.mp3
Brazilian Tinamou_sound/Brazilian Tinamou13,D:\other\Bird\Code\data\kaggle_training_wav_cache_sp\Brazilian Tinamou_sound\Brazilian Tinamou13.wav,Brazilian Tinamou_sound,15,10.096,14,train,D:\other\Bird\Code\data\kaggle_training_wav_cache_sp\Brazilian Tinamou_sound\Brazilian Tinamou13.wav,10.096,True,D:\other\Bird\Dataset\CC0\Brazilian Tinamou_sound\Brazilian Tinamou13.mp3
Brazilian Tinamou_sound/Brazilian Tinamou14,D:\other\Bird\Code\data\kaggle_training_wav_cache_sp\Brazilian Tinamou_sound\Brazilian Tinamou14.wav,Brazilian Tinamou_sound,15,139.728,14,test,D:\other\Bird\Code\data\kaggle_training_wav_cache_sp\Brazilian Tinamou_sound\Brazilian Tinamou14.wav,139.728,True,D:\other\Bird\Dataset\CC0\Brazilian Tinamou_sound\Brazilian Tinamou14.mp3
Brazilian Tinamou_sound/Brazilian Tinamou15,D:\other\Bird\Code\data\kaggle_training_wav_cache_sp\Brazilian Tinamou_sound\Brazilian Tinamou15.wav,Brazilian Tinamou_sound,15,43.88571875,14,train,D:\other\Bird\Code\data\kaggle_training_wav_cache_sp\Brazilian Tinamou_sound\Brazilian Tinamou15.wav,43.88571875,True,D:\other\Bird\Dataset\CC0\Brazilian Tinamou_sound\Brazilian Tinamou15.mp3
Brazilian Tinamou_sound/Brazilian Tinamou16,D:\other\Bird\Code\data\kaggle_training_wav_cache_sp\Brazilian Tinamou_sound\Brazilian Tinamou16.wav,Brazilian Tinamou_sound,15,83.9053125,14,train,D:\other\Bird\Code\data\kaggle_training_wav_cache_sp\Brazilian Tinamou_sound\Brazilian Tinamou16.wav,83.9053125,True,D:\other\Bird\Dataset\CC0\Brazilian Tinamou_sound\Brazilian Tinamou16.mp3
Brazilian Tinamou_sound/Brazilian Tinamou17,D:\other\Bird\Code\data\kaggle_training_wav_cache_sp\Brazilian Tinamou_sound\Brazilian Tinamou17.wav,Brazilian Tinamou_sound,15,83.9053125,14,val,D:\other\Bird\Code\data\kaggle_training_wav_cache_sp\Brazilian Tinamou_sound\Brazilian Tinamou17.wav,83.9053125,True,D:\other\Bird\Dataset\CC0\Brazilian Tinamou_sound\Brazilian Tinamou17.mp3
Brazilian Tinamou_sound/Brazilian Tinamou18,D:\other\Bird\Code\data\kaggle_training_wav_cache_sp\Brazilian Tinamou_sound\Brazilian Tinamou18.wav,Brazilian Tinamou_sound,15,37.616,14,train,D:\other\Bird\Code\data\kaggle_training_wav_cache_sp\Brazilian Tinamou_sound\Brazilian Tinamou18.wav,37.616,True,D:\other\Bird\Dataset\CC0\Brazilian Tinamou_sound\Brazilian Tinamou18.mp3
Brazilian Tinamou_sound/Brazilian Tinamou19,D:\other\Bird\Code\data\kaggle_training_wav_cache_sp\Brazilian Tinamou_sound\Brazilian Tinamou19.wav,Brazilian Tinamou_sound,15,38.992,14,train,D:\other\Bird\Code\data\kaggle_training_wav_cache_sp\Brazilian Tinamou_sound\Brazilian Tinamou19.wav,38.992,True,D:\other\Bird\Dataset\CC0\Brazilian Tinamou_sound\Brazilian Tinamou19.mp3
Brazilian Tinamou_sound/Brazilian Tinamou20,D:\other\Bird\Code\data\kaggle_training_wav_cache_sp\Brazilian Tinamou_sound\Brazilian Tinamou20.wav,Brazilian Tinamou_sound,15,101.52,14,test,D:\other\Bird\Code\data\kaggle_training_wav_cache_sp\Brazilian Tinamou_sound\Brazilian Tinamou20.wav,101.52,True,D:\other\Bird\Dataset\CC0\Brazilian Tinamou_sound\Brazilian Tinamou20.mp3
Brazilian Tinamou_sound/Brazilian Tinamou21,D:\other\Bird\Code\data\kaggle_training_wav_cache_sp\Brazilian Tinamou_sound\Brazilian Tinamou21.wav,Brazilian Tinamou_sound,15,101.52,14,train,D:\other\Bird\Code\data\kaggle_training_wav_cache_sp\Brazilian Tinamou_sound\Brazilian Tinamou21.wav,101.52,True,D:\other\Bird\Dataset\CC0\Brazilian Tinamou_sound\Brazilian Tinamou21.mp3
Brazilian Tinamou_sound/Brazilian Tinamou22,D:\other\Bird\Code\data\kaggle_training_wav_cache_sp\Brazilian Tinamou_sound\Brazilian Tinamou22.wav,Brazilian Tinamou_sound,15,111.2660625,14,train,D:\other\Bird\Code\data\kaggle_training_wav_cache_sp\Brazilian Tinamou_sound\Brazilian Tinamou22.wav,111.2660625,True,D:\other\Bird\Dataset\CC0\Brazilian Tinamou_sound\Brazilian Tinamou22.mp3
Brazilian Tinamou_sound/Brazilian Tinamou23,D:\other\Bird\Code\data\kaggle_training_wav_cache_sp\Brazilian Tinamou_sound\Brazilian Tinamou23.wav,Brazilian Tinamou_sound,15,64.144,14,test,D:\other\Bird\Code\data\kaggle_training_wav_cache_sp\Brazilian Tinamou_sound\Brazilian Tinamou23.wav,64.144,True,D:\other\Bird\Dataset\CC0\Brazilian Tinamou_sound\Brazilian Tinamou23.mp3
Brazilian Tinamou_sound/Brazilian Tinamou24,D:\other\Bird\Code\data\kaggle_training_wav_cache_sp\Brazilian Tinamou_sound\Brazilian Tinamou24.wav,Brazilian Tinamou_sound,15,95.44,14,train,D:\other\Bird\Code\data\kaggle_training_wav_cache_sp\Brazilian Tinamou_sound\Brazilian Tinamou24.wav,95.44,True,D:\other\Bird\Dataset\CC0\Brazilian Tinamou_sound\Brazilian Tinamou24.mp3
Brazilian Tinamou_sound/Brazilian Tinamou25,D:\other\Bird\Code\data\kaggle_training_wav_cache_sp\Brazilian Tinamou_sound\Brazilian Tinamou25.wav,Brazilian Tinamou_sound,15,29.344,14,train,D:\other\Bird\Code\data\kaggle_training_wav_cache_sp\Brazilian Tinamou_sound\Brazilian Tinamou25.wav,29.344,True,D:\other\Bird\Dataset\CC0\Brazilian Tinamou_sound\Brazilian Tinamou25.mp3
Brazilian Tinamou_sound/Brazilian Tinamou26,D:\other\Bird\Code\data\kaggle_training_wav_cache_sp\Brazilian Tinamou_sound\Brazilian Tinamou26.wav,Brazilian Tinamou_sound,15,29.92,14,train,D:\other\Bird\Code\data\kaggle_training_wav_cache_sp\Brazilian Tinamou_sound\Brazilian Tinamou26.wav,29.92,True,D:\other\Bird\Dataset\CC0\Brazilian Tinamou_sound\Brazilian Tinamou26.mp3
Brazilian Tinamou_sound/Brazilian Tinamou27,D:\other\Bird\Code\data\kaggle_training_wav_cache_sp\Brazilian Tinamou_sound\Brazilian Tinamou27.wav,Brazilian Tinamou_sound,15,124.096,14,train,D:\other\Bird\Code\data\kaggle_training_wav_cache_sp\Brazilian Tinamou_sound\Brazilian Tinamou27.wav,124.096,True,D:\other\Bird\Dataset\CC0\Brazilian Tinamou_sound\Brazilian Tinamou27.mp3
Brazilian Tinamou_sound/Brazilian Tinamou28,D:\other\Bird\Code\data\kaggle_training_wav_cache_sp\Brazilian Tinamou_sound\Brazilian Tinamou28.wav,Brazilian Tinamou_sound,15,124.096,14,test,D:\other\Bird\Code\data\kaggle_training_wav_cache_sp\Brazilian Tinamou_sound\Brazilian Tinamou28.wav,124.096,True,D:\other\Bird\Dataset\CC0\Brazilian Tinamou_sound\Brazilian Tinamou28.mp3
Brazilian Tinamou_sound/Brazilian Tinamou29,D:\other\Bird\Code\data\kaggle_training_wav_cache_sp\Brazilian Tinamou_sound\Brazilian Tinamou29.wav,Brazilian Tinamou_sound,15,53.104,14,train,D:\other\Bird\Code\data\kaggle_training_wav_cache_sp\Brazilian Tinamou_sound\Brazilian Tinamou29.wav,53.104,True,D:\other\Bird\Dataset\CC0\Brazilian Tinamou_sound\Brazilian Tinamou29.mp3
Brazilian Tinamou_sound/Brazilian Tinamou3,D:\other\Bird\Code\data\kaggle_training_wav_cache_sp\Brazilian Tinamou_sound\Brazilian Tinamou3.wav,Brazilian Tinamou_sound,15,6.63746875,14,train,D:\other\Bird\Code\data\kaggle_training_wav_cache_sp\Brazilian Tinamou_sound\Brazilian Tinamou3.wav,6.63746875,True,D:\other\Bird\Dataset\CC0\Brazilian Tinamou_sound\Brazilian Tinamou3.mp3
Brazilian Tinamou_sound/Brazilian Tinamou30,D:\other\Bird\Code\data\kaggle_training_wav_cache_sp\Brazilian Tinamou_sound\Brazilian Tinamou30.wav,Brazilian Tinamou_sound,15,53.104,14,train,D:\other\Bird\Code\data\kaggle_training_wav_cache_sp\Brazilian Tinamou_sound\Brazilian Tinamou30.wav,53.104,True,D:\other\Bird\Dataset\CC0\Brazilian Tinamou_sound\Brazilian Tinamou30.mp3
Brazilian Tinamou_sound/Brazilian Tinamou31,D:\other\Bird\Code\data\kaggle_training_wav_cache_sp\Brazilian Tinamou_sound\Brazilian Tinamou31.wav,Brazilian Tinamou_sound,15,53.104,14,train,D:\other\Bird\Code\data\kaggle_training_wav_cache_sp\Brazilian Tinamou_sound\Brazilian Tinamou31.wav,53.104,True,D:\other\Bird\Dataset\CC0\Brazilian Tinamou_sound\Brazilian Tinamou31.mp3
Brazilian Tinamou_sound/Brazilian Tinamou4,D:\other\Bird\Code\data\kaggle_training_wav_cache_sp\Brazilian Tinamou_sound\Brazilian Tinamou4.wav,Brazilian Tinamou_sound,15,53.803625,14,train,D:\other\Bird\Code\data\kaggle_training_wav_cache_sp\Brazilian Tinamou_sound\Brazilian Tinamou4.wav,53.803625,True,D:\other\Bird\Dataset\CC0\Brazilian Tinamou_sound\Brazilian Tinamou4.mp3
Brazilian Tinamou_sound/Brazilian Tinamou5,D:\other\Bird\Code\data\kaggle_training_wav_cache_sp\Brazilian Tinamou_sound\Brazilian Tinamou5.wav,Brazilian Tinamou_sound,15,105.35903125,14,train,D:\other\Bird\Code\data\kaggle_training_wav_cache_sp\Brazilian Tinamou_sound\Brazilian Tinamou5.wav,105.35903125,True,D:\other\Bird\Dataset\CC0\Brazilian Tinamou_sound\Brazilian Tinamou5.mp3
Brazilian Tinamou_sound/Brazilian Tinamou6,D:\other\Bird\Code\data\kaggle_training_wav_cache_sp\Brazilian Tinamou_sound\Brazilian Tinamou6.wav,Brazilian Tinamou_sound,15,105.35903125,14,val,D:\other\Bird\Code\data\kaggle_training_wav_cache_sp\Brazilian Tinamou_sound\Brazilian Tinamou6.wav,105.35903125,True,D:\other\Bird\Dataset\CC0\Brazilian Tinamou_sound\Brazilian Tinamou6.mp3
Brazilian Tinamou_sound/Brazilian Tinamou7,D:\other\Bird\Code\data\kaggle_training_wav_cache_sp\Brazilian Tinamou_sound\Brazilian Tinamou7.wav,Brazilian Tinamou_sound,15,105.35903125,14,train,D:\other\Bird\Code\data\kaggle_training_wav_cache_sp\Brazilian Tinamou_sound\Brazilian Tinamou7.wav,105.35903125,True,D:\other\Bird\Dataset\CC0\Brazilian Tinamou_sound\Brazilian Tinamou7.mp3
Brazilian Tinamou_sound/Brazilian Tinamou8,D:\other\Bird\Code\data\kaggle_training_wav_cache_sp\Brazilian Tinamou_sound\Brazilian Tinamou8.wav,Brazilian Tinamou_sound,15,105.35903125,14,train,D:\other\Bird\Code\data\kaggle_training_wav_cache_sp\Brazilian Tinamou_sound\Brazilian Tinamou8.wav,105.35903125,True,D:\other\Bird\Dataset\CC0\Brazilian Tinamou_sound\Brazilian Tinamou8.mp3
Brazilian Tinamou_sound/Brazilian Tinamou9,D:\other\Bird\Code\data\kaggle_training_wav_cache_sp\Brazilian Tinamou_sound\Brazilian Tinamou9.wav,Brazilian Tinamou_sound,15,105.35903125,14,val,D:\other\Bird\Code\data\kaggle_training_wav_cache_sp\Brazilian Tinamou_sound\Brazilian Tinamou9.wav,105.35903125,True,D:\other\Bird\Dataset\CC0\Brazilian Tinamou_sound\Brazilian Tinamou9.mp3
Brown Tinamou_sound/Brown Tinamou11,D:\other\Bird\Code\data\kaggle_training_wav_cache_sp\Brown Tinamou_sound\Brown Tinamou11.wav,Brown Tinamou_sound,16,131.136,15,test,D:\other\Bird\Code\data\kaggle_training_wav_cache_sp\Brown Tinamou_sound\Brown Tinamou11.wav,131.136,True,D:\other\Bird\Dataset\CC0\Brown Tinamou_sound\Brown Tinamou11.mp3
Brown Tinamou_sound/Brown Tinamou12,D:\other\Bird\Code\data\kaggle_training_wav_cache_sp\Brown Tinamou_sound\Brown Tinamou12.wav,Brown Tinamou_sound,16,131.136,15,train,D:\other\Bird\Code\data\kaggle_training_wav_cache_sp\Brown Tinamou_sound\Brown Tinamou12.wav,131.136,True,D:\other\Bird\Dataset\CC0\Brown Tinamou_sound\Brown Tinamou12.mp3
Brown Tinamou_sound/Brown Tinamou13,D:\other\Bird\Code\data\kaggle_training_wav_cache_sp\Brown Tinamou_sound\Brown Tinamou13.wav,Brown Tinamou_sound,16,131.136,15,train,D:\other\Bird\Code\data\kaggle_training_wav_cache_sp\Brown Tinamou_sound\Brown Tinamou13.wav,131.136,True,D:\other\Bird\Dataset\CC0\Brown Tinamou_sound\Brown Tinamou13.mp3
Brown Tinamou_sound/Brown Tinamou14,D:\other\Bird\Code\data\kaggle_training_wav_cache_sp\Brown Tinamou_sound\Brown Tinamou14.wav,Brown Tinamou_sound,16,131.136,15,val,D:\other\Bird\Code\data\kaggle_training_wav_cache_sp\Brown Tinamou_sound\Brown Tinamou14.wav,131.136,True,D:\other\Bird\Dataset\CC0\Brown Tinamou_sound\Brown Tinamou14.mp3
Brown Tinamou_sound/Brown Tinamou15,D:\other\Bird\Code\data\kaggle_training_wav_cache_sp\Brown Tinamou_sound\Brown Tinamou15.wav,Brown Tinamou_sound,16,131.136,15,train,D:\other\Bird\Code\data\kaggle_training_wav_cache_sp\Brown Tinamou_sound\Brown Tinamou15.wav,131.136,True,D:\other\Bird\Dataset\CC0\Brown Tinamou_sound\Brown Tinamou15.mp3
Brown Tinamou_sound/Brown Tinamou16,D:\other\Bird\Code\data\kaggle_training_wav_cache_sp\Brown Tinamou_sound\Brown Tinamou16.wav,Brown Tinamou_sound,16,131.136,15,train,D:\other\Bird\Code\data\kaggle_training_wav_cache_sp\Brown Tinamou_sound\Brown Tinamou16.wav,131.136,True,D:\other\Bird\Dataset\CC0\Brown Tinamou_sound\Brown Tinamou16.mp3
Brown Tinamou_sound/Brown Tinamou17,D:\other\Bird\Code\data\kaggle_training_wav_cache_sp\Brown Tinamou_sound\Brown Tinamou17.wav,Brown Tinamou_sound,16,13.12,15,val,D:\other\Bird\Code\data\kaggle_training_wav_cache_sp\Brown Tinamou_sound\Brown Tinamou17.wav,13.12,True,D:\other\Bird\Dataset\CC0\Brown Tinamou_sound\Brown Tinamou17.mp3
Brown Tinamou_sound/Brown Tinamou18,D:\other\Bird\Code\data\kaggle_training_wav_cache_sp\Brown Tinamou_sound\Brown Tinamou18.wav,Brown Tinamou_sound,16,13.12,15,train,D:\other\Bird\Code\data\kaggle_training_wav_cache_sp\Brown Tinamou_sound\Brown Tinamou18.wav,13.12,True,D:\other\Bird\Dataset\CC0\Brown Tinamou_sound\Brown Tinamou18.mp3
Brown Tinamou_sound/Brown Tinamou19,D:\other\Bird\Code\data\kaggle_training_wav_cache_sp\Brown Tinamou_sound\Brown Tinamou19.wav,Brown Tinamou_sound,16,13.12,15,train,D:\other\Bird\Code\data\kaggle_training_wav_cache_sp\Brown Tinamou_sound\Brown Tinamou19.wav,13.12,True,D:\other\Bird\Dataset\CC0\Brown Tinamou_sound\Brown Tinamou19.mp3
Brown Tinamou_sound/Brown Tinamou2,D:\other\Bird\Code\data\kaggle_training_wav_cache_sp\Brown Tinamou_sound\Brown Tinamou2.wav,Brown Tinamou_sound,16,20.328,15,val,D:\other\Bird\Code\data\kaggle_training_wav_cache_sp\Brown Tinamou_sound\Brown Tinamou2.wav,20.328,True,D:\other\Bird\Dataset\CC0\Brown Tinamou_sound\Brown Tinamou2.mp3
Brown Tinamou_sound/Brown Tinamou20,D:\other\Bird\Code\data\kaggle_training_wav_cache_sp\Brown Tinamou_sound\Brown Tinamou20.wav,Brown Tinamou_sound,16,13.12,15,train,D:\other\Bird\Code\data\kaggle_training_wav_cache_sp\Brown Tinamou_sound\Brown Tinamou20.wav,13.12,True,D:\other\Bird\Dataset\CC0\Brown Tinamou_sound\Brown Tinamou20.mp3
Brown Tinamou_sound/Brown Tinamou21,D:\other\Bird\Code\data\kaggle_training_wav_cache_sp\Brown Tinamou_sound\Brown Tinamou21.wav,Brown Tinamou_sound,16,54.608,15,train,D:\other\Bird\Code\data\kaggle_training_wav_cache_sp\Brown Tinamou_sound\Brown Tinamou21.wav,54.608,True,D:\other\Bird\Dataset\CC0\Brown Tinamou_sound\Brown Tinamou21.mp3
Brown Tinamou_sound/Brown Tinamou22,D:\other\Bird\Code\data\kaggle_training_wav_cache_sp\Brown Tinamou_sound\Brown Tinamou22.wav,Brown Tinamou_sound,16,25.376,15,train,D:\other\Bird\Code\data\kaggle_training_wav_cache_sp\Brown Tinamou_sound\Brown Tinamou22.wav,25.376,True,D:\other\Bird\Dataset\CC0\Brown Tinamou_sound\Brown Tinamou22.mp3
Brown Tinamou_sound/Brown Tinamou23,D:\other\Bird\Code\data\kaggle_training_wav_cache_sp\Brown Tinamou_sound\Brown Tinamou23.wav,Brown Tinamou_sound,16,28.4245,15,train,D:\other\Bird\Code\data\kaggle_training_wav_cache_sp\Brown Tinamou_sound\Brown Tinamou23.wav,28.4245,True,D:\other\Bird\Dataset\CC0\Brown Tinamou_sound\Brown Tinamou23.mp3
Brown Tinamou_sound/Brown Tinamou28,D:\other\Bird\Code\data\kaggle_training_wav_cache_sp\Brown Tinamou_sound\Brown Tinamou28.wav,Brown Tinamou_sound,16,34.816,15,val,D:\other\Bird\Code\data\kaggle_training_wav_cache_sp\Brown Tinamou_sound\Brown Tinamou28.wav,34.816,True,D:\other\Bird\Dataset\CC0\Brown Tinamou_sound\Brown Tinamou28.mp3
Brown Tinamou_sound/Brown Tinamou29,D:\other\Bird\Code\data\kaggle_training_wav_cache_sp\Brown Tinamou_sound\Brown Tinamou29.wav,Brown Tinamou_sound,16,9.184,15,train,D:\other\Bird\Code\data\kaggle_training_wav_cache_sp\Brown Tinamou_sound\Brown Tinamou29.wav,9.184,True,D:\other\Bird\Dataset\CC0\Brown Tinamou_sound\Brown Tinamou29.mp3
Brown Tinamou_sound/Brown Tinamou3,D:\other\Bird\Code\data\kaggle_training_wav_cache_sp\Brown Tinamou_sound\Brown Tinamou3.wav,Brown Tinamou_sound,16,21.312,15,train,D:\other\Bird\Code\data\kaggle_training_wav_cache_sp\Brown Tinamou_sound\Brown Tinamou3.wav,21.312,True,D:\other\Bird\Dataset\CC0\Brown Tinamou_sound\Brown Tinamou3.mp3
Brown Tinamou_sound/Brown Tinamou30,D:\other\Bird\Code\data\kaggle_training_wav_cache_sp\Brown Tinamou_sound\Brown Tinamou30.wav,Brown Tinamou_sound,16,9.184,15,test,D:\other\Bird\Code\data\kaggle_training_wav_cache_sp\Brown Tinamou_sound\Brown Tinamou30.wav,9.184,True,D:\other\Bird\Dataset\CC0\Brown Tinamou_sound\Brown Tinamou30.mp3
Brown Tinamou_sound/Brown Tinamou31,D:\other\Bird\Code\data\kaggle_training_wav_cache_sp\Brown Tinamou_sound\Brown Tinamou31.wav,Brown Tinamou_sound,16,134.03725,15,test,D:\other\Bird\Code\data\kaggle_training_wav_cache_sp\Brown Tinamou_sound\Brown Tinamou31.wav,134.03725,True,D:\other\Bird\Dataset\CC0\Brown Tinamou_sound\Brown Tinamou31.mp3
Brown Tinamou_sound/Brown Tinamou4,D:\other\Bird\Code\data\kaggle_training_wav_cache_sp\Brown Tinamou_sound\Brown Tinamou4.wav,Brown Tinamou_sound,16,36.528,15,train,D:\other\Bird\Code\data\kaggle_training_wav_cache_sp\Brown Tinamou_sound\Brown Tinamou4.wav,36.528,True,D:\other\Bird\Dataset\CC0\Brown Tinamou_sound\Brown Tinamou4.mp3
Brown Tinamou_sound/Brown Tinamou5,D:\other\Bird\Code\data\kaggle_training_wav_cache_sp\Brown Tinamou_sound\Brown Tinamou5.wav,Brown Tinamou_sound,16,36.528,15,train,D:\other\Bird\Code\data\kaggle_training_wav_cache_sp\Brown Tinamou_sound\Brown Tinamou5.wav,36.528,True,D:\other\Bird\Dataset\CC0\Brown Tinamou_sound\Brown Tinamou5.mp3
Brown Tinamou_sound/Brown Tinamou6,D:\other\Bird\Code\data\kaggle_training_wav_cache_sp\Brown Tinamou_sound\Brown Tinamou6.wav,Brown Tinamou_sound,16,36.528,15,train,D:\other\Bird\Code\data\kaggle_training_wav_cache_sp\Brown Tinamou_sound\Brown Tinamou6.wav,36.528,True,D:\other\Bird\Dataset\CC0\Brown Tinamou_sound\Brown Tinamou6.mp3
Brown Tinamou_sound/Brown Tinamou7,D:\other\Bird\Code\data\kaggle_training_wav_cache_sp\Brown Tinamou_sound\Brown Tinamou7.wav,Brown Tinamou_sound,16,10.576,15,train,D:\other\Bird\Code\data\kaggle_training_wav_cache_sp\Brown Tinamou_sound\Brown Tinamou7.wav,10.576,True,D:\other\Bird\Dataset\CC0\Brown Tinamou_sound\Brown Tinamou7.mp3
Brown Tinamou_sound/Brown Tinamou8,D:\other\Bird\Code\data\kaggle_training_wav_cache_sp\Brown Tinamou_sound\Brown Tinamou8.wav,Brown Tinamou_sound,16,10.576,15,test,D:\other\Bird\Code\data\kaggle_training_wav_cache_sp\Brown Tinamou_sound\Brown Tinamou8.wav,10.576,True,D:\other\Bird\Dataset\CC0\Brown Tinamou_sound\Brown Tinamou8.mp3
Brushland Tinamou_sound/Brushland Tinamou10,D:\other\Bird\Code\data\kaggle_training_wav_cache_sp\Brushland Tinamou_sound\Brushland Tinamou10.wav,Brushland Tinamou_sound,17,15.248,16,val,D:\other\Bird\Code\data\kaggle_training_wav_cache_sp\Brushland Tinamou_sound\Brushland Tinamou10.wav,15.248,True,D:\other\Bird\Dataset\CC0\Brushland Tinamou_sound\Brushland Tinamou10.mp3
Brushland Tinamou_sound/Brushland Tinamou11,D:\other\Bird\Code\data\kaggle_training_wav_cache_sp\Brushland Tinamou_sound\Brushland Tinamou11.wav,Brushland Tinamou_sound,17,15.248,16,train,D:\other\Bird\Code\data\kaggle_training_wav_cache_sp\Brushland Tinamou_sound\Brushland Tinamou11.wav,15.248,True,D:\other\Bird\Dataset\CC0\Brushland Tinamou_sound\Brushland Tinamou11.mp3
Brushland Tinamou_sound/Brushland Tinamou12,D:\other\Bird\Code\data\kaggle_training_wav_cache_sp\Brushland Tinamou_sound\Brushland Tinamou12.wav,Brushland Tinamou_sound,17,15.248,16,train,D:\other\Bird\Code\data\kaggle_training_wav_cache_sp\Brushland Tinamou_sound\Brushland Tinamou12.wav,15.248,True,D:\other\Bird\Dataset\CC0\Brushland Tinamou_sound\Brushland Tinamou12.mp3
Brushland Tinamou_sound/Brushland Tinamou13,D:\other\Bird\Code\data\kaggle_training_wav_cache_sp\Brushland Tinamou_sound\Brushland Tinamou13.wav,Brushland Tinamou_sound,17,15.248,16,train,D:\other\Bird\Code\data\kaggle_training_wav_cache_sp\Brushland Tinamou_sound\Brushland Tinamou13.wav,15.248,True,D:\other\Bird\Dataset\CC0\Brushland Tinamou_sound\Brushland Tinamou13.mp3
Brushland Tinamou_sound/Brushland Tinamou14,D:\other\Bird\Code\data\kaggle_training_wav_cache_sp\Brushland Tinamou_sound\Brushland Tinamou14.wav,Brushland Tinamou_sound,17,15.248,16,test,D:\other\Bird\Code\data\kaggle_training_wav_cache_sp\Brushland Tinamou_sound\Brushland Tinamou14.wav,15.248,True,D:\other\Bird\Dataset\CC0\Brushland Tinamou_sound\Brushland Tinamou14.mp3
Brushland Tinamou_sound/Brushland Tinamou15,D:\other\Bird\Code\data\kaggle_training_wav_cache_sp\Brushland Tinamou_sound\Brushland Tinamou15.wav,Brushland Tinamou_sound,17,33.552,16,train,D:\other\Bird\Code\data\kaggle_training_wav_cache_sp\Brushland Tinamou_sound\Brushland Tinamou15.wav,33.552,True,D:\other\Bird\Dataset\CC0\Brushland Tinamou_sound\Brushland Tinamou15.mp3
Brushland Tinamou_sound/Brushland Tinamou16,D:\other\Bird\Code\data\kaggle_training_wav_cache_sp\Brushland Tinamou_sound\Brushland Tinamou16.wav,Brushland Tinamou_sound,17,47.056,16,train,D:\other\Bird\Code\data\kaggle_training_wav_cache_sp\Brushland Tinamou_sound\Brushland Tinamou16.wav,47.056,True,D:\other\Bird\Dataset\CC0\Brushland Tinamou_sound\Brushland Tinamou16.mp3
Brushland Tinamou_sound/Brushland Tinamou17,D:\other\Bird\Code\data\kaggle_training_wav_cache_sp\Brushland Tinamou_sound\Brushland Tinamou17.wav,Brushland Tinamou_sound,17,83.856,16,train,D:\other\Bird\Code\data\kaggle_training_wav_cache_sp\Brushland Tinamou_sound\Brushland Tinamou17.wav,83.856,True,D:\other\Bird\Dataset\CC0\Brushland Tinamou_sound\Brushland Tinamou17.mp3
Brushland Tinamou_sound/Brushland Tinamou18,D:\other\Bird\Code\data\kaggle_training_wav_cache_sp\Brushland Tinamou_sound\Brushland Tinamou18.wav,Brushland Tinamou_sound,17,46.816,16,train,D:\other\Bird\Code\data\kaggle_training_wav_cache_sp\Brushland Tinamou_sound\Brushland Tinamou18.wav,46.816,True,D:\other\Bird\Dataset\CC0\Brushland Tinamou_sound\Brushland Tinamou18.mp3
Brushland Tinamou_sound/Brushland Tinamou19,D:\other\Bird\Code\data\kaggle_training_wav_cache_sp\Brushland Tinamou_sound\Brushland Tinamou19.wav,Brushland Tinamou_sound,17,46.816,16,train,D:\other\Bird\Code\data\kaggle_training_wav_cache_sp\Brushland Tinamou_sound\Brushland Tinamou19.wav,46.816,True,D:\other\Bird\Dataset\CC0\Brushland Tinamou_sound\Brushland Tinamou19.mp3
Brushland Tinamou_sound/Brushland Tinamou20,D:\other\Bird\Code\data\kaggle_training_wav_cache_sp\Brushland Tinamou_sound\Brushland Tinamou20.wav,Brushland Tinamou_sound,17,46.816,16,test,D:\other\Bird\Code\data\kaggle_training_wav_cache_sp\Brushland Tinamou_sound\Brushland Tinamou20.wav,46.816,True,D:\other\Bird\Dataset\CC0\Brushland Tinamou_sound\Brushland Tinamou20.mp3
Brushland Tinamou_sound/Brushland Tinamou21,D:\other\Bird\Code\data\kaggle_training_wav_cache_sp\Brushland Tinamou_sound\Brushland Tinamou21.wav,Brushland Tinamou_sound,17,46.816,16,train,D:\other\Bird\Code\data\kaggle_training_wav_cache_sp\Brushland Tinamou_sound\Brushland Tinamou21.wav,46.816,True,D:\other\Bird\Dataset\CC0\Brushland Tinamou_sound\Brushland Tinamou21.mp3
Brushland Tinamou_sound/Brushland Tinamou22,D:\other\Bird\Code\data\kaggle_training_wav_cache_sp\Brushland Tinamou_sound\Brushland Tinamou22.wav,Brushland Tinamou_sound,17,46.816,16,train,D:\other\Bird\Code\data\kaggle_training_wav_cache_sp\Brushland Tinamou_sound\Brushland Tinamou22.wav,46.816,True,D:\other\Bird\Dataset\CC0\Brushland Tinamou_sound\Brushland Tinamou22.mp3
Brushland Tinamou_sound/Brushland Tinamou23,D:\other\Bird\Code\data\kaggle_training_wav_cache_sp\Brushland Tinamou_sound\Brushland Tinamou23.wav,Brushland Tinamou_sound,17,18.0316875,16,train,D:\other\Bird\Code\data\kaggle_training_wav_cache_sp\Brushland Tinamou_sound\Brushland Tinamou23.wav,18.0316875,True,D:\other\Bird\Dataset\CC0\Brushland Tinamou_sound\Brushland Tinamou23.mp3
Brushland Tinamou_sound/Brushland Tinamou24,D:\other\Bird\Code\data\kaggle_training_wav_cache_sp\Brushland Tinamou_sound\Brushland Tinamou24.wav,Brushland Tinamou_sound,17,18.0316875,16,test,D:\other\Bird\Code\data\kaggle_training_wav_cache_sp\Brushland Tinamou_sound\Brushland Tinamou24.wav,18.0316875,True,D:\other\Bird\Dataset\CC0\Brushland Tinamou_sound\Brushland Tinamou24.mp3
Brushland Tinamou_sound/Brushland Tinamou25,D:\other\Bird\Code\data\kaggle_training_wav_cache_sp\Brushland Tinamou_sound\Brushland Tinamou25.wav,Brushland Tinamou_sound,17,18.0316875,16,val,D:\other\Bird\Code\data\kaggle_training_wav_cache_sp\Brushland Tinamou_sound\Brushland Tinamou25.wav,18.0316875,True,D:\other\Bird\Dataset\CC0\Brushland Tinamou_sound\Brushland Tinamou25.mp3
Brushland Tinamou_sound/Brushland Tinamou26,D:\other\Bird\Code\data\kaggle_training_wav_cache_sp\Brushland Tinamou_sound\Brushland Tinamou26.wav,Brushland Tinamou_sound,17,18.0316875,16,train,D:\other\Bird\Code\data\kaggle_training_wav_cache_sp\Brushland Tinamou_sound\Brushland Tinamou26.wav,18.0316875,True,D:\other\Bird\Dataset\CC0\Brushland Tinamou_sound\Brushland Tinamou26.mp3
Brushland Tinamou_sound/Brushland Tinamou27,D:\other\Bird\Code\data\kaggle_training_wav_cache_sp\Brushland Tinamou_sound\Brushland Tinamou27.wav,Brushland Tinamou_sound,17,18.0316875,16,train,D:\other\Bird\Code\data\kaggle_training_wav_cache_sp\Brushland Tinamou_sound\Brushland Tinamou27.wav,18.0316875,True,D:\other\Bird\Dataset\CC0\Brushland Tinamou_sound\Brushland Tinamou27.mp3
Brushland Tinamou_sound/Brushland Tinamou4,D:\other\Bird\Code\data\kaggle_training_wav_cache_sp\Brushland Tinamou_sound\Brushland Tinamou4.wav,Brushland Tinamou_sound,17,15.376,16,test,D:\other\Bird\Code\data\kaggle_training_wav_cache_sp\Brushland Tinamou_sound\Brushland Tinamou4.wav,15.376,True,D:\other\Bird\Dataset\CC0\Brushland Tinamou_sound\Brushland Tinamou4.mp3
Brushland Tinamou_sound/Brushland Tinamou5,D:\other\Bird\Code\data\kaggle_training_wav_cache_sp\Brushland Tinamou_sound\Brushland Tinamou5.wav,Brushland Tinamou_sound,17,15.376,16,train,D:\other\Bird\Code\data\kaggle_training_wav_cache_sp\Brushland Tinamou_sound\Brushland Tinamou5.wav,15.376,True,D:\other\Bird\Dataset\CC0\Brushland Tinamou_sound\Brushland Tinamou5.mp3
Brushland Tinamou_sound/Brushland Tinamou6,D:\other\Bird\Code\data\kaggle_training_wav_cache_sp\Brushland Tinamou_sound\Brushland Tinamou6.wav,Brushland Tinamou_sound,17,15.248,16,train,D:\other\Bird\Code\data\kaggle_training_wav_cache_sp\Brushland Tinamou_sound\Brushland Tinamou6.wav,15.248,True,D:\other\Bird\Dataset\CC0\Brushland Tinamou_sound\Brushland Tinamou6.mp3
Brushland Tinamou_sound/Brushland Tinamou7,D:\other\Bird\Code\data\kaggle_training_wav_cache_sp\Brushland Tinamou_sound\Brushland Tinamou7.wav,Brushland Tinamou_sound,17,15.248,16,val,D:\other\Bird\Code\data\kaggle_training_wav_cache_sp\Brushland Tinamou_sound\Brushland Tinamou7.wav,15.248,True,D:\other\Bird\Dataset\CC0\Brushland Tinamou_sound\Brushland Tinamou7.mp3
Brushland Tinamou_sound/Brushland Tinamou8,D:\other\Bird\Code\data\kaggle_training_wav_cache_sp\Brushland Tinamou_sound\Brushland Tinamou8.wav,Brushland Tinamou_sound,17,15.248,16,train,D:\other\Bird\Code\data\kaggle_training_wav_cache_sp\Brushland Tinamou_sound\Brushland Tinamou8.wav,15.248,True,D:\other\Bird\Dataset\CC0\Brushland Tinamou_sound\Brushland Tinamou8.mp3
Brushland Tinamou_sound/Brushland Tinamou9,D:\other\Bird\Code\data\kaggle_training_wav_cache_sp\Brushland Tinamou_sound\Brushland Tinamou9.wav,Brushland Tinamou_sound,17,15.248,16,val,D:\other\Bird\Code\data\kaggle_training_wav_cache_sp\Brushland Tinamou_sound\Brushland Tinamou9.wav,15.248,True,D:\other\Bird\Dataset\CC0\Brushland Tinamou_sound\Brushland Tinamou9.mp3
Buff-browed Chachalaca_sound/Buff-browed Chachalaca10,D:\other\Bird\Code\data\kaggle_training_wav_cache_sp\Buff-browed Chachalaca_sound\Buff-browed Chachalaca10.wav,Buff-browed Chachalaca_sound,18,29.408,17,train,D:\other\Bird\Code\data\kaggle_training_wav_cache_sp\Buff-browed Chachalaca_sound\Buff-browed Chachalaca10.wav,29.408,True,D:\other\Bird\Dataset\CC0\Buff-browed Chachalaca_sound\Buff-browed Chachalaca10.mp3
Buff-browed Chachalaca_sound/Buff-browed Chachalaca11,D:\other\Bird\Code\data\kaggle_training_wav_cache_sp\Buff-browed Chachalaca_sound\Buff-browed Chachalaca11.wav,Buff-browed Chachalaca_sound,18,70.98896875,17,train,D:\other\Bird\Code\data\kaggle_training_wav_cache_sp\Buff-browed Chachalaca_sound\Buff-browed Chachalaca11.wav,70.98896875,True,D:\other\Bird\Dataset\CC0\Buff-browed Chachalaca_sound\Buff-browed Chachalaca11.mp3
Buff-browed Chachalaca_sound/Buff-browed Chachalaca2,D:\other\Bird\Code\data\kaggle_training_wav_cache_sp\Buff-browed Chachalaca_sound\Buff-browed Chachalaca2.wav,Buff-browed Chachalaca_sound,18,19.20915625,17,val,D:\other\Bird\Code\data\kaggle_training_wav_cache_sp\Buff-browed Chachalaca_sound\Buff-browed Chachalaca2.wav,19.20915625,True,D:\other\Bird\Dataset\CC0\Buff-browed Chachalaca_sound\Buff-browed Chachalaca2.mp3
Buff-browed Chachalaca_sound/Buff-browed Chachalaca3,D:\other\Bird\Code\data\kaggle_training_wav_cache_sp\Buff-browed Chachalaca_sound\Buff-browed Chachalaca3.wav,Buff-browed Chachalaca_sound,18,19.20915625,17,train,D:\other\Bird\Code\data\kaggle_training_wav_cache_sp\Buff-browed Chachalaca_sound\Buff-browed Chachalaca3.wav,19.20915625,True,D:\other\Bird\Dataset\CC0\Buff-browed Chachalaca_sound\Buff-browed Chachalaca3.mp3
Buff-browed Chachalaca_sound/Buff-browed Chachalaca4,D:\other\Bird\Code\data\kaggle_training_wav_cache_sp\Buff-browed Chachalaca_sound\Buff-browed Chachalaca4.wav,Buff-browed Chachalaca_sound,18,19.20915625,17,test,D:\other\Bird\Code\data\kaggle_training_wav_cache_sp\Buff-browed Chachalaca_sound\Buff-browed Chachalaca4.wav,19.20915625,True,D:\other\Bird\Dataset\CC0\Buff-browed Chachalaca_sound\Buff-browed Chachalaca4.mp3
Buff-browed Chachalaca_sound/Buff-browed Chachalaca8,D:\other\Bird\Code\data\kaggle_training_wav_cache_sp\Buff-browed Chachalaca_sound\Buff-browed Chachalaca8.wav,Buff-browed Chachalaca_sound,18,27.2,17,train,D:\other\Bird\Code\data\kaggle_training_wav_cache_sp\Buff-browed Chachalaca_sound\Buff-browed Chachalaca8.wav,27.2,True,D:\other\Bird\Dataset\CC0\Buff-browed Chachalaca_sound\Buff-browed Chachalaca8.mp3
Buff-browed Chachalaca_sound/Buff-browed Chachalaca9,D:\other\Bird\Code\data\kaggle_training_wav_cache_sp\Buff-browed Chachalaca_sound\Buff-browed Chachalaca9.wav,Buff-browed Chachalaca_sound,18,29.408,17,train,D:\other\Bird\Code\data\kaggle_training_wav_cache_sp\Buff-browed Chachalaca_sound\Buff-browed Chachalaca9.wav,29.408,True,D:\other\Bird\Dataset\CC0\Buff-browed Chachalaca_sound\Buff-browed Chachalaca9.mp3
Cauca Guan_sound/Cauca Guan10,D:\other\Bird\Code\data\kaggle_training_wav_cache_sp\Cauca Guan_sound\Cauca Guan10.wav,Cauca Guan_sound,19,16.768,18,train,D:\other\Bird\Code\data\kaggle_training_wav_cache_sp\Cauca Guan_sound\Cauca Guan10.wav,16.768,True,D:\other\Bird\Dataset\CC0\Cauca Guan_sound\Cauca Guan10.mp3
Cauca Guan_sound/Cauca Guan11,D:\other\Bird\Code\data\kaggle_training_wav_cache_sp\Cauca Guan_sound\Cauca Guan11.wav,Cauca Guan_sound,19,16.768,18,train,D:\other\Bird\Code\data\kaggle_training_wav_cache_sp\Cauca Guan_sound\Cauca Guan11.wav,16.768,True,D:\other\Bird\Dataset\CC0\Cauca Guan_sound\Cauca Guan11.mp3
Cauca Guan_sound/Cauca Guan12,D:\other\Bird\Code\data\kaggle_training_wav_cache_sp\Cauca Guan_sound\Cauca Guan12.wav,Cauca Guan_sound,19,16.768,18,train,D:\other\Bird\Code\data\kaggle_training_wav_cache_sp\Cauca Guan_sound\Cauca Guan12.wav,16.768,True,D:\other\Bird\Dataset\CC0\Cauca Guan_sound\Cauca Guan12.mp3
Cauca Guan_sound/Cauca Guan13,D:\other\Bird\Code\data\kaggle_training_wav_cache_sp\Cauca Guan_sound\Cauca Guan13.wav,Cauca Guan_sound,19,16.768,18,test,D:\other\Bird\Code\data\kaggle_training_wav_cache_sp\Cauca Guan_sound\Cauca Guan13.wav,16.768,True,D:\other\Bird\Dataset\CC0\Cauca Guan_sound\Cauca Guan13.mp3
Cauca Guan_sound/Cauca Guan14,D:\other\Bird\Code\data\kaggle_training_wav_cache_sp\Cauca Guan_sound\Cauca Guan14.wav,Cauca Guan_sound,19,155.392,18,train,D:\other\Bird\Code\data\kaggle_training_wav_cache_sp\Cauca Guan_sound\Cauca Guan14.wav,155.392,True,D:\other\Bird\Dataset\CC0\Cauca Guan_sound\Cauca Guan14.mp3
Cauca Guan_sound/Cauca Guan15,D:\other\Bird\Code\data\kaggle_training_wav_cache_sp\Cauca Guan_sound\Cauca Guan15.wav,Cauca Guan_sound,19,124.32,18,train,D:\other\Bird\Code\data\kaggle_training_wav_cache_sp\Cauca Guan_sound\Cauca Guan15.wav,124.32,True,D:\other\Bird\Dataset\CC0\Cauca Guan_sound\Cauca Guan15.mp3
Cauca Guan_sound/Cauca Guan16,D:\other\Bird\Code\data\kaggle_training_wav_cache_sp\Cauca Guan_sound\Cauca Guan16.wav,Cauca Guan_sound,19,697.687125,18,train,D:\other\Bird\Code\data\kaggle_training_wav_cache_sp\Cauca Guan_sound\Cauca Guan16.wav,697.687125,True,D:\other\Bird\Dataset\CC0\Cauca Guan_sound\Cauca Guan16.mp3
Cauca Guan_sound/Cauca Guan17,D:\other\Bird\Code\data\kaggle_training_wav_cache_sp\Cauca Guan_sound\Cauca Guan17.wav,Cauca Guan_sound,19,92.56,18,train,D:\other\Bird\Code\data\kaggle_training_wav_cache_sp\Cauca Guan_sound\Cauca Guan17.wav,92.56,True,D:\other\Bird\Dataset\CC0\Cauca Guan_sound\Cauca Guan17.mp3
Cauca Guan_sound/Cauca Guan18,D:\other\Bird\Code\data\kaggle_training_wav_cache_sp\Cauca Guan_sound\Cauca Guan18.wav,Cauca Guan_sound,19,76.2354375,18,train,D:\other\Bird\Code\data\kaggle_training_wav_cache_sp\Cauca Guan_sound\Cauca Guan18.wav,76.2354375,True,D:\other\Bird\Dataset\CC0\Cauca Guan_sound\Cauca Guan18.mp3
Cauca Guan_sound/Cauca Guan19,D:\other\Bird\Code\data\kaggle_training_wav_cache_sp\Cauca Guan_sound\Cauca Guan19.wav,Cauca Guan_sound,19,124.224,18,val,D:\other\Bird\Code\data\kaggle_training_wav_cache_sp\Cauca Guan_sound\Cauca Guan19.wav,124.224,True,D:\other\Bird\Dataset\CC0\Cauca Guan_sound\Cauca Guan19.mp3
Cauca Guan_sound/Cauca Guan2,D:\other\Bird\Code\data\kaggle_training_wav_cache_sp\Cauca Guan_sound\Cauca Guan2.wav,Cauca Guan_sound,19,52.912,18,test,D:\other\Bird\Code\data\kaggle_training_wav_cache_sp\Cauca Guan_sound\Cauca Guan2.wav,52.912,True,D:\other\Bird\Dataset\CC0\Cauca Guan_sound\Cauca Guan2.mp3
Cauca Guan_sound/Cauca Guan20,D:\other\Bird\Code\data\kaggle_training_wav_cache_sp\Cauca Guan_sound\Cauca Guan20.wav,Cauca Guan_sound,19,579.30815625,18,test,D:\other\Bird\Code\data\kaggle_training_wav_cache_sp\Cauca Guan_sound\Cauca Guan20.wav,579.30815625,True,D:\other\Bird\Dataset\CC0\Cauca Guan_sound\Cauca Guan20.mp3
Cauca Guan_sound/Cauca Guan21,D:\other\Bird\Code\data\kaggle_training_wav_cache_sp\Cauca Guan_sound\Cauca Guan21.wav,Cauca Guan_sound,19,91.312,18,train,D:\other\Bird\Code\data\kaggle_training_wav_cache_sp\Cauca Guan_sound\Cauca Guan21.wav,91.312,True,D:\other\Bird\Dataset\CC0\Cauca Guan_sound\Cauca Guan21.mp3
Cauca Guan_sound/Cauca Guan22,D:\other\Bird\Code\data\kaggle_training_wav_cache_sp\Cauca Guan_sound\Cauca Guan22.wav,Cauca Guan_sound,19,169.84,18,train,D:\other\Bird\Code\data\kaggle_training_wav_cache_sp\Cauca Guan_sound\Cauca Guan22.wav,169.84,True,D:\other\Bird\Dataset\CC0\Cauca Guan_sound\Cauca Guan22.mp3
Cauca Guan_sound/Cauca Guan23,D:\other\Bird\Code\data\kaggle_training_wav_cache_sp\Cauca Guan_sound\Cauca Guan23.wav,Cauca Guan_sound,19,20.816,18,train,D:\other\Bird\Code\data\kaggle_training_wav_cache_sp\Cauca Guan_sound\Cauca Guan23.wav,20.816,True,D:\other\Bird\Dataset\CC0\Cauca Guan_sound\Cauca Guan23.mp3
Cauca Guan_sound/Cauca Guan24,D:\other\Bird\Code\data\kaggle_training_wav_cache_sp\Cauca Guan_sound\Cauca Guan24.wav,Cauca Guan_sound,19,148.832,18,val,D:\other\Bird\Code\data\kaggle_training_wav_cache_sp\Cauca Guan_sound\Cauca Guan24.wav,148.832,True,D:\other\Bird\Dataset\CC0\Cauca Guan_sound\Cauca Guan24.mp3
Cauca Guan_sound/Cauca Guan25,D:\other\Bird\Code\data\kaggle_training_wav_cache_sp\Cauca Guan_sound\Cauca Guan25.wav,Cauca Guan_sound,19,148.832,18,train,D:\other\Bird\Code\data\kaggle_training_wav_cache_sp\Cauca Guan_sound\Cauca Guan25.wav,148.832,True,D:\other\Bird\Dataset\CC0\Cauca Guan_sound\Cauca Guan25.mp3
Cauca Guan_sound/Cauca Guan26,D:\other\Bird\Code\data\kaggle_training_wav_cache_sp\Cauca Guan_sound\Cauca Guan26.wav,Cauca Guan_sound,19,223.968,18,train,D:\other\Bird\Code\data\kaggle_training_wav_cache_sp\Cauca Guan_sound\Cauca Guan26.wav,223.968,True,D:\other\Bird\Dataset\CC0\Cauca Guan_sound\Cauca Guan26.mp3
Cauca Guan_sound/Cauca Guan27,D:\other\Bird\Code\data\kaggle_training_wav_cache_sp\Cauca Guan_sound\Cauca Guan27.wav,Cauca Guan_sound,19,223.968,18,train,D:\other\Bird\Code\data\kaggle_training_wav_cache_sp\Cauca Guan_sound\Cauca Guan27.wav,223.968,True,D:\other\Bird\Dataset\CC0\Cauca Guan_sound\Cauca Guan27.mp3
Cauca Guan_sound/Cauca Guan28,D:\other\Bird\Code\data\kaggle_training_wav_cache_sp\Cauca Guan_sound\Cauca Guan28.wav,Cauca Guan_sound,19,223.968,18,train,D:\other\Bird\Code\data\kaggle_training_wav_cache_sp\Cauca Guan_sound\Cauca Guan28.wav,223.968,True,D:\other\Bird\Dataset\CC0\Cauca Guan_sound\Cauca Guan28.mp3
Cauca Guan_sound/Cauca Guan29,D:\other\Bird\Code\data\kaggle_training_wav_cache_sp\Cauca Guan_sound\Cauca Guan29.wav,Cauca Guan_sound,19,223.968,18,train,D:\other\Bird\Code\data\kaggle_training_wav_cache_sp\Cauca Guan_sound\Cauca Guan29.wav,223.968,True,D:\other\Bird\Dataset\CC0\Cauca Guan_sound\Cauca Guan29.mp3
Cauca Guan_sound/Cauca Guan3,D:\other\Bird\Code\data\kaggle_training_wav_cache_sp\Cauca Guan_sound\Cauca Guan3.wav,Cauca Guan_sound,19,57.968,18,test,D:\other\Bird\Code\data\kaggle_training_wav_cache_sp\Cauca Guan_sound\Cauca Guan3.wav,57.968,True,D:\other\Bird\Dataset\CC0\Cauca Guan_sound\Cauca Guan3.mp3
Cauca Guan_sound/Cauca Guan30,D:\other\Bird\Code\data\kaggle_training_wav_cache_sp\Cauca Guan_sound\Cauca Guan30.wav,Cauca Guan_sound,19,223.968,18,val,D:\other\Bird\Code\data\kaggle_training_wav_cache_sp\Cauca Guan_sound\Cauca Guan30.wav,223.968,True,D:\other\Bird\Dataset\CC0\Cauca Guan_sound\Cauca Guan30.mp3
Cauca Guan_sound/Cauca Guan31,D:\other\Bird\Code\data\kaggle_training_wav_cache_sp\Cauca Guan_sound\Cauca Guan31.wav,Cauca Guan_sound,19,223.968,18,train,D:\other\Bird\Code\data\kaggle_training_wav_cache_sp\Cauca Guan_sound\Cauca Guan31.wav,223.968,True,D:\other\Bird\Dataset\CC0\Cauca Guan_sound\Cauca Guan31.mp3
Cauca Guan_sound/Cauca Guan4,D:\other\Bird\Code\data\kaggle_training_wav_cache_sp\Cauca Guan_sound\Cauca Guan4.wav,Cauca Guan_sound,19,22.96,18,train,D:\other\Bird\Code\data\kaggle_training_wav_cache_sp\Cauca Guan_sound\Cauca Guan4.wav,22.96,True,D:\other\Bird\Dataset\CC0\Cauca Guan_sound\Cauca Guan4.mp3
Cauca Guan_sound/Cauca Guan5,D:\other\Bird\Code\data\kaggle_training_wav_cache_sp\Cauca Guan_sound\Cauca Guan5.wav,Cauca Guan_sound,19,28.128,18,train,D:\other\Bird\Code\data\kaggle_training_wav_cache_sp\Cauca Guan_sound\Cauca Guan5.wav,28.128,True,D:\other\Bird\Dataset\CC0\Cauca Guan_sound\Cauca Guan5.mp3
Cauca Guan_sound/Cauca Guan6,D:\other\Bird\Code\data\kaggle_training_wav_cache_sp\Cauca Guan_sound\Cauca Guan6.wav,Cauca Guan_sound,19,77.562125,18,val,D:\other\Bird\Code\data\kaggle_training_wav_cache_sp\Cauca Guan_sound\Cauca Guan6.wav,77.562125,True,D:\other\Bird\Dataset\CC0\Cauca Guan_sound\Cauca Guan6.mp3
Cauca Guan_sound/Cauca Guan7,D:\other\Bird\Code\data\kaggle_training_wav_cache_sp\Cauca Guan_sound\Cauca Guan7.wav,Cauca Guan_sound,19,16.768,18,train,D:\other\Bird\Code\data\kaggle_training_wav_cache_sp\Cauca Guan_sound\Cauca Guan7.wav,16.768,True,D:\other\Bird\Dataset\CC0\Cauca Guan_sound\Cauca Guan7.mp3
Cauca Guan_sound/Cauca Guan8,D:\other\Bird\Code\data\kaggle_training_wav_cache_sp\Cauca Guan_sound\Cauca Guan8.wav,Cauca Guan_sound,19,16.768,18,train,D:\other\Bird\Code\data\kaggle_training_wav_cache_sp\Cauca Guan_sound\Cauca Guan8.wav,16.768,True,D:\other\Bird\Dataset\CC0\Cauca Guan_sound\Cauca Guan8.mp3
Cauca Guan_sound/Cauca Guan9,D:\other\Bird\Code\data\kaggle_training_wav_cache_sp\Cauca Guan_sound\Cauca Guan9.wav,Cauca Guan_sound,19,16.768,18,train,D:\other\Bird\Code\data\kaggle_training_wav_cache_sp\Cauca Guan_sound\Cauca Guan9.wav,16.768,True,D:\other\Bird\Dataset\CC0\Cauca Guan_sound\Cauca Guan9.mp3
Chaco Chachalaca_sound/Chaco Chachalaca10,D:\other\Bird\Code\data\kaggle_training_wav_cache_sp\Chaco Chachalaca_sound\Chaco Chachalaca10.wav,Chaco Chachalaca_sound,20,35.92,19,train,D:\other\Bird\Code\data\kaggle_training_wav_cache_sp\Chaco Chachalaca_sound\Chaco Chachalaca10.wav,35.92,True,D:\other\Bird\Dataset\CC0\Chaco Chachalaca_sound\Chaco Chachalaca10.mp3
Chaco Chachalaca_sound/Chaco Chachalaca11,D:\other\Bird\Code\data\kaggle_training_wav_cache_sp\Chaco Chachalaca_sound\Chaco Chachalaca11.wav,Chaco Chachalaca_sound,20,35.92,19,train,D:\other\Bird\Code\data\kaggle_training_wav_cache_sp\Chaco Chachalaca_sound\Chaco Chachalaca11.wav,35.92,True,D:\other\Bird\Dataset\CC0\Chaco Chachalaca_sound\Chaco Chachalaca11.mp3
Chaco Chachalaca_sound/Chaco Chachalaca12,D:\other\Bird\Code\data\kaggle_training_wav_cache_sp\Chaco Chachalaca_sound\Chaco Chachalaca12.wav,Chaco Chachalaca_sound,20,48.688,19,train,D:\other\Bird\Code\data\kaggle_training_wav_cache_sp\Chaco Chachalaca_sound\Chaco Chachalaca12.wav,48.688,True,D:\other\Bird\Dataset\CC0\Chaco Chachalaca_sound\Chaco Chachalaca12.mp3
Chaco Chachalaca_sound/Chaco Chachalaca13,D:\other\Bird\Code\data\kaggle_training_wav_cache_sp\Chaco Chachalaca_sound\Chaco Chachalaca13.wav,Chaco Chachalaca_sound,20,91.328,19,val,D:\other\Bird\Code\data\kaggle_training_wav_cache_sp\Chaco Chachalaca_sound\Chaco Chachalaca13.wav,91.328,True,D:\other\Bird\Dataset\CC0\Chaco Chachalaca_sound\Chaco Chachalaca13.mp3
Chaco Chachalaca_sound/Chaco Chachalaca14,D:\other\Bird\Code\data\kaggle_training_wav_cache_sp\Chaco Chachalaca_sound\Chaco Chachalaca14.wav,Chaco Chachalaca_sound,20,91.328,19,train,D:\other\Bird\Code\data\kaggle_training_wav_cache_sp\Chaco Chachalaca_sound\Chaco Chachalaca14.wav,91.328,True,D:\other\Bird\Dataset\CC0\Chaco Chachalaca_sound\Chaco Chachalaca14.mp3
Chaco Chachalaca_sound/Chaco Chachalaca15,D:\other\Bird\Code\data\kaggle_training_wav_cache_sp\Chaco Chachalaca_sound\Chaco Chachalaca15.wav,Chaco Chachalaca_sound,20,80.9706875,19,train,D:\other\Bird\Code\data\kaggle_training_wav_cache_sp\Chaco Chachalaca_sound\Chaco Chachalaca15.wav,80.9706875,True,D:\other\Bird\Dataset\CC0\Chaco Chachalaca_sound\Chaco Chachalaca15.mp3
Chaco Chachalaca_sound/Chaco Chachalaca16,D:\other\Bird\Code\data\kaggle_training_wav_cache_sp\Chaco Chachalaca_sound\Chaco Chachalaca16.wav,Chaco Chachalaca_sound,20,80.9706875,19,train,D:\other\Bird\Code\data\kaggle_training_wav_cache_sp\Chaco Chachalaca_sound\Chaco Chachalaca16.wav,80.9706875,True,D:\other\Bird\Dataset\CC0\Chaco Chachalaca_sound\Chaco Chachalaca16.mp3
Chaco Chachalaca_sound/Chaco Chachalaca17,D:\other\Bird\Code\data\kaggle_training_wav_cache_sp\Chaco Chachalaca_sound\Chaco Chachalaca17.wav,Chaco Chachalaca_sound,20,80.9706875,19,train,D:\other\Bird\Code\data\kaggle_training_wav_cache_sp\Chaco Chachalaca_sound\Chaco Chachalaca17.wav,80.9706875,True,D:\other\Bird\Dataset\CC0\Chaco Chachalaca_sound\Chaco Chachalaca17.mp3
Chaco Chachalaca_sound/Chaco Chachalaca18,D:\other\Bird\Code\data\kaggle_training_wav_cache_sp\Chaco Chachalaca_sound\Chaco Chachalaca18.wav,Chaco Chachalaca_sound,20,80.9706875,19,train,D:\other\Bird\Code\data\kaggle_training_wav_cache_sp\Chaco Chachalaca_sound\Chaco Chachalaca18.wav,80.9706875,True,D:\other\Bird\Dataset\CC0\Chaco Chachalaca_sound\Chaco Chachalaca18.mp3
Chaco Chachalaca_sound/Chaco Chachalaca19,D:\other\Bird\Code\data\kaggle_training_wav_cache_sp\Chaco Chachalaca_sound\Chaco Chachalaca19.wav,Chaco Chachalaca_sound,20,143.056,19,train,D:\other\Bird\Code\data\kaggle_training_wav_cache_sp\Chaco Chachalaca_sound\Chaco Chachalaca19.wav,143.056,True,D:\other\Bird\Dataset\CC0\Chaco Chachalaca_sound\Chaco Chachalaca19.mp3
Chaco Chachalaca_sound/Chaco Chachalaca2,D:\other\Bird\Code\data\kaggle_training_wav_cache_sp\Chaco Chachalaca_sound\Chaco Chachalaca2.wav,Chaco Chachalaca_sound,20,23.84,19,train,D:\other\Bird\Code\data\kaggle_training_wav_cache_sp\Chaco Chachalaca_sound\Chaco Chachalaca2.wav,23.84,True,D:\other\Bird\Dataset\CC0\Chaco Chachalaca_sound\Chaco Chachalaca2.mp3
Chaco Chachalaca_sound/Chaco Chachalaca20,D:\other\Bird\Code\data\kaggle_training_wav_cache_sp\Chaco Chachalaca_sound\Chaco Chachalaca20.wav,Chaco Chachalaca_sound,20,143.056,19,train,D:\other\Bird\Code\data\kaggle_training_wav_cache_sp\Chaco Chachalaca_sound\Chaco Chachalaca20.wav,143.056,True,D:\other\Bird\Dataset\CC0\Chaco Chachalaca_sound\Chaco Chachalaca20.mp3
Chaco Chachalaca_sound/Chaco Chachalaca21,D:\other\Bird\Code\data\kaggle_training_wav_cache_sp\Chaco Chachalaca_sound\Chaco Chachalaca21.wav,Chaco Chachalaca_sound,20,143.056,19,train,D:\other\Bird\Code\data\kaggle_training_wav_cache_sp\Chaco Chachalaca_sound\Chaco Chachalaca21.wav,143.056,True,D:\other\Bird\Dataset\CC0\Chaco Chachalaca_sound\Chaco Chachalaca21.mp3
Chaco Chachalaca_sound/Chaco Chachalaca22,D:\other\Bird\Code\data\kaggle_training_wav_cache_sp\Chaco Chachalaca_sound\Chaco Chachalaca22.wav,Chaco Chachalaca_sound,20,10.304,19,train,D:\other\Bird\Code\data\kaggle_training_wav_cache_sp\Chaco Chachalaca_sound\Chaco Chachalaca22.wav,10.304,True,D:\other\Bird\Dataset\CC0\Chaco Chachalaca_sound\Chaco Chachalaca22.mp3
Chaco Chachalaca_sound/Chaco Chachalaca23,D:\other\Bird\Code\data\kaggle_training_wav_cache_sp\Chaco Chachalaca_sound\Chaco Chachalaca23.wav,Chaco Chachalaca_sound,20,10.304,19,train,D:\other\Bird\Code\data\kaggle_training_wav_cache_sp\Chaco Chachalaca_sound\Chaco Chachalaca23.wav,10.304,True,D:\other\Bird\Dataset\CC0\Chaco Chachalaca_sound\Chaco Chachalaca23.mp3
Chaco Chachalaca_sound/Chaco Chachalaca24,D:\other\Bird\Code\data\kaggle_training_wav_cache_sp\Chaco Chachalaca_sound\Chaco Chachalaca24.wav,Chaco Chachalaca_sound,20,10.304,19,train,D:\other\Bird\Code\data\kaggle_training_wav_cache_sp\Chaco Chachalaca_sound\Chaco Chachalaca24.wav,10.304,True,D:\other\Bird\Dataset\CC0\Chaco Chachalaca_sound\Chaco Chachalaca24.mp3
Chaco Chachalaca_sound/Chaco Chachalaca25,D:\other\Bird\Code\data\kaggle_training_wav_cache_sp\Chaco Chachalaca_sound\Chaco Chachalaca25.wav,Chaco Chachalaca_sound,20,10.304,19,train,D:\other\Bird\Code\data\kaggle_training_wav_cache_sp\Chaco Chachalaca_sound\Chaco Chachalaca25.wav,10.304,True,D:\other\Bird\Dataset\CC0\Chaco Chachalaca_sound\Chaco Chachalaca25.mp3
Chaco Chachalaca_sound/Chaco Chachalaca26,D:\other\Bird\Code\data\kaggle_training_wav_cache_sp\Chaco Chachalaca_sound\Chaco Chachalaca26.wav,Chaco Chachalaca_sound,20,10.304,19,test,D:\other\Bird\Code\data\kaggle_training_wav_cache_sp\Chaco Chachalaca_sound\Chaco Chachalaca26.wav,10.304,True,D:\other\Bird\Dataset\CC0\Chaco Chachalaca_sound\Chaco Chachalaca26.mp3
Chaco Chachalaca_sound/Chaco Chachalaca27,D:\other\Bird\Code\data\kaggle_training_wav_cache_sp\Chaco Chachalaca_sound\Chaco Chachalaca27.wav,Chaco Chachalaca_sound,20,10.304,19,test,D:\other\Bird\Code\data\kaggle_training_wav_cache_sp\Chaco Chachalaca_sound\Chaco Chachalaca27.wav,10.304,True,D:\other\Bird\Dataset\CC0\Chaco Chachalaca_sound\Chaco Chachalaca27.mp3
Chaco Chachalaca_sound/Chaco Chachalaca28,D:\other\Bird\Code\data\kaggle_training_wav_cache_sp\Chaco Chachalaca_sound\Chaco Chachalaca28.wav,Chaco Chachalaca_sound,20,10.304,19,val,D:\other\Bird\Code\data\kaggle_training_wav_cache_sp\Chaco Chachalaca_sound\Chaco Chachalaca28.wav,10.304,True,D:\other\Bird\Dataset\CC0\Chaco Chachalaca_sound\Chaco Chachalaca28.mp3
Chaco Chachalaca_sound/Chaco Chachalaca29,D:\other\Bird\Code\data\kaggle_training_wav_cache_sp\Chaco Chachalaca_sound\Chaco Chachalaca29.wav,Chaco Chachalaca_sound,20,10.304,19,train,D:\other\Bird\Code\data\kaggle_training_wav_cache_sp\Chaco Chachalaca_sound\Chaco Chachalaca29.wav,10.304,True,D:\other\Bird\Dataset\CC0\Chaco Chachalaca_sound\Chaco Chachalaca29.mp3
Chaco Chachalaca_sound/Chaco Chachalaca3,D:\other\Bird\Code\data\kaggle_training_wav_cache_sp\Chaco Chachalaca_sound\Chaco Chachalaca3.wav,Chaco Chachalaca_sound,20,86.304,19,train,D:\other\Bird\Code\data\kaggle_training_wav_cache_sp\Chaco Chachalaca_sound\Chaco Chachalaca3.wav,86.304,True,D:\other\Bird\Dataset\CC0\Chaco Chachalaca_sound\Chaco Chachalaca3.mp3
Chaco Chachalaca_sound/Chaco Chachalaca30,D:\other\Bird\Code\data\kaggle_training_wav_cache_sp\Chaco Chachalaca_sound\Chaco Chachalaca30.wav,Chaco Chachalaca_sound,20,10.304,19,train,D:\other\Bird\Code\data\kaggle_training_wav_cache_sp\Chaco Chachalaca_sound\Chaco Chachalaca30.wav,10.304,True,D:\other\Bird\Dataset\CC0\Chaco Chachalaca_sound\Chaco Chachalaca30.mp3
Chaco Chachalaca_sound/Chaco Chachalaca31,D:\other\Bird\Code\data\kaggle_training_wav_cache_sp\Chaco Chachalaca_sound\Chaco Chachalaca31.wav,Chaco Chachalaca_sound,20,10.304,19,test,D:\other\Bird\Code\data\kaggle_training_wav_cache_sp\Chaco Chachalaca_sound\Chaco Chachalaca31.wav,10.304,True,D:\other\Bird\Dataset\CC0\Chaco Chachalaca_sound\Chaco Chachalaca31.mp3
Chaco Chachalaca_sound/Chaco Chachalaca4,D:\other\Bird\Code\data\kaggle_training_wav_cache_sp\Chaco Chachalaca_sound\Chaco Chachalaca4.wav,Chaco Chachalaca_sound,20,19.504,19,train,D:\other\Bird\Code\data\kaggle_training_wav_cache_sp\Chaco Chachalaca_sound\Chaco Chachalaca4.wav,19.504,True,D:\other\Bird\Dataset\CC0\Chaco Chachalaca_sound\Chaco Chachalaca4.mp3
Chaco Chachalaca_sound/Chaco Chachalaca5,D:\other\Bird\Code\data\kaggle_training_wav_cache_sp\Chaco Chachalaca_sound\Chaco Chachalaca5.wav,Chaco Chachalaca_sound,20,35.92,19,val,D:\other\Bird\Code\data\kaggle_training_wav_cache_sp\Chaco Chachalaca_sound\Chaco Chachalaca5.wav,35.92,True,D:\other\Bird\Dataset\CC0\Chaco Chachalaca_sound\Chaco Chachalaca5.mp3
Chaco Chachalaca_sound/Chaco Chachalaca6,D:\other\Bird\Code\data\kaggle_training_wav_cache_sp\Chaco Chachalaca_sound\Chaco Chachalaca6.wav,Chaco Chachalaca_sound,20,35.92,19,train,D:\other\Bird\Code\data\kaggle_training_wav_cache_sp\Chaco Chachalaca_sound\Chaco Chachalaca6.wav,35.92,True,D:\other\Bird\Dataset\CC0\Chaco Chachalaca_sound\Chaco Chachalaca6.mp3
Chaco Chachalaca_sound/Chaco Chachalaca7,D:\other\Bird\Code\data\kaggle_training_wav_cache_sp\Chaco Chachalaca_sound\Chaco Chachalaca7.wav,Chaco Chachalaca_sound,20,35.92,19,test,D:\other\Bird\Code\data\kaggle_training_wav_cache_sp\Chaco Chachalaca_sound\Chaco Chachalaca7.wav,35.92,True,D:\other\Bird\Dataset\CC0\Chaco Chachalaca_sound\Chaco Chachalaca7.mp3
Chaco Chachalaca_sound/Chaco Chachalaca8,D:\other\Bird\Code\data\kaggle_training_wav_cache_sp\Chaco Chachalaca_sound\Chaco Chachalaca8.wav,Chaco Chachalaca_sound,20,35.92,19,val,D:\other\Bird\Code\data\kaggle_training_wav_cache_sp\Chaco Chachalaca_sound\Chaco Chachalaca8.wav,35.92,True,D:\other\Bird\Dataset\CC0\Chaco Chachalaca_sound\Chaco Chachalaca8.mp3
Chaco Chachalaca_sound/Chaco Chachalaca9,D:\other\Bird\Code\data\kaggle_training_wav_cache_sp\Chaco Chachalaca_sound\Chaco Chachalaca9.wav,Chaco Chachalaca_sound,20,35.92,19,train,D:\other\Bird\Code\data\kaggle_training_wav_cache_sp\Chaco Chachalaca_sound\Chaco Chachalaca9.wav,35.92,True,D:\other\Bird\Dataset\CC0\Chaco Chachalaca_sound\Chaco Chachalaca9.mp3
Chestnut-bellied Guan_sound/Chestnut-bellied Guan10,D:\other\Bird\Code\data\kaggle_training_wav_cache_sp\Chestnut-bellied Guan_sound\Chestnut-bellied Guan10.wav,Chestnut-bellied Guan_sound,21,41.168,20,train,D:\other\Bird\Code\data\kaggle_training_wav_cache_sp\Chestnut-bellied Guan_sound\Chestnut-bellied Guan10.wav,41.168,True,D:\other\Bird\Dataset\CC0\Chestnut-bellied Guan_sound\Chestnut-bellied Guan10.mp3
Chestnut-bellied Guan_sound/Chestnut-bellied Guan11,D:\other\Bird\Code\data\kaggle_training_wav_cache_sp\Chestnut-bellied Guan_sound\Chestnut-bellied Guan11.wav,Chestnut-bellied Guan_sound,21,42.272,20,train,D:\other\Bird\Code\data\kaggle_training_wav_cache_sp\Chestnut-bellied Guan_sound\Chestnut-bellied Guan11.wav,42.272,True,D:\other\Bird\Dataset\CC0\Chestnut-bellied Guan_sound\Chestnut-bellied Guan11.mp3
Chestnut-bellied Guan_sound/Chestnut-bellied Guan2,D:\other\Bird\Code\data\kaggle_training_wav_cache_sp\Chestnut-bellied Guan_sound\Chestnut-bellied Guan2.wav,Chestnut-bellied Guan_sound,21,126.992,20,val,D:\other\Bird\Code\data\kaggle_training_wav_cache_sp\Chestnut-bellied Guan_sound\Chestnut-bellied Guan2.wav,126.992,True,D:\other\Bird\Dataset\CC0\Chestnut-bellied Guan_sound\Chestnut-bellied Guan2.mp3
Chestnut-bellied Guan_sound/Chestnut-bellied Guan3,D:\other\Bird\Code\data\kaggle_training_wav_cache_sp\Chestnut-bellied Guan_sound\Chestnut-bellied Guan3.wav,Chestnut-bellied Guan_sound,21,126.992,20,train,D:\other\Bird\Code\data\kaggle_training_wav_cache_sp\Chestnut-bellied Guan_sound\Chestnut-bellied Guan3.wav,126.992,True,D:\other\Bird\Dataset\CC0\Chestnut-bellied Guan_sound\Chestnut-bellied Guan3.mp3
Chestnut-bellied Guan_sound/Chestnut-bellied Guan4,D:\other\Bird\Code\data\kaggle_training_wav_cache_sp\Chestnut-bellied Guan_sound\Chestnut-bellied Guan4.wav,Chestnut-bellied Guan_sound,21,126.992,20,test,D:\other\Bird\Code\data\kaggle_training_wav_cache_sp\Chestnut-bellied Guan_sound\Chestnut-bellied Guan4.wav,126.992,True,D:\other\Bird\Dataset\CC0\Chestnut-bellied Guan_sound\Chestnut-bellied Guan4.mp3
Chestnut-bellied Guan_sound/Chestnut-bellied Guan5,D:\other\Bird\Code\data\kaggle_training_wav_cache_sp\Chestnut-bellied Guan_sound\Chestnut-bellied Guan5.wav,Chestnut-bellied Guan_sound,21,15.984,20,train,D:\other\Bird\Code\data\kaggle_training_wav_cache_sp\Chestnut-bellied Guan_sound\Chestnut-bellied Guan5.wav,15.984,True,D:\other\Bird\Dataset\CC0\Chestnut-bellied Guan_sound\Chestnut-bellied Guan5.mp3
Chestnut-bellied Guan_sound/Chestnut-bellied Guan6,D:\other\Bird\Code\data\kaggle_training_wav_cache_sp\Chestnut-bellied Guan_sound\Chestnut-bellied Guan6.wav,Chestnut-bellied Guan_sound,21,17.21471875,20,test,D:\other\Bird\Code\data\kaggle_training_wav_cache_sp\Chestnut-bellied Guan_sound\Chestnut-bellied Guan6.wav,17.21471875,True,D:\other\Bird\Dataset\CC0\Chestnut-bellied Guan_sound\Chestnut-bellied Guan6.mp3
Chestnut-bellied Guan_sound/Chestnut-bellied Guan7,D:\other\Bird\Code\data\kaggle_training_wav_cache_sp\Chestnut-bellied Guan_sound\Chestnut-bellied Guan7.wav,Chestnut-bellied Guan_sound,21,17.21471875,20,train,D:\other\Bird\Code\data\kaggle_training_wav_cache_sp\Chestnut-bellied Guan_sound\Chestnut-bellied Guan7.wav,17.21471875,True,D:\other\Bird\Dataset\CC0\Chestnut-bellied Guan_sound\Chestnut-bellied Guan7.mp3
Chestnut-bellied Guan_sound/Chestnut-bellied Guan8,D:\other\Bird\Code\data\kaggle_training_wav_cache_sp\Chestnut-bellied Guan_sound\Chestnut-bellied Guan8.wav,Chestnut-bellied Guan_sound,21,41.168,20,train,D:\other\Bird\Code\data\kaggle_training_wav_cache_sp\Chestnut-bellied Guan_sound\Chestnut-bellied Guan8.wav,41.168,True,D:\other\Bird\Dataset\CC0\Chestnut-bellied Guan_sound\Chestnut-bellied Guan8.mp3
Chestnut-bellied Guan_sound/Chestnut-bellied Guan9,D:\other\Bird\Code\data\kaggle_training_wav_cache_sp\Chestnut-bellied Guan_sound\Chestnut-bellied Guan9.wav,Chestnut-bellied Guan_sound,21,41.168,20,val,D:\other\Bird\Code\data\kaggle_training_wav_cache_sp\Chestnut-bellied Guan_sound\Chestnut-bellied Guan9.wav,41.168,True,D:\other\Bird\Dataset\CC0\Chestnut-bellied Guan_sound\Chestnut-bellied Guan9.mp3
Chestnut-winged Chachalaca_sound/Chestnut-winged Chachalaca10,D:\other\Bird\Code\data\kaggle_training_wav_cache_sp\Chestnut-winged Chachalaca_sound\Chestnut-winged Chachalaca10.wav,Chestnut-winged Chachalaca_sound,23,92.15734375,21,train,D:\other\Bird\Code\data\kaggle_training_wav_cache_sp\Chestnut-winged Chachalaca_sound\Chestnut-winged Chachalaca10.wav,92.15734375,True,D:\other\Bird\Dataset\CC0\Chestnut-winged Chachalaca_sound\Chestnut-winged Chachalaca10.mp3
Chestnut-winged Chachalaca_sound/Chestnut-winged Chachalaca11,D:\other\Bird\Code\data\kaggle_training_wav_cache_sp\Chestnut-winged Chachalaca_sound\Chestnut-winged Chachalaca11.wav,Chestnut-winged Chachalaca_sound,23,38.352,21,train,D:\other\Bird\Code\data\kaggle_training_wav_cache_sp\Chestnut-winged Chachalaca_sound\Chestnut-winged Chachalaca11.wav,38.352,True,D:\other\Bird\Dataset\CC0\Chestnut-winged Chachalaca_sound\Chestnut-winged Chachalaca11.mp3
Chestnut-winged Chachalaca_sound/Chestnut-winged Chachalaca12,D:\other\Bird\Code\data\kaggle_training_wav_cache_sp\Chestnut-winged Chachalaca_sound\Chestnut-winged Chachalaca12.wav,Chestnut-winged Chachalaca_sound,23,8.864,21,train,D:\other\Bird\Code\data\kaggle_training_wav_cache_sp\Chestnut-winged Chachalaca_sound\Chestnut-winged Chachalaca12.wav,8.864,True,D:\other\Bird\Dataset\CC0\Chestnut-winged Chachalaca_sound\Chestnut-winged Chachalaca12.mp3
Chestnut-winged Chachalaca_sound/Chestnut-winged Chachalaca13,D:\other\Bird\Code\data\kaggle_training_wav_cache_sp\Chestnut-winged Chachalaca_sound\Chestnut-winged Chachalaca13.wav,Chestnut-winged Chachalaca_sound,23,8.864,21,train,D:\other\Bird\Code\data\kaggle_training_wav_cache_sp\Chestnut-winged Chachalaca_sound\Chestnut-winged Chachalaca13.wav,8.864,True,D:\other\Bird\Dataset\CC0\Chestnut-winged Chachalaca_sound\Chestnut-winged Chachalaca13.mp3
Chestnut-winged Chachalaca_sound/Chestnut-winged Chachalaca14,D:\other\Bird\Code\data\kaggle_training_wav_cache_sp\Chestnut-winged Chachalaca_sound\Chestnut-winged Chachalaca14.wav,Chestnut-winged Chachalaca_sound,23,6.84325,21,train,D:\other\Bird\Code\data\kaggle_training_wav_cache_sp\Chestnut-winged Chachalaca_sound\Chestnut-winged Chachalaca14.wav,6.84325,True,D:\other\Bird\Dataset\CC0\Chestnut-winged Chachalaca_sound\Chestnut-winged Chachalaca14.mp3
Chestnut-winged Chachalaca_sound/Chestnut-winged Chachalaca15,D:\other\Bird\Code\data\kaggle_training_wav_cache_sp\Chestnut-winged Chachalaca_sound\Chestnut-winged Chachalaca15.wav,Chestnut-winged Chachalaca_sound,23,31.904,21,train,D:\other\Bird\Code\data\kaggle_training_wav_cache_sp\Chestnut-winged Chachalaca_sound\Chestnut-winged Chachalaca15.wav,31.904,True,D:\other\Bird\Dataset\CC0\Chestnut-winged Chachalaca_sound\Chestnut-winged Chachalaca15.mp3
Chestnut-winged Chachalaca_sound/Chestnut-winged Chachalaca16,D:\other\Bird\Code\data\kaggle_training_wav_cache_sp\Chestnut-winged Chachalaca_sound\Chestnut-winged Chachalaca16.wav,Chestnut-winged Chachalaca_sound,23,14.224,21,val,D:\other\Bird\Code\data\kaggle_training_wav_cache_sp\Chestnut-winged Chachalaca_sound\Chestnut-winged Chachalaca16.wav,14.224,True,D:\other\Bird\Dataset\CC0\Chestnut-winged Chachalaca_sound\Chestnut-winged Chachalaca16.mp3
Chestnut-winged Chachalaca_sound/Chestnut-winged Chachalaca17,D:\other\Bird\Code\data\kaggle_training_wav_cache_sp\Chestnut-winged Chachalaca_sound\Chestnut-winged Chachalaca17.wav,Chestnut-winged Chachalaca_sound,23,18.99384375,21,train,D:\other\Bird\Code\data\kaggle_training_wav_cache_sp\Chestnut-winged Chachalaca_sound\Chestnut-winged Chachalaca17.wav,18.99384375,True,D:\other\Bird\Dataset\CC0\Chestnut-winged Chachalaca_sound\Chestnut-winged Chachalaca17.mp3
Chestnut-winged Chachalaca_sound/Chestnut-winged Chachalaca18,D:\other\Bird\Code\data\kaggle_training_wav_cache_sp\Chestnut-winged Chachalaca_sound\Chestnut-winged Chachalaca18.wav,Chestnut-winged Chachalaca_sound,23,18.99384375,21,train,D:\other\Bird\Code\data\kaggle_training_wav_cache_sp\Chestnut-winged Chachalaca_sound\Chestnut-winged Chachalaca18.wav,18.99384375,True,D:\other\Bird\Dataset\CC0\Chestnut-winged Chachalaca_sound\Chestnut-winged Chachalaca18.mp3
Chestnut-winged Chachalaca_sound/Chestnut-winged Chachalaca19,D:\other\Bird\Code\data\kaggle_training_wav_cache_sp\Chestnut-winged Chachalaca_sound\Chestnut-winged Chachalaca19.wav,Chestnut-winged Chachalaca_sound,23,43.168,21,train,D:\other\Bird\Code\data\kaggle_training_wav_cache_sp\Chestnut-winged Chachalaca_sound\Chestnut-winged Chachalaca19.wav,43.168,True,D:\other\Bird\Dataset\CC0\Chestnut-winged Chachalaca_sound\Chestnut-winged Chachalaca19.mp3
Chestnut-winged Chachalaca_sound/Chestnut-winged Chachalaca2,D:\other\Bird\Code\data\kaggle_training_wav_cache_sp\Chestnut-winged Chachalaca_sound\Chestnut-winged Chachalaca2.wav,Chestnut-winged Chachalaca_sound,23,89.92,21,test,D:\other\Bird\Code\data\kaggle_training_wav_cache_sp\Chestnut-winged Chachalaca_sound\Chestnut-winged Chachalaca2.wav,89.92,True,D:\other\Bird\Dataset\CC0\Chestnut-winged Chachalaca_sound\Chestnut-winged Chachalaca2.mp3
Chestnut-winged Chachalaca_sound/Chestnut-winged Chachalaca20,D:\other\Bird\Code\data\kaggle_training_wav_cache_sp\Chestnut-winged Chachalaca_sound\Chestnut-winged Chachalaca20.wav,Chestnut-winged Chachalaca_sound,23,10.832,21,val,D:\other\Bird\Code\data\kaggle_training_wav_cache_sp\Chestnut-winged Chachalaca_sound\Chestnut-winged Chachalaca20.wav,10.832,True,D:\other\Bird\Dataset\CC0\Chestnut-winged Chachalaca_sound\Chestnut-winged Chachalaca20.mp3
Chestnut-winged Chachalaca_sound/Chestnut-winged Chachalaca21,D:\other\Bird\Code\data\kaggle_training_wav_cache_sp\Chestnut-winged Chachalaca_sound\Chestnut-winged Chachalaca21.wav,Chestnut-winged Chachalaca_sound,23,43.776,21,test,D:\other\Bird\Code\data\kaggle_training_wav_cache_sp\Chestnut-winged Chachalaca_sound\Chestnut-winged Chachalaca21.wav,43.776,True,D:\other\Bird\Dataset\CC0\Chestnut-winged Chachalaca_sound\Chestnut-winged Chachalaca21.mp3
Chestnut-winged Chachalaca_sound/Chestnut-winged Chachalaca22,D:\other\Bird\Code\data\kaggle_training_wav_cache_sp\Chestnut-winged Chachalaca_sound\Chestnut-winged Chachalaca22.wav,Chestnut-winged Chachalaca_sound,23,43.776,21,train,D:\other\Bird\Code\data\kaggle_training_wav_cache_sp\Chestnut-winged Chachalaca_sound\Chestnut-winged Chachalaca22.wav,43.776,True,D:\other\Bird\Dataset\CC0\Chestnut-winged Chachalaca_sound\Chestnut-winged Chachalaca22.mp3
Chestnut-winged Chachalaca_sound/Chestnut-winged Chachalaca23,D:\other\Bird\Code\data\kaggle_training_wav_cache_sp\Chestnut-winged Chachalaca_sound\Chestnut-winged Chachalaca23.wav,Chestnut-winged Chachalaca_sound,23,43.776,21,train,D:\other\Bird\Code\data\kaggle_training_wav_cache_sp\Chestnut-winged Chachalaca_sound\Chestnut-winged Chachalaca23.wav,43.776,True,D:\other\Bird\Dataset\CC0\Chestnut-winged Chachalaca_sound\Chestnut-winged Chachalaca23.mp3
Chestnut-winged Chachalaca_sound/Chestnut-winged Chachalaca24,D:\other\Bird\Code\data\kaggle_training_wav_cache_sp\Chestnut-winged Chachalaca_sound\Chestnut-winged Chachalaca24.wav,Chestnut-winged Chachalaca_sound,23,43.776,21,train,D:\other\Bird\Code\data\kaggle_training_wav_cache_sp\Chestnut-winged Chachalaca_sound\Chestnut-winged Chachalaca24.wav,43.776,True,D:\other\Bird\Dataset\CC0\Chestnut-winged Chachalaca_sound\Chestnut-winged Chachalaca24.mp3
Chestnut-winged Chachalaca_sound/Chestnut-winged Chachalaca25,D:\other\Bird\Code\data\kaggle_training_wav_cache_sp\Chestnut-winged Chachalaca_sound\Chestnut-winged Chachalaca25.wav,Chestnut-winged Chachalaca_sound,23,43.776,21,val,D:\other\Bird\Code\data\kaggle_training_wav_cache_sp\Chestnut-winged Chachalaca_sound\Chestnut-winged Chachalaca25.wav,43.776,True,D:\other\Bird\Dataset\CC0\Chestnut-winged Chachalaca_sound\Chestnut-winged Chachalaca25.mp3
Chestnut-winged Chachalaca_sound/Chestnut-winged Chachalaca26,D:\other\Bird\Code\data\kaggle_training_wav_cache_sp\Chestnut-winged Chachalaca_sound\Chestnut-winged Chachalaca26.wav,Chestnut-winged Chachalaca_sound,23,11.7166875,21,train,D:\other\Bird\Code\data\kaggle_training_wav_cache_sp\Chestnut-winged Chachalaca_sound\Chestnut-winged Chachalaca26.wav,11.7166875,True,D:\other\Bird\Dataset\CC0\Chestnut-winged Chachalaca_sound\Chestnut-winged Chachalaca26.mp3
Chestnut-winged Chachalaca_sound/Chestnut-winged Chachalaca28,D:\other\Bird\Code\data\kaggle_training_wav_cache_sp\Chestnut-winged Chachalaca_sound\Chestnut-winged Chachalaca28.wav,Chestnut-winged Chachalaca_sound,23,13.952,21,test,D:\other\Bird\Code\data\kaggle_training_wav_cache_sp\Chestnut-winged Chachalaca_sound\Chestnut-winged Chachalaca28.wav,13.952,True,D:\other\Bird\Dataset\CC0\Chestnut-winged Chachalaca_sound\Chestnut-winged Chachalaca28.mp3
Chestnut-winged Chachalaca_sound/Chestnut-winged Chachalaca29,D:\other\Bird\Code\data\kaggle_training_wav_cache_sp\Chestnut-winged Chachalaca_sound\Chestnut-winged Chachalaca29.wav,Chestnut-winged Chachalaca_sound,23,13.952,21,val,D:\other\Bird\Code\data\kaggle_training_wav_cache_sp\Chestnut-winged Chachalaca_sound\Chestnut-winged Chachalaca29.wav,13.952,True,D:\other\Bird\Dataset\CC0\Chestnut-winged Chachalaca_sound\Chestnut-winged Chachalaca29.mp3
Chestnut-winged Chachalaca_sound/Chestnut-winged Chachalaca3,D:\other\Bird\Code\data\kaggle_training_wav_cache_sp\Chestnut-winged Chachalaca_sound\Chestnut-winged Chachalaca3.wav,Chestnut-winged Chachalaca_sound,23,89.92,21,train,D:\other\Bird\Code\data\kaggle_training_wav_cache_sp\Chestnut-winged Chachalaca_sound\Chestnut-winged Chachalaca3.wav,89.92,True,D:\other\Bird\Dataset\CC0\Chestnut-winged Chachalaca_sound\Chestnut-winged Chachalaca3.mp3
Chestnut-winged Chachalaca_sound/Chestnut-winged Chachalaca30,D:\other\Bird\Code\data\kaggle_training_wav_cache_sp\Chestnut-winged Chachalaca_sound\Chestnut-winged Chachalaca30.wav,Chestnut-winged Chachalaca_sound,23,37.848,21,train,D:\other\Bird\Code\data\kaggle_training_wav_cache_sp\Chestnut-winged Chachalaca_sound\Chestnut-winged Chachalaca30.wav,37.848,True,D:\other\Bird\Dataset\CC0\Chestnut-winged Chachalaca_sound\Chestnut-winged Chachalaca30.mp3
Chestnut-winged Chachalaca_sound/Chestnut-winged Chachalaca31,D:\other\Bird\Code\data\kaggle_training_wav_cache_sp\Chestnut-winged Chachalaca_sound\Chestnut-winged Chachalaca31.wav,Chestnut-winged Chachalaca_sound,23,37.848,21,train,D:\other\Bird\Code\data\kaggle_training_wav_cache_sp\Chestnut-winged Chachalaca_sound\Chestnut-winged Chachalaca31.wav,37.848,True,D:\other\Bird\Dataset\CC0\Chestnut-winged Chachalaca_sound\Chestnut-winged Chachalaca31.mp3
Chestnut-winged Chachalaca_sound/Chestnut-winged Chachalaca4,D:\other\Bird\Code\data\kaggle_training_wav_cache_sp\Chestnut-winged Chachalaca_sound\Chestnut-winged Chachalaca4.wav,Chestnut-winged Chachalaca_sound,23,89.92,21,test,D:\other\Bird\Code\data\kaggle_training_wav_cache_sp\Chestnut-winged Chachalaca_sound\Chestnut-winged Chachalaca4.wav,89.92,True,D:\other\Bird\Dataset\CC0\Chestnut-winged Chachalaca_sound\Chestnut-winged Chachalaca4.mp3
Chestnut-winged Chachalaca_sound/Chestnut-winged Chachalaca5,D:\other\Bird\Code\data\kaggle_training_wav_cache_sp\Chestnut-winged Chachalaca_sound\Chestnut-winged Chachalaca5.wav,Chestnut-winged Chachalaca_sound,23,22.992,21,train,D:\other\Bird\Code\data\kaggle_training_wav_cache_sp\Chestnut-winged Chachalaca_sound\Chestnut-winged Chachalaca5.wav,22.992,True,D:\other\Bird\Dataset\CC0\Chestnut-winged Chachalaca_sound\Chestnut-winged Chachalaca5.mp3
Chestnut-winged Chachalaca_sound/Chestnut-winged Chachalaca6,D:\other\Bird\Code\data\kaggle_training_wav_cache_sp\Chestnut-winged Chachalaca_sound\Chestnut-winged Chachalaca6.wav,Chestnut-winged Chachalaca_sound,23,68.4,21,train,D:\other\Bird\Code\data\kaggle_training_wav_cache_sp\Chestnut-winged Chachalaca_sound\Chestnut-winged Chachalaca6.wav,68.4,True,D:\other\Bird\Dataset\CC0\Chestnut-winged Chachalaca_sound\Chestnut-winged Chachalaca6.mp3
Chestnut-winged Chachalaca_sound/Chestnut-winged Chachalaca7,D:\other\Bird\Code\data\kaggle_training_wav_cache_sp\Chestnut-winged Chachalaca_sound\Chestnut-winged Chachalaca7.wav,Chestnut-winged Chachalaca_sound,23,54.06646875,21,train,D:\other\Bird\Code\data\kaggle_training_wav_cache_sp\Chestnut-winged Chachalaca_sound\Chestnut-winged Chachalaca7.wav,54.06646875,True,D:\other\Bird\Dataset\CC0\Chestnut-winged Chachalaca_sound\Chestnut-winged Chachalaca7.mp3
Chestnut-winged Chachalaca_sound/Chestnut-winged Chachalaca8,D:\other\Bird\Code\data\kaggle_training_wav_cache_sp\Chestnut-winged Chachalaca_sound\Chestnut-winged Chachalaca8.wav,Chestnut-winged Chachalaca_sound,23,54.06646875,21,train,D:\other\Bird\Code\data\kaggle_training_wav_cache_sp\Chestnut-winged Chachalaca_sound\Chestnut-winged Chachalaca8.wav,54.06646875,True,D:\other\Bird\Dataset\CC0\Chestnut-winged Chachalaca_sound\Chestnut-winged Chachalaca8.mp3
Chestnut-winged Chachalaca_sound/Chestnut-winged Chachalaca9,D:\other\Bird\Code\data\kaggle_training_wav_cache_sp\Chestnut-winged Chachalaca_sound\Chestnut-winged Chachalaca9.wav,Chestnut-winged Chachalaca_sound,23,43.632,21,train,D:\other\Bird\Code\data\kaggle_training_wav_cache_sp\Chestnut-winged Chachalaca_sound\Chestnut-winged Chachalaca9.wav,43.632,True,D:\other\Bird\Dataset\CC0\Chestnut-winged Chachalaca_sound\Chestnut-winged Chachalaca9.mp3
Chilean Tinamou_sound/Chilean Tinamou10,D:\other\Bird\Code\data\kaggle_training_wav_cache_sp\Chilean Tinamou_sound\Chilean Tinamou10.wav,Chilean Tinamou_sound,24,16.224,22,train,D:\other\Bird\Code\data\kaggle_training_wav_cache_sp\Chilean Tinamou_sound\Chilean Tinamou10.wav,16.224,True,D:\other\Bird\Dataset\CC0\Chilean Tinamou_sound\Chilean Tinamou10.mp3
Chilean Tinamou_sound/Chilean Tinamou11,D:\other\Bird\Code\data\kaggle_training_wav_cache_sp\Chilean Tinamou_sound\Chilean Tinamou11.wav,Chilean Tinamou_sound,24,16.224,22,train,D:\other\Bird\Code\data\kaggle_training_wav_cache_sp\Chilean Tinamou_sound\Chilean Tinamou11.wav,16.224,True,D:\other\Bird\Dataset\CC0\Chilean Tinamou_sound\Chilean Tinamou11.mp3
Chilean Tinamou_sound/Chilean Tinamou12,D:\other\Bird\Code\data\kaggle_training_wav_cache_sp\Chilean Tinamou_sound\Chilean Tinamou12.wav,Chilean Tinamou_sound,24,66.928,22,val,D:\other\Bird\Code\data\kaggle_training_wav_cache_sp\Chilean Tinamou_sound\Chilean Tinamou12.wav,66.928,True,D:\other\Bird\Dataset\CC0\Chilean Tinamou_sound\Chilean Tinamou12.mp3
Chilean Tinamou_sound/Chilean Tinamou7,D:\other\Bird\Code\data\kaggle_training_wav_cache_sp\Chilean Tinamou_sound\Chilean Tinamou7.wav,Chilean Tinamou_sound,24,37.424,22,train,D:\other\Bird\Code\data\kaggle_training_wav_cache_sp\Chilean Tinamou_sound\Chilean Tinamou7.wav,37.424,True,D:\other\Bird\Dataset\CC0\Chilean Tinamou_sound\Chilean Tinamou7.mp3
Chilean Tinamou_sound/Chilean Tinamou8,D:\other\Bird\Code\data\kaggle_training_wav_cache_sp\Chilean Tinamou_sound\Chilean Tinamou8.wav,Chilean Tinamou_sound,24,16.224,22,test,D:\other\Bird\Code\data\kaggle_training_wav_cache_sp\Chilean Tinamou_sound\Chilean Tinamou8.wav,16.224,True,D:\other\Bird\Dataset\CC0\Chilean Tinamou_sound\Chilean Tinamou8.mp3
Chilean Tinamou_sound/Chilean Tinamou9,D:\other\Bird\Code\data\kaggle_training_wav_cache_sp\Chilean Tinamou_sound\Chilean Tinamou9.wav,Chilean Tinamou_sound,24,16.224,22,train,D:\other\Bird\Code\data\kaggle_training_wav_cache_sp\Chilean Tinamou_sound\Chilean Tinamou9.wav,16.224,True,D:\other\Bird\Dataset\CC0\Chilean Tinamou_sound\Chilean Tinamou9.mp3
Choco Tinamou_sound/Choco Tinamou2,D:\other\Bird\Code\data\kaggle_training_wav_cache_sp\Choco Tinamou_sound\Choco Tinamou2.wav,Choco Tinamou_sound,25,10.224,23,train,D:\other\Bird\Code\data\kaggle_training_wav_cache_sp\Choco Tinamou_sound\Choco Tinamou2.wav,10.224,True,D:\other\Bird\Dataset\CC0\Choco Tinamou_sound\Choco Tinamou2.mp3
Choco Tinamou_sound/Choco Tinamou5,D:\other\Bird\Code\data\kaggle_training_wav_cache_sp\Choco Tinamou_sound\Choco Tinamou5.wav,Choco Tinamou_sound,25,63.0675625,23,val,D:\other\Bird\Code\data\kaggle_training_wav_cache_sp\Choco Tinamou_sound\Choco Tinamou5.wav,63.0675625,True,D:\other\Bird\Dataset\CC0\Choco Tinamou_sound\Choco Tinamou5.mp3
Choco Tinamou_sound/Choco Tinamou6,D:\other\Bird\Code\data\kaggle_training_wav_cache_sp\Choco Tinamou_sound\Choco Tinamou6.wav,Choco Tinamou_sound,25,56.2243125,23,test,D:\other\Bird\Code\data\kaggle_training_wav_cache_sp\Choco Tinamou_sound\Choco Tinamou6.wav,56.2243125,True,D:\other\Bird\Dataset\CC0\Choco Tinamou_sound\Choco Tinamou6.mp3
Choco Tinamou_sound/Choco Tinamou7,D:\other\Bird\Code\data\kaggle_training_wav_cache_sp\Choco Tinamou_sound\Choco Tinamou7.wav,Choco Tinamou_sound,25,23.312,23,train,D:\other\Bird\Code\data\kaggle_training_wav_cache_sp\Choco Tinamou_sound\Choco Tinamou7.wav,23.312,True,D:\other\Bird\Dataset\CC0\Choco Tinamou_sound\Choco Tinamou7.mp3
Choco Tinamou_sound/Choco Tinamou8,D:\other\Bird\Code\data\kaggle_training_wav_cache_sp\Choco Tinamou_sound\Choco Tinamou8.wav,Choco Tinamou_sound,25,23.312,23,train,D:\other\Bird\Code\data\kaggle_training_wav_cache_sp\Choco Tinamou_sound\Choco Tinamou8.wav,23.312,True,D:\other\Bird\Dataset\CC0\Choco Tinamou_sound\Choco Tinamou8.mp3
Cinereous Tinamou_sound/Cinereous Tinamou10,D:\other\Bird\Code\data\kaggle_training_wav_cache_sp\Cinereous Tinamou_sound\Cinereous Tinamou10.wav,Cinereous Tinamou_sound,26,36.368,24,train,D:\other\Bird\Code\data\kaggle_training_wav_cache_sp\Cinereous Tinamou_sound\Cinereous Tinamou10.wav,36.368,True,D:\other\Bird\Dataset\CC0\Cinereous Tinamou_sound\Cinereous Tinamou10.mp3
Cinereous Tinamou_sound/Cinereous Tinamou11,D:\other\Bird\Code\data\kaggle_training_wav_cache_sp\Cinereous Tinamou_sound\Cinereous Tinamou11.wav,Cinereous Tinamou_sound,26,36.368,24,val,D:\other\Bird\Code\data\kaggle_training_wav_cache_sp\Cinereous Tinamou_sound\Cinereous Tinamou11.wav,36.368,True,D:\other\Bird\Dataset\CC0\Cinereous Tinamou_sound\Cinereous Tinamou11.mp3
Cinereous Tinamou_sound/Cinereous Tinamou12,D:\other\Bird\Code\data\kaggle_training_wav_cache_sp\Cinereous Tinamou_sound\Cinereous Tinamou12.wav,Cinereous Tinamou_sound,26,36.368,24,train,D:\other\Bird\Code\data\kaggle_training_wav_cache_sp\Cinereous Tinamou_sound\Cinereous Tinamou12.wav,36.368,True,D:\other\Bird\Dataset\CC0\Cinereous Tinamou_sound\Cinereous Tinamou12.mp3
Cinereous Tinamou_sound/Cinereous Tinamou13,D:\other\Bird\Code\data\kaggle_training_wav_cache_sp\Cinereous Tinamou_sound\Cinereous Tinamou13.wav,Cinereous Tinamou_sound,26,36.784,24,train,D:\other\Bird\Code\data\kaggle_training_wav_cache_sp\Cinereous Tinamou_sound\Cinereous Tinamou13.wav,36.784,True,D:\other\Bird\Dataset\CC0\Cinereous Tinamou_sound\Cinereous Tinamou13.mp3
Cinereous Tinamou_sound/Cinereous Tinamou14,D:\other\Bird\Code\data\kaggle_training_wav_cache_sp\Cinereous Tinamou_sound\Cinereous Tinamou14.wav,Cinereous Tinamou_sound,26,36.784,24,val,D:\other\Bird\Code\data\kaggle_training_wav_cache_sp\Cinereous Tinamou_sound\Cinereous Tinamou14.wav,36.784,True,D:\other\Bird\Dataset\CC0\Cinereous Tinamou_sound\Cinereous Tinamou14.mp3
Cinereous Tinamou_sound/Cinereous Tinamou15,D:\other\Bird\Code\data\kaggle_training_wav_cache_sp\Cinereous Tinamou_sound\Cinereous Tinamou15.wav,Cinereous Tinamou_sound,26,36.784,24,train,D:\other\Bird\Code\data\kaggle_training_wav_cache_sp\Cinereous Tinamou_sound\Cinereous Tinamou15.wav,36.784,True,D:\other\Bird\Dataset\CC0\Cinereous Tinamou_sound\Cinereous Tinamou15.mp3
Cinereous Tinamou_sound/Cinereous Tinamou16,D:\other\Bird\Code\data\kaggle_training_wav_cache_sp\Cinereous Tinamou_sound\Cinereous Tinamou16.wav,Cinereous Tinamou_sound,26,36.784,24,train,D:\other\Bird\Code\data\kaggle_training_wav_cache_sp\Cinereous Tinamou_sound\Cinereous Tinamou16.wav,36.784,True,D:\other\Bird\Dataset\CC0\Cinereous Tinamou_sound\Cinereous Tinamou16.mp3
Cinereous Tinamou_sound/Cinereous Tinamou17,D:\other\Bird\Code\data\kaggle_training_wav_cache_sp\Cinereous Tinamou_sound\Cinereous Tinamou17.wav,Cinereous Tinamou_sound,26,36.784,24,train,D:\other\Bird\Code\data\kaggle_training_wav_cache_sp\Cinereous Tinamou_sound\Cinereous Tinamou17.wav,36.784,True,D:\other\Bird\Dataset\CC0\Cinereous Tinamou_sound\Cinereous Tinamou17.mp3
Cinereous Tinamou_sound/Cinereous Tinamou18,D:\other\Bird\Code\data\kaggle_training_wav_cache_sp\Cinereous Tinamou_sound\Cinereous Tinamou18.wav,Cinereous Tinamou_sound,26,36.784,24,test,D:\other\Bird\Code\data\kaggle_training_wav_cache_sp\Cinereous Tinamou_sound\Cinereous Tinamou18.wav,36.784,True,D:\other\Bird\Dataset\CC0\Cinereous Tinamou_sound\Cinereous Tinamou18.mp3
Cinereous Tinamou_sound/Cinereous Tinamou19,D:\other\Bird\Code\data\kaggle_training_wav_cache_sp\Cinereous Tinamou_sound\Cinereous Tinamou19.wav,Cinereous Tinamou_sound,26,36.784,24,train,D:\other\Bird\Code\data\kaggle_training_wav_cache_sp\Cinereous Tinamou_sound\Cinereous Tinamou19.wav,36.784,True,D:\other\Bird\Dataset\CC0\Cinereous Tinamou_sound\Cinereous Tinamou19.mp3
Cinereous Tinamou_sound/Cinereous Tinamou2,D:\other\Bird\Code\data\kaggle_training_wav_cache_sp\Cinereous Tinamou_sound\Cinereous Tinamou2.wav,Cinereous Tinamou_sound,26,6.576,24,train,D:\other\Bird\Code\data\kaggle_training_wav_cache_sp\Cinereous Tinamou_sound\Cinereous Tinamou2.wav,6.576,True,D:\other\Bird\Dataset\CC0\Cinereous Tinamou_sound\Cinereous Tinamou2.mp3
Cinereous Tinamou_sound/Cinereous Tinamou20,D:\other\Bird\Code\data\kaggle_training_wav_cache_sp\Cinereous Tinamou_sound\Cinereous Tinamou20.wav,Cinereous Tinamou_sound,26,36.784,24,train,D:\other\Bird\Code\data\kaggle_training_wav_cache_sp\Cinereous Tinamou_sound\Cinereous Tinamou20.wav,36.784,True,D:\other\Bird\Dataset\CC0\Cinereous Tinamou_sound\Cinereous Tinamou20.mp3
Cinereous Tinamou_sound/Cinereous Tinamou21,D:\other\Bird\Code\data\kaggle_training_wav_cache_sp\Cinereous Tinamou_sound\Cinereous Tinamou21.wav,Cinereous Tinamou_sound,26,36.784,24,train,D:\other\Bird\Code\data\kaggle_training_wav_cache_sp\Cinereous Tinamou_sound\Cinereous Tinamou21.wav,36.784,True,D:\other\Bird\Dataset\CC0\Cinereous Tinamou_sound\Cinereous Tinamou21.mp3
Cinereous Tinamou_sound/Cinereous Tinamou22,D:\other\Bird\Code\data\kaggle_training_wav_cache_sp\Cinereous Tinamou_sound\Cinereous Tinamou22.wav,Cinereous Tinamou_sound,26,36.784,24,train,D:\other\Bird\Code\data\kaggle_training_wav_cache_sp\Cinereous Tinamou_sound\Cinereous Tinamou22.wav,36.784,True,D:\other\Bird\Dataset\CC0\Cinereous Tinamou_sound\Cinereous Tinamou22.mp3
Cinereous Tinamou_sound/Cinereous Tinamou23,D:\other\Bird\Code\data\kaggle_training_wav_cache_sp\Cinereous Tinamou_sound\Cinereous Tinamou23.wav,Cinereous Tinamou_sound,26,92.128,24,train,D:\other\Bird\Code\data\kaggle_training_wav_cache_sp\Cinereous Tinamou_sound\Cinereous Tinamou23.wav,92.128,True,D:\other\Bird\Dataset\CC0\Cinereous Tinamou_sound\Cinereous Tinamou23.mp3
Cinereous Tinamou_sound/Cinereous Tinamou24,D:\other\Bird\Code\data\kaggle_training_wav_cache_sp\Cinereous Tinamou_sound\Cinereous Tinamou24.wav,Cinereous Tinamou_sound,26,92.128,24,train,D:\other\Bird\Code\data\kaggle_training_wav_cache_sp\Cinereous Tinamou_sound\Cinereous Tinamou24.wav,92.128,True,D:\other\Bird\Dataset\CC0\Cinereous Tinamou_sound\Cinereous Tinamou24.mp3
Cinereous Tinamou_sound/Cinereous Tinamou25,D:\other\Bird\Code\data\kaggle_training_wav_cache_sp\Cinereous Tinamou_sound\Cinereous Tinamou25.wav,Cinereous Tinamou_sound,26,282.416,24,train,D:\other\Bird\Code\data\kaggle_training_wav_cache_sp\Cinereous Tinamou_sound\Cinereous Tinamou25.wav,282.416,True,D:\other\Bird\Dataset\CC0\Cinereous Tinamou_sound\Cinereous Tinamou25.mp3
Cinereous Tinamou_sound/Cinereous Tinamou26,D:\other\Bird\Code\data\kaggle_training_wav_cache_sp\Cinereous Tinamou_sound\Cinereous Tinamou26.wav,Cinereous Tinamou_sound,26,282.416,24,train,D:\other\Bird\Code\data\kaggle_training_wav_cache_sp\Cinereous Tinamou_sound\Cinereous Tinamou26.wav,282.416,True,D:\other\Bird\Dataset\CC0\Cinereous Tinamou_sound\Cinereous Tinamou26.mp3
Cinereous Tinamou_sound/Cinereous Tinamou27,D:\other\Bird\Code\data\kaggle_training_wav_cache_sp\Cinereous Tinamou_sound\Cinereous Tinamou27.wav,Cinereous Tinamou_sound,26,282.416,24,val,D:\other\Bird\Code\data\kaggle_training_wav_cache_sp\Cinereous Tinamou_sound\Cinereous Tinamou27.wav,282.416,True,D:\other\Bird\Dataset\CC0\Cinereous Tinamou_sound\Cinereous Tinamou27.mp3
Cinereous Tinamou_sound/Cinereous Tinamou28,D:\other\Bird\Code\data\kaggle_training_wav_cache_sp\Cinereous Tinamou_sound\Cinereous Tinamou28.wav,Cinereous Tinamou_sound,26,54.51865625,24,train,D:\other\Bird\Code\data\kaggle_training_wav_cache_sp\Cinereous Tinamou_sound\Cinereous Tinamou28.wav,54.51865625,True,D:\other\Bird\Dataset\CC0\Cinereous Tinamou_sound\Cinereous Tinamou28.mp3
Cinereous Tinamou_sound/Cinereous Tinamou29,D:\other\Bird\Code\data\kaggle_training_wav_cache_sp\Cinereous Tinamou_sound\Cinereous Tinamou29.wav,Cinereous Tinamou_sound,26,74.8,24,train,D:\other\Bird\Code\data\kaggle_training_wav_cache_sp\Cinereous Tinamou_sound\Cinereous Tinamou29.wav,74.8,True,D:\other\Bird\Dataset\CC0\Cinereous Tinamou_sound\Cinereous Tinamou29.mp3
Cinereous Tinamou_sound/Cinereous Tinamou3,D:\other\Bird\Code\data\kaggle_training_wav_cache_sp\Cinereous Tinamou_sound\Cinereous Tinamou3.wav,Cinereous Tinamou_sound,26,6.576,24,val,D:\other\Bird\Code\data\kaggle_training_wav_cache_sp\Cinereous Tinamou_sound\Cinereous Tinamou3.wav,6.576,True,D:\other\Bird\Dataset\CC0\Cinereous Tinamou_sound\Cinereous Tinamou3.mp3
Cinereous Tinamou_sound/Cinereous Tinamou30,D:\other\Bird\Code\data\kaggle_training_wav_cache_sp\Cinereous Tinamou_sound\Cinereous Tinamou30.wav,Cinereous Tinamou_sound,26,14.192,24,train,D:\other\Bird\Code\data\kaggle_training_wav_cache_sp\Cinereous Tinamou_sound\Cinereous Tinamou30.wav,14.192,True,D:\other\Bird\Dataset\CC0\Cinereous Tinamou_sound\Cinereous Tinamou30.mp3
Cinereous Tinamou_sound/Cinereous Tinamou31,D:\other\Bird\Code\data\kaggle_training_wav_cache_sp\Cinereous Tinamou_sound\Cinereous Tinamou31.wav,Cinereous Tinamou_sound,26,14.192,24,train,D:\other\Bird\Code\data\kaggle_training_wav_cache_sp\Cinereous Tinamou_sound\Cinereous Tinamou31.wav,14.192,True,D:\other\Bird\Dataset\CC0\Cinereous Tinamou_sound\Cinereous Tinamou31.mp3
Cinereous Tinamou_sound/Cinereous Tinamou4,D:\other\Bird\Code\data\kaggle_training_wav_cache_sp\Cinereous Tinamou_sound\Cinereous Tinamou4.wav,Cinereous Tinamou_sound,26,6.576,24,train,D:\other\Bird\Code\data\kaggle_training_wav_cache_sp\Cinereous Tinamou_sound\Cinereous Tinamou4.wav,6.576,True,D:\other\Bird\Dataset\CC0\Cinereous Tinamou_sound\Cinereous Tinamou4.mp3
Cinereous Tinamou_sound/Cinereous Tinamou5,D:\other\Bird\Code\data\kaggle_training_wav_cache_sp\Cinereous Tinamou_sound\Cinereous Tinamou5.wav,Cinereous Tinamou_sound,26,25.76,24,test,D:\other\Bird\Code\data\kaggle_training_wav_cache_sp\Cinereous Tinamou_sound\Cinereous Tinamou5.wav,25.76,True,D:\other\Bird\Dataset\CC0\Cinereous Tinamou_sound\Cinereous Tinamou5.mp3
Cinereous Tinamou_sound/Cinereous Tinamou6,D:\other\Bird\Code\data\kaggle_training_wav_cache_sp\Cinereous Tinamou_sound\Cinereous Tinamou6.wav,Cinereous Tinamou_sound,26,25.76,24,test,D:\other\Bird\Code\data\kaggle_training_wav_cache_sp\Cinereous Tinamou_sound\Cinereous Tinamou6.wav,25.76,True,D:\other\Bird\Dataset\CC0\Cinereous Tinamou_sound\Cinereous Tinamou6.mp3
Cinereous Tinamou_sound/Cinereous Tinamou7,D:\other\Bird\Code\data\kaggle_training_wav_cache_sp\Cinereous Tinamou_sound\Cinereous Tinamou7.wav,Cinereous Tinamou_sound,26,25.76,24,train,D:\other\Bird\Code\data\kaggle_training_wav_cache_sp\Cinereous Tinamou_sound\Cinereous Tinamou7.wav,25.76,True,D:\other\Bird\Dataset\CC0\Cinereous Tinamou_sound\Cinereous Tinamou7.mp3
Cinereous Tinamou_sound/Cinereous Tinamou8,D:\other\Bird\Code\data\kaggle_training_wav_cache_sp\Cinereous Tinamou_sound\Cinereous Tinamou8.wav,Cinereous Tinamou_sound,26,25.76,24,test,D:\other\Bird\Code\data\kaggle_training_wav_cache_sp\Cinereous Tinamou_sound\Cinereous Tinamou8.wav,25.76,True,D:\other\Bird\Dataset\CC0\Cinereous Tinamou_sound\Cinereous Tinamou8.mp3
Cinereous Tinamou_sound/Cinereous Tinamou9,D:\other\Bird\Code\data\kaggle_training_wav_cache_sp\Cinereous Tinamou_sound\Cinereous Tinamou9.wav,Cinereous Tinamou_sound,26,25.76,24,train,D:\other\Bird\Code\data\kaggle_training_wav_cache_sp\Cinereous Tinamou_sound\Cinereous Tinamou9.wav,25.76,True,D:\other\Bird\Dataset\CC0\Cinereous Tinamou_sound\Cinereous Tinamou9.mp3
Collared Brushturkey_sound/Collared Brushturkey10,D:\other\Bird\Code\data\kaggle_training_wav_cache_sp\Collared Brushturkey_sound\Collared Brushturkey10.wav,Collared Brushturkey_sound,27,43.42303125,25,train,D:\other\Bird\Code\data\kaggle_training_wav_cache_sp\Collared Brushturkey_sound\Collared Brushturkey10.wav,43.42303125,True,D:\other\Bird\Dataset\CC0\Collared Brushturkey_sound\Collared Brushturkey10.mp3
Collared Brushturkey_sound/Collared Brushturkey11,D:\other\Bird\Code\data\kaggle_training_wav_cache_sp\Collared Brushturkey_sound\Collared Brushturkey11.wav,Collared Brushturkey_sound,27,43.42303125,25,train,D:\other\Bird\Code\data\kaggle_training_wav_cache_sp\Collared Brushturkey_sound\Collared Brushturkey11.wav,43.42303125,True,D:\other\Bird\Dataset\CC0\Collared Brushturkey_sound\Collared Brushturkey11.mp3
Collared Brushturkey_sound/Collared Brushturkey12,D:\other\Bird\Code\data\kaggle_training_wav_cache_sp\Collared Brushturkey_sound\Collared Brushturkey12.wav,Collared Brushturkey_sound,27,43.42303125,25,val,D:\other\Bird\Code\data\kaggle_training_wav_cache_sp\Collared Brushturkey_sound\Collared Brushturkey12.wav,43.42303125,True,D:\other\Bird\Dataset\CC0\Collared Brushturkey_sound\Collared Brushturkey12.mp3
Collared Brushturkey_sound/Collared Brushturkey13,D:\other\Bird\Code\data\kaggle_training_wav_cache_sp\Collared Brushturkey_sound\Collared Brushturkey13.wav,Collared Brushturkey_sound,27,54.18809375,25,test,D:\other\Bird\Code\data\kaggle_training_wav_cache_sp\Collared Brushturkey_sound\Collared Brushturkey13.wav,54.18809375,True,D:\other\Bird\Dataset\CC0\Collared Brushturkey_sound\Collared Brushturkey13.mp3
Collared Brushturkey_sound/Collared Brushturkey14,D:\other\Bird\Code\data\kaggle_training_wav_cache_sp\Collared Brushturkey_sound\Collared Brushturkey14.wav,Collared Brushturkey_sound,27,82.736,25,train,D:\other\Bird\Code\data\kaggle_training_wav_cache_sp\Collared Brushturkey_sound\Collared Brushturkey14.wav,82.736,True,D:\other\Bird\Dataset\CC0\Collared Brushturkey_sound\Collared Brushturkey14.mp3
Collared Brushturkey_sound/Collared Brushturkey15,D:\other\Bird\Code\data\kaggle_training_wav_cache_sp\Collared Brushturkey_sound\Collared Brushturkey15.wav,Collared Brushturkey_sound,27,82.736,25,test,D:\other\Bird\Code\data\kaggle_training_wav_cache_sp\Collared Brushturkey_sound\Collared Brushturkey15.wav,82.736,True,D:\other\Bird\Dataset\CC0\Collared Brushturkey_sound\Collared Brushturkey15.mp3
Collared Brushturkey_sound/Collared Brushturkey16,D:\other\Bird\Code\data\kaggle_training_wav_cache_sp\Collared Brushturkey_sound\Collared Brushturkey16.wav,Collared Brushturkey_sound,27,82.736,25,train,D:\other\Bird\Code\data\kaggle_training_wav_cache_sp\Collared Brushturkey_sound\Collared Brushturkey16.wav,82.736,True,D:\other\Bird\Dataset\CC0\Collared Brushturkey_sound\Collared Brushturkey16.mp3
Collared Brushturkey_sound/Collared Brushturkey17,D:\other\Bird\Code\data\kaggle_training_wav_cache_sp\Collared Brushturkey_sound\Collared Brushturkey17.wav,Collared Brushturkey_sound,27,82.736,25,val,D:\other\Bird\Code\data\kaggle_training_wav_cache_sp\Collared Brushturkey_sound\Collared Brushturkey17.wav,82.736,True,D:\other\Bird\Dataset\CC0\Collared Brushturkey_sound\Collared Brushturkey17.mp3
Collared Brushturkey_sound/Collared Brushturkey18,D:\other\Bird\Code\data\kaggle_training_wav_cache_sp\Collared Brushturkey_sound\Collared Brushturkey18.wav,Collared Brushturkey_sound,27,82.736,25,train,D:\other\Bird\Code\data\kaggle_training_wav_cache_sp\Collared Brushturkey_sound\Collared Brushturkey18.wav,82.736,True,D:\other\Bird\Dataset\CC0\Collared Brushturkey_sound\Collared Brushturkey18.mp3
Collared Brushturkey_sound/Collared Brushturkey19,D:\other\Bird\Code\data\kaggle_training_wav_cache_sp\Collared Brushturkey_sound\Collared Brushturkey19.wav,Collared Brushturkey_sound,27,65.82859375,25,train,D:\other\Bird\Code\data\kaggle_training_wav_cache_sp\Collared Brushturkey_sound\Collared Brushturkey19.wav,65.82859375,True,D:\other\Bird\Dataset\CC0\Collared Brushturkey_sound\Collared Brushturkey19.mp3
Collared Brushturkey_sound/Collared Brushturkey2,D:\other\Bird\Code\data\kaggle_training_wav_cache_sp\Collared Brushturkey_sound\Collared Brushturkey2.wav,Collared Brushturkey_sound,27,43.52,25,train,D:\other\Bird\Code\data\kaggle_training_wav_cache_sp\Collared Brushturkey_sound\Collared Brushturkey2.wav,43.52,True,D:\other\Bird\Dataset\CC0\Collared Brushturkey_sound\Collared Brushturkey2.mp3
Collared Brushturkey_sound/Collared Brushturkey20,D:\other\Bird\Code\data\kaggle_training_wav_cache_sp\Collared Brushturkey_sound\Collared Brushturkey20.wav,Collared Brushturkey_sound,27,65.82859375,25,train,D:\other\Bird\Code\data\kaggle_training_wav_cache_sp\Collared Brushturkey_sound\Collared Brushturkey20.wav,65.82859375,True,D:\other\Bird\Dataset\CC0\Collared Brushturkey_sound\Collared Brushturkey20.mp3
Collared Brushturkey_sound/Collared Brushturkey21,D:\other\Bird\Code\data\kaggle_training_wav_cache_sp\Collared Brushturkey_sound\Collared Brushturkey21.wav,Collared Brushturkey_sound,27,65.82859375,25,test,D:\other\Bird\Code\data\kaggle_training_wav_cache_sp\Collared Brushturkey_sound\Collared Brushturkey21.wav,65.82859375,True,D:\other\Bird\Dataset\CC0\Collared Brushturkey_sound\Collared Brushturkey21.mp3
Collared Brushturkey_sound/Collared Brushturkey3,D:\other\Bird\Code\data\kaggle_training_wav_cache_sp\Collared Brushturkey_sound\Collared Brushturkey3.wav,Collared Brushturkey_sound,27,43.52,25,val,D:\other\Bird\Code\data\kaggle_training_wav_cache_sp\Collared Brushturkey_sound\Collared Brushturkey3.wav,43.52,True,D:\other\Bird\Dataset\CC0\Collared Brushturkey_sound\Collared Brushturkey3.mp3
Collared Brushturkey_sound/Collared Brushturkey4,D:\other\Bird\Code\data\kaggle_training_wav_cache_sp\Collared Brushturkey_sound\Collared Brushturkey4.wav,Collared Brushturkey_sound,27,43.52,25,train,D:\other\Bird\Code\data\kaggle_training_wav_cache_sp\Collared Brushturkey_sound\Collared Brushturkey4.wav,43.52,True,D:\other\Bird\Dataset\CC0\Collared Brushturkey_sound\Collared Brushturkey4.mp3
Collared Brushturkey_sound/Collared Brushturkey5,D:\other\Bird\Code\data\kaggle_training_wav_cache_sp\Collared Brushturkey_sound\Collared Brushturkey5.wav,Collared Brushturkey_sound,27,43.52,25,train,D:\other\Bird\Code\data\kaggle_training_wav_cache_sp\Collared Brushturkey_sound\Collared Brushturkey5.wav,43.52,True,D:\other\Bird\Dataset\CC0\Collared Brushturkey_sound\Collared Brushturkey5.mp3
Collared Brushturkey_sound/Collared Brushturkey6,D:\other\Bird\Code\data\kaggle_training_wav_cache_sp\Collared Brushturkey_sound\Collared Brushturkey6.wav,Collared Brushturkey_sound,27,43.52,25,train,D:\other\Bird\Code\data\kaggle_training_wav_cache_sp\Collared Brushturkey_sound\Collared Brushturkey6.wav,43.52,True,D:\other\Bird\Dataset\CC0\Collared Brushturkey_sound\Collared Brushturkey6.mp3
Collared Brushturkey_sound/Collared Brushturkey7,D:\other\Bird\Code\data\kaggle_training_wav_cache_sp\Collared Brushturkey_sound\Collared Brushturkey7.wav,Collared Brushturkey_sound,27,43.52,25,train,D:\other\Bird\Code\data\kaggle_training_wav_cache_sp\Collared Brushturkey_sound\Collared Brushturkey7.wav,43.52,True,D:\other\Bird\Dataset\CC0\Collared Brushturkey_sound\Collared Brushturkey7.mp3
Collared Brushturkey_sound/Collared Brushturkey8,D:\other\Bird\Code\data\kaggle_training_wav_cache_sp\Collared Brushturkey_sound\Collared Brushturkey8.wav,Collared Brushturkey_sound,27,43.52,25,train,D:\other\Bird\Code\data\kaggle_training_wav_cache_sp\Collared Brushturkey_sound\Collared Brushturkey8.wav,43.52,True,D:\other\Bird\Dataset\CC0\Collared Brushturkey_sound\Collared Brushturkey8.mp3
Collared Brushturkey_sound/Collared Brushturkey9,D:\other\Bird\Code\data\kaggle_training_wav_cache_sp\Collared Brushturkey_sound\Collared Brushturkey9.wav,Collared Brushturkey_sound,27,43.52,25,train,D:\other\Bird\Code\data\kaggle_training_wav_cache_sp\Collared Brushturkey_sound\Collared Brushturkey9.wav,43.52,True,D:\other\Bird\Dataset\CC0\Collared Brushturkey_sound\Collared Brushturkey9.mp3
Colombian Chachalaca_sound/Colombian Chachalaca10,D:\other\Bird\Code\data\kaggle_training_wav_cache_sp\Colombian Chachalaca_sound\Colombian Chachalaca10.wav,Colombian Chachalaca_sound,28,19.728,26,train,D:\other\Bird\Code\data\kaggle_training_wav_cache_sp\Colombian Chachalaca_sound\Colombian Chachalaca10.wav,19.728,True,D:\other\Bird\Dataset\CC0\Colombian Chachalaca_sound\Colombian Chachalaca10.mp3
Colombian Chachalaca_sound/Colombian Chachalaca11,D:\other\Bird\Code\data\kaggle_training_wav_cache_sp\Colombian Chachalaca_sound\Colombian Chachalaca11.wav,Colombian Chachalaca_sound,28,19.728,26,val,D:\other\Bird\Code\data\kaggle_training_wav_cache_sp\Colombian Chachalaca_sound\Colombian Chachalaca11.wav,19.728,True,D:\other\Bird\Dataset\CC0\Colombian Chachalaca_sound\Colombian Chachalaca11.mp3
Colombian Chachalaca_sound/Colombian Chachalaca12,D:\other\Bird\Code\data\kaggle_training_wav_cache_sp\Colombian Chachalaca_sound\Colombian Chachalaca12.wav,Colombian Chachalaca_sound,28,19.728,26,train,D:\other\Bird\Code\data\kaggle_training_wav_cache_sp\Colombian Chachalaca_sound\Colombian Chachalaca12.wav,19.728,True,D:\other\Bird\Dataset\CC0\Colombian Chachalaca_sound\Colombian Chachalaca12.mp3
Colombian Chachalaca_sound/Colombian Chachalaca13,D:\other\Bird\Code\data\kaggle_training_wav_cache_sp\Colombian Chachalaca_sound\Colombian Chachalaca13.wav,Colombian Chachalaca_sound,28,19.728,26,train,D:\other\Bird\Code\data\kaggle_training_wav_cache_sp\Colombian Chachalaca_sound\Colombian Chachalaca13.wav,19.728,True,D:\other\Bird\Dataset\CC0\Colombian Chachalaca_sound\Colombian Chachalaca13.mp3
Colombian Chachalaca_sound/Colombian Chachalaca14,D:\other\Bird\Code\data\kaggle_training_wav_cache_sp\Colombian Chachalaca_sound\Colombian Chachalaca14.wav,Colombian Chachalaca_sound,28,35.0716875,26,train,D:\other\Bird\Code\data\kaggle_training_wav_cache_sp\Colombian Chachalaca_sound\Colombian Chachalaca14.wav,35.0716875,True,D:\other\Bird\Dataset\CC0\Colombian Chachalaca_sound\Colombian Chachalaca14.mp3
Colombian Chachalaca_sound/Colombian Chachalaca15,D:\other\Bird\Code\data\kaggle_training_wav_cache_sp\Colombian Chachalaca_sound\Colombian Chachalaca15.wav,Colombian Chachalaca_sound,28,20.48,26,train,D:\other\Bird\Code\data\kaggle_training_wav_cache_sp\Colombian Chachalaca_sound\Colombian Chachalaca15.wav,20.48,True,D:\other\Bird\Dataset\CC0\Colombian Chachalaca_sound\Colombian Chachalaca15.mp3
Colombian Chachalaca_sound/Colombian Chachalaca16,D:\other\Bird\Code\data\kaggle_training_wav_cache_sp\Colombian Chachalaca_sound\Colombian Chachalaca16.wav,Colombian Chachalaca_sound,28,109.25225,26,train,D:\other\Bird\Code\data\kaggle_training_wav_cache_sp\Colombian Chachalaca_sound\Colombian Chachalaca16.wav,109.25225,True,D:\other\Bird\Dataset\CC0\Colombian Chachalaca_sound\Colombian Chachalaca16.mp3
Colombian Chachalaca_sound/Colombian Chachalaca17,D:\other\Bird\Code\data\kaggle_training_wav_cache_sp\Colombian Chachalaca_sound\Colombian Chachalaca17.wav,Colombian Chachalaca_sound,28,109.25225,26,test,D:\other\Bird\Code\data\kaggle_training_wav_cache_sp\Colombian Chachalaca_sound\Colombian Chachalaca17.wav,109.25225,True,D:\other\Bird\Dataset\CC0\Colombian Chachalaca_sound\Colombian Chachalaca17.mp3
Colombian Chachalaca_sound/Colombian Chachalaca18,D:\other\Bird\Code\data\kaggle_training_wav_cache_sp\Colombian Chachalaca_sound\Colombian Chachalaca18.wav,Colombian Chachalaca_sound,28,109.25225,26,train,D:\other\Bird\Code\data\kaggle_training_wav_cache_sp\Colombian Chachalaca_sound\Colombian Chachalaca18.wav,109.25225,True,D:\other\Bird\Dataset\CC0\Colombian Chachalaca_sound\Colombian Chachalaca18.mp3
Colombian Chachalaca_sound/Colombian Chachalaca19,D:\other\Bird\Code\data\kaggle_training_wav_cache_sp\Colombian Chachalaca_sound\Colombian Chachalaca19.wav,Colombian Chachalaca_sound,28,109.25225,26,train,D:\other\Bird\Code\data\kaggle_training_wav_cache_sp\Colombian Chachalaca_sound\Colombian Chachalaca19.wav,109.25225,True,D:\other\Bird\Dataset\CC0\Colombian Chachalaca_sound\Colombian Chachalaca19.mp3
Colombian Chachalaca_sound/Colombian Chachalaca2,D:\other\Bird\Code\data\kaggle_training_wav_cache_sp\Colombian Chachalaca_sound\Colombian Chachalaca2.wav,Colombian Chachalaca_sound,28,18.112,26,train,D:\other\Bird\Code\data\kaggle_training_wav_cache_sp\Colombian Chachalaca_sound\Colombian Chachalaca2.wav,18.112,True,D:\other\Bird\Dataset\CC0\Colombian Chachalaca_sound\Colombian Chachalaca2.mp3
Colombian Chachalaca_sound/Colombian Chachalaca20,D:\other\Bird\Code\data\kaggle_training_wav_cache_sp\Colombian Chachalaca_sound\Colombian Chachalaca20.wav,Colombian Chachalaca_sound,28,109.25225,26,train,D:\other\Bird\Code\data\kaggle_training_wav_cache_sp\Colombian Chachalaca_sound\Colombian Chachalaca20.wav,109.25225,True,D:\other\Bird\Dataset\CC0\Colombian Chachalaca_sound\Colombian Chachalaca20.mp3
Colombian Chachalaca_sound/Colombian Chachalaca21,D:\other\Bird\Code\data\kaggle_training_wav_cache_sp\Colombian Chachalaca_sound\Colombian Chachalaca21.wav,Colombian Chachalaca_sound,28,10.4,26,train,D:\other\Bird\Code\data\kaggle_training_wav_cache_sp\Colombian Chachalaca_sound\Colombian Chachalaca21.wav,10.4,True,D:\other\Bird\Dataset\CC0\Colombian Chachalaca_sound\Colombian Chachalaca21.mp3
Colombian Chachalaca_sound/Colombian Chachalaca22,D:\other\Bird\Code\data\kaggle_training_wav_cache_sp\Colombian Chachalaca_sound\Colombian Chachalaca22.wav,Colombian Chachalaca_sound,28,10.768,26,train,D:\other\Bird\Code\data\kaggle_training_wav_cache_sp\Colombian Chachalaca_sound\Colombian Chachalaca22.wav,10.768,True,D:\other\Bird\Dataset\CC0\Colombian Chachalaca_sound\Colombian Chachalaca22.mp3
Colombian Chachalaca_sound/Colombian Chachalaca23,D:\other\Bird\Code\data\kaggle_training_wav_cache_sp\Colombian Chachalaca_sound\Colombian Chachalaca23.wav,Colombian Chachalaca_sound,28,10.768,26,train,D:\other\Bird\Code\data\kaggle_training_wav_cache_sp\Colombian Chachalaca_sound\Colombian Chachalaca23.wav,10.768,True,D:\other\Bird\Dataset\CC0\Colombian Chachalaca_sound\Colombian Chachalaca23.mp3
Colombian Chachalaca_sound/Colombian Chachalaca24,D:\other\Bird\Code\data\kaggle_training_wav_cache_sp\Colombian Chachalaca_sound\Colombian Chachalaca24.wav,Colombian Chachalaca_sound,28,10.768,26,train,D:\other\Bird\Code\data\kaggle_training_wav_cache_sp\Colombian Chachalaca_sound\Colombian Chachalaca24.wav,10.768,True,D:\other\Bird\Dataset\CC0\Colombian Chachalaca_sound\Colombian Chachalaca24.mp3
Colombian Chachalaca_sound/Colombian Chachalaca25,D:\other\Bird\Code\data\kaggle_training_wav_cache_sp\Colombian Chachalaca_sound\Colombian Chachalaca25.wav,Colombian Chachalaca_sound,28,10.768,26,train,D:\other\Bird\Code\data\kaggle_training_wav_cache_sp\Colombian Chachalaca_sound\Colombian Chachalaca25.wav,10.768,True,D:\other\Bird\Dataset\CC0\Colombian Chachalaca_sound\Colombian Chachalaca25.mp3
Colombian Chachalaca_sound/Colombian Chachalaca26,D:\other\Bird\Code\data\kaggle_training_wav_cache_sp\Colombian Chachalaca_sound\Colombian Chachalaca26.wav,Colombian Chachalaca_sound,28,10.768,26,val,D:\other\Bird\Code\data\kaggle_training_wav_cache_sp\Colombian Chachalaca_sound\Colombian Chachalaca26.wav,10.768,True,D:\other\Bird\Dataset\CC0\Colombian Chachalaca_sound\Colombian Chachalaca26.mp3
Colombian Chachalaca_sound/Colombian Chachalaca27,D:\other\Bird\Code\data\kaggle_training_wav_cache_sp\Colombian Chachalaca_sound\Colombian Chachalaca27.wav,Colombian Chachalaca_sound,28,10.768,26,train,D:\other\Bird\Code\data\kaggle_training_wav_cache_sp\Colombian Chachalaca_sound\Colombian Chachalaca27.wav,10.768,True,D:\other\Bird\Dataset\CC0\Colombian Chachalaca_sound\Colombian Chachalaca27.mp3
Colombian Chachalaca_sound/Colombian Chachalaca28,D:\other\Bird\Code\data\kaggle_training_wav_cache_sp\Colombian Chachalaca_sound\Colombian Chachalaca28.wav,Colombian Chachalaca_sound,28,15.872,26,train,D:\other\Bird\Code\data\kaggle_training_wav_cache_sp\Colombian Chachalaca_sound\Colombian Chachalaca28.wav,15.872,True,D:\other\Bird\Dataset\CC0\Colombian Chachalaca_sound\Colombian Chachalaca28.mp3
Colombian Chachalaca_sound/Colombian Chachalaca29,D:\other\Bird\Code\data\kaggle_training_wav_cache_sp\Colombian Chachalaca_sound\Colombian Chachalaca29.wav,Colombian Chachalaca_sound,28,13.264,26,train,D:\other\Bird\Code\data\kaggle_training_wav_cache_sp\Colombian Chachalaca_sound\Colombian Chachalaca29.wav,13.264,True,D:\other\Bird\Dataset\CC0\Colombian Chachalaca_sound\Colombian Chachalaca29.mp3
Colombian Chachalaca_sound/Colombian Chachalaca3,D:\other\Bird\Code\data\kaggle_training_wav_cache_sp\Colombian Chachalaca_sound\Colombian Chachalaca3.wav,Colombian Chachalaca_sound,28,18.112,26,train,D:\other\Bird\Code\data\kaggle_training_wav_cache_sp\Colombian Chachalaca_sound\Colombian Chachalaca3.wav,18.112,True,D:\other\Bird\Dataset\CC0\Colombian Chachalaca_sound\Colombian Chachalaca3.mp3
Colombian Chachalaca_sound/Colombian Chachalaca30,D:\other\Bird\Code\data\kaggle_training_wav_cache_sp\Colombian Chachalaca_sound\Colombian Chachalaca30.wav,Colombian Chachalaca_sound,28,16.016,26,train,D:\other\Bird\Code\data\kaggle_training_wav_cache_sp\Colombian Chachalaca_sound\Colombian Chachalaca30.wav,16.016,True,D:\other\Bird\Dataset\CC0\Colombian Chachalaca_sound\Colombian Chachalaca30.mp3
Colombian Chachalaca_sound/Colombian Chachalaca31,D:\other\Bird\Code\data\kaggle_training_wav_cache_sp\Colombian Chachalaca_sound\Colombian Chachalaca31.wav,Colombian Chachalaca_sound,28,16.016,26,test,D:\other\Bird\Code\data\kaggle_training_wav_cache_sp\Colombian Chachalaca_sound\Colombian Chachalaca31.wav,16.016,True,D:\other\Bird\Dataset\CC0\Colombian Chachalaca_sound\Colombian Chachalaca31.mp3
Colombian Chachalaca_sound/Colombian Chachalaca4,D:\other\Bird\Code\data\kaggle_training_wav_cache_sp\Colombian Chachalaca_sound\Colombian Chachalaca4.wav,Colombian Chachalaca_sound,28,12.896,26,val,D:\other\Bird\Code\data\kaggle_training_wav_cache_sp\Colombian Chachalaca_sound\Colombian Chachalaca4.wav,12.896,True,D:\other\Bird\Dataset\CC0\Colombian Chachalaca_sound\Colombian Chachalaca4.mp3
Colombian Chachalaca_sound/Colombian Chachalaca5,D:\other\Bird\Code\data\kaggle_training_wav_cache_sp\Colombian Chachalaca_sound\Colombian Chachalaca5.wav,Colombian Chachalaca_sound,28,12.896,26,train,D:\other\Bird\Code\data\kaggle_training_wav_cache_sp\Colombian Chachalaca_sound\Colombian Chachalaca5.wav,12.896,True,D:\other\Bird\Dataset\CC0\Colombian Chachalaca_sound\Colombian Chachalaca5.mp3
Colombian Chachalaca_sound/Colombian Chachalaca6,D:\other\Bird\Code\data\kaggle_training_wav_cache_sp\Colombian Chachalaca_sound\Colombian Chachalaca6.wav,Colombian Chachalaca_sound,28,19.728,26,val,D:\other\Bird\Code\data\kaggle_training_wav_cache_sp\Colombian Chachalaca_sound\Colombian Chachalaca6.wav,19.728,True,D:\other\Bird\Dataset\CC0\Colombian Chachalaca_sound\Colombian Chachalaca6.mp3
Colombian Chachalaca_sound/Colombian Chachalaca7,D:\other\Bird\Code\data\kaggle_training_wav_cache_sp\Colombian Chachalaca_sound\Colombian Chachalaca7.wav,Colombian Chachalaca_sound,28,19.728,26,test,D:\other\Bird\Code\data\kaggle_training_wav_cache_sp\Colombian Chachalaca_sound\Colombian Chachalaca7.wav,19.728,True,D:\other\Bird\Dataset\CC0\Colombian Chachalaca_sound\Colombian Chachalaca7.mp3
Colombian Chachalaca_sound/Colombian Chachalaca8,D:\other\Bird\Code\data\kaggle_training_wav_cache_sp\Colombian Chachalaca_sound\Colombian Chachalaca8.wav,Colombian Chachalaca_sound,28,19.728,26,test,D:\other\Bird\Code\data\kaggle_training_wav_cache_sp\Colombian Chachalaca_sound\Colombian Chachalaca8.wav,19.728,True,D:\other\Bird\Dataset\CC0\Colombian Chachalaca_sound\Colombian Chachalaca8.mp3
Colombian Chachalaca_sound/Colombian Chachalaca9,D:\other\Bird\Code\data\kaggle_training_wav_cache_sp\Colombian Chachalaca_sound\Colombian Chachalaca9.wav,Colombian Chachalaca_sound,28,19.728,26,train,D:\other\Bird\Code\data\kaggle_training_wav_cache_sp\Colombian Chachalaca_sound\Colombian Chachalaca9.wav,19.728,True,D:\other\Bird\Dataset\CC0\Colombian Chachalaca_sound\Colombian Chachalaca9.mp3
Common Ostrich_sound/Common Ostrich2,D:\other\Bird\Code\data\kaggle_training_wav_cache_sp\Common Ostrich_sound\Common Ostrich2.wav,Common Ostrich_sound,29,29.12,27,val,D:\other\Bird\Code\data\kaggle_training_wav_cache_sp\Common Ostrich_sound\Common Ostrich2.wav,29.12,True,D:\other\Bird\Dataset\CC0\Common Ostrich_sound\Common Ostrich2.mp3
Common Ostrich_sound/Common Ostrich3,D:\other\Bird\Code\data\kaggle_training_wav_cache_sp\Common Ostrich_sound\Common Ostrich3.wav,Common Ostrich_sound,29,26.736,27,test,D:\other\Bird\Code\data\kaggle_training_wav_cache_sp\Common Ostrich_sound\Common Ostrich3.wav,26.736,True,D:\other\Bird\Dataset\CC0\Common Ostrich_sound\Common Ostrich3.mp3
Common Ostrich_sound/Common Ostrich5,D:\other\Bird\Code\data\kaggle_training_wav_cache_sp\Common Ostrich_sound\Common Ostrich5.wav,Common Ostrich_sound,29,11.63725,27,train,D:\other\Bird\Code\data\kaggle_training_wav_cache_sp\Common Ostrich_sound\Common Ostrich5.wav,11.63725,True,D:\other\Bird\Dataset\CC0\Common Ostrich_sound\Common Ostrich5.mp3
Common Ostrich_sound/Common Ostrich6,D:\other\Bird\Code\data\kaggle_training_wav_cache_sp\Common Ostrich_sound\Common Ostrich6.wav,Common Ostrich_sound,29,76.688,27,train,D:\other\Bird\Code\data\kaggle_training_wav_cache_sp\Common Ostrich_sound\Common Ostrich6.wav,76.688,True,D:\other\Bird\Dataset\CC0\Common Ostrich_sound\Common Ostrich6.mp3
Common Ostrich_sound/Common Ostrich7,D:\other\Bird\Code\data\kaggle_training_wav_cache_sp\Common Ostrich_sound\Common Ostrich7.wav,Common Ostrich_sound,29,11.65,27,train,D:\other\Bird\Code\data\kaggle_training_wav_cache_sp\Common Ostrich_sound\Common Ostrich7.wav,11.65,True,D:\other\Bird\Dataset\CC0\Common Ostrich_sound\Common Ostrich7.mp3
Common Ostrich_sound/Common Ostrich8,D:\other\Bird\Code\data\kaggle_training_wav_cache_sp\Common Ostrich_sound\Common Ostrich8.wav,Common Ostrich_sound,29,9.448,27,train,D:\other\Bird\Code\data\kaggle_training_wav_cache_sp\Common Ostrich_sound\Common Ostrich8.wav,9.448,True,D:\other\Bird\Dataset\CC0\Common Ostrich_sound\Common Ostrich8.mp3
Crested Guan_sound/Crested Guan10,D:\other\Bird\Code\data\kaggle_training_wav_cache_sp\Crested Guan_sound\Crested Guan10.wav,Crested Guan_sound,30,70.8573125,28,train,D:\other\Bird\Code\data\kaggle_training_wav_cache_sp\Crested Guan_sound\Crested Guan10.wav,70.8573125,True,D:\other\Bird\Dataset\CC0\Crested Guan_sound\Crested Guan10.mp3
Crested Guan_sound/Crested Guan11,D:\other\Bird\Code\data\kaggle_training_wav_cache_sp\Crested Guan_sound\Crested Guan11.wav,Crested Guan_sound,30,70.8573125,28,train,D:\other\Bird\Code\data\kaggle_training_wav_cache_sp\Crested Guan_sound\Crested Guan11.wav,70.8573125,True,D:\other\Bird\Dataset\CC0\Crested Guan_sound\Crested Guan11.mp3
Crested Guan_sound/Crested Guan12,D:\other\Bird\Code\data\kaggle_training_wav_cache_sp\Crested Guan_sound\Crested Guan12.wav,Crested Guan_sound,30,60.576,28,test,D:\other\Bird\Code\data\kaggle_training_wav_cache_sp\Crested Guan_sound\Crested Guan12.wav,60.576,True,D:\other\Bird\Dataset\CC0\Crested Guan_sound\Crested Guan12.mp3
Crested Guan_sound/Crested Guan13,D:\other\Bird\Code\data\kaggle_training_wav_cache_sp\Crested Guan_sound\Crested Guan13.wav,Crested Guan_sound,30,180.928,28,train,D:\other\Bird\Code\data\kaggle_training_wav_cache_sp\Crested Guan_sound\Crested Guan13.wav,180.928,True,D:\other\Bird\Dataset\CC0\Crested Guan_sound\Crested Guan13.mp3
Crested Guan_sound/Crested Guan14,D:\other\Bird\Code\data\kaggle_training_wav_cache_sp\Crested Guan_sound\Crested Guan14.wav,Crested Guan_sound,30,28.672,28,train,D:\other\Bird\Code\data\kaggle_training_wav_cache_sp\Crested Guan_sound\Crested Guan14.wav,28.672,True,D:\other\Bird\Dataset\CC0\Crested Guan_sound\Crested Guan14.mp3
Crested Guan_sound/Crested Guan15,D:\other\Bird\Code\data\kaggle_training_wav_cache_sp\Crested Guan_sound\Crested Guan15.wav,Crested Guan_sound,30,28.848,28,train,D:\other\Bird\Code\data\kaggle_training_wav_cache_sp\Crested Guan_sound\Crested Guan15.wav,28.848,True,D:\other\Bird\Dataset\CC0\Crested Guan_sound\Crested Guan15.mp3
Crested Guan_sound/Crested Guan16,D:\other\Bird\Code\data\kaggle_training_wav_cache_sp\Crested Guan_sound\Crested Guan16.wav,Crested Guan_sound,30,28.848,28,test,D:\other\Bird\Code\data\kaggle_training_wav_cache_sp\Crested Guan_sound\Crested Guan16.wav,28.848,True,D:\other\Bird\Dataset\CC0\Crested Guan_sound\Crested Guan16.mp3
Crested Guan_sound/Crested Guan17,D:\other\Bird\Code\data\kaggle_training_wav_cache_sp\Crested Guan_sound\Crested Guan17.wav,Crested Guan_sound,30,51.728,28,train,D:\other\Bird\Code\data\kaggle_training_wav_cache_sp\Crested Guan_sound\Crested Guan17.wav,51.728,True,D:\other\Bird\Dataset\CC0\Crested Guan_sound\Crested Guan17.mp3
Crested Guan_sound/Crested Guan18,D:\other\Bird\Code\data\kaggle_training_wav_cache_sp\Crested Guan_sound\Crested Guan18.wav,Crested Guan_sound,30,27.232,28,val,D:\other\Bird\Code\data\kaggle_training_wav_cache_sp\Crested Guan_sound\Crested Guan18.wav,27.232,True,D:\other\Bird\Dataset\CC0\Crested Guan_sound\Crested Guan18.mp3
Crested Guan_sound/Crested Guan19,D:\other\Bird\Code\data\kaggle_training_wav_cache_sp\Crested Guan_sound\Crested Guan19.wav,Crested Guan_sound,30,31.6,28,val,D:\other\Bird\Code\data\kaggle_training_wav_cache_sp\Crested Guan_sound\Crested Guan19.wav,31.6,True,D:\other\Bird\Dataset\CC0\Crested Guan_sound\Crested Guan19.mp3
Crested Guan_sound/Crested Guan2,D:\other\Bird\Code\data\kaggle_training_wav_cache_sp\Crested Guan_sound\Crested Guan2.wav,Crested Guan_sound,30,15.84,28,train,D:\other\Bird\Code\data\kaggle_training_wav_cache_sp\Crested Guan_sound\Crested Guan2.wav,15.84,True,D:\other\Bird\Dataset\CC0\Crested Guan_sound\Crested Guan2.mp3
Crested Guan_sound/Crested Guan20,D:\other\Bird\Code\data\kaggle_training_wav_cache_sp\Crested Guan_sound\Crested Guan20.wav,Crested Guan_sound,30,32.496,28,train,D:\other\Bird\Code\data\kaggle_training_wav_cache_sp\Crested Guan_sound\Crested Guan20.wav,32.496,True,D:\other\Bird\Dataset\CC0\Crested Guan_sound\Crested Guan20.mp3
Crested Guan_sound/Crested Guan21,D:\other\Bird\Code\data\kaggle_training_wav_cache_sp\Crested Guan_sound\Crested Guan21.wav,Crested Guan_sound,30,12.464,28,train,D:\other\Bird\Code\data\kaggle_training_wav_cache_sp\Crested Guan_sound\Crested Guan21.wav,12.464,True,D:\other\Bird\Dataset\CC0\Crested Guan_sound\Crested Guan21.mp3
Crested Guan_sound/Crested Guan22,D:\other\Bird\Code\data\kaggle_training_wav_cache_sp\Crested Guan_sound\Crested Guan22.wav,Crested Guan_sound,30,37.024,28,train,D:\other\Bird\Code\data\kaggle_training_wav_cache_sp\Crested Guan_sound\Crested Guan22.wav,37.024,True,D:\other\Bird\Dataset\CC0\Crested Guan_sound\Crested Guan22.mp3
Crested Guan_sound/Crested Guan23,D:\other\Bird\Code\data\kaggle_training_wav_cache_sp\Crested Guan_sound\Crested Guan23.wav,Crested Guan_sound,30,38.8,28,train,D:\other\Bird\Code\data\kaggle_training_wav_cache_sp\Crested Guan_sound\Crested Guan23.wav,38.8,True,D:\other\Bird\Dataset\CC0\Crested Guan_sound\Crested Guan23.mp3
Crested Guan_sound/Crested Guan24,D:\other\Bird\Code\data\kaggle_training_wav_cache_sp\Crested Guan_sound\Crested Guan24.wav,Crested Guan_sound,30,38.8,28,train,D:\other\Bird\Code\data\kaggle_training_wav_cache_sp\Crested Guan_sound\Crested Guan24.wav,38.8,True,D:\other\Bird\Dataset\CC0\Crested Guan_sound\Crested Guan24.mp3
Crested Guan_sound/Crested Guan25,D:\other\Bird\Code\data\kaggle_training_wav_cache_sp\Crested Guan_sound\Crested Guan25.wav,Crested Guan_sound,30,38.8,28,train,D:\other\Bird\Code\data\kaggle_training_wav_cache_sp\Crested Guan_sound\Crested Guan25.wav,38.8,True,D:\other\Bird\Dataset\CC0\Crested Guan_sound\Crested Guan25.mp3
Crested Guan_sound/Crested Guan26,D:\other\Bird\Code\data\kaggle_training_wav_cache_sp\Crested Guan_sound\Crested Guan26.wav,Crested Guan_sound,30,34.08,28,train,D:\other\Bird\Code\data\kaggle_training_wav_cache_sp\Crested Guan_sound\Crested Guan26.wav,34.08,True,D:\other\Bird\Dataset\CC0\Crested Guan_sound\Crested Guan26.mp3
Crested Guan_sound/Crested Guan27,D:\other\Bird\Code\data\kaggle_training_wav_cache_sp\Crested Guan_sound\Crested Guan27.wav,Crested Guan_sound,30,11.28,28,train,D:\other\Bird\Code\data\kaggle_training_wav_cache_sp\Crested Guan_sound\Crested Guan27.wav,11.28,True,D:\other\Bird\Dataset\CC0\Crested Guan_sound\Crested Guan27.mp3
Crested Guan_sound/Crested Guan28,D:\other\Bird\Code\data\kaggle_training_wav_cache_sp\Crested Guan_sound\Crested Guan28.wav,Crested Guan_sound,30,7.344,28,test,D:\other\Bird\Code\data\kaggle_training_wav_cache_sp\Crested Guan_sound\Crested Guan28.wav,7.344,True,D:\other\Bird\Dataset\CC0\Crested Guan_sound\Crested Guan28.mp3
Crested Guan_sound/Crested Guan29,D:\other\Bird\Code\data\kaggle_training_wav_cache_sp\Crested Guan_sound\Crested Guan29.wav,Crested Guan_sound,30,75.84,28,train,D:\other\Bird\Code\data\kaggle_training_wav_cache_sp\Crested Guan_sound\Crested Guan29.wav,75.84,True,D:\other\Bird\Dataset\CC0\Crested Guan_sound\Crested Guan29.mp3
Crested Guan_sound/Crested Guan3,D:\other\Bird\Code\data\kaggle_training_wav_cache_sp\Crested Guan_sound\Crested Guan3.wav,Crested Guan_sound,30,15.84,28,train,D:\other\Bird\Code\data\kaggle_training_wav_cache_sp\Crested Guan_sound\Crested Guan3.wav,15.84,True,D:\other\Bird\Dataset\CC0\Crested Guan_sound\Crested Guan3.mp3
Crested Guan_sound/Crested Guan30,D:\other\Bird\Code\data\kaggle_training_wav_cache_sp\Crested Guan_sound\Crested Guan30.wav,Crested Guan_sound,30,35.104,28,train,D:\other\Bird\Code\data\kaggle_training_wav_cache_sp\Crested Guan_sound\Crested Guan30.wav,35.104,True,D:\other\Bird\Dataset\CC0\Crested Guan_sound\Crested Guan30.mp3
Crested Guan_sound/Crested Guan31,D:\other\Bird\Code\data\kaggle_training_wav_cache_sp\Crested Guan_sound\Crested Guan31.wav,Crested Guan_sound,30,20.768,28,val,D:\other\Bird\Code\data\kaggle_training_wav_cache_sp\Crested Guan_sound\Crested Guan31.wav,20.768,True,D:\other\Bird\Dataset\CC0\Crested Guan_sound\Crested Guan31.mp3
Crested Guan_sound/Crested Guan4,D:\other\Bird\Code\data\kaggle_training_wav_cache_sp\Crested Guan_sound\Crested Guan4.wav,Crested Guan_sound,30,15.84,28,test,D:\other\Bird\Code\data\kaggle_training_wav_cache_sp\Crested Guan_sound\Crested Guan4.wav,15.84,True,D:\other\Bird\Dataset\CC0\Crested Guan_sound\Crested Guan4.mp3
Crested Guan_sound/Crested Guan5,D:\other\Bird\Code\data\kaggle_training_wav_cache_sp\Crested Guan_sound\Crested Guan5.wav,Crested Guan_sound,30,15.84,28,train,D:\other\Bird\Code\data\kaggle_training_wav_cache_sp\Crested Guan_sound\Crested Guan5.wav,15.84,True,D:\other\Bird\Dataset\CC0\Crested Guan_sound\Crested Guan5.mp3
Crested Guan_sound/Crested Guan6,D:\other\Bird\Code\data\kaggle_training_wav_cache_sp\Crested Guan_sound\Crested Guan6.wav,Crested Guan_sound,30,136.511,28,train,D:\other\Bird\Code\data\kaggle_training_wav_cache_sp\Crested Guan_sound\Crested Guan6.wav,136.511,True,D:\other\Bird\Dataset\CC0\Crested Guan_sound\Crested Guan6.mp3
Crested Guan_sound/Crested Guan7,D:\other\Bird\Code\data\kaggle_training_wav_cache_sp\Crested Guan_sound\Crested Guan7.wav,Crested Guan_sound,30,70.8573125,28,train,D:\other\Bird\Code\data\kaggle_training_wav_cache_sp\Crested Guan_sound\Crested Guan7.wav,70.8573125,True,D:\other\Bird\Dataset\CC0\Crested Guan_sound\Crested Guan7.mp3
Crested Guan_sound/Crested Guan8,D:\other\Bird\Code\data\kaggle_training_wav_cache_sp\Crested Guan_sound\Crested Guan8.wav,Crested Guan_sound,30,70.8573125,28,train,D:\other\Bird\Code\data\kaggle_training_wav_cache_sp\Crested Guan_sound\Crested Guan8.wav,70.8573125,True,D:\other\Bird\Dataset\CC0\Crested Guan_sound\Crested Guan8.mp3
Crested Guan_sound/Crested Guan9,D:\other\Bird\Code\data\kaggle_training_wav_cache_sp\Crested Guan_sound\Crested Guan9.wav,Crested Guan_sound,30,70.8573125,28,val,D:\other\Bird\Code\data\kaggle_training_wav_cache_sp\Crested Guan_sound\Crested Guan9.wav,70.8573125,True,D:\other\Bird\Dataset\CC0\Crested Guan_sound\Crested Guan9.mp3
Curve-billed Tinamou_sound/Curve-billed Tinamou2,D:\other\Bird\Code\data\kaggle_training_wav_cache_sp\Curve-billed Tinamou_sound\Curve-billed Tinamou2.wav,Curve-billed Tinamou_sound,31,8.40803125,29,train,D:\other\Bird\Code\data\kaggle_training_wav_cache_sp\Curve-billed Tinamou_sound\Curve-billed Tinamou2.wav,8.40803125,True,D:\other\Bird\Dataset\CC0\Curve-billed Tinamou_sound\Curve-billed Tinamou2.mp3
Curve-billed Tinamou_sound/Curve-billed Tinamou3,D:\other\Bird\Code\data\kaggle_training_wav_cache_sp\Curve-billed Tinamou_sound\Curve-billed Tinamou3.wav,Curve-billed Tinamou_sound,31,8.08,29,train,D:\other\Bird\Code\data\kaggle_training_wav_cache_sp\Curve-billed Tinamou_sound\Curve-billed Tinamou3.wav,8.08,True,D:\other\Bird\Dataset\CC0\Curve-billed Tinamou_sound\Curve-billed Tinamou3.mp3
Curve-billed Tinamou_sound/Curve-billed Tinamou4,D:\other\Bird\Code\data\kaggle_training_wav_cache_sp\Curve-billed Tinamou_sound\Curve-billed Tinamou4.wav,Curve-billed Tinamou_sound,31,7.248,29,test,D:\other\Bird\Code\data\kaggle_training_wav_cache_sp\Curve-billed Tinamou_sound\Curve-billed Tinamou4.wav,7.248,True,D:\other\Bird\Dataset\CC0\Curve-billed Tinamou_sound\Curve-billed Tinamou4.mp3
Curve-billed Tinamou_sound/Curve-billed Tinamou5,D:\other\Bird\Code\data\kaggle_training_wav_cache_sp\Curve-billed Tinamou_sound\Curve-billed Tinamou5.wav,Curve-billed Tinamou_sound,31,5.001,29,train,D:\other\Bird\Code\data\kaggle_training_wav_cache_sp\Curve-billed Tinamou_sound\Curve-billed Tinamou5.wav,5.001,True,D:\other\Bird\Dataset\CC0\Curve-billed Tinamou_sound\Curve-billed Tinamou5.mp3
Curve-billed Tinamou_sound/Curve-billed Tinamou9,D:\other\Bird\Code\data\kaggle_training_wav_cache_sp\Curve-billed Tinamou_sound\Curve-billed Tinamou9.wav,Curve-billed Tinamou_sound,31,8.528,29,val,D:\other\Bird\Code\data\kaggle_training_wav_cache_sp\Curve-billed Tinamou_sound\Curve-billed Tinamou9.wav,8.528,True,D:\other\Bird\Dataset\CC0\Curve-billed Tinamou_sound\Curve-billed Tinamou9.mp3
Darwins Nothura_sound/Darwins Nothura10,D:\other\Bird\Code\data\kaggle_training_wav_cache_sp\Darwins Nothura_sound\Darwins Nothura10.wav,Darwins Nothura_sound,32,23.007375,30,train,D:\other\Bird\Code\data\kaggle_training_wav_cache_sp\Darwins Nothura_sound\Darwins Nothura10.wav,23.007375,True,D:\other\Bird\Dataset\CC0\Darwins Nothura_sound\Darwins Nothura10.mp3
Darwins Nothura_sound/Darwins Nothura11,D:\other\Bird\Code\data\kaggle_training_wav_cache_sp\Darwins Nothura_sound\Darwins Nothura11.wav,Darwins Nothura_sound,32,9.2871875,30,test,D:\other\Bird\Code\data\kaggle_training_wav_cache_sp\Darwins Nothura_sound\Darwins Nothura11.wav,9.2871875,True,D:\other\Bird\Dataset\CC0\Darwins Nothura_sound\Darwins Nothura11.mp3
Darwins Nothura_sound/Darwins Nothura12,D:\other\Bird\Code\data\kaggle_training_wav_cache_sp\Darwins Nothura_sound\Darwins Nothura12.wav,Darwins Nothura_sound,32,23.170625,30,val,D:\other\Bird\Code\data\kaggle_training_wav_cache_sp\Darwins Nothura_sound\Darwins Nothura12.wav,23.170625,True,D:\other\Bird\Dataset\CC0\Darwins Nothura_sound\Darwins Nothura12.mp3
Darwins Nothura_sound/Darwins Nothura13,D:\other\Bird\Code\data\kaggle_training_wav_cache_sp\Darwins Nothura_sound\Darwins Nothura13.wav,Darwins Nothura_sound,32,23.170625,30,val,D:\other\Bird\Code\data\kaggle_training_wav_cache_sp\Darwins Nothura_sound\Darwins Nothura13.wav,23.170625,True,D:\other\Bird\Dataset\CC0\Darwins Nothura_sound\Darwins Nothura13.mp3
Darwins Nothura_sound/Darwins Nothura14,D:\other\Bird\Code\data\kaggle_training_wav_cache_sp\Darwins Nothura_sound\Darwins Nothura14.wav,Darwins Nothura_sound,32,102.96,30,val,D:\other\Bird\Code\data\kaggle_training_wav_cache_sp\Darwins Nothura_sound\Darwins Nothura14.wav,102.96,True,D:\other\Bird\Dataset\CC0\Darwins Nothura_sound\Darwins Nothura14.mp3
Darwins Nothura_sound/Darwins Nothura15,D:\other\Bird\Code\data\kaggle_training_wav_cache_sp\Darwins Nothura_sound\Darwins Nothura15.wav,Darwins Nothura_sound,32,50.448,30,train,D:\other\Bird\Code\data\kaggle_training_wav_cache_sp\Darwins Nothura_sound\Darwins Nothura15.wav,50.448,True,D:\other\Bird\Dataset\CC0\Darwins Nothura_sound\Darwins Nothura15.mp3
Darwins Nothura_sound/Darwins Nothura16,D:\other\Bird\Code\data\kaggle_training_wav_cache_sp\Darwins Nothura_sound\Darwins Nothura16.wav,Darwins Nothura_sound,32,49.3890625,30,train,D:\other\Bird\Code\data\kaggle_training_wav_cache_sp\Darwins Nothura_sound\Darwins Nothura16.wav,49.3890625,True,D:\other\Bird\Dataset\CC0\Darwins Nothura_sound\Darwins Nothura16.mp3
Darwins Nothura_sound/Darwins Nothura17,D:\other\Bird\Code\data\kaggle_training_wav_cache_sp\Darwins Nothura_sound\Darwins Nothura17.wav,Darwins Nothura_sound,32,17.184,30,test,D:\other\Bird\Code\data\kaggle_training_wav_cache_sp\Darwins Nothura_sound\Darwins Nothura17.wav,17.184,True,D:\other\Bird\Dataset\CC0\Darwins Nothura_sound\Darwins Nothura17.mp3
Darwins Nothura_sound/Darwins Nothura18,D:\other\Bird\Code\data\kaggle_training_wav_cache_sp\Darwins Nothura_sound\Darwins Nothura18.wav,Darwins Nothura_sound,32,20.7379375,30,train,D:\other\Bird\Code\data\kaggle_training_wav_cache_sp\Darwins Nothura_sound\Darwins Nothura18.wav,20.7379375,True,D:\other\Bird\Dataset\CC0\Darwins Nothura_sound\Darwins Nothura18.mp3
Darwins Nothura_sound/Darwins Nothura19,D:\other\Bird\Code\data\kaggle_training_wav_cache_sp\Darwins Nothura_sound\Darwins Nothura19.wav,Darwins Nothura_sound,32,10.93159375,30,train,D:\other\Bird\Code\data\kaggle_training_wav_cache_sp\Darwins Nothura_sound\Darwins Nothura19.wav,10.93159375,True,D:\other\Bird\Dataset\CC0\Darwins Nothura_sound\Darwins Nothura19.mp3
Darwins Nothura_sound/Darwins Nothura2,D:\other\Bird\Code\data\kaggle_training_wav_cache_sp\Darwins Nothura_sound\Darwins Nothura2.wav,Darwins Nothura_sound,32,34.832,30,train,D:\other\Bird\Code\data\kaggle_training_wav_cache_sp\Darwins Nothura_sound\Darwins Nothura2.wav,34.832,True,D:\other\Bird\Dataset\CC0\Darwins Nothura_sound\Darwins Nothura2.mp3
Darwins Nothura_sound/Darwins Nothura20,D:\other\Bird\Code\data\kaggle_training_wav_cache_sp\Darwins Nothura_sound\Darwins Nothura20.wav,Darwins Nothura_sound,32,8.336,30,train,D:\other\Bird\Code\data\kaggle_training_wav_cache_sp\Darwins Nothura_sound\Darwins Nothura20.wav,8.336,True,D:\other\Bird\Dataset\CC0\Darwins Nothura_sound\Darwins Nothura20.mp3
Darwins Nothura_sound/Darwins Nothura21,D:\other\Bird\Code\data\kaggle_training_wav_cache_sp\Darwins Nothura_sound\Darwins Nothura21.wav,Darwins Nothura_sound,32,37.312,30,train,D:\other\Bird\Code\data\kaggle_training_wav_cache_sp\Darwins Nothura_sound\Darwins Nothura21.wav,37.312,True,D:\other\Bird\Dataset\CC0\Darwins Nothura_sound\Darwins Nothura21.mp3
Darwins Nothura_sound/Darwins Nothura4,D:\other\Bird\Code\data\kaggle_training_wav_cache_sp\Darwins Nothura_sound\Darwins Nothura4.wav,Darwins Nothura_sound,32,34.032,30,test,D:\other\Bird\Code\data\kaggle_training_wav_cache_sp\Darwins Nothura_sound\Darwins Nothura4.wav,34.032,True,D:\other\Bird\Dataset\CC0\Darwins Nothura_sound\Darwins Nothura4.mp3
Darwins Nothura_sound/Darwins Nothura5,D:\other\Bird\Code\data\kaggle_training_wav_cache_sp\Darwins Nothura_sound\Darwins Nothura5.wav,Darwins Nothura_sound,32,34.032,30,train,D:\other\Bird\Code\data\kaggle_training_wav_cache_sp\Darwins Nothura_sound\Darwins Nothura5.wav,34.032,True,D:\other\Bird\Dataset\CC0\Darwins Nothura_sound\Darwins Nothura5.mp3
Darwins Nothura_sound/Darwins Nothura6,D:\other\Bird\Code\data\kaggle_training_wav_cache_sp\Darwins Nothura_sound\Darwins Nothura6.wav,Darwins Nothura_sound,32,27.696,30,train,D:\other\Bird\Code\data\kaggle_training_wav_cache_sp\Darwins Nothura_sound\Darwins Nothura6.wav,27.696,True,D:\other\Bird\Dataset\CC0\Darwins Nothura_sound\Darwins Nothura6.mp3
Darwins Nothura_sound/Darwins Nothura7,D:\other\Bird\Code\data\kaggle_training_wav_cache_sp\Darwins Nothura_sound\Darwins Nothura7.wav,Darwins Nothura_sound,32,109.664,30,train,D:\other\Bird\Code\data\kaggle_training_wav_cache_sp\Darwins Nothura_sound\Darwins Nothura7.wav,109.664,True,D:\other\Bird\Dataset\CC0\Darwins Nothura_sound\Darwins Nothura7.mp3
Darwins Nothura_sound/Darwins Nothura8,D:\other\Bird\Code\data\kaggle_training_wav_cache_sp\Darwins Nothura_sound\Darwins Nothura8.wav,Darwins Nothura_sound,32,11.650625,30,train,D:\other\Bird\Code\data\kaggle_training_wav_cache_sp\Darwins Nothura_sound\Darwins Nothura8.wav,11.650625,True,D:\other\Bird\Dataset\CC0\Darwins Nothura_sound\Darwins Nothura8.mp3
Darwins Nothura_sound/Darwins Nothura9,D:\other\Bird\Code\data\kaggle_training_wav_cache_sp\Darwins Nothura_sound\Darwins Nothura9.wav,Darwins Nothura_sound,32,11.650625,30,train,D:\other\Bird\Code\data\kaggle_training_wav_cache_sp\Darwins Nothura_sound\Darwins Nothura9.wav,11.650625,True,D:\other\Bird\Dataset\CC0\Darwins Nothura_sound\Darwins Nothura9.mp3
Dusky Megapode_sound/Dusky Megapode10,D:\other\Bird\Code\data\kaggle_training_wav_cache_sp\Dusky Megapode_sound\Dusky Megapode10.wav,Dusky Megapode_sound,33,26.784,31,train,D:\other\Bird\Code\data\kaggle_training_wav_cache_sp\Dusky Megapode_sound\Dusky Megapode10.wav,26.784,True,D:\other\Bird\Dataset\CC0\Dusky Megapode_sound\Dusky Megapode10.mp3
Dusky Megapode_sound/Dusky Megapode11,D:\other\Bird\Code\data\kaggle_training_wav_cache_sp\Dusky Megapode_sound\Dusky Megapode11.wav,Dusky Megapode_sound,33,26.784,31,train,D:\other\Bird\Code\data\kaggle_training_wav_cache_sp\Dusky Megapode_sound\Dusky Megapode11.wav,26.784,True,D:\other\Bird\Dataset\CC0\Dusky Megapode_sound\Dusky Megapode11.mp3
Dusky Megapode_sound/Dusky Megapode12,D:\other\Bird\Code\data\kaggle_training_wav_cache_sp\Dusky Megapode_sound\Dusky Megapode12.wav,Dusky Megapode_sound,33,26.784,31,train,D:\other\Bird\Code\data\kaggle_training_wav_cache_sp\Dusky Megapode_sound\Dusky Megapode12.wav,26.784,True,D:\other\Bird\Dataset\CC0\Dusky Megapode_sound\Dusky Megapode12.mp3
Dusky Megapode_sound/Dusky Megapode13,D:\other\Bird\Code\data\kaggle_training_wav_cache_sp\Dusky Megapode_sound\Dusky Megapode13.wav,Dusky Megapode_sound,33,26.784,31,train,D:\other\Bird\Code\data\kaggle_training_wav_cache_sp\Dusky Megapode_sound\Dusky Megapode13.wav,26.784,True,D:\other\Bird\Dataset\CC0\Dusky Megapode_sound\Dusky Megapode13.mp3
Dusky Megapode_sound/Dusky Megapode14,D:\other\Bird\Code\data\kaggle_training_wav_cache_sp\Dusky Megapode_sound\Dusky Megapode14.wav,Dusky Megapode_sound,33,156.464,31,val,D:\other\Bird\Code\data\kaggle_training_wav_cache_sp\Dusky Megapode_sound\Dusky Megapode14.wav,156.464,True,D:\other\Bird\Dataset\CC0\Dusky Megapode_sound\Dusky Megapode14.mp3
Dusky Megapode_sound/Dusky Megapode15,D:\other\Bird\Code\data\kaggle_training_wav_cache_sp\Dusky Megapode_sound\Dusky Megapode15.wav,Dusky Megapode_sound,33,37.648,31,train,D:\other\Bird\Code\data\kaggle_training_wav_cache_sp\Dusky Megapode_sound\Dusky Megapode15.wav,37.648,True,D:\other\Bird\Dataset\CC0\Dusky Megapode_sound\Dusky Megapode15.mp3
Dusky Megapode_sound/Dusky Megapode16,D:\other\Bird\Code\data\kaggle_training_wav_cache_sp\Dusky Megapode_sound\Dusky Megapode16.wav,Dusky Megapode_sound,33,171.792,31,train,D:\other\Bird\Code\data\kaggle_training_wav_cache_sp\Dusky Megapode_sound\Dusky Megapode16.wav,171.792,True,D:\other\Bird\Dataset\CC0\Dusky Megapode_sound\Dusky Megapode16.mp3
Dusky Megapode_sound/Dusky Megapode17,D:\other\Bird\Code\data\kaggle_training_wav_cache_sp\Dusky Megapode_sound\Dusky Megapode17.wav,Dusky Megapode_sound,33,124.5779375,31,train,D:\other\Bird\Code\data\kaggle_training_wav_cache_sp\Dusky Megapode_sound\Dusky Megapode17.wav,124.5779375,True,D:\other\Bird\Dataset\CC0\Dusky Megapode_sound\Dusky Megapode17.mp3
Dusky Megapode_sound/Dusky Megapode18,D:\other\Bird\Code\data\kaggle_training_wav_cache_sp\Dusky Megapode_sound\Dusky Megapode18.wav,Dusky Megapode_sound,33,124.5779375,31,train,D:\other\Bird\Code\data\kaggle_training_wav_cache_sp\Dusky Megapode_sound\Dusky Megapode18.wav,124.5779375,True,D:\other\Bird\Dataset\CC0\Dusky Megapode_sound\Dusky Megapode18.mp3
Dusky Megapode_sound/Dusky Megapode2,D:\other\Bird\Code\data\kaggle_training_wav_cache_sp\Dusky Megapode_sound\Dusky Megapode2.wav,Dusky Megapode_sound,33,26.784,31,train,D:\other\Bird\Code\data\kaggle_training_wav_cache_sp\Dusky Megapode_sound\Dusky Megapode2.wav,26.784,True,D:\other\Bird\Dataset\CC0\Dusky Megapode_sound\Dusky Megapode2.mp3
Dusky Megapode_sound/Dusky Megapode20,D:\other\Bird\Code\data\kaggle_training_wav_cache_sp\Dusky Megapode_sound\Dusky Megapode20.wav,Dusky Megapode_sound,33,50.704,31,train,D:\other\Bird\Code\data\kaggle_training_wav_cache_sp\Dusky Megapode_sound\Dusky Megapode20.wav,50.704,True,D:\other\Bird\Dataset\CC0\Dusky Megapode_sound\Dusky Megapode20.mp3
Dusky Megapode_sound/Dusky Megapode21,D:\other\Bird\Code\data\kaggle_training_wav_cache_sp\Dusky Megapode_sound\Dusky Megapode21.wav,Dusky Megapode_sound,33,50.704,31,train,D:\other\Bird\Code\data\kaggle_training_wav_cache_sp\Dusky Megapode_sound\Dusky Megapode21.wav,50.704,True,D:\other\Bird\Dataset\CC0\Dusky Megapode_sound\Dusky Megapode21.mp3
Dusky Megapode_sound/Dusky Megapode22,D:\other\Bird\Code\data\kaggle_training_wav_cache_sp\Dusky Megapode_sound\Dusky Megapode22.wav,Dusky Megapode_sound,33,19.136,31,train,D:\other\Bird\Code\data\kaggle_training_wav_cache_sp\Dusky Megapode_sound\Dusky Megapode22.wav,19.136,True,D:\other\Bird\Dataset\CC0\Dusky Megapode_sound\Dusky Megapode22.mp3
Dusky Megapode_sound/Dusky Megapode23,D:\other\Bird\Code\data\kaggle_training_wav_cache_sp\Dusky Megapode_sound\Dusky Megapode23.wav,Dusky Megapode_sound,33,19.136,31,train,D:\other\Bird\Code\data\kaggle_training_wav_cache_sp\Dusky Megapode_sound\Dusky Megapode23.wav,19.136,True,D:\other\Bird\Dataset\CC0\Dusky Megapode_sound\Dusky Megapode23.mp3
Dusky Megapode_sound/Dusky Megapode24,D:\other\Bird\Code\data\kaggle_training_wav_cache_sp\Dusky Megapode_sound\Dusky Megapode24.wav,Dusky Megapode_sound,33,19.136,31,train,D:\other\Bird\Code\data\kaggle_training_wav_cache_sp\Dusky Megapode_sound\Dusky Megapode24.wav,19.136,True,D:\other\Bird\Dataset\CC0\Dusky Megapode_sound\Dusky Megapode24.mp3
Dusky Megapode_sound/Dusky Megapode25,D:\other\Bird\Code\data\kaggle_training_wav_cache_sp\Dusky Megapode_sound\Dusky Megapode25.wav,Dusky Megapode_sound,33,19.136,31,test,D:\other\Bird\Code\data\kaggle_training_wav_cache_sp\Dusky Megapode_sound\Dusky Megapode25.wav,19.136,True,D:\other\Bird\Dataset\CC0\Dusky Megapode_sound\Dusky Megapode25.mp3
Dusky Megapode_sound/Dusky Megapode3,D:\other\Bird\Code\data\kaggle_training_wav_cache_sp\Dusky Megapode_sound\Dusky Megapode3.wav,Dusky Megapode_sound,33,26.784,31,train,D:\other\Bird\Code\data\kaggle_training_wav_cache_sp\Dusky Megapode_sound\Dusky Megapode3.wav,26.784,True,D:\other\Bird\Dataset\CC0\Dusky Megapode_sound\Dusky Megapode3.mp3
Dusky Megapode_sound/Dusky Megapode4,D:\other\Bird\Code\data\kaggle_training_wav_cache_sp\Dusky Megapode_sound\Dusky Megapode4.wav,Dusky Megapode_sound,33,26.784,31,val,D:\other\Bird\Code\data\kaggle_training_wav_cache_sp\Dusky Megapode_sound\Dusky Megapode4.wav,26.784,True,D:\other\Bird\Dataset\CC0\Dusky Megapode_sound\Dusky Megapode4.mp3
Dusky Megapode_sound/Dusky Megapode5,D:\other\Bird\Code\data\kaggle_training_wav_cache_sp\Dusky Megapode_sound\Dusky Megapode5.wav,Dusky Megapode_sound,33,26.784,31,train,D:\other\Bird\Code\data\kaggle_training_wav_cache_sp\Dusky Megapode_sound\Dusky Megapode5.wav,26.784,True,D:\other\Bird\Dataset\CC0\Dusky Megapode_sound\Dusky Megapode5.mp3
Dusky Megapode_sound/Dusky Megapode6,D:\other\Bird\Code\data\kaggle_training_wav_cache_sp\Dusky Megapode_sound\Dusky Megapode6.wav,Dusky Megapode_sound,33,26.784,31,test,D:\other\Bird\Code\data\kaggle_training_wav_cache_sp\Dusky Megapode_sound\Dusky Megapode6.wav,26.784,True,D:\other\Bird\Dataset\CC0\Dusky Megapode_sound\Dusky Megapode6.mp3
Dusky Megapode_sound/Dusky Megapode7,D:\other\Bird\Code\data\kaggle_training_wav_cache_sp\Dusky Megapode_sound\Dusky Megapode7.wav,Dusky Megapode_sound,33,26.784,31,test,D:\other\Bird\Code\data\kaggle_training_wav_cache_sp\Dusky Megapode_sound\Dusky Megapode7.wav,26.784,True,D:\other\Bird\Dataset\CC0\Dusky Megapode_sound\Dusky Megapode7.mp3
Dusky Megapode_sound/Dusky Megapode8,D:\other\Bird\Code\data\kaggle_training_wav_cache_sp\Dusky Megapode_sound\Dusky Megapode8.wav,Dusky Megapode_sound,33,26.784,31,val,D:\other\Bird\Code\data\kaggle_training_wav_cache_sp\Dusky Megapode_sound\Dusky Megapode8.wav,26.784,True,D:\other\Bird\Dataset\CC0\Dusky Megapode_sound\Dusky Megapode8.mp3
Dusky Megapode_sound/Dusky Megapode9,D:\other\Bird\Code\data\kaggle_training_wav_cache_sp\Dusky Megapode_sound\Dusky Megapode9.wav,Dusky Megapode_sound,33,26.784,31,train,D:\other\Bird\Code\data\kaggle_training_wav_cache_sp\Dusky Megapode_sound\Dusky Megapode9.wav,26.784,True,D:\other\Bird\Dataset\CC0\Dusky Megapode_sound\Dusky Megapode9.mp3
Dusky-legged Guan_sound/Dusky-legged Guan10,D:\other\Bird\Code\data\kaggle_training_wav_cache_sp\Dusky-legged Guan_sound\Dusky-legged Guan10.wav,Dusky-legged Guan_sound,34,51.84,32,val,D:\other\Bird\Code\data\kaggle_training_wav_cache_sp\Dusky-legged Guan_sound\Dusky-legged Guan10.wav,51.84,True,D:\other\Bird\Dataset\CC0\Dusky-legged Guan_sound\Dusky-legged Guan10.mp3
Dusky-legged Guan_sound/Dusky-legged Guan11,D:\other\Bird\Code\data\kaggle_training_wav_cache_sp\Dusky-legged Guan_sound\Dusky-legged Guan11.wav,Dusky-legged Guan_sound,34,58.592,32,train,D:\other\Bird\Code\data\kaggle_training_wav_cache_sp\Dusky-legged Guan_sound\Dusky-legged Guan11.wav,58.592,True,D:\other\Bird\Dataset\CC0\Dusky-legged Guan_sound\Dusky-legged Guan11.mp3
Dusky-legged Guan_sound/Dusky-legged Guan12,D:\other\Bird\Code\data\kaggle_training_wav_cache_sp\Dusky-legged Guan_sound\Dusky-legged Guan12.wav,Dusky-legged Guan_sound,34,58.592,32,train,D:\other\Bird\Code\data\kaggle_training_wav_cache_sp\Dusky-legged Guan_sound\Dusky-legged Guan12.wav,58.592,True,D:\other\Bird\Dataset\CC0\Dusky-legged Guan_sound\Dusky-legged Guan12.mp3
Dusky-legged Guan_sound/Dusky-legged Guan13,D:\other\Bird\Code\data\kaggle_training_wav_cache_sp\Dusky-legged Guan_sound\Dusky-legged Guan13.wav,Dusky-legged Guan_sound,34,69.008,32,train,D:\other\Bird\Code\data\kaggle_training_wav_cache_sp\Dusky-legged Guan_sound\Dusky-legged Guan13.wav,69.008,True,D:\other\Bird\Dataset\CC0\Dusky-legged Guan_sound\Dusky-legged Guan13.mp3
Dusky-legged Guan_sound/Dusky-legged Guan14,D:\other\Bird\Code\data\kaggle_training_wav_cache_sp\Dusky-legged Guan_sound\Dusky-legged Guan14.wav,Dusky-legged Guan_sound,34,69.008,32,train,D:\other\Bird\Code\data\kaggle_training_wav_cache_sp\Dusky-legged Guan_sound\Dusky-legged Guan14.wav,69.008,True,D:\other\Bird\Dataset\CC0\Dusky-legged Guan_sound\Dusky-legged Guan14.mp3
Dusky-legged Guan_sound/Dusky-legged Guan15,D:\other\Bird\Code\data\kaggle_training_wav_cache_sp\Dusky-legged Guan_sound\Dusky-legged Guan15.wav,Dusky-legged Guan_sound,34,6.24,32,train,D:\other\Bird\Code\data\kaggle_training_wav_cache_sp\Dusky-legged Guan_sound\Dusky-legged Guan15.wav,6.24,True,D:\other\Bird\Dataset\CC0\Dusky-legged Guan_sound\Dusky-legged Guan15.mp3
Dusky-legged Guan_sound/Dusky-legged Guan16,D:\other\Bird\Code\data\kaggle_training_wav_cache_sp\Dusky-legged Guan_sound\Dusky-legged Guan16.wav,Dusky-legged Guan_sound,34,9.32571875,32,train,D:\other\Bird\Code\data\kaggle_training_wav_cache_sp\Dusky-legged Guan_sound\Dusky-legged Guan16.wav,9.32571875,True,D:\other\Bird\Dataset\CC0\Dusky-legged Guan_sound\Dusky-legged Guan16.mp3
Dusky-legged Guan_sound/Dusky-legged Guan17,D:\other\Bird\Code\data\kaggle_training_wav_cache_sp\Dusky-legged Guan_sound\Dusky-legged Guan17.wav,Dusky-legged Guan_sound,34,38.784,32,val,D:\other\Bird\Code\data\kaggle_training_wav_cache_sp\Dusky-legged Guan_sound\Dusky-legged Guan17.wav,38.784,True,D:\other\Bird\Dataset\CC0\Dusky-legged Guan_sound\Dusky-legged Guan17.mp3
Dusky-legged Guan_sound/Dusky-legged Guan18,D:\other\Bird\Code\data\kaggle_training_wav_cache_sp\Dusky-legged Guan_sound\Dusky-legged Guan18.wav,Dusky-legged Guan_sound,34,17.3375625,32,train,D:\other\Bird\Code\data\kaggle_training_wav_cache_sp\Dusky-legged Guan_sound\Dusky-legged Guan18.wav,17.3375625,True,D:\other\Bird\Dataset\CC0\Dusky-legged Guan_sound\Dusky-legged Guan18.mp3
Dusky-legged Guan_sound/Dusky-legged Guan19,D:\other\Bird\Code\data\kaggle_training_wav_cache_sp\Dusky-legged Guan_sound\Dusky-legged Guan19.wav,Dusky-legged Guan_sound,34,17.3375625,32,test,D:\other\Bird\Code\data\kaggle_training_wav_cache_sp\Dusky-legged Guan_sound\Dusky-legged Guan19.wav,17.3375625,True,D:\other\Bird\Dataset\CC0\Dusky-legged Guan_sound\Dusky-legged Guan19.mp3
Dusky-legged Guan_sound/Dusky-legged Guan2,D:\other\Bird\Code\data\kaggle_training_wav_cache_sp\Dusky-legged Guan_sound\Dusky-legged Guan2.wav,Dusky-legged Guan_sound,34,43.52,32,train,D:\other\Bird\Code\data\kaggle_training_wav_cache_sp\Dusky-legged Guan_sound\Dusky-legged Guan2.wav,43.52,True,D:\other\Bird\Dataset\CC0\Dusky-legged Guan_sound\Dusky-legged Guan2.mp3
Dusky-legged Guan_sound/Dusky-legged Guan20,D:\other\Bird\Code\data\kaggle_training_wav_cache_sp\Dusky-legged Guan_sound\Dusky-legged Guan20.wav,Dusky-legged Guan_sound,34,17.3375625,32,train,D:\other\Bird\Code\data\kaggle_training_wav_cache_sp\Dusky-legged Guan_sound\Dusky-legged Guan20.wav,17.3375625,True,D:\other\Bird\Dataset\CC0\Dusky-legged Guan_sound\Dusky-legged Guan20.mp3
Dusky-legged Guan_sound/Dusky-legged Guan21,D:\other\Bird\Code\data\kaggle_training_wav_cache_sp\Dusky-legged Guan_sound\Dusky-legged Guan21.wav,Dusky-legged Guan_sound,34,72.632,32,train,D:\other\Bird\Code\data\kaggle_training_wav_cache_sp\Dusky-legged Guan_sound\Dusky-legged Guan21.wav,72.632,True,D:\other\Bird\Dataset\CC0\Dusky-legged Guan_sound\Dusky-legged Guan21.mp3
Dusky-legged Guan_sound/Dusky-legged Guan22,D:\other\Bird\Code\data\kaggle_training_wav_cache_sp\Dusky-legged Guan_sound\Dusky-legged Guan22.wav,Dusky-legged Guan_sound,34,72.632,32,test,D:\other\Bird\Code\data\kaggle_training_wav_cache_sp\Dusky-legged Guan_sound\Dusky-legged Guan22.wav,72.632,True,D:\other\Bird\Dataset\CC0\Dusky-legged Guan_sound\Dusky-legged Guan22.mp3
Dusky-legged Guan_sound/Dusky-legged Guan23,D:\other\Bird\Code\data\kaggle_training_wav_cache_sp\Dusky-legged Guan_sound\Dusky-legged Guan23.wav,Dusky-legged Guan_sound,34,15.808,32,train,D:\other\Bird\Code\data\kaggle_training_wav_cache_sp\Dusky-legged Guan_sound\Dusky-legged Guan23.wav,15.808,True,D:\other\Bird\Dataset\CC0\Dusky-legged Guan_sound\Dusky-legged Guan23.mp3
Dusky-legged Guan_sound/Dusky-legged Guan24,D:\other\Bird\Code\data\kaggle_training_wav_cache_sp\Dusky-legged Guan_sound\Dusky-legged Guan24.wav,Dusky-legged Guan_sound,34,20.352,32,train,D:\other\Bird\Code\data\kaggle_training_wav_cache_sp\Dusky-legged Guan_sound\Dusky-legged Guan24.wav,20.352,True,D:\other\Bird\Dataset\CC0\Dusky-legged Guan_sound\Dusky-legged Guan24.mp3
Dusky-legged Guan_sound/Dusky-legged Guan25,D:\other\Bird\Code\data\kaggle_training_wav_cache_sp\Dusky-legged Guan_sound\Dusky-legged Guan25.wav,Dusky-legged Guan_sound,34,20.352,32,train,D:\other\Bird\Code\data\kaggle_training_wav_cache_sp\Dusky-legged Guan_sound\Dusky-legged Guan25.wav,20.352,True,D:\other\Bird\Dataset\CC0\Dusky-legged Guan_sound\Dusky-legged Guan25.mp3
Dusky-legged Guan_sound/Dusky-legged Guan26,D:\other\Bird\Code\data\kaggle_training_wav_cache_sp\Dusky-legged Guan_sound\Dusky-legged Guan26.wav,Dusky-legged Guan_sound,34,20.352,32,train,D:\other\Bird\Code\data\kaggle_training_wav_cache_sp\Dusky-legged Guan_sound\Dusky-legged Guan26.wav,20.352,True,D:\other\Bird\Dataset\CC0\Dusky-legged Guan_sound\Dusky-legged Guan26.mp3
Dusky-legged Guan_sound/Dusky-legged Guan27,D:\other\Bird\Code\data\kaggle_training_wav_cache_sp\Dusky-legged Guan_sound\Dusky-legged Guan27.wav,Dusky-legged Guan_sound,34,20.352,32,train,D:\other\Bird\Code\data\kaggle_training_wav_cache_sp\Dusky-legged Guan_sound\Dusky-legged Guan27.wav,20.352,True,D:\other\Bird\Dataset\CC0\Dusky-legged Guan_sound\Dusky-legged Guan27.mp3
Dusky-legged Guan_sound/Dusky-legged Guan28,D:\other\Bird\Code\data\kaggle_training_wav_cache_sp\Dusky-legged Guan_sound\Dusky-legged Guan28.wav,Dusky-legged Guan_sound,34,20.352,32,train,D:\other\Bird\Code\data\kaggle_training_wav_cache_sp\Dusky-legged Guan_sound\Dusky-legged Guan28.wav,20.352,True,D:\other\Bird\Dataset\CC0\Dusky-legged Guan_sound\Dusky-legged Guan28.mp3
Dusky-legged Guan_sound/Dusky-legged Guan29,D:\other\Bird\Code\data\kaggle_training_wav_cache_sp\Dusky-legged Guan_sound\Dusky-legged Guan29.wav,Dusky-legged Guan_sound,34,20.352,32,train,D:\other\Bird\Code\data\kaggle_training_wav_cache_sp\Dusky-legged Guan_sound\Dusky-legged Guan29.wav,20.352,True,D:\other\Bird\Dataset\CC0\Dusky-legged Guan_sound\Dusky-legged Guan29.mp3
Dusky-legged Guan_sound/Dusky-legged Guan3,D:\other\Bird\Code\data\kaggle_training_wav_cache_sp\Dusky-legged Guan_sound\Dusky-legged Guan3.wav,Dusky-legged Guan_sound,34,17.344,32,train,D:\other\Bird\Code\data\kaggle_training_wav_cache_sp\Dusky-legged Guan_sound\Dusky-legged Guan3.wav,17.344,True,D:\other\Bird\Dataset\CC0\Dusky-legged Guan_sound\Dusky-legged Guan3.mp3
Dusky-legged Guan_sound/Dusky-legged Guan30,D:\other\Bird\Code\data\kaggle_training_wav_cache_sp\Dusky-legged Guan_sound\Dusky-legged Guan30.wav,Dusky-legged Guan_sound,34,37.808,32,train,D:\other\Bird\Code\data\kaggle_training_wav_cache_sp\Dusky-legged Guan_sound\Dusky-legged Guan30.wav,37.808,True,D:\other\Bird\Dataset\CC0\Dusky-legged Guan_sound\Dusky-legged Guan30.mp3
Dusky-legged Guan_sound/Dusky-legged Guan31,D:\other\Bird\Code\data\kaggle_training_wav_cache_sp\Dusky-legged Guan_sound\Dusky-legged Guan31.wav,Dusky-legged Guan_sound,34,138.912,32,train,D:\other\Bird\Code\data\kaggle_training_wav_cache_sp\Dusky-legged Guan_sound\Dusky-legged Guan31.wav,138.912,True,D:\other\Bird\Dataset\CC0\Dusky-legged Guan_sound\Dusky-legged Guan31.mp3
Dusky-legged Guan_sound/Dusky-legged Guan4,D:\other\Bird\Code\data\kaggle_training_wav_cache_sp\Dusky-legged Guan_sound\Dusky-legged Guan4.wav,Dusky-legged Guan_sound,34,14.224,32,val,D:\other\Bird\Code\data\kaggle_training_wav_cache_sp\Dusky-legged Guan_sound\Dusky-legged Guan4.wav,14.224,True,D:\other\Bird\Dataset\CC0\Dusky-legged Guan_sound\Dusky-legged Guan4.mp3
Dusky-legged Guan_sound/Dusky-legged Guan5,D:\other\Bird\Code\data\kaggle_training_wav_cache_sp\Dusky-legged Guan_sound\Dusky-legged Guan5.wav,Dusky-legged Guan_sound,34,36.304,32,train,D:\other\Bird\Code\data\kaggle_training_wav_cache_sp\Dusky-legged Guan_sound\Dusky-legged Guan5.wav,36.304,True,D:\other\Bird\Dataset\CC0\Dusky-legged Guan_sound\Dusky-legged Guan5.mp3
Dusky-legged Guan_sound/Dusky-legged Guan6,D:\other\Bird\Code\data\kaggle_training_wav_cache_sp\Dusky-legged Guan_sound\Dusky-legged Guan6.wav,Dusky-legged Guan_sound,34,36.304,32,val,D:\other\Bird\Code\data\kaggle_training_wav_cache_sp\Dusky-legged Guan_sound\Dusky-legged Guan6.wav,36.304,True,D:\other\Bird\Dataset\CC0\Dusky-legged Guan_sound\Dusky-legged Guan6.mp3
Dusky-legged Guan_sound/Dusky-legged Guan7,D:\other\Bird\Code\data\kaggle_training_wav_cache_sp\Dusky-legged Guan_sound\Dusky-legged Guan7.wav,Dusky-legged Guan_sound,34,36.304,32,train,D:\other\Bird\Code\data\kaggle_training_wav_cache_sp\Dusky-legged Guan_sound\Dusky-legged Guan7.wav,36.304,True,D:\other\Bird\Dataset\CC0\Dusky-legged Guan_sound\Dusky-legged Guan7.mp3
Dusky-legged Guan_sound/Dusky-legged Guan8,D:\other\Bird\Code\data\kaggle_training_wav_cache_sp\Dusky-legged Guan_sound\Dusky-legged Guan8.wav,Dusky-legged Guan_sound,34,36.304,32,test,D:\other\Bird\Code\data\kaggle_training_wav_cache_sp\Dusky-legged Guan_sound\Dusky-legged Guan8.wav,36.304,True,D:\other\Bird\Dataset\CC0\Dusky-legged Guan_sound\Dusky-legged Guan8.mp3
Dusky-legged Guan_sound/Dusky-legged Guan9,D:\other\Bird\Code\data\kaggle_training_wav_cache_sp\Dusky-legged Guan_sound\Dusky-legged Guan9.wav,Dusky-legged Guan_sound,34,36.304,32,test,D:\other\Bird\Code\data\kaggle_training_wav_cache_sp\Dusky-legged Guan_sound\Dusky-legged Guan9.wav,36.304,True,D:\other\Bird\Dataset\CC0\Dusky-legged Guan_sound\Dusky-legged Guan9.mp3
Dwarf Tinamou_sound/Dwarf Tinamou10,D:\other\Bird\Code\data\kaggle_training_wav_cache_sp\Dwarf Tinamou_sound\Dwarf Tinamou10.wav,Dwarf Tinamou_sound,36,13.76,33,train,D:\other\Bird\Code\data\kaggle_training_wav_cache_sp\Dwarf Tinamou_sound\Dwarf Tinamou10.wav,13.76,True,D:\other\Bird\Dataset\CC0\Dwarf Tinamou_sound\Dwarf Tinamou10.mp3
Dwarf Tinamou_sound/Dwarf Tinamou11,D:\other\Bird\Code\data\kaggle_training_wav_cache_sp\Dwarf Tinamou_sound\Dwarf Tinamou11.wav,Dwarf Tinamou_sound,36,13.76,33,train,D:\other\Bird\Code\data\kaggle_training_wav_cache_sp\Dwarf Tinamou_sound\Dwarf Tinamou11.wav,13.76,True,D:\other\Bird\Dataset\CC0\Dwarf Tinamou_sound\Dwarf Tinamou11.mp3
Dwarf Tinamou_sound/Dwarf Tinamou12,D:\other\Bird\Code\data\kaggle_training_wav_cache_sp\Dwarf Tinamou_sound\Dwarf Tinamou12.wav,Dwarf Tinamou_sound,36,31.62159375,33,test,D:\other\Bird\Code\data\kaggle_training_wav_cache_sp\Dwarf Tinamou_sound\Dwarf Tinamou12.wav,31.62159375,True,D:\other\Bird\Dataset\CC0\Dwarf Tinamou_sound\Dwarf Tinamou12.mp3
Dwarf Tinamou_sound/Dwarf Tinamou13,D:\other\Bird\Code\data\kaggle_training_wav_cache_sp\Dwarf Tinamou_sound\Dwarf Tinamou13.wav,Dwarf Tinamou_sound,36,31.62159375,33,val,D:\other\Bird\Code\data\kaggle_training_wav_cache_sp\Dwarf Tinamou_sound\Dwarf Tinamou13.wav,31.62159375,True,D:\other\Bird\Dataset\CC0\Dwarf Tinamou_sound\Dwarf Tinamou13.mp3
Dwarf Tinamou_sound/Dwarf Tinamou14,D:\other\Bird\Code\data\kaggle_training_wav_cache_sp\Dwarf Tinamou_sound\Dwarf Tinamou14.wav,Dwarf Tinamou_sound,36,46.8940625,33,train,D:\other\Bird\Code\data\kaggle_training_wav_cache_sp\Dwarf Tinamou_sound\Dwarf Tinamou14.wav,46.8940625,True,D:\other\Bird\Dataset\CC0\Dwarf Tinamou_sound\Dwarf Tinamou14.mp3
Dwarf Tinamou_sound/Dwarf Tinamou16,D:\other\Bird\Code\data\kaggle_training_wav_cache_sp\Dwarf Tinamou_sound\Dwarf Tinamou16.wav,Dwarf Tinamou_sound,36,14.52409375,33,train,D:\other\Bird\Code\data\kaggle_training_wav_cache_sp\Dwarf Tinamou_sound\Dwarf Tinamou16.wav,14.52409375,True,D:\other\Bird\Dataset\CC0\Dwarf Tinamou_sound\Dwarf Tinamou16.mp3
Dwarf Tinamou_sound/Dwarf Tinamou17,D:\other\Bird\Code\data\kaggle_training_wav_cache_sp\Dwarf Tinamou_sound\Dwarf Tinamou17.wav,Dwarf Tinamou_sound,36,21.552,33,test,D:\other\Bird\Code\data\kaggle_training_wav_cache_sp\Dwarf Tinamou_sound\Dwarf Tinamou17.wav,21.552,True,D:\other\Bird\Dataset\CC0\Dwarf Tinamou_sound\Dwarf Tinamou17.mp3
Dwarf Tinamou_sound/Dwarf Tinamou18,D:\other\Bird\Code\data\kaggle_training_wav_cache_sp\Dwarf Tinamou_sound\Dwarf Tinamou18.wav,Dwarf Tinamou_sound,36,40.15284375,33,train,D:\other\Bird\Code\data\kaggle_training_wav_cache_sp\Dwarf Tinamou_sound\Dwarf Tinamou18.wav,40.15284375,True,D:\other\Bird\Dataset\CC0\Dwarf Tinamou_sound\Dwarf Tinamou18.mp3
Dwarf Tinamou_sound/Dwarf Tinamou19,D:\other\Bird\Code\data\kaggle_training_wav_cache_sp\Dwarf Tinamou_sound\Dwarf Tinamou19.wav,Dwarf Tinamou_sound,36,35.648,33,train,D:\other\Bird\Code\data\kaggle_training_wav_cache_sp\Dwarf Tinamou_sound\Dwarf Tinamou19.wav,35.648,True,D:\other\Bird\Dataset\CC0\Dwarf Tinamou_sound\Dwarf Tinamou19.mp3
Dwarf Tinamou_sound/Dwarf Tinamou2,D:\other\Bird\Code\data\kaggle_training_wav_cache_sp\Dwarf Tinamou_sound\Dwarf Tinamou2.wav,Dwarf Tinamou_sound,36,184.752,33,val,D:\other\Bird\Code\data\kaggle_training_wav_cache_sp\Dwarf Tinamou_sound\Dwarf Tinamou2.wav,184.752,True,D:\other\Bird\Dataset\CC0\Dwarf Tinamou_sound\Dwarf Tinamou2.mp3
Dwarf Tinamou_sound/Dwarf Tinamou20,D:\other\Bird\Code\data\kaggle_training_wav_cache_sp\Dwarf Tinamou_sound\Dwarf Tinamou20.wav,Dwarf Tinamou_sound,36,14.032,33,train,D:\other\Bird\Code\data\kaggle_training_wav_cache_sp\Dwarf Tinamou_sound\Dwarf Tinamou20.wav,14.032,True,D:\other\Bird\Dataset\CC0\Dwarf Tinamou_sound\Dwarf Tinamou20.mp3
Dwarf Tinamou_sound/Dwarf Tinamou21,D:\other\Bird\Code\data\kaggle_training_wav_cache_sp\Dwarf Tinamou_sound\Dwarf Tinamou21.wav,Dwarf Tinamou_sound,36,14.032,33,train,D:\other\Bird\Code\data\kaggle_training_wav_cache_sp\Dwarf Tinamou_sound\Dwarf Tinamou21.wav,14.032,True,D:\other\Bird\Dataset\CC0\Dwarf Tinamou_sound\Dwarf Tinamou21.mp3
Dwarf Tinamou_sound/Dwarf Tinamou22,D:\other\Bird\Code\data\kaggle_training_wav_cache_sp\Dwarf Tinamou_sound\Dwarf Tinamou22.wav,Dwarf Tinamou_sound,36,14.032,33,train,D:\other\Bird\Code\data\kaggle_training_wav_cache_sp\Dwarf Tinamou_sound\Dwarf Tinamou22.wav,14.032,True,D:\other\Bird\Dataset\CC0\Dwarf Tinamou_sound\Dwarf Tinamou22.mp3
Dwarf Tinamou_sound/Dwarf Tinamou23,D:\other\Bird\Code\data\kaggle_training_wav_cache_sp\Dwarf Tinamou_sound\Dwarf Tinamou23.wav,Dwarf Tinamou_sound,36,14.032,33,train,D:\other\Bird\Code\data\kaggle_training_wav_cache_sp\Dwarf Tinamou_sound\Dwarf Tinamou23.wav,14.032,True,D:\other\Bird\Dataset\CC0\Dwarf Tinamou_sound\Dwarf Tinamou23.mp3
Dwarf Tinamou_sound/Dwarf Tinamou24,D:\other\Bird\Code\data\kaggle_training_wav_cache_sp\Dwarf Tinamou_sound\Dwarf Tinamou24.wav,Dwarf Tinamou_sound,36,14.032,33,train,D:\other\Bird\Code\data\kaggle_training_wav_cache_sp\Dwarf Tinamou_sound\Dwarf Tinamou24.wav,14.032,True,D:\other\Bird\Dataset\CC0\Dwarf Tinamou_sound\Dwarf Tinamou24.mp3
Dwarf Tinamou_sound/Dwarf Tinamou27,D:\other\Bird\Code\data\kaggle_training_wav_cache_sp\Dwarf Tinamou_sound\Dwarf Tinamou27.wav,Dwarf Tinamou_sound,36,14.56290625,33,train,D:\other\Bird\Code\data\kaggle_training_wav_cache_sp\Dwarf Tinamou_sound\Dwarf Tinamou27.wav,14.56290625,True,D:\other\Bird\Dataset\CC0\Dwarf Tinamou_sound\Dwarf Tinamou27.mp3
Dwarf Tinamou_sound/Dwarf Tinamou28,D:\other\Bird\Code\data\kaggle_training_wav_cache_sp\Dwarf Tinamou_sound\Dwarf Tinamou28.wav,Dwarf Tinamou_sound,36,34.09125,33,train,D:\other\Bird\Code\data\kaggle_training_wav_cache_sp\Dwarf Tinamou_sound\Dwarf Tinamou28.wav,34.09125,True,D:\other\Bird\Dataset\CC0\Dwarf Tinamou_sound\Dwarf Tinamou28.mp3
Dwarf Tinamou_sound/Dwarf Tinamou29,D:\other\Bird\Code\data\kaggle_training_wav_cache_sp\Dwarf Tinamou_sound\Dwarf Tinamou29.wav,Dwarf Tinamou_sound,36,15.696,33,train,D:\other\Bird\Code\data\kaggle_training_wav_cache_sp\Dwarf Tinamou_sound\Dwarf Tinamou29.wav,15.696,True,D:\other\Bird\Dataset\CC0\Dwarf Tinamou_sound\Dwarf Tinamou29.mp3
Dwarf Tinamou_sound/Dwarf Tinamou3,D:\other\Bird\Code\data\kaggle_training_wav_cache_sp\Dwarf Tinamou_sound\Dwarf Tinamou3.wav,Dwarf Tinamou_sound,36,184.752,33,val,D:\other\Bird\Code\data\kaggle_training_wav_cache_sp\Dwarf Tinamou_sound\Dwarf Tinamou3.wav,184.752,True,D:\other\Bird\Dataset\CC0\Dwarf Tinamou_sound\Dwarf Tinamou3.mp3
Dwarf Tinamou_sound/Dwarf Tinamou4,D:\other\Bird\Code\data\kaggle_training_wav_cache_sp\Dwarf Tinamou_sound\Dwarf Tinamou4.wav,Dwarf Tinamou_sound,36,13.312,33,val,D:\other\Bird\Code\data\kaggle_training_wav_cache_sp\Dwarf Tinamou_sound\Dwarf Tinamou4.wav,13.312,True,D:\other\Bird\Dataset\CC0\Dwarf Tinamou_sound\Dwarf Tinamou4.mp3
Dwarf Tinamou_sound/Dwarf Tinamou5,D:\other\Bird\Code\data\kaggle_training_wav_cache_sp\Dwarf Tinamou_sound\Dwarf Tinamou5.wav,Dwarf Tinamou_sound,36,13.312,33,test,D:\other\Bird\Code\data\kaggle_training_wav_cache_sp\Dwarf Tinamou_sound\Dwarf Tinamou5.wav,13.312,True,D:\other\Bird\Dataset\CC0\Dwarf Tinamou_sound\Dwarf Tinamou5.mp3
Dwarf Tinamou_sound/Dwarf Tinamou6,D:\other\Bird\Code\data\kaggle_training_wav_cache_sp\Dwarf Tinamou_sound\Dwarf Tinamou6.wav,Dwarf Tinamou_sound,36,19.184,33,train,D:\other\Bird\Code\data\kaggle_training_wav_cache_sp\Dwarf Tinamou_sound\Dwarf Tinamou6.wav,19.184,True,D:\other\Bird\Dataset\CC0\Dwarf Tinamou_sound\Dwarf Tinamou6.mp3
Dwarf Tinamou_sound/Dwarf Tinamou7,D:\other\Bird\Code\data\kaggle_training_wav_cache_sp\Dwarf Tinamou_sound\Dwarf Tinamou7.wav,Dwarf Tinamou_sound,36,13.76,33,test,D:\other\Bird\Code\data\kaggle_training_wav_cache_sp\Dwarf Tinamou_sound\Dwarf Tinamou7.wav,13.76,True,D:\other\Bird\Dataset\CC0\Dwarf Tinamou_sound\Dwarf Tinamou7.mp3
Dwarf Tinamou_sound/Dwarf Tinamou8,D:\other\Bird\Code\data\kaggle_training_wav_cache_sp\Dwarf Tinamou_sound\Dwarf Tinamou8.wav,Dwarf Tinamou_sound,36,13.76,33,train,D:\other\Bird\Code\data\kaggle_training_wav_cache_sp\Dwarf Tinamou_sound\Dwarf Tinamou8.wav,13.76,True,D:\other\Bird\Dataset\CC0\Dwarf Tinamou_sound\Dwarf Tinamou8.mp3
Dwarf Tinamou_sound/Dwarf Tinamou9,D:\other\Bird\Code\data\kaggle_training_wav_cache_sp\Dwarf Tinamou_sound\Dwarf Tinamou9.wav,Dwarf Tinamou_sound,36,13.76,33,train,D:\other\Bird\Code\data\kaggle_training_wav_cache_sp\Dwarf Tinamou_sound\Dwarf Tinamou9.wav,13.76,True,D:\other\Bird\Dataset\CC0\Dwarf Tinamou_sound\Dwarf Tinamou9.mp3
East Brazilian Chachalaca_sound/East Brazilian Chachalaca10,D:\other\Bird\Code\data\kaggle_training_wav_cache_sp\East Brazilian Chachalaca_sound\East Brazilian Chachalaca10.wav,East Brazilian Chachalaca_sound,37,23.264,34,test,D:\other\Bird\Code\data\kaggle_training_wav_cache_sp\East Brazilian Chachalaca_sound\East Brazilian Chachalaca10.wav,23.264,True,D:\other\Bird\Dataset\CC0\East Brazilian Chachalaca_sound\East Brazilian Chachalaca10.mp3
East Brazilian Chachalaca_sound/East Brazilian Chachalaca11,D:\other\Bird\Code\data\kaggle_training_wav_cache_sp\East Brazilian Chachalaca_sound\East Brazilian Chachalaca11.wav,East Brazilian Chachalaca_sound,37,23.264,34,train,D:\other\Bird\Code\data\kaggle_training_wav_cache_sp\East Brazilian Chachalaca_sound\East Brazilian Chachalaca11.wav,23.264,True,D:\other\Bird\Dataset\CC0\East Brazilian Chachalaca_sound\East Brazilian Chachalaca11.mp3
East Brazilian Chachalaca_sound/East Brazilian Chachalaca12,D:\other\Bird\Code\data\kaggle_training_wav_cache_sp\East Brazilian Chachalaca_sound\East Brazilian Chachalaca12.wav,East Brazilian Chachalaca_sound,37,35.4583125,34,val,D:\other\Bird\Code\data\kaggle_training_wav_cache_sp\East Brazilian Chachalaca_sound\East Brazilian Chachalaca12.wav,35.4583125,True,D:\other\Bird\Dataset\CC0\East Brazilian Chachalaca_sound\East Brazilian Chachalaca12.mp3
East Brazilian Chachalaca_sound/East Brazilian Chachalaca13,D:\other\Bird\Code\data\kaggle_training_wav_cache_sp\East Brazilian Chachalaca_sound\East Brazilian Chachalaca13.wav,East Brazilian Chachalaca_sound,37,94.54728125,34,val,D:\other\Bird\Code\data\kaggle_training_wav_cache_sp\East Brazilian Chachalaca_sound\East Brazilian Chachalaca13.wav,94.54728125,True,D:\other\Bird\Dataset\CC0\East Brazilian Chachalaca_sound\East Brazilian Chachalaca13.mp3
East Brazilian Chachalaca_sound/East Brazilian Chachalaca14,D:\other\Bird\Code\data\kaggle_training_wav_cache_sp\East Brazilian Chachalaca_sound\East Brazilian Chachalaca14.wav,East Brazilian Chachalaca_sound,37,18.032,34,train,D:\other\Bird\Code\data\kaggle_training_wav_cache_sp\East Brazilian Chachalaca_sound\East Brazilian Chachalaca14.wav,18.032,True,D:\other\Bird\Dataset\CC0\East Brazilian Chachalaca_sound\East Brazilian Chachalaca14.mp3
East Brazilian Chachalaca_sound/East Brazilian Chachalaca15,D:\other\Bird\Code\data\kaggle_training_wav_cache_sp\East Brazilian Chachalaca_sound\East Brazilian Chachalaca15.wav,East Brazilian Chachalaca_sound,37,21.68,34,train,D:\other\Bird\Code\data\kaggle_training_wav_cache_sp\East Brazilian Chachalaca_sound\East Brazilian Chachalaca15.wav,21.68,True,D:\other\Bird\Dataset\CC0\East Brazilian Chachalaca_sound\East Brazilian Chachalaca15.mp3
East Brazilian Chachalaca_sound/East Brazilian Chachalaca16,D:\other\Bird\Code\data\kaggle_training_wav_cache_sp\East Brazilian Chachalaca_sound\East Brazilian Chachalaca16.wav,East Brazilian Chachalaca_sound,37,21.68,34,train,D:\other\Bird\Code\data\kaggle_training_wav_cache_sp\East Brazilian Chachalaca_sound\East Brazilian Chachalaca16.wav,21.68,True,D:\other\Bird\Dataset\CC0\East Brazilian Chachalaca_sound\East Brazilian Chachalaca16.mp3
East Brazilian Chachalaca_sound/East Brazilian Chachalaca17,D:\other\Bird\Code\data\kaggle_training_wav_cache_sp\East Brazilian Chachalaca_sound\East Brazilian Chachalaca17.wav,East Brazilian Chachalaca_sound,37,7.136,34,train,D:\other\Bird\Code\data\kaggle_training_wav_cache_sp\East Brazilian Chachalaca_sound\East Brazilian Chachalaca17.wav,7.136,True,D:\other\Bird\Dataset\CC0\East Brazilian Chachalaca_sound\East Brazilian Chachalaca17.mp3
East Brazilian Chachalaca_sound/East Brazilian Chachalaca18,D:\other\Bird\Code\data\kaggle_training_wav_cache_sp\East Brazilian Chachalaca_sound\East Brazilian Chachalaca18.wav,East Brazilian Chachalaca_sound,37,7.136,34,train,D:\other\Bird\Code\data\kaggle_training_wav_cache_sp\East Brazilian Chachalaca_sound\East Brazilian Chachalaca18.wav,7.136,True,D:\other\Bird\Dataset\CC0\East Brazilian Chachalaca_sound\East Brazilian Chachalaca18.mp3
East Brazilian Chachalaca_sound/East Brazilian Chachalaca19,D:\other\Bird\Code\data\kaggle_training_wav_cache_sp\East Brazilian Chachalaca_sound\East Brazilian Chachalaca19.wav,East Brazilian Chachalaca_sound,37,7.136,34,train,D:\other\Bird\Code\data\kaggle_training_wav_cache_sp\East Brazilian Chachalaca_sound\East Brazilian Chachalaca19.wav,7.136,True,D:\other\Bird\Dataset\CC0\East Brazilian Chachalaca_sound\East Brazilian Chachalaca19.mp3
East Brazilian Chachalaca_sound/East Brazilian Chachalaca2,D:\other\Bird\Code\data\kaggle_training_wav_cache_sp\East Brazilian Chachalaca_sound\East Brazilian Chachalaca2.wav,East Brazilian Chachalaca_sound,37,26.672,34,train,D:\other\Bird\Code\data\kaggle_training_wav_cache_sp\East Brazilian Chachalaca_sound\East Brazilian Chachalaca2.wav,26.672,True,D:\other\Bird\Dataset\CC0\East Brazilian Chachalaca_sound\East Brazilian Chachalaca2.mp3
East Brazilian Chachalaca_sound/East Brazilian Chachalaca20,D:\other\Bird\Code\data\kaggle_training_wav_cache_sp\East Brazilian Chachalaca_sound\East Brazilian Chachalaca20.wav,East Brazilian Chachalaca_sound,37,7.136,34,train,D:\other\Bird\Code\data\kaggle_training_wav_cache_sp\East Brazilian Chachalaca_sound\East Brazilian Chachalaca20.wav,7.136,True,D:\other\Bird\Dataset\CC0\East Brazilian Chachalaca_sound\East Brazilian Chachalaca20.mp3
East Brazilian Chachalaca_sound/East Brazilian Chachalaca21,D:\other\Bird\Code\data\kaggle_training_wav_cache_sp\East Brazilian Chachalaca_sound\East Brazilian Chachalaca21.wav,East Brazilian Chachalaca_sound,37,7.136,34,train,D:\other\Bird\Code\data\kaggle_training_wav_cache_sp\East Brazilian Chachalaca_sound\East Brazilian Chachalaca21.wav,7.136,True,D:\other\Bird\Dataset\CC0\East Brazilian Chachalaca_sound\East Brazilian Chachalaca21.mp3
East Brazilian Chachalaca_sound/East Brazilian Chachalaca22,D:\other\Bird\Code\data\kaggle_training_wav_cache_sp\East Brazilian Chachalaca_sound\East Brazilian Chachalaca22.wav,East Brazilian Chachalaca_sound,37,30.811125,34,test,D:\other\Bird\Code\data\kaggle_training_wav_cache_sp\East Brazilian Chachalaca_sound\East Brazilian Chachalaca22.wav,30.811125,True,D:\other\Bird\Dataset\CC0\East Brazilian Chachalaca_sound\East Brazilian Chachalaca22.mp3
East Brazilian Chachalaca_sound/East Brazilian Chachalaca23,D:\other\Bird\Code\data\kaggle_training_wav_cache_sp\East Brazilian Chachalaca_sound\East Brazilian Chachalaca23.wav,East Brazilian Chachalaca_sound,37,18.050625,34,train,D:\other\Bird\Code\data\kaggle_training_wav_cache_sp\East Brazilian Chachalaca_sound\East Brazilian Chachalaca23.wav,18.050625,True,D:\other\Bird\Dataset\CC0\East Brazilian Chachalaca_sound\East Brazilian Chachalaca23.mp3
East Brazilian Chachalaca_sound/East Brazilian Chachalaca3,D:\other\Bird\Code\data\kaggle_training_wav_cache_sp\East Brazilian Chachalaca_sound\East Brazilian Chachalaca3.wav,East Brazilian Chachalaca_sound,37,26.672,34,train,D:\other\Bird\Code\data\kaggle_training_wav_cache_sp\East Brazilian Chachalaca_sound\East Brazilian Chachalaca3.wav,26.672,True,D:\other\Bird\Dataset\CC0\East Brazilian Chachalaca_sound\East Brazilian Chachalaca3.mp3
East Brazilian Chachalaca_sound/East Brazilian Chachalaca4,D:\other\Bird\Code\data\kaggle_training_wav_cache_sp\East Brazilian Chachalaca_sound\East Brazilian Chachalaca4.wav,East Brazilian Chachalaca_sound,37,26.672,34,test,D:\other\Bird\Code\data\kaggle_training_wav_cache_sp\East Brazilian Chachalaca_sound\East Brazilian Chachalaca4.wav,26.672,True,D:\other\Bird\Dataset\CC0\East Brazilian Chachalaca_sound\East Brazilian Chachalaca4.mp3
East Brazilian Chachalaca_sound/East Brazilian Chachalaca5,D:\other\Bird\Code\data\kaggle_training_wav_cache_sp\East Brazilian Chachalaca_sound\East Brazilian Chachalaca5.wav,East Brazilian Chachalaca_sound,37,26.672,34,val,D:\other\Bird\Code\data\kaggle_training_wav_cache_sp\East Brazilian Chachalaca_sound\East Brazilian Chachalaca5.wav,26.672,True,D:\other\Bird\Dataset\CC0\East Brazilian Chachalaca_sound\East Brazilian Chachalaca5.mp3
East Brazilian Chachalaca_sound/East Brazilian Chachalaca6,D:\other\Bird\Code\data\kaggle_training_wav_cache_sp\East Brazilian Chachalaca_sound\East Brazilian Chachalaca6.wav,East Brazilian Chachalaca_sound,37,26.672,34,train,D:\other\Bird\Code\data\kaggle_training_wav_cache_sp\East Brazilian Chachalaca_sound\East Brazilian Chachalaca6.wav,26.672,True,D:\other\Bird\Dataset\CC0\East Brazilian Chachalaca_sound\East Brazilian Chachalaca6.mp3
East Brazilian Chachalaca_sound/East Brazilian Chachalaca7,D:\other\Bird\Code\data\kaggle_training_wav_cache_sp\East Brazilian Chachalaca_sound\East Brazilian Chachalaca7.wav,East Brazilian Chachalaca_sound,37,26.672,34,train,D:\other\Bird\Code\data\kaggle_training_wav_cache_sp\East Brazilian Chachalaca_sound\East Brazilian Chachalaca7.wav,26.672,True,D:\other\Bird\Dataset\CC0\East Brazilian Chachalaca_sound\East Brazilian Chachalaca7.mp3
East Brazilian Chachalaca_sound/East Brazilian Chachalaca8,D:\other\Bird\Code\data\kaggle_training_wav_cache_sp\East Brazilian Chachalaca_sound\East Brazilian Chachalaca8.wav,East Brazilian Chachalaca_sound,37,26.672,34,train,D:\other\Bird\Code\data\kaggle_training_wav_cache_sp\East Brazilian Chachalaca_sound\East Brazilian Chachalaca8.wav,26.672,True,D:\other\Bird\Dataset\CC0\East Brazilian Chachalaca_sound\East Brazilian Chachalaca8.mp3
East Brazilian Chachalaca_sound/East Brazilian Chachalaca9,D:\other\Bird\Code\data\kaggle_training_wav_cache_sp\East Brazilian Chachalaca_sound\East Brazilian Chachalaca9.wav,East Brazilian Chachalaca_sound,37,23.264,34,train,D:\other\Bird\Code\data\kaggle_training_wav_cache_sp\East Brazilian Chachalaca_sound\East Brazilian Chachalaca9.wav,23.264,True,D:\other\Bird\Dataset\CC0\East Brazilian Chachalaca_sound\East Brazilian Chachalaca9.mp3
Elegant Crested Tinamou_sound/Elegant Crested Tinamou14,D:\other\Bird\Code\data\kaggle_training_wav_cache_sp\Elegant Crested Tinamou_sound\Elegant Crested Tinamou14.wav,Elegant Crested Tinamou_sound,38,10.032,35,train,D:\other\Bird\Code\data\kaggle_training_wav_cache_sp\Elegant Crested Tinamou_sound\Elegant Crested Tinamou14.wav,10.032,True,D:\other\Bird\Dataset\CC0\Elegant Crested Tinamou_sound\Elegant Crested Tinamou14.mp3
Elegant Crested Tinamou_sound/Elegant Crested Tinamou15,D:\other\Bird\Code\data\kaggle_training_wav_cache_sp\Elegant Crested Tinamou_sound\Elegant Crested Tinamou15.wav,Elegant Crested Tinamou_sound,38,10.032,35,train,D:\other\Bird\Code\data\kaggle_training_wav_cache_sp\Elegant Crested Tinamou_sound\Elegant Crested Tinamou15.wav,10.032,True,D:\other\Bird\Dataset\CC0\Elegant Crested Tinamou_sound\Elegant Crested Tinamou15.mp3
Elegant Crested Tinamou_sound/Elegant Crested Tinamou3,D:\other\Bird\Code\data\kaggle_training_wav_cache_sp\Elegant Crested Tinamou_sound\Elegant Crested Tinamou3.wav,Elegant Crested Tinamou_sound,38,5.568,35,train,D:\other\Bird\Code\data\kaggle_training_wav_cache_sp\Elegant Crested Tinamou_sound\Elegant Crested Tinamou3.wav,5.568,True,D:\other\Bird\Dataset\CC0\Elegant Crested Tinamou_sound\Elegant Crested Tinamou3.mp3
Elegant Crested Tinamou_sound/Elegant Crested Tinamou6,D:\other\Bird\Code\data\kaggle_training_wav_cache_sp\Elegant Crested Tinamou_sound\Elegant Crested Tinamou6.wav,Elegant Crested Tinamou_sound,38,6.624,35,test,D:\other\Bird\Code\data\kaggle_training_wav_cache_sp\Elegant Crested Tinamou_sound\Elegant Crested Tinamou6.wav,6.624,True,D:\other\Bird\Dataset\CC0\Elegant Crested Tinamou_sound\Elegant Crested Tinamou6.mp3
Elegant Crested Tinamou_sound/Elegant Crested Tinamou7,D:\other\Bird\Code\data\kaggle_training_wav_cache_sp\Elegant Crested Tinamou_sound\Elegant Crested Tinamou7.wav,Elegant Crested Tinamou_sound,38,7.616,35,val,D:\other\Bird\Code\data\kaggle_training_wav_cache_sp\Elegant Crested Tinamou_sound\Elegant Crested Tinamou7.wav,7.616,True,D:\other\Bird\Dataset\CC0\Elegant Crested Tinamou_sound\Elegant Crested Tinamou7.mp3
Emu_sound/Emu10,D:\other\Bird\Code\data\kaggle_training_wav_cache_sp\Emu_sound\Emu10.wav,Emu_sound,39,12.7399375,36,train,D:\other\Bird\Code\data\kaggle_training_wav_cache_sp\Emu_sound\Emu10.wav,12.7399375,True,D:\other\Bird\Dataset\CC0\Emu_sound\Emu10.mp3
Emu_sound/Emu12,D:\other\Bird\Code\data\kaggle_training_wav_cache_sp\Emu_sound\Emu12.wav,Emu_sound,39,8.8504375,36,train,D:\other\Bird\Code\data\kaggle_training_wav_cache_sp\Emu_sound\Emu12.wav,8.8504375,True,D:\other\Bird\Dataset\CC0\Emu_sound\Emu12.mp3
Emu_sound/Emu13,D:\other\Bird\Code\data\kaggle_training_wav_cache_sp\Emu_sound\Emu13.wav,Emu_sound,39,17.088,36,train,D:\other\Bird\Code\data\kaggle_training_wav_cache_sp\Emu_sound\Emu13.wav,17.088,True,D:\other\Bird\Dataset\CC0\Emu_sound\Emu13.mp3
Emu_sound/Emu14,D:\other\Bird\Code\data\kaggle_training_wav_cache_sp\Emu_sound\Emu14.wav,Emu_sound,39,17.088,36,train,D:\other\Bird\Code\data\kaggle_training_wav_cache_sp\Emu_sound\Emu14.wav,17.088,True,D:\other\Bird\Dataset\CC0\Emu_sound\Emu14.mp3
Emu_sound/Emu15,D:\other\Bird\Code\data\kaggle_training_wav_cache_sp\Emu_sound\Emu15.wav,Emu_sound,39,8.3693125,36,val,D:\other\Bird\Code\data\kaggle_training_wav_cache_sp\Emu_sound\Emu15.wav,8.3693125,True,D:\other\Bird\Dataset\CC0\Emu_sound\Emu15.mp3
Emu_sound/Emu16,D:\other\Bird\Code\data\kaggle_training_wav_cache_sp\Emu_sound\Emu16.wav,Emu_sound,39,35.872,36,train,D:\other\Bird\Code\data\kaggle_training_wav_cache_sp\Emu_sound\Emu16.wav,35.872,True,D:\other\Bird\Dataset\CC0\Emu_sound\Emu16.mp3
Emu_sound/Emu17,D:\other\Bird\Code\data\kaggle_training_wav_cache_sp\Emu_sound\Emu17.wav,Emu_sound,39,13.464,36,train,D:\other\Bird\Code\data\kaggle_training_wav_cache_sp\Emu_sound\Emu17.wav,13.464,True,D:\other\Bird\Dataset\CC0\Emu_sound\Emu17.mp3
Emu_sound/Emu18,D:\other\Bird\Code\data\kaggle_training_wav_cache_sp\Emu_sound\Emu18.wav,Emu_sound,39,8.464,36,train,D:\other\Bird\Code\data\kaggle_training_wav_cache_sp\Emu_sound\Emu18.wav,8.464,True,D:\other\Bird\Dataset\CC0\Emu_sound\Emu18.mp3
Emu_sound/Emu2,D:\other\Bird\Code\data\kaggle_training_wav_cache_sp\Emu_sound\Emu2.wav,Emu_sound,39,37.264,36,val,D:\other\Bird\Code\data\kaggle_training_wav_cache_sp\Emu_sound\Emu2.wav,37.264,True,D:\other\Bird\Dataset\CC0\Emu_sound\Emu2.mp3
Emu_sound/Emu3,D:\other\Bird\Code\data\kaggle_training_wav_cache_sp\Emu_sound\Emu3.wav,Emu_sound,39,27.168,36,train,D:\other\Bird\Code\data\kaggle_training_wav_cache_sp\Emu_sound\Emu3.wav,27.168,True,D:\other\Bird\Dataset\CC0\Emu_sound\Emu3.mp3
Emu_sound/Emu4,D:\other\Bird\Code\data\kaggle_training_wav_cache_sp\Emu_sound\Emu4.wav,Emu_sound,39,24.464,36,train,D:\other\Bird\Code\data\kaggle_training_wav_cache_sp\Emu_sound\Emu4.wav,24.464,True,D:\other\Bird\Dataset\CC0\Emu_sound\Emu4.mp3
Emu_sound/Emu5,D:\other\Bird\Code\data\kaggle_training_wav_cache_sp\Emu_sound\Emu5.wav,Emu_sound,39,29.745375,36,test,D:\other\Bird\Code\data\kaggle_training_wav_cache_sp\Emu_sound\Emu5.wav,29.745375,True,D:\other\Bird\Dataset\CC0\Emu_sound\Emu5.mp3
Emu_sound/Emu6,D:\other\Bird\Code\data\kaggle_training_wav_cache_sp\Emu_sound\Emu6.wav,Emu_sound,39,29.745375,36,train,D:\other\Bird\Code\data\kaggle_training_wav_cache_sp\Emu_sound\Emu6.wav,29.745375,True,D:\other\Bird\Dataset\CC0\Emu_sound\Emu6.mp3
Emu_sound/Emu7,D:\other\Bird\Code\data\kaggle_training_wav_cache_sp\Emu_sound\Emu7.wav,Emu_sound,39,29.745375,36,train,D:\other\Bird\Code\data\kaggle_training_wav_cache_sp\Emu_sound\Emu7.wav,29.745375,True,D:\other\Bird\Dataset\CC0\Emu_sound\Emu7.mp3
Emu_sound/Emu8,D:\other\Bird\Code\data\kaggle_training_wav_cache_sp\Emu_sound\Emu8.wav,Emu_sound,39,47.152,36,test,D:\other\Bird\Code\data\kaggle_training_wav_cache_sp\Emu_sound\Emu8.wav,47.152,True,D:\other\Bird\Dataset\CC0\Emu_sound\Emu8.mp3
Emu_sound/Emu9,D:\other\Bird\Code\data\kaggle_training_wav_cache_sp\Emu_sound\Emu9.wav,Emu_sound,39,12.7399375,36,train,D:\other\Bird\Code\data\kaggle_training_wav_cache_sp\Emu_sound\Emu9.wav,12.7399375,True,D:\other\Bird\Dataset\CC0\Emu_sound\Emu9.mp3
Great Spotted Kiwi_sound/Great Spotted Kiwi2,D:\other\Bird\Code\data\kaggle_training_wav_cache_sp\Great Spotted Kiwi_sound\Great Spotted Kiwi2.wav,Great Spotted Kiwi_sound,40,29.152,37,train,D:\other\Bird\Code\data\kaggle_training_wav_cache_sp\Great Spotted Kiwi_sound\Great Spotted Kiwi2.wav,29.152,True,D:\other\Bird\Dataset\CC0\Great Spotted Kiwi_sound\Great Spotted Kiwi2.mp3
Great Spotted Kiwi_sound/Great Spotted Kiwi3,D:\other\Bird\Code\data\kaggle_training_wav_cache_sp\Great Spotted Kiwi_sound\Great Spotted Kiwi3.wav,Great Spotted Kiwi_sound,40,67.744,37,train,D:\other\Bird\Code\data\kaggle_training_wav_cache_sp\Great Spotted Kiwi_sound\Great Spotted Kiwi3.wav,67.744,True,D:\other\Bird\Dataset\CC0\Great Spotted Kiwi_sound\Great Spotted Kiwi3.mp3
Great Spotted Kiwi_sound/Great Spotted Kiwi4,D:\other\Bird\Code\data\kaggle_training_wav_cache_sp\Great Spotted Kiwi_sound\Great Spotted Kiwi4.wav,Great Spotted Kiwi_sound,40,30.96,37,train,D:\other\Bird\Code\data\kaggle_training_wav_cache_sp\Great Spotted Kiwi_sound\Great Spotted Kiwi4.wav,30.96,True,D:\other\Bird\Dataset\CC0\Great Spotted Kiwi_sound\Great Spotted Kiwi4.mp3
Great Spotted Kiwi_sound/Great Spotted Kiwi5,D:\other\Bird\Code\data\kaggle_training_wav_cache_sp\Great Spotted Kiwi_sound\Great Spotted Kiwi5.wav,Great Spotted Kiwi_sound,40,21.248,37,train,D:\other\Bird\Code\data\kaggle_training_wav_cache_sp\Great Spotted Kiwi_sound\Great Spotted Kiwi5.wav,21.248,True,D:\other\Bird\Dataset\CC0\Great Spotted Kiwi_sound\Great Spotted Kiwi5.mp3
Great Spotted Kiwi_sound/Great Spotted Kiwi6,D:\other\Bird\Code\data\kaggle_training_wav_cache_sp\Great Spotted Kiwi_sound\Great Spotted Kiwi6.wav,Great Spotted Kiwi_sound,40,20.544,37,val,D:\other\Bird\Code\data\kaggle_training_wav_cache_sp\Great Spotted Kiwi_sound\Great Spotted Kiwi6.wav,20.544,True,D:\other\Bird\Dataset\CC0\Great Spotted Kiwi_sound\Great Spotted Kiwi6.mp3
Great Spotted Kiwi_sound/Great Spotted Kiwi7,D:\other\Bird\Code\data\kaggle_training_wav_cache_sp\Great Spotted Kiwi_sound\Great Spotted Kiwi7.wav,Great Spotted Kiwi_sound,40,12.672,37,train,D:\other\Bird\Code\data\kaggle_training_wav_cache_sp\Great Spotted Kiwi_sound\Great Spotted Kiwi7.wav,12.672,True,D:\other\Bird\Dataset\CC0\Great Spotted Kiwi_sound\Great Spotted Kiwi7.mp3
Great Spotted Kiwi_sound/Great Spotted Kiwi8,D:\other\Bird\Code\data\kaggle_training_wav_cache_sp\Great Spotted Kiwi_sound\Great Spotted Kiwi8.wav,Great Spotted Kiwi_sound,40,19.344,37,test,D:\other\Bird\Code\data\kaggle_training_wav_cache_sp\Great Spotted Kiwi_sound\Great Spotted Kiwi8.wav,19.344,True,D:\other\Bird\Dataset\CC0\Great Spotted Kiwi_sound\Great Spotted Kiwi8.mp3
Great Tinamou_sound/Great Tinamou10,D:\other\Bird\Code\data\kaggle_training_wav_cache_sp\Great Tinamou_sound\Great Tinamou10.wav,Great Tinamou_sound,41,218.91378125,38,val,D:\other\Bird\Code\data\kaggle_training_wav_cache_sp\Great Tinamou_sound\Great Tinamou10.wav,218.91378125,True,D:\other\Bird\Dataset\CC0\Great Tinamou_sound\Great Tinamou10.mp3
Great Tinamou_sound/Great Tinamou11,D:\other\Bird\Code\data\kaggle_training_wav_cache_sp\Great Tinamou_sound\Great Tinamou11.wav,Great Tinamou_sound,41,7.968,38,train,D:\other\Bird\Code\data\kaggle_training_wav_cache_sp\Great Tinamou_sound\Great Tinamou11.wav,7.968,True,D:\other\Bird\Dataset\CC0\Great Tinamou_sound\Great Tinamou11.mp3
Great Tinamou_sound/Great Tinamou12,D:\other\Bird\Code\data\kaggle_training_wav_cache_sp\Great Tinamou_sound\Great Tinamou12.wav,Great Tinamou_sound,41,64.08,38,train,D:\other\Bird\Code\data\kaggle_training_wav_cache_sp\Great Tinamou_sound\Great Tinamou12.wav,64.08,True,D:\other\Bird\Dataset\CC0\Great Tinamou_sound\Great Tinamou12.mp3
Great Tinamou_sound/Great Tinamou13,D:\other\Bird\Code\data\kaggle_training_wav_cache_sp\Great Tinamou_sound\Great Tinamou13.wav,Great Tinamou_sound,41,13.584,38,test,D:\other\Bird\Code\data\kaggle_training_wav_cache_sp\Great Tinamou_sound\Great Tinamou13.wav,13.584,True,D:\other\Bird\Dataset\CC0\Great Tinamou_sound\Great Tinamou13.mp3
Great Tinamou_sound/Great Tinamou14,D:\other\Bird\Code\data\kaggle_training_wav_cache_sp\Great Tinamou_sound\Great Tinamou14.wav,Great Tinamou_sound,41,45.0995625,38,train,D:\other\Bird\Code\data\kaggle_training_wav_cache_sp\Great Tinamou_sound\Great Tinamou14.wav,45.0995625,True,D:\other\Bird\Dataset\CC0\Great Tinamou_sound\Great Tinamou14.mp3
Great Tinamou_sound/Great Tinamou15,D:\other\Bird\Code\data\kaggle_training_wav_cache_sp\Great Tinamou_sound\Great Tinamou15.wav,Great Tinamou_sound,41,88.848,38,train,D:\other\Bird\Code\data\kaggle_training_wav_cache_sp\Great Tinamou_sound\Great Tinamou15.wav,88.848,True,D:\other\Bird\Dataset\CC0\Great Tinamou_sound\Great Tinamou15.mp3
Great Tinamou_sound/Great Tinamou16,D:\other\Bird\Code\data\kaggle_training_wav_cache_sp\Great Tinamou_sound\Great Tinamou16.wav,Great Tinamou_sound,41,25.632,38,train,D:\other\Bird\Code\data\kaggle_training_wav_cache_sp\Great Tinamou_sound\Great Tinamou16.wav,25.632,True,D:\other\Bird\Dataset\CC0\Great Tinamou_sound\Great Tinamou16.mp3
Great Tinamou_sound/Great Tinamou17,D:\other\Bird\Code\data\kaggle_training_wav_cache_sp\Great Tinamou_sound\Great Tinamou17.wav,Great Tinamou_sound,41,49.28,38,train,D:\other\Bird\Code\data\kaggle_training_wav_cache_sp\Great Tinamou_sound\Great Tinamou17.wav,49.28,True,D:\other\Bird\Dataset\CC0\Great Tinamou_sound\Great Tinamou17.mp3
Great Tinamou_sound/Great Tinamou18,D:\other\Bird\Code\data\kaggle_training_wav_cache_sp\Great Tinamou_sound\Great Tinamou18.wav,Great Tinamou_sound,41,15.704,38,train,D:\other\Bird\Code\data\kaggle_training_wav_cache_sp\Great Tinamou_sound\Great Tinamou18.wav,15.704,True,D:\other\Bird\Dataset\CC0\Great Tinamou_sound\Great Tinamou18.mp3
Great Tinamou_sound/Great Tinamou19,D:\other\Bird\Code\data\kaggle_training_wav_cache_sp\Great Tinamou_sound\Great Tinamou19.wav,Great Tinamou_sound,41,15.704,38,train,D:\other\Bird\Code\data\kaggle_training_wav_cache_sp\Great Tinamou_sound\Great Tinamou19.wav,15.704,True,D:\other\Bird\Dataset\CC0\Great Tinamou_sound\Great Tinamou19.mp3
Great Tinamou_sound/Great Tinamou2,D:\other\Bird\Code\data\kaggle_training_wav_cache_sp\Great Tinamou_sound\Great Tinamou2.wav,Great Tinamou_sound,41,91.6699375,38,test,D:\other\Bird\Code\data\kaggle_training_wav_cache_sp\Great Tinamou_sound\Great Tinamou2.wav,91.6699375,True,D:\other\Bird\Dataset\CC0\Great Tinamou_sound\Great Tinamou2.mp3
Great Tinamou_sound/Great Tinamou20,D:\other\Bird\Code\data\kaggle_training_wav_cache_sp\Great Tinamou_sound\Great Tinamou20.wav,Great Tinamou_sound,41,34.742875,38,train,D:\other\Bird\Code\data\kaggle_training_wav_cache_sp\Great Tinamou_sound\Great Tinamou20.wav,34.742875,True,D:\other\Bird\Dataset\CC0\Great Tinamou_sound\Great Tinamou20.mp3
Great Tinamou_sound/Great Tinamou21,D:\other\Bird\Code\data\kaggle_training_wav_cache_sp\Great Tinamou_sound\Great Tinamou21.wav,Great Tinamou_sound,41,147.81096875,38,train,D:\other\Bird\Code\data\kaggle_training_wav_cache_sp\Great Tinamou_sound\Great Tinamou21.wav,147.81096875,True,D:\other\Bird\Dataset\CC0\Great Tinamou_sound\Great Tinamou21.mp3
Great Tinamou_sound/Great Tinamou22,D:\other\Bird\Code\data\kaggle_training_wav_cache_sp\Great Tinamou_sound\Great Tinamou22.wav,Great Tinamou_sound,41,147.81096875,38,test,D:\other\Bird\Code\data\kaggle_training_wav_cache_sp\Great Tinamou_sound\Great Tinamou22.wav,147.81096875,True,D:\other\Bird\Dataset\CC0\Great Tinamou_sound\Great Tinamou22.mp3
Great Tinamou_sound/Great Tinamou23,D:\other\Bird\Code\data\kaggle_training_wav_cache_sp\Great Tinamou_sound\Great Tinamou23.wav,Great Tinamou_sound,41,147.81096875,38,train,D:\other\Bird\Code\data\kaggle_training_wav_cache_sp\Great Tinamou_sound\Great Tinamou23.wav,147.81096875,True,D:\other\Bird\Dataset\CC0\Great Tinamou_sound\Great Tinamou23.mp3
Great Tinamou_sound/Great Tinamou24,D:\other\Bird\Code\data\kaggle_training_wav_cache_sp\Great Tinamou_sound\Great Tinamou24.wav,Great Tinamou_sound,41,35.36,38,train,D:\other\Bird\Code\data\kaggle_training_wav_cache_sp\Great Tinamou_sound\Great Tinamou24.wav,35.36,True,D:\other\Bird\Dataset\CC0\Great Tinamou_sound\Great Tinamou24.mp3
Great Tinamou_sound/Great Tinamou25,D:\other\Bird\Code\data\kaggle_training_wav_cache_sp\Great Tinamou_sound\Great Tinamou25.wav,Great Tinamou_sound,41,35.36,38,test,D:\other\Bird\Code\data\kaggle_training_wav_cache_sp\Great Tinamou_sound\Great Tinamou25.wav,35.36,True,D:\other\Bird\Dataset\CC0\Great Tinamou_sound\Great Tinamou25.mp3
Great Tinamou_sound/Great Tinamou26,D:\other\Bird\Code\data\kaggle_training_wav_cache_sp\Great Tinamou_sound\Great Tinamou26.wav,Great Tinamou_sound,41,13.224375,38,train,D:\other\Bird\Code\data\kaggle_training_wav_cache_sp\Great Tinamou_sound\Great Tinamou26.wav,13.224375,True,D:\other\Bird\Dataset\CC0\Great Tinamou_sound\Great Tinamou26.mp3
Great Tinamou_sound/Great Tinamou27,D:\other\Bird\Code\data\kaggle_training_wav_cache_sp\Great Tinamou_sound\Great Tinamou27.wav,Great Tinamou_sound,41,9.84309375,38,train,D:\other\Bird\Code\data\kaggle_training_wav_cache_sp\Great Tinamou_sound\Great Tinamou27.wav,9.84309375,True,D:\other\Bird\Dataset\CC0\Great Tinamou_sound\Great Tinamou27.mp3
Great Tinamou_sound/Great Tinamou28,D:\other\Bird\Code\data\kaggle_training_wav_cache_sp\Great Tinamou_sound\Great Tinamou28.wav,Great Tinamou_sound,41,19.664,38,train,D:\other\Bird\Code\data\kaggle_training_wav_cache_sp\Great Tinamou_sound\Great Tinamou28.wav,19.664,True,D:\other\Bird\Dataset\CC0\Great Tinamou_sound\Great Tinamou28.mp3
Great Tinamou_sound/Great Tinamou29,D:\other\Bird\Code\data\kaggle_training_wav_cache_sp\Great Tinamou_sound\Great Tinamou29.wav,Great Tinamou_sound,41,33.1954375,38,train,D:\other\Bird\Code\data\kaggle_training_wav_cache_sp\Great Tinamou_sound\Great Tinamou29.wav,33.1954375,True,D:\other\Bird\Dataset\CC0\Great Tinamou_sound\Great Tinamou29.mp3
Great Tinamou_sound/Great Tinamou3,D:\other\Bird\Code\data\kaggle_training_wav_cache_sp\Great Tinamou_sound\Great Tinamou3.wav,Great Tinamou_sound,41,14.05225,38,train,D:\other\Bird\Code\data\kaggle_training_wav_cache_sp\Great Tinamou_sound\Great Tinamou3.wav,14.05225,True,D:\other\Bird\Dataset\CC0\Great Tinamou_sound\Great Tinamou3.mp3
Great Tinamou_sound/Great Tinamou30,D:\other\Bird\Code\data\kaggle_training_wav_cache_sp\Great Tinamou_sound\Great Tinamou30.wav,Great Tinamou_sound,41,45.03275,38,train,D:\other\Bird\Code\data\kaggle_training_wav_cache_sp\Great Tinamou_sound\Great Tinamou30.wav,45.03275,True,D:\other\Bird\Dataset\CC0\Great Tinamou_sound\Great Tinamou30.mp3
Great Tinamou_sound/Great Tinamou31,D:\other\Bird\Code\data\kaggle_training_wav_cache_sp\Great Tinamou_sound\Great Tinamou31.wav,Great Tinamou_sound,41,11.28,38,train,D:\other\Bird\Code\data\kaggle_training_wav_cache_sp\Great Tinamou_sound\Great Tinamou31.wav,11.28,True,D:\other\Bird\Dataset\CC0\Great Tinamou_sound\Great Tinamou31.mp3
Great Tinamou_sound/Great Tinamou4,D:\other\Bird\Code\data\kaggle_training_wav_cache_sp\Great Tinamou_sound\Great Tinamou4.wav,Great Tinamou_sound,41,14.05225,38,val,D:\other\Bird\Code\data\kaggle_training_wav_cache_sp\Great Tinamou_sound\Great Tinamou4.wav,14.05225,True,D:\other\Bird\Dataset\CC0\Great Tinamou_sound\Great Tinamou4.mp3
Great Tinamou_sound/Great Tinamou5,D:\other\Bird\Code\data\kaggle_training_wav_cache_sp\Great Tinamou_sound\Great Tinamou5.wav,Great Tinamou_sound,41,9.392,38,train,D:\other\Bird\Code\data\kaggle_training_wav_cache_sp\Great Tinamou_sound\Great Tinamou5.wav,9.392,True,D:\other\Bird\Dataset\CC0\Great Tinamou_sound\Great Tinamou5.mp3
Great Tinamou_sound/Great Tinamou6,D:\other\Bird\Code\data\kaggle_training_wav_cache_sp\Great Tinamou_sound\Great Tinamou6.wav,Great Tinamou_sound,41,256.98815625,38,train,D:\other\Bird\Code\data\kaggle_training_wav_cache_sp\Great Tinamou_sound\Great Tinamou6.wav,256.98815625,True,D:\other\Bird\Dataset\CC0\Great Tinamou_sound\Great Tinamou6.mp3
Great Tinamou_sound/Great Tinamou7,D:\other\Bird\Code\data\kaggle_training_wav_cache_sp\Great Tinamou_sound\Great Tinamou7.wav,Great Tinamou_sound,41,256.98815625,38,val,D:\other\Bird\Code\data\kaggle_training_wav_cache_sp\Great Tinamou_sound\Great Tinamou7.wav,256.98815625,True,D:\other\Bird\Dataset\CC0\Great Tinamou_sound\Great Tinamou7.mp3
Great Tinamou_sound/Great Tinamou8,D:\other\Bird\Code\data\kaggle_training_wav_cache_sp\Great Tinamou_sound\Great Tinamou8.wav,Great Tinamou_sound,41,256.98815625,38,train,D:\other\Bird\Code\data\kaggle_training_wav_cache_sp\Great Tinamou_sound\Great Tinamou8.wav,256.98815625,True,D:\other\Bird\Dataset\CC0\Great Tinamou_sound\Great Tinamou8.mp3
Great Tinamou_sound/Great Tinamou9,D:\other\Bird\Code\data\kaggle_training_wav_cache_sp\Great Tinamou_sound\Great Tinamou9.wav,Great Tinamou_sound,41,218.91378125,38,val,D:\other\Bird\Code\data\kaggle_training_wav_cache_sp\Great Tinamou_sound\Great Tinamou9.wav,218.91378125,True,D:\other\Bird\Dataset\CC0\Great Tinamou_sound\Great Tinamou9.mp3
Greater Rhea_sound/Greater Rhea14,D:\other\Bird\Code\data\kaggle_training_wav_cache_sp\Greater Rhea_sound\Greater Rhea14.wav,Greater Rhea_sound,42,15.081375,39,train,D:\other\Bird\Code\data\kaggle_training_wav_cache_sp\Greater Rhea_sound\Greater Rhea14.wav,15.081375,True,D:\other\Bird\Dataset\CC0\Greater Rhea_sound\Greater Rhea14.mp3
Greater Rhea_sound/Greater Rhea15,D:\other\Bird\Code\data\kaggle_training_wav_cache_sp\Greater Rhea_sound\Greater Rhea15.wav,Greater Rhea_sound,42,15.081375,39,test,D:\other\Bird\Code\data\kaggle_training_wav_cache_sp\Greater Rhea_sound\Greater Rhea15.wav,15.081375,True,D:\other\Bird\Dataset\CC0\Greater Rhea_sound\Greater Rhea15.mp3
Greater Rhea_sound/Greater Rhea17,D:\other\Bird\Code\data\kaggle_training_wav_cache_sp\Greater Rhea_sound\Greater Rhea17.wav,Greater Rhea_sound,42,16.6580625,39,train,D:\other\Bird\Code\data\kaggle_training_wav_cache_sp\Greater Rhea_sound\Greater Rhea17.wav,16.6580625,True,D:\other\Bird\Dataset\CC0\Greater Rhea_sound\Greater Rhea17.mp3
Greater Rhea_sound/Greater Rhea18,D:\other\Bird\Code\data\kaggle_training_wav_cache_sp\Greater Rhea_sound\Greater Rhea18.wav,Greater Rhea_sound,42,16.752,39,train,D:\other\Bird\Code\data\kaggle_training_wav_cache_sp\Greater Rhea_sound\Greater Rhea18.wav,16.752,True,D:\other\Bird\Dataset\CC0\Greater Rhea_sound\Greater Rhea18.mp3
Greater Rhea_sound/Greater Rhea19,D:\other\Bird\Code\data\kaggle_training_wav_cache_sp\Greater Rhea_sound\Greater Rhea19.wav,Greater Rhea_sound,42,16.752,39,train,D:\other\Bird\Code\data\kaggle_training_wav_cache_sp\Greater Rhea_sound\Greater Rhea19.wav,16.752,True,D:\other\Bird\Dataset\CC0\Greater Rhea_sound\Greater Rhea19.mp3
Greater Rhea_sound/Greater Rhea2,D:\other\Bird\Code\data\kaggle_training_wav_cache_sp\Greater Rhea_sound\Greater Rhea2.wav,Greater Rhea_sound,42,28.368,39,test,D:\other\Bird\Code\data\kaggle_training_wav_cache_sp\Greater Rhea_sound\Greater Rhea2.wav,28.368,True,D:\other\Bird\Dataset\CC0\Greater Rhea_sound\Greater Rhea2.mp3
Greater Rhea_sound/Greater Rhea20,D:\other\Bird\Code\data\kaggle_training_wav_cache_sp\Greater Rhea_sound\Greater Rhea20.wav,Greater Rhea_sound,42,16.752,39,train,D:\other\Bird\Code\data\kaggle_training_wav_cache_sp\Greater Rhea_sound\Greater Rhea20.wav,16.752,True,D:\other\Bird\Dataset\CC0\Greater Rhea_sound\Greater Rhea20.mp3
Greater Rhea_sound/Greater Rhea3,D:\other\Bird\Code\data\kaggle_training_wav_cache_sp\Greater Rhea_sound\Greater Rhea3.wav,Greater Rhea_sound,42,74.768,39,val,D:\other\Bird\Code\data\kaggle_training_wav_cache_sp\Greater Rhea_sound\Greater Rhea3.wav,74.768,True,D:\other\Bird\Dataset\CC0\Greater Rhea_sound\Greater Rhea3.mp3
Greater Rhea_sound/Greater Rhea4,D:\other\Bird\Code\data\kaggle_training_wav_cache_sp\Greater Rhea_sound\Greater Rhea4.wav,Greater Rhea_sound,42,74.768,39,train,D:\other\Bird\Code\data\kaggle_training_wav_cache_sp\Greater Rhea_sound\Greater Rhea4.wav,74.768,True,D:\other\Bird\Dataset\CC0\Greater Rhea_sound\Greater Rhea4.mp3
Greater Rhea_sound/Greater Rhea5,D:\other\Bird\Code\data\kaggle_training_wav_cache_sp\Greater Rhea_sound\Greater Rhea5.wav,Greater Rhea_sound,42,37.616,39,train,D:\other\Bird\Code\data\kaggle_training_wav_cache_sp\Greater Rhea_sound\Greater Rhea5.wav,37.616,True,D:\other\Bird\Dataset\CC0\Greater Rhea_sound\Greater Rhea5.mp3
Greater Rhea_sound/Greater Rhea6,D:\other\Bird\Code\data\kaggle_training_wav_cache_sp\Greater Rhea_sound\Greater Rhea6.wav,Greater Rhea_sound,42,37.616,39,train,D:\other\Bird\Code\data\kaggle_training_wav_cache_sp\Greater Rhea_sound\Greater Rhea6.wav,37.616,True,D:\other\Bird\Dataset\CC0\Greater Rhea_sound\Greater Rhea6.mp3
Greater Rhea_sound/Greater Rhea7,D:\other\Bird\Code\data\kaggle_training_wav_cache_sp\Greater Rhea_sound\Greater Rhea7.wav,Greater Rhea_sound,42,7.18653125,39,val,D:\other\Bird\Code\data\kaggle_training_wav_cache_sp\Greater Rhea_sound\Greater Rhea7.wav,7.18653125,True,D:\other\Bird\Dataset\CC0\Greater Rhea_sound\Greater Rhea7.mp3
Greater Rhea_sound/Greater Rhea8,D:\other\Bird\Code\data\kaggle_training_wav_cache_sp\Greater Rhea_sound\Greater Rhea8.wav,Greater Rhea_sound,42,6.42075,39,train,D:\other\Bird\Code\data\kaggle_training_wav_cache_sp\Greater Rhea_sound\Greater Rhea8.wav,6.42075,True,D:\other\Bird\Dataset\CC0\Greater Rhea_sound\Greater Rhea8.mp3
Grey Tinamou_sound/Grey Tinamou10,D:\other\Bird\Code\data\kaggle_training_wav_cache_sp\Grey Tinamou_sound\Grey Tinamou10.wav,Grey Tinamou_sound,43,6.0444375,40,train,D:\other\Bird\Code\data\kaggle_training_wav_cache_sp\Grey Tinamou_sound\Grey Tinamou10.wav,6.0444375,True,D:\other\Bird\Dataset\CC0\Grey Tinamou_sound\Grey Tinamou10.mp3
Grey Tinamou_sound/Grey Tinamou11,D:\other\Bird\Code\data\kaggle_training_wav_cache_sp\Grey Tinamou_sound\Grey Tinamou11.wav,Grey Tinamou_sound,43,48.096,40,train,D:\other\Bird\Code\data\kaggle_training_wav_cache_sp\Grey Tinamou_sound\Grey Tinamou11.wav,48.096,True,D:\other\Bird\Dataset\CC0\Grey Tinamou_sound\Grey Tinamou11.mp3
Grey Tinamou_sound/Grey Tinamou12,D:\other\Bird\Code\data\kaggle_training_wav_cache_sp\Grey Tinamou_sound\Grey Tinamou12.wav,Grey Tinamou_sound,43,19.056,40,train,D:\other\Bird\Code\data\kaggle_training_wav_cache_sp\Grey Tinamou_sound\Grey Tinamou12.wav,19.056,True,D:\other\Bird\Dataset\CC0\Grey Tinamou_sound\Grey Tinamou12.mp3
Grey Tinamou_sound/Grey Tinamou13,D:\other\Bird\Code\data\kaggle_training_wav_cache_sp\Grey Tinamou_sound\Grey Tinamou13.wav,Grey Tinamou_sound,43,27.744,40,train,D:\other\Bird\Code\data\kaggle_training_wav_cache_sp\Grey Tinamou_sound\Grey Tinamou13.wav,27.744,True,D:\other\Bird\Dataset\CC0\Grey Tinamou_sound\Grey Tinamou13.mp3
Grey Tinamou_sound/Grey Tinamou14,D:\other\Bird\Code\data\kaggle_training_wav_cache_sp\Grey Tinamou_sound\Grey Tinamou14.wav,Grey Tinamou_sound,43,21.66990625,40,test,D:\other\Bird\Code\data\kaggle_training_wav_cache_sp\Grey Tinamou_sound\Grey Tinamou14.wav,21.66990625,True,D:\other\Bird\Dataset\CC0\Grey Tinamou_sound\Grey Tinamou14.mp3
Grey Tinamou_sound/Grey Tinamou15,D:\other\Bird\Code\data\kaggle_training_wav_cache_sp\Grey Tinamou_sound\Grey Tinamou15.wav,Grey Tinamou_sound,43,5.28,40,val,D:\other\Bird\Code\data\kaggle_training_wav_cache_sp\Grey Tinamou_sound\Grey Tinamou15.wav,5.28,True,D:\other\Bird\Dataset\CC0\Grey Tinamou_sound\Grey Tinamou15.mp3
Grey Tinamou_sound/Grey Tinamou16,D:\other\Bird\Code\data\kaggle_training_wav_cache_sp\Grey Tinamou_sound\Grey Tinamou16.wav,Grey Tinamou_sound,43,26.64596875,40,test,D:\other\Bird\Code\data\kaggle_training_wav_cache_sp\Grey Tinamou_sound\Grey Tinamou16.wav,26.64596875,True,D:\other\Bird\Dataset\CC0\Grey Tinamou_sound\Grey Tinamou16.mp3
Grey Tinamou_sound/Grey Tinamou18,D:\other\Bird\Code\data\kaggle_training_wav_cache_sp\Grey Tinamou_sound\Grey Tinamou18.wav,Grey Tinamou_sound,43,33.95665625,40,test,D:\other\Bird\Code\data\kaggle_training_wav_cache_sp\Grey Tinamou_sound\Grey Tinamou18.wav,33.95665625,True,D:\other\Bird\Dataset\CC0\Grey Tinamou_sound\Grey Tinamou18.mp3
Grey Tinamou_sound/Grey Tinamou19,D:\other\Bird\Code\data\kaggle_training_wav_cache_sp\Grey Tinamou_sound\Grey Tinamou19.wav,Grey Tinamou_sound,43,7.984,40,train,D:\other\Bird\Code\data\kaggle_training_wav_cache_sp\Grey Tinamou_sound\Grey Tinamou19.wav,7.984,True,D:\other\Bird\Dataset\CC0\Grey Tinamou_sound\Grey Tinamou19.mp3
Grey Tinamou_sound/Grey Tinamou2,D:\other\Bird\Code\data\kaggle_training_wav_cache_sp\Grey Tinamou_sound\Grey Tinamou2.wav,Grey Tinamou_sound,43,8.464,40,train,D:\other\Bird\Code\data\kaggle_training_wav_cache_sp\Grey Tinamou_sound\Grey Tinamou2.wav,8.464,True,D:\other\Bird\Dataset\CC0\Grey Tinamou_sound\Grey Tinamou2.mp3
Grey Tinamou_sound/Grey Tinamou20,D:\other\Bird\Code\data\kaggle_training_wav_cache_sp\Grey Tinamou_sound\Grey Tinamou20.wav,Grey Tinamou_sound,43,46.304,40,val,D:\other\Bird\Code\data\kaggle_training_wav_cache_sp\Grey Tinamou_sound\Grey Tinamou20.wav,46.304,True,D:\other\Bird\Dataset\CC0\Grey Tinamou_sound\Grey Tinamou20.mp3
Grey Tinamou_sound/Grey Tinamou21,D:\other\Bird\Code\data\kaggle_training_wav_cache_sp\Grey Tinamou_sound\Grey Tinamou21.wav,Grey Tinamou_sound,43,46.304,40,train,D:\other\Bird\Code\data\kaggle_training_wav_cache_sp\Grey Tinamou_sound\Grey Tinamou21.wav,46.304,True,D:\other\Bird\Dataset\CC0\Grey Tinamou_sound\Grey Tinamou21.mp3
Grey Tinamou_sound/Grey Tinamou22,D:\other\Bird\Code\data\kaggle_training_wav_cache_sp\Grey Tinamou_sound\Grey Tinamou22.wav,Grey Tinamou_sound,43,232.608,40,train,D:\other\Bird\Code\data\kaggle_training_wav_cache_sp\Grey Tinamou_sound\Grey Tinamou22.wav,232.608,True,D:\other\Bird\Dataset\CC0\Grey Tinamou_sound\Grey Tinamou22.mp3
Grey Tinamou_sound/Grey Tinamou23,D:\other\Bird\Code\data\kaggle_training_wav_cache_sp\Grey Tinamou_sound\Grey Tinamou23.wav,Grey Tinamou_sound,43,246.64,40,train,D:\other\Bird\Code\data\kaggle_training_wav_cache_sp\Grey Tinamou_sound\Grey Tinamou23.wav,246.64,True,D:\other\Bird\Dataset\CC0\Grey Tinamou_sound\Grey Tinamou23.mp3
Grey Tinamou_sound/Grey Tinamou24,D:\other\Bird\Code\data\kaggle_training_wav_cache_sp\Grey Tinamou_sound\Grey Tinamou24.wav,Grey Tinamou_sound,43,246.64,40,test,D:\other\Bird\Code\data\kaggle_training_wav_cache_sp\Grey Tinamou_sound\Grey Tinamou24.wav,246.64,True,D:\other\Bird\Dataset\CC0\Grey Tinamou_sound\Grey Tinamou24.mp3
Grey Tinamou_sound/Grey Tinamou25,D:\other\Bird\Code\data\kaggle_training_wav_cache_sp\Grey Tinamou_sound\Grey Tinamou25.wav,Grey Tinamou_sound,43,246.64,40,train,D:\other\Bird\Code\data\kaggle_training_wav_cache_sp\Grey Tinamou_sound\Grey Tinamou25.wav,246.64,True,D:\other\Bird\Dataset\CC0\Grey Tinamou_sound\Grey Tinamou25.mp3
Grey Tinamou_sound/Grey Tinamou26,D:\other\Bird\Code\data\kaggle_training_wav_cache_sp\Grey Tinamou_sound\Grey Tinamou26.wav,Grey Tinamou_sound,43,246.64,40,train,D:\other\Bird\Code\data\kaggle_training_wav_cache_sp\Grey Tinamou_sound\Grey Tinamou26.wav,246.64,True,D:\other\Bird\Dataset\CC0\Grey Tinamou_sound\Grey Tinamou26.mp3
Grey Tinamou_sound/Grey Tinamou27,D:\other\Bird\Code\data\kaggle_training_wav_cache_sp\Grey Tinamou_sound\Grey Tinamou27.wav,Grey Tinamou_sound,43,246.64,40,train,D:\other\Bird\Code\data\kaggle_training_wav_cache_sp\Grey Tinamou_sound\Grey Tinamou27.wav,246.64,True,D:\other\Bird\Dataset\CC0\Grey Tinamou_sound\Grey Tinamou27.mp3
Grey Tinamou_sound/Grey Tinamou28,D:\other\Bird\Code\data\kaggle_training_wav_cache_sp\Grey Tinamou_sound\Grey Tinamou28.wav,Grey Tinamou_sound,43,7.04,40,train,D:\other\Bird\Code\data\kaggle_training_wav_cache_sp\Grey Tinamou_sound\Grey Tinamou28.wav,7.04,True,D:\other\Bird\Dataset\CC0\Grey Tinamou_sound\Grey Tinamou28.mp3
Grey Tinamou_sound/Grey Tinamou29,D:\other\Bird\Code\data\kaggle_training_wav_cache_sp\Grey Tinamou_sound\Grey Tinamou29.wav,Grey Tinamou_sound,43,10.912,40,train,D:\other\Bird\Code\data\kaggle_training_wav_cache_sp\Grey Tinamou_sound\Grey Tinamou29.wav,10.912,True,D:\other\Bird\Dataset\CC0\Grey Tinamou_sound\Grey Tinamou29.mp3
Grey Tinamou_sound/Grey Tinamou3,D:\other\Bird\Code\data\kaggle_training_wav_cache_sp\Grey Tinamou_sound\Grey Tinamou3.wav,Grey Tinamou_sound,43,8.464,40,train,D:\other\Bird\Code\data\kaggle_training_wav_cache_sp\Grey Tinamou_sound\Grey Tinamou3.wav,8.464,True,D:\other\Bird\Dataset\CC0\Grey Tinamou_sound\Grey Tinamou3.mp3
Grey Tinamou_sound/Grey Tinamou30,D:\other\Bird\Code\data\kaggle_training_wav_cache_sp\Grey Tinamou_sound\Grey Tinamou30.wav,Grey Tinamou_sound,43,10.912,40,train,D:\other\Bird\Code\data\kaggle_training_wav_cache_sp\Grey Tinamou_sound\Grey Tinamou30.wav,10.912,True,D:\other\Bird\Dataset\CC0\Grey Tinamou_sound\Grey Tinamou30.mp3
Grey Tinamou_sound/Grey Tinamou31,D:\other\Bird\Code\data\kaggle_training_wav_cache_sp\Grey Tinamou_sound\Grey Tinamou31.wav,Grey Tinamou_sound,43,10.912,40,train,D:\other\Bird\Code\data\kaggle_training_wav_cache_sp\Grey Tinamou_sound\Grey Tinamou31.wav,10.912,True,D:\other\Bird\Dataset\CC0\Grey Tinamou_sound\Grey Tinamou31.mp3
Grey Tinamou_sound/Grey Tinamou4,D:\other\Bird\Code\data\kaggle_training_wav_cache_sp\Grey Tinamou_sound\Grey Tinamou4.wav,Grey Tinamou_sound,43,8.464,40,train,D:\other\Bird\Code\data\kaggle_training_wav_cache_sp\Grey Tinamou_sound\Grey Tinamou4.wav,8.464,True,D:\other\Bird\Dataset\CC0\Grey Tinamou_sound\Grey Tinamou4.mp3
Grey Tinamou_sound/Grey Tinamou5,D:\other\Bird\Code\data\kaggle_training_wav_cache_sp\Grey Tinamou_sound\Grey Tinamou5.wav,Grey Tinamou_sound,43,8.464,40,val,D:\other\Bird\Code\data\kaggle_training_wav_cache_sp\Grey Tinamou_sound\Grey Tinamou5.wav,8.464,True,D:\other\Bird\Dataset\CC0\Grey Tinamou_sound\Grey Tinamou5.mp3
Grey Tinamou_sound/Grey Tinamou6,D:\other\Bird\Code\data\kaggle_training_wav_cache_sp\Grey Tinamou_sound\Grey Tinamou6.wav,Grey Tinamou_sound,43,208.2860625,40,val,D:\other\Bird\Code\data\kaggle_training_wav_cache_sp\Grey Tinamou_sound\Grey Tinamou6.wav,208.2860625,True,D:\other\Bird\Dataset\CC0\Grey Tinamou_sound\Grey Tinamou6.mp3
Grey Tinamou_sound/Grey Tinamou7,D:\other\Bird\Code\data\kaggle_training_wav_cache_sp\Grey Tinamou_sound\Grey Tinamou7.wav,Grey Tinamou_sound,43,43.90728125,40,train,D:\other\Bird\Code\data\kaggle_training_wav_cache_sp\Grey Tinamou_sound\Grey Tinamou7.wav,43.90728125,True,D:\other\Bird\Dataset\CC0\Grey Tinamou_sound\Grey Tinamou7.mp3
Grey-headed Chachalaca_sound/Grey-headed Chachalaca10,D:\other\Bird\Code\data\kaggle_training_wav_cache_sp\Grey-headed Chachalaca_sound\Grey-headed Chachalaca10.wav,Grey-headed Chachalaca_sound,44,21.232,41,train,D:\other\Bird\Code\data\kaggle_training_wav_cache_sp\Grey-headed Chachalaca_sound\Grey-headed Chachalaca10.wav,21.232,True,D:\other\Bird\Dataset\CC0\Grey-headed Chachalaca_sound\Grey-headed Chachalaca10.mp3
Grey-headed Chachalaca_sound/Grey-headed Chachalaca11,D:\other\Bird\Code\data\kaggle_training_wav_cache_sp\Grey-headed Chachalaca_sound\Grey-headed Chachalaca11.wav,Grey-headed Chachalaca_sound,44,21.232,41,val,D:\other\Bird\Code\data\kaggle_training_wav_cache_sp\Grey-headed Chachalaca_sound\Grey-headed Chachalaca11.wav,21.232,True,D:\other\Bird\Dataset\CC0\Grey-headed Chachalaca_sound\Grey-headed Chachalaca11.mp3
Grey-headed Chachalaca_sound/Grey-headed Chachalaca12,D:\other\Bird\Code\data\kaggle_training_wav_cache_sp\Grey-headed Chachalaca_sound\Grey-headed Chachalaca12.wav,Grey-headed Chachalaca_sound,44,43.472,41,test,D:\other\Bird\Code\data\kaggle_training_wav_cache_sp\Grey-headed Chachalaca_sound\Grey-headed Chachalaca12.wav,43.472,True,D:\other\Bird\Dataset\CC0\Grey-headed Chachalaca_sound\Grey-headed Chachalaca12.mp3
Grey-headed Chachalaca_sound/Grey-headed Chachalaca13,D:\other\Bird\Code\data\kaggle_training_wav_cache_sp\Grey-headed Chachalaca_sound\Grey-headed Chachalaca13.wav,Grey-headed Chachalaca_sound,44,92.736,41,train,D:\other\Bird\Code\data\kaggle_training_wav_cache_sp\Grey-headed Chachalaca_sound\Grey-headed Chachalaca13.wav,92.736,True,D:\other\Bird\Dataset\CC0\Grey-headed Chachalaca_sound\Grey-headed Chachalaca13.mp3
Grey-headed Chachalaca_sound/Grey-headed Chachalaca14,D:\other\Bird\Code\data\kaggle_training_wav_cache_sp\Grey-headed Chachalaca_sound\Grey-headed Chachalaca14.wav,Grey-headed Chachalaca_sound,44,59.168,41,test,D:\other\Bird\Code\data\kaggle_training_wav_cache_sp\Grey-headed Chachalaca_sound\Grey-headed Chachalaca14.wav,59.168,True,D:\other\Bird\Dataset\CC0\Grey-headed Chachalaca_sound\Grey-headed Chachalaca14.mp3
Grey-headed Chachalaca_sound/Grey-headed Chachalaca15,D:\other\Bird\Code\data\kaggle_training_wav_cache_sp\Grey-headed Chachalaca_sound\Grey-headed Chachalaca15.wav,Grey-headed Chachalaca_sound,44,45.968,41,train,D:\other\Bird\Code\data\kaggle_training_wav_cache_sp\Grey-headed Chachalaca_sound\Grey-headed Chachalaca15.wav,45.968,True,D:\other\Bird\Dataset\CC0\Grey-headed Chachalaca_sound\Grey-headed Chachalaca15.mp3
Grey-headed Chachalaca_sound/Grey-headed Chachalaca16,D:\other\Bird\Code\data\kaggle_training_wav_cache_sp\Grey-headed Chachalaca_sound\Grey-headed Chachalaca16.wav,Grey-headed Chachalaca_sound,44,58.5511875,41,train,D:\other\Bird\Code\data\kaggle_training_wav_cache_sp\Grey-headed Chachalaca_sound\Grey-headed Chachalaca16.wav,58.5511875,True,D:\other\Bird\Dataset\CC0\Grey-headed Chachalaca_sound\Grey-headed Chachalaca16.mp3
Grey-headed Chachalaca_sound/Grey-headed Chachalaca17,D:\other\Bird\Code\data\kaggle_training_wav_cache_sp\Grey-headed Chachalaca_sound\Grey-headed Chachalaca17.wav,Grey-headed Chachalaca_sound,44,7.728,41,train,D:\other\Bird\Code\data\kaggle_training_wav_cache_sp\Grey-headed Chachalaca_sound\Grey-headed Chachalaca17.wav,7.728,True,D:\other\Bird\Dataset\CC0\Grey-headed Chachalaca_sound\Grey-headed Chachalaca17.mp3
Grey-headed Chachalaca_sound/Grey-headed Chachalaca18,D:\other\Bird\Code\data\kaggle_training_wav_cache_sp\Grey-headed Chachalaca_sound\Grey-headed Chachalaca18.wav,Grey-headed Chachalaca_sound,44,7.728,41,train,D:\other\Bird\Code\data\kaggle_training_wav_cache_sp\Grey-headed Chachalaca_sound\Grey-headed Chachalaca18.wav,7.728,True,D:\other\Bird\Dataset\CC0\Grey-headed Chachalaca_sound\Grey-headed Chachalaca18.mp3
Grey-headed Chachalaca_sound/Grey-headed Chachalaca19,D:\other\Bird\Code\data\kaggle_training_wav_cache_sp\Grey-headed Chachalaca_sound\Grey-headed Chachalaca19.wav,Grey-headed Chachalaca_sound,44,346.9315625,41,test,D:\other\Bird\Code\data\kaggle_training_wav_cache_sp\Grey-headed Chachalaca_sound\Grey-headed Chachalaca19.wav,346.9315625,True,D:\other\Bird\Dataset\CC0\Grey-headed Chachalaca_sound\Grey-headed Chachalaca19.mp3
Grey-headed Chachalaca_sound/Grey-headed Chachalaca2,D:\other\Bird\Code\data\kaggle_training_wav_cache_sp\Grey-headed Chachalaca_sound\Grey-headed Chachalaca2.wav,Grey-headed Chachalaca_sound,44,16.448,41,train,D:\other\Bird\Code\data\kaggle_training_wav_cache_sp\Grey-headed Chachalaca_sound\Grey-headed Chachalaca2.wav,16.448,True,D:\other\Bird\Dataset\CC0\Grey-headed Chachalaca_sound\Grey-headed Chachalaca2.mp3
Grey-headed Chachalaca_sound/Grey-headed Chachalaca20,D:\other\Bird\Code\data\kaggle_training_wav_cache_sp\Grey-headed Chachalaca_sound\Grey-headed Chachalaca20.wav,Grey-headed Chachalaca_sound,44,10.38371875,41,train,D:\other\Bird\Code\data\kaggle_training_wav_cache_sp\Grey-headed Chachalaca_sound\Grey-headed Chachalaca20.wav,10.38371875,True,D:\other\Bird\Dataset\CC0\Grey-headed Chachalaca_sound\Grey-headed Chachalaca20.mp3
Grey-headed Chachalaca_sound/Grey-headed Chachalaca21,D:\other\Bird\Code\data\kaggle_training_wav_cache_sp\Grey-headed Chachalaca_sound\Grey-headed Chachalaca21.wav,Grey-headed Chachalaca_sound,44,145.136,41,train,D:\other\Bird\Code\data\kaggle_training_wav_cache_sp\Grey-headed Chachalaca_sound\Grey-headed Chachalaca21.wav,145.136,True,D:\other\Bird\Dataset\CC0\Grey-headed Chachalaca_sound\Grey-headed Chachalaca21.mp3
Grey-headed Chachalaca_sound/Grey-headed Chachalaca22,D:\other\Bird\Code\data\kaggle_training_wav_cache_sp\Grey-headed Chachalaca_sound\Grey-headed Chachalaca22.wav,Grey-headed Chachalaca_sound,44,145.136,41,val,D:\other\Bird\Code\data\kaggle_training_wav_cache_sp\Grey-headed Chachalaca_sound\Grey-headed Chachalaca22.wav,145.136,True,D:\other\Bird\Dataset\CC0\Grey-headed Chachalaca_sound\Grey-headed Chachalaca22.mp3
Grey-headed Chachalaca_sound/Grey-headed Chachalaca23,D:\other\Bird\Code\data\kaggle_training_wav_cache_sp\Grey-headed Chachalaca_sound\Grey-headed Chachalaca23.wav,Grey-headed Chachalaca_sound,44,145.136,41,train,D:\other\Bird\Code\data\kaggle_training_wav_cache_sp\Grey-headed Chachalaca_sound\Grey-headed Chachalaca23.wav,145.136,True,D:\other\Bird\Dataset\CC0\Grey-headed Chachalaca_sound\Grey-headed Chachalaca23.mp3
Grey-headed Chachalaca_sound/Grey-headed Chachalaca24,D:\other\Bird\Code\data\kaggle_training_wav_cache_sp\Grey-headed Chachalaca_sound\Grey-headed Chachalaca24.wav,Grey-headed Chachalaca_sound,44,67.952,41,train,D:\other\Bird\Code\data\kaggle_training_wav_cache_sp\Grey-headed Chachalaca_sound\Grey-headed Chachalaca24.wav,67.952,True,D:\other\Bird\Dataset\CC0\Grey-headed Chachalaca_sound\Grey-headed Chachalaca24.mp3
Grey-headed Chachalaca_sound/Grey-headed Chachalaca25,D:\other\Bird\Code\data\kaggle_training_wav_cache_sp\Grey-headed Chachalaca_sound\Grey-headed Chachalaca25.wav,Grey-headed Chachalaca_sound,44,48.3219375,41,train,D:\other\Bird\Code\data\kaggle_training_wav_cache_sp\Grey-headed Chachalaca_sound\Grey-headed Chachalaca25.wav,48.3219375,True,D:\other\Bird\Dataset\CC0\Grey-headed Chachalaca_sound\Grey-headed Chachalaca25.mp3
Grey-headed Chachalaca_sound/Grey-headed Chachalaca26,D:\other\Bird\Code\data\kaggle_training_wav_cache_sp\Grey-headed Chachalaca_sound\Grey-headed Chachalaca26.wav,Grey-headed Chachalaca_sound,44,48.3219375,41,train,D:\other\Bird\Code\data\kaggle_training_wav_cache_sp\Grey-headed Chachalaca_sound\Grey-headed Chachalaca26.wav,48.3219375,True,D:\other\Bird\Dataset\CC0\Grey-headed Chachalaca_sound\Grey-headed Chachalaca26.mp3
Grey-headed Chachalaca_sound/Grey-headed Chachalaca27,D:\other\Bird\Code\data\kaggle_training_wav_cache_sp\Grey-headed Chachalaca_sound\Grey-headed Chachalaca27.wav,Grey-headed Chachalaca_sound,44,32.288,41,train,D:\other\Bird\Code\data\kaggle_training_wav_cache_sp\Grey-headed Chachalaca_sound\Grey-headed Chachalaca27.wav,32.288,True,D:\other\Bird\Dataset\CC0\Grey-headed Chachalaca_sound\Grey-headed Chachalaca27.mp3
Grey-headed Chachalaca_sound/Grey-headed Chachalaca28,D:\other\Bird\Code\data\kaggle_training_wav_cache_sp\Grey-headed Chachalaca_sound\Grey-headed Chachalaca28.wav,Grey-headed Chachalaca_sound,44,46.912,41,test,D:\other\Bird\Code\data\kaggle_training_wav_cache_sp\Grey-headed Chachalaca_sound\Grey-headed Chachalaca28.wav,46.912,True,D:\other\Bird\Dataset\CC0\Grey-headed Chachalaca_sound\Grey-headed Chachalaca28.mp3
Grey-headed Chachalaca_sound/Grey-headed Chachalaca29,D:\other\Bird\Code\data\kaggle_training_wav_cache_sp\Grey-headed Chachalaca_sound\Grey-headed Chachalaca29.wav,Grey-headed Chachalaca_sound,44,14.896,41,train,D:\other\Bird\Code\data\kaggle_training_wav_cache_sp\Grey-headed Chachalaca_sound\Grey-headed Chachalaca29.wav,14.896,True,D:\other\Bird\Dataset\CC0\Grey-headed Chachalaca_sound\Grey-headed Chachalaca29.mp3
Grey-headed Chachalaca_sound/Grey-headed Chachalaca3,D:\other\Bird\Code\data\kaggle_training_wav_cache_sp\Grey-headed Chachalaca_sound\Grey-headed Chachalaca3.wav,Grey-headed Chachalaca_sound,44,33.46809375,41,train,D:\other\Bird\Code\data\kaggle_training_wav_cache_sp\Grey-headed Chachalaca_sound\Grey-headed Chachalaca3.wav,33.46809375,True,D:\other\Bird\Dataset\CC0\Grey-headed Chachalaca_sound\Grey-headed Chachalaca3.mp3
Grey-headed Chachalaca_sound/Grey-headed Chachalaca30,D:\other\Bird\Code\data\kaggle_training_wav_cache_sp\Grey-headed Chachalaca_sound\Grey-headed Chachalaca30.wav,Grey-headed Chachalaca_sound,44,5.04165625,41,train,D:\other\Bird\Code\data\kaggle_training_wav_cache_sp\Grey-headed Chachalaca_sound\Grey-headed Chachalaca30.wav,5.04165625,True,D:\other\Bird\Dataset\CC0\Grey-headed Chachalaca_sound\Grey-headed Chachalaca30.mp3
Grey-headed Chachalaca_sound/Grey-headed Chachalaca31,D:\other\Bird\Code\data\kaggle_training_wav_cache_sp\Grey-headed Chachalaca_sound\Grey-headed Chachalaca31.wav,Grey-headed Chachalaca_sound,44,5.04165625,41,train,D:\other\Bird\Code\data\kaggle_training_wav_cache_sp\Grey-headed Chachalaca_sound\Grey-headed Chachalaca31.wav,5.04165625,True,D:\other\Bird\Dataset\CC0\Grey-headed Chachalaca_sound\Grey-headed Chachalaca31.mp3
Grey-headed Chachalaca_sound/Grey-headed Chachalaca4,D:\other\Bird\Code\data\kaggle_training_wav_cache_sp\Grey-headed Chachalaca_sound\Grey-headed Chachalaca4.wav,Grey-headed Chachalaca_sound,44,293.57103125,41,train,D:\other\Bird\Code\data\kaggle_training_wav_cache_sp\Grey-headed Chachalaca_sound\Grey-headed Chachalaca4.wav,293.57103125,True,D:\other\Bird\Dataset\CC0\Grey-headed Chachalaca_sound\Grey-headed Chachalaca4.mp3
Grey-headed Chachalaca_sound/Grey-headed Chachalaca5,D:\other\Bird\Code\data\kaggle_training_wav_cache_sp\Grey-headed Chachalaca_sound\Grey-headed Chachalaca5.wav,Grey-headed Chachalaca_sound,44,80.672,41,val,D:\other\Bird\Code\data\kaggle_training_wav_cache_sp\Grey-headed Chachalaca_sound\Grey-headed Chachalaca5.wav,80.672,True,D:\other\Bird\Dataset\CC0\Grey-headed Chachalaca_sound\Grey-headed Chachalaca5.mp3
Grey-headed Chachalaca_sound/Grey-headed Chachalaca6,D:\other\Bird\Code\data\kaggle_training_wav_cache_sp\Grey-headed Chachalaca_sound\Grey-headed Chachalaca6.wav,Grey-headed Chachalaca_sound,44,15.7146875,41,val,D:\other\Bird\Code\data\kaggle_training_wav_cache_sp\Grey-headed Chachalaca_sound\Grey-headed Chachalaca6.wav,15.7146875,True,D:\other\Bird\Dataset\CC0\Grey-headed Chachalaca_sound\Grey-headed Chachalaca6.mp3
Grey-headed Chachalaca_sound/Grey-headed Chachalaca7,D:\other\Bird\Code\data\kaggle_training_wav_cache_sp\Grey-headed Chachalaca_sound\Grey-headed Chachalaca7.wav,Grey-headed Chachalaca_sound,44,18.736,41,train,D:\other\Bird\Code\data\kaggle_training_wav_cache_sp\Grey-headed Chachalaca_sound\Grey-headed Chachalaca7.wav,18.736,True,D:\other\Bird\Dataset\CC0\Grey-headed Chachalaca_sound\Grey-headed Chachalaca7.mp3
Grey-headed Chachalaca_sound/Grey-headed Chachalaca8,D:\other\Bird\Code\data\kaggle_training_wav_cache_sp\Grey-headed Chachalaca_sound\Grey-headed Chachalaca8.wav,Grey-headed Chachalaca_sound,44,18.736,41,train,D:\other\Bird\Code\data\kaggle_training_wav_cache_sp\Grey-headed Chachalaca_sound\Grey-headed Chachalaca8.wav,18.736,True,D:\other\Bird\Dataset\CC0\Grey-headed Chachalaca_sound\Grey-headed Chachalaca8.mp3
Grey-headed Chachalaca_sound/Grey-headed Chachalaca9,D:\other\Bird\Code\data\kaggle_training_wav_cache_sp\Grey-headed Chachalaca_sound\Grey-headed Chachalaca9.wav,Grey-headed Chachalaca_sound,44,21.232,41,train,D:\other\Bird\Code\data\kaggle_training_wav_cache_sp\Grey-headed Chachalaca_sound\Grey-headed Chachalaca9.wav,21.232,True,D:\other\Bird\Dataset\CC0\Grey-headed Chachalaca_sound\Grey-headed Chachalaca9.mp3
Grey-legged Tinamou_sound/Grey-legged Tinamou10,D:\other\Bird\Code\data\kaggle_training_wav_cache_sp\Grey-legged Tinamou_sound\Grey-legged Tinamou10.wav,Grey-legged Tinamou_sound,45,145.3453125,42,train,D:\other\Bird\Code\data\kaggle_training_wav_cache_sp\Grey-legged Tinamou_sound\Grey-legged Tinamou10.wav,145.3453125,True,D:\other\Bird\Dataset\CC0\Grey-legged Tinamou_sound\Grey-legged Tinamou10.mp3
Grey-legged Tinamou_sound/Grey-legged Tinamou11,D:\other\Bird\Code\data\kaggle_training_wav_cache_sp\Grey-legged Tinamou_sound\Grey-legged Tinamou11.wav,Grey-legged Tinamou_sound,45,115.12590625,42,train,D:\other\Bird\Code\data\kaggle_training_wav_cache_sp\Grey-legged Tinamou_sound\Grey-legged Tinamou11.wav,115.12590625,True,D:\other\Bird\Dataset\CC0\Grey-legged Tinamou_sound\Grey-legged Tinamou11.mp3
Grey-legged Tinamou_sound/Grey-legged Tinamou12,D:\other\Bird\Code\data\kaggle_training_wav_cache_sp\Grey-legged Tinamou_sound\Grey-legged Tinamou12.wav,Grey-legged Tinamou_sound,45,61.4260625,42,train,D:\other\Bird\Code\data\kaggle_training_wav_cache_sp\Grey-legged Tinamou_sound\Grey-legged Tinamou12.wav,61.4260625,True,D:\other\Bird\Dataset\CC0\Grey-legged Tinamou_sound\Grey-legged Tinamou12.mp3
Grey-legged Tinamou_sound/Grey-legged Tinamou13,D:\other\Bird\Code\data\kaggle_training_wav_cache_sp\Grey-legged Tinamou_sound\Grey-legged Tinamou13.wav,Grey-legged Tinamou_sound,45,32.016,42,val,D:\other\Bird\Code\data\kaggle_training_wav_cache_sp\Grey-legged Tinamou_sound\Grey-legged Tinamou13.wav,32.016,True,D:\other\Bird\Dataset\CC0\Grey-legged Tinamou_sound\Grey-legged Tinamou13.mp3
Grey-legged Tinamou_sound/Grey-legged Tinamou2,D:\other\Bird\Code\data\kaggle_training_wav_cache_sp\Grey-legged Tinamou_sound\Grey-legged Tinamou2.wav,Grey-legged Tinamou_sound,45,53.104,42,test,D:\other\Bird\Code\data\kaggle_training_wav_cache_sp\Grey-legged Tinamou_sound\Grey-legged Tinamou2.wav,53.104,True,D:\other\Bird\Dataset\CC0\Grey-legged Tinamou_sound\Grey-legged Tinamou2.mp3
Grey-legged Tinamou_sound/Grey-legged Tinamou3,D:\other\Bird\Code\data\kaggle_training_wav_cache_sp\Grey-legged Tinamou_sound\Grey-legged Tinamou3.wav,Grey-legged Tinamou_sound,45,53.104,42,train,D:\other\Bird\Code\data\kaggle_training_wav_cache_sp\Grey-legged Tinamou_sound\Grey-legged Tinamou3.wav,53.104,True,D:\other\Bird\Dataset\CC0\Grey-legged Tinamou_sound\Grey-legged Tinamou3.mp3
Grey-legged Tinamou_sound/Grey-legged Tinamou4,D:\other\Bird\Code\data\kaggle_training_wav_cache_sp\Grey-legged Tinamou_sound\Grey-legged Tinamou4.wav,Grey-legged Tinamou_sound,45,53.104,42,train,D:\other\Bird\Code\data\kaggle_training_wav_cache_sp\Grey-legged Tinamou_sound\Grey-legged Tinamou4.wav,53.104,True,D:\other\Bird\Dataset\CC0\Grey-legged Tinamou_sound\Grey-legged Tinamou4.mp3
Grey-legged Tinamou_sound/Grey-legged Tinamou5,D:\other\Bird\Code\data\kaggle_training_wav_cache_sp\Grey-legged Tinamou_sound\Grey-legged Tinamou5.wav,Grey-legged Tinamou_sound,45,54.576,42,train,D:\other\Bird\Code\data\kaggle_training_wav_cache_sp\Grey-legged Tinamou_sound\Grey-legged Tinamou5.wav,54.576,True,D:\other\Bird\Dataset\CC0\Grey-legged Tinamou_sound\Grey-legged Tinamou5.mp3
Grey-legged Tinamou_sound/Grey-legged Tinamou6,D:\other\Bird\Code\data\kaggle_training_wav_cache_sp\Grey-legged Tinamou_sound\Grey-legged Tinamou6.wav,Grey-legged Tinamou_sound,45,10.7146875,42,val,D:\other\Bird\Code\data\kaggle_training_wav_cache_sp\Grey-legged Tinamou_sound\Grey-legged Tinamou6.wav,10.7146875,True,D:\other\Bird\Dataset\CC0\Grey-legged Tinamou_sound\Grey-legged Tinamou6.mp3
Grey-legged Tinamou_sound/Grey-legged Tinamou7,D:\other\Bird\Code\data\kaggle_training_wav_cache_sp\Grey-legged Tinamou_sound\Grey-legged Tinamou7.wav,Grey-legged Tinamou_sound,45,10.7146875,42,train,D:\other\Bird\Code\data\kaggle_training_wav_cache_sp\Grey-legged Tinamou_sound\Grey-legged Tinamou7.wav,10.7146875,True,D:\other\Bird\Dataset\CC0\Grey-legged Tinamou_sound\Grey-legged Tinamou7.mp3
Grey-legged Tinamou_sound/Grey-legged Tinamou8,D:\other\Bird\Code\data\kaggle_training_wav_cache_sp\Grey-legged Tinamou_sound\Grey-legged Tinamou8.wav,Grey-legged Tinamou_sound,45,225.18565625,42,train,D:\other\Bird\Code\data\kaggle_training_wav_cache_sp\Grey-legged Tinamou_sound\Grey-legged Tinamou8.wav,225.18565625,True,D:\other\Bird\Dataset\CC0\Grey-legged Tinamou_sound\Grey-legged Tinamou8.mp3
Grey-legged Tinamou_sound/Grey-legged Tinamou9,D:\other\Bird\Code\data\kaggle_training_wav_cache_sp\Grey-legged Tinamou_sound\Grey-legged Tinamou9.wav,Grey-legged Tinamou_sound,45,145.3453125,42,test,D:\other\Bird\Code\data\kaggle_training_wav_cache_sp\Grey-legged Tinamou_sound\Grey-legged Tinamou9.wav,145.3453125,True,D:\other\Bird\Dataset\CC0\Grey-legged Tinamou_sound\Grey-legged Tinamou9.mp3
Highland Tinamou_sound/Highland Tinamou10,D:\other\Bird\Code\data\kaggle_training_wav_cache_sp\Highland Tinamou_sound\Highland Tinamou10.wav,Highland Tinamou_sound,46,26.528,43,train,D:\other\Bird\Code\data\kaggle_training_wav_cache_sp\Highland Tinamou_sound\Highland Tinamou10.wav,26.528,True,D:\other\Bird\Dataset\CC0\Highland Tinamou_sound\Highland Tinamou10.mp3
Highland Tinamou_sound/Highland Tinamou11,D:\other\Bird\Code\data\kaggle_training_wav_cache_sp\Highland Tinamou_sound\Highland Tinamou11.wav,Highland Tinamou_sound,46,41.52,43,train,D:\other\Bird\Code\data\kaggle_training_wav_cache_sp\Highland Tinamou_sound\Highland Tinamou11.wav,41.52,True,D:\other\Bird\Dataset\CC0\Highland Tinamou_sound\Highland Tinamou11.mp3
Highland Tinamou_sound/Highland Tinamou12,D:\other\Bird\Code\data\kaggle_training_wav_cache_sp\Highland Tinamou_sound\Highland Tinamou12.wav,Highland Tinamou_sound,46,140.810125,43,train,D:\other\Bird\Code\data\kaggle_training_wav_cache_sp\Highland Tinamou_sound\Highland Tinamou12.wav,140.810125,True,D:\other\Bird\Dataset\CC0\Highland Tinamou_sound\Highland Tinamou12.mp3
Highland Tinamou_sound/Highland Tinamou13,D:\other\Bird\Code\data\kaggle_training_wav_cache_sp\Highland Tinamou_sound\Highland Tinamou13.wav,Highland Tinamou_sound,46,81.3596875,43,train,D:\other\Bird\Code\data\kaggle_training_wav_cache_sp\Highland Tinamou_sound\Highland Tinamou13.wav,81.3596875,True,D:\other\Bird\Dataset\CC0\Highland Tinamou_sound\Highland Tinamou13.mp3
Highland Tinamou_sound/Highland Tinamou14,D:\other\Bird\Code\data\kaggle_training_wav_cache_sp\Highland Tinamou_sound\Highland Tinamou14.wav,Highland Tinamou_sound,46,66.048,43,train,D:\other\Bird\Code\data\kaggle_training_wav_cache_sp\Highland Tinamou_sound\Highland Tinamou14.wav,66.048,True,D:\other\Bird\Dataset\CC0\Highland Tinamou_sound\Highland Tinamou14.mp3
Highland Tinamou_sound/Highland Tinamou15,D:\other\Bird\Code\data\kaggle_training_wav_cache_sp\Highland Tinamou_sound\Highland Tinamou15.wav,Highland Tinamou_sound,46,177.616,43,train,D:\other\Bird\Code\data\kaggle_training_wav_cache_sp\Highland Tinamou_sound\Highland Tinamou15.wav,177.616,True,D:\other\Bird\Dataset\CC0\Highland Tinamou_sound\Highland Tinamou15.mp3
Highland Tinamou_sound/Highland Tinamou16,D:\other\Bird\Code\data\kaggle_training_wav_cache_sp\Highland Tinamou_sound\Highland Tinamou16.wav,Highland Tinamou_sound,46,98.72,43,val,D:\other\Bird\Code\data\kaggle_training_wav_cache_sp\Highland Tinamou_sound\Highland Tinamou16.wav,98.72,True,D:\other\Bird\Dataset\CC0\Highland Tinamou_sound\Highland Tinamou16.mp3
Highland Tinamou_sound/Highland Tinamou17,D:\other\Bird\Code\data\kaggle_training_wav_cache_sp\Highland Tinamou_sound\Highland Tinamou17.wav,Highland Tinamou_sound,46,98.72,43,train,D:\other\Bird\Code\data\kaggle_training_wav_cache_sp\Highland Tinamou_sound\Highland Tinamou17.wav,98.72,True,D:\other\Bird\Dataset\CC0\Highland Tinamou_sound\Highland Tinamou17.mp3
Highland Tinamou_sound/Highland Tinamou18,D:\other\Bird\Code\data\kaggle_training_wav_cache_sp\Highland Tinamou_sound\Highland Tinamou18.wav,Highland Tinamou_sound,46,67.168,43,train,D:\other\Bird\Code\data\kaggle_training_wav_cache_sp\Highland Tinamou_sound\Highland Tinamou18.wav,67.168,True,D:\other\Bird\Dataset\CC0\Highland Tinamou_sound\Highland Tinamou18.mp3
Highland Tinamou_sound/Highland Tinamou19,D:\other\Bird\Code\data\kaggle_training_wav_cache_sp\Highland Tinamou_sound\Highland Tinamou19.wav,Highland Tinamou_sound,46,67.168,43,train,D:\other\Bird\Code\data\kaggle_training_wav_cache_sp\Highland Tinamou_sound\Highland Tinamou19.wav,67.168,True,D:\other\Bird\Dataset\CC0\Highland Tinamou_sound\Highland Tinamou19.mp3
Highland Tinamou_sound/Highland Tinamou2,D:\other\Bird\Code\data\kaggle_training_wav_cache_sp\Highland Tinamou_sound\Highland Tinamou2.wav,Highland Tinamou_sound,46,15.69728125,43,train,D:\other\Bird\Code\data\kaggle_training_wav_cache_sp\Highland Tinamou_sound\Highland Tinamou2.wav,15.69728125,True,D:\other\Bird\Dataset\CC0\Highland Tinamou_sound\Highland Tinamou2.mp3
Highland Tinamou_sound/Highland Tinamou20,D:\other\Bird\Code\data\kaggle_training_wav_cache_sp\Highland Tinamou_sound\Highland Tinamou20.wav,Highland Tinamou_sound,46,25.1340625,43,train,D:\other\Bird\Code\data\kaggle_training_wav_cache_sp\Highland Tinamou_sound\Highland Tinamou20.wav,25.1340625,True,D:\other\Bird\Dataset\CC0\Highland Tinamou_sound\Highland Tinamou20.mp3
Highland Tinamou_sound/Highland Tinamou21,D:\other\Bird\Code\data\kaggle_training_wav_cache_sp\Highland Tinamou_sound\Highland Tinamou21.wav,Highland Tinamou_sound,46,25.1340625,43,test,D:\other\Bird\Code\data\kaggle_training_wav_cache_sp\Highland Tinamou_sound\Highland Tinamou21.wav,25.1340625,True,D:\other\Bird\Dataset\CC0\Highland Tinamou_sound\Highland Tinamou21.mp3
Highland Tinamou_sound/Highland Tinamou22,D:\other\Bird\Code\data\kaggle_training_wav_cache_sp\Highland Tinamou_sound\Highland Tinamou22.wav,Highland Tinamou_sound,46,25.1340625,43,test,D:\other\Bird\Code\data\kaggle_training_wav_cache_sp\Highland Tinamou_sound\Highland Tinamou22.wav,25.1340625,True,D:\other\Bird\Dataset\CC0\Highland Tinamou_sound\Highland Tinamou22.mp3
Highland Tinamou_sound/Highland Tinamou23,D:\other\Bird\Code\data\kaggle_training_wav_cache_sp\Highland Tinamou_sound\Highland Tinamou23.wav,Highland Tinamou_sound,46,93.968,43,val,D:\other\Bird\Code\data\kaggle_training_wav_cache_sp\Highland Tinamou_sound\Highland Tinamou23.wav,93.968,True,D:\other\Bird\Dataset\CC0\Highland Tinamou_sound\Highland Tinamou23.mp3
Highland Tinamou_sound/Highland Tinamou24,D:\other\Bird\Code\data\kaggle_training_wav_cache_sp\Highland Tinamou_sound\Highland Tinamou24.wav,Highland Tinamou_sound,46,25.232,43,train,D:\other\Bird\Code\data\kaggle_training_wav_cache_sp\Highland Tinamou_sound\Highland Tinamou24.wav,25.232,True,D:\other\Bird\Dataset\CC0\Highland Tinamou_sound\Highland Tinamou24.mp3
Highland Tinamou_sound/Highland Tinamou25,D:\other\Bird\Code\data\kaggle_training_wav_cache_sp\Highland Tinamou_sound\Highland Tinamou25.wav,Highland Tinamou_sound,46,20.256,43,train,D:\other\Bird\Code\data\kaggle_training_wav_cache_sp\Highland Tinamou_sound\Highland Tinamou25.wav,20.256,True,D:\other\Bird\Dataset\CC0\Highland Tinamou_sound\Highland Tinamou25.mp3
Highland Tinamou_sound/Highland Tinamou26,D:\other\Bird\Code\data\kaggle_training_wav_cache_sp\Highland Tinamou_sound\Highland Tinamou26.wav,Highland Tinamou_sound,46,67.024,43,train,D:\other\Bird\Code\data\kaggle_training_wav_cache_sp\Highland Tinamou_sound\Highland Tinamou26.wav,67.024,True,D:\other\Bird\Dataset\CC0\Highland Tinamou_sound\Highland Tinamou26.mp3
Highland Tinamou_sound/Highland Tinamou27,D:\other\Bird\Code\data\kaggle_training_wav_cache_sp\Highland Tinamou_sound\Highland Tinamou27.wav,Highland Tinamou_sound,46,108.04671875,43,test,D:\other\Bird\Code\data\kaggle_training_wav_cache_sp\Highland Tinamou_sound\Highland Tinamou27.wav,108.04671875,True,D:\other\Bird\Dataset\CC0\Highland Tinamou_sound\Highland Tinamou27.mp3
Highland Tinamou_sound/Highland Tinamou28,D:\other\Bird\Code\data\kaggle_training_wav_cache_sp\Highland Tinamou_sound\Highland Tinamou28.wav,Highland Tinamou_sound,46,76.688,43,val,D:\other\Bird\Code\data\kaggle_training_wav_cache_sp\Highland Tinamou_sound\Highland Tinamou28.wav,76.688,True,D:\other\Bird\Dataset\CC0\Highland Tinamou_sound\Highland Tinamou28.mp3
Highland Tinamou_sound/Highland Tinamou29,D:\other\Bird\Code\data\kaggle_training_wav_cache_sp\Highland Tinamou_sound\Highland Tinamou29.wav,Highland Tinamou_sound,46,76.688,43,test,D:\other\Bird\Code\data\kaggle_training_wav_cache_sp\Highland Tinamou_sound\Highland Tinamou29.wav,76.688,True,D:\other\Bird\Dataset\CC0\Highland Tinamou_sound\Highland Tinamou29.mp3
Highland Tinamou_sound/Highland Tinamou3,D:\other\Bird\Code\data\kaggle_training_wav_cache_sp\Highland Tinamou_sound\Highland Tinamou3.wav,Highland Tinamou_sound,46,15.69728125,43,train,D:\other\Bird\Code\data\kaggle_training_wav_cache_sp\Highland Tinamou_sound\Highland Tinamou3.wav,15.69728125,True,D:\other\Bird\Dataset\CC0\Highland Tinamou_sound\Highland Tinamou3.mp3
Highland Tinamou_sound/Highland Tinamou30,D:\other\Bird\Code\data\kaggle_training_wav_cache_sp\Highland Tinamou_sound\Highland Tinamou30.wav,Highland Tinamou_sound,46,76.688,43,train,D:\other\Bird\Code\data\kaggle_training_wav_cache_sp\Highland Tinamou_sound\Highland Tinamou30.wav,76.688,True,D:\other\Bird\Dataset\CC0\Highland Tinamou_sound\Highland Tinamou30.mp3
Highland Tinamou_sound/Highland Tinamou31,D:\other\Bird\Code\data\kaggle_training_wav_cache_sp\Highland Tinamou_sound\Highland Tinamou31.wav,Highland Tinamou_sound,46,76.688,43,train,D:\other\Bird\Code\data\kaggle_training_wav_cache_sp\Highland Tinamou_sound\Highland Tinamou31.wav,76.688,True,D:\other\Bird\Dataset\CC0\Highland Tinamou_sound\Highland Tinamou31.mp3
Highland Tinamou_sound/Highland Tinamou4,D:\other\Bird\Code\data\kaggle_training_wav_cache_sp\Highland Tinamou_sound\Highland Tinamou4.wav,Highland Tinamou_sound,46,16.496,43,train,D:\other\Bird\Code\data\kaggle_training_wav_cache_sp\Highland Tinamou_sound\Highland Tinamou4.wav,16.496,True,D:\other\Bird\Dataset\CC0\Highland Tinamou_sound\Highland Tinamou4.mp3
Highland Tinamou_sound/Highland Tinamou5,D:\other\Bird\Code\data\kaggle_training_wav_cache_sp\Highland Tinamou_sound\Highland Tinamou5.wav,Highland Tinamou_sound,46,9.296,43,train,D:\other\Bird\Code\data\kaggle_training_wav_cache_sp\Highland Tinamou_sound\Highland Tinamou5.wav,9.296,True,D:\other\Bird\Dataset\CC0\Highland Tinamou_sound\Highland Tinamou5.mp3
Highland Tinamou_sound/Highland Tinamou8,D:\other\Bird\Code\data\kaggle_training_wav_cache_sp\Highland Tinamou_sound\Highland Tinamou8.wav,Highland Tinamou_sound,46,24.336,43,train,D:\other\Bird\Code\data\kaggle_training_wav_cache_sp\Highland Tinamou_sound\Highland Tinamou8.wav,24.336,True,D:\other\Bird\Dataset\CC0\Highland Tinamou_sound\Highland Tinamou8.mp3
Highland Tinamou_sound/Highland Tinamou9,D:\other\Bird\Code\data\kaggle_training_wav_cache_sp\Highland Tinamou_sound\Highland Tinamou9.wav,Highland Tinamou_sound,46,26.528,43,val,D:\other\Bird\Code\data\kaggle_training_wav_cache_sp\Highland Tinamou_sound\Highland Tinamou9.wav,26.528,True,D:\other\Bird\Dataset\CC0\Highland Tinamou_sound\Highland Tinamou9.mp3
Hooded Tinamou_sound/Hooded Tinamou10,D:\other\Bird\Code\data\kaggle_training_wav_cache_sp\Hooded Tinamou_sound\Hooded Tinamou10.wav,Hooded Tinamou_sound,47,30.784,44,train,D:\other\Bird\Code\data\kaggle_training_wav_cache_sp\Hooded Tinamou_sound\Hooded Tinamou10.wav,30.784,True,D:\other\Bird\Dataset\CC0\Hooded Tinamou_sound\Hooded Tinamou10.mp3
Hooded Tinamou_sound/Hooded Tinamou11,D:\other\Bird\Code\data\kaggle_training_wav_cache_sp\Hooded Tinamou_sound\Hooded Tinamou11.wav,Hooded Tinamou_sound,47,38.5729375,44,val,D:\other\Bird\Code\data\kaggle_training_wav_cache_sp\Hooded Tinamou_sound\Hooded Tinamou11.wav,38.5729375,True,D:\other\Bird\Dataset\CC0\Hooded Tinamou_sound\Hooded Tinamou11.mp3
Hooded Tinamou_sound/Hooded Tinamou12,D:\other\Bird\Code\data\kaggle_training_wav_cache_sp\Hooded Tinamou_sound\Hooded Tinamou12.wav,Hooded Tinamou_sound,47,10.72,44,test,D:\other\Bird\Code\data\kaggle_training_wav_cache_sp\Hooded Tinamou_sound\Hooded Tinamou12.wav,10.72,True,D:\other\Bird\Dataset\CC0\Hooded Tinamou_sound\Hooded Tinamou12.mp3
Hooded Tinamou_sound/Hooded Tinamou13,D:\other\Bird\Code\data\kaggle_training_wav_cache_sp\Hooded Tinamou_sound\Hooded Tinamou13.wav,Hooded Tinamou_sound,47,28.6485,44,train,D:\other\Bird\Code\data\kaggle_training_wav_cache_sp\Hooded Tinamou_sound\Hooded Tinamou13.wav,28.6485,True,D:\other\Bird\Dataset\CC0\Hooded Tinamou_sound\Hooded Tinamou13.mp3
Hooded Tinamou_sound/Hooded Tinamou14,D:\other\Bird\Code\data\kaggle_training_wav_cache_sp\Hooded Tinamou_sound\Hooded Tinamou14.wav,Hooded Tinamou_sound,47,28.6485,44,val,D:\other\Bird\Code\data\kaggle_training_wav_cache_sp\Hooded Tinamou_sound\Hooded Tinamou14.wav,28.6485,True,D:\other\Bird\Dataset\CC0\Hooded Tinamou_sound\Hooded Tinamou14.mp3
Hooded Tinamou_sound/Hooded Tinamou15,D:\other\Bird\Code\data\kaggle_training_wav_cache_sp\Hooded Tinamou_sound\Hooded Tinamou15.wav,Hooded Tinamou_sound,47,36.3771875,44,train,D:\other\Bird\Code\data\kaggle_training_wav_cache_sp\Hooded Tinamou_sound\Hooded Tinamou15.wav,36.3771875,True,D:\other\Bird\Dataset\CC0\Hooded Tinamou_sound\Hooded Tinamou15.mp3
Hooded Tinamou_sound/Hooded Tinamou2,D:\other\Bird\Code\data\kaggle_training_wav_cache_sp\Hooded Tinamou_sound\Hooded Tinamou2.wav,Hooded Tinamou_sound,47,14.544,44,train,D:\other\Bird\Code\data\kaggle_training_wav_cache_sp\Hooded Tinamou_sound\Hooded Tinamou2.wav,14.544,True,D:\other\Bird\Dataset\CC0\Hooded Tinamou_sound\Hooded Tinamou2.mp3
Hooded Tinamou_sound/Hooded Tinamou3,D:\other\Bird\Code\data\kaggle_training_wav_cache_sp\Hooded Tinamou_sound\Hooded Tinamou3.wav,Hooded Tinamou_sound,47,14.544,44,train,D:\other\Bird\Code\data\kaggle_training_wav_cache_sp\Hooded Tinamou_sound\Hooded Tinamou3.wav,14.544,True,D:\other\Bird\Dataset\CC0\Hooded Tinamou_sound\Hooded Tinamou3.mp3
Hooded Tinamou_sound/Hooded Tinamou4,D:\other\Bird\Code\data\kaggle_training_wav_cache_sp\Hooded Tinamou_sound\Hooded Tinamou4.wav,Hooded Tinamou_sound,47,14.544,44,train,D:\other\Bird\Code\data\kaggle_training_wav_cache_sp\Hooded Tinamou_sound\Hooded Tinamou4.wav,14.544,True,D:\other\Bird\Dataset\CC0\Hooded Tinamou_sound\Hooded Tinamou4.mp3
Hooded Tinamou_sound/Hooded Tinamou5,D:\other\Bird\Code\data\kaggle_training_wav_cache_sp\Hooded Tinamou_sound\Hooded Tinamou5.wav,Hooded Tinamou_sound,47,14.544,44,train,D:\other\Bird\Code\data\kaggle_training_wav_cache_sp\Hooded Tinamou_sound\Hooded Tinamou5.wav,14.544,True,D:\other\Bird\Dataset\CC0\Hooded Tinamou_sound\Hooded Tinamou5.mp3
Hooded Tinamou_sound/Hooded Tinamou6,D:\other\Bird\Code\data\kaggle_training_wav_cache_sp\Hooded Tinamou_sound\Hooded Tinamou6.wav,Hooded Tinamou_sound,47,25.232,44,test,D:\other\Bird\Code\data\kaggle_training_wav_cache_sp\Hooded Tinamou_sound\Hooded Tinamou6.wav,25.232,True,D:\other\Bird\Dataset\CC0\Hooded Tinamou_sound\Hooded Tinamou6.mp3
Hooded Tinamou_sound/Hooded Tinamou7,D:\other\Bird\Code\data\kaggle_training_wav_cache_sp\Hooded Tinamou_sound\Hooded Tinamou7.wav,Hooded Tinamou_sound,47,7.232,44,train,D:\other\Bird\Code\data\kaggle_training_wav_cache_sp\Hooded Tinamou_sound\Hooded Tinamou7.wav,7.232,True,D:\other\Bird\Dataset\CC0\Hooded Tinamou_sound\Hooded Tinamou7.mp3
Hooded Tinamou_sound/Hooded Tinamou8,D:\other\Bird\Code\data\kaggle_training_wav_cache_sp\Hooded Tinamou_sound\Hooded Tinamou8.wav,Hooded Tinamou_sound,47,27.424,44,train,D:\other\Bird\Code\data\kaggle_training_wav_cache_sp\Hooded Tinamou_sound\Hooded Tinamou8.wav,27.424,True,D:\other\Bird\Dataset\CC0\Hooded Tinamou_sound\Hooded Tinamou8.mp3
Hooded Tinamou_sound/Hooded Tinamou9,D:\other\Bird\Code\data\kaggle_training_wav_cache_sp\Hooded Tinamou_sound\Hooded Tinamou9.wav,Hooded Tinamou_sound,47,27.424,44,train,D:\other\Bird\Code\data\kaggle_training_wav_cache_sp\Hooded Tinamou_sound\Hooded Tinamou9.wav,27.424,True,D:\other\Bird\Dataset\CC0\Hooded Tinamou_sound\Hooded Tinamou9.mp3
Huayco Tinamou_sound/Huayco Tinamou10,D:\other\Bird\Code\data\kaggle_training_wav_cache_sp\Huayco Tinamou_sound\Huayco Tinamou10.wav,Huayco Tinamou_sound,48,11.46778125,45,train,D:\other\Bird\Code\data\kaggle_training_wav_cache_sp\Huayco Tinamou_sound\Huayco Tinamou10.wav,11.46778125,True,D:\other\Bird\Dataset\CC0\Huayco Tinamou_sound\Huayco Tinamou10.mp3
Huayco Tinamou_sound/Huayco Tinamou11,D:\other\Bird\Code\data\kaggle_training_wav_cache_sp\Huayco Tinamou_sound\Huayco Tinamou11.wav,Huayco Tinamou_sound,48,11.46778125,45,train,D:\other\Bird\Code\data\kaggle_training_wav_cache_sp\Huayco Tinamou_sound\Huayco Tinamou11.wav,11.46778125,True,D:\other\Bird\Dataset\CC0\Huayco Tinamou_sound\Huayco Tinamou11.mp3
Huayco Tinamou_sound/Huayco Tinamou2,D:\other\Bird\Code\data\kaggle_training_wav_cache_sp\Huayco Tinamou_sound\Huayco Tinamou2.wav,Huayco Tinamou_sound,48,5.36,45,train,D:\other\Bird\Code\data\kaggle_training_wav_cache_sp\Huayco Tinamou_sound\Huayco Tinamou2.wav,5.36,True,D:\other\Bird\Dataset\CC0\Huayco Tinamou_sound\Huayco Tinamou2.mp3
Huayco Tinamou_sound/Huayco Tinamou3,D:\other\Bird\Code\data\kaggle_training_wav_cache_sp\Huayco Tinamou_sound\Huayco Tinamou3.wav,Huayco Tinamou_sound,48,5.36,45,val,D:\other\Bird\Code\data\kaggle_training_wav_cache_sp\Huayco Tinamou_sound\Huayco Tinamou3.wav,5.36,True,D:\other\Bird\Dataset\CC0\Huayco Tinamou_sound\Huayco Tinamou3.mp3
Huayco Tinamou_sound/Huayco Tinamou5,D:\other\Bird\Code\data\kaggle_training_wav_cache_sp\Huayco Tinamou_sound\Huayco Tinamou5.wav,Huayco Tinamou_sound,48,86.75646875,45,train,D:\other\Bird\Code\data\kaggle_training_wav_cache_sp\Huayco Tinamou_sound\Huayco Tinamou5.wav,86.75646875,True,D:\other\Bird\Dataset\CC0\Huayco Tinamou_sound\Huayco Tinamou5.mp3
Huayco Tinamou_sound/Huayco Tinamou6,D:\other\Bird\Code\data\kaggle_training_wav_cache_sp\Huayco Tinamou_sound\Huayco Tinamou6.wav,Huayco Tinamou_sound,48,24.048,45,train,D:\other\Bird\Code\data\kaggle_training_wav_cache_sp\Huayco Tinamou_sound\Huayco Tinamou6.wav,24.048,True,D:\other\Bird\Dataset\CC0\Huayco Tinamou_sound\Huayco Tinamou6.mp3
Huayco Tinamou_sound/Huayco Tinamou7,D:\other\Bird\Code\data\kaggle_training_wav_cache_sp\Huayco Tinamou_sound\Huayco Tinamou7.wav,Huayco Tinamou_sound,48,34.448,45,test,D:\other\Bird\Code\data\kaggle_training_wav_cache_sp\Huayco Tinamou_sound\Huayco Tinamou7.wav,34.448,True,D:\other\Bird\Dataset\CC0\Huayco Tinamou_sound\Huayco Tinamou7.mp3
Huayco Tinamou_sound/Huayco Tinamou8,D:\other\Bird\Code\data\kaggle_training_wav_cache_sp\Huayco Tinamou_sound\Huayco Tinamou8.wav,Huayco Tinamou_sound,48,34.448,45,train,D:\other\Bird\Code\data\kaggle_training_wav_cache_sp\Huayco Tinamou_sound\Huayco Tinamou8.wav,34.448,True,D:\other\Bird\Dataset\CC0\Huayco Tinamou_sound\Huayco Tinamou8.mp3
Huayco Tinamou_sound/Huayco Tinamou9,D:\other\Bird\Code\data\kaggle_training_wav_cache_sp\Huayco Tinamou_sound\Huayco Tinamou9.wav,Huayco Tinamou_sound,48,34.448,45,train,D:\other\Bird\Code\data\kaggle_training_wav_cache_sp\Huayco Tinamou_sound\Huayco Tinamou9.wav,34.448,True,D:\other\Bird\Dataset\CC0\Huayco Tinamou_sound\Huayco Tinamou9.mp3
Lesser Nothura_sound/Lesser Nothura10,D:\other\Bird\Code\data\kaggle_training_wav_cache_sp\Lesser Nothura_sound\Lesser Nothura10.wav,Lesser Nothura_sound,49,8.272,46,val,D:\other\Bird\Code\data\kaggle_training_wav_cache_sp\Lesser Nothura_sound\Lesser Nothura10.wav,8.272,True,D:\other\Bird\Dataset\CC0\Lesser Nothura_sound\Lesser Nothura10.mp3
Lesser Nothura_sound/Lesser Nothura11,D:\other\Bird\Code\data\kaggle_training_wav_cache_sp\Lesser Nothura_sound\Lesser Nothura11.wav,Lesser Nothura_sound,49,7.056,46,test,D:\other\Bird\Code\data\kaggle_training_wav_cache_sp\Lesser Nothura_sound\Lesser Nothura11.wav,7.056,True,D:\other\Bird\Dataset\CC0\Lesser Nothura_sound\Lesser Nothura11.mp3
Lesser Nothura_sound/Lesser Nothura2,D:\other\Bird\Code\data\kaggle_training_wav_cache_sp\Lesser Nothura_sound\Lesser Nothura2.wav,Lesser Nothura_sound,49,25.168,46,test,D:\other\Bird\Code\data\kaggle_training_wav_cache_sp\Lesser Nothura_sound\Lesser Nothura2.wav,25.168,True,D:\other\Bird\Dataset\CC0\Lesser Nothura_sound\Lesser Nothura2.mp3
Lesser Nothura_sound/Lesser Nothura3,D:\other\Bird\Code\data\kaggle_training_wav_cache_sp\Lesser Nothura_sound\Lesser Nothura3.wav,Lesser Nothura_sound,49,25.168,46,train,D:\other\Bird\Code\data\kaggle_training_wav_cache_sp\Lesser Nothura_sound\Lesser Nothura3.wav,25.168,True,D:\other\Bird\Dataset\CC0\Lesser Nothura_sound\Lesser Nothura3.mp3
Lesser Nothura_sound/Lesser Nothura4,D:\other\Bird\Code\data\kaggle_training_wav_cache_sp\Lesser Nothura_sound\Lesser Nothura4.wav,Lesser Nothura_sound,49,25.168,46,train,D:\other\Bird\Code\data\kaggle_training_wav_cache_sp\Lesser Nothura_sound\Lesser Nothura4.wav,25.168,True,D:\other\Bird\Dataset\CC0\Lesser Nothura_sound\Lesser Nothura4.mp3
Lesser Nothura_sound/Lesser Nothura5,D:\other\Bird\Code\data\kaggle_training_wav_cache_sp\Lesser Nothura_sound\Lesser Nothura5.wav,Lesser Nothura_sound,49,6.24565625,46,train,D:\other\Bird\Code\data\kaggle_training_wav_cache_sp\Lesser Nothura_sound\Lesser Nothura5.wav,6.24565625,True,D:\other\Bird\Dataset\CC0\Lesser Nothura_sound\Lesser Nothura5.mp3
Lesser Nothura_sound/Lesser Nothura6,D:\other\Bird\Code\data\kaggle_training_wav_cache_sp\Lesser Nothura_sound\Lesser Nothura6.wav,Lesser Nothura_sound,49,9.04,46,train,D:\other\Bird\Code\data\kaggle_training_wav_cache_sp\Lesser Nothura_sound\Lesser Nothura6.wav,9.04,True,D:\other\Bird\Dataset\CC0\Lesser Nothura_sound\Lesser Nothura6.mp3
Lesser Nothura_sound/Lesser Nothura7,D:\other\Bird\Code\data\kaggle_training_wav_cache_sp\Lesser Nothura_sound\Lesser Nothura7.wav,Lesser Nothura_sound,49,9.12765625,46,val,D:\other\Bird\Code\data\kaggle_training_wav_cache_sp\Lesser Nothura_sound\Lesser Nothura7.wav,9.12765625,True,D:\other\Bird\Dataset\CC0\Lesser Nothura_sound\Lesser Nothura7.mp3
Lesser Nothura_sound/Lesser Nothura8,D:\other\Bird\Code\data\kaggle_training_wav_cache_sp\Lesser Nothura_sound\Lesser Nothura8.wav,Lesser Nothura_sound,49,12.84446875,46,train,D:\other\Bird\Code\data\kaggle_training_wav_cache_sp\Lesser Nothura_sound\Lesser Nothura8.wav,12.84446875,True,D:\other\Bird\Dataset\CC0\Lesser Nothura_sound\Lesser Nothura8.mp3
Lesser Nothura_sound/Lesser Nothura9,D:\other\Bird\Code\data\kaggle_training_wav_cache_sp\Lesser Nothura_sound\Lesser Nothura9.wav,Lesser Nothura_sound,49,8.272,46,train,D:\other\Bird\Code\data\kaggle_training_wav_cache_sp\Lesser Nothura_sound\Lesser Nothura9.wav,8.272,True,D:\other\Bird\Dataset\CC0\Lesser Nothura_sound\Lesser Nothura9.mp3
Little Chachalaca_sound/Little Chachalaca10,D:\other\Bird\Code\data\kaggle_training_wav_cache_sp\Little Chachalaca_sound\Little Chachalaca10.wav,Little Chachalaca_sound,51,11.648,47,test,D:\other\Bird\Code\data\kaggle_training_wav_cache_sp\Little Chachalaca_sound\Little Chachalaca10.wav,11.648,True,D:\other\Bird\Dataset\CC0\Little Chachalaca_sound\Little Chachalaca10.mp3
Little Chachalaca_sound/Little Chachalaca11,D:\other\Bird\Code\data\kaggle_training_wav_cache_sp\Little Chachalaca_sound\Little Chachalaca11.wav,Little Chachalaca_sound,51,11.648,47,train,D:\other\Bird\Code\data\kaggle_training_wav_cache_sp\Little Chachalaca_sound\Little Chachalaca11.wav,11.648,True,D:\other\Bird\Dataset\CC0\Little Chachalaca_sound\Little Chachalaca11.mp3
Little Chachalaca_sound/Little Chachalaca12,D:\other\Bird\Code\data\kaggle_training_wav_cache_sp\Little Chachalaca_sound\Little Chachalaca12.wav,Little Chachalaca_sound,51,11.648,47,train,D:\other\Bird\Code\data\kaggle_training_wav_cache_sp\Little Chachalaca_sound\Little Chachalaca12.wav,11.648,True,D:\other\Bird\Dataset\CC0\Little Chachalaca_sound\Little Chachalaca12.mp3
Little Chachalaca_sound/Little Chachalaca13,D:\other\Bird\Code\data\kaggle_training_wav_cache_sp\Little Chachalaca_sound\Little Chachalaca13.wav,Little Chachalaca_sound,51,10.24028125,47,train,D:\other\Bird\Code\data\kaggle_training_wav_cache_sp\Little Chachalaca_sound\Little Chachalaca13.wav,10.24028125,True,D:\other\Bird\Dataset\CC0\Little Chachalaca_sound\Little Chachalaca13.mp3
Little Chachalaca_sound/Little Chachalaca14,D:\other\Bird\Code\data\kaggle_training_wav_cache_sp\Little Chachalaca_sound\Little Chachalaca14.wav,Little Chachalaca_sound,51,55.328,47,train,D:\other\Bird\Code\data\kaggle_training_wav_cache_sp\Little Chachalaca_sound\Little Chachalaca14.wav,55.328,True,D:\other\Bird\Dataset\CC0\Little Chachalaca_sound\Little Chachalaca14.mp3
Little Chachalaca_sound/Little Chachalaca15,D:\other\Bird\Code\data\kaggle_training_wav_cache_sp\Little Chachalaca_sound\Little Chachalaca15.wav,Little Chachalaca_sound,51,9.472,47,train,D:\other\Bird\Code\data\kaggle_training_wav_cache_sp\Little Chachalaca_sound\Little Chachalaca15.wav,9.472,True,D:\other\Bird\Dataset\CC0\Little Chachalaca_sound\Little Chachalaca15.mp3
Little Chachalaca_sound/Little Chachalaca16,D:\other\Bird\Code\data\kaggle_training_wav_cache_sp\Little Chachalaca_sound\Little Chachalaca16.wav,Little Chachalaca_sound,51,9.472,47,train,D:\other\Bird\Code\data\kaggle_training_wav_cache_sp\Little Chachalaca_sound\Little Chachalaca16.wav,9.472,True,D:\other\Bird\Dataset\CC0\Little Chachalaca_sound\Little Chachalaca16.mp3
Little Chachalaca_sound/Little Chachalaca17,D:\other\Bird\Code\data\kaggle_training_wav_cache_sp\Little Chachalaca_sound\Little Chachalaca17.wav,Little Chachalaca_sound,51,47.12,47,val,D:\other\Bird\Code\data\kaggle_training_wav_cache_sp\Little Chachalaca_sound\Little Chachalaca17.wav,47.12,True,D:\other\Bird\Dataset\CC0\Little Chachalaca_sound\Little Chachalaca17.mp3
Little Chachalaca_sound/Little Chachalaca18,D:\other\Bird\Code\data\kaggle_training_wav_cache_sp\Little Chachalaca_sound\Little Chachalaca18.wav,Little Chachalaca_sound,51,47.12,47,test,D:\other\Bird\Code\data\kaggle_training_wav_cache_sp\Little Chachalaca_sound\Little Chachalaca18.wav,47.12,True,D:\other\Bird\Dataset\CC0\Little Chachalaca_sound\Little Chachalaca18.mp3
Little Chachalaca_sound/Little Chachalaca19,D:\other\Bird\Code\data\kaggle_training_wav_cache_sp\Little Chachalaca_sound\Little Chachalaca19.wav,Little Chachalaca_sound,51,47.12,47,val,D:\other\Bird\Code\data\kaggle_training_wav_cache_sp\Little Chachalaca_sound\Little Chachalaca19.wav,47.12,True,D:\other\Bird\Dataset\CC0\Little Chachalaca_sound\Little Chachalaca19.mp3
Little Chachalaca_sound/Little Chachalaca2,D:\other\Bird\Code\data\kaggle_training_wav_cache_sp\Little Chachalaca_sound\Little Chachalaca2.wav,Little Chachalaca_sound,51,76.50546875,47,train,D:\other\Bird\Code\data\kaggle_training_wav_cache_sp\Little Chachalaca_sound\Little Chachalaca2.wav,76.50546875,True,D:\other\Bird\Dataset\CC0\Little Chachalaca_sound\Little Chachalaca2.mp3
Little Chachalaca_sound/Little Chachalaca20,D:\other\Bird\Code\data\kaggle_training_wav_cache_sp\Little Chachalaca_sound\Little Chachalaca20.wav,Little Chachalaca_sound,51,18.768,47,train,D:\other\Bird\Code\data\kaggle_training_wav_cache_sp\Little Chachalaca_sound\Little Chachalaca20.wav,18.768,True,D:\other\Bird\Dataset\CC0\Little Chachalaca_sound\Little Chachalaca20.mp3
Little Chachalaca_sound/Little Chachalaca21,D:\other\Bird\Code\data\kaggle_training_wav_cache_sp\Little Chachalaca_sound\Little Chachalaca21.wav,Little Chachalaca_sound,51,8.1799375,47,val,D:\other\Bird\Code\data\kaggle_training_wav_cache_sp\Little Chachalaca_sound\Little Chachalaca21.wav,8.1799375,True,D:\other\Bird\Dataset\CC0\Little Chachalaca_sound\Little Chachalaca21.mp3
Little Chachalaca_sound/Little Chachalaca22,D:\other\Bird\Code\data\kaggle_training_wav_cache_sp\Little Chachalaca_sound\Little Chachalaca22.wav,Little Chachalaca_sound,51,27.552,47,train,D:\other\Bird\Code\data\kaggle_training_wav_cache_sp\Little Chachalaca_sound\Little Chachalaca22.wav,27.552,True,D:\other\Bird\Dataset\CC0\Little Chachalaca_sound\Little Chachalaca22.mp3
Little Chachalaca_sound/Little Chachalaca23,D:\other\Bird\Code\data\kaggle_training_wav_cache_sp\Little Chachalaca_sound\Little Chachalaca23.wav,Little Chachalaca_sound,51,24.0,47,test,D:\other\Bird\Code\data\kaggle_training_wav_cache_sp\Little Chachalaca_sound\Little Chachalaca23.wav,24.0,True,D:\other\Bird\Dataset\CC0\Little Chachalaca_sound\Little Chachalaca23.mp3
Little Chachalaca_sound/Little Chachalaca24,D:\other\Bird\Code\data\kaggle_training_wav_cache_sp\Little Chachalaca_sound\Little Chachalaca24.wav,Little Chachalaca_sound,51,13.7891875,47,train,D:\other\Bird\Code\data\kaggle_training_wav_cache_sp\Little Chachalaca_sound\Little Chachalaca24.wav,13.7891875,True,D:\other\Bird\Dataset\CC0\Little Chachalaca_sound\Little Chachalaca24.mp3
Little Chachalaca_sound/Little Chachalaca25,D:\other\Bird\Code\data\kaggle_training_wav_cache_sp\Little Chachalaca_sound\Little Chachalaca25.wav,Little Chachalaca_sound,51,10.15421875,47,train,D:\other\Bird\Code\data\kaggle_training_wav_cache_sp\Little Chachalaca_sound\Little Chachalaca25.wav,10.15421875,True,D:\other\Bird\Dataset\CC0\Little Chachalaca_sound\Little Chachalaca25.mp3
Little Chachalaca_sound/Little Chachalaca26,D:\other\Bird\Code\data\kaggle_training_wav_cache_sp\Little Chachalaca_sound\Little Chachalaca26.wav,Little Chachalaca_sound,51,22.784,47,train,D:\other\Bird\Code\data\kaggle_training_wav_cache_sp\Little Chachalaca_sound\Little Chachalaca26.wav,22.784,True,D:\other\Bird\Dataset\CC0\Little Chachalaca_sound\Little Chachalaca26.mp3
Little Chachalaca_sound/Little Chachalaca27,D:\other\Bird\Code\data\kaggle_training_wav_cache_sp\Little Chachalaca_sound\Little Chachalaca27.wav,Little Chachalaca_sound,51,22.784,47,val,D:\other\Bird\Code\data\kaggle_training_wav_cache_sp\Little Chachalaca_sound\Little Chachalaca27.wav,22.784,True,D:\other\Bird\Dataset\CC0\Little Chachalaca_sound\Little Chachalaca27.mp3
Little Chachalaca_sound/Little Chachalaca28,D:\other\Bird\Code\data\kaggle_training_wav_cache_sp\Little Chachalaca_sound\Little Chachalaca28.wav,Little Chachalaca_sound,51,24.704,47,train,D:\other\Bird\Code\data\kaggle_training_wav_cache_sp\Little Chachalaca_sound\Little Chachalaca28.wav,24.704,True,D:\other\Bird\Dataset\CC0\Little Chachalaca_sound\Little Chachalaca28.mp3
Little Chachalaca_sound/Little Chachalaca29,D:\other\Bird\Code\data\kaggle_training_wav_cache_sp\Little Chachalaca_sound\Little Chachalaca29.wav,Little Chachalaca_sound,51,24.704,47,train,D:\other\Bird\Code\data\kaggle_training_wav_cache_sp\Little Chachalaca_sound\Little Chachalaca29.wav,24.704,True,D:\other\Bird\Dataset\CC0\Little Chachalaca_sound\Little Chachalaca29.mp3
Little Chachalaca_sound/Little Chachalaca3,D:\other\Bird\Code\data\kaggle_training_wav_cache_sp\Little Chachalaca_sound\Little Chachalaca3.wav,Little Chachalaca_sound,51,76.50546875,47,test,D:\other\Bird\Code\data\kaggle_training_wav_cache_sp\Little Chachalaca_sound\Little Chachalaca3.wav,76.50546875,True,D:\other\Bird\Dataset\CC0\Little Chachalaca_sound\Little Chachalaca3.mp3
Little Chachalaca_sound/Little Chachalaca30,D:\other\Bird\Code\data\kaggle_training_wav_cache_sp\Little Chachalaca_sound\Little Chachalaca30.wav,Little Chachalaca_sound,51,24.704,47,train,D:\other\Bird\Code\data\kaggle_training_wav_cache_sp\Little Chachalaca_sound\Little Chachalaca30.wav,24.704,True,D:\other\Bird\Dataset\CC0\Little Chachalaca_sound\Little Chachalaca30.mp3
Little Chachalaca_sound/Little Chachalaca31,D:\other\Bird\Code\data\kaggle_training_wav_cache_sp\Little Chachalaca_sound\Little Chachalaca31.wav,Little Chachalaca_sound,51,15.072,47,train,D:\other\Bird\Code\data\kaggle_training_wav_cache_sp\Little Chachalaca_sound\Little Chachalaca31.wav,15.072,True,D:\other\Bird\Dataset\CC0\Little Chachalaca_sound\Little Chachalaca31.mp3
Little Chachalaca_sound/Little Chachalaca4,D:\other\Bird\Code\data\kaggle_training_wav_cache_sp\Little Chachalaca_sound\Little Chachalaca4.wav,Little Chachalaca_sound,51,19.936,47,train,D:\other\Bird\Code\data\kaggle_training_wav_cache_sp\Little Chachalaca_sound\Little Chachalaca4.wav,19.936,True,D:\other\Bird\Dataset\CC0\Little Chachalaca_sound\Little Chachalaca4.mp3
Little Chachalaca_sound/Little Chachalaca5,D:\other\Bird\Code\data\kaggle_training_wav_cache_sp\Little Chachalaca_sound\Little Chachalaca5.wav,Little Chachalaca_sound,51,19.936,47,train,D:\other\Bird\Code\data\kaggle_training_wav_cache_sp\Little Chachalaca_sound\Little Chachalaca5.wav,19.936,True,D:\other\Bird\Dataset\CC0\Little Chachalaca_sound\Little Chachalaca5.mp3
Little Chachalaca_sound/Little Chachalaca6,D:\other\Bird\Code\data\kaggle_training_wav_cache_sp\Little Chachalaca_sound\Little Chachalaca6.wav,Little Chachalaca_sound,51,208.688,47,train,D:\other\Bird\Code\data\kaggle_training_wav_cache_sp\Little Chachalaca_sound\Little Chachalaca6.wav,208.688,True,D:\other\Bird\Dataset\CC0\Little Chachalaca_sound\Little Chachalaca6.mp3
Little Chachalaca_sound/Little Chachalaca7,D:\other\Bird\Code\data\kaggle_training_wav_cache_sp\Little Chachalaca_sound\Little Chachalaca7.wav,Little Chachalaca_sound,51,63.936,47,train,D:\other\Bird\Code\data\kaggle_training_wav_cache_sp\Little Chachalaca_sound\Little Chachalaca7.wav,63.936,True,D:\other\Bird\Dataset\CC0\Little Chachalaca_sound\Little Chachalaca7.mp3
Little Chachalaca_sound/Little Chachalaca8,D:\other\Bird\Code\data\kaggle_training_wav_cache_sp\Little Chachalaca_sound\Little Chachalaca8.wav,Little Chachalaca_sound,51,11.648,47,train,D:\other\Bird\Code\data\kaggle_training_wav_cache_sp\Little Chachalaca_sound\Little Chachalaca8.wav,11.648,True,D:\other\Bird\Dataset\CC0\Little Chachalaca_sound\Little Chachalaca8.mp3
Little Chachalaca_sound/Little Chachalaca9,D:\other\Bird\Code\data\kaggle_training_wav_cache_sp\Little Chachalaca_sound\Little Chachalaca9.wav,Little Chachalaca_sound,51,11.648,47,train,D:\other\Bird\Code\data\kaggle_training_wav_cache_sp\Little Chachalaca_sound\Little Chachalaca9.wav,11.648,True,D:\other\Bird\Dataset\CC0\Little Chachalaca_sound\Little Chachalaca9.mp3
Little Spotted Kiwi_sound/Little Spotted Kiwi2,D:\other\Bird\Code\data\kaggle_training_wav_cache_sp\Little Spotted Kiwi_sound\Little Spotted Kiwi2.wav,Little Spotted Kiwi_sound,52,5.476,48,train,D:\other\Bird\Code\data\kaggle_training_wav_cache_sp\Little Spotted Kiwi_sound\Little Spotted Kiwi2.wav,5.476,True,D:\other\Bird\Dataset\CC0\Little Spotted Kiwi_sound\Little Spotted Kiwi2.mp3
Little Spotted Kiwi_sound/Little Spotted Kiwi3,D:\other\Bird\Code\data\kaggle_training_wav_cache_sp\Little Spotted Kiwi_sound\Little Spotted Kiwi3.wav,Little Spotted Kiwi_sound,52,5.476,48,test,D:\other\Bird\Code\data\kaggle_training_wav_cache_sp\Little Spotted Kiwi_sound\Little Spotted Kiwi3.wav,5.476,True,D:\other\Bird\Dataset\CC0\Little Spotted Kiwi_sound\Little Spotted Kiwi3.mp3
Little Spotted Kiwi_sound/Little Spotted Kiwi4,D:\other\Bird\Code\data\kaggle_training_wav_cache_sp\Little Spotted Kiwi_sound\Little Spotted Kiwi4.wav,Little Spotted Kiwi_sound,52,16.656,48,train,D:\other\Bird\Code\data\kaggle_training_wav_cache_sp\Little Spotted Kiwi_sound\Little Spotted Kiwi4.wav,16.656,True,D:\other\Bird\Dataset\CC0\Little Spotted Kiwi_sound\Little Spotted Kiwi4.mp3
Little Spotted Kiwi_sound/Little Spotted Kiwi5,D:\other\Bird\Code\data\kaggle_training_wav_cache_sp\Little Spotted Kiwi_sound\Little Spotted Kiwi5.wav,Little Spotted Kiwi_sound,52,47.184,48,val,D:\other\Bird\Code\data\kaggle_training_wav_cache_sp\Little Spotted Kiwi_sound\Little Spotted Kiwi5.wav,47.184,True,D:\other\Bird\Dataset\CC0\Little Spotted Kiwi_sound\Little Spotted Kiwi5.mp3
Little Spotted Kiwi_sound/Little Spotted Kiwi6,D:\other\Bird\Code\data\kaggle_training_wav_cache_sp\Little Spotted Kiwi_sound\Little Spotted Kiwi6.wav,Little Spotted Kiwi_sound,52,47.184,48,train,D:\other\Bird\Code\data\kaggle_training_wav_cache_sp\Little Spotted Kiwi_sound\Little Spotted Kiwi6.wav,47.184,True,D:\other\Bird\Dataset\CC0\Little Spotted Kiwi_sound\Little Spotted Kiwi6.mp3
Little Spotted Kiwi_sound/Little Spotted Kiwi7,D:\other\Bird\Code\data\kaggle_training_wav_cache_sp\Little Spotted Kiwi_sound\Little Spotted Kiwi7.wav,Little Spotted Kiwi_sound,52,15.728,48,train,D:\other\Bird\Code\data\kaggle_training_wav_cache_sp\Little Spotted Kiwi_sound\Little Spotted Kiwi7.wav,15.728,True,D:\other\Bird\Dataset\CC0\Little Spotted Kiwi_sound\Little Spotted Kiwi7.mp3
Little Tinamou_sound/Little Tinamou10,D:\other\Bird\Code\data\kaggle_training_wav_cache_sp\Little Tinamou_sound\Little Tinamou10.wav,Little Tinamou_sound,53,39.22878125,49,val,D:\other\Bird\Code\data\kaggle_training_wav_cache_sp\Little Tinamou_sound\Little Tinamou10.wav,39.22878125,True,D:\other\Bird\Dataset\CC0\Little Tinamou_sound\Little Tinamou10.mp3
Little Tinamou_sound/Little Tinamou11,D:\other\Bird\Code\data\kaggle_training_wav_cache_sp\Little Tinamou_sound\Little Tinamou11.wav,Little Tinamou_sound,53,13.52,49,train,D:\other\Bird\Code\data\kaggle_training_wav_cache_sp\Little Tinamou_sound\Little Tinamou11.wav,13.52,True,D:\other\Bird\Dataset\CC0\Little Tinamou_sound\Little Tinamou11.mp3
Little Tinamou_sound/Little Tinamou12,D:\other\Bird\Code\data\kaggle_training_wav_cache_sp\Little Tinamou_sound\Little Tinamou12.wav,Little Tinamou_sound,53,13.52,49,train,D:\other\Bird\Code\data\kaggle_training_wav_cache_sp\Little Tinamou_sound\Little Tinamou12.wav,13.52,True,D:\other\Bird\Dataset\CC0\Little Tinamou_sound\Little Tinamou12.mp3
Little Tinamou_sound/Little Tinamou13,D:\other\Bird\Code\data\kaggle_training_wav_cache_sp\Little Tinamou_sound\Little Tinamou13.wav,Little Tinamou_sound,53,13.52,49,train,D:\other\Bird\Code\data\kaggle_training_wav_cache_sp\Little Tinamou_sound\Little Tinamou13.wav,13.52,True,D:\other\Bird\Dataset\CC0\Little Tinamou_sound\Little Tinamou13.mp3
Little Tinamou_sound/Little Tinamou14,D:\other\Bird\Code\data\kaggle_training_wav_cache_sp\Little Tinamou_sound\Little Tinamou14.wav,Little Tinamou_sound,53,13.52,49,test,D:\other\Bird\Code\data\kaggle_training_wav_cache_sp\Little Tinamou_sound\Little Tinamou14.wav,13.52,True,D:\other\Bird\Dataset\CC0\Little Tinamou_sound\Little Tinamou14.mp3
Little Tinamou_sound/Little Tinamou15,D:\other\Bird\Code\data\kaggle_training_wav_cache_sp\Little Tinamou_sound\Little Tinamou15.wav,Little Tinamou_sound,53,13.52,49,train,D:\other\Bird\Code\data\kaggle_training_wav_cache_sp\Little Tinamou_sound\Little Tinamou15.wav,13.52,True,D:\other\Bird\Dataset\CC0\Little Tinamou_sound\Little Tinamou15.mp3
Little Tinamou_sound/Little Tinamou16,D:\other\Bird\Code\data\kaggle_training_wav_cache_sp\Little Tinamou_sound\Little Tinamou16.wav,Little Tinamou_sound,53,9.872,49,train,D:\other\Bird\Code\data\kaggle_training_wav_cache_sp\Little Tinamou_sound\Little Tinamou16.wav,9.872,True,D:\other\Bird\Dataset\CC0\Little Tinamou_sound\Little Tinamou16.mp3
Little Tinamou_sound/Little Tinamou17,D:\other\Bird\Code\data\kaggle_training_wav_cache_sp\Little Tinamou_sound\Little Tinamou17.wav,Little Tinamou_sound,53,19.64409375,49,train,D:\other\Bird\Code\data\kaggle_training_wav_cache_sp\Little Tinamou_sound\Little Tinamou17.wav,19.64409375,True,D:\other\Bird\Dataset\CC0\Little Tinamou_sound\Little Tinamou17.mp3
Little Tinamou_sound/Little Tinamou18,D:\other\Bird\Code\data\kaggle_training_wav_cache_sp\Little Tinamou_sound\Little Tinamou18.wav,Little Tinamou_sound,53,19.64409375,49,train,D:\other\Bird\Code\data\kaggle_training_wav_cache_sp\Little Tinamou_sound\Little Tinamou18.wav,19.64409375,True,D:\other\Bird\Dataset\CC0\Little Tinamou_sound\Little Tinamou18.mp3
Little Tinamou_sound/Little Tinamou19,D:\other\Bird\Code\data\kaggle_training_wav_cache_sp\Little Tinamou_sound\Little Tinamou19.wav,Little Tinamou_sound,53,9.872,49,train,D:\other\Bird\Code\data\kaggle_training_wav_cache_sp\Little Tinamou_sound\Little Tinamou19.wav,9.872,True,D:\other\Bird\Dataset\CC0\Little Tinamou_sound\Little Tinamou19.mp3
Little Tinamou_sound/Little Tinamou2,D:\other\Bird\Code\data\kaggle_training_wav_cache_sp\Little Tinamou_sound\Little Tinamou2.wav,Little Tinamou_sound,53,31.824,49,train,D:\other\Bird\Code\data\kaggle_training_wav_cache_sp\Little Tinamou_sound\Little Tinamou2.wav,31.824,True,D:\other\Bird\Dataset\CC0\Little Tinamou_sound\Little Tinamou2.mp3
Little Tinamou_sound/Little Tinamou20,D:\other\Bird\Code\data\kaggle_training_wav_cache_sp\Little Tinamou_sound\Little Tinamou20.wav,Little Tinamou_sound,53,9.872,49,train,D:\other\Bird\Code\data\kaggle_training_wav_cache_sp\Little Tinamou_sound\Little Tinamou20.wav,9.872,True,D:\other\Bird\Dataset\CC0\Little Tinamou_sound\Little Tinamou20.mp3
Little Tinamou_sound/Little Tinamou21,D:\other\Bird\Code\data\kaggle_training_wav_cache_sp\Little Tinamou_sound\Little Tinamou21.wav,Little Tinamou_sound,53,15.682625,49,train,D:\other\Bird\Code\data\kaggle_training_wav_cache_sp\Little Tinamou_sound\Little Tinamou21.wav,15.682625,True,D:\other\Bird\Dataset\CC0\Little Tinamou_sound\Little Tinamou21.mp3
Little Tinamou_sound/Little Tinamou22,D:\other\Bird\Code\data\kaggle_training_wav_cache_sp\Little Tinamou_sound\Little Tinamou22.wav,Little Tinamou_sound,53,15.682625,49,train,D:\other\Bird\Code\data\kaggle_training_wav_cache_sp\Little Tinamou_sound\Little Tinamou22.wav,15.682625,True,D:\other\Bird\Dataset\CC0\Little Tinamou_sound\Little Tinamou22.mp3
Little Tinamou_sound/Little Tinamou23,D:\other\Bird\Code\data\kaggle_training_wav_cache_sp\Little Tinamou_sound\Little Tinamou23.wav,Little Tinamou_sound,53,15.682625,49,train,D:\other\Bird\Code\data\kaggle_training_wav_cache_sp\Little Tinamou_sound\Little Tinamou23.wav,15.682625,True,D:\other\Bird\Dataset\CC0\Little Tinamou_sound\Little Tinamou23.mp3
Little Tinamou_sound/Little Tinamou24,D:\other\Bird\Code\data\kaggle_training_wav_cache_sp\Little Tinamou_sound\Little Tinamou24.wav,Little Tinamou_sound,53,15.682625,49,train,D:\other\Bird\Code\data\kaggle_training_wav_cache_sp\Little Tinamou_sound\Little Tinamou24.wav,15.682625,True,D:\other\Bird\Dataset\CC0\Little Tinamou_sound\Little Tinamou24.mp3
Little Tinamou_sound/Little Tinamou25,D:\other\Bird\Code\data\kaggle_training_wav_cache_sp\Little Tinamou_sound\Little Tinamou25.wav,Little Tinamou_sound,53,15.682625,49,val,D:\other\Bird\Code\data\kaggle_training_wav_cache_sp\Little Tinamou_sound\Little Tinamou25.wav,15.682625,True,D:\other\Bird\Dataset\CC0\Little Tinamou_sound\Little Tinamou25.mp3
Little Tinamou_sound/Little Tinamou26,D:\other\Bird\Code\data\kaggle_training_wav_cache_sp\Little Tinamou_sound\Little Tinamou26.wav,Little Tinamou_sound,53,15.682625,49,train,D:\other\Bird\Code\data\kaggle_training_wav_cache_sp\Little Tinamou_sound\Little Tinamou26.wav,15.682625,True,D:\other\Bird\Dataset\CC0\Little Tinamou_sound\Little Tinamou26.mp3
Little Tinamou_sound/Little Tinamou27,D:\other\Bird\Code\data\kaggle_training_wav_cache_sp\Little Tinamou_sound\Little Tinamou27.wav,Little Tinamou_sound,53,15.682625,49,val,D:\other\Bird\Code\data\kaggle_training_wav_cache_sp\Little Tinamou_sound\Little Tinamou27.wav,15.682625,True,D:\other\Bird\Dataset\CC0\Little Tinamou_sound\Little Tinamou27.mp3
Little Tinamou_sound/Little Tinamou28,D:\other\Bird\Code\data\kaggle_training_wav_cache_sp\Little Tinamou_sound\Little Tinamou28.wav,Little Tinamou_sound,53,15.682625,49,test,D:\other\Bird\Code\data\kaggle_training_wav_cache_sp\Little Tinamou_sound\Little Tinamou28.wav,15.682625,True,D:\other\Bird\Dataset\CC0\Little Tinamou_sound\Little Tinamou28.mp3
Little Tinamou_sound/Little Tinamou29,D:\other\Bird\Code\data\kaggle_training_wav_cache_sp\Little Tinamou_sound\Little Tinamou29.wav,Little Tinamou_sound,53,15.682625,49,train,D:\other\Bird\Code\data\kaggle_training_wav_cache_sp\Little Tinamou_sound\Little Tinamou29.wav,15.682625,True,D:\other\Bird\Dataset\CC0\Little Tinamou_sound\Little Tinamou29.mp3
Little Tinamou_sound/Little Tinamou3,D:\other\Bird\Code\data\kaggle_training_wav_cache_sp\Little Tinamou_sound\Little Tinamou3.wav,Little Tinamou_sound,53,31.824,49,train,D:\other\Bird\Code\data\kaggle_training_wav_cache_sp\Little Tinamou_sound\Little Tinamou3.wav,31.824,True,D:\other\Bird\Dataset\CC0\Little Tinamou_sound\Little Tinamou3.mp3
Little Tinamou_sound/Little Tinamou30,D:\other\Bird\Code\data\kaggle_training_wav_cache_sp\Little Tinamou_sound\Little Tinamou30.wav,Little Tinamou_sound,53,15.682625,49,val,D:\other\Bird\Code\data\kaggle_training_wav_cache_sp\Little Tinamou_sound\Little Tinamou30.wav,15.682625,True,D:\other\Bird\Dataset\CC0\Little Tinamou_sound\Little Tinamou30.mp3
Little Tinamou_sound/Little Tinamou31,D:\other\Bird\Code\data\kaggle_training_wav_cache_sp\Little Tinamou_sound\Little Tinamou31.wav,Little Tinamou_sound,53,48.512,49,test,D:\other\Bird\Code\data\kaggle_training_wav_cache_sp\Little Tinamou_sound\Little Tinamou31.wav,48.512,True,D:\other\Bird\Dataset\CC0\Little Tinamou_sound\Little Tinamou31.mp3
Little Tinamou_sound/Little Tinamou4,D:\other\Bird\Code\data\kaggle_training_wav_cache_sp\Little Tinamou_sound\Little Tinamou4.wav,Little Tinamou_sound,53,31.824,49,train,D:\other\Bird\Code\data\kaggle_training_wav_cache_sp\Little Tinamou_sound\Little Tinamou4.wav,31.824,True,D:\other\Bird\Dataset\CC0\Little Tinamou_sound\Little Tinamou4.mp3
Little Tinamou_sound/Little Tinamou5,D:\other\Bird\Code\data\kaggle_training_wav_cache_sp\Little Tinamou_sound\Little Tinamou5.wav,Little Tinamou_sound,53,31.824,49,test,D:\other\Bird\Code\data\kaggle_training_wav_cache_sp\Little Tinamou_sound\Little Tinamou5.wav,31.824,True,D:\other\Bird\Dataset\CC0\Little Tinamou_sound\Little Tinamou5.mp3
Little Tinamou_sound/Little Tinamou6,D:\other\Bird\Code\data\kaggle_training_wav_cache_sp\Little Tinamou_sound\Little Tinamou6.wav,Little Tinamou_sound,53,12.24,49,train,D:\other\Bird\Code\data\kaggle_training_wav_cache_sp\Little Tinamou_sound\Little Tinamou6.wav,12.24,True,D:\other\Bird\Dataset\CC0\Little Tinamou_sound\Little Tinamou6.mp3
Little Tinamou_sound/Little Tinamou7,D:\other\Bird\Code\data\kaggle_training_wav_cache_sp\Little Tinamou_sound\Little Tinamou7.wav,Little Tinamou_sound,53,39.22878125,49,train,D:\other\Bird\Code\data\kaggle_training_wav_cache_sp\Little Tinamou_sound\Little Tinamou7.wav,39.22878125,True,D:\other\Bird\Dataset\CC0\Little Tinamou_sound\Little Tinamou7.mp3
Little Tinamou_sound/Little Tinamou8,D:\other\Bird\Code\data\kaggle_training_wav_cache_sp\Little Tinamou_sound\Little Tinamou8.wav,Little Tinamou_sound,53,39.22878125,49,train,D:\other\Bird\Code\data\kaggle_training_wav_cache_sp\Little Tinamou_sound\Little Tinamou8.wav,39.22878125,True,D:\other\Bird\Dataset\CC0\Little Tinamou_sound\Little Tinamou8.mp3
Little Tinamou_sound/Little Tinamou9,D:\other\Bird\Code\data\kaggle_training_wav_cache_sp\Little Tinamou_sound\Little Tinamou9.wav,Little Tinamou_sound,53,39.22878125,49,train,D:\other\Bird\Code\data\kaggle_training_wav_cache_sp\Little Tinamou_sound\Little Tinamou9.wav,39.22878125,True,D:\other\Bird\Dataset\CC0\Little Tinamou_sound\Little Tinamou9.mp3
Maleo_sound/Maleo2,D:\other\Bird\Code\data\kaggle_training_wav_cache_sp\Maleo_sound\Maleo2.wav,Maleo_sound,54,12.096,50,train,D:\other\Bird\Code\data\kaggle_training_wav_cache_sp\Maleo_sound\Maleo2.wav,12.096,True,D:\other\Bird\Dataset\CC0\Maleo_sound\Maleo2.mp3
Maleo_sound/Maleo3,D:\other\Bird\Code\data\kaggle_training_wav_cache_sp\Maleo_sound\Maleo3.wav,Maleo_sound,54,12.096,50,train,D:\other\Bird\Code\data\kaggle_training_wav_cache_sp\Maleo_sound\Maleo3.wav,12.096,True,D:\other\Bird\Dataset\CC0\Maleo_sound\Maleo3.mp3
Maleo_sound/Maleo4,D:\other\Bird\Code\data\kaggle_training_wav_cache_sp\Maleo_sound\Maleo4.wav,Maleo_sound,54,12.096,50,val,D:\other\Bird\Code\data\kaggle_training_wav_cache_sp\Maleo_sound\Maleo4.wav,12.096,True,D:\other\Bird\Dataset\CC0\Maleo_sound\Maleo4.mp3
Maleo_sound/Maleo5,D:\other\Bird\Code\data\kaggle_training_wav_cache_sp\Maleo_sound\Maleo5.wav,Maleo_sound,54,12.096,50,train,D:\other\Bird\Code\data\kaggle_training_wav_cache_sp\Maleo_sound\Maleo5.wav,12.096,True,D:\other\Bird\Dataset\CC0\Maleo_sound\Maleo5.mp3
Maleo_sound/Maleo6,D:\other\Bird\Code\data\kaggle_training_wav_cache_sp\Maleo_sound\Maleo6.wav,Maleo_sound,54,12.096,50,test,D:\other\Bird\Code\data\kaggle_training_wav_cache_sp\Maleo_sound\Maleo6.wav,12.096,True,D:\other\Bird\Dataset\CC0\Maleo_sound\Maleo6.mp3
Maleo_sound/Maleo7,D:\other\Bird\Code\data\kaggle_training_wav_cache_sp\Maleo_sound\Maleo7.wav,Maleo_sound,54,12.096,50,train,D:\other\Bird\Code\data\kaggle_training_wav_cache_sp\Maleo_sound\Maleo7.wav,12.096,True,D:\other\Bird\Dataset\CC0\Maleo_sound\Maleo7.mp3
Maleo_sound/Maleo8,D:\other\Bird\Code\data\kaggle_training_wav_cache_sp\Maleo_sound\Maleo8.wav,Maleo_sound,54,12.096,50,train,D:\other\Bird\Code\data\kaggle_training_wav_cache_sp\Maleo_sound\Maleo8.wav,12.096,True,D:\other\Bird\Dataset\CC0\Maleo_sound\Maleo8.mp3
Malleefowl_sound/Malleefowl2,D:\other\Bird\Code\data\kaggle_training_wav_cache_sp\Malleefowl_sound\Malleefowl2.wav,Malleefowl_sound,55,5.264,51,train,D:\other\Bird\Code\data\kaggle_training_wav_cache_sp\Malleefowl_sound\Malleefowl2.wav,5.264,True,D:\other\Bird\Dataset\CC0\Malleefowl_sound\Malleefowl2.mp3
Malleefowl_sound/Malleefowl3,D:\other\Bird\Code\data\kaggle_training_wav_cache_sp\Malleefowl_sound\Malleefowl3.wav,Malleefowl_sound,55,26.0,51,val,D:\other\Bird\Code\data\kaggle_training_wav_cache_sp\Malleefowl_sound\Malleefowl3.wav,26.0,True,D:\other\Bird\Dataset\CC0\Malleefowl_sound\Malleefowl3.mp3
Malleefowl_sound/Malleefowl4,D:\other\Bird\Code\data\kaggle_training_wav_cache_sp\Malleefowl_sound\Malleefowl4.wav,Malleefowl_sound,55,17.408,51,train,D:\other\Bird\Code\data\kaggle_training_wav_cache_sp\Malleefowl_sound\Malleefowl4.wav,17.408,True,D:\other\Bird\Dataset\CC0\Malleefowl_sound\Malleefowl4.mp3
Malleefowl_sound/Malleefowl5,D:\other\Bird\Code\data\kaggle_training_wav_cache_sp\Malleefowl_sound\Malleefowl5.wav,Malleefowl_sound,55,19.98825,51,test,D:\other\Bird\Code\data\kaggle_training_wav_cache_sp\Malleefowl_sound\Malleefowl5.wav,19.98825,True,D:\other\Bird\Dataset\CC0\Malleefowl_sound\Malleefowl5.mp3
Malleefowl_sound/Malleefowl6,D:\other\Bird\Code\data\kaggle_training_wav_cache_sp\Malleefowl_sound\Malleefowl6.wav,Malleefowl_sound,55,27.06625,51,train,D:\other\Bird\Code\data\kaggle_training_wav_cache_sp\Malleefowl_sound\Malleefowl6.wav,27.06625,True,D:\other\Bird\Dataset\CC0\Malleefowl_sound\Malleefowl6.mp3
Malleefowl_sound/Malleefowl7,D:\other\Bird\Code\data\kaggle_training_wav_cache_sp\Malleefowl_sound\Malleefowl7.wav,Malleefowl_sound,55,27.06625,51,train,D:\other\Bird\Code\data\kaggle_training_wav_cache_sp\Malleefowl_sound\Malleefowl7.wav,27.06625,True,D:\other\Bird\Dataset\CC0\Malleefowl_sound\Malleefowl7.mp3
Malleefowl_sound/Malleefowl8,D:\other\Bird\Code\data\kaggle_training_wav_cache_sp\Malleefowl_sound\Malleefowl8.wav,Malleefowl_sound,55,12.096,51,train,D:\other\Bird\Code\data\kaggle_training_wav_cache_sp\Malleefowl_sound\Malleefowl8.wav,12.096,True,D:\other\Bird\Dataset\CC0\Malleefowl_sound\Malleefowl8.mp3
Malleefowl_sound/Malleefowl9,D:\other\Bird\Code\data\kaggle_training_wav_cache_sp\Malleefowl_sound\Malleefowl9.wav,Malleefowl_sound,55,12.096,51,train,D:\other\Bird\Code\data\kaggle_training_wav_cache_sp\Malleefowl_sound\Malleefowl9.wav,12.096,True,D:\other\Bird\Dataset\CC0\Malleefowl_sound\Malleefowl9.mp3
Marail Guan_sound/Marail Guan10,D:\other\Bird\Code\data\kaggle_training_wav_cache_sp\Marail Guan_sound\Marail Guan10.wav,Marail Guan_sound,56,5.74696875,52,val,D:\other\Bird\Code\data\kaggle_training_wav_cache_sp\Marail Guan_sound\Marail Guan10.wav,5.74696875,True,D:\other\Bird\Dataset\CC0\Marail Guan_sound\Marail Guan10.mp3
Marail Guan_sound/Marail Guan12,D:\other\Bird\Code\data\kaggle_training_wav_cache_sp\Marail Guan_sound\Marail Guan12.wav,Marail Guan_sound,56,17.872,52,train,D:\other\Bird\Code\data\kaggle_training_wav_cache_sp\Marail Guan_sound\Marail Guan12.wav,17.872,True,D:\other\Bird\Dataset\CC0\Marail Guan_sound\Marail Guan12.mp3
Marail Guan_sound/Marail Guan13,D:\other\Bird\Code\data\kaggle_training_wav_cache_sp\Marail Guan_sound\Marail Guan13.wav,Marail Guan_sound,56,7.0728125,52,train,D:\other\Bird\Code\data\kaggle_training_wav_cache_sp\Marail Guan_sound\Marail Guan13.wav,7.0728125,True,D:\other\Bird\Dataset\CC0\Marail Guan_sound\Marail Guan13.mp3
Marail Guan_sound/Marail Guan14,D:\other\Bird\Code\data\kaggle_training_wav_cache_sp\Marail Guan_sound\Marail Guan14.wav,Marail Guan_sound,56,7.0728125,52,train,D:\other\Bird\Code\data\kaggle_training_wav_cache_sp\Marail Guan_sound\Marail Guan14.wav,7.0728125,True,D:\other\Bird\Dataset\CC0\Marail Guan_sound\Marail Guan14.mp3
Marail Guan_sound/Marail Guan15,D:\other\Bird\Code\data\kaggle_training_wav_cache_sp\Marail Guan_sound\Marail Guan15.wav,Marail Guan_sound,56,8.48,52,train,D:\other\Bird\Code\data\kaggle_training_wav_cache_sp\Marail Guan_sound\Marail Guan15.wav,8.48,True,D:\other\Bird\Dataset\CC0\Marail Guan_sound\Marail Guan15.mp3
Marail Guan_sound/Marail Guan16,D:\other\Bird\Code\data\kaggle_training_wav_cache_sp\Marail Guan_sound\Marail Guan16.wav,Marail Guan_sound,56,10.608,52,train,D:\other\Bird\Code\data\kaggle_training_wav_cache_sp\Marail Guan_sound\Marail Guan16.wav,10.608,True,D:\other\Bird\Dataset\CC0\Marail Guan_sound\Marail Guan16.mp3
Marail Guan_sound/Marail Guan17,D:\other\Bird\Code\data\kaggle_training_wav_cache_sp\Marail Guan_sound\Marail Guan17.wav,Marail Guan_sound,56,15.74953125,52,train,D:\other\Bird\Code\data\kaggle_training_wav_cache_sp\Marail Guan_sound\Marail Guan17.wav,15.74953125,True,D:\other\Bird\Dataset\CC0\Marail Guan_sound\Marail Guan17.mp3
Marail Guan_sound/Marail Guan18,D:\other\Bird\Code\data\kaggle_training_wav_cache_sp\Marail Guan_sound\Marail Guan18.wav,Marail Guan_sound,56,15.74953125,52,val,D:\other\Bird\Code\data\kaggle_training_wav_cache_sp\Marail Guan_sound\Marail Guan18.wav,15.74953125,True,D:\other\Bird\Dataset\CC0\Marail Guan_sound\Marail Guan18.mp3
Marail Guan_sound/Marail Guan2,D:\other\Bird\Code\data\kaggle_training_wav_cache_sp\Marail Guan_sound\Marail Guan2.wav,Marail Guan_sound,56,33.568,52,train,D:\other\Bird\Code\data\kaggle_training_wav_cache_sp\Marail Guan_sound\Marail Guan2.wav,33.568,True,D:\other\Bird\Dataset\CC0\Marail Guan_sound\Marail Guan2.mp3
Marail Guan_sound/Marail Guan3,D:\other\Bird\Code\data\kaggle_training_wav_cache_sp\Marail Guan_sound\Marail Guan3.wav,Marail Guan_sound,56,33.568,52,train,D:\other\Bird\Code\data\kaggle_training_wav_cache_sp\Marail Guan_sound\Marail Guan3.wav,33.568,True,D:\other\Bird\Dataset\CC0\Marail Guan_sound\Marail Guan3.mp3
Marail Guan_sound/Marail Guan4,D:\other\Bird\Code\data\kaggle_training_wav_cache_sp\Marail Guan_sound\Marail Guan4.wav,Marail Guan_sound,56,33.568,52,test,D:\other\Bird\Code\data\kaggle_training_wav_cache_sp\Marail Guan_sound\Marail Guan4.wav,33.568,True,D:\other\Bird\Dataset\CC0\Marail Guan_sound\Marail Guan4.mp3
Marail Guan_sound/Marail Guan5,D:\other\Bird\Code\data\kaggle_training_wav_cache_sp\Marail Guan_sound\Marail Guan5.wav,Marail Guan_sound,56,6.83334375,52,test,D:\other\Bird\Code\data\kaggle_training_wav_cache_sp\Marail Guan_sound\Marail Guan5.wav,6.83334375,True,D:\other\Bird\Dataset\CC0\Marail Guan_sound\Marail Guan5.mp3
Marail Guan_sound/Marail Guan6,D:\other\Bird\Code\data\kaggle_training_wav_cache_sp\Marail Guan_sound\Marail Guan6.wav,Marail Guan_sound,56,9.7384375,52,train,D:\other\Bird\Code\data\kaggle_training_wav_cache_sp\Marail Guan_sound\Marail Guan6.wav,9.7384375,True,D:\other\Bird\Dataset\CC0\Marail Guan_sound\Marail Guan6.mp3
Marail Guan_sound/Marail Guan7,D:\other\Bird\Code\data\kaggle_training_wav_cache_sp\Marail Guan_sound\Marail Guan7.wav,Marail Guan_sound,56,33.24646875,52,train,D:\other\Bird\Code\data\kaggle_training_wav_cache_sp\Marail Guan_sound\Marail Guan7.wav,33.24646875,True,D:\other\Bird\Dataset\CC0\Marail Guan_sound\Marail Guan7.mp3
Marail Guan_sound/Marail Guan8,D:\other\Bird\Code\data\kaggle_training_wav_cache_sp\Marail Guan_sound\Marail Guan8.wav,Marail Guan_sound,56,17.998375,52,train,D:\other\Bird\Code\data\kaggle_training_wav_cache_sp\Marail Guan_sound\Marail Guan8.wav,17.998375,True,D:\other\Bird\Dataset\CC0\Marail Guan_sound\Marail Guan8.mp3
Marail Guan_sound/Marail Guan9,D:\other\Bird\Code\data\kaggle_training_wav_cache_sp\Marail Guan_sound\Marail Guan9.wav,Marail Guan_sound,56,5.74696875,52,train,D:\other\Bird\Code\data\kaggle_training_wav_cache_sp\Marail Guan_sound\Marail Guan9.wav,5.74696875,True,D:\other\Bird\Dataset\CC0\Marail Guan_sound\Marail Guan9.mp3
Melanesian Megapode_sound/Melanesian Megapode10,D:\other\Bird\Code\data\kaggle_training_wav_cache_sp\Melanesian Megapode_sound\Melanesian Megapode10.wav,Melanesian Megapode_sound,57,16.7996875,53,test,D:\other\Bird\Code\data\kaggle_training_wav_cache_sp\Melanesian Megapode_sound\Melanesian Megapode10.wav,16.7996875,True,D:\other\Bird\Dataset\CC0\Melanesian Megapode_sound\Melanesian Megapode10.mp3
Melanesian Megapode_sound/Melanesian Megapode11,D:\other\Bird\Code\data\kaggle_training_wav_cache_sp\Melanesian Megapode_sound\Melanesian Megapode11.wav,Melanesian Megapode_sound,57,32.166875,53,train,D:\other\Bird\Code\data\kaggle_training_wav_cache_sp\Melanesian Megapode_sound\Melanesian Megapode11.wav,32.166875,True,D:\other\Bird\Dataset\CC0\Melanesian Megapode_sound\Melanesian Megapode11.mp3
Melanesian Megapode_sound/Melanesian Megapode12,D:\other\Bird\Code\data\kaggle_training_wav_cache_sp\Melanesian Megapode_sound\Melanesian Megapode12.wav,Melanesian Megapode_sound,57,22.7004375,53,train,D:\other\Bird\Code\data\kaggle_training_wav_cache_sp\Melanesian Megapode_sound\Melanesian Megapode12.wav,22.7004375,True,D:\other\Bird\Dataset\CC0\Melanesian Megapode_sound\Melanesian Megapode12.mp3
Melanesian Megapode_sound/Melanesian Megapode13,D:\other\Bird\Code\data\kaggle_training_wav_cache_sp\Melanesian Megapode_sound\Melanesian Megapode13.wav,Melanesian Megapode_sound,57,100.33634375,53,train,D:\other\Bird\Code\data\kaggle_training_wav_cache_sp\Melanesian Megapode_sound\Melanesian Megapode13.wav,100.33634375,True,D:\other\Bird\Dataset\CC0\Melanesian Megapode_sound\Melanesian Megapode13.mp3
Melanesian Megapode_sound/Melanesian Megapode2,D:\other\Bird\Code\data\kaggle_training_wav_cache_sp\Melanesian Megapode_sound\Melanesian Megapode2.wav,Melanesian Megapode_sound,57,38.55471875,53,train,D:\other\Bird\Code\data\kaggle_training_wav_cache_sp\Melanesian Megapode_sound\Melanesian Megapode2.wav,38.55471875,True,D:\other\Bird\Dataset\CC0\Melanesian Megapode_sound\Melanesian Megapode2.mp3
Melanesian Megapode_sound/Melanesian Megapode3,D:\other\Bird\Code\data\kaggle_training_wav_cache_sp\Melanesian Megapode_sound\Melanesian Megapode3.wav,Melanesian Megapode_sound,57,25.8874375,53,train,D:\other\Bird\Code\data\kaggle_training_wav_cache_sp\Melanesian Megapode_sound\Melanesian Megapode3.wav,25.8874375,True,D:\other\Bird\Dataset\CC0\Melanesian Megapode_sound\Melanesian Megapode3.mp3
Melanesian Megapode_sound/Melanesian Megapode4,D:\other\Bird\Code\data\kaggle_training_wav_cache_sp\Melanesian Megapode_sound\Melanesian Megapode4.wav,Melanesian Megapode_sound,57,25.8874375,53,test,D:\other\Bird\Code\data\kaggle_training_wav_cache_sp\Melanesian Megapode_sound\Melanesian Megapode4.wav,25.8874375,True,D:\other\Bird\Dataset\CC0\Melanesian Megapode_sound\Melanesian Megapode4.mp3
Melanesian Megapode_sound/Melanesian Megapode5,D:\other\Bird\Code\data\kaggle_training_wav_cache_sp\Melanesian Megapode_sound\Melanesian Megapode5.wav,Melanesian Megapode_sound,57,25.8874375,53,train,D:\other\Bird\Code\data\kaggle_training_wav_cache_sp\Melanesian Megapode_sound\Melanesian Megapode5.wav,25.8874375,True,D:\other\Bird\Dataset\CC0\Melanesian Megapode_sound\Melanesian Megapode5.mp3
Melanesian Megapode_sound/Melanesian Megapode6,D:\other\Bird\Code\data\kaggle_training_wav_cache_sp\Melanesian Megapode_sound\Melanesian Megapode6.wav,Melanesian Megapode_sound,57,25.8874375,53,val,D:\other\Bird\Code\data\kaggle_training_wav_cache_sp\Melanesian Megapode_sound\Melanesian Megapode6.wav,25.8874375,True,D:\other\Bird\Dataset\CC0\Melanesian Megapode_sound\Melanesian Megapode6.mp3
Melanesian Megapode_sound/Melanesian Megapode8,D:\other\Bird\Code\data\kaggle_training_wav_cache_sp\Melanesian Megapode_sound\Melanesian Megapode8.wav,Melanesian Megapode_sound,57,8.544,53,val,D:\other\Bird\Code\data\kaggle_training_wav_cache_sp\Melanesian Megapode_sound\Melanesian Megapode8.wav,8.544,True,D:\other\Bird\Dataset\CC0\Melanesian Megapode_sound\Melanesian Megapode8.mp3
Melanesian Megapode_sound/Melanesian Megapode9,D:\other\Bird\Code\data\kaggle_training_wav_cache_sp\Melanesian Megapode_sound\Melanesian Megapode9.wav,Melanesian Megapode_sound,57,8.544,53,train,D:\other\Bird\Code\data\kaggle_training_wav_cache_sp\Melanesian Megapode_sound\Melanesian Megapode9.wav,8.544,True,D:\other\Bird\Dataset\CC0\Melanesian Megapode_sound\Melanesian Megapode9.mp3
Micronesian Megapode_sound/Micronesian Megapode2,D:\other\Bird\Code\data\kaggle_training_wav_cache_sp\Micronesian Megapode_sound\Micronesian Megapode2.wav,Micronesian Megapode_sound,58,8.24,54,train,D:\other\Bird\Code\data\kaggle_training_wav_cache_sp\Micronesian Megapode_sound\Micronesian Megapode2.wav,8.24,True,D:\other\Bird\Dataset\CC0\Micronesian Megapode_sound\Micronesian Megapode2.mp3
Micronesian Megapode_sound/Micronesian Megapode3,D:\other\Bird\Code\data\kaggle_training_wav_cache_sp\Micronesian Megapode_sound\Micronesian Megapode3.wav,Micronesian Megapode_sound,58,29.26140625,54,val,D:\other\Bird\Code\data\kaggle_training_wav_cache_sp\Micronesian Megapode_sound\Micronesian Megapode3.wav,29.26140625,True,D:\other\Bird\Dataset\CC0\Micronesian Megapode_sound\Micronesian Megapode3.mp3
Micronesian Megapode_sound/Micronesian Megapode5,D:\other\Bird\Code\data\kaggle_training_wav_cache_sp\Micronesian Megapode_sound\Micronesian Megapode5.wav,Micronesian Megapode_sound,58,17.01553125,54,train,D:\other\Bird\Code\data\kaggle_training_wav_cache_sp\Micronesian Megapode_sound\Micronesian Megapode5.wav,17.01553125,True,D:\other\Bird\Dataset\CC0\Micronesian Megapode_sound\Micronesian Megapode5.mp3
Micronesian Megapode_sound/Micronesian Megapode7,D:\other\Bird\Code\data\kaggle_training_wav_cache_sp\Micronesian Megapode_sound\Micronesian Megapode7.wav,Micronesian Megapode_sound,58,99.74990625,54,test,D:\other\Bird\Code\data\kaggle_training_wav_cache_sp\Micronesian Megapode_sound\Micronesian Megapode7.wav,99.74990625,True,D:\other\Bird\Dataset\CC0\Micronesian Megapode_sound\Micronesian Megapode7.mp3
Micronesian Megapode_sound/Micronesian Megapode8,D:\other\Bird\Code\data\kaggle_training_wav_cache_sp\Micronesian Megapode_sound\Micronesian Megapode8.wav,Micronesian Megapode_sound,58,64.29159375,54,train,D:\other\Bird\Code\data\kaggle_training_wav_cache_sp\Micronesian Megapode_sound\Micronesian Megapode8.wav,64.29159375,True,D:\other\Bird\Dataset\CC0\Micronesian Megapode_sound\Micronesian Megapode8.mp3
Moluccan Megapode_sound/Moluccan Megapode2,D:\other\Bird\Code\data\kaggle_training_wav_cache_sp\Moluccan Megapode_sound\Moluccan Megapode2.wav,Moluccan Megapode_sound,59,12.096,55,train,D:\other\Bird\Code\data\kaggle_training_wav_cache_sp\Moluccan Megapode_sound\Moluccan Megapode2.wav,12.096,True,D:\other\Bird\Dataset\CC0\Moluccan Megapode_sound\Moluccan Megapode2.mp3
Moluccan Megapode_sound/Moluccan Megapode3,D:\other\Bird\Code\data\kaggle_training_wav_cache_sp\Moluccan Megapode_sound\Moluccan Megapode3.wav,Moluccan Megapode_sound,59,12.096,55,val,D:\other\Bird\Code\data\kaggle_training_wav_cache_sp\Moluccan Megapode_sound\Moluccan Megapode3.wav,12.096,True,D:\other\Bird\Dataset\CC0\Moluccan Megapode_sound\Moluccan Megapode3.mp3
Moluccan Megapode_sound/Moluccan Megapode4,D:\other\Bird\Code\data\kaggle_training_wav_cache_sp\Moluccan Megapode_sound\Moluccan Megapode4.wav,Moluccan Megapode_sound,59,12.096,55,train,D:\other\Bird\Code\data\kaggle_training_wav_cache_sp\Moluccan Megapode_sound\Moluccan Megapode4.wav,12.096,True,D:\other\Bird\Dataset\CC0\Moluccan Megapode_sound\Moluccan Megapode4.mp3
Moluccan Megapode_sound/Moluccan Megapode5,D:\other\Bird\Code\data\kaggle_training_wav_cache_sp\Moluccan Megapode_sound\Moluccan Megapode5.wav,Moluccan Megapode_sound,59,12.096,55,train,D:\other\Bird\Code\data\kaggle_training_wav_cache_sp\Moluccan Megapode_sound\Moluccan Megapode5.wav,12.096,True,D:\other\Bird\Dataset\CC0\Moluccan Megapode_sound\Moluccan Megapode5.mp3
Moluccan Megapode_sound/Moluccan Megapode6,D:\other\Bird\Code\data\kaggle_training_wav_cache_sp\Moluccan Megapode_sound\Moluccan Megapode6.wav,Moluccan Megapode_sound,59,12.096,55,test,D:\other\Bird\Code\data\kaggle_training_wav_cache_sp\Moluccan Megapode_sound\Moluccan Megapode6.wav,12.096,True,D:\other\Bird\Dataset\CC0\Moluccan Megapode_sound\Moluccan Megapode6.mp3
Moluccan Megapode_sound/Moluccan Megapode7,D:\other\Bird\Code\data\kaggle_training_wav_cache_sp\Moluccan Megapode_sound\Moluccan Megapode7.wav,Moluccan Megapode_sound,59,12.096,55,train,D:\other\Bird\Code\data\kaggle_training_wav_cache_sp\Moluccan Megapode_sound\Moluccan Megapode7.wav,12.096,True,D:\other\Bird\Dataset\CC0\Moluccan Megapode_sound\Moluccan Megapode7.mp3
New Guinea Scrubfowl_sound/New Guinea Scrubfowl2,D:\other\Bird\Code\data\kaggle_training_wav_cache_sp\New Guinea Scrubfowl_sound\New Guinea Scrubfowl2.wav,New Guinea Scrubfowl_sound,60,8.17634375,56,train,D:\other\Bird\Code\data\kaggle_training_wav_cache_sp\New Guinea Scrubfowl_sound\New Guinea Scrubfowl2.wav,8.17634375,True,D:\other\Bird\Dataset\CC0\New Guinea Scrubfowl_sound\New Guinea Scrubfowl2.mp3
New Guinea Scrubfowl_sound/New Guinea Scrubfowl3,D:\other\Bird\Code\data\kaggle_training_wav_cache_sp\New Guinea Scrubfowl_sound\New Guinea Scrubfowl3.wav,New Guinea Scrubfowl_sound,60,8.17634375,56,test,D:\other\Bird\Code\data\kaggle_training_wav_cache_sp\New Guinea Scrubfowl_sound\New Guinea Scrubfowl3.wav,8.17634375,True,D:\other\Bird\Dataset\CC0\New Guinea Scrubfowl_sound\New Guinea Scrubfowl3.mp3
New Guinea Scrubfowl_sound/New Guinea Scrubfowl4,D:\other\Bird\Code\data\kaggle_training_wav_cache_sp\New Guinea Scrubfowl_sound\New Guinea Scrubfowl4.wav,New Guinea Scrubfowl_sound,60,8.17634375,56,val,D:\other\Bird\Code\data\kaggle_training_wav_cache_sp\New Guinea Scrubfowl_sound\New Guinea Scrubfowl4.wav,8.17634375,True,D:\other\Bird\Dataset\CC0\New Guinea Scrubfowl_sound\New Guinea Scrubfowl4.mp3
New Guinea Scrubfowl_sound/New Guinea Scrubfowl5,D:\other\Bird\Code\data\kaggle_training_wav_cache_sp\New Guinea Scrubfowl_sound\New Guinea Scrubfowl5.wav,New Guinea Scrubfowl_sound,60,8.17634375,56,train,D:\other\Bird\Code\data\kaggle_training_wav_cache_sp\New Guinea Scrubfowl_sound\New Guinea Scrubfowl5.wav,8.17634375,True,D:\other\Bird\Dataset\CC0\New Guinea Scrubfowl_sound\New Guinea Scrubfowl5.mp3
New Guinea Scrubfowl_sound/New Guinea Scrubfowl6,D:\other\Bird\Code\data\kaggle_training_wav_cache_sp\New Guinea Scrubfowl_sound\New Guinea Scrubfowl6.wav,New Guinea Scrubfowl_sound,60,8.17634375,56,train,D:\other\Bird\Code\data\kaggle_training_wav_cache_sp\New Guinea Scrubfowl_sound\New Guinea Scrubfowl6.wav,8.17634375,True,D:\other\Bird\Dataset\CC0\New Guinea Scrubfowl_sound\New Guinea Scrubfowl6.mp3
New Guinea Scrubfowl_sound/New Guinea Scrubfowl7,D:\other\Bird\Code\data\kaggle_training_wav_cache_sp\New Guinea Scrubfowl_sound\New Guinea Scrubfowl7.wav,New Guinea Scrubfowl_sound,60,8.17634375,56,train,D:\other\Bird\Code\data\kaggle_training_wav_cache_sp\New Guinea Scrubfowl_sound\New Guinea Scrubfowl7.wav,8.17634375,True,D:\other\Bird\Dataset\CC0\New Guinea Scrubfowl_sound\New Guinea Scrubfowl7.mp3
North Island Brown Kiwi_sound/North Island Brown Kiwi10,D:\other\Bird\Code\data\kaggle_training_wav_cache_sp\North Island Brown Kiwi_sound\North Island Brown Kiwi10.wav,North Island Brown Kiwi_sound,62,12.871625,57,test,D:\other\Bird\Code\data\kaggle_training_wav_cache_sp\North Island Brown Kiwi_sound\North Island Brown Kiwi10.wav,12.871625,True,D:\other\Bird\Dataset\CC0\North Island Brown Kiwi_sound\North Island Brown Kiwi10.mp3
North Island Brown Kiwi_sound/North Island Brown Kiwi11,D:\other\Bird\Code\data\kaggle_training_wav_cache_sp\North Island Brown Kiwi_sound\North Island Brown Kiwi11.wav,North Island Brown Kiwi_sound,62,12.871625,57,train,D:\other\Bird\Code\data\kaggle_training_wav_cache_sp\North Island Brown Kiwi_sound\North Island Brown Kiwi11.wav,12.871625,True,D:\other\Bird\Dataset\CC0\North Island Brown Kiwi_sound\North Island Brown Kiwi11.mp3
North Island Brown Kiwi_sound/North Island Brown Kiwi12,D:\other\Bird\Code\data\kaggle_training_wav_cache_sp\North Island Brown Kiwi_sound\North Island Brown Kiwi12.wav,North Island Brown Kiwi_sound,62,12.871625,57,test,D:\other\Bird\Code\data\kaggle_training_wav_cache_sp\North Island Brown Kiwi_sound\North Island Brown Kiwi12.wav,12.871625,True,D:\other\Bird\Dataset\CC0\North Island Brown Kiwi_sound\North Island Brown Kiwi12.mp3
North Island Brown Kiwi_sound/North Island Brown Kiwi13,D:\other\Bird\Code\data\kaggle_training_wav_cache_sp\North Island Brown Kiwi_sound\North Island Brown Kiwi13.wav,North Island Brown Kiwi_sound,62,12.871625,57,train,D:\other\Bird\Code\data\kaggle_training_wav_cache_sp\North Island Brown Kiwi_sound\North Island Brown Kiwi13.wav,12.871625,True,D:\other\Bird\Dataset\CC0\North Island Brown Kiwi_sound\North Island Brown Kiwi13.mp3
North Island Brown Kiwi_sound/North Island Brown Kiwi14,D:\other\Bird\Code\data\kaggle_training_wav_cache_sp\North Island Brown Kiwi_sound\North Island Brown Kiwi14.wav,North Island Brown Kiwi_sound,62,12.871625,57,train,D:\other\Bird\Code\data\kaggle_training_wav_cache_sp\North Island Brown Kiwi_sound\North Island Brown Kiwi14.wav,12.871625,True,D:\other\Bird\Dataset\CC0\North Island Brown Kiwi_sound\North Island Brown Kiwi14.mp3
North Island Brown Kiwi_sound/North Island Brown Kiwi15,D:\other\Bird\Code\data\kaggle_training_wav_cache_sp\North Island Brown Kiwi_sound\North Island Brown Kiwi15.wav,North Island Brown Kiwi_sound,62,12.871625,57,test,D:\other\Bird\Code\data\kaggle_training_wav_cache_sp\North Island Brown Kiwi_sound\North Island Brown Kiwi15.wav,12.871625,True,D:\other\Bird\Dataset\CC0\North Island Brown Kiwi_sound\North Island Brown Kiwi15.mp3
North Island Brown Kiwi_sound/North Island Brown Kiwi16,D:\other\Bird\Code\data\kaggle_training_wav_cache_sp\North Island Brown Kiwi_sound\North Island Brown Kiwi16.wav,North Island Brown Kiwi_sound,62,12.871625,57,train,D:\other\Bird\Code\data\kaggle_training_wav_cache_sp\North Island Brown Kiwi_sound\North Island Brown Kiwi16.wav,12.871625,True,D:\other\Bird\Dataset\CC0\North Island Brown Kiwi_sound\North Island Brown Kiwi16.mp3
North Island Brown Kiwi_sound/North Island Brown Kiwi17,D:\other\Bird\Code\data\kaggle_training_wav_cache_sp\North Island Brown Kiwi_sound\North Island Brown Kiwi17.wav,North Island Brown Kiwi_sound,62,19.824,57,train,D:\other\Bird\Code\data\kaggle_training_wav_cache_sp\North Island Brown Kiwi_sound\North Island Brown Kiwi17.wav,19.824,True,D:\other\Bird\Dataset\CC0\North Island Brown Kiwi_sound\North Island Brown Kiwi17.mp3
North Island Brown Kiwi_sound/North Island Brown Kiwi18,D:\other\Bird\Code\data\kaggle_training_wav_cache_sp\North Island Brown Kiwi_sound\North Island Brown Kiwi18.wav,North Island Brown Kiwi_sound,62,19.824,57,val,D:\other\Bird\Code\data\kaggle_training_wav_cache_sp\North Island Brown Kiwi_sound\North Island Brown Kiwi18.wav,19.824,True,D:\other\Bird\Dataset\CC0\North Island Brown Kiwi_sound\North Island Brown Kiwi18.mp3
North Island Brown Kiwi_sound/North Island Brown Kiwi19,D:\other\Bird\Code\data\kaggle_training_wav_cache_sp\North Island Brown Kiwi_sound\North Island Brown Kiwi19.wav,North Island Brown Kiwi_sound,62,19.824,57,val,D:\other\Bird\Code\data\kaggle_training_wav_cache_sp\North Island Brown Kiwi_sound\North Island Brown Kiwi19.wav,19.824,True,D:\other\Bird\Dataset\CC0\North Island Brown Kiwi_sound\North Island Brown Kiwi19.mp3
North Island Brown Kiwi_sound/North Island Brown Kiwi2,D:\other\Bird\Code\data\kaggle_training_wav_cache_sp\North Island Brown Kiwi_sound\North Island Brown Kiwi2.wav,North Island Brown Kiwi_sound,62,31.184,57,train,D:\other\Bird\Code\data\kaggle_training_wav_cache_sp\North Island Brown Kiwi_sound\North Island Brown Kiwi2.wav,31.184,True,D:\other\Bird\Dataset\CC0\North Island Brown Kiwi_sound\North Island Brown Kiwi2.mp3
North Island Brown Kiwi_sound/North Island Brown Kiwi20,D:\other\Bird\Code\data\kaggle_training_wav_cache_sp\North Island Brown Kiwi_sound\North Island Brown Kiwi20.wav,North Island Brown Kiwi_sound,62,17.408,57,train,D:\other\Bird\Code\data\kaggle_training_wav_cache_sp\North Island Brown Kiwi_sound\North Island Brown Kiwi20.wav,17.408,True,D:\other\Bird\Dataset\CC0\North Island Brown Kiwi_sound\North Island Brown Kiwi20.mp3
North Island Brown Kiwi_sound/North Island Brown Kiwi3,D:\other\Bird\Code\data\kaggle_training_wav_cache_sp\North Island Brown Kiwi_sound\North Island Brown Kiwi3.wav,North Island Brown Kiwi_sound,62,31.184,57,train,D:\other\Bird\Code\data\kaggle_training_wav_cache_sp\North Island Brown Kiwi_sound\North Island Brown Kiwi3.wav,31.184,True,D:\other\Bird\Dataset\CC0\North Island Brown Kiwi_sound\North Island Brown Kiwi3.mp3
North Island Brown Kiwi_sound/North Island Brown Kiwi4,D:\other\Bird\Code\data\kaggle_training_wav_cache_sp\North Island Brown Kiwi_sound\North Island Brown Kiwi4.wav,North Island Brown Kiwi_sound,62,31.184,57,train,D:\other\Bird\Code\data\kaggle_training_wav_cache_sp\North Island Brown Kiwi_sound\North Island Brown Kiwi4.wav,31.184,True,D:\other\Bird\Dataset\CC0\North Island Brown Kiwi_sound\North Island Brown Kiwi4.mp3
North Island Brown Kiwi_sound/North Island Brown Kiwi5,D:\other\Bird\Code\data\kaggle_training_wav_cache_sp\North Island Brown Kiwi_sound\North Island Brown Kiwi5.wav,North Island Brown Kiwi_sound,62,31.184,57,train,D:\other\Bird\Code\data\kaggle_training_wav_cache_sp\North Island Brown Kiwi_sound\North Island Brown Kiwi5.wav,31.184,True,D:\other\Bird\Dataset\CC0\North Island Brown Kiwi_sound\North Island Brown Kiwi5.mp3
North Island Brown Kiwi_sound/North Island Brown Kiwi6,D:\other\Bird\Code\data\kaggle_training_wav_cache_sp\North Island Brown Kiwi_sound\North Island Brown Kiwi6.wav,North Island Brown Kiwi_sound,62,31.184,57,train,D:\other\Bird\Code\data\kaggle_training_wav_cache_sp\North Island Brown Kiwi_sound\North Island Brown Kiwi6.wav,31.184,True,D:\other\Bird\Dataset\CC0\North Island Brown Kiwi_sound\North Island Brown Kiwi6.mp3
North Island Brown Kiwi_sound/North Island Brown Kiwi7,D:\other\Bird\Code\data\kaggle_training_wav_cache_sp\North Island Brown Kiwi_sound\North Island Brown Kiwi7.wav,North Island Brown Kiwi_sound,62,12.871625,57,train,D:\other\Bird\Code\data\kaggle_training_wav_cache_sp\North Island Brown Kiwi_sound\North Island Brown Kiwi7.wav,12.871625,True,D:\other\Bird\Dataset\CC0\North Island Brown Kiwi_sound\North Island Brown Kiwi7.mp3
North Island Brown Kiwi_sound/North Island Brown Kiwi8,D:\other\Bird\Code\data\kaggle_training_wav_cache_sp\North Island Brown Kiwi_sound\North Island Brown Kiwi8.wav,North Island Brown Kiwi_sound,62,12.871625,57,train,D:\other\Bird\Code\data\kaggle_training_wav_cache_sp\North Island Brown Kiwi_sound\North Island Brown Kiwi8.wav,12.871625,True,D:\other\Bird\Dataset\CC0\North Island Brown Kiwi_sound\North Island Brown Kiwi8.mp3
North Island Brown Kiwi_sound/North Island Brown Kiwi9,D:\other\Bird\Code\data\kaggle_training_wav_cache_sp\North Island Brown Kiwi_sound\North Island Brown Kiwi9.wav,North Island Brown Kiwi_sound,62,12.871625,57,val,D:\other\Bird\Code\data\kaggle_training_wav_cache_sp\North Island Brown Kiwi_sound\North Island Brown Kiwi9.wav,12.871625,True,D:\other\Bird\Dataset\CC0\North Island Brown Kiwi_sound\North Island Brown Kiwi9.mp3
Northern Cassowary_sound/Northern Cassowary2,D:\other\Bird\Code\data\kaggle_training_wav_cache_sp\Northern Cassowary_sound\Northern Cassowary2.wav,Northern Cassowary_sound,63,28.928,58,train,D:\other\Bird\Code\data\kaggle_training_wav_cache_sp\Northern Cassowary_sound\Northern Cassowary2.wav,28.928,True,D:\other\Bird\Dataset\CC0\Northern Cassowary_sound\Northern Cassowary2.mp3
Northern Cassowary_sound/Northern Cassowary3,D:\other\Bird\Code\data\kaggle_training_wav_cache_sp\Northern Cassowary_sound\Northern Cassowary3.wav,Northern Cassowary_sound,63,10.048,58,val,D:\other\Bird\Code\data\kaggle_training_wav_cache_sp\Northern Cassowary_sound\Northern Cassowary3.wav,10.048,True,D:\other\Bird\Dataset\CC0\Northern Cassowary_sound\Northern Cassowary3.mp3
Northern Cassowary_sound/Northern Cassowary4,D:\other\Bird\Code\data\kaggle_training_wav_cache_sp\Northern Cassowary_sound\Northern Cassowary4.wav,Northern Cassowary_sound,63,27.712,58,test,D:\other\Bird\Code\data\kaggle_training_wav_cache_sp\Northern Cassowary_sound\Northern Cassowary4.wav,27.712,True,D:\other\Bird\Dataset\CC0\Northern Cassowary_sound\Northern Cassowary4.mp3
Northern Cassowary_sound/Northern Cassowary5,D:\other\Bird\Code\data\kaggle_training_wav_cache_sp\Northern Cassowary_sound\Northern Cassowary5.wav,Northern Cassowary_sound,63,20.42925,58,train,D:\other\Bird\Code\data\kaggle_training_wav_cache_sp\Northern Cassowary_sound\Northern Cassowary5.wav,20.42925,True,D:\other\Bird\Dataset\CC0\Northern Cassowary_sound\Northern Cassowary5.mp3
Northern Cassowary_sound/Northern Cassowary6,D:\other\Bird\Code\data\kaggle_training_wav_cache_sp\Northern Cassowary_sound\Northern Cassowary6.wav,Northern Cassowary_sound,63,10.096,58,train,D:\other\Bird\Code\data\kaggle_training_wav_cache_sp\Northern Cassowary_sound\Northern Cassowary6.wav,10.096,True,D:\other\Bird\Dataset\CC0\Northern Cassowary_sound\Northern Cassowary6.mp3
Northern Cassowary_sound/Northern Cassowary7,D:\other\Bird\Code\data\kaggle_training_wav_cache_sp\Northern Cassowary_sound\Northern Cassowary7.wav,Northern Cassowary_sound,63,10.096,58,train,D:\other\Bird\Code\data\kaggle_training_wav_cache_sp\Northern Cassowary_sound\Northern Cassowary7.wav,10.096,True,D:\other\Bird\Dataset\CC0\Northern Cassowary_sound\Northern Cassowary7.mp3
Okarito Kiwi_sound/Okarito Kiwi2,D:\other\Bird\Code\data\kaggle_training_wav_cache_sp\Okarito Kiwi_sound\Okarito Kiwi2.wav,Okarito Kiwi_sound,64,17.408,59,val,D:\other\Bird\Code\data\kaggle_training_wav_cache_sp\Okarito Kiwi_sound\Okarito Kiwi2.wav,17.408,True,D:\other\Bird\Dataset\CC0\Okarito Kiwi_sound\Okarito Kiwi2.mp3
Okarito Kiwi_sound/Okarito Kiwi3,D:\other\Bird\Code\data\kaggle_training_wav_cache_sp\Okarito Kiwi_sound\Okarito Kiwi3.wav,Okarito Kiwi_sound,64,17.408,59,test,D:\other\Bird\Code\data\kaggle_training_wav_cache_sp\Okarito Kiwi_sound\Okarito Kiwi3.wav,17.408,True,D:\other\Bird\Dataset\CC0\Okarito Kiwi_sound\Okarito Kiwi3.mp3
Okarito Kiwi_sound/Okarito Kiwi4,D:\other\Bird\Code\data\kaggle_training_wav_cache_sp\Okarito Kiwi_sound\Okarito Kiwi4.wav,Okarito Kiwi_sound,64,17.408,59,train,D:\other\Bird\Code\data\kaggle_training_wav_cache_sp\Okarito Kiwi_sound\Okarito Kiwi4.wav,17.408,True,D:\other\Bird\Dataset\CC0\Okarito Kiwi_sound\Okarito Kiwi4.mp3
Okarito Kiwi_sound/Okarito Kiwi5,D:\other\Bird\Code\data\kaggle_training_wav_cache_sp\Okarito Kiwi_sound\Okarito Kiwi5.wav,Okarito Kiwi_sound,64,17.408,59,train,D:\other\Bird\Code\data\kaggle_training_wav_cache_sp\Okarito Kiwi_sound\Okarito Kiwi5.wav,17.408,True,D:\other\Bird\Dataset\CC0\Okarito Kiwi_sound\Okarito Kiwi5.mp3
Okarito Kiwi_sound/Okarito Kiwi6,D:\other\Bird\Code\data\kaggle_training_wav_cache_sp\Okarito Kiwi_sound\Okarito Kiwi6.wav,Okarito Kiwi_sound,64,5.476,59,train,D:\other\Bird\Code\data\kaggle_training_wav_cache_sp\Okarito Kiwi_sound\Okarito Kiwi6.wav,5.476,True,D:\other\Bird\Dataset\CC0\Okarito Kiwi_sound\Okarito Kiwi6.mp3
Orange-footed Scrubfowl_sound/Orange-footed Scrubfowl10,D:\other\Bird\Code\data\kaggle_training_wav_cache_sp\Orange-footed Scrubfowl_sound\Orange-footed Scrubfowl10.wav,Orange-footed Scrubfowl_sound,65,11.6,60,test,D:\other\Bird\Code\data\kaggle_training_wav_cache_sp\Orange-footed Scrubfowl_sound\Orange-footed Scrubfowl10.wav,11.6,True,D:\other\Bird\Dataset\CC0\Orange-footed Scrubfowl_sound\Orange-footed Scrubfowl10.mp3
Orange-footed Scrubfowl_sound/Orange-footed Scrubfowl11,D:\other\Bird\Code\data\kaggle_training_wav_cache_sp\Orange-footed Scrubfowl_sound\Orange-footed Scrubfowl11.wav,Orange-footed Scrubfowl_sound,65,11.648,60,train,D:\other\Bird\Code\data\kaggle_training_wav_cache_sp\Orange-footed Scrubfowl_sound\Orange-footed Scrubfowl11.wav,11.648,True,D:\other\Bird\Dataset\CC0\Orange-footed Scrubfowl_sound\Orange-footed Scrubfowl11.mp3
Orange-footed Scrubfowl_sound/Orange-footed Scrubfowl12,D:\other\Bird\Code\data\kaggle_training_wav_cache_sp\Orange-footed Scrubfowl_sound\Orange-footed Scrubfowl12.wav,Orange-footed Scrubfowl_sound,65,11.648,60,train,D:\other\Bird\Code\data\kaggle_training_wav_cache_sp\Orange-footed Scrubfowl_sound\Orange-footed Scrubfowl12.wav,11.648,True,D:\other\Bird\Dataset\CC0\Orange-footed Scrubfowl_sound\Orange-footed Scrubfowl12.mp3
Orange-footed Scrubfowl_sound/Orange-footed Scrubfowl13,D:\other\Bird\Code\data\kaggle_training_wav_cache_sp\Orange-footed Scrubfowl_sound\Orange-footed Scrubfowl13.wav,Orange-footed Scrubfowl_sound,65,11.648,60,train,D:\other\Bird\Code\data\kaggle_training_wav_cache_sp\Orange-footed Scrubfowl_sound\Orange-footed Scrubfowl13.wav,11.648,True,D:\other\Bird\Dataset\CC0\Orange-footed Scrubfowl_sound\Orange-footed Scrubfowl13.mp3
Orange-footed Scrubfowl_sound/Orange-footed Scrubfowl14,D:\other\Bird\Code\data\kaggle_training_wav_cache_sp\Orange-footed Scrubfowl_sound\Orange-footed Scrubfowl14.wav,Orange-footed Scrubfowl_sound,65,18.336,60,val,D:\other\Bird\Code\data\kaggle_training_wav_cache_sp\Orange-footed Scrubfowl_sound\Orange-footed Scrubfowl14.wav,18.336,True,D:\other\Bird\Dataset\CC0\Orange-footed Scrubfowl_sound\Orange-footed Scrubfowl14.mp3
Orange-footed Scrubfowl_sound/Orange-footed Scrubfowl15,D:\other\Bird\Code\data\kaggle_training_wav_cache_sp\Orange-footed Scrubfowl_sound\Orange-footed Scrubfowl15.wav,Orange-footed Scrubfowl_sound,65,18.336,60,train,D:\other\Bird\Code\data\kaggle_training_wav_cache_sp\Orange-footed Scrubfowl_sound\Orange-footed Scrubfowl15.wav,18.336,True,D:\other\Bird\Dataset\CC0\Orange-footed Scrubfowl_sound\Orange-footed Scrubfowl15.mp3
Orange-footed Scrubfowl_sound/Orange-footed Scrubfowl16,D:\other\Bird\Code\data\kaggle_training_wav_cache_sp\Orange-footed Scrubfowl_sound\Orange-footed Scrubfowl16.wav,Orange-footed Scrubfowl_sound,65,42.528,60,train,D:\other\Bird\Code\data\kaggle_training_wav_cache_sp\Orange-footed Scrubfowl_sound\Orange-footed Scrubfowl16.wav,42.528,True,D:\other\Bird\Dataset\CC0\Orange-footed Scrubfowl_sound\Orange-footed Scrubfowl16.mp3
Orange-footed Scrubfowl_sound/Orange-footed Scrubfowl17,D:\other\Bird\Code\data\kaggle_training_wav_cache_sp\Orange-footed Scrubfowl_sound\Orange-footed Scrubfowl17.wav,Orange-footed Scrubfowl_sound,65,77.744,60,test,D:\other\Bird\Code\data\kaggle_training_wav_cache_sp\Orange-footed Scrubfowl_sound\Orange-footed Scrubfowl17.wav,77.744,True,D:\other\Bird\Dataset\CC0\Orange-footed Scrubfowl_sound\Orange-footed Scrubfowl17.mp3
Orange-footed Scrubfowl_sound/Orange-footed Scrubfowl18,D:\other\Bird\Code\data\kaggle_training_wav_cache_sp\Orange-footed Scrubfowl_sound\Orange-footed Scrubfowl18.wav,Orange-footed Scrubfowl_sound,65,77.744,60,train,D:\other\Bird\Code\data\kaggle_training_wav_cache_sp\Orange-footed Scrubfowl_sound\Orange-footed Scrubfowl18.wav,77.744,True,D:\other\Bird\Dataset\CC0\Orange-footed Scrubfowl_sound\Orange-footed Scrubfowl18.mp3
Orange-footed Scrubfowl_sound/Orange-footed Scrubfowl19,D:\other\Bird\Code\data\kaggle_training_wav_cache_sp\Orange-footed Scrubfowl_sound\Orange-footed Scrubfowl19.wav,Orange-footed Scrubfowl_sound,65,77.744,60,train,D:\other\Bird\Code\data\kaggle_training_wav_cache_sp\Orange-footed Scrubfowl_sound\Orange-footed Scrubfowl19.wav,77.744,True,D:\other\Bird\Dataset\CC0\Orange-footed Scrubfowl_sound\Orange-footed Scrubfowl19.mp3
Orange-footed Scrubfowl_sound/Orange-footed Scrubfowl2,D:\other\Bird\Code\data\kaggle_training_wav_cache_sp\Orange-footed Scrubfowl_sound\Orange-footed Scrubfowl2.wav,Orange-footed Scrubfowl_sound,65,9.024,60,train,D:\other\Bird\Code\data\kaggle_training_wav_cache_sp\Orange-footed Scrubfowl_sound\Orange-footed Scrubfowl2.wav,9.024,True,D:\other\Bird\Dataset\CC0\Orange-footed Scrubfowl_sound\Orange-footed Scrubfowl2.mp3
Orange-footed Scrubfowl_sound/Orange-footed Scrubfowl20,D:\other\Bird\Code\data\kaggle_training_wav_cache_sp\Orange-footed Scrubfowl_sound\Orange-footed Scrubfowl20.wav,Orange-footed Scrubfowl_sound,65,77.744,60,val,D:\other\Bird\Code\data\kaggle_training_wav_cache_sp\Orange-footed Scrubfowl_sound\Orange-footed Scrubfowl20.wav,77.744,True,D:\other\Bird\Dataset\CC0\Orange-footed Scrubfowl_sound\Orange-footed Scrubfowl20.mp3
Orange-footed Scrubfowl_sound/Orange-footed Scrubfowl21,D:\other\Bird\Code\data\kaggle_training_wav_cache_sp\Orange-footed Scrubfowl_sound\Orange-footed Scrubfowl21.wav,Orange-footed Scrubfowl_sound,65,77.744,60,train,D:\other\Bird\Code\data\kaggle_training_wav_cache_sp\Orange-footed Scrubfowl_sound\Orange-footed Scrubfowl21.wav,77.744,True,D:\other\Bird\Dataset\CC0\Orange-footed Scrubfowl_sound\Orange-footed Scrubfowl21.mp3
Orange-footed Scrubfowl_sound/Orange-footed Scrubfowl22,D:\other\Bird\Code\data\kaggle_training_wav_cache_sp\Orange-footed Scrubfowl_sound\Orange-footed Scrubfowl22.wav,Orange-footed Scrubfowl_sound,65,77.744,60,val,D:\other\Bird\Code\data\kaggle_training_wav_cache_sp\Orange-footed Scrubfowl_sound\Orange-footed Scrubfowl22.wav,77.744,True,D:\other\Bird\Dataset\CC0\Orange-footed Scrubfowl_sound\Orange-footed Scrubfowl22.mp3
Orange-footed Scrubfowl_sound/Orange-footed Scrubfowl23,D:\other\Bird\Code\data\kaggle_training_wav_cache_sp\Orange-footed Scrubfowl_sound\Orange-footed Scrubfowl23.wav,Orange-footed Scrubfowl_sound,65,77.744,60,test,D:\other\Bird\Code\data\kaggle_training_wav_cache_sp\Orange-footed Scrubfowl_sound\Orange-footed Scrubfowl23.wav,77.744,True,D:\other\Bird\Dataset\CC0\Orange-footed Scrubfowl_sound\Orange-footed Scrubfowl23.mp3
Orange-footed Scrubfowl_sound/Orange-footed Scrubfowl24,D:\other\Bird\Code\data\kaggle_training_wav_cache_sp\Orange-footed Scrubfowl_sound\Orange-footed Scrubfowl24.wav,Orange-footed Scrubfowl_sound,65,77.744,60,train,D:\other\Bird\Code\data\kaggle_training_wav_cache_sp\Orange-footed Scrubfowl_sound\Orange-footed Scrubfowl24.wav,77.744,True,D:\other\Bird\Dataset\CC0\Orange-footed Scrubfowl_sound\Orange-footed Scrubfowl24.mp3
Orange-footed Scrubfowl_sound/Orange-footed Scrubfowl25,D:\other\Bird\Code\data\kaggle_training_wav_cache_sp\Orange-footed Scrubfowl_sound\Orange-footed Scrubfowl25.wav,Orange-footed Scrubfowl_sound,65,77.744,60,train,D:\other\Bird\Code\data\kaggle_training_wav_cache_sp\Orange-footed Scrubfowl_sound\Orange-footed Scrubfowl25.wav,77.744,True,D:\other\Bird\Dataset\CC0\Orange-footed Scrubfowl_sound\Orange-footed Scrubfowl25.mp3
Orange-footed Scrubfowl_sound/Orange-footed Scrubfowl26,D:\other\Bird\Code\data\kaggle_training_wav_cache_sp\Orange-footed Scrubfowl_sound\Orange-footed Scrubfowl26.wav,Orange-footed Scrubfowl_sound,65,77.744,60,train,D:\other\Bird\Code\data\kaggle_training_wav_cache_sp\Orange-footed Scrubfowl_sound\Orange-footed Scrubfowl26.wav,77.744,True,D:\other\Bird\Dataset\CC0\Orange-footed Scrubfowl_sound\Orange-footed Scrubfowl26.mp3
Orange-footed Scrubfowl_sound/Orange-footed Scrubfowl27,D:\other\Bird\Code\data\kaggle_training_wav_cache_sp\Orange-footed Scrubfowl_sound\Orange-footed Scrubfowl27.wav,Orange-footed Scrubfowl_sound,65,11.38821875,60,train,D:\other\Bird\Code\data\kaggle_training_wav_cache_sp\Orange-footed Scrubfowl_sound\Orange-footed Scrubfowl27.wav,11.38821875,True,D:\other\Bird\Dataset\CC0\Orange-footed Scrubfowl_sound\Orange-footed Scrubfowl27.mp3
Orange-footed Scrubfowl_sound/Orange-footed Scrubfowl28,D:\other\Bird\Code\data\kaggle_training_wav_cache_sp\Orange-footed Scrubfowl_sound\Orange-footed Scrubfowl28.wav,Orange-footed Scrubfowl_sound,65,11.38821875,60,train,D:\other\Bird\Code\data\kaggle_training_wav_cache_sp\Orange-footed Scrubfowl_sound\Orange-footed Scrubfowl28.wav,11.38821875,True,D:\other\Bird\Dataset\CC0\Orange-footed Scrubfowl_sound\Orange-footed Scrubfowl28.mp3
Orange-footed Scrubfowl_sound/Orange-footed Scrubfowl29,D:\other\Bird\Code\data\kaggle_training_wav_cache_sp\Orange-footed Scrubfowl_sound\Orange-footed Scrubfowl29.wav,Orange-footed Scrubfowl_sound,65,193.872,60,train,D:\other\Bird\Code\data\kaggle_training_wav_cache_sp\Orange-footed Scrubfowl_sound\Orange-footed Scrubfowl29.wav,193.872,True,D:\other\Bird\Dataset\CC0\Orange-footed Scrubfowl_sound\Orange-footed Scrubfowl29.mp3
Orange-footed Scrubfowl_sound/Orange-footed Scrubfowl30,D:\other\Bird\Code\data\kaggle_training_wav_cache_sp\Orange-footed Scrubfowl_sound\Orange-footed Scrubfowl30.wav,Orange-footed Scrubfowl_sound,65,362.336,60,train,D:\other\Bird\Code\data\kaggle_training_wav_cache_sp\Orange-footed Scrubfowl_sound\Orange-footed Scrubfowl30.wav,362.336,True,D:\other\Bird\Dataset\CC0\Orange-footed Scrubfowl_sound\Orange-footed Scrubfowl30.mp3
Orange-footed Scrubfowl_sound/Orange-footed Scrubfowl31,D:\other\Bird\Code\data\kaggle_training_wav_cache_sp\Orange-footed Scrubfowl_sound\Orange-footed Scrubfowl31.wav,Orange-footed Scrubfowl_sound,65,41.216,60,train,D:\other\Bird\Code\data\kaggle_training_wav_cache_sp\Orange-footed Scrubfowl_sound\Orange-footed Scrubfowl31.wav,41.216,True,D:\other\Bird\Dataset\CC0\Orange-footed Scrubfowl_sound\Orange-footed Scrubfowl31.mp3
Orange-footed Scrubfowl_sound/Orange-footed Scrubfowl4,D:\other\Bird\Code\data\kaggle_training_wav_cache_sp\Orange-footed Scrubfowl_sound\Orange-footed Scrubfowl4.wav,Orange-footed Scrubfowl_sound,65,45.648,60,test,D:\other\Bird\Code\data\kaggle_training_wav_cache_sp\Orange-footed Scrubfowl_sound\Orange-footed Scrubfowl4.wav,45.648,True,D:\other\Bird\Dataset\CC0\Orange-footed Scrubfowl_sound\Orange-footed Scrubfowl4.mp3
Orange-footed Scrubfowl_sound/Orange-footed Scrubfowl5,D:\other\Bird\Code\data\kaggle_training_wav_cache_sp\Orange-footed Scrubfowl_sound\Orange-footed Scrubfowl5.wav,Orange-footed Scrubfowl_sound,65,15.984,60,val,D:\other\Bird\Code\data\kaggle_training_wav_cache_sp\Orange-footed Scrubfowl_sound\Orange-footed Scrubfowl5.wav,15.984,True,D:\other\Bird\Dataset\CC0\Orange-footed Scrubfowl_sound\Orange-footed Scrubfowl5.mp3
Orange-footed Scrubfowl_sound/Orange-footed Scrubfowl6,D:\other\Bird\Code\data\kaggle_training_wav_cache_sp\Orange-footed Scrubfowl_sound\Orange-footed Scrubfowl6.wav,Orange-footed Scrubfowl_sound,65,22.4,60,train,D:\other\Bird\Code\data\kaggle_training_wav_cache_sp\Orange-footed Scrubfowl_sound\Orange-footed Scrubfowl6.wav,22.4,True,D:\other\Bird\Dataset\CC0\Orange-footed Scrubfowl_sound\Orange-footed Scrubfowl6.mp3
Orange-footed Scrubfowl_sound/Orange-footed Scrubfowl7,D:\other\Bird\Code\data\kaggle_training_wav_cache_sp\Orange-footed Scrubfowl_sound\Orange-footed Scrubfowl7.wav,Orange-footed Scrubfowl_sound,65,31.488,60,train,D:\other\Bird\Code\data\kaggle_training_wav_cache_sp\Orange-footed Scrubfowl_sound\Orange-footed Scrubfowl7.wav,31.488,True,D:\other\Bird\Dataset\CC0\Orange-footed Scrubfowl_sound\Orange-footed Scrubfowl7.mp3
Orange-footed Scrubfowl_sound/Orange-footed Scrubfowl8,D:\other\Bird\Code\data\kaggle_training_wav_cache_sp\Orange-footed Scrubfowl_sound\Orange-footed Scrubfowl8.wav,Orange-footed Scrubfowl_sound,65,31.488,60,train,D:\other\Bird\Code\data\kaggle_training_wav_cache_sp\Orange-footed Scrubfowl_sound\Orange-footed Scrubfowl8.wav,31.488,True,D:\other\Bird\Dataset\CC0\Orange-footed Scrubfowl_sound\Orange-footed Scrubfowl8.mp3
Orange-footed Scrubfowl_sound/Orange-footed Scrubfowl9,D:\other\Bird\Code\data\kaggle_training_wav_cache_sp\Orange-footed Scrubfowl_sound\Orange-footed Scrubfowl9.wav,Orange-footed Scrubfowl_sound,65,31.808,60,train,D:\other\Bird\Code\data\kaggle_training_wav_cache_sp\Orange-footed Scrubfowl_sound\Orange-footed Scrubfowl9.wav,31.808,True,D:\other\Bird\Dataset\CC0\Orange-footed Scrubfowl_sound\Orange-footed Scrubfowl9.mp3
Ornate Tinamou_sound/Ornate Tinamou10,D:\other\Bird\Code\data\kaggle_training_wav_cache_sp\Ornate Tinamou_sound\Ornate Tinamou10.wav,Ornate Tinamou_sound,66,26.192,61,train,D:\other\Bird\Code\data\kaggle_training_wav_cache_sp\Ornate Tinamou_sound\Ornate Tinamou10.wav,26.192,True,D:\other\Bird\Dataset\CC0\Ornate Tinamou_sound\Ornate Tinamou10.mp3
Ornate Tinamou_sound/Ornate Tinamou11,D:\other\Bird\Code\data\kaggle_training_wav_cache_sp\Ornate Tinamou_sound\Ornate Tinamou11.wav,Ornate Tinamou_sound,66,26.192,61,train,D:\other\Bird\Code\data\kaggle_training_wav_cache_sp\Ornate Tinamou_sound\Ornate Tinamou11.wav,26.192,True,D:\other\Bird\Dataset\CC0\Ornate Tinamou_sound\Ornate Tinamou11.mp3
Ornate Tinamou_sound/Ornate Tinamou2,D:\other\Bird\Code\data\kaggle_training_wav_cache_sp\Ornate Tinamou_sound\Ornate Tinamou2.wav,Ornate Tinamou_sound,66,50.155125,61,train,D:\other\Bird\Code\data\kaggle_training_wav_cache_sp\Ornate Tinamou_sound\Ornate Tinamou2.wav,50.155125,True,D:\other\Bird\Dataset\CC0\Ornate Tinamou_sound\Ornate Tinamou2.mp3
Ornate Tinamou_sound/Ornate Tinamou3,D:\other\Bird\Code\data\kaggle_training_wav_cache_sp\Ornate Tinamou_sound\Ornate Tinamou3.wav,Ornate Tinamou_sound,66,6.272,61,train,D:\other\Bird\Code\data\kaggle_training_wav_cache_sp\Ornate Tinamou_sound\Ornate Tinamou3.wav,6.272,True,D:\other\Bird\Dataset\CC0\Ornate Tinamou_sound\Ornate Tinamou3.mp3
Ornate Tinamou_sound/Ornate Tinamou4,D:\other\Bird\Code\data\kaggle_training_wav_cache_sp\Ornate Tinamou_sound\Ornate Tinamou4.wav,Ornate Tinamou_sound,66,9.536,61,val,D:\other\Bird\Code\data\kaggle_training_wav_cache_sp\Ornate Tinamou_sound\Ornate Tinamou4.wav,9.536,True,D:\other\Bird\Dataset\CC0\Ornate Tinamou_sound\Ornate Tinamou4.mp3
Ornate Tinamou_sound/Ornate Tinamou5,D:\other\Bird\Code\data\kaggle_training_wav_cache_sp\Ornate Tinamou_sound\Ornate Tinamou5.wav,Ornate Tinamou_sound,66,20.688,61,train,D:\other\Bird\Code\data\kaggle_training_wav_cache_sp\Ornate Tinamou_sound\Ornate Tinamou5.wav,20.688,True,D:\other\Bird\Dataset\CC0\Ornate Tinamou_sound\Ornate Tinamou5.mp3
Ornate Tinamou_sound/Ornate Tinamou8,D:\other\Bird\Code\data\kaggle_training_wav_cache_sp\Ornate Tinamou_sound\Ornate Tinamou8.wav,Ornate Tinamou_sound,66,5.248,61,test,D:\other\Bird\Code\data\kaggle_training_wav_cache_sp\Ornate Tinamou_sound\Ornate Tinamou8.wav,5.248,True,D:\other\Bird\Dataset\CC0\Ornate Tinamou_sound\Ornate Tinamou8.mp3
Ornate Tinamou_sound/Ornate Tinamou9,D:\other\Bird\Code\data\kaggle_training_wav_cache_sp\Ornate Tinamou_sound\Ornate Tinamou9.wav,Ornate Tinamou_sound,66,26.192,61,train,D:\other\Bird\Code\data\kaggle_training_wav_cache_sp\Ornate Tinamou_sound\Ornate Tinamou9.wav,26.192,True,D:\other\Bird\Dataset\CC0\Ornate Tinamou_sound\Ornate Tinamou9.mp3
Pale-browed Tinamou_sound/Pale-browed Tinamou16,D:\other\Bird\Code\data\kaggle_training_wav_cache_sp\Pale-browed Tinamou_sound\Pale-browed Tinamou16.wav,Pale-browed Tinamou_sound,67,44.976,62,train,D:\other\Bird\Code\data\kaggle_training_wav_cache_sp\Pale-browed Tinamou_sound\Pale-browed Tinamou16.wav,44.976,True,D:\other\Bird\Dataset\CC0\Pale-browed Tinamou_sound\Pale-browed Tinamou16.mp3
Pale-browed Tinamou_sound/Pale-browed Tinamou17,D:\other\Bird\Code\data\kaggle_training_wav_cache_sp\Pale-browed Tinamou_sound\Pale-browed Tinamou17.wav,Pale-browed Tinamou_sound,67,44.976,62,val,D:\other\Bird\Code\data\kaggle_training_wav_cache_sp\Pale-browed Tinamou_sound\Pale-browed Tinamou17.wav,44.976,True,D:\other\Bird\Dataset\CC0\Pale-browed Tinamou_sound\Pale-browed Tinamou17.mp3
Pale-browed Tinamou_sound/Pale-browed Tinamou18,D:\other\Bird\Code\data\kaggle_training_wav_cache_sp\Pale-browed Tinamou_sound\Pale-browed Tinamou18.wav,Pale-browed Tinamou_sound,67,44.976,62,train,D:\other\Bird\Code\data\kaggle_training_wav_cache_sp\Pale-browed Tinamou_sound\Pale-browed Tinamou18.wav,44.976,True,D:\other\Bird\Dataset\CC0\Pale-browed Tinamou_sound\Pale-browed Tinamou18.mp3
Pale-browed Tinamou_sound/Pale-browed Tinamou2,D:\other\Bird\Code\data\kaggle_training_wav_cache_sp\Pale-browed Tinamou_sound\Pale-browed Tinamou2.wav,Pale-browed Tinamou_sound,67,6.7768125,62,train,D:\other\Bird\Code\data\kaggle_training_wav_cache_sp\Pale-browed Tinamou_sound\Pale-browed Tinamou2.wav,6.7768125,True,D:\other\Bird\Dataset\CC0\Pale-browed Tinamou_sound\Pale-browed Tinamou2.mp3
Pale-browed Tinamou_sound/Pale-browed Tinamou22,D:\other\Bird\Code\data\kaggle_training_wav_cache_sp\Pale-browed Tinamou_sound\Pale-browed Tinamou22.wav,Pale-browed Tinamou_sound,67,43.472,62,test,D:\other\Bird\Code\data\kaggle_training_wav_cache_sp\Pale-browed Tinamou_sound\Pale-browed Tinamou22.wav,43.472,True,D:\other\Bird\Dataset\CC0\Pale-browed Tinamou_sound\Pale-browed Tinamou22.mp3
Pale-browed Tinamou_sound/Pale-browed Tinamou23,D:\other\Bird\Code\data\kaggle_training_wav_cache_sp\Pale-browed Tinamou_sound\Pale-browed Tinamou23.wav,Pale-browed Tinamou_sound,67,40.816,62,val,D:\other\Bird\Code\data\kaggle_training_wav_cache_sp\Pale-browed Tinamou_sound\Pale-browed Tinamou23.wav,40.816,True,D:\other\Bird\Dataset\CC0\Pale-browed Tinamou_sound\Pale-browed Tinamou23.mp3
Pale-browed Tinamou_sound/Pale-browed Tinamou24,D:\other\Bird\Code\data\kaggle_training_wav_cache_sp\Pale-browed Tinamou_sound\Pale-browed Tinamou24.wav,Pale-browed Tinamou_sound,67,40.816,62,test,D:\other\Bird\Code\data\kaggle_training_wav_cache_sp\Pale-browed Tinamou_sound\Pale-browed Tinamou24.wav,40.816,True,D:\other\Bird\Dataset\CC0\Pale-browed Tinamou_sound\Pale-browed Tinamou24.mp3
Pale-browed Tinamou_sound/Pale-browed Tinamou25,D:\other\Bird\Code\data\kaggle_training_wav_cache_sp\Pale-browed Tinamou_sound\Pale-browed Tinamou25.wav,Pale-browed Tinamou_sound,67,36.81896875,62,train,D:\other\Bird\Code\data\kaggle_training_wav_cache_sp\Pale-browed Tinamou_sound\Pale-browed Tinamou25.wav,36.81896875,True,D:\other\Bird\Dataset\CC0\Pale-browed Tinamou_sound\Pale-browed Tinamou25.mp3
Pale-browed Tinamou_sound/Pale-browed Tinamou26,D:\other\Bird\Code\data\kaggle_training_wav_cache_sp\Pale-browed Tinamou_sound\Pale-browed Tinamou26.wav,Pale-browed Tinamou_sound,67,45.29046875,62,train,D:\other\Bird\Code\data\kaggle_training_wav_cache_sp\Pale-browed Tinamou_sound\Pale-browed Tinamou26.wav,45.29046875,True,D:\other\Bird\Dataset\CC0\Pale-browed Tinamou_sound\Pale-browed Tinamou26.mp3
Pale-browed Tinamou_sound/Pale-browed Tinamou27,D:\other\Bird\Code\data\kaggle_training_wav_cache_sp\Pale-browed Tinamou_sound\Pale-browed Tinamou27.wav,Pale-browed Tinamou_sound,67,15.31528125,62,train,D:\other\Bird\Code\data\kaggle_training_wav_cache_sp\Pale-browed Tinamou_sound\Pale-browed Tinamou27.wav,15.31528125,True,D:\other\Bird\Dataset\CC0\Pale-browed Tinamou_sound\Pale-browed Tinamou27.mp3
Pale-browed Tinamou_sound/Pale-browed Tinamou28,D:\other\Bird\Code\data\kaggle_training_wav_cache_sp\Pale-browed Tinamou_sound\Pale-browed Tinamou28.wav,Pale-browed Tinamou_sound,67,15.31528125,62,train,D:\other\Bird\Code\data\kaggle_training_wav_cache_sp\Pale-browed Tinamou_sound\Pale-browed Tinamou28.wav,15.31528125,True,D:\other\Bird\Dataset\CC0\Pale-browed Tinamou_sound\Pale-browed Tinamou28.mp3
Pale-browed Tinamou_sound/Pale-browed Tinamou3,D:\other\Bird\Code\data\kaggle_training_wav_cache_sp\Pale-browed Tinamou_sound\Pale-browed Tinamou3.wav,Pale-browed Tinamou_sound,67,27.69503125,62,train,D:\other\Bird\Code\data\kaggle_training_wav_cache_sp\Pale-browed Tinamou_sound\Pale-browed Tinamou3.wav,27.69503125,True,D:\other\Bird\Dataset\CC0\Pale-browed Tinamou_sound\Pale-browed Tinamou3.mp3
Pale-browed Tinamou_sound/Pale-browed Tinamou30,D:\other\Bird\Code\data\kaggle_training_wav_cache_sp\Pale-browed Tinamou_sound\Pale-browed Tinamou30.wav,Pale-browed Tinamou_sound,67,34.1,62,train,D:\other\Bird\Code\data\kaggle_training_wav_cache_sp\Pale-browed Tinamou_sound\Pale-browed Tinamou30.wav,34.1,True,D:\other\Bird\Dataset\CC0\Pale-browed Tinamou_sound\Pale-browed Tinamou30.mp3
Pale-browed Tinamou_sound/Pale-browed Tinamou4,D:\other\Bird\Code\data\kaggle_training_wav_cache_sp\Pale-browed Tinamou_sound\Pale-browed Tinamou4.wav,Pale-browed Tinamou_sound,67,15.54828125,62,train,D:\other\Bird\Code\data\kaggle_training_wav_cache_sp\Pale-browed Tinamou_sound\Pale-browed Tinamou4.wav,15.54828125,True,D:\other\Bird\Dataset\CC0\Pale-browed Tinamou_sound\Pale-browed Tinamou4.mp3
Philippine Megapode_sound/Philippine Megapode10,D:\other\Bird\Code\data\kaggle_training_wav_cache_sp\Philippine Megapode_sound\Philippine Megapode10.wav,Philippine Megapode_sound,69,27.69525,63,train,D:\other\Bird\Code\data\kaggle_training_wav_cache_sp\Philippine Megapode_sound\Philippine Megapode10.wav,27.69525,True,D:\other\Bird\Dataset\CC0\Philippine Megapode_sound\Philippine Megapode10.mp3
Philippine Megapode_sound/Philippine Megapode11,D:\other\Bird\Code\data\kaggle_training_wav_cache_sp\Philippine Megapode_sound\Philippine Megapode11.wav,Philippine Megapode_sound,69,96.592,63,test,D:\other\Bird\Code\data\kaggle_training_wav_cache_sp\Philippine Megapode_sound\Philippine Megapode11.wav,96.592,True,D:\other\Bird\Dataset\CC0\Philippine Megapode_sound\Philippine Megapode11.mp3
Philippine Megapode_sound/Philippine Megapode12,D:\other\Bird\Code\data\kaggle_training_wav_cache_sp\Philippine Megapode_sound\Philippine Megapode12.wav,Philippine Megapode_sound,69,96.592,63,val,D:\other\Bird\Code\data\kaggle_training_wav_cache_sp\Philippine Megapode_sound\Philippine Megapode12.wav,96.592,True,D:\other\Bird\Dataset\CC0\Philippine Megapode_sound\Philippine Megapode12.mp3
Philippine Megapode_sound/Philippine Megapode13,D:\other\Bird\Code\data\kaggle_training_wav_cache_sp\Philippine Megapode_sound\Philippine Megapode13.wav,Philippine Megapode_sound,69,233.584,63,train,D:\other\Bird\Code\data\kaggle_training_wav_cache_sp\Philippine Megapode_sound\Philippine Megapode13.wav,233.584,True,D:\other\Bird\Dataset\CC0\Philippine Megapode_sound\Philippine Megapode13.mp3
Philippine Megapode_sound/Philippine Megapode14,D:\other\Bird\Code\data\kaggle_training_wav_cache_sp\Philippine Megapode_sound\Philippine Megapode14.wav,Philippine Megapode_sound,69,233.584,63,train,D:\other\Bird\Code\data\kaggle_training_wav_cache_sp\Philippine Megapode_sound\Philippine Megapode14.wav,233.584,True,D:\other\Bird\Dataset\CC0\Philippine Megapode_sound\Philippine Megapode14.mp3
Philippine Megapode_sound/Philippine Megapode15,D:\other\Bird\Code\data\kaggle_training_wav_cache_sp\Philippine Megapode_sound\Philippine Megapode15.wav,Philippine Megapode_sound,69,233.584,63,train,D:\other\Bird\Code\data\kaggle_training_wav_cache_sp\Philippine Megapode_sound\Philippine Megapode15.wav,233.584,True,D:\other\Bird\Dataset\CC0\Philippine Megapode_sound\Philippine Megapode15.mp3
Philippine Megapode_sound/Philippine Megapode16,D:\other\Bird\Code\data\kaggle_training_wav_cache_sp\Philippine Megapode_sound\Philippine Megapode16.wav,Philippine Megapode_sound,69,20.52,63,val,D:\other\Bird\Code\data\kaggle_training_wav_cache_sp\Philippine Megapode_sound\Philippine Megapode16.wav,20.52,True,D:\other\Bird\Dataset\CC0\Philippine Megapode_sound\Philippine Megapode16.mp3
Philippine Megapode_sound/Philippine Megapode17,D:\other\Bird\Code\data\kaggle_training_wav_cache_sp\Philippine Megapode_sound\Philippine Megapode17.wav,Philippine Megapode_sound,69,20.52,63,train,D:\other\Bird\Code\data\kaggle_training_wav_cache_sp\Philippine Megapode_sound\Philippine Megapode17.wav,20.52,True,D:\other\Bird\Dataset\CC0\Philippine Megapode_sound\Philippine Megapode17.mp3
Philippine Megapode_sound/Philippine Megapode18,D:\other\Bird\Code\data\kaggle_training_wav_cache_sp\Philippine Megapode_sound\Philippine Megapode18.wav,Philippine Megapode_sound,69,20.52,63,test,D:\other\Bird\Code\data\kaggle_training_wav_cache_sp\Philippine Megapode_sound\Philippine Megapode18.wav,20.52,True,D:\other\Bird\Dataset\CC0\Philippine Megapode_sound\Philippine Megapode18.mp3
Philippine Megapode_sound/Philippine Megapode19,D:\other\Bird\Code\data\kaggle_training_wav_cache_sp\Philippine Megapode_sound\Philippine Megapode19.wav,Philippine Megapode_sound,69,20.52,63,train,D:\other\Bird\Code\data\kaggle_training_wav_cache_sp\Philippine Megapode_sound\Philippine Megapode19.wav,20.52,True,D:\other\Bird\Dataset\CC0\Philippine Megapode_sound\Philippine Megapode19.mp3
Philippine Megapode_sound/Philippine Megapode2,D:\other\Bird\Code\data\kaggle_training_wav_cache_sp\Philippine Megapode_sound\Philippine Megapode2.wav,Philippine Megapode_sound,69,64.29159375,63,train,D:\other\Bird\Code\data\kaggle_training_wav_cache_sp\Philippine Megapode_sound\Philippine Megapode2.wav,64.29159375,True,D:\other\Bird\Dataset\CC0\Philippine Megapode_sound\Philippine Megapode2.mp3
Philippine Megapode_sound/Philippine Megapode20,D:\other\Bird\Code\data\kaggle_training_wav_cache_sp\Philippine Megapode_sound\Philippine Megapode20.wav,Philippine Megapode_sound,69,20.52,63,train,D:\other\Bird\Code\data\kaggle_training_wav_cache_sp\Philippine Megapode_sound\Philippine Megapode20.wav,20.52,True,D:\other\Bird\Dataset\CC0\Philippine Megapode_sound\Philippine Megapode20.mp3
Philippine Megapode_sound/Philippine Megapode3,D:\other\Bird\Code\data\kaggle_training_wav_cache_sp\Philippine Megapode_sound\Philippine Megapode3.wav,Philippine Megapode_sound,69,64.29159375,63,val,D:\other\Bird\Code\data\kaggle_training_wav_cache_sp\Philippine Megapode_sound\Philippine Megapode3.wav,64.29159375,True,D:\other\Bird\Dataset\CC0\Philippine Megapode_sound\Philippine Megapode3.mp3
Philippine Megapode_sound/Philippine Megapode4,D:\other\Bird\Code\data\kaggle_training_wav_cache_sp\Philippine Megapode_sound\Philippine Megapode4.wav,Philippine Megapode_sound,69,64.29159375,63,train,D:\other\Bird\Code\data\kaggle_training_wav_cache_sp\Philippine Megapode_sound\Philippine Megapode4.wav,64.29159375,True,D:\other\Bird\Dataset\CC0\Philippine Megapode_sound\Philippine Megapode4.mp3
Philippine Megapode_sound/Philippine Megapode5,D:\other\Bird\Code\data\kaggle_training_wav_cache_sp\Philippine Megapode_sound\Philippine Megapode5.wav,Philippine Megapode_sound,69,64.29159375,63,train,D:\other\Bird\Code\data\kaggle_training_wav_cache_sp\Philippine Megapode_sound\Philippine Megapode5.wav,64.29159375,True,D:\other\Bird\Dataset\CC0\Philippine Megapode_sound\Philippine Megapode5.mp3
Philippine Megapode_sound/Philippine Megapode6,D:\other\Bird\Code\data\kaggle_training_wav_cache_sp\Philippine Megapode_sound\Philippine Megapode6.wav,Philippine Megapode_sound,69,65.1121875,63,test,D:\other\Bird\Code\data\kaggle_training_wav_cache_sp\Philippine Megapode_sound\Philippine Megapode6.wav,65.1121875,True,D:\other\Bird\Dataset\CC0\Philippine Megapode_sound\Philippine Megapode6.mp3
Philippine Megapode_sound/Philippine Megapode7,D:\other\Bird\Code\data\kaggle_training_wav_cache_sp\Philippine Megapode_sound\Philippine Megapode7.wav,Philippine Megapode_sound,69,65.68,63,train,D:\other\Bird\Code\data\kaggle_training_wav_cache_sp\Philippine Megapode_sound\Philippine Megapode7.wav,65.68,True,D:\other\Bird\Dataset\CC0\Philippine Megapode_sound\Philippine Megapode7.mp3
Philippine Megapode_sound/Philippine Megapode8,D:\other\Bird\Code\data\kaggle_training_wav_cache_sp\Philippine Megapode_sound\Philippine Megapode8.wav,Philippine Megapode_sound,69,65.68,63,train,D:\other\Bird\Code\data\kaggle_training_wav_cache_sp\Philippine Megapode_sound\Philippine Megapode8.wav,65.68,True,D:\other\Bird\Dataset\CC0\Philippine Megapode_sound\Philippine Megapode8.mp3
Philippine Megapode_sound/Philippine Megapode9,D:\other\Bird\Code\data\kaggle_training_wav_cache_sp\Philippine Megapode_sound\Philippine Megapode9.wav,Philippine Megapode_sound,69,65.68,63,train,D:\other\Bird\Code\data\kaggle_training_wav_cache_sp\Philippine Megapode_sound\Philippine Megapode9.wav,65.68,True,D:\other\Bird\Dataset\CC0\Philippine Megapode_sound\Philippine Megapode9.mp3
Plain Chachalaca_sound/Plain Chachalaca10,D:\other\Bird\Code\data\kaggle_training_wav_cache_sp\Plain Chachalaca_sound\Plain Chachalaca10.wav,Plain Chachalaca_sound,70,11.07790625,64,train,D:\other\Bird\Code\data\kaggle_training_wav_cache_sp\Plain Chachalaca_sound\Plain Chachalaca10.wav,11.07790625,True,D:\other\Bird\Dataset\CC0\Plain Chachalaca_sound\Plain Chachalaca10.mp3
Plain Chachalaca_sound/Plain Chachalaca11,D:\other\Bird\Code\data\kaggle_training_wav_cache_sp\Plain Chachalaca_sound\Plain Chachalaca11.wav,Plain Chachalaca_sound,70,65.4783125,64,train,D:\other\Bird\Code\data\kaggle_training_wav_cache_sp\Plain Chachalaca_sound\Plain Chachalaca11.wav,65.4783125,True,D:\other\Bird\Dataset\CC0\Plain Chachalaca_sound\Plain Chachalaca11.mp3
Plain Chachalaca_sound/Plain Chachalaca12,D:\other\Bird\Code\data\kaggle_training_wav_cache_sp\Plain Chachalaca_sound\Plain Chachalaca12.wav,Plain Chachalaca_sound,70,65.4783125,64,train,D:\other\Bird\Code\data\kaggle_training_wav_cache_sp\Plain Chachalaca_sound\Plain Chachalaca12.wav,65.4783125,True,D:\other\Bird\Dataset\CC0\Plain Chachalaca_sound\Plain Chachalaca12.mp3
Plain Chachalaca_sound/Plain Chachalaca13,D:\other\Bird\Code\data\kaggle_training_wav_cache_sp\Plain Chachalaca_sound\Plain Chachalaca13.wav,Plain Chachalaca_sound,70,10.97753125,64,test,D:\other\Bird\Code\data\kaggle_training_wav_cache_sp\Plain Chachalaca_sound\Plain Chachalaca13.wav,10.97753125,True,D:\other\Bird\Dataset\CC0\Plain Chachalaca_sound\Plain Chachalaca13.mp3
Plain Chachalaca_sound/Plain Chachalaca14,D:\other\Bird\Code\data\kaggle_training_wav_cache_sp\Plain Chachalaca_sound\Plain Chachalaca14.wav,Plain Chachalaca_sound,70,10.97753125,64,val,D:\other\Bird\Code\data\kaggle_training_wav_cache_sp\Plain Chachalaca_sound\Plain Chachalaca14.wav,10.97753125,True,D:\other\Bird\Dataset\CC0\Plain Chachalaca_sound\Plain Chachalaca14.mp3
Plain Chachalaca_sound/Plain Chachalaca15,D:\other\Bird\Code\data\kaggle_training_wav_cache_sp\Plain Chachalaca_sound\Plain Chachalaca15.wav,Plain Chachalaca_sound,70,43.008,64,train,D:\other\Bird\Code\data\kaggle_training_wav_cache_sp\Plain Chachalaca_sound\Plain Chachalaca15.wav,43.008,True,D:\other\Bird\Dataset\CC0\Plain Chachalaca_sound\Plain Chachalaca15.mp3
Plain Chachalaca_sound/Plain Chachalaca16,D:\other\Bird\Code\data\kaggle_training_wav_cache_sp\Plain Chachalaca_sound\Plain Chachalaca16.wav,Plain Chachalaca_sound,70,264.16,64,train,D:\other\Bird\Code\data\kaggle_training_wav_cache_sp\Plain Chachalaca_sound\Plain Chachalaca16.wav,264.16,True,D:\other\Bird\Dataset\CC0\Plain Chachalaca_sound\Plain Chachalaca16.mp3
Plain Chachalaca_sound/Plain Chachalaca17,D:\other\Bird\Code\data\kaggle_training_wav_cache_sp\Plain Chachalaca_sound\Plain Chachalaca17.wav,Plain Chachalaca_sound,70,45.536,64,train,D:\other\Bird\Code\data\kaggle_training_wav_cache_sp\Plain Chachalaca_sound\Plain Chachalaca17.wav,45.536,True,D:\other\Bird\Dataset\CC0\Plain Chachalaca_sound\Plain Chachalaca17.mp3
Plain Chachalaca_sound/Plain Chachalaca18,D:\other\Bird\Code\data\kaggle_training_wav_cache_sp\Plain Chachalaca_sound\Plain Chachalaca18.wav,Plain Chachalaca_sound,70,45.536,64,train,D:\other\Bird\Code\data\kaggle_training_wav_cache_sp\Plain Chachalaca_sound\Plain Chachalaca18.wav,45.536,True,D:\other\Bird\Dataset\CC0\Plain Chachalaca_sound\Plain Chachalaca18.mp3
Plain Chachalaca_sound/Plain Chachalaca19,D:\other\Bird\Code\data\kaggle_training_wav_cache_sp\Plain Chachalaca_sound\Plain Chachalaca19.wav,Plain Chachalaca_sound,70,45.536,64,test,D:\other\Bird\Code\data\kaggle_training_wav_cache_sp\Plain Chachalaca_sound\Plain Chachalaca19.wav,45.536,True,D:\other\Bird\Dataset\CC0\Plain Chachalaca_sound\Plain Chachalaca19.mp3
Plain Chachalaca_sound/Plain Chachalaca2,D:\other\Bird\Code\data\kaggle_training_wav_cache_sp\Plain Chachalaca_sound\Plain Chachalaca2.wav,Plain Chachalaca_sound,70,41.216,64,train,D:\other\Bird\Code\data\kaggle_training_wav_cache_sp\Plain Chachalaca_sound\Plain Chachalaca2.wav,41.216,True,D:\other\Bird\Dataset\CC0\Plain Chachalaca_sound\Plain Chachalaca2.mp3
Plain Chachalaca_sound/Plain Chachalaca20,D:\other\Bird\Code\data\kaggle_training_wav_cache_sp\Plain Chachalaca_sound\Plain Chachalaca20.wav,Plain Chachalaca_sound,70,89.344,64,val,D:\other\Bird\Code\data\kaggle_training_wav_cache_sp\Plain Chachalaca_sound\Plain Chachalaca20.wav,89.344,True,D:\other\Bird\Dataset\CC0\Plain Chachalaca_sound\Plain Chachalaca20.mp3
Plain Chachalaca_sound/Plain Chachalaca21,D:\other\Bird\Code\data\kaggle_training_wav_cache_sp\Plain Chachalaca_sound\Plain Chachalaca21.wav,Plain Chachalaca_sound,70,89.344,64,val,D:\other\Bird\Code\data\kaggle_training_wav_cache_sp\Plain Chachalaca_sound\Plain Chachalaca21.wav,89.344,True,D:\other\Bird\Dataset\CC0\Plain Chachalaca_sound\Plain Chachalaca21.mp3
Plain Chachalaca_sound/Plain Chachalaca22,D:\other\Bird\Code\data\kaggle_training_wav_cache_sp\Plain Chachalaca_sound\Plain Chachalaca22.wav,Plain Chachalaca_sound,70,89.344,64,train,D:\other\Bird\Code\data\kaggle_training_wav_cache_sp\Plain Chachalaca_sound\Plain Chachalaca22.wav,89.344,True,D:\other\Bird\Dataset\CC0\Plain Chachalaca_sound\Plain Chachalaca22.mp3
Plain Chachalaca_sound/Plain Chachalaca23,D:\other\Bird\Code\data\kaggle_training_wav_cache_sp\Plain Chachalaca_sound\Plain Chachalaca23.wav,Plain Chachalaca_sound,70,21.8805,64,test,D:\other\Bird\Code\data\kaggle_training_wav_cache_sp\Plain Chachalaca_sound\Plain Chachalaca23.wav,21.8805,True,D:\other\Bird\Dataset\CC0\Plain Chachalaca_sound\Plain Chachalaca23.mp3
Plain Chachalaca_sound/Plain Chachalaca24,D:\other\Bird\Code\data\kaggle_training_wav_cache_sp\Plain Chachalaca_sound\Plain Chachalaca24.wav,Plain Chachalaca_sound,70,17.344,64,train,D:\other\Bird\Code\data\kaggle_training_wav_cache_sp\Plain Chachalaca_sound\Plain Chachalaca24.wav,17.344,True,D:\other\Bird\Dataset\CC0\Plain Chachalaca_sound\Plain Chachalaca24.mp3
Plain Chachalaca_sound/Plain Chachalaca25,D:\other\Bird\Code\data\kaggle_training_wav_cache_sp\Plain Chachalaca_sound\Plain Chachalaca25.wav,Plain Chachalaca_sound,70,17.344,64,train,D:\other\Bird\Code\data\kaggle_training_wav_cache_sp\Plain Chachalaca_sound\Plain Chachalaca25.wav,17.344,True,D:\other\Bird\Dataset\CC0\Plain Chachalaca_sound\Plain Chachalaca25.mp3
Plain Chachalaca_sound/Plain Chachalaca26,D:\other\Bird\Code\data\kaggle_training_wav_cache_sp\Plain Chachalaca_sound\Plain Chachalaca26.wav,Plain Chachalaca_sound,70,118.864,64,train,D:\other\Bird\Code\data\kaggle_training_wav_cache_sp\Plain Chachalaca_sound\Plain Chachalaca26.wav,118.864,True,D:\other\Bird\Dataset\CC0\Plain Chachalaca_sound\Plain Chachalaca26.mp3
Plain Chachalaca_sound/Plain Chachalaca27,D:\other\Bird\Code\data\kaggle_training_wav_cache_sp\Plain Chachalaca_sound\Plain Chachalaca27.wav,Plain Chachalaca_sound,70,118.864,64,train,D:\other\Bird\Code\data\kaggle_training_wav_cache_sp\Plain Chachalaca_sound\Plain Chachalaca27.wav,118.864,True,D:\other\Bird\Dataset\CC0\Plain Chachalaca_sound\Plain Chachalaca27.mp3
Plain Chachalaca_sound/Plain Chachalaca28,D:\other\Bird\Code\data\kaggle_training_wav_cache_sp\Plain Chachalaca_sound\Plain Chachalaca28.wav,Plain Chachalaca_sound,70,118.864,64,train,D:\other\Bird\Code\data\kaggle_training_wav_cache_sp\Plain Chachalaca_sound\Plain Chachalaca28.wav,118.864,True,D:\other\Bird\Dataset\CC0\Plain Chachalaca_sound\Plain Chachalaca28.mp3
Plain Chachalaca_sound/Plain Chachalaca29,D:\other\Bird\Code\data\kaggle_training_wav_cache_sp\Plain Chachalaca_sound\Plain Chachalaca29.wav,Plain Chachalaca_sound,70,118.864,64,train,D:\other\Bird\Code\data\kaggle_training_wav_cache_sp\Plain Chachalaca_sound\Plain Chachalaca29.wav,118.864,True,D:\other\Bird\Dataset\CC0\Plain Chachalaca_sound\Plain Chachalaca29.mp3
Plain Chachalaca_sound/Plain Chachalaca3,D:\other\Bird\Code\data\kaggle_training_wav_cache_sp\Plain Chachalaca_sound\Plain Chachalaca3.wav,Plain Chachalaca_sound,70,41.216,64,test,D:\other\Bird\Code\data\kaggle_training_wav_cache_sp\Plain Chachalaca_sound\Plain Chachalaca3.wav,41.216,True,D:\other\Bird\Dataset\CC0\Plain Chachalaca_sound\Plain Chachalaca3.mp3
Plain Chachalaca_sound/Plain Chachalaca30,D:\other\Bird\Code\data\kaggle_training_wav_cache_sp\Plain Chachalaca_sound\Plain Chachalaca30.wav,Plain Chachalaca_sound,70,118.864,64,train,D:\other\Bird\Code\data\kaggle_training_wav_cache_sp\Plain Chachalaca_sound\Plain Chachalaca30.wav,118.864,True,D:\other\Bird\Dataset\CC0\Plain Chachalaca_sound\Plain Chachalaca30.mp3
Plain Chachalaca_sound/Plain Chachalaca31,D:\other\Bird\Code\data\kaggle_training_wav_cache_sp\Plain Chachalaca_sound\Plain Chachalaca31.wav,Plain Chachalaca_sound,70,118.864,64,train,D:\other\Bird\Code\data\kaggle_training_wav_cache_sp\Plain Chachalaca_sound\Plain Chachalaca31.wav,118.864,True,D:\other\Bird\Dataset\CC0\Plain Chachalaca_sound\Plain Chachalaca31.mp3
Plain Chachalaca_sound/Plain Chachalaca4,D:\other\Bird\Code\data\kaggle_training_wav_cache_sp\Plain Chachalaca_sound\Plain Chachalaca4.wav,Plain Chachalaca_sound,70,41.216,64,train,D:\other\Bird\Code\data\kaggle_training_wav_cache_sp\Plain Chachalaca_sound\Plain Chachalaca4.wav,41.216,True,D:\other\Bird\Dataset\CC0\Plain Chachalaca_sound\Plain Chachalaca4.mp3
Plain Chachalaca_sound/Plain Chachalaca5,D:\other\Bird\Code\data\kaggle_training_wav_cache_sp\Plain Chachalaca_sound\Plain Chachalaca5.wav,Plain Chachalaca_sound,70,11.07790625,64,train,D:\other\Bird\Code\data\kaggle_training_wav_cache_sp\Plain Chachalaca_sound\Plain Chachalaca5.wav,11.07790625,True,D:\other\Bird\Dataset\CC0\Plain Chachalaca_sound\Plain Chachalaca5.mp3
Plain Chachalaca_sound/Plain Chachalaca6,D:\other\Bird\Code\data\kaggle_training_wav_cache_sp\Plain Chachalaca_sound\Plain Chachalaca6.wav,Plain Chachalaca_sound,70,11.07790625,64,val,D:\other\Bird\Code\data\kaggle_training_wav_cache_sp\Plain Chachalaca_sound\Plain Chachalaca6.wav,11.07790625,True,D:\other\Bird\Dataset\CC0\Plain Chachalaca_sound\Plain Chachalaca6.mp3
Plain Chachalaca_sound/Plain Chachalaca7,D:\other\Bird\Code\data\kaggle_training_wav_cache_sp\Plain Chachalaca_sound\Plain Chachalaca7.wav,Plain Chachalaca_sound,70,11.07790625,64,train,D:\other\Bird\Code\data\kaggle_training_wav_cache_sp\Plain Chachalaca_sound\Plain Chachalaca7.wav,11.07790625,True,D:\other\Bird\Dataset\CC0\Plain Chachalaca_sound\Plain Chachalaca7.mp3
Plain Chachalaca_sound/Plain Chachalaca8,D:\other\Bird\Code\data\kaggle_training_wav_cache_sp\Plain Chachalaca_sound\Plain Chachalaca8.wav,Plain Chachalaca_sound,70,11.07790625,64,train,D:\other\Bird\Code\data\kaggle_training_wav_cache_sp\Plain Chachalaca_sound\Plain Chachalaca8.wav,11.07790625,True,D:\other\Bird\Dataset\CC0\Plain Chachalaca_sound\Plain Chachalaca8.mp3
Plain Chachalaca_sound/Plain Chachalaca9,D:\other\Bird\Code\data\kaggle_training_wav_cache_sp\Plain Chachalaca_sound\Plain Chachalaca9.wav,Plain Chachalaca_sound,70,11.07790625,64,train,D:\other\Bird\Code\data\kaggle_training_wav_cache_sp\Plain Chachalaca_sound\Plain Chachalaca9.wav,11.07790625,True,D:\other\Bird\Dataset\CC0\Plain Chachalaca_sound\Plain Chachalaca9.mp3
Puna Tinamou_sound/Puna Tinamou10,D:\other\Bird\Code\data\kaggle_training_wav_cache_sp\Puna Tinamou_sound\Puna Tinamou10.wav,Puna Tinamou_sound,71,57.2476875,65,train,D:\other\Bird\Code\data\kaggle_training_wav_cache_sp\Puna Tinamou_sound\Puna Tinamou10.wav,57.2476875,True,D:\other\Bird\Dataset\CC0\Puna Tinamou_sound\Puna Tinamou10.mp3
Puna Tinamou_sound/Puna Tinamou11,D:\other\Bird\Code\data\kaggle_training_wav_cache_sp\Puna Tinamou_sound\Puna Tinamou11.wav,Puna Tinamou_sound,71,13.29634375,65,train,D:\other\Bird\Code\data\kaggle_training_wav_cache_sp\Puna Tinamou_sound\Puna Tinamou11.wav,13.29634375,True,D:\other\Bird\Dataset\CC0\Puna Tinamou_sound\Puna Tinamou11.mp3
Puna Tinamou_sound/Puna Tinamou12,D:\other\Bird\Code\data\kaggle_training_wav_cache_sp\Puna Tinamou_sound\Puna Tinamou12.wav,Puna Tinamou_sound,71,37.84,65,test,D:\other\Bird\Code\data\kaggle_training_wav_cache_sp\Puna Tinamou_sound\Puna Tinamou12.wav,37.84,True,D:\other\Bird\Dataset\CC0\Puna Tinamou_sound\Puna Tinamou12.mp3
Puna Tinamou_sound/Puna Tinamou13,D:\other\Bird\Code\data\kaggle_training_wav_cache_sp\Puna Tinamou_sound\Puna Tinamou13.wav,Puna Tinamou_sound,71,30.850625,65,train,D:\other\Bird\Code\data\kaggle_training_wav_cache_sp\Puna Tinamou_sound\Puna Tinamou13.wav,30.850625,True,D:\other\Bird\Dataset\CC0\Puna Tinamou_sound\Puna Tinamou13.mp3
Puna Tinamou_sound/Puna Tinamou2,D:\other\Bird\Code\data\kaggle_training_wav_cache_sp\Puna Tinamou_sound\Puna Tinamou2.wav,Puna Tinamou_sound,71,16.88,65,train,D:\other\Bird\Code\data\kaggle_training_wav_cache_sp\Puna Tinamou_sound\Puna Tinamou2.wav,16.88,True,D:\other\Bird\Dataset\CC0\Puna Tinamou_sound\Puna Tinamou2.mp3
Puna Tinamou_sound/Puna Tinamou3,D:\other\Bird\Code\data\kaggle_training_wav_cache_sp\Puna Tinamou_sound\Puna Tinamou3.wav,Puna Tinamou_sound,71,16.88,65,train,D:\other\Bird\Code\data\kaggle_training_wav_cache_sp\Puna Tinamou_sound\Puna Tinamou3.wav,16.88,True,D:\other\Bird\Dataset\CC0\Puna Tinamou_sound\Puna Tinamou3.mp3
Puna Tinamou_sound/Puna Tinamou4,D:\other\Bird\Code\data\kaggle_training_wav_cache_sp\Puna Tinamou_sound\Puna Tinamou4.wav,Puna Tinamou_sound,71,16.88,65,val,D:\other\Bird\Code\data\kaggle_training_wav_cache_sp\Puna Tinamou_sound\Puna Tinamou4.wav,16.88,True,D:\other\Bird\Dataset\CC0\Puna Tinamou_sound\Puna Tinamou4.mp3
Puna Tinamou_sound/Puna Tinamou5,D:\other\Bird\Code\data\kaggle_training_wav_cache_sp\Puna Tinamou_sound\Puna Tinamou5.wav,Puna Tinamou_sound,71,20.62,65,test,D:\other\Bird\Code\data\kaggle_training_wav_cache_sp\Puna Tinamou_sound\Puna Tinamou5.wav,20.62,True,D:\other\Bird\Dataset\CC0\Puna Tinamou_sound\Puna Tinamou5.mp3
Puna Tinamou_sound/Puna Tinamou6,D:\other\Bird\Code\data\kaggle_training_wav_cache_sp\Puna Tinamou_sound\Puna Tinamou6.wav,Puna Tinamou_sound,71,20.62,65,val,D:\other\Bird\Code\data\kaggle_training_wav_cache_sp\Puna Tinamou_sound\Puna Tinamou6.wav,20.62,True,D:\other\Bird\Dataset\CC0\Puna Tinamou_sound\Puna Tinamou6.mp3
Puna Tinamou_sound/Puna Tinamou7,D:\other\Bird\Code\data\kaggle_training_wav_cache_sp\Puna Tinamou_sound\Puna Tinamou7.wav,Puna Tinamou_sound,71,108.528,65,train,D:\other\Bird\Code\data\kaggle_training_wav_cache_sp\Puna Tinamou_sound\Puna Tinamou7.wav,108.528,True,D:\other\Bird\Dataset\CC0\Puna Tinamou_sound\Puna Tinamou7.mp3
Puna Tinamou_sound/Puna Tinamou8,D:\other\Bird\Code\data\kaggle_training_wav_cache_sp\Puna Tinamou_sound\Puna Tinamou8.wav,Puna Tinamou_sound,71,95.264,65,train,D:\other\Bird\Code\data\kaggle_training_wav_cache_sp\Puna Tinamou_sound\Puna Tinamou8.wav,95.264,True,D:\other\Bird\Dataset\CC0\Puna Tinamou_sound\Puna Tinamou8.mp3
Puna Tinamou_sound/Puna Tinamou9,D:\other\Bird\Code\data\kaggle_training_wav_cache_sp\Puna Tinamou_sound\Puna Tinamou9.wav,Puna Tinamou_sound,71,95.264,65,train,D:\other\Bird\Code\data\kaggle_training_wav_cache_sp\Puna Tinamou_sound\Puna Tinamou9.wav,95.264,True,D:\other\Bird\Dataset\CC0\Puna Tinamou_sound\Puna Tinamou9.mp3
Quebracho Crested Tinamou_sound/Quebracho Crested Tinamou11,D:\other\Bird\Code\data\kaggle_training_wav_cache_sp\Quebracho Crested Tinamou_sound\Quebracho Crested Tinamou11.wav,Quebracho Crested Tinamou_sound,72,16.88,66,train,D:\other\Bird\Code\data\kaggle_training_wav_cache_sp\Quebracho Crested Tinamou_sound\Quebracho Crested Tinamou11.wav,16.88,True,D:\other\Bird\Dataset\CC0\Quebracho Crested Tinamou_sound\Quebracho Crested Tinamou11.mp3
Quebracho Crested Tinamou_sound/Quebracho Crested Tinamou2,D:\other\Bird\Code\data\kaggle_training_wav_cache_sp\Quebracho Crested Tinamou_sound\Quebracho Crested Tinamou2.wav,Quebracho Crested Tinamou_sound,72,10.032,66,train,D:\other\Bird\Code\data\kaggle_training_wav_cache_sp\Quebracho Crested Tinamou_sound\Quebracho Crested Tinamou2.wav,10.032,True,D:\other\Bird\Dataset\CC0\Quebracho Crested Tinamou_sound\Quebracho Crested Tinamou2.mp3
Quebracho Crested Tinamou_sound/Quebracho Crested Tinamou3,D:\other\Bird\Code\data\kaggle_training_wav_cache_sp\Quebracho Crested Tinamou_sound\Quebracho Crested Tinamou3.wav,Quebracho Crested Tinamou_sound,72,10.032,66,val,D:\other\Bird\Code\data\kaggle_training_wav_cache_sp\Quebracho Crested Tinamou_sound\Quebracho Crested Tinamou3.wav,10.032,True,D:\other\Bird\Dataset\CC0\Quebracho Crested Tinamou_sound\Quebracho Crested Tinamou3.mp3
Quebracho Crested Tinamou_sound/Quebracho Crested Tinamou4,D:\other\Bird\Code\data\kaggle_training_wav_cache_sp\Quebracho Crested Tinamou_sound\Quebracho Crested Tinamou4.wav,Quebracho Crested Tinamou_sound,72,28.432,66,train,D:\other\Bird\Code\data\kaggle_training_wav_cache_sp\Quebracho Crested Tinamou_sound\Quebracho Crested Tinamou4.wav,28.432,True,D:\other\Bird\Dataset\CC0\Quebracho Crested Tinamou_sound\Quebracho Crested Tinamou4.mp3
Quebracho Crested Tinamou_sound/Quebracho Crested Tinamou5,D:\other\Bird\Code\data\kaggle_training_wav_cache_sp\Quebracho Crested Tinamou_sound\Quebracho Crested Tinamou5.wav,Quebracho Crested Tinamou_sound,72,28.432,66,test,D:\other\Bird\Code\data\kaggle_training_wav_cache_sp\Quebracho Crested Tinamou_sound\Quebracho Crested Tinamou5.wav,28.432,True,D:\other\Bird\Dataset\CC0\Quebracho Crested Tinamou_sound\Quebracho Crested Tinamou5.mp3
Quebracho Crested Tinamou_sound/Quebracho Crested Tinamou6,D:\other\Bird\Code\data\kaggle_training_wav_cache_sp\Quebracho Crested Tinamou_sound\Quebracho Crested Tinamou6.wav,Quebracho Crested Tinamou_sound,72,28.432,66,train,D:\other\Bird\Code\data\kaggle_training_wav_cache_sp\Quebracho Crested Tinamou_sound\Quebracho Crested Tinamou6.wav,28.432,True,D:\other\Bird\Dataset\CC0\Quebracho Crested Tinamou_sound\Quebracho Crested Tinamou6.mp3
Quebracho Crested Tinamou_sound/Quebracho Crested Tinamou7,D:\other\Bird\Code\data\kaggle_training_wav_cache_sp\Quebracho Crested Tinamou_sound\Quebracho Crested Tinamou7.wav,Quebracho Crested Tinamou_sound,72,24.330125,66,train,D:\other\Bird\Code\data\kaggle_training_wav_cache_sp\Quebracho Crested Tinamou_sound\Quebracho Crested Tinamou7.wav,24.330125,True,D:\other\Bird\Dataset\CC0\Quebracho Crested Tinamou_sound\Quebracho Crested Tinamou7.mp3
Quebracho Crested Tinamou_sound/Quebracho Crested Tinamou8,D:\other\Bird\Code\data\kaggle_training_wav_cache_sp\Quebracho Crested Tinamou_sound\Quebracho Crested Tinamou8.wav,Quebracho Crested Tinamou_sound,72,22.16,66,train,D:\other\Bird\Code\data\kaggle_training_wav_cache_sp\Quebracho Crested Tinamou_sound\Quebracho Crested Tinamou8.wav,22.16,True,D:\other\Bird\Dataset\CC0\Quebracho Crested Tinamou_sound\Quebracho Crested Tinamou8.mp3
Quebracho Crested Tinamou_sound/Quebracho Crested Tinamou9,D:\other\Bird\Code\data\kaggle_training_wav_cache_sp\Quebracho Crested Tinamou_sound\Quebracho Crested Tinamou9.wav,Quebracho Crested Tinamou_sound,72,22.16,66,train,D:\other\Bird\Code\data\kaggle_training_wav_cache_sp\Quebracho Crested Tinamou_sound\Quebracho Crested Tinamou9.wav,22.16,True,D:\other\Bird\Dataset\CC0\Quebracho Crested Tinamou_sound\Quebracho Crested Tinamou9.mp3
Red-billed Brushturkey_sound/Red-billed Brushturkey2,D:\other\Bird\Code\data\kaggle_training_wav_cache_sp\Red-billed Brushturkey_sound\Red-billed Brushturkey2.wav,Red-billed Brushturkey_sound,73,9.424,67,train,D:\other\Bird\Code\data\kaggle_training_wav_cache_sp\Red-billed Brushturkey_sound\Red-billed Brushturkey2.wav,9.424,True,D:\other\Bird\Dataset\CC0\Red-billed Brushturkey_sound\Red-billed Brushturkey2.mp3
Red-billed Brushturkey_sound/Red-billed Brushturkey3,D:\other\Bird\Code\data\kaggle_training_wav_cache_sp\Red-billed Brushturkey_sound\Red-billed Brushturkey3.wav,Red-billed Brushturkey_sound,73,9.424,67,test,D:\other\Bird\Code\data\kaggle_training_wav_cache_sp\Red-billed Brushturkey_sound\Red-billed Brushturkey3.wav,9.424,True,D:\other\Bird\Dataset\CC0\Red-billed Brushturkey_sound\Red-billed Brushturkey3.mp3
Red-billed Brushturkey_sound/Red-billed Brushturkey4,D:\other\Bird\Code\data\kaggle_training_wav_cache_sp\Red-billed Brushturkey_sound\Red-billed Brushturkey4.wav,Red-billed Brushturkey_sound,73,9.424,67,train,D:\other\Bird\Code\data\kaggle_training_wav_cache_sp\Red-billed Brushturkey_sound\Red-billed Brushturkey4.wav,9.424,True,D:\other\Bird\Dataset\CC0\Red-billed Brushturkey_sound\Red-billed Brushturkey4.mp3
Red-billed Brushturkey_sound/Red-billed Brushturkey5,D:\other\Bird\Code\data\kaggle_training_wav_cache_sp\Red-billed Brushturkey_sound\Red-billed Brushturkey5.wav,Red-billed Brushturkey_sound,73,9.424,67,train,D:\other\Bird\Code\data\kaggle_training_wav_cache_sp\Red-billed Brushturkey_sound\Red-billed Brushturkey5.wav,9.424,True,D:\other\Bird\Dataset\CC0\Red-billed Brushturkey_sound\Red-billed Brushturkey5.mp3
Red-billed Brushturkey_sound/Red-billed Brushturkey6,D:\other\Bird\Code\data\kaggle_training_wav_cache_sp\Red-billed Brushturkey_sound\Red-billed Brushturkey6.wav,Red-billed Brushturkey_sound,73,9.424,67,train,D:\other\Bird\Code\data\kaggle_training_wav_cache_sp\Red-billed Brushturkey_sound\Red-billed Brushturkey6.wav,9.424,True,D:\other\Bird\Dataset\CC0\Red-billed Brushturkey_sound\Red-billed Brushturkey6.mp3
Red-billed Brushturkey_sound/Red-billed Brushturkey7,D:\other\Bird\Code\data\kaggle_training_wav_cache_sp\Red-billed Brushturkey_sound\Red-billed Brushturkey7.wav,Red-billed Brushturkey_sound,73,9.424,67,val,D:\other\Bird\Code\data\kaggle_training_wav_cache_sp\Red-billed Brushturkey_sound\Red-billed Brushturkey7.wav,9.424,True,D:\other\Bird\Dataset\CC0\Red-billed Brushturkey_sound\Red-billed Brushturkey7.mp3
Red-faced Guan_sound/Red-faced Guan10,D:\other\Bird\Code\data\kaggle_training_wav_cache_sp\Red-faced Guan_sound\Red-faced Guan10.wav,Red-faced Guan_sound,74,35.328,68,train,D:\other\Bird\Code\data\kaggle_training_wav_cache_sp\Red-faced Guan_sound\Red-faced Guan10.wav,35.328,True,D:\other\Bird\Dataset\CC0\Red-faced Guan_sound\Red-faced Guan10.mp3
Red-faced Guan_sound/Red-faced Guan11,D:\other\Bird\Code\data\kaggle_training_wav_cache_sp\Red-faced Guan_sound\Red-faced Guan11.wav,Red-faced Guan_sound,74,165.104,68,train,D:\other\Bird\Code\data\kaggle_training_wav_cache_sp\Red-faced Guan_sound\Red-faced Guan11.wav,165.104,True,D:\other\Bird\Dataset\CC0\Red-faced Guan_sound\Red-faced Guan11.mp3
Red-faced Guan_sound/Red-faced Guan12,D:\other\Bird\Code\data\kaggle_training_wav_cache_sp\Red-faced Guan_sound\Red-faced Guan12.wav,Red-faced Guan_sound,74,123.71496875,68,train,D:\other\Bird\Code\data\kaggle_training_wav_cache_sp\Red-faced Guan_sound\Red-faced Guan12.wav,123.71496875,True,D:\other\Bird\Dataset\CC0\Red-faced Guan_sound\Red-faced Guan12.mp3
Red-faced Guan_sound/Red-faced Guan13,D:\other\Bird\Code\data\kaggle_training_wav_cache_sp\Red-faced Guan_sound\Red-faced Guan13.wav,Red-faced Guan_sound,74,123.71496875,68,train,D:\other\Bird\Code\data\kaggle_training_wav_cache_sp\Red-faced Guan_sound\Red-faced Guan13.wav,123.71496875,True,D:\other\Bird\Dataset\CC0\Red-faced Guan_sound\Red-faced Guan13.mp3
Red-faced Guan_sound/Red-faced Guan14,D:\other\Bird\Code\data\kaggle_training_wav_cache_sp\Red-faced Guan_sound\Red-faced Guan14.wav,Red-faced Guan_sound,74,123.71496875,68,val,D:\other\Bird\Code\data\kaggle_training_wav_cache_sp\Red-faced Guan_sound\Red-faced Guan14.wav,123.71496875,True,D:\other\Bird\Dataset\CC0\Red-faced Guan_sound\Red-faced Guan14.mp3
Red-faced Guan_sound/Red-faced Guan15,D:\other\Bird\Code\data\kaggle_training_wav_cache_sp\Red-faced Guan_sound\Red-faced Guan15.wav,Red-faced Guan_sound,74,123.71496875,68,val,D:\other\Bird\Code\data\kaggle_training_wav_cache_sp\Red-faced Guan_sound\Red-faced Guan15.wav,123.71496875,True,D:\other\Bird\Dataset\CC0\Red-faced Guan_sound\Red-faced Guan15.mp3
Red-faced Guan_sound/Red-faced Guan16,D:\other\Bird\Code\data\kaggle_training_wav_cache_sp\Red-faced Guan_sound\Red-faced Guan16.wav,Red-faced Guan_sound,74,123.71496875,68,train,D:\other\Bird\Code\data\kaggle_training_wav_cache_sp\Red-faced Guan_sound\Red-faced Guan16.wav,123.71496875,True,D:\other\Bird\Dataset\CC0\Red-faced Guan_sound\Red-faced Guan16.mp3
Red-faced Guan_sound/Red-faced Guan17,D:\other\Bird\Code\data\kaggle_training_wav_cache_sp\Red-faced Guan_sound\Red-faced Guan17.wav,Red-faced Guan_sound,74,123.71496875,68,train,D:\other\Bird\Code\data\kaggle_training_wav_cache_sp\Red-faced Guan_sound\Red-faced Guan17.wav,123.71496875,True,D:\other\Bird\Dataset\CC0\Red-faced Guan_sound\Red-faced Guan17.mp3
Red-faced Guan_sound/Red-faced Guan18,D:\other\Bird\Code\data\kaggle_training_wav_cache_sp\Red-faced Guan_sound\Red-faced Guan18.wav,Red-faced Guan_sound,74,123.71496875,68,train,D:\other\Bird\Code\data\kaggle_training_wav_cache_sp\Red-faced Guan_sound\Red-faced Guan18.wav,123.71496875,True,D:\other\Bird\Dataset\CC0\Red-faced Guan_sound\Red-faced Guan18.mp3
Red-faced Guan_sound/Red-faced Guan19,D:\other\Bird\Code\data\kaggle_training_wav_cache_sp\Red-faced Guan_sound\Red-faced Guan19.wav,Red-faced Guan_sound,74,34.992,68,test,D:\other\Bird\Code\data\kaggle_training_wav_cache_sp\Red-faced Guan_sound\Red-faced Guan19.wav,34.992,True,D:\other\Bird\Dataset\CC0\Red-faced Guan_sound\Red-faced Guan19.mp3
Red-faced Guan_sound/Red-faced Guan2,D:\other\Bird\Code\data\kaggle_training_wav_cache_sp\Red-faced Guan_sound\Red-faced Guan2.wav,Red-faced Guan_sound,74,10.318375,68,train,D:\other\Bird\Code\data\kaggle_training_wav_cache_sp\Red-faced Guan_sound\Red-faced Guan2.wav,10.318375,True,D:\other\Bird\Dataset\CC0\Red-faced Guan_sound\Red-faced Guan2.mp3
Red-faced Guan_sound/Red-faced Guan20,D:\other\Bird\Code\data\kaggle_training_wav_cache_sp\Red-faced Guan_sound\Red-faced Guan20.wav,Red-faced Guan_sound,74,31.744,68,train,D:\other\Bird\Code\data\kaggle_training_wav_cache_sp\Red-faced Guan_sound\Red-faced Guan20.wav,31.744,True,D:\other\Bird\Dataset\CC0\Red-faced Guan_sound\Red-faced Guan20.mp3
Red-faced Guan_sound/Red-faced Guan21,D:\other\Bird\Code\data\kaggle_training_wav_cache_sp\Red-faced Guan_sound\Red-faced Guan21.wav,Red-faced Guan_sound,74,45.32340625,68,train,D:\other\Bird\Code\data\kaggle_training_wav_cache_sp\Red-faced Guan_sound\Red-faced Guan21.wav,45.32340625,True,D:\other\Bird\Dataset\CC0\Red-faced Guan_sound\Red-faced Guan21.mp3
Red-faced Guan_sound/Red-faced Guan22,D:\other\Bird\Code\data\kaggle_training_wav_cache_sp\Red-faced Guan_sound\Red-faced Guan22.wav,Red-faced Guan_sound,74,48.56165625,68,train,D:\other\Bird\Code\data\kaggle_training_wav_cache_sp\Red-faced Guan_sound\Red-faced Guan22.wav,48.56165625,True,D:\other\Bird\Dataset\CC0\Red-faced Guan_sound\Red-faced Guan22.mp3
Red-faced Guan_sound/Red-faced Guan23,D:\other\Bird\Code\data\kaggle_training_wav_cache_sp\Red-faced Guan_sound\Red-faced Guan23.wav,Red-faced Guan_sound,74,20.04859375,68,val,D:\other\Bird\Code\data\kaggle_training_wav_cache_sp\Red-faced Guan_sound\Red-faced Guan23.wav,20.04859375,True,D:\other\Bird\Dataset\CC0\Red-faced Guan_sound\Red-faced Guan23.mp3
Red-faced Guan_sound/Red-faced Guan24,D:\other\Bird\Code\data\kaggle_training_wav_cache_sp\Red-faced Guan_sound\Red-faced Guan24.wav,Red-faced Guan_sound,74,36.32034375,68,test,D:\other\Bird\Code\data\kaggle_training_wav_cache_sp\Red-faced Guan_sound\Red-faced Guan24.wav,36.32034375,True,D:\other\Bird\Dataset\CC0\Red-faced Guan_sound\Red-faced Guan24.mp3
Red-faced Guan_sound/Red-faced Guan25,D:\other\Bird\Code\data\kaggle_training_wav_cache_sp\Red-faced Guan_sound\Red-faced Guan25.wav,Red-faced Guan_sound,74,15.84,68,train,D:\other\Bird\Code\data\kaggle_training_wav_cache_sp\Red-faced Guan_sound\Red-faced Guan25.wav,15.84,True,D:\other\Bird\Dataset\CC0\Red-faced Guan_sound\Red-faced Guan25.mp3
Red-faced Guan_sound/Red-faced Guan3,D:\other\Bird\Code\data\kaggle_training_wav_cache_sp\Red-faced Guan_sound\Red-faced Guan3.wav,Red-faced Guan_sound,74,10.318375,68,train,D:\other\Bird\Code\data\kaggle_training_wav_cache_sp\Red-faced Guan_sound\Red-faced Guan3.wav,10.318375,True,D:\other\Bird\Dataset\CC0\Red-faced Guan_sound\Red-faced Guan3.mp3
Red-faced Guan_sound/Red-faced Guan4,D:\other\Bird\Code\data\kaggle_training_wav_cache_sp\Red-faced Guan_sound\Red-faced Guan4.wav,Red-faced Guan_sound,74,10.318375,68,train,D:\other\Bird\Code\data\kaggle_training_wav_cache_sp\Red-faced Guan_sound\Red-faced Guan4.wav,10.318375,True,D:\other\Bird\Dataset\CC0\Red-faced Guan_sound\Red-faced Guan4.mp3
Red-faced Guan_sound/Red-faced Guan5,D:\other\Bird\Code\data\kaggle_training_wav_cache_sp\Red-faced Guan_sound\Red-faced Guan5.wav,Red-faced Guan_sound,74,10.318375,68,train,D:\other\Bird\Code\data\kaggle_training_wav_cache_sp\Red-faced Guan_sound\Red-faced Guan5.wav,10.318375,True,D:\other\Bird\Dataset\CC0\Red-faced Guan_sound\Red-faced Guan5.mp3
Red-faced Guan_sound/Red-faced Guan6,D:\other\Bird\Code\data\kaggle_training_wav_cache_sp\Red-faced Guan_sound\Red-faced Guan6.wav,Red-faced Guan_sound,74,10.318375,68,test,D:\other\Bird\Code\data\kaggle_training_wav_cache_sp\Red-faced Guan_sound\Red-faced Guan6.wav,10.318375,True,D:\other\Bird\Dataset\CC0\Red-faced Guan_sound\Red-faced Guan6.mp3
Red-faced Guan_sound/Red-faced Guan7,D:\other\Bird\Code\data\kaggle_training_wav_cache_sp\Red-faced Guan_sound\Red-faced Guan7.wav,Red-faced Guan_sound,74,10.318375,68,train,D:\other\Bird\Code\data\kaggle_training_wav_cache_sp\Red-faced Guan_sound\Red-faced Guan7.wav,10.318375,True,D:\other\Bird\Dataset\CC0\Red-faced Guan_sound\Red-faced Guan7.mp3
Red-faced Guan_sound/Red-faced Guan8,D:\other\Bird\Code\data\kaggle_training_wav_cache_sp\Red-faced Guan_sound\Red-faced Guan8.wav,Red-faced Guan_sound,74,35.088,68,val,D:\other\Bird\Code\data\kaggle_training_wav_cache_sp\Red-faced Guan_sound\Red-faced Guan8.wav,35.088,True,D:\other\Bird\Dataset\CC0\Red-faced Guan_sound\Red-faced Guan8.mp3
Red-faced Guan_sound/Red-faced Guan9,D:\other\Bird\Code\data\kaggle_training_wav_cache_sp\Red-faced Guan_sound\Red-faced Guan9.wav,Red-faced Guan_sound,74,23.57553125,68,test,D:\other\Bird\Code\data\kaggle_training_wav_cache_sp\Red-faced Guan_sound\Red-faced Guan9.wav,23.57553125,True,D:\other\Bird\Dataset\CC0\Red-faced Guan_sound\Red-faced Guan9.mp3
Red-legged Tinamou_sound/Red-legged Tinamou10,D:\other\Bird\Code\data\kaggle_training_wav_cache_sp\Red-legged Tinamou_sound\Red-legged Tinamou10.wav,Red-legged Tinamou_sound,75,51.728,69,val,D:\other\Bird\Code\data\kaggle_training_wav_cache_sp\Red-legged Tinamou_sound\Red-legged Tinamou10.wav,51.728,True,D:\other\Bird\Dataset\CC0\Red-legged Tinamou_sound\Red-legged Tinamou10.mp3
Red-legged Tinamou_sound/Red-legged Tinamou11,D:\other\Bird\Code\data\kaggle_training_wav_cache_sp\Red-legged Tinamou_sound\Red-legged Tinamou11.wav,Red-legged Tinamou_sound,75,51.728,69,train,D:\other\Bird\Code\data\kaggle_training_wav_cache_sp\Red-legged Tinamou_sound\Red-legged Tinamou11.wav,51.728,True,D:\other\Bird\Dataset\CC0\Red-legged Tinamou_sound\Red-legged Tinamou11.mp3
Red-legged Tinamou_sound/Red-legged Tinamou12,D:\other\Bird\Code\data\kaggle_training_wav_cache_sp\Red-legged Tinamou_sound\Red-legged Tinamou12.wav,Red-legged Tinamou_sound,75,51.728,69,train,D:\other\Bird\Code\data\kaggle_training_wav_cache_sp\Red-legged Tinamou_sound\Red-legged Tinamou12.wav,51.728,True,D:\other\Bird\Dataset\CC0\Red-legged Tinamou_sound\Red-legged Tinamou12.mp3
Red-legged Tinamou_sound/Red-legged Tinamou13,D:\other\Bird\Code\data\kaggle_training_wav_cache_sp\Red-legged Tinamou_sound\Red-legged Tinamou13.wav,Red-legged Tinamou_sound,75,51.728,69,train,D:\other\Bird\Code\data\kaggle_training_wav_cache_sp\Red-legged Tinamou_sound\Red-legged Tinamou13.wav,51.728,True,D:\other\Bird\Dataset\CC0\Red-legged Tinamou_sound\Red-legged Tinamou13.mp3
Red-legged Tinamou_sound/Red-legged Tinamou14,D:\other\Bird\Code\data\kaggle_training_wav_cache_sp\Red-legged Tinamou_sound\Red-legged Tinamou14.wav,Red-legged Tinamou_sound,75,36.79509375,69,train,D:\other\Bird\Code\data\kaggle_training_wav_cache_sp\Red-legged Tinamou_sound\Red-legged Tinamou14.wav,36.79509375,True,D:\other\Bird\Dataset\CC0\Red-legged Tinamou_sound\Red-legged Tinamou14.mp3
Red-legged Tinamou_sound/Red-legged Tinamou15,D:\other\Bird\Code\data\kaggle_training_wav_cache_sp\Red-legged Tinamou_sound\Red-legged Tinamou15.wav,Red-legged Tinamou_sound,75,26.096,69,val,D:\other\Bird\Code\data\kaggle_training_wav_cache_sp\Red-legged Tinamou_sound\Red-legged Tinamou15.wav,26.096,True,D:\other\Bird\Dataset\CC0\Red-legged Tinamou_sound\Red-legged Tinamou15.mp3
Red-legged Tinamou_sound/Red-legged Tinamou17,D:\other\Bird\Code\data\kaggle_training_wav_cache_sp\Red-legged Tinamou_sound\Red-legged Tinamou17.wav,Red-legged Tinamou_sound,75,5.28396875,69,train,D:\other\Bird\Code\data\kaggle_training_wav_cache_sp\Red-legged Tinamou_sound\Red-legged Tinamou17.wav,5.28396875,True,D:\other\Bird\Dataset\CC0\Red-legged Tinamou_sound\Red-legged Tinamou17.mp3
Red-legged Tinamou_sound/Red-legged Tinamou18,D:\other\Bird\Code\data\kaggle_training_wav_cache_sp\Red-legged Tinamou_sound\Red-legged Tinamou18.wav,Red-legged Tinamou_sound,75,60.112,69,train,D:\other\Bird\Code\data\kaggle_training_wav_cache_sp\Red-legged Tinamou_sound\Red-legged Tinamou18.wav,60.112,True,D:\other\Bird\Dataset\CC0\Red-legged Tinamou_sound\Red-legged Tinamou18.mp3
Red-legged Tinamou_sound/Red-legged Tinamou19,D:\other\Bird\Code\data\kaggle_training_wav_cache_sp\Red-legged Tinamou_sound\Red-legged Tinamou19.wav,Red-legged Tinamou_sound,75,27.6,69,train,D:\other\Bird\Code\data\kaggle_training_wav_cache_sp\Red-legged Tinamou_sound\Red-legged Tinamou19.wav,27.6,True,D:\other\Bird\Dataset\CC0\Red-legged Tinamou_sound\Red-legged Tinamou19.mp3
Red-legged Tinamou_sound/Red-legged Tinamou2,D:\other\Bird\Code\data\kaggle_training_wav_cache_sp\Red-legged Tinamou_sound\Red-legged Tinamou2.wav,Red-legged Tinamou_sound,75,7.28,69,train,D:\other\Bird\Code\data\kaggle_training_wav_cache_sp\Red-legged Tinamou_sound\Red-legged Tinamou2.wav,7.28,True,D:\other\Bird\Dataset\CC0\Red-legged Tinamou_sound\Red-legged Tinamou2.mp3
Red-legged Tinamou_sound/Red-legged Tinamou20,D:\other\Bird\Code\data\kaggle_training_wav_cache_sp\Red-legged Tinamou_sound\Red-legged Tinamou20.wav,Red-legged Tinamou_sound,75,35.19284375,69,train,D:\other\Bird\Code\data\kaggle_training_wav_cache_sp\Red-legged Tinamou_sound\Red-legged Tinamou20.wav,35.19284375,True,D:\other\Bird\Dataset\CC0\Red-legged Tinamou_sound\Red-legged Tinamou20.mp3
Red-legged Tinamou_sound/Red-legged Tinamou21,D:\other\Bird\Code\data\kaggle_training_wav_cache_sp\Red-legged Tinamou_sound\Red-legged Tinamou21.wav,Red-legged Tinamou_sound,75,35.19284375,69,train,D:\other\Bird\Code\data\kaggle_training_wav_cache_sp\Red-legged Tinamou_sound\Red-legged Tinamou21.wav,35.19284375,True,D:\other\Bird\Dataset\CC0\Red-legged Tinamou_sound\Red-legged Tinamou21.mp3
Red-legged Tinamou_sound/Red-legged Tinamou22,D:\other\Bird\Code\data\kaggle_training_wav_cache_sp\Red-legged Tinamou_sound\Red-legged Tinamou22.wav,Red-legged Tinamou_sound,75,35.19284375,69,train,D:\other\Bird\Code\data\kaggle_training_wav_cache_sp\Red-legged Tinamou_sound\Red-legged Tinamou22.wav,35.19284375,True,D:\other\Bird\Dataset\CC0\Red-legged Tinamou_sound\Red-legged Tinamou22.mp3
Red-legged Tinamou_sound/Red-legged Tinamou23,D:\other\Bird\Code\data\kaggle_training_wav_cache_sp\Red-legged Tinamou_sound\Red-legged Tinamou23.wav,Red-legged Tinamou_sound,75,35.19284375,69,train,D:\other\Bird\Code\data\kaggle_training_wav_cache_sp\Red-legged Tinamou_sound\Red-legged Tinamou23.wav,35.19284375,True,D:\other\Bird\Dataset\CC0\Red-legged Tinamou_sound\Red-legged Tinamou23.mp3
Red-legged Tinamou_sound/Red-legged Tinamou24,D:\other\Bird\Code\data\kaggle_training_wav_cache_sp\Red-legged Tinamou_sound\Red-legged Tinamou24.wav,Red-legged Tinamou_sound,75,35.19284375,69,val,D:\other\Bird\Code\data\kaggle_training_wav_cache_sp\Red-legged Tinamou_sound\Red-legged Tinamou24.wav,35.19284375,True,D:\other\Bird\Dataset\CC0\Red-legged Tinamou_sound\Red-legged Tinamou24.mp3
Red-legged Tinamou_sound/Red-legged Tinamou25,D:\other\Bird\Code\data\kaggle_training_wav_cache_sp\Red-legged Tinamou_sound\Red-legged Tinamou25.wav,Red-legged Tinamou_sound,75,35.19284375,69,train,D:\other\Bird\Code\data\kaggle_training_wav_cache_sp\Red-legged Tinamou_sound\Red-legged Tinamou25.wav,35.19284375,True,D:\other\Bird\Dataset\CC0\Red-legged Tinamou_sound\Red-legged Tinamou25.mp3
Red-legged Tinamou_sound/Red-legged Tinamou3,D:\other\Bird\Code\data\kaggle_training_wav_cache_sp\Red-legged Tinamou_sound\Red-legged Tinamou3.wav,Red-legged Tinamou_sound,75,24.06465625,69,train,D:\other\Bird\Code\data\kaggle_training_wav_cache_sp\Red-legged Tinamou_sound\Red-legged Tinamou3.wav,24.06465625,True,D:\other\Bird\Dataset\CC0\Red-legged Tinamou_sound\Red-legged Tinamou3.mp3
Red-legged Tinamou_sound/Red-legged Tinamou4,D:\other\Bird\Code\data\kaggle_training_wav_cache_sp\Red-legged Tinamou_sound\Red-legged Tinamou4.wav,Red-legged Tinamou_sound,75,31.392,69,train,D:\other\Bird\Code\data\kaggle_training_wav_cache_sp\Red-legged Tinamou_sound\Red-legged Tinamou4.wav,31.392,True,D:\other\Bird\Dataset\CC0\Red-legged Tinamou_sound\Red-legged Tinamou4.mp3
Red-legged Tinamou_sound/Red-legged Tinamou5,D:\other\Bird\Code\data\kaggle_training_wav_cache_sp\Red-legged Tinamou_sound\Red-legged Tinamou5.wav,Red-legged Tinamou_sound,75,37.216,69,test,D:\other\Bird\Code\data\kaggle_training_wav_cache_sp\Red-legged Tinamou_sound\Red-legged Tinamou5.wav,37.216,True,D:\other\Bird\Dataset\CC0\Red-legged Tinamou_sound\Red-legged Tinamou5.mp3
Red-legged Tinamou_sound/Red-legged Tinamou6,D:\other\Bird\Code\data\kaggle_training_wav_cache_sp\Red-legged Tinamou_sound\Red-legged Tinamou6.wav,Red-legged Tinamou_sound,75,37.216,69,test,D:\other\Bird\Code\data\kaggle_training_wav_cache_sp\Red-legged Tinamou_sound\Red-legged Tinamou6.wav,37.216,True,D:\other\Bird\Dataset\CC0\Red-legged Tinamou_sound\Red-legged Tinamou6.mp3
Red-legged Tinamou_sound/Red-legged Tinamou7,D:\other\Bird\Code\data\kaggle_training_wav_cache_sp\Red-legged Tinamou_sound\Red-legged Tinamou7.wav,Red-legged Tinamou_sound,75,22.5084375,69,train,D:\other\Bird\Code\data\kaggle_training_wav_cache_sp\Red-legged Tinamou_sound\Red-legged Tinamou7.wav,22.5084375,True,D:\other\Bird\Dataset\CC0\Red-legged Tinamou_sound\Red-legged Tinamou7.mp3
Red-legged Tinamou_sound/Red-legged Tinamou8,D:\other\Bird\Code\data\kaggle_training_wav_cache_sp\Red-legged Tinamou_sound\Red-legged Tinamou8.wav,Red-legged Tinamou_sound,75,51.728,69,test,D:\other\Bird\Code\data\kaggle_training_wav_cache_sp\Red-legged Tinamou_sound\Red-legged Tinamou8.wav,51.728,True,D:\other\Bird\Dataset\CC0\Red-legged Tinamou_sound\Red-legged Tinamou8.mp3
Red-legged Tinamou_sound/Red-legged Tinamou9,D:\other\Bird\Code\data\kaggle_training_wav_cache_sp\Red-legged Tinamou_sound\Red-legged Tinamou9.wav,Red-legged Tinamou_sound,75,51.728,69,train,D:\other\Bird\Code\data\kaggle_training_wav_cache_sp\Red-legged Tinamou_sound\Red-legged Tinamou9.wav,51.728,True,D:\other\Bird\Dataset\CC0\Red-legged Tinamou_sound\Red-legged Tinamou9.mp3
Red-throated Piping Guan_sound/Red-throated Piping Guan10,D:\other\Bird\Code\data\kaggle_training_wav_cache_sp\Red-throated Piping Guan_sound\Red-throated Piping Guan10.wav,Red-throated Piping Guan_sound,76,62.24,70,train,D:\other\Bird\Code\data\kaggle_training_wav_cache_sp\Red-throated Piping Guan_sound\Red-throated Piping Guan10.wav,62.24,True,D:\other\Bird\Dataset\CC0\Red-throated Piping Guan_sound\Red-throated Piping Guan10.mp3
Red-throated Piping Guan_sound/Red-throated Piping Guan11,D:\other\Bird\Code\data\kaggle_training_wav_cache_sp\Red-throated Piping Guan_sound\Red-throated Piping Guan11.wav,Red-throated Piping Guan_sound,76,62.24,70,train,D:\other\Bird\Code\data\kaggle_training_wav_cache_sp\Red-throated Piping Guan_sound\Red-throated Piping Guan11.wav,62.24,True,D:\other\Bird\Dataset\CC0\Red-throated Piping Guan_sound\Red-throated Piping Guan11.mp3
Red-throated Piping Guan_sound/Red-throated Piping Guan12,D:\other\Bird\Code\data\kaggle_training_wav_cache_sp\Red-throated Piping Guan_sound\Red-throated Piping Guan12.wav,Red-throated Piping Guan_sound,76,51.704,70,val,D:\other\Bird\Code\data\kaggle_training_wav_cache_sp\Red-throated Piping Guan_sound\Red-throated Piping Guan12.wav,51.704,True,D:\other\Bird\Dataset\CC0\Red-throated Piping Guan_sound\Red-throated Piping Guan12.mp3
Red-throated Piping Guan_sound/Red-throated Piping Guan13,D:\other\Bird\Code\data\kaggle_training_wav_cache_sp\Red-throated Piping Guan_sound\Red-throated Piping Guan13.wav,Red-throated Piping Guan_sound,76,51.704,70,test,D:\other\Bird\Code\data\kaggle_training_wav_cache_sp\Red-throated Piping Guan_sound\Red-throated Piping Guan13.wav,51.704,True,D:\other\Bird\Dataset\CC0\Red-throated Piping Guan_sound\Red-throated Piping Guan13.mp3
Red-throated Piping Guan_sound/Red-throated Piping Guan14,D:\other\Bird\Code\data\kaggle_training_wav_cache_sp\Red-throated Piping Guan_sound\Red-throated Piping Guan14.wav,Red-throated Piping Guan_sound,76,61.05740625,70,train,D:\other\Bird\Code\data\kaggle_training_wav_cache_sp\Red-throated Piping Guan_sound\Red-throated Piping Guan14.wav,61.05740625,True,D:\other\Bird\Dataset\CC0\Red-throated Piping Guan_sound\Red-throated Piping Guan14.mp3
Red-throated Piping Guan_sound/Red-throated Piping Guan15,D:\other\Bird\Code\data\kaggle_training_wav_cache_sp\Red-throated Piping Guan_sound\Red-throated Piping Guan15.wav,Red-throated Piping Guan_sound,76,31.792,70,train,D:\other\Bird\Code\data\kaggle_training_wav_cache_sp\Red-throated Piping Guan_sound\Red-throated Piping Guan15.wav,31.792,True,D:\other\Bird\Dataset\CC0\Red-throated Piping Guan_sound\Red-throated Piping Guan15.mp3
Red-throated Piping Guan_sound/Red-throated Piping Guan16,D:\other\Bird\Code\data\kaggle_training_wav_cache_sp\Red-throated Piping Guan_sound\Red-throated Piping Guan16.wav,Red-throated Piping Guan_sound,76,10.02515625,70,test,D:\other\Bird\Code\data\kaggle_training_wav_cache_sp\Red-throated Piping Guan_sound\Red-throated Piping Guan16.wav,10.02515625,True,D:\other\Bird\Dataset\CC0\Red-throated Piping Guan_sound\Red-throated Piping Guan16.mp3
Red-throated Piping Guan_sound/Red-throated Piping Guan2,D:\other\Bird\Code\data\kaggle_training_wav_cache_sp\Red-throated Piping Guan_sound\Red-throated Piping Guan2.wav,Red-throated Piping Guan_sound,76,87.776,70,train,D:\other\Bird\Code\data\kaggle_training_wav_cache_sp\Red-throated Piping Guan_sound\Red-throated Piping Guan2.wav,87.776,True,D:\other\Bird\Dataset\CC0\Red-throated Piping Guan_sound\Red-throated Piping Guan2.mp3
Red-throated Piping Guan_sound/Red-throated Piping Guan3,D:\other\Bird\Code\data\kaggle_training_wav_cache_sp\Red-throated Piping Guan_sound\Red-throated Piping Guan3.wav,Red-throated Piping Guan_sound,76,41.456,70,train,D:\other\Bird\Code\data\kaggle_training_wav_cache_sp\Red-throated Piping Guan_sound\Red-throated Piping Guan3.wav,41.456,True,D:\other\Bird\Dataset\CC0\Red-throated Piping Guan_sound\Red-throated Piping Guan3.mp3
Red-throated Piping Guan_sound/Red-throated Piping Guan4,D:\other\Bird\Code\data\kaggle_training_wav_cache_sp\Red-throated Piping Guan_sound\Red-throated Piping Guan4.wav,Red-throated Piping Guan_sound,76,132.77453125,70,train,D:\other\Bird\Code\data\kaggle_training_wav_cache_sp\Red-throated Piping Guan_sound\Red-throated Piping Guan4.wav,132.77453125,True,D:\other\Bird\Dataset\CC0\Red-throated Piping Guan_sound\Red-throated Piping Guan4.mp3
Red-throated Piping Guan_sound/Red-throated Piping Guan5,D:\other\Bird\Code\data\kaggle_training_wav_cache_sp\Red-throated Piping Guan_sound\Red-throated Piping Guan5.wav,Red-throated Piping Guan_sound,76,139.056,70,train,D:\other\Bird\Code\data\kaggle_training_wav_cache_sp\Red-throated Piping Guan_sound\Red-throated Piping Guan5.wav,139.056,True,D:\other\Bird\Dataset\CC0\Red-throated Piping Guan_sound\Red-throated Piping Guan5.mp3
Red-throated Piping Guan_sound/Red-throated Piping Guan6,D:\other\Bird\Code\data\kaggle_training_wav_cache_sp\Red-throated Piping Guan_sound\Red-throated Piping Guan6.wav,Red-throated Piping Guan_sound,76,104.608,70,val,D:\other\Bird\Code\data\kaggle_training_wav_cache_sp\Red-throated Piping Guan_sound\Red-throated Piping Guan6.wav,104.608,True,D:\other\Bird\Dataset\CC0\Red-throated Piping Guan_sound\Red-throated Piping Guan6.mp3
Red-throated Piping Guan_sound/Red-throated Piping Guan7,D:\other\Bird\Code\data\kaggle_training_wav_cache_sp\Red-throated Piping Guan_sound\Red-throated Piping Guan7.wav,Red-throated Piping Guan_sound,76,61.0423125,70,train,D:\other\Bird\Code\data\kaggle_training_wav_cache_sp\Red-throated Piping Guan_sound\Red-throated Piping Guan7.wav,61.0423125,True,D:\other\Bird\Dataset\CC0\Red-throated Piping Guan_sound\Red-throated Piping Guan7.mp3
Red-throated Piping Guan_sound/Red-throated Piping Guan8,D:\other\Bird\Code\data\kaggle_training_wav_cache_sp\Red-throated Piping Guan_sound\Red-throated Piping Guan8.wav,Red-throated Piping Guan_sound,76,28.49959375,70,train,D:\other\Bird\Code\data\kaggle_training_wav_cache_sp\Red-throated Piping Guan_sound\Red-throated Piping Guan8.wav,28.49959375,True,D:\other\Bird\Dataset\CC0\Red-throated Piping Guan_sound\Red-throated Piping Guan8.mp3
Red-throated Piping Guan_sound/Red-throated Piping Guan9,D:\other\Bird\Code\data\kaggle_training_wav_cache_sp\Red-throated Piping Guan_sound\Red-throated Piping Guan9.wav,Red-throated Piping Guan_sound,76,6.6975,70,train,D:\other\Bird\Code\data\kaggle_training_wav_cache_sp\Red-throated Piping Guan_sound\Red-throated Piping Guan9.wav,6.6975,True,D:\other\Bird\Dataset\CC0\Red-throated Piping Guan_sound\Red-throated Piping Guan9.mp3
Red-winged Tinamou_sound/Red-winged Tinamou10,D:\other\Bird\Code\data\kaggle_training_wav_cache_sp\Red-winged Tinamou_sound\Red-winged Tinamou10.wav,Red-winged Tinamou_sound,77,41.024,71,test,D:\other\Bird\Code\data\kaggle_training_wav_cache_sp\Red-winged Tinamou_sound\Red-winged Tinamou10.wav,41.024,True,D:\other\Bird\Dataset\CC0\Red-winged Tinamou_sound\Red-winged Tinamou10.mp3
Red-winged Tinamou_sound/Red-winged Tinamou11,D:\other\Bird\Code\data\kaggle_training_wav_cache_sp\Red-winged Tinamou_sound\Red-winged Tinamou11.wav,Red-winged Tinamou_sound,77,41.024,71,test,D:\other\Bird\Code\data\kaggle_training_wav_cache_sp\Red-winged Tinamou_sound\Red-winged Tinamou11.wav,41.024,True,D:\other\Bird\Dataset\CC0\Red-winged Tinamou_sound\Red-winged Tinamou11.mp3
Red-winged Tinamou_sound/Red-winged Tinamou12,D:\other\Bird\Code\data\kaggle_training_wav_cache_sp\Red-winged Tinamou_sound\Red-winged Tinamou12.wav,Red-winged Tinamou_sound,77,41.024,71,train,D:\other\Bird\Code\data\kaggle_training_wav_cache_sp\Red-winged Tinamou_sound\Red-winged Tinamou12.wav,41.024,True,D:\other\Bird\Dataset\CC0\Red-winged Tinamou_sound\Red-winged Tinamou12.mp3
Red-winged Tinamou_sound/Red-winged Tinamou13,D:\other\Bird\Code\data\kaggle_training_wav_cache_sp\Red-winged Tinamou_sound\Red-winged Tinamou13.wav,Red-winged Tinamou_sound,77,41.024,71,train,D:\other\Bird\Code\data\kaggle_training_wav_cache_sp\Red-winged Tinamou_sound\Red-winged Tinamou13.wav,41.024,True,D:\other\Bird\Dataset\CC0\Red-winged Tinamou_sound\Red-winged Tinamou13.mp3
Red-winged Tinamou_sound/Red-winged Tinamou14,D:\other\Bird\Code\data\kaggle_training_wav_cache_sp\Red-winged Tinamou_sound\Red-winged Tinamou14.wav,Red-winged Tinamou_sound,77,41.024,71,train,D:\other\Bird\Code\data\kaggle_training_wav_cache_sp\Red-winged Tinamou_sound\Red-winged Tinamou14.wav,41.024,True,D:\other\Bird\Dataset\CC0\Red-winged Tinamou_sound\Red-winged Tinamou14.mp3
Red-winged Tinamou_sound/Red-winged Tinamou15,D:\other\Bird\Code\data\kaggle_training_wav_cache_sp\Red-winged Tinamou_sound\Red-winged Tinamou15.wav,Red-winged Tinamou_sound,77,41.024,71,train,D:\other\Bird\Code\data\kaggle_training_wav_cache_sp\Red-winged Tinamou_sound\Red-winged Tinamou15.wav,41.024,True,D:\other\Bird\Dataset\CC0\Red-winged Tinamou_sound\Red-winged Tinamou15.mp3
Red-winged Tinamou_sound/Red-winged Tinamou16,D:\other\Bird\Code\data\kaggle_training_wav_cache_sp\Red-winged Tinamou_sound\Red-winged Tinamou16.wav,Red-winged Tinamou_sound,77,41.024,71,train,D:\other\Bird\Code\data\kaggle_training_wav_cache_sp\Red-winged Tinamou_sound\Red-winged Tinamou16.wav,41.024,True,D:\other\Bird\Dataset\CC0\Red-winged Tinamou_sound\Red-winged Tinamou16.mp3
Red-winged Tinamou_sound/Red-winged Tinamou17,D:\other\Bird\Code\data\kaggle_training_wav_cache_sp\Red-winged Tinamou_sound\Red-winged Tinamou17.wav,Red-winged Tinamou_sound,77,9.904,71,train,D:\other\Bird\Code\data\kaggle_training_wav_cache_sp\Red-winged Tinamou_sound\Red-winged Tinamou17.wav,9.904,True,D:\other\Bird\Dataset\CC0\Red-winged Tinamou_sound\Red-winged Tinamou17.mp3
Red-winged Tinamou_sound/Red-winged Tinamou2,D:\other\Bird\Code\data\kaggle_training_wav_cache_sp\Red-winged Tinamou_sound\Red-winged Tinamou2.wav,Red-winged Tinamou_sound,77,41.024,71,train,D:\other\Bird\Code\data\kaggle_training_wav_cache_sp\Red-winged Tinamou_sound\Red-winged Tinamou2.wav,41.024,True,D:\other\Bird\Dataset\CC0\Red-winged Tinamou_sound\Red-winged Tinamou2.mp3
Red-winged Tinamou_sound/Red-winged Tinamou20,D:\other\Bird\Code\data\kaggle_training_wav_cache_sp\Red-winged Tinamou_sound\Red-winged Tinamou20.wav,Red-winged Tinamou_sound,77,9.008,71,train,D:\other\Bird\Code\data\kaggle_training_wav_cache_sp\Red-winged Tinamou_sound\Red-winged Tinamou20.wav,9.008,True,D:\other\Bird\Dataset\CC0\Red-winged Tinamou_sound\Red-winged Tinamou20.mp3
Red-winged Tinamou_sound/Red-winged Tinamou21,D:\other\Bird\Code\data\kaggle_training_wav_cache_sp\Red-winged Tinamou_sound\Red-winged Tinamou21.wav,Red-winged Tinamou_sound,77,9.008,71,val,D:\other\Bird\Code\data\kaggle_training_wav_cache_sp\Red-winged Tinamou_sound\Red-winged Tinamou21.wav,9.008,True,D:\other\Bird\Dataset\CC0\Red-winged Tinamou_sound\Red-winged Tinamou21.mp3
Red-winged Tinamou_sound/Red-winged Tinamou22,D:\other\Bird\Code\data\kaggle_training_wav_cache_sp\Red-winged Tinamou_sound\Red-winged Tinamou22.wav,Red-winged Tinamou_sound,77,9.008,71,val,D:\other\Bird\Code\data\kaggle_training_wav_cache_sp\Red-winged Tinamou_sound\Red-winged Tinamou22.wav,9.008,True,D:\other\Bird\Dataset\CC0\Red-winged Tinamou_sound\Red-winged Tinamou22.mp3
Red-winged Tinamou_sound/Red-winged Tinamou23,D:\other\Bird\Code\data\kaggle_training_wav_cache_sp\Red-winged Tinamou_sound\Red-winged Tinamou23.wav,Red-winged Tinamou_sound,77,9.008,71,test,D:\other\Bird\Code\data\kaggle_training_wav_cache_sp\Red-winged Tinamou_sound\Red-winged Tinamou23.wav,9.008,True,D:\other\Bird\Dataset\CC0\Red-winged Tinamou_sound\Red-winged Tinamou23.mp3
Red-winged Tinamou_sound/Red-winged Tinamou24,D:\other\Bird\Code\data\kaggle_training_wav_cache_sp\Red-winged Tinamou_sound\Red-winged Tinamou24.wav,Red-winged Tinamou_sound,77,9.008,71,train,D:\other\Bird\Code\data\kaggle_training_wav_cache_sp\Red-winged Tinamou_sound\Red-winged Tinamou24.wav,9.008,True,D:\other\Bird\Dataset\CC0\Red-winged Tinamou_sound\Red-winged Tinamou24.mp3
Red-winged Tinamou_sound/Red-winged Tinamou25,D:\other\Bird\Code\data\kaggle_training_wav_cache_sp\Red-winged Tinamou_sound\Red-winged Tinamou25.wav,Red-winged Tinamou_sound,77,234.576,71,train,D:\other\Bird\Code\data\kaggle_training_wav_cache_sp\Red-winged Tinamou_sound\Red-winged Tinamou25.wav,234.576,True,D:\other\Bird\Dataset\CC0\Red-winged Tinamou_sound\Red-winged Tinamou25.mp3
Red-winged Tinamou_sound/Red-winged Tinamou26,D:\other\Bird\Code\data\kaggle_training_wav_cache_sp\Red-winged Tinamou_sound\Red-winged Tinamou26.wav,Red-winged Tinamou_sound,77,9.616,71,val,D:\other\Bird\Code\data\kaggle_training_wav_cache_sp\Red-winged Tinamou_sound\Red-winged Tinamou26.wav,9.616,True,D:\other\Bird\Dataset\CC0\Red-winged Tinamou_sound\Red-winged Tinamou26.mp3
Red-winged Tinamou_sound/Red-winged Tinamou29,D:\other\Bird\Code\data\kaggle_training_wav_cache_sp\Red-winged Tinamou_sound\Red-winged Tinamou29.wav,Red-winged Tinamou_sound,77,5.976,71,train,D:\other\Bird\Code\data\kaggle_training_wav_cache_sp\Red-winged Tinamou_sound\Red-winged Tinamou29.wav,5.976,True,D:\other\Bird\Dataset\CC0\Red-winged Tinamou_sound\Red-winged Tinamou29.mp3
Red-winged Tinamou_sound/Red-winged Tinamou3,D:\other\Bird\Code\data\kaggle_training_wav_cache_sp\Red-winged Tinamou_sound\Red-winged Tinamou3.wav,Red-winged Tinamou_sound,77,41.024,71,test,D:\other\Bird\Code\data\kaggle_training_wav_cache_sp\Red-winged Tinamou_sound\Red-winged Tinamou3.wav,41.024,True,D:\other\Bird\Dataset\CC0\Red-winged Tinamou_sound\Red-winged Tinamou3.mp3
Red-winged Tinamou_sound/Red-winged Tinamou4,D:\other\Bird\Code\data\kaggle_training_wav_cache_sp\Red-winged Tinamou_sound\Red-winged Tinamou4.wav,Red-winged Tinamou_sound,77,41.024,71,train,D:\other\Bird\Code\data\kaggle_training_wav_cache_sp\Red-winged Tinamou_sound\Red-winged Tinamou4.wav,41.024,True,D:\other\Bird\Dataset\CC0\Red-winged Tinamou_sound\Red-winged Tinamou4.mp3
Red-winged Tinamou_sound/Red-winged Tinamou5,D:\other\Bird\Code\data\kaggle_training_wav_cache_sp\Red-winged Tinamou_sound\Red-winged Tinamou5.wav,Red-winged Tinamou_sound,77,41.024,71,train,D:\other\Bird\Code\data\kaggle_training_wav_cache_sp\Red-winged Tinamou_sound\Red-winged Tinamou5.wav,41.024,True,D:\other\Bird\Dataset\CC0\Red-winged Tinamou_sound\Red-winged Tinamou5.mp3
Red-winged Tinamou_sound/Red-winged Tinamou6,D:\other\Bird\Code\data\kaggle_training_wav_cache_sp\Red-winged Tinamou_sound\Red-winged Tinamou6.wav,Red-winged Tinamou_sound,77,41.024,71,train,D:\other\Bird\Code\data\kaggle_training_wav_cache_sp\Red-winged Tinamou_sound\Red-winged Tinamou6.wav,41.024,True,D:\other\Bird\Dataset\CC0\Red-winged Tinamou_sound\Red-winged Tinamou6.mp3
Red-winged Tinamou_sound/Red-winged Tinamou7,D:\other\Bird\Code\data\kaggle_training_wav_cache_sp\Red-winged Tinamou_sound\Red-winged Tinamou7.wav,Red-winged Tinamou_sound,77,41.024,71,train,D:\other\Bird\Code\data\kaggle_training_wav_cache_sp\Red-winged Tinamou_sound\Red-winged Tinamou7.wav,41.024,True,D:\other\Bird\Dataset\CC0\Red-winged Tinamou_sound\Red-winged Tinamou7.mp3
Red-winged Tinamou_sound/Red-winged Tinamou8,D:\other\Bird\Code\data\kaggle_training_wav_cache_sp\Red-winged Tinamou_sound\Red-winged Tinamou8.wav,Red-winged Tinamou_sound,77,41.024,71,train,D:\other\Bird\Code\data\kaggle_training_wav_cache_sp\Red-winged Tinamou_sound\Red-winged Tinamou8.wav,41.024,True,D:\other\Bird\Dataset\CC0\Red-winged Tinamou_sound\Red-winged Tinamou8.mp3
Red-winged Tinamou_sound/Red-winged Tinamou9,D:\other\Bird\Code\data\kaggle_training_wav_cache_sp\Red-winged Tinamou_sound\Red-winged Tinamou9.wav,Red-winged Tinamou_sound,77,41.024,71,val,D:\other\Bird\Code\data\kaggle_training_wav_cache_sp\Red-winged Tinamou_sound\Red-winged Tinamou9.wav,41.024,True,D:\other\Bird\Dataset\CC0\Red-winged Tinamou_sound\Red-winged Tinamou9.mp3
Rufous-bellied Chachalaca_sound/Rufous-bellied Chachalaca10,D:\other\Bird\Code\data\kaggle_training_wav_cache_sp\Rufous-bellied Chachalaca_sound\Rufous-bellied Chachalaca10.wav,Rufous-bellied Chachalaca_sound,78,5.84,72,train,D:\other\Bird\Code\data\kaggle_training_wav_cache_sp\Rufous-bellied Chachalaca_sound\Rufous-bellied Chachalaca10.wav,5.84,True,D:\other\Bird\Dataset\CC0\Rufous-bellied Chachalaca_sound\Rufous-bellied Chachalaca10.mp3
Rufous-bellied Chachalaca_sound/Rufous-bellied Chachalaca11,D:\other\Bird\Code\data\kaggle_training_wav_cache_sp\Rufous-bellied Chachalaca_sound\Rufous-bellied Chachalaca11.wav,Rufous-bellied Chachalaca_sound,78,103.232,72,test,D:\other\Bird\Code\data\kaggle_training_wav_cache_sp\Rufous-bellied Chachalaca_sound\Rufous-bellied Chachalaca11.wav,103.232,True,D:\other\Bird\Dataset\CC0\Rufous-bellied Chachalaca_sound\Rufous-bellied Chachalaca11.mp3
Rufous-bellied Chachalaca_sound/Rufous-bellied Chachalaca12,D:\other\Bird\Code\data\kaggle_training_wav_cache_sp\Rufous-bellied Chachalaca_sound\Rufous-bellied Chachalaca12.wav,Rufous-bellied Chachalaca_sound,78,129.504,72,train,D:\other\Bird\Code\data\kaggle_training_wav_cache_sp\Rufous-bellied Chachalaca_sound\Rufous-bellied Chachalaca12.wav,129.504,True,D:\other\Bird\Dataset\CC0\Rufous-bellied Chachalaca_sound\Rufous-bellied Chachalaca12.mp3
Rufous-bellied Chachalaca_sound/Rufous-bellied Chachalaca13,D:\other\Bird\Code\data\kaggle_training_wav_cache_sp\Rufous-bellied Chachalaca_sound\Rufous-bellied Chachalaca13.wav,Rufous-bellied Chachalaca_sound,78,129.504,72,train,D:\other\Bird\Code\data\kaggle_training_wav_cache_sp\Rufous-bellied Chachalaca_sound\Rufous-bellied Chachalaca13.wav,129.504,True,D:\other\Bird\Dataset\CC0\Rufous-bellied Chachalaca_sound\Rufous-bellied Chachalaca13.mp3
Rufous-bellied Chachalaca_sound/Rufous-bellied Chachalaca14,D:\other\Bird\Code\data\kaggle_training_wav_cache_sp\Rufous-bellied Chachalaca_sound\Rufous-bellied Chachalaca14.wav,Rufous-bellied Chachalaca_sound,78,13.936,72,train,D:\other\Bird\Code\data\kaggle_training_wav_cache_sp\Rufous-bellied Chachalaca_sound\Rufous-bellied Chachalaca14.wav,13.936,True,D:\other\Bird\Dataset\CC0\Rufous-bellied Chachalaca_sound\Rufous-bellied Chachalaca14.mp3
Rufous-bellied Chachalaca_sound/Rufous-bellied Chachalaca15,D:\other\Bird\Code\data\kaggle_training_wav_cache_sp\Rufous-bellied Chachalaca_sound\Rufous-bellied Chachalaca15.wav,Rufous-bellied Chachalaca_sound,78,39.12,72,train,D:\other\Bird\Code\data\kaggle_training_wav_cache_sp\Rufous-bellied Chachalaca_sound\Rufous-bellied Chachalaca15.wav,39.12,True,D:\other\Bird\Dataset\CC0\Rufous-bellied Chachalaca_sound\Rufous-bellied Chachalaca15.mp3
Rufous-bellied Chachalaca_sound/Rufous-bellied Chachalaca16,D:\other\Bird\Code\data\kaggle_training_wav_cache_sp\Rufous-bellied Chachalaca_sound\Rufous-bellied Chachalaca16.wav,Rufous-bellied Chachalaca_sound,78,53.024,72,train,D:\other\Bird\Code\data\kaggle_training_wav_cache_sp\Rufous-bellied Chachalaca_sound\Rufous-bellied Chachalaca16.wav,53.024,True,D:\other\Bird\Dataset\CC0\Rufous-bellied Chachalaca_sound\Rufous-bellied Chachalaca16.mp3
Rufous-bellied Chachalaca_sound/Rufous-bellied Chachalaca17,D:\other\Bird\Code\data\kaggle_training_wav_cache_sp\Rufous-bellied Chachalaca_sound\Rufous-bellied Chachalaca17.wav,Rufous-bellied Chachalaca_sound,78,53.024,72,test,D:\other\Bird\Code\data\kaggle_training_wav_cache_sp\Rufous-bellied Chachalaca_sound\Rufous-bellied Chachalaca17.wav,53.024,True,D:\other\Bird\Dataset\CC0\Rufous-bellied Chachalaca_sound\Rufous-bellied Chachalaca17.mp3
Rufous-bellied Chachalaca_sound/Rufous-bellied Chachalaca18,D:\other\Bird\Code\data\kaggle_training_wav_cache_sp\Rufous-bellied Chachalaca_sound\Rufous-bellied Chachalaca18.wav,Rufous-bellied Chachalaca_sound,78,53.024,72,train,D:\other\Bird\Code\data\kaggle_training_wav_cache_sp\Rufous-bellied Chachalaca_sound\Rufous-bellied Chachalaca18.wav,53.024,True,D:\other\Bird\Dataset\CC0\Rufous-bellied Chachalaca_sound\Rufous-bellied Chachalaca18.mp3
Rufous-bellied Chachalaca_sound/Rufous-bellied Chachalaca19,D:\other\Bird\Code\data\kaggle_training_wav_cache_sp\Rufous-bellied Chachalaca_sound\Rufous-bellied Chachalaca19.wav,Rufous-bellied Chachalaca_sound,78,53.024,72,train,D:\other\Bird\Code\data\kaggle_training_wav_cache_sp\Rufous-bellied Chachalaca_sound\Rufous-bellied Chachalaca19.wav,53.024,True,D:\other\Bird\Dataset\CC0\Rufous-bellied Chachalaca_sound\Rufous-bellied Chachalaca19.mp3
Rufous-bellied Chachalaca_sound/Rufous-bellied Chachalaca2,D:\other\Bird\Code\data\kaggle_training_wav_cache_sp\Rufous-bellied Chachalaca_sound\Rufous-bellied Chachalaca2.wav,Rufous-bellied Chachalaca_sound,78,27.07853125,72,test,D:\other\Bird\Code\data\kaggle_training_wav_cache_sp\Rufous-bellied Chachalaca_sound\Rufous-bellied Chachalaca2.wav,27.07853125,True,D:\other\Bird\Dataset\CC0\Rufous-bellied Chachalaca_sound\Rufous-bellied Chachalaca2.mp3
Rufous-bellied Chachalaca_sound/Rufous-bellied Chachalaca20,D:\other\Bird\Code\data\kaggle_training_wav_cache_sp\Rufous-bellied Chachalaca_sound\Rufous-bellied Chachalaca20.wav,Rufous-bellied Chachalaca_sound,78,19.76,72,train,D:\other\Bird\Code\data\kaggle_training_wav_cache_sp\Rufous-bellied Chachalaca_sound\Rufous-bellied Chachalaca20.wav,19.76,True,D:\other\Bird\Dataset\CC0\Rufous-bellied Chachalaca_sound\Rufous-bellied Chachalaca20.mp3
Rufous-bellied Chachalaca_sound/Rufous-bellied Chachalaca21,D:\other\Bird\Code\data\kaggle_training_wav_cache_sp\Rufous-bellied Chachalaca_sound\Rufous-bellied Chachalaca21.wav,Rufous-bellied Chachalaca_sound,78,19.76,72,train,D:\other\Bird\Code\data\kaggle_training_wav_cache_sp\Rufous-bellied Chachalaca_sound\Rufous-bellied Chachalaca21.wav,19.76,True,D:\other\Bird\Dataset\CC0\Rufous-bellied Chachalaca_sound\Rufous-bellied Chachalaca21.mp3
Rufous-bellied Chachalaca_sound/Rufous-bellied Chachalaca22,D:\other\Bird\Code\data\kaggle_training_wav_cache_sp\Rufous-bellied Chachalaca_sound\Rufous-bellied Chachalaca22.wav,Rufous-bellied Chachalaca_sound,78,31.936,72,test,D:\other\Bird\Code\data\kaggle_training_wav_cache_sp\Rufous-bellied Chachalaca_sound\Rufous-bellied Chachalaca22.wav,31.936,True,D:\other\Bird\Dataset\CC0\Rufous-bellied Chachalaca_sound\Rufous-bellied Chachalaca22.mp3
Rufous-bellied Chachalaca_sound/Rufous-bellied Chachalaca23,D:\other\Bird\Code\data\kaggle_training_wav_cache_sp\Rufous-bellied Chachalaca_sound\Rufous-bellied Chachalaca23.wav,Rufous-bellied Chachalaca_sound,78,21.328,72,train,D:\other\Bird\Code\data\kaggle_training_wav_cache_sp\Rufous-bellied Chachalaca_sound\Rufous-bellied Chachalaca23.wav,21.328,True,D:\other\Bird\Dataset\CC0\Rufous-bellied Chachalaca_sound\Rufous-bellied Chachalaca23.mp3
Rufous-bellied Chachalaca_sound/Rufous-bellied Chachalaca24,D:\other\Bird\Code\data\kaggle_training_wav_cache_sp\Rufous-bellied Chachalaca_sound\Rufous-bellied Chachalaca24.wav,Rufous-bellied Chachalaca_sound,78,24.32,72,train,D:\other\Bird\Code\data\kaggle_training_wav_cache_sp\Rufous-bellied Chachalaca_sound\Rufous-bellied Chachalaca24.wav,24.32,True,D:\other\Bird\Dataset\CC0\Rufous-bellied Chachalaca_sound\Rufous-bellied Chachalaca24.mp3
Rufous-bellied Chachalaca_sound/Rufous-bellied Chachalaca25,D:\other\Bird\Code\data\kaggle_training_wav_cache_sp\Rufous-bellied Chachalaca_sound\Rufous-bellied Chachalaca25.wav,Rufous-bellied Chachalaca_sound,78,24.32,72,train,D:\other\Bird\Code\data\kaggle_training_wav_cache_sp\Rufous-bellied Chachalaca_sound\Rufous-bellied Chachalaca25.wav,24.32,True,D:\other\Bird\Dataset\CC0\Rufous-bellied Chachalaca_sound\Rufous-bellied Chachalaca25.mp3
Rufous-bellied Chachalaca_sound/Rufous-bellied Chachalaca26,D:\other\Bird\Code\data\kaggle_training_wav_cache_sp\Rufous-bellied Chachalaca_sound\Rufous-bellied Chachalaca26.wav,Rufous-bellied Chachalaca_sound,78,10.528,72,train,D:\other\Bird\Code\data\kaggle_training_wav_cache_sp\Rufous-bellied Chachalaca_sound\Rufous-bellied Chachalaca26.wav,10.528,True,D:\other\Bird\Dataset\CC0\Rufous-bellied Chachalaca_sound\Rufous-bellied Chachalaca26.mp3
Rufous-bellied Chachalaca_sound/Rufous-bellied Chachalaca27,D:\other\Bird\Code\data\kaggle_training_wav_cache_sp\Rufous-bellied Chachalaca_sound\Rufous-bellied Chachalaca27.wav,Rufous-bellied Chachalaca_sound,78,18.32,72,train,D:\other\Bird\Code\data\kaggle_training_wav_cache_sp\Rufous-bellied Chachalaca_sound\Rufous-bellied Chachalaca27.wav,18.32,True,D:\other\Bird\Dataset\CC0\Rufous-bellied Chachalaca_sound\Rufous-bellied Chachalaca27.mp3
Rufous-bellied Chachalaca_sound/Rufous-bellied Chachalaca28,D:\other\Bird\Code\data\kaggle_training_wav_cache_sp\Rufous-bellied Chachalaca_sound\Rufous-bellied Chachalaca28.wav,Rufous-bellied Chachalaca_sound,78,11.94484375,72,train,D:\other\Bird\Code\data\kaggle_training_wav_cache_sp\Rufous-bellied Chachalaca_sound\Rufous-bellied Chachalaca28.wav,11.94484375,True,D:\other\Bird\Dataset\CC0\Rufous-bellied Chachalaca_sound\Rufous-bellied Chachalaca28.mp3
Rufous-bellied Chachalaca_sound/Rufous-bellied Chachalaca29,D:\other\Bird\Code\data\kaggle_training_wav_cache_sp\Rufous-bellied Chachalaca_sound\Rufous-bellied Chachalaca29.wav,Rufous-bellied Chachalaca_sound,78,11.94484375,72,val,D:\other\Bird\Code\data\kaggle_training_wav_cache_sp\Rufous-bellied Chachalaca_sound\Rufous-bellied Chachalaca29.wav,11.94484375,True,D:\other\Bird\Dataset\CC0\Rufous-bellied Chachalaca_sound\Rufous-bellied Chachalaca29.mp3
Rufous-bellied Chachalaca_sound/Rufous-bellied Chachalaca3,D:\other\Bird\Code\data\kaggle_training_wav_cache_sp\Rufous-bellied Chachalaca_sound\Rufous-bellied Chachalaca3.wav,Rufous-bellied Chachalaca_sound,78,27.07853125,72,val,D:\other\Bird\Code\data\kaggle_training_wav_cache_sp\Rufous-bellied Chachalaca_sound\Rufous-bellied Chachalaca3.wav,27.07853125,True,D:\other\Bird\Dataset\CC0\Rufous-bellied Chachalaca_sound\Rufous-bellied Chachalaca3.mp3
Rufous-bellied Chachalaca_sound/Rufous-bellied Chachalaca30,D:\other\Bird\Code\data\kaggle_training_wav_cache_sp\Rufous-bellied Chachalaca_sound\Rufous-bellied Chachalaca30.wav,Rufous-bellied Chachalaca_sound,78,65.566125,72,train,D:\other\Bird\Code\data\kaggle_training_wav_cache_sp\Rufous-bellied Chachalaca_sound\Rufous-bellied Chachalaca30.wav,65.566125,True,D:\other\Bird\Dataset\CC0\Rufous-bellied Chachalaca_sound\Rufous-bellied Chachalaca30.mp3
Rufous-bellied Chachalaca_sound/Rufous-bellied Chachalaca31,D:\other\Bird\Code\data\kaggle_training_wav_cache_sp\Rufous-bellied Chachalaca_sound\Rufous-bellied Chachalaca31.wav,Rufous-bellied Chachalaca_sound,78,71.04,72,train,D:\other\Bird\Code\data\kaggle_training_wav_cache_sp\Rufous-bellied Chachalaca_sound\Rufous-bellied Chachalaca31.wav,71.04,True,D:\other\Bird\Dataset\CC0\Rufous-bellied Chachalaca_sound\Rufous-bellied Chachalaca31.mp3
Rufous-bellied Chachalaca_sound/Rufous-bellied Chachalaca4,D:\other\Bird\Code\data\kaggle_training_wav_cache_sp\Rufous-bellied Chachalaca_sound\Rufous-bellied Chachalaca4.wav,Rufous-bellied Chachalaca_sound,78,94.576,72,train,D:\other\Bird\Code\data\kaggle_training_wav_cache_sp\Rufous-bellied Chachalaca_sound\Rufous-bellied Chachalaca4.wav,94.576,True,D:\other\Bird\Dataset\CC0\Rufous-bellied Chachalaca_sound\Rufous-bellied Chachalaca4.mp3
Rufous-bellied Chachalaca_sound/Rufous-bellied Chachalaca5,D:\other\Bird\Code\data\kaggle_training_wav_cache_sp\Rufous-bellied Chachalaca_sound\Rufous-bellied Chachalaca5.wav,Rufous-bellied Chachalaca_sound,78,77.088,72,train,D:\other\Bird\Code\data\kaggle_training_wav_cache_sp\Rufous-bellied Chachalaca_sound\Rufous-bellied Chachalaca5.wav,77.088,True,D:\other\Bird\Dataset\CC0\Rufous-bellied Chachalaca_sound\Rufous-bellied Chachalaca5.mp3
Rufous-bellied Chachalaca_sound/Rufous-bellied Chachalaca6,D:\other\Bird\Code\data\kaggle_training_wav_cache_sp\Rufous-bellied Chachalaca_sound\Rufous-bellied Chachalaca6.wav,Rufous-bellied Chachalaca_sound,78,110.288,72,train,D:\other\Bird\Code\data\kaggle_training_wav_cache_sp\Rufous-bellied Chachalaca_sound\Rufous-bellied Chachalaca6.wav,110.288,True,D:\other\Bird\Dataset\CC0\Rufous-bellied Chachalaca_sound\Rufous-bellied Chachalaca6.mp3
Rufous-bellied Chachalaca_sound/Rufous-bellied Chachalaca7,D:\other\Bird\Code\data\kaggle_training_wav_cache_sp\Rufous-bellied Chachalaca_sound\Rufous-bellied Chachalaca7.wav,Rufous-bellied Chachalaca_sound,78,108.768,72,val,D:\other\Bird\Code\data\kaggle_training_wav_cache_sp\Rufous-bellied Chachalaca_sound\Rufous-bellied Chachalaca7.wav,108.768,True,D:\other\Bird\Dataset\CC0\Rufous-bellied Chachalaca_sound\Rufous-bellied Chachalaca7.mp3
Rufous-bellied Chachalaca_sound/Rufous-bellied Chachalaca8,D:\other\Bird\Code\data\kaggle_training_wav_cache_sp\Rufous-bellied Chachalaca_sound\Rufous-bellied Chachalaca8.wav,Rufous-bellied Chachalaca_sound,78,178.272,72,train,D:\other\Bird\Code\data\kaggle_training_wav_cache_sp\Rufous-bellied Chachalaca_sound\Rufous-bellied Chachalaca8.wav,178.272,True,D:\other\Bird\Dataset\CC0\Rufous-bellied Chachalaca_sound\Rufous-bellied Chachalaca8.mp3
Rufous-bellied Chachalaca_sound/Rufous-bellied Chachalaca9,D:\other\Bird\Code\data\kaggle_training_wav_cache_sp\Rufous-bellied Chachalaca_sound\Rufous-bellied Chachalaca9.wav,Rufous-bellied Chachalaca_sound,78,59.552,72,val,D:\other\Bird\Code\data\kaggle_training_wav_cache_sp\Rufous-bellied Chachalaca_sound\Rufous-bellied Chachalaca9.wav,59.552,True,D:\other\Bird\Dataset\CC0\Rufous-bellied Chachalaca_sound\Rufous-bellied Chachalaca9.mp3
Rufous-headed Chachalaca_sound/Rufous-headed Chachalaca10,D:\other\Bird\Code\data\kaggle_training_wav_cache_sp\Rufous-headed Chachalaca_sound\Rufous-headed Chachalaca10.wav,Rufous-headed Chachalaca_sound,79,6.352,73,train,D:\other\Bird\Code\data\kaggle_training_wav_cache_sp\Rufous-headed Chachalaca_sound\Rufous-headed Chachalaca10.wav,6.352,True,D:\other\Bird\Dataset\CC0\Rufous-headed Chachalaca_sound\Rufous-headed Chachalaca10.mp3
Rufous-headed Chachalaca_sound/Rufous-headed Chachalaca11,D:\other\Bird\Code\data\kaggle_training_wav_cache_sp\Rufous-headed Chachalaca_sound\Rufous-headed Chachalaca11.wav,Rufous-headed Chachalaca_sound,79,6.352,73,test,D:\other\Bird\Code\data\kaggle_training_wav_cache_sp\Rufous-headed Chachalaca_sound\Rufous-headed Chachalaca11.wav,6.352,True,D:\other\Bird\Dataset\CC0\Rufous-headed Chachalaca_sound\Rufous-headed Chachalaca11.mp3
Rufous-headed Chachalaca_sound/Rufous-headed Chachalaca12,D:\other\Bird\Code\data\kaggle_training_wav_cache_sp\Rufous-headed Chachalaca_sound\Rufous-headed Chachalaca12.wav,Rufous-headed Chachalaca_sound,79,6.352,73,test,D:\other\Bird\Code\data\kaggle_training_wav_cache_sp\Rufous-headed Chachalaca_sound\Rufous-headed Chachalaca12.wav,6.352,True,D:\other\Bird\Dataset\CC0\Rufous-headed Chachalaca_sound\Rufous-headed Chachalaca12.mp3
Rufous-headed Chachalaca_sound/Rufous-headed Chachalaca13,D:\other\Bird\Code\data\kaggle_training_wav_cache_sp\Rufous-headed Chachalaca_sound\Rufous-headed Chachalaca13.wav,Rufous-headed Chachalaca_sound,79,6.352,73,train,D:\other\Bird\Code\data\kaggle_training_wav_cache_sp\Rufous-headed Chachalaca_sound\Rufous-headed Chachalaca13.wav,6.352,True,D:\other\Bird\Dataset\CC0\Rufous-headed Chachalaca_sound\Rufous-headed Chachalaca13.mp3
Rufous-headed Chachalaca_sound/Rufous-headed Chachalaca14,D:\other\Bird\Code\data\kaggle_training_wav_cache_sp\Rufous-headed Chachalaca_sound\Rufous-headed Chachalaca14.wav,Rufous-headed Chachalaca_sound,79,20.88,73,train,D:\other\Bird\Code\data\kaggle_training_wav_cache_sp\Rufous-headed Chachalaca_sound\Rufous-headed Chachalaca14.wav,20.88,True,D:\other\Bird\Dataset\CC0\Rufous-headed Chachalaca_sound\Rufous-headed Chachalaca14.mp3
Rufous-headed Chachalaca_sound/Rufous-headed Chachalaca15,D:\other\Bird\Code\data\kaggle_training_wav_cache_sp\Rufous-headed Chachalaca_sound\Rufous-headed Chachalaca15.wav,Rufous-headed Chachalaca_sound,79,15.28,73,train,D:\other\Bird\Code\data\kaggle_training_wav_cache_sp\Rufous-headed Chachalaca_sound\Rufous-headed Chachalaca15.wav,15.28,True,D:\other\Bird\Dataset\CC0\Rufous-headed Chachalaca_sound\Rufous-headed Chachalaca15.mp3
Rufous-headed Chachalaca_sound/Rufous-headed Chachalaca16,D:\other\Bird\Code\data\kaggle_training_wav_cache_sp\Rufous-headed Chachalaca_sound\Rufous-headed Chachalaca16.wav,Rufous-headed Chachalaca_sound,79,13.408,73,val,D:\other\Bird\Code\data\kaggle_training_wav_cache_sp\Rufous-headed Chachalaca_sound\Rufous-headed Chachalaca16.wav,13.408,True,D:\other\Bird\Dataset\CC0\Rufous-headed Chachalaca_sound\Rufous-headed Chachalaca16.mp3
Rufous-headed Chachalaca_sound/Rufous-headed Chachalaca17,D:\other\Bird\Code\data\kaggle_training_wav_cache_sp\Rufous-headed Chachalaca_sound\Rufous-headed Chachalaca17.wav,Rufous-headed Chachalaca_sound,79,20.016,73,test,D:\other\Bird\Code\data\kaggle_training_wav_cache_sp\Rufous-headed Chachalaca_sound\Rufous-headed Chachalaca17.wav,20.016,True,D:\other\Bird\Dataset\CC0\Rufous-headed Chachalaca_sound\Rufous-headed Chachalaca17.mp3
Rufous-headed Chachalaca_sound/Rufous-headed Chachalaca18,D:\other\Bird\Code\data\kaggle_training_wav_cache_sp\Rufous-headed Chachalaca_sound\Rufous-headed Chachalaca18.wav,Rufous-headed Chachalaca_sound,79,27.968,73,train,D:\other\Bird\Code\data\kaggle_training_wav_cache_sp\Rufous-headed Chachalaca_sound\Rufous-headed Chachalaca18.wav,27.968,True,D:\other\Bird\Dataset\CC0\Rufous-headed Chachalaca_sound\Rufous-headed Chachalaca18.mp3
Rufous-headed Chachalaca_sound/Rufous-headed Chachalaca19,D:\other\Bird\Code\data\kaggle_training_wav_cache_sp\Rufous-headed Chachalaca_sound\Rufous-headed Chachalaca19.wav,Rufous-headed Chachalaca_sound,79,95.872,73,train,D:\other\Bird\Code\data\kaggle_training_wav_cache_sp\Rufous-headed Chachalaca_sound\Rufous-headed Chachalaca19.wav,95.872,True,D:\other\Bird\Dataset\CC0\Rufous-headed Chachalaca_sound\Rufous-headed Chachalaca19.mp3
Rufous-headed Chachalaca_sound/Rufous-headed Chachalaca2,D:\other\Bird\Code\data\kaggle_training_wav_cache_sp\Rufous-headed Chachalaca_sound\Rufous-headed Chachalaca2.wav,Rufous-headed Chachalaca_sound,79,42.048,73,train,D:\other\Bird\Code\data\kaggle_training_wav_cache_sp\Rufous-headed Chachalaca_sound\Rufous-headed Chachalaca2.wav,42.048,True,D:\other\Bird\Dataset\CC0\Rufous-headed Chachalaca_sound\Rufous-headed Chachalaca2.mp3
Rufous-headed Chachalaca_sound/Rufous-headed Chachalaca20,D:\other\Bird\Code\data\kaggle_training_wav_cache_sp\Rufous-headed Chachalaca_sound\Rufous-headed Chachalaca20.wav,Rufous-headed Chachalaca_sound,79,64.256,73,val,D:\other\Bird\Code\data\kaggle_training_wav_cache_sp\Rufous-headed Chachalaca_sound\Rufous-headed Chachalaca20.wav,64.256,True,D:\other\Bird\Dataset\CC0\Rufous-headed Chachalaca_sound\Rufous-headed Chachalaca20.mp3
Rufous-headed Chachalaca_sound/Rufous-headed Chachalaca21,D:\other\Bird\Code\data\kaggle_training_wav_cache_sp\Rufous-headed Chachalaca_sound\Rufous-headed Chachalaca21.wav,Rufous-headed Chachalaca_sound,79,18.656,73,train,D:\other\Bird\Code\data\kaggle_training_wav_cache_sp\Rufous-headed Chachalaca_sound\Rufous-headed Chachalaca21.wav,18.656,True,D:\other\Bird\Dataset\CC0\Rufous-headed Chachalaca_sound\Rufous-headed Chachalaca21.mp3
Rufous-headed Chachalaca_sound/Rufous-headed Chachalaca22,D:\other\Bird\Code\data\kaggle_training_wav_cache_sp\Rufous-headed Chachalaca_sound\Rufous-headed Chachalaca22.wav,Rufous-headed Chachalaca_sound,79,75.696,73,train,D:\other\Bird\Code\data\kaggle_training_wav_cache_sp\Rufous-headed Chachalaca_sound\Rufous-headed Chachalaca22.wav,75.696,True,D:\other\Bird\Dataset\CC0\Rufous-headed Chachalaca_sound\Rufous-headed Chachalaca22.mp3
Rufous-headed Chachalaca_sound/Rufous-headed Chachalaca23,D:\other\Bird\Code\data\kaggle_training_wav_cache_sp\Rufous-headed Chachalaca_sound\Rufous-headed Chachalaca23.wav,Rufous-headed Chachalaca_sound,79,7.136,73,train,D:\other\Bird\Code\data\kaggle_training_wav_cache_sp\Rufous-headed Chachalaca_sound\Rufous-headed Chachalaca23.wav,7.136,True,D:\other\Bird\Dataset\CC0\Rufous-headed Chachalaca_sound\Rufous-headed Chachalaca23.mp3
Rufous-headed Chachalaca_sound/Rufous-headed Chachalaca24,D:\other\Bird\Code\data\kaggle_training_wav_cache_sp\Rufous-headed Chachalaca_sound\Rufous-headed Chachalaca24.wav,Rufous-headed Chachalaca_sound,79,7.136,73,train,D:\other\Bird\Code\data\kaggle_training_wav_cache_sp\Rufous-headed Chachalaca_sound\Rufous-headed Chachalaca24.wav,7.136,True,D:\other\Bird\Dataset\CC0\Rufous-headed Chachalaca_sound\Rufous-headed Chachalaca24.mp3
Rufous-headed Chachalaca_sound/Rufous-headed Chachalaca25,D:\other\Bird\Code\data\kaggle_training_wav_cache_sp\Rufous-headed Chachalaca_sound\Rufous-headed Chachalaca25.wav,Rufous-headed Chachalaca_sound,79,7.136,73,train,D:\other\Bird\Code\data\kaggle_training_wav_cache_sp\Rufous-headed Chachalaca_sound\Rufous-headed Chachalaca25.wav,7.136,True,D:\other\Bird\Dataset\CC0\Rufous-headed Chachalaca_sound\Rufous-headed Chachalaca25.mp3
Rufous-headed Chachalaca_sound/Rufous-headed Chachalaca26,D:\other\Bird\Code\data\kaggle_training_wav_cache_sp\Rufous-headed Chachalaca_sound\Rufous-headed Chachalaca26.wav,Rufous-headed Chachalaca_sound,79,7.312,73,train,D:\other\Bird\Code\data\kaggle_training_wav_cache_sp\Rufous-headed Chachalaca_sound\Rufous-headed Chachalaca26.wav,7.312,True,D:\other\Bird\Dataset\CC0\Rufous-headed Chachalaca_sound\Rufous-headed Chachalaca26.mp3
Rufous-headed Chachalaca_sound/Rufous-headed Chachalaca27,D:\other\Bird\Code\data\kaggle_training_wav_cache_sp\Rufous-headed Chachalaca_sound\Rufous-headed Chachalaca27.wav,Rufous-headed Chachalaca_sound,79,37.776,73,train,D:\other\Bird\Code\data\kaggle_training_wav_cache_sp\Rufous-headed Chachalaca_sound\Rufous-headed Chachalaca27.wav,37.776,True,D:\other\Bird\Dataset\CC0\Rufous-headed Chachalaca_sound\Rufous-headed Chachalaca27.mp3
Rufous-headed Chachalaca_sound/Rufous-headed Chachalaca28,D:\other\Bird\Code\data\kaggle_training_wav_cache_sp\Rufous-headed Chachalaca_sound\Rufous-headed Chachalaca28.wav,Rufous-headed Chachalaca_sound,79,57.27053125,73,train,D:\other\Bird\Code\data\kaggle_training_wav_cache_sp\Rufous-headed Chachalaca_sound\Rufous-headed Chachalaca28.wav,57.27053125,True,D:\other\Bird\Dataset\CC0\Rufous-headed Chachalaca_sound\Rufous-headed Chachalaca28.mp3
Rufous-headed Chachalaca_sound/Rufous-headed Chachalaca29,D:\other\Bird\Code\data\kaggle_training_wav_cache_sp\Rufous-headed Chachalaca_sound\Rufous-headed Chachalaca29.wav,Rufous-headed Chachalaca_sound,79,28.384,73,train,D:\other\Bird\Code\data\kaggle_training_wav_cache_sp\Rufous-headed Chachalaca_sound\Rufous-headed Chachalaca29.wav,28.384,True,D:\other\Bird\Dataset\CC0\Rufous-headed Chachalaca_sound\Rufous-headed Chachalaca29.mp3
Rufous-headed Chachalaca_sound/Rufous-headed Chachalaca3,D:\other\Bird\Code\data\kaggle_training_wav_cache_sp\Rufous-headed Chachalaca_sound\Rufous-headed Chachalaca3.wav,Rufous-headed Chachalaca_sound,79,42.048,73,val,D:\other\Bird\Code\data\kaggle_training_wav_cache_sp\Rufous-headed Chachalaca_sound\Rufous-headed Chachalaca3.wav,42.048,True,D:\other\Bird\Dataset\CC0\Rufous-headed Chachalaca_sound\Rufous-headed Chachalaca3.mp3
Rufous-headed Chachalaca_sound/Rufous-headed Chachalaca30,D:\other\Bird\Code\data\kaggle_training_wav_cache_sp\Rufous-headed Chachalaca_sound\Rufous-headed Chachalaca30.wav,Rufous-headed Chachalaca_sound,79,28.384,73,test,D:\other\Bird\Code\data\kaggle_training_wav_cache_sp\Rufous-headed Chachalaca_sound\Rufous-headed Chachalaca30.wav,28.384,True,D:\other\Bird\Dataset\CC0\Rufous-headed Chachalaca_sound\Rufous-headed Chachalaca30.mp3
Rufous-headed Chachalaca_sound/Rufous-headed Chachalaca31,D:\other\Bird\Code\data\kaggle_training_wav_cache_sp\Rufous-headed Chachalaca_sound\Rufous-headed Chachalaca31.wav,Rufous-headed Chachalaca_sound,79,27.07853125,73,train,D:\other\Bird\Code\data\kaggle_training_wav_cache_sp\Rufous-headed Chachalaca_sound\Rufous-headed Chachalaca31.wav,27.07853125,True,D:\other\Bird\Dataset\CC0\Rufous-headed Chachalaca_sound\Rufous-headed Chachalaca31.mp3
Rufous-headed Chachalaca_sound/Rufous-headed Chachalaca4,D:\other\Bird\Code\data\kaggle_training_wav_cache_sp\Rufous-headed Chachalaca_sound\Rufous-headed Chachalaca4.wav,Rufous-headed Chachalaca_sound,79,42.048,73,train,D:\other\Bird\Code\data\kaggle_training_wav_cache_sp\Rufous-headed Chachalaca_sound\Rufous-headed Chachalaca4.wav,42.048,True,D:\other\Bird\Dataset\CC0\Rufous-headed Chachalaca_sound\Rufous-headed Chachalaca4.mp3
Rufous-headed Chachalaca_sound/Rufous-headed Chachalaca5,D:\other\Bird\Code\data\kaggle_training_wav_cache_sp\Rufous-headed Chachalaca_sound\Rufous-headed Chachalaca5.wav,Rufous-headed Chachalaca_sound,79,42.048,73,train,D:\other\Bird\Code\data\kaggle_training_wav_cache_sp\Rufous-headed Chachalaca_sound\Rufous-headed Chachalaca5.wav,42.048,True,D:\other\Bird\Dataset\CC0\Rufous-headed Chachalaca_sound\Rufous-headed Chachalaca5.mp3
Rufous-headed Chachalaca_sound/Rufous-headed Chachalaca6,D:\other\Bird\Code\data\kaggle_training_wav_cache_sp\Rufous-headed Chachalaca_sound\Rufous-headed Chachalaca6.wav,Rufous-headed Chachalaca_sound,79,28.92034375,73,train,D:\other\Bird\Code\data\kaggle_training_wav_cache_sp\Rufous-headed Chachalaca_sound\Rufous-headed Chachalaca6.wav,28.92034375,True,D:\other\Bird\Dataset\CC0\Rufous-headed Chachalaca_sound\Rufous-headed Chachalaca6.mp3
Rufous-headed Chachalaca_sound/Rufous-headed Chachalaca7,D:\other\Bird\Code\data\kaggle_training_wav_cache_sp\Rufous-headed Chachalaca_sound\Rufous-headed Chachalaca7.wav,Rufous-headed Chachalaca_sound,79,6.352,73,train,D:\other\Bird\Code\data\kaggle_training_wav_cache_sp\Rufous-headed Chachalaca_sound\Rufous-headed Chachalaca7.wav,6.352,True,D:\other\Bird\Dataset\CC0\Rufous-headed Chachalaca_sound\Rufous-headed Chachalaca7.mp3
Rufous-headed Chachalaca_sound/Rufous-headed Chachalaca8,D:\other\Bird\Code\data\kaggle_training_wav_cache_sp\Rufous-headed Chachalaca_sound\Rufous-headed Chachalaca8.wav,Rufous-headed Chachalaca_sound,79,6.352,73,train,D:\other\Bird\Code\data\kaggle_training_wav_cache_sp\Rufous-headed Chachalaca_sound\Rufous-headed Chachalaca8.wav,6.352,True,D:\other\Bird\Dataset\CC0\Rufous-headed Chachalaca_sound\Rufous-headed Chachalaca8.mp3
Rufous-headed Chachalaca_sound/Rufous-headed Chachalaca9,D:\other\Bird\Code\data\kaggle_training_wav_cache_sp\Rufous-headed Chachalaca_sound\Rufous-headed Chachalaca9.wav,Rufous-headed Chachalaca_sound,79,6.352,73,val,D:\other\Bird\Code\data\kaggle_training_wav_cache_sp\Rufous-headed Chachalaca_sound\Rufous-headed Chachalaca9.wav,6.352,True,D:\other\Bird\Dataset\CC0\Rufous-headed Chachalaca_sound\Rufous-headed Chachalaca9.mp3
Rufous-vented Chachalaca_sound/Rufous-vented Chachalaca10,D:\other\Bird\Code\data\kaggle_training_wav_cache_sp\Rufous-vented Chachalaca_sound\Rufous-vented Chachalaca10.wav,Rufous-vented Chachalaca_sound,80,6.992,74,val,D:\other\Bird\Code\data\kaggle_training_wav_cache_sp\Rufous-vented Chachalaca_sound\Rufous-vented Chachalaca10.wav,6.992,True,D:\other\Bird\Dataset\CC0\Rufous-vented Chachalaca_sound\Rufous-vented Chachalaca10.mp3
Rufous-vented Chachalaca_sound/Rufous-vented Chachalaca11,D:\other\Bird\Code\data\kaggle_training_wav_cache_sp\Rufous-vented Chachalaca_sound\Rufous-vented Chachalaca11.wav,Rufous-vented Chachalaca_sound,80,6.992,74,train,D:\other\Bird\Code\data\kaggle_training_wav_cache_sp\Rufous-vented Chachalaca_sound\Rufous-vented Chachalaca11.wav,6.992,True,D:\other\Bird\Dataset\CC0\Rufous-vented Chachalaca_sound\Rufous-vented Chachalaca11.mp3
Rufous-vented Chachalaca_sound/Rufous-vented Chachalaca12,D:\other\Bird\Code\data\kaggle_training_wav_cache_sp\Rufous-vented Chachalaca_sound\Rufous-vented Chachalaca12.wav,Rufous-vented Chachalaca_sound,80,6.992,74,train,D:\other\Bird\Code\data\kaggle_training_wav_cache_sp\Rufous-vented Chachalaca_sound\Rufous-vented Chachalaca12.wav,6.992,True,D:\other\Bird\Dataset\CC0\Rufous-vented Chachalaca_sound\Rufous-vented Chachalaca12.mp3
Rufous-vented Chachalaca_sound/Rufous-vented Chachalaca13,D:\other\Bird\Code\data\kaggle_training_wav_cache_sp\Rufous-vented Chachalaca_sound\Rufous-vented Chachalaca13.wav,Rufous-vented Chachalaca_sound,80,6.992,74,val,D:\other\Bird\Code\data\kaggle_training_wav_cache_sp\Rufous-vented Chachalaca_sound\Rufous-vented Chachalaca13.wav,6.992,True,D:\other\Bird\Dataset\CC0\Rufous-vented Chachalaca_sound\Rufous-vented Chachalaca13.mp3
Rufous-vented Chachalaca_sound/Rufous-vented Chachalaca14,D:\other\Bird\Code\data\kaggle_training_wav_cache_sp\Rufous-vented Chachalaca_sound\Rufous-vented Chachalaca14.wav,Rufous-vented Chachalaca_sound,80,6.992,74,test,D:\other\Bird\Code\data\kaggle_training_wav_cache_sp\Rufous-vented Chachalaca_sound\Rufous-vented Chachalaca14.wav,6.992,True,D:\other\Bird\Dataset\CC0\Rufous-vented Chachalaca_sound\Rufous-vented Chachalaca14.mp3
Rufous-vented Chachalaca_sound/Rufous-vented Chachalaca15,D:\other\Bird\Code\data\kaggle_training_wav_cache_sp\Rufous-vented Chachalaca_sound\Rufous-vented Chachalaca15.wav,Rufous-vented Chachalaca_sound,80,61.968,74,train,D:\other\Bird\Code\data\kaggle_training_wav_cache_sp\Rufous-vented Chachalaca_sound\Rufous-vented Chachalaca15.wav,61.968,True,D:\other\Bird\Dataset\CC0\Rufous-vented Chachalaca_sound\Rufous-vented Chachalaca15.mp3
Rufous-vented Chachalaca_sound/Rufous-vented Chachalaca16,D:\other\Bird\Code\data\kaggle_training_wav_cache_sp\Rufous-vented Chachalaca_sound\Rufous-vented Chachalaca16.wav,Rufous-vented Chachalaca_sound,80,87.751875,74,train,D:\other\Bird\Code\data\kaggle_training_wav_cache_sp\Rufous-vented Chachalaca_sound\Rufous-vented Chachalaca16.wav,87.751875,True,D:\other\Bird\Dataset\CC0\Rufous-vented Chachalaca_sound\Rufous-vented Chachalaca16.mp3
Rufous-vented Chachalaca_sound/Rufous-vented Chachalaca17,D:\other\Bird\Code\data\kaggle_training_wav_cache_sp\Rufous-vented Chachalaca_sound\Rufous-vented Chachalaca17.wav,Rufous-vented Chachalaca_sound,80,84.432,74,train,D:\other\Bird\Code\data\kaggle_training_wav_cache_sp\Rufous-vented Chachalaca_sound\Rufous-vented Chachalaca17.wav,84.432,True,D:\other\Bird\Dataset\CC0\Rufous-vented Chachalaca_sound\Rufous-vented Chachalaca17.mp3
Rufous-vented Chachalaca_sound/Rufous-vented Chachalaca18,D:\other\Bird\Code\data\kaggle_training_wav_cache_sp\Rufous-vented Chachalaca_sound\Rufous-vented Chachalaca18.wav,Rufous-vented Chachalaca_sound,80,84.432,74,train,D:\other\Bird\Code\data\kaggle_training_wav_cache_sp\Rufous-vented Chachalaca_sound\Rufous-vented Chachalaca18.wav,84.432,True,D:\other\Bird\Dataset\CC0\Rufous-vented Chachalaca_sound\Rufous-vented Chachalaca18.mp3
Rufous-vented Chachalaca_sound/Rufous-vented Chachalaca19,D:\other\Bird\Code\data\kaggle_training_wav_cache_sp\Rufous-vented Chachalaca_sound\Rufous-vented Chachalaca19.wav,Rufous-vented Chachalaca_sound,80,84.432,74,val,D:\other\Bird\Code\data\kaggle_training_wav_cache_sp\Rufous-vented Chachalaca_sound\Rufous-vented Chachalaca19.wav,84.432,True,D:\other\Bird\Dataset\CC0\Rufous-vented Chachalaca_sound\Rufous-vented Chachalaca19.mp3
Rufous-vented Chachalaca_sound/Rufous-vented Chachalaca20,D:\other\Bird\Code\data\kaggle_training_wav_cache_sp\Rufous-vented Chachalaca_sound\Rufous-vented Chachalaca20.wav,Rufous-vented Chachalaca_sound,80,34.064,74,train,D:\other\Bird\Code\data\kaggle_training_wav_cache_sp\Rufous-vented Chachalaca_sound\Rufous-vented Chachalaca20.wav,34.064,True,D:\other\Bird\Dataset\CC0\Rufous-vented Chachalaca_sound\Rufous-vented Chachalaca20.mp3
Rufous-vented Chachalaca_sound/Rufous-vented Chachalaca21,D:\other\Bird\Code\data\kaggle_training_wav_cache_sp\Rufous-vented Chachalaca_sound\Rufous-vented Chachalaca21.wav,Rufous-vented Chachalaca_sound,80,44.272,74,train,D:\other\Bird\Code\data\kaggle_training_wav_cache_sp\Rufous-vented Chachalaca_sound\Rufous-vented Chachalaca21.wav,44.272,True,D:\other\Bird\Dataset\CC0\Rufous-vented Chachalaca_sound\Rufous-vented Chachalaca21.mp3
Rufous-vented Chachalaca_sound/Rufous-vented Chachalaca22,D:\other\Bird\Code\data\kaggle_training_wav_cache_sp\Rufous-vented Chachalaca_sound\Rufous-vented Chachalaca22.wav,Rufous-vented Chachalaca_sound,80,44.272,74,train,D:\other\Bird\Code\data\kaggle_training_wav_cache_sp\Rufous-vented Chachalaca_sound\Rufous-vented Chachalaca22.wav,44.272,True,D:\other\Bird\Dataset\CC0\Rufous-vented Chachalaca_sound\Rufous-vented Chachalaca22.mp3
Rufous-vented Chachalaca_sound/Rufous-vented Chachalaca23,D:\other\Bird\Code\data\kaggle_training_wav_cache_sp\Rufous-vented Chachalaca_sound\Rufous-vented Chachalaca23.wav,Rufous-vented Chachalaca_sound,80,120.552,74,val,D:\other\Bird\Code\data\kaggle_training_wav_cache_sp\Rufous-vented Chachalaca_sound\Rufous-vented Chachalaca23.wav,120.552,True,D:\other\Bird\Dataset\CC0\Rufous-vented Chachalaca_sound\Rufous-vented Chachalaca23.mp3
Rufous-vented Chachalaca_sound/Rufous-vented Chachalaca24,D:\other\Bird\Code\data\kaggle_training_wav_cache_sp\Rufous-vented Chachalaca_sound\Rufous-vented Chachalaca24.wav,Rufous-vented Chachalaca_sound,80,24.112,74,train,D:\other\Bird\Code\data\kaggle_training_wav_cache_sp\Rufous-vented Chachalaca_sound\Rufous-vented Chachalaca24.wav,24.112,True,D:\other\Bird\Dataset\CC0\Rufous-vented Chachalaca_sound\Rufous-vented Chachalaca24.mp3
Rufous-vented Chachalaca_sound/Rufous-vented Chachalaca25,D:\other\Bird\Code\data\kaggle_training_wav_cache_sp\Rufous-vented Chachalaca_sound\Rufous-vented Chachalaca25.wav,Rufous-vented Chachalaca_sound,80,24.112,74,test,D:\other\Bird\Code\data\kaggle_training_wav_cache_sp\Rufous-vented Chachalaca_sound\Rufous-vented Chachalaca25.wav,24.112,True,D:\other\Bird\Dataset\CC0\Rufous-vented Chachalaca_sound\Rufous-vented Chachalaca25.mp3
Rufous-vented Chachalaca_sound/Rufous-vented Chachalaca26,D:\other\Bird\Code\data\kaggle_training_wav_cache_sp\Rufous-vented Chachalaca_sound\Rufous-vented Chachalaca26.wav,Rufous-vented Chachalaca_sound,80,20.14421875,74,train,D:\other\Bird\Code\data\kaggle_training_wav_cache_sp\Rufous-vented Chachalaca_sound\Rufous-vented Chachalaca26.wav,20.14421875,True,D:\other\Bird\Dataset\CC0\Rufous-vented Chachalaca_sound\Rufous-vented Chachalaca26.mp3
Rufous-vented Chachalaca_sound/Rufous-vented Chachalaca27,D:\other\Bird\Code\data\kaggle_training_wav_cache_sp\Rufous-vented Chachalaca_sound\Rufous-vented Chachalaca27.wav,Rufous-vented Chachalaca_sound,80,14.82109375,74,train,D:\other\Bird\Code\data\kaggle_training_wav_cache_sp\Rufous-vented Chachalaca_sound\Rufous-vented Chachalaca27.wav,14.82109375,True,D:\other\Bird\Dataset\CC0\Rufous-vented Chachalaca_sound\Rufous-vented Chachalaca27.mp3
Rufous-vented Chachalaca_sound/Rufous-vented Chachalaca29,D:\other\Bird\Code\data\kaggle_training_wav_cache_sp\Rufous-vented Chachalaca_sound\Rufous-vented Chachalaca29.wav,Rufous-vented Chachalaca_sound,80,9.17090625,74,train,D:\other\Bird\Code\data\kaggle_training_wav_cache_sp\Rufous-vented Chachalaca_sound\Rufous-vented Chachalaca29.wav,9.17090625,True,D:\other\Bird\Dataset\CC0\Rufous-vented Chachalaca_sound\Rufous-vented Chachalaca29.mp3
Rufous-vented Chachalaca_sound/Rufous-vented Chachalaca30,D:\other\Bird\Code\data\kaggle_training_wav_cache_sp\Rufous-vented Chachalaca_sound\Rufous-vented Chachalaca30.wav,Rufous-vented Chachalaca_sound,80,9.17090625,74,train,D:\other\Bird\Code\data\kaggle_training_wav_cache_sp\Rufous-vented Chachalaca_sound\Rufous-vented Chachalaca30.wav,9.17090625,True,D:\other\Bird\Dataset\CC0\Rufous-vented Chachalaca_sound\Rufous-vented Chachalaca30.mp3
Rufous-vented Chachalaca_sound/Rufous-vented Chachalaca31,D:\other\Bird\Code\data\kaggle_training_wav_cache_sp\Rufous-vented Chachalaca_sound\Rufous-vented Chachalaca31.wav,Rufous-vented Chachalaca_sound,80,9.17090625,74,train,D:\other\Bird\Code\data\kaggle_training_wav_cache_sp\Rufous-vented Chachalaca_sound\Rufous-vented Chachalaca31.wav,9.17090625,True,D:\other\Bird\Dataset\CC0\Rufous-vented Chachalaca_sound\Rufous-vented Chachalaca31.mp3
Rufous-vented Chachalaca_sound/Rufous-vented Chachalaca4,D:\other\Bird\Code\data\kaggle_training_wav_cache_sp\Rufous-vented Chachalaca_sound\Rufous-vented Chachalaca4.wav,Rufous-vented Chachalaca_sound,80,205.888,74,test,D:\other\Bird\Code\data\kaggle_training_wav_cache_sp\Rufous-vented Chachalaca_sound\Rufous-vented Chachalaca4.wav,205.888,True,D:\other\Bird\Dataset\CC0\Rufous-vented Chachalaca_sound\Rufous-vented Chachalaca4.mp3
Rufous-vented Chachalaca_sound/Rufous-vented Chachalaca5,D:\other\Bird\Code\data\kaggle_training_wav_cache_sp\Rufous-vented Chachalaca_sound\Rufous-vented Chachalaca5.wav,Rufous-vented Chachalaca_sound,80,63.76,74,train,D:\other\Bird\Code\data\kaggle_training_wav_cache_sp\Rufous-vented Chachalaca_sound\Rufous-vented Chachalaca5.wav,63.76,True,D:\other\Bird\Dataset\CC0\Rufous-vented Chachalaca_sound\Rufous-vented Chachalaca5.mp3
Rufous-vented Chachalaca_sound/Rufous-vented Chachalaca6,D:\other\Bird\Code\data\kaggle_training_wav_cache_sp\Rufous-vented Chachalaca_sound\Rufous-vented Chachalaca6.wav,Rufous-vented Chachalaca_sound,80,63.76,74,test,D:\other\Bird\Code\data\kaggle_training_wav_cache_sp\Rufous-vented Chachalaca_sound\Rufous-vented Chachalaca6.wav,63.76,True,D:\other\Bird\Dataset\CC0\Rufous-vented Chachalaca_sound\Rufous-vented Chachalaca6.mp3
Rufous-vented Chachalaca_sound/Rufous-vented Chachalaca7,D:\other\Bird\Code\data\kaggle_training_wav_cache_sp\Rufous-vented Chachalaca_sound\Rufous-vented Chachalaca7.wav,Rufous-vented Chachalaca_sound,80,63.76,74,train,D:\other\Bird\Code\data\kaggle_training_wav_cache_sp\Rufous-vented Chachalaca_sound\Rufous-vented Chachalaca7.wav,63.76,True,D:\other\Bird\Dataset\CC0\Rufous-vented Chachalaca_sound\Rufous-vented Chachalaca7.mp3
Rufous-vented Chachalaca_sound/Rufous-vented Chachalaca8,D:\other\Bird\Code\data\kaggle_training_wav_cache_sp\Rufous-vented Chachalaca_sound\Rufous-vented Chachalaca8.wav,Rufous-vented Chachalaca_sound,80,14.608,74,train,D:\other\Bird\Code\data\kaggle_training_wav_cache_sp\Rufous-vented Chachalaca_sound\Rufous-vented Chachalaca8.wav,14.608,True,D:\other\Bird\Dataset\CC0\Rufous-vented Chachalaca_sound\Rufous-vented Chachalaca8.mp3
Rufous-vented Chachalaca_sound/Rufous-vented Chachalaca9,D:\other\Bird\Code\data\kaggle_training_wav_cache_sp\Rufous-vented Chachalaca_sound\Rufous-vented Chachalaca9.wav,Rufous-vented Chachalaca_sound,80,6.992,74,train,D:\other\Bird\Code\data\kaggle_training_wav_cache_sp\Rufous-vented Chachalaca_sound\Rufous-vented Chachalaca9.wav,6.992,True,D:\other\Bird\Dataset\CC0\Rufous-vented Chachalaca_sound\Rufous-vented Chachalaca9.mp3
Rusty Tinamou_sound/Rusty Tinamou10,D:\other\Bird\Code\data\kaggle_training_wav_cache_sp\Rusty Tinamou_sound\Rusty Tinamou10.wav,Rusty Tinamou_sound,81,8.8775625,75,test,D:\other\Bird\Code\data\kaggle_training_wav_cache_sp\Rusty Tinamou_sound\Rusty Tinamou10.wav,8.8775625,True,D:\other\Bird\Dataset\CC0\Rusty Tinamou_sound\Rusty Tinamou10.mp3
Rusty Tinamou_sound/Rusty Tinamou11,D:\other\Bird\Code\data\kaggle_training_wav_cache_sp\Rusty Tinamou_sound\Rusty Tinamou11.wav,Rusty Tinamou_sound,81,8.8775625,75,train,D:\other\Bird\Code\data\kaggle_training_wav_cache_sp\Rusty Tinamou_sound\Rusty Tinamou11.wav,8.8775625,True,D:\other\Bird\Dataset\CC0\Rusty Tinamou_sound\Rusty Tinamou11.mp3
Rusty Tinamou_sound/Rusty Tinamou12,D:\other\Bird\Code\data\kaggle_training_wav_cache_sp\Rusty Tinamou_sound\Rusty Tinamou12.wav,Rusty Tinamou_sound,81,25.3991875,75,train,D:\other\Bird\Code\data\kaggle_training_wav_cache_sp\Rusty Tinamou_sound\Rusty Tinamou12.wav,25.3991875,True,D:\other\Bird\Dataset\CC0\Rusty Tinamou_sound\Rusty Tinamou12.mp3
Rusty Tinamou_sound/Rusty Tinamou13,D:\other\Bird\Code\data\kaggle_training_wav_cache_sp\Rusty Tinamou_sound\Rusty Tinamou13.wav,Rusty Tinamou_sound,81,25.3991875,75,train,D:\other\Bird\Code\data\kaggle_training_wav_cache_sp\Rusty Tinamou_sound\Rusty Tinamou13.wav,25.3991875,True,D:\other\Bird\Dataset\CC0\Rusty Tinamou_sound\Rusty Tinamou13.mp3
Rusty Tinamou_sound/Rusty Tinamou14,D:\other\Bird\Code\data\kaggle_training_wav_cache_sp\Rusty Tinamou_sound\Rusty Tinamou14.wav,Rusty Tinamou_sound,81,25.3991875,75,test,D:\other\Bird\Code\data\kaggle_training_wav_cache_sp\Rusty Tinamou_sound\Rusty Tinamou14.wav,25.3991875,True,D:\other\Bird\Dataset\CC0\Rusty Tinamou_sound\Rusty Tinamou14.mp3
Rusty Tinamou_sound/Rusty Tinamou2,D:\other\Bird\Code\data\kaggle_training_wav_cache_sp\Rusty Tinamou_sound\Rusty Tinamou2.wav,Rusty Tinamou_sound,81,8.608,75,train,D:\other\Bird\Code\data\kaggle_training_wav_cache_sp\Rusty Tinamou_sound\Rusty Tinamou2.wav,8.608,True,D:\other\Bird\Dataset\CC0\Rusty Tinamou_sound\Rusty Tinamou2.mp3
Rusty Tinamou_sound/Rusty Tinamou3,D:\other\Bird\Code\data\kaggle_training_wav_cache_sp\Rusty Tinamou_sound\Rusty Tinamou3.wav,Rusty Tinamou_sound,81,14.04846875,75,train,D:\other\Bird\Code\data\kaggle_training_wav_cache_sp\Rusty Tinamou_sound\Rusty Tinamou3.wav,14.04846875,True,D:\other\Bird\Dataset\CC0\Rusty Tinamou_sound\Rusty Tinamou3.mp3
Rusty Tinamou_sound/Rusty Tinamou4,D:\other\Bird\Code\data\kaggle_training_wav_cache_sp\Rusty Tinamou_sound\Rusty Tinamou4.wav,Rusty Tinamou_sound,81,34.170125,75,train,D:\other\Bird\Code\data\kaggle_training_wav_cache_sp\Rusty Tinamou_sound\Rusty Tinamou4.wav,34.170125,True,D:\other\Bird\Dataset\CC0\Rusty Tinamou_sound\Rusty Tinamou4.mp3
Rusty Tinamou_sound/Rusty Tinamou5,D:\other\Bird\Code\data\kaggle_training_wav_cache_sp\Rusty Tinamou_sound\Rusty Tinamou5.wav,Rusty Tinamou_sound,81,73.837625,75,train,D:\other\Bird\Code\data\kaggle_training_wav_cache_sp\Rusty Tinamou_sound\Rusty Tinamou5.wav,73.837625,True,D:\other\Bird\Dataset\CC0\Rusty Tinamou_sound\Rusty Tinamou5.mp3
Rusty Tinamou_sound/Rusty Tinamou6,D:\other\Bird\Code\data\kaggle_training_wav_cache_sp\Rusty Tinamou_sound\Rusty Tinamou6.wav,Rusty Tinamou_sound,81,31.376,75,val,D:\other\Bird\Code\data\kaggle_training_wav_cache_sp\Rusty Tinamou_sound\Rusty Tinamou6.wav,31.376,True,D:\other\Bird\Dataset\CC0\Rusty Tinamou_sound\Rusty Tinamou6.mp3
Rusty Tinamou_sound/Rusty Tinamou7,D:\other\Bird\Code\data\kaggle_training_wav_cache_sp\Rusty Tinamou_sound\Rusty Tinamou7.wav,Rusty Tinamou_sound,81,23.808,75,train,D:\other\Bird\Code\data\kaggle_training_wav_cache_sp\Rusty Tinamou_sound\Rusty Tinamou7.wav,23.808,True,D:\other\Bird\Dataset\CC0\Rusty Tinamou_sound\Rusty Tinamou7.mp3
Rusty Tinamou_sound/Rusty Tinamou8,D:\other\Bird\Code\data\kaggle_training_wav_cache_sp\Rusty Tinamou_sound\Rusty Tinamou8.wav,Rusty Tinamou_sound,81,18.304,75,val,D:\other\Bird\Code\data\kaggle_training_wav_cache_sp\Rusty Tinamou_sound\Rusty Tinamou8.wav,18.304,True,D:\other\Bird\Dataset\CC0\Rusty Tinamou_sound\Rusty Tinamou8.mp3
Rusty Tinamou_sound/Rusty Tinamou9,D:\other\Bird\Code\data\kaggle_training_wav_cache_sp\Rusty Tinamou_sound\Rusty Tinamou9.wav,Rusty Tinamou_sound,81,6.912,75,train,D:\other\Bird\Code\data\kaggle_training_wav_cache_sp\Rusty Tinamou_sound\Rusty Tinamou9.wav,6.912,True,D:\other\Bird\Dataset\CC0\Rusty Tinamou_sound\Rusty Tinamou9.mp3
Rusty-margined Guan_sound/Rusty-margined Guan10,D:\other\Bird\Code\data\kaggle_training_wav_cache_sp\Rusty-margined Guan_sound\Rusty-margined Guan10.wav,Rusty-margined Guan_sound,82,40.3591875,76,train,D:\other\Bird\Code\data\kaggle_training_wav_cache_sp\Rusty-margined Guan_sound\Rusty-margined Guan10.wav,40.3591875,True,D:\other\Bird\Dataset\CC0\Rusty-margined Guan_sound\Rusty-margined Guan10.mp3
Rusty-margined Guan_sound/Rusty-margined Guan11,D:\other\Bird\Code\data\kaggle_training_wav_cache_sp\Rusty-margined Guan_sound\Rusty-margined Guan11.wav,Rusty-margined Guan_sound,82,100.88,76,train,D:\other\Bird\Code\data\kaggle_training_wav_cache_sp\Rusty-margined Guan_sound\Rusty-margined Guan11.wav,100.88,True,D:\other\Bird\Dataset\CC0\Rusty-margined Guan_sound\Rusty-margined Guan11.mp3
Rusty-margined Guan_sound/Rusty-margined Guan12,D:\other\Bird\Code\data\kaggle_training_wav_cache_sp\Rusty-margined Guan_sound\Rusty-margined Guan12.wav,Rusty-margined Guan_sound,82,15.958875,76,train,D:\other\Bird\Code\data\kaggle_training_wav_cache_sp\Rusty-margined Guan_sound\Rusty-margined Guan12.wav,15.958875,True,D:\other\Bird\Dataset\CC0\Rusty-margined Guan_sound\Rusty-margined Guan12.mp3
Rusty-margined Guan_sound/Rusty-margined Guan13,D:\other\Bird\Code\data\kaggle_training_wav_cache_sp\Rusty-margined Guan_sound\Rusty-margined Guan13.wav,Rusty-margined Guan_sound,82,15.958875,76,val,D:\other\Bird\Code\data\kaggle_training_wav_cache_sp\Rusty-margined Guan_sound\Rusty-margined Guan13.wav,15.958875,True,D:\other\Bird\Dataset\CC0\Rusty-margined Guan_sound\Rusty-margined Guan13.mp3
Rusty-margined Guan_sound/Rusty-margined Guan14,D:\other\Bird\Code\data\kaggle_training_wav_cache_sp\Rusty-margined Guan_sound\Rusty-margined Guan14.wav,Rusty-margined Guan_sound,82,13.8955625,76,train,D:\other\Bird\Code\data\kaggle_training_wav_cache_sp\Rusty-margined Guan_sound\Rusty-margined Guan14.wav,13.8955625,True,D:\other\Bird\Dataset\CC0\Rusty-margined Guan_sound\Rusty-margined Guan14.mp3
Rusty-margined Guan_sound/Rusty-margined Guan15,D:\other\Bird\Code\data\kaggle_training_wav_cache_sp\Rusty-margined Guan_sound\Rusty-margined Guan15.wav,Rusty-margined Guan_sound,82,13.8955625,76,train,D:\other\Bird\Code\data\kaggle_training_wav_cache_sp\Rusty-margined Guan_sound\Rusty-margined Guan15.wav,13.8955625,True,D:\other\Bird\Dataset\CC0\Rusty-margined Guan_sound\Rusty-margined Guan15.mp3
Rusty-margined Guan_sound/Rusty-margined Guan16,D:\other\Bird\Code\data\kaggle_training_wav_cache_sp\Rusty-margined Guan_sound\Rusty-margined Guan16.wav,Rusty-margined Guan_sound,82,38.09903125,76,train,D:\other\Bird\Code\data\kaggle_training_wav_cache_sp\Rusty-margined Guan_sound\Rusty-margined Guan16.wav,38.09903125,True,D:\other\Bird\Dataset\CC0\Rusty-margined Guan_sound\Rusty-margined Guan16.mp3
Rusty-margined Guan_sound/Rusty-margined Guan17,D:\other\Bird\Code\data\kaggle_training_wav_cache_sp\Rusty-margined Guan_sound\Rusty-margined Guan17.wav,Rusty-margined Guan_sound,82,68.44071875,76,train,D:\other\Bird\Code\data\kaggle_training_wav_cache_sp\Rusty-margined Guan_sound\Rusty-margined Guan17.wav,68.44071875,True,D:\other\Bird\Dataset\CC0\Rusty-margined Guan_sound\Rusty-margined Guan17.mp3
Rusty-margined Guan_sound/Rusty-margined Guan18,D:\other\Bird\Code\data\kaggle_training_wav_cache_sp\Rusty-margined Guan_sound\Rusty-margined Guan18.wav,Rusty-margined Guan_sound,82,50.7928125,76,val,D:\other\Bird\Code\data\kaggle_training_wav_cache_sp\Rusty-margined Guan_sound\Rusty-margined Guan18.wav,50.7928125,True,D:\other\Bird\Dataset\CC0\Rusty-margined Guan_sound\Rusty-margined Guan18.mp3
Rusty-margined Guan_sound/Rusty-margined Guan19,D:\other\Bird\Code\data\kaggle_training_wav_cache_sp\Rusty-margined Guan_sound\Rusty-margined Guan19.wav,Rusty-margined Guan_sound,82,21.44,76,train,D:\other\Bird\Code\data\kaggle_training_wav_cache_sp\Rusty-margined Guan_sound\Rusty-margined Guan19.wav,21.44,True,D:\other\Bird\Dataset\CC0\Rusty-margined Guan_sound\Rusty-margined Guan19.mp3
Rusty-margined Guan_sound/Rusty-margined Guan2,D:\other\Bird\Code\data\kaggle_training_wav_cache_sp\Rusty-margined Guan_sound\Rusty-margined Guan2.wav,Rusty-margined Guan_sound,82,15.74953125,76,train,D:\other\Bird\Code\data\kaggle_training_wav_cache_sp\Rusty-margined Guan_sound\Rusty-margined Guan2.wav,15.74953125,True,D:\other\Bird\Dataset\CC0\Rusty-margined Guan_sound\Rusty-margined Guan2.mp3
Rusty-margined Guan_sound/Rusty-margined Guan20,D:\other\Bird\Code\data\kaggle_training_wav_cache_sp\Rusty-margined Guan_sound\Rusty-margined Guan20.wav,Rusty-margined Guan_sound,82,42.9613125,76,train,D:\other\Bird\Code\data\kaggle_training_wav_cache_sp\Rusty-margined Guan_sound\Rusty-margined Guan20.wav,42.9613125,True,D:\other\Bird\Dataset\CC0\Rusty-margined Guan_sound\Rusty-margined Guan20.mp3
Rusty-margined Guan_sound/Rusty-margined Guan21,D:\other\Bird\Code\data\kaggle_training_wav_cache_sp\Rusty-margined Guan_sound\Rusty-margined Guan21.wav,Rusty-margined Guan_sound,82,42.9613125,76,test,D:\other\Bird\Code\data\kaggle_training_wav_cache_sp\Rusty-margined Guan_sound\Rusty-margined Guan21.wav,42.9613125,True,D:\other\Bird\Dataset\CC0\Rusty-margined Guan_sound\Rusty-margined Guan21.mp3
Rusty-margined Guan_sound/Rusty-margined Guan22,D:\other\Bird\Code\data\kaggle_training_wav_cache_sp\Rusty-margined Guan_sound\Rusty-margined Guan22.wav,Rusty-margined Guan_sound,82,42.9613125,76,test,D:\other\Bird\Code\data\kaggle_training_wav_cache_sp\Rusty-margined Guan_sound\Rusty-margined Guan22.wav,42.9613125,True,D:\other\Bird\Dataset\CC0\Rusty-margined Guan_sound\Rusty-margined Guan22.mp3
Rusty-margined Guan_sound/Rusty-margined Guan23,D:\other\Bird\Code\data\kaggle_training_wav_cache_sp\Rusty-margined Guan_sound\Rusty-margined Guan23.wav,Rusty-margined Guan_sound,82,49.3815625,76,train,D:\other\Bird\Code\data\kaggle_training_wav_cache_sp\Rusty-margined Guan_sound\Rusty-margined Guan23.wav,49.3815625,True,D:\other\Bird\Dataset\CC0\Rusty-margined Guan_sound\Rusty-margined Guan23.mp3
Rusty-margined Guan_sound/Rusty-margined Guan24,D:\other\Bird\Code\data\kaggle_training_wav_cache_sp\Rusty-margined Guan_sound\Rusty-margined Guan24.wav,Rusty-margined Guan_sound,82,49.3815625,76,train,D:\other\Bird\Code\data\kaggle_training_wav_cache_sp\Rusty-margined Guan_sound\Rusty-margined Guan24.wav,49.3815625,True,D:\other\Bird\Dataset\CC0\Rusty-margined Guan_sound\Rusty-margined Guan24.mp3
Rusty-margined Guan_sound/Rusty-margined Guan25,D:\other\Bird\Code\data\kaggle_training_wav_cache_sp\Rusty-margined Guan_sound\Rusty-margined Guan25.wav,Rusty-margined Guan_sound,82,49.3815625,76,train,D:\other\Bird\Code\data\kaggle_training_wav_cache_sp\Rusty-margined Guan_sound\Rusty-margined Guan25.wav,49.3815625,True,D:\other\Bird\Dataset\CC0\Rusty-margined Guan_sound\Rusty-margined Guan25.mp3
Rusty-margined Guan_sound/Rusty-margined Guan26,D:\other\Bird\Code\data\kaggle_training_wav_cache_sp\Rusty-margined Guan_sound\Rusty-margined Guan26.wav,Rusty-margined Guan_sound,82,39.264,76,train,D:\other\Bird\Code\data\kaggle_training_wav_cache_sp\Rusty-margined Guan_sound\Rusty-margined Guan26.wav,39.264,True,D:\other\Bird\Dataset\CC0\Rusty-margined Guan_sound\Rusty-margined Guan26.mp3
Rusty-margined Guan_sound/Rusty-margined Guan27,D:\other\Bird\Code\data\kaggle_training_wav_cache_sp\Rusty-margined Guan_sound\Rusty-margined Guan27.wav,Rusty-margined Guan_sound,82,21.464,76,train,D:\other\Bird\Code\data\kaggle_training_wav_cache_sp\Rusty-margined Guan_sound\Rusty-margined Guan27.wav,21.464,True,D:\other\Bird\Dataset\CC0\Rusty-margined Guan_sound\Rusty-margined Guan27.mp3
Rusty-margined Guan_sound/Rusty-margined Guan28,D:\other\Bird\Code\data\kaggle_training_wav_cache_sp\Rusty-margined Guan_sound\Rusty-margined Guan28.wav,Rusty-margined Guan_sound,82,7.63475,76,train,D:\other\Bird\Code\data\kaggle_training_wav_cache_sp\Rusty-margined Guan_sound\Rusty-margined Guan28.wav,7.63475,True,D:\other\Bird\Dataset\CC0\Rusty-margined Guan_sound\Rusty-margined Guan28.mp3
Rusty-margined Guan_sound/Rusty-margined Guan29,D:\other\Bird\Code\data\kaggle_training_wav_cache_sp\Rusty-margined Guan_sound\Rusty-margined Guan29.wav,Rusty-margined Guan_sound,82,7.63475,76,train,D:\other\Bird\Code\data\kaggle_training_wav_cache_sp\Rusty-margined Guan_sound\Rusty-margined Guan29.wav,7.63475,True,D:\other\Bird\Dataset\CC0\Rusty-margined Guan_sound\Rusty-margined Guan29.mp3
Rusty-margined Guan_sound/Rusty-margined Guan3,D:\other\Bird\Code\data\kaggle_training_wav_cache_sp\Rusty-margined Guan_sound\Rusty-margined Guan3.wav,Rusty-margined Guan_sound,82,15.74953125,76,train,D:\other\Bird\Code\data\kaggle_training_wav_cache_sp\Rusty-margined Guan_sound\Rusty-margined Guan3.wav,15.74953125,True,D:\other\Bird\Dataset\CC0\Rusty-margined Guan_sound\Rusty-margined Guan3.mp3
Rusty-margined Guan_sound/Rusty-margined Guan30,D:\other\Bird\Code\data\kaggle_training_wav_cache_sp\Rusty-margined Guan_sound\Rusty-margined Guan30.wav,Rusty-margined Guan_sound,82,7.63475,76,val,D:\other\Bird\Code\data\kaggle_training_wav_cache_sp\Rusty-margined Guan_sound\Rusty-margined Guan30.wav,7.63475,True,D:\other\Bird\Dataset\CC0\Rusty-margined Guan_sound\Rusty-margined Guan30.mp3
Rusty-margined Guan_sound/Rusty-margined Guan31,D:\other\Bird\Code\data\kaggle_training_wav_cache_sp\Rusty-margined Guan_sound\Rusty-margined Guan31.wav,Rusty-margined Guan_sound,82,10.318375,76,test,D:\other\Bird\Code\data\kaggle_training_wav_cache_sp\Rusty-margined Guan_sound\Rusty-margined Guan31.wav,10.318375,True,D:\other\Bird\Dataset\CC0\Rusty-margined Guan_sound\Rusty-margined Guan31.mp3
Rusty-margined Guan_sound/Rusty-margined Guan4,D:\other\Bird\Code\data\kaggle_training_wav_cache_sp\Rusty-margined Guan_sound\Rusty-margined Guan4.wav,Rusty-margined Guan_sound,82,9.048,76,val,D:\other\Bird\Code\data\kaggle_training_wav_cache_sp\Rusty-margined Guan_sound\Rusty-margined Guan4.wav,9.048,True,D:\other\Bird\Dataset\CC0\Rusty-margined Guan_sound\Rusty-margined Guan4.mp3
Rusty-margined Guan_sound/Rusty-margined Guan5,D:\other\Bird\Code\data\kaggle_training_wav_cache_sp\Rusty-margined Guan_sound\Rusty-margined Guan5.wav,Rusty-margined Guan_sound,82,6.72,76,train,D:\other\Bird\Code\data\kaggle_training_wav_cache_sp\Rusty-margined Guan_sound\Rusty-margined Guan5.wav,6.72,True,D:\other\Bird\Dataset\CC0\Rusty-margined Guan_sound\Rusty-margined Guan5.mp3
Rusty-margined Guan_sound/Rusty-margined Guan6,D:\other\Bird\Code\data\kaggle_training_wav_cache_sp\Rusty-margined Guan_sound\Rusty-margined Guan6.wav,Rusty-margined Guan_sound,82,96.2978125,76,test,D:\other\Bird\Code\data\kaggle_training_wav_cache_sp\Rusty-margined Guan_sound\Rusty-margined Guan6.wav,96.2978125,True,D:\other\Bird\Dataset\CC0\Rusty-margined Guan_sound\Rusty-margined Guan6.mp3
Rusty-margined Guan_sound/Rusty-margined Guan8,D:\other\Bird\Code\data\kaggle_training_wav_cache_sp\Rusty-margined Guan_sound\Rusty-margined Guan8.wav,Rusty-margined Guan_sound,82,40.3591875,76,train,D:\other\Bird\Code\data\kaggle_training_wav_cache_sp\Rusty-margined Guan_sound\Rusty-margined Guan8.wav,40.3591875,True,D:\other\Bird\Dataset\CC0\Rusty-margined Guan_sound\Rusty-margined Guan8.mp3
Rusty-margined Guan_sound/Rusty-margined Guan9,D:\other\Bird\Code\data\kaggle_training_wav_cache_sp\Rusty-margined Guan_sound\Rusty-margined Guan9.wav,Rusty-margined Guan_sound,82,40.3591875,76,train,D:\other\Bird\Code\data\kaggle_training_wav_cache_sp\Rusty-margined Guan_sound\Rusty-margined Guan9.wav,40.3591875,True,D:\other\Bird\Dataset\CC0\Rusty-margined Guan_sound\Rusty-margined Guan9.mp3
Scaled Chachalaca_sound/Scaled Chachalaca10,D:\other\Bird\Code\data\kaggle_training_wav_cache_sp\Scaled Chachalaca_sound\Scaled Chachalaca10.wav,Scaled Chachalaca_sound,83,18.050625,77,test,D:\other\Bird\Code\data\kaggle_training_wav_cache_sp\Scaled Chachalaca_sound\Scaled Chachalaca10.wav,18.050625,True,D:\other\Bird\Dataset\CC0\Scaled Chachalaca_sound\Scaled Chachalaca10.mp3
Scaled Chachalaca_sound/Scaled Chachalaca11,D:\other\Bird\Code\data\kaggle_training_wav_cache_sp\Scaled Chachalaca_sound\Scaled Chachalaca11.wav,Scaled Chachalaca_sound,83,18.050625,77,val,D:\other\Bird\Code\data\kaggle_training_wav_cache_sp\Scaled Chachalaca_sound\Scaled Chachalaca11.wav,18.050625,True,D:\other\Bird\Dataset\CC0\Scaled Chachalaca_sound\Scaled Chachalaca11.mp3
Scaled Chachalaca_sound/Scaled Chachalaca12,D:\other\Bird\Code\data\kaggle_training_wav_cache_sp\Scaled Chachalaca_sound\Scaled Chachalaca12.wav,Scaled Chachalaca_sound,83,18.050625,77,train,D:\other\Bird\Code\data\kaggle_training_wav_cache_sp\Scaled Chachalaca_sound\Scaled Chachalaca12.wav,18.050625,True,D:\other\Bird\Dataset\CC0\Scaled Chachalaca_sound\Scaled Chachalaca12.mp3
Scaled Chachalaca_sound/Scaled Chachalaca13,D:\other\Bird\Code\data\kaggle_training_wav_cache_sp\Scaled Chachalaca_sound\Scaled Chachalaca13.wav,Scaled Chachalaca_sound,83,18.112,77,train,D:\other\Bird\Code\data\kaggle_training_wav_cache_sp\Scaled Chachalaca_sound\Scaled Chachalaca13.wav,18.112,True,D:\other\Bird\Dataset\CC0\Scaled Chachalaca_sound\Scaled Chachalaca13.mp3
Scaled Chachalaca_sound/Scaled Chachalaca14,D:\other\Bird\Code\data\kaggle_training_wav_cache_sp\Scaled Chachalaca_sound\Scaled Chachalaca14.wav,Scaled Chachalaca_sound,83,18.112,77,train,D:\other\Bird\Code\data\kaggle_training_wav_cache_sp\Scaled Chachalaca_sound\Scaled Chachalaca14.wav,18.112,True,D:\other\Bird\Dataset\CC0\Scaled Chachalaca_sound\Scaled Chachalaca14.mp3
Scaled Chachalaca_sound/Scaled Chachalaca15,D:\other\Bird\Code\data\kaggle_training_wav_cache_sp\Scaled Chachalaca_sound\Scaled Chachalaca15.wav,Scaled Chachalaca_sound,83,18.112,77,train,D:\other\Bird\Code\data\kaggle_training_wav_cache_sp\Scaled Chachalaca_sound\Scaled Chachalaca15.wav,18.112,True,D:\other\Bird\Dataset\CC0\Scaled Chachalaca_sound\Scaled Chachalaca15.mp3
Scaled Chachalaca_sound/Scaled Chachalaca16,D:\other\Bird\Code\data\kaggle_training_wav_cache_sp\Scaled Chachalaca_sound\Scaled Chachalaca16.wav,Scaled Chachalaca_sound,83,18.112,77,train,D:\other\Bird\Code\data\kaggle_training_wav_cache_sp\Scaled Chachalaca_sound\Scaled Chachalaca16.wav,18.112,True,D:\other\Bird\Dataset\CC0\Scaled Chachalaca_sound\Scaled Chachalaca16.mp3
Scaled Chachalaca_sound/Scaled Chachalaca17,D:\other\Bird\Code\data\kaggle_training_wav_cache_sp\Scaled Chachalaca_sound\Scaled Chachalaca17.wav,Scaled Chachalaca_sound,83,18.112,77,train,D:\other\Bird\Code\data\kaggle_training_wav_cache_sp\Scaled Chachalaca_sound\Scaled Chachalaca17.wav,18.112,True,D:\other\Bird\Dataset\CC0\Scaled Chachalaca_sound\Scaled Chachalaca17.mp3
Scaled Chachalaca_sound/Scaled Chachalaca18,D:\other\Bird\Code\data\kaggle_training_wav_cache_sp\Scaled Chachalaca_sound\Scaled Chachalaca18.wav,Scaled Chachalaca_sound,83,18.112,77,val,D:\other\Bird\Code\data\kaggle_training_wav_cache_sp\Scaled Chachalaca_sound\Scaled Chachalaca18.wav,18.112,True,D:\other\Bird\Dataset\CC0\Scaled Chachalaca_sound\Scaled Chachalaca18.mp3
Scaled Chachalaca_sound/Scaled Chachalaca2,D:\other\Bird\Code\data\kaggle_training_wav_cache_sp\Scaled Chachalaca_sound\Scaled Chachalaca2.wav,Scaled Chachalaca_sound,83,18.050625,77,train,D:\other\Bird\Code\data\kaggle_training_wav_cache_sp\Scaled Chachalaca_sound\Scaled Chachalaca2.wav,18.050625,True,D:\other\Bird\Dataset\CC0\Scaled Chachalaca_sound\Scaled Chachalaca2.mp3
Scaled Chachalaca_sound/Scaled Chachalaca3,D:\other\Bird\Code\data\kaggle_training_wav_cache_sp\Scaled Chachalaca_sound\Scaled Chachalaca3.wav,Scaled Chachalaca_sound,83,18.050625,77,val,D:\other\Bird\Code\data\kaggle_training_wav_cache_sp\Scaled Chachalaca_sound\Scaled Chachalaca3.wav,18.050625,True,D:\other\Bird\Dataset\CC0\Scaled Chachalaca_sound\Scaled Chachalaca3.mp3
Scaled Chachalaca_sound/Scaled Chachalaca4,D:\other\Bird\Code\data\kaggle_training_wav_cache_sp\Scaled Chachalaca_sound\Scaled Chachalaca4.wav,Scaled Chachalaca_sound,83,18.050625,77,test,D:\other\Bird\Code\data\kaggle_training_wav_cache_sp\Scaled Chachalaca_sound\Scaled Chachalaca4.wav,18.050625,True,D:\other\Bird\Dataset\CC0\Scaled Chachalaca_sound\Scaled Chachalaca4.mp3
Scaled Chachalaca_sound/Scaled Chachalaca5,D:\other\Bird\Code\data\kaggle_training_wav_cache_sp\Scaled Chachalaca_sound\Scaled Chachalaca5.wav,Scaled Chachalaca_sound,83,18.050625,77,train,D:\other\Bird\Code\data\kaggle_training_wav_cache_sp\Scaled Chachalaca_sound\Scaled Chachalaca5.wav,18.050625,True,D:\other\Bird\Dataset\CC0\Scaled Chachalaca_sound\Scaled Chachalaca5.mp3
Scaled Chachalaca_sound/Scaled Chachalaca6,D:\other\Bird\Code\data\kaggle_training_wav_cache_sp\Scaled Chachalaca_sound\Scaled Chachalaca6.wav,Scaled Chachalaca_sound,83,18.050625,77,test,D:\other\Bird\Code\data\kaggle_training_wav_cache_sp\Scaled Chachalaca_sound\Scaled Chachalaca6.wav,18.050625,True,D:\other\Bird\Dataset\CC0\Scaled Chachalaca_sound\Scaled Chachalaca6.mp3
Scaled Chachalaca_sound/Scaled Chachalaca7,D:\other\Bird\Code\data\kaggle_training_wav_cache_sp\Scaled Chachalaca_sound\Scaled Chachalaca7.wav,Scaled Chachalaca_sound,83,18.050625,77,train,D:\other\Bird\Code\data\kaggle_training_wav_cache_sp\Scaled Chachalaca_sound\Scaled Chachalaca7.wav,18.050625,True,D:\other\Bird\Dataset\CC0\Scaled Chachalaca_sound\Scaled Chachalaca7.mp3
Scaled Chachalaca_sound/Scaled Chachalaca8,D:\other\Bird\Code\data\kaggle_training_wav_cache_sp\Scaled Chachalaca_sound\Scaled Chachalaca8.wav,Scaled Chachalaca_sound,83,18.050625,77,train,D:\other\Bird\Code\data\kaggle_training_wav_cache_sp\Scaled Chachalaca_sound\Scaled Chachalaca8.wav,18.050625,True,D:\other\Bird\Dataset\CC0\Scaled Chachalaca_sound\Scaled Chachalaca8.mp3
Scaled Chachalaca_sound/Scaled Chachalaca9,D:\other\Bird\Code\data\kaggle_training_wav_cache_sp\Scaled Chachalaca_sound\Scaled Chachalaca9.wav,Scaled Chachalaca_sound,83,18.050625,77,train,D:\other\Bird\Code\data\kaggle_training_wav_cache_sp\Scaled Chachalaca_sound\Scaled Chachalaca9.wav,18.050625,True,D:\other\Bird\Dataset\CC0\Scaled Chachalaca_sound\Scaled Chachalaca9.mp3
Slaty-breasted Tinamou_sound/Slaty-breasted Tinamou10,D:\other\Bird\Code\data\kaggle_training_wav_cache_sp\Slaty-breasted Tinamou_sound\Slaty-breasted Tinamou10.wav,Slaty-breasted Tinamou_sound,84,7.7058125,78,train,D:\other\Bird\Code\data\kaggle_training_wav_cache_sp\Slaty-breasted Tinamou_sound\Slaty-breasted Tinamou10.wav,7.7058125,True,D:\other\Bird\Dataset\CC0\Slaty-breasted Tinamou_sound\Slaty-breasted Tinamou10.mp3
Slaty-breasted Tinamou_sound/Slaty-breasted Tinamou11,D:\other\Bird\Code\data\kaggle_training_wav_cache_sp\Slaty-breasted Tinamou_sound\Slaty-breasted Tinamou11.wav,Slaty-breasted Tinamou_sound,84,7.7058125,78,train,D:\other\Bird\Code\data\kaggle_training_wav_cache_sp\Slaty-breasted Tinamou_sound\Slaty-breasted Tinamou11.wav,7.7058125,True,D:\other\Bird\Dataset\CC0\Slaty-breasted Tinamou_sound\Slaty-breasted Tinamou11.mp3
Slaty-breasted Tinamou_sound/Slaty-breasted Tinamou12,D:\other\Bird\Code\data\kaggle_training_wav_cache_sp\Slaty-breasted Tinamou_sound\Slaty-breasted Tinamou12.wav,Slaty-breasted Tinamou_sound,84,67.8850625,78,train,D:\other\Bird\Code\data\kaggle_training_wav_cache_sp\Slaty-breasted Tinamou_sound\Slaty-breasted Tinamou12.wav,67.8850625,True,D:\other\Bird\Dataset\CC0\Slaty-breasted Tinamou_sound\Slaty-breasted Tinamou12.mp3
Slaty-breasted Tinamou_sound/Slaty-breasted Tinamou14,D:\other\Bird\Code\data\kaggle_training_wav_cache_sp\Slaty-breasted Tinamou_sound\Slaty-breasted Tinamou14.wav,Slaty-breasted Tinamou_sound,84,7.2479375,78,train,D:\other\Bird\Code\data\kaggle_training_wav_cache_sp\Slaty-breasted Tinamou_sound\Slaty-breasted Tinamou14.wav,7.2479375,True,D:\other\Bird\Dataset\CC0\Slaty-breasted Tinamou_sound\Slaty-breasted Tinamou14.mp3
Slaty-breasted Tinamou_sound/Slaty-breasted Tinamou16,D:\other\Bird\Code\data\kaggle_training_wav_cache_sp\Slaty-breasted Tinamou_sound\Slaty-breasted Tinamou16.wav,Slaty-breasted Tinamou_sound,84,80.33909375,78,train,D:\other\Bird\Code\data\kaggle_training_wav_cache_sp\Slaty-breasted Tinamou_sound\Slaty-breasted Tinamou16.wav,80.33909375,True,D:\other\Bird\Dataset\CC0\Slaty-breasted Tinamou_sound\Slaty-breasted Tinamou16.mp3
Slaty-breasted Tinamou_sound/Slaty-breasted Tinamou17,D:\other\Bird\Code\data\kaggle_training_wav_cache_sp\Slaty-breasted Tinamou_sound\Slaty-breasted Tinamou17.wav,Slaty-breasted Tinamou_sound,84,75.52996875,78,val,D:\other\Bird\Code\data\kaggle_training_wav_cache_sp\Slaty-breasted Tinamou_sound\Slaty-breasted Tinamou17.wav,75.52996875,True,D:\other\Bird\Dataset\CC0\Slaty-breasted Tinamou_sound\Slaty-breasted Tinamou17.mp3
Slaty-breasted Tinamou_sound/Slaty-breasted Tinamou18,D:\other\Bird\Code\data\kaggle_training_wav_cache_sp\Slaty-breasted Tinamou_sound\Slaty-breasted Tinamou18.wav,Slaty-breasted Tinamou_sound,84,104.22890625,78,train,D:\other\Bird\Code\data\kaggle_training_wav_cache_sp\Slaty-breasted Tinamou_sound\Slaty-breasted Tinamou18.wav,104.22890625,True,D:\other\Bird\Dataset\CC0\Slaty-breasted Tinamou_sound\Slaty-breasted Tinamou18.mp3
Slaty-breasted Tinamou_sound/Slaty-breasted Tinamou19,D:\other\Bird\Code\data\kaggle_training_wav_cache_sp\Slaty-breasted Tinamou_sound\Slaty-breasted Tinamou19.wav,Slaty-breasted Tinamou_sound,84,31.6081875,78,train,D:\other\Bird\Code\data\kaggle_training_wav_cache_sp\Slaty-breasted Tinamou_sound\Slaty-breasted Tinamou19.wav,31.6081875,True,D:\other\Bird\Dataset\CC0\Slaty-breasted Tinamou_sound\Slaty-breasted Tinamou19.mp3
Slaty-breasted Tinamou_sound/Slaty-breasted Tinamou2,D:\other\Bird\Code\data\kaggle_training_wav_cache_sp\Slaty-breasted Tinamou_sound\Slaty-breasted Tinamou2.wav,Slaty-breasted Tinamou_sound,84,450.939625,78,train,D:\other\Bird\Code\data\kaggle_training_wav_cache_sp\Slaty-breasted Tinamou_sound\Slaty-breasted Tinamou2.wav,450.939625,True,D:\other\Bird\Dataset\CC0\Slaty-breasted Tinamou_sound\Slaty-breasted Tinamou2.mp3
Slaty-breasted Tinamou_sound/Slaty-breasted Tinamou20,D:\other\Bird\Code\data\kaggle_training_wav_cache_sp\Slaty-breasted Tinamou_sound\Slaty-breasted Tinamou20.wav,Slaty-breasted Tinamou_sound,84,106.27625,78,test,D:\other\Bird\Code\data\kaggle_training_wav_cache_sp\Slaty-breasted Tinamou_sound\Slaty-breasted Tinamou20.wav,106.27625,True,D:\other\Bird\Dataset\CC0\Slaty-breasted Tinamou_sound\Slaty-breasted Tinamou20.mp3
Slaty-breasted Tinamou_sound/Slaty-breasted Tinamou25,D:\other\Bird\Code\data\kaggle_training_wav_cache_sp\Slaty-breasted Tinamou_sound\Slaty-breasted Tinamou25.wav,Slaty-breasted Tinamou_sound,84,6.30371875,78,train,D:\other\Bird\Code\data\kaggle_training_wav_cache_sp\Slaty-breasted Tinamou_sound\Slaty-breasted Tinamou25.wav,6.30371875,True,D:\other\Bird\Dataset\CC0\Slaty-breasted Tinamou_sound\Slaty-breasted Tinamou25.mp3
Slaty-breasted Tinamou_sound/Slaty-breasted Tinamou26,D:\other\Bird\Code\data\kaggle_training_wav_cache_sp\Slaty-breasted Tinamou_sound\Slaty-breasted Tinamou26.wav,Slaty-breasted Tinamou_sound,84,22.78996875,78,train,D:\other\Bird\Code\data\kaggle_training_wav_cache_sp\Slaty-breasted Tinamou_sound\Slaty-breasted Tinamou26.wav,22.78996875,True,D:\other\Bird\Dataset\CC0\Slaty-breasted Tinamou_sound\Slaty-breasted Tinamou26.mp3
Slaty-breasted Tinamou_sound/Slaty-breasted Tinamou27,D:\other\Bird\Code\data\kaggle_training_wav_cache_sp\Slaty-breasted Tinamou_sound\Slaty-breasted Tinamou27.wav,Slaty-breasted Tinamou_sound,84,22.78996875,78,train,D:\other\Bird\Code\data\kaggle_training_wav_cache_sp\Slaty-breasted Tinamou_sound\Slaty-breasted Tinamou27.wav,22.78996875,True,D:\other\Bird\Dataset\CC0\Slaty-breasted Tinamou_sound\Slaty-breasted Tinamou27.mp3
Slaty-breasted Tinamou_sound/Slaty-breasted Tinamou28,D:\other\Bird\Code\data\kaggle_training_wav_cache_sp\Slaty-breasted Tinamou_sound\Slaty-breasted Tinamou28.wav,Slaty-breasted Tinamou_sound,84,23.93925,78,train,D:\other\Bird\Code\data\kaggle_training_wav_cache_sp\Slaty-breasted Tinamou_sound\Slaty-breasted Tinamou28.wav,23.93925,True,D:\other\Bird\Dataset\CC0\Slaty-breasted Tinamou_sound\Slaty-breasted Tinamou28.mp3
Slaty-breasted Tinamou_sound/Slaty-breasted Tinamou3,D:\other\Bird\Code\data\kaggle_training_wav_cache_sp\Slaty-breasted Tinamou_sound\Slaty-breasted Tinamou3.wav,Slaty-breasted Tinamou_sound,84,7.776,78,val,D:\other\Bird\Code\data\kaggle_training_wav_cache_sp\Slaty-breasted Tinamou_sound\Slaty-breasted Tinamou3.wav,7.776,True,D:\other\Bird\Dataset\CC0\Slaty-breasted Tinamou_sound\Slaty-breasted Tinamou3.mp3
Slaty-breasted Tinamou_sound/Slaty-breasted Tinamou4,D:\other\Bird\Code\data\kaggle_training_wav_cache_sp\Slaty-breasted Tinamou_sound\Slaty-breasted Tinamou4.wav,Slaty-breasted Tinamou_sound,84,17.95503125,78,train,D:\other\Bird\Code\data\kaggle_training_wav_cache_sp\Slaty-breasted Tinamou_sound\Slaty-breasted Tinamou4.wav,17.95503125,True,D:\other\Bird\Dataset\CC0\Slaty-breasted Tinamou_sound\Slaty-breasted Tinamou4.mp3
Slaty-breasted Tinamou_sound/Slaty-breasted Tinamou5,D:\other\Bird\Code\data\kaggle_training_wav_cache_sp\Slaty-breasted Tinamou_sound\Slaty-breasted Tinamou5.wav,Slaty-breasted Tinamou_sound,84,17.95503125,78,train,D:\other\Bird\Code\data\kaggle_training_wav_cache_sp\Slaty-breasted Tinamou_sound\Slaty-breasted Tinamou5.wav,17.95503125,True,D:\other\Bird\Dataset\CC0\Slaty-breasted Tinamou_sound\Slaty-breasted Tinamou5.mp3
Slaty-breasted Tinamou_sound/Slaty-breasted Tinamou6,D:\other\Bird\Code\data\kaggle_training_wav_cache_sp\Slaty-breasted Tinamou_sound\Slaty-breasted Tinamou6.wav,Slaty-breasted Tinamou_sound,84,17.95503125,78,test,D:\other\Bird\Code\data\kaggle_training_wav_cache_sp\Slaty-breasted Tinamou_sound\Slaty-breasted Tinamou6.wav,17.95503125,True,D:\other\Bird\Dataset\CC0\Slaty-breasted Tinamou_sound\Slaty-breasted Tinamou6.mp3
Slaty-breasted Tinamou_sound/Slaty-breasted Tinamou7,D:\other\Bird\Code\data\kaggle_training_wav_cache_sp\Slaty-breasted Tinamou_sound\Slaty-breasted Tinamou7.wav,Slaty-breasted Tinamou_sound,84,17.95503125,78,train,D:\other\Bird\Code\data\kaggle_training_wav_cache_sp\Slaty-breasted Tinamou_sound\Slaty-breasted Tinamou7.wav,17.95503125,True,D:\other\Bird\Dataset\CC0\Slaty-breasted Tinamou_sound\Slaty-breasted Tinamou7.mp3
Slaty-breasted Tinamou_sound/Slaty-breasted Tinamou8,D:\other\Bird\Code\data\kaggle_training_wav_cache_sp\Slaty-breasted Tinamou_sound\Slaty-breasted Tinamou8.wav,Slaty-breasted Tinamou_sound,84,20.814125,78,test,D:\other\Bird\Code\data\kaggle_training_wav_cache_sp\Slaty-breasted Tinamou_sound\Slaty-breasted Tinamou8.wav,20.814125,True,D:\other\Bird\Dataset\CC0\Slaty-breasted Tinamou_sound\Slaty-breasted Tinamou8.mp3
Slaty-breasted Tinamou_sound/Slaty-breasted Tinamou9,D:\other\Bird\Code\data\kaggle_training_wav_cache_sp\Slaty-breasted Tinamou_sound\Slaty-breasted Tinamou9.wav,Slaty-breasted Tinamou_sound,84,37.363375,78,val,D:\other\Bird\Code\data\kaggle_training_wav_cache_sp\Slaty-breasted Tinamou_sound\Slaty-breasted Tinamou9.wav,37.363375,True,D:\other\Bird\Dataset\CC0\Slaty-breasted Tinamou_sound\Slaty-breasted Tinamou9.mp3
Small-billed Tinamou_sound/Small-billed Tinamou10,D:\other\Bird\Code\data\kaggle_training_wav_cache_sp\Small-billed Tinamou_sound\Small-billed Tinamou10.wav,Small-billed Tinamou_sound,85,9.28,79,train,D:\other\Bird\Code\data\kaggle_training_wav_cache_sp\Small-billed Tinamou_sound\Small-billed Tinamou10.wav,9.28,True,D:\other\Bird\Dataset\CC0\Small-billed Tinamou_sound\Small-billed Tinamou10.mp3
Small-billed Tinamou_sound/Small-billed Tinamou11,D:\other\Bird\Code\data\kaggle_training_wav_cache_sp\Small-billed Tinamou_sound\Small-billed Tinamou11.wav,Small-billed Tinamou_sound,85,9.28,79,train,D:\other\Bird\Code\data\kaggle_training_wav_cache_sp\Small-billed Tinamou_sound\Small-billed Tinamou11.wav,9.28,True,D:\other\Bird\Dataset\CC0\Small-billed Tinamou_sound\Small-billed Tinamou11.mp3
Small-billed Tinamou_sound/Small-billed Tinamou12,D:\other\Bird\Code\data\kaggle_training_wav_cache_sp\Small-billed Tinamou_sound\Small-billed Tinamou12.wav,Small-billed Tinamou_sound,85,9.28,79,val,D:\other\Bird\Code\data\kaggle_training_wav_cache_sp\Small-billed Tinamou_sound\Small-billed Tinamou12.wav,9.28,True,D:\other\Bird\Dataset\CC0\Small-billed Tinamou_sound\Small-billed Tinamou12.mp3
Small-billed Tinamou_sound/Small-billed Tinamou13,D:\other\Bird\Code\data\kaggle_training_wav_cache_sp\Small-billed Tinamou_sound\Small-billed Tinamou13.wav,Small-billed Tinamou_sound,85,9.28,79,train,D:\other\Bird\Code\data\kaggle_training_wav_cache_sp\Small-billed Tinamou_sound\Small-billed Tinamou13.wav,9.28,True,D:\other\Bird\Dataset\CC0\Small-billed Tinamou_sound\Small-billed Tinamou13.mp3
Small-billed Tinamou_sound/Small-billed Tinamou14,D:\other\Bird\Code\data\kaggle_training_wav_cache_sp\Small-billed Tinamou_sound\Small-billed Tinamou14.wav,Small-billed Tinamou_sound,85,37.904,79,train,D:\other\Bird\Code\data\kaggle_training_wav_cache_sp\Small-billed Tinamou_sound\Small-billed Tinamou14.wav,37.904,True,D:\other\Bird\Dataset\CC0\Small-billed Tinamou_sound\Small-billed Tinamou14.mp3
Small-billed Tinamou_sound/Small-billed Tinamou15,D:\other\Bird\Code\data\kaggle_training_wav_cache_sp\Small-billed Tinamou_sound\Small-billed Tinamou15.wav,Small-billed Tinamou_sound,85,41.168,79,test,D:\other\Bird\Code\data\kaggle_training_wav_cache_sp\Small-billed Tinamou_sound\Small-billed Tinamou15.wav,41.168,True,D:\other\Bird\Dataset\CC0\Small-billed Tinamou_sound\Small-billed Tinamou15.mp3
Small-billed Tinamou_sound/Small-billed Tinamou16,D:\other\Bird\Code\data\kaggle_training_wav_cache_sp\Small-billed Tinamou_sound\Small-billed Tinamou16.wav,Small-billed Tinamou_sound,85,9.344,79,train,D:\other\Bird\Code\data\kaggle_training_wav_cache_sp\Small-billed Tinamou_sound\Small-billed Tinamou16.wav,9.344,True,D:\other\Bird\Dataset\CC0\Small-billed Tinamou_sound\Small-billed Tinamou16.mp3
Small-billed Tinamou_sound/Small-billed Tinamou17,D:\other\Bird\Code\data\kaggle_training_wav_cache_sp\Small-billed Tinamou_sound\Small-billed Tinamou17.wav,Small-billed Tinamou_sound,85,7.616,79,train,D:\other\Bird\Code\data\kaggle_training_wav_cache_sp\Small-billed Tinamou_sound\Small-billed Tinamou17.wav,7.616,True,D:\other\Bird\Dataset\CC0\Small-billed Tinamou_sound\Small-billed Tinamou17.mp3
Small-billed Tinamou_sound/Small-billed Tinamou18,D:\other\Bird\Code\data\kaggle_training_wav_cache_sp\Small-billed Tinamou_sound\Small-billed Tinamou18.wav,Small-billed Tinamou_sound,85,7.616,79,train,D:\other\Bird\Code\data\kaggle_training_wav_cache_sp\Small-billed Tinamou_sound\Small-billed Tinamou18.wav,7.616,True,D:\other\Bird\Dataset\CC0\Small-billed Tinamou_sound\Small-billed Tinamou18.mp3
Small-billed Tinamou_sound/Small-billed Tinamou19,D:\other\Bird\Code\data\kaggle_training_wav_cache_sp\Small-billed Tinamou_sound\Small-billed Tinamou19.wav,Small-billed Tinamou_sound,85,7.616,79,val,D:\other\Bird\Code\data\kaggle_training_wav_cache_sp\Small-billed Tinamou_sound\Small-billed Tinamou19.wav,7.616,True,D:\other\Bird\Dataset\CC0\Small-billed Tinamou_sound\Small-billed Tinamou19.mp3
Small-billed Tinamou_sound/Small-billed Tinamou2,D:\other\Bird\Code\data\kaggle_training_wav_cache_sp\Small-billed Tinamou_sound\Small-billed Tinamou2.wav,Small-billed Tinamou_sound,85,57.984,79,train,D:\other\Bird\Code\data\kaggle_training_wav_cache_sp\Small-billed Tinamou_sound\Small-billed Tinamou2.wav,57.984,True,D:\other\Bird\Dataset\CC0\Small-billed Tinamou_sound\Small-billed Tinamou2.mp3
Small-billed Tinamou_sound/Small-billed Tinamou20,D:\other\Bird\Code\data\kaggle_training_wav_cache_sp\Small-billed Tinamou_sound\Small-billed Tinamou20.wav,Small-billed Tinamou_sound,85,13.808,79,train,D:\other\Bird\Code\data\kaggle_training_wav_cache_sp\Small-billed Tinamou_sound\Small-billed Tinamou20.wav,13.808,True,D:\other\Bird\Dataset\CC0\Small-billed Tinamou_sound\Small-billed Tinamou20.mp3
Small-billed Tinamou_sound/Small-billed Tinamou21,D:\other\Bird\Code\data\kaggle_training_wav_cache_sp\Small-billed Tinamou_sound\Small-billed Tinamou21.wav,Small-billed Tinamou_sound,85,13.808,79,train,D:\other\Bird\Code\data\kaggle_training_wav_cache_sp\Small-billed Tinamou_sound\Small-billed Tinamou21.wav,13.808,True,D:\other\Bird\Dataset\CC0\Small-billed Tinamou_sound\Small-billed Tinamou21.mp3
Small-billed Tinamou_sound/Small-billed Tinamou22,D:\other\Bird\Code\data\kaggle_training_wav_cache_sp\Small-billed Tinamou_sound\Small-billed Tinamou22.wav,Small-billed Tinamou_sound,85,13.808,79,train,D:\other\Bird\Code\data\kaggle_training_wav_cache_sp\Small-billed Tinamou_sound\Small-billed Tinamou22.wav,13.808,True,D:\other\Bird\Dataset\CC0\Small-billed Tinamou_sound\Small-billed Tinamou22.mp3
Small-billed Tinamou_sound/Small-billed Tinamou23,D:\other\Bird\Code\data\kaggle_training_wav_cache_sp\Small-billed Tinamou_sound\Small-billed Tinamou23.wav,Small-billed Tinamou_sound,85,13.808,79,val,D:\other\Bird\Code\data\kaggle_training_wav_cache_sp\Small-billed Tinamou_sound\Small-billed Tinamou23.wav,13.808,True,D:\other\Bird\Dataset\CC0\Small-billed Tinamou_sound\Small-billed Tinamou23.mp3
Small-billed Tinamou_sound/Small-billed Tinamou24,D:\other\Bird\Code\data\kaggle_training_wav_cache_sp\Small-billed Tinamou_sound\Small-billed Tinamou24.wav,Small-billed Tinamou_sound,85,13.808,79,train,D:\other\Bird\Code\data\kaggle_training_wav_cache_sp\Small-billed Tinamou_sound\Small-billed Tinamou24.wav,13.808,True,D:\other\Bird\Dataset\CC0\Small-billed Tinamou_sound\Small-billed Tinamou24.mp3
Small-billed Tinamou_sound/Small-billed Tinamou25,D:\other\Bird\Code\data\kaggle_training_wav_cache_sp\Small-billed Tinamou_sound\Small-billed Tinamou25.wav,Small-billed Tinamou_sound,85,6.528,79,train,D:\other\Bird\Code\data\kaggle_training_wav_cache_sp\Small-billed Tinamou_sound\Small-billed Tinamou25.wav,6.528,True,D:\other\Bird\Dataset\CC0\Small-billed Tinamou_sound\Small-billed Tinamou25.mp3
Small-billed Tinamou_sound/Small-billed Tinamou26,D:\other\Bird\Code\data\kaggle_training_wav_cache_sp\Small-billed Tinamou_sound\Small-billed Tinamou26.wav,Small-billed Tinamou_sound,85,6.528,79,train,D:\other\Bird\Code\data\kaggle_training_wav_cache_sp\Small-billed Tinamou_sound\Small-billed Tinamou26.wav,6.528,True,D:\other\Bird\Dataset\CC0\Small-billed Tinamou_sound\Small-billed Tinamou26.mp3
Small-billed Tinamou_sound/Small-billed Tinamou27,D:\other\Bird\Code\data\kaggle_training_wav_cache_sp\Small-billed Tinamou_sound\Small-billed Tinamou27.wav,Small-billed Tinamou_sound,85,6.528,79,test,D:\other\Bird\Code\data\kaggle_training_wav_cache_sp\Small-billed Tinamou_sound\Small-billed Tinamou27.wav,6.528,True,D:\other\Bird\Dataset\CC0\Small-billed Tinamou_sound\Small-billed Tinamou27.mp3
Small-billed Tinamou_sound/Small-billed Tinamou28,D:\other\Bird\Code\data\kaggle_training_wav_cache_sp\Small-billed Tinamou_sound\Small-billed Tinamou28.wav,Small-billed Tinamou_sound,85,34.512,79,train,D:\other\Bird\Code\data\kaggle_training_wav_cache_sp\Small-billed Tinamou_sound\Small-billed Tinamou28.wav,34.512,True,D:\other\Bird\Dataset\CC0\Small-billed Tinamou_sound\Small-billed Tinamou28.mp3
Small-billed Tinamou_sound/Small-billed Tinamou29,D:\other\Bird\Code\data\kaggle_training_wav_cache_sp\Small-billed Tinamou_sound\Small-billed Tinamou29.wav,Small-billed Tinamou_sound,85,34.352,79,train,D:\other\Bird\Code\data\kaggle_training_wav_cache_sp\Small-billed Tinamou_sound\Small-billed Tinamou29.wav,34.352,True,D:\other\Bird\Dataset\CC0\Small-billed Tinamou_sound\Small-billed Tinamou29.mp3
Small-billed Tinamou_sound/Small-billed Tinamou3,D:\other\Bird\Code\data\kaggle_training_wav_cache_sp\Small-billed Tinamou_sound\Small-billed Tinamou3.wav,Small-billed Tinamou_sound,85,57.984,79,train,D:\other\Bird\Code\data\kaggle_training_wav_cache_sp\Small-billed Tinamou_sound\Small-billed Tinamou3.wav,57.984,True,D:\other\Bird\Dataset\CC0\Small-billed Tinamou_sound\Small-billed Tinamou3.mp3
Small-billed Tinamou_sound/Small-billed Tinamou30,D:\other\Bird\Code\data\kaggle_training_wav_cache_sp\Small-billed Tinamou_sound\Small-billed Tinamou30.wav,Small-billed Tinamou_sound,85,36.288,79,train,D:\other\Bird\Code\data\kaggle_training_wav_cache_sp\Small-billed Tinamou_sound\Small-billed Tinamou30.wav,36.288,True,D:\other\Bird\Dataset\CC0\Small-billed Tinamou_sound\Small-billed Tinamou30.mp3
Small-billed Tinamou_sound/Small-billed Tinamou31,D:\other\Bird\Code\data\kaggle_training_wav_cache_sp\Small-billed Tinamou_sound\Small-billed Tinamou31.wav,Small-billed Tinamou_sound,85,36.288,79,test,D:\other\Bird\Code\data\kaggle_training_wav_cache_sp\Small-billed Tinamou_sound\Small-billed Tinamou31.wav,36.288,True,D:\other\Bird\Dataset\CC0\Small-billed Tinamou_sound\Small-billed Tinamou31.mp3
Small-billed Tinamou_sound/Small-billed Tinamou4,D:\other\Bird\Code\data\kaggle_training_wav_cache_sp\Small-billed Tinamou_sound\Small-billed Tinamou4.wav,Small-billed Tinamou_sound,85,57.984,79,val,D:\other\Bird\Code\data\kaggle_training_wav_cache_sp\Small-billed Tinamou_sound\Small-billed Tinamou4.wav,57.984,True,D:\other\Bird\Dataset\CC0\Small-billed Tinamou_sound\Small-billed Tinamou4.mp3
Small-billed Tinamou_sound/Small-billed Tinamou5,D:\other\Bird\Code\data\kaggle_training_wav_cache_sp\Small-billed Tinamou_sound\Small-billed Tinamou5.wav,Small-billed Tinamou_sound,85,57.984,79,train,D:\other\Bird\Code\data\kaggle_training_wav_cache_sp\Small-billed Tinamou_sound\Small-billed Tinamou5.wav,57.984,True,D:\other\Bird\Dataset\CC0\Small-billed Tinamou_sound\Small-billed Tinamou5.mp3
Small-billed Tinamou_sound/Small-billed Tinamou6,D:\other\Bird\Code\data\kaggle_training_wav_cache_sp\Small-billed Tinamou_sound\Small-billed Tinamou6.wav,Small-billed Tinamou_sound,85,9.28,79,train,D:\other\Bird\Code\data\kaggle_training_wav_cache_sp\Small-billed Tinamou_sound\Small-billed Tinamou6.wav,9.28,True,D:\other\Bird\Dataset\CC0\Small-billed Tinamou_sound\Small-billed Tinamou6.mp3
Small-billed Tinamou_sound/Small-billed Tinamou7,D:\other\Bird\Code\data\kaggle_training_wav_cache_sp\Small-billed Tinamou_sound\Small-billed Tinamou7.wav,Small-billed Tinamou_sound,85,9.28,79,train,D:\other\Bird\Code\data\kaggle_training_wav_cache_sp\Small-billed Tinamou_sound\Small-billed Tinamou7.wav,9.28,True,D:\other\Bird\Dataset\CC0\Small-billed Tinamou_sound\Small-billed Tinamou7.mp3
Small-billed Tinamou_sound/Small-billed Tinamou8,D:\other\Bird\Code\data\kaggle_training_wav_cache_sp\Small-billed Tinamou_sound\Small-billed Tinamou8.wav,Small-billed Tinamou_sound,85,9.28,79,train,D:\other\Bird\Code\data\kaggle_training_wav_cache_sp\Small-billed Tinamou_sound\Small-billed Tinamou8.wav,9.28,True,D:\other\Bird\Dataset\CC0\Small-billed Tinamou_sound\Small-billed Tinamou8.mp3
Small-billed Tinamou_sound/Small-billed Tinamou9,D:\other\Bird\Code\data\kaggle_training_wav_cache_sp\Small-billed Tinamou_sound\Small-billed Tinamou9.wav,Small-billed Tinamou_sound,85,9.28,79,test,D:\other\Bird\Code\data\kaggle_training_wav_cache_sp\Small-billed Tinamou_sound\Small-billed Tinamou9.wav,9.28,True,D:\other\Bird\Dataset\CC0\Small-billed Tinamou_sound\Small-billed Tinamou9.mp3
Solitary Tinamou_sound/Solitary Tinamou10,D:\other\Bird\Code\data\kaggle_training_wav_cache_sp\Solitary Tinamou_sound\Solitary Tinamou10.wav,Solitary Tinamou_sound,86,24.7063125,80,test,D:\other\Bird\Code\data\kaggle_training_wav_cache_sp\Solitary Tinamou_sound\Solitary Tinamou10.wav,24.7063125,True,D:\other\Bird\Dataset\CC0\Solitary Tinamou_sound\Solitary Tinamou10.mp3
Solitary Tinamou_sound/Solitary Tinamou11,D:\other\Bird\Code\data\kaggle_training_wav_cache_sp\Solitary Tinamou_sound\Solitary Tinamou11.wav,Solitary Tinamou_sound,86,124.0730625,80,train,D:\other\Bird\Code\data\kaggle_training_wav_cache_sp\Solitary Tinamou_sound\Solitary Tinamou11.wav,124.0730625,True,D:\other\Bird\Dataset\CC0\Solitary Tinamou_sound\Solitary Tinamou11.mp3
Solitary Tinamou_sound/Solitary Tinamou12,D:\other\Bird\Code\data\kaggle_training_wav_cache_sp\Solitary Tinamou_sound\Solitary Tinamou12.wav,Solitary Tinamou_sound,86,40.672,80,train,D:\other\Bird\Code\data\kaggle_training_wav_cache_sp\Solitary Tinamou_sound\Solitary Tinamou12.wav,40.672,True,D:\other\Bird\Dataset\CC0\Solitary Tinamou_sound\Solitary Tinamou12.mp3
Solitary Tinamou_sound/Solitary Tinamou13,D:\other\Bird\Code\data\kaggle_training_wav_cache_sp\Solitary Tinamou_sound\Solitary Tinamou13.wav,Solitary Tinamou_sound,86,40.672,80,test,D:\other\Bird\Code\data\kaggle_training_wav_cache_sp\Solitary Tinamou_sound\Solitary Tinamou13.wav,40.672,True,D:\other\Bird\Dataset\CC0\Solitary Tinamou_sound\Solitary Tinamou13.mp3
Solitary Tinamou_sound/Solitary Tinamou14,D:\other\Bird\Code\data\kaggle_training_wav_cache_sp\Solitary Tinamou_sound\Solitary Tinamou14.wav,Solitary Tinamou_sound,86,27.984,80,test,D:\other\Bird\Code\data\kaggle_training_wav_cache_sp\Solitary Tinamou_sound\Solitary Tinamou14.wav,27.984,True,D:\other\Bird\Dataset\CC0\Solitary Tinamou_sound\Solitary Tinamou14.mp3
Solitary Tinamou_sound/Solitary Tinamou15,D:\other\Bird\Code\data\kaggle_training_wav_cache_sp\Solitary Tinamou_sound\Solitary Tinamou15.wav,Solitary Tinamou_sound,86,27.984,80,train,D:\other\Bird\Code\data\kaggle_training_wav_cache_sp\Solitary Tinamou_sound\Solitary Tinamou15.wav,27.984,True,D:\other\Bird\Dataset\CC0\Solitary Tinamou_sound\Solitary Tinamou15.mp3
Solitary Tinamou_sound/Solitary Tinamou19,D:\other\Bird\Code\data\kaggle_training_wav_cache_sp\Solitary Tinamou_sound\Solitary Tinamou19.wav,Solitary Tinamou_sound,86,5.130125,80,train,D:\other\Bird\Code\data\kaggle_training_wav_cache_sp\Solitary Tinamou_sound\Solitary Tinamou19.wav,5.130125,True,D:\other\Bird\Dataset\CC0\Solitary Tinamou_sound\Solitary Tinamou19.mp3
Solitary Tinamou_sound/Solitary Tinamou2,D:\other\Bird\Code\data\kaggle_training_wav_cache_sp\Solitary Tinamou_sound\Solitary Tinamou2.wav,Solitary Tinamou_sound,86,52.272,80,val,D:\other\Bird\Code\data\kaggle_training_wav_cache_sp\Solitary Tinamou_sound\Solitary Tinamou2.wav,52.272,True,D:\other\Bird\Dataset\CC0\Solitary Tinamou_sound\Solitary Tinamou2.mp3
Solitary Tinamou_sound/Solitary Tinamou20,D:\other\Bird\Code\data\kaggle_training_wav_cache_sp\Solitary Tinamou_sound\Solitary Tinamou20.wav,Solitary Tinamou_sound,86,19.2,80,val,D:\other\Bird\Code\data\kaggle_training_wav_cache_sp\Solitary Tinamou_sound\Solitary Tinamou20.wav,19.2,True,D:\other\Bird\Dataset\CC0\Solitary Tinamou_sound\Solitary Tinamou20.mp3
Solitary Tinamou_sound/Solitary Tinamou21,D:\other\Bird\Code\data\kaggle_training_wav_cache_sp\Solitary Tinamou_sound\Solitary Tinamou21.wav,Solitary Tinamou_sound,86,19.2,80,train,D:\other\Bird\Code\data\kaggle_training_wav_cache_sp\Solitary Tinamou_sound\Solitary Tinamou21.wav,19.2,True,D:\other\Bird\Dataset\CC0\Solitary Tinamou_sound\Solitary Tinamou21.mp3
Solitary Tinamou_sound/Solitary Tinamou22,D:\other\Bird\Code\data\kaggle_training_wav_cache_sp\Solitary Tinamou_sound\Solitary Tinamou22.wav,Solitary Tinamou_sound,86,12.592,80,train,D:\other\Bird\Code\data\kaggle_training_wav_cache_sp\Solitary Tinamou_sound\Solitary Tinamou22.wav,12.592,True,D:\other\Bird\Dataset\CC0\Solitary Tinamou_sound\Solitary Tinamou22.mp3
Solitary Tinamou_sound/Solitary Tinamou23,D:\other\Bird\Code\data\kaggle_training_wav_cache_sp\Solitary Tinamou_sound\Solitary Tinamou23.wav,Solitary Tinamou_sound,86,22.1779375,80,train,D:\other\Bird\Code\data\kaggle_training_wav_cache_sp\Solitary Tinamou_sound\Solitary Tinamou23.wav,22.1779375,True,D:\other\Bird\Dataset\CC0\Solitary Tinamou_sound\Solitary Tinamou23.mp3
Solitary Tinamou_sound/Solitary Tinamou24,D:\other\Bird\Code\data\kaggle_training_wav_cache_sp\Solitary Tinamou_sound\Solitary Tinamou24.wav,Solitary Tinamou_sound,86,22.1779375,80,val,D:\other\Bird\Code\data\kaggle_training_wav_cache_sp\Solitary Tinamou_sound\Solitary Tinamou24.wav,22.1779375,True,D:\other\Bird\Dataset\CC0\Solitary Tinamou_sound\Solitary Tinamou24.mp3
Solitary Tinamou_sound/Solitary Tinamou25,D:\other\Bird\Code\data\kaggle_training_wav_cache_sp\Solitary Tinamou_sound\Solitary Tinamou25.wav,Solitary Tinamou_sound,86,77.168,80,train,D:\other\Bird\Code\data\kaggle_training_wav_cache_sp\Solitary Tinamou_sound\Solitary Tinamou25.wav,77.168,True,D:\other\Bird\Dataset\CC0\Solitary Tinamou_sound\Solitary Tinamou25.mp3
Solitary Tinamou_sound/Solitary Tinamou26,D:\other\Bird\Code\data\kaggle_training_wav_cache_sp\Solitary Tinamou_sound\Solitary Tinamou26.wav,Solitary Tinamou_sound,86,51.384,80,test,D:\other\Bird\Code\data\kaggle_training_wav_cache_sp\Solitary Tinamou_sound\Solitary Tinamou26.wav,51.384,True,D:\other\Bird\Dataset\CC0\Solitary Tinamou_sound\Solitary Tinamou26.mp3
Solitary Tinamou_sound/Solitary Tinamou27,D:\other\Bird\Code\data\kaggle_training_wav_cache_sp\Solitary Tinamou_sound\Solitary Tinamou27.wav,Solitary Tinamou_sound,86,51.384,80,val,D:\other\Bird\Code\data\kaggle_training_wav_cache_sp\Solitary Tinamou_sound\Solitary Tinamou27.wav,51.384,True,D:\other\Bird\Dataset\CC0\Solitary Tinamou_sound\Solitary Tinamou27.mp3
Solitary Tinamou_sound/Solitary Tinamou28,D:\other\Bird\Code\data\kaggle_training_wav_cache_sp\Solitary Tinamou_sound\Solitary Tinamou28.wav,Solitary Tinamou_sound,86,51.384,80,train,D:\other\Bird\Code\data\kaggle_training_wav_cache_sp\Solitary Tinamou_sound\Solitary Tinamou28.wav,51.384,True,D:\other\Bird\Dataset\CC0\Solitary Tinamou_sound\Solitary Tinamou28.mp3
Solitary Tinamou_sound/Solitary Tinamou29,D:\other\Bird\Code\data\kaggle_training_wav_cache_sp\Solitary Tinamou_sound\Solitary Tinamou29.wav,Solitary Tinamou_sound,86,51.384,80,train,D:\other\Bird\Code\data\kaggle_training_wav_cache_sp\Solitary Tinamou_sound\Solitary Tinamou29.wav,51.384,True,D:\other\Bird\Dataset\CC0\Solitary Tinamou_sound\Solitary Tinamou29.mp3
Solitary Tinamou_sound/Solitary Tinamou3,D:\other\Bird\Code\data\kaggle_training_wav_cache_sp\Solitary Tinamou_sound\Solitary Tinamou3.wav,Solitary Tinamou_sound,86,5.04,80,train,D:\other\Bird\Code\data\kaggle_training_wav_cache_sp\Solitary Tinamou_sound\Solitary Tinamou3.wav,5.04,True,D:\other\Bird\Dataset\CC0\Solitary Tinamou_sound\Solitary Tinamou3.mp3
Solitary Tinamou_sound/Solitary Tinamou31,D:\other\Bird\Code\data\kaggle_training_wav_cache_sp\Solitary Tinamou_sound\Solitary Tinamou31.wav,Solitary Tinamou_sound,86,25.52,80,train,D:\other\Bird\Code\data\kaggle_training_wav_cache_sp\Solitary Tinamou_sound\Solitary Tinamou31.wav,25.52,True,D:\other\Bird\Dataset\CC0\Solitary Tinamou_sound\Solitary Tinamou31.mp3
Solitary Tinamou_sound/Solitary Tinamou4,D:\other\Bird\Code\data\kaggle_training_wav_cache_sp\Solitary Tinamou_sound\Solitary Tinamou4.wav,Solitary Tinamou_sound,86,5.04,80,train,D:\other\Bird\Code\data\kaggle_training_wav_cache_sp\Solitary Tinamou_sound\Solitary Tinamou4.wav,5.04,True,D:\other\Bird\Dataset\CC0\Solitary Tinamou_sound\Solitary Tinamou4.mp3
Solitary Tinamou_sound/Solitary Tinamou5,D:\other\Bird\Code\data\kaggle_training_wav_cache_sp\Solitary Tinamou_sound\Solitary Tinamou5.wav,Solitary Tinamou_sound,86,71.424,80,train,D:\other\Bird\Code\data\kaggle_training_wav_cache_sp\Solitary Tinamou_sound\Solitary Tinamou5.wav,71.424,True,D:\other\Bird\Dataset\CC0\Solitary Tinamou_sound\Solitary Tinamou5.mp3
Solitary Tinamou_sound/Solitary Tinamou7,D:\other\Bird\Code\data\kaggle_training_wav_cache_sp\Solitary Tinamou_sound\Solitary Tinamou7.wav,Solitary Tinamou_sound,86,24.7063125,80,train,D:\other\Bird\Code\data\kaggle_training_wav_cache_sp\Solitary Tinamou_sound\Solitary Tinamou7.wav,24.7063125,True,D:\other\Bird\Dataset\CC0\Solitary Tinamou_sound\Solitary Tinamou7.mp3
Solitary Tinamou_sound/Solitary Tinamou8,D:\other\Bird\Code\data\kaggle_training_wav_cache_sp\Solitary Tinamou_sound\Solitary Tinamou8.wav,Solitary Tinamou_sound,86,24.7063125,80,train,D:\other\Bird\Code\data\kaggle_training_wav_cache_sp\Solitary Tinamou_sound\Solitary Tinamou8.wav,24.7063125,True,D:\other\Bird\Dataset\CC0\Solitary Tinamou_sound\Solitary Tinamou8.mp3
Solitary Tinamou_sound/Solitary Tinamou9,D:\other\Bird\Code\data\kaggle_training_wav_cache_sp\Solitary Tinamou_sound\Solitary Tinamou9.wav,Solitary Tinamou_sound,86,24.7063125,80,train,D:\other\Bird\Code\data\kaggle_training_wav_cache_sp\Solitary Tinamou_sound\Solitary Tinamou9.wav,24.7063125,True,D:\other\Bird\Dataset\CC0\Solitary Tinamou_sound\Solitary Tinamou9.mp3
Southern Cassowary_sound/Southern Cassowary10,D:\other\Bird\Code\data\kaggle_training_wav_cache_sp\Southern Cassowary_sound\Southern Cassowary10.wav,Southern Cassowary_sound,89,15.264,81,train,D:\other\Bird\Code\data\kaggle_training_wav_cache_sp\Southern Cassowary_sound\Southern Cassowary10.wav,15.264,True,D:\other\Bird\Dataset\CC0\Southern Cassowary_sound\Southern Cassowary10.mp3
Southern Cassowary_sound/Southern Cassowary11,D:\other\Bird\Code\data\kaggle_training_wav_cache_sp\Southern Cassowary_sound\Southern Cassowary11.wav,Southern Cassowary_sound,89,20.37159375,81,train,D:\other\Bird\Code\data\kaggle_training_wav_cache_sp\Southern Cassowary_sound\Southern Cassowary11.wav,20.37159375,True,D:\other\Bird\Dataset\CC0\Southern Cassowary_sound\Southern Cassowary11.mp3
Southern Cassowary_sound/Southern Cassowary12,D:\other\Bird\Code\data\kaggle_training_wav_cache_sp\Southern Cassowary_sound\Southern Cassowary12.wav,Southern Cassowary_sound,89,105.06125,81,test,D:\other\Bird\Code\data\kaggle_training_wav_cache_sp\Southern Cassowary_sound\Southern Cassowary12.wav,105.06125,True,D:\other\Bird\Dataset\CC0\Southern Cassowary_sound\Southern Cassowary12.mp3
Southern Cassowary_sound/Southern Cassowary13,D:\other\Bird\Code\data\kaggle_training_wav_cache_sp\Southern Cassowary_sound\Southern Cassowary13.wav,Southern Cassowary_sound,89,64.8983125,81,train,D:\other\Bird\Code\data\kaggle_training_wav_cache_sp\Southern Cassowary_sound\Southern Cassowary13.wav,64.8983125,True,D:\other\Bird\Dataset\CC0\Southern Cassowary_sound\Southern Cassowary13.mp3
Southern Cassowary_sound/Southern Cassowary14,D:\other\Bird\Code\data\kaggle_training_wav_cache_sp\Southern Cassowary_sound\Southern Cassowary14.wav,Southern Cassowary_sound,89,18.88,81,val,D:\other\Bird\Code\data\kaggle_training_wav_cache_sp\Southern Cassowary_sound\Southern Cassowary14.wav,18.88,True,D:\other\Bird\Dataset\CC0\Southern Cassowary_sound\Southern Cassowary14.mp3
Southern Cassowary_sound/Southern Cassowary15,D:\other\Bird\Code\data\kaggle_training_wav_cache_sp\Southern Cassowary_sound\Southern Cassowary15.wav,Southern Cassowary_sound,89,16.512,81,train,D:\other\Bird\Code\data\kaggle_training_wav_cache_sp\Southern Cassowary_sound\Southern Cassowary15.wav,16.512,True,D:\other\Bird\Dataset\CC0\Southern Cassowary_sound\Southern Cassowary15.mp3
Southern Cassowary_sound/Southern Cassowary16,D:\other\Bird\Code\data\kaggle_training_wav_cache_sp\Southern Cassowary_sound\Southern Cassowary16.wav,Southern Cassowary_sound,89,5.74803125,81,train,D:\other\Bird\Code\data\kaggle_training_wav_cache_sp\Southern Cassowary_sound\Southern Cassowary16.wav,5.74803125,True,D:\other\Bird\Dataset\CC0\Southern Cassowary_sound\Southern Cassowary16.mp3
Southern Cassowary_sound/Southern Cassowary17,D:\other\Bird\Code\data\kaggle_training_wav_cache_sp\Southern Cassowary_sound\Southern Cassowary17.wav,Southern Cassowary_sound,89,39.54353125,81,train,D:\other\Bird\Code\data\kaggle_training_wav_cache_sp\Southern Cassowary_sound\Southern Cassowary17.wav,39.54353125,True,D:\other\Bird\Dataset\CC0\Southern Cassowary_sound\Southern Cassowary17.mp3
Southern Cassowary_sound/Southern Cassowary19,D:\other\Bird\Code\data\kaggle_training_wav_cache_sp\Southern Cassowary_sound\Southern Cassowary19.wav,Southern Cassowary_sound,89,94.3281875,81,val,D:\other\Bird\Code\data\kaggle_training_wav_cache_sp\Southern Cassowary_sound\Southern Cassowary19.wav,94.3281875,True,D:\other\Bird\Dataset\CC0\Southern Cassowary_sound\Southern Cassowary19.mp3
Southern Cassowary_sound/Southern Cassowary2,D:\other\Bird\Code\data\kaggle_training_wav_cache_sp\Southern Cassowary_sound\Southern Cassowary2.wav,Southern Cassowary_sound,89,53.22384375,81,train,D:\other\Bird\Code\data\kaggle_training_wav_cache_sp\Southern Cassowary_sound\Southern Cassowary2.wav,53.22384375,True,D:\other\Bird\Dataset\CC0\Southern Cassowary_sound\Southern Cassowary2.mp3
Southern Cassowary_sound/Southern Cassowary20,D:\other\Bird\Code\data\kaggle_training_wav_cache_sp\Southern Cassowary_sound\Southern Cassowary20.wav,Southern Cassowary_sound,89,148.944,81,test,D:\other\Bird\Code\data\kaggle_training_wav_cache_sp\Southern Cassowary_sound\Southern Cassowary20.wav,148.944,True,D:\other\Bird\Dataset\CC0\Southern Cassowary_sound\Southern Cassowary20.mp3
Southern Cassowary_sound/Southern Cassowary3,D:\other\Bird\Code\data\kaggle_training_wav_cache_sp\Southern Cassowary_sound\Southern Cassowary3.wav,Southern Cassowary_sound,89,11.9921875,81,train,D:\other\Bird\Code\data\kaggle_training_wav_cache_sp\Southern Cassowary_sound\Southern Cassowary3.wav,11.9921875,True,D:\other\Bird\Dataset\CC0\Southern Cassowary_sound\Southern Cassowary3.mp3
Southern Cassowary_sound/Southern Cassowary4,D:\other\Bird\Code\data\kaggle_training_wav_cache_sp\Southern Cassowary_sound\Southern Cassowary4.wav,Southern Cassowary_sound,89,124.25234375,81,train,D:\other\Bird\Code\data\kaggle_training_wav_cache_sp\Southern Cassowary_sound\Southern Cassowary4.wav,124.25234375,True,D:\other\Bird\Dataset\CC0\Southern Cassowary_sound\Southern Cassowary4.mp3
Southern Cassowary_sound/Southern Cassowary5,D:\other\Bird\Code\data\kaggle_training_wav_cache_sp\Southern Cassowary_sound\Southern Cassowary5.wav,Southern Cassowary_sound,89,101.44790625,81,train,D:\other\Bird\Code\data\kaggle_training_wav_cache_sp\Southern Cassowary_sound\Southern Cassowary5.wav,101.44790625,True,D:\other\Bird\Dataset\CC0\Southern Cassowary_sound\Southern Cassowary5.mp3
Southern Cassowary_sound/Southern Cassowary6,D:\other\Bird\Code\data\kaggle_training_wav_cache_sp\Southern Cassowary_sound\Southern Cassowary6.wav,Southern Cassowary_sound,89,18.56,81,train,D:\other\Bird\Code\data\kaggle_training_wav_cache_sp\Southern Cassowary_sound\Southern Cassowary6.wav,18.56,True,D:\other\Bird\Dataset\CC0\Southern Cassowary_sound\Southern Cassowary6.mp3
Southern Cassowary_sound/Southern Cassowary7,D:\other\Bird\Code\data\kaggle_training_wav_cache_sp\Southern Cassowary_sound\Southern Cassowary7.wav,Southern Cassowary_sound,89,20.4,81,val,D:\other\Bird\Code\data\kaggle_training_wav_cache_sp\Southern Cassowary_sound\Southern Cassowary7.wav,20.4,True,D:\other\Bird\Dataset\CC0\Southern Cassowary_sound\Southern Cassowary7.mp3
Southern Cassowary_sound/Southern Cassowary8,D:\other\Bird\Code\data\kaggle_training_wav_cache_sp\Southern Cassowary_sound\Southern Cassowary8.wav,Southern Cassowary_sound,89,23.038375,81,train,D:\other\Bird\Code\data\kaggle_training_wav_cache_sp\Southern Cassowary_sound\Southern Cassowary8.wav,23.038375,True,D:\other\Bird\Dataset\CC0\Southern Cassowary_sound\Southern Cassowary8.mp3
Southern Cassowary_sound/Southern Cassowary9,D:\other\Bird\Code\data\kaggle_training_wav_cache_sp\Southern Cassowary_sound\Southern Cassowary9.wav,Southern Cassowary_sound,89,15.264,81,test,D:\other\Bird\Code\data\kaggle_training_wav_cache_sp\Southern Cassowary_sound\Southern Cassowary9.wav,15.264,True,D:\other\Bird\Dataset\CC0\Southern Cassowary_sound\Southern Cassowary9.mp3
Speckled Chachalaca_sound/Speckled Chachalaca10,D:\other\Bird\Code\data\kaggle_training_wav_cache_sp\Speckled Chachalaca_sound\Speckled Chachalaca10.wav,Speckled Chachalaca_sound,90,15.81646875,82,train,D:\other\Bird\Code\data\kaggle_training_wav_cache_sp\Speckled Chachalaca_sound\Speckled Chachalaca10.wav,15.81646875,True,D:\other\Bird\Dataset\CC0\Speckled Chachalaca_sound\Speckled Chachalaca10.mp3
Speckled Chachalaca_sound/Speckled Chachalaca11,D:\other\Bird\Code\data\kaggle_training_wav_cache_sp\Speckled Chachalaca_sound\Speckled Chachalaca11.wav,Speckled Chachalaca_sound,90,15.81646875,82,val,D:\other\Bird\Code\data\kaggle_training_wav_cache_sp\Speckled Chachalaca_sound\Speckled Chachalaca11.wav,15.81646875,True,D:\other\Bird\Dataset\CC0\Speckled Chachalaca_sound\Speckled Chachalaca11.mp3
Speckled Chachalaca_sound/Speckled Chachalaca12,D:\other\Bird\Code\data\kaggle_training_wav_cache_sp\Speckled Chachalaca_sound\Speckled Chachalaca12.wav,Speckled Chachalaca_sound,90,85.24,82,train,D:\other\Bird\Code\data\kaggle_training_wav_cache_sp\Speckled Chachalaca_sound\Speckled Chachalaca12.wav,85.24,True,D:\other\Bird\Dataset\CC0\Speckled Chachalaca_sound\Speckled Chachalaca12.mp3
Speckled Chachalaca_sound/Speckled Chachalaca13,D:\other\Bird\Code\data\kaggle_training_wav_cache_sp\Speckled Chachalaca_sound\Speckled Chachalaca13.wav,Speckled Chachalaca_sound,90,85.24,82,test,D:\other\Bird\Code\data\kaggle_training_wav_cache_sp\Speckled Chachalaca_sound\Speckled Chachalaca13.wav,85.24,True,D:\other\Bird\Dataset\CC0\Speckled Chachalaca_sound\Speckled Chachalaca13.mp3
Speckled Chachalaca_sound/Speckled Chachalaca14,D:\other\Bird\Code\data\kaggle_training_wav_cache_sp\Speckled Chachalaca_sound\Speckled Chachalaca14.wav,Speckled Chachalaca_sound,90,26.368,82,train,D:\other\Bird\Code\data\kaggle_training_wav_cache_sp\Speckled Chachalaca_sound\Speckled Chachalaca14.wav,26.368,True,D:\other\Bird\Dataset\CC0\Speckled Chachalaca_sound\Speckled Chachalaca14.mp3
Speckled Chachalaca_sound/Speckled Chachalaca15,D:\other\Bird\Code\data\kaggle_training_wav_cache_sp\Speckled Chachalaca_sound\Speckled Chachalaca15.wav,Speckled Chachalaca_sound,90,26.368,82,train,D:\other\Bird\Code\data\kaggle_training_wav_cache_sp\Speckled Chachalaca_sound\Speckled Chachalaca15.wav,26.368,True,D:\other\Bird\Dataset\CC0\Speckled Chachalaca_sound\Speckled Chachalaca15.mp3
Speckled Chachalaca_sound/Speckled Chachalaca16,D:\other\Bird\Code\data\kaggle_training_wav_cache_sp\Speckled Chachalaca_sound\Speckled Chachalaca16.wav,Speckled Chachalaca_sound,90,26.368,82,train,D:\other\Bird\Code\data\kaggle_training_wav_cache_sp\Speckled Chachalaca_sound\Speckled Chachalaca16.wav,26.368,True,D:\other\Bird\Dataset\CC0\Speckled Chachalaca_sound\Speckled Chachalaca16.mp3
Speckled Chachalaca_sound/Speckled Chachalaca17,D:\other\Bird\Code\data\kaggle_training_wav_cache_sp\Speckled Chachalaca_sound\Speckled Chachalaca17.wav,Speckled Chachalaca_sound,90,26.368,82,train,D:\other\Bird\Code\data\kaggle_training_wav_cache_sp\Speckled Chachalaca_sound\Speckled Chachalaca17.wav,26.368,True,D:\other\Bird\Dataset\CC0\Speckled Chachalaca_sound\Speckled Chachalaca17.mp3
Speckled Chachalaca_sound/Speckled Chachalaca18,D:\other\Bird\Code\data\kaggle_training_wav_cache_sp\Speckled Chachalaca_sound\Speckled Chachalaca18.wav,Speckled Chachalaca_sound,90,26.368,82,train,D:\other\Bird\Code\data\kaggle_training_wav_cache_sp\Speckled Chachalaca_sound\Speckled Chachalaca18.wav,26.368,True,D:\other\Bird\Dataset\CC0\Speckled Chachalaca_sound\Speckled Chachalaca18.mp3
Speckled Chachalaca_sound/Speckled Chachalaca19,D:\other\Bird\Code\data\kaggle_training_wav_cache_sp\Speckled Chachalaca_sound\Speckled Chachalaca19.wav,Speckled Chachalaca_sound,90,26.368,82,val,D:\other\Bird\Code\data\kaggle_training_wav_cache_sp\Speckled Chachalaca_sound\Speckled Chachalaca19.wav,26.368,True,D:\other\Bird\Dataset\CC0\Speckled Chachalaca_sound\Speckled Chachalaca19.mp3
Speckled Chachalaca_sound/Speckled Chachalaca2,D:\other\Bird\Code\data\kaggle_training_wav_cache_sp\Speckled Chachalaca_sound\Speckled Chachalaca2.wav,Speckled Chachalaca_sound,90,143.872,82,train,D:\other\Bird\Code\data\kaggle_training_wav_cache_sp\Speckled Chachalaca_sound\Speckled Chachalaca2.wav,143.872,True,D:\other\Bird\Dataset\CC0\Speckled Chachalaca_sound\Speckled Chachalaca2.mp3
Speckled Chachalaca_sound/Speckled Chachalaca20,D:\other\Bird\Code\data\kaggle_training_wav_cache_sp\Speckled Chachalaca_sound\Speckled Chachalaca20.wav,Speckled Chachalaca_sound,90,26.368,82,train,D:\other\Bird\Code\data\kaggle_training_wav_cache_sp\Speckled Chachalaca_sound\Speckled Chachalaca20.wav,26.368,True,D:\other\Bird\Dataset\CC0\Speckled Chachalaca_sound\Speckled Chachalaca20.mp3
Speckled Chachalaca_sound/Speckled Chachalaca21,D:\other\Bird\Code\data\kaggle_training_wav_cache_sp\Speckled Chachalaca_sound\Speckled Chachalaca21.wav,Speckled Chachalaca_sound,90,26.368,82,train,D:\other\Bird\Code\data\kaggle_training_wav_cache_sp\Speckled Chachalaca_sound\Speckled Chachalaca21.wav,26.368,True,D:\other\Bird\Dataset\CC0\Speckled Chachalaca_sound\Speckled Chachalaca21.mp3
Speckled Chachalaca_sound/Speckled Chachalaca22,D:\other\Bird\Code\data\kaggle_training_wav_cache_sp\Speckled Chachalaca_sound\Speckled Chachalaca22.wav,Speckled Chachalaca_sound,90,26.368,82,train,D:\other\Bird\Code\data\kaggle_training_wav_cache_sp\Speckled Chachalaca_sound\Speckled Chachalaca22.wav,26.368,True,D:\other\Bird\Dataset\CC0\Speckled Chachalaca_sound\Speckled Chachalaca22.mp3
Speckled Chachalaca_sound/Speckled Chachalaca23,D:\other\Bird\Code\data\kaggle_training_wav_cache_sp\Speckled Chachalaca_sound\Speckled Chachalaca23.wav,Speckled Chachalaca_sound,90,26.368,82,train,D:\other\Bird\Code\data\kaggle_training_wav_cache_sp\Speckled Chachalaca_sound\Speckled Chachalaca23.wav,26.368,True,D:\other\Bird\Dataset\CC0\Speckled Chachalaca_sound\Speckled Chachalaca23.mp3
Speckled Chachalaca_sound/Speckled Chachalaca24,D:\other\Bird\Code\data\kaggle_training_wav_cache_sp\Speckled Chachalaca_sound\Speckled Chachalaca24.wav,Speckled Chachalaca_sound,90,117.968,82,train,D:\other\Bird\Code\data\kaggle_training_wav_cache_sp\Speckled Chachalaca_sound\Speckled Chachalaca24.wav,117.968,True,D:\other\Bird\Dataset\CC0\Speckled Chachalaca_sound\Speckled Chachalaca24.mp3
Speckled Chachalaca_sound/Speckled Chachalaca25,D:\other\Bird\Code\data\kaggle_training_wav_cache_sp\Speckled Chachalaca_sound\Speckled Chachalaca25.wav,Speckled Chachalaca_sound,90,117.968,82,val,D:\other\Bird\Code\data\kaggle_training_wav_cache_sp\Speckled Chachalaca_sound\Speckled Chachalaca25.wav,117.968,True,D:\other\Bird\Dataset\CC0\Speckled Chachalaca_sound\Speckled Chachalaca25.mp3
Speckled Chachalaca_sound/Speckled Chachalaca26,D:\other\Bird\Code\data\kaggle_training_wav_cache_sp\Speckled Chachalaca_sound\Speckled Chachalaca26.wav,Speckled Chachalaca_sound,90,117.968,82,train,D:\other\Bird\Code\data\kaggle_training_wav_cache_sp\Speckled Chachalaca_sound\Speckled Chachalaca26.wav,117.968,True,D:\other\Bird\Dataset\CC0\Speckled Chachalaca_sound\Speckled Chachalaca26.mp3
Speckled Chachalaca_sound/Speckled Chachalaca27,D:\other\Bird\Code\data\kaggle_training_wav_cache_sp\Speckled Chachalaca_sound\Speckled Chachalaca27.wav,Speckled Chachalaca_sound,90,117.968,82,val,D:\other\Bird\Code\data\kaggle_training_wav_cache_sp\Speckled Chachalaca_sound\Speckled Chachalaca27.wav,117.968,True,D:\other\Bird\Dataset\CC0\Speckled Chachalaca_sound\Speckled Chachalaca27.mp3
Speckled Chachalaca_sound/Speckled Chachalaca28,D:\other\Bird\Code\data\kaggle_training_wav_cache_sp\Speckled Chachalaca_sound\Speckled Chachalaca28.wav,Speckled Chachalaca_sound,90,117.968,82,train,D:\other\Bird\Code\data\kaggle_training_wav_cache_sp\Speckled Chachalaca_sound\Speckled Chachalaca28.wav,117.968,True,D:\other\Bird\Dataset\CC0\Speckled Chachalaca_sound\Speckled Chachalaca28.mp3
Speckled Chachalaca_sound/Speckled Chachalaca29,D:\other\Bird\Code\data\kaggle_training_wav_cache_sp\Speckled Chachalaca_sound\Speckled Chachalaca29.wav,Speckled Chachalaca_sound,90,20.256,82,test,D:\other\Bird\Code\data\kaggle_training_wav_cache_sp\Speckled Chachalaca_sound\Speckled Chachalaca29.wav,20.256,True,D:\other\Bird\Dataset\CC0\Speckled Chachalaca_sound\Speckled Chachalaca29.mp3
Speckled Chachalaca_sound/Speckled Chachalaca3,D:\other\Bird\Code\data\kaggle_training_wav_cache_sp\Speckled Chachalaca_sound\Speckled Chachalaca3.wav,Speckled Chachalaca_sound,90,143.872,82,train,D:\other\Bird\Code\data\kaggle_training_wav_cache_sp\Speckled Chachalaca_sound\Speckled Chachalaca3.wav,143.872,True,D:\other\Bird\Dataset\CC0\Speckled Chachalaca_sound\Speckled Chachalaca3.mp3
Speckled Chachalaca_sound/Speckled Chachalaca30,D:\other\Bird\Code\data\kaggle_training_wav_cache_sp\Speckled Chachalaca_sound\Speckled Chachalaca30.wav,Speckled Chachalaca_sound,90,19.04,82,test,D:\other\Bird\Code\data\kaggle_training_wav_cache_sp\Speckled Chachalaca_sound\Speckled Chachalaca30.wav,19.04,True,D:\other\Bird\Dataset\CC0\Speckled Chachalaca_sound\Speckled Chachalaca30.mp3
Speckled Chachalaca_sound/Speckled Chachalaca31,D:\other\Bird\Code\data\kaggle_training_wav_cache_sp\Speckled Chachalaca_sound\Speckled Chachalaca31.wav,Speckled Chachalaca_sound,90,26.672,82,train,D:\other\Bird\Code\data\kaggle_training_wav_cache_sp\Speckled Chachalaca_sound\Speckled Chachalaca31.wav,26.672,True,D:\other\Bird\Dataset\CC0\Speckled Chachalaca_sound\Speckled Chachalaca31.mp3
Speckled Chachalaca_sound/Speckled Chachalaca4,D:\other\Bird\Code\data\kaggle_training_wav_cache_sp\Speckled Chachalaca_sound\Speckled Chachalaca4.wav,Speckled Chachalaca_sound,90,143.872,82,train,D:\other\Bird\Code\data\kaggle_training_wav_cache_sp\Speckled Chachalaca_sound\Speckled Chachalaca4.wav,143.872,True,D:\other\Bird\Dataset\CC0\Speckled Chachalaca_sound\Speckled Chachalaca4.mp3
Speckled Chachalaca_sound/Speckled Chachalaca5,D:\other\Bird\Code\data\kaggle_training_wav_cache_sp\Speckled Chachalaca_sound\Speckled Chachalaca5.wav,Speckled Chachalaca_sound,90,143.872,82,train,D:\other\Bird\Code\data\kaggle_training_wav_cache_sp\Speckled Chachalaca_sound\Speckled Chachalaca5.wav,143.872,True,D:\other\Bird\Dataset\CC0\Speckled Chachalaca_sound\Speckled Chachalaca5.mp3
Speckled Chachalaca_sound/Speckled Chachalaca6,D:\other\Bird\Code\data\kaggle_training_wav_cache_sp\Speckled Chachalaca_sound\Speckled Chachalaca6.wav,Speckled Chachalaca_sound,90,5.44,82,test,D:\other\Bird\Code\data\kaggle_training_wav_cache_sp\Speckled Chachalaca_sound\Speckled Chachalaca6.wav,5.44,True,D:\other\Bird\Dataset\CC0\Speckled Chachalaca_sound\Speckled Chachalaca6.mp3
Speckled Chachalaca_sound/Speckled Chachalaca7,D:\other\Bird\Code\data\kaggle_training_wav_cache_sp\Speckled Chachalaca_sound\Speckled Chachalaca7.wav,Speckled Chachalaca_sound,90,36.6498125,82,train,D:\other\Bird\Code\data\kaggle_training_wav_cache_sp\Speckled Chachalaca_sound\Speckled Chachalaca7.wav,36.6498125,True,D:\other\Bird\Dataset\CC0\Speckled Chachalaca_sound\Speckled Chachalaca7.mp3
Speckled Chachalaca_sound/Speckled Chachalaca8,D:\other\Bird\Code\data\kaggle_training_wav_cache_sp\Speckled Chachalaca_sound\Speckled Chachalaca8.wav,Speckled Chachalaca_sound,90,36.6498125,82,train,D:\other\Bird\Code\data\kaggle_training_wav_cache_sp\Speckled Chachalaca_sound\Speckled Chachalaca8.wav,36.6498125,True,D:\other\Bird\Dataset\CC0\Speckled Chachalaca_sound\Speckled Chachalaca8.mp3
Speckled Chachalaca_sound/Speckled Chachalaca9,D:\other\Bird\Code\data\kaggle_training_wav_cache_sp\Speckled Chachalaca_sound\Speckled Chachalaca9.wav,Speckled Chachalaca_sound,90,15.81646875,82,train,D:\other\Bird\Code\data\kaggle_training_wav_cache_sp\Speckled Chachalaca_sound\Speckled Chachalaca9.wav,15.81646875,True,D:\other\Bird\Dataset\CC0\Speckled Chachalaca_sound\Speckled Chachalaca9.mp3
Spixs Guan_sound/Spixs Guan10,D:\other\Bird\Code\data\kaggle_training_wav_cache_sp\Spixs Guan_sound\Spixs Guan10.wav,Spixs Guan_sound,91,18.22,83,train,D:\other\Bird\Code\data\kaggle_training_wav_cache_sp\Spixs Guan_sound\Spixs Guan10.wav,18.22,True,D:\other\Bird\Dataset\CC0\Spixs Guan_sound\Spixs Guan10.mp3
Spixs Guan_sound/Spixs Guan11,D:\other\Bird\Code\data\kaggle_training_wav_cache_sp\Spixs Guan_sound\Spixs Guan11.wav,Spixs Guan_sound,91,89.376,83,test,D:\other\Bird\Code\data\kaggle_training_wav_cache_sp\Spixs Guan_sound\Spixs Guan11.wav,89.376,True,D:\other\Bird\Dataset\CC0\Spixs Guan_sound\Spixs Guan11.mp3
Spixs Guan_sound/Spixs Guan12,D:\other\Bird\Code\data\kaggle_training_wav_cache_sp\Spixs Guan_sound\Spixs Guan12.wav,Spixs Guan_sound,91,11.872,83,train,D:\other\Bird\Code\data\kaggle_training_wav_cache_sp\Spixs Guan_sound\Spixs Guan12.wav,11.872,True,D:\other\Bird\Dataset\CC0\Spixs Guan_sound\Spixs Guan12.mp3
Spixs Guan_sound/Spixs Guan13,D:\other\Bird\Code\data\kaggle_training_wav_cache_sp\Spixs Guan_sound\Spixs Guan13.wav,Spixs Guan_sound,91,22.88525,83,train,D:\other\Bird\Code\data\kaggle_training_wav_cache_sp\Spixs Guan_sound\Spixs Guan13.wav,22.88525,True,D:\other\Bird\Dataset\CC0\Spixs Guan_sound\Spixs Guan13.mp3
Spixs Guan_sound/Spixs Guan14,D:\other\Bird\Code\data\kaggle_training_wav_cache_sp\Spixs Guan_sound\Spixs Guan14.wav,Spixs Guan_sound,91,36.576,83,train,D:\other\Bird\Code\data\kaggle_training_wav_cache_sp\Spixs Guan_sound\Spixs Guan14.wav,36.576,True,D:\other\Bird\Dataset\CC0\Spixs Guan_sound\Spixs Guan14.mp3
Spixs Guan_sound/Spixs Guan15,D:\other\Bird\Code\data\kaggle_training_wav_cache_sp\Spixs Guan_sound\Spixs Guan15.wav,Spixs Guan_sound,91,23.648,83,val,D:\other\Bird\Code\data\kaggle_training_wav_cache_sp\Spixs Guan_sound\Spixs Guan15.wav,23.648,True,D:\other\Bird\Dataset\CC0\Spixs Guan_sound\Spixs Guan15.mp3
Spixs Guan_sound/Spixs Guan16,D:\other\Bird\Code\data\kaggle_training_wav_cache_sp\Spixs Guan_sound\Spixs Guan16.wav,Spixs Guan_sound,91,30.048,83,val,D:\other\Bird\Code\data\kaggle_training_wav_cache_sp\Spixs Guan_sound\Spixs Guan16.wav,30.048,True,D:\other\Bird\Dataset\CC0\Spixs Guan_sound\Spixs Guan16.mp3
Spixs Guan_sound/Spixs Guan17,D:\other\Bird\Code\data\kaggle_training_wav_cache_sp\Spixs Guan_sound\Spixs Guan17.wav,Spixs Guan_sound,91,28.752,83,train,D:\other\Bird\Code\data\kaggle_training_wav_cache_sp\Spixs Guan_sound\Spixs Guan17.wav,28.752,True,D:\other\Bird\Dataset\CC0\Spixs Guan_sound\Spixs Guan17.mp3
Spixs Guan_sound/Spixs Guan18,D:\other\Bird\Code\data\kaggle_training_wav_cache_sp\Spixs Guan_sound\Spixs Guan18.wav,Spixs Guan_sound,91,46.352,83,train,D:\other\Bird\Code\data\kaggle_training_wav_cache_sp\Spixs Guan_sound\Spixs Guan18.wav,46.352,True,D:\other\Bird\Dataset\CC0\Spixs Guan_sound\Spixs Guan18.mp3
Spixs Guan_sound/Spixs Guan19,D:\other\Bird\Code\data\kaggle_training_wav_cache_sp\Spixs Guan_sound\Spixs Guan19.wav,Spixs Guan_sound,91,133.488,83,train,D:\other\Bird\Code\data\kaggle_training_wav_cache_sp\Spixs Guan_sound\Spixs Guan19.wav,133.488,True,D:\other\Bird\Dataset\CC0\Spixs Guan_sound\Spixs Guan19.mp3
Spixs Guan_sound/Spixs Guan2,D:\other\Bird\Code\data\kaggle_training_wav_cache_sp\Spixs Guan_sound\Spixs Guan2.wav,Spixs Guan_sound,91,11.456,83,train,D:\other\Bird\Code\data\kaggle_training_wav_cache_sp\Spixs Guan_sound\Spixs Guan2.wav,11.456,True,D:\other\Bird\Dataset\CC0\Spixs Guan_sound\Spixs Guan2.mp3
Spixs Guan_sound/Spixs Guan20,D:\other\Bird\Code\data\kaggle_training_wav_cache_sp\Spixs Guan_sound\Spixs Guan20.wav,Spixs Guan_sound,91,41.984,83,train,D:\other\Bird\Code\data\kaggle_training_wav_cache_sp\Spixs Guan_sound\Spixs Guan20.wav,41.984,True,D:\other\Bird\Dataset\CC0\Spixs Guan_sound\Spixs Guan20.mp3
Spixs Guan_sound/Spixs Guan21,D:\other\Bird\Code\data\kaggle_training_wav_cache_sp\Spixs Guan_sound\Spixs Guan21.wav,Spixs Guan_sound,91,41.984,83,train,D:\other\Bird\Code\data\kaggle_training_wav_cache_sp\Spixs Guan_sound\Spixs Guan21.wav,41.984,True,D:\other\Bird\Dataset\CC0\Spixs Guan_sound\Spixs Guan21.mp3
Spixs Guan_sound/Spixs Guan22,D:\other\Bird\Code\data\kaggle_training_wav_cache_sp\Spixs Guan_sound\Spixs Guan22.wav,Spixs Guan_sound,91,41.984,83,train,D:\other\Bird\Code\data\kaggle_training_wav_cache_sp\Spixs Guan_sound\Spixs Guan22.wav,41.984,True,D:\other\Bird\Dataset\CC0\Spixs Guan_sound\Spixs Guan22.mp3
Spixs Guan_sound/Spixs Guan23,D:\other\Bird\Code\data\kaggle_training_wav_cache_sp\Spixs Guan_sound\Spixs Guan23.wav,Spixs Guan_sound,91,25.68625,83,train,D:\other\Bird\Code\data\kaggle_training_wav_cache_sp\Spixs Guan_sound\Spixs Guan23.wav,25.68625,True,D:\other\Bird\Dataset\CC0\Spixs Guan_sound\Spixs Guan23.mp3
Spixs Guan_sound/Spixs Guan24,D:\other\Bird\Code\data\kaggle_training_wav_cache_sp\Spixs Guan_sound\Spixs Guan24.wav,Spixs Guan_sound,91,31.994125,83,train,D:\other\Bird\Code\data\kaggle_training_wav_cache_sp\Spixs Guan_sound\Spixs Guan24.wav,31.994125,True,D:\other\Bird\Dataset\CC0\Spixs Guan_sound\Spixs Guan24.mp3
Spixs Guan_sound/Spixs Guan25,D:\other\Bird\Code\data\kaggle_training_wav_cache_sp\Spixs Guan_sound\Spixs Guan25.wav,Spixs Guan_sound,91,53.28034375,83,train,D:\other\Bird\Code\data\kaggle_training_wav_cache_sp\Spixs Guan_sound\Spixs Guan25.wav,53.28034375,True,D:\other\Bird\Dataset\CC0\Spixs Guan_sound\Spixs Guan25.mp3
Spixs Guan_sound/Spixs Guan26,D:\other\Bird\Code\data\kaggle_training_wav_cache_sp\Spixs Guan_sound\Spixs Guan26.wav,Spixs Guan_sound,91,49.67446875,83,test,D:\other\Bird\Code\data\kaggle_training_wav_cache_sp\Spixs Guan_sound\Spixs Guan26.wav,49.67446875,True,D:\other\Bird\Dataset\CC0\Spixs Guan_sound\Spixs Guan26.mp3
Spixs Guan_sound/Spixs Guan27,D:\other\Bird\Code\data\kaggle_training_wav_cache_sp\Spixs Guan_sound\Spixs Guan27.wav,Spixs Guan_sound,91,11.449,83,train,D:\other\Bird\Code\data\kaggle_training_wav_cache_sp\Spixs Guan_sound\Spixs Guan27.wav,11.449,True,D:\other\Bird\Dataset\CC0\Spixs Guan_sound\Spixs Guan27.mp3
Spixs Guan_sound/Spixs Guan28,D:\other\Bird\Code\data\kaggle_training_wav_cache_sp\Spixs Guan_sound\Spixs Guan28.wav,Spixs Guan_sound,91,41.296,83,test,D:\other\Bird\Code\data\kaggle_training_wav_cache_sp\Spixs Guan_sound\Spixs Guan28.wav,41.296,True,D:\other\Bird\Dataset\CC0\Spixs Guan_sound\Spixs Guan28.mp3
Spixs Guan_sound/Spixs Guan29,D:\other\Bird\Code\data\kaggle_training_wav_cache_sp\Spixs Guan_sound\Spixs Guan29.wav,Spixs Guan_sound,91,10.576,83,train,D:\other\Bird\Code\data\kaggle_training_wav_cache_sp\Spixs Guan_sound\Spixs Guan29.wav,10.576,True,D:\other\Bird\Dataset\CC0\Spixs Guan_sound\Spixs Guan29.mp3
Spixs Guan_sound/Spixs Guan3,D:\other\Bird\Code\data\kaggle_training_wav_cache_sp\Spixs Guan_sound\Spixs Guan3.wav,Spixs Guan_sound,91,11.456,83,train,D:\other\Bird\Code\data\kaggle_training_wav_cache_sp\Spixs Guan_sound\Spixs Guan3.wav,11.456,True,D:\other\Bird\Dataset\CC0\Spixs Guan_sound\Spixs Guan3.mp3
Spixs Guan_sound/Spixs Guan30,D:\other\Bird\Code\data\kaggle_training_wav_cache_sp\Spixs Guan_sound\Spixs Guan30.wav,Spixs Guan_sound,91,16.5758125,83,val,D:\other\Bird\Code\data\kaggle_training_wav_cache_sp\Spixs Guan_sound\Spixs Guan30.wav,16.5758125,True,D:\other\Bird\Dataset\CC0\Spixs Guan_sound\Spixs Guan30.mp3
Spixs Guan_sound/Spixs Guan31,D:\other\Bird\Code\data\kaggle_training_wav_cache_sp\Spixs Guan_sound\Spixs Guan31.wav,Spixs Guan_sound,91,33.8088125,83,train,D:\other\Bird\Code\data\kaggle_training_wav_cache_sp\Spixs Guan_sound\Spixs Guan31.wav,33.8088125,True,D:\other\Bird\Dataset\CC0\Spixs Guan_sound\Spixs Guan31.mp3
Spixs Guan_sound/Spixs Guan4,D:\other\Bird\Code\data\kaggle_training_wav_cache_sp\Spixs Guan_sound\Spixs Guan4.wav,Spixs Guan_sound,91,11.456,83,train,D:\other\Bird\Code\data\kaggle_training_wav_cache_sp\Spixs Guan_sound\Spixs Guan4.wav,11.456,True,D:\other\Bird\Dataset\CC0\Spixs Guan_sound\Spixs Guan4.mp3
Spixs Guan_sound/Spixs Guan5,D:\other\Bird\Code\data\kaggle_training_wav_cache_sp\Spixs Guan_sound\Spixs Guan5.wav,Spixs Guan_sound,91,14.72590625,83,train,D:\other\Bird\Code\data\kaggle_training_wav_cache_sp\Spixs Guan_sound\Spixs Guan5.wav,14.72590625,True,D:\other\Bird\Dataset\CC0\Spixs Guan_sound\Spixs Guan5.mp3
Spixs Guan_sound/Spixs Guan6,D:\other\Bird\Code\data\kaggle_training_wav_cache_sp\Spixs Guan_sound\Spixs Guan6.wav,Spixs Guan_sound,91,15.9200625,83,train,D:\other\Bird\Code\data\kaggle_training_wav_cache_sp\Spixs Guan_sound\Spixs Guan6.wav,15.9200625,True,D:\other\Bird\Dataset\CC0\Spixs Guan_sound\Spixs Guan6.mp3
Spixs Guan_sound/Spixs Guan7,D:\other\Bird\Code\data\kaggle_training_wav_cache_sp\Spixs Guan_sound\Spixs Guan7.wav,Spixs Guan_sound,91,15.9200625,83,test,D:\other\Bird\Code\data\kaggle_training_wav_cache_sp\Spixs Guan_sound\Spixs Guan7.wav,15.9200625,True,D:\other\Bird\Dataset\CC0\Spixs Guan_sound\Spixs Guan7.mp3
Spixs Guan_sound/Spixs Guan8,D:\other\Bird\Code\data\kaggle_training_wav_cache_sp\Spixs Guan_sound\Spixs Guan8.wav,Spixs Guan_sound,91,66.696,83,train,D:\other\Bird\Code\data\kaggle_training_wav_cache_sp\Spixs Guan_sound\Spixs Guan8.wav,66.696,True,D:\other\Bird\Dataset\CC0\Spixs Guan_sound\Spixs Guan8.mp3
Spixs Guan_sound/Spixs Guan9,D:\other\Bird\Code\data\kaggle_training_wav_cache_sp\Spixs Guan_sound\Spixs Guan9.wav,Spixs Guan_sound,91,66.696,83,val,D:\other\Bird\Code\data\kaggle_training_wav_cache_sp\Spixs Guan_sound\Spixs Guan9.wav,66.696,True,D:\other\Bird\Dataset\CC0\Spixs Guan_sound\Spixs Guan9.mp3
Spotted Nothura_sound/Spotted Nothura10,D:\other\Bird\Code\data\kaggle_training_wav_cache_sp\Spotted Nothura_sound\Spotted Nothura10.wav,Spotted Nothura_sound,92,29.887,84,train,D:\other\Bird\Code\data\kaggle_training_wav_cache_sp\Spotted Nothura_sound\Spotted Nothura10.wav,29.887,True,D:\other\Bird\Dataset\CC0\Spotted Nothura_sound\Spotted Nothura10.mp3
Spotted Nothura_sound/Spotted Nothura11,D:\other\Bird\Code\data\kaggle_training_wav_cache_sp\Spotted Nothura_sound\Spotted Nothura11.wav,Spotted Nothura_sound,92,29.887,84,train,D:\other\Bird\Code\data\kaggle_training_wav_cache_sp\Spotted Nothura_sound\Spotted Nothura11.wav,29.887,True,D:\other\Bird\Dataset\CC0\Spotted Nothura_sound\Spotted Nothura11.mp3
Spotted Nothura_sound/Spotted Nothura12,D:\other\Bird\Code\data\kaggle_training_wav_cache_sp\Spotted Nothura_sound\Spotted Nothura12.wav,Spotted Nothura_sound,92,29.887,84,val,D:\other\Bird\Code\data\kaggle_training_wav_cache_sp\Spotted Nothura_sound\Spotted Nothura12.wav,29.887,True,D:\other\Bird\Dataset\CC0\Spotted Nothura_sound\Spotted Nothura12.mp3
Spotted Nothura_sound/Spotted Nothura13,D:\other\Bird\Code\data\kaggle_training_wav_cache_sp\Spotted Nothura_sound\Spotted Nothura13.wav,Spotted Nothura_sound,92,29.887,84,train,D:\other\Bird\Code\data\kaggle_training_wav_cache_sp\Spotted Nothura_sound\Spotted Nothura13.wav,29.887,True,D:\other\Bird\Dataset\CC0\Spotted Nothura_sound\Spotted Nothura13.mp3
Spotted Nothura_sound/Spotted Nothura14,D:\other\Bird\Code\data\kaggle_training_wav_cache_sp\Spotted Nothura_sound\Spotted Nothura14.wav,Spotted Nothura_sound,92,29.887,84,train,D:\other\Bird\Code\data\kaggle_training_wav_cache_sp\Spotted Nothura_sound\Spotted Nothura14.wav,29.887,True,D:\other\Bird\Dataset\CC0\Spotted Nothura_sound\Spotted Nothura14.mp3
Spotted Nothura_sound/Spotted Nothura15,D:\other\Bird\Code\data\kaggle_training_wav_cache_sp\Spotted Nothura_sound\Spotted Nothura15.wav,Spotted Nothura_sound,92,29.887,84,train,D:\other\Bird\Code\data\kaggle_training_wav_cache_sp\Spotted Nothura_sound\Spotted Nothura15.wav,29.887,True,D:\other\Bird\Dataset\CC0\Spotted Nothura_sound\Spotted Nothura15.mp3
Spotted Nothura_sound/Spotted Nothura16,D:\other\Bird\Code\data\kaggle_training_wav_cache_sp\Spotted Nothura_sound\Spotted Nothura16.wav,Spotted Nothura_sound,92,6.81021875,84,test,D:\other\Bird\Code\data\kaggle_training_wav_cache_sp\Spotted Nothura_sound\Spotted Nothura16.wav,6.81021875,True,D:\other\Bird\Dataset\CC0\Spotted Nothura_sound\Spotted Nothura16.mp3
Spotted Nothura_sound/Spotted Nothura17,D:\other\Bird\Code\data\kaggle_training_wav_cache_sp\Spotted Nothura_sound\Spotted Nothura17.wav,Spotted Nothura_sound,92,6.81021875,84,val,D:\other\Bird\Code\data\kaggle_training_wav_cache_sp\Spotted Nothura_sound\Spotted Nothura17.wav,6.81021875,True,D:\other\Bird\Dataset\CC0\Spotted Nothura_sound\Spotted Nothura17.mp3
Spotted Nothura_sound/Spotted Nothura19,D:\other\Bird\Code\data\kaggle_training_wav_cache_sp\Spotted Nothura_sound\Spotted Nothura19.wav,Spotted Nothura_sound,92,6.96,84,train,D:\other\Bird\Code\data\kaggle_training_wav_cache_sp\Spotted Nothura_sound\Spotted Nothura19.wav,6.96,True,D:\other\Bird\Dataset\CC0\Spotted Nothura_sound\Spotted Nothura19.mp3
Spotted Nothura_sound/Spotted Nothura2,D:\other\Bird\Code\data\kaggle_training_wav_cache_sp\Spotted Nothura_sound\Spotted Nothura2.wav,Spotted Nothura_sound,92,37.312,84,train,D:\other\Bird\Code\data\kaggle_training_wav_cache_sp\Spotted Nothura_sound\Spotted Nothura2.wav,37.312,True,D:\other\Bird\Dataset\CC0\Spotted Nothura_sound\Spotted Nothura2.mp3
Spotted Nothura_sound/Spotted Nothura20,D:\other\Bird\Code\data\kaggle_training_wav_cache_sp\Spotted Nothura_sound\Spotted Nothura20.wav,Spotted Nothura_sound,92,6.96,84,train,D:\other\Bird\Code\data\kaggle_training_wav_cache_sp\Spotted Nothura_sound\Spotted Nothura20.wav,6.96,True,D:\other\Bird\Dataset\CC0\Spotted Nothura_sound\Spotted Nothura20.mp3
Spotted Nothura_sound/Spotted Nothura21,D:\other\Bird\Code\data\kaggle_training_wav_cache_sp\Spotted Nothura_sound\Spotted Nothura21.wav,Spotted Nothura_sound,92,6.96,84,val,D:\other\Bird\Code\data\kaggle_training_wav_cache_sp\Spotted Nothura_sound\Spotted Nothura21.wav,6.96,True,D:\other\Bird\Dataset\CC0\Spotted Nothura_sound\Spotted Nothura21.mp3
Spotted Nothura_sound/Spotted Nothura22,D:\other\Bird\Code\data\kaggle_training_wav_cache_sp\Spotted Nothura_sound\Spotted Nothura22.wav,Spotted Nothura_sound,92,6.96,84,test,D:\other\Bird\Code\data\kaggle_training_wav_cache_sp\Spotted Nothura_sound\Spotted Nothura22.wav,6.96,True,D:\other\Bird\Dataset\CC0\Spotted Nothura_sound\Spotted Nothura22.mp3
Spotted Nothura_sound/Spotted Nothura23,D:\other\Bird\Code\data\kaggle_training_wav_cache_sp\Spotted Nothura_sound\Spotted Nothura23.wav,Spotted Nothura_sound,92,6.96,84,train,D:\other\Bird\Code\data\kaggle_training_wav_cache_sp\Spotted Nothura_sound\Spotted Nothura23.wav,6.96,True,D:\other\Bird\Dataset\CC0\Spotted Nothura_sound\Spotted Nothura23.mp3
Spotted Nothura_sound/Spotted Nothura24,D:\other\Bird\Code\data\kaggle_training_wav_cache_sp\Spotted Nothura_sound\Spotted Nothura24.wav,Spotted Nothura_sound,92,28.808,84,train,D:\other\Bird\Code\data\kaggle_training_wav_cache_sp\Spotted Nothura_sound\Spotted Nothura24.wav,28.808,True,D:\other\Bird\Dataset\CC0\Spotted Nothura_sound\Spotted Nothura24.mp3
Spotted Nothura_sound/Spotted Nothura25,D:\other\Bird\Code\data\kaggle_training_wav_cache_sp\Spotted Nothura_sound\Spotted Nothura25.wav,Spotted Nothura_sound,92,28.808,84,train,D:\other\Bird\Code\data\kaggle_training_wav_cache_sp\Spotted Nothura_sound\Spotted Nothura25.wav,28.808,True,D:\other\Bird\Dataset\CC0\Spotted Nothura_sound\Spotted Nothura25.mp3
Spotted Nothura_sound/Spotted Nothura26,D:\other\Bird\Code\data\kaggle_training_wav_cache_sp\Spotted Nothura_sound\Spotted Nothura26.wav,Spotted Nothura_sound,92,27.392,84,train,D:\other\Bird\Code\data\kaggle_training_wav_cache_sp\Spotted Nothura_sound\Spotted Nothura26.wav,27.392,True,D:\other\Bird\Dataset\CC0\Spotted Nothura_sound\Spotted Nothura26.mp3
Spotted Nothura_sound/Spotted Nothura27,D:\other\Bird\Code\data\kaggle_training_wav_cache_sp\Spotted Nothura_sound\Spotted Nothura27.wav,Spotted Nothura_sound,92,10.77409375,84,train,D:\other\Bird\Code\data\kaggle_training_wav_cache_sp\Spotted Nothura_sound\Spotted Nothura27.wav,10.77409375,True,D:\other\Bird\Dataset\CC0\Spotted Nothura_sound\Spotted Nothura27.mp3
Spotted Nothura_sound/Spotted Nothura28,D:\other\Bird\Code\data\kaggle_training_wav_cache_sp\Spotted Nothura_sound\Spotted Nothura28.wav,Spotted Nothura_sound,92,184.752,84,train,D:\other\Bird\Code\data\kaggle_training_wav_cache_sp\Spotted Nothura_sound\Spotted Nothura28.wav,184.752,True,D:\other\Bird\Dataset\CC0\Spotted Nothura_sound\Spotted Nothura28.mp3
Spotted Nothura_sound/Spotted Nothura29,D:\other\Bird\Code\data\kaggle_training_wav_cache_sp\Spotted Nothura_sound\Spotted Nothura29.wav,Spotted Nothura_sound,92,184.752,84,train,D:\other\Bird\Code\data\kaggle_training_wav_cache_sp\Spotted Nothura_sound\Spotted Nothura29.wav,184.752,True,D:\other\Bird\Dataset\CC0\Spotted Nothura_sound\Spotted Nothura29.mp3
Spotted Nothura_sound/Spotted Nothura3,D:\other\Bird\Code\data\kaggle_training_wav_cache_sp\Spotted Nothura_sound\Spotted Nothura3.wav,Spotted Nothura_sound,92,11.744,84,train,D:\other\Bird\Code\data\kaggle_training_wav_cache_sp\Spotted Nothura_sound\Spotted Nothura3.wav,11.744,True,D:\other\Bird\Dataset\CC0\Spotted Nothura_sound\Spotted Nothura3.mp3
Spotted Nothura_sound/Spotted Nothura30,D:\other\Bird\Code\data\kaggle_training_wav_cache_sp\Spotted Nothura_sound\Spotted Nothura30.wav,Spotted Nothura_sound,92,184.752,84,test,D:\other\Bird\Code\data\kaggle_training_wav_cache_sp\Spotted Nothura_sound\Spotted Nothura30.wav,184.752,True,D:\other\Bird\Dataset\CC0\Spotted Nothura_sound\Spotted Nothura30.mp3
Spotted Nothura_sound/Spotted Nothura31,D:\other\Bird\Code\data\kaggle_training_wav_cache_sp\Spotted Nothura_sound\Spotted Nothura31.wav,Spotted Nothura_sound,92,184.752,84,train,D:\other\Bird\Code\data\kaggle_training_wav_cache_sp\Spotted Nothura_sound\Spotted Nothura31.wav,184.752,True,D:\other\Bird\Dataset\CC0\Spotted Nothura_sound\Spotted Nothura31.mp3
Spotted Nothura_sound/Spotted Nothura4,D:\other\Bird\Code\data\kaggle_training_wav_cache_sp\Spotted Nothura_sound\Spotted Nothura4.wav,Spotted Nothura_sound,92,11.744,84,test,D:\other\Bird\Code\data\kaggle_training_wav_cache_sp\Spotted Nothura_sound\Spotted Nothura4.wav,11.744,True,D:\other\Bird\Dataset\CC0\Spotted Nothura_sound\Spotted Nothura4.mp3
Spotted Nothura_sound/Spotted Nothura5,D:\other\Bird\Code\data\kaggle_training_wav_cache_sp\Spotted Nothura_sound\Spotted Nothura5.wav,Spotted Nothura_sound,92,16.694,84,train,D:\other\Bird\Code\data\kaggle_training_wav_cache_sp\Spotted Nothura_sound\Spotted Nothura5.wav,16.694,True,D:\other\Bird\Dataset\CC0\Spotted Nothura_sound\Spotted Nothura5.mp3
Spotted Nothura_sound/Spotted Nothura6,D:\other\Bird\Code\data\kaggle_training_wav_cache_sp\Spotted Nothura_sound\Spotted Nothura6.wav,Spotted Nothura_sound,92,16.694,84,train,D:\other\Bird\Code\data\kaggle_training_wav_cache_sp\Spotted Nothura_sound\Spotted Nothura6.wav,16.694,True,D:\other\Bird\Dataset\CC0\Spotted Nothura_sound\Spotted Nothura6.mp3
Spotted Nothura_sound/Spotted Nothura7,D:\other\Bird\Code\data\kaggle_training_wav_cache_sp\Spotted Nothura_sound\Spotted Nothura7.wav,Spotted Nothura_sound,92,8.224,84,train,D:\other\Bird\Code\data\kaggle_training_wav_cache_sp\Spotted Nothura_sound\Spotted Nothura7.wav,8.224,True,D:\other\Bird\Dataset\CC0\Spotted Nothura_sound\Spotted Nothura7.mp3
Spotted Nothura_sound/Spotted Nothura8,D:\other\Bird\Code\data\kaggle_training_wav_cache_sp\Spotted Nothura_sound\Spotted Nothura8.wav,Spotted Nothura_sound,92,8.224,84,train,D:\other\Bird\Code\data\kaggle_training_wav_cache_sp\Spotted Nothura_sound\Spotted Nothura8.wav,8.224,True,D:\other\Bird\Dataset\CC0\Spotted Nothura_sound\Spotted Nothura8.mp3
Spotted Nothura_sound/Spotted Nothura9,D:\other\Bird\Code\data\kaggle_training_wav_cache_sp\Spotted Nothura_sound\Spotted Nothura9.wav,Spotted Nothura_sound,92,29.887,84,val,D:\other\Bird\Code\data\kaggle_training_wav_cache_sp\Spotted Nothura_sound\Spotted Nothura9.wav,29.887,True,D:\other\Bird\Dataset\CC0\Spotted Nothura_sound\Spotted Nothura9.mp3
Sula Megapode_sound/Sula Megapode2,D:\other\Bird\Code\data\kaggle_training_wav_cache_sp\Sula Megapode_sound\Sula Megapode2.wav,Sula Megapode_sound,93,21.776,85,train,D:\other\Bird\Code\data\kaggle_training_wav_cache_sp\Sula Megapode_sound\Sula Megapode2.wav,21.776,True,D:\other\Bird\Dataset\CC0\Sula Megapode_sound\Sula Megapode2.mp3
Sula Megapode_sound/Sula Megapode3,D:\other\Bird\Code\data\kaggle_training_wav_cache_sp\Sula Megapode_sound\Sula Megapode3.wav,Sula Megapode_sound,93,7.1575625,85,train,D:\other\Bird\Code\data\kaggle_training_wav_cache_sp\Sula Megapode_sound\Sula Megapode3.wav,7.1575625,True,D:\other\Bird\Dataset\CC0\Sula Megapode_sound\Sula Megapode3.mp3
Sula Megapode_sound/Sula Megapode4,D:\other\Bird\Code\data\kaggle_training_wav_cache_sp\Sula Megapode_sound\Sula Megapode4.wav,Sula Megapode_sound,93,8.80328125,85,test,D:\other\Bird\Code\data\kaggle_training_wav_cache_sp\Sula Megapode_sound\Sula Megapode4.wav,8.80328125,True,D:\other\Bird\Dataset\CC0\Sula Megapode_sound\Sula Megapode4.mp3
Sula Megapode_sound/Sula Megapode5,D:\other\Bird\Code\data\kaggle_training_wav_cache_sp\Sula Megapode_sound\Sula Megapode5.wav,Sula Megapode_sound,93,57.887375,85,val,D:\other\Bird\Code\data\kaggle_training_wav_cache_sp\Sula Megapode_sound\Sula Megapode5.wav,57.887375,True,D:\other\Bird\Dataset\CC0\Sula Megapode_sound\Sula Megapode5.mp3
Sula Megapode_sound/Sula Megapode6,D:\other\Bird\Code\data\kaggle_training_wav_cache_sp\Sula Megapode_sound\Sula Megapode6.wav,Sula Megapode_sound,93,26.784,85,train,D:\other\Bird\Code\data\kaggle_training_wav_cache_sp\Sula Megapode_sound\Sula Megapode6.wav,26.784,True,D:\other\Bird\Dataset\CC0\Sula Megapode_sound\Sula Megapode6.mp3
Taczanowskis Tinamou_sound/Taczanowskis Tinamou2,D:\other\Bird\Code\data\kaggle_training_wav_cache_sp\Taczanowskis Tinamou_sound\Taczanowskis Tinamou2.wav,Taczanowskis Tinamou_sound,94,11.46778125,86,val,D:\other\Bird\Code\data\kaggle_training_wav_cache_sp\Taczanowskis Tinamou_sound\Taczanowskis Tinamou2.wav,11.46778125,True,D:\other\Bird\Dataset\CC0\Taczanowskis Tinamou_sound\Taczanowskis Tinamou2.mp3
Taczanowskis Tinamou_sound/Taczanowskis Tinamou3,D:\other\Bird\Code\data\kaggle_training_wav_cache_sp\Taczanowskis Tinamou_sound\Taczanowskis Tinamou3.wav,Taczanowskis Tinamou_sound,94,58.72,86,train,D:\other\Bird\Code\data\kaggle_training_wav_cache_sp\Taczanowskis Tinamou_sound\Taczanowskis Tinamou3.wav,58.72,True,D:\other\Bird\Dataset\CC0\Taczanowskis Tinamou_sound\Taczanowskis Tinamou3.mp3
Taczanowskis Tinamou_sound/Taczanowskis Tinamou4,D:\other\Bird\Code\data\kaggle_training_wav_cache_sp\Taczanowskis Tinamou_sound\Taczanowskis Tinamou4.wav,Taczanowskis Tinamou_sound,94,31.024,86,train,D:\other\Bird\Code\data\kaggle_training_wav_cache_sp\Taczanowskis Tinamou_sound\Taczanowskis Tinamou4.wav,31.024,True,D:\other\Bird\Dataset\CC0\Taczanowskis Tinamou_sound\Taczanowskis Tinamou4.mp3
Taczanowskis Tinamou_sound/Taczanowskis Tinamou7,D:\other\Bird\Code\data\kaggle_training_wav_cache_sp\Taczanowskis Tinamou_sound\Taczanowskis Tinamou7.wav,Taczanowskis Tinamou_sound,94,10.22825,86,train,D:\other\Bird\Code\data\kaggle_training_wav_cache_sp\Taczanowskis Tinamou_sound\Taczanowskis Tinamou7.wav,10.22825,True,D:\other\Bird\Dataset\CC0\Taczanowskis Tinamou_sound\Taczanowskis Tinamou7.mp3
Taczanowskis Tinamou_sound/Taczanowskis Tinamou8,D:\other\Bird\Code\data\kaggle_training_wav_cache_sp\Taczanowskis Tinamou_sound\Taczanowskis Tinamou8.wav,Taczanowskis Tinamou_sound,94,50.155125,86,test,D:\other\Bird\Code\data\kaggle_training_wav_cache_sp\Taczanowskis Tinamou_sound\Taczanowskis Tinamou8.wav,50.155125,True,D:\other\Bird\Dataset\CC0\Taczanowskis Tinamou_sound\Taczanowskis Tinamou8.mp3
Tataupa Tinamou_sound/Tataupa Tinamou10,D:\other\Bird\Code\data\kaggle_training_wav_cache_sp\Tataupa Tinamou_sound\Tataupa Tinamou10.wav,Tataupa Tinamou_sound,96,17.008,87,train,D:\other\Bird\Code\data\kaggle_training_wav_cache_sp\Tataupa Tinamou_sound\Tataupa Tinamou10.wav,17.008,True,D:\other\Bird\Dataset\CC0\Tataupa Tinamou_sound\Tataupa Tinamou10.mp3
Tataupa Tinamou_sound/Tataupa Tinamou11,D:\other\Bird\Code\data\kaggle_training_wav_cache_sp\Tataupa Tinamou_sound\Tataupa Tinamou11.wav,Tataupa Tinamou_sound,96,17.008,87,train,D:\other\Bird\Code\data\kaggle_training_wav_cache_sp\Tataupa Tinamou_sound\Tataupa Tinamou11.wav,17.008,True,D:\other\Bird\Dataset\CC0\Tataupa Tinamou_sound\Tataupa Tinamou11.mp3
Tataupa Tinamou_sound/Tataupa Tinamou12,D:\other\Bird\Code\data\kaggle_training_wav_cache_sp\Tataupa Tinamou_sound\Tataupa Tinamou12.wav,Tataupa Tinamou_sound,96,17.008,87,val,D:\other\Bird\Code\data\kaggle_training_wav_cache_sp\Tataupa Tinamou_sound\Tataupa Tinamou12.wav,17.008,True,D:\other\Bird\Dataset\CC0\Tataupa Tinamou_sound\Tataupa Tinamou12.mp3
Tataupa Tinamou_sound/Tataupa Tinamou13,D:\other\Bird\Code\data\kaggle_training_wav_cache_sp\Tataupa Tinamou_sound\Tataupa Tinamou13.wav,Tataupa Tinamou_sound,96,17.008,87,train,D:\other\Bird\Code\data\kaggle_training_wav_cache_sp\Tataupa Tinamou_sound\Tataupa Tinamou13.wav,17.008,True,D:\other\Bird\Dataset\CC0\Tataupa Tinamou_sound\Tataupa Tinamou13.mp3
Tataupa Tinamou_sound/Tataupa Tinamou14,D:\other\Bird\Code\data\kaggle_training_wav_cache_sp\Tataupa Tinamou_sound\Tataupa Tinamou14.wav,Tataupa Tinamou_sound,96,17.008,87,train,D:\other\Bird\Code\data\kaggle_training_wav_cache_sp\Tataupa Tinamou_sound\Tataupa Tinamou14.wav,17.008,True,D:\other\Bird\Dataset\CC0\Tataupa Tinamou_sound\Tataupa Tinamou14.mp3
Tataupa Tinamou_sound/Tataupa Tinamou15,D:\other\Bird\Code\data\kaggle_training_wav_cache_sp\Tataupa Tinamou_sound\Tataupa Tinamou15.wav,Tataupa Tinamou_sound,96,6.368,87,train,D:\other\Bird\Code\data\kaggle_training_wav_cache_sp\Tataupa Tinamou_sound\Tataupa Tinamou15.wav,6.368,True,D:\other\Bird\Dataset\CC0\Tataupa Tinamou_sound\Tataupa Tinamou15.mp3
Tataupa Tinamou_sound/Tataupa Tinamou16,D:\other\Bird\Code\data\kaggle_training_wav_cache_sp\Tataupa Tinamou_sound\Tataupa Tinamou16.wav,Tataupa Tinamou_sound,96,6.368,87,train,D:\other\Bird\Code\data\kaggle_training_wav_cache_sp\Tataupa Tinamou_sound\Tataupa Tinamou16.wav,6.368,True,D:\other\Bird\Dataset\CC0\Tataupa Tinamou_sound\Tataupa Tinamou16.mp3
Tataupa Tinamou_sound/Tataupa Tinamou17,D:\other\Bird\Code\data\kaggle_training_wav_cache_sp\Tataupa Tinamou_sound\Tataupa Tinamou17.wav,Tataupa Tinamou_sound,96,6.368,87,train,D:\other\Bird\Code\data\kaggle_training_wav_cache_sp\Tataupa Tinamou_sound\Tataupa Tinamou17.wav,6.368,True,D:\other\Bird\Dataset\CC0\Tataupa Tinamou_sound\Tataupa Tinamou17.mp3
Tataupa Tinamou_sound/Tataupa Tinamou18,D:\other\Bird\Code\data\kaggle_training_wav_cache_sp\Tataupa Tinamou_sound\Tataupa Tinamou18.wav,Tataupa Tinamou_sound,96,6.368,87,train,D:\other\Bird\Code\data\kaggle_training_wav_cache_sp\Tataupa Tinamou_sound\Tataupa Tinamou18.wav,6.368,True,D:\other\Bird\Dataset\CC0\Tataupa Tinamou_sound\Tataupa Tinamou18.mp3
Tataupa Tinamou_sound/Tataupa Tinamou19,D:\other\Bird\Code\data\kaggle_training_wav_cache_sp\Tataupa Tinamou_sound\Tataupa Tinamou19.wav,Tataupa Tinamou_sound,96,6.368,87,test,D:\other\Bird\Code\data\kaggle_training_wav_cache_sp\Tataupa Tinamou_sound\Tataupa Tinamou19.wav,6.368,True,D:\other\Bird\Dataset\CC0\Tataupa Tinamou_sound\Tataupa Tinamou19.mp3
Tataupa Tinamou_sound/Tataupa Tinamou2,D:\other\Bird\Code\data\kaggle_training_wav_cache_sp\Tataupa Tinamou_sound\Tataupa Tinamou2.wav,Tataupa Tinamou_sound,96,33.33040625,87,train,D:\other\Bird\Code\data\kaggle_training_wav_cache_sp\Tataupa Tinamou_sound\Tataupa Tinamou2.wav,33.33040625,True,D:\other\Bird\Dataset\CC0\Tataupa Tinamou_sound\Tataupa Tinamou2.mp3
Tataupa Tinamou_sound/Tataupa Tinamou21,D:\other\Bird\Code\data\kaggle_training_wav_cache_sp\Tataupa Tinamou_sound\Tataupa Tinamou21.wav,Tataupa Tinamou_sound,96,130.08,87,test,D:\other\Bird\Code\data\kaggle_training_wav_cache_sp\Tataupa Tinamou_sound\Tataupa Tinamou21.wav,130.08,True,D:\other\Bird\Dataset\CC0\Tataupa Tinamou_sound\Tataupa Tinamou21.mp3
Tataupa Tinamou_sound/Tataupa Tinamou22,D:\other\Bird\Code\data\kaggle_training_wav_cache_sp\Tataupa Tinamou_sound\Tataupa Tinamou22.wav,Tataupa Tinamou_sound,96,68.336,87,val,D:\other\Bird\Code\data\kaggle_training_wav_cache_sp\Tataupa Tinamou_sound\Tataupa Tinamou22.wav,68.336,True,D:\other\Bird\Dataset\CC0\Tataupa Tinamou_sound\Tataupa Tinamou22.mp3
Tataupa Tinamou_sound/Tataupa Tinamou23,D:\other\Bird\Code\data\kaggle_training_wav_cache_sp\Tataupa Tinamou_sound\Tataupa Tinamou23.wav,Tataupa Tinamou_sound,96,68.336,87,train,D:\other\Bird\Code\data\kaggle_training_wav_cache_sp\Tataupa Tinamou_sound\Tataupa Tinamou23.wav,68.336,True,D:\other\Bird\Dataset\CC0\Tataupa Tinamou_sound\Tataupa Tinamou23.mp3
Tataupa Tinamou_sound/Tataupa Tinamou24,D:\other\Bird\Code\data\kaggle_training_wav_cache_sp\Tataupa Tinamou_sound\Tataupa Tinamou24.wav,Tataupa Tinamou_sound,96,68.336,87,test,D:\other\Bird\Code\data\kaggle_training_wav_cache_sp\Tataupa Tinamou_sound\Tataupa Tinamou24.wav,68.336,True,D:\other\Bird\Dataset\CC0\Tataupa Tinamou_sound\Tataupa Tinamou24.mp3
Tataupa Tinamou_sound/Tataupa Tinamou25,D:\other\Bird\Code\data\kaggle_training_wav_cache_sp\Tataupa Tinamou_sound\Tataupa Tinamou25.wav,Tataupa Tinamou_sound,96,16.992,87,test,D:\other\Bird\Code\data\kaggle_training_wav_cache_sp\Tataupa Tinamou_sound\Tataupa Tinamou25.wav,16.992,True,D:\other\Bird\Dataset\CC0\Tataupa Tinamou_sound\Tataupa Tinamou25.mp3
Tataupa Tinamou_sound/Tataupa Tinamou27,D:\other\Bird\Code\data\kaggle_training_wav_cache_sp\Tataupa Tinamou_sound\Tataupa Tinamou27.wav,Tataupa Tinamou_sound,96,26.64,87,val,D:\other\Bird\Code\data\kaggle_training_wav_cache_sp\Tataupa Tinamou_sound\Tataupa Tinamou27.wav,26.64,True,D:\other\Bird\Dataset\CC0\Tataupa Tinamou_sound\Tataupa Tinamou27.mp3
Tataupa Tinamou_sound/Tataupa Tinamou28,D:\other\Bird\Code\data\kaggle_training_wav_cache_sp\Tataupa Tinamou_sound\Tataupa Tinamou28.wav,Tataupa Tinamou_sound,96,18.848,87,train,D:\other\Bird\Code\data\kaggle_training_wav_cache_sp\Tataupa Tinamou_sound\Tataupa Tinamou28.wav,18.848,True,D:\other\Bird\Dataset\CC0\Tataupa Tinamou_sound\Tataupa Tinamou28.mp3
Tataupa Tinamou_sound/Tataupa Tinamou29,D:\other\Bird\Code\data\kaggle_training_wav_cache_sp\Tataupa Tinamou_sound\Tataupa Tinamou29.wav,Tataupa Tinamou_sound,96,18.848,87,train,D:\other\Bird\Code\data\kaggle_training_wav_cache_sp\Tataupa Tinamou_sound\Tataupa Tinamou29.wav,18.848,True,D:\other\Bird\Dataset\CC0\Tataupa Tinamou_sound\Tataupa Tinamou29.mp3
Tataupa Tinamou_sound/Tataupa Tinamou3,D:\other\Bird\Code\data\kaggle_training_wav_cache_sp\Tataupa Tinamou_sound\Tataupa Tinamou3.wav,Tataupa Tinamou_sound,96,66.648,87,train,D:\other\Bird\Code\data\kaggle_training_wav_cache_sp\Tataupa Tinamou_sound\Tataupa Tinamou3.wav,66.648,True,D:\other\Bird\Dataset\CC0\Tataupa Tinamou_sound\Tataupa Tinamou3.mp3
Tataupa Tinamou_sound/Tataupa Tinamou30,D:\other\Bird\Code\data\kaggle_training_wav_cache_sp\Tataupa Tinamou_sound\Tataupa Tinamou30.wav,Tataupa Tinamou_sound,96,8.576,87,val,D:\other\Bird\Code\data\kaggle_training_wav_cache_sp\Tataupa Tinamou_sound\Tataupa Tinamou30.wav,8.576,True,D:\other\Bird\Dataset\CC0\Tataupa Tinamou_sound\Tataupa Tinamou30.mp3
Tataupa Tinamou_sound/Tataupa Tinamou31,D:\other\Bird\Code\data\kaggle_training_wav_cache_sp\Tataupa Tinamou_sound\Tataupa Tinamou31.wav,Tataupa Tinamou_sound,96,41.024,87,train,D:\other\Bird\Code\data\kaggle_training_wav_cache_sp\Tataupa Tinamou_sound\Tataupa Tinamou31.wav,41.024,True,D:\other\Bird\Dataset\CC0\Tataupa Tinamou_sound\Tataupa Tinamou31.mp3
Tataupa Tinamou_sound/Tataupa Tinamou4,D:\other\Bird\Code\data\kaggle_training_wav_cache_sp\Tataupa Tinamou_sound\Tataupa Tinamou4.wav,Tataupa Tinamou_sound,96,66.648,87,train,D:\other\Bird\Code\data\kaggle_training_wav_cache_sp\Tataupa Tinamou_sound\Tataupa Tinamou4.wav,66.648,True,D:\other\Bird\Dataset\CC0\Tataupa Tinamou_sound\Tataupa Tinamou4.mp3
Tataupa Tinamou_sound/Tataupa Tinamou5,D:\other\Bird\Code\data\kaggle_training_wav_cache_sp\Tataupa Tinamou_sound\Tataupa Tinamou5.wav,Tataupa Tinamou_sound,96,66.648,87,train,D:\other\Bird\Code\data\kaggle_training_wav_cache_sp\Tataupa Tinamou_sound\Tataupa Tinamou5.wav,66.648,True,D:\other\Bird\Dataset\CC0\Tataupa Tinamou_sound\Tataupa Tinamou5.mp3
Tataupa Tinamou_sound/Tataupa Tinamou6,D:\other\Bird\Code\data\kaggle_training_wav_cache_sp\Tataupa Tinamou_sound\Tataupa Tinamou6.wav,Tataupa Tinamou_sound,96,17.008,87,train,D:\other\Bird\Code\data\kaggle_training_wav_cache_sp\Tataupa Tinamou_sound\Tataupa Tinamou6.wav,17.008,True,D:\other\Bird\Dataset\CC0\Tataupa Tinamou_sound\Tataupa Tinamou6.mp3
Tataupa Tinamou_sound/Tataupa Tinamou7,D:\other\Bird\Code\data\kaggle_training_wav_cache_sp\Tataupa Tinamou_sound\Tataupa Tinamou7.wav,Tataupa Tinamou_sound,96,17.008,87,train,D:\other\Bird\Code\data\kaggle_training_wav_cache_sp\Tataupa Tinamou_sound\Tataupa Tinamou7.wav,17.008,True,D:\other\Bird\Dataset\CC0\Tataupa Tinamou_sound\Tataupa Tinamou7.mp3
Tataupa Tinamou_sound/Tataupa Tinamou8,D:\other\Bird\Code\data\kaggle_training_wav_cache_sp\Tataupa Tinamou_sound\Tataupa Tinamou8.wav,Tataupa Tinamou_sound,96,17.008,87,train,D:\other\Bird\Code\data\kaggle_training_wav_cache_sp\Tataupa Tinamou_sound\Tataupa Tinamou8.wav,17.008,True,D:\other\Bird\Dataset\CC0\Tataupa Tinamou_sound\Tataupa Tinamou8.mp3
Tataupa Tinamou_sound/Tataupa Tinamou9,D:\other\Bird\Code\data\kaggle_training_wav_cache_sp\Tataupa Tinamou_sound\Tataupa Tinamou9.wav,Tataupa Tinamou_sound,96,17.008,87,train,D:\other\Bird\Code\data\kaggle_training_wav_cache_sp\Tataupa Tinamou_sound\Tataupa Tinamou9.wav,17.008,True,D:\other\Bird\Dataset\CC0\Tataupa Tinamou_sound\Tataupa Tinamou9.mp3
Tawny-breasted Tinamou_sound/Tawny-breasted Tinamou10,D:\other\Bird\Code\data\kaggle_training_wav_cache_sp\Tawny-breasted Tinamou_sound\Tawny-breasted Tinamou10.wav,Tawny-breasted Tinamou_sound,97,15.744,88,train,D:\other\Bird\Code\data\kaggle_training_wav_cache_sp\Tawny-breasted Tinamou_sound\Tawny-breasted Tinamou10.wav,15.744,True,D:\other\Bird\Dataset\CC0\Tawny-breasted Tinamou_sound\Tawny-breasted Tinamou10.mp3
Tawny-breasted Tinamou_sound/Tawny-breasted Tinamou11,D:\other\Bird\Code\data\kaggle_training_wav_cache_sp\Tawny-breasted Tinamou_sound\Tawny-breasted Tinamou11.wav,Tawny-breasted Tinamou_sound,97,93.968,88,train,D:\other\Bird\Code\data\kaggle_training_wav_cache_sp\Tawny-breasted Tinamou_sound\Tawny-breasted Tinamou11.wav,93.968,True,D:\other\Bird\Dataset\CC0\Tawny-breasted Tinamou_sound\Tawny-breasted Tinamou11.mp3
Tawny-breasted Tinamou_sound/Tawny-breasted Tinamou12,D:\other\Bird\Code\data\kaggle_training_wav_cache_sp\Tawny-breasted Tinamou_sound\Tawny-breasted Tinamou12.wav,Tawny-breasted Tinamou_sound,97,93.968,88,train,D:\other\Bird\Code\data\kaggle_training_wav_cache_sp\Tawny-breasted Tinamou_sound\Tawny-breasted Tinamou12.wav,93.968,True,D:\other\Bird\Dataset\CC0\Tawny-breasted Tinamou_sound\Tawny-breasted Tinamou12.mp3
Tawny-breasted Tinamou_sound/Tawny-breasted Tinamou13,D:\other\Bird\Code\data\kaggle_training_wav_cache_sp\Tawny-breasted Tinamou_sound\Tawny-breasted Tinamou13.wav,Tawny-breasted Tinamou_sound,97,93.968,88,train,D:\other\Bird\Code\data\kaggle_training_wav_cache_sp\Tawny-breasted Tinamou_sound\Tawny-breasted Tinamou13.wav,93.968,True,D:\other\Bird\Dataset\CC0\Tawny-breasted Tinamou_sound\Tawny-breasted Tinamou13.mp3
Tawny-breasted Tinamou_sound/Tawny-breasted Tinamou14,D:\other\Bird\Code\data\kaggle_training_wav_cache_sp\Tawny-breasted Tinamou_sound\Tawny-breasted Tinamou14.wav,Tawny-breasted Tinamou_sound,97,37.808,88,train,D:\other\Bird\Code\data\kaggle_training_wav_cache_sp\Tawny-breasted Tinamou_sound\Tawny-breasted Tinamou14.wav,37.808,True,D:\other\Bird\Dataset\CC0\Tawny-breasted Tinamou_sound\Tawny-breasted Tinamou14.mp3
Tawny-breasted Tinamou_sound/Tawny-breasted Tinamou15,D:\other\Bird\Code\data\kaggle_training_wav_cache_sp\Tawny-breasted Tinamou_sound\Tawny-breasted Tinamou15.wav,Tawny-breasted Tinamou_sound,97,37.808,88,val,D:\other\Bird\Code\data\kaggle_training_wav_cache_sp\Tawny-breasted Tinamou_sound\Tawny-breasted Tinamou15.wav,37.808,True,D:\other\Bird\Dataset\CC0\Tawny-breasted Tinamou_sound\Tawny-breasted Tinamou15.mp3
Tawny-breasted Tinamou_sound/Tawny-breasted Tinamou16,D:\other\Bird\Code\data\kaggle_training_wav_cache_sp\Tawny-breasted Tinamou_sound\Tawny-breasted Tinamou16.wav,Tawny-breasted Tinamou_sound,97,39.504,88,train,D:\other\Bird\Code\data\kaggle_training_wav_cache_sp\Tawny-breasted Tinamou_sound\Tawny-breasted Tinamou16.wav,39.504,True,D:\other\Bird\Dataset\CC0\Tawny-breasted Tinamou_sound\Tawny-breasted Tinamou16.mp3
Tawny-breasted Tinamou_sound/Tawny-breasted Tinamou17,D:\other\Bird\Code\data\kaggle_training_wav_cache_sp\Tawny-breasted Tinamou_sound\Tawny-breasted Tinamou17.wav,Tawny-breasted Tinamou_sound,97,38.816,88,test,D:\other\Bird\Code\data\kaggle_training_wav_cache_sp\Tawny-breasted Tinamou_sound\Tawny-breasted Tinamou17.wav,38.816,True,D:\other\Bird\Dataset\CC0\Tawny-breasted Tinamou_sound\Tawny-breasted Tinamou17.mp3
Tawny-breasted Tinamou_sound/Tawny-breasted Tinamou18,D:\other\Bird\Code\data\kaggle_training_wav_cache_sp\Tawny-breasted Tinamou_sound\Tawny-breasted Tinamou18.wav,Tawny-breasted Tinamou_sound,97,22.64,88,train,D:\other\Bird\Code\data\kaggle_training_wav_cache_sp\Tawny-breasted Tinamou_sound\Tawny-breasted Tinamou18.wav,22.64,True,D:\other\Bird\Dataset\CC0\Tawny-breasted Tinamou_sound\Tawny-breasted Tinamou18.mp3
Tawny-breasted Tinamou_sound/Tawny-breasted Tinamou19,D:\other\Bird\Code\data\kaggle_training_wav_cache_sp\Tawny-breasted Tinamou_sound\Tawny-breasted Tinamou19.wav,Tawny-breasted Tinamou_sound,97,109.264,88,train,D:\other\Bird\Code\data\kaggle_training_wav_cache_sp\Tawny-breasted Tinamou_sound\Tawny-breasted Tinamou19.wav,109.264,True,D:\other\Bird\Dataset\CC0\Tawny-breasted Tinamou_sound\Tawny-breasted Tinamou19.mp3
Tawny-breasted Tinamou_sound/Tawny-breasted Tinamou2,D:\other\Bird\Code\data\kaggle_training_wav_cache_sp\Tawny-breasted Tinamou_sound\Tawny-breasted Tinamou2.wav,Tawny-breasted Tinamou_sound,97,14.20265625,88,train,D:\other\Bird\Code\data\kaggle_training_wav_cache_sp\Tawny-breasted Tinamou_sound\Tawny-breasted Tinamou2.wav,14.20265625,True,D:\other\Bird\Dataset\CC0\Tawny-breasted Tinamou_sound\Tawny-breasted Tinamou2.mp3
Tawny-breasted Tinamou_sound/Tawny-breasted Tinamou20,D:\other\Bird\Code\data\kaggle_training_wav_cache_sp\Tawny-breasted Tinamou_sound\Tawny-breasted Tinamou20.wav,Tawny-breasted Tinamou_sound,97,45.808,88,train,D:\other\Bird\Code\data\kaggle_training_wav_cache_sp\Tawny-breasted Tinamou_sound\Tawny-breasted Tinamou20.wav,45.808,True,D:\other\Bird\Dataset\CC0\Tawny-breasted Tinamou_sound\Tawny-breasted Tinamou20.mp3
Tawny-breasted Tinamou_sound/Tawny-breasted Tinamou21,D:\other\Bird\Code\data\kaggle_training_wav_cache_sp\Tawny-breasted Tinamou_sound\Tawny-breasted Tinamou21.wav,Tawny-breasted Tinamou_sound,97,45.808,88,train,D:\other\Bird\Code\data\kaggle_training_wav_cache_sp\Tawny-breasted Tinamou_sound\Tawny-breasted Tinamou21.wav,45.808,True,D:\other\Bird\Dataset\CC0\Tawny-breasted Tinamou_sound\Tawny-breasted Tinamou21.mp3
Tawny-breasted Tinamou_sound/Tawny-breasted Tinamou22,D:\other\Bird\Code\data\kaggle_training_wav_cache_sp\Tawny-breasted Tinamou_sound\Tawny-breasted Tinamou22.wav,Tawny-breasted Tinamou_sound,97,6.256,88,train,D:\other\Bird\Code\data\kaggle_training_wav_cache_sp\Tawny-breasted Tinamou_sound\Tawny-breasted Tinamou22.wav,6.256,True,D:\other\Bird\Dataset\CC0\Tawny-breasted Tinamou_sound\Tawny-breasted Tinamou22.mp3
Tawny-breasted Tinamou_sound/Tawny-breasted Tinamou23,D:\other\Bird\Code\data\kaggle_training_wav_cache_sp\Tawny-breasted Tinamou_sound\Tawny-breasted Tinamou23.wav,Tawny-breasted Tinamou_sound,97,6.256,88,train,D:\other\Bird\Code\data\kaggle_training_wav_cache_sp\Tawny-breasted Tinamou_sound\Tawny-breasted Tinamou23.wav,6.256,True,D:\other\Bird\Dataset\CC0\Tawny-breasted Tinamou_sound\Tawny-breasted Tinamou23.mp3
Tawny-breasted Tinamou_sound/Tawny-breasted Tinamou24,D:\other\Bird\Code\data\kaggle_training_wav_cache_sp\Tawny-breasted Tinamou_sound\Tawny-breasted Tinamou24.wav,Tawny-breasted Tinamou_sound,97,22.816,88,train,D:\other\Bird\Code\data\kaggle_training_wav_cache_sp\Tawny-breasted Tinamou_sound\Tawny-breasted Tinamou24.wav,22.816,True,D:\other\Bird\Dataset\CC0\Tawny-breasted Tinamou_sound\Tawny-breasted Tinamou24.mp3
Tawny-breasted Tinamou_sound/Tawny-breasted Tinamou25,D:\other\Bird\Code\data\kaggle_training_wav_cache_sp\Tawny-breasted Tinamou_sound\Tawny-breasted Tinamou25.wav,Tawny-breasted Tinamou_sound,97,37.632,88,train,D:\other\Bird\Code\data\kaggle_training_wav_cache_sp\Tawny-breasted Tinamou_sound\Tawny-breasted Tinamou25.wav,37.632,True,D:\other\Bird\Dataset\CC0\Tawny-breasted Tinamou_sound\Tawny-breasted Tinamou25.mp3
Tawny-breasted Tinamou_sound/Tawny-breasted Tinamou26,D:\other\Bird\Code\data\kaggle_training_wav_cache_sp\Tawny-breasted Tinamou_sound\Tawny-breasted Tinamou26.wav,Tawny-breasted Tinamou_sound,97,26.368,88,test,D:\other\Bird\Code\data\kaggle_training_wav_cache_sp\Tawny-breasted Tinamou_sound\Tawny-breasted Tinamou26.wav,26.368,True,D:\other\Bird\Dataset\CC0\Tawny-breasted Tinamou_sound\Tawny-breasted Tinamou26.mp3
Tawny-breasted Tinamou_sound/Tawny-breasted Tinamou27,D:\other\Bird\Code\data\kaggle_training_wav_cache_sp\Tawny-breasted Tinamou_sound\Tawny-breasted Tinamou27.wav,Tawny-breasted Tinamou_sound,97,72.224,88,val,D:\other\Bird\Code\data\kaggle_training_wav_cache_sp\Tawny-breasted Tinamou_sound\Tawny-breasted Tinamou27.wav,72.224,True,D:\other\Bird\Dataset\CC0\Tawny-breasted Tinamou_sound\Tawny-breasted Tinamou27.mp3
Tawny-breasted Tinamou_sound/Tawny-breasted Tinamou28,D:\other\Bird\Code\data\kaggle_training_wav_cache_sp\Tawny-breasted Tinamou_sound\Tawny-breasted Tinamou28.wav,Tawny-breasted Tinamou_sound,97,72.224,88,train,D:\other\Bird\Code\data\kaggle_training_wav_cache_sp\Tawny-breasted Tinamou_sound\Tawny-breasted Tinamou28.wav,72.224,True,D:\other\Bird\Dataset\CC0\Tawny-breasted Tinamou_sound\Tawny-breasted Tinamou28.mp3
Tawny-breasted Tinamou_sound/Tawny-breasted Tinamou29,D:\other\Bird\Code\data\kaggle_training_wav_cache_sp\Tawny-breasted Tinamou_sound\Tawny-breasted Tinamou29.wav,Tawny-breasted Tinamou_sound,97,72.224,88,train,D:\other\Bird\Code\data\kaggle_training_wav_cache_sp\Tawny-breasted Tinamou_sound\Tawny-breasted Tinamou29.wav,72.224,True,D:\other\Bird\Dataset\CC0\Tawny-breasted Tinamou_sound\Tawny-breasted Tinamou29.mp3
Tawny-breasted Tinamou_sound/Tawny-breasted Tinamou3,D:\other\Bird\Code\data\kaggle_training_wav_cache_sp\Tawny-breasted Tinamou_sound\Tawny-breasted Tinamou3.wav,Tawny-breasted Tinamou_sound,97,18.208,88,train,D:\other\Bird\Code\data\kaggle_training_wav_cache_sp\Tawny-breasted Tinamou_sound\Tawny-breasted Tinamou3.wav,18.208,True,D:\other\Bird\Dataset\CC0\Tawny-breasted Tinamou_sound\Tawny-breasted Tinamou3.mp3
Tawny-breasted Tinamou_sound/Tawny-breasted Tinamou30,D:\other\Bird\Code\data\kaggle_training_wav_cache_sp\Tawny-breasted Tinamou_sound\Tawny-breasted Tinamou30.wav,Tawny-breasted Tinamou_sound,97,72.224,88,train,D:\other\Bird\Code\data\kaggle_training_wav_cache_sp\Tawny-breasted Tinamou_sound\Tawny-breasted Tinamou30.wav,72.224,True,D:\other\Bird\Dataset\CC0\Tawny-breasted Tinamou_sound\Tawny-breasted Tinamou30.mp3
Tawny-breasted Tinamou_sound/Tawny-breasted Tinamou31,D:\other\Bird\Code\data\kaggle_training_wav_cache_sp\Tawny-breasted Tinamou_sound\Tawny-breasted Tinamou31.wav,Tawny-breasted Tinamou_sound,97,24.5121875,88,test,D:\other\Bird\Code\data\kaggle_training_wav_cache_sp\Tawny-breasted Tinamou_sound\Tawny-breasted Tinamou31.wav,24.5121875,True,D:\other\Bird\Dataset\CC0\Tawny-breasted Tinamou_sound\Tawny-breasted Tinamou31.mp3
Tawny-breasted Tinamou_sound/Tawny-breasted Tinamou4,D:\other\Bird\Code\data\kaggle_training_wav_cache_sp\Tawny-breasted Tinamou_sound\Tawny-breasted Tinamou4.wav,Tawny-breasted Tinamou_sound,97,45.12,88,train,D:\other\Bird\Code\data\kaggle_training_wav_cache_sp\Tawny-breasted Tinamou_sound\Tawny-breasted Tinamou4.wav,45.12,True,D:\other\Bird\Dataset\CC0\Tawny-breasted Tinamou_sound\Tawny-breasted Tinamou4.mp3
Tawny-breasted Tinamou_sound/Tawny-breasted Tinamou5,D:\other\Bird\Code\data\kaggle_training_wav_cache_sp\Tawny-breasted Tinamou_sound\Tawny-breasted Tinamou5.wav,Tawny-breasted Tinamou_sound,97,45.12,88,train,D:\other\Bird\Code\data\kaggle_training_wav_cache_sp\Tawny-breasted Tinamou_sound\Tawny-breasted Tinamou5.wav,45.12,True,D:\other\Bird\Dataset\CC0\Tawny-breasted Tinamou_sound\Tawny-breasted Tinamou5.mp3
Tawny-breasted Tinamou_sound/Tawny-breasted Tinamou6,D:\other\Bird\Code\data\kaggle_training_wav_cache_sp\Tawny-breasted Tinamou_sound\Tawny-breasted Tinamou6.wav,Tawny-breasted Tinamou_sound,97,45.12,88,test,D:\other\Bird\Code\data\kaggle_training_wav_cache_sp\Tawny-breasted Tinamou_sound\Tawny-breasted Tinamou6.wav,45.12,True,D:\other\Bird\Dataset\CC0\Tawny-breasted Tinamou_sound\Tawny-breasted Tinamou6.mp3
Tawny-breasted Tinamou_sound/Tawny-breasted Tinamou7,D:\other\Bird\Code\data\kaggle_training_wav_cache_sp\Tawny-breasted Tinamou_sound\Tawny-breasted Tinamou7.wav,Tawny-breasted Tinamou_sound,97,45.12,88,val,D:\other\Bird\Code\data\kaggle_training_wav_cache_sp\Tawny-breasted Tinamou_sound\Tawny-breasted Tinamou7.wav,45.12,True,D:\other\Bird\Dataset\CC0\Tawny-breasted Tinamou_sound\Tawny-breasted Tinamou7.mp3
Tawny-breasted Tinamou_sound/Tawny-breasted Tinamou8,D:\other\Bird\Code\data\kaggle_training_wav_cache_sp\Tawny-breasted Tinamou_sound\Tawny-breasted Tinamou8.wav,Tawny-breasted Tinamou_sound,97,45.12,88,val,D:\other\Bird\Code\data\kaggle_training_wav_cache_sp\Tawny-breasted Tinamou_sound\Tawny-breasted Tinamou8.wav,45.12,True,D:\other\Bird\Dataset\CC0\Tawny-breasted Tinamou_sound\Tawny-breasted Tinamou8.mp3
Tawny-breasted Tinamou_sound/Tawny-breasted Tinamou9,D:\other\Bird\Code\data\kaggle_training_wav_cache_sp\Tawny-breasted Tinamou_sound\Tawny-breasted Tinamou9.wav,Tawny-breasted Tinamou_sound,97,45.12,88,train,D:\other\Bird\Code\data\kaggle_training_wav_cache_sp\Tawny-breasted Tinamou_sound\Tawny-breasted Tinamou9.wav,45.12,True,D:\other\Bird\Dataset\CC0\Tawny-breasted Tinamou_sound\Tawny-breasted Tinamou9.mp3
Thicket Tinamou_sound/Thicket Tinamou10,D:\other\Bird\Code\data\kaggle_training_wav_cache_sp\Thicket Tinamou_sound\Thicket Tinamou10.wav,Thicket Tinamou_sound,99,17.072,89,val,D:\other\Bird\Code\data\kaggle_training_wav_cache_sp\Thicket Tinamou_sound\Thicket Tinamou10.wav,17.072,True,D:\other\Bird\Dataset\CC0\Thicket Tinamou_sound\Thicket Tinamou10.mp3
Thicket Tinamou_sound/Thicket Tinamou11,D:\other\Bird\Code\data\kaggle_training_wav_cache_sp\Thicket Tinamou_sound\Thicket Tinamou11.wav,Thicket Tinamou_sound,99,17.072,89,train,D:\other\Bird\Code\data\kaggle_training_wav_cache_sp\Thicket Tinamou_sound\Thicket Tinamou11.wav,17.072,True,D:\other\Bird\Dataset\CC0\Thicket Tinamou_sound\Thicket Tinamou11.mp3
Thicket Tinamou_sound/Thicket Tinamou12,D:\other\Bird\Code\data\kaggle_training_wav_cache_sp\Thicket Tinamou_sound\Thicket Tinamou12.wav,Thicket Tinamou_sound,99,19.248,89,train,D:\other\Bird\Code\data\kaggle_training_wav_cache_sp\Thicket Tinamou_sound\Thicket Tinamou12.wav,19.248,True,D:\other\Bird\Dataset\CC0\Thicket Tinamou_sound\Thicket Tinamou12.mp3
Thicket Tinamou_sound/Thicket Tinamou13,D:\other\Bird\Code\data\kaggle_training_wav_cache_sp\Thicket Tinamou_sound\Thicket Tinamou13.wav,Thicket Tinamou_sound,99,15.70803125,89,test,D:\other\Bird\Code\data\kaggle_training_wav_cache_sp\Thicket Tinamou_sound\Thicket Tinamou13.wav,15.70803125,True,D:\other\Bird\Dataset\CC0\Thicket Tinamou_sound\Thicket Tinamou13.mp3
Thicket Tinamou_sound/Thicket Tinamou14,D:\other\Bird\Code\data\kaggle_training_wav_cache_sp\Thicket Tinamou_sound\Thicket Tinamou14.wav,Thicket Tinamou_sound,99,15.70803125,89,train,D:\other\Bird\Code\data\kaggle_training_wav_cache_sp\Thicket Tinamou_sound\Thicket Tinamou14.wav,15.70803125,True,D:\other\Bird\Dataset\CC0\Thicket Tinamou_sound\Thicket Tinamou14.mp3
Thicket Tinamou_sound/Thicket Tinamou15,D:\other\Bird\Code\data\kaggle_training_wav_cache_sp\Thicket Tinamou_sound\Thicket Tinamou15.wav,Thicket Tinamou_sound,99,15.70803125,89,train,D:\other\Bird\Code\data\kaggle_training_wav_cache_sp\Thicket Tinamou_sound\Thicket Tinamou15.wav,15.70803125,True,D:\other\Bird\Dataset\CC0\Thicket Tinamou_sound\Thicket Tinamou15.mp3
Thicket Tinamou_sound/Thicket Tinamou16,D:\other\Bird\Code\data\kaggle_training_wav_cache_sp\Thicket Tinamou_sound\Thicket Tinamou16.wav,Thicket Tinamou_sound,99,70.12078125,89,train,D:\other\Bird\Code\data\kaggle_training_wav_cache_sp\Thicket Tinamou_sound\Thicket Tinamou16.wav,70.12078125,True,D:\other\Bird\Dataset\CC0\Thicket Tinamou_sound\Thicket Tinamou16.mp3
Thicket Tinamou_sound/Thicket Tinamou18,D:\other\Bird\Code\data\kaggle_training_wav_cache_sp\Thicket Tinamou_sound\Thicket Tinamou18.wav,Thicket Tinamou_sound,99,33.232,89,train,D:\other\Bird\Code\data\kaggle_training_wav_cache_sp\Thicket Tinamou_sound\Thicket Tinamou18.wav,33.232,True,D:\other\Bird\Dataset\CC0\Thicket Tinamou_sound\Thicket Tinamou18.mp3
Thicket Tinamou_sound/Thicket Tinamou19,D:\other\Bird\Code\data\kaggle_training_wav_cache_sp\Thicket Tinamou_sound\Thicket Tinamou19.wav,Thicket Tinamou_sound,99,55.072,89,train,D:\other\Bird\Code\data\kaggle_training_wav_cache_sp\Thicket Tinamou_sound\Thicket Tinamou19.wav,55.072,True,D:\other\Bird\Dataset\CC0\Thicket Tinamou_sound\Thicket Tinamou19.mp3
Thicket Tinamou_sound/Thicket Tinamou2,D:\other\Bird\Code\data\kaggle_training_wav_cache_sp\Thicket Tinamou_sound\Thicket Tinamou2.wav,Thicket Tinamou_sound,99,8.448,89,val,D:\other\Bird\Code\data\kaggle_training_wav_cache_sp\Thicket Tinamou_sound\Thicket Tinamou2.wav,8.448,True,D:\other\Bird\Dataset\CC0\Thicket Tinamou_sound\Thicket Tinamou2.mp3
Thicket Tinamou_sound/Thicket Tinamou20,D:\other\Bird\Code\data\kaggle_training_wav_cache_sp\Thicket Tinamou_sound\Thicket Tinamou20.wav,Thicket Tinamou_sound,99,55.072,89,train,D:\other\Bird\Code\data\kaggle_training_wav_cache_sp\Thicket Tinamou_sound\Thicket Tinamou20.wav,55.072,True,D:\other\Bird\Dataset\CC0\Thicket Tinamou_sound\Thicket Tinamou20.mp3
Thicket Tinamou_sound/Thicket Tinamou21,D:\other\Bird\Code\data\kaggle_training_wav_cache_sp\Thicket Tinamou_sound\Thicket Tinamou21.wav,Thicket Tinamou_sound,99,55.072,89,test,D:\other\Bird\Code\data\kaggle_training_wav_cache_sp\Thicket Tinamou_sound\Thicket Tinamou21.wav,55.072,True,D:\other\Bird\Dataset\CC0\Thicket Tinamou_sound\Thicket Tinamou21.mp3
Thicket Tinamou_sound/Thicket Tinamou23,D:\other\Bird\Code\data\kaggle_training_wav_cache_sp\Thicket Tinamou_sound\Thicket Tinamou23.wav,Thicket Tinamou_sound,99,44.774875,89,train,D:\other\Bird\Code\data\kaggle_training_wav_cache_sp\Thicket Tinamou_sound\Thicket Tinamou23.wav,44.774875,True,D:\other\Bird\Dataset\CC0\Thicket Tinamou_sound\Thicket Tinamou23.mp3
Thicket Tinamou_sound/Thicket Tinamou24,D:\other\Bird\Code\data\kaggle_training_wav_cache_sp\Thicket Tinamou_sound\Thicket Tinamou24.wav,Thicket Tinamou_sound,99,15.98884375,89,train,D:\other\Bird\Code\data\kaggle_training_wav_cache_sp\Thicket Tinamou_sound\Thicket Tinamou24.wav,15.98884375,True,D:\other\Bird\Dataset\CC0\Thicket Tinamou_sound\Thicket Tinamou24.mp3
Thicket Tinamou_sound/Thicket Tinamou27,D:\other\Bird\Code\data\kaggle_training_wav_cache_sp\Thicket Tinamou_sound\Thicket Tinamou27.wav,Thicket Tinamou_sound,99,28.992,89,test,D:\other\Bird\Code\data\kaggle_training_wav_cache_sp\Thicket Tinamou_sound\Thicket Tinamou27.wav,28.992,True,D:\other\Bird\Dataset\CC0\Thicket Tinamou_sound\Thicket Tinamou27.mp3
Thicket Tinamou_sound/Thicket Tinamou28,D:\other\Bird\Code\data\kaggle_training_wav_cache_sp\Thicket Tinamou_sound\Thicket Tinamou28.wav,Thicket Tinamou_sound,99,28.992,89,val,D:\other\Bird\Code\data\kaggle_training_wav_cache_sp\Thicket Tinamou_sound\Thicket Tinamou28.wav,28.992,True,D:\other\Bird\Dataset\CC0\Thicket Tinamou_sound\Thicket Tinamou28.mp3
Thicket Tinamou_sound/Thicket Tinamou29,D:\other\Bird\Code\data\kaggle_training_wav_cache_sp\Thicket Tinamou_sound\Thicket Tinamou29.wav,Thicket Tinamou_sound,99,28.992,89,train,D:\other\Bird\Code\data\kaggle_training_wav_cache_sp\Thicket Tinamou_sound\Thicket Tinamou29.wav,28.992,True,D:\other\Bird\Dataset\CC0\Thicket Tinamou_sound\Thicket Tinamou29.mp3
Thicket Tinamou_sound/Thicket Tinamou3,D:\other\Bird\Code\data\kaggle_training_wav_cache_sp\Thicket Tinamou_sound\Thicket Tinamou3.wav,Thicket Tinamou_sound,99,16.224,89,train,D:\other\Bird\Code\data\kaggle_training_wav_cache_sp\Thicket Tinamou_sound\Thicket Tinamou3.wav,16.224,True,D:\other\Bird\Dataset\CC0\Thicket Tinamou_sound\Thicket Tinamou3.mp3
Thicket Tinamou_sound/Thicket Tinamou30,D:\other\Bird\Code\data\kaggle_training_wav_cache_sp\Thicket Tinamou_sound\Thicket Tinamou30.wav,Thicket Tinamou_sound,99,28.992,89,train,D:\other\Bird\Code\data\kaggle_training_wav_cache_sp\Thicket Tinamou_sound\Thicket Tinamou30.wav,28.992,True,D:\other\Bird\Dataset\CC0\Thicket Tinamou_sound\Thicket Tinamou30.mp3
Thicket Tinamou_sound/Thicket Tinamou31,D:\other\Bird\Code\data\kaggle_training_wav_cache_sp\Thicket Tinamou_sound\Thicket Tinamou31.wav,Thicket Tinamou_sound,99,28.992,89,val,D:\other\Bird\Code\data\kaggle_training_wav_cache_sp\Thicket Tinamou_sound\Thicket Tinamou31.wav,28.992,True,D:\other\Bird\Dataset\CC0\Thicket Tinamou_sound\Thicket Tinamou31.mp3
Thicket Tinamou_sound/Thicket Tinamou4,D:\other\Bird\Code\data\kaggle_training_wav_cache_sp\Thicket Tinamou_sound\Thicket Tinamou4.wav,Thicket Tinamou_sound,99,394.35359375,89,train,D:\other\Bird\Code\data\kaggle_training_wav_cache_sp\Thicket Tinamou_sound\Thicket Tinamou4.wav,394.35359375,True,D:\other\Bird\Dataset\CC0\Thicket Tinamou_sound\Thicket Tinamou4.mp3
Thicket Tinamou_sound/Thicket Tinamou5,D:\other\Bird\Code\data\kaggle_training_wav_cache_sp\Thicket Tinamou_sound\Thicket Tinamou5.wav,Thicket Tinamou_sound,99,394.35359375,89,test,D:\other\Bird\Code\data\kaggle_training_wav_cache_sp\Thicket Tinamou_sound\Thicket Tinamou5.wav,394.35359375,True,D:\other\Bird\Dataset\CC0\Thicket Tinamou_sound\Thicket Tinamou5.mp3
Thicket Tinamou_sound/Thicket Tinamou6,D:\other\Bird\Code\data\kaggle_training_wav_cache_sp\Thicket Tinamou_sound\Thicket Tinamou6.wav,Thicket Tinamou_sound,99,394.35359375,89,train,D:\other\Bird\Code\data\kaggle_training_wav_cache_sp\Thicket Tinamou_sound\Thicket Tinamou6.wav,394.35359375,True,D:\other\Bird\Dataset\CC0\Thicket Tinamou_sound\Thicket Tinamou6.mp3
Thicket Tinamou_sound/Thicket Tinamou7,D:\other\Bird\Code\data\kaggle_training_wav_cache_sp\Thicket Tinamou_sound\Thicket Tinamou7.wav,Thicket Tinamou_sound,99,394.35359375,89,train,D:\other\Bird\Code\data\kaggle_training_wav_cache_sp\Thicket Tinamou_sound\Thicket Tinamou7.wav,394.35359375,True,D:\other\Bird\Dataset\CC0\Thicket Tinamou_sound\Thicket Tinamou7.mp3
Thicket Tinamou_sound/Thicket Tinamou8,D:\other\Bird\Code\data\kaggle_training_wav_cache_sp\Thicket Tinamou_sound\Thicket Tinamou8.wav,Thicket Tinamou_sound,99,394.35359375,89,train,D:\other\Bird\Code\data\kaggle_training_wav_cache_sp\Thicket Tinamou_sound\Thicket Tinamou8.wav,394.35359375,True,D:\other\Bird\Dataset\CC0\Thicket Tinamou_sound\Thicket Tinamou8.mp3
Thicket Tinamou_sound/Thicket Tinamou9,D:\other\Bird\Code\data\kaggle_training_wav_cache_sp\Thicket Tinamou_sound\Thicket Tinamou9.wav,Thicket Tinamou_sound,99,394.35359375,89,train,D:\other\Bird\Code\data\kaggle_training_wav_cache_sp\Thicket Tinamou_sound\Thicket Tinamou9.wav,394.35359375,True,D:\other\Bird\Dataset\CC0\Thicket Tinamou_sound\Thicket Tinamou9.mp3
Tongan Megapode_sound/Tongan Megapode10,D:\other\Bird\Code\data\kaggle_training_wav_cache_sp\Tongan Megapode_sound\Tongan Megapode10.wav,Tongan Megapode_sound,100,8.00621875,90,val,D:\other\Bird\Code\data\kaggle_training_wav_cache_sp\Tongan Megapode_sound\Tongan Megapode10.wav,8.00621875,True,D:\other\Bird\Dataset\CC0\Tongan Megapode_sound\Tongan Megapode10.mp3
Tongan Megapode_sound/Tongan Megapode11,D:\other\Bird\Code\data\kaggle_training_wav_cache_sp\Tongan Megapode_sound\Tongan Megapode11.wav,Tongan Megapode_sound,100,7.59675,90,test,D:\other\Bird\Code\data\kaggle_training_wav_cache_sp\Tongan Megapode_sound\Tongan Megapode11.wav,7.59675,True,D:\other\Bird\Dataset\CC0\Tongan Megapode_sound\Tongan Megapode11.mp3
Tongan Megapode_sound/Tongan Megapode12,D:\other\Bird\Code\data\kaggle_training_wav_cache_sp\Tongan Megapode_sound\Tongan Megapode12.wav,Tongan Megapode_sound,100,7.59675,90,test,D:\other\Bird\Code\data\kaggle_training_wav_cache_sp\Tongan Megapode_sound\Tongan Megapode12.wav,7.59675,True,D:\other\Bird\Dataset\CC0\Tongan Megapode_sound\Tongan Megapode12.mp3
Tongan Megapode_sound/Tongan Megapode13,D:\other\Bird\Code\data\kaggle_training_wav_cache_sp\Tongan Megapode_sound\Tongan Megapode13.wav,Tongan Megapode_sound,100,7.59675,90,train,D:\other\Bird\Code\data\kaggle_training_wav_cache_sp\Tongan Megapode_sound\Tongan Megapode13.wav,7.59675,True,D:\other\Bird\Dataset\CC0\Tongan Megapode_sound\Tongan Megapode13.mp3
Tongan Megapode_sound/Tongan Megapode14,D:\other\Bird\Code\data\kaggle_training_wav_cache_sp\Tongan Megapode_sound\Tongan Megapode14.wav,Tongan Megapode_sound,100,7.59675,90,train,D:\other\Bird\Code\data\kaggle_training_wav_cache_sp\Tongan Megapode_sound\Tongan Megapode14.wav,7.59675,True,D:\other\Bird\Dataset\CC0\Tongan Megapode_sound\Tongan Megapode14.mp3
Tongan Megapode_sound/Tongan Megapode15,D:\other\Bird\Code\data\kaggle_training_wav_cache_sp\Tongan Megapode_sound\Tongan Megapode15.wav,Tongan Megapode_sound,100,8.62565625,90,train,D:\other\Bird\Code\data\kaggle_training_wav_cache_sp\Tongan Megapode_sound\Tongan Megapode15.wav,8.62565625,True,D:\other\Bird\Dataset\CC0\Tongan Megapode_sound\Tongan Megapode15.mp3
Tongan Megapode_sound/Tongan Megapode2,D:\other\Bird\Code\data\kaggle_training_wav_cache_sp\Tongan Megapode_sound\Tongan Megapode2.wav,Tongan Megapode_sound,100,12.096,90,val,D:\other\Bird\Code\data\kaggle_training_wav_cache_sp\Tongan Megapode_sound\Tongan Megapode2.wav,12.096,True,D:\other\Bird\Dataset\CC0\Tongan Megapode_sound\Tongan Megapode2.mp3
Tongan Megapode_sound/Tongan Megapode3,D:\other\Bird\Code\data\kaggle_training_wav_cache_sp\Tongan Megapode_sound\Tongan Megapode3.wav,Tongan Megapode_sound,100,12.096,90,train,D:\other\Bird\Code\data\kaggle_training_wav_cache_sp\Tongan Megapode_sound\Tongan Megapode3.wav,12.096,True,D:\other\Bird\Dataset\CC0\Tongan Megapode_sound\Tongan Megapode3.mp3
Tongan Megapode_sound/Tongan Megapode4,D:\other\Bird\Code\data\kaggle_training_wav_cache_sp\Tongan Megapode_sound\Tongan Megapode4.wav,Tongan Megapode_sound,100,5.6055625,90,train,D:\other\Bird\Code\data\kaggle_training_wav_cache_sp\Tongan Megapode_sound\Tongan Megapode4.wav,5.6055625,True,D:\other\Bird\Dataset\CC0\Tongan Megapode_sound\Tongan Megapode4.mp3
Tongan Megapode_sound/Tongan Megapode5,D:\other\Bird\Code\data\kaggle_training_wav_cache_sp\Tongan Megapode_sound\Tongan Megapode5.wav,Tongan Megapode_sound,100,9.79528125,90,train,D:\other\Bird\Code\data\kaggle_training_wav_cache_sp\Tongan Megapode_sound\Tongan Megapode5.wav,9.79528125,True,D:\other\Bird\Dataset\CC0\Tongan Megapode_sound\Tongan Megapode5.mp3
Tongan Megapode_sound/Tongan Megapode6,D:\other\Bird\Code\data\kaggle_training_wav_cache_sp\Tongan Megapode_sound\Tongan Megapode6.wav,Tongan Megapode_sound,100,11.07103125,90,train,D:\other\Bird\Code\data\kaggle_training_wav_cache_sp\Tongan Megapode_sound\Tongan Megapode6.wav,11.07103125,True,D:\other\Bird\Dataset\CC0\Tongan Megapode_sound\Tongan Megapode6.mp3
Tongan Megapode_sound/Tongan Megapode7,D:\other\Bird\Code\data\kaggle_training_wav_cache_sp\Tongan Megapode_sound\Tongan Megapode7.wav,Tongan Megapode_sound,100,10.3415625,90,train,D:\other\Bird\Code\data\kaggle_training_wav_cache_sp\Tongan Megapode_sound\Tongan Megapode7.wav,10.3415625,True,D:\other\Bird\Dataset\CC0\Tongan Megapode_sound\Tongan Megapode7.mp3
Tongan Megapode_sound/Tongan Megapode8,D:\other\Bird\Code\data\kaggle_training_wav_cache_sp\Tongan Megapode_sound\Tongan Megapode8.wav,Tongan Megapode_sound,100,7.643125,90,train,D:\other\Bird\Code\data\kaggle_training_wav_cache_sp\Tongan Megapode_sound\Tongan Megapode8.wav,7.643125,True,D:\other\Bird\Dataset\CC0\Tongan Megapode_sound\Tongan Megapode8.mp3
Tongan Megapode_sound/Tongan Megapode9,D:\other\Bird\Code\data\kaggle_training_wav_cache_sp\Tongan Megapode_sound\Tongan Megapode9.wav,Tongan Megapode_sound,100,7.072,90,train,D:\other\Bird\Code\data\kaggle_training_wav_cache_sp\Tongan Megapode_sound\Tongan Megapode9.wav,7.072,True,D:\other\Bird\Dataset\CC0\Tongan Megapode_sound\Tongan Megapode9.mp3
Undulated Tinamou_sound/Undulated Tinamou10,D:\other\Bird\Code\data\kaggle_training_wav_cache_sp\Undulated Tinamou_sound\Undulated Tinamou10.wav,Undulated Tinamou_sound,102,20.84415625,91,train,D:\other\Bird\Code\data\kaggle_training_wav_cache_sp\Undulated Tinamou_sound\Undulated Tinamou10.wav,20.84415625,True,D:\other\Bird\Dataset\CC0\Undulated Tinamou_sound\Undulated Tinamou10.mp3
Undulated Tinamou_sound/Undulated Tinamou11,D:\other\Bird\Code\data\kaggle_training_wav_cache_sp\Undulated Tinamou_sound\Undulated Tinamou11.wav,Undulated Tinamou_sound,102,20.84415625,91,train,D:\other\Bird\Code\data\kaggle_training_wav_cache_sp\Undulated Tinamou_sound\Undulated Tinamou11.wav,20.84415625,True,D:\other\Bird\Dataset\CC0\Undulated Tinamou_sound\Undulated Tinamou11.mp3
Undulated Tinamou_sound/Undulated Tinamou12,D:\other\Bird\Code\data\kaggle_training_wav_cache_sp\Undulated Tinamou_sound\Undulated Tinamou12.wav,Undulated Tinamou_sound,102,20.84415625,91,val,D:\other\Bird\Code\data\kaggle_training_wav_cache_sp\Undulated Tinamou_sound\Undulated Tinamou12.wav,20.84415625,True,D:\other\Bird\Dataset\CC0\Undulated Tinamou_sound\Undulated Tinamou12.mp3
Undulated Tinamou_sound/Undulated Tinamou13,D:\other\Bird\Code\data\kaggle_training_wav_cache_sp\Undulated Tinamou_sound\Undulated Tinamou13.wav,Undulated Tinamou_sound,102,20.84415625,91,train,D:\other\Bird\Code\data\kaggle_training_wav_cache_sp\Undulated Tinamou_sound\Undulated Tinamou13.wav,20.84415625,True,D:\other\Bird\Dataset\CC0\Undulated Tinamou_sound\Undulated Tinamou13.mp3
Undulated Tinamou_sound/Undulated Tinamou14,D:\other\Bird\Code\data\kaggle_training_wav_cache_sp\Undulated Tinamou_sound\Undulated Tinamou14.wav,Undulated Tinamou_sound,102,20.84415625,91,train,D:\other\Bird\Code\data\kaggle_training_wav_cache_sp\Undulated Tinamou_sound\Undulated Tinamou14.wav,20.84415625,True,D:\other\Bird\Dataset\CC0\Undulated Tinamou_sound\Undulated Tinamou14.mp3
Undulated Tinamou_sound/Undulated Tinamou15,D:\other\Bird\Code\data\kaggle_training_wav_cache_sp\Undulated Tinamou_sound\Undulated Tinamou15.wav,Undulated Tinamou_sound,102,20.84415625,91,train,D:\other\Bird\Code\data\kaggle_training_wav_cache_sp\Undulated Tinamou_sound\Undulated Tinamou15.wav,20.84415625,True,D:\other\Bird\Dataset\CC0\Undulated Tinamou_sound\Undulated Tinamou15.mp3
Undulated Tinamou_sound/Undulated Tinamou16,D:\other\Bird\Code\data\kaggle_training_wav_cache_sp\Undulated Tinamou_sound\Undulated Tinamou16.wav,Undulated Tinamou_sound,102,76.288,91,train,D:\other\Bird\Code\data\kaggle_training_wav_cache_sp\Undulated Tinamou_sound\Undulated Tinamou16.wav,76.288,True,D:\other\Bird\Dataset\CC0\Undulated Tinamou_sound\Undulated Tinamou16.mp3
Undulated Tinamou_sound/Undulated Tinamou17,D:\other\Bird\Code\data\kaggle_training_wav_cache_sp\Undulated Tinamou_sound\Undulated Tinamou17.wav,Undulated Tinamou_sound,102,76.288,91,test,D:\other\Bird\Code\data\kaggle_training_wav_cache_sp\Undulated Tinamou_sound\Undulated Tinamou17.wav,76.288,True,D:\other\Bird\Dataset\CC0\Undulated Tinamou_sound\Undulated Tinamou17.mp3
Undulated Tinamou_sound/Undulated Tinamou18,D:\other\Bird\Code\data\kaggle_training_wav_cache_sp\Undulated Tinamou_sound\Undulated Tinamou18.wav,Undulated Tinamou_sound,102,76.288,91,train,D:\other\Bird\Code\data\kaggle_training_wav_cache_sp\Undulated Tinamou_sound\Undulated Tinamou18.wav,76.288,True,D:\other\Bird\Dataset\CC0\Undulated Tinamou_sound\Undulated Tinamou18.mp3
Undulated Tinamou_sound/Undulated Tinamou19,D:\other\Bird\Code\data\kaggle_training_wav_cache_sp\Undulated Tinamou_sound\Undulated Tinamou19.wav,Undulated Tinamou_sound,102,76.288,91,val,D:\other\Bird\Code\data\kaggle_training_wav_cache_sp\Undulated Tinamou_sound\Undulated Tinamou19.wav,76.288,True,D:\other\Bird\Dataset\CC0\Undulated Tinamou_sound\Undulated Tinamou19.mp3
Undulated Tinamou_sound/Undulated Tinamou2,D:\other\Bird\Code\data\kaggle_training_wav_cache_sp\Undulated Tinamou_sound\Undulated Tinamou2.wav,Undulated Tinamou_sound,102,134.03725,91,train,D:\other\Bird\Code\data\kaggle_training_wav_cache_sp\Undulated Tinamou_sound\Undulated Tinamou2.wav,134.03725,True,D:\other\Bird\Dataset\CC0\Undulated Tinamou_sound\Undulated Tinamou2.mp3
Undulated Tinamou_sound/Undulated Tinamou20,D:\other\Bird\Code\data\kaggle_training_wav_cache_sp\Undulated Tinamou_sound\Undulated Tinamou20.wav,Undulated Tinamou_sound,102,76.288,91,train,D:\other\Bird\Code\data\kaggle_training_wav_cache_sp\Undulated Tinamou_sound\Undulated Tinamou20.wav,76.288,True,D:\other\Bird\Dataset\CC0\Undulated Tinamou_sound\Undulated Tinamou20.mp3
Undulated Tinamou_sound/Undulated Tinamou21,D:\other\Bird\Code\data\kaggle_training_wav_cache_sp\Undulated Tinamou_sound\Undulated Tinamou21.wav,Undulated Tinamou_sound,102,76.288,91,train,D:\other\Bird\Code\data\kaggle_training_wav_cache_sp\Undulated Tinamou_sound\Undulated Tinamou21.wav,76.288,True,D:\other\Bird\Dataset\CC0\Undulated Tinamou_sound\Undulated Tinamou21.mp3
Undulated Tinamou_sound/Undulated Tinamou22,D:\other\Bird\Code\data\kaggle_training_wav_cache_sp\Undulated Tinamou_sound\Undulated Tinamou22.wav,Undulated Tinamou_sound,102,76.288,91,val,D:\other\Bird\Code\data\kaggle_training_wav_cache_sp\Undulated Tinamou_sound\Undulated Tinamou22.wav,76.288,True,D:\other\Bird\Dataset\CC0\Undulated Tinamou_sound\Undulated Tinamou22.mp3
Undulated Tinamou_sound/Undulated Tinamou23,D:\other\Bird\Code\data\kaggle_training_wav_cache_sp\Undulated Tinamou_sound\Undulated Tinamou23.wav,Undulated Tinamou_sound,102,76.288,91,train,D:\other\Bird\Code\data\kaggle_training_wav_cache_sp\Undulated Tinamou_sound\Undulated Tinamou23.wav,76.288,True,D:\other\Bird\Dataset\CC0\Undulated Tinamou_sound\Undulated Tinamou23.mp3
Undulated Tinamou_sound/Undulated Tinamou24,D:\other\Bird\Code\data\kaggle_training_wav_cache_sp\Undulated Tinamou_sound\Undulated Tinamou24.wav,Undulated Tinamou_sound,102,76.288,91,val,D:\other\Bird\Code\data\kaggle_training_wav_cache_sp\Undulated Tinamou_sound\Undulated Tinamou24.wav,76.288,True,D:\other\Bird\Dataset\CC0\Undulated Tinamou_sound\Undulated Tinamou24.mp3
Undulated Tinamou_sound/Undulated Tinamou25,D:\other\Bird\Code\data\kaggle_training_wav_cache_sp\Undulated Tinamou_sound\Undulated Tinamou25.wav,Undulated Tinamou_sound,102,76.288,91,train,D:\other\Bird\Code\data\kaggle_training_wav_cache_sp\Undulated Tinamou_sound\Undulated Tinamou25.wav,76.288,True,D:\other\Bird\Dataset\CC0\Undulated Tinamou_sound\Undulated Tinamou25.mp3
Undulated Tinamou_sound/Undulated Tinamou26,D:\other\Bird\Code\data\kaggle_training_wav_cache_sp\Undulated Tinamou_sound\Undulated Tinamou26.wav,Undulated Tinamou_sound,102,76.288,91,train,D:\other\Bird\Code\data\kaggle_training_wav_cache_sp\Undulated Tinamou_sound\Undulated Tinamou26.wav,76.288,True,D:\other\Bird\Dataset\CC0\Undulated Tinamou_sound\Undulated Tinamou26.mp3
Undulated Tinamou_sound/Undulated Tinamou27,D:\other\Bird\Code\data\kaggle_training_wav_cache_sp\Undulated Tinamou_sound\Undulated Tinamou27.wav,Undulated Tinamou_sound,102,76.288,91,train,D:\other\Bird\Code\data\kaggle_training_wav_cache_sp\Undulated Tinamou_sound\Undulated Tinamou27.wav,76.288,True,D:\other\Bird\Dataset\CC0\Undulated Tinamou_sound\Undulated Tinamou27.mp3
Undulated Tinamou_sound/Undulated Tinamou28,D:\other\Bird\Code\data\kaggle_training_wav_cache_sp\Undulated Tinamou_sound\Undulated Tinamou28.wav,Undulated Tinamou_sound,102,76.288,91,train,D:\other\Bird\Code\data\kaggle_training_wav_cache_sp\Undulated Tinamou_sound\Undulated Tinamou28.wav,76.288,True,D:\other\Bird\Dataset\CC0\Undulated Tinamou_sound\Undulated Tinamou28.mp3
Undulated Tinamou_sound/Undulated Tinamou29,D:\other\Bird\Code\data\kaggle_training_wav_cache_sp\Undulated Tinamou_sound\Undulated Tinamou29.wav,Undulated Tinamou_sound,102,71.082125,91,train,D:\other\Bird\Code\data\kaggle_training_wav_cache_sp\Undulated Tinamou_sound\Undulated Tinamou29.wav,71.082125,True,D:\other\Bird\Dataset\CC0\Undulated Tinamou_sound\Undulated Tinamou29.mp3
Undulated Tinamou_sound/Undulated Tinamou3,D:\other\Bird\Code\data\kaggle_training_wav_cache_sp\Undulated Tinamou_sound\Undulated Tinamou3.wav,Undulated Tinamou_sound,102,134.03725,91,train,D:\other\Bird\Code\data\kaggle_training_wav_cache_sp\Undulated Tinamou_sound\Undulated Tinamou3.wav,134.03725,True,D:\other\Bird\Dataset\CC0\Undulated Tinamou_sound\Undulated Tinamou3.mp3
Undulated Tinamou_sound/Undulated Tinamou30,D:\other\Bird\Code\data\kaggle_training_wav_cache_sp\Undulated Tinamou_sound\Undulated Tinamou30.wav,Undulated Tinamou_sound,102,71.082125,91,train,D:\other\Bird\Code\data\kaggle_training_wav_cache_sp\Undulated Tinamou_sound\Undulated Tinamou30.wav,71.082125,True,D:\other\Bird\Dataset\CC0\Undulated Tinamou_sound\Undulated Tinamou30.mp3
Undulated Tinamou_sound/Undulated Tinamou31,D:\other\Bird\Code\data\kaggle_training_wav_cache_sp\Undulated Tinamou_sound\Undulated Tinamou31.wav,Undulated Tinamou_sound,102,71.082125,91,train,D:\other\Bird\Code\data\kaggle_training_wav_cache_sp\Undulated Tinamou_sound\Undulated Tinamou31.wav,71.082125,True,D:\other\Bird\Dataset\CC0\Undulated Tinamou_sound\Undulated Tinamou31.mp3
Undulated Tinamou_sound/Undulated Tinamou4,D:\other\Bird\Code\data\kaggle_training_wav_cache_sp\Undulated Tinamou_sound\Undulated Tinamou4.wav,Undulated Tinamou_sound,102,134.03725,91,test,D:\other\Bird\Code\data\kaggle_training_wav_cache_sp\Undulated Tinamou_sound\Undulated Tinamou4.wav,134.03725,True,D:\other\Bird\Dataset\CC0\Undulated Tinamou_sound\Undulated Tinamou4.mp3
Undulated Tinamou_sound/Undulated Tinamou5,D:\other\Bird\Code\data\kaggle_training_wav_cache_sp\Undulated Tinamou_sound\Undulated Tinamou5.wav,Undulated Tinamou_sound,102,134.03725,91,test,D:\other\Bird\Code\data\kaggle_training_wav_cache_sp\Undulated Tinamou_sound\Undulated Tinamou5.wav,134.03725,True,D:\other\Bird\Dataset\CC0\Undulated Tinamou_sound\Undulated Tinamou5.mp3
Undulated Tinamou_sound/Undulated Tinamou6,D:\other\Bird\Code\data\kaggle_training_wav_cache_sp\Undulated Tinamou_sound\Undulated Tinamou6.wav,Undulated Tinamou_sound,102,134.03725,91,train,D:\other\Bird\Code\data\kaggle_training_wav_cache_sp\Undulated Tinamou_sound\Undulated Tinamou6.wav,134.03725,True,D:\other\Bird\Dataset\CC0\Undulated Tinamou_sound\Undulated Tinamou6.mp3
Undulated Tinamou_sound/Undulated Tinamou7,D:\other\Bird\Code\data\kaggle_training_wav_cache_sp\Undulated Tinamou_sound\Undulated Tinamou7.wav,Undulated Tinamou_sound,102,134.03725,91,train,D:\other\Bird\Code\data\kaggle_training_wav_cache_sp\Undulated Tinamou_sound\Undulated Tinamou7.wav,134.03725,True,D:\other\Bird\Dataset\CC0\Undulated Tinamou_sound\Undulated Tinamou7.mp3
Undulated Tinamou_sound/Undulated Tinamou8,D:\other\Bird\Code\data\kaggle_training_wav_cache_sp\Undulated Tinamou_sound\Undulated Tinamou8.wav,Undulated Tinamou_sound,102,134.03725,91,test,D:\other\Bird\Code\data\kaggle_training_wav_cache_sp\Undulated Tinamou_sound\Undulated Tinamou8.wav,134.03725,True,D:\other\Bird\Dataset\CC0\Undulated Tinamou_sound\Undulated Tinamou8.mp3
Undulated Tinamou_sound/Undulated Tinamou9,D:\other\Bird\Code\data\kaggle_training_wav_cache_sp\Undulated Tinamou_sound\Undulated Tinamou9.wav,Undulated Tinamou_sound,102,20.84415625,91,train,D:\other\Bird\Code\data\kaggle_training_wav_cache_sp\Undulated Tinamou_sound\Undulated Tinamou9.wav,20.84415625,True,D:\other\Bird\Dataset\CC0\Undulated Tinamou_sound\Undulated Tinamou9.mp3
Variegated Tinamou_sound/Variegated Tinamou10,D:\other\Bird\Code\data\kaggle_training_wav_cache_sp\Variegated Tinamou_sound\Variegated Tinamou10.wav,Variegated Tinamou_sound,104,12.7415625,92,val,D:\other\Bird\Code\data\kaggle_training_wav_cache_sp\Variegated Tinamou_sound\Variegated Tinamou10.wav,12.7415625,True,D:\other\Bird\Dataset\CC0\Variegated Tinamou_sound\Variegated Tinamou10.mp3
Variegated Tinamou_sound/Variegated Tinamou11,D:\other\Bird\Code\data\kaggle_training_wav_cache_sp\Variegated Tinamou_sound\Variegated Tinamou11.wav,Variegated Tinamou_sound,104,15.264,92,val,D:\other\Bird\Code\data\kaggle_training_wav_cache_sp\Variegated Tinamou_sound\Variegated Tinamou11.wav,15.264,True,D:\other\Bird\Dataset\CC0\Variegated Tinamou_sound\Variegated Tinamou11.mp3
Variegated Tinamou_sound/Variegated Tinamou12,D:\other\Bird\Code\data\kaggle_training_wav_cache_sp\Variegated Tinamou_sound\Variegated Tinamou12.wav,Variegated Tinamou_sound,104,12.568,92,train,D:\other\Bird\Code\data\kaggle_training_wav_cache_sp\Variegated Tinamou_sound\Variegated Tinamou12.wav,12.568,True,D:\other\Bird\Dataset\CC0\Variegated Tinamou_sound\Variegated Tinamou12.mp3
Variegated Tinamou_sound/Variegated Tinamou13,D:\other\Bird\Code\data\kaggle_training_wav_cache_sp\Variegated Tinamou_sound\Variegated Tinamou13.wav,Variegated Tinamou_sound,104,5.888,92,train,D:\other\Bird\Code\data\kaggle_training_wav_cache_sp\Variegated Tinamou_sound\Variegated Tinamou13.wav,5.888,True,D:\other\Bird\Dataset\CC0\Variegated Tinamou_sound\Variegated Tinamou13.mp3
Variegated Tinamou_sound/Variegated Tinamou14,D:\other\Bird\Code\data\kaggle_training_wav_cache_sp\Variegated Tinamou_sound\Variegated Tinamou14.wav,Variegated Tinamou_sound,104,221.76,92,train,D:\other\Bird\Code\data\kaggle_training_wav_cache_sp\Variegated Tinamou_sound\Variegated Tinamou14.wav,221.76,True,D:\other\Bird\Dataset\CC0\Variegated Tinamou_sound\Variegated Tinamou14.mp3
Variegated Tinamou_sound/Variegated Tinamou15,D:\other\Bird\Code\data\kaggle_training_wav_cache_sp\Variegated Tinamou_sound\Variegated Tinamou15.wav,Variegated Tinamou_sound,104,76.01634375,92,train,D:\other\Bird\Code\data\kaggle_training_wav_cache_sp\Variegated Tinamou_sound\Variegated Tinamou15.wav,76.01634375,True,D:\other\Bird\Dataset\CC0\Variegated Tinamou_sound\Variegated Tinamou15.mp3
Variegated Tinamou_sound/Variegated Tinamou16,D:\other\Bird\Code\data\kaggle_training_wav_cache_sp\Variegated Tinamou_sound\Variegated Tinamou16.wav,Variegated Tinamou_sound,104,45.856,92,train,D:\other\Bird\Code\data\kaggle_training_wav_cache_sp\Variegated Tinamou_sound\Variegated Tinamou16.wav,45.856,True,D:\other\Bird\Dataset\CC0\Variegated Tinamou_sound\Variegated Tinamou16.mp3
Variegated Tinamou_sound/Variegated Tinamou17,D:\other\Bird\Code\data\kaggle_training_wav_cache_sp\Variegated Tinamou_sound\Variegated Tinamou17.wav,Variegated Tinamou_sound,104,45.856,92,test,D:\other\Bird\Code\data\kaggle_training_wav_cache_sp\Variegated Tinamou_sound\Variegated Tinamou17.wav,45.856,True,D:\other\Bird\Dataset\CC0\Variegated Tinamou_sound\Variegated Tinamou17.mp3
Variegated Tinamou_sound/Variegated Tinamou18,D:\other\Bird\Code\data\kaggle_training_wav_cache_sp\Variegated Tinamou_sound\Variegated Tinamou18.wav,Variegated Tinamou_sound,104,6.624,92,train,D:\other\Bird\Code\data\kaggle_training_wav_cache_sp\Variegated Tinamou_sound\Variegated Tinamou18.wav,6.624,True,D:\other\Bird\Dataset\CC0\Variegated Tinamou_sound\Variegated Tinamou18.mp3
Variegated Tinamou_sound/Variegated Tinamou19,D:\other\Bird\Code\data\kaggle_training_wav_cache_sp\Variegated Tinamou_sound\Variegated Tinamou19.wav,Variegated Tinamou_sound,104,12.592,92,train,D:\other\Bird\Code\data\kaggle_training_wav_cache_sp\Variegated Tinamou_sound\Variegated Tinamou19.wav,12.592,True,D:\other\Bird\Dataset\CC0\Variegated Tinamou_sound\Variegated Tinamou19.mp3
Variegated Tinamou_sound/Variegated Tinamou2,D:\other\Bird\Code\data\kaggle_training_wav_cache_sp\Variegated Tinamou_sound\Variegated Tinamou2.wav,Variegated Tinamou_sound,104,23.312,92,train,D:\other\Bird\Code\data\kaggle_training_wav_cache_sp\Variegated Tinamou_sound\Variegated Tinamou2.wav,23.312,True,D:\other\Bird\Dataset\CC0\Variegated Tinamou_sound\Variegated Tinamou2.mp3
Variegated Tinamou_sound/Variegated Tinamou20,D:\other\Bird\Code\data\kaggle_training_wav_cache_sp\Variegated Tinamou_sound\Variegated Tinamou20.wav,Variegated Tinamou_sound,104,7.13140625,92,train,D:\other\Bird\Code\data\kaggle_training_wav_cache_sp\Variegated Tinamou_sound\Variegated Tinamou20.wav,7.13140625,True,D:\other\Bird\Dataset\CC0\Variegated Tinamou_sound\Variegated Tinamou20.mp3
Variegated Tinamou_sound/Variegated Tinamou21,D:\other\Bird\Code\data\kaggle_training_wav_cache_sp\Variegated Tinamou_sound\Variegated Tinamou21.wav,Variegated Tinamou_sound,104,15.6735,92,train,D:\other\Bird\Code\data\kaggle_training_wav_cache_sp\Variegated Tinamou_sound\Variegated Tinamou21.wav,15.6735,True,D:\other\Bird\Dataset\CC0\Variegated Tinamou_sound\Variegated Tinamou21.mp3
Variegated Tinamou_sound/Variegated Tinamou22,D:\other\Bird\Code\data\kaggle_training_wav_cache_sp\Variegated Tinamou_sound\Variegated Tinamou22.wav,Variegated Tinamou_sound,104,15.6735,92,train,D:\other\Bird\Code\data\kaggle_training_wav_cache_sp\Variegated Tinamou_sound\Variegated Tinamou22.wav,15.6735,True,D:\other\Bird\Dataset\CC0\Variegated Tinamou_sound\Variegated Tinamou22.mp3
Variegated Tinamou_sound/Variegated Tinamou23,D:\other\Bird\Code\data\kaggle_training_wav_cache_sp\Variegated Tinamou_sound\Variegated Tinamou23.wav,Variegated Tinamou_sound,104,15.6735,92,train,D:\other\Bird\Code\data\kaggle_training_wav_cache_sp\Variegated Tinamou_sound\Variegated Tinamou23.wav,15.6735,True,D:\other\Bird\Dataset\CC0\Variegated Tinamou_sound\Variegated Tinamou23.mp3
Variegated Tinamou_sound/Variegated Tinamou24,D:\other\Bird\Code\data\kaggle_training_wav_cache_sp\Variegated Tinamou_sound\Variegated Tinamou24.wav,Variegated Tinamou_sound,104,11.315875,92,train,D:\other\Bird\Code\data\kaggle_training_wav_cache_sp\Variegated Tinamou_sound\Variegated Tinamou24.wav,11.315875,True,D:\other\Bird\Dataset\CC0\Variegated Tinamou_sound\Variegated Tinamou24.mp3
Variegated Tinamou_sound/Variegated Tinamou25,D:\other\Bird\Code\data\kaggle_training_wav_cache_sp\Variegated Tinamou_sound\Variegated Tinamou25.wav,Variegated Tinamou_sound,104,8.15109375,92,train,D:\other\Bird\Code\data\kaggle_training_wav_cache_sp\Variegated Tinamou_sound\Variegated Tinamou25.wav,8.15109375,True,D:\other\Bird\Dataset\CC0\Variegated Tinamou_sound\Variegated Tinamou25.mp3
Variegated Tinamou_sound/Variegated Tinamou26,D:\other\Bird\Code\data\kaggle_training_wav_cache_sp\Variegated Tinamou_sound\Variegated Tinamou26.wav,Variegated Tinamou_sound,104,6.17425,92,test,D:\other\Bird\Code\data\kaggle_training_wav_cache_sp\Variegated Tinamou_sound\Variegated Tinamou26.wav,6.17425,True,D:\other\Bird\Dataset\CC0\Variegated Tinamou_sound\Variegated Tinamou26.mp3
Variegated Tinamou_sound/Variegated Tinamou27,D:\other\Bird\Code\data\kaggle_training_wav_cache_sp\Variegated Tinamou_sound\Variegated Tinamou27.wav,Variegated Tinamou_sound,104,6.17425,92,train,D:\other\Bird\Code\data\kaggle_training_wav_cache_sp\Variegated Tinamou_sound\Variegated Tinamou27.wav,6.17425,True,D:\other\Bird\Dataset\CC0\Variegated Tinamou_sound\Variegated Tinamou27.mp3
Variegated Tinamou_sound/Variegated Tinamou28,D:\other\Bird\Code\data\kaggle_training_wav_cache_sp\Variegated Tinamou_sound\Variegated Tinamou28.wav,Variegated Tinamou_sound,104,13.10784375,92,val,D:\other\Bird\Code\data\kaggle_training_wav_cache_sp\Variegated Tinamou_sound\Variegated Tinamou28.wav,13.10784375,True,D:\other\Bird\Dataset\CC0\Variegated Tinamou_sound\Variegated Tinamou28.mp3
Variegated Tinamou_sound/Variegated Tinamou29,D:\other\Bird\Code\data\kaggle_training_wav_cache_sp\Variegated Tinamou_sound\Variegated Tinamou29.wav,Variegated Tinamou_sound,104,13.10784375,92,test,D:\other\Bird\Code\data\kaggle_training_wav_cache_sp\Variegated Tinamou_sound\Variegated Tinamou29.wav,13.10784375,True,D:\other\Bird\Dataset\CC0\Variegated Tinamou_sound\Variegated Tinamou29.mp3
Variegated Tinamou_sound/Variegated Tinamou3,D:\other\Bird\Code\data\kaggle_training_wav_cache_sp\Variegated Tinamou_sound\Variegated Tinamou3.wav,Variegated Tinamou_sound,104,10.608,92,train,D:\other\Bird\Code\data\kaggle_training_wav_cache_sp\Variegated Tinamou_sound\Variegated Tinamou3.wav,10.608,True,D:\other\Bird\Dataset\CC0\Variegated Tinamou_sound\Variegated Tinamou3.mp3
Variegated Tinamou_sound/Variegated Tinamou30,D:\other\Bird\Code\data\kaggle_training_wav_cache_sp\Variegated Tinamou_sound\Variegated Tinamou30.wav,Variegated Tinamou_sound,104,43.6966875,92,train,D:\other\Bird\Code\data\kaggle_training_wav_cache_sp\Variegated Tinamou_sound\Variegated Tinamou30.wav,43.6966875,True,D:\other\Bird\Dataset\CC0\Variegated Tinamou_sound\Variegated Tinamou30.mp3
Variegated Tinamou_sound/Variegated Tinamou31,D:\other\Bird\Code\data\kaggle_training_wav_cache_sp\Variegated Tinamou_sound\Variegated Tinamou31.wav,Variegated Tinamou_sound,104,8.608,92,val,D:\other\Bird\Code\data\kaggle_training_wav_cache_sp\Variegated Tinamou_sound\Variegated Tinamou31.wav,8.608,True,D:\other\Bird\Dataset\CC0\Variegated Tinamou_sound\Variegated Tinamou31.mp3
Variegated Tinamou_sound/Variegated Tinamou4,D:\other\Bird\Code\data\kaggle_training_wav_cache_sp\Variegated Tinamou_sound\Variegated Tinamou4.wav,Variegated Tinamou_sound,104,10.608,92,test,D:\other\Bird\Code\data\kaggle_training_wav_cache_sp\Variegated Tinamou_sound\Variegated Tinamou4.wav,10.608,True,D:\other\Bird\Dataset\CC0\Variegated Tinamou_sound\Variegated Tinamou4.mp3
Variegated Tinamou_sound/Variegated Tinamou5,D:\other\Bird\Code\data\kaggle_training_wav_cache_sp\Variegated Tinamou_sound\Variegated Tinamou5.wav,Variegated Tinamou_sound,104,13.072,92,train,D:\other\Bird\Code\data\kaggle_training_wav_cache_sp\Variegated Tinamou_sound\Variegated Tinamou5.wav,13.072,True,D:\other\Bird\Dataset\CC0\Variegated Tinamou_sound\Variegated Tinamou5.mp3
Variegated Tinamou_sound/Variegated Tinamou6,D:\other\Bird\Code\data\kaggle_training_wav_cache_sp\Variegated Tinamou_sound\Variegated Tinamou6.wav,Variegated Tinamou_sound,104,12.128,92,train,D:\other\Bird\Code\data\kaggle_training_wav_cache_sp\Variegated Tinamou_sound\Variegated Tinamou6.wav,12.128,True,D:\other\Bird\Dataset\CC0\Variegated Tinamou_sound\Variegated Tinamou6.mp3
Variegated Tinamou_sound/Variegated Tinamou7,D:\other\Bird\Code\data\kaggle_training_wav_cache_sp\Variegated Tinamou_sound\Variegated Tinamou7.wav,Variegated Tinamou_sound,104,10.66809375,92,train,D:\other\Bird\Code\data\kaggle_training_wav_cache_sp\Variegated Tinamou_sound\Variegated Tinamou7.wav,10.66809375,True,D:\other\Bird\Dataset\CC0\Variegated Tinamou_sound\Variegated Tinamou7.mp3
Variegated Tinamou_sound/Variegated Tinamou8,D:\other\Bird\Code\data\kaggle_training_wav_cache_sp\Variegated Tinamou_sound\Variegated Tinamou8.wav,Variegated Tinamou_sound,104,12.7415625,92,train,D:\other\Bird\Code\data\kaggle_training_wav_cache_sp\Variegated Tinamou_sound\Variegated Tinamou8.wav,12.7415625,True,D:\other\Bird\Dataset\CC0\Variegated Tinamou_sound\Variegated Tinamou8.mp3
Variegated Tinamou_sound/Variegated Tinamou9,D:\other\Bird\Code\data\kaggle_training_wav_cache_sp\Variegated Tinamou_sound\Variegated Tinamou9.wav,Variegated Tinamou_sound,104,12.7415625,92,train,D:\other\Bird\Code\data\kaggle_training_wav_cache_sp\Variegated Tinamou_sound\Variegated Tinamou9.wav,12.7415625,True,D:\other\Bird\Dataset\CC0\Variegated Tinamou_sound\Variegated Tinamou9.mp3
West Mexican Chachalaca_sound/West Mexican Chachalaca10,D:\other\Bird\Code\data\kaggle_training_wav_cache_sp\West Mexican Chachalaca_sound\West Mexican Chachalaca10.wav,West Mexican Chachalaca_sound,106,7.91325,93,train,D:\other\Bird\Code\data\kaggle_training_wav_cache_sp\West Mexican Chachalaca_sound\West Mexican Chachalaca10.wav,7.91325,True,D:\other\Bird\Dataset\CC0\West Mexican Chachalaca_sound\West Mexican Chachalaca10.mp3
West Mexican Chachalaca_sound/West Mexican Chachalaca11,D:\other\Bird\Code\data\kaggle_training_wav_cache_sp\West Mexican Chachalaca_sound\West Mexican Chachalaca11.wav,West Mexican Chachalaca_sound,106,32.736,93,test,D:\other\Bird\Code\data\kaggle_training_wav_cache_sp\West Mexican Chachalaca_sound\West Mexican Chachalaca11.wav,32.736,True,D:\other\Bird\Dataset\CC0\West Mexican Chachalaca_sound\West Mexican Chachalaca11.mp3
West Mexican Chachalaca_sound/West Mexican Chachalaca12,D:\other\Bird\Code\data\kaggle_training_wav_cache_sp\West Mexican Chachalaca_sound\West Mexican Chachalaca12.wav,West Mexican Chachalaca_sound,106,54.769,93,train,D:\other\Bird\Code\data\kaggle_training_wav_cache_sp\West Mexican Chachalaca_sound\West Mexican Chachalaca12.wav,54.769,True,D:\other\Bird\Dataset\CC0\West Mexican Chachalaca_sound\West Mexican Chachalaca12.mp3
West Mexican Chachalaca_sound/West Mexican Chachalaca13,D:\other\Bird\Code\data\kaggle_training_wav_cache_sp\West Mexican Chachalaca_sound\West Mexican Chachalaca13.wav,West Mexican Chachalaca_sound,106,54.769,93,train,D:\other\Bird\Code\data\kaggle_training_wav_cache_sp\West Mexican Chachalaca_sound\West Mexican Chachalaca13.wav,54.769,True,D:\other\Bird\Dataset\CC0\West Mexican Chachalaca_sound\West Mexican Chachalaca13.mp3
West Mexican Chachalaca_sound/West Mexican Chachalaca14,D:\other\Bird\Code\data\kaggle_training_wav_cache_sp\West Mexican Chachalaca_sound\West Mexican Chachalaca14.wav,West Mexican Chachalaca_sound,106,8.672,93,test,D:\other\Bird\Code\data\kaggle_training_wav_cache_sp\West Mexican Chachalaca_sound\West Mexican Chachalaca14.wav,8.672,True,D:\other\Bird\Dataset\CC0\West Mexican Chachalaca_sound\West Mexican Chachalaca14.mp3
West Mexican Chachalaca_sound/West Mexican Chachalaca15,D:\other\Bird\Code\data\kaggle_training_wav_cache_sp\West Mexican Chachalaca_sound\West Mexican Chachalaca15.wav,West Mexican Chachalaca_sound,106,129.3493125,93,train,D:\other\Bird\Code\data\kaggle_training_wav_cache_sp\West Mexican Chachalaca_sound\West Mexican Chachalaca15.wav,129.3493125,True,D:\other\Bird\Dataset\CC0\West Mexican Chachalaca_sound\West Mexican Chachalaca15.mp3
West Mexican Chachalaca_sound/West Mexican Chachalaca16,D:\other\Bird\Code\data\kaggle_training_wav_cache_sp\West Mexican Chachalaca_sound\West Mexican Chachalaca16.wav,West Mexican Chachalaca_sound,106,129.3493125,93,train,D:\other\Bird\Code\data\kaggle_training_wav_cache_sp\West Mexican Chachalaca_sound\West Mexican Chachalaca16.wav,129.3493125,True,D:\other\Bird\Dataset\CC0\West Mexican Chachalaca_sound\West Mexican Chachalaca16.mp3
West Mexican Chachalaca_sound/West Mexican Chachalaca17,D:\other\Bird\Code\data\kaggle_training_wav_cache_sp\West Mexican Chachalaca_sound\West Mexican Chachalaca17.wav,West Mexican Chachalaca_sound,106,129.3493125,93,train,D:\other\Bird\Code\data\kaggle_training_wav_cache_sp\West Mexican Chachalaca_sound\West Mexican Chachalaca17.wav,129.3493125,True,D:\other\Bird\Dataset\CC0\West Mexican Chachalaca_sound\West Mexican Chachalaca17.mp3
West Mexican Chachalaca_sound/West Mexican Chachalaca18,D:\other\Bird\Code\data\kaggle_training_wav_cache_sp\West Mexican Chachalaca_sound\West Mexican Chachalaca18.wav,West Mexican Chachalaca_sound,106,129.3493125,93,val,D:\other\Bird\Code\data\kaggle_training_wav_cache_sp\West Mexican Chachalaca_sound\West Mexican Chachalaca18.wav,129.3493125,True,D:\other\Bird\Dataset\CC0\West Mexican Chachalaca_sound\West Mexican Chachalaca18.mp3
West Mexican Chachalaca_sound/West Mexican Chachalaca19,D:\other\Bird\Code\data\kaggle_training_wav_cache_sp\West Mexican Chachalaca_sound\West Mexican Chachalaca19.wav,West Mexican Chachalaca_sound,106,8.592,93,train,D:\other\Bird\Code\data\kaggle_training_wav_cache_sp\West Mexican Chachalaca_sound\West Mexican Chachalaca19.wav,8.592,True,D:\other\Bird\Dataset\CC0\West Mexican Chachalaca_sound\West Mexican Chachalaca19.mp3
West Mexican Chachalaca_sound/West Mexican Chachalaca2,D:\other\Bird\Code\data\kaggle_training_wav_cache_sp\West Mexican Chachalaca_sound\West Mexican Chachalaca2.wav,West Mexican Chachalaca_sound,106,71.04,93,train,D:\other\Bird\Code\data\kaggle_training_wav_cache_sp\West Mexican Chachalaca_sound\West Mexican Chachalaca2.wav,71.04,True,D:\other\Bird\Dataset\CC0\West Mexican Chachalaca_sound\West Mexican Chachalaca2.mp3
West Mexican Chachalaca_sound/West Mexican Chachalaca20,D:\other\Bird\Code\data\kaggle_training_wav_cache_sp\West Mexican Chachalaca_sound\West Mexican Chachalaca20.wav,West Mexican Chachalaca_sound,106,8.592,93,train,D:\other\Bird\Code\data\kaggle_training_wav_cache_sp\West Mexican Chachalaca_sound\West Mexican Chachalaca20.wav,8.592,True,D:\other\Bird\Dataset\CC0\West Mexican Chachalaca_sound\West Mexican Chachalaca20.mp3
West Mexican Chachalaca_sound/West Mexican Chachalaca21,D:\other\Bird\Code\data\kaggle_training_wav_cache_sp\West Mexican Chachalaca_sound\West Mexican Chachalaca21.wav,West Mexican Chachalaca_sound,106,8.592,93,val,D:\other\Bird\Code\data\kaggle_training_wav_cache_sp\West Mexican Chachalaca_sound\West Mexican Chachalaca21.wav,8.592,True,D:\other\Bird\Dataset\CC0\West Mexican Chachalaca_sound\West Mexican Chachalaca21.mp3
West Mexican Chachalaca_sound/West Mexican Chachalaca22,D:\other\Bird\Code\data\kaggle_training_wav_cache_sp\West Mexican Chachalaca_sound\West Mexican Chachalaca22.wav,West Mexican Chachalaca_sound,106,31.952,93,train,D:\other\Bird\Code\data\kaggle_training_wav_cache_sp\West Mexican Chachalaca_sound\West Mexican Chachalaca22.wav,31.952,True,D:\other\Bird\Dataset\CC0\West Mexican Chachalaca_sound\West Mexican Chachalaca22.mp3
West Mexican Chachalaca_sound/West Mexican Chachalaca23,D:\other\Bird\Code\data\kaggle_training_wav_cache_sp\West Mexican Chachalaca_sound\West Mexican Chachalaca23.wav,West Mexican Chachalaca_sound,106,56.8,93,train,D:\other\Bird\Code\data\kaggle_training_wav_cache_sp\West Mexican Chachalaca_sound\West Mexican Chachalaca23.wav,56.8,True,D:\other\Bird\Dataset\CC0\West Mexican Chachalaca_sound\West Mexican Chachalaca23.mp3
West Mexican Chachalaca_sound/West Mexican Chachalaca24,D:\other\Bird\Code\data\kaggle_training_wav_cache_sp\West Mexican Chachalaca_sound\West Mexican Chachalaca24.wav,West Mexican Chachalaca_sound,106,56.8,93,train,D:\other\Bird\Code\data\kaggle_training_wav_cache_sp\West Mexican Chachalaca_sound\West Mexican Chachalaca24.wav,56.8,True,D:\other\Bird\Dataset\CC0\West Mexican Chachalaca_sound\West Mexican Chachalaca24.mp3
West Mexican Chachalaca_sound/West Mexican Chachalaca25,D:\other\Bird\Code\data\kaggle_training_wav_cache_sp\West Mexican Chachalaca_sound\West Mexican Chachalaca25.wav,West Mexican Chachalaca_sound,106,56.8,93,train,D:\other\Bird\Code\data\kaggle_training_wav_cache_sp\West Mexican Chachalaca_sound\West Mexican Chachalaca25.wav,56.8,True,D:\other\Bird\Dataset\CC0\West Mexican Chachalaca_sound\West Mexican Chachalaca25.mp3
West Mexican Chachalaca_sound/West Mexican Chachalaca26,D:\other\Bird\Code\data\kaggle_training_wav_cache_sp\West Mexican Chachalaca_sound\West Mexican Chachalaca26.wav,West Mexican Chachalaca_sound,106,56.8,93,train,D:\other\Bird\Code\data\kaggle_training_wav_cache_sp\West Mexican Chachalaca_sound\West Mexican Chachalaca26.wav,56.8,True,D:\other\Bird\Dataset\CC0\West Mexican Chachalaca_sound\West Mexican Chachalaca26.mp3
West Mexican Chachalaca_sound/West Mexican Chachalaca27,D:\other\Bird\Code\data\kaggle_training_wav_cache_sp\West Mexican Chachalaca_sound\West Mexican Chachalaca27.wav,West Mexican Chachalaca_sound,106,7.140875,93,train,D:\other\Bird\Code\data\kaggle_training_wav_cache_sp\West Mexican Chachalaca_sound\West Mexican Chachalaca27.wav,7.140875,True,D:\other\Bird\Dataset\CC0\West Mexican Chachalaca_sound\West Mexican Chachalaca27.mp3
West Mexican Chachalaca_sound/West Mexican Chachalaca28,D:\other\Bird\Code\data\kaggle_training_wav_cache_sp\West Mexican Chachalaca_sound\West Mexican Chachalaca28.wav,West Mexican Chachalaca_sound,106,104.8189375,93,val,D:\other\Bird\Code\data\kaggle_training_wav_cache_sp\West Mexican Chachalaca_sound\West Mexican Chachalaca28.wav,104.8189375,True,D:\other\Bird\Dataset\CC0\West Mexican Chachalaca_sound\West Mexican Chachalaca28.mp3
West Mexican Chachalaca_sound/West Mexican Chachalaca29,D:\other\Bird\Code\data\kaggle_training_wav_cache_sp\West Mexican Chachalaca_sound\West Mexican Chachalaca29.wav,West Mexican Chachalaca_sound,106,71.51871875,93,train,D:\other\Bird\Code\data\kaggle_training_wav_cache_sp\West Mexican Chachalaca_sound\West Mexican Chachalaca29.wav,71.51871875,True,D:\other\Bird\Dataset\CC0\West Mexican Chachalaca_sound\West Mexican Chachalaca29.mp3
West Mexican Chachalaca_sound/West Mexican Chachalaca3,D:\other\Bird\Code\data\kaggle_training_wav_cache_sp\West Mexican Chachalaca_sound\West Mexican Chachalaca3.wav,West Mexican Chachalaca_sound,106,71.04,93,train,D:\other\Bird\Code\data\kaggle_training_wav_cache_sp\West Mexican Chachalaca_sound\West Mexican Chachalaca3.wav,71.04,True,D:\other\Bird\Dataset\CC0\West Mexican Chachalaca_sound\West Mexican Chachalaca3.mp3
West Mexican Chachalaca_sound/West Mexican Chachalaca30,D:\other\Bird\Code\data\kaggle_training_wav_cache_sp\West Mexican Chachalaca_sound\West Mexican Chachalaca30.wav,West Mexican Chachalaca_sound,106,155.584,93,val,D:\other\Bird\Code\data\kaggle_training_wav_cache_sp\West Mexican Chachalaca_sound\West Mexican Chachalaca30.wav,155.584,True,D:\other\Bird\Dataset\CC0\West Mexican Chachalaca_sound\West Mexican Chachalaca30.mp3
West Mexican Chachalaca_sound/West Mexican Chachalaca31,D:\other\Bird\Code\data\kaggle_training_wav_cache_sp\West Mexican Chachalaca_sound\West Mexican Chachalaca31.wav,West Mexican Chachalaca_sound,106,43.0171875,93,test,D:\other\Bird\Code\data\kaggle_training_wav_cache_sp\West Mexican Chachalaca_sound\West Mexican Chachalaca31.wav,43.0171875,True,D:\other\Bird\Dataset\CC0\West Mexican Chachalaca_sound\West Mexican Chachalaca31.mp3
West Mexican Chachalaca_sound/West Mexican Chachalaca4,D:\other\Bird\Code\data\kaggle_training_wav_cache_sp\West Mexican Chachalaca_sound\West Mexican Chachalaca4.wav,West Mexican Chachalaca_sound,106,5.9099375,93,train,D:\other\Bird\Code\data\kaggle_training_wav_cache_sp\West Mexican Chachalaca_sound\West Mexican Chachalaca4.wav,5.9099375,True,D:\other\Bird\Dataset\CC0\West Mexican Chachalaca_sound\West Mexican Chachalaca4.mp3
West Mexican Chachalaca_sound/West Mexican Chachalaca5,D:\other\Bird\Code\data\kaggle_training_wav_cache_sp\West Mexican Chachalaca_sound\West Mexican Chachalaca5.wav,West Mexican Chachalaca_sound,106,78.474,93,test,D:\other\Bird\Code\data\kaggle_training_wav_cache_sp\West Mexican Chachalaca_sound\West Mexican Chachalaca5.wav,78.474,True,D:\other\Bird\Dataset\CC0\West Mexican Chachalaca_sound\West Mexican Chachalaca5.mp3
West Mexican Chachalaca_sound/West Mexican Chachalaca6,D:\other\Bird\Code\data\kaggle_training_wav_cache_sp\West Mexican Chachalaca_sound\West Mexican Chachalaca6.wav,West Mexican Chachalaca_sound,106,56.35725,93,train,D:\other\Bird\Code\data\kaggle_training_wav_cache_sp\West Mexican Chachalaca_sound\West Mexican Chachalaca6.wav,56.35725,True,D:\other\Bird\Dataset\CC0\West Mexican Chachalaca_sound\West Mexican Chachalaca6.mp3
West Mexican Chachalaca_sound/West Mexican Chachalaca7,D:\other\Bird\Code\data\kaggle_training_wav_cache_sp\West Mexican Chachalaca_sound\West Mexican Chachalaca7.wav,West Mexican Chachalaca_sound,106,14.90721875,93,train,D:\other\Bird\Code\data\kaggle_training_wav_cache_sp\West Mexican Chachalaca_sound\West Mexican Chachalaca7.wav,14.90721875,True,D:\other\Bird\Dataset\CC0\West Mexican Chachalaca_sound\West Mexican Chachalaca7.mp3
West Mexican Chachalaca_sound/West Mexican Chachalaca8,D:\other\Bird\Code\data\kaggle_training_wav_cache_sp\West Mexican Chachalaca_sound\West Mexican Chachalaca8.wav,West Mexican Chachalaca_sound,106,6.08,93,train,D:\other\Bird\Code\data\kaggle_training_wav_cache_sp\West Mexican Chachalaca_sound\West Mexican Chachalaca8.wav,6.08,True,D:\other\Bird\Dataset\CC0\West Mexican Chachalaca_sound\West Mexican Chachalaca8.mp3
West Mexican Chachalaca_sound/West Mexican Chachalaca9,D:\other\Bird\Code\data\kaggle_training_wav_cache_sp\West Mexican Chachalaca_sound\West Mexican Chachalaca9.wav,West Mexican Chachalaca_sound,106,8.397,93,train,D:\other\Bird\Code\data\kaggle_training_wav_cache_sp\West Mexican Chachalaca_sound\West Mexican Chachalaca9.wav,8.397,True,D:\other\Bird\Dataset\CC0\West Mexican Chachalaca_sound\West Mexican Chachalaca9.mp3
White-bellied Chachalaca_sound/White-bellied Chachalaca10,D:\other\Bird\Code\data\kaggle_training_wav_cache_sp\White-bellied Chachalaca_sound\White-bellied Chachalaca10.wav,White-bellied Chachalaca_sound,107,90.592,94,train,D:\other\Bird\Code\data\kaggle_training_wav_cache_sp\White-bellied Chachalaca_sound\White-bellied Chachalaca10.wav,90.592,True,D:\other\Bird\Dataset\CC0\White-bellied Chachalaca_sound\White-bellied Chachalaca10.mp3
White-bellied Chachalaca_sound/White-bellied Chachalaca11,D:\other\Bird\Code\data\kaggle_training_wav_cache_sp\White-bellied Chachalaca_sound\White-bellied Chachalaca11.wav,White-bellied Chachalaca_sound,107,90.592,94,val,D:\other\Bird\Code\data\kaggle_training_wav_cache_sp\White-bellied Chachalaca_sound\White-bellied Chachalaca11.wav,90.592,True,D:\other\Bird\Dataset\CC0\White-bellied Chachalaca_sound\White-bellied Chachalaca11.mp3
White-bellied Chachalaca_sound/White-bellied Chachalaca12,D:\other\Bird\Code\data\kaggle_training_wav_cache_sp\White-bellied Chachalaca_sound\White-bellied Chachalaca12.wav,White-bellied Chachalaca_sound,107,90.592,94,train,D:\other\Bird\Code\data\kaggle_training_wav_cache_sp\White-bellied Chachalaca_sound\White-bellied Chachalaca12.wav,90.592,True,D:\other\Bird\Dataset\CC0\White-bellied Chachalaca_sound\White-bellied Chachalaca12.mp3
White-bellied Chachalaca_sound/White-bellied Chachalaca13,D:\other\Bird\Code\data\kaggle_training_wav_cache_sp\White-bellied Chachalaca_sound\White-bellied Chachalaca13.wav,White-bellied Chachalaca_sound,107,7.417625,94,test,D:\other\Bird\Code\data\kaggle_training_wav_cache_sp\White-bellied Chachalaca_sound\White-bellied Chachalaca13.wav,7.417625,True,D:\other\Bird\Dataset\CC0\White-bellied Chachalaca_sound\White-bellied Chachalaca13.mp3
White-bellied Chachalaca_sound/White-bellied Chachalaca14,D:\other\Bird\Code\data\kaggle_training_wav_cache_sp\White-bellied Chachalaca_sound\White-bellied Chachalaca14.wav,White-bellied Chachalaca_sound,107,7.417625,94,train,D:\other\Bird\Code\data\kaggle_training_wav_cache_sp\White-bellied Chachalaca_sound\White-bellied Chachalaca14.wav,7.417625,True,D:\other\Bird\Dataset\CC0\White-bellied Chachalaca_sound\White-bellied Chachalaca14.mp3
White-bellied Chachalaca_sound/White-bellied Chachalaca15,D:\other\Bird\Code\data\kaggle_training_wav_cache_sp\White-bellied Chachalaca_sound\White-bellied Chachalaca15.wav,White-bellied Chachalaca_sound,107,7.417625,94,train,D:\other\Bird\Code\data\kaggle_training_wav_cache_sp\White-bellied Chachalaca_sound\White-bellied Chachalaca15.wav,7.417625,True,D:\other\Bird\Dataset\CC0\White-bellied Chachalaca_sound\White-bellied Chachalaca15.mp3
White-bellied Chachalaca_sound/White-bellied Chachalaca16,D:\other\Bird\Code\data\kaggle_training_wav_cache_sp\White-bellied Chachalaca_sound\White-bellied Chachalaca16.wav,White-bellied Chachalaca_sound,107,7.417625,94,test,D:\other\Bird\Code\data\kaggle_training_wav_cache_sp\White-bellied Chachalaca_sound\White-bellied Chachalaca16.wav,7.417625,True,D:\other\Bird\Dataset\CC0\White-bellied Chachalaca_sound\White-bellied Chachalaca16.mp3
White-bellied Chachalaca_sound/White-bellied Chachalaca17,D:\other\Bird\Code\data\kaggle_training_wav_cache_sp\White-bellied Chachalaca_sound\White-bellied Chachalaca17.wav,White-bellied Chachalaca_sound,107,7.417625,94,val,D:\other\Bird\Code\data\kaggle_training_wav_cache_sp\White-bellied Chachalaca_sound\White-bellied Chachalaca17.wav,7.417625,True,D:\other\Bird\Dataset\CC0\White-bellied Chachalaca_sound\White-bellied Chachalaca17.mp3
White-bellied Chachalaca_sound/White-bellied Chachalaca18,D:\other\Bird\Code\data\kaggle_training_wav_cache_sp\White-bellied Chachalaca_sound\White-bellied Chachalaca18.wav,White-bellied Chachalaca_sound,107,18.464,94,test,D:\other\Bird\Code\data\kaggle_training_wav_cache_sp\White-bellied Chachalaca_sound\White-bellied Chachalaca18.wav,18.464,True,D:\other\Bird\Dataset\CC0\White-bellied Chachalaca_sound\White-bellied Chachalaca18.mp3
White-bellied Chachalaca_sound/White-bellied Chachalaca19,D:\other\Bird\Code\data\kaggle_training_wav_cache_sp\White-bellied Chachalaca_sound\White-bellied Chachalaca19.wav,White-bellied Chachalaca_sound,107,11.232,94,train,D:\other\Bird\Code\data\kaggle_training_wav_cache_sp\White-bellied Chachalaca_sound\White-bellied Chachalaca19.wav,11.232,True,D:\other\Bird\Dataset\CC0\White-bellied Chachalaca_sound\White-bellied Chachalaca19.mp3
White-bellied Chachalaca_sound/White-bellied Chachalaca2,D:\other\Bird\Code\data\kaggle_training_wav_cache_sp\White-bellied Chachalaca_sound\White-bellied Chachalaca2.wav,White-bellied Chachalaca_sound,107,79.52,94,train,D:\other\Bird\Code\data\kaggle_training_wav_cache_sp\White-bellied Chachalaca_sound\White-bellied Chachalaca2.wav,79.52,True,D:\other\Bird\Dataset\CC0\White-bellied Chachalaca_sound\White-bellied Chachalaca2.mp3
White-bellied Chachalaca_sound/White-bellied Chachalaca20,D:\other\Bird\Code\data\kaggle_training_wav_cache_sp\White-bellied Chachalaca_sound\White-bellied Chachalaca20.wav,White-bellied Chachalaca_sound,107,11.382125,94,train,D:\other\Bird\Code\data\kaggle_training_wav_cache_sp\White-bellied Chachalaca_sound\White-bellied Chachalaca20.wav,11.382125,True,D:\other\Bird\Dataset\CC0\White-bellied Chachalaca_sound\White-bellied Chachalaca20.mp3
White-bellied Chachalaca_sound/White-bellied Chachalaca3,D:\other\Bird\Code\data\kaggle_training_wav_cache_sp\White-bellied Chachalaca_sound\White-bellied Chachalaca3.wav,White-bellied Chachalaca_sound,107,98.88,94,train,D:\other\Bird\Code\data\kaggle_training_wav_cache_sp\White-bellied Chachalaca_sound\White-bellied Chachalaca3.wav,98.88,True,D:\other\Bird\Dataset\CC0\White-bellied Chachalaca_sound\White-bellied Chachalaca3.mp3
White-bellied Chachalaca_sound/White-bellied Chachalaca4,D:\other\Bird\Code\data\kaggle_training_wav_cache_sp\White-bellied Chachalaca_sound\White-bellied Chachalaca4.wav,White-bellied Chachalaca_sound,107,9.73915625,94,train,D:\other\Bird\Code\data\kaggle_training_wav_cache_sp\White-bellied Chachalaca_sound\White-bellied Chachalaca4.wav,9.73915625,True,D:\other\Bird\Dataset\CC0\White-bellied Chachalaca_sound\White-bellied Chachalaca4.mp3
White-bellied Chachalaca_sound/White-bellied Chachalaca5,D:\other\Bird\Code\data\kaggle_training_wav_cache_sp\White-bellied Chachalaca_sound\White-bellied Chachalaca5.wav,White-bellied Chachalaca_sound,107,9.73915625,94,train,D:\other\Bird\Code\data\kaggle_training_wav_cache_sp\White-bellied Chachalaca_sound\White-bellied Chachalaca5.wav,9.73915625,True,D:\other\Bird\Dataset\CC0\White-bellied Chachalaca_sound\White-bellied Chachalaca5.mp3
White-bellied Chachalaca_sound/White-bellied Chachalaca6,D:\other\Bird\Code\data\kaggle_training_wav_cache_sp\White-bellied Chachalaca_sound\White-bellied Chachalaca6.wav,White-bellied Chachalaca_sound,107,9.73915625,94,train,D:\other\Bird\Code\data\kaggle_training_wav_cache_sp\White-bellied Chachalaca_sound\White-bellied Chachalaca6.wav,9.73915625,True,D:\other\Bird\Dataset\CC0\White-bellied Chachalaca_sound\White-bellied Chachalaca6.mp3
White-bellied Chachalaca_sound/White-bellied Chachalaca7,D:\other\Bird\Code\data\kaggle_training_wav_cache_sp\White-bellied Chachalaca_sound\White-bellied Chachalaca7.wav,White-bellied Chachalaca_sound,107,90.592,94,train,D:\other\Bird\Code\data\kaggle_training_wav_cache_sp\White-bellied Chachalaca_sound\White-bellied Chachalaca7.wav,90.592,True,D:\other\Bird\Dataset\CC0\White-bellied Chachalaca_sound\White-bellied Chachalaca7.mp3
White-bellied Chachalaca_sound/White-bellied Chachalaca8,D:\other\Bird\Code\data\kaggle_training_wav_cache_sp\White-bellied Chachalaca_sound\White-bellied Chachalaca8.wav,White-bellied Chachalaca_sound,107,90.592,94,train,D:\other\Bird\Code\data\kaggle_training_wav_cache_sp\White-bellied Chachalaca_sound\White-bellied Chachalaca8.wav,90.592,True,D:\other\Bird\Dataset\CC0\White-bellied Chachalaca_sound\White-bellied Chachalaca8.mp3
White-bellied Chachalaca_sound/White-bellied Chachalaca9,D:\other\Bird\Code\data\kaggle_training_wav_cache_sp\White-bellied Chachalaca_sound\White-bellied Chachalaca9.wav,White-bellied Chachalaca_sound,107,90.592,94,val,D:\other\Bird\Code\data\kaggle_training_wav_cache_sp\White-bellied Chachalaca_sound\White-bellied Chachalaca9.wav,90.592,True,D:\other\Bird\Dataset\CC0\White-bellied Chachalaca_sound\White-bellied Chachalaca9.mp3
White-bellied Nothura_sound/White-bellied Nothura10,D:\other\Bird\Code\data\kaggle_training_wav_cache_sp\White-bellied Nothura_sound\White-bellied Nothura10.wav,White-bellied Nothura_sound,108,6.176,95,train,D:\other\Bird\Code\data\kaggle_training_wav_cache_sp\White-bellied Nothura_sound\White-bellied Nothura10.wav,6.176,True,D:\other\Bird\Dataset\CC0\White-bellied Nothura_sound\White-bellied Nothura10.mp3
White-bellied Nothura_sound/White-bellied Nothura11,D:\other\Bird\Code\data\kaggle_training_wav_cache_sp\White-bellied Nothura_sound\White-bellied Nothura11.wav,White-bellied Nothura_sound,108,6.176,95,train,D:\other\Bird\Code\data\kaggle_training_wav_cache_sp\White-bellied Nothura_sound\White-bellied Nothura11.wav,6.176,True,D:\other\Bird\Dataset\CC0\White-bellied Nothura_sound\White-bellied Nothura11.mp3
White-bellied Nothura_sound/White-bellied Nothura12,D:\other\Bird\Code\data\kaggle_training_wav_cache_sp\White-bellied Nothura_sound\White-bellied Nothura12.wav,White-bellied Nothura_sound,108,5.376,95,train,D:\other\Bird\Code\data\kaggle_training_wav_cache_sp\White-bellied Nothura_sound\White-bellied Nothura12.wav,5.376,True,D:\other\Bird\Dataset\CC0\White-bellied Nothura_sound\White-bellied Nothura12.mp3
White-bellied Nothura_sound/White-bellied Nothura15,D:\other\Bird\Code\data\kaggle_training_wav_cache_sp\White-bellied Nothura_sound\White-bellied Nothura15.wav,White-bellied Nothura_sound,108,25.63659375,95,val,D:\other\Bird\Code\data\kaggle_training_wav_cache_sp\White-bellied Nothura_sound\White-bellied Nothura15.wav,25.63659375,True,D:\other\Bird\Dataset\CC0\White-bellied Nothura_sound\White-bellied Nothura15.mp3
White-bellied Nothura_sound/White-bellied Nothura16,D:\other\Bird\Code\data\kaggle_training_wav_cache_sp\White-bellied Nothura_sound\White-bellied Nothura16.wav,White-bellied Nothura_sound,108,25.63659375,95,train,D:\other\Bird\Code\data\kaggle_training_wav_cache_sp\White-bellied Nothura_sound\White-bellied Nothura16.wav,25.63659375,True,D:\other\Bird\Dataset\CC0\White-bellied Nothura_sound\White-bellied Nothura16.mp3
White-bellied Nothura_sound/White-bellied Nothura17,D:\other\Bird\Code\data\kaggle_training_wav_cache_sp\White-bellied Nothura_sound\White-bellied Nothura17.wav,White-bellied Nothura_sound,108,18.8956875,95,train,D:\other\Bird\Code\data\kaggle_training_wav_cache_sp\White-bellied Nothura_sound\White-bellied Nothura17.wav,18.8956875,True,D:\other\Bird\Dataset\CC0\White-bellied Nothura_sound\White-bellied Nothura17.mp3
White-bellied Nothura_sound/White-bellied Nothura18,D:\other\Bird\Code\data\kaggle_training_wav_cache_sp\White-bellied Nothura_sound\White-bellied Nothura18.wav,White-bellied Nothura_sound,108,12.64,95,train,D:\other\Bird\Code\data\kaggle_training_wav_cache_sp\White-bellied Nothura_sound\White-bellied Nothura18.wav,12.64,True,D:\other\Bird\Dataset\CC0\White-bellied Nothura_sound\White-bellied Nothura18.mp3
White-bellied Nothura_sound/White-bellied Nothura19,D:\other\Bird\Code\data\kaggle_training_wav_cache_sp\White-bellied Nothura_sound\White-bellied Nothura19.wav,White-bellied Nothura_sound,108,12.64,95,train,D:\other\Bird\Code\data\kaggle_training_wav_cache_sp\White-bellied Nothura_sound\White-bellied Nothura19.wav,12.64,True,D:\other\Bird\Dataset\CC0\White-bellied Nothura_sound\White-bellied Nothura19.mp3
White-bellied Nothura_sound/White-bellied Nothura2,D:\other\Bird\Code\data\kaggle_training_wav_cache_sp\White-bellied Nothura_sound\White-bellied Nothura2.wav,White-bellied Nothura_sound,108,8.528,95,train,D:\other\Bird\Code\data\kaggle_training_wav_cache_sp\White-bellied Nothura_sound\White-bellied Nothura2.wav,8.528,True,D:\other\Bird\Dataset\CC0\White-bellied Nothura_sound\White-bellied Nothura2.mp3
White-bellied Nothura_sound/White-bellied Nothura20,D:\other\Bird\Code\data\kaggle_training_wav_cache_sp\White-bellied Nothura_sound\White-bellied Nothura20.wav,White-bellied Nothura_sound,108,12.64,95,train,D:\other\Bird\Code\data\kaggle_training_wav_cache_sp\White-bellied Nothura_sound\White-bellied Nothura20.wav,12.64,True,D:\other\Bird\Dataset\CC0\White-bellied Nothura_sound\White-bellied Nothura20.mp3
White-bellied Nothura_sound/White-bellied Nothura21,D:\other\Bird\Code\data\kaggle_training_wav_cache_sp\White-bellied Nothura_sound\White-bellied Nothura21.wav,White-bellied Nothura_sound,108,33.30025,95,train,D:\other\Bird\Code\data\kaggle_training_wav_cache_sp\White-bellied Nothura_sound\White-bellied Nothura21.wav,33.30025,True,D:\other\Bird\Dataset\CC0\White-bellied Nothura_sound\White-bellied Nothura21.mp3
White-bellied Nothura_sound/White-bellied Nothura22,D:\other\Bird\Code\data\kaggle_training_wav_cache_sp\White-bellied Nothura_sound\White-bellied Nothura22.wav,White-bellied Nothura_sound,108,23.8498125,95,test,D:\other\Bird\Code\data\kaggle_training_wav_cache_sp\White-bellied Nothura_sound\White-bellied Nothura22.wav,23.8498125,True,D:\other\Bird\Dataset\CC0\White-bellied Nothura_sound\White-bellied Nothura22.mp3
White-bellied Nothura_sound/White-bellied Nothura23,D:\other\Bird\Code\data\kaggle_training_wav_cache_sp\White-bellied Nothura_sound\White-bellied Nothura23.wav,White-bellied Nothura_sound,108,31.888,95,test,D:\other\Bird\Code\data\kaggle_training_wav_cache_sp\White-bellied Nothura_sound\White-bellied Nothura23.wav,31.888,True,D:\other\Bird\Dataset\CC0\White-bellied Nothura_sound\White-bellied Nothura23.mp3
White-bellied Nothura_sound/White-bellied Nothura24,D:\other\Bird\Code\data\kaggle_training_wav_cache_sp\White-bellied Nothura_sound\White-bellied Nothura24.wav,White-bellied Nothura_sound,108,31.888,95,train,D:\other\Bird\Code\data\kaggle_training_wav_cache_sp\White-bellied Nothura_sound\White-bellied Nothura24.wav,31.888,True,D:\other\Bird\Dataset\CC0\White-bellied Nothura_sound\White-bellied Nothura24.mp3
White-bellied Nothura_sound/White-bellied Nothura25,D:\other\Bird\Code\data\kaggle_training_wav_cache_sp\White-bellied Nothura_sound\White-bellied Nothura25.wav,White-bellied Nothura_sound,108,9.427125,95,train,D:\other\Bird\Code\data\kaggle_training_wav_cache_sp\White-bellied Nothura_sound\White-bellied Nothura25.wav,9.427125,True,D:\other\Bird\Dataset\CC0\White-bellied Nothura_sound\White-bellied Nothura25.mp3
White-bellied Nothura_sound/White-bellied Nothura26,D:\other\Bird\Code\data\kaggle_training_wav_cache_sp\White-bellied Nothura_sound\White-bellied Nothura26.wav,White-bellied Nothura_sound,108,8.048,95,test,D:\other\Bird\Code\data\kaggle_training_wav_cache_sp\White-bellied Nothura_sound\White-bellied Nothura26.wav,8.048,True,D:\other\Bird\Dataset\CC0\White-bellied Nothura_sound\White-bellied Nothura26.mp3
White-bellied Nothura_sound/White-bellied Nothura27,D:\other\Bird\Code\data\kaggle_training_wav_cache_sp\White-bellied Nothura_sound\White-bellied Nothura27.wav,White-bellied Nothura_sound,108,8.048,95,train,D:\other\Bird\Code\data\kaggle_training_wav_cache_sp\White-bellied Nothura_sound\White-bellied Nothura27.wav,8.048,True,D:\other\Bird\Dataset\CC0\White-bellied Nothura_sound\White-bellied Nothura27.mp3
White-bellied Nothura_sound/White-bellied Nothura28,D:\other\Bird\Code\data\kaggle_training_wav_cache_sp\White-bellied Nothura_sound\White-bellied Nothura28.wav,White-bellied Nothura_sound,108,11.232,95,train,D:\other\Bird\Code\data\kaggle_training_wav_cache_sp\White-bellied Nothura_sound\White-bellied Nothura28.wav,11.232,True,D:\other\Bird\Dataset\CC0\White-bellied Nothura_sound\White-bellied Nothura28.mp3
White-bellied Nothura_sound/White-bellied Nothura29,D:\other\Bird\Code\data\kaggle_training_wav_cache_sp\White-bellied Nothura_sound\White-bellied Nothura29.wav,White-bellied Nothura_sound,108,18.072,95,val,D:\other\Bird\Code\data\kaggle_training_wav_cache_sp\White-bellied Nothura_sound\White-bellied Nothura29.wav,18.072,True,D:\other\Bird\Dataset\CC0\White-bellied Nothura_sound\White-bellied Nothura29.mp3
White-bellied Nothura_sound/White-bellied Nothura3,D:\other\Bird\Code\data\kaggle_training_wav_cache_sp\White-bellied Nothura_sound\White-bellied Nothura3.wav,White-bellied Nothura_sound,108,36.85646875,95,train,D:\other\Bird\Code\data\kaggle_training_wav_cache_sp\White-bellied Nothura_sound\White-bellied Nothura3.wav,36.85646875,True,D:\other\Bird\Dataset\CC0\White-bellied Nothura_sound\White-bellied Nothura3.mp3
White-bellied Nothura_sound/White-bellied Nothura31,D:\other\Bird\Code\data\kaggle_training_wav_cache_sp\White-bellied Nothura_sound\White-bellied Nothura31.wav,White-bellied Nothura_sound,108,25.168,95,train,D:\other\Bird\Code\data\kaggle_training_wav_cache_sp\White-bellied Nothura_sound\White-bellied Nothura31.wav,25.168,True,D:\other\Bird\Dataset\CC0\White-bellied Nothura_sound\White-bellied Nothura31.mp3
White-bellied Nothura_sound/White-bellied Nothura4,D:\other\Bird\Code\data\kaggle_training_wav_cache_sp\White-bellied Nothura_sound\White-bellied Nothura4.wav,White-bellied Nothura_sound,108,34.8906875,95,train,D:\other\Bird\Code\data\kaggle_training_wav_cache_sp\White-bellied Nothura_sound\White-bellied Nothura4.wav,34.8906875,True,D:\other\Bird\Dataset\CC0\White-bellied Nothura_sound\White-bellied Nothura4.mp3
White-bellied Nothura_sound/White-bellied Nothura5,D:\other\Bird\Code\data\kaggle_training_wav_cache_sp\White-bellied Nothura_sound\White-bellied Nothura5.wav,White-bellied Nothura_sound,108,38.496,95,train,D:\other\Bird\Code\data\kaggle_training_wav_cache_sp\White-bellied Nothura_sound\White-bellied Nothura5.wav,38.496,True,D:\other\Bird\Dataset\CC0\White-bellied Nothura_sound\White-bellied Nothura5.mp3
White-bellied Nothura_sound/White-bellied Nothura6,D:\other\Bird\Code\data\kaggle_training_wav_cache_sp\White-bellied Nothura_sound\White-bellied Nothura6.wav,White-bellied Nothura_sound,108,38.496,95,val,D:\other\Bird\Code\data\kaggle_training_wav_cache_sp\White-bellied Nothura_sound\White-bellied Nothura6.wav,38.496,True,D:\other\Bird\Dataset\CC0\White-bellied Nothura_sound\White-bellied Nothura6.mp3
White-bellied Nothura_sound/White-bellied Nothura7,D:\other\Bird\Code\data\kaggle_training_wav_cache_sp\White-bellied Nothura_sound\White-bellied Nothura7.wav,White-bellied Nothura_sound,108,38.496,95,test,D:\other\Bird\Code\data\kaggle_training_wav_cache_sp\White-bellied Nothura_sound\White-bellied Nothura7.wav,38.496,True,D:\other\Bird\Dataset\CC0\White-bellied Nothura_sound\White-bellied Nothura7.mp3
White-bellied Nothura_sound/White-bellied Nothura8,D:\other\Bird\Code\data\kaggle_training_wav_cache_sp\White-bellied Nothura_sound\White-bellied Nothura8.wav,White-bellied Nothura_sound,108,38.496,95,train,D:\other\Bird\Code\data\kaggle_training_wav_cache_sp\White-bellied Nothura_sound\White-bellied Nothura8.wav,38.496,True,D:\other\Bird\Dataset\CC0\White-bellied Nothura_sound\White-bellied Nothura8.mp3
White-bellied Nothura_sound/White-bellied Nothura9,D:\other\Bird\Code\data\kaggle_training_wav_cache_sp\White-bellied Nothura_sound\White-bellied Nothura9.wav,White-bellied Nothura_sound,108,6.176,95,val,D:\other\Bird\Code\data\kaggle_training_wav_cache_sp\White-bellied Nothura_sound\White-bellied Nothura9.wav,6.176,True,D:\other\Bird\Dataset\CC0\White-bellied Nothura_sound\White-bellied Nothura9.mp3
White-crested Guan_sound/White-crested Guan10,D:\other\Bird\Code\data\kaggle_training_wav_cache_sp\White-crested Guan_sound\White-crested Guan10.wav,White-crested Guan_sound,110,57.392,96,train,D:\other\Bird\Code\data\kaggle_training_wav_cache_sp\White-crested Guan_sound\White-crested Guan10.wav,57.392,True,D:\other\Bird\Dataset\CC0\White-crested Guan_sound\White-crested Guan10.mp3
White-crested Guan_sound/White-crested Guan11,D:\other\Bird\Code\data\kaggle_training_wav_cache_sp\White-crested Guan_sound\White-crested Guan11.wav,White-crested Guan_sound,110,61.44,96,train,D:\other\Bird\Code\data\kaggle_training_wav_cache_sp\White-crested Guan_sound\White-crested Guan11.wav,61.44,True,D:\other\Bird\Dataset\CC0\White-crested Guan_sound\White-crested Guan11.mp3
White-crested Guan_sound/White-crested Guan12,D:\other\Bird\Code\data\kaggle_training_wav_cache_sp\White-crested Guan_sound\White-crested Guan12.wav,White-crested Guan_sound,110,61.44,96,val,D:\other\Bird\Code\data\kaggle_training_wav_cache_sp\White-crested Guan_sound\White-crested Guan12.wav,61.44,True,D:\other\Bird\Dataset\CC0\White-crested Guan_sound\White-crested Guan12.mp3
White-crested Guan_sound/White-crested Guan13,D:\other\Bird\Code\data\kaggle_training_wav_cache_sp\White-crested Guan_sound\White-crested Guan13.wav,White-crested Guan_sound,110,18.92378125,96,train,D:\other\Bird\Code\data\kaggle_training_wav_cache_sp\White-crested Guan_sound\White-crested Guan13.wav,18.92378125,True,D:\other\Bird\Dataset\CC0\White-crested Guan_sound\White-crested Guan13.mp3
White-crested Guan_sound/White-crested Guan2,D:\other\Bird\Code\data\kaggle_training_wav_cache_sp\White-crested Guan_sound\White-crested Guan2.wav,White-crested Guan_sound,110,14.592,96,train,D:\other\Bird\Code\data\kaggle_training_wav_cache_sp\White-crested Guan_sound\White-crested Guan2.wav,14.592,True,D:\other\Bird\Dataset\CC0\White-crested Guan_sound\White-crested Guan2.mp3
White-crested Guan_sound/White-crested Guan3,D:\other\Bird\Code\data\kaggle_training_wav_cache_sp\White-crested Guan_sound\White-crested Guan3.wav,White-crested Guan_sound,110,14.592,96,train,D:\other\Bird\Code\data\kaggle_training_wav_cache_sp\White-crested Guan_sound\White-crested Guan3.wav,14.592,True,D:\other\Bird\Dataset\CC0\White-crested Guan_sound\White-crested Guan3.mp3
White-crested Guan_sound/White-crested Guan4,D:\other\Bird\Code\data\kaggle_training_wav_cache_sp\White-crested Guan_sound\White-crested Guan4.wav,White-crested Guan_sound,110,14.592,96,train,D:\other\Bird\Code\data\kaggle_training_wav_cache_sp\White-crested Guan_sound\White-crested Guan4.wav,14.592,True,D:\other\Bird\Dataset\CC0\White-crested Guan_sound\White-crested Guan4.mp3
White-crested Guan_sound/White-crested Guan5,D:\other\Bird\Code\data\kaggle_training_wav_cache_sp\White-crested Guan_sound\White-crested Guan5.wav,White-crested Guan_sound,110,14.592,96,train,D:\other\Bird\Code\data\kaggle_training_wav_cache_sp\White-crested Guan_sound\White-crested Guan5.wav,14.592,True,D:\other\Bird\Dataset\CC0\White-crested Guan_sound\White-crested Guan5.mp3
White-crested Guan_sound/White-crested Guan6,D:\other\Bird\Code\data\kaggle_training_wav_cache_sp\White-crested Guan_sound\White-crested Guan6.wav,White-crested Guan_sound,110,14.592,96,test,D:\other\Bird\Code\data\kaggle_training_wav_cache_sp\White-crested Guan_sound\White-crested Guan6.wav,14.592,True,D:\other\Bird\Dataset\CC0\White-crested Guan_sound\White-crested Guan6.mp3
White-crested Guan_sound/White-crested Guan7,D:\other\Bird\Code\data\kaggle_training_wav_cache_sp\White-crested Guan_sound\White-crested Guan7.wav,White-crested Guan_sound,110,33.7211875,96,val,D:\other\Bird\Code\data\kaggle_training_wav_cache_sp\White-crested Guan_sound\White-crested Guan7.wav,33.7211875,True,D:\other\Bird\Dataset\CC0\White-crested Guan_sound\White-crested Guan7.mp3
White-crested Guan_sound/White-crested Guan8,D:\other\Bird\Code\data\kaggle_training_wav_cache_sp\White-crested Guan_sound\White-crested Guan8.wav,White-crested Guan_sound,110,33.7211875,96,test,D:\other\Bird\Code\data\kaggle_training_wav_cache_sp\White-crested Guan_sound\White-crested Guan8.wav,33.7211875,True,D:\other\Bird\Dataset\CC0\White-crested Guan_sound\White-crested Guan8.mp3
White-crested Guan_sound/White-crested Guan9,D:\other\Bird\Code\data\kaggle_training_wav_cache_sp\White-crested Guan_sound\White-crested Guan9.wav,White-crested Guan_sound,110,46.832,96,train,D:\other\Bird\Code\data\kaggle_training_wav_cache_sp\White-crested Guan_sound\White-crested Guan9.wav,46.832,True,D:\other\Bird\Dataset\CC0\White-crested Guan_sound\White-crested Guan9.mp3
White-throated Tinamou_sound/White-throated Tinamou10,D:\other\Bird\Code\data\kaggle_training_wav_cache_sp\White-throated Tinamou_sound\White-throated Tinamou10.wav,White-throated Tinamou_sound,111,6.592,97,val,D:\other\Bird\Code\data\kaggle_training_wav_cache_sp\White-throated Tinamou_sound\White-throated Tinamou10.wav,6.592,True,D:\other\Bird\Dataset\CC0\White-throated Tinamou_sound\White-throated Tinamou10.mp3
White-throated Tinamou_sound/White-throated Tinamou11,D:\other\Bird\Code\data\kaggle_training_wav_cache_sp\White-throated Tinamou_sound\White-throated Tinamou11.wav,White-throated Tinamou_sound,111,6.592,97,train,D:\other\Bird\Code\data\kaggle_training_wav_cache_sp\White-throated Tinamou_sound\White-throated Tinamou11.wav,6.592,True,D:\other\Bird\Dataset\CC0\White-throated Tinamou_sound\White-throated Tinamou11.mp3
White-throated Tinamou_sound/White-throated Tinamou12,D:\other\Bird\Code\data\kaggle_training_wav_cache_sp\White-throated Tinamou_sound\White-throated Tinamou12.wav,White-throated Tinamou_sound,111,6.592,97,train,D:\other\Bird\Code\data\kaggle_training_wav_cache_sp\White-throated Tinamou_sound\White-throated Tinamou12.wav,6.592,True,D:\other\Bird\Dataset\CC0\White-throated Tinamou_sound\White-throated Tinamou12.mp3
White-throated Tinamou_sound/White-throated Tinamou13,D:\other\Bird\Code\data\kaggle_training_wav_cache_sp\White-throated Tinamou_sound\White-throated Tinamou13.wav,White-throated Tinamou_sound,111,36.8,97,train,D:\other\Bird\Code\data\kaggle_training_wav_cache_sp\White-throated Tinamou_sound\White-throated Tinamou13.wav,36.8,True,D:\other\Bird\Dataset\CC0\White-throated Tinamou_sound\White-throated Tinamou13.mp3
White-throated Tinamou_sound/White-throated Tinamou14,D:\other\Bird\Code\data\kaggle_training_wav_cache_sp\White-throated Tinamou_sound\White-throated Tinamou14.wav,White-throated Tinamou_sound,111,31.12,97,train,D:\other\Bird\Code\data\kaggle_training_wav_cache_sp\White-throated Tinamou_sound\White-throated Tinamou14.wav,31.12,True,D:\other\Bird\Dataset\CC0\White-throated Tinamou_sound\White-throated Tinamou14.mp3
White-throated Tinamou_sound/White-throated Tinamou15,D:\other\Bird\Code\data\kaggle_training_wav_cache_sp\White-throated Tinamou_sound\White-throated Tinamou15.wav,White-throated Tinamou_sound,111,6.016,97,train,D:\other\Bird\Code\data\kaggle_training_wav_cache_sp\White-throated Tinamou_sound\White-throated Tinamou15.wav,6.016,True,D:\other\Bird\Dataset\CC0\White-throated Tinamou_sound\White-throated Tinamou15.mp3
White-throated Tinamou_sound/White-throated Tinamou16,D:\other\Bird\Code\data\kaggle_training_wav_cache_sp\White-throated Tinamou_sound\White-throated Tinamou16.wav,White-throated Tinamou_sound,111,6.016,97,train,D:\other\Bird\Code\data\kaggle_training_wav_cache_sp\White-throated Tinamou_sound\White-throated Tinamou16.wav,6.016,True,D:\other\Bird\Dataset\CC0\White-throated Tinamou_sound\White-throated Tinamou16.mp3
White-throated Tinamou_sound/White-throated Tinamou17,D:\other\Bird\Code\data\kaggle_training_wav_cache_sp\White-throated Tinamou_sound\White-throated Tinamou17.wav,White-throated Tinamou_sound,111,9.488,97,train,D:\other\Bird\Code\data\kaggle_training_wav_cache_sp\White-throated Tinamou_sound\White-throated Tinamou17.wav,9.488,True,D:\other\Bird\Dataset\CC0\White-throated Tinamou_sound\White-throated Tinamou17.mp3
White-throated Tinamou_sound/White-throated Tinamou18,D:\other\Bird\Code\data\kaggle_training_wav_cache_sp\White-throated Tinamou_sound\White-throated Tinamou18.wav,White-throated Tinamou_sound,111,13.216,97,train,D:\other\Bird\Code\data\kaggle_training_wav_cache_sp\White-throated Tinamou_sound\White-throated Tinamou18.wav,13.216,True,D:\other\Bird\Dataset\CC0\White-throated Tinamou_sound\White-throated Tinamou18.mp3
White-throated Tinamou_sound/White-throated Tinamou19,D:\other\Bird\Code\data\kaggle_training_wav_cache_sp\White-throated Tinamou_sound\White-throated Tinamou19.wav,White-throated Tinamou_sound,111,7.232,97,test,D:\other\Bird\Code\data\kaggle_training_wav_cache_sp\White-throated Tinamou_sound\White-throated Tinamou19.wav,7.232,True,D:\other\Bird\Dataset\CC0\White-throated Tinamou_sound\White-throated Tinamou19.mp3
White-throated Tinamou_sound/White-throated Tinamou2,D:\other\Bird\Code\data\kaggle_training_wav_cache_sp\White-throated Tinamou_sound\White-throated Tinamou2.wav,White-throated Tinamou_sound,111,15.84,97,train,D:\other\Bird\Code\data\kaggle_training_wav_cache_sp\White-throated Tinamou_sound\White-throated Tinamou2.wav,15.84,True,D:\other\Bird\Dataset\CC0\White-throated Tinamou_sound\White-throated Tinamou2.mp3
White-throated Tinamou_sound/White-throated Tinamou20,D:\other\Bird\Code\data\kaggle_training_wav_cache_sp\White-throated Tinamou_sound\White-throated Tinamou20.wav,White-throated Tinamou_sound,111,12.48,97,val,D:\other\Bird\Code\data\kaggle_training_wav_cache_sp\White-throated Tinamou_sound\White-throated Tinamou20.wav,12.48,True,D:\other\Bird\Dataset\CC0\White-throated Tinamou_sound\White-throated Tinamou20.mp3
White-throated Tinamou_sound/White-throated Tinamou21,D:\other\Bird\Code\data\kaggle_training_wav_cache_sp\White-throated Tinamou_sound\White-throated Tinamou21.wav,White-throated Tinamou_sound,111,7.84,97,train,D:\other\Bird\Code\data\kaggle_training_wav_cache_sp\White-throated Tinamou_sound\White-throated Tinamou21.wav,7.84,True,D:\other\Bird\Dataset\CC0\White-throated Tinamou_sound\White-throated Tinamou21.mp3
White-throated Tinamou_sound/White-throated Tinamou22,D:\other\Bird\Code\data\kaggle_training_wav_cache_sp\White-throated Tinamou_sound\White-throated Tinamou22.wav,White-throated Tinamou_sound,111,15.056,97,val,D:\other\Bird\Code\data\kaggle_training_wav_cache_sp\White-throated Tinamou_sound\White-throated Tinamou22.wav,15.056,True,D:\other\Bird\Dataset\CC0\White-throated Tinamou_sound\White-throated Tinamou22.mp3
White-throated Tinamou_sound/White-throated Tinamou23,D:\other\Bird\Code\data\kaggle_training_wav_cache_sp\White-throated Tinamou_sound\White-throated Tinamou23.wav,White-throated Tinamou_sound,111,9.296,97,val,D:\other\Bird\Code\data\kaggle_training_wav_cache_sp\White-throated Tinamou_sound\White-throated Tinamou23.wav,9.296,True,D:\other\Bird\Dataset\CC0\White-throated Tinamou_sound\White-throated Tinamou23.mp3
White-throated Tinamou_sound/White-throated Tinamou24,D:\other\Bird\Code\data\kaggle_training_wav_cache_sp\White-throated Tinamou_sound\White-throated Tinamou24.wav,White-throated Tinamou_sound,111,7.216,97,test,D:\other\Bird\Code\data\kaggle_training_wav_cache_sp\White-throated Tinamou_sound\White-throated Tinamou24.wav,7.216,True,D:\other\Bird\Dataset\CC0\White-throated Tinamou_sound\White-throated Tinamou24.mp3
White-throated Tinamou_sound/White-throated Tinamou25,D:\other\Bird\Code\data\kaggle_training_wav_cache_sp\White-throated Tinamou_sound\White-throated Tinamou25.wav,White-throated Tinamou_sound,111,7.216,97,train,D:\other\Bird\Code\data\kaggle_training_wav_cache_sp\White-throated Tinamou_sound\White-throated Tinamou25.wav,7.216,True,D:\other\Bird\Dataset\CC0\White-throated Tinamou_sound\White-throated Tinamou25.mp3
White-throated Tinamou_sound/White-throated Tinamou26,D:\other\Bird\Code\data\kaggle_training_wav_cache_sp\White-throated Tinamou_sound\White-throated Tinamou26.wav,White-throated Tinamou_sound,111,63.49290625,97,train,D:\other\Bird\Code\data\kaggle_training_wav_cache_sp\White-throated Tinamou_sound\White-throated Tinamou26.wav,63.49290625,True,D:\other\Bird\Dataset\CC0\White-throated Tinamou_sound\White-throated Tinamou26.mp3
White-throated Tinamou_sound/White-throated Tinamou27,D:\other\Bird\Code\data\kaggle_training_wav_cache_sp\White-throated Tinamou_sound\White-throated Tinamou27.wav,White-throated Tinamou_sound,111,10.44,97,test,D:\other\Bird\Code\data\kaggle_training_wav_cache_sp\White-throated Tinamou_sound\White-throated Tinamou27.wav,10.44,True,D:\other\Bird\Dataset\CC0\White-throated Tinamou_sound\White-throated Tinamou27.mp3
White-throated Tinamou_sound/White-throated Tinamou28,D:\other\Bird\Code\data\kaggle_training_wav_cache_sp\White-throated Tinamou_sound\White-throated Tinamou28.wav,White-throated Tinamou_sound,111,8.664,97,train,D:\other\Bird\Code\data\kaggle_training_wav_cache_sp\White-throated Tinamou_sound\White-throated Tinamou28.wav,8.664,True,D:\other\Bird\Dataset\CC0\White-throated Tinamou_sound\White-throated Tinamou28.mp3
White-throated Tinamou_sound/White-throated Tinamou29,D:\other\Bird\Code\data\kaggle_training_wav_cache_sp\White-throated Tinamou_sound\White-throated Tinamou29.wav,White-throated Tinamou_sound,111,7.88484375,97,train,D:\other\Bird\Code\data\kaggle_training_wav_cache_sp\White-throated Tinamou_sound\White-throated Tinamou29.wav,7.88484375,True,D:\other\Bird\Dataset\CC0\White-throated Tinamou_sound\White-throated Tinamou29.mp3
White-throated Tinamou_sound/White-throated Tinamou3,D:\other\Bird\Code\data\kaggle_training_wav_cache_sp\White-throated Tinamou_sound\White-throated Tinamou3.wav,White-throated Tinamou_sound,111,40.05584375,97,train,D:\other\Bird\Code\data\kaggle_training_wav_cache_sp\White-throated Tinamou_sound\White-throated Tinamou3.wav,40.05584375,True,D:\other\Bird\Dataset\CC0\White-throated Tinamou_sound\White-throated Tinamou3.mp3
White-throated Tinamou_sound/White-throated Tinamou30,D:\other\Bird\Code\data\kaggle_training_wav_cache_sp\White-throated Tinamou_sound\White-throated Tinamou30.wav,White-throated Tinamou_sound,111,11.28234375,97,train,D:\other\Bird\Code\data\kaggle_training_wav_cache_sp\White-throated Tinamou_sound\White-throated Tinamou30.wav,11.28234375,True,D:\other\Bird\Dataset\CC0\White-throated Tinamou_sound\White-throated Tinamou30.mp3
White-throated Tinamou_sound/White-throated Tinamou31,D:\other\Bird\Code\data\kaggle_training_wav_cache_sp\White-throated Tinamou_sound\White-throated Tinamou31.wav,White-throated Tinamou_sound,111,15.69728125,97,train,D:\other\Bird\Code\data\kaggle_training_wav_cache_sp\White-throated Tinamou_sound\White-throated Tinamou31.wav,15.69728125,True,D:\other\Bird\Dataset\CC0\White-throated Tinamou_sound\White-throated Tinamou31.mp3
White-throated Tinamou_sound/White-throated Tinamou4,D:\other\Bird\Code\data\kaggle_training_wav_cache_sp\White-throated Tinamou_sound\White-throated Tinamou4.wav,White-throated Tinamou_sound,111,6.88034375,97,train,D:\other\Bird\Code\data\kaggle_training_wav_cache_sp\White-throated Tinamou_sound\White-throated Tinamou4.wav,6.88034375,True,D:\other\Bird\Dataset\CC0\White-throated Tinamou_sound\White-throated Tinamou4.mp3
White-throated Tinamou_sound/White-throated Tinamou5,D:\other\Bird\Code\data\kaggle_training_wav_cache_sp\White-throated Tinamou_sound\White-throated Tinamou5.wav,White-throated Tinamou_sound,111,35.264,97,test,D:\other\Bird\Code\data\kaggle_training_wav_cache_sp\White-throated Tinamou_sound\White-throated Tinamou5.wav,35.264,True,D:\other\Bird\Dataset\CC0\White-throated Tinamou_sound\White-throated Tinamou5.mp3
White-throated Tinamou_sound/White-throated Tinamou6,D:\other\Bird\Code\data\kaggle_training_wav_cache_sp\White-throated Tinamou_sound\White-throated Tinamou6.wav,White-throated Tinamou_sound,111,43.976,97,train,D:\other\Bird\Code\data\kaggle_training_wav_cache_sp\White-throated Tinamou_sound\White-throated Tinamou6.wav,43.976,True,D:\other\Bird\Dataset\CC0\White-throated Tinamou_sound\White-throated Tinamou6.mp3
White-throated Tinamou_sound/White-throated Tinamou7,D:\other\Bird\Code\data\kaggle_training_wav_cache_sp\White-throated Tinamou_sound\White-throated Tinamou7.wav,White-throated Tinamou_sound,111,43.976,97,train,D:\other\Bird\Code\data\kaggle_training_wav_cache_sp\White-throated Tinamou_sound\White-throated Tinamou7.wav,43.976,True,D:\other\Bird\Dataset\CC0\White-throated Tinamou_sound\White-throated Tinamou7.mp3
White-throated Tinamou_sound/White-throated Tinamou8,D:\other\Bird\Code\data\kaggle_training_wav_cache_sp\White-throated Tinamou_sound\White-throated Tinamou8.wav,White-throated Tinamou_sound,111,6.592,97,train,D:\other\Bird\Code\data\kaggle_training_wav_cache_sp\White-throated Tinamou_sound\White-throated Tinamou8.wav,6.592,True,D:\other\Bird\Dataset\CC0\White-throated Tinamou_sound\White-throated Tinamou8.mp3
White-throated Tinamou_sound/White-throated Tinamou9,D:\other\Bird\Code\data\kaggle_training_wav_cache_sp\White-throated Tinamou_sound\White-throated Tinamou9.wav,White-throated Tinamou_sound,111,6.592,97,train,D:\other\Bird\Code\data\kaggle_training_wav_cache_sp\White-throated Tinamou_sound\White-throated Tinamou9.wav,6.592,True,D:\other\Bird\Dataset\CC0\White-throated Tinamou_sound\White-throated Tinamou9.mp3
White-winged Guan_sound/White-winged Guan10,D:\other\Bird\Code\data\kaggle_training_wav_cache_sp\White-winged Guan_sound\White-winged Guan10.wav,White-winged Guan_sound,112,5.184,98,train,D:\other\Bird\Code\data\kaggle_training_wav_cache_sp\White-winged Guan_sound\White-winged Guan10.wav,5.184,True,D:\other\Bird\Dataset\CC0\White-winged Guan_sound\White-winged Guan10.mp3
White-winged Guan_sound/White-winged Guan11,D:\other\Bird\Code\data\kaggle_training_wav_cache_sp\White-winged Guan_sound\White-winged Guan11.wav,White-winged Guan_sound,112,18.417,98,val,D:\other\Bird\Code\data\kaggle_training_wav_cache_sp\White-winged Guan_sound\White-winged Guan11.wav,18.417,True,D:\other\Bird\Dataset\CC0\White-winged Guan_sound\White-winged Guan11.mp3
White-winged Guan_sound/White-winged Guan12,D:\other\Bird\Code\data\kaggle_training_wav_cache_sp\White-winged Guan_sound\White-winged Guan12.wav,White-winged Guan_sound,112,60.464,98,test,D:\other\Bird\Code\data\kaggle_training_wav_cache_sp\White-winged Guan_sound\White-winged Guan12.wav,60.464,True,D:\other\Bird\Dataset\CC0\White-winged Guan_sound\White-winged Guan12.mp3
White-winged Guan_sound/White-winged Guan13,D:\other\Bird\Code\data\kaggle_training_wav_cache_sp\White-winged Guan_sound\White-winged Guan13.wav,White-winged Guan_sound,112,60.464,98,train,D:\other\Bird\Code\data\kaggle_training_wav_cache_sp\White-winged Guan_sound\White-winged Guan13.wav,60.464,True,D:\other\Bird\Dataset\CC0\White-winged Guan_sound\White-winged Guan13.mp3
White-winged Guan_sound/White-winged Guan14,D:\other\Bird\Code\data\kaggle_training_wav_cache_sp\White-winged Guan_sound\White-winged Guan14.wav,White-winged Guan_sound,112,24.912,98,train,D:\other\Bird\Code\data\kaggle_training_wav_cache_sp\White-winged Guan_sound\White-winged Guan14.wav,24.912,True,D:\other\Bird\Dataset\CC0\White-winged Guan_sound\White-winged Guan14.mp3
White-winged Guan_sound/White-winged Guan15,D:\other\Bird\Code\data\kaggle_training_wav_cache_sp\White-winged Guan_sound\White-winged Guan15.wav,White-winged Guan_sound,112,45.472,98,train,D:\other\Bird\Code\data\kaggle_training_wav_cache_sp\White-winged Guan_sound\White-winged Guan15.wav,45.472,True,D:\other\Bird\Dataset\CC0\White-winged Guan_sound\White-winged Guan15.mp3
White-winged Guan_sound/White-winged Guan16,D:\other\Bird\Code\data\kaggle_training_wav_cache_sp\White-winged Guan_sound\White-winged Guan16.wav,White-winged Guan_sound,112,45.472,98,train,D:\other\Bird\Code\data\kaggle_training_wav_cache_sp\White-winged Guan_sound\White-winged Guan16.wav,45.472,True,D:\other\Bird\Dataset\CC0\White-winged Guan_sound\White-winged Guan16.mp3
White-winged Guan_sound/White-winged Guan17,D:\other\Bird\Code\data\kaggle_training_wav_cache_sp\White-winged Guan_sound\White-winged Guan17.wav,White-winged Guan_sound,112,45.472,98,val,D:\other\Bird\Code\data\kaggle_training_wav_cache_sp\White-winged Guan_sound\White-winged Guan17.wav,45.472,True,D:\other\Bird\Dataset\CC0\White-winged Guan_sound\White-winged Guan17.mp3
White-winged Guan_sound/White-winged Guan18,D:\other\Bird\Code\data\kaggle_training_wav_cache_sp\White-winged Guan_sound\White-winged Guan18.wav,White-winged Guan_sound,112,57.024,98,train,D:\other\Bird\Code\data\kaggle_training_wav_cache_sp\White-winged Guan_sound\White-winged Guan18.wav,57.024,True,D:\other\Bird\Dataset\CC0\White-winged Guan_sound\White-winged Guan18.mp3
White-winged Guan_sound/White-winged Guan19,D:\other\Bird\Code\data\kaggle_training_wav_cache_sp\White-winged Guan_sound\White-winged Guan19.wav,White-winged Guan_sound,112,57.024,98,train,D:\other\Bird\Code\data\kaggle_training_wav_cache_sp\White-winged Guan_sound\White-winged Guan19.wav,57.024,True,D:\other\Bird\Dataset\CC0\White-winged Guan_sound\White-winged Guan19.mp3
White-winged Guan_sound/White-winged Guan2,D:\other\Bird\Code\data\kaggle_training_wav_cache_sp\White-winged Guan_sound\White-winged Guan2.wav,White-winged Guan_sound,112,10.784,98,train,D:\other\Bird\Code\data\kaggle_training_wav_cache_sp\White-winged Guan_sound\White-winged Guan2.wav,10.784,True,D:\other\Bird\Dataset\CC0\White-winged Guan_sound\White-winged Guan2.mp3
White-winged Guan_sound/White-winged Guan20,D:\other\Bird\Code\data\kaggle_training_wav_cache_sp\White-winged Guan_sound\White-winged Guan20.wav,White-winged Guan_sound,112,57.024,98,train,D:\other\Bird\Code\data\kaggle_training_wav_cache_sp\White-winged Guan_sound\White-winged Guan20.wav,57.024,True,D:\other\Bird\Dataset\CC0\White-winged Guan_sound\White-winged Guan20.mp3
White-winged Guan_sound/White-winged Guan21,D:\other\Bird\Code\data\kaggle_training_wav_cache_sp\White-winged Guan_sound\White-winged Guan21.wav,White-winged Guan_sound,112,128.992,98,train,D:\other\Bird\Code\data\kaggle_training_wav_cache_sp\White-winged Guan_sound\White-winged Guan21.wav,128.992,True,D:\other\Bird\Dataset\CC0\White-winged Guan_sound\White-winged Guan21.mp3
White-winged Guan_sound/White-winged Guan3,D:\other\Bird\Code\data\kaggle_training_wav_cache_sp\White-winged Guan_sound\White-winged Guan3.wav,White-winged Guan_sound,112,10.784,98,train,D:\other\Bird\Code\data\kaggle_training_wav_cache_sp\White-winged Guan_sound\White-winged Guan3.wav,10.784,True,D:\other\Bird\Dataset\CC0\White-winged Guan_sound\White-winged Guan3.mp3
White-winged Guan_sound/White-winged Guan4,D:\other\Bird\Code\data\kaggle_training_wav_cache_sp\White-winged Guan_sound\White-winged Guan4.wav,White-winged Guan_sound,112,10.784,98,test,D:\other\Bird\Code\data\kaggle_training_wav_cache_sp\White-winged Guan_sound\White-winged Guan4.wav,10.784,True,D:\other\Bird\Dataset\CC0\White-winged Guan_sound\White-winged Guan4.mp3
White-winged Guan_sound/White-winged Guan5,D:\other\Bird\Code\data\kaggle_training_wav_cache_sp\White-winged Guan_sound\White-winged Guan5.wav,White-winged Guan_sound,112,10.784,98,train,D:\other\Bird\Code\data\kaggle_training_wav_cache_sp\White-winged Guan_sound\White-winged Guan5.wav,10.784,True,D:\other\Bird\Dataset\CC0\White-winged Guan_sound\White-winged Guan5.mp3
White-winged Guan_sound/White-winged Guan6,D:\other\Bird\Code\data\kaggle_training_wav_cache_sp\White-winged Guan_sound\White-winged Guan6.wav,White-winged Guan_sound,112,10.784,98,val,D:\other\Bird\Code\data\kaggle_training_wav_cache_sp\White-winged Guan_sound\White-winged Guan6.wav,10.784,True,D:\other\Bird\Dataset\CC0\White-winged Guan_sound\White-winged Guan6.mp3
White-winged Guan_sound/White-winged Guan7,D:\other\Bird\Code\data\kaggle_training_wav_cache_sp\White-winged Guan_sound\White-winged Guan7.wav,White-winged Guan_sound,112,26.416,98,test,D:\other\Bird\Code\data\kaggle_training_wav_cache_sp\White-winged Guan_sound\White-winged Guan7.wav,26.416,True,D:\other\Bird\Dataset\CC0\White-winged Guan_sound\White-winged Guan7.mp3
White-winged Guan_sound/White-winged Guan8,D:\other\Bird\Code\data\kaggle_training_wav_cache_sp\White-winged Guan_sound\White-winged Guan8.wav,White-winged Guan_sound,112,10.144,98,train,D:\other\Bird\Code\data\kaggle_training_wav_cache_sp\White-winged Guan_sound\White-winged Guan8.wav,10.144,True,D:\other\Bird\Dataset\CC0\White-winged Guan_sound\White-winged Guan8.mp3
White-winged Guan_sound/White-winged Guan9,D:\other\Bird\Code\data\kaggle_training_wav_cache_sp\White-winged Guan_sound\White-winged Guan9.wav,White-winged Guan_sound,112,10.864,98,train,D:\other\Bird\Code\data\kaggle_training_wav_cache_sp\White-winged Guan_sound\White-winged Guan9.wav,10.864,True,D:\other\Bird\Dataset\CC0\White-winged Guan_sound\White-winged Guan9.mp3
Yellow-legged Tinamou_sound/Yellow-legged Tinamou10,D:\other\Bird\Code\data\kaggle_training_wav_cache_sp\Yellow-legged Tinamou_sound\Yellow-legged Tinamou10.wav,Yellow-legged Tinamou_sound,113,104.2849375,99,test,D:\other\Bird\Code\data\kaggle_training_wav_cache_sp\Yellow-legged Tinamou_sound\Yellow-legged Tinamou10.wav,104.2849375,True,D:\other\Bird\Dataset\CC0\Yellow-legged Tinamou_sound\Yellow-legged Tinamou10.mp3
Yellow-legged Tinamou_sound/Yellow-legged Tinamou11,D:\other\Bird\Code\data\kaggle_training_wav_cache_sp\Yellow-legged Tinamou_sound\Yellow-legged Tinamou11.wav,Yellow-legged Tinamou_sound,113,104.2849375,99,train,D:\other\Bird\Code\data\kaggle_training_wav_cache_sp\Yellow-legged Tinamou_sound\Yellow-legged Tinamou11.wav,104.2849375,True,D:\other\Bird\Dataset\CC0\Yellow-legged Tinamou_sound\Yellow-legged Tinamou11.mp3
Yellow-legged Tinamou_sound/Yellow-legged Tinamou12,D:\other\Bird\Code\data\kaggle_training_wav_cache_sp\Yellow-legged Tinamou_sound\Yellow-legged Tinamou12.wav,Yellow-legged Tinamou_sound,113,104.2849375,99,train,D:\other\Bird\Code\data\kaggle_training_wav_cache_sp\Yellow-legged Tinamou_sound\Yellow-legged Tinamou12.wav,104.2849375,True,D:\other\Bird\Dataset\CC0\Yellow-legged Tinamou_sound\Yellow-legged Tinamou12.mp3
Yellow-legged Tinamou_sound/Yellow-legged Tinamou13,D:\other\Bird\Code\data\kaggle_training_wav_cache_sp\Yellow-legged Tinamou_sound\Yellow-legged Tinamou13.wav,Yellow-legged Tinamou_sound,113,104.2849375,99,train,D:\other\Bird\Code\data\kaggle_training_wav_cache_sp\Yellow-legged Tinamou_sound\Yellow-legged Tinamou13.wav,104.2849375,True,D:\other\Bird\Dataset\CC0\Yellow-legged Tinamou_sound\Yellow-legged Tinamou13.mp3
Yellow-legged Tinamou_sound/Yellow-legged Tinamou14,D:\other\Bird\Code\data\kaggle_training_wav_cache_sp\Yellow-legged Tinamou_sound\Yellow-legged Tinamou14.wav,Yellow-legged Tinamou_sound,113,104.2849375,99,train,D:\other\Bird\Code\data\kaggle_training_wav_cache_sp\Yellow-legged Tinamou_sound\Yellow-legged Tinamou14.wav,104.2849375,True,D:\other\Bird\Dataset\CC0\Yellow-legged Tinamou_sound\Yellow-legged Tinamou14.mp3
Yellow-legged Tinamou_sound/Yellow-legged Tinamou15,D:\other\Bird\Code\data\kaggle_training_wav_cache_sp\Yellow-legged Tinamou_sound\Yellow-legged Tinamou15.wav,Yellow-legged Tinamou_sound,113,28.952,99,test,D:\other\Bird\Code\data\kaggle_training_wav_cache_sp\Yellow-legged Tinamou_sound\Yellow-legged Tinamou15.wav,28.952,True,D:\other\Bird\Dataset\CC0\Yellow-legged Tinamou_sound\Yellow-legged Tinamou15.mp3
Yellow-legged Tinamou_sound/Yellow-legged Tinamou16,D:\other\Bird\Code\data\kaggle_training_wav_cache_sp\Yellow-legged Tinamou_sound\Yellow-legged Tinamou16.wav,Yellow-legged Tinamou_sound,113,43.8,99,val,D:\other\Bird\Code\data\kaggle_training_wav_cache_sp\Yellow-legged Tinamou_sound\Yellow-legged Tinamou16.wav,43.8,True,D:\other\Bird\Dataset\CC0\Yellow-legged Tinamou_sound\Yellow-legged Tinamou16.mp3
Yellow-legged Tinamou_sound/Yellow-legged Tinamou17,D:\other\Bird\Code\data\kaggle_training_wav_cache_sp\Yellow-legged Tinamou_sound\Yellow-legged Tinamou17.wav,Yellow-legged Tinamou_sound,113,43.8,99,train,D:\other\Bird\Code\data\kaggle_training_wav_cache_sp\Yellow-legged Tinamou_sound\Yellow-legged Tinamou17.wav,43.8,True,D:\other\Bird\Dataset\CC0\Yellow-legged Tinamou_sound\Yellow-legged Tinamou17.mp3
Yellow-legged Tinamou_sound/Yellow-legged Tinamou18,D:\other\Bird\Code\data\kaggle_training_wav_cache_sp\Yellow-legged Tinamou_sound\Yellow-legged Tinamou18.wav,Yellow-legged Tinamou_sound,113,43.8,99,train,D:\other\Bird\Code\data\kaggle_training_wav_cache_sp\Yellow-legged Tinamou_sound\Yellow-legged Tinamou18.wav,43.8,True,D:\other\Bird\Dataset\CC0\Yellow-legged Tinamou_sound\Yellow-legged Tinamou18.mp3
Yellow-legged Tinamou_sound/Yellow-legged Tinamou19,D:\other\Bird\Code\data\kaggle_training_wav_cache_sp\Yellow-legged Tinamou_sound\Yellow-legged Tinamou19.wav,Yellow-legged Tinamou_sound,113,43.8,99,train,D:\other\Bird\Code\data\kaggle_training_wav_cache_sp\Yellow-legged Tinamou_sound\Yellow-legged Tinamou19.wav,43.8,True,D:\other\Bird\Dataset\CC0\Yellow-legged Tinamou_sound\Yellow-legged Tinamou19.mp3
Yellow-legged Tinamou_sound/Yellow-legged Tinamou20,D:\other\Bird\Code\data\kaggle_training_wav_cache_sp\Yellow-legged Tinamou_sound\Yellow-legged Tinamou20.wav,Yellow-legged Tinamou_sound,113,43.8,99,test,D:\other\Bird\Code\data\kaggle_training_wav_cache_sp\Yellow-legged Tinamou_sound\Yellow-legged Tinamou20.wav,43.8,True,D:\other\Bird\Dataset\CC0\Yellow-legged Tinamou_sound\Yellow-legged Tinamou20.mp3
Yellow-legged Tinamou_sound/Yellow-legged Tinamou21,D:\other\Bird\Code\data\kaggle_training_wav_cache_sp\Yellow-legged Tinamou_sound\Yellow-legged Tinamou21.wav,Yellow-legged Tinamou_sound,113,43.8,99,train,D:\other\Bird\Code\data\kaggle_training_wav_cache_sp\Yellow-legged Tinamou_sound\Yellow-legged Tinamou21.wav,43.8,True,D:\other\Bird\Dataset\CC0\Yellow-legged Tinamou_sound\Yellow-legged Tinamou21.mp3
Yellow-legged Tinamou_sound/Yellow-legged Tinamou22,D:\other\Bird\Code\data\kaggle_training_wav_cache_sp\Yellow-legged Tinamou_sound\Yellow-legged Tinamou22.wav,Yellow-legged Tinamou_sound,113,43.8,99,train,D:\other\Bird\Code\data\kaggle_training_wav_cache_sp\Yellow-legged Tinamou_sound\Yellow-legged Tinamou22.wav,43.8,True,D:\other\Bird\Dataset\CC0\Yellow-legged Tinamou_sound\Yellow-legged Tinamou22.mp3
Yellow-legged Tinamou_sound/Yellow-legged Tinamou23,D:\other\Bird\Code\data\kaggle_training_wav_cache_sp\Yellow-legged Tinamou_sound\Yellow-legged Tinamou23.wav,Yellow-legged Tinamou_sound,113,43.8,99,train,D:\other\Bird\Code\data\kaggle_training_wav_cache_sp\Yellow-legged Tinamou_sound\Yellow-legged Tinamou23.wav,43.8,True,D:\other\Bird\Dataset\CC0\Yellow-legged Tinamou_sound\Yellow-legged Tinamou23.mp3
Yellow-legged Tinamou_sound/Yellow-legged Tinamou24,D:\other\Bird\Code\data\kaggle_training_wav_cache_sp\Yellow-legged Tinamou_sound\Yellow-legged Tinamou24.wav,Yellow-legged Tinamou_sound,113,137.51871875,99,val,D:\other\Bird\Code\data\kaggle_training_wav_cache_sp\Yellow-legged Tinamou_sound\Yellow-legged Tinamou24.wav,137.51871875,True,D:\other\Bird\Dataset\CC0\Yellow-legged Tinamou_sound\Yellow-legged Tinamou24.mp3
Yellow-legged Tinamou_sound/Yellow-legged Tinamou25,D:\other\Bird\Code\data\kaggle_training_wav_cache_sp\Yellow-legged Tinamou_sound\Yellow-legged Tinamou25.wav,Yellow-legged Tinamou_sound,113,95.952,99,train,D:\other\Bird\Code\data\kaggle_training_wav_cache_sp\Yellow-legged Tinamou_sound\Yellow-legged Tinamou25.wav,95.952,True,D:\other\Bird\Dataset\CC0\Yellow-legged Tinamou_sound\Yellow-legged Tinamou25.mp3
Yellow-legged Tinamou_sound/Yellow-legged Tinamou26,D:\other\Bird\Code\data\kaggle_training_wav_cache_sp\Yellow-legged Tinamou_sound\Yellow-legged Tinamou26.wav,Yellow-legged Tinamou_sound,113,95.952,99,train,D:\other\Bird\Code\data\kaggle_training_wav_cache_sp\Yellow-legged Tinamou_sound\Yellow-legged Tinamou26.wav,95.952,True,D:\other\Bird\Dataset\CC0\Yellow-legged Tinamou_sound\Yellow-legged Tinamou26.mp3
Yellow-legged Tinamou_sound/Yellow-legged Tinamou27,D:\other\Bird\Code\data\kaggle_training_wav_cache_sp\Yellow-legged Tinamou_sound\Yellow-legged Tinamou27.wav,Yellow-legged Tinamou_sound,113,95.952,99,train,D:\other\Bird\Code\data\kaggle_training_wav_cache_sp\Yellow-legged Tinamou_sound\Yellow-legged Tinamou27.wav,95.952,True,D:\other\Bird\Dataset\CC0\Yellow-legged Tinamou_sound\Yellow-legged Tinamou27.mp3
Yellow-legged Tinamou_sound/Yellow-legged Tinamou28,D:\other\Bird\Code\data\kaggle_training_wav_cache_sp\Yellow-legged Tinamou_sound\Yellow-legged Tinamou28.wav,Yellow-legged Tinamou_sound,113,95.952,99,train,D:\other\Bird\Code\data\kaggle_training_wav_cache_sp\Yellow-legged Tinamou_sound\Yellow-legged Tinamou28.wav,95.952,True,D:\other\Bird\Dataset\CC0\Yellow-legged Tinamou_sound\Yellow-legged Tinamou28.mp3
Yellow-legged Tinamou_sound/Yellow-legged Tinamou29,D:\other\Bird\Code\data\kaggle_training_wav_cache_sp\Yellow-legged Tinamou_sound\Yellow-legged Tinamou29.wav,Yellow-legged Tinamou_sound,113,95.952,99,train,D:\other\Bird\Code\data\kaggle_training_wav_cache_sp\Yellow-legged Tinamou_sound\Yellow-legged Tinamou29.wav,95.952,True,D:\other\Bird\Dataset\CC0\Yellow-legged Tinamou_sound\Yellow-legged Tinamou29.mp3
Yellow-legged Tinamou_sound/Yellow-legged Tinamou30,D:\other\Bird\Code\data\kaggle_training_wav_cache_sp\Yellow-legged Tinamou_sound\Yellow-legged Tinamou30.wav,Yellow-legged Tinamou_sound,113,12.85225,99,train,D:\other\Bird\Code\data\kaggle_training_wav_cache_sp\Yellow-legged Tinamou_sound\Yellow-legged Tinamou30.wav,12.85225,True,D:\other\Bird\Dataset\CC0\Yellow-legged Tinamou_sound\Yellow-legged Tinamou30.mp3
Yellow-legged Tinamou_sound/Yellow-legged Tinamou31,D:\other\Bird\Code\data\kaggle_training_wav_cache_sp\Yellow-legged Tinamou_sound\Yellow-legged Tinamou31.wav,Yellow-legged Tinamou_sound,113,31.056,99,train,D:\other\Bird\Code\data\kaggle_training_wav_cache_sp\Yellow-legged Tinamou_sound\Yellow-legged Tinamou31.wav,31.056,True,D:\other\Bird\Dataset\CC0\Yellow-legged Tinamou_sound\Yellow-legged Tinamou31.mp3
Yellow-legged Tinamou_sound/Yellow-legged Tinamou7,D:\other\Bird\Code\data\kaggle_training_wav_cache_sp\Yellow-legged Tinamou_sound\Yellow-legged Tinamou7.wav,Yellow-legged Tinamou_sound,113,104.2849375,99,test,D:\other\Bird\Code\data\kaggle_training_wav_cache_sp\Yellow-legged Tinamou_sound\Yellow-legged Tinamou7.wav,104.2849375,True,D:\other\Bird\Dataset\CC0\Yellow-legged Tinamou_sound\Yellow-legged Tinamou7.mp3
Yellow-legged Tinamou_sound/Yellow-legged Tinamou8,D:\other\Bird\Code\data\kaggle_training_wav_cache_sp\Yellow-legged Tinamou_sound\Yellow-legged Tinamou8.wav,Yellow-legged Tinamou_sound,113,104.2849375,99,val,D:\other\Bird\Code\data\kaggle_training_wav_cache_sp\Yellow-legged Tinamou_sound\Yellow-legged Tinamou8.wav,104.2849375,True,D:\other\Bird\Dataset\CC0\Yellow-legged Tinamou_sound\Yellow-legged Tinamou8.mp3
Yellow-legged Tinamou_sound/Yellow-legged Tinamou9,D:\other\Bird\Code\data\kaggle_training_wav_cache_sp\Yellow-legged Tinamou_sound\Yellow-legged Tinamou9.wav,Yellow-legged Tinamou_sound,113,104.2849375,99,val,D:\other\Bird\Code\data\kaggle_training_wav_cache_sp\Yellow-legged Tinamou_sound\Yellow-legged Tinamou9.wav,104.2849375,True,D:\other\Bird\Dataset\CC0\Yellow-legged Tinamou_sound\Yellow-legged Tinamou9.mp3
