recording_id,audio_path,folder_name,label_id,duration_total_sec,split,audio_path_original
Andean Guan_sound/Andean Guan10,D:\other\Bird\Code\data\kaggle_wav_cache\Andean Guan_sound\Andean Guan10.wav,Andean Guan_sound,0,7.928208616780045,train,D:\other\Bird\Dataset\CC0\Andean Guan_sound\Andean Guan10.mp3
Andean Guan_sound/Andean Guan11,D:\other\Bird\Code\data\kaggle_wav_cache\Andean Guan_sound\Andean Guan11.wav,Andean Guan_sound,0,20.69952380952381,train,D:\other\Bird\Dataset\CC0\Andean Guan_sound\Andean Guan11.mp3
Andean Guan_sound/Andean Guan12,D:\other\Bird\Code\data\kaggle_wav_cache\Andean Guan_sound\Andean Guan12.wav,Andean Guan_sound,0,15.919750566893423,train,D:\other\Bird\Dataset\CC0\Andean Guan_sound\Andean Guan12.mp3
Andean Guan_sound/Andean Guan13,D:\other\Bird\Code\data\kaggle_wav_cache\Andean Guan_sound\Andean Guan13.wav,Andean Guan_sound,0,28.17074829931973,train,D:\other\Bird\Dataset\CC0\Andean Guan_sound\Andean Guan13.mp3
Andean Guan_sound/Andean Guan14,D:\other\Bird\Code\data\kaggle_wav_cache\Andean Guan_sound\Andean Guan14.wav,Andean Guan_sound,0,23.07566893424036,train,D:\other\Bird\Dataset\CC0\Andean Guan_sound\Andean Guan14.mp3
Andean Guan_sound/Andean Guan15,D:\other\Bird\Code\data\kaggle_wav_cache\Andean Guan_sound\Andean Guan15.wav,Andean Guan_sound,0,23.07566893424036,val,D:\other\Bird\Dataset\CC0\Andean Guan_sound\Andean Guan15.mp3
Andean Guan_sound/Andean Guan16,D:\other\Bird\Code\data\kaggle_wav_cache\Andean Guan_sound\Andean Guan16.wav,Andean Guan_sound,0,69.10455782312926,train,D:\other\Bird\Dataset\CC0\Andean Guan_sound\Andean Guan16.mp3
Andean Guan_sound/Andean Guan17,D:\other\Bird\Code\data\kaggle_wav_cache\Andean Guan_sound\Andean Guan17.wav,Andean Guan_sound,0,50.580181405895694,test,D:\other\Bird\Dataset\CC0\Andean Guan_sound\Andean Guan17.mp3
Andean Guan_sound/Andean Guan18,D:\other\Bird\Code\data\kaggle_wav_cache\Andean Guan_sound\Andean Guan18.wav,Andean Guan_sound,0,44.23641723356009,train,D:\other\Bird\Dataset\CC0\Andean Guan_sound\Andean Guan18.mp3
Andean Guan_sound/Andean Guan19,D:\other\Bird\Code\data\kaggle_wav_cache\Andean Guan_sound\Andean Guan19.wav,Andean Guan_sound,0,33.39213151927438,train,D:\other\Bird\Dataset\CC0\Andean Guan_sound\Andean Guan19.mp3
Andean Guan_sound/Andean Guan2,D:\other\Bird\Code\data\kaggle_wav_cache\Andean Guan_sound\Andean Guan2.wav,Andean Guan_sound,0,81.01984126984127,train,D:\other\Bird\Dataset\CC0\Andean Guan_sound\Andean Guan2.mp3
Andean Guan_sound/Andean Guan20,D:\other\Bird\Code\data\kaggle_wav_cache\Andean Guan_sound\Andean Guan20.wav,Andean Guan_sound,0,14.001768707482992,train,D:\other\Bird\Dataset\CC0\Andean Guan_sound\Andean Guan20.mp3
Andean Guan_sound/Andean Guan21,D:\other\Bird\Code\data\kaggle_wav_cache\Andean Guan_sound\Andean Guan21.wav,Andean Guan_sound,0,22.91176870748299,train,D:\other\Bird\Dataset\CC0\Andean Guan_sound\Andean Guan21.mp3
Andean Guan_sound/Andean Guan22,D:\other\Bird\Code\data\kaggle_wav_cache\Andean Guan_sound\Andean Guan22.wav,Andean Guan_sound,0,22.91176870748299,train,D:\other\Bird\Dataset\CC0\Andean Guan_sound\Andean Guan22.mp3
Andean Guan_sound/Andean Guan23,D:\other\Bird\Code\data\kaggle_wav_cache\Andean Guan_sound\Andean Guan23.wav,Andean Guan_sound,0,22.91176870748299,train,D:\other\Bird\Dataset\CC0\Andean Guan_sound\Andean Guan23.mp3
Andean Guan_sound/Andean Guan24,D:\other\Bird\Code\data\kaggle_wav_cache\Andean Guan_sound\Andean Guan24.wav,Andean Guan_sound,0,101.45333333333332,train,D:\other\Bird\Dataset\CC0\Andean Guan_sound\Andean Guan24.mp3
Andean Guan_sound/Andean Guan25,D:\other\Bird\Code\data\kaggle_wav_cache\Andean Guan_sound\Andean Guan25.wav,Andean Guan_sound,0,146.77333333333334,test,D:\other\Bird\Dataset\CC0\Andean Guan_sound\Andean Guan25.mp3
Andean Guan_sound/Andean Guan26,D:\other\Bird\Code\data\kaggle_wav_cache\Andean Guan_sound\Andean Guan26.wav,Andean Guan_sound,0,61.586666666666666,train,D:\other\Bird\Dataset\CC0\Andean Guan_sound\Andean Guan26.mp3
Andean Guan_sound/Andean Guan27,D:\other\Bird\Code\data\kaggle_wav_cache\Andean Guan_sound\Andean Guan27.wav,Andean Guan_sound,0,104.52108843537415,train,D:\other\Bird\Dataset\CC0\Andean Guan_sound\Andean Guan27.mp3
Andean Guan_sound/Andean Guan28,D:\other\Bird\Code\data\kaggle_wav_cache\Andean Guan_sound\Andean Guan28.wav,Andean Guan_sound,0,30.579183673469387,train,D:\other\Bird\Dataset\CC0\Andean Guan_sound\Andean Guan28.mp3
Andean Guan_sound/Andean Guan29,D:\other\Bird\Code\data\kaggle_wav_cache\Andean Guan_sound\Andean Guan29.wav,Andean Guan_sound,0,30.579183673469387,train,D:\other\Bird\Dataset\CC0\Andean Guan_sound\Andean Guan29.mp3
Andean Guan_sound/Andean Guan3,D:\other\Bird\Code\data\kaggle_wav_cache\Andean Guan_sound\Andean Guan3.wav,Andean Guan_sound,0,81.01984126984127,val,D:\other\Bird\Dataset\CC0\Andean Guan_sound\Andean Guan3.mp3
Andean Guan_sound/Andean Guan30,D:\other\Bird\Code\data\kaggle_wav_cache\Andean Guan_sound\Andean Guan30.wav,Andean Guan_sound,0,30.579183673469387,val,D:\other\Bird\Dataset\CC0\Andean Guan_sound\Andean Guan30.mp3
Andean Guan_sound/Andean Guan31,D:\other\Bird\Code\data\kaggle_wav_cache\Andean Guan_sound\Andean Guan31.wav,Andean Guan_sound,0,8.396984126984126,train,D:\other\Bird\Dataset\CC0\Andean Guan_sound\Andean Guan31.mp3
Andean Guan_sound/Andean Guan4,D:\other\Bird\Code\data\kaggle_wav_cache\Andean Guan_sound\Andean Guan4.wav,Andean Guan_sound,0,81.01984126984127,val,D:\other\Bird\Dataset\CC0\Andean Guan_sound\Andean Guan4.mp3
Andean Guan_sound/Andean Guan5,D:\other\Bird\Code\data\kaggle_wav_cache\Andean Guan_sound\Andean Guan5.wav,Andean Guan_sound,0,27.87657596371882,test,D:\other\Bird\Dataset\CC0\Andean Guan_sound\Andean Guan5.mp3
Andean Guan_sound/Andean Guan6,D:\other\Bird\Code\data\kaggle_wav_cache\Andean Guan_sound\Andean Guan6.wav,Andean Guan_sound,0,27.87657596371882,train,D:\other\Bird\Dataset\CC0\Andean Guan_sound\Andean Guan6.mp3
Andean Guan_sound/Andean Guan7,D:\other\Bird\Code\data\kaggle_wav_cache\Andean Guan_sound\Andean Guan7.wav,Andean Guan_sound,0,27.87657596371882,train,D:\other\Bird\Dataset\CC0\Andean Guan_sound\Andean Guan7.mp3
Andean Guan_sound/Andean Guan8,D:\other\Bird\Code\data\kaggle_wav_cache\Andean Guan_sound\Andean Guan8.wav,Andean Guan_sound,0,45.547006802721086,train,D:\other\Bird\Dataset\CC0\Andean Guan_sound\Andean Guan8.mp3
Andean Guan_sound/Andean Guan9,D:\other\Bird\Code\data\kaggle_wav_cache\Andean Guan_sound\Andean Guan9.wav,Andean Guan_sound,0,10.305034013605445,test,D:\other\Bird\Dataset\CC0\Andean Guan_sound\Andean Guan9.mp3
Andean Tinamou_sound/Andean Tinamou10,D:\other\Bird\Code\data\kaggle_wav_cache\Andean Tinamou_sound\Andean Tinamou10.wav,Andean Tinamou_sound,1,129.13275,train,D:\other\Bird\Dataset\CC0\Andean Tinamou_sound\Andean Tinamou10.mp3
Andean Tinamou_sound/Andean Tinamou11,D:\other\Bird\Code\data\kaggle_wav_cache\Andean Tinamou_sound\Andean Tinamou11.wav,Andean Tinamou_sound,1,129.13275,val,D:\other\Bird\Dataset\CC0\Andean Tinamou_sound\Andean Tinamou11.mp3
Andean Tinamou_sound/Andean Tinamou12,D:\other\Bird\Code\data\kaggle_wav_cache\Andean Tinamou_sound\Andean Tinamou12.wav,Andean Tinamou_sound,1,93.90092970521542,train,D:\other\Bird\Dataset\CC0\Andean Tinamou_sound\Andean Tinamou12.mp3
Andean Tinamou_sound/Andean Tinamou13,D:\other\Bird\Code\data\kaggle_wav_cache\Andean Tinamou_sound\Andean Tinamou13.wav,Andean Tinamou_sound,1,60.85079365079365,train,D:\other\Bird\Dataset\CC0\Andean Tinamou_sound\Andean Tinamou13.mp3
Andean Tinamou_sound/Andean Tinamou14,D:\other\Bird\Code\data\kaggle_wav_cache\Andean Tinamou_sound\Andean Tinamou14.wav,Andean Tinamou_sound,1,60.85079365079365,train,D:\other\Bird\Dataset\CC0\Andean Tinamou_sound\Andean Tinamou14.mp3
Andean Tinamou_sound/Andean Tinamou15,D:\other\Bird\Code\data\kaggle_wav_cache\Andean Tinamou_sound\Andean Tinamou15.wav,Andean Tinamou_sound,1,4.911201814058957,test,D:\other\Bird\Dataset\CC0\Andean Tinamou_sound\Andean Tinamou15.mp3
Andean Tinamou_sound/Andean Tinamou16,D:\other\Bird\Code\data\kaggle_wav_cache\Andean Tinamou_sound\Andean Tinamou16.wav,Andean Tinamou_sound,1,4.911201814058957,val,D:\other\Bird\Dataset\CC0\Andean Tinamou_sound\Andean Tinamou16.mp3
Andean Tinamou_sound/Andean Tinamou17,D:\other\Bird\Code\data\kaggle_wav_cache\Andean Tinamou_sound\Andean Tinamou17.wav,Andean Tinamou_sound,1,67.69263038548753,train,D:\other\Bird\Dataset\CC0\Andean Tinamou_sound\Andean Tinamou17.mp3
Andean Tinamou_sound/Andean Tinamou18,D:\other\Bird\Code\data\kaggle_wav_cache\Andean Tinamou_sound\Andean Tinamou18.wav,Andean Tinamou_sound,1,18.37369614512472,train,D:\other\Bird\Dataset\CC0\Andean Tinamou_sound\Andean Tinamou18.mp3
Andean Tinamou_sound/Andean Tinamou19,D:\other\Bird\Code\data\kaggle_wav_cache\Andean Tinamou_sound\Andean Tinamou19.wav,Andean Tinamou_sound,1,18.37369614512472,train,D:\other\Bird\Dataset\CC0\Andean Tinamou_sound\Andean Tinamou19.mp3
Andean Tinamou_sound/Andean Tinamou2,D:\other\Bird\Code\data\kaggle_wav_cache\Andean Tinamou_sound\Andean Tinamou2.wav,Andean Tinamou_sound,1,3.612,val,D:\other\Bird\Dataset\CC0\Andean Tinamou_sound\Andean Tinamou2.mp3
Andean Tinamou_sound/Andean Tinamou20,D:\other\Bird\Code\data\kaggle_wav_cache\Andean Tinamou_sound\Andean Tinamou20.wav,Andean Tinamou_sound,1,40.021632653061225,train,D:\other\Bird\Dataset\CC0\Andean Tinamou_sound\Andean Tinamou20.mp3
Andean Tinamou_sound/Andean Tinamou21,D:\other\Bird\Code\data\kaggle_wav_cache\Andean Tinamou_sound\Andean Tinamou21.wav,Andean Tinamou_sound,1,8.524467120181406,train,D:\other\Bird\Dataset\CC0\Andean Tinamou_sound\Andean Tinamou21.mp3
Andean Tinamou_sound/Andean Tinamou22,D:\other\Bird\Code\data\kaggle_wav_cache\Andean Tinamou_sound\Andean Tinamou22.wav,Andean Tinamou_sound,1,7.665986394557823,test,D:\other\Bird\Dataset\CC0\Andean Tinamou_sound\Andean Tinamou22.mp3
Andean Tinamou_sound/Andean Tinamou23,D:\other\Bird\Code\data\kaggle_wav_cache\Andean Tinamou_sound\Andean Tinamou23.wav,Andean Tinamou_sound,1,6.959614512471656,train,D:\other\Bird\Dataset\CC0\Andean Tinamou_sound\Andean Tinamou23.mp3
Andean Tinamou_sound/Andean Tinamou24,D:\other\Bird\Code\data\kaggle_wav_cache\Andean Tinamou_sound\Andean Tinamou24.wav,Andean Tinamou_sound,1,75.8444671201814,train,D:\other\Bird\Dataset\CC0\Andean Tinamou_sound\Andean Tinamou24.mp3
Andean Tinamou_sound/Andean Tinamou25,D:\other\Bird\Code\data\kaggle_wav_cache\Andean Tinamou_sound\Andean Tinamou25.wav,Andean Tinamou_sound,1,16.124036281179137,train,D:\other\Bird\Dataset\CC0\Andean Tinamou_sound\Andean Tinamou25.mp3
Andean Tinamou_sound/Andean Tinamou26,D:\other\Bird\Code\data\kaggle_wav_cache\Andean Tinamou_sound\Andean Tinamou26.wav,Andean Tinamou_sound,1,16.124036281179137,train,D:\other\Bird\Dataset\CC0\Andean Tinamou_sound\Andean Tinamou26.mp3
Andean Tinamou_sound/Andean Tinamou27,D:\other\Bird\Code\data\kaggle_wav_cache\Andean Tinamou_sound\Andean Tinamou27.wav,Andean Tinamou_sound,1,5.255034013605442,val,D:\other\Bird\Dataset\CC0\Andean Tinamou_sound\Andean Tinamou27.mp3
Andean Tinamou_sound/Andean Tinamou28,D:\other\Bird\Code\data\kaggle_wav_cache\Andean Tinamou_sound\Andean Tinamou28.wav,Andean Tinamou_sound,1,6.27374149659864,train,D:\other\Bird\Dataset\CC0\Andean Tinamou_sound\Andean Tinamou28.mp3
Andean Tinamou_sound/Andean Tinamou29,D:\other\Bird\Code\data\kaggle_wav_cache\Andean Tinamou_sound\Andean Tinamou29.wav,Andean Tinamou_sound,1,6.27374149659864,train,D:\other\Bird\Dataset\CC0\Andean Tinamou_sound\Andean Tinamou29.mp3
Andean Tinamou_sound/Andean Tinamou3,D:\other\Bird\Code\data\kaggle_wav_cache\Andean Tinamou_sound\Andean Tinamou3.wav,Andean Tinamou_sound,1,8.577687074829932,train,D:\other\Bird\Dataset\CC0\Andean Tinamou_sound\Andean Tinamou3.mp3
Andean Tinamou_sound/Andean Tinamou30,D:\other\Bird\Code\data\kaggle_wav_cache\Andean Tinamou_sound\Andean Tinamou30.wav,Andean Tinamou_sound,1,46.629002267573696,train,D:\other\Bird\Dataset\CC0\Andean Tinamou_sound\Andean Tinamou30.mp3
Andean Tinamou_sound/Andean Tinamou31,D:\other\Bird\Code\data\kaggle_wav_cache\Andean Tinamou_sound\Andean Tinamou31.wav,Andean Tinamou_sound,1,9.937392290249432,train,D:\other\Bird\Dataset\CC0\Andean Tinamou_sound\Andean Tinamou31.mp3
Andean Tinamou_sound/Andean Tinamou4,D:\other\Bird\Code\data\kaggle_wav_cache\Andean Tinamou_sound\Andean Tinamou4.wav,Andean Tinamou_sound,1,4.784399092970522,train,D:\other\Bird\Dataset\CC0\Andean Tinamou_sound\Andean Tinamou4.mp3
Andean Tinamou_sound/Andean Tinamou5,D:\other\Bird\Code\data\kaggle_wav_cache\Andean Tinamou_sound\Andean Tinamou5.wav,Andean Tinamou_sound,1,4.784399092970522,test,D:\other\Bird\Dataset\CC0\Andean Tinamou_sound\Andean Tinamou5.mp3
Andean Tinamou_sound/Andean Tinamou6,D:\other\Bird\Code\data\kaggle_wav_cache\Andean Tinamou_sound\Andean Tinamou6.wav,Andean Tinamou_sound,1,8.443628117913832,train,D:\other\Bird\Dataset\CC0\Andean Tinamou_sound\Andean Tinamou6.mp3
Andean Tinamou_sound/Andean Tinamou7,D:\other\Bird\Code\data\kaggle_wav_cache\Andean Tinamou_sound\Andean Tinamou7.wav,Andean Tinamou_sound,1,24.09471655328798,test,D:\other\Bird\Dataset\CC0\Andean Tinamou_sound\Andean Tinamou7.mp3
Andean Tinamou_sound/Andean Tinamou8,D:\other\Bird\Code\data\kaggle_wav_cache\Andean Tinamou_sound\Andean Tinamou8.wav,Andean Tinamou_sound,1,13.32625850340136,train,D:\other\Bird\Dataset\CC0\Andean Tinamou_sound\Andean Tinamou8.mp3
Andean Tinamou_sound/Andean Tinamou9,D:\other\Bird\Code\data\kaggle_wav_cache\Andean Tinamou_sound\Andean Tinamou9.wav,Andean Tinamou_sound,1,18.956145124716556,train,D:\other\Bird\Dataset\CC0\Andean Tinamou_sound\Andean Tinamou9.mp3
Australian Brushturkey_sound/Australian Brushturkey10,D:\other\Bird\Code\data\kaggle_wav_cache\Australian Brushturkey_sound\Australian Brushturkey10.wav,Australian Brushturkey_sound,2,3.4386041666666665,test,D:\other\Bird\Dataset\CC0\Australian Brushturkey_sound\Australian Brushturkey10.mp3
Australian Brushturkey_sound/Australian Brushturkey11,D:\other\Bird\Code\data\kaggle_wav_cache\Australian Brushturkey_sound\Australian Brushturkey11.wav,Australian Brushturkey_sound,2,3.4386041666666665,train,D:\other\Bird\Dataset\CC0\Australian Brushturkey_sound\Australian Brushturkey11.mp3
Australian Brushturkey_sound/Australian Brushturkey12,D:\other\Bird\Code\data\kaggle_wav_cache\Australian Brushturkey_sound\Australian Brushturkey12.wav,Australian Brushturkey_sound,2,3.4386041666666665,train,D:\other\Bird\Dataset\CC0\Australian Brushturkey_sound\Australian Brushturkey12.mp3
Australian Brushturkey_sound/Australian Brushturkey13,D:\other\Bird\Code\data\kaggle_wav_cache\Australian Brushturkey_sound\Australian Brushturkey13.wav,Australian Brushturkey_sound,2,3.4386041666666665,train,D:\other\Bird\Dataset\CC0\Australian Brushturkey_sound\Australian Brushturkey13.mp3
Australian Brushturkey_sound/Australian Brushturkey14,D:\other\Bird\Code\data\kaggle_wav_cache\Australian Brushturkey_sound\Australian Brushturkey14.wav,Australian Brushturkey_sound,2,3.4386041666666665,train,D:\other\Bird\Dataset\CC0\Australian Brushturkey_sound\Australian Brushturkey14.mp3
Australian Brushturkey_sound/Australian Brushturkey15,D:\other\Bird\Code\data\kaggle_wav_cache\Australian Brushturkey_sound\Australian Brushturkey15.wav,Australian Brushturkey_sound,2,3.4386041666666665,train,D:\other\Bird\Dataset\CC0\Australian Brushturkey_sound\Australian Brushturkey15.mp3
Australian Brushturkey_sound/Australian Brushturkey16,D:\other\Bird\Code\data\kaggle_wav_cache\Australian Brushturkey_sound\Australian Brushturkey16.wav,Australian Brushturkey_sound,2,3.1781632653061225,train,D:\other\Bird\Dataset\CC0\Australian Brushturkey_sound\Australian Brushturkey16.mp3
Australian Brushturkey_sound/Australian Brushturkey17,D:\other\Bird\Code\data\kaggle_wav_cache\Australian Brushturkey_sound\Australian Brushturkey17.wav,Australian Brushturkey_sound,2,5.208333333333333,train,D:\other\Bird\Dataset\CC0\Australian Brushturkey_sound\Australian Brushturkey17.mp3
Australian Brushturkey_sound/Australian Brushturkey18,D:\other\Bird\Code\data\kaggle_wav_cache\Australian Brushturkey_sound\Australian Brushturkey18.wav,Australian Brushturkey_sound,2,1.9608125,val,D:\other\Bird\Dataset\CC0\Australian Brushturkey_sound\Australian Brushturkey18.mp3
Australian Brushturkey_sound/Australian Brushturkey19,D:\other\Bird\Code\data\kaggle_wav_cache\Australian Brushturkey_sound\Australian Brushturkey19.wav,Australian Brushturkey_sound,2,64.2575625,test,D:\other\Bird\Dataset\CC0\Australian Brushturkey_sound\Australian Brushturkey19.mp3
Australian Brushturkey_sound/Australian Brushturkey2,D:\other\Bird\Code\data\kaggle_wav_cache\Australian Brushturkey_sound\Australian Brushturkey2.wav,Australian Brushturkey_sound,2,34.83572916666667,train,D:\other\Bird\Dataset\CC0\Australian Brushturkey_sound\Australian Brushturkey2.mp3
Australian Brushturkey_sound/Australian Brushturkey20,D:\other\Bird\Code\data\kaggle_wav_cache\Australian Brushturkey_sound\Australian Brushturkey20.wav,Australian Brushturkey_sound,2,6.434479166666667,train,D:\other\Bird\Dataset\CC0\Australian Brushturkey_sound\Australian Brushturkey20.mp3
Australian Brushturkey_sound/Australian Brushturkey21,D:\other\Bird\Code\data\kaggle_wav_cache\Australian Brushturkey_sound\Australian Brushturkey21.wav,Australian Brushturkey_sound,2,6.434479166666667,train,D:\other\Bird\Dataset\CC0\Australian Brushturkey_sound\Australian Brushturkey21.mp3
Australian Brushturkey_sound/Australian Brushturkey22,D:\other\Bird\Code\data\kaggle_wav_cache\Australian Brushturkey_sound\Australian Brushturkey22.wav,Australian Brushturkey_sound,2,6.124671201814059,test,D:\other\Bird\Dataset\CC0\Australian Brushturkey_sound\Australian Brushturkey22.mp3
Australian Brushturkey_sound/Australian Brushturkey23,D:\other\Bird\Code\data\kaggle_wav_cache\Australian Brushturkey_sound\Australian Brushturkey23.wav,Australian Brushturkey_sound,2,6.124671201814059,train,D:\other\Bird\Dataset\CC0\Australian Brushturkey_sound\Australian Brushturkey23.mp3
Australian Brushturkey_sound/Australian Brushturkey24,D:\other\Bird\Code\data\kaggle_wav_cache\Australian Brushturkey_sound\Australian Brushturkey24.wav,Australian Brushturkey_sound,2,54.970589569161,train,D:\other\Bird\Dataset\CC0\Australian Brushturkey_sound\Australian Brushturkey24.mp3
Australian Brushturkey_sound/Australian Brushturkey25,D:\other\Bird\Code\data\kaggle_wav_cache\Australian Brushturkey_sound\Australian Brushturkey25.wav,Australian Brushturkey_sound,2,54.970589569161,test,D:\other\Bird\Dataset\CC0\Australian Brushturkey_sound\Australian Brushturkey25.mp3
Australian Brushturkey_sound/Australian Brushturkey26,D:\other\Bird\Code\data\kaggle_wav_cache\Australian Brushturkey_sound\Australian Brushturkey26.wav,Australian Brushturkey_sound,2,36.59108843537415,train,D:\other\Bird\Dataset\CC0\Australian Brushturkey_sound\Australian Brushturkey26.mp3
Australian Brushturkey_sound/Australian Brushturkey27,D:\other\Bird\Code\data\kaggle_wav_cache\Australian Brushturkey_sound\Australian Brushturkey27.wav,Australian Brushturkey_sound,2,36.59108843537415,train,D:\other\Bird\Dataset\CC0\Australian Brushturkey_sound\Australian Brushturkey27.mp3
Australian Brushturkey_sound/Australian Brushturkey28,D:\other\Bird\Code\data\kaggle_wav_cache\Australian Brushturkey_sound\Australian Brushturkey28.wav,Australian Brushturkey_sound,2,31.913197278911564,train,D:\other\Bird\Dataset\CC0\Australian Brushturkey_sound\Australian Brushturkey28.mp3
Australian Brushturkey_sound/Australian Brushturkey29,D:\other\Bird\Code\data\kaggle_wav_cache\Australian Brushturkey_sound\Australian Brushturkey29.wav,Australian Brushturkey_sound,2,10.011383219954649,train,D:\other\Bird\Dataset\CC0\Australian Brushturkey_sound\Australian Brushturkey29.mp3
Australian Brushturkey_sound/Australian Brushturkey3,D:\other\Bird\Code\data\kaggle_wav_cache\Australian Brushturkey_sound\Australian Brushturkey3.wav,Australian Brushturkey_sound,2,34.83572916666667,train,D:\other\Bird\Dataset\CC0\Australian Brushturkey_sound\Australian Brushturkey3.mp3
Australian Brushturkey_sound/Australian Brushturkey4,D:\other\Bird\Code\data\kaggle_wav_cache\Australian Brushturkey_sound\Australian Brushturkey4.wav,Australian Brushturkey_sound,2,26.24408163265306,val,D:\other\Bird\Dataset\CC0\Australian Brushturkey_sound\Australian Brushturkey4.mp3
Australian Brushturkey_sound/Australian Brushturkey5,D:\other\Bird\Code\data\kaggle_wav_cache\Australian Brushturkey_sound\Australian Brushturkey5.wav,Australian Brushturkey_sound,2,58.210479166666666,train,D:\other\Bird\Dataset\CC0\Australian Brushturkey_sound\Australian Brushturkey5.mp3
Australian Brushturkey_sound/Australian Brushturkey6,D:\other\Bird\Code\data\kaggle_wav_cache\Australian Brushturkey_sound\Australian Brushturkey6.wav,Australian Brushturkey_sound,2,58.210479166666666,val,D:\other\Bird\Dataset\CC0\Australian Brushturkey_sound\Australian Brushturkey6.mp3
Australian Brushturkey_sound/Australian Brushturkey7,D:\other\Bird\Code\data\kaggle_wav_cache\Australian Brushturkey_sound\Australian Brushturkey7.wav,Australian Brushturkey_sound,2,58.210479166666666,val,D:\other\Bird\Dataset\CC0\Australian Brushturkey_sound\Australian Brushturkey7.mp3
Australian Brushturkey_sound/Australian Brushturkey8,D:\other\Bird\Code\data\kaggle_wav_cache\Australian Brushturkey_sound\Australian Brushturkey8.wav,Australian Brushturkey_sound,2,20.378958333333333,train,D:\other\Bird\Dataset\CC0\Australian Brushturkey_sound\Australian Brushturkey8.mp3
Australian Brushturkey_sound/Australian Brushturkey9,D:\other\Bird\Code\data\kaggle_wav_cache\Australian Brushturkey_sound\Australian Brushturkey9.wav,Australian Brushturkey_sound,2,2.814416666666667,train,D:\other\Bird\Dataset\CC0\Australian Brushturkey_sound\Australian Brushturkey9.mp3
Band-tailed Guan_sound/Band-tailed Guan10,D:\other\Bird\Code\data\kaggle_wav_cache\Band-tailed Guan_sound\Band-tailed Guan10.wav,Band-tailed Guan_sound,3,146.49181405895692,train,D:\other\Bird\Dataset\CC0\Band-tailed Guan_sound\Band-tailed Guan10.mp3
Band-tailed Guan_sound/Band-tailed Guan11,D:\other\Bird\Code\data\kaggle_wav_cache\Band-tailed Guan_sound\Band-tailed Guan11.wav,Band-tailed Guan_sound,3,146.49181405895692,train,D:\other\Bird\Dataset\CC0\Band-tailed Guan_sound\Band-tailed Guan11.mp3
Band-tailed Guan_sound/Band-tailed Guan12,D:\other\Bird\Code\data\kaggle_wav_cache\Band-tailed Guan_sound\Band-tailed Guan12.wav,Band-tailed Guan_sound,3,37.15780045351474,test,D:\other\Bird\Dataset\CC0\Band-tailed Guan_sound\Band-tailed Guan12.mp3
Band-tailed Guan_sound/Band-tailed Guan13,D:\other\Bird\Code\data\kaggle_wav_cache\Band-tailed Guan_sound\Band-tailed Guan13.wav,Band-tailed Guan_sound,3,41.11548752834467,train,D:\other\Bird\Dataset\CC0\Band-tailed Guan_sound\Band-tailed Guan13.mp3
Band-tailed Guan_sound/Band-tailed Guan14,D:\other\Bird\Code\data\kaggle_wav_cache\Band-tailed Guan_sound\Band-tailed Guan14.wav,Band-tailed Guan_sound,3,41.34229024943311,train,D:\other\Bird\Dataset\CC0\Band-tailed Guan_sound\Band-tailed Guan14.mp3
Band-tailed Guan_sound/Band-tailed Guan15,D:\other\Bird\Code\data\kaggle_wav_cache\Band-tailed Guan_sound\Band-tailed Guan15.wav,Band-tailed Guan_sound,3,3.366485260770975,train,D:\other\Bird\Dataset\CC0\Band-tailed Guan_sound\Band-tailed Guan15.mp3
Band-tailed Guan_sound/Band-tailed Guan16,D:\other\Bird\Code\data\kaggle_wav_cache\Band-tailed Guan_sound\Band-tailed Guan16.wav,Band-tailed Guan_sound,3,34.360022675736964,val,D:\other\Bird\Dataset\CC0\Band-tailed Guan_sound\Band-tailed Guan16.mp3
Band-tailed Guan_sound/Band-tailed Guan17,D:\other\Bird\Code\data\kaggle_wav_cache\Band-tailed Guan_sound\Band-tailed Guan17.wav,Band-tailed Guan_sound,3,42.99598639455783,train,D:\other\Bird\Dataset\CC0\Band-tailed Guan_sound\Band-tailed Guan17.mp3
Band-tailed Guan_sound/Band-tailed Guan18,D:\other\Bird\Code\data\kaggle_wav_cache\Band-tailed Guan_sound\Band-tailed Guan18.wav,Band-tailed Guan_sound,3,42.99598639455783,train,D:\other\Bird\Dataset\CC0\Band-tailed Guan_sound\Band-tailed Guan18.mp3
Band-tailed Guan_sound/Band-tailed Guan19,D:\other\Bird\Code\data\kaggle_wav_cache\Band-tailed Guan_sound\Band-tailed Guan19.wav,Band-tailed Guan_sound,3,56.0,train,D:\other\Bird\Dataset\CC0\Band-tailed Guan_sound\Band-tailed Guan19.mp3
Band-tailed Guan_sound/Band-tailed Guan2,D:\other\Bird\Code\data\kaggle_wav_cache\Band-tailed Guan_sound\Band-tailed Guan2.wav,Band-tailed Guan_sound,3,70.98895691609977,train,D:\other\Bird\Dataset\CC0\Band-tailed Guan_sound\Band-tailed Guan2.mp3
Band-tailed Guan_sound/Band-tailed Guan20,D:\other\Bird\Code\data\kaggle_wav_cache\Band-tailed Guan_sound\Band-tailed Guan20.wav,Band-tailed Guan_sound,3,102.43883333333332,val,D:\other\Bird\Dataset\CC0\Band-tailed Guan_sound\Band-tailed Guan20.mp3
Band-tailed Guan_sound/Band-tailed Guan21,D:\other\Bird\Code\data\kaggle_wav_cache\Band-tailed Guan_sound\Band-tailed Guan21.wav,Band-tailed Guan_sound,3,20.23625,train,D:\other\Bird\Dataset\CC0\Band-tailed Guan_sound\Band-tailed Guan21.mp3
Band-tailed Guan_sound/Band-tailed Guan22,D:\other\Bird\Code\data\kaggle_wav_cache\Band-tailed Guan_sound\Band-tailed Guan22.wav,Band-tailed Guan_sound,3,38.45818594104309,test,D:\other\Bird\Dataset\CC0\Band-tailed Guan_sound\Band-tailed Guan22.mp3
Band-tailed Guan_sound/Band-tailed Guan23,D:\other\Bird\Code\data\kaggle_wav_cache\Band-tailed Guan_sound\Band-tailed Guan23.wav,Band-tailed Guan_sound,3,16.414331065759637,train,D:\other\Bird\Dataset\CC0\Band-tailed Guan_sound\Band-tailed Guan23.mp3
Band-tailed Guan_sound/Band-tailed Guan24,D:\other\Bird\Code\data\kaggle_wav_cache\Band-tailed Guan_sound\Band-tailed Guan24.wav,Band-tailed Guan_sound,3,19.18174603174603,train,D:\other\Bird\Dataset\CC0\Band-tailed Guan_sound\Band-tailed Guan24.mp3
Band-tailed Guan_sound/Band-tailed Guan25,D:\other\Bird\Code\data\kaggle_wav_cache\Band-tailed Guan_sound\Band-tailed Guan25.wav,Band-tailed Guan_sound,3,19.50344671201814,test,D:\other\Bird\Dataset\CC0\Band-tailed Guan_sound\Band-tailed Guan25.mp3
Band-tailed Guan_sound/Band-tailed Guan26,D:\other\Bird\Code\data\kaggle_wav_cache\Band-tailed Guan_sound\Band-tailed Guan26.wav,Band-tailed Guan_sound,3,42.12222222222222,train,D:\other\Bird\Dataset\CC0\Band-tailed Guan_sound\Band-tailed Guan26.mp3
Band-tailed Guan_sound/Band-tailed Guan27,D:\other\Bird\Code\data\kaggle_wav_cache\Band-tailed Guan_sound\Band-tailed Guan27.wav,Band-tailed Guan_sound,3,23.884331065759635,train,D:\other\Bird\Dataset\CC0\Band-tailed Guan_sound\Band-tailed Guan27.mp3
Band-tailed Guan_sound/Band-tailed Guan28,D:\other\Bird\Code\data\kaggle_wav_cache\Band-tailed Guan_sound\Band-tailed Guan28.wav,Band-tailed Guan_sound,3,9.149931972789116,train,D:\other\Bird\Dataset\CC0\Band-tailed Guan_sound\Band-tailed Guan28.mp3
Band-tailed Guan_sound/Band-tailed Guan29,D:\other\Bird\Code\data\kaggle_wav_cache\Band-tailed Guan_sound\Band-tailed Guan29.wav,Band-tailed Guan_sound,3,34.79616780045352,train,D:\other\Bird\Dataset\CC0\Band-tailed Guan_sound\Band-tailed Guan29.mp3
Band-tailed Guan_sound/Band-tailed Guan3,D:\other\Bird\Code\data\kaggle_wav_cache\Band-tailed Guan_sound\Band-tailed Guan3.wav,Band-tailed Guan_sound,3,16.05875,train,D:\other\Bird\Dataset\CC0\Band-tailed Guan_sound\Band-tailed Guan3.mp3
Band-tailed Guan_sound/Band-tailed Guan30,D:\other\Bird\Code\data\kaggle_wav_cache\Band-tailed Guan_sound\Band-tailed Guan30.wav,Band-tailed Guan_sound,3,34.79616780045352,val,D:\other\Bird\Dataset\CC0\Band-tailed Guan_sound\Band-tailed Guan30.mp3
Band-tailed Guan_sound/Band-tailed Guan31,D:\other\Bird\Code\data\kaggle_wav_cache\Band-tailed Guan_sound\Band-tailed Guan31.wav,Band-tailed Guan_sound,3,34.79616780045352,train,D:\other\Bird\Dataset\CC0\Band-tailed Guan_sound\Band-tailed Guan31.mp3
Band-tailed Guan_sound/Band-tailed Guan4,D:\other\Bird\Code\data\kaggle_wav_cache\Band-tailed Guan_sound\Band-tailed Guan4.wav,Band-tailed Guan_sound,3,16.05875,train,D:\other\Bird\Dataset\CC0\Band-tailed Guan_sound\Band-tailed Guan4.mp3
Band-tailed Guan_sound/Band-tailed Guan5,D:\other\Bird\Code\data\kaggle_wav_cache\Band-tailed Guan_sound\Band-tailed Guan5.wav,Band-tailed Guan_sound,3,16.05875,train,D:\other\Bird\Dataset\CC0\Band-tailed Guan_sound\Band-tailed Guan5.mp3
Band-tailed Guan_sound/Band-tailed Guan6,D:\other\Bird\Code\data\kaggle_wav_cache\Band-tailed Guan_sound\Band-tailed Guan6.wav,Band-tailed Guan_sound,3,16.05875,train,D:\other\Bird\Dataset\CC0\Band-tailed Guan_sound\Band-tailed Guan6.mp3
Band-tailed Guan_sound/Band-tailed Guan7,D:\other\Bird\Code\data\kaggle_wav_cache\Band-tailed Guan_sound\Band-tailed Guan7.wav,Band-tailed Guan_sound,3,177.28662131519275,test,D:\other\Bird\Dataset\CC0\Band-tailed Guan_sound\Band-tailed Guan7.mp3
Band-tailed Guan_sound/Band-tailed Guan8,D:\other\Bird\Code\data\kaggle_wav_cache\Band-tailed Guan_sound\Band-tailed Guan8.wav,Band-tailed Guan_sound,3,18.79097505668934,train,D:\other\Bird\Dataset\CC0\Band-tailed Guan_sound\Band-tailed Guan8.mp3
Band-tailed Guan_sound/Band-tailed Guan9,D:\other\Bird\Code\data\kaggle_wav_cache\Band-tailed Guan_sound\Band-tailed Guan9.wav,Band-tailed Guan_sound,3,79.10183673469388,val,D:\other\Bird\Dataset\CC0\Band-tailed Guan_sound\Band-tailed Guan9.mp3
Barred Tinamou_sound/Barred Tinamou2,D:\other\Bird\Code\data\kaggle_wav_cache\Barred Tinamou_sound\Barred Tinamou2.wav,Barred Tinamou_sound,4,31.481875,test,D:\other\Bird\Dataset\CC0\Barred Tinamou_sound\Barred Tinamou2.mp3
Barred Tinamou_sound/Barred Tinamou3,D:\other\Bird\Code\data\kaggle_wav_cache\Barred Tinamou_sound\Barred Tinamou3.wav,Barred Tinamou_sound,4,38.02448979591837,val,D:\other\Bird\Dataset\CC0\Barred Tinamou_sound\Barred Tinamou3.mp3
Barred Tinamou_sound/Barred Tinamou4,D:\other\Bird\Code\data\kaggle_wav_cache\Barred Tinamou_sound\Barred Tinamou4.wav,Barred Tinamou_sound,4,33.506395833333336,train,D:\other\Bird\Dataset\CC0\Barred Tinamou_sound\Barred Tinamou4.mp3
Bartletts Tinamou_sound/Bartletts Tinamou10,D:\other\Bird\Code\data\kaggle_wav_cache\Bartletts Tinamou_sound\Bartletts Tinamou10.wav,Bartletts Tinamou_sound,5,98.332125,train,D:\other\Bird\Dataset\CC0\Bartletts Tinamou_sound\Bartletts Tinamou10.mp3
Bartletts Tinamou_sound/Bartletts Tinamou11,D:\other\Bird\Code\data\kaggle_wav_cache\Bartletts Tinamou_sound\Bartletts Tinamou11.wav,Bartletts Tinamou_sound,5,26.502791666666667,test,D:\other\Bird\Dataset\CC0\Bartletts Tinamou_sound\Bartletts Tinamou11.mp3
Bartletts Tinamou_sound/Bartletts Tinamou12,D:\other\Bird\Code\data\kaggle_wav_cache\Bartletts Tinamou_sound\Bartletts Tinamou12.wav,Bartletts Tinamou_sound,5,132.2542403628118,val,D:\other\Bird\Dataset\CC0\Bartletts Tinamou_sound\Bartletts Tinamou12.mp3
Bartletts Tinamou_sound/Bartletts Tinamou13,D:\other\Bird\Code\data\kaggle_wav_cache\Bartletts Tinamou_sound\Bartletts Tinamou13.wav,Bartletts Tinamou_sound,5,32.55525,train,D:\other\Bird\Dataset\CC0\Bartletts Tinamou_sound\Bartletts Tinamou13.mp3
Bartletts Tinamou_sound/Bartletts Tinamou14,D:\other\Bird\Code\data\kaggle_wav_cache\Bartletts Tinamou_sound\Bartletts Tinamou14.wav,Bartletts Tinamou_sound,5,75.295375,train,D:\other\Bird\Dataset\CC0\Bartletts Tinamou_sound\Bartletts Tinamou14.mp3
Bartletts Tinamou_sound/Bartletts Tinamou15,D:\other\Bird\Code\data\kaggle_wav_cache\Bartletts Tinamou_sound\Bartletts Tinamou15.wav,Bartletts Tinamou_sound,5,75.295375,test,D:\other\Bird\Dataset\CC0\Bartletts Tinamou_sound\Bartletts Tinamou15.mp3
Bartletts Tinamou_sound/Bartletts Tinamou16,D:\other\Bird\Code\data\kaggle_wav_cache\Bartletts Tinamou_sound\Bartletts Tinamou16.wav,Bartletts Tinamou_sound,5,49.04199546485261,test,D:\other\Bird\Dataset\CC0\Bartletts Tinamou_sound\Bartletts Tinamou16.mp3
Bartletts Tinamou_sound/Bartletts Tinamou17,D:\other\Bird\Code\data\kaggle_wav_cache\Bartletts Tinamou_sound\Bartletts Tinamou17.wav,Bartletts Tinamou_sound,5,41.623877551020406,train,D:\other\Bird\Dataset\CC0\Bartletts Tinamou_sound\Bartletts Tinamou17.mp3
Bartletts Tinamou_sound/Bartletts Tinamou18,D:\other\Bird\Code\data\kaggle_wav_cache\Bartletts Tinamou_sound\Bartletts Tinamou18.wav,Bartletts Tinamou_sound,5,41.623877551020406,test,D:\other\Bird\Dataset\CC0\Bartletts Tinamou_sound\Bartletts Tinamou18.mp3
Bartletts Tinamou_sound/Bartletts Tinamou19,D:\other\Bird\Code\data\kaggle_wav_cache\Bartletts Tinamou_sound\Bartletts Tinamou19.wav,Bartletts Tinamou_sound,5,41.623877551020406,train,D:\other\Bird\Dataset\CC0\Bartletts Tinamou_sound\Bartletts Tinamou19.mp3
Bartletts Tinamou_sound/Bartletts Tinamou2,D:\other\Bird\Code\data\kaggle_wav_cache\Bartletts Tinamou_sound\Bartletts Tinamou2.wav,Bartletts Tinamou_sound,5,399.516462585034,train,D:\other\Bird\Dataset\CC0\Bartletts Tinamou_sound\Bartletts Tinamou2.mp3
Bartletts Tinamou_sound/Bartletts Tinamou20,D:\other\Bird\Code\data\kaggle_wav_cache\Bartletts Tinamou_sound\Bartletts Tinamou20.wav,Bartletts Tinamou_sound,5,41.623877551020406,train,D:\other\Bird\Dataset\CC0\Bartletts Tinamou_sound\Bartletts Tinamou20.mp3
Bartletts Tinamou_sound/Bartletts Tinamou21,D:\other\Bird\Code\data\kaggle_wav_cache\Bartletts Tinamou_sound\Bartletts Tinamou21.wav,Bartletts Tinamou_sound,5,40.60226757369615,train,D:\other\Bird\Dataset\CC0\Bartletts Tinamou_sound\Bartletts Tinamou21.mp3
Bartletts Tinamou_sound/Bartletts Tinamou22,D:\other\Bird\Code\data\kaggle_wav_cache\Bartletts Tinamou_sound\Bartletts Tinamou22.wav,Bartletts Tinamou_sound,5,82.20134375,train,D:\other\Bird\Dataset\CC0\Bartletts Tinamou_sound\Bartletts Tinamou22.mp3
Bartletts Tinamou_sound/Bartletts Tinamou23,D:\other\Bird\Code\data\kaggle_wav_cache\Bartletts Tinamou_sound\Bartletts Tinamou23.wav,Bartletts Tinamou_sound,5,255.26090625,train,D:\other\Bird\Dataset\CC0\Bartletts Tinamou_sound\Bartletts Tinamou23.mp3
Bartletts Tinamou_sound/Bartletts Tinamou24,D:\other\Bird\Code\data\kaggle_wav_cache\Bartletts Tinamou_sound\Bartletts Tinamou24.wav,Bartletts Tinamou_sound,5,123.4638775510204,train,D:\other\Bird\Dataset\CC0\Bartletts Tinamou_sound\Bartletts Tinamou24.mp3
Bartletts Tinamou_sound/Bartletts Tinamou25,D:\other\Bird\Code\data\kaggle_wav_cache\Bartletts Tinamou_sound\Bartletts Tinamou25.wav,Bartletts Tinamou_sound,5,123.4638775510204,train,D:\other\Bird\Dataset\CC0\Bartletts Tinamou_sound\Bartletts Tinamou25.mp3
Bartletts Tinamou_sound/Bartletts Tinamou26,D:\other\Bird\Code\data\kaggle_wav_cache\Bartletts Tinamou_sound\Bartletts Tinamou26.wav,Bartletts Tinamou_sound,5,22.961625,train,D:\other\Bird\Dataset\CC0\Bartletts Tinamou_sound\Bartletts Tinamou26.mp3
Bartletts Tinamou_sound/Bartletts Tinamou27,D:\other\Bird\Code\data\kaggle_wav_cache\Bartletts Tinamou_sound\Bartletts Tinamou27.wav,Bartletts Tinamou_sound,5,79.76718820861679,val,D:\other\Bird\Dataset\CC0\Bartletts Tinamou_sound\Bartletts Tinamou27.mp3
Bartletts Tinamou_sound/Bartletts Tinamou28,D:\other\Bird\Code\data\kaggle_wav_cache\Bartletts Tinamou_sound\Bartletts Tinamou28.wav,Bartletts Tinamou_sound,5,23.182244897959183,train,D:\other\Bird\Dataset\CC0\Bartletts Tinamou_sound\Bartletts Tinamou28.mp3
Bartletts Tinamou_sound/Bartletts Tinamou29,D:\other\Bird\Code\data\kaggle_wav_cache\Bartletts Tinamou_sound\Bartletts Tinamou29.wav,Bartletts Tinamou_sound,5,340.1755,train,D:\other\Bird\Dataset\CC0\Bartletts Tinamou_sound\Bartletts Tinamou29.mp3
Bartletts Tinamou_sound/Bartletts Tinamou3,D:\other\Bird\Code\data\kaggle_wav_cache\Bartletts Tinamou_sound\Bartletts Tinamou3.wav,Bartletts Tinamou_sound,5,399.516462585034,train,D:\other\Bird\Dataset\CC0\Bartletts Tinamou_sound\Bartletts Tinamou3.mp3
Bartletts Tinamou_sound/Bartletts Tinamou30,D:\other\Bird\Code\data\kaggle_wav_cache\Bartletts Tinamou_sound\Bartletts Tinamou30.wav,Bartletts Tinamou_sound,5,46.44963718820862,train,D:\other\Bird\Dataset\CC0\Bartletts Tinamou_sound\Bartletts Tinamou30.mp3
Bartletts Tinamou_sound/Bartletts Tinamou31,D:\other\Bird\Code\data\kaggle_wav_cache\Bartletts Tinamou_sound\Bartletts Tinamou31.wav,Bartletts Tinamou_sound,5,58.30936507936508,val,D:\other\Bird\Dataset\CC0\Bartletts Tinamou_sound\Bartletts Tinamou31.mp3
Bartletts Tinamou_sound/Bartletts Tinamou4,D:\other\Bird\Code\data\kaggle_wav_cache\Bartletts Tinamou_sound\Bartletts Tinamou4.wav,Bartletts Tinamou_sound,5,399.516462585034,train,D:\other\Bird\Dataset\CC0\Bartletts Tinamou_sound\Bartletts Tinamou4.mp3
Bartletts Tinamou_sound/Bartletts Tinamou5,D:\other\Bird\Code\data\kaggle_wav_cache\Bartletts Tinamou_sound\Bartletts Tinamou5.wav,Bartletts Tinamou_sound,5,85.93965986394558,train,D:\other\Bird\Dataset\CC0\Bartletts Tinamou_sound\Bartletts Tinamou5.mp3
Bartletts Tinamou_sound/Bartletts Tinamou6,D:\other\Bird\Code\data\kaggle_wav_cache\Bartletts Tinamou_sound\Bartletts Tinamou6.wav,Bartletts Tinamou_sound,5,39.79303854875283,train,D:\other\Bird\Dataset\CC0\Bartletts Tinamou_sound\Bartletts Tinamou6.mp3
Bartletts Tinamou_sound/Bartletts Tinamou7,D:\other\Bird\Code\data\kaggle_wav_cache\Bartletts Tinamou_sound\Bartletts Tinamou7.wav,Bartletts Tinamou_sound,5,57.33775,val,D:\other\Bird\Dataset\CC0\Bartletts Tinamou_sound\Bartletts Tinamou7.mp3
Bartletts Tinamou_sound/Bartletts Tinamou8,D:\other\Bird\Code\data\kaggle_wav_cache\Bartletts Tinamou_sound\Bartletts Tinamou8.wav,Bartletts Tinamou_sound,5,23.066125,train,D:\other\Bird\Dataset\CC0\Bartletts Tinamou_sound\Bartletts Tinamou8.mp3
Bartletts Tinamou_sound/Bartletts Tinamou9,D:\other\Bird\Code\data\kaggle_wav_cache\Bartletts Tinamou_sound\Bartletts Tinamou9.wav,Bartletts Tinamou_sound,5,291.1153333333333,train,D:\other\Bird\Dataset\CC0\Bartletts Tinamou_sound\Bartletts Tinamou9.mp3
Baudo Guan_sound/Baudo Guan10,D:\other\Bird\Code\data\kaggle_wav_cache\Baudo Guan_sound\Baudo Guan10.wav,Baudo Guan_sound,6,50.89507936507937,train,D:\other\Bird\Dataset\CC0\Baudo Guan_sound\Baudo Guan10.mp3
Baudo Guan_sound/Baudo Guan11,D:\other\Bird\Code\data\kaggle_wav_cache\Baudo Guan_sound\Baudo Guan11.wav,Baudo Guan_sound,6,50.89507936507937,test,D:\other\Bird\Dataset\CC0\Baudo Guan_sound\Baudo Guan11.mp3
Baudo Guan_sound/Baudo Guan12,D:\other\Bird\Code\data\kaggle_wav_cache\Baudo Guan_sound\Baudo Guan12.wav,Baudo Guan_sound,6,40.87848072562358,val,D:\other\Bird\Dataset\CC0\Baudo Guan_sound\Baudo Guan12.mp3
Baudo Guan_sound/Baudo Guan13,D:\other\Bird\Code\data\kaggle_wav_cache\Baudo Guan_sound\Baudo Guan13.wav,Baudo Guan_sound,6,40.87848072562358,val,D:\other\Bird\Dataset\CC0\Baudo Guan_sound\Baudo Guan13.mp3
Baudo Guan_sound/Baudo Guan14,D:\other\Bird\Code\data\kaggle_wav_cache\Baudo Guan_sound\Baudo Guan14.wav,Baudo Guan_sound,6,40.87848072562358,train,D:\other\Bird\Dataset\CC0\Baudo Guan_sound\Baudo Guan14.mp3
Baudo Guan_sound/Baudo Guan15,D:\other\Bird\Code\data\kaggle_wav_cache\Baudo Guan_sound\Baudo Guan15.wav,Baudo Guan_sound,6,40.87848072562358,test,D:\other\Bird\Dataset\CC0\Baudo Guan_sound\Baudo Guan15.mp3
Baudo Guan_sound/Baudo Guan2,D:\other\Bird\Code\data\kaggle_wav_cache\Baudo Guan_sound\Baudo Guan2.wav,Baudo Guan_sound,6,42.86863945578232,train,D:\other\Bird\Dataset\CC0\Baudo Guan_sound\Baudo Guan2.mp3
Baudo Guan_sound/Baudo Guan3,D:\other\Bird\Code\data\kaggle_wav_cache\Baudo Guan_sound\Baudo Guan3.wav,Baudo Guan_sound,6,17.096938775510203,train,D:\other\Bird\Dataset\CC0\Baudo Guan_sound\Baudo Guan3.mp3
Baudo Guan_sound/Baudo Guan4,D:\other\Bird\Code\data\kaggle_wav_cache\Baudo Guan_sound\Baudo Guan4.wav,Baudo Guan_sound,6,50.97907029478458,train,D:\other\Bird\Dataset\CC0\Baudo Guan_sound\Baudo Guan4.mp3
Baudo Guan_sound/Baudo Guan5,D:\other\Bird\Code\data\kaggle_wav_cache\Baudo Guan_sound\Baudo Guan5.wav,Baudo Guan_sound,6,24.20498866213152,train,D:\other\Bird\Dataset\CC0\Baudo Guan_sound\Baudo Guan5.mp3
Baudo Guan_sound/Baudo Guan6,D:\other\Bird\Code\data\kaggle_wav_cache\Baudo Guan_sound\Baudo Guan6.wav,Baudo Guan_sound,6,39.30621315192744,train,D:\other\Bird\Dataset\CC0\Baudo Guan_sound\Baudo Guan6.mp3
Baudo Guan_sound/Baudo Guan7,D:\other\Bird\Code\data\kaggle_wav_cache\Baudo Guan_sound\Baudo Guan7.wav,Baudo Guan_sound,6,15.874943310657596,train,D:\other\Bird\Dataset\CC0\Baudo Guan_sound\Baudo Guan7.mp3
Baudo Guan_sound/Baudo Guan8,D:\other\Bird\Code\data\kaggle_wav_cache\Baudo Guan_sound\Baudo Guan8.wav,Baudo Guan_sound,6,19.187732426303853,train,D:\other\Bird\Dataset\CC0\Baudo Guan_sound\Baudo Guan8.mp3
Baudo Guan_sound/Baudo Guan9,D:\other\Bird\Code\data\kaggle_wav_cache\Baudo Guan_sound\Baudo Guan9.wav,Baudo Guan_sound,6,32.796031746031744,train,D:\other\Bird\Dataset\CC0\Baudo Guan_sound\Baudo Guan9.mp3
Bearded Guan_sound/Bearded Guan10,D:\other\Bird\Code\data\kaggle_wav_cache\Bearded Guan_sound\Bearded Guan10.wav,Bearded Guan_sound,7,64.07986394557823,train,D:\other\Bird\Dataset\CC0\Bearded Guan_sound\Bearded Guan10.mp3
Bearded Guan_sound/Bearded Guan11,D:\other\Bird\Code\data\kaggle_wav_cache\Bearded Guan_sound\Bearded Guan11.wav,Bearded Guan_sound,7,64.07986394557823,val,D:\other\Bird\Dataset\CC0\Bearded Guan_sound\Bearded Guan11.mp3
Bearded Guan_sound/Bearded Guan12,D:\other\Bird\Code\data\kaggle_wav_cache\Bearded Guan_sound\Bearded Guan12.wav,Bearded Guan_sound,7,64.07986394557823,train,D:\other\Bird\Dataset\CC0\Bearded Guan_sound\Bearded Guan12.mp3
Bearded Guan_sound/Bearded Guan13,D:\other\Bird\Code\data\kaggle_wav_cache\Bearded Guan_sound\Bearded Guan13.wav,Bearded Guan_sound,7,64.07986394557823,train,D:\other\Bird\Dataset\CC0\Bearded Guan_sound\Bearded Guan13.mp3
Bearded Guan_sound/Bearded Guan14,D:\other\Bird\Code\data\kaggle_wav_cache\Bearded Guan_sound\Bearded Guan14.wav,Bearded Guan_sound,7,64.07986394557823,val,D:\other\Bird\Dataset\CC0\Bearded Guan_sound\Bearded Guan14.mp3
Bearded Guan_sound/Bearded Guan15,D:\other\Bird\Code\data\kaggle_wav_cache\Bearded Guan_sound\Bearded Guan15.wav,Bearded Guan_sound,7,64.07986394557823,train,D:\other\Bird\Dataset\CC0\Bearded Guan_sound\Bearded Guan15.mp3
Bearded Guan_sound/Bearded Guan16,D:\other\Bird\Code\data\kaggle_wav_cache\Bearded Guan_sound\Bearded Guan16.wav,Bearded Guan_sound,7,22.923625,train,D:\other\Bird\Dataset\CC0\Bearded Guan_sound\Bearded Guan16.mp3
Bearded Guan_sound/Bearded Guan17,D:\other\Bird\Code\data\kaggle_wav_cache\Bearded Guan_sound\Bearded Guan17.wav,Bearded Guan_sound,7,54.52530612244898,test,D:\other\Bird\Dataset\CC0\Bearded Guan_sound\Bearded Guan17.mp3
Bearded Guan_sound/Bearded Guan18,D:\other\Bird\Code\data\kaggle_wav_cache\Bearded Guan_sound\Bearded Guan18.wav,Bearded Guan_sound,7,26.94183673469388,train,D:\other\Bird\Dataset\CC0\Bearded Guan_sound\Bearded Guan18.mp3
Bearded Guan_sound/Bearded Guan19,D:\other\Bird\Code\data\kaggle_wav_cache\Bearded Guan_sound\Bearded Guan19.wav,Bearded Guan_sound,7,34.407596371882086,train,D:\other\Bird\Dataset\CC0\Bearded Guan_sound\Bearded Guan19.mp3
Bearded Guan_sound/Bearded Guan2,D:\other\Bird\Code\data\kaggle_wav_cache\Bearded Guan_sound\Bearded Guan2.wav,Bearded Guan_sound,7,34.79616780045352,train,D:\other\Bird\Dataset\CC0\Bearded Guan_sound\Bearded Guan2.mp3
Bearded Guan_sound/Bearded Guan20,D:\other\Bird\Code\data\kaggle_wav_cache\Bearded Guan_sound\Bearded Guan20.wav,Bearded Guan_sound,7,21.81891156462585,train,D:\other\Bird\Dataset\CC0\Bearded Guan_sound\Bearded Guan20.mp3
Bearded Guan_sound/Bearded Guan21,D:\other\Bird\Code\data\kaggle_wav_cache\Bearded Guan_sound\Bearded Guan21.wav,Bearded Guan_sound,7,21.81891156462585,train,D:\other\Bird\Dataset\CC0\Bearded Guan_sound\Bearded Guan21.mp3
Bearded Guan_sound/Bearded Guan22,D:\other\Bird\Code\data\kaggle_wav_cache\Bearded Guan_sound\Bearded Guan22.wav,Bearded Guan_sound,7,70.72183673469388,train,D:\other\Bird\Dataset\CC0\Bearded Guan_sound\Bearded Guan22.mp3
Bearded Guan_sound/Bearded Guan23,D:\other\Bird\Code\data\kaggle_wav_cache\Bearded Guan_sound\Bearded Guan23.wav,Bearded Guan_sound,7,33.48,train,D:\other\Bird\Dataset\CC0\Bearded Guan_sound\Bearded Guan23.mp3
Bearded Guan_sound/Bearded Guan24,D:\other\Bird\Code\data\kaggle_wav_cache\Bearded Guan_sound\Bearded Guan24.wav,Bearded Guan_sound,7,34.701201814058955,train,D:\other\Bird\Dataset\CC0\Bearded Guan_sound\Bearded Guan24.mp3
Bearded Guan_sound/Bearded Guan25,D:\other\Bird\Code\data\kaggle_wav_cache\Bearded Guan_sound\Bearded Guan25.wav,Bearded Guan_sound,7,34.701201814058955,train,D:\other\Bird\Dataset\CC0\Bearded Guan_sound\Bearded Guan25.mp3
Bearded Guan_sound/Bearded Guan26,D:\other\Bird\Code\data\kaggle_wav_cache\Bearded Guan_sound\Bearded Guan26.wav,Bearded Guan_sound,7,6.81718820861678,val,D:\other\Bird\Dataset\CC0\Bearded Guan_sound\Bearded Guan26.mp3
Bearded Guan_sound/Bearded Guan27,D:\other\Bird\Code\data\kaggle_wav_cache\Bearded Guan_sound\Bearded Guan27.wav,Bearded Guan_sound,7,14.295396825396825,train,D:\other\Bird\Dataset\CC0\Bearded Guan_sound\Bearded Guan27.mp3
Bearded Guan_sound/Bearded Guan28,D:\other\Bird\Code\data\kaggle_wav_cache\Bearded Guan_sound\Bearded Guan28.wav,Bearded Guan_sound,7,42.86863945578232,val,D:\other\Bird\Dataset\CC0\Bearded Guan_sound\Bearded Guan28.mp3
Bearded Guan_sound/Bearded Guan3,D:\other\Bird\Code\data\kaggle_wav_cache\Bearded Guan_sound\Bearded Guan3.wav,Bearded Guan_sound,7,34.79616780045352,train,D:\other\Bird\Dataset\CC0\Bearded Guan_sound\Bearded Guan3.mp3
Bearded Guan_sound/Bearded Guan4,D:\other\Bird\Code\data\kaggle_wav_cache\Bearded Guan_sound\Bearded Guan4.wav,Bearded Guan_sound,7,34.79616780045352,train,D:\other\Bird\Dataset\CC0\Bearded Guan_sound\Bearded Guan4.mp3
Bearded Guan_sound/Bearded Guan5,D:\other\Bird\Code\data\kaggle_wav_cache\Bearded Guan_sound\Bearded Guan5.wav,Bearded Guan_sound,7,9.537233560090703,test,D:\other\Bird\Dataset\CC0\Bearded Guan_sound\Bearded Guan5.mp3
Bearded Guan_sound/Bearded Guan6,D:\other\Bird\Code\data\kaggle_wav_cache\Bearded Guan_sound\Bearded Guan6.wav,Bearded Guan_sound,7,25.032925170068022,train,D:\other\Bird\Dataset\CC0\Bearded Guan_sound\Bearded Guan6.mp3
Bearded Guan_sound/Bearded Guan7,D:\other\Bird\Code\data\kaggle_wav_cache\Bearded Guan_sound\Bearded Guan7.wav,Bearded Guan_sound,7,313.7637188208617,train,D:\other\Bird\Dataset\CC0\Bearded Guan_sound\Bearded Guan7.mp3
Bearded Guan_sound/Bearded Guan8,D:\other\Bird\Code\data\kaggle_wav_cache\Bearded Guan_sound\Bearded Guan8.wav,Bearded Guan_sound,7,141.3701133786848,test,D:\other\Bird\Dataset\CC0\Bearded Guan_sound\Bearded Guan8.mp3
Bearded Guan_sound/Bearded Guan9,D:\other\Bird\Code\data\kaggle_wav_cache\Bearded Guan_sound\Bearded Guan9.wav,Bearded Guan_sound,7,36.71383219954649,test,D:\other\Bird\Dataset\CC0\Bearded Guan_sound\Bearded Guan9.mp3
Berlepschs Tinamou_sound/Berlepschs Tinamou10,D:\other\Bird\Code\data\kaggle_wav_cache\Berlepschs Tinamou_sound\Berlepschs Tinamou10.wav,Berlepschs Tinamou_sound,8,28.302902494331065,train,D:\other\Bird\Dataset\CC0\Berlepschs Tinamou_sound\Berlepschs Tinamou10.mp3
Berlepschs Tinamou_sound/Berlepschs Tinamou11,D:\other\Bird\Code\data\kaggle_wav_cache\Berlepschs Tinamou_sound\Berlepschs Tinamou11.wav,Berlepschs Tinamou_sound,8,30.405102040816328,train,D:\other\Bird\Dataset\CC0\Berlepschs Tinamou_sound\Berlepschs Tinamou11.mp3
Berlepschs Tinamou_sound/Berlepschs Tinamou12,D:\other\Bird\Code\data\kaggle_wav_cache\Berlepschs Tinamou_sound\Berlepschs Tinamou12.wav,Berlepschs Tinamou_sound,8,30.405102040816328,train,D:\other\Bird\Dataset\CC0\Berlepschs Tinamou_sound\Berlepschs Tinamou12.mp3
Berlepschs Tinamou_sound/Berlepschs Tinamou13,D:\other\Bird\Code\data\kaggle_wav_cache\Berlepschs Tinamou_sound\Berlepschs Tinamou13.wav,Berlepschs Tinamou_sound,8,29.62074829931973,val,D:\other\Bird\Dataset\CC0\Berlepschs Tinamou_sound\Berlepschs Tinamou13.mp3
Berlepschs Tinamou_sound/Berlepschs Tinamou14,D:\other\Bird\Code\data\kaggle_wav_cache\Berlepschs Tinamou_sound\Berlepschs Tinamou14.wav,Berlepschs Tinamou_sound,8,7.301836734693878,test,D:\other\Bird\Dataset\CC0\Berlepschs Tinamou_sound\Berlepschs Tinamou14.mp3
Berlepschs Tinamou_sound/Berlepschs Tinamou2,D:\other\Bird\Code\data\kaggle_wav_cache\Berlepschs Tinamou_sound\Berlepschs Tinamou2.wav,Berlepschs Tinamou_sound,8,13.39034013605442,train,D:\other\Bird\Dataset\CC0\Berlepschs Tinamou_sound\Berlepschs Tinamou2.mp3
Berlepschs Tinamou_sound/Berlepschs Tinamou3,D:\other\Bird\Code\data\kaggle_wav_cache\Berlepschs Tinamou_sound\Berlepschs Tinamou3.wav,Berlepschs Tinamou_sound,8,13.39034013605442,train,D:\other\Bird\Dataset\CC0\Berlepschs Tinamou_sound\Berlepschs Tinamou3.mp3
Berlepschs Tinamou_sound/Berlepschs Tinamou4,D:\other\Bird\Code\data\kaggle_wav_cache\Berlepschs Tinamou_sound\Berlepschs Tinamou4.wav,Berlepschs Tinamou_sound,8,13.39034013605442,val,D:\other\Bird\Dataset\CC0\Berlepschs Tinamou_sound\Berlepschs Tinamou4.mp3
Berlepschs Tinamou_sound/Berlepschs Tinamou5,D:\other\Bird\Code\data\kaggle_wav_cache\Berlepschs Tinamou_sound\Berlepschs Tinamou5.wav,Berlepschs Tinamou_sound,8,13.39034013605442,train,D:\other\Bird\Dataset\CC0\Berlepschs Tinamou_sound\Berlepschs Tinamou5.mp3
Berlepschs Tinamou_sound/Berlepschs Tinamou6,D:\other\Bird\Code\data\kaggle_wav_cache\Berlepschs Tinamou_sound\Berlepschs Tinamou6.wav,Berlepschs Tinamou_sound,8,13.39034013605442,train,D:\other\Bird\Dataset\CC0\Berlepschs Tinamou_sound\Berlepschs Tinamou6.mp3
Berlepschs Tinamou_sound/Berlepschs Tinamou7,D:\other\Bird\Code\data\kaggle_wav_cache\Berlepschs Tinamou_sound\Berlepschs Tinamou7.wav,Berlepschs Tinamou_sound,8,16.68299319727891,train,D:\other\Bird\Dataset\CC0\Berlepschs Tinamou_sound\Berlepschs Tinamou7.mp3
Berlepschs Tinamou_sound/Berlepschs Tinamou8,D:\other\Bird\Code\data\kaggle_wav_cache\Berlepschs Tinamou_sound\Berlepschs Tinamou8.wav,Berlepschs Tinamou_sound,8,12.865600907029478,test,D:\other\Bird\Dataset\CC0\Berlepschs Tinamou_sound\Berlepschs Tinamou8.mp3
Berlepschs Tinamou_sound/Berlepschs Tinamou9,D:\other\Bird\Code\data\kaggle_wav_cache\Berlepschs Tinamou_sound\Berlepschs Tinamou9.wav,Berlepschs Tinamou_sound,8,28.302902494331065,train,D:\other\Bird\Dataset\CC0\Berlepschs Tinamou_sound\Berlepschs Tinamou9.mp3
Biak Scrubfowl_sound/Biak Scrubfowl10,D:\other\Bird\Code\data\kaggle_wav_cache\Biak Scrubfowl_sound\Biak Scrubfowl10.wav,Biak Scrubfowl_sound,9,9.3579375,train,D:\other\Bird\Dataset\CC0\Biak Scrubfowl_sound\Biak Scrubfowl10.mp3
Biak Scrubfowl_sound/Biak Scrubfowl2,D:\other\Bird\Code\data\kaggle_wav_cache\Biak Scrubfowl_sound\Biak Scrubfowl2.wav,Biak Scrubfowl_sound,9,6.0,val,D:\other\Bird\Dataset\CC0\Biak Scrubfowl_sound\Biak Scrubfowl2.mp3
Biak Scrubfowl_sound/Biak Scrubfowl3,D:\other\Bird\Code\data\kaggle_wav_cache\Biak Scrubfowl_sound\Biak Scrubfowl3.wav,Biak Scrubfowl_sound,9,6.0,train,D:\other\Bird\Dataset\CC0\Biak Scrubfowl_sound\Biak Scrubfowl3.mp3
Biak Scrubfowl_sound/Biak Scrubfowl4,D:\other\Bird\Code\data\kaggle_wav_cache\Biak Scrubfowl_sound\Biak Scrubfowl4.wav,Biak Scrubfowl_sound,9,35.1096875,test,D:\other\Bird\Dataset\CC0\Biak Scrubfowl_sound\Biak Scrubfowl4.mp3
Biak Scrubfowl_sound/Biak Scrubfowl5,D:\other\Bird\Code\data\kaggle_wav_cache\Biak Scrubfowl_sound\Biak Scrubfowl5.wav,Biak Scrubfowl_sound,9,7.294125,train,D:\other\Bird\Dataset\CC0\Biak Scrubfowl_sound\Biak Scrubfowl5.mp3
Biak Scrubfowl_sound/Biak Scrubfowl6,D:\other\Bird\Code\data\kaggle_wav_cache\Biak Scrubfowl_sound\Biak Scrubfowl6.wav,Biak Scrubfowl_sound,9,7.294125,train,D:\other\Bird\Dataset\CC0\Biak Scrubfowl_sound\Biak Scrubfowl6.mp3
Biak Scrubfowl_sound/Biak Scrubfowl7,D:\other\Bird\Code\data\kaggle_wav_cache\Biak Scrubfowl_sound\Biak Scrubfowl7.wav,Biak Scrubfowl_sound,9,9.3579375,train,D:\other\Bird\Dataset\CC0\Biak Scrubfowl_sound\Biak Scrubfowl7.mp3
Biak Scrubfowl_sound/Biak Scrubfowl8,D:\other\Bird\Code\data\kaggle_wav_cache\Biak Scrubfowl_sound\Biak Scrubfowl8.wav,Biak Scrubfowl_sound,9,9.3579375,train,D:\other\Bird\Dataset\CC0\Biak Scrubfowl_sound\Biak Scrubfowl8.mp3
Biak Scrubfowl_sound/Biak Scrubfowl9,D:\other\Bird\Code\data\kaggle_wav_cache\Biak Scrubfowl_sound\Biak Scrubfowl9.wav,Biak Scrubfowl_sound,9,9.3579375,train,D:\other\Bird\Dataset\CC0\Biak Scrubfowl_sound\Biak Scrubfowl9.mp3
Black Tinamou_sound/Black Tinamou10,D:\other\Bird\Code\data\kaggle_wav_cache\Black Tinamou_sound\Black Tinamou10.wav,Black Tinamou_sound,10,4.068604166666667,val,D:\other\Bird\Dataset\CC0\Black Tinamou_sound\Black Tinamou10.mp3
Black Tinamou_sound/Black Tinamou11,D:\other\Bird\Code\data\kaggle_wav_cache\Black Tinamou_sound\Black Tinamou11.wav,Black Tinamou_sound,10,23.440041666666666,train,D:\other\Bird\Dataset\CC0\Black Tinamou_sound\Black Tinamou11.mp3
Black Tinamou_sound/Black Tinamou12,D:\other\Bird\Code\data\kaggle_wav_cache\Black Tinamou_sound\Black Tinamou12.wav,Black Tinamou_sound,10,21.28054421768708,test,D:\other\Bird\Dataset\CC0\Black Tinamou_sound\Black Tinamou12.mp3
Black Tinamou_sound/Black Tinamou13,D:\other\Bird\Code\data\kaggle_wav_cache\Black Tinamou_sound\Black Tinamou13.wav,Black Tinamou_sound,10,17.046643990929706,val,D:\other\Bird\Dataset\CC0\Black Tinamou_sound\Black Tinamou13.mp3
Black Tinamou_sound/Black Tinamou14,D:\other\Bird\Code\data\kaggle_wav_cache\Black Tinamou_sound\Black Tinamou14.wav,Black Tinamou_sound,10,496.54401360544216,val,D:\other\Bird\Dataset\CC0\Black Tinamou_sound\Black Tinamou14.mp3
Black Tinamou_sound/Black Tinamou15,D:\other\Bird\Code\data\kaggle_wav_cache\Black Tinamou_sound\Black Tinamou15.wav,Black Tinamou_sound,10,77.7410657596372,train,D:\other\Bird\Dataset\CC0\Black Tinamou_sound\Black Tinamou15.mp3
Black Tinamou_sound/Black Tinamou16,D:\other\Bird\Code\data\kaggle_wav_cache\Black Tinamou_sound\Black Tinamou16.wav,Black Tinamou_sound,10,18.440541666666668,train,D:\other\Bird\Dataset\CC0\Black Tinamou_sound\Black Tinamou16.mp3
Black Tinamou_sound/Black Tinamou17,D:\other\Bird\Code\data\kaggle_wav_cache\Black Tinamou_sound\Black Tinamou17.wav,Black Tinamou_sound,10,103.20659863945578,train,D:\other\Bird\Dataset\CC0\Black Tinamou_sound\Black Tinamou17.mp3
Black Tinamou_sound/Black Tinamou18,D:\other\Bird\Code\data\kaggle_wav_cache\Black Tinamou_sound\Black Tinamou18.wav,Black Tinamou_sound,10,16.908049886621317,test,D:\other\Bird\Dataset\CC0\Black Tinamou_sound\Black Tinamou18.mp3
Black Tinamou_sound/Black Tinamou19,D:\other\Bird\Code\data\kaggle_wav_cache\Black Tinamou_sound\Black Tinamou19.wav,Black Tinamou_sound,10,16.908049886621317,train,D:\other\Bird\Dataset\CC0\Black Tinamou_sound\Black Tinamou19.mp3
Black Tinamou_sound/Black Tinamou2,D:\other\Bird\Code\data\kaggle_wav_cache\Black Tinamou_sound\Black Tinamou2.wav,Black Tinamou_sound,10,75.92783333333334,train,D:\other\Bird\Dataset\CC0\Black Tinamou_sound\Black Tinamou2.mp3
Black Tinamou_sound/Black Tinamou20,D:\other\Bird\Code\data\kaggle_wav_cache\Black Tinamou_sound\Black Tinamou20.wav,Black Tinamou_sound,10,9.473416666666669,train,D:\other\Bird\Dataset\CC0\Black Tinamou_sound\Black Tinamou20.mp3
Black Tinamou_sound/Black Tinamou21,D:\other\Bird\Code\data\kaggle_wav_cache\Black Tinamou_sound\Black Tinamou21.wav,Black Tinamou_sound,10,78.49952380952381,train,D:\other\Bird\Dataset\CC0\Black Tinamou_sound\Black Tinamou21.mp3
Black Tinamou_sound/Black Tinamou3,D:\other\Bird\Code\data\kaggle_wav_cache\Black Tinamou_sound\Black Tinamou3.wav,Black Tinamou_sound,10,75.92783333333334,train,D:\other\Bird\Dataset\CC0\Black Tinamou_sound\Black Tinamou3.mp3
Black Tinamou_sound/Black Tinamou4,D:\other\Bird\Code\data\kaggle_wav_cache\Black Tinamou_sound\Black Tinamou4.wav,Black Tinamou_sound,10,20.214058956916094,train,D:\other\Bird\Dataset\CC0\Black Tinamou_sound\Black Tinamou4.mp3
Black Tinamou_sound/Black Tinamou5,D:\other\Bird\Code\data\kaggle_wav_cache\Black Tinamou_sound\Black Tinamou5.wav,Black Tinamou_sound,10,93.33551020408164,train,D:\other\Bird\Dataset\CC0\Black Tinamou_sound\Black Tinamou5.mp3
Black Tinamou_sound/Black Tinamou6,D:\other\Bird\Code\data\kaggle_wav_cache\Black Tinamou_sound\Black Tinamou6.wav,Black Tinamou_sound,10,9.943764172335602,test,D:\other\Bird\Dataset\CC0\Black Tinamou_sound\Black Tinamou6.mp3
Black Tinamou_sound/Black Tinamou7,D:\other\Bird\Code\data\kaggle_wav_cache\Black Tinamou_sound\Black Tinamou7.wav,Black Tinamou_sound,10,62.80514739229025,train,D:\other\Bird\Dataset\CC0\Black Tinamou_sound\Black Tinamou7.mp3
Black Tinamou_sound/Black Tinamou8,D:\other\Bird\Code\data\kaggle_wav_cache\Black Tinamou_sound\Black Tinamou8.wav,Black Tinamou_sound,10,5.862789115646258,train,D:\other\Bird\Dataset\CC0\Black Tinamou_sound\Black Tinamou8.mp3
Black Tinamou_sound/Black Tinamou9,D:\other\Bird\Code\data\kaggle_wav_cache\Black Tinamou_sound\Black Tinamou9.wav,Black Tinamou_sound,10,6.697520833333333,train,D:\other\Bird\Dataset\CC0\Black Tinamou_sound\Black Tinamou9.mp3
Black-billed Brushturkey_sound/Black-billed Brushturkey10,D:\other\Bird\Code\data\kaggle_wav_cache\Black-billed Brushturkey_sound\Black-billed Brushturkey10.wav,Black-billed Brushturkey_sound,11,20.19814058956916,train,D:\other\Bird\Dataset\CC0\Black-billed Brushturkey_sound\Black-billed Brushturkey10.mp3
Black-billed Brushturkey_sound/Black-billed Brushturkey11,D:\other\Bird\Code\data\kaggle_wav_cache\Black-billed Brushturkey_sound\Black-billed Brushturkey11.wav,Black-billed Brushturkey_sound,11,20.19814058956916,train,D:\other\Bird\Dataset\CC0\Black-billed Brushturkey_sound\Black-billed Brushturkey11.mp3
Black-billed Brushturkey_sound/Black-billed Brushturkey12,D:\other\Bird\Code\data\kaggle_wav_cache\Black-billed Brushturkey_sound\Black-billed Brushturkey12.wav,Black-billed Brushturkey_sound,11,20.19814058956916,train,D:\other\Bird\Dataset\CC0\Black-billed Brushturkey_sound\Black-billed Brushturkey12.mp3
Black-billed Brushturkey_sound/Black-billed Brushturkey13,D:\other\Bird\Code\data\kaggle_wav_cache\Black-billed Brushturkey_sound\Black-billed Brushturkey13.wav,Black-billed Brushturkey_sound,11,58.890090702947845,test,D:\other\Bird\Dataset\CC0\Black-billed Brushturkey_sound\Black-billed Brushturkey13.mp3
Black-billed Brushturkey_sound/Black-billed Brushturkey14,D:\other\Bird\Code\data\kaggle_wav_cache\Black-billed Brushturkey_sound\Black-billed Brushturkey14.wav,Black-billed Brushturkey_sound,11,14.99891156462585,test,D:\other\Bird\Dataset\CC0\Black-billed Brushturkey_sound\Black-billed Brushturkey14.mp3
Black-billed Brushturkey_sound/Black-billed Brushturkey15,D:\other\Bird\Code\data\kaggle_wav_cache\Black-billed Brushturkey_sound\Black-billed Brushturkey15.wav,Black-billed Brushturkey_sound,11,31.859750566893425,train,D:\other\Bird\Dataset\CC0\Black-billed Brushturkey_sound\Black-billed Brushturkey15.mp3
Black-billed Brushturkey_sound/Black-billed Brushturkey16,D:\other\Bird\Code\data\kaggle_wav_cache\Black-billed Brushturkey_sound\Black-billed Brushturkey16.wav,Black-billed Brushturkey_sound,11,41.0475,train,D:\other\Bird\Dataset\CC0\Black-billed Brushturkey_sound\Black-billed Brushturkey16.mp3
Black-billed Brushturkey_sound/Black-billed Brushturkey17,D:\other\Bird\Code\data\kaggle_wav_cache\Black-billed Brushturkey_sound\Black-billed Brushturkey17.wav,Black-billed Brushturkey_sound,11,40.1595,test,D:\other\Bird\Dataset\CC0\Black-billed Brushturkey_sound\Black-billed Brushturkey17.mp3
Black-billed Brushturkey_sound/Black-billed Brushturkey18,D:\other\Bird\Code\data\kaggle_wav_cache\Black-billed Brushturkey_sound\Black-billed Brushturkey18.wav,Black-billed Brushturkey_sound,11,30.68027210884354,train,D:\other\Bird\Dataset\CC0\Black-billed Brushturkey_sound\Black-billed Brushturkey18.mp3
Black-billed Brushturkey_sound/Black-billed Brushturkey19,D:\other\Bird\Code\data\kaggle_wav_cache\Black-billed Brushturkey_sound\Black-billed Brushturkey19.wav,Black-billed Brushturkey_sound,11,46.6653514739229,val,D:\other\Bird\Dataset\CC0\Black-billed Brushturkey_sound\Black-billed Brushturkey19.mp3
Black-billed Brushturkey_sound/Black-billed Brushturkey2,D:\other\Bird\Code\data\kaggle_wav_cache\Black-billed Brushturkey_sound\Black-billed Brushturkey2.wav,Black-billed Brushturkey_sound,11,10.011383219954649,train,D:\other\Bird\Dataset\CC0\Black-billed Brushturkey_sound\Black-billed Brushturkey2.mp3
Black-billed Brushturkey_sound/Black-billed Brushturkey20,D:\other\Bird\Code\data\kaggle_wav_cache\Black-billed Brushturkey_sound\Black-billed Brushturkey20.wav,Black-billed Brushturkey_sound,11,46.6653514739229,train,D:\other\Bird\Dataset\CC0\Black-billed Brushturkey_sound\Black-billed Brushturkey20.mp3
Black-billed Brushturkey_sound/Black-billed Brushturkey21,D:\other\Bird\Code\data\kaggle_wav_cache\Black-billed Brushturkey_sound\Black-billed Brushturkey21.wav,Black-billed Brushturkey_sound,11,43.63455782312925,val,D:\other\Bird\Dataset\CC0\Black-billed Brushturkey_sound\Black-billed Brushturkey21.mp3
Black-billed Brushturkey_sound/Black-billed Brushturkey3,D:\other\Bird\Code\data\kaggle_wav_cache\Black-billed Brushturkey_sound\Black-billed Brushturkey3.wav,Black-billed Brushturkey_sound,11,10.011383219954649,train,D:\other\Bird\Dataset\CC0\Black-billed Brushturkey_sound\Black-billed Brushturkey3.mp3
Black-billed Brushturkey_sound/Black-billed Brushturkey4,D:\other\Bird\Code\data\kaggle_wav_cache\Black-billed Brushturkey_sound\Black-billed Brushturkey4.wav,Black-billed Brushturkey_sound,11,10.011383219954649,train,D:\other\Bird\Dataset\CC0\Black-billed Brushturkey_sound\Black-billed Brushturkey4.mp3
Black-billed Brushturkey_sound/Black-billed Brushturkey5,D:\other\Bird\Code\data\kaggle_wav_cache\Black-billed Brushturkey_sound\Black-billed Brushturkey5.wav,Black-billed Brushturkey_sound,11,10.011383219954649,train,D:\other\Bird\Dataset\CC0\Black-billed Brushturkey_sound\Black-billed Brushturkey5.mp3
Black-billed Brushturkey_sound/Black-billed Brushturkey6,D:\other\Bird\Code\data\kaggle_wav_cache\Black-billed Brushturkey_sound\Black-billed Brushturkey6.wav,Black-billed Brushturkey_sound,11,10.011383219954649,train,D:\other\Bird\Dataset\CC0\Black-billed Brushturkey_sound\Black-billed Brushturkey6.mp3
Black-billed Brushturkey_sound/Black-billed Brushturkey7,D:\other\Bird\Code\data\kaggle_wav_cache\Black-billed Brushturkey_sound\Black-billed Brushturkey7.wav,Black-billed Brushturkey_sound,11,10.011383219954649,train,D:\other\Bird\Dataset\CC0\Black-billed Brushturkey_sound\Black-billed Brushturkey7.mp3
Black-billed Brushturkey_sound/Black-billed Brushturkey8,D:\other\Bird\Code\data\kaggle_wav_cache\Black-billed Brushturkey_sound\Black-billed Brushturkey8.wav,Black-billed Brushturkey_sound,11,10.011383219954649,train,D:\other\Bird\Dataset\CC0\Black-billed Brushturkey_sound\Black-billed Brushturkey8.mp3
Black-billed Brushturkey_sound/Black-billed Brushturkey9,D:\other\Bird\Code\data\kaggle_wav_cache\Black-billed Brushturkey_sound\Black-billed Brushturkey9.wav,Black-billed Brushturkey_sound,11,14.869410430839002,val,D:\other\Bird\Dataset\CC0\Black-billed Brushturkey_sound\Black-billed Brushturkey9.mp3
Black-capped Tinamou_sound/Black-capped Tinamou10,D:\other\Bird\Code\data\kaggle_wav_cache\Black-capped Tinamou_sound\Black-capped Tinamou10.wav,Black-capped Tinamou_sound,12,3.79249433106576,train,D:\other\Bird\Dataset\CC0\Black-capped Tinamou_sound\Black-capped Tinamou10.mp3
Black-capped Tinamou_sound/Black-capped Tinamou11,D:\other\Bird\Code\data\kaggle_wav_cache\Black-capped Tinamou_sound\Black-capped Tinamou11.wav,Black-capped Tinamou_sound,12,55.09585034013605,train,D:\other\Bird\Dataset\CC0\Black-capped Tinamou_sound\Black-capped Tinamou11.mp3
Black-capped Tinamou_sound/Black-capped Tinamou12,D:\other\Bird\Code\data\kaggle_wav_cache\Black-capped Tinamou_sound\Black-capped Tinamou12.wav,Black-capped Tinamou_sound,12,55.09585034013605,train,D:\other\Bird\Dataset\CC0\Black-capped Tinamou_sound\Black-capped Tinamou12.mp3
Black-capped Tinamou_sound/Black-capped Tinamou13,D:\other\Bird\Code\data\kaggle_wav_cache\Black-capped Tinamou_sound\Black-capped Tinamou13.wav,Black-capped Tinamou_sound,12,4.339659863945578,train,D:\other\Bird\Dataset\CC0\Black-capped Tinamou_sound\Black-capped Tinamou13.mp3
Black-capped Tinamou_sound/Black-capped Tinamou14,D:\other\Bird\Code\data\kaggle_wav_cache\Black-capped Tinamou_sound\Black-capped Tinamou14.wav,Black-capped Tinamou_sound,12,169.5902947845805,train,D:\other\Bird\Dataset\CC0\Black-capped Tinamou_sound\Black-capped Tinamou14.mp3
Black-capped Tinamou_sound/Black-capped Tinamou15,D:\other\Bird\Code\data\kaggle_wav_cache\Black-capped Tinamou_sound\Black-capped Tinamou15.wav,Black-capped Tinamou_sound,12,23.836462585034013,train,D:\other\Bird\Dataset\CC0\Black-capped Tinamou_sound\Black-capped Tinamou15.mp3
Black-capped Tinamou_sound/Black-capped Tinamou16,D:\other\Bird\Code\data\kaggle_wav_cache\Black-capped Tinamou_sound\Black-capped Tinamou16.wav,Black-capped Tinamou_sound,12,103.15172335600909,val,D:\other\Bird\Dataset\CC0\Black-capped Tinamou_sound\Black-capped Tinamou16.mp3
Black-capped Tinamou_sound/Black-capped Tinamou17,D:\other\Bird\Code\data\kaggle_wav_cache\Black-capped Tinamou_sound\Black-capped Tinamou17.wav,Black-capped Tinamou_sound,12,25.87065759637188,train,D:\other\Bird\Dataset\CC0\Black-capped Tinamou_sound\Black-capped Tinamou17.mp3
Black-capped Tinamou_sound/Black-capped Tinamou18,D:\other\Bird\Code\data\kaggle_wav_cache\Black-capped Tinamou_sound\Black-capped Tinamou18.wav,Black-capped Tinamou_sound,12,55.12698412698413,test,D:\other\Bird\Dataset\CC0\Black-capped Tinamou_sound\Black-capped Tinamou18.mp3
Black-capped Tinamou_sound/Black-capped Tinamou19,D:\other\Bird\Code\data\kaggle_wav_cache\Black-capped Tinamou_sound\Black-capped Tinamou19.wav,Black-capped Tinamou_sound,12,55.12698412698413,train,D:\other\Bird\Dataset\CC0\Black-capped Tinamou_sound\Black-capped Tinamou19.mp3
Black-capped Tinamou_sound/Black-capped Tinamou2,D:\other\Bird\Code\data\kaggle_wav_cache\Black-capped Tinamou_sound\Black-capped Tinamou2.wav,Black-capped Tinamou_sound,12,7.961995464852608,test,D:\other\Bird\Dataset\CC0\Black-capped Tinamou_sound\Black-capped Tinamou2.mp3
Black-capped Tinamou_sound/Black-capped Tinamou20,D:\other\Bird\Code\data\kaggle_wav_cache\Black-capped Tinamou_sound\Black-capped Tinamou20.wav,Black-capped Tinamou_sound,12,55.12698412698413,train,D:\other\Bird\Dataset\CC0\Black-capped Tinamou_sound\Black-capped Tinamou20.mp3
Black-capped Tinamou_sound/Black-capped Tinamou21,D:\other\Bird\Code\data\kaggle_wav_cache\Black-capped Tinamou_sound\Black-capped Tinamou21.wav,Black-capped Tinamou_sound,12,2.580375,train,D:\other\Bird\Dataset\CC0\Black-capped Tinamou_sound\Black-capped Tinamou21.mp3
Black-capped Tinamou_sound/Black-capped Tinamou22,D:\other\Bird\Code\data\kaggle_wav_cache\Black-capped Tinamou_sound\Black-capped Tinamou22.wav,Black-capped Tinamou_sound,12,86.438375,train,D:\other\Bird\Dataset\CC0\Black-capped Tinamou_sound\Black-capped Tinamou22.mp3
Black-capped Tinamou_sound/Black-capped Tinamou23,D:\other\Bird\Code\data\kaggle_wav_cache\Black-capped Tinamou_sound\Black-capped Tinamou23.wav,Black-capped Tinamou_sound,12,86.438375,val,D:\other\Bird\Dataset\CC0\Black-capped Tinamou_sound\Black-capped Tinamou23.mp3
Black-capped Tinamou_sound/Black-capped Tinamou24,D:\other\Bird\Code\data\kaggle_wav_cache\Black-capped Tinamou_sound\Black-capped Tinamou24.wav,Black-capped Tinamou_sound,12,86.438375,train,D:\other\Bird\Dataset\CC0\Black-capped Tinamou_sound\Black-capped Tinamou24.mp3
Black-capped Tinamou_sound/Black-capped Tinamou25,D:\other\Bird\Code\data\kaggle_wav_cache\Black-capped Tinamou_sound\Black-capped Tinamou25.wav,Black-capped Tinamou_sound,12,15.2111875,train,D:\other\Bird\Dataset\CC0\Black-capped Tinamou_sound\Black-capped Tinamou25.mp3
Black-capped Tinamou_sound/Black-capped Tinamou26,D:\other\Bird\Code\data\kaggle_wav_cache\Black-capped Tinamou_sound\Black-capped Tinamou26.wav,Black-capped Tinamou_sound,12,1.31275,train,D:\other\Bird\Dataset\CC0\Black-capped Tinamou_sound\Black-capped Tinamou26.mp3
Black-capped Tinamou_sound/Black-capped Tinamou27,D:\other\Bird\Code\data\kaggle_wav_cache\Black-capped Tinamou_sound\Black-capped Tinamou27.wav,Black-capped Tinamou_sound,12,1.31275,train,D:\other\Bird\Dataset\CC0\Black-capped Tinamou_sound\Black-capped Tinamou27.mp3
Black-capped Tinamou_sound/Black-capped Tinamou28,D:\other\Bird\Code\data\kaggle_wav_cache\Black-capped Tinamou_sound\Black-capped Tinamou28.wav,Black-capped Tinamou_sound,12,5.7555,train,D:\other\Bird\Dataset\CC0\Black-capped Tinamou_sound\Black-capped Tinamou28.mp3
Black-capped Tinamou_sound/Black-capped Tinamou29,D:\other\Bird\Code\data\kaggle_wav_cache\Black-capped Tinamou_sound\Black-capped Tinamou29.wav,Black-capped Tinamou_sound,12,8.852902494331065,train,D:\other\Bird\Dataset\CC0\Black-capped Tinamou_sound\Black-capped Tinamou29.mp3
Black-capped Tinamou_sound/Black-capped Tinamou3,D:\other\Bird\Code\data\kaggle_wav_cache\Black-capped Tinamou_sound\Black-capped Tinamou3.wav,Black-capped Tinamou_sound,12,7.961995464852608,train,D:\other\Bird\Dataset\CC0\Black-capped Tinamou_sound\Black-capped Tinamou3.mp3
Black-capped Tinamou_sound/Black-capped Tinamou30,D:\other\Bird\Code\data\kaggle_wav_cache\Black-capped Tinamou_sound\Black-capped Tinamou30.wav,Black-capped Tinamou_sound,12,8.852902494331065,val,D:\other\Bird\Dataset\CC0\Black-capped Tinamou_sound\Black-capped Tinamou30.mp3
Black-capped Tinamou_sound/Black-capped Tinamou31,D:\other\Bird\Code\data\kaggle_wav_cache\Black-capped Tinamou_sound\Black-capped Tinamou31.wav,Black-capped Tinamou_sound,12,8.852902494331065,train,D:\other\Bird\Dataset\CC0\Black-capped Tinamou_sound\Black-capped Tinamou31.mp3
Black-capped Tinamou_sound/Black-capped Tinamou4,D:\other\Bird\Code\data\kaggle_wav_cache\Black-capped Tinamou_sound\Black-capped Tinamou4.wav,Black-capped Tinamou_sound,12,7.961995464852608,train,D:\other\Bird\Dataset\CC0\Black-capped Tinamou_sound\Black-capped Tinamou4.mp3
Black-capped Tinamou_sound/Black-capped Tinamou5,D:\other\Bird\Code\data\kaggle_wav_cache\Black-capped Tinamou_sound\Black-capped Tinamou5.wav,Black-capped Tinamou_sound,12,7.961995464852608,train,D:\other\Bird\Dataset\CC0\Black-capped Tinamou_sound\Black-capped Tinamou5.mp3
Black-capped Tinamou_sound/Black-capped Tinamou6,D:\other\Bird\Code\data\kaggle_wav_cache\Black-capped Tinamou_sound\Black-capped Tinamou6.wav,Black-capped Tinamou_sound,12,54.58265625,test,D:\other\Bird\Dataset\CC0\Black-capped Tinamou_sound\Black-capped Tinamou6.mp3
Black-capped Tinamou_sound/Black-capped Tinamou7,D:\other\Bird\Code\data\kaggle_wav_cache\Black-capped Tinamou_sound\Black-capped Tinamou7.wav,Black-capped Tinamou_sound,12,54.58265625,val,D:\other\Bird\Dataset\CC0\Black-capped Tinamou_sound\Black-capped Tinamou7.mp3
Black-capped Tinamou_sound/Black-capped Tinamou8,D:\other\Bird\Code\data\kaggle_wav_cache\Black-capped Tinamou_sound\Black-capped Tinamou8.wav,Black-capped Tinamou_sound,12,5.352333333333333,train,D:\other\Bird\Dataset\CC0\Black-capped Tinamou_sound\Black-capped Tinamou8.mp3
Black-capped Tinamou_sound/Black-capped Tinamou9,D:\other\Bird\Code\data\kaggle_wav_cache\Black-capped Tinamou_sound\Black-capped Tinamou9.wav,Black-capped Tinamou_sound,12,101.202,test,D:\other\Bird\Dataset\CC0\Black-capped Tinamou_sound\Black-capped Tinamou9.mp3
Black-fronted Piping Guan_sound/Black-fronted Piping Guan10,D:\other\Bird\Code\data\kaggle_wav_cache\Black-fronted Piping Guan_sound\Black-fronted Piping Guan10.wav,Black-fronted Piping Guan_sound,13,6.234149659863945,train,D:\other\Bird\Dataset\CC0\Black-fronted Piping Guan_sound\Black-fronted Piping Guan10.mp3
Black-fronted Piping Guan_sound/Black-fronted Piping Guan11,D:\other\Bird\Code\data\kaggle_wav_cache\Black-fronted Piping Guan_sound\Black-fronted Piping Guan11.wav,Black-fronted Piping Guan_sound,13,6.234149659863945,test,D:\other\Bird\Dataset\CC0\Black-fronted Piping Guan_sound\Black-fronted Piping Guan11.mp3
Black-fronted Piping Guan_sound/Black-fronted Piping Guan12,D:\other\Bird\Code\data\kaggle_wav_cache\Black-fronted Piping Guan_sound\Black-fronted Piping Guan12.wav,Black-fronted Piping Guan_sound,13,5.574625850340136,val,D:\other\Bird\Dataset\CC0\Black-fronted Piping Guan_sound\Black-fronted Piping Guan12.mp3
Black-fronted Piping Guan_sound/Black-fronted Piping Guan13,D:\other\Bird\Code\data\kaggle_wav_cache\Black-fronted Piping Guan_sound\Black-fronted Piping Guan13.wav,Black-fronted Piping Guan_sound,13,38.77138321995465,train,D:\other\Bird\Dataset\CC0\Black-fronted Piping Guan_sound\Black-fronted Piping Guan13.mp3
Black-fronted Piping Guan_sound/Black-fronted Piping Guan2,D:\other\Bird\Code\data\kaggle_wav_cache\Black-fronted Piping Guan_sound\Black-fronted Piping Guan2.wav,Black-fronted Piping Guan_sound,13,10.652448979591837,train,D:\other\Bird\Dataset\CC0\Black-fronted Piping Guan_sound\Black-fronted Piping Guan2.mp3
Black-fronted Piping Guan_sound/Black-fronted Piping Guan3,D:\other\Bird\Code\data\kaggle_wav_cache\Black-fronted Piping Guan_sound\Black-fronted Piping Guan3.wav,Black-fronted Piping Guan_sound,13,61.624149659863946,train,D:\other\Bird\Dataset\CC0\Black-fronted Piping Guan_sound\Black-fronted Piping Guan3.mp3
Black-fronted Piping Guan_sound/Black-fronted Piping Guan4,D:\other\Bird\Code\data\kaggle_wav_cache\Black-fronted Piping Guan_sound\Black-fronted Piping Guan4.wav,Black-fronted Piping Guan_sound,13,158.23,test,D:\other\Bird\Dataset\CC0\Black-fronted Piping Guan_sound\Black-fronted Piping Guan4.mp3
Black-fronted Piping Guan_sound/Black-fronted Piping Guan5,D:\other\Bird\Code\data\kaggle_wav_cache\Black-fronted Piping Guan_sound\Black-fronted Piping Guan5.wav,Black-fronted Piping Guan_sound,13,8.260317460317461,train,D:\other\Bird\Dataset\CC0\Black-fronted Piping Guan_sound\Black-fronted Piping Guan5.mp3
Black-fronted Piping Guan_sound/Black-fronted Piping Guan6,D:\other\Bird\Code\data\kaggle_wav_cache\Black-fronted Piping Guan_sound\Black-fronted Piping Guan6.wav,Black-fronted Piping Guan_sound,13,8.260317460317461,train,D:\other\Bird\Dataset\CC0\Black-fronted Piping Guan_sound\Black-fronted Piping Guan6.mp3
Black-fronted Piping Guan_sound/Black-fronted Piping Guan7,D:\other\Bird\Code\data\kaggle_wav_cache\Black-fronted Piping Guan_sound\Black-fronted Piping Guan7.wav,Black-fronted Piping Guan_sound,13,93.20489795918368,val,D:\other\Bird\Dataset\CC0\Black-fronted Piping Guan_sound\Black-fronted Piping Guan7.mp3
Black-fronted Piping Guan_sound/Black-fronted Piping Guan8,D:\other\Bird\Code\data\kaggle_wav_cache\Black-fronted Piping Guan_sound\Black-fronted Piping Guan8.wav,Black-fronted Piping Guan_sound,13,93.20489795918368,train,D:\other\Bird\Dataset\CC0\Black-fronted Piping Guan_sound\Black-fronted Piping Guan8.mp3
Black-fronted Piping Guan_sound/Black-fronted Piping Guan9,D:\other\Bird\Code\data\kaggle_wav_cache\Black-fronted Piping Guan_sound\Black-fronted Piping Guan9.wav,Black-fronted Piping Guan_sound,13,6.234149659863945,train,D:\other\Bird\Dataset\CC0\Black-fronted Piping Guan_sound\Black-fronted Piping Guan9.mp3
Blue-throated Piping Guan_sound/Blue-throated Piping Guan10,D:\other\Bird\Code\data\kaggle_wav_cache\Blue-throated Piping Guan_sound\Blue-throated Piping Guan10.wav,Blue-throated Piping Guan_sound,14,29.946757369614517,train,D:\other\Bird\Dataset\CC0\Blue-throated Piping Guan_sound\Blue-throated Piping Guan10.mp3
Blue-throated Piping Guan_sound/Blue-throated Piping Guan11,D:\other\Bird\Code\data\kaggle_wav_cache\Blue-throated Piping Guan_sound\Blue-throated Piping Guan11.wav,Blue-throated Piping Guan_sound,14,15.066666666666666,train,D:\other\Bird\Dataset\CC0\Blue-throated Piping Guan_sound\Blue-throated Piping Guan11.mp3
Blue-throated Piping Guan_sound/Blue-throated Piping Guan12,D:\other\Bird\Code\data\kaggle_wav_cache\Blue-throated Piping Guan_sound\Blue-throated Piping Guan12.wav,Blue-throated Piping Guan_sound,14,20.615510204081637,val,D:\other\Bird\Dataset\CC0\Blue-throated Piping Guan_sound\Blue-throated Piping Guan12.mp3
Blue-throated Piping Guan_sound/Blue-throated Piping Guan13,D:\other\Bird\Code\data\kaggle_wav_cache\Blue-throated Piping Guan_sound\Blue-throated Piping Guan13.wav,Blue-throated Piping Guan_sound,14,20.615510204081637,train,D:\other\Bird\Dataset\CC0\Blue-throated Piping Guan_sound\Blue-throated Piping Guan13.mp3
Blue-throated Piping Guan_sound/Blue-throated Piping Guan14,D:\other\Bird\Code\data\kaggle_wav_cache\Blue-throated Piping Guan_sound\Blue-throated Piping Guan14.wav,Blue-throated Piping Guan_sound,14,190.3995,test,D:\other\Bird\Dataset\CC0\Blue-throated Piping Guan_sound\Blue-throated Piping Guan14.mp3
Blue-throated Piping Guan_sound/Blue-throated Piping Guan15,D:\other\Bird\Code\data\kaggle_wav_cache\Blue-throated Piping Guan_sound\Blue-throated Piping Guan15.wav,Blue-throated Piping Guan_sound,14,14.242721088435374,train,D:\other\Bird\Dataset\CC0\Blue-throated Piping Guan_sound\Blue-throated Piping Guan15.mp3
Blue-throated Piping Guan_sound/Blue-throated Piping Guan16,D:\other\Bird\Code\data\kaggle_wav_cache\Blue-throated Piping Guan_sound\Blue-throated Piping Guan16.wav,Blue-throated Piping Guan_sound,14,15.1578231292517,train,D:\other\Bird\Dataset\CC0\Blue-throated Piping Guan_sound\Blue-throated Piping Guan16.mp3
Blue-throated Piping Guan_sound/Blue-throated Piping Guan17,D:\other\Bird\Code\data\kaggle_wav_cache\Blue-throated Piping Guan_sound\Blue-throated Piping Guan17.wav,Blue-throated Piping Guan_sound,14,12.647868480725624,val,D:\other\Bird\Dataset\CC0\Blue-throated Piping Guan_sound\Blue-throated Piping Guan17.mp3
Blue-throated Piping Guan_sound/Blue-throated Piping Guan18,D:\other\Bird\Code\data\kaggle_wav_cache\Blue-throated Piping Guan_sound\Blue-throated Piping Guan18.wav,Blue-throated Piping Guan_sound,14,12.987755102040817,train,D:\other\Bird\Dataset\CC0\Blue-throated Piping Guan_sound\Blue-throated Piping Guan18.mp3
Blue-throated Piping Guan_sound/Blue-throated Piping Guan19,D:\other\Bird\Code\data\kaggle_wav_cache\Blue-throated Piping Guan_sound\Blue-throated Piping Guan19.wav,Blue-throated Piping Guan_sound,14,11.81124716553288,train,D:\other\Bird\Dataset\CC0\Blue-throated Piping Guan_sound\Blue-throated Piping Guan19.mp3
Blue-throated Piping Guan_sound/Blue-throated Piping Guan2,D:\other\Bird\Code\data\kaggle_wav_cache\Blue-throated Piping Guan_sound\Blue-throated Piping Guan2.wav,Blue-throated Piping Guan_sound,14,11.315215419501136,test,D:\other\Bird\Dataset\CC0\Blue-throated Piping Guan_sound\Blue-throated Piping Guan2.mp3
Blue-throated Piping Guan_sound/Blue-throated Piping Guan20,D:\other\Bird\Code\data\kaggle_wav_cache\Blue-throated Piping Guan_sound\Blue-throated Piping Guan20.wav,Blue-throated Piping Guan_sound,14,11.5759410430839,train,D:\other\Bird\Dataset\CC0\Blue-throated Piping Guan_sound\Blue-throated Piping Guan20.mp3
Blue-throated Piping Guan_sound/Blue-throated Piping Guan21,D:\other\Bird\Code\data\kaggle_wav_cache\Blue-throated Piping Guan_sound\Blue-throated Piping Guan21.wav,Blue-throated Piping Guan_sound,14,11.628231292517007,val,D:\other\Bird\Dataset\CC0\Blue-throated Piping Guan_sound\Blue-throated Piping Guan21.mp3
Blue-throated Piping Guan_sound/Blue-throated Piping Guan22,D:\other\Bird\Code\data\kaggle_wav_cache\Blue-throated Piping Guan_sound\Blue-throated Piping Guan22.wav,Blue-throated Piping Guan_sound,14,15.366689342403628,train,D:\other\Bird\Dataset\CC0\Blue-throated Piping Guan_sound\Blue-throated Piping Guan22.mp3
Blue-throated Piping Guan_sound/Blue-throated Piping Guan23,D:\other\Bird\Code\data\kaggle_wav_cache\Blue-throated Piping Guan_sound\Blue-throated Piping Guan23.wav,Blue-throated Piping Guan_sound,14,10.263061224489796,train,D:\other\Bird\Dataset\CC0\Blue-throated Piping Guan_sound\Blue-throated Piping Guan23.mp3
Blue-throated Piping Guan_sound/Blue-throated Piping Guan24,D:\other\Bird\Code\data\kaggle_wav_cache\Blue-throated Piping Guan_sound\Blue-throated Piping Guan24.wav,Blue-throated Piping Guan_sound,14,37.44421768707483,train,D:\other\Bird\Dataset\CC0\Blue-throated Piping Guan_sound\Blue-throated Piping Guan24.mp3
Blue-throated Piping Guan_sound/Blue-throated Piping Guan25,D:\other\Bird\Code\data\kaggle_wav_cache\Blue-throated Piping Guan_sound\Blue-throated Piping Guan25.wav,Blue-throated Piping Guan_sound,14,31.983809523809523,test,D:\other\Bird\Dataset\CC0\Blue-throated Piping Guan_sound\Blue-throated Piping Guan25.mp3
Blue-throated Piping Guan_sound/Blue-throated Piping Guan26,D:\other\Bird\Code\data\kaggle_wav_cache\Blue-throated Piping Guan_sound\Blue-throated Piping Guan26.wav,Blue-throated Piping Guan_sound,14,17.72689342403628,train,D:\other\Bird\Dataset\CC0\Blue-throated Piping Guan_sound\Blue-throated Piping Guan26.mp3
Blue-throated Piping Guan_sound/Blue-throated Piping Guan27,D:\other\Bird\Code\data\kaggle_wav_cache\Blue-throated Piping Guan_sound\Blue-throated Piping Guan27.wav,Blue-throated Piping Guan_sound,14,23.708979591836734,train,D:\other\Bird\Dataset\CC0\Blue-throated Piping Guan_sound\Blue-throated Piping Guan27.mp3
Blue-throated Piping Guan_sound/Blue-throated Piping Guan28,D:\other\Bird\Code\data\kaggle_wav_cache\Blue-throated Piping Guan_sound\Blue-throated Piping Guan28.wav,Blue-throated Piping Guan_sound,14,23.249773242630383,test,D:\other\Bird\Dataset\CC0\Blue-throated Piping Guan_sound\Blue-throated Piping Guan28.mp3
Blue-throated Piping Guan_sound/Blue-throated Piping Guan29,D:\other\Bird\Code\data\kaggle_wav_cache\Blue-throated Piping Guan_sound\Blue-throated Piping Guan29.wav,Blue-throated Piping Guan_sound,14,23.249773242630383,train,D:\other\Bird\Dataset\CC0\Blue-throated Piping Guan_sound\Blue-throated Piping Guan29.mp3
Blue-throated Piping Guan_sound/Blue-throated Piping Guan3,D:\other\Bird\Code\data\kaggle_wav_cache\Blue-throated Piping Guan_sound\Blue-throated Piping Guan3.wav,Blue-throated Piping Guan_sound,14,11.315215419501136,train,D:\other\Bird\Dataset\CC0\Blue-throated Piping Guan_sound\Blue-throated Piping Guan3.mp3
Blue-throated Piping Guan_sound/Blue-throated Piping Guan30,D:\other\Bird\Code\data\kaggle_wav_cache\Blue-throated Piping Guan_sound\Blue-throated Piping Guan30.wav,Blue-throated Piping Guan_sound,14,44.321333333333335,train,D:\other\Bird\Dataset\CC0\Blue-throated Piping Guan_sound\Blue-throated Piping Guan30.mp3
Blue-throated Piping Guan_sound/Blue-throated Piping Guan31,D:\other\Bird\Code\data\kaggle_wav_cache\Blue-throated Piping Guan_sound\Blue-throated Piping Guan31.wav,Blue-throated Piping Guan_sound,14,101.91183333333332,train,D:\other\Bird\Dataset\CC0\Blue-throated Piping Guan_sound\Blue-throated Piping Guan31.mp3
Blue-throated Piping Guan_sound/Blue-throated Piping Guan4,D:\other\Bird\Code\data\kaggle_wav_cache\Blue-throated Piping Guan_sound\Blue-throated Piping Guan4.wav,Blue-throated Piping Guan_sound,14,11.315215419501136,train,D:\other\Bird\Dataset\CC0\Blue-throated Piping Guan_sound\Blue-throated Piping Guan4.mp3
Blue-throated Piping Guan_sound/Blue-throated Piping Guan5,D:\other\Bird\Code\data\kaggle_wav_cache\Blue-throated Piping Guan_sound\Blue-throated Piping Guan5.wav,Blue-throated Piping Guan_sound,14,7.271836734693878,train,D:\other\Bird\Dataset\CC0\Blue-throated Piping Guan_sound\Blue-throated Piping Guan5.mp3
Blue-throated Piping Guan_sound/Blue-throated Piping Guan6,D:\other\Bird\Code\data\kaggle_wav_cache\Blue-throated Piping Guan_sound\Blue-throated Piping Guan6.wav,Blue-throated Piping Guan_sound,14,21.531814058956915,train,D:\other\Bird\Dataset\CC0\Blue-throated Piping Guan_sound\Blue-throated Piping Guan6.mp3
Blue-throated Piping Guan_sound/Blue-throated Piping Guan7,D:\other\Bird\Code\data\kaggle_wav_cache\Blue-throated Piping Guan_sound\Blue-throated Piping Guan7.wav,Blue-throated Piping Guan_sound,14,15.087006802721088,train,D:\other\Bird\Dataset\CC0\Blue-throated Piping Guan_sound\Blue-throated Piping Guan7.mp3
Blue-throated Piping Guan_sound/Blue-throated Piping Guan8,D:\other\Bird\Code\data\kaggle_wav_cache\Blue-throated Piping Guan_sound\Blue-throated Piping Guan8.wav,Blue-throated Piping Guan_sound,14,35.670748299319726,train,D:\other\Bird\Dataset\CC0\Blue-throated Piping Guan_sound\Blue-throated Piping Guan8.mp3
Blue-throated Piping Guan_sound/Blue-throated Piping Guan9,D:\other\Bird\Code\data\kaggle_wav_cache\Blue-throated Piping Guan_sound\Blue-throated Piping Guan9.wav,Blue-throated Piping Guan_sound,14,20.621360544217687,val,D:\other\Bird\Dataset\CC0\Blue-throated Piping Guan_sound\Blue-throated Piping Guan9.mp3
Brazilian Tinamou_sound/Brazilian Tinamou10,D:\other\Bird\Code\data\kaggle_wav_cache\Brazilian Tinamou_sound\Brazilian Tinamou10.wav,Brazilian Tinamou_sound,15,11.38344671201814,val,D:\other\Bird\Dataset\CC0\Brazilian Tinamou_sound\Brazilian Tinamou10.mp3
Brazilian Tinamou_sound/Brazilian Tinamou11,D:\other\Bird\Code\data\kaggle_wav_cache\Brazilian Tinamou_sound\Brazilian Tinamou11.wav,Brazilian Tinamou_sound,15,11.38344671201814,train,D:\other\Bird\Dataset\CC0\Brazilian Tinamou_sound\Brazilian Tinamou11.mp3
Brazilian Tinamou_sound/Brazilian Tinamou12,D:\other\Bird\Code\data\kaggle_wav_cache\Brazilian Tinamou_sound\Brazilian Tinamou12.wav,Brazilian Tinamou_sound,15,11.38344671201814,train,D:\other\Bird\Dataset\CC0\Brazilian Tinamou_sound\Brazilian Tinamou12.mp3
Brazilian Tinamou_sound/Brazilian Tinamou13,D:\other\Bird\Code\data\kaggle_wav_cache\Brazilian Tinamou_sound\Brazilian Tinamou13.wav,Brazilian Tinamou_sound,15,11.38344671201814,train,D:\other\Bird\Dataset\CC0\Brazilian Tinamou_sound\Brazilian Tinamou13.mp3
Brazilian Tinamou_sound/Brazilian Tinamou14,D:\other\Bird\Code\data\kaggle_wav_cache\Brazilian Tinamou_sound\Brazilian Tinamou14.wav,Brazilian Tinamou_sound,15,143.5644671201814,train,D:\other\Bird\Dataset\CC0\Brazilian Tinamou_sound\Brazilian Tinamou14.mp3
Brazilian Tinamou_sound/Brazilian Tinamou15,D:\other\Bird\Code\data\kaggle_wav_cache\Brazilian Tinamou_sound\Brazilian Tinamou15.wav,Brazilian Tinamou_sound,15,44.17448979591837,train,D:\other\Bird\Dataset\CC0\Brazilian Tinamou_sound\Brazilian Tinamou15.mp3
Brazilian Tinamou_sound/Brazilian Tinamou16,D:\other\Bird\Code\data\kaggle_wav_cache\Brazilian Tinamou_sound\Brazilian Tinamou16.wav,Brazilian Tinamou_sound,15,84.19013605442177,val,D:\other\Bird\Dataset\CC0\Brazilian Tinamou_sound\Brazilian Tinamou16.mp3
Brazilian Tinamou_sound/Brazilian Tinamou17,D:\other\Bird\Code\data\kaggle_wav_cache\Brazilian Tinamou_sound\Brazilian Tinamou17.wav,Brazilian Tinamou_sound,15,84.19013605442177,train,D:\other\Bird\Dataset\CC0\Brazilian Tinamou_sound\Brazilian Tinamou17.mp3
Brazilian Tinamou_sound/Brazilian Tinamou18,D:\other\Bird\Code\data\kaggle_wav_cache\Brazilian Tinamou_sound\Brazilian Tinamou18.wav,Brazilian Tinamou_sound,15,150.18687074829933,train,D:\other\Bird\Dataset\CC0\Brazilian Tinamou_sound\Brazilian Tinamou18.mp3
Brazilian Tinamou_sound/Brazilian Tinamou19,D:\other\Bird\Code\data\kaggle_wav_cache\Brazilian Tinamou_sound\Brazilian Tinamou19.wav,Brazilian Tinamou_sound,15,78.12222222222222,train,D:\other\Bird\Dataset\CC0\Brazilian Tinamou_sound\Brazilian Tinamou19.mp3
Brazilian Tinamou_sound/Brazilian Tinamou2,D:\other\Bird\Code\data\kaggle_wav_cache\Brazilian Tinamou_sound\Brazilian Tinamou2.wav,Brazilian Tinamou_sound,15,1.397437641723356,test,D:\other\Bird\Dataset\CC0\Brazilian Tinamou_sound\Brazilian Tinamou2.mp3
Brazilian Tinamou_sound/Brazilian Tinamou20,D:\other\Bird\Code\data\kaggle_wav_cache\Brazilian Tinamou_sound\Brazilian Tinamou20.wav,Brazilian Tinamou_sound,15,102.14600907029478,train,D:\other\Bird\Dataset\CC0\Brazilian Tinamou_sound\Brazilian Tinamou20.mp3
Brazilian Tinamou_sound/Brazilian Tinamou21,D:\other\Bird\Code\data\kaggle_wav_cache\Brazilian Tinamou_sound\Brazilian Tinamou21.wav,Brazilian Tinamou_sound,15,102.14600907029478,train,D:\other\Bird\Dataset\CC0\Brazilian Tinamou_sound\Brazilian Tinamou21.mp3
Brazilian Tinamou_sound/Brazilian Tinamou22,D:\other\Bird\Code\data\kaggle_wav_cache\Brazilian Tinamou_sound\Brazilian Tinamou22.wav,Brazilian Tinamou_sound,15,111.28204166666669,val,D:\other\Bird\Dataset\CC0\Brazilian Tinamou_sound\Brazilian Tinamou22.mp3
Brazilian Tinamou_sound/Brazilian Tinamou23,D:\other\Bird\Code\data\kaggle_wav_cache\Brazilian Tinamou_sound\Brazilian Tinamou23.wav,Brazilian Tinamou_sound,15,180.75275,test,D:\other\Bird\Dataset\CC0\Brazilian Tinamou_sound\Brazilian Tinamou23.mp3
Brazilian Tinamou_sound/Brazilian Tinamou24,D:\other\Bird\Code\data\kaggle_wav_cache\Brazilian Tinamou_sound\Brazilian Tinamou24.wav,Brazilian Tinamou_sound,15,99.16609977324264,train,D:\other\Bird\Dataset\CC0\Brazilian Tinamou_sound\Brazilian Tinamou24.mp3
Brazilian Tinamou_sound/Brazilian Tinamou25,D:\other\Bird\Code\data\kaggle_wav_cache\Brazilian Tinamou_sound\Brazilian Tinamou25.wav,Brazilian Tinamou_sound,15,31.034104308390024,test,D:\other\Bird\Dataset\CC0\Brazilian Tinamou_sound\Brazilian Tinamou25.mp3
Brazilian Tinamou_sound/Brazilian Tinamou26,D:\other\Bird\Code\data\kaggle_wav_cache\Brazilian Tinamou_sound\Brazilian Tinamou26.wav,Brazilian Tinamou_sound,15,71.70285714285714,train,D:\other\Bird\Dataset\CC0\Brazilian Tinamou_sound\Brazilian Tinamou26.mp3
Brazilian Tinamou_sound/Brazilian Tinamou27,D:\other\Bird\Code\data\kaggle_wav_cache\Brazilian Tinamou_sound\Brazilian Tinamou27.wav,Brazilian Tinamou_sound,15,127.549410430839,val,D:\other\Bird\Dataset\CC0\Brazilian Tinamou_sound\Brazilian Tinamou27.mp3
Brazilian Tinamou_sound/Brazilian Tinamou28,D:\other\Bird\Code\data\kaggle_wav_cache\Brazilian Tinamou_sound\Brazilian Tinamou28.wav,Brazilian Tinamou_sound,15,127.549410430839,train,D:\other\Bird\Dataset\CC0\Brazilian Tinamou_sound\Brazilian Tinamou28.mp3
Brazilian Tinamou_sound/Brazilian Tinamou29,D:\other\Bird\Code\data\kaggle_wav_cache\Brazilian Tinamou_sound\Brazilian Tinamou29.wav,Brazilian Tinamou_sound,15,57.26451247165533,train,D:\other\Bird\Dataset\CC0\Brazilian Tinamou_sound\Brazilian Tinamou29.mp3
Brazilian Tinamou_sound/Brazilian Tinamou3,D:\other\Bird\Code\data\kaggle_wav_cache\Brazilian Tinamou_sound\Brazilian Tinamou3.wav,Brazilian Tinamou_sound,15,6.749455782312925,train,D:\other\Bird\Dataset\CC0\Brazilian Tinamou_sound\Brazilian Tinamou3.mp3
Brazilian Tinamou_sound/Brazilian Tinamou30,D:\other\Bird\Code\data\kaggle_wav_cache\Brazilian Tinamou_sound\Brazilian Tinamou30.wav,Brazilian Tinamou_sound,15,57.26451247165533,train,D:\other\Bird\Dataset\CC0\Brazilian Tinamou_sound\Brazilian Tinamou30.mp3
Brazilian Tinamou_sound/Brazilian Tinamou31,D:\other\Bird\Code\data\kaggle_wav_cache\Brazilian Tinamou_sound\Brazilian Tinamou31.wav,Brazilian Tinamou_sound,15,57.26451247165533,train,D:\other\Bird\Dataset\CC0\Brazilian Tinamou_sound\Brazilian Tinamou31.mp3
Brazilian Tinamou_sound/Brazilian Tinamou4,D:\other\Bird\Code\data\kaggle_wav_cache\Brazilian Tinamou_sound\Brazilian Tinamou4.wav,Brazilian Tinamou_sound,15,53.80360544217688,train,D:\other\Bird\Dataset\CC0\Brazilian Tinamou_sound\Brazilian Tinamou4.mp3
Brazilian Tinamou_sound/Brazilian Tinamou5,D:\other\Bird\Code\data\kaggle_wav_cache\Brazilian Tinamou_sound\Brazilian Tinamou5.wav,Brazilian Tinamou_sound,15,140.87297052154196,train,D:\other\Bird\Dataset\CC0\Brazilian Tinamou_sound\Brazilian Tinamou5.mp3
Brazilian Tinamou_sound/Brazilian Tinamou6,D:\other\Bird\Code\data\kaggle_wav_cache\Brazilian Tinamou_sound\Brazilian Tinamou6.wav,Brazilian Tinamou_sound,15,140.87297052154196,train,D:\other\Bird\Dataset\CC0\Brazilian Tinamou_sound\Brazilian Tinamou6.mp3
Brazilian Tinamou_sound/Brazilian Tinamou7,D:\other\Bird\Code\data\kaggle_wav_cache\Brazilian Tinamou_sound\Brazilian Tinamou7.wav,Brazilian Tinamou_sound,15,140.87297052154196,test,D:\other\Bird\Dataset\CC0\Brazilian Tinamou_sound\Brazilian Tinamou7.mp3
Brazilian Tinamou_sound/Brazilian Tinamou8,D:\other\Bird\Code\data\kaggle_wav_cache\Brazilian Tinamou_sound\Brazilian Tinamou8.wav,Brazilian Tinamou_sound,15,140.87297052154196,train,D:\other\Bird\Dataset\CC0\Brazilian Tinamou_sound\Brazilian Tinamou8.mp3
Brazilian Tinamou_sound/Brazilian Tinamou9,D:\other\Bird\Code\data\kaggle_wav_cache\Brazilian Tinamou_sound\Brazilian Tinamou9.wav,Brazilian Tinamou_sound,15,140.87297052154196,train,D:\other\Bird\Dataset\CC0\Brazilian Tinamou_sound\Brazilian Tinamou9.mp3
Brown Tinamou_sound/Brown Tinamou10,D:\other\Bird\Code\data\kaggle_wav_cache\Brown Tinamou_sound\Brown Tinamou10.wav,Brown Tinamou_sound,16,7.320090702947846,val,D:\other\Bird\Dataset\CC0\Brown Tinamou_sound\Brown Tinamou10.mp3
Brown Tinamou_sound/Brown Tinamou11,D:\other\Bird\Code\data\kaggle_wav_cache\Brown Tinamou_sound\Brown Tinamou11.wav,Brown Tinamou_sound,16,484.00691609977326,train,D:\other\Bird\Dataset\CC0\Brown Tinamou_sound\Brown Tinamou11.mp3
Brown Tinamou_sound/Brown Tinamou12,D:\other\Bird\Code\data\kaggle_wav_cache\Brown Tinamou_sound\Brown Tinamou12.wav,Brown Tinamou_sound,16,484.00691609977326,train,D:\other\Bird\Dataset\CC0\Brown Tinamou_sound\Brown Tinamou12.mp3
Brown Tinamou_sound/Brown Tinamou13,D:\other\Bird\Code\data\kaggle_wav_cache\Brown Tinamou_sound\Brown Tinamou13.wav,Brown Tinamou_sound,16,484.00691609977326,train,D:\other\Bird\Dataset\CC0\Brown Tinamou_sound\Brown Tinamou13.mp3
Brown Tinamou_sound/Brown Tinamou14,D:\other\Bird\Code\data\kaggle_wav_cache\Brown Tinamou_sound\Brown Tinamou14.wav,Brown Tinamou_sound,16,484.00691609977326,val,D:\other\Bird\Dataset\CC0\Brown Tinamou_sound\Brown Tinamou14.mp3
Brown Tinamou_sound/Brown Tinamou15,D:\other\Bird\Code\data\kaggle_wav_cache\Brown Tinamou_sound\Brown Tinamou15.wav,Brown Tinamou_sound,16,484.00691609977326,train,D:\other\Bird\Dataset\CC0\Brown Tinamou_sound\Brown Tinamou15.mp3
Brown Tinamou_sound/Brown Tinamou16,D:\other\Bird\Code\data\kaggle_wav_cache\Brown Tinamou_sound\Brown Tinamou16.wav,Brown Tinamou_sound,16,484.00691609977326,train,D:\other\Bird\Dataset\CC0\Brown Tinamou_sound\Brown Tinamou16.mp3
Brown Tinamou_sound/Brown Tinamou17,D:\other\Bird\Code\data\kaggle_wav_cache\Brown Tinamou_sound\Brown Tinamou17.wav,Brown Tinamou_sound,16,33.284,train,D:\other\Bird\Dataset\CC0\Brown Tinamou_sound\Brown Tinamou17.mp3
Brown Tinamou_sound/Brown Tinamou18,D:\other\Bird\Code\data\kaggle_wav_cache\Brown Tinamou_sound\Brown Tinamou18.wav,Brown Tinamou_sound,16,33.284,train,D:\other\Bird\Dataset\CC0\Brown Tinamou_sound\Brown Tinamou18.mp3
Brown Tinamou_sound/Brown Tinamou19,D:\other\Bird\Code\data\kaggle_wav_cache\Brown Tinamou_sound\Brown Tinamou19.wav,Brown Tinamou_sound,16,33.284,test,D:\other\Bird\Dataset\CC0\Brown Tinamou_sound\Brown Tinamou19.mp3
Brown Tinamou_sound/Brown Tinamou2,D:\other\Bird\Code\data\kaggle_wav_cache\Brown Tinamou_sound\Brown Tinamou2.wav,Brown Tinamou_sound,16,20.78475,train,D:\other\Bird\Dataset\CC0\Brown Tinamou_sound\Brown Tinamou2.mp3
Brown Tinamou_sound/Brown Tinamou20,D:\other\Bird\Code\data\kaggle_wav_cache\Brown Tinamou_sound\Brown Tinamou20.wav,Brown Tinamou_sound,16,33.284,train,D:\other\Bird\Dataset\CC0\Brown Tinamou_sound\Brown Tinamou20.mp3
Brown Tinamou_sound/Brown Tinamou21,D:\other\Bird\Code\data\kaggle_wav_cache\Brown Tinamou_sound\Brown Tinamou21.wav,Brown Tinamou_sound,16,206.89111111111112,train,D:\other\Bird\Dataset\CC0\Brown Tinamou_sound\Brown Tinamou21.mp3
Brown Tinamou_sound/Brown Tinamou22,D:\other\Bird\Code\data\kaggle_wav_cache\Brown Tinamou_sound\Brown Tinamou22.wav,Brown Tinamou_sound,16,204.62725623582767,train,D:\other\Bird\Dataset\CC0\Brown Tinamou_sound\Brown Tinamou22.mp3
Brown Tinamou_sound/Brown Tinamou23,D:\other\Bird\Code\data\kaggle_wav_cache\Brown Tinamou_sound\Brown Tinamou23.wav,Brown Tinamou_sound,16,65.84861678004535,train,D:\other\Bird\Dataset\CC0\Brown Tinamou_sound\Brown Tinamou23.mp3
Brown Tinamou_sound/Brown Tinamou24,D:\other\Bird\Code\data\kaggle_wav_cache\Brown Tinamou_sound\Brown Tinamou24.wav,Brown Tinamou_sound,16,26.34403628117914,train,D:\other\Bird\Dataset\CC0\Brown Tinamou_sound\Brown Tinamou24.mp3
Brown Tinamou_sound/Brown Tinamou25,D:\other\Bird\Code\data\kaggle_wav_cache\Brown Tinamou_sound\Brown Tinamou25.wav,Brown Tinamou_sound,16,26.34403628117914,val,D:\other\Bird\Dataset\CC0\Brown Tinamou_sound\Brown Tinamou25.mp3
Brown Tinamou_sound/Brown Tinamou26,D:\other\Bird\Code\data\kaggle_wav_cache\Brown Tinamou_sound\Brown Tinamou26.wav,Brown Tinamou_sound,16,26.34403628117914,train,D:\other\Bird\Dataset\CC0\Brown Tinamou_sound\Brown Tinamou26.mp3
Brown Tinamou_sound/Brown Tinamou27,D:\other\Bird\Code\data\kaggle_wav_cache\Brown Tinamou_sound\Brown Tinamou27.wav,Brown Tinamou_sound,16,26.34403628117914,train,D:\other\Bird\Dataset\CC0\Brown Tinamou_sound\Brown Tinamou27.mp3
Brown Tinamou_sound/Brown Tinamou28,D:\other\Bird\Code\data\kaggle_wav_cache\Brown Tinamou_sound\Brown Tinamou28.wav,Brown Tinamou_sound,16,100.302625,train,D:\other\Bird\Dataset\CC0\Brown Tinamou_sound\Brown Tinamou28.mp3
Brown Tinamou_sound/Brown Tinamou29,D:\other\Bird\Code\data\kaggle_wav_cache\Brown Tinamou_sound\Brown Tinamou29.wav,Brown Tinamou_sound,16,60.07579166666667,train,D:\other\Bird\Dataset\CC0\Brown Tinamou_sound\Brown Tinamou29.mp3
Brown Tinamou_sound/Brown Tinamou3,D:\other\Bird\Code\data\kaggle_wav_cache\Brown Tinamou_sound\Brown Tinamou3.wav,Brown Tinamou_sound,16,26.496770833333333,val,D:\other\Bird\Dataset\CC0\Brown Tinamou_sound\Brown Tinamou3.mp3
Brown Tinamou_sound/Brown Tinamou30,D:\other\Bird\Code\data\kaggle_wav_cache\Brown Tinamou_sound\Brown Tinamou30.wav,Brown Tinamou_sound,16,60.07579166666667,test,D:\other\Bird\Dataset\CC0\Brown Tinamou_sound\Brown Tinamou30.mp3
Brown Tinamou_sound/Brown Tinamou31,D:\other\Bird\Code\data\kaggle_wav_cache\Brown Tinamou_sound\Brown Tinamou31.wav,Brown Tinamou_sound,16,189.9821315192744,train,D:\other\Bird\Dataset\CC0\Brown Tinamou_sound\Brown Tinamou31.mp3
Brown Tinamou_sound/Brown Tinamou4,D:\other\Bird\Code\data\kaggle_wav_cache\Brown Tinamou_sound\Brown Tinamou4.wav,Brown Tinamou_sound,16,71.88077083333333,train,D:\other\Bird\Dataset\CC0\Brown Tinamou_sound\Brown Tinamou4.mp3
Brown Tinamou_sound/Brown Tinamou5,D:\other\Bird\Code\data\kaggle_wav_cache\Brown Tinamou_sound\Brown Tinamou5.wav,Brown Tinamou_sound,16,71.88077083333333,train,D:\other\Bird\Dataset\CC0\Brown Tinamou_sound\Brown Tinamou5.mp3
Brown Tinamou_sound/Brown Tinamou6,D:\other\Bird\Code\data\kaggle_wav_cache\Brown Tinamou_sound\Brown Tinamou6.wav,Brown Tinamou_sound,16,71.88077083333333,test,D:\other\Bird\Dataset\CC0\Brown Tinamou_sound\Brown Tinamou6.mp3
Brown Tinamou_sound/Brown Tinamou7,D:\other\Bird\Code\data\kaggle_wav_cache\Brown Tinamou_sound\Brown Tinamou7.wav,Brown Tinamou_sound,16,11.94,test,D:\other\Bird\Dataset\CC0\Brown Tinamou_sound\Brown Tinamou7.mp3
Brown Tinamou_sound/Brown Tinamou8,D:\other\Bird\Code\data\kaggle_wav_cache\Brown Tinamou_sound\Brown Tinamou8.wav,Brown Tinamou_sound,16,11.94,train,D:\other\Bird\Dataset\CC0\Brown Tinamou_sound\Brown Tinamou8.mp3
Brown Tinamou_sound/Brown Tinamou9,D:\other\Bird\Code\data\kaggle_wav_cache\Brown Tinamou_sound\Brown Tinamou9.wav,Brown Tinamou_sound,16,7.320090702947846,train,D:\other\Bird\Dataset\CC0\Brown Tinamou_sound\Brown Tinamou9.mp3
Brushland Tinamou_sound/Brushland Tinamou10,D:\other\Bird\Code\data\kaggle_wav_cache\Brushland Tinamou_sound\Brushland Tinamou10.wav,Brushland Tinamou_sound,17,34.15120181405896,train,D:\other\Bird\Dataset\CC0\Brushland Tinamou_sound\Brushland Tinamou10.mp3
Brushland Tinamou_sound/Brushland Tinamou11,D:\other\Bird\Code\data\kaggle_wav_cache\Brushland Tinamou_sound\Brushland Tinamou11.wav,Brushland Tinamou_sound,17,34.15120181405896,train,D:\other\Bird\Dataset\CC0\Brushland Tinamou_sound\Brushland Tinamou11.mp3
Brushland Tinamou_sound/Brushland Tinamou12,D:\other\Bird\Code\data\kaggle_wav_cache\Brushland Tinamou_sound\Brushland Tinamou12.wav,Brushland Tinamou_sound,17,34.15120181405896,train,D:\other\Bird\Dataset\CC0\Brushland Tinamou_sound\Brushland Tinamou12.mp3
Brushland Tinamou_sound/Brushland Tinamou13,D:\other\Bird\Code\data\kaggle_wav_cache\Brushland Tinamou_sound\Brushland Tinamou13.wav,Brushland Tinamou_sound,17,34.15120181405896,train,D:\other\Bird\Dataset\CC0\Brushland Tinamou_sound\Brushland Tinamou13.mp3
Brushland Tinamou_sound/Brushland Tinamou14,D:\other\Bird\Code\data\kaggle_wav_cache\Brushland Tinamou_sound\Brushland Tinamou14.wav,Brushland Tinamou_sound,17,34.15120181405896,test,D:\other\Bird\Dataset\CC0\Brushland Tinamou_sound\Brushland Tinamou14.mp3
Brushland Tinamou_sound/Brushland Tinamou15,D:\other\Bird\Code\data\kaggle_wav_cache\Brushland Tinamou_sound\Brushland Tinamou15.wav,Brushland Tinamou_sound,17,44.175291666666666,train,D:\other\Bird\Dataset\CC0\Brushland Tinamou_sound\Brushland Tinamou15.mp3
Brushland Tinamou_sound/Brushland Tinamou16,D:\other\Bird\Code\data\kaggle_wav_cache\Brushland Tinamou_sound\Brushland Tinamou16.wav,Brushland Tinamou_sound,17,66.3307709750567,val,D:\other\Bird\Dataset\CC0\Brushland Tinamou_sound\Brushland Tinamou16.mp3
Brushland Tinamou_sound/Brushland Tinamou17,D:\other\Bird\Code\data\kaggle_wav_cache\Brushland Tinamou_sound\Brushland Tinamou17.wav,Brushland Tinamou_sound,17,84.25412698412698,train,D:\other\Bird\Dataset\CC0\Brushland Tinamou_sound\Brushland Tinamou17.mp3
Brushland Tinamou_sound/Brushland Tinamou18,D:\other\Bird\Code\data\kaggle_wav_cache\Brushland Tinamou_sound\Brushland Tinamou18.wav,Brushland Tinamou_sound,17,47.18650793650794,train,D:\other\Bird\Dataset\CC0\Brushland Tinamou_sound\Brushland Tinamou18.mp3
Brushland Tinamou_sound/Brushland Tinamou19,D:\other\Bird\Code\data\kaggle_wav_cache\Brushland Tinamou_sound\Brushland Tinamou19.wav,Brushland Tinamou_sound,17,47.18650793650794,train,D:\other\Bird\Dataset\CC0\Brushland Tinamou_sound\Brushland Tinamou19.mp3
Brushland Tinamou_sound/Brushland Tinamou2,D:\other\Bird\Code\data\kaggle_wav_cache\Brushland Tinamou_sound\Brushland Tinamou2.wav,Brushland Tinamou_sound,17,3.112063492063492,val,D:\other\Bird\Dataset\CC0\Brushland Tinamou_sound\Brushland Tinamou2.mp3
Brushland Tinamou_sound/Brushland Tinamou20,D:\other\Bird\Code\data\kaggle_wav_cache\Brushland Tinamou_sound\Brushland Tinamou20.wav,Brushland Tinamou_sound,17,47.18650793650794,train,D:\other\Bird\Dataset\CC0\Brushland Tinamou_sound\Brushland Tinamou20.mp3
Brushland Tinamou_sound/Brushland Tinamou21,D:\other\Bird\Code\data\kaggle_wav_cache\Brushland Tinamou_sound\Brushland Tinamou21.wav,Brushland Tinamou_sound,17,47.18650793650794,val,D:\other\Bird\Dataset\CC0\Brushland Tinamou_sound\Brushland Tinamou21.mp3
Brushland Tinamou_sound/Brushland Tinamou22,D:\other\Bird\Code\data\kaggle_wav_cache\Brushland Tinamou_sound\Brushland Tinamou22.wav,Brushland Tinamou_sound,17,47.18650793650794,train,D:\other\Bird\Dataset\CC0\Brushland Tinamou_sound\Brushland Tinamou22.mp3
Brushland Tinamou_sound/Brushland Tinamou23,D:\other\Bird\Code\data\kaggle_wav_cache\Brushland Tinamou_sound\Brushland Tinamou23.wav,Brushland Tinamou_sound,17,18.996643990929705,train,D:\other\Bird\Dataset\CC0\Brushland Tinamou_sound\Brushland Tinamou23.mp3
Brushland Tinamou_sound/Brushland Tinamou24,D:\other\Bird\Code\data\kaggle_wav_cache\Brushland Tinamou_sound\Brushland Tinamou24.wav,Brushland Tinamou_sound,17,18.996643990929705,train,D:\other\Bird\Dataset\CC0\Brushland Tinamou_sound\Brushland Tinamou24.mp3
Brushland Tinamou_sound/Brushland Tinamou25,D:\other\Bird\Code\data\kaggle_wav_cache\Brushland Tinamou_sound\Brushland Tinamou25.wav,Brushland Tinamou_sound,17,18.996643990929705,test,D:\other\Bird\Dataset\CC0\Brushland Tinamou_sound\Brushland Tinamou25.mp3
Brushland Tinamou_sound/Brushland Tinamou26,D:\other\Bird\Code\data\kaggle_wav_cache\Brushland Tinamou_sound\Brushland Tinamou26.wav,Brushland Tinamou_sound,17,18.996643990929705,train,D:\other\Bird\Dataset\CC0\Brushland Tinamou_sound\Brushland Tinamou26.mp3
Brushland Tinamou_sound/Brushland Tinamou27,D:\other\Bird\Code\data\kaggle_wav_cache\Brushland Tinamou_sound\Brushland Tinamou27.wav,Brushland Tinamou_sound,17,18.996643990929705,test,D:\other\Bird\Dataset\CC0\Brushland Tinamou_sound\Brushland Tinamou27.mp3
Brushland Tinamou_sound/Brushland Tinamou3,D:\other\Bird\Code\data\kaggle_wav_cache\Brushland Tinamou_sound\Brushland Tinamou3.wav,Brushland Tinamou_sound,17,3.112063492063492,train,D:\other\Bird\Dataset\CC0\Brushland Tinamou_sound\Brushland Tinamou3.mp3
Brushland Tinamou_sound/Brushland Tinamou4,D:\other\Bird\Code\data\kaggle_wav_cache\Brushland Tinamou_sound\Brushland Tinamou4.wav,Brushland Tinamou_sound,17,20.30739229024943,val,D:\other\Bird\Dataset\CC0\Brushland Tinamou_sound\Brushland Tinamou4.mp3
Brushland Tinamou_sound/Brushland Tinamou5,D:\other\Bird\Code\data\kaggle_wav_cache\Brushland Tinamou_sound\Brushland Tinamou5.wav,Brushland Tinamou_sound,17,20.30739229024943,train,D:\other\Bird\Dataset\CC0\Brushland Tinamou_sound\Brushland Tinamou5.mp3
Brushland Tinamou_sound/Brushland Tinamou6,D:\other\Bird\Code\data\kaggle_wav_cache\Brushland Tinamou_sound\Brushland Tinamou6.wav,Brushland Tinamou_sound,17,34.15120181405896,train,D:\other\Bird\Dataset\CC0\Brushland Tinamou_sound\Brushland Tinamou6.mp3
Brushland Tinamou_sound/Brushland Tinamou7,D:\other\Bird\Code\data\kaggle_wav_cache\Brushland Tinamou_sound\Brushland Tinamou7.wav,Brushland Tinamou_sound,17,34.15120181405896,test,D:\other\Bird\Dataset\CC0\Brushland Tinamou_sound\Brushland Tinamou7.mp3
Brushland Tinamou_sound/Brushland Tinamou8,D:\other\Bird\Code\data\kaggle_wav_cache\Brushland Tinamou_sound\Brushland Tinamou8.wav,Brushland Tinamou_sound,17,34.15120181405896,train,D:\other\Bird\Dataset\CC0\Brushland Tinamou_sound\Brushland Tinamou8.mp3
Brushland Tinamou_sound/Brushland Tinamou9,D:\other\Bird\Code\data\kaggle_wav_cache\Brushland Tinamou_sound\Brushland Tinamou9.wav,Brushland Tinamou_sound,17,34.15120181405896,train,D:\other\Bird\Dataset\CC0\Brushland Tinamou_sound\Brushland Tinamou9.mp3
Buff-browed Chachalaca_sound/Buff-browed Chachalaca10,D:\other\Bird\Code\data\kaggle_wav_cache\Buff-browed Chachalaca_sound\Buff-browed Chachalaca10.wav,Buff-browed Chachalaca_sound,18,31.461972789115645,val,D:\other\Bird\Dataset\CC0\Buff-browed Chachalaca_sound\Buff-browed Chachalaca10.mp3
Buff-browed Chachalaca_sound/Buff-browed Chachalaca11,D:\other\Bird\Code\data\kaggle_wav_cache\Buff-browed Chachalaca_sound\Buff-browed Chachalaca11.wav,Buff-browed Chachalaca_sound,18,70.98895691609977,train,D:\other\Bird\Dataset\CC0\Buff-browed Chachalaca_sound\Buff-browed Chachalaca11.mp3
Buff-browed Chachalaca_sound/Buff-browed Chachalaca2,D:\other\Bird\Code\data\kaggle_wav_cache\Buff-browed Chachalaca_sound\Buff-browed Chachalaca2.wav,Buff-browed Chachalaca_sound,18,19.209138321995464,train,D:\other\Bird\Dataset\CC0\Buff-browed Chachalaca_sound\Buff-browed Chachalaca2.mp3
Buff-browed Chachalaca_sound/Buff-browed Chachalaca3,D:\other\Bird\Code\data\kaggle_wav_cache\Buff-browed Chachalaca_sound\Buff-browed Chachalaca3.wav,Buff-browed Chachalaca_sound,18,19.209138321995464,train,D:\other\Bird\Dataset\CC0\Buff-browed Chachalaca_sound\Buff-browed Chachalaca3.mp3
Buff-browed Chachalaca_sound/Buff-browed Chachalaca4,D:\other\Bird\Code\data\kaggle_wav_cache\Buff-browed Chachalaca_sound\Buff-browed Chachalaca4.wav,Buff-browed Chachalaca_sound,18,19.209138321995464,train,D:\other\Bird\Dataset\CC0\Buff-browed Chachalaca_sound\Buff-browed Chachalaca4.mp3
Buff-browed Chachalaca_sound/Buff-browed Chachalaca5,D:\other\Bird\Code\data\kaggle_wav_cache\Buff-browed Chachalaca_sound\Buff-browed Chachalaca5.wav,Buff-browed Chachalaca_sound,18,6.7598125,test,D:\other\Bird\Dataset\CC0\Buff-browed Chachalaca_sound\Buff-browed Chachalaca5.mp3
Buff-browed Chachalaca_sound/Buff-browed Chachalaca6,D:\other\Bird\Code\data\kaggle_wav_cache\Buff-browed Chachalaca_sound\Buff-browed Chachalaca6.wav,Buff-browed Chachalaca_sound,18,10.240291666666666,val,D:\other\Bird\Dataset\CC0\Buff-browed Chachalaca_sound\Buff-browed Chachalaca6.mp3
Buff-browed Chachalaca_sound/Buff-browed Chachalaca7,D:\other\Bird\Code\data\kaggle_wav_cache\Buff-browed Chachalaca_sound\Buff-browed Chachalaca7.wav,Buff-browed Chachalaca_sound,18,10.240291666666666,test,D:\other\Bird\Dataset\CC0\Buff-browed Chachalaca_sound\Buff-browed Chachalaca7.mp3
Buff-browed Chachalaca_sound/Buff-browed Chachalaca8,D:\other\Bird\Code\data\kaggle_wav_cache\Buff-browed Chachalaca_sound\Buff-browed Chachalaca8.wav,Buff-browed Chachalaca_sound,18,62.546621315192745,train,D:\other\Bird\Dataset\CC0\Buff-browed Chachalaca_sound\Buff-browed Chachalaca8.mp3
Buff-browed Chachalaca_sound/Buff-browed Chachalaca9,D:\other\Bird\Code\data\kaggle_wav_cache\Buff-browed Chachalaca_sound\Buff-browed Chachalaca9.wav,Buff-browed Chachalaca_sound,18,31.461972789115645,train,D:\other\Bird\Dataset\CC0\Buff-browed Chachalaca_sound\Buff-browed Chachalaca9.mp3
Cauca Guan_sound/Cauca Guan10,D:\other\Bird\Code\data\kaggle_wav_cache\Cauca Guan_sound\Cauca Guan10.wav,Cauca Guan_sound,19,18.07170068027211,train,D:\other\Bird\Dataset\CC0\Cauca Guan_sound\Cauca Guan10.mp3
Cauca Guan_sound/Cauca Guan11,D:\other\Bird\Code\data\kaggle_wav_cache\Cauca Guan_sound\Cauca Guan11.wav,Cauca Guan_sound,19,18.07170068027211,train,D:\other\Bird\Dataset\CC0\Cauca Guan_sound\Cauca Guan11.mp3
Cauca Guan_sound/Cauca Guan12,D:\other\Bird\Code\data\kaggle_wav_cache\Cauca Guan_sound\Cauca Guan12.wav,Cauca Guan_sound,19,18.07170068027211,train,D:\other\Bird\Dataset\CC0\Cauca Guan_sound\Cauca Guan12.mp3
Cauca Guan_sound/Cauca Guan13,D:\other\Bird\Code\data\kaggle_wav_cache\Cauca Guan_sound\Cauca Guan13.wav,Cauca Guan_sound,19,18.07170068027211,val,D:\other\Bird\Dataset\CC0\Cauca Guan_sound\Cauca Guan13.mp3
Cauca Guan_sound/Cauca Guan14,D:\other\Bird\Code\data\kaggle_wav_cache\Cauca Guan_sound\Cauca Guan14.wav,Cauca Guan_sound,19,269.8130839002268,train,D:\other\Bird\Dataset\CC0\Cauca Guan_sound\Cauca Guan14.mp3
Cauca Guan_sound/Cauca Guan15,D:\other\Bird\Code\data\kaggle_wav_cache\Cauca Guan_sound\Cauca Guan15.wav,Cauca Guan_sound,19,155.40154195011337,train,D:\other\Bird\Dataset\CC0\Cauca Guan_sound\Cauca Guan15.mp3
Cauca Guan_sound/Cauca Guan16,D:\other\Bird\Code\data\kaggle_wav_cache\Cauca Guan_sound\Cauca Guan16.wav,Cauca Guan_sound,19,701.6711111111111,train,D:\other\Bird\Dataset\CC0\Cauca Guan_sound\Cauca Guan16.mp3
Cauca Guan_sound/Cauca Guan17,D:\other\Bird\Code\data\kaggle_wav_cache\Cauca Guan_sound\Cauca Guan17.wav,Cauca Guan_sound,19,94.82916099773244,train,D:\other\Bird\Dataset\CC0\Cauca Guan_sound\Cauca Guan17.mp3
Cauca Guan_sound/Cauca Guan18,D:\other\Bird\Code\data\kaggle_wav_cache\Cauca Guan_sound\Cauca Guan18.wav,Cauca Guan_sound,19,76.299410430839,train,D:\other\Bird\Dataset\CC0\Cauca Guan_sound\Cauca Guan18.mp3
Cauca Guan_sound/Cauca Guan19,D:\other\Bird\Code\data\kaggle_wav_cache\Cauca Guan_sound\Cauca Guan19.wav,Cauca Guan_sound,19,157.65,train,D:\other\Bird\Dataset\CC0\Cauca Guan_sound\Cauca Guan19.mp3
Cauca Guan_sound/Cauca Guan2,D:\other\Bird\Code\data\kaggle_wav_cache\Cauca Guan_sound\Cauca Guan2.wav,Cauca Guan_sound,19,116.41473922902496,train,D:\other\Bird\Dataset\CC0\Cauca Guan_sound\Cauca Guan2.mp3
Cauca Guan_sound/Cauca Guan20,D:\other\Bird\Code\data\kaggle_wav_cache\Cauca Guan_sound\Cauca Guan20.wav,Cauca Guan_sound,19,613.244149659864,train,D:\other\Bird\Dataset\CC0\Cauca Guan_sound\Cauca Guan20.mp3
Cauca Guan_sound/Cauca Guan21,D:\other\Bird\Code\data\kaggle_wav_cache\Cauca Guan_sound\Cauca Guan21.wav,Cauca Guan_sound,19,93.50145124716552,train,D:\other\Bird\Dataset\CC0\Cauca Guan_sound\Cauca Guan21.mp3
Cauca Guan_sound/Cauca Guan22,D:\other\Bird\Code\data\kaggle_wav_cache\Cauca Guan_sound\Cauca Guan22.wav,Cauca Guan_sound,19,237.33231292517007,train,D:\other\Bird\Dataset\CC0\Cauca Guan_sound\Cauca Guan22.mp3
Cauca Guan_sound/Cauca Guan23,D:\other\Bird\Code\data\kaggle_wav_cache\Cauca Guan_sound\Cauca Guan23.wav,Cauca Guan_sound,19,24.36004535147392,train,D:\other\Bird\Dataset\CC0\Cauca Guan_sound\Cauca Guan23.mp3
Cauca Guan_sound/Cauca Guan24,D:\other\Bird\Code\data\kaggle_wav_cache\Cauca Guan_sound\Cauca Guan24.wav,Cauca Guan_sound,19,168.49292517006802,train,D:\other\Bird\Dataset\CC0\Cauca Guan_sound\Cauca Guan24.mp3
Cauca Guan_sound/Cauca Guan25,D:\other\Bird\Code\data\kaggle_wav_cache\Cauca Guan_sound\Cauca Guan25.wav,Cauca Guan_sound,19,168.49292517006802,train,D:\other\Bird\Dataset\CC0\Cauca Guan_sound\Cauca Guan25.mp3
Cauca Guan_sound/Cauca Guan26,D:\other\Bird\Code\data\kaggle_wav_cache\Cauca Guan_sound\Cauca Guan26.wav,Cauca Guan_sound,19,285.3109297052154,test,D:\other\Bird\Dataset\CC0\Cauca Guan_sound\Cauca Guan26.mp3
Cauca Guan_sound/Cauca Guan27,D:\other\Bird\Code\data\kaggle_wav_cache\Cauca Guan_sound\Cauca Guan27.wav,Cauca Guan_sound,19,285.3109297052154,test,D:\other\Bird\Dataset\CC0\Cauca Guan_sound\Cauca Guan27.mp3
Cauca Guan_sound/Cauca Guan28,D:\other\Bird\Code\data\kaggle_wav_cache\Cauca Guan_sound\Cauca Guan28.wav,Cauca Guan_sound,19,285.3109297052154,val,D:\other\Bird\Dataset\CC0\Cauca Guan_sound\Cauca Guan28.mp3
Cauca Guan_sound/Cauca Guan29,D:\other\Bird\Code\data\kaggle_wav_cache\Cauca Guan_sound\Cauca Guan29.wav,Cauca Guan_sound,19,285.3109297052154,train,D:\other\Bird\Dataset\CC0\Cauca Guan_sound\Cauca Guan29.mp3
Cauca Guan_sound/Cauca Guan3,D:\other\Bird\Code\data\kaggle_wav_cache\Cauca Guan_sound\Cauca Guan3.wav,Cauca Guan_sound,19,105.46002267573697,train,D:\other\Bird\Dataset\CC0\Cauca Guan_sound\Cauca Guan3.mp3
Cauca Guan_sound/Cauca Guan30,D:\other\Bird\Code\data\kaggle_wav_cache\Cauca Guan_sound\Cauca Guan30.wav,Cauca Guan_sound,19,285.3109297052154,train,D:\other\Bird\Dataset\CC0\Cauca Guan_sound\Cauca Guan30.mp3
Cauca Guan_sound/Cauca Guan31,D:\other\Bird\Code\data\kaggle_wav_cache\Cauca Guan_sound\Cauca Guan31.wav,Cauca Guan_sound,19,285.3109297052154,test,D:\other\Bird\Dataset\CC0\Cauca Guan_sound\Cauca Guan31.mp3
Cauca Guan_sound/Cauca Guan4,D:\other\Bird\Code\data\kaggle_wav_cache\Cauca Guan_sound\Cauca Guan4.wav,Cauca Guan_sound,19,38.99965986394558,train,D:\other\Bird\Dataset\CC0\Cauca Guan_sound\Cauca Guan4.mp3
Cauca Guan_sound/Cauca Guan5,D:\other\Bird\Code\data\kaggle_wav_cache\Cauca Guan_sound\Cauca Guan5.wav,Cauca Guan_sound,19,30.42546485260771,val,D:\other\Bird\Dataset\CC0\Cauca Guan_sound\Cauca Guan5.mp3
Cauca Guan_sound/Cauca Guan6,D:\other\Bird\Code\data\kaggle_wav_cache\Cauca Guan_sound\Cauca Guan6.wav,Cauca Guan_sound,19,79.6758276643991,train,D:\other\Bird\Dataset\CC0\Cauca Guan_sound\Cauca Guan6.mp3
Cauca Guan_sound/Cauca Guan7,D:\other\Bird\Code\data\kaggle_wav_cache\Cauca Guan_sound\Cauca Guan7.wav,Cauca Guan_sound,19,18.07170068027211,test,D:\other\Bird\Dataset\CC0\Cauca Guan_sound\Cauca Guan7.mp3
Cauca Guan_sound/Cauca Guan8,D:\other\Bird\Code\data\kaggle_wav_cache\Cauca Guan_sound\Cauca Guan8.wav,Cauca Guan_sound,19,18.07170068027211,val,D:\other\Bird\Dataset\CC0\Cauca Guan_sound\Cauca Guan8.mp3
Cauca Guan_sound/Cauca Guan9,D:\other\Bird\Code\data\kaggle_wav_cache\Cauca Guan_sound\Cauca Guan9.wav,Cauca Guan_sound,19,18.07170068027211,train,D:\other\Bird\Dataset\CC0\Cauca Guan_sound\Cauca Guan9.mp3
Chaco Chachalaca_sound/Chaco Chachalaca10,D:\other\Bird\Code\data\kaggle_wav_cache\Chaco Chachalaca_sound\Chaco Chachalaca10.wav,Chaco Chachalaca_sound,20,37.437,train,D:\other\Bird\Dataset\CC0\Chaco Chachalaca_sound\Chaco Chachalaca10.mp3
Chaco Chachalaca_sound/Chaco Chachalaca11,D:\other\Bird\Code\data\kaggle_wav_cache\Chaco Chachalaca_sound\Chaco Chachalaca11.wav,Chaco Chachalaca_sound,20,37.437,train,D:\other\Bird\Dataset\CC0\Chaco Chachalaca_sound\Chaco Chachalaca11.mp3
Chaco Chachalaca_sound/Chaco Chachalaca12,D:\other\Bird\Code\data\kaggle_wav_cache\Chaco Chachalaca_sound\Chaco Chachalaca12.wav,Chaco Chachalaca_sound,20,73.71609977324263,test,D:\other\Bird\Dataset\CC0\Chaco Chachalaca_sound\Chaco Chachalaca12.mp3
Chaco Chachalaca_sound/Chaco Chachalaca13,D:\other\Bird\Code\data\kaggle_wav_cache\Chaco Chachalaca_sound\Chaco Chachalaca13.wav,Chaco Chachalaca_sound,20,121.51530612244898,train,D:\other\Bird\Dataset\CC0\Chaco Chachalaca_sound\Chaco Chachalaca13.mp3
Chaco Chachalaca_sound/Chaco Chachalaca14,D:\other\Bird\Code\data\kaggle_wav_cache\Chaco Chachalaca_sound\Chaco Chachalaca14.wav,Chaco Chachalaca_sound,20,121.51530612244898,train,D:\other\Bird\Dataset\CC0\Chaco Chachalaca_sound\Chaco Chachalaca14.mp3
Chaco Chachalaca_sound/Chaco Chachalaca15,D:\other\Bird\Code\data\kaggle_wav_cache\Chaco Chachalaca_sound\Chaco Chachalaca15.wav,Chaco Chachalaca_sound,20,97.45066666666666,train,D:\other\Bird\Dataset\CC0\Chaco Chachalaca_sound\Chaco Chachalaca15.mp3
Chaco Chachalaca_sound/Chaco Chachalaca16,D:\other\Bird\Code\data\kaggle_wav_cache\Chaco Chachalaca_sound\Chaco Chachalaca16.wav,Chaco Chachalaca_sound,20,97.45066666666666,train,D:\other\Bird\Dataset\CC0\Chaco Chachalaca_sound\Chaco Chachalaca16.mp3
Chaco Chachalaca_sound/Chaco Chachalaca17,D:\other\Bird\Code\data\kaggle_wav_cache\Chaco Chachalaca_sound\Chaco Chachalaca17.wav,Chaco Chachalaca_sound,20,97.45066666666666,train,D:\other\Bird\Dataset\CC0\Chaco Chachalaca_sound\Chaco Chachalaca17.mp3
Chaco Chachalaca_sound/Chaco Chachalaca18,D:\other\Bird\Code\data\kaggle_wav_cache\Chaco Chachalaca_sound\Chaco Chachalaca18.wav,Chaco Chachalaca_sound,20,97.45066666666666,train,D:\other\Bird\Dataset\CC0\Chaco Chachalaca_sound\Chaco Chachalaca18.mp3
Chaco Chachalaca_sound/Chaco Chachalaca19,D:\other\Bird\Code\data\kaggle_wav_cache\Chaco Chachalaca_sound\Chaco Chachalaca19.wav,Chaco Chachalaca_sound,20,639.098820861678,train,D:\other\Bird\Dataset\CC0\Chaco Chachalaca_sound\Chaco Chachalaca19.mp3
Chaco Chachalaca_sound/Chaco Chachalaca2,D:\other\Bird\Code\data\kaggle_wav_cache\Chaco Chachalaca_sound\Chaco Chachalaca2.wav,Chaco Chachalaca_sound,20,25.16503401360544,train,D:\other\Bird\Dataset\CC0\Chaco Chachalaca_sound\Chaco Chachalaca2.mp3
Chaco Chachalaca_sound/Chaco Chachalaca20,D:\other\Bird\Code\data\kaggle_wav_cache\Chaco Chachalaca_sound\Chaco Chachalaca20.wav,Chaco Chachalaca_sound,20,639.098820861678,val,D:\other\Bird\Dataset\CC0\Chaco Chachalaca_sound\Chaco Chachalaca20.mp3
Chaco Chachalaca_sound/Chaco Chachalaca21,D:\other\Bird\Code\data\kaggle_wav_cache\Chaco Chachalaca_sound\Chaco Chachalaca21.wav,Chaco Chachalaca_sound,20,639.098820861678,train,D:\other\Bird\Dataset\CC0\Chaco Chachalaca_sound\Chaco Chachalaca21.mp3
Chaco Chachalaca_sound/Chaco Chachalaca22,D:\other\Bird\Code\data\kaggle_wav_cache\Chaco Chachalaca_sound\Chaco Chachalaca22.wav,Chaco Chachalaca_sound,20,14.373242630385487,train,D:\other\Bird\Dataset\CC0\Chaco Chachalaca_sound\Chaco Chachalaca22.mp3
Chaco Chachalaca_sound/Chaco Chachalaca23,D:\other\Bird\Code\data\kaggle_wav_cache\Chaco Chachalaca_sound\Chaco Chachalaca23.wav,Chaco Chachalaca_sound,20,14.373242630385487,train,D:\other\Bird\Dataset\CC0\Chaco Chachalaca_sound\Chaco Chachalaca23.mp3
Chaco Chachalaca_sound/Chaco Chachalaca24,D:\other\Bird\Code\data\kaggle_wav_cache\Chaco Chachalaca_sound\Chaco Chachalaca24.wav,Chaco Chachalaca_sound,20,14.373242630385487,train,D:\other\Bird\Dataset\CC0\Chaco Chachalaca_sound\Chaco Chachalaca24.mp3
Chaco Chachalaca_sound/Chaco Chachalaca25,D:\other\Bird\Code\data\kaggle_wav_cache\Chaco Chachalaca_sound\Chaco Chachalaca25.wav,Chaco Chachalaca_sound,20,14.373242630385487,test,D:\other\Bird\Dataset\CC0\Chaco Chachalaca_sound\Chaco Chachalaca25.mp3
Chaco Chachalaca_sound/Chaco Chachalaca26,D:\other\Bird\Code\data\kaggle_wav_cache\Chaco Chachalaca_sound\Chaco Chachalaca26.wav,Chaco Chachalaca_sound,20,14.373242630385487,test,D:\other\Bird\Dataset\CC0\Chaco Chachalaca_sound\Chaco Chachalaca26.mp3
Chaco Chachalaca_sound/Chaco Chachalaca27,D:\other\Bird\Code\data\kaggle_wav_cache\Chaco Chachalaca_sound\Chaco Chachalaca27.wav,Chaco Chachalaca_sound,20,14.373242630385487,val,D:\other\Bird\Dataset\CC0\Chaco Chachalaca_sound\Chaco Chachalaca27.mp3
Chaco Chachalaca_sound/Chaco Chachalaca28,D:\other\Bird\Code\data\kaggle_wav_cache\Chaco Chachalaca_sound\Chaco Chachalaca28.wav,Chaco Chachalaca_sound,20,14.373242630385487,train,D:\other\Bird\Dataset\CC0\Chaco Chachalaca_sound\Chaco Chachalaca28.mp3
Chaco Chachalaca_sound/Chaco Chachalaca29,D:\other\Bird\Code\data\kaggle_wav_cache\Chaco Chachalaca_sound\Chaco Chachalaca29.wav,Chaco Chachalaca_sound,20,14.373242630385487,test,D:\other\Bird\Dataset\CC0\Chaco Chachalaca_sound\Chaco Chachalaca29.mp3
Chaco Chachalaca_sound/Chaco Chachalaca3,D:\other\Bird\Code\data\kaggle_wav_cache\Chaco Chachalaca_sound\Chaco Chachalaca3.wav,Chaco Chachalaca_sound,20,87.70425,train,D:\other\Bird\Dataset\CC0\Chaco Chachalaca_sound\Chaco Chachalaca3.mp3
Chaco Chachalaca_sound/Chaco Chachalaca30,D:\other\Bird\Code\data\kaggle_wav_cache\Chaco Chachalaca_sound\Chaco Chachalaca30.wav,Chaco Chachalaca_sound,20,14.373242630385487,val,D:\other\Bird\Dataset\CC0\Chaco Chachalaca_sound\Chaco Chachalaca30.mp3
Chaco Chachalaca_sound/Chaco Chachalaca31,D:\other\Bird\Code\data\kaggle_wav_cache\Chaco Chachalaca_sound\Chaco Chachalaca31.wav,Chaco Chachalaca_sound,20,14.373242630385487,train,D:\other\Bird\Dataset\CC0\Chaco Chachalaca_sound\Chaco Chachalaca31.mp3
Chaco Chachalaca_sound/Chaco Chachalaca4,D:\other\Bird\Code\data\kaggle_wav_cache\Chaco Chachalaca_sound\Chaco Chachalaca4.wav,Chaco Chachalaca_sound,20,20.83525,train,D:\other\Bird\Dataset\CC0\Chaco Chachalaca_sound\Chaco Chachalaca4.mp3
Chaco Chachalaca_sound/Chaco Chachalaca5,D:\other\Bird\Code\data\kaggle_wav_cache\Chaco Chachalaca_sound\Chaco Chachalaca5.wav,Chaco Chachalaca_sound,20,37.437,train,D:\other\Bird\Dataset\CC0\Chaco Chachalaca_sound\Chaco Chachalaca5.mp3
Chaco Chachalaca_sound/Chaco Chachalaca6,D:\other\Bird\Code\data\kaggle_wav_cache\Chaco Chachalaca_sound\Chaco Chachalaca6.wav,Chaco Chachalaca_sound,20,37.437,val,D:\other\Bird\Dataset\CC0\Chaco Chachalaca_sound\Chaco Chachalaca6.mp3
Chaco Chachalaca_sound/Chaco Chachalaca7,D:\other\Bird\Code\data\kaggle_wav_cache\Chaco Chachalaca_sound\Chaco Chachalaca7.wav,Chaco Chachalaca_sound,20,37.437,train,D:\other\Bird\Dataset\CC0\Chaco Chachalaca_sound\Chaco Chachalaca7.mp3
Chaco Chachalaca_sound/Chaco Chachalaca8,D:\other\Bird\Code\data\kaggle_wav_cache\Chaco Chachalaca_sound\Chaco Chachalaca8.wav,Chaco Chachalaca_sound,20,37.437,train,D:\other\Bird\Dataset\CC0\Chaco Chachalaca_sound\Chaco Chachalaca8.mp3
Chaco Chachalaca_sound/Chaco Chachalaca9,D:\other\Bird\Code\data\kaggle_wav_cache\Chaco Chachalaca_sound\Chaco Chachalaca9.wav,Chaco Chachalaca_sound,20,37.437,train,D:\other\Bird\Dataset\CC0\Chaco Chachalaca_sound\Chaco Chachalaca9.mp3
Chestnut-bellied Guan_sound/Chestnut-bellied Guan10,D:\other\Bird\Code\data\kaggle_wav_cache\Chestnut-bellied Guan_sound\Chestnut-bellied Guan10.wav,Chestnut-bellied Guan_sound,21,43.05827664399093,train,D:\other\Bird\Dataset\CC0\Chestnut-bellied Guan_sound\Chestnut-bellied Guan10.mp3
Chestnut-bellied Guan_sound/Chestnut-bellied Guan11,D:\other\Bird\Code\data\kaggle_wav_cache\Chestnut-bellied Guan_sound\Chestnut-bellied Guan11.wav,Chestnut-bellied Guan_sound,21,56.35634920634921,train,D:\other\Bird\Dataset\CC0\Chestnut-bellied Guan_sound\Chestnut-bellied Guan11.mp3
Chestnut-bellied Guan_sound/Chestnut-bellied Guan12,D:\other\Bird\Code\data\kaggle_wav_cache\Chestnut-bellied Guan_sound\Chestnut-bellied Guan12.wav,Chestnut-bellied Guan_sound,21,3.1880498866213154,train,D:\other\Bird\Dataset\CC0\Chestnut-bellied Guan_sound\Chestnut-bellied Guan12.mp3
Chestnut-bellied Guan_sound/Chestnut-bellied Guan13,D:\other\Bird\Code\data\kaggle_wav_cache\Chestnut-bellied Guan_sound\Chestnut-bellied Guan13.wav,Chestnut-bellied Guan_sound,21,3.1880498866213154,test,D:\other\Bird\Dataset\CC0\Chestnut-bellied Guan_sound\Chestnut-bellied Guan13.mp3
Chestnut-bellied Guan_sound/Chestnut-bellied Guan2,D:\other\Bird\Code\data\kaggle_wav_cache\Chestnut-bellied Guan_sound\Chestnut-bellied Guan2.wav,Chestnut-bellied Guan_sound,21,181.0166893424036,train,D:\other\Bird\Dataset\CC0\Chestnut-bellied Guan_sound\Chestnut-bellied Guan2.mp3
Chestnut-bellied Guan_sound/Chestnut-bellied Guan3,D:\other\Bird\Code\data\kaggle_wav_cache\Chestnut-bellied Guan_sound\Chestnut-bellied Guan3.wav,Chestnut-bellied Guan_sound,21,181.0166893424036,train,D:\other\Bird\Dataset\CC0\Chestnut-bellied Guan_sound\Chestnut-bellied Guan3.mp3
Chestnut-bellied Guan_sound/Chestnut-bellied Guan4,D:\other\Bird\Code\data\kaggle_wav_cache\Chestnut-bellied Guan_sound\Chestnut-bellied Guan4.wav,Chestnut-bellied Guan_sound,21,181.0166893424036,train,D:\other\Bird\Dataset\CC0\Chestnut-bellied Guan_sound\Chestnut-bellied Guan4.mp3
Chestnut-bellied Guan_sound/Chestnut-bellied Guan5,D:\other\Bird\Code\data\kaggle_wav_cache\Chestnut-bellied Guan_sound\Chestnut-bellied Guan5.wav,Chestnut-bellied Guan_sound,21,16.36294784580499,val,D:\other\Bird\Dataset\CC0\Chestnut-bellied Guan_sound\Chestnut-bellied Guan5.mp3
Chestnut-bellied Guan_sound/Chestnut-bellied Guan6,D:\other\Bird\Code\data\kaggle_wav_cache\Chestnut-bellied Guan_sound\Chestnut-bellied Guan6.wav,Chestnut-bellied Guan_sound,21,17.51222222222222,train,D:\other\Bird\Dataset\CC0\Chestnut-bellied Guan_sound\Chestnut-bellied Guan6.mp3
Chestnut-bellied Guan_sound/Chestnut-bellied Guan7,D:\other\Bird\Code\data\kaggle_wav_cache\Chestnut-bellied Guan_sound\Chestnut-bellied Guan7.wav,Chestnut-bellied Guan_sound,21,17.51222222222222,train,D:\other\Bird\Dataset\CC0\Chestnut-bellied Guan_sound\Chestnut-bellied Guan7.mp3
Chestnut-bellied Guan_sound/Chestnut-bellied Guan8,D:\other\Bird\Code\data\kaggle_wav_cache\Chestnut-bellied Guan_sound\Chestnut-bellied Guan8.wav,Chestnut-bellied Guan_sound,21,43.05827664399093,test,D:\other\Bird\Dataset\CC0\Chestnut-bellied Guan_sound\Chestnut-bellied Guan8.mp3
Chestnut-bellied Guan_sound/Chestnut-bellied Guan9,D:\other\Bird\Code\data\kaggle_wav_cache\Chestnut-bellied Guan_sound\Chestnut-bellied Guan9.wav,Chestnut-bellied Guan_sound,21,43.05827664399093,val,D:\other\Bird\Dataset\CC0\Chestnut-bellied Guan_sound\Chestnut-bellied Guan9.mp3
Chestnut-headed Chachalaca_sound/Chestnut-headed Chachalaca2,D:\other\Bird\Code\data\kaggle_wav_cache\Chestnut-headed Chachalaca_sound\Chestnut-headed Chachalaca2.wav,Chestnut-headed Chachalaca_sound,22,12.699274376417234,test,D:\other\Bird\Dataset\CC0\Chestnut-headed Chachalaca_sound\Chestnut-headed Chachalaca2.mp3
Chestnut-headed Chachalaca_sound/Chestnut-headed Chachalaca3,D:\other\Bird\Code\data\kaggle_wav_cache\Chestnut-headed Chachalaca_sound\Chestnut-headed Chachalaca3.wav,Chestnut-headed Chachalaca_sound,22,240.00036281179135,train,D:\other\Bird\Dataset\CC0\Chestnut-headed Chachalaca_sound\Chestnut-headed Chachalaca3.mp3
Chestnut-headed Chachalaca_sound/Chestnut-headed Chachalaca4,D:\other\Bird\Code\data\kaggle_wav_cache\Chestnut-headed Chachalaca_sound\Chestnut-headed Chachalaca4.wav,Chestnut-headed Chachalaca_sound,22,19.209138321995464,train,D:\other\Bird\Dataset\CC0\Chestnut-headed Chachalaca_sound\Chestnut-headed Chachalaca4.mp3
Chestnut-headed Chachalaca_sound/Chestnut-headed Chachalaca5,D:\other\Bird\Code\data\kaggle_wav_cache\Chestnut-headed Chachalaca_sound\Chestnut-headed Chachalaca5.wav,Chestnut-headed Chachalaca_sound,22,19.209138321995464,val,D:\other\Bird\Dataset\CC0\Chestnut-headed Chachalaca_sound\Chestnut-headed Chachalaca5.mp3
Chestnut-winged Chachalaca_sound/Chestnut-winged Chachalaca10,D:\other\Bird\Code\data\kaggle_wav_cache\Chestnut-winged Chachalaca_sound\Chestnut-winged Chachalaca10.wav,Chestnut-winged Chachalaca_sound,23,93.53333333333332,val,D:\other\Bird\Dataset\CC0\Chestnut-winged Chachalaca_sound\Chestnut-winged Chachalaca10.mp3
Chestnut-winged Chachalaca_sound/Chestnut-winged Chachalaca11,D:\other\Bird\Code\data\kaggle_wav_cache\Chestnut-winged Chachalaca_sound\Chestnut-winged Chachalaca11.wav,Chestnut-winged Chachalaca_sound,23,66.49333333333334,train,D:\other\Bird\Dataset\CC0\Chestnut-winged Chachalaca_sound\Chestnut-winged Chachalaca11.mp3
Chestnut-winged Chachalaca_sound/Chestnut-winged Chachalaca12,D:\other\Bird\Code\data\kaggle_wav_cache\Chestnut-winged Chachalaca_sound\Chestnut-winged Chachalaca12.wav,Chestnut-winged Chachalaca_sound,23,22.299625,train,D:\other\Bird\Dataset\CC0\Chestnut-winged Chachalaca_sound\Chestnut-winged Chachalaca12.mp3
Chestnut-winged Chachalaca_sound/Chestnut-winged Chachalaca13,D:\other\Bird\Code\data\kaggle_wav_cache\Chestnut-winged Chachalaca_sound\Chestnut-winged Chachalaca13.wav,Chestnut-winged Chachalaca_sound,23,22.299625,train,D:\other\Bird\Dataset\CC0\Chestnut-winged Chachalaca_sound\Chestnut-winged Chachalaca13.mp3
Chestnut-winged Chachalaca_sound/Chestnut-winged Chachalaca14,D:\other\Bird\Code\data\kaggle_wav_cache\Chestnut-winged Chachalaca_sound\Chestnut-winged Chachalaca14.wav,Chestnut-winged Chachalaca_sound,23,6.843242630385488,train,D:\other\Bird\Dataset\CC0\Chestnut-winged Chachalaca_sound\Chestnut-winged Chachalaca14.mp3
Chestnut-winged Chachalaca_sound/Chestnut-winged Chachalaca15,D:\other\Bird\Code\data\kaggle_wav_cache\Chestnut-winged Chachalaca_sound\Chestnut-winged Chachalaca15.wav,Chestnut-winged Chachalaca_sound,23,38.89675736961451,train,D:\other\Bird\Dataset\CC0\Chestnut-winged Chachalaca_sound\Chestnut-winged Chachalaca15.mp3
Chestnut-winged Chachalaca_sound/Chestnut-winged Chachalaca16,D:\other\Bird\Code\data\kaggle_wav_cache\Chestnut-winged Chachalaca_sound\Chestnut-winged Chachalaca16.wav,Chestnut-winged Chachalaca_sound,23,19.026643990929703,val,D:\other\Bird\Dataset\CC0\Chestnut-winged Chachalaca_sound\Chestnut-winged Chachalaca16.mp3
Chestnut-winged Chachalaca_sound/Chestnut-winged Chachalaca17,D:\other\Bird\Code\data\kaggle_wav_cache\Chestnut-winged Chachalaca_sound\Chestnut-winged Chachalaca17.wav,Chestnut-winged Chachalaca_sound,23,18.99383333333333,test,D:\other\Bird\Dataset\CC0\Chestnut-winged Chachalaca_sound\Chestnut-winged Chachalaca17.mp3
Chestnut-winged Chachalaca_sound/Chestnut-winged Chachalaca18,D:\other\Bird\Code\data\kaggle_wav_cache\Chestnut-winged Chachalaca_sound\Chestnut-winged Chachalaca18.wav,Chestnut-winged Chachalaca_sound,23,18.99383333333333,train,D:\other\Bird\Dataset\CC0\Chestnut-winged Chachalaca_sound\Chestnut-winged Chachalaca18.mp3
Chestnut-winged Chachalaca_sound/Chestnut-winged Chachalaca19,D:\other\Bird\Code\data\kaggle_wav_cache\Chestnut-winged Chachalaca_sound\Chestnut-winged Chachalaca19.wav,Chestnut-winged Chachalaca_sound,23,50.06885416666667,test,D:\other\Bird\Dataset\CC0\Chestnut-winged Chachalaca_sound\Chestnut-winged Chachalaca19.mp3
Chestnut-winged Chachalaca_sound/Chestnut-winged Chachalaca2,D:\other\Bird\Code\data\kaggle_wav_cache\Chestnut-winged Chachalaca_sound\Chestnut-winged Chachalaca2.wav,Chestnut-winged Chachalaca_sound,23,104.452625,train,D:\other\Bird\Dataset\CC0\Chestnut-winged Chachalaca_sound\Chestnut-winged Chachalaca2.mp3
Chestnut-winged Chachalaca_sound/Chestnut-winged Chachalaca20,D:\other\Bird\Code\data\kaggle_wav_cache\Chestnut-winged Chachalaca_sound\Chestnut-winged Chachalaca20.wav,Chestnut-winged Chachalaca_sound,23,15.386666666666668,test,D:\other\Bird\Dataset\CC0\Chestnut-winged Chachalaca_sound\Chestnut-winged Chachalaca20.mp3
Chestnut-winged Chachalaca_sound/Chestnut-winged Chachalaca21,D:\other\Bird\Code\data\kaggle_wav_cache\Chestnut-winged Chachalaca_sound\Chestnut-winged Chachalaca21.wav,Chestnut-winged Chachalaca_sound,23,48.78666666666667,train,D:\other\Bird\Dataset\CC0\Chestnut-winged Chachalaca_sound\Chestnut-winged Chachalaca21.mp3
Chestnut-winged Chachalaca_sound/Chestnut-winged Chachalaca22,D:\other\Bird\Code\data\kaggle_wav_cache\Chestnut-winged Chachalaca_sound\Chestnut-winged Chachalaca22.wav,Chestnut-winged Chachalaca_sound,23,48.78666666666667,train,D:\other\Bird\Dataset\CC0\Chestnut-winged Chachalaca_sound\Chestnut-winged Chachalaca22.mp3
Chestnut-winged Chachalaca_sound/Chestnut-winged Chachalaca23,D:\other\Bird\Code\data\kaggle_wav_cache\Chestnut-winged Chachalaca_sound\Chestnut-winged Chachalaca23.wav,Chestnut-winged Chachalaca_sound,23,48.78666666666667,val,D:\other\Bird\Dataset\CC0\Chestnut-winged Chachalaca_sound\Chestnut-winged Chachalaca23.mp3
Chestnut-winged Chachalaca_sound/Chestnut-winged Chachalaca24,D:\other\Bird\Code\data\kaggle_wav_cache\Chestnut-winged Chachalaca_sound\Chestnut-winged Chachalaca24.wav,Chestnut-winged Chachalaca_sound,23,48.78666666666667,train,D:\other\Bird\Dataset\CC0\Chestnut-winged Chachalaca_sound\Chestnut-winged Chachalaca24.mp3
Chestnut-winged Chachalaca_sound/Chestnut-winged Chachalaca25,D:\other\Bird\Code\data\kaggle_wav_cache\Chestnut-winged Chachalaca_sound\Chestnut-winged Chachalaca25.wav,Chestnut-winged Chachalaca_sound,23,48.78666666666667,train,D:\other\Bird\Dataset\CC0\Chestnut-winged Chachalaca_sound\Chestnut-winged Chachalaca25.mp3
Chestnut-winged Chachalaca_sound/Chestnut-winged Chachalaca26,D:\other\Bird\Code\data\kaggle_wav_cache\Chestnut-winged Chachalaca_sound\Chestnut-winged Chachalaca26.wav,Chestnut-winged Chachalaca_sound,23,14.420657596371882,train,D:\other\Bird\Dataset\CC0\Chestnut-winged Chachalaca_sound\Chestnut-winged Chachalaca26.mp3
Chestnut-winged Chachalaca_sound/Chestnut-winged Chachalaca27,D:\other\Bird\Code\data\kaggle_wav_cache\Chestnut-winged Chachalaca_sound\Chestnut-winged Chachalaca27.wav,Chestnut-winged Chachalaca_sound,23,4.1091875,train,D:\other\Bird\Dataset\CC0\Chestnut-winged Chachalaca_sound\Chestnut-winged Chachalaca27.mp3
Chestnut-winged Chachalaca_sound/Chestnut-winged Chachalaca28,D:\other\Bird\Code\data\kaggle_wav_cache\Chestnut-winged Chachalaca_sound\Chestnut-winged Chachalaca28.wav,Chestnut-winged Chachalaca_sound,23,18.69333333333333,train,D:\other\Bird\Dataset\CC0\Chestnut-winged Chachalaca_sound\Chestnut-winged Chachalaca28.mp3
Chestnut-winged Chachalaca_sound/Chestnut-winged Chachalaca29,D:\other\Bird\Code\data\kaggle_wav_cache\Chestnut-winged Chachalaca_sound\Chestnut-winged Chachalaca29.wav,Chestnut-winged Chachalaca_sound,23,18.69333333333333,test,D:\other\Bird\Dataset\CC0\Chestnut-winged Chachalaca_sound\Chestnut-winged Chachalaca29.mp3
Chestnut-winged Chachalaca_sound/Chestnut-winged Chachalaca3,D:\other\Bird\Code\data\kaggle_wav_cache\Chestnut-winged Chachalaca_sound\Chestnut-winged Chachalaca3.wav,Chestnut-winged Chachalaca_sound,23,104.452625,train,D:\other\Bird\Dataset\CC0\Chestnut-winged Chachalaca_sound\Chestnut-winged Chachalaca3.mp3
Chestnut-winged Chachalaca_sound/Chestnut-winged Chachalaca30,D:\other\Bird\Code\data\kaggle_wav_cache\Chestnut-winged Chachalaca_sound\Chestnut-winged Chachalaca30.wav,Chestnut-winged Chachalaca_sound,23,38.2421875,train,D:\other\Bird\Dataset\CC0\Chestnut-winged Chachalaca_sound\Chestnut-winged Chachalaca30.mp3
Chestnut-winged Chachalaca_sound/Chestnut-winged Chachalaca31,D:\other\Bird\Code\data\kaggle_wav_cache\Chestnut-winged Chachalaca_sound\Chestnut-winged Chachalaca31.wav,Chestnut-winged Chachalaca_sound,23,38.2421875,train,D:\other\Bird\Dataset\CC0\Chestnut-winged Chachalaca_sound\Chestnut-winged Chachalaca31.mp3
Chestnut-winged Chachalaca_sound/Chestnut-winged Chachalaca4,D:\other\Bird\Code\data\kaggle_wav_cache\Chestnut-winged Chachalaca_sound\Chestnut-winged Chachalaca4.wav,Chestnut-winged Chachalaca_sound,23,104.452625,val,D:\other\Bird\Dataset\CC0\Chestnut-winged Chachalaca_sound\Chestnut-winged Chachalaca4.mp3
Chestnut-winged Chachalaca_sound/Chestnut-winged Chachalaca5,D:\other\Bird\Code\data\kaggle_wav_cache\Chestnut-winged Chachalaca_sound\Chestnut-winged Chachalaca5.wav,Chestnut-winged Chachalaca_sound,23,24.4192970521542,train,D:\other\Bird\Dataset\CC0\Chestnut-winged Chachalaca_sound\Chestnut-winged Chachalaca5.mp3
Chestnut-winged Chachalaca_sound/Chestnut-winged Chachalaca6,D:\other\Bird\Code\data\kaggle_wav_cache\Chestnut-winged Chachalaca_sound\Chestnut-winged Chachalaca6.wav,Chestnut-winged Chachalaca_sound,23,70.35356009070294,train,D:\other\Bird\Dataset\CC0\Chestnut-winged Chachalaca_sound\Chestnut-winged Chachalaca6.mp3
Chestnut-winged Chachalaca_sound/Chestnut-winged Chachalaca7,D:\other\Bird\Code\data\kaggle_wav_cache\Chestnut-winged Chachalaca_sound\Chestnut-winged Chachalaca7.wav,Chestnut-winged Chachalaca_sound,23,54.06645833333334,train,D:\other\Bird\Dataset\CC0\Chestnut-winged Chachalaca_sound\Chestnut-winged Chachalaca7.mp3
Chestnut-winged Chachalaca_sound/Chestnut-winged Chachalaca8,D:\other\Bird\Code\data\kaggle_wav_cache\Chestnut-winged Chachalaca_sound\Chestnut-winged Chachalaca8.wav,Chestnut-winged Chachalaca_sound,23,54.06645833333334,train,D:\other\Bird\Dataset\CC0\Chestnut-winged Chachalaca_sound\Chestnut-winged Chachalaca8.mp3
Chestnut-winged Chachalaca_sound/Chestnut-winged Chachalaca9,D:\other\Bird\Code\data\kaggle_wav_cache\Chestnut-winged Chachalaca_sound\Chestnut-winged Chachalaca9.wav,Chestnut-winged Chachalaca_sound,23,50.83428571428571,train,D:\other\Bird\Dataset\CC0\Chestnut-winged Chachalaca_sound\Chestnut-winged Chachalaca9.mp3
Chilean Tinamou_sound/Chilean Tinamou10,D:\other\Bird\Code\data\kaggle_wav_cache\Chilean Tinamou_sound\Chilean Tinamou10.wav,Chilean Tinamou_sound,24,17.432585034013606,train,D:\other\Bird\Dataset\CC0\Chilean Tinamou_sound\Chilean Tinamou10.mp3
Chilean Tinamou_sound/Chilean Tinamou11,D:\other\Bird\Code\data\kaggle_wav_cache\Chilean Tinamou_sound\Chilean Tinamou11.wav,Chilean Tinamou_sound,24,17.432585034013606,test,D:\other\Bird\Dataset\CC0\Chilean Tinamou_sound\Chilean Tinamou11.mp3
Chilean Tinamou_sound/Chilean Tinamou12,D:\other\Bird\Code\data\kaggle_wav_cache\Chilean Tinamou_sound\Chilean Tinamou12.wav,Chilean Tinamou_sound,24,67.63426303854875,train,D:\other\Bird\Dataset\CC0\Chilean Tinamou_sound\Chilean Tinamou12.mp3
Chilean Tinamou_sound/Chilean Tinamou13,D:\other\Bird\Code\data\kaggle_wav_cache\Chilean Tinamou_sound\Chilean Tinamou13.wav,Chilean Tinamou_sound,24,3.112063492063492,train,D:\other\Bird\Dataset\CC0\Chilean Tinamou_sound\Chilean Tinamou13.mp3
Chilean Tinamou_sound/Chilean Tinamou2,D:\other\Bird\Code\data\kaggle_wav_cache\Chilean Tinamou_sound\Chilean Tinamou2.wav,Chilean Tinamou_sound,24,2.79,train,D:\other\Bird\Dataset\CC0\Chilean Tinamou_sound\Chilean Tinamou2.mp3
Chilean Tinamou_sound/Chilean Tinamou3,D:\other\Bird\Code\data\kaggle_wav_cache\Chilean Tinamou_sound\Chilean Tinamou3.wav,Chilean Tinamou_sound,24,2.79,val,D:\other\Bird\Dataset\CC0\Chilean Tinamou_sound\Chilean Tinamou3.mp3
Chilean Tinamou_sound/Chilean Tinamou4,D:\other\Bird\Code\data\kaggle_wav_cache\Chilean Tinamou_sound\Chilean Tinamou4.wav,Chilean Tinamou_sound,24,2.79,train,D:\other\Bird\Dataset\CC0\Chilean Tinamou_sound\Chilean Tinamou4.mp3
Chilean Tinamou_sound/Chilean Tinamou5,D:\other\Bird\Code\data\kaggle_wav_cache\Chilean Tinamou_sound\Chilean Tinamou5.wav,Chilean Tinamou_sound,24,2.79,val,D:\other\Bird\Dataset\CC0\Chilean Tinamou_sound\Chilean Tinamou5.mp3
Chilean Tinamou_sound/Chilean Tinamou6,D:\other\Bird\Code\data\kaggle_wav_cache\Chilean Tinamou_sound\Chilean Tinamou6.wav,Chilean Tinamou_sound,24,2.79,train,D:\other\Bird\Dataset\CC0\Chilean Tinamou_sound\Chilean Tinamou6.mp3
Chilean Tinamou_sound/Chilean Tinamou7,D:\other\Bird\Code\data\kaggle_wav_cache\Chilean Tinamou_sound\Chilean Tinamou7.wav,Chilean Tinamou_sound,24,38.30238095238095,test,D:\other\Bird\Dataset\CC0\Chilean Tinamou_sound\Chilean Tinamou7.mp3
Chilean Tinamou_sound/Chilean Tinamou8,D:\other\Bird\Code\data\kaggle_wav_cache\Chilean Tinamou_sound\Chilean Tinamou8.wav,Chilean Tinamou_sound,24,17.432585034013606,train,D:\other\Bird\Dataset\CC0\Chilean Tinamou_sound\Chilean Tinamou8.mp3
Chilean Tinamou_sound/Chilean Tinamou9,D:\other\Bird\Code\data\kaggle_wav_cache\Chilean Tinamou_sound\Chilean Tinamou9.wav,Chilean Tinamou_sound,24,17.432585034013606,train,D:\other\Bird\Dataset\CC0\Chilean Tinamou_sound\Chilean Tinamou9.mp3
Choco Tinamou_sound/Choco Tinamou2,D:\other\Bird\Code\data\kaggle_wav_cache\Choco Tinamou_sound\Choco Tinamou2.wav,Choco Tinamou_sound,25,116.596875,train,D:\other\Bird\Dataset\CC0\Choco Tinamou_sound\Choco Tinamou2.mp3
Choco Tinamou_sound/Choco Tinamou3,D:\other\Bird\Code\data\kaggle_wav_cache\Choco Tinamou_sound\Choco Tinamou3.wav,Choco Tinamou_sound,25,9.89265306122449,train,D:\other\Bird\Dataset\CC0\Choco Tinamou_sound\Choco Tinamou3.mp3
Choco Tinamou_sound/Choco Tinamou4,D:\other\Bird\Code\data\kaggle_wav_cache\Choco Tinamou_sound\Choco Tinamou4.wav,Choco Tinamou_sound,25,9.89265306122449,test,D:\other\Bird\Dataset\CC0\Choco Tinamou_sound\Choco Tinamou4.mp3
Choco Tinamou_sound/Choco Tinamou5,D:\other\Bird\Code\data\kaggle_wav_cache\Choco Tinamou_sound\Choco Tinamou5.wav,Choco Tinamou_sound,25,63.2755625,train,D:\other\Bird\Dataset\CC0\Choco Tinamou_sound\Choco Tinamou5.mp3
Choco Tinamou_sound/Choco Tinamou6,D:\other\Bird\Code\data\kaggle_wav_cache\Choco Tinamou_sound\Choco Tinamou6.wav,Choco Tinamou_sound,25,56.4483125,train,D:\other\Bird\Dataset\CC0\Choco Tinamou_sound\Choco Tinamou6.mp3
Choco Tinamou_sound/Choco Tinamou7,D:\other\Bird\Code\data\kaggle_wav_cache\Choco Tinamou_sound\Choco Tinamou7.wav,Choco Tinamou_sound,25,24.19829931972789,val,D:\other\Bird\Dataset\CC0\Choco Tinamou_sound\Choco Tinamou7.mp3
Choco Tinamou_sound/Choco Tinamou8,D:\other\Bird\Code\data\kaggle_wav_cache\Choco Tinamou_sound\Choco Tinamou8.wav,Choco Tinamou_sound,25,24.19829931972789,train,D:\other\Bird\Dataset\CC0\Choco Tinamou_sound\Choco Tinamou8.mp3
Cinereous Tinamou_sound/Cinereous Tinamou10,D:\other\Bird\Code\data\kaggle_wav_cache\Cinereous Tinamou_sound\Cinereous Tinamou10.wav,Cinereous Tinamou_sound,26,82.68625850340136,train,D:\other\Bird\Dataset\CC0\Cinereous Tinamou_sound\Cinereous Tinamou10.mp3
Cinereous Tinamou_sound/Cinereous Tinamou11,D:\other\Bird\Code\data\kaggle_wav_cache\Cinereous Tinamou_sound\Cinereous Tinamou11.wav,Cinereous Tinamou_sound,26,82.68625850340136,val,D:\other\Bird\Dataset\CC0\Cinereous Tinamou_sound\Cinereous Tinamou11.mp3
Cinereous Tinamou_sound/Cinereous Tinamou12,D:\other\Bird\Code\data\kaggle_wav_cache\Cinereous Tinamou_sound\Cinereous Tinamou12.wav,Cinereous Tinamou_sound,26,82.68625850340136,train,D:\other\Bird\Dataset\CC0\Cinereous Tinamou_sound\Cinereous Tinamou12.mp3
Cinereous Tinamou_sound/Cinereous Tinamou13,D:\other\Bird\Code\data\kaggle_wav_cache\Cinereous Tinamou_sound\Cinereous Tinamou13.wav,Cinereous Tinamou_sound,26,43.33975056689342,train,D:\other\Bird\Dataset\CC0\Cinereous Tinamou_sound\Cinereous Tinamou13.mp3
Cinereous Tinamou_sound/Cinereous Tinamou14,D:\other\Bird\Code\data\kaggle_wav_cache\Cinereous Tinamou_sound\Cinereous Tinamou14.wav,Cinereous Tinamou_sound,26,43.33975056689342,train,D:\other\Bird\Dataset\CC0\Cinereous Tinamou_sound\Cinereous Tinamou14.mp3
Cinereous Tinamou_sound/Cinereous Tinamou15,D:\other\Bird\Code\data\kaggle_wav_cache\Cinereous Tinamou_sound\Cinereous Tinamou15.wav,Cinereous Tinamou_sound,26,43.33975056689342,train,D:\other\Bird\Dataset\CC0\Cinereous Tinamou_sound\Cinereous Tinamou15.mp3
Cinereous Tinamou_sound/Cinereous Tinamou16,D:\other\Bird\Code\data\kaggle_wav_cache\Cinereous Tinamou_sound\Cinereous Tinamou16.wav,Cinereous Tinamou_sound,26,43.33975056689342,train,D:\other\Bird\Dataset\CC0\Cinereous Tinamou_sound\Cinereous Tinamou16.mp3
Cinereous Tinamou_sound/Cinereous Tinamou17,D:\other\Bird\Code\data\kaggle_wav_cache\Cinereous Tinamou_sound\Cinereous Tinamou17.wav,Cinereous Tinamou_sound,26,43.33975056689342,test,D:\other\Bird\Dataset\CC0\Cinereous Tinamou_sound\Cinereous Tinamou17.mp3
Cinereous Tinamou_sound/Cinereous Tinamou18,D:\other\Bird\Code\data\kaggle_wav_cache\Cinereous Tinamou_sound\Cinereous Tinamou18.wav,Cinereous Tinamou_sound,26,43.33975056689342,train,D:\other\Bird\Dataset\CC0\Cinereous Tinamou_sound\Cinereous Tinamou18.mp3
Cinereous Tinamou_sound/Cinereous Tinamou19,D:\other\Bird\Code\data\kaggle_wav_cache\Cinereous Tinamou_sound\Cinereous Tinamou19.wav,Cinereous Tinamou_sound,26,43.33975056689342,train,D:\other\Bird\Dataset\CC0\Cinereous Tinamou_sound\Cinereous Tinamou19.mp3
Cinereous Tinamou_sound/Cinereous Tinamou2,D:\other\Bird\Code\data\kaggle_wav_cache\Cinereous Tinamou_sound\Cinereous Tinamou2.wav,Cinereous Tinamou_sound,26,7.301836734693878,train,D:\other\Bird\Dataset\CC0\Cinereous Tinamou_sound\Cinereous Tinamou2.mp3
Cinereous Tinamou_sound/Cinereous Tinamou20,D:\other\Bird\Code\data\kaggle_wav_cache\Cinereous Tinamou_sound\Cinereous Tinamou20.wav,Cinereous Tinamou_sound,26,43.33975056689342,train,D:\other\Bird\Dataset\CC0\Cinereous Tinamou_sound\Cinereous Tinamou20.mp3
Cinereous Tinamou_sound/Cinereous Tinamou21,D:\other\Bird\Code\data\kaggle_wav_cache\Cinereous Tinamou_sound\Cinereous Tinamou21.wav,Cinereous Tinamou_sound,26,43.33975056689342,train,D:\other\Bird\Dataset\CC0\Cinereous Tinamou_sound\Cinereous Tinamou21.mp3
Cinereous Tinamou_sound/Cinereous Tinamou22,D:\other\Bird\Code\data\kaggle_wav_cache\Cinereous Tinamou_sound\Cinereous Tinamou22.wav,Cinereous Tinamou_sound,26,43.33975056689342,train,D:\other\Bird\Dataset\CC0\Cinereous Tinamou_sound\Cinereous Tinamou22.mp3
Cinereous Tinamou_sound/Cinereous Tinamou23,D:\other\Bird\Code\data\kaggle_wav_cache\Cinereous Tinamou_sound\Cinereous Tinamou23.wav,Cinereous Tinamou_sound,26,99.72558333333332,train,D:\other\Bird\Dataset\CC0\Cinereous Tinamou_sound\Cinereous Tinamou23.mp3
Cinereous Tinamou_sound/Cinereous Tinamou24,D:\other\Bird\Code\data\kaggle_wav_cache\Cinereous Tinamou_sound\Cinereous Tinamou24.wav,Cinereous Tinamou_sound,26,99.72558333333332,train,D:\other\Bird\Dataset\CC0\Cinereous Tinamou_sound\Cinereous Tinamou24.mp3
Cinereous Tinamou_sound/Cinereous Tinamou25,D:\other\Bird\Code\data\kaggle_wav_cache\Cinereous Tinamou_sound\Cinereous Tinamou25.wav,Cinereous Tinamou_sound,26,414.884693877551,train,D:\other\Bird\Dataset\CC0\Cinereous Tinamou_sound\Cinereous Tinamou25.mp3
Cinereous Tinamou_sound/Cinereous Tinamou26,D:\other\Bird\Code\data\kaggle_wav_cache\Cinereous Tinamou_sound\Cinereous Tinamou26.wav,Cinereous Tinamou_sound,26,414.884693877551,val,D:\other\Bird\Dataset\CC0\Cinereous Tinamou_sound\Cinereous Tinamou26.mp3
Cinereous Tinamou_sound/Cinereous Tinamou27,D:\other\Bird\Code\data\kaggle_wav_cache\Cinereous Tinamou_sound\Cinereous Tinamou27.wav,Cinereous Tinamou_sound,26,414.884693877551,train,D:\other\Bird\Dataset\CC0\Cinereous Tinamou_sound\Cinereous Tinamou27.mp3
Cinereous Tinamou_sound/Cinereous Tinamou28,D:\other\Bird\Code\data\kaggle_wav_cache\Cinereous Tinamou_sound\Cinereous Tinamou28.wav,Cinereous Tinamou_sound,26,56.774625850340136,train,D:\other\Bird\Dataset\CC0\Cinereous Tinamou_sound\Cinereous Tinamou28.mp3
Cinereous Tinamou_sound/Cinereous Tinamou29,D:\other\Bird\Code\data\kaggle_wav_cache\Cinereous Tinamou_sound\Cinereous Tinamou29.wav,Cinereous Tinamou_sound,26,80.95646258503402,train,D:\other\Bird\Dataset\CC0\Cinereous Tinamou_sound\Cinereous Tinamou29.mp3
Cinereous Tinamou_sound/Cinereous Tinamou3,D:\other\Bird\Code\data\kaggle_wav_cache\Cinereous Tinamou_sound\Cinereous Tinamou3.wav,Cinereous Tinamou_sound,26,7.301836734693878,train,D:\other\Bird\Dataset\CC0\Cinereous Tinamou_sound\Cinereous Tinamou3.mp3
Cinereous Tinamou_sound/Cinereous Tinamou30,D:\other\Bird\Code\data\kaggle_wav_cache\Cinereous Tinamou_sound\Cinereous Tinamou30.wav,Cinereous Tinamou_sound,26,52.30056689342403,train,D:\other\Bird\Dataset\CC0\Cinereous Tinamou_sound\Cinereous Tinamou30.mp3
Cinereous Tinamou_sound/Cinereous Tinamou31,D:\other\Bird\Code\data\kaggle_wav_cache\Cinereous Tinamou_sound\Cinereous Tinamou31.wav,Cinereous Tinamou_sound,26,52.30056689342403,test,D:\other\Bird\Dataset\CC0\Cinereous Tinamou_sound\Cinereous Tinamou31.mp3
Cinereous Tinamou_sound/Cinereous Tinamou4,D:\other\Bird\Code\data\kaggle_wav_cache\Cinereous Tinamou_sound\Cinereous Tinamou4.wav,Cinereous Tinamou_sound,26,7.301836734693878,val,D:\other\Bird\Dataset\CC0\Cinereous Tinamou_sound\Cinereous Tinamou4.mp3
Cinereous Tinamou_sound/Cinereous Tinamou5,D:\other\Bird\Code\data\kaggle_wav_cache\Cinereous Tinamou_sound\Cinereous Tinamou5.wav,Cinereous Tinamou_sound,26,76.52600907029479,train,D:\other\Bird\Dataset\CC0\Cinereous Tinamou_sound\Cinereous Tinamou5.mp3
Cinereous Tinamou_sound/Cinereous Tinamou6,D:\other\Bird\Code\data\kaggle_wav_cache\Cinereous Tinamou_sound\Cinereous Tinamou6.wav,Cinereous Tinamou_sound,26,76.52600907029479,val,D:\other\Bird\Dataset\CC0\Cinereous Tinamou_sound\Cinereous Tinamou6.mp3
Cinereous Tinamou_sound/Cinereous Tinamou7,D:\other\Bird\Code\data\kaggle_wav_cache\Cinereous Tinamou_sound\Cinereous Tinamou7.wav,Cinereous Tinamou_sound,26,76.52600907029479,test,D:\other\Bird\Dataset\CC0\Cinereous Tinamou_sound\Cinereous Tinamou7.mp3
Cinereous Tinamou_sound/Cinereous Tinamou8,D:\other\Bird\Code\data\kaggle_wav_cache\Cinereous Tinamou_sound\Cinereous Tinamou8.wav,Cinereous Tinamou_sound,26,76.52600907029479,test,D:\other\Bird\Dataset\CC0\Cinereous Tinamou_sound\Cinereous Tinamou8.mp3
Cinereous Tinamou_sound/Cinereous Tinamou9,D:\other\Bird\Code\data\kaggle_wav_cache\Cinereous Tinamou_sound\Cinereous Tinamou9.wav,Cinereous Tinamou_sound,26,76.52600907029479,train,D:\other\Bird\Dataset\CC0\Cinereous Tinamou_sound\Cinereous Tinamou9.mp3
Collared Brushturkey_sound/Collared Brushturkey10,D:\other\Bird\Code\data\kaggle_wav_cache\Collared Brushturkey_sound\Collared Brushturkey10.wav,Collared Brushturkey_sound,27,43.45501133786848,train,D:\other\Bird\Dataset\CC0\Collared Brushturkey_sound\Collared Brushturkey10.mp3
Collared Brushturkey_sound/Collared Brushturkey11,D:\other\Bird\Code\data\kaggle_wav_cache\Collared Brushturkey_sound\Collared Brushturkey11.wav,Collared Brushturkey_sound,27,43.45501133786848,train,D:\other\Bird\Dataset\CC0\Collared Brushturkey_sound\Collared Brushturkey11.mp3
Collared Brushturkey_sound/Collared Brushturkey12,D:\other\Bird\Code\data\kaggle_wav_cache\Collared Brushturkey_sound\Collared Brushturkey12.wav,Collared Brushturkey_sound,27,43.45501133786848,train,D:\other\Bird\Dataset\CC0\Collared Brushturkey_sound\Collared Brushturkey12.mp3
Collared Brushturkey_sound/Collared Brushturkey13,D:\other\Bird\Code\data\kaggle_wav_cache\Collared Brushturkey_sound\Collared Brushturkey13.wav,Collared Brushturkey_sound,27,54.31718820861678,train,D:\other\Bird\Dataset\CC0\Collared Brushturkey_sound\Collared Brushturkey13.mp3
Collared Brushturkey_sound/Collared Brushturkey14,D:\other\Bird\Code\data\kaggle_wav_cache\Collared Brushturkey_sound\Collared Brushturkey14.wav,Collared Brushturkey_sound,27,82.86587301587302,test,D:\other\Bird\Dataset\CC0\Collared Brushturkey_sound\Collared Brushturkey14.mp3
Collared Brushturkey_sound/Collared Brushturkey15,D:\other\Bird\Code\data\kaggle_wav_cache\Collared Brushturkey_sound\Collared Brushturkey15.wav,Collared Brushturkey_sound,27,82.86587301587302,train,D:\other\Bird\Dataset\CC0\Collared Brushturkey_sound\Collared Brushturkey15.mp3
Collared Brushturkey_sound/Collared Brushturkey16,D:\other\Bird\Code\data\kaggle_wav_cache\Collared Brushturkey_sound\Collared Brushturkey16.wav,Collared Brushturkey_sound,27,82.86587301587302,train,D:\other\Bird\Dataset\CC0\Collared Brushturkey_sound\Collared Brushturkey16.mp3
Collared Brushturkey_sound/Collared Brushturkey17,D:\other\Bird\Code\data\kaggle_wav_cache\Collared Brushturkey_sound\Collared Brushturkey17.wav,Collared Brushturkey_sound,27,82.86587301587302,train,D:\other\Bird\Dataset\CC0\Collared Brushturkey_sound\Collared Brushturkey17.mp3
Collared Brushturkey_sound/Collared Brushturkey18,D:\other\Bird\Code\data\kaggle_wav_cache\Collared Brushturkey_sound\Collared Brushturkey18.wav,Collared Brushturkey_sound,27,82.86587301587302,train,D:\other\Bird\Dataset\CC0\Collared Brushturkey_sound\Collared Brushturkey18.mp3
Collared Brushturkey_sound/Collared Brushturkey19,D:\other\Bird\Code\data\kaggle_wav_cache\Collared Brushturkey_sound\Collared Brushturkey19.wav,Collared Brushturkey_sound,27,65.9407709750567,train,D:\other\Bird\Dataset\CC0\Collared Brushturkey_sound\Collared Brushturkey19.mp3
Collared Brushturkey_sound/Collared Brushturkey2,D:\other\Bird\Code\data\kaggle_wav_cache\Collared Brushturkey_sound\Collared Brushturkey2.wav,Collared Brushturkey_sound,27,43.63455782312925,train,D:\other\Bird\Dataset\CC0\Collared Brushturkey_sound\Collared Brushturkey2.mp3
Collared Brushturkey_sound/Collared Brushturkey20,D:\other\Bird\Code\data\kaggle_wav_cache\Collared Brushturkey_sound\Collared Brushturkey20.wav,Collared Brushturkey_sound,27,65.9407709750567,val,D:\other\Bird\Dataset\CC0\Collared Brushturkey_sound\Collared Brushturkey20.mp3
Collared Brushturkey_sound/Collared Brushturkey21,D:\other\Bird\Code\data\kaggle_wav_cache\Collared Brushturkey_sound\Collared Brushturkey21.wav,Collared Brushturkey_sound,27,65.9407709750567,train,D:\other\Bird\Dataset\CC0\Collared Brushturkey_sound\Collared Brushturkey21.mp3
Collared Brushturkey_sound/Collared Brushturkey3,D:\other\Bird\Code\data\kaggle_wav_cache\Collared Brushturkey_sound\Collared Brushturkey3.wav,Collared Brushturkey_sound,27,43.63455782312925,train,D:\other\Bird\Dataset\CC0\Collared Brushturkey_sound\Collared Brushturkey3.mp3
Collared Brushturkey_sound/Collared Brushturkey4,D:\other\Bird\Code\data\kaggle_wav_cache\Collared Brushturkey_sound\Collared Brushturkey4.wav,Collared Brushturkey_sound,27,43.63455782312925,test,D:\other\Bird\Dataset\CC0\Collared Brushturkey_sound\Collared Brushturkey4.mp3
Collared Brushturkey_sound/Collared Brushturkey5,D:\other\Bird\Code\data\kaggle_wav_cache\Collared Brushturkey_sound\Collared Brushturkey5.wav,Collared Brushturkey_sound,27,43.63455782312925,train,D:\other\Bird\Dataset\CC0\Collared Brushturkey_sound\Collared Brushturkey5.mp3
Collared Brushturkey_sound/Collared Brushturkey6,D:\other\Bird\Code\data\kaggle_wav_cache\Collared Brushturkey_sound\Collared Brushturkey6.wav,Collared Brushturkey_sound,27,43.63455782312925,val,D:\other\Bird\Dataset\CC0\Collared Brushturkey_sound\Collared Brushturkey6.mp3
Collared Brushturkey_sound/Collared Brushturkey7,D:\other\Bird\Code\data\kaggle_wav_cache\Collared Brushturkey_sound\Collared Brushturkey7.wav,Collared Brushturkey_sound,27,43.63455782312925,train,D:\other\Bird\Dataset\CC0\Collared Brushturkey_sound\Collared Brushturkey7.mp3
Collared Brushturkey_sound/Collared Brushturkey8,D:\other\Bird\Code\data\kaggle_wav_cache\Collared Brushturkey_sound\Collared Brushturkey8.wav,Collared Brushturkey_sound,27,43.63455782312925,test,D:\other\Bird\Dataset\CC0\Collared Brushturkey_sound\Collared Brushturkey8.mp3
Collared Brushturkey_sound/Collared Brushturkey9,D:\other\Bird\Code\data\kaggle_wav_cache\Collared Brushturkey_sound\Collared Brushturkey9.wav,Collared Brushturkey_sound,27,43.63455782312925,val,D:\other\Bird\Dataset\CC0\Collared Brushturkey_sound\Collared Brushturkey9.mp3
Colombian Chachalaca_sound/Colombian Chachalaca10,D:\other\Bird\Code\data\kaggle_wav_cache\Colombian Chachalaca_sound\Colombian Chachalaca10.wav,Colombian Chachalaca_sound,28,31.421655328798185,train,D:\other\Bird\Dataset\CC0\Colombian Chachalaca_sound\Colombian Chachalaca10.mp3
Colombian Chachalaca_sound/Colombian Chachalaca11,D:\other\Bird\Code\data\kaggle_wav_cache\Colombian Chachalaca_sound\Colombian Chachalaca11.wav,Colombian Chachalaca_sound,28,31.421655328798185,train,D:\other\Bird\Dataset\CC0\Colombian Chachalaca_sound\Colombian Chachalaca11.mp3
Colombian Chachalaca_sound/Colombian Chachalaca12,D:\other\Bird\Code\data\kaggle_wav_cache\Colombian Chachalaca_sound\Colombian Chachalaca12.wav,Colombian Chachalaca_sound,28,31.421655328798185,test,D:\other\Bird\Dataset\CC0\Colombian Chachalaca_sound\Colombian Chachalaca12.mp3
Colombian Chachalaca_sound/Colombian Chachalaca13,D:\other\Bird\Code\data\kaggle_wav_cache\Colombian Chachalaca_sound\Colombian Chachalaca13.wav,Colombian Chachalaca_sound,28,31.421655328798185,train,D:\other\Bird\Dataset\CC0\Colombian Chachalaca_sound\Colombian Chachalaca13.mp3
Colombian Chachalaca_sound/Colombian Chachalaca14,D:\other\Bird\Code\data\kaggle_wav_cache\Colombian Chachalaca_sound\Colombian Chachalaca14.wav,Colombian Chachalaca_sound,28,82.9920634920635,train,D:\other\Bird\Dataset\CC0\Colombian Chachalaca_sound\Colombian Chachalaca14.mp3
Colombian Chachalaca_sound/Colombian Chachalaca15,D:\other\Bird\Code\data\kaggle_wav_cache\Colombian Chachalaca_sound\Colombian Chachalaca15.wav,Colombian Chachalaca_sound,28,128.39102040816326,train,D:\other\Bird\Dataset\CC0\Colombian Chachalaca_sound\Colombian Chachalaca15.mp3
Colombian Chachalaca_sound/Colombian Chachalaca16,D:\other\Bird\Code\data\kaggle_wav_cache\Colombian Chachalaca_sound\Colombian Chachalaca16.wav,Colombian Chachalaca_sound,28,138.47684807256235,test,D:\other\Bird\Dataset\CC0\Colombian Chachalaca_sound\Colombian Chachalaca16.mp3
Colombian Chachalaca_sound/Colombian Chachalaca17,D:\other\Bird\Code\data\kaggle_wav_cache\Colombian Chachalaca_sound\Colombian Chachalaca17.wav,Colombian Chachalaca_sound,28,138.47684807256235,train,D:\other\Bird\Dataset\CC0\Colombian Chachalaca_sound\Colombian Chachalaca17.mp3
Colombian Chachalaca_sound/Colombian Chachalaca18,D:\other\Bird\Code\data\kaggle_wav_cache\Colombian Chachalaca_sound\Colombian Chachalaca18.wav,Colombian Chachalaca_sound,28,138.47684807256235,val,D:\other\Bird\Dataset\CC0\Colombian Chachalaca_sound\Colombian Chachalaca18.mp3
Colombian Chachalaca_sound/Colombian Chachalaca19,D:\other\Bird\Code\data\kaggle_wav_cache\Colombian Chachalaca_sound\Colombian Chachalaca19.wav,Colombian Chachalaca_sound,28,138.47684807256235,val,D:\other\Bird\Dataset\CC0\Colombian Chachalaca_sound\Colombian Chachalaca19.mp3
Colombian Chachalaca_sound/Colombian Chachalaca2,D:\other\Bird\Code\data\kaggle_wav_cache\Colombian Chachalaca_sound\Colombian Chachalaca2.wav,Colombian Chachalaca_sound,28,18.120875,train,D:\other\Bird\Dataset\CC0\Colombian Chachalaca_sound\Colombian Chachalaca2.mp3
Colombian Chachalaca_sound/Colombian Chachalaca20,D:\other\Bird\Code\data\kaggle_wav_cache\Colombian Chachalaca_sound\Colombian Chachalaca20.wav,Colombian Chachalaca_sound,28,138.47684807256235,train,D:\other\Bird\Dataset\CC0\Colombian Chachalaca_sound\Colombian Chachalaca20.mp3
Colombian Chachalaca_sound/Colombian Chachalaca21,D:\other\Bird\Code\data\kaggle_wav_cache\Colombian Chachalaca_sound\Colombian Chachalaca21.wav,Colombian Chachalaca_sound,28,11.5219375,train,D:\other\Bird\Dataset\CC0\Colombian Chachalaca_sound\Colombian Chachalaca21.mp3
Colombian Chachalaca_sound/Colombian Chachalaca22,D:\other\Bird\Code\data\kaggle_wav_cache\Colombian Chachalaca_sound\Colombian Chachalaca22.wav,Colombian Chachalaca_sound,28,11.4739375,train,D:\other\Bird\Dataset\CC0\Colombian Chachalaca_sound\Colombian Chachalaca22.mp3
Colombian Chachalaca_sound/Colombian Chachalaca23,D:\other\Bird\Code\data\kaggle_wav_cache\Colombian Chachalaca_sound\Colombian Chachalaca23.wav,Colombian Chachalaca_sound,28,11.4739375,train,D:\other\Bird\Dataset\CC0\Colombian Chachalaca_sound\Colombian Chachalaca23.mp3
Colombian Chachalaca_sound/Colombian Chachalaca24,D:\other\Bird\Code\data\kaggle_wav_cache\Colombian Chachalaca_sound\Colombian Chachalaca24.wav,Colombian Chachalaca_sound,28,11.4739375,train,D:\other\Bird\Dataset\CC0\Colombian Chachalaca_sound\Colombian Chachalaca24.mp3
Colombian Chachalaca_sound/Colombian Chachalaca25,D:\other\Bird\Code\data\kaggle_wav_cache\Colombian Chachalaca_sound\Colombian Chachalaca25.wav,Colombian Chachalaca_sound,28,11.4739375,train,D:\other\Bird\Dataset\CC0\Colombian Chachalaca_sound\Colombian Chachalaca25.mp3
Colombian Chachalaca_sound/Colombian Chachalaca26,D:\other\Bird\Code\data\kaggle_wav_cache\Colombian Chachalaca_sound\Colombian Chachalaca26.wav,Colombian Chachalaca_sound,28,11.4739375,train,D:\other\Bird\Dataset\CC0\Colombian Chachalaca_sound\Colombian Chachalaca26.mp3
Colombian Chachalaca_sound/Colombian Chachalaca27,D:\other\Bird\Code\data\kaggle_wav_cache\Colombian Chachalaca_sound\Colombian Chachalaca27.wav,Colombian Chachalaca_sound,28,11.4739375,train,D:\other\Bird\Dataset\CC0\Colombian Chachalaca_sound\Colombian Chachalaca27.mp3
Colombian Chachalaca_sound/Colombian Chachalaca28,D:\other\Bird\Code\data\kaggle_wav_cache\Colombian Chachalaca_sound\Colombian Chachalaca28.wav,Colombian Chachalaca_sound,28,26.55433106575964,test,D:\other\Bird\Dataset\CC0\Colombian Chachalaca_sound\Colombian Chachalaca28.mp3
Colombian Chachalaca_sound/Colombian Chachalaca29,D:\other\Bird\Code\data\kaggle_wav_cache\Colombian Chachalaca_sound\Colombian Chachalaca29.wav,Colombian Chachalaca_sound,28,15.008208616780044,train,D:\other\Bird\Dataset\CC0\Colombian Chachalaca_sound\Colombian Chachalaca29.mp3
Colombian Chachalaca_sound/Colombian Chachalaca3,D:\other\Bird\Code\data\kaggle_wav_cache\Colombian Chachalaca_sound\Colombian Chachalaca3.wav,Colombian Chachalaca_sound,28,18.120875,train,D:\other\Bird\Dataset\CC0\Colombian Chachalaca_sound\Colombian Chachalaca3.mp3
Colombian Chachalaca_sound/Colombian Chachalaca30,D:\other\Bird\Code\data\kaggle_wav_cache\Colombian Chachalaca_sound\Colombian Chachalaca30.wav,Colombian Chachalaca_sound,28,22.79269841269841,train,D:\other\Bird\Dataset\CC0\Colombian Chachalaca_sound\Colombian Chachalaca30.mp3
Colombian Chachalaca_sound/Colombian Chachalaca31,D:\other\Bird\Code\data\kaggle_wav_cache\Colombian Chachalaca_sound\Colombian Chachalaca31.wav,Colombian Chachalaca_sound,28,22.79269841269841,val,D:\other\Bird\Dataset\CC0\Colombian Chachalaca_sound\Colombian Chachalaca31.mp3
Colombian Chachalaca_sound/Colombian Chachalaca4,D:\other\Bird\Code\data\kaggle_wav_cache\Colombian Chachalaca_sound\Colombian Chachalaca4.wav,Colombian Chachalaca_sound,28,13.35467120181406,test,D:\other\Bird\Dataset\CC0\Colombian Chachalaca_sound\Colombian Chachalaca4.mp3
Colombian Chachalaca_sound/Colombian Chachalaca5,D:\other\Bird\Code\data\kaggle_wav_cache\Colombian Chachalaca_sound\Colombian Chachalaca5.wav,Colombian Chachalaca_sound,28,13.35467120181406,train,D:\other\Bird\Dataset\CC0\Colombian Chachalaca_sound\Colombian Chachalaca5.mp3
Colombian Chachalaca_sound/Colombian Chachalaca6,D:\other\Bird\Code\data\kaggle_wav_cache\Colombian Chachalaca_sound\Colombian Chachalaca6.wav,Colombian Chachalaca_sound,28,31.421655328798185,train,D:\other\Bird\Dataset\CC0\Colombian Chachalaca_sound\Colombian Chachalaca6.mp3
Colombian Chachalaca_sound/Colombian Chachalaca7,D:\other\Bird\Code\data\kaggle_wav_cache\Colombian Chachalaca_sound\Colombian Chachalaca7.wav,Colombian Chachalaca_sound,28,31.421655328798185,train,D:\other\Bird\Dataset\CC0\Colombian Chachalaca_sound\Colombian Chachalaca7.mp3
Colombian Chachalaca_sound/Colombian Chachalaca8,D:\other\Bird\Code\data\kaggle_wav_cache\Colombian Chachalaca_sound\Colombian Chachalaca8.wav,Colombian Chachalaca_sound,28,31.421655328798185,train,D:\other\Bird\Dataset\CC0\Colombian Chachalaca_sound\Colombian Chachalaca8.mp3
Colombian Chachalaca_sound/Colombian Chachalaca9,D:\other\Bird\Code\data\kaggle_wav_cache\Colombian Chachalaca_sound\Colombian Chachalaca9.wav,Colombian Chachalaca_sound,28,31.421655328798185,val,D:\other\Bird\Dataset\CC0\Colombian Chachalaca_sound\Colombian Chachalaca9.mp3
Common Ostrich_sound/Common Ostrich2,D:\other\Bird\Code\data\kaggle_wav_cache\Common Ostrich_sound\Common Ostrich2.wav,Common Ostrich_sound,29,53.68879166666667,train,D:\other\Bird\Dataset\CC0\Common Ostrich_sound\Common Ostrich2.mp3
Common Ostrich_sound/Common Ostrich3,D:\other\Bird\Code\data\kaggle_wav_cache\Common Ostrich_sound\Common Ostrich3.wav,Common Ostrich_sound,29,26.860541666666663,train,D:\other\Bird\Dataset\CC0\Common Ostrich_sound\Common Ostrich3.mp3
Common Ostrich_sound/Common Ostrich4,D:\other\Bird\Code\data\kaggle_wav_cache\Common Ostrich_sound\Common Ostrich4.wav,Common Ostrich_sound,29,4.7820833333333335,test,D:\other\Bird\Dataset\CC0\Common Ostrich_sound\Common Ostrich4.mp3
Common Ostrich_sound/Common Ostrich5,D:\other\Bird\Code\data\kaggle_wav_cache\Common Ostrich_sound\Common Ostrich5.wav,Common Ostrich_sound,29,12.071065759637188,train,D:\other\Bird\Dataset\CC0\Common Ostrich_sound\Common Ostrich5.mp3
Common Ostrich_sound/Common Ostrich6,D:\other\Bird\Code\data\kaggle_wav_cache\Common Ostrich_sound\Common Ostrich6.wav,Common Ostrich_sound,29,107.46195011337868,train,D:\other\Bird\Dataset\CC0\Common Ostrich_sound\Common Ostrich6.mp3
Common Ostrich_sound/Common Ostrich7,D:\other\Bird\Code\data\kaggle_wav_cache\Common Ostrich_sound\Common Ostrich7.wav,Common Ostrich_sound,29,11.65,train,D:\other\Bird\Dataset\CC0\Common Ostrich_sound\Common Ostrich7.mp3
Common Ostrich_sound/Common Ostrich8,D:\other\Bird\Code\data\kaggle_wav_cache\Common Ostrich_sound\Common Ostrich8.wav,Common Ostrich_sound,29,9.447979166666666,val,D:\other\Bird\Dataset\CC0\Common Ostrich_sound\Common Ostrich8.mp3
Crested Guan_sound/Crested Guan10,D:\other\Bird\Code\data\kaggle_wav_cache\Crested Guan_sound\Crested Guan10.wav,Crested Guan_sound,30,70.88929705215419,train,D:\other\Bird\Dataset\CC0\Crested Guan_sound\Crested Guan10.mp3
Crested Guan_sound/Crested Guan11,D:\other\Bird\Code\data\kaggle_wav_cache\Crested Guan_sound\Crested Guan11.wav,Crested Guan_sound,30,70.88929705215419,test,D:\other\Bird\Dataset\CC0\Crested Guan_sound\Crested Guan11.mp3
Crested Guan_sound/Crested Guan12,D:\other\Bird\Code\data\kaggle_wav_cache\Crested Guan_sound\Crested Guan12.wav,Crested Guan_sound,30,61.0260625,val,D:\other\Bird\Dataset\CC0\Crested Guan_sound\Crested Guan12.mp3
Crested Guan_sound/Crested Guan13,D:\other\Bird\Code\data\kaggle_wav_cache\Crested Guan_sound\Crested Guan13.wav,Crested Guan_sound,30,189.88408163265305,train,D:\other\Bird\Dataset\CC0\Crested Guan_sound\Crested Guan13.mp3
Crested Guan_sound/Crested Guan14,D:\other\Bird\Code\data\kaggle_wav_cache\Crested Guan_sound\Crested Guan14.wav,Crested Guan_sound,30,29.45185941043084,val,D:\other\Bird\Dataset\CC0\Crested Guan_sound\Crested Guan14.mp3
Crested Guan_sound/Crested Guan15,D:\other\Bird\Code\data\kaggle_wav_cache\Crested Guan_sound\Crested Guan15.wav,Crested Guan_sound,30,29.559047619047615,test,D:\other\Bird\Dataset\CC0\Crested Guan_sound\Crested Guan15.mp3
Crested Guan_sound/Crested Guan16,D:\other\Bird\Code\data\kaggle_wav_cache\Crested Guan_sound\Crested Guan16.wav,Crested Guan_sound,30,29.559047619047615,train,D:\other\Bird\Dataset\CC0\Crested Guan_sound\Crested Guan16.mp3
Crested Guan_sound/Crested Guan17,D:\other\Bird\Code\data\kaggle_wav_cache\Crested Guan_sound\Crested Guan17.wav,Crested Guan_sound,30,52.61947845804988,val,D:\other\Bird\Dataset\CC0\Crested Guan_sound\Crested Guan17.mp3
Crested Guan_sound/Crested Guan18,D:\other\Bird\Code\data\kaggle_wav_cache\Crested Guan_sound\Crested Guan18.wav,Crested Guan_sound,30,30.26439909297052,train,D:\other\Bird\Dataset\CC0\Crested Guan_sound\Crested Guan18.mp3
Crested Guan_sound/Crested Guan19,D:\other\Bird\Code\data\kaggle_wav_cache\Crested Guan_sound\Crested Guan19.wav,Crested Guan_sound,30,32.244897959183675,val,D:\other\Bird\Dataset\CC0\Crested Guan_sound\Crested Guan19.mp3
Crested Guan_sound/Crested Guan2,D:\other\Bird\Code\data\kaggle_wav_cache\Crested Guan_sound\Crested Guan2.wav,Crested Guan_sound,30,18.530294784580494,train,D:\other\Bird\Dataset\CC0\Crested Guan_sound\Crested Guan2.mp3
Crested Guan_sound/Crested Guan20,D:\other\Bird\Code\data\kaggle_wav_cache\Crested Guan_sound\Crested Guan20.wav,Crested Guan_sound,30,33.05437641723356,train,D:\other\Bird\Dataset\CC0\Crested Guan_sound\Crested Guan20.mp3
Crested Guan_sound/Crested Guan21,D:\other\Bird\Code\data\kaggle_wav_cache\Crested Guan_sound\Crested Guan21.wav,Crested Guan_sound,30,13.233514739229024,train,D:\other\Bird\Dataset\CC0\Crested Guan_sound\Crested Guan21.mp3
Crested Guan_sound/Crested Guan22,D:\other\Bird\Code\data\kaggle_wav_cache\Crested Guan_sound\Crested Guan22.wav,Crested Guan_sound,30,37.88873015873016,train,D:\other\Bird\Dataset\CC0\Crested Guan_sound\Crested Guan22.mp3
Crested Guan_sound/Crested Guan23,D:\other\Bird\Code\data\kaggle_wav_cache\Crested Guan_sound\Crested Guan23.wav,Crested Guan_sound,30,131.52,test,D:\other\Bird\Dataset\CC0\Crested Guan_sound\Crested Guan23.mp3
Crested Guan_sound/Crested Guan24,D:\other\Bird\Code\data\kaggle_wav_cache\Crested Guan_sound\Crested Guan24.wav,Crested Guan_sound,30,131.52,train,D:\other\Bird\Dataset\CC0\Crested Guan_sound\Crested Guan24.mp3
Crested Guan_sound/Crested Guan25,D:\other\Bird\Code\data\kaggle_wav_cache\Crested Guan_sound\Crested Guan25.wav,Crested Guan_sound,30,131.52,train,D:\other\Bird\Dataset\CC0\Crested Guan_sound\Crested Guan25.mp3
Crested Guan_sound/Crested Guan26,D:\other\Bird\Code\data\kaggle_wav_cache\Crested Guan_sound\Crested Guan26.wav,Crested Guan_sound,30,68.05115646258503,train,D:\other\Bird\Dataset\CC0\Crested Guan_sound\Crested Guan26.mp3
Crested Guan_sound/Crested Guan27,D:\other\Bird\Code\data\kaggle_wav_cache\Crested Guan_sound\Crested Guan27.wav,Crested Guan_sound,30,24.968866213151927,train,D:\other\Bird\Dataset\CC0\Crested Guan_sound\Crested Guan27.mp3
Crested Guan_sound/Crested Guan28,D:\other\Bird\Code\data\kaggle_wav_cache\Crested Guan_sound\Crested Guan28.wav,Crested Guan_sound,30,11.078666666666669,test,D:\other\Bird\Dataset\CC0\Crested Guan_sound\Crested Guan28.mp3
Crested Guan_sound/Crested Guan29,D:\other\Bird\Code\data\kaggle_wav_cache\Crested Guan_sound\Crested Guan29.wav,Crested Guan_sound,30,90.3965,train,D:\other\Bird\Dataset\CC0\Crested Guan_sound\Crested Guan29.mp3
Crested Guan_sound/Crested Guan3,D:\other\Bird\Code\data\kaggle_wav_cache\Crested Guan_sound\Crested Guan3.wav,Crested Guan_sound,30,18.530294784580494,train,D:\other\Bird\Dataset\CC0\Crested Guan_sound\Crested Guan3.mp3
Crested Guan_sound/Crested Guan30,D:\other\Bird\Code\data\kaggle_wav_cache\Crested Guan_sound\Crested Guan30.wav,Crested Guan_sound,30,36.37444444444444,train,D:\other\Bird\Dataset\CC0\Crested Guan_sound\Crested Guan30.mp3
Crested Guan_sound/Crested Guan31,D:\other\Bird\Code\data\kaggle_wav_cache\Crested Guan_sound\Crested Guan31.wav,Crested Guan_sound,30,21.448820861678005,train,D:\other\Bird\Dataset\CC0\Crested Guan_sound\Crested Guan31.mp3
Crested Guan_sound/Crested Guan4,D:\other\Bird\Code\data\kaggle_wav_cache\Crested Guan_sound\Crested Guan4.wav,Crested Guan_sound,30,18.530294784580494,train,D:\other\Bird\Dataset\CC0\Crested Guan_sound\Crested Guan4.mp3
Crested Guan_sound/Crested Guan5,D:\other\Bird\Code\data\kaggle_wav_cache\Crested Guan_sound\Crested Guan5.wav,Crested Guan_sound,30,18.530294784580494,train,D:\other\Bird\Dataset\CC0\Crested Guan_sound\Crested Guan5.mp3
Crested Guan_sound/Crested Guan6,D:\other\Bird\Code\data\kaggle_wav_cache\Crested Guan_sound\Crested Guan6.wav,Crested Guan_sound,30,136.83097505668934,train,D:\other\Bird\Dataset\CC0\Crested Guan_sound\Crested Guan6.mp3
Crested Guan_sound/Crested Guan7,D:\other\Bird\Code\data\kaggle_wav_cache\Crested Guan_sound\Crested Guan7.wav,Crested Guan_sound,30,70.88929705215419,train,D:\other\Bird\Dataset\CC0\Crested Guan_sound\Crested Guan7.mp3
Crested Guan_sound/Crested Guan8,D:\other\Bird\Code\data\kaggle_wav_cache\Crested Guan_sound\Crested Guan8.wav,Crested Guan_sound,30,70.88929705215419,train,D:\other\Bird\Dataset\CC0\Crested Guan_sound\Crested Guan8.mp3
Crested Guan_sound/Crested Guan9,D:\other\Bird\Code\data\kaggle_wav_cache\Crested Guan_sound\Crested Guan9.wav,Crested Guan_sound,30,70.88929705215419,train,D:\other\Bird\Dataset\CC0\Crested Guan_sound\Crested Guan9.mp3
Curve-billed Tinamou_sound/Curve-billed Tinamou2,D:\other\Bird\Code\data\kaggle_wav_cache\Curve-billed Tinamou_sound\Curve-billed Tinamou2.wav,Curve-billed Tinamou_sound,31,15.03201814058957,train,D:\other\Bird\Dataset\CC0\Curve-billed Tinamou_sound\Curve-billed Tinamou2.mp3
Curve-billed Tinamou_sound/Curve-billed Tinamou3,D:\other\Bird\Code\data\kaggle_wav_cache\Curve-billed Tinamou_sound\Curve-billed Tinamou3.wav,Curve-billed Tinamou_sound,31,50.13378684807256,train,D:\other\Bird\Dataset\CC0\Curve-billed Tinamou_sound\Curve-billed Tinamou3.mp3
Curve-billed Tinamou_sound/Curve-billed Tinamou4,D:\other\Bird\Code\data\kaggle_wav_cache\Curve-billed Tinamou_sound\Curve-billed Tinamou4.wav,Curve-billed Tinamou_sound,31,9.016598639455784,train,D:\other\Bird\Dataset\CC0\Curve-billed Tinamou_sound\Curve-billed Tinamou4.mp3
Curve-billed Tinamou_sound/Curve-billed Tinamou5,D:\other\Bird\Code\data\kaggle_wav_cache\Curve-billed Tinamou_sound\Curve-billed Tinamou5.wav,Curve-billed Tinamou_sound,31,5.000997732426304,val,D:\other\Bird\Dataset\CC0\Curve-billed Tinamou_sound\Curve-billed Tinamou5.mp3
Curve-billed Tinamou_sound/Curve-billed Tinamou6,D:\other\Bird\Code\data\kaggle_wav_cache\Curve-billed Tinamou_sound\Curve-billed Tinamou6.wav,Curve-billed Tinamou_sound,31,4.375958333333333,test,D:\other\Bird\Dataset\CC0\Curve-billed Tinamou_sound\Curve-billed Tinamou6.mp3
Curve-billed Tinamou_sound/Curve-billed Tinamou7,D:\other\Bird\Code\data\kaggle_wav_cache\Curve-billed Tinamou_sound\Curve-billed Tinamou7.wav,Curve-billed Tinamou_sound,31,4.375958333333333,train,D:\other\Bird\Dataset\CC0\Curve-billed Tinamou_sound\Curve-billed Tinamou7.mp3
Curve-billed Tinamou_sound/Curve-billed Tinamou8,D:\other\Bird\Code\data\kaggle_wav_cache\Curve-billed Tinamou_sound\Curve-billed Tinamou8.wav,Curve-billed Tinamou_sound,31,4.375958333333333,train,D:\other\Bird\Dataset\CC0\Curve-billed Tinamou_sound\Curve-billed Tinamou8.mp3
Curve-billed Tinamou_sound/Curve-billed Tinamou9,D:\other\Bird\Code\data\kaggle_wav_cache\Curve-billed Tinamou_sound\Curve-billed Tinamou9.wav,Curve-billed Tinamou_sound,31,11.315192743764172,train,D:\other\Bird\Dataset\CC0\Curve-billed Tinamou_sound\Curve-billed Tinamou9.mp3
Darwins Nothura_sound/Darwins Nothura10,D:\other\Bird\Code\data\kaggle_wav_cache\Darwins Nothura_sound\Darwins Nothura10.wav,Darwins Nothura_sound,32,58.0,train,D:\other\Bird\Dataset\CC0\Darwins Nothura_sound\Darwins Nothura10.mp3
Darwins Nothura_sound/Darwins Nothura11,D:\other\Bird\Code\data\kaggle_wav_cache\Darwins Nothura_sound\Darwins Nothura11.wav,Darwins Nothura_sound,32,14.876031746031746,train,D:\other\Bird\Dataset\CC0\Darwins Nothura_sound\Darwins Nothura11.mp3
Darwins Nothura_sound/Darwins Nothura12,D:\other\Bird\Code\data\kaggle_wav_cache\Darwins Nothura_sound\Darwins Nothura12.wav,Darwins Nothura_sound,32,23.286643990929704,train,D:\other\Bird\Dataset\CC0\Darwins Nothura_sound\Darwins Nothura12.mp3
Darwins Nothura_sound/Darwins Nothura13,D:\other\Bird\Code\data\kaggle_wav_cache\Darwins Nothura_sound\Darwins Nothura13.wav,Darwins Nothura_sound,32,23.286643990929704,train,D:\other\Bird\Dataset\CC0\Darwins Nothura_sound\Darwins Nothura13.mp3
Darwins Nothura_sound/Darwins Nothura14,D:\other\Bird\Code\data\kaggle_wav_cache\Darwins Nothura_sound\Darwins Nothura14.wav,Darwins Nothura_sound,32,103.75142857142858,train,D:\other\Bird\Dataset\CC0\Darwins Nothura_sound\Darwins Nothura14.mp3
Darwins Nothura_sound/Darwins Nothura15,D:\other\Bird\Code\data\kaggle_wav_cache\Darwins Nothura_sound\Darwins Nothura15.wav,Darwins Nothura_sound,32,53.56963718820862,train,D:\other\Bird\Dataset\CC0\Darwins Nothura_sound\Darwins Nothura15.mp3
Darwins Nothura_sound/Darwins Nothura16,D:\other\Bird\Code\data\kaggle_wav_cache\Darwins Nothura_sound\Darwins Nothura16.wav,Darwins Nothura_sound,32,64.76503401360544,train,D:\other\Bird\Dataset\CC0\Darwins Nothura_sound\Darwins Nothura16.mp3
Darwins Nothura_sound/Darwins Nothura17,D:\other\Bird\Code\data\kaggle_wav_cache\Darwins Nothura_sound\Darwins Nothura17.wav,Darwins Nothura_sound,32,17.305192743764174,val,D:\other\Bird\Dataset\CC0\Darwins Nothura_sound\Darwins Nothura17.mp3
Darwins Nothura_sound/Darwins Nothura18,D:\other\Bird\Code\data\kaggle_wav_cache\Darwins Nothura_sound\Darwins Nothura18.wav,Darwins Nothura_sound,32,58.13174603174603,train,D:\other\Bird\Dataset\CC0\Darwins Nothura_sound\Darwins Nothura18.mp3
Darwins Nothura_sound/Darwins Nothura19,D:\other\Bird\Code\data\kaggle_wav_cache\Darwins Nothura_sound\Darwins Nothura19.wav,Darwins Nothura_sound,32,11.976734693877551,train,D:\other\Bird\Dataset\CC0\Darwins Nothura_sound\Darwins Nothura19.mp3
Darwins Nothura_sound/Darwins Nothura2,D:\other\Bird\Code\data\kaggle_wav_cache\Darwins Nothura_sound\Darwins Nothura2.wav,Darwins Nothura_sound,32,36.41025,test,D:\other\Bird\Dataset\CC0\Darwins Nothura_sound\Darwins Nothura2.mp3
Darwins Nothura_sound/Darwins Nothura20,D:\other\Bird\Code\data\kaggle_wav_cache\Darwins Nothura_sound\Darwins Nothura20.wav,Darwins Nothura_sound,32,15.319546485260773,train,D:\other\Bird\Dataset\CC0\Darwins Nothura_sound\Darwins Nothura20.mp3
Darwins Nothura_sound/Darwins Nothura21,D:\other\Bird\Code\data\kaggle_wav_cache\Darwins Nothura_sound\Darwins Nothura21.wav,Darwins Nothura_sound,32,55.5740589569161,val,D:\other\Bird\Dataset\CC0\Darwins Nothura_sound\Darwins Nothura21.mp3
Darwins Nothura_sound/Darwins Nothura3,D:\other\Bird\Code\data\kaggle_wav_cache\Darwins Nothura_sound\Darwins Nothura3.wav,Darwins Nothura_sound,32,12.991043083900228,train,D:\other\Bird\Dataset\CC0\Darwins Nothura_sound\Darwins Nothura3.mp3
Darwins Nothura_sound/Darwins Nothura4,D:\other\Bird\Code\data\kaggle_wav_cache\Darwins Nothura_sound\Darwins Nothura4.wav,Darwins Nothura_sound,32,173.799,train,D:\other\Bird\Dataset\CC0\Darwins Nothura_sound\Darwins Nothura4.mp3
Darwins Nothura_sound/Darwins Nothura5,D:\other\Bird\Code\data\kaggle_wav_cache\Darwins Nothura_sound\Darwins Nothura5.wav,Darwins Nothura_sound,32,173.799,train,D:\other\Bird\Dataset\CC0\Darwins Nothura_sound\Darwins Nothura5.mp3
Darwins Nothura_sound/Darwins Nothura6,D:\other\Bird\Code\data\kaggle_wav_cache\Darwins Nothura_sound\Darwins Nothura6.wav,Darwins Nothura_sound,32,75.294,train,D:\other\Bird\Dataset\CC0\Darwins Nothura_sound\Darwins Nothura6.mp3
Darwins Nothura_sound/Darwins Nothura7,D:\other\Bird\Code\data\kaggle_wav_cache\Darwins Nothura_sound\Darwins Nothura7.wav,Darwins Nothura_sound,32,112.4956875,test,D:\other\Bird\Dataset\CC0\Darwins Nothura_sound\Darwins Nothura7.mp3
Darwins Nothura_sound/Darwins Nothura8,D:\other\Bird\Code\data\kaggle_wav_cache\Darwins Nothura_sound\Darwins Nothura8.wav,Darwins Nothura_sound,32,12.245034013605444,val,D:\other\Bird\Dataset\CC0\Darwins Nothura_sound\Darwins Nothura8.mp3
Darwins Nothura_sound/Darwins Nothura9,D:\other\Bird\Code\data\kaggle_wav_cache\Darwins Nothura_sound\Darwins Nothura9.wav,Darwins Nothura_sound,32,12.245034013605444,test,D:\other\Bird\Dataset\CC0\Darwins Nothura_sound\Darwins Nothura9.mp3
Dusky Megapode_sound/Dusky Megapode10,D:\other\Bird\Code\data\kaggle_wav_cache\Dusky Megapode_sound\Dusky Megapode10.wav,Dusky Megapode_sound,33,27.10015873015873,train,D:\other\Bird\Dataset\CC0\Dusky Megapode_sound\Dusky Megapode10.mp3
Dusky Megapode_sound/Dusky Megapode11,D:\other\Bird\Code\data\kaggle_wav_cache\Dusky Megapode_sound\Dusky Megapode11.wav,Dusky Megapode_sound,33,27.10015873015873,train,D:\other\Bird\Dataset\CC0\Dusky Megapode_sound\Dusky Megapode11.mp3
Dusky Megapode_sound/Dusky Megapode12,D:\other\Bird\Code\data\kaggle_wav_cache\Dusky Megapode_sound\Dusky Megapode12.wav,Dusky Megapode_sound,33,27.10015873015873,test,D:\other\Bird\Dataset\CC0\Dusky Megapode_sound\Dusky Megapode12.mp3
Dusky Megapode_sound/Dusky Megapode13,D:\other\Bird\Code\data\kaggle_wav_cache\Dusky Megapode_sound\Dusky Megapode13.wav,Dusky Megapode_sound,33,27.10015873015873,train,D:\other\Bird\Dataset\CC0\Dusky Megapode_sound\Dusky Megapode13.mp3
Dusky Megapode_sound/Dusky Megapode14,D:\other\Bird\Code\data\kaggle_wav_cache\Dusky Megapode_sound\Dusky Megapode14.wav,Dusky Megapode_sound,33,159.65428571428572,train,D:\other\Bird\Dataset\CC0\Dusky Megapode_sound\Dusky Megapode14.mp3
Dusky Megapode_sound/Dusky Megapode15,D:\other\Bird\Code\data\kaggle_wav_cache\Dusky Megapode_sound\Dusky Megapode15.wav,Dusky Megapode_sound,33,39.30925170068027,train,D:\other\Bird\Dataset\CC0\Dusky Megapode_sound\Dusky Megapode15.mp3
Dusky Megapode_sound/Dusky Megapode16,D:\other\Bird\Code\data\kaggle_wav_cache\Dusky Megapode_sound\Dusky Megapode16.wav,Dusky Megapode_sound,33,173.5397732426304,train,D:\other\Bird\Dataset\CC0\Dusky Megapode_sound\Dusky Megapode16.mp3
Dusky Megapode_sound/Dusky Megapode17,D:\other\Bird\Code\data\kaggle_wav_cache\Dusky Megapode_sound\Dusky Megapode17.wav,Dusky Megapode_sound,33,124.68448979591837,train,D:\other\Bird\Dataset\CC0\Dusky Megapode_sound\Dusky Megapode17.mp3
Dusky Megapode_sound/Dusky Megapode18,D:\other\Bird\Code\data\kaggle_wav_cache\Dusky Megapode_sound\Dusky Megapode18.wav,Dusky Megapode_sound,33,124.68448979591837,train,D:\other\Bird\Dataset\CC0\Dusky Megapode_sound\Dusky Megapode18.mp3
Dusky Megapode_sound/Dusky Megapode19,D:\other\Bird\Code\data\kaggle_wav_cache\Dusky Megapode_sound\Dusky Megapode19.wav,Dusky Megapode_sound,33,8.327437641723357,val,D:\other\Bird\Dataset\CC0\Dusky Megapode_sound\Dusky Megapode19.mp3
Dusky Megapode_sound/Dusky Megapode2,D:\other\Bird\Code\data\kaggle_wav_cache\Dusky Megapode_sound\Dusky Megapode2.wav,Dusky Megapode_sound,33,27.10015873015873,train,D:\other\Bird\Dataset\CC0\Dusky Megapode_sound\Dusky Megapode2.mp3
Dusky Megapode_sound/Dusky Megapode20,D:\other\Bird\Code\data\kaggle_wav_cache\Dusky Megapode_sound\Dusky Megapode20.wav,Dusky Megapode_sound,33,50.87136054421769,test,D:\other\Bird\Dataset\CC0\Dusky Megapode_sound\Dusky Megapode20.mp3
Dusky Megapode_sound/Dusky Megapode21,D:\other\Bird\Code\data\kaggle_wav_cache\Dusky Megapode_sound\Dusky Megapode21.wav,Dusky Megapode_sound,33,50.87136054421769,train,D:\other\Bird\Dataset\CC0\Dusky Megapode_sound\Dusky Megapode21.mp3
Dusky Megapode_sound/Dusky Megapode22,D:\other\Bird\Code\data\kaggle_wav_cache\Dusky Megapode_sound\Dusky Megapode22.wav,Dusky Megapode_sound,33,67.47133786848073,val,D:\other\Bird\Dataset\CC0\Dusky Megapode_sound\Dusky Megapode22.mp3
Dusky Megapode_sound/Dusky Megapode23,D:\other\Bird\Code\data\kaggle_wav_cache\Dusky Megapode_sound\Dusky Megapode23.wav,Dusky Megapode_sound,33,67.47133786848073,train,D:\other\Bird\Dataset\CC0\Dusky Megapode_sound\Dusky Megapode23.mp3
Dusky Megapode_sound/Dusky Megapode24,D:\other\Bird\Code\data\kaggle_wav_cache\Dusky Megapode_sound\Dusky Megapode24.wav,Dusky Megapode_sound,33,67.47133786848073,test,D:\other\Bird\Dataset\CC0\Dusky Megapode_sound\Dusky Megapode24.mp3
Dusky Megapode_sound/Dusky Megapode25,D:\other\Bird\Code\data\kaggle_wav_cache\Dusky Megapode_sound\Dusky Megapode25.wav,Dusky Megapode_sound,33,67.47133786848073,train,D:\other\Bird\Dataset\CC0\Dusky Megapode_sound\Dusky Megapode25.mp3
Dusky Megapode_sound/Dusky Megapode26,D:\other\Bird\Code\data\kaggle_wav_cache\Dusky Megapode_sound\Dusky Megapode26.wav,Dusky Megapode_sound,33,4.5,train,D:\other\Bird\Dataset\CC0\Dusky Megapode_sound\Dusky Megapode26.mp3
Dusky Megapode_sound/Dusky Megapode27,D:\other\Bird\Code\data\kaggle_wav_cache\Dusky Megapode_sound\Dusky Megapode27.wav,Dusky Megapode_sound,33,6.0,train,D:\other\Bird\Dataset\CC0\Dusky Megapode_sound\Dusky Megapode27.mp3
Dusky Megapode_sound/Dusky Megapode28,D:\other\Bird\Code\data\kaggle_wav_cache\Dusky Megapode_sound\Dusky Megapode28.wav,Dusky Megapode_sound,33,6.0,val,D:\other\Bird\Dataset\CC0\Dusky Megapode_sound\Dusky Megapode28.mp3
Dusky Megapode_sound/Dusky Megapode29,D:\other\Bird\Code\data\kaggle_wav_cache\Dusky Megapode_sound\Dusky Megapode29.wav,Dusky Megapode_sound,33,6.0,val,D:\other\Bird\Dataset\CC0\Dusky Megapode_sound\Dusky Megapode29.mp3
Dusky Megapode_sound/Dusky Megapode3,D:\other\Bird\Code\data\kaggle_wav_cache\Dusky Megapode_sound\Dusky Megapode3.wav,Dusky Megapode_sound,33,27.10015873015873,train,D:\other\Bird\Dataset\CC0\Dusky Megapode_sound\Dusky Megapode3.mp3
Dusky Megapode_sound/Dusky Megapode30,D:\other\Bird\Code\data\kaggle_wav_cache\Dusky Megapode_sound\Dusky Megapode30.wav,Dusky Megapode_sound,33,6.0,train,D:\other\Bird\Dataset\CC0\Dusky Megapode_sound\Dusky Megapode30.mp3
Dusky Megapode_sound/Dusky Megapode31,D:\other\Bird\Code\data\kaggle_wav_cache\Dusky Megapode_sound\Dusky Megapode31.wav,Dusky Megapode_sound,33,6.0,test,D:\other\Bird\Dataset\CC0\Dusky Megapode_sound\Dusky Megapode31.mp3
Dusky Megapode_sound/Dusky Megapode4,D:\other\Bird\Code\data\kaggle_wav_cache\Dusky Megapode_sound\Dusky Megapode4.wav,Dusky Megapode_sound,33,27.10015873015873,train,D:\other\Bird\Dataset\CC0\Dusky Megapode_sound\Dusky Megapode4.mp3
Dusky Megapode_sound/Dusky Megapode5,D:\other\Bird\Code\data\kaggle_wav_cache\Dusky Megapode_sound\Dusky Megapode5.wav,Dusky Megapode_sound,33,27.10015873015873,train,D:\other\Bird\Dataset\CC0\Dusky Megapode_sound\Dusky Megapode5.mp3
Dusky Megapode_sound/Dusky Megapode6,D:\other\Bird\Code\data\kaggle_wav_cache\Dusky Megapode_sound\Dusky Megapode6.wav,Dusky Megapode_sound,33,27.10015873015873,train,D:\other\Bird\Dataset\CC0\Dusky Megapode_sound\Dusky Megapode6.mp3
Dusky Megapode_sound/Dusky Megapode7,D:\other\Bird\Code\data\kaggle_wav_cache\Dusky Megapode_sound\Dusky Megapode7.wav,Dusky Megapode_sound,33,27.10015873015873,train,D:\other\Bird\Dataset\CC0\Dusky Megapode_sound\Dusky Megapode7.mp3
Dusky Megapode_sound/Dusky Megapode8,D:\other\Bird\Code\data\kaggle_wav_cache\Dusky Megapode_sound\Dusky Megapode8.wav,Dusky Megapode_sound,33,27.10015873015873,train,D:\other\Bird\Dataset\CC0\Dusky Megapode_sound\Dusky Megapode8.mp3
Dusky Megapode_sound/Dusky Megapode9,D:\other\Bird\Code\data\kaggle_wav_cache\Dusky Megapode_sound\Dusky Megapode9.wav,Dusky Megapode_sound,33,27.10015873015873,train,D:\other\Bird\Dataset\CC0\Dusky Megapode_sound\Dusky Megapode9.mp3
Dusky-legged Guan_sound/Dusky-legged Guan10,D:\other\Bird\Code\data\kaggle_wav_cache\Dusky-legged Guan_sound\Dusky-legged Guan10.wav,Dusky-legged Guan_sound,34,52.1361875,train,D:\other\Bird\Dataset\CC0\Dusky-legged Guan_sound\Dusky-legged Guan10.mp3
Dusky-legged Guan_sound/Dusky-legged Guan11,D:\other\Bird\Code\data\kaggle_wav_cache\Dusky-legged Guan_sound\Dusky-legged Guan11.wav,Dusky-legged Guan_sound,34,74.5775,train,D:\other\Bird\Dataset\CC0\Dusky-legged Guan_sound\Dusky-legged Guan11.mp3
Dusky-legged Guan_sound/Dusky-legged Guan12,D:\other\Bird\Code\data\kaggle_wav_cache\Dusky-legged Guan_sound\Dusky-legged Guan12.wav,Dusky-legged Guan_sound,34,74.5775,val,D:\other\Bird\Dataset\CC0\Dusky-legged Guan_sound\Dusky-legged Guan12.mp3
Dusky-legged Guan_sound/Dusky-legged Guan13,D:\other\Bird\Code\data\kaggle_wav_cache\Dusky-legged Guan_sound\Dusky-legged Guan13.wav,Dusky-legged Guan_sound,34,71.08791383219955,test,D:\other\Bird\Dataset\CC0\Dusky-legged Guan_sound\Dusky-legged Guan13.mp3
Dusky-legged Guan_sound/Dusky-legged Guan14,D:\other\Bird\Code\data\kaggle_wav_cache\Dusky-legged Guan_sound\Dusky-legged Guan14.wav,Dusky-legged Guan_sound,34,71.08791383219955,test,D:\other\Bird\Dataset\CC0\Dusky-legged Guan_sound\Dusky-legged Guan14.mp3
Dusky-legged Guan_sound/Dusky-legged Guan15,D:\other\Bird\Code\data\kaggle_wav_cache\Dusky-legged Guan_sound\Dusky-legged Guan15.wav,Dusky-legged Guan_sound,34,7.692312925170068,train,D:\other\Bird\Dataset\CC0\Dusky-legged Guan_sound\Dusky-legged Guan15.mp3
Dusky-legged Guan_sound/Dusky-legged Guan16,D:\other\Bird\Code\data\kaggle_wav_cache\Dusky-legged Guan_sound\Dusky-legged Guan16.wav,Dusky-legged Guan_sound,34,9.442335600907027,train,D:\other\Bird\Dataset\CC0\Dusky-legged Guan_sound\Dusky-legged Guan16.mp3
Dusky-legged Guan_sound/Dusky-legged Guan17,D:\other\Bird\Code\data\kaggle_wav_cache\Dusky-legged Guan_sound\Dusky-legged Guan17.wav,Dusky-legged Guan_sound,34,70.68907029478459,train,D:\other\Bird\Dataset\CC0\Dusky-legged Guan_sound\Dusky-legged Guan17.mp3
Dusky-legged Guan_sound/Dusky-legged Guan18,D:\other\Bird\Code\data\kaggle_wav_cache\Dusky-legged Guan_sound\Dusky-legged Guan18.wav,Dusky-legged Guan_sound,34,29.72154195011338,test,D:\other\Bird\Dataset\CC0\Dusky-legged Guan_sound\Dusky-legged Guan18.mp3
Dusky-legged Guan_sound/Dusky-legged Guan19,D:\other\Bird\Code\data\kaggle_wav_cache\Dusky-legged Guan_sound\Dusky-legged Guan19.wav,Dusky-legged Guan_sound,34,29.72154195011338,train,D:\other\Bird\Dataset\CC0\Dusky-legged Guan_sound\Dusky-legged Guan19.mp3
Dusky-legged Guan_sound/Dusky-legged Guan2,D:\other\Bird\Code\data\kaggle_wav_cache\Dusky-legged Guan_sound\Dusky-legged Guan2.wav,Dusky-legged Guan_sound,34,60.62975,train,D:\other\Bird\Dataset\CC0\Dusky-legged Guan_sound\Dusky-legged Guan2.mp3
Dusky-legged Guan_sound/Dusky-legged Guan20,D:\other\Bird\Code\data\kaggle_wav_cache\Dusky-legged Guan_sound\Dusky-legged Guan20.wav,Dusky-legged Guan_sound,34,29.72154195011338,train,D:\other\Bird\Dataset\CC0\Dusky-legged Guan_sound\Dusky-legged Guan20.mp3
Dusky-legged Guan_sound/Dusky-legged Guan21,D:\other\Bird\Code\data\kaggle_wav_cache\Dusky-legged Guan_sound\Dusky-legged Guan21.wav,Dusky-legged Guan_sound,34,72.999625,train,D:\other\Bird\Dataset\CC0\Dusky-legged Guan_sound\Dusky-legged Guan21.mp3
Dusky-legged Guan_sound/Dusky-legged Guan22,D:\other\Bird\Code\data\kaggle_wav_cache\Dusky-legged Guan_sound\Dusky-legged Guan22.wav,Dusky-legged Guan_sound,34,72.999625,train,D:\other\Bird\Dataset\CC0\Dusky-legged Guan_sound\Dusky-legged Guan22.mp3
Dusky-legged Guan_sound/Dusky-legged Guan23,D:\other\Bird\Code\data\kaggle_wav_cache\Dusky-legged Guan_sound\Dusky-legged Guan23.wav,Dusky-legged Guan_sound,34,19.5349433106576,train,D:\other\Bird\Dataset\CC0\Dusky-legged Guan_sound\Dusky-legged Guan23.mp3
Dusky-legged Guan_sound/Dusky-legged Guan24,D:\other\Bird\Code\data\kaggle_wav_cache\Dusky-legged Guan_sound\Dusky-legged Guan24.wav,Dusky-legged Guan_sound,34,26.925166666666662,val,D:\other\Bird\Dataset\CC0\Dusky-legged Guan_sound\Dusky-legged Guan24.mp3
Dusky-legged Guan_sound/Dusky-legged Guan25,D:\other\Bird\Code\data\kaggle_wav_cache\Dusky-legged Guan_sound\Dusky-legged Guan25.wav,Dusky-legged Guan_sound,34,26.925166666666662,val,D:\other\Bird\Dataset\CC0\Dusky-legged Guan_sound\Dusky-legged Guan25.mp3
Dusky-legged Guan_sound/Dusky-legged Guan26,D:\other\Bird\Code\data\kaggle_wav_cache\Dusky-legged Guan_sound\Dusky-legged Guan26.wav,Dusky-legged Guan_sound,34,26.925166666666662,train,D:\other\Bird\Dataset\CC0\Dusky-legged Guan_sound\Dusky-legged Guan26.mp3
Dusky-legged Guan_sound/Dusky-legged Guan27,D:\other\Bird\Code\data\kaggle_wav_cache\Dusky-legged Guan_sound\Dusky-legged Guan27.wav,Dusky-legged Guan_sound,34,26.925166666666662,train,D:\other\Bird\Dataset\CC0\Dusky-legged Guan_sound\Dusky-legged Guan27.mp3
Dusky-legged Guan_sound/Dusky-legged Guan28,D:\other\Bird\Code\data\kaggle_wav_cache\Dusky-legged Guan_sound\Dusky-legged Guan28.wav,Dusky-legged Guan_sound,34,26.925166666666662,test,D:\other\Bird\Dataset\CC0\Dusky-legged Guan_sound\Dusky-legged Guan28.mp3
Dusky-legged Guan_sound/Dusky-legged Guan29,D:\other\Bird\Code\data\kaggle_wav_cache\Dusky-legged Guan_sound\Dusky-legged Guan29.wav,Dusky-legged Guan_sound,34,26.925166666666662,train,D:\other\Bird\Dataset\CC0\Dusky-legged Guan_sound\Dusky-legged Guan29.mp3
Dusky-legged Guan_sound/Dusky-legged Guan3,D:\other\Bird\Code\data\kaggle_wav_cache\Dusky-legged Guan_sound\Dusky-legged Guan3.wav,Dusky-legged Guan_sound,34,59.37165532879818,train,D:\other\Bird\Dataset\CC0\Dusky-legged Guan_sound\Dusky-legged Guan3.mp3
Dusky-legged Guan_sound/Dusky-legged Guan30,D:\other\Bird\Code\data\kaggle_wav_cache\Dusky-legged Guan_sound\Dusky-legged Guan30.wav,Dusky-legged Guan_sound,34,66.79541666666667,val,D:\other\Bird\Dataset\CC0\Dusky-legged Guan_sound\Dusky-legged Guan30.mp3
Dusky-legged Guan_sound/Dusky-legged Guan31,D:\other\Bird\Code\data\kaggle_wav_cache\Dusky-legged Guan_sound\Dusky-legged Guan31.wav,Dusky-legged Guan_sound,34,171.32399092970522,train,D:\other\Bird\Dataset\CC0\Dusky-legged Guan_sound\Dusky-legged Guan31.mp3
Dusky-legged Guan_sound/Dusky-legged Guan4,D:\other\Bird\Code\data\kaggle_wav_cache\Dusky-legged Guan_sound\Dusky-legged Guan4.wav,Dusky-legged Guan_sound,34,23.55387755102041,train,D:\other\Bird\Dataset\CC0\Dusky-legged Guan_sound\Dusky-legged Guan4.mp3
Dusky-legged Guan_sound/Dusky-legged Guan5,D:\other\Bird\Code\data\kaggle_wav_cache\Dusky-legged Guan_sound\Dusky-legged Guan5.wav,Dusky-legged Guan_sound,34,39.94625,train,D:\other\Bird\Dataset\CC0\Dusky-legged Guan_sound\Dusky-legged Guan5.mp3
Dusky-legged Guan_sound/Dusky-legged Guan6,D:\other\Bird\Code\data\kaggle_wav_cache\Dusky-legged Guan_sound\Dusky-legged Guan6.wav,Dusky-legged Guan_sound,34,39.94625,train,D:\other\Bird\Dataset\CC0\Dusky-legged Guan_sound\Dusky-legged Guan6.mp3
Dusky-legged Guan_sound/Dusky-legged Guan7,D:\other\Bird\Code\data\kaggle_wav_cache\Dusky-legged Guan_sound\Dusky-legged Guan7.wav,Dusky-legged Guan_sound,34,39.94625,train,D:\other\Bird\Dataset\CC0\Dusky-legged Guan_sound\Dusky-legged Guan7.mp3
Dusky-legged Guan_sound/Dusky-legged Guan8,D:\other\Bird\Code\data\kaggle_wav_cache\Dusky-legged Guan_sound\Dusky-legged Guan8.wav,Dusky-legged Guan_sound,34,39.94625,train,D:\other\Bird\Dataset\CC0\Dusky-legged Guan_sound\Dusky-legged Guan8.mp3
Dusky-legged Guan_sound/Dusky-legged Guan9,D:\other\Bird\Code\data\kaggle_wav_cache\Dusky-legged Guan_sound\Dusky-legged Guan9.wav,Dusky-legged Guan_sound,34,39.94625,train,D:\other\Bird\Dataset\CC0\Dusky-legged Guan_sound\Dusky-legged Guan9.mp3
Dwarf Cassowary_sound/Dwarf Cassowary2,D:\other\Bird\Code\data\kaggle_wav_cache\Dwarf Cassowary_sound\Dwarf Cassowary2.wav,Dwarf Cassowary_sound,35,9.321145833333333,train,D:\other\Bird\Dataset\CC0\Dwarf Cassowary_sound\Dwarf Cassowary2.mp3
Dwarf Cassowary_sound/Dwarf Cassowary3,D:\other\Bird\Code\data\kaggle_wav_cache\Dwarf Cassowary_sound\Dwarf Cassowary3.wav,Dwarf Cassowary_sound,35,15.399614512471656,test,D:\other\Bird\Dataset\CC0\Dwarf Cassowary_sound\Dwarf Cassowary3.mp3
Dwarf Tinamou_sound/Dwarf Tinamou10,D:\other\Bird\Code\data\kaggle_wav_cache\Dwarf Tinamou_sound\Dwarf Tinamou10.wav,Dwarf Tinamou_sound,36,25.192312925170068,train,D:\other\Bird\Dataset\CC0\Dwarf Tinamou_sound\Dwarf Tinamou10.mp3
Dwarf Tinamou_sound/Dwarf Tinamou11,D:\other\Bird\Code\data\kaggle_wav_cache\Dwarf Tinamou_sound\Dwarf Tinamou11.wav,Dwarf Tinamou_sound,36,25.192312925170068,train,D:\other\Bird\Dataset\CC0\Dwarf Tinamou_sound\Dwarf Tinamou11.mp3
Dwarf Tinamou_sound/Dwarf Tinamou12,D:\other\Bird\Code\data\kaggle_wav_cache\Dwarf Tinamou_sound\Dwarf Tinamou12.wav,Dwarf Tinamou_sound,36,31.62156462585034,val,D:\other\Bird\Dataset\CC0\Dwarf Tinamou_sound\Dwarf Tinamou12.mp3
Dwarf Tinamou_sound/Dwarf Tinamou13,D:\other\Bird\Code\data\kaggle_wav_cache\Dwarf Tinamou_sound\Dwarf Tinamou13.wav,Dwarf Tinamou_sound,36,31.62156462585034,train,D:\other\Bird\Dataset\CC0\Dwarf Tinamou_sound\Dwarf Tinamou13.mp3
Dwarf Tinamou_sound/Dwarf Tinamou14,D:\other\Bird\Code\data\kaggle_wav_cache\Dwarf Tinamou_sound\Dwarf Tinamou14.wav,Dwarf Tinamou_sound,36,47.35673469387755,train,D:\other\Bird\Dataset\CC0\Dwarf Tinamou_sound\Dwarf Tinamou14.mp3
Dwarf Tinamou_sound/Dwarf Tinamou15,D:\other\Bird\Code\data\kaggle_wav_cache\Dwarf Tinamou_sound\Dwarf Tinamou15.wav,Dwarf Tinamou_sound,36,4.394081632653061,train,D:\other\Bird\Dataset\CC0\Dwarf Tinamou_sound\Dwarf Tinamou15.mp3
Dwarf Tinamou_sound/Dwarf Tinamou16,D:\other\Bird\Code\data\kaggle_wav_cache\Dwarf Tinamou_sound\Dwarf Tinamou16.wav,Dwarf Tinamou_sound,36,14.853015873015874,train,D:\other\Bird\Dataset\CC0\Dwarf Tinamou_sound\Dwarf Tinamou16.mp3
Dwarf Tinamou_sound/Dwarf Tinamou17,D:\other\Bird\Code\data\kaggle_wav_cache\Dwarf Tinamou_sound\Dwarf Tinamou17.wav,Dwarf Tinamou_sound,36,38.48839002267574,train,D:\other\Bird\Dataset\CC0\Dwarf Tinamou_sound\Dwarf Tinamou17.mp3
Dwarf Tinamou_sound/Dwarf Tinamou18,D:\other\Bird\Code\data\kaggle_wav_cache\Dwarf Tinamou_sound\Dwarf Tinamou18.wav,Dwarf Tinamou_sound,36,40.66668934240363,train,D:\other\Bird\Dataset\CC0\Dwarf Tinamou_sound\Dwarf Tinamou18.mp3
Dwarf Tinamou_sound/Dwarf Tinamou19,D:\other\Bird\Code\data\kaggle_wav_cache\Dwarf Tinamou_sound\Dwarf Tinamou19.wav,Dwarf Tinamou_sound,36,40.38160997732426,train,D:\other\Bird\Dataset\CC0\Dwarf Tinamou_sound\Dwarf Tinamou19.mp3
Dwarf Tinamou_sound/Dwarf Tinamou2,D:\other\Bird\Code\data\kaggle_wav_cache\Dwarf Tinamou_sound\Dwarf Tinamou2.wav,Dwarf Tinamou_sound,36,188.62138321995465,val,D:\other\Bird\Dataset\CC0\Dwarf Tinamou_sound\Dwarf Tinamou2.mp3
Dwarf Tinamou_sound/Dwarf Tinamou20,D:\other\Bird\Code\data\kaggle_wav_cache\Dwarf Tinamou_sound\Dwarf Tinamou20.wav,Dwarf Tinamou_sound,36,14.40655328798186,test,D:\other\Bird\Dataset\CC0\Dwarf Tinamou_sound\Dwarf Tinamou20.mp3
Dwarf Tinamou_sound/Dwarf Tinamou21,D:\other\Bird\Code\data\kaggle_wav_cache\Dwarf Tinamou_sound\Dwarf Tinamou21.wav,Dwarf Tinamou_sound,36,14.40655328798186,train,D:\other\Bird\Dataset\CC0\Dwarf Tinamou_sound\Dwarf Tinamou21.mp3
Dwarf Tinamou_sound/Dwarf Tinamou22,D:\other\Bird\Code\data\kaggle_wav_cache\Dwarf Tinamou_sound\Dwarf Tinamou22.wav,Dwarf Tinamou_sound,36,14.40655328798186,train,D:\other\Bird\Dataset\CC0\Dwarf Tinamou_sound\Dwarf Tinamou22.mp3
Dwarf Tinamou_sound/Dwarf Tinamou23,D:\other\Bird\Code\data\kaggle_wav_cache\Dwarf Tinamou_sound\Dwarf Tinamou23.wav,Dwarf Tinamou_sound,36,14.40655328798186,test,D:\other\Bird\Dataset\CC0\Dwarf Tinamou_sound\Dwarf Tinamou23.mp3
Dwarf Tinamou_sound/Dwarf Tinamou24,D:\other\Bird\Code\data\kaggle_wav_cache\Dwarf Tinamou_sound\Dwarf Tinamou24.wav,Dwarf Tinamou_sound,36,14.40655328798186,train,D:\other\Bird\Dataset\CC0\Dwarf Tinamou_sound\Dwarf Tinamou24.mp3
Dwarf Tinamou_sound/Dwarf Tinamou25,D:\other\Bird\Code\data\kaggle_wav_cache\Dwarf Tinamou_sound\Dwarf Tinamou25.wav,Dwarf Tinamou_sound,36,6.419229024943311,val,D:\other\Bird\Dataset\CC0\Dwarf Tinamou_sound\Dwarf Tinamou25.mp3
Dwarf Tinamou_sound/Dwarf Tinamou26,D:\other\Bird\Code\data\kaggle_wav_cache\Dwarf Tinamou_sound\Dwarf Tinamou26.wav,Dwarf Tinamou_sound,36,6.419229024943311,train,D:\other\Bird\Dataset\CC0\Dwarf Tinamou_sound\Dwarf Tinamou26.mp3
Dwarf Tinamou_sound/Dwarf Tinamou27,D:\other\Bird\Code\data\kaggle_wav_cache\Dwarf Tinamou_sound\Dwarf Tinamou27.wav,Dwarf Tinamou_sound,36,15.18689342403628,train,D:\other\Bird\Dataset\CC0\Dwarf Tinamou_sound\Dwarf Tinamou27.mp3
Dwarf Tinamou_sound/Dwarf Tinamou28,D:\other\Bird\Code\data\kaggle_wav_cache\Dwarf Tinamou_sound\Dwarf Tinamou28.wav,Dwarf Tinamou_sound,36,34.09122448979592,train,D:\other\Bird\Dataset\CC0\Dwarf Tinamou_sound\Dwarf Tinamou28.mp3
Dwarf Tinamou_sound/Dwarf Tinamou29,D:\other\Bird\Code\data\kaggle_wav_cache\Dwarf Tinamou_sound\Dwarf Tinamou29.wav,Dwarf Tinamou_sound,36,19.13013605442177,train,D:\other\Bird\Dataset\CC0\Dwarf Tinamou_sound\Dwarf Tinamou29.mp3
Dwarf Tinamou_sound/Dwarf Tinamou3,D:\other\Bird\Code\data\kaggle_wav_cache\Dwarf Tinamou_sound\Dwarf Tinamou3.wav,Dwarf Tinamou_sound,36,188.62138321995465,train,D:\other\Bird\Dataset\CC0\Dwarf Tinamou_sound\Dwarf Tinamou3.mp3
Dwarf Tinamou_sound/Dwarf Tinamou30,D:\other\Bird\Code\data\kaggle_wav_cache\Dwarf Tinamou_sound\Dwarf Tinamou30.wav,Dwarf Tinamou_sound,36,4.90297052154195,val,D:\other\Bird\Dataset\CC0\Dwarf Tinamou_sound\Dwarf Tinamou30.mp3
Dwarf Tinamou_sound/Dwarf Tinamou31,D:\other\Bird\Code\data\kaggle_wav_cache\Dwarf Tinamou_sound\Dwarf Tinamou31.wav,Dwarf Tinamou_sound,36,4.90297052154195,train,D:\other\Bird\Dataset\CC0\Dwarf Tinamou_sound\Dwarf Tinamou31.mp3
Dwarf Tinamou_sound/Dwarf Tinamou4,D:\other\Bird\Code\data\kaggle_wav_cache\Dwarf Tinamou_sound\Dwarf Tinamou4.wav,Dwarf Tinamou_sound,36,26.486099773242632,train,D:\other\Bird\Dataset\CC0\Dwarf Tinamou_sound\Dwarf Tinamou4.mp3
Dwarf Tinamou_sound/Dwarf Tinamou5,D:\other\Bird\Code\data\kaggle_wav_cache\Dwarf Tinamou_sound\Dwarf Tinamou5.wav,Dwarf Tinamou_sound,36,26.486099773242632,test,D:\other\Bird\Dataset\CC0\Dwarf Tinamou_sound\Dwarf Tinamou5.mp3
Dwarf Tinamou_sound/Dwarf Tinamou6,D:\other\Bird\Code\data\kaggle_wav_cache\Dwarf Tinamou_sound\Dwarf Tinamou6.wav,Dwarf Tinamou_sound,36,26.240702947845804,test,D:\other\Bird\Dataset\CC0\Dwarf Tinamou_sound\Dwarf Tinamou6.mp3
Dwarf Tinamou_sound/Dwarf Tinamou7,D:\other\Bird\Code\data\kaggle_wav_cache\Dwarf Tinamou_sound\Dwarf Tinamou7.wav,Dwarf Tinamou_sound,36,25.192312925170068,train,D:\other\Bird\Dataset\CC0\Dwarf Tinamou_sound\Dwarf Tinamou7.mp3
Dwarf Tinamou_sound/Dwarf Tinamou8,D:\other\Bird\Code\data\kaggle_wav_cache\Dwarf Tinamou_sound\Dwarf Tinamou8.wav,Dwarf Tinamou_sound,36,25.192312925170068,train,D:\other\Bird\Dataset\CC0\Dwarf Tinamou_sound\Dwarf Tinamou8.mp3
Dwarf Tinamou_sound/Dwarf Tinamou9,D:\other\Bird\Code\data\kaggle_wav_cache\Dwarf Tinamou_sound\Dwarf Tinamou9.wav,Dwarf Tinamou_sound,36,25.192312925170068,train,D:\other\Bird\Dataset\CC0\Dwarf Tinamou_sound\Dwarf Tinamou9.mp3
East Brazilian Chachalaca_sound/East Brazilian Chachalaca10,D:\other\Bird\Code\data\kaggle_wav_cache\East Brazilian Chachalaca_sound\East Brazilian Chachalaca10.wav,East Brazilian Chachalaca_sound,37,23.599750566893423,train,D:\other\Bird\Dataset\CC0\East Brazilian Chachalaca_sound\East Brazilian Chachalaca10.mp3
East Brazilian Chachalaca_sound/East Brazilian Chachalaca11,D:\other\Bird\Code\data\kaggle_wav_cache\East Brazilian Chachalaca_sound\East Brazilian Chachalaca11.wav,East Brazilian Chachalaca_sound,37,23.599750566893423,train,D:\other\Bird\Dataset\CC0\East Brazilian Chachalaca_sound\East Brazilian Chachalaca11.mp3
East Brazilian Chachalaca_sound/East Brazilian Chachalaca12,D:\other\Bird\Code\data\kaggle_wav_cache\East Brazilian Chachalaca_sound\East Brazilian Chachalaca12.wav,East Brazilian Chachalaca_sound,37,35.66809523809524,train,D:\other\Bird\Dataset\CC0\East Brazilian Chachalaca_sound\East Brazilian Chachalaca12.mp3
East Brazilian Chachalaca_sound/East Brazilian Chachalaca13,D:\other\Bird\Code\data\kaggle_wav_cache\East Brazilian Chachalaca_sound\East Brazilian Chachalaca13.wav,East Brazilian Chachalaca_sound,37,94.75131519274376,train,D:\other\Bird\Dataset\CC0\East Brazilian Chachalaca_sound\East Brazilian Chachalaca13.mp3
East Brazilian Chachalaca_sound/East Brazilian Chachalaca14,D:\other\Bird\Code\data\kaggle_wav_cache\East Brazilian Chachalaca_sound\East Brazilian Chachalaca14.wav,East Brazilian Chachalaca_sound,37,18.245833333333334,train,D:\other\Bird\Dataset\CC0\East Brazilian Chachalaca_sound\East Brazilian Chachalaca14.mp3
East Brazilian Chachalaca_sound/East Brazilian Chachalaca15,D:\other\Bird\Code\data\kaggle_wav_cache\East Brazilian Chachalaca_sound\East Brazilian Chachalaca15.wav,East Brazilian Chachalaca_sound,37,22.5118820861678,train,D:\other\Bird\Dataset\CC0\East Brazilian Chachalaca_sound\East Brazilian Chachalaca15.mp3
East Brazilian Chachalaca_sound/East Brazilian Chachalaca16,D:\other\Bird\Code\data\kaggle_wav_cache\East Brazilian Chachalaca_sound\East Brazilian Chachalaca16.wav,East Brazilian Chachalaca_sound,37,22.5118820861678,train,D:\other\Bird\Dataset\CC0\East Brazilian Chachalaca_sound\East Brazilian Chachalaca16.mp3
East Brazilian Chachalaca_sound/East Brazilian Chachalaca17,D:\other\Bird\Code\data\kaggle_wav_cache\East Brazilian Chachalaca_sound\East Brazilian Chachalaca17.wav,East Brazilian Chachalaca_sound,37,8.413922902494331,test,D:\other\Bird\Dataset\CC0\East Brazilian Chachalaca_sound\East Brazilian Chachalaca17.mp3
East Brazilian Chachalaca_sound/East Brazilian Chachalaca18,D:\other\Bird\Code\data\kaggle_wav_cache\East Brazilian Chachalaca_sound\East Brazilian Chachalaca18.wav,East Brazilian Chachalaca_sound,37,8.413922902494331,test,D:\other\Bird\Dataset\CC0\East Brazilian Chachalaca_sound\East Brazilian Chachalaca18.mp3
East Brazilian Chachalaca_sound/East Brazilian Chachalaca19,D:\other\Bird\Code\data\kaggle_wav_cache\East Brazilian Chachalaca_sound\East Brazilian Chachalaca19.wav,East Brazilian Chachalaca_sound,37,8.413922902494331,train,D:\other\Bird\Dataset\CC0\East Brazilian Chachalaca_sound\East Brazilian Chachalaca19.mp3
East Brazilian Chachalaca_sound/East Brazilian Chachalaca2,D:\other\Bird\Code\data\kaggle_wav_cache\East Brazilian Chachalaca_sound\East Brazilian Chachalaca2.wav,East Brazilian Chachalaca_sound,37,28.092244897959183,train,D:\other\Bird\Dataset\CC0\East Brazilian Chachalaca_sound\East Brazilian Chachalaca2.mp3
East Brazilian Chachalaca_sound/East Brazilian Chachalaca20,D:\other\Bird\Code\data\kaggle_wav_cache\East Brazilian Chachalaca_sound\East Brazilian Chachalaca20.wav,East Brazilian Chachalaca_sound,37,8.413922902494331,train,D:\other\Bird\Dataset\CC0\East Brazilian Chachalaca_sound\East Brazilian Chachalaca20.mp3
East Brazilian Chachalaca_sound/East Brazilian Chachalaca21,D:\other\Bird\Code\data\kaggle_wav_cache\East Brazilian Chachalaca_sound\East Brazilian Chachalaca21.wav,East Brazilian Chachalaca_sound,37,8.413922902494331,train,D:\other\Bird\Dataset\CC0\East Brazilian Chachalaca_sound\East Brazilian Chachalaca21.mp3
East Brazilian Chachalaca_sound/East Brazilian Chachalaca22,D:\other\Bird\Code\data\kaggle_wav_cache\East Brazilian Chachalaca_sound\East Brazilian Chachalaca22.wav,East Brazilian Chachalaca_sound,37,32.529115646258504,val,D:\other\Bird\Dataset\CC0\East Brazilian Chachalaca_sound\East Brazilian Chachalaca22.mp3
East Brazilian Chachalaca_sound/East Brazilian Chachalaca23,D:\other\Bird\Code\data\kaggle_wav_cache\East Brazilian Chachalaca_sound\East Brazilian Chachalaca23.wav,East Brazilian Chachalaca_sound,37,18.38843537414966,train,D:\other\Bird\Dataset\CC0\East Brazilian Chachalaca_sound\East Brazilian Chachalaca23.mp3
East Brazilian Chachalaca_sound/East Brazilian Chachalaca3,D:\other\Bird\Code\data\kaggle_wav_cache\East Brazilian Chachalaca_sound\East Brazilian Chachalaca3.wav,East Brazilian Chachalaca_sound,37,28.092244897959183,val,D:\other\Bird\Dataset\CC0\East Brazilian Chachalaca_sound\East Brazilian Chachalaca3.mp3
East Brazilian Chachalaca_sound/East Brazilian Chachalaca4,D:\other\Bird\Code\data\kaggle_wav_cache\East Brazilian Chachalaca_sound\East Brazilian Chachalaca4.wav,East Brazilian Chachalaca_sound,37,28.092244897959183,test,D:\other\Bird\Dataset\CC0\East Brazilian Chachalaca_sound\East Brazilian Chachalaca4.mp3
East Brazilian Chachalaca_sound/East Brazilian Chachalaca5,D:\other\Bird\Code\data\kaggle_wav_cache\East Brazilian Chachalaca_sound\East Brazilian Chachalaca5.wav,East Brazilian Chachalaca_sound,37,28.092244897959183,train,D:\other\Bird\Dataset\CC0\East Brazilian Chachalaca_sound\East Brazilian Chachalaca5.mp3
East Brazilian Chachalaca_sound/East Brazilian Chachalaca6,D:\other\Bird\Code\data\kaggle_wav_cache\East Brazilian Chachalaca_sound\East Brazilian Chachalaca6.wav,East Brazilian Chachalaca_sound,37,28.092244897959183,train,D:\other\Bird\Dataset\CC0\East Brazilian Chachalaca_sound\East Brazilian Chachalaca6.mp3
East Brazilian Chachalaca_sound/East Brazilian Chachalaca7,D:\other\Bird\Code\data\kaggle_wav_cache\East Brazilian Chachalaca_sound\East Brazilian Chachalaca7.wav,East Brazilian Chachalaca_sound,37,28.092244897959183,train,D:\other\Bird\Dataset\CC0\East Brazilian Chachalaca_sound\East Brazilian Chachalaca7.mp3
East Brazilian Chachalaca_sound/East Brazilian Chachalaca8,D:\other\Bird\Code\data\kaggle_wav_cache\East Brazilian Chachalaca_sound\East Brazilian Chachalaca8.wav,East Brazilian Chachalaca_sound,37,28.092244897959183,val,D:\other\Bird\Dataset\CC0\East Brazilian Chachalaca_sound\East Brazilian Chachalaca8.mp3
East Brazilian Chachalaca_sound/East Brazilian Chachalaca9,D:\other\Bird\Code\data\kaggle_wav_cache\East Brazilian Chachalaca_sound\East Brazilian Chachalaca9.wav,East Brazilian Chachalaca_sound,37,23.599750566893423,train,D:\other\Bird\Dataset\CC0\East Brazilian Chachalaca_sound\East Brazilian Chachalaca9.mp3
Elegant Crested Tinamou_sound/Elegant Crested Tinamou10,D:\other\Bird\Code\data\kaggle_wav_cache\Elegant Crested Tinamou_sound\Elegant Crested Tinamou10.wav,Elegant Crested Tinamou_sound,38,7.55875283446712,val,D:\other\Bird\Dataset\CC0\Elegant Crested Tinamou_sound\Elegant Crested Tinamou10.mp3
Elegant Crested Tinamou_sound/Elegant Crested Tinamou11,D:\other\Bird\Code\data\kaggle_wav_cache\Elegant Crested Tinamou_sound\Elegant Crested Tinamou11.wav,Elegant Crested Tinamou_sound,38,7.55875283446712,val,D:\other\Bird\Dataset\CC0\Elegant Crested Tinamou_sound\Elegant Crested Tinamou11.mp3
Elegant Crested Tinamou_sound/Elegant Crested Tinamou12,D:\other\Bird\Code\data\kaggle_wav_cache\Elegant Crested Tinamou_sound\Elegant Crested Tinamou12.wav,Elegant Crested Tinamou_sound,38,3.6161451247165535,train,D:\other\Bird\Dataset\CC0\Elegant Crested Tinamou_sound\Elegant Crested Tinamou12.mp3
Elegant Crested Tinamou_sound/Elegant Crested Tinamou13,D:\other\Bird\Code\data\kaggle_wav_cache\Elegant Crested Tinamou_sound\Elegant Crested Tinamou13.wav,Elegant Crested Tinamou_sound,38,3.0939455782312923,train,D:\other\Bird\Dataset\CC0\Elegant Crested Tinamou_sound\Elegant Crested Tinamou13.mp3
Elegant Crested Tinamou_sound/Elegant Crested Tinamou14,D:\other\Bird\Code\data\kaggle_wav_cache\Elegant Crested Tinamou_sound\Elegant Crested Tinamou14.wav,Elegant Crested Tinamou_sound,38,10.467324263038549,train,D:\other\Bird\Dataset\CC0\Elegant Crested Tinamou_sound\Elegant Crested Tinamou14.mp3
Elegant Crested Tinamou_sound/Elegant Crested Tinamou15,D:\other\Bird\Code\data\kaggle_wav_cache\Elegant Crested Tinamou_sound\Elegant Crested Tinamou15.wav,Elegant Crested Tinamou_sound,38,10.467324263038549,train,D:\other\Bird\Dataset\CC0\Elegant Crested Tinamou_sound\Elegant Crested Tinamou15.mp3
Elegant Crested Tinamou_sound/Elegant Crested Tinamou2,D:\other\Bird\Code\data\kaggle_wav_cache\Elegant Crested Tinamou_sound\Elegant Crested Tinamou2.wav,Elegant Crested Tinamou_sound,38,18.37807256235828,train,D:\other\Bird\Dataset\CC0\Elegant Crested Tinamou_sound\Elegant Crested Tinamou2.mp3
Elegant Crested Tinamou_sound/Elegant Crested Tinamou3,D:\other\Bird\Code\data\kaggle_wav_cache\Elegant Crested Tinamou_sound\Elegant Crested Tinamou3.wav,Elegant Crested Tinamou_sound,38,21.715419501133788,train,D:\other\Bird\Dataset\CC0\Elegant Crested Tinamou_sound\Elegant Crested Tinamou3.mp3
Elegant Crested Tinamou_sound/Elegant Crested Tinamou4,D:\other\Bird\Code\data\kaggle_wav_cache\Elegant Crested Tinamou_sound\Elegant Crested Tinamou4.wav,Elegant Crested Tinamou_sound,38,10.014013605442177,train,D:\other\Bird\Dataset\CC0\Elegant Crested Tinamou_sound\Elegant Crested Tinamou4.mp3
Elegant Crested Tinamou_sound/Elegant Crested Tinamou5,D:\other\Bird\Code\data\kaggle_wav_cache\Elegant Crested Tinamou_sound\Elegant Crested Tinamou5.wav,Elegant Crested Tinamou_sound,38,9.57,test,D:\other\Bird\Dataset\CC0\Elegant Crested Tinamou_sound\Elegant Crested Tinamou5.mp3
Elegant Crested Tinamou_sound/Elegant Crested Tinamou6,D:\other\Bird\Code\data\kaggle_wav_cache\Elegant Crested Tinamou_sound\Elegant Crested Tinamou6.wav,Elegant Crested Tinamou_sound,38,21.088866213151928,train,D:\other\Bird\Dataset\CC0\Elegant Crested Tinamou_sound\Elegant Crested Tinamou6.mp3
Elegant Crested Tinamou_sound/Elegant Crested Tinamou7,D:\other\Bird\Code\data\kaggle_wav_cache\Elegant Crested Tinamou_sound\Elegant Crested Tinamou7.wav,Elegant Crested Tinamou_sound,38,26.33891156462585,train,D:\other\Bird\Dataset\CC0\Elegant Crested Tinamou_sound\Elegant Crested Tinamou7.mp3
Elegant Crested Tinamou_sound/Elegant Crested Tinamou8,D:\other\Bird\Code\data\kaggle_wav_cache\Elegant Crested Tinamou_sound\Elegant Crested Tinamou8.wav,Elegant Crested Tinamou_sound,38,5.234036281179138,train,D:\other\Bird\Dataset\CC0\Elegant Crested Tinamou_sound\Elegant Crested Tinamou8.mp3
Elegant Crested Tinamou_sound/Elegant Crested Tinamou9,D:\other\Bird\Code\data\kaggle_wav_cache\Elegant Crested Tinamou_sound\Elegant Crested Tinamou9.wav,Elegant Crested Tinamou_sound,38,7.55875283446712,test,D:\other\Bird\Dataset\CC0\Elegant Crested Tinamou_sound\Elegant Crested Tinamou9.mp3
Emu_sound/Emu10,D:\other\Bird\Code\data\kaggle_wav_cache\Emu_sound\Emu10.wav,Emu_sound,39,12.851927437641724,train,D:\other\Bird\Dataset\CC0\Emu_sound\Emu10.mp3
Emu_sound/Emu11,D:\other\Bird\Code\data\kaggle_wav_cache\Emu_sound\Emu11.wav,Emu_sound,39,3.5434240362811797,test,D:\other\Bird\Dataset\CC0\Emu_sound\Emu11.mp3
Emu_sound/Emu12,D:\other\Bird\Code\data\kaggle_wav_cache\Emu_sound\Emu12.wav,Emu_sound,39,9.186416666666666,train,D:\other\Bird\Dataset\CC0\Emu_sound\Emu12.mp3
Emu_sound/Emu13,D:\other\Bird\Code\data\kaggle_wav_cache\Emu_sound\Emu13.wav,Emu_sound,39,18.812625,train,D:\other\Bird\Dataset\CC0\Emu_sound\Emu13.mp3
Emu_sound/Emu14,D:\other\Bird\Code\data\kaggle_wav_cache\Emu_sound\Emu14.wav,Emu_sound,39,18.812625,train,D:\other\Bird\Dataset\CC0\Emu_sound\Emu14.mp3
Emu_sound/Emu15,D:\other\Bird\Code\data\kaggle_wav_cache\Emu_sound\Emu15.wav,Emu_sound,39,8.842721088435374,val,D:\other\Bird\Dataset\CC0\Emu_sound\Emu15.mp3
Emu_sound/Emu16,D:\other\Bird\Code\data\kaggle_wav_cache\Emu_sound\Emu16.wav,Emu_sound,39,36.887395833333336,train,D:\other\Bird\Dataset\CC0\Emu_sound\Emu16.mp3
Emu_sound/Emu17,D:\other\Bird\Code\data\kaggle_wav_cache\Emu_sound\Emu17.wav,Emu_sound,39,13.5855625,val,D:\other\Bird\Dataset\CC0\Emu_sound\Emu17.mp3
Emu_sound/Emu18,D:\other\Bird\Code\data\kaggle_wav_cache\Emu_sound\Emu18.wav,Emu_sound,39,9.069645833333333,train,D:\other\Bird\Dataset\CC0\Emu_sound\Emu18.mp3
Emu_sound/Emu2,D:\other\Bird\Code\data\kaggle_wav_cache\Emu_sound\Emu2.wav,Emu_sound,39,37.79414583333333,val,D:\other\Bird\Dataset\CC0\Emu_sound\Emu2.mp3
Emu_sound/Emu3,D:\other\Bird\Code\data\kaggle_wav_cache\Emu_sound\Emu3.wav,Emu_sound,39,28.0,train,D:\other\Bird\Dataset\CC0\Emu_sound\Emu3.mp3
Emu_sound/Emu4,D:\other\Bird\Code\data\kaggle_wav_cache\Emu_sound\Emu4.wav,Emu_sound,39,27.477666666666668,train,D:\other\Bird\Dataset\CC0\Emu_sound\Emu4.mp3
Emu_sound/Emu5,D:\other\Bird\Code\data\kaggle_wav_cache\Emu_sound\Emu5.wav,Emu_sound,39,29.745351473922906,train,D:\other\Bird\Dataset\CC0\Emu_sound\Emu5.mp3
Emu_sound/Emu6,D:\other\Bird\Code\data\kaggle_wav_cache\Emu_sound\Emu6.wav,Emu_sound,39,29.745351473922906,test,D:\other\Bird\Dataset\CC0\Emu_sound\Emu6.mp3
Emu_sound/Emu7,D:\other\Bird\Code\data\kaggle_wav_cache\Emu_sound\Emu7.wav,Emu_sound,39,29.745351473922906,train,D:\other\Bird\Dataset\CC0\Emu_sound\Emu7.mp3
Emu_sound/Emu8,D:\other\Bird\Code\data\kaggle_wav_cache\Emu_sound\Emu8.wav,Emu_sound,39,47.59610416666667,train,D:\other\Bird\Dataset\CC0\Emu_sound\Emu8.mp3
Emu_sound/Emu9,D:\other\Bird\Code\data\kaggle_wav_cache\Emu_sound\Emu9.wav,Emu_sound,39,12.851927437641724,test,D:\other\Bird\Dataset\CC0\Emu_sound\Emu9.mp3
Great Spotted Kiwi_sound/Great Spotted Kiwi2,D:\other\Bird\Code\data\kaggle_wav_cache\Great Spotted Kiwi_sound\Great Spotted Kiwi2.wav,Great Spotted Kiwi_sound,40,44.93691666666667,train,D:\other\Bird\Dataset\CC0\Great Spotted Kiwi_sound\Great Spotted Kiwi2.mp3
Great Spotted Kiwi_sound/Great Spotted Kiwi3,D:\other\Bird\Code\data\kaggle_wav_cache\Great Spotted Kiwi_sound\Great Spotted Kiwi3.wav,Great Spotted Kiwi_sound,40,68.35954648526076,train,D:\other\Bird\Dataset\CC0\Great Spotted Kiwi_sound\Great Spotted Kiwi3.mp3
Great Spotted Kiwi_sound/Great Spotted Kiwi4,D:\other\Bird\Code\data\kaggle_wav_cache\Great Spotted Kiwi_sound\Great Spotted Kiwi4.wav,Great Spotted Kiwi_sound,40,32.006621315192746,train,D:\other\Bird\Dataset\CC0\Great Spotted Kiwi_sound\Great Spotted Kiwi4.mp3
Great Spotted Kiwi_sound/Great Spotted Kiwi5,D:\other\Bird\Code\data\kaggle_wav_cache\Great Spotted Kiwi_sound\Great Spotted Kiwi5.wav,Great Spotted Kiwi_sound,40,22.109024943310654,val,D:\other\Bird\Dataset\CC0\Great Spotted Kiwi_sound\Great Spotted Kiwi5.mp3
Great Spotted Kiwi_sound/Great Spotted Kiwi6,D:\other\Bird\Code\data\kaggle_wav_cache\Great Spotted Kiwi_sound\Great Spotted Kiwi6.wav,Great Spotted Kiwi_sound,40,25.405736961451247,test,D:\other\Bird\Dataset\CC0\Great Spotted Kiwi_sound\Great Spotted Kiwi6.mp3
Great Spotted Kiwi_sound/Great Spotted Kiwi7,D:\other\Bird\Code\data\kaggle_wav_cache\Great Spotted Kiwi_sound\Great Spotted Kiwi7.wav,Great Spotted Kiwi_sound,40,14.541201814058956,train,D:\other\Bird\Dataset\CC0\Great Spotted Kiwi_sound\Great Spotted Kiwi7.mp3
Great Spotted Kiwi_sound/Great Spotted Kiwi8,D:\other\Bird\Code\data\kaggle_wav_cache\Great Spotted Kiwi_sound\Great Spotted Kiwi8.wav,Great Spotted Kiwi_sound,40,19.86560090702948,train,D:\other\Bird\Dataset\CC0\Great Spotted Kiwi_sound\Great Spotted Kiwi8.mp3
Great Tinamou_sound/Great Tinamou10,D:\other\Bird\Code\data\kaggle_wav_cache\Great Tinamou_sound\Great Tinamou10.wav,Great Tinamou_sound,41,227.1057596371882,train,D:\other\Bird\Dataset\CC0\Great Tinamou_sound\Great Tinamou10.mp3
Great Tinamou_sound/Great Tinamou11,D:\other\Bird\Code\data\kaggle_wav_cache\Great Tinamou_sound\Great Tinamou11.wav,Great Tinamou_sound,41,12.496349206349208,val,D:\other\Bird\Dataset\CC0\Great Tinamou_sound\Great Tinamou11.mp3
Great Tinamou_sound/Great Tinamou12,D:\other\Bird\Code\data\kaggle_wav_cache\Great Tinamou_sound\Great Tinamou12.wav,Great Tinamou_sound,41,74.61113378684807,test,D:\other\Bird\Dataset\CC0\Great Tinamou_sound\Great Tinamou12.mp3
Great Tinamou_sound/Great Tinamou13,D:\other\Bird\Code\data\kaggle_wav_cache\Great Tinamou_sound\Great Tinamou13.wav,Great Tinamou_sound,41,26.51971875,train,D:\other\Bird\Dataset\CC0\Great Tinamou_sound\Great Tinamou13.mp3
Great Tinamou_sound/Great Tinamou14,D:\other\Bird\Code\data\kaggle_wav_cache\Great Tinamou_sound\Great Tinamou14.wav,Great Tinamou_sound,41,45.24356009070295,test,D:\other\Bird\Dataset\CC0\Great Tinamou_sound\Great Tinamou14.mp3
Great Tinamou_sound/Great Tinamou15,D:\other\Bird\Code\data\kaggle_wav_cache\Great Tinamou_sound\Great Tinamou15.wav,Great Tinamou_sound,41,90.59175,train,D:\other\Bird\Dataset\CC0\Great Tinamou_sound\Great Tinamou15.mp3
Great Tinamou_sound/Great Tinamou16,D:\other\Bird\Code\data\kaggle_wav_cache\Great Tinamou_sound\Great Tinamou16.wav,Great Tinamou_sound,41,25.893,train,D:\other\Bird\Dataset\CC0\Great Tinamou_sound\Great Tinamou16.mp3
Great Tinamou_sound/Great Tinamou17,D:\other\Bird\Code\data\kaggle_wav_cache\Great Tinamou_sound\Great Tinamou17.wav,Great Tinamou_sound,41,49.53279166666667,train,D:\other\Bird\Dataset\CC0\Great Tinamou_sound\Great Tinamou17.mp3
Great Tinamou_sound/Great Tinamou18,D:\other\Bird\Code\data\kaggle_wav_cache\Great Tinamou_sound\Great Tinamou18.wav,Great Tinamou_sound,41,16.509,train,D:\other\Bird\Dataset\CC0\Great Tinamou_sound\Great Tinamou18.mp3
Great Tinamou_sound/Great Tinamou19,D:\other\Bird\Code\data\kaggle_wav_cache\Great Tinamou_sound\Great Tinamou19.wav,Great Tinamou_sound,41,16.509,test,D:\other\Bird\Dataset\CC0\Great Tinamou_sound\Great Tinamou19.mp3
Great Tinamou_sound/Great Tinamou2,D:\other\Bird\Code\data\kaggle_wav_cache\Great Tinamou_sound\Great Tinamou2.wav,Great Tinamou_sound,41,91.66990929705216,train,D:\other\Bird\Dataset\CC0\Great Tinamou_sound\Great Tinamou2.mp3
Great Tinamou_sound/Great Tinamou20,D:\other\Bird\Code\data\kaggle_wav_cache\Great Tinamou_sound\Great Tinamou20.wav,Great Tinamou_sound,41,35.040181405895694,train,D:\other\Bird\Dataset\CC0\Great Tinamou_sound\Great Tinamou20.mp3
Great Tinamou_sound/Great Tinamou21,D:\other\Bird\Code\data\kaggle_wav_cache\Great Tinamou_sound\Great Tinamou21.wav,Great Tinamou_sound,41,149.39709750566894,train,D:\other\Bird\Dataset\CC0\Great Tinamou_sound\Great Tinamou21.mp3
Great Tinamou_sound/Great Tinamou22,D:\other\Bird\Code\data\kaggle_wav_cache\Great Tinamou_sound\Great Tinamou22.wav,Great Tinamou_sound,41,149.39709750566894,val,D:\other\Bird\Dataset\CC0\Great Tinamou_sound\Great Tinamou22.mp3
Great Tinamou_sound/Great Tinamou23,D:\other\Bird\Code\data\kaggle_wav_cache\Great Tinamou_sound\Great Tinamou23.wav,Great Tinamou_sound,41,149.39709750566894,train,D:\other\Bird\Dataset\CC0\Great Tinamou_sound\Great Tinamou23.mp3
Great Tinamou_sound/Great Tinamou24,D:\other\Bird\Code\data\kaggle_wav_cache\Great Tinamou_sound\Great Tinamou24.wav,Great Tinamou_sound,41,36.49467120181406,train,D:\other\Bird\Dataset\CC0\Great Tinamou_sound\Great Tinamou24.mp3
Great Tinamou_sound/Great Tinamou25,D:\other\Bird\Code\data\kaggle_wav_cache\Great Tinamou_sound\Great Tinamou25.wav,Great Tinamou_sound,41,36.49467120181406,train,D:\other\Bird\Dataset\CC0\Great Tinamou_sound\Great Tinamou25.mp3
Great Tinamou_sound/Great Tinamou26,D:\other\Bird\Code\data\kaggle_wav_cache\Great Tinamou_sound\Great Tinamou26.wav,Great Tinamou_sound,41,13.224353741496598,train,D:\other\Bird\Dataset\CC0\Great Tinamou_sound\Great Tinamou26.mp3
Great Tinamou_sound/Great Tinamou27,D:\other\Bird\Code\data\kaggle_wav_cache\Great Tinamou_sound\Great Tinamou27.wav,Great Tinamou_sound,41,9.85907029478458,train,D:\other\Bird\Dataset\CC0\Great Tinamou_sound\Great Tinamou27.mp3
Great Tinamou_sound/Great Tinamou28,D:\other\Bird\Code\data\kaggle_wav_cache\Great Tinamou_sound\Great Tinamou28.wav,Great Tinamou_sound,41,19.98773242630385,test,D:\other\Bird\Dataset\CC0\Great Tinamou_sound\Great Tinamou28.mp3
Great Tinamou_sound/Great Tinamou29,D:\other\Bird\Code\data\kaggle_wav_cache\Great Tinamou_sound\Great Tinamou29.wav,Great Tinamou_sound,41,33.4354375,train,D:\other\Bird\Dataset\CC0\Great Tinamou_sound\Great Tinamou29.mp3
Great Tinamou_sound/Great Tinamou3,D:\other\Bird\Code\data\kaggle_wav_cache\Great Tinamou_sound\Great Tinamou3.wav,Great Tinamou_sound,41,14.052222222222222,train,D:\other\Bird\Dataset\CC0\Great Tinamou_sound\Great Tinamou3.mp3
Great Tinamou_sound/Great Tinamou30,D:\other\Bird\Code\data\kaggle_wav_cache\Great Tinamou_sound\Great Tinamou30.wav,Great Tinamou_sound,41,45.03272108843537,train,D:\other\Bird\Dataset\CC0\Great Tinamou_sound\Great Tinamou30.mp3
Great Tinamou_sound/Great Tinamou31,D:\other\Bird\Code\data\kaggle_wav_cache\Great Tinamou_sound\Great Tinamou31.wav,Great Tinamou_sound,41,11.576802721088436,train,D:\other\Bird\Dataset\CC0\Great Tinamou_sound\Great Tinamou31.mp3
Great Tinamou_sound/Great Tinamou4,D:\other\Bird\Code\data\kaggle_wav_cache\Great Tinamou_sound\Great Tinamou4.wav,Great Tinamou_sound,41,14.052222222222222,train,D:\other\Bird\Dataset\CC0\Great Tinamou_sound\Great Tinamou4.mp3
Great Tinamou_sound/Great Tinamou5,D:\other\Bird\Code\data\kaggle_wav_cache\Great Tinamou_sound\Great Tinamou5.wav,Great Tinamou_sound,41,14.736507936507936,val,D:\other\Bird\Dataset\CC0\Great Tinamou_sound\Great Tinamou5.mp3
Great Tinamou_sound/Great Tinamou6,D:\other\Bird\Code\data\kaggle_wav_cache\Great Tinamou_sound\Great Tinamou6.wav,Great Tinamou_sound,41,269.564149659864,val,D:\other\Bird\Dataset\CC0\Great Tinamou_sound\Great Tinamou6.mp3
Great Tinamou_sound/Great Tinamou7,D:\other\Bird\Code\data\kaggle_wav_cache\Great Tinamou_sound\Great Tinamou7.wav,Great Tinamou_sound,41,269.564149659864,train,D:\other\Bird\Dataset\CC0\Great Tinamou_sound\Great Tinamou7.mp3
Great Tinamou_sound/Great Tinamou8,D:\other\Bird\Code\data\kaggle_wav_cache\Great Tinamou_sound\Great Tinamou8.wav,Great Tinamou_sound,41,269.564149659864,train,D:\other\Bird\Dataset\CC0\Great Tinamou_sound\Great Tinamou8.mp3
Great Tinamou_sound/Great Tinamou9,D:\other\Bird\Code\data\kaggle_wav_cache\Great Tinamou_sound\Great Tinamou9.wav,Great Tinamou_sound,41,227.1057596371882,train,D:\other\Bird\Dataset\CC0\Great Tinamou_sound\Great Tinamou9.mp3
Greater Rhea_sound/Greater Rhea10,D:\other\Bird\Code\data\kaggle_wav_cache\Greater Rhea_sound\Greater Rhea10.wav,Greater Rhea_sound,42,3.475510204081633,train,D:\other\Bird\Dataset\CC0\Greater Rhea_sound\Greater Rhea10.mp3
Greater Rhea_sound/Greater Rhea11,D:\other\Bird\Code\data\kaggle_wav_cache\Greater Rhea_sound\Greater Rhea11.wav,Greater Rhea_sound,42,3.475510204081633,train,D:\other\Bird\Dataset\CC0\Greater Rhea_sound\Greater Rhea11.mp3
Greater Rhea_sound/Greater Rhea12,D:\other\Bird\Code\data\kaggle_wav_cache\Greater Rhea_sound\Greater Rhea12.wav,Greater Rhea_sound,42,4.253945578231293,train,D:\other\Bird\Dataset\CC0\Greater Rhea_sound\Greater Rhea12.mp3
Greater Rhea_sound/Greater Rhea13,D:\other\Bird\Code\data\kaggle_wav_cache\Greater Rhea_sound\Greater Rhea13.wav,Greater Rhea_sound,42,4.253945578231293,test,D:\other\Bird\Dataset\CC0\Greater Rhea_sound\Greater Rhea13.mp3
Greater Rhea_sound/Greater Rhea14,D:\other\Bird\Code\data\kaggle_wav_cache\Greater Rhea_sound\Greater Rhea14.wav,Greater Rhea_sound,42,15.081360544217688,train,D:\other\Bird\Dataset\CC0\Greater Rhea_sound\Greater Rhea14.mp3
Greater Rhea_sound/Greater Rhea15,D:\other\Bird\Code\data\kaggle_wav_cache\Greater Rhea_sound\Greater Rhea15.wav,Greater Rhea_sound,42,15.081360544217688,train,D:\other\Bird\Dataset\CC0\Greater Rhea_sound\Greater Rhea15.mp3
Greater Rhea_sound/Greater Rhea16,D:\other\Bird\Code\data\kaggle_wav_cache\Greater Rhea_sound\Greater Rhea16.wav,Greater Rhea_sound,42,3.018390022675737,train,D:\other\Bird\Dataset\CC0\Greater Rhea_sound\Greater Rhea16.mp3
Greater Rhea_sound/Greater Rhea17,D:\other\Bird\Code\data\kaggle_wav_cache\Greater Rhea_sound\Greater Rhea17.wav,Greater Rhea_sound,42,16.658049886621317,train,D:\other\Bird\Dataset\CC0\Greater Rhea_sound\Greater Rhea17.mp3
Greater Rhea_sound/Greater Rhea18,D:\other\Bird\Code\data\kaggle_wav_cache\Greater Rhea_sound\Greater Rhea18.wav,Greater Rhea_sound,42,17.03183673469388,train,D:\other\Bird\Dataset\CC0\Greater Rhea_sound\Greater Rhea18.mp3
Greater Rhea_sound/Greater Rhea19,D:\other\Bird\Code\data\kaggle_wav_cache\Greater Rhea_sound\Greater Rhea19.wav,Greater Rhea_sound,42,17.03183673469388,train,D:\other\Bird\Dataset\CC0\Greater Rhea_sound\Greater Rhea19.mp3
Greater Rhea_sound/Greater Rhea2,D:\other\Bird\Code\data\kaggle_wav_cache\Greater Rhea_sound\Greater Rhea2.wav,Greater Rhea_sound,42,29.0243537414966,test,D:\other\Bird\Dataset\CC0\Greater Rhea_sound\Greater Rhea2.mp3
Greater Rhea_sound/Greater Rhea20,D:\other\Bird\Code\data\kaggle_wav_cache\Greater Rhea_sound\Greater Rhea20.wav,Greater Rhea_sound,42,17.03183673469388,train,D:\other\Bird\Dataset\CC0\Greater Rhea_sound\Greater Rhea20.mp3
Greater Rhea_sound/Greater Rhea21,D:\other\Bird\Code\data\kaggle_wav_cache\Greater Rhea_sound\Greater Rhea21.wav,Greater Rhea_sound,42,1.4216780045351474,val,D:\other\Bird\Dataset\CC0\Greater Rhea_sound\Greater Rhea21.mp3
Greater Rhea_sound/Greater Rhea22,D:\other\Bird\Code\data\kaggle_wav_cache\Greater Rhea_sound\Greater Rhea22.wav,Greater Rhea_sound,42,1.7341496598639456,train,D:\other\Bird\Dataset\CC0\Greater Rhea_sound\Greater Rhea22.mp3
Greater Rhea_sound/Greater Rhea23,D:\other\Bird\Code\data\kaggle_wav_cache\Greater Rhea_sound\Greater Rhea23.wav,Greater Rhea_sound,42,1.7341496598639456,train,D:\other\Bird\Dataset\CC0\Greater Rhea_sound\Greater Rhea23.mp3
Greater Rhea_sound/Greater Rhea24,D:\other\Bird\Code\data\kaggle_wav_cache\Greater Rhea_sound\Greater Rhea24.wav,Greater Rhea_sound,42,1.999750566893424,train,D:\other\Bird\Dataset\CC0\Greater Rhea_sound\Greater Rhea24.mp3
Greater Rhea_sound/Greater Rhea3,D:\other\Bird\Code\data\kaggle_wav_cache\Greater Rhea_sound\Greater Rhea3.wav,Greater Rhea_sound,42,86.566,test,D:\other\Bird\Dataset\CC0\Greater Rhea_sound\Greater Rhea3.mp3
Greater Rhea_sound/Greater Rhea4,D:\other\Bird\Code\data\kaggle_wav_cache\Greater Rhea_sound\Greater Rhea4.wav,Greater Rhea_sound,42,86.566,val,D:\other\Bird\Dataset\CC0\Greater Rhea_sound\Greater Rhea4.mp3
Greater Rhea_sound/Greater Rhea5,D:\other\Bird\Code\data\kaggle_wav_cache\Greater Rhea_sound\Greater Rhea5.wav,Greater Rhea_sound,42,41.79823129251701,train,D:\other\Bird\Dataset\CC0\Greater Rhea_sound\Greater Rhea5.mp3
Greater Rhea_sound/Greater Rhea6,D:\other\Bird\Code\data\kaggle_wav_cache\Greater Rhea_sound\Greater Rhea6.wav,Greater Rhea_sound,42,41.79823129251701,train,D:\other\Bird\Dataset\CC0\Greater Rhea_sound\Greater Rhea6.mp3
Greater Rhea_sound/Greater Rhea7,D:\other\Bird\Code\data\kaggle_wav_cache\Greater Rhea_sound\Greater Rhea7.wav,Greater Rhea_sound,42,7.18655328798186,train,D:\other\Bird\Dataset\CC0\Greater Rhea_sound\Greater Rhea7.mp3
Greater Rhea_sound/Greater Rhea8,D:\other\Bird\Code\data\kaggle_wav_cache\Greater Rhea_sound\Greater Rhea8.wav,Greater Rhea_sound,42,6.420748299319728,val,D:\other\Bird\Dataset\CC0\Greater Rhea_sound\Greater Rhea8.mp3
Greater Rhea_sound/Greater Rhea9,D:\other\Bird\Code\data\kaggle_wav_cache\Greater Rhea_sound\Greater Rhea9.wav,Greater Rhea_sound,42,3.475510204081633,train,D:\other\Bird\Dataset\CC0\Greater Rhea_sound\Greater Rhea9.mp3
Grey Tinamou_sound/Grey Tinamou10,D:\other\Bird\Code\data\kaggle_wav_cache\Grey Tinamou_sound\Grey Tinamou10.wav,Grey Tinamou_sound,43,6.354172335600907,train,D:\other\Bird\Dataset\CC0\Grey Tinamou_sound\Grey Tinamou10.mp3
Grey Tinamou_sound/Grey Tinamou11,D:\other\Bird\Code\data\kaggle_wav_cache\Grey Tinamou_sound\Grey Tinamou11.wav,Grey Tinamou_sound,43,48.77353741496599,train,D:\other\Bird\Dataset\CC0\Grey Tinamou_sound\Grey Tinamou11.mp3
Grey Tinamou_sound/Grey Tinamou12,D:\other\Bird\Code\data\kaggle_wav_cache\Grey Tinamou_sound\Grey Tinamou12.wav,Grey Tinamou_sound,43,21.13648526077097,train,D:\other\Bird\Dataset\CC0\Grey Tinamou_sound\Grey Tinamou12.mp3
Grey Tinamou_sound/Grey Tinamou13,D:\other\Bird\Code\data\kaggle_wav_cache\Grey Tinamou_sound\Grey Tinamou13.wav,Grey Tinamou_sound,43,27.988639455782312,train,D:\other\Bird\Dataset\CC0\Grey Tinamou_sound\Grey Tinamou13.mp3
Grey Tinamou_sound/Grey Tinamou14,D:\other\Bird\Code\data\kaggle_wav_cache\Grey Tinamou_sound\Grey Tinamou14.wav,Grey Tinamou_sound,43,21.928843537414966,train,D:\other\Bird\Dataset\CC0\Grey Tinamou_sound\Grey Tinamou14.mp3
Grey Tinamou_sound/Grey Tinamou15,D:\other\Bird\Code\data\kaggle_wav_cache\Grey Tinamou_sound\Grey Tinamou15.wav,Grey Tinamou_sound,43,6.221995464852608,train,D:\other\Bird\Dataset\CC0\Grey Tinamou_sound\Grey Tinamou15.mp3
Grey Tinamou_sound/Grey Tinamou16,D:\other\Bird\Code\data\kaggle_wav_cache\Grey Tinamou_sound\Grey Tinamou16.wav,Grey Tinamou_sound,43,26.645963718820862,val,D:\other\Bird\Dataset\CC0\Grey Tinamou_sound\Grey Tinamou16.mp3
Grey Tinamou_sound/Grey Tinamou17,D:\other\Bird\Code\data\kaggle_wav_cache\Grey Tinamou_sound\Grey Tinamou17.wav,Grey Tinamou_sound,43,5.012698412698413,train,D:\other\Bird\Dataset\CC0\Grey Tinamou_sound\Grey Tinamou17.mp3
Grey Tinamou_sound/Grey Tinamou18,D:\other\Bird\Code\data\kaggle_wav_cache\Grey Tinamou_sound\Grey Tinamou18.wav,Grey Tinamou_sound,43,33.97263038548753,train,D:\other\Bird\Dataset\CC0\Grey Tinamou_sound\Grey Tinamou18.mp3
Grey Tinamou_sound/Grey Tinamou19,D:\other\Bird\Code\data\kaggle_wav_cache\Grey Tinamou_sound\Grey Tinamou19.wav,Grey Tinamou_sound,43,9.12515625,train,D:\other\Bird\Dataset\CC0\Grey Tinamou_sound\Grey Tinamou19.mp3
Grey Tinamou_sound/Grey Tinamou2,D:\other\Bird\Code\data\kaggle_wav_cache\Grey Tinamou_sound\Grey Tinamou2.wav,Grey Tinamou_sound,43,9.069645833333333,train,D:\other\Bird\Dataset\CC0\Grey Tinamou_sound\Grey Tinamou2.mp3
Grey Tinamou_sound/Grey Tinamou20,D:\other\Bird\Code\data\kaggle_wav_cache\Grey Tinamou_sound\Grey Tinamou20.wav,Grey Tinamou_sound,43,49.17541950113379,train,D:\other\Bird\Dataset\CC0\Grey Tinamou_sound\Grey Tinamou20.mp3
Grey Tinamou_sound/Grey Tinamou21,D:\other\Bird\Code\data\kaggle_wav_cache\Grey Tinamou_sound\Grey Tinamou21.wav,Grey Tinamou_sound,43,49.17541950113379,train,D:\other\Bird\Dataset\CC0\Grey Tinamou_sound\Grey Tinamou21.mp3
Grey Tinamou_sound/Grey Tinamou22,D:\other\Bird\Code\data\kaggle_wav_cache\Grey Tinamou_sound\Grey Tinamou22.wav,Grey Tinamou_sound,43,233.26861678004536,val,D:\other\Bird\Dataset\CC0\Grey Tinamou_sound\Grey Tinamou22.mp3
Grey Tinamou_sound/Grey Tinamou23,D:\other\Bird\Code\data\kaggle_wav_cache\Grey Tinamou_sound\Grey Tinamou23.wav,Grey Tinamou_sound,43,247.2959863945578,val,D:\other\Bird\Dataset\CC0\Grey Tinamou_sound\Grey Tinamou23.mp3
Grey Tinamou_sound/Grey Tinamou24,D:\other\Bird\Code\data\kaggle_wav_cache\Grey Tinamou_sound\Grey Tinamou24.wav,Grey Tinamou_sound,43,247.2959863945578,train,D:\other\Bird\Dataset\CC0\Grey Tinamou_sound\Grey Tinamou24.mp3
Grey Tinamou_sound/Grey Tinamou25,D:\other\Bird\Code\data\kaggle_wav_cache\Grey Tinamou_sound\Grey Tinamou25.wav,Grey Tinamou_sound,43,247.2959863945578,train,D:\other\Bird\Dataset\CC0\Grey Tinamou_sound\Grey Tinamou25.mp3
Grey Tinamou_sound/Grey Tinamou26,D:\other\Bird\Code\data\kaggle_wav_cache\Grey Tinamou_sound\Grey Tinamou26.wav,Grey Tinamou_sound,43,247.2959863945578,train,D:\other\Bird\Dataset\CC0\Grey Tinamou_sound\Grey Tinamou26.mp3
Grey Tinamou_sound/Grey Tinamou27,D:\other\Bird\Code\data\kaggle_wav_cache\Grey Tinamou_sound\Grey Tinamou27.wav,Grey Tinamou_sound,43,247.2959863945578,test,D:\other\Bird\Dataset\CC0\Grey Tinamou_sound\Grey Tinamou27.mp3
Grey Tinamou_sound/Grey Tinamou28,D:\other\Bird\Code\data\kaggle_wav_cache\Grey Tinamou_sound\Grey Tinamou28.wav,Grey Tinamou_sound,43,9.360997732426304,test,D:\other\Bird\Dataset\CC0\Grey Tinamou_sound\Grey Tinamou28.mp3
Grey Tinamou_sound/Grey Tinamou29,D:\other\Bird\Code\data\kaggle_wav_cache\Grey Tinamou_sound\Grey Tinamou29.wav,Grey Tinamou_sound,43,13.299183673469388,test,D:\other\Bird\Dataset\CC0\Grey Tinamou_sound\Grey Tinamou29.mp3
Grey Tinamou_sound/Grey Tinamou3,D:\other\Bird\Code\data\kaggle_wav_cache\Grey Tinamou_sound\Grey Tinamou3.wav,Grey Tinamou_sound,43,9.069645833333333,train,D:\other\Bird\Dataset\CC0\Grey Tinamou_sound\Grey Tinamou3.mp3
Grey Tinamou_sound/Grey Tinamou30,D:\other\Bird\Code\data\kaggle_wav_cache\Grey Tinamou_sound\Grey Tinamou30.wav,Grey Tinamou_sound,43,13.299183673469388,train,D:\other\Bird\Dataset\CC0\Grey Tinamou_sound\Grey Tinamou30.mp3
Grey Tinamou_sound/Grey Tinamou31,D:\other\Bird\Code\data\kaggle_wav_cache\Grey Tinamou_sound\Grey Tinamou31.wav,Grey Tinamou_sound,43,13.299183673469388,train,D:\other\Bird\Dataset\CC0\Grey Tinamou_sound\Grey Tinamou31.mp3
Grey Tinamou_sound/Grey Tinamou4,D:\other\Bird\Code\data\kaggle_wav_cache\Grey Tinamou_sound\Grey Tinamou4.wav,Grey Tinamou_sound,43,9.069645833333333,test,D:\other\Bird\Dataset\CC0\Grey Tinamou_sound\Grey Tinamou4.mp3
Grey Tinamou_sound/Grey Tinamou5,D:\other\Bird\Code\data\kaggle_wav_cache\Grey Tinamou_sound\Grey Tinamou5.wav,Grey Tinamou_sound,43,9.069645833333333,train,D:\other\Bird\Dataset\CC0\Grey Tinamou_sound\Grey Tinamou5.mp3
Grey Tinamou_sound/Grey Tinamou6,D:\other\Bird\Code\data\kaggle_wav_cache\Grey Tinamou_sound\Grey Tinamou6.wav,Grey Tinamou_sound,43,223.85732426303852,train,D:\other\Bird\Dataset\CC0\Grey Tinamou_sound\Grey Tinamou6.mp3
Grey Tinamou_sound/Grey Tinamou7,D:\other\Bird\Code\data\kaggle_wav_cache\Grey Tinamou_sound\Grey Tinamou7.wav,Grey Tinamou_sound,43,47.72170068027211,train,D:\other\Bird\Dataset\CC0\Grey Tinamou_sound\Grey Tinamou7.mp3
Grey Tinamou_sound/Grey Tinamou8,D:\other\Bird\Code\data\kaggle_wav_cache\Grey Tinamou_sound\Grey Tinamou8.wav,Grey Tinamou_sound,43,5.244852607709751,train,D:\other\Bird\Dataset\CC0\Grey Tinamou_sound\Grey Tinamou8.mp3
Grey Tinamou_sound/Grey Tinamou9,D:\other\Bird\Code\data\kaggle_wav_cache\Grey Tinamou_sound\Grey Tinamou9.wav,Grey Tinamou_sound,43,5.244852607709751,val,D:\other\Bird\Dataset\CC0\Grey Tinamou_sound\Grey Tinamou9.mp3
Grey-headed Chachalaca_sound/Grey-headed Chachalaca10,D:\other\Bird\Code\data\kaggle_wav_cache\Grey-headed Chachalaca_sound\Grey-headed Chachalaca10.wav,Grey-headed Chachalaca_sound,44,21.27780045351474,train,D:\other\Bird\Dataset\CC0\Grey-headed Chachalaca_sound\Grey-headed Chachalaca10.mp3
Grey-headed Chachalaca_sound/Grey-headed Chachalaca11,D:\other\Bird\Code\data\kaggle_wav_cache\Grey-headed Chachalaca_sound\Grey-headed Chachalaca11.wav,Grey-headed Chachalaca_sound,44,21.27780045351474,test,D:\other\Bird\Dataset\CC0\Grey-headed Chachalaca_sound\Grey-headed Chachalaca11.mp3
Grey-headed Chachalaca_sound/Grey-headed Chachalaca12,D:\other\Bird\Code\data\kaggle_wav_cache\Grey-headed Chachalaca_sound\Grey-headed Chachalaca12.wav,Grey-headed Chachalaca_sound,44,44.3114375,test,D:\other\Bird\Dataset\CC0\Grey-headed Chachalaca_sound\Grey-headed Chachalaca12.mp3
Grey-headed Chachalaca_sound/Grey-headed Chachalaca13,D:\other\Bird\Code\data\kaggle_wav_cache\Grey-headed Chachalaca_sound\Grey-headed Chachalaca13.wav,Grey-headed Chachalaca_sound,44,95.45520833333332,train,D:\other\Bird\Dataset\CC0\Grey-headed Chachalaca_sound\Grey-headed Chachalaca13.mp3
Grey-headed Chachalaca_sound/Grey-headed Chachalaca14,D:\other\Bird\Code\data\kaggle_wav_cache\Grey-headed Chachalaca_sound\Grey-headed Chachalaca14.wav,Grey-headed Chachalaca_sound,44,62.58950113378685,val,D:\other\Bird\Dataset\CC0\Grey-headed Chachalaca_sound\Grey-headed Chachalaca14.mp3
Grey-headed Chachalaca_sound/Grey-headed Chachalaca15,D:\other\Bird\Code\data\kaggle_wav_cache\Grey-headed Chachalaca_sound\Grey-headed Chachalaca15.wav,Grey-headed Chachalaca_sound,44,46.27179138321996,train,D:\other\Bird\Dataset\CC0\Grey-headed Chachalaca_sound\Grey-headed Chachalaca15.mp3
Grey-headed Chachalaca_sound/Grey-headed Chachalaca16,D:\other\Bird\Code\data\kaggle_wav_cache\Grey-headed Chachalaca_sound\Grey-headed Chachalaca16.wav,Grey-headed Chachalaca_sound,44,59.69938775510204,train,D:\other\Bird\Dataset\CC0\Grey-headed Chachalaca_sound\Grey-headed Chachalaca16.mp3
Grey-headed Chachalaca_sound/Grey-headed Chachalaca17,D:\other\Bird\Code\data\kaggle_wav_cache\Grey-headed Chachalaca_sound\Grey-headed Chachalaca17.wav,Grey-headed Chachalaca_sound,44,9.401678004535148,train,D:\other\Bird\Dataset\CC0\Grey-headed Chachalaca_sound\Grey-headed Chachalaca17.mp3
Grey-headed Chachalaca_sound/Grey-headed Chachalaca18,D:\other\Bird\Code\data\kaggle_wav_cache\Grey-headed Chachalaca_sound\Grey-headed Chachalaca18.wav,Grey-headed Chachalaca_sound,44,9.401678004535148,train,D:\other\Bird\Dataset\CC0\Grey-headed Chachalaca_sound\Grey-headed Chachalaca18.mp3
Grey-headed Chachalaca_sound/Grey-headed Chachalaca19,D:\other\Bird\Code\data\kaggle_wav_cache\Grey-headed Chachalaca_sound\Grey-headed Chachalaca19.wav,Grey-headed Chachalaca_sound,44,347.6355328798186,test,D:\other\Bird\Dataset\CC0\Grey-headed Chachalaca_sound\Grey-headed Chachalaca19.mp3
Grey-headed Chachalaca_sound/Grey-headed Chachalaca2,D:\other\Bird\Code\data\kaggle_wav_cache\Grey-headed Chachalaca_sound\Grey-headed Chachalaca2.wav,Grey-headed Chachalaca_sound,44,17.417458333333332,val,D:\other\Bird\Dataset\CC0\Grey-headed Chachalaca_sound\Grey-headed Chachalaca2.mp3
Grey-headed Chachalaca_sound/Grey-headed Chachalaca20,D:\other\Bird\Code\data\kaggle_wav_cache\Grey-headed Chachalaca_sound\Grey-headed Chachalaca20.wav,Grey-headed Chachalaca_sound,44,12.127708333333333,train,D:\other\Bird\Dataset\CC0\Grey-headed Chachalaca_sound\Grey-headed Chachalaca20.mp3
Grey-headed Chachalaca_sound/Grey-headed Chachalaca21,D:\other\Bird\Code\data\kaggle_wav_cache\Grey-headed Chachalaca_sound\Grey-headed Chachalaca21.wav,Grey-headed Chachalaca_sound,44,154.5153514739229,train,D:\other\Bird\Dataset\CC0\Grey-headed Chachalaca_sound\Grey-headed Chachalaca21.mp3
Grey-headed Chachalaca_sound/Grey-headed Chachalaca22,D:\other\Bird\Code\data\kaggle_wav_cache\Grey-headed Chachalaca_sound\Grey-headed Chachalaca22.wav,Grey-headed Chachalaca_sound,44,154.5153514739229,train,D:\other\Bird\Dataset\CC0\Grey-headed Chachalaca_sound\Grey-headed Chachalaca22.mp3
Grey-headed Chachalaca_sound/Grey-headed Chachalaca23,D:\other\Bird\Code\data\kaggle_wav_cache\Grey-headed Chachalaca_sound\Grey-headed Chachalaca23.wav,Grey-headed Chachalaca_sound,44,154.5153514739229,train,D:\other\Bird\Dataset\CC0\Grey-headed Chachalaca_sound\Grey-headed Chachalaca23.mp3
Grey-headed Chachalaca_sound/Grey-headed Chachalaca24,D:\other\Bird\Code\data\kaggle_wav_cache\Grey-headed Chachalaca_sound\Grey-headed Chachalaca24.wav,Grey-headed Chachalaca_sound,44,72.41866666666667,train,D:\other\Bird\Dataset\CC0\Grey-headed Chachalaca_sound\Grey-headed Chachalaca24.mp3
Grey-headed Chachalaca_sound/Grey-headed Chachalaca25,D:\other\Bird\Code\data\kaggle_wav_cache\Grey-headed Chachalaca_sound\Grey-headed Chachalaca25.wav,Grey-headed Chachalaca_sound,44,49.20181405895691,train,D:\other\Bird\Dataset\CC0\Grey-headed Chachalaca_sound\Grey-headed Chachalaca25.mp3
Grey-headed Chachalaca_sound/Grey-headed Chachalaca26,D:\other\Bird\Code\data\kaggle_wav_cache\Grey-headed Chachalaca_sound\Grey-headed Chachalaca26.wav,Grey-headed Chachalaca_sound,44,49.20181405895691,val,D:\other\Bird\Dataset\CC0\Grey-headed Chachalaca_sound\Grey-headed Chachalaca26.mp3
Grey-headed Chachalaca_sound/Grey-headed Chachalaca27,D:\other\Bird\Code\data\kaggle_wav_cache\Grey-headed Chachalaca_sound\Grey-headed Chachalaca27.wav,Grey-headed Chachalaca_sound,44,32.630045351473925,val,D:\other\Bird\Dataset\CC0\Grey-headed Chachalaca_sound\Grey-headed Chachalaca27.mp3
Grey-headed Chachalaca_sound/Grey-headed Chachalaca28,D:\other\Bird\Code\data\kaggle_wav_cache\Grey-headed Chachalaca_sound\Grey-headed Chachalaca28.wav,Grey-headed Chachalaca_sound,44,76.24,train,D:\other\Bird\Dataset\CC0\Grey-headed Chachalaca_sound\Grey-headed Chachalaca28.mp3
Grey-headed Chachalaca_sound/Grey-headed Chachalaca29,D:\other\Bird\Code\data\kaggle_wav_cache\Grey-headed Chachalaca_sound\Grey-headed Chachalaca29.wav,Grey-headed Chachalaca_sound,44,17.296802721088437,train,D:\other\Bird\Dataset\CC0\Grey-headed Chachalaca_sound\Grey-headed Chachalaca29.mp3
Grey-headed Chachalaca_sound/Grey-headed Chachalaca3,D:\other\Bird\Code\data\kaggle_wav_cache\Grey-headed Chachalaca_sound\Grey-headed Chachalaca3.wav,Grey-headed Chachalaca_sound,44,33.66009070294785,train,D:\other\Bird\Dataset\CC0\Grey-headed Chachalaca_sound\Grey-headed Chachalaca3.mp3
Grey-headed Chachalaca_sound/Grey-headed Chachalaca30,D:\other\Bird\Code\data\kaggle_wav_cache\Grey-headed Chachalaca_sound\Grey-headed Chachalaca30.wav,Grey-headed Chachalaca_sound,44,5.191791383219955,train,D:\other\Bird\Dataset\CC0\Grey-headed Chachalaca_sound\Grey-headed Chachalaca30.mp3
Grey-headed Chachalaca_sound/Grey-headed Chachalaca31,D:\other\Bird\Code\data\kaggle_wav_cache\Grey-headed Chachalaca_sound\Grey-headed Chachalaca31.wav,Grey-headed Chachalaca_sound,44,5.191791383219955,train,D:\other\Bird\Dataset\CC0\Grey-headed Chachalaca_sound\Grey-headed Chachalaca31.mp3
Grey-headed Chachalaca_sound/Grey-headed Chachalaca4,D:\other\Bird\Code\data\kaggle_wav_cache\Grey-headed Chachalaca_sound\Grey-headed Chachalaca4.wav,Grey-headed Chachalaca_sound,44,378.6430158730159,train,D:\other\Bird\Dataset\CC0\Grey-headed Chachalaca_sound\Grey-headed Chachalaca4.mp3
Grey-headed Chachalaca_sound/Grey-headed Chachalaca5,D:\other\Bird\Code\data\kaggle_wav_cache\Grey-headed Chachalaca_sound\Grey-headed Chachalaca5.wav,Grey-headed Chachalaca_sound,44,93.28791383219956,train,D:\other\Bird\Dataset\CC0\Grey-headed Chachalaca_sound\Grey-headed Chachalaca5.mp3
Grey-headed Chachalaca_sound/Grey-headed Chachalaca6,D:\other\Bird\Code\data\kaggle_wav_cache\Grey-headed Chachalaca_sound\Grey-headed Chachalaca6.wav,Grey-headed Chachalaca_sound,44,17.458666666666666,test,D:\other\Bird\Dataset\CC0\Grey-headed Chachalaca_sound\Grey-headed Chachalaca6.mp3
Grey-headed Chachalaca_sound/Grey-headed Chachalaca7,D:\other\Bird\Code\data\kaggle_wav_cache\Grey-headed Chachalaca_sound\Grey-headed Chachalaca7.wav,Grey-headed Chachalaca_sound,44,18.93879818594104,train,D:\other\Bird\Dataset\CC0\Grey-headed Chachalaca_sound\Grey-headed Chachalaca7.mp3
Grey-headed Chachalaca_sound/Grey-headed Chachalaca8,D:\other\Bird\Code\data\kaggle_wav_cache\Grey-headed Chachalaca_sound\Grey-headed Chachalaca8.wav,Grey-headed Chachalaca_sound,44,18.93879818594104,train,D:\other\Bird\Dataset\CC0\Grey-headed Chachalaca_sound\Grey-headed Chachalaca8.mp3
Grey-headed Chachalaca_sound/Grey-headed Chachalaca9,D:\other\Bird\Code\data\kaggle_wav_cache\Grey-headed Chachalaca_sound\Grey-headed Chachalaca9.wav,Grey-headed Chachalaca_sound,44,21.27780045351474,train,D:\other\Bird\Dataset\CC0\Grey-headed Chachalaca_sound\Grey-headed Chachalaca9.mp3
Grey-legged Tinamou_sound/Grey-legged Tinamou10,D:\other\Bird\Code\data\kaggle_wav_cache\Grey-legged Tinamou_sound\Grey-legged Tinamou10.wav,Grey-legged Tinamou_sound,45,145.638820861678,train,D:\other\Bird\Dataset\CC0\Grey-legged Tinamou_sound\Grey-legged Tinamou10.mp3
Grey-legged Tinamou_sound/Grey-legged Tinamou11,D:\other\Bird\Code\data\kaggle_wav_cache\Grey-legged Tinamou_sound\Grey-legged Tinamou11.wav,Grey-legged Tinamou_sound,45,116.31809523809524,val,D:\other\Bird\Dataset\CC0\Grey-legged Tinamou_sound\Grey-legged Tinamou11.mp3
Grey-legged Tinamou_sound/Grey-legged Tinamou12,D:\other\Bird\Code\data\kaggle_wav_cache\Grey-legged Tinamou_sound\Grey-legged Tinamou12.wav,Grey-legged Tinamou_sound,45,61.42603174603175,train,D:\other\Bird\Dataset\CC0\Grey-legged Tinamou_sound\Grey-legged Tinamou12.mp3
Grey-legged Tinamou_sound/Grey-legged Tinamou13,D:\other\Bird\Code\data\kaggle_wav_cache\Grey-legged Tinamou_sound\Grey-legged Tinamou13.wav,Grey-legged Tinamou_sound,45,59.64654166666666,val,D:\other\Bird\Dataset\CC0\Grey-legged Tinamou_sound\Grey-legged Tinamou13.mp3
Grey-legged Tinamou_sound/Grey-legged Tinamou2,D:\other\Bird\Code\data\kaggle_wav_cache\Grey-legged Tinamou_sound\Grey-legged Tinamou2.wav,Grey-legged Tinamou_sound,45,57.26451247165533,train,D:\other\Bird\Dataset\CC0\Grey-legged Tinamou_sound\Grey-legged Tinamou2.mp3
Grey-legged Tinamou_sound/Grey-legged Tinamou3,D:\other\Bird\Code\data\kaggle_wav_cache\Grey-legged Tinamou_sound\Grey-legged Tinamou3.wav,Grey-legged Tinamou_sound,45,57.26451247165533,train,D:\other\Bird\Dataset\CC0\Grey-legged Tinamou_sound\Grey-legged Tinamou3.mp3
Grey-legged Tinamou_sound/Grey-legged Tinamou4,D:\other\Bird\Code\data\kaggle_wav_cache\Grey-legged Tinamou_sound\Grey-legged Tinamou4.wav,Grey-legged Tinamou_sound,45,57.26451247165533,test,D:\other\Bird\Dataset\CC0\Grey-legged Tinamou_sound\Grey-legged Tinamou4.mp3
Grey-legged Tinamou_sound/Grey-legged Tinamou5,D:\other\Bird\Code\data\kaggle_wav_cache\Grey-legged Tinamou_sound\Grey-legged Tinamou5.wav,Grey-legged Tinamou_sound,45,55.07312925170068,train,D:\other\Bird\Dataset\CC0\Grey-legged Tinamou_sound\Grey-legged Tinamou5.mp3
Grey-legged Tinamou_sound/Grey-legged Tinamou6,D:\other\Bird\Code\data\kaggle_wav_cache\Grey-legged Tinamou_sound\Grey-legged Tinamou6.wav,Grey-legged Tinamou_sound,45,39.946666666666665,train,D:\other\Bird\Dataset\CC0\Grey-legged Tinamou_sound\Grey-legged Tinamou6.mp3
Grey-legged Tinamou_sound/Grey-legged Tinamou7,D:\other\Bird\Code\data\kaggle_wav_cache\Grey-legged Tinamou_sound\Grey-legged Tinamou7.wav,Grey-legged Tinamou_sound,45,39.946666666666665,test,D:\other\Bird\Dataset\CC0\Grey-legged Tinamou_sound\Grey-legged Tinamou7.mp3
Grey-legged Tinamou_sound/Grey-legged Tinamou8,D:\other\Bird\Code\data\kaggle_wav_cache\Grey-legged Tinamou_sound\Grey-legged Tinamou8.wav,Grey-legged Tinamou_sound,45,225.48215419501133,train,D:\other\Bird\Dataset\CC0\Grey-legged Tinamou_sound\Grey-legged Tinamou8.mp3
Grey-legged Tinamou_sound/Grey-legged Tinamou9,D:\other\Bird\Code\data\kaggle_wav_cache\Grey-legged Tinamou_sound\Grey-legged Tinamou9.wav,Grey-legged Tinamou_sound,45,145.638820861678,train,D:\other\Bird\Dataset\CC0\Grey-legged Tinamou_sound\Grey-legged Tinamou9.mp3
Highland Tinamou_sound/Highland Tinamou10,D:\other\Bird\Code\data\kaggle_wav_cache\Highland Tinamou_sound\Highland Tinamou10.wav,Highland Tinamou_sound,46,28.25487528344671,train,D:\other\Bird\Dataset\CC0\Highland Tinamou_sound\Highland Tinamou10.mp3
Highland Tinamou_sound/Highland Tinamou11,D:\other\Bird\Code\data\kaggle_wav_cache\Highland Tinamou_sound\Highland Tinamou11.wav,Highland Tinamou_sound,46,90.72475,val,D:\other\Bird\Dataset\CC0\Highland Tinamou_sound\Highland Tinamou11.mp3
Highland Tinamou_sound/Highland Tinamou12,D:\other\Bird\Code\data\kaggle_wav_cache\Highland Tinamou_sound\Highland Tinamou12.wav,Highland Tinamou_sound,46,141.4582993197279,test,D:\other\Bird\Dataset\CC0\Highland Tinamou_sound\Highland Tinamou12.mp3
Highland Tinamou_sound/Highland Tinamou13,D:\other\Bird\Code\data\kaggle_wav_cache\Highland Tinamou_sound\Highland Tinamou13.wav,Highland Tinamou_sound,46,82.05310657596372,train,D:\other\Bird\Dataset\CC0\Highland Tinamou_sound\Highland Tinamou13.mp3
Highland Tinamou_sound/Highland Tinamou14,D:\other\Bird\Code\data\kaggle_wav_cache\Highland Tinamou_sound\Highland Tinamou14.wav,Highland Tinamou_sound,46,112.43063492063492,train,D:\other\Bird\Dataset\CC0\Highland Tinamou_sound\Highland Tinamou14.mp3
Highland Tinamou_sound/Highland Tinamou15,D:\other\Bird\Code\data\kaggle_wav_cache\Highland Tinamou_sound\Highland Tinamou15.wav,Highland Tinamou_sound,46,271.4167346938776,val,D:\other\Bird\Dataset\CC0\Highland Tinamou_sound\Highland Tinamou15.mp3
Highland Tinamou_sound/Highland Tinamou16,D:\other\Bird\Code\data\kaggle_wav_cache\Highland Tinamou_sound\Highland Tinamou16.wav,Highland Tinamou_sound,46,120.21825396825396,train,D:\other\Bird\Dataset\CC0\Highland Tinamou_sound\Highland Tinamou16.mp3
Highland Tinamou_sound/Highland Tinamou17,D:\other\Bird\Code\data\kaggle_wav_cache\Highland Tinamou_sound\Highland Tinamou17.wav,Highland Tinamou_sound,46,120.21825396825396,test,D:\other\Bird\Dataset\CC0\Highland Tinamou_sound\Highland Tinamou17.mp3
Highland Tinamou_sound/Highland Tinamou18,D:\other\Bird\Code\data\kaggle_wav_cache\Highland Tinamou_sound\Highland Tinamou18.wav,Highland Tinamou_sound,46,94.48070833333334,train,D:\other\Bird\Dataset\CC0\Highland Tinamou_sound\Highland Tinamou18.mp3
Highland Tinamou_sound/Highland Tinamou19,D:\other\Bird\Code\data\kaggle_wav_cache\Highland Tinamou_sound\Highland Tinamou19.wav,Highland Tinamou_sound,46,94.48070833333334,train,D:\other\Bird\Dataset\CC0\Highland Tinamou_sound\Highland Tinamou19.mp3
Highland Tinamou_sound/Highland Tinamou2,D:\other\Bird\Code\data\kaggle_wav_cache\Highland Tinamou_sound\Highland Tinamou2.wav,Highland Tinamou_sound,46,15.697256235827664,train,D:\other\Bird\Dataset\CC0\Highland Tinamou_sound\Highland Tinamou2.mp3
Highland Tinamou_sound/Highland Tinamou20,D:\other\Bird\Code\data\kaggle_wav_cache\Highland Tinamou_sound\Highland Tinamou20.wav,Highland Tinamou_sound,46,25.18204081632653,train,D:\other\Bird\Dataset\CC0\Highland Tinamou_sound\Highland Tinamou20.mp3
Highland Tinamou_sound/Highland Tinamou21,D:\other\Bird\Code\data\kaggle_wav_cache\Highland Tinamou_sound\Highland Tinamou21.wav,Highland Tinamou_sound,46,25.18204081632653,train,D:\other\Bird\Dataset\CC0\Highland Tinamou_sound\Highland Tinamou21.mp3
Highland Tinamou_sound/Highland Tinamou22,D:\other\Bird\Code\data\kaggle_wav_cache\Highland Tinamou_sound\Highland Tinamou22.wav,Highland Tinamou_sound,46,25.18204081632653,train,D:\other\Bird\Dataset\CC0\Highland Tinamou_sound\Highland Tinamou22.mp3
Highland Tinamou_sound/Highland Tinamou23,D:\other\Bird\Code\data\kaggle_wav_cache\Highland Tinamou_sound\Highland Tinamou23.wav,Highland Tinamou_sound,46,99.0568253968254,test,D:\other\Bird\Dataset\CC0\Highland Tinamou_sound\Highland Tinamou23.mp3
Highland Tinamou_sound/Highland Tinamou24,D:\other\Bird\Code\data\kaggle_wav_cache\Highland Tinamou_sound\Highland Tinamou24.wav,Highland Tinamou_sound,46,26.73750566893424,train,D:\other\Bird\Dataset\CC0\Highland Tinamou_sound\Highland Tinamou24.mp3
Highland Tinamou_sound/Highland Tinamou25,D:\other\Bird\Code\data\kaggle_wav_cache\Highland Tinamou_sound\Highland Tinamou25.wav,Highland Tinamou_sound,46,21.917981859410432,train,D:\other\Bird\Dataset\CC0\Highland Tinamou_sound\Highland Tinamou25.mp3
Highland Tinamou_sound/Highland Tinamou26,D:\other\Bird\Code\data\kaggle_wav_cache\Highland Tinamou_sound\Highland Tinamou26.wav,Highland Tinamou_sound,46,68.44857142857143,train,D:\other\Bird\Dataset\CC0\Highland Tinamou_sound\Highland Tinamou26.mp3
Highland Tinamou_sound/Highland Tinamou27,D:\other\Bird\Code\data\kaggle_wav_cache\Highland Tinamou_sound\Highland Tinamou27.wav,Highland Tinamou_sound,46,108.69936507936508,val,D:\other\Bird\Dataset\CC0\Highland Tinamou_sound\Highland Tinamou27.mp3
Highland Tinamou_sound/Highland Tinamou28,D:\other\Bird\Code\data\kaggle_wav_cache\Highland Tinamou_sound\Highland Tinamou28.wav,Highland Tinamou_sound,46,77.32931972789116,train,D:\other\Bird\Dataset\CC0\Highland Tinamou_sound\Highland Tinamou28.mp3
Highland Tinamou_sound/Highland Tinamou29,D:\other\Bird\Code\data\kaggle_wav_cache\Highland Tinamou_sound\Highland Tinamou29.wav,Highland Tinamou_sound,46,77.32931972789116,train,D:\other\Bird\Dataset\CC0\Highland Tinamou_sound\Highland Tinamou29.mp3
Highland Tinamou_sound/Highland Tinamou3,D:\other\Bird\Code\data\kaggle_wav_cache\Highland Tinamou_sound\Highland Tinamou3.wav,Highland Tinamou_sound,46,15.697256235827664,val,D:\other\Bird\Dataset\CC0\Highland Tinamou_sound\Highland Tinamou3.mp3
Highland Tinamou_sound/Highland Tinamou30,D:\other\Bird\Code\data\kaggle_wav_cache\Highland Tinamou_sound\Highland Tinamou30.wav,Highland Tinamou_sound,46,77.32931972789116,test,D:\other\Bird\Dataset\CC0\Highland Tinamou_sound\Highland Tinamou30.mp3
Highland Tinamou_sound/Highland Tinamou31,D:\other\Bird\Code\data\kaggle_wav_cache\Highland Tinamou_sound\Highland Tinamou31.wav,Highland Tinamou_sound,46,77.32931972789116,train,D:\other\Bird\Dataset\CC0\Highland Tinamou_sound\Highland Tinamou31.mp3
Highland Tinamou_sound/Highland Tinamou4,D:\other\Bird\Code\data\kaggle_wav_cache\Highland Tinamou_sound\Highland Tinamou4.wav,Highland Tinamou_sound,46,36.042086167800456,train,D:\other\Bird\Dataset\CC0\Highland Tinamou_sound\Highland Tinamou4.mp3
Highland Tinamou_sound/Highland Tinamou5,D:\other\Bird\Code\data\kaggle_wav_cache\Highland Tinamou_sound\Highland Tinamou5.wav,Highland Tinamou_sound,46,19.71560090702948,train,D:\other\Bird\Dataset\CC0\Highland Tinamou_sound\Highland Tinamou5.mp3
Highland Tinamou_sound/Highland Tinamou6,D:\other\Bird\Code\data\kaggle_wav_cache\Highland Tinamou_sound\Highland Tinamou6.wav,Highland Tinamou_sound,46,15.490612244897958,train,D:\other\Bird\Dataset\CC0\Highland Tinamou_sound\Highland Tinamou6.mp3
Highland Tinamou_sound/Highland Tinamou7,D:\other\Bird\Code\data\kaggle_wav_cache\Highland Tinamou_sound\Highland Tinamou7.wav,Highland Tinamou_sound,46,15.490612244897958,train,D:\other\Bird\Dataset\CC0\Highland Tinamou_sound\Highland Tinamou7.mp3
Highland Tinamou_sound/Highland Tinamou8,D:\other\Bird\Code\data\kaggle_wav_cache\Highland Tinamou_sound\Highland Tinamou8.wav,Highland Tinamou_sound,46,25.871655328798187,train,D:\other\Bird\Dataset\CC0\Highland Tinamou_sound\Highland Tinamou8.mp3
Highland Tinamou_sound/Highland Tinamou9,D:\other\Bird\Code\data\kaggle_wav_cache\Highland Tinamou_sound\Highland Tinamou9.wav,Highland Tinamou_sound,46,28.25487528344671,train,D:\other\Bird\Dataset\CC0\Highland Tinamou_sound\Highland Tinamou9.mp3
Hooded Tinamou_sound/Hooded Tinamou10,D:\other\Bird\Code\data\kaggle_wav_cache\Hooded Tinamou_sound\Hooded Tinamou10.wav,Hooded Tinamou_sound,47,60.96700680272109,train,D:\other\Bird\Dataset\CC0\Hooded Tinamou_sound\Hooded Tinamou10.mp3
Hooded Tinamou_sound/Hooded Tinamou11,D:\other\Bird\Code\data\kaggle_wav_cache\Hooded Tinamou_sound\Hooded Tinamou11.wav,Hooded Tinamou_sound,47,65.96492063492063,train,D:\other\Bird\Dataset\CC0\Hooded Tinamou_sound\Hooded Tinamou11.mp3
Hooded Tinamou_sound/Hooded Tinamou12,D:\other\Bird\Code\data\kaggle_wav_cache\Hooded Tinamou_sound\Hooded Tinamou12.wav,Hooded Tinamou_sound,47,12.180453514739227,train,D:\other\Bird\Dataset\CC0\Hooded Tinamou_sound\Hooded Tinamou12.mp3
Hooded Tinamou_sound/Hooded Tinamou13,D:\other\Bird\Code\data\kaggle_wav_cache\Hooded Tinamou_sound\Hooded Tinamou13.wav,Hooded Tinamou_sound,47,33.57065759637188,train,D:\other\Bird\Dataset\CC0\Hooded Tinamou_sound\Hooded Tinamou13.mp3
Hooded Tinamou_sound/Hooded Tinamou14,D:\other\Bird\Code\data\kaggle_wav_cache\Hooded Tinamou_sound\Hooded Tinamou14.wav,Hooded Tinamou_sound,47,33.57065759637188,val,D:\other\Bird\Dataset\CC0\Hooded Tinamou_sound\Hooded Tinamou14.mp3
Hooded Tinamou_sound/Hooded Tinamou15,D:\other\Bird\Code\data\kaggle_wav_cache\Hooded Tinamou_sound\Hooded Tinamou15.wav,Hooded Tinamou_sound,47,36.48918367346939,val,D:\other\Bird\Dataset\CC0\Hooded Tinamou_sound\Hooded Tinamou15.mp3
Hooded Tinamou_sound/Hooded Tinamou16,D:\other\Bird\Code\data\kaggle_wav_cache\Hooded Tinamou_sound\Hooded Tinamou16.wav,Hooded Tinamou_sound,47,13.39034013605442,train,D:\other\Bird\Dataset\CC0\Hooded Tinamou_sound\Hooded Tinamou16.mp3
Hooded Tinamou_sound/Hooded Tinamou2,D:\other\Bird\Code\data\kaggle_wav_cache\Hooded Tinamou_sound\Hooded Tinamou2.wav,Hooded Tinamou_sound,47,16.144353741496598,test,D:\other\Bird\Dataset\CC0\Hooded Tinamou_sound\Hooded Tinamou2.mp3
Hooded Tinamou_sound/Hooded Tinamou3,D:\other\Bird\Code\data\kaggle_wav_cache\Hooded Tinamou_sound\Hooded Tinamou3.wav,Hooded Tinamou_sound,47,16.144353741496598,train,D:\other\Bird\Dataset\CC0\Hooded Tinamou_sound\Hooded Tinamou3.mp3
Hooded Tinamou_sound/Hooded Tinamou4,D:\other\Bird\Code\data\kaggle_wav_cache\Hooded Tinamou_sound\Hooded Tinamou4.wav,Hooded Tinamou_sound,47,16.144353741496598,train,D:\other\Bird\Dataset\CC0\Hooded Tinamou_sound\Hooded Tinamou4.mp3
Hooded Tinamou_sound/Hooded Tinamou5,D:\other\Bird\Code\data\kaggle_wav_cache\Hooded Tinamou_sound\Hooded Tinamou5.wav,Hooded Tinamou_sound,47,16.144353741496598,train,D:\other\Bird\Dataset\CC0\Hooded Tinamou_sound\Hooded Tinamou5.mp3
Hooded Tinamou_sound/Hooded Tinamou6,D:\other\Bird\Code\data\kaggle_wav_cache\Hooded Tinamou_sound\Hooded Tinamou6.wav,Hooded Tinamou_sound,47,115.86879818594105,train,D:\other\Bird\Dataset\CC0\Hooded Tinamou_sound\Hooded Tinamou6.mp3
Hooded Tinamou_sound/Hooded Tinamou7,D:\other\Bird\Code\data\kaggle_wav_cache\Hooded Tinamou_sound\Hooded Tinamou7.wav,Hooded Tinamou_sound,47,25.74596371882086,train,D:\other\Bird\Dataset\CC0\Hooded Tinamou_sound\Hooded Tinamou7.mp3
Hooded Tinamou_sound/Hooded Tinamou8,D:\other\Bird\Code\data\kaggle_wav_cache\Hooded Tinamou_sound\Hooded Tinamou8.wav,Hooded Tinamou_sound,47,28.394666666666662,train,D:\other\Bird\Dataset\CC0\Hooded Tinamou_sound\Hooded Tinamou8.mp3
Hooded Tinamou_sound/Hooded Tinamou9,D:\other\Bird\Code\data\kaggle_wav_cache\Hooded Tinamou_sound\Hooded Tinamou9.wav,Hooded Tinamou_sound,47,28.394666666666662,test,D:\other\Bird\Dataset\CC0\Hooded Tinamou_sound\Hooded Tinamou9.mp3
Huayco Tinamou_sound/Huayco Tinamou10,D:\other\Bird\Code\data\kaggle_wav_cache\Huayco Tinamou_sound\Huayco Tinamou10.wav,Huayco Tinamou_sound,48,11.766598639455784,train,D:\other\Bird\Dataset\CC0\Huayco Tinamou_sound\Huayco Tinamou10.mp3
Huayco Tinamou_sound/Huayco Tinamou11,D:\other\Bird\Code\data\kaggle_wav_cache\Huayco Tinamou_sound\Huayco Tinamou11.wav,Huayco Tinamou_sound,48,11.766598639455784,test,D:\other\Bird\Dataset\CC0\Huayco Tinamou_sound\Huayco Tinamou11.mp3
Huayco Tinamou_sound/Huayco Tinamou2,D:\other\Bird\Code\data\kaggle_wav_cache\Huayco Tinamou_sound\Huayco Tinamou2.wav,Huayco Tinamou_sound,48,6.75,val,D:\other\Bird\Dataset\CC0\Huayco Tinamou_sound\Huayco Tinamou2.mp3
Huayco Tinamou_sound/Huayco Tinamou3,D:\other\Bird\Code\data\kaggle_wav_cache\Huayco Tinamou_sound\Huayco Tinamou3.wav,Huayco Tinamou_sound,48,6.75,train,D:\other\Bird\Dataset\CC0\Huayco Tinamou_sound\Huayco Tinamou3.mp3
Huayco Tinamou_sound/Huayco Tinamou4,D:\other\Bird\Code\data\kaggle_wav_cache\Huayco Tinamou_sound\Huayco Tinamou4.wav,Huayco Tinamou_sound,48,78.0069387755102,train,D:\other\Bird\Dataset\CC0\Huayco Tinamou_sound\Huayco Tinamou4.mp3
Huayco Tinamou_sound/Huayco Tinamou5,D:\other\Bird\Code\data\kaggle_wav_cache\Huayco Tinamou_sound\Huayco Tinamou5.wav,Huayco Tinamou_sound,48,102.64444444444445,val,D:\other\Bird\Dataset\CC0\Huayco Tinamou_sound\Huayco Tinamou5.mp3
Huayco Tinamou_sound/Huayco Tinamou6,D:\other\Bird\Code\data\kaggle_wav_cache\Huayco Tinamou_sound\Huayco Tinamou6.wav,Huayco Tinamou_sound,48,32.64492063492064,test,D:\other\Bird\Dataset\CC0\Huayco Tinamou_sound\Huayco Tinamou6.mp3
Huayco Tinamou_sound/Huayco Tinamou7,D:\other\Bird\Code\data\kaggle_wav_cache\Huayco Tinamou_sound\Huayco Tinamou7.wav,Huayco Tinamou_sound,48,247.154716553288,train,D:\other\Bird\Dataset\CC0\Huayco Tinamou_sound\Huayco Tinamou7.mp3
Huayco Tinamou_sound/Huayco Tinamou8,D:\other\Bird\Code\data\kaggle_wav_cache\Huayco Tinamou_sound\Huayco Tinamou8.wav,Huayco Tinamou_sound,48,247.154716553288,train,D:\other\Bird\Dataset\CC0\Huayco Tinamou_sound\Huayco Tinamou8.mp3
Huayco Tinamou_sound/Huayco Tinamou9,D:\other\Bird\Code\data\kaggle_wav_cache\Huayco Tinamou_sound\Huayco Tinamou9.wav,Huayco Tinamou_sound,48,247.154716553288,train,D:\other\Bird\Dataset\CC0\Huayco Tinamou_sound\Huayco Tinamou9.mp3
Lesser Nothura_sound/Lesser Nothura10,D:\other\Bird\Code\data\kaggle_wav_cache\Lesser Nothura_sound\Lesser Nothura10.wav,Lesser Nothura_sound,49,9.481995464852607,train,D:\other\Bird\Dataset\CC0\Lesser Nothura_sound\Lesser Nothura10.mp3
Lesser Nothura_sound/Lesser Nothura11,D:\other\Bird\Code\data\kaggle_wav_cache\Lesser Nothura_sound\Lesser Nothura11.wav,Lesser Nothura_sound,49,13.88403628117914,train,D:\other\Bird\Dataset\CC0\Lesser Nothura_sound\Lesser Nothura11.mp3
Lesser Nothura_sound/Lesser Nothura2,D:\other\Bird\Code\data\kaggle_wav_cache\Lesser Nothura_sound\Lesser Nothura2.wav,Lesser Nothura_sound,49,45.477165532879816,train,D:\other\Bird\Dataset\CC0\Lesser Nothura_sound\Lesser Nothura2.mp3
Lesser Nothura_sound/Lesser Nothura3,D:\other\Bird\Code\data\kaggle_wav_cache\Lesser Nothura_sound\Lesser Nothura3.wav,Lesser Nothura_sound,49,45.477165532879816,val,D:\other\Bird\Dataset\CC0\Lesser Nothura_sound\Lesser Nothura3.mp3
Lesser Nothura_sound/Lesser Nothura4,D:\other\Bird\Code\data\kaggle_wav_cache\Lesser Nothura_sound\Lesser Nothura4.wav,Lesser Nothura_sound,49,45.477165532879816,test,D:\other\Bird\Dataset\CC0\Lesser Nothura_sound\Lesser Nothura4.mp3
Lesser Nothura_sound/Lesser Nothura5,D:\other\Bird\Code\data\kaggle_wav_cache\Lesser Nothura_sound\Lesser Nothura5.wav,Lesser Nothura_sound,49,6.261632653061224,train,D:\other\Bird\Dataset\CC0\Lesser Nothura_sound\Lesser Nothura5.mp3
Lesser Nothura_sound/Lesser Nothura6,D:\other\Bird\Code\data\kaggle_wav_cache\Lesser Nothura_sound\Lesser Nothura6.wav,Lesser Nothura_sound,49,15.970498866213152,train,D:\other\Bird\Dataset\CC0\Lesser Nothura_sound\Lesser Nothura6.mp3
Lesser Nothura_sound/Lesser Nothura7,D:\other\Bird\Code\data\kaggle_wav_cache\Lesser Nothura_sound\Lesser Nothura7.wav,Lesser Nothura_sound,49,12.151632653061224,train,D:\other\Bird\Dataset\CC0\Lesser Nothura_sound\Lesser Nothura7.mp3
Lesser Nothura_sound/Lesser Nothura8,D:\other\Bird\Code\data\kaggle_wav_cache\Lesser Nothura_sound\Lesser Nothura8.wav,Lesser Nothura_sound,49,13.244467120181406,test,D:\other\Bird\Dataset\CC0\Lesser Nothura_sound\Lesser Nothura8.mp3
Lesser Nothura_sound/Lesser Nothura9,D:\other\Bird\Code\data\kaggle_wav_cache\Lesser Nothura_sound\Lesser Nothura9.wav,Lesser Nothura_sound,49,9.481995464852607,val,D:\other\Bird\Dataset\CC0\Lesser Nothura_sound\Lesser Nothura9.mp3
Lesser Rhea_sound/Lesser Rhea2,D:\other\Bird\Code\data\kaggle_wav_cache\Lesser Rhea_sound\Lesser Rhea2.wav,Lesser Rhea_sound,50,23.088480725623583,test,D:\other\Bird\Dataset\CC0\Lesser Rhea_sound\Lesser Rhea2.mp3
Lesser Rhea_sound/Lesser Rhea3,D:\other\Bird\Code\data\kaggle_wav_cache\Lesser Rhea_sound\Lesser Rhea3.wav,Lesser Rhea_sound,50,24.8121875,train,D:\other\Bird\Dataset\CC0\Lesser Rhea_sound\Lesser Rhea3.mp3
Lesser Rhea_sound/Lesser Rhea4,D:\other\Bird\Code\data\kaggle_wav_cache\Lesser Rhea_sound\Lesser Rhea4.wav,Lesser Rhea_sound,50,5.357083333333334,val,D:\other\Bird\Dataset\CC0\Lesser Rhea_sound\Lesser Rhea4.mp3
Lesser Rhea_sound/Lesser Rhea5,D:\other\Bird\Code\data\kaggle_wav_cache\Lesser Rhea_sound\Lesser Rhea5.wav,Lesser Rhea_sound,50,12.1265,train,D:\other\Bird\Dataset\CC0\Lesser Rhea_sound\Lesser Rhea5.mp3
Little Chachalaca_sound/Little Chachalaca10,D:\other\Bird\Code\data\kaggle_wav_cache\Little Chachalaca_sound\Little Chachalaca10.wav,Little Chachalaca_sound,51,12.113219954648526,train,D:\other\Bird\Dataset\CC0\Little Chachalaca_sound\Little Chachalaca10.mp3
Little Chachalaca_sound/Little Chachalaca11,D:\other\Bird\Code\data\kaggle_wav_cache\Little Chachalaca_sound\Little Chachalaca11.wav,Little Chachalaca_sound,51,12.113219954648526,val,D:\other\Bird\Dataset\CC0\Little Chachalaca_sound\Little Chachalaca11.mp3
Little Chachalaca_sound/Little Chachalaca12,D:\other\Bird\Code\data\kaggle_wav_cache\Little Chachalaca_sound\Little Chachalaca12.wav,Little Chachalaca_sound,51,12.113219954648526,train,D:\other\Bird\Dataset\CC0\Little Chachalaca_sound\Little Chachalaca12.mp3
Little Chachalaca_sound/Little Chachalaca13,D:\other\Bird\Code\data\kaggle_wav_cache\Little Chachalaca_sound\Little Chachalaca13.wav,Little Chachalaca_sound,51,10.416281179138322,train,D:\other\Bird\Dataset\CC0\Little Chachalaca_sound\Little Chachalaca13.mp3
Little Chachalaca_sound/Little Chachalaca14,D:\other\Bird\Code\data\kaggle_wav_cache\Little Chachalaca_sound\Little Chachalaca14.wav,Little Chachalaca_sound,51,56.58600907029479,test,D:\other\Bird\Dataset\CC0\Little Chachalaca_sound\Little Chachalaca14.mp3
Little Chachalaca_sound/Little Chachalaca15,D:\other\Bird\Code\data\kaggle_wav_cache\Little Chachalaca_sound\Little Chachalaca15.wav,Little Chachalaca_sound,51,11.294807256235828,val,D:\other\Bird\Dataset\CC0\Little Chachalaca_sound\Little Chachalaca15.mp3
Little Chachalaca_sound/Little Chachalaca16,D:\other\Bird\Code\data\kaggle_wav_cache\Little Chachalaca_sound\Little Chachalaca16.wav,Little Chachalaca_sound,51,11.294807256235828,train,D:\other\Bird\Dataset\CC0\Little Chachalaca_sound\Little Chachalaca16.mp3
Little Chachalaca_sound/Little Chachalaca17,D:\other\Bird\Code\data\kaggle_wav_cache\Little Chachalaca_sound\Little Chachalaca17.wav,Little Chachalaca_sound,51,48.2550566893424,train,D:\other\Bird\Dataset\CC0\Little Chachalaca_sound\Little Chachalaca17.mp3
Little Chachalaca_sound/Little Chachalaca18,D:\other\Bird\Code\data\kaggle_wav_cache\Little Chachalaca_sound\Little Chachalaca18.wav,Little Chachalaca_sound,51,48.2550566893424,train,D:\other\Bird\Dataset\CC0\Little Chachalaca_sound\Little Chachalaca18.mp3
Little Chachalaca_sound/Little Chachalaca19,D:\other\Bird\Code\data\kaggle_wav_cache\Little Chachalaca_sound\Little Chachalaca19.wav,Little Chachalaca_sound,51,48.2550566893424,train,D:\other\Bird\Dataset\CC0\Little Chachalaca_sound\Little Chachalaca19.mp3
Little Chachalaca_sound/Little Chachalaca2,D:\other\Bird\Code\data\kaggle_wav_cache\Little Chachalaca_sound\Little Chachalaca2.wav,Little Chachalaca_sound,51,77.11345833333333,train,D:\other\Bird\Dataset\CC0\Little Chachalaca_sound\Little Chachalaca2.mp3
Little Chachalaca_sound/Little Chachalaca20,D:\other\Bird\Code\data\kaggle_wav_cache\Little Chachalaca_sound\Little Chachalaca20.wav,Little Chachalaca_sound,51,22.57820861678005,train,D:\other\Bird\Dataset\CC0\Little Chachalaca_sound\Little Chachalaca20.mp3
Little Chachalaca_sound/Little Chachalaca21,D:\other\Bird\Code\data\kaggle_wav_cache\Little Chachalaca_sound\Little Chachalaca21.wav,Little Chachalaca_sound,51,8.179909297052154,train,D:\other\Bird\Dataset\CC0\Little Chachalaca_sound\Little Chachalaca21.mp3
Little Chachalaca_sound/Little Chachalaca22,D:\other\Bird\Code\data\kaggle_wav_cache\Little Chachalaca_sound\Little Chachalaca22.wav,Little Chachalaca_sound,51,29.418049886621315,val,D:\other\Bird\Dataset\CC0\Little Chachalaca_sound\Little Chachalaca22.mp3
Little Chachalaca_sound/Little Chachalaca23,D:\other\Bird\Code\data\kaggle_wav_cache\Little Chachalaca_sound\Little Chachalaca23.wav,Little Chachalaca_sound,51,28.574739229024942,train,D:\other\Bird\Dataset\CC0\Little Chachalaca_sound\Little Chachalaca23.mp3
Little Chachalaca_sound/Little Chachalaca24,D:\other\Bird\Code\data\kaggle_wav_cache\Little Chachalaca_sound\Little Chachalaca24.wav,Little Chachalaca_sound,51,13.789160997732424,train,D:\other\Bird\Dataset\CC0\Little Chachalaca_sound\Little Chachalaca24.mp3
Little Chachalaca_sound/Little Chachalaca25,D:\other\Bird\Code\data\kaggle_wav_cache\Little Chachalaca_sound\Little Chachalaca25.wav,Little Chachalaca_sound,51,10.154195011337867,val,D:\other\Bird\Dataset\CC0\Little Chachalaca_sound\Little Chachalaca25.mp3
Little Chachalaca_sound/Little Chachalaca26,D:\other\Bird\Code\data\kaggle_wav_cache\Little Chachalaca_sound\Little Chachalaca26.wav,Little Chachalaca_sound,51,75.99825,train,D:\other\Bird\Dataset\CC0\Little Chachalaca_sound\Little Chachalaca26.mp3
Little Chachalaca_sound/Little Chachalaca27,D:\other\Bird\Code\data\kaggle_wav_cache\Little Chachalaca_sound\Little Chachalaca27.wav,Little Chachalaca_sound,51,75.99825,train,D:\other\Bird\Dataset\CC0\Little Chachalaca_sound\Little Chachalaca27.mp3
Little Chachalaca_sound/Little Chachalaca28,D:\other\Bird\Code\data\kaggle_wav_cache\Little Chachalaca_sound\Little Chachalaca28.wav,Little Chachalaca_sound,51,25.47748299319728,test,D:\other\Bird\Dataset\CC0\Little Chachalaca_sound\Little Chachalaca28.mp3
Little Chachalaca_sound/Little Chachalaca29,D:\other\Bird\Code\data\kaggle_wav_cache\Little Chachalaca_sound\Little Chachalaca29.wav,Little Chachalaca_sound,51,25.47748299319728,train,D:\other\Bird\Dataset\CC0\Little Chachalaca_sound\Little Chachalaca29.mp3
Little Chachalaca_sound/Little Chachalaca3,D:\other\Bird\Code\data\kaggle_wav_cache\Little Chachalaca_sound\Little Chachalaca3.wav,Little Chachalaca_sound,51,77.11345833333333,test,D:\other\Bird\Dataset\CC0\Little Chachalaca_sound\Little Chachalaca3.mp3
Little Chachalaca_sound/Little Chachalaca30,D:\other\Bird\Code\data\kaggle_wav_cache\Little Chachalaca_sound\Little Chachalaca30.wav,Little Chachalaca_sound,51,25.47748299319728,train,D:\other\Bird\Dataset\CC0\Little Chachalaca_sound\Little Chachalaca30.mp3
Little Chachalaca_sound/Little Chachalaca31,D:\other\Bird\Code\data\kaggle_wav_cache\Little Chachalaca_sound\Little Chachalaca31.wav,Little Chachalaca_sound,51,15.415238095238095,train,D:\other\Bird\Dataset\CC0\Little Chachalaca_sound\Little Chachalaca31.mp3
Little Chachalaca_sound/Little Chachalaca4,D:\other\Bird\Code\data\kaggle_wav_cache\Little Chachalaca_sound\Little Chachalaca4.wav,Little Chachalaca_sound,51,47.35986394557823,train,D:\other\Bird\Dataset\CC0\Little Chachalaca_sound\Little Chachalaca4.mp3
Little Chachalaca_sound/Little Chachalaca5,D:\other\Bird\Code\data\kaggle_wav_cache\Little Chachalaca_sound\Little Chachalaca5.wav,Little Chachalaca_sound,51,47.35986394557823,test,D:\other\Bird\Dataset\CC0\Little Chachalaca_sound\Little Chachalaca5.mp3
Little Chachalaca_sound/Little Chachalaca6,D:\other\Bird\Code\data\kaggle_wav_cache\Little Chachalaca_sound\Little Chachalaca6.wav,Little Chachalaca_sound,51,210.236375,train,D:\other\Bird\Dataset\CC0\Little Chachalaca_sound\Little Chachalaca6.mp3
Little Chachalaca_sound/Little Chachalaca7,D:\other\Bird\Code\data\kaggle_wav_cache\Little Chachalaca_sound\Little Chachalaca7.wav,Little Chachalaca_sound,51,64.86408163265307,train,D:\other\Bird\Dataset\CC0\Little Chachalaca_sound\Little Chachalaca7.mp3
Little Chachalaca_sound/Little Chachalaca8,D:\other\Bird\Code\data\kaggle_wav_cache\Little Chachalaca_sound\Little Chachalaca8.wav,Little Chachalaca_sound,51,12.113219954648526,train,D:\other\Bird\Dataset\CC0\Little Chachalaca_sound\Little Chachalaca8.mp3
Little Chachalaca_sound/Little Chachalaca9,D:\other\Bird\Code\data\kaggle_wav_cache\Little Chachalaca_sound\Little Chachalaca9.wav,Little Chachalaca_sound,51,12.113219954648526,train,D:\other\Bird\Dataset\CC0\Little Chachalaca_sound\Little Chachalaca9.mp3
Little Spotted Kiwi_sound/Little Spotted Kiwi2,D:\other\Bird\Code\data\kaggle_wav_cache\Little Spotted Kiwi_sound\Little Spotted Kiwi2.wav,Little Spotted Kiwi_sound,52,5.475986394557824,test,D:\other\Bird\Dataset\CC0\Little Spotted Kiwi_sound\Little Spotted Kiwi2.mp3
Little Spotted Kiwi_sound/Little Spotted Kiwi3,D:\other\Bird\Code\data\kaggle_wav_cache\Little Spotted Kiwi_sound\Little Spotted Kiwi3.wav,Little Spotted Kiwi_sound,52,5.475986394557824,train,D:\other\Bird\Dataset\CC0\Little Spotted Kiwi_sound\Little Spotted Kiwi3.mp3
Little Spotted Kiwi_sound/Little Spotted Kiwi4,D:\other\Bird\Code\data\kaggle_wav_cache\Little Spotted Kiwi_sound\Little Spotted Kiwi4.wav,Little Spotted Kiwi_sound,52,17.102857142857143,train,D:\other\Bird\Dataset\CC0\Little Spotted Kiwi_sound\Little Spotted Kiwi4.mp3
Little Spotted Kiwi_sound/Little Spotted Kiwi5,D:\other\Bird\Code\data\kaggle_wav_cache\Little Spotted Kiwi_sound\Little Spotted Kiwi5.wav,Little Spotted Kiwi_sound,52,51.74324263038549,train,D:\other\Bird\Dataset\CC0\Little Spotted Kiwi_sound\Little Spotted Kiwi5.mp3
Little Spotted Kiwi_sound/Little Spotted Kiwi6,D:\other\Bird\Code\data\kaggle_wav_cache\Little Spotted Kiwi_sound\Little Spotted Kiwi6.wav,Little Spotted Kiwi_sound,52,51.74324263038549,val,D:\other\Bird\Dataset\CC0\Little Spotted Kiwi_sound\Little Spotted Kiwi6.mp3
Little Spotted Kiwi_sound/Little Spotted Kiwi7,D:\other\Bird\Code\data\kaggle_wav_cache\Little Spotted Kiwi_sound\Little Spotted Kiwi7.wav,Little Spotted Kiwi_sound,52,20.75392290249433,train,D:\other\Bird\Dataset\CC0\Little Spotted Kiwi_sound\Little Spotted Kiwi7.mp3
Little Tinamou_sound/Little Tinamou10,D:\other\Bird\Code\data\kaggle_wav_cache\Little Tinamou_sound\Little Tinamou10.wav,Little Tinamou_sound,53,39.22877551020408,val,D:\other\Bird\Dataset\CC0\Little Tinamou_sound\Little Tinamou10.mp3
Little Tinamou_sound/Little Tinamou11,D:\other\Bird\Code\data\kaggle_wav_cache\Little Tinamou_sound\Little Tinamou11.wav,Little Tinamou_sound,53,13.583673469387756,train,D:\other\Bird\Dataset\CC0\Little Tinamou_sound\Little Tinamou11.mp3
Little Tinamou_sound/Little Tinamou12,D:\other\Bird\Code\data\kaggle_wav_cache\Little Tinamou_sound\Little Tinamou12.wav,Little Tinamou_sound,53,13.583673469387756,test,D:\other\Bird\Dataset\CC0\Little Tinamou_sound\Little Tinamou12.mp3
Little Tinamou_sound/Little Tinamou13,D:\other\Bird\Code\data\kaggle_wav_cache\Little Tinamou_sound\Little Tinamou13.wav,Little Tinamou_sound,53,13.583673469387756,val,D:\other\Bird\Dataset\CC0\Little Tinamou_sound\Little Tinamou13.mp3
Little Tinamou_sound/Little Tinamou14,D:\other\Bird\Code\data\kaggle_wav_cache\Little Tinamou_sound\Little Tinamou14.wav,Little Tinamou_sound,53,13.583673469387756,train,D:\other\Bird\Dataset\CC0\Little Tinamou_sound\Little Tinamou14.mp3
Little Tinamou_sound/Little Tinamou15,D:\other\Bird\Code\data\kaggle_wav_cache\Little Tinamou_sound\Little Tinamou15.wav,Little Tinamou_sound,53,13.583673469387756,train,D:\other\Bird\Dataset\CC0\Little Tinamou_sound\Little Tinamou15.mp3
Little Tinamou_sound/Little Tinamou16,D:\other\Bird\Code\data\kaggle_wav_cache\Little Tinamou_sound\Little Tinamou16.wav,Little Tinamou_sound,53,40.36204081632653,train,D:\other\Bird\Dataset\CC0\Little Tinamou_sound\Little Tinamou16.mp3
Little Tinamou_sound/Little Tinamou17,D:\other\Bird\Code\data\kaggle_wav_cache\Little Tinamou_sound\Little Tinamou17.wav,Little Tinamou_sound,53,19.759478458049887,train,D:\other\Bird\Dataset\CC0\Little Tinamou_sound\Little Tinamou17.mp3
Little Tinamou_sound/Little Tinamou18,D:\other\Bird\Code\data\kaggle_wav_cache\Little Tinamou_sound\Little Tinamou18.wav,Little Tinamou_sound,53,19.759478458049887,test,D:\other\Bird\Dataset\CC0\Little Tinamou_sound\Little Tinamou18.mp3
Little Tinamou_sound/Little Tinamou19,D:\other\Bird\Code\data\kaggle_wav_cache\Little Tinamou_sound\Little Tinamou19.wav,Little Tinamou_sound,53,49.34510204081633,train,D:\other\Bird\Dataset\CC0\Little Tinamou_sound\Little Tinamou19.mp3
Little Tinamou_sound/Little Tinamou2,D:\other\Bird\Code\data\kaggle_wav_cache\Little Tinamou_sound\Little Tinamou2.wav,Little Tinamou_sound,53,38.00448979591837,train,D:\other\Bird\Dataset\CC0\Little Tinamou_sound\Little Tinamou2.mp3
Little Tinamou_sound/Little Tinamou20,D:\other\Bird\Code\data\kaggle_wav_cache\Little Tinamou_sound\Little Tinamou20.wav,Little Tinamou_sound,53,49.34510204081633,train,D:\other\Bird\Dataset\CC0\Little Tinamou_sound\Little Tinamou20.mp3
Little Tinamou_sound/Little Tinamou21,D:\other\Bird\Code\data\kaggle_wav_cache\Little Tinamou_sound\Little Tinamou21.wav,Little Tinamou_sound,53,32.73859410430839,train,D:\other\Bird\Dataset\CC0\Little Tinamou_sound\Little Tinamou21.mp3
Little Tinamou_sound/Little Tinamou22,D:\other\Bird\Code\data\kaggle_wav_cache\Little Tinamou_sound\Little Tinamou22.wav,Little Tinamou_sound,53,32.73859410430839,train,D:\other\Bird\Dataset\CC0\Little Tinamou_sound\Little Tinamou22.mp3
Little Tinamou_sound/Little Tinamou23,D:\other\Bird\Code\data\kaggle_wav_cache\Little Tinamou_sound\Little Tinamou23.wav,Little Tinamou_sound,53,32.73859410430839,train,D:\other\Bird\Dataset\CC0\Little Tinamou_sound\Little Tinamou23.mp3
Little Tinamou_sound/Little Tinamou24,D:\other\Bird\Code\data\kaggle_wav_cache\Little Tinamou_sound\Little Tinamou24.wav,Little Tinamou_sound,53,32.73859410430839,train,D:\other\Bird\Dataset\CC0\Little Tinamou_sound\Little Tinamou24.mp3
Little Tinamou_sound/Little Tinamou25,D:\other\Bird\Code\data\kaggle_wav_cache\Little Tinamou_sound\Little Tinamou25.wav,Little Tinamou_sound,53,32.73859410430839,val,D:\other\Bird\Dataset\CC0\Little Tinamou_sound\Little Tinamou25.mp3
Little Tinamou_sound/Little Tinamou26,D:\other\Bird\Code\data\kaggle_wav_cache\Little Tinamou_sound\Little Tinamou26.wav,Little Tinamou_sound,53,32.73859410430839,train,D:\other\Bird\Dataset\CC0\Little Tinamou_sound\Little Tinamou26.mp3
Little Tinamou_sound/Little Tinamou27,D:\other\Bird\Code\data\kaggle_wav_cache\Little Tinamou_sound\Little Tinamou27.wav,Little Tinamou_sound,53,32.73859410430839,train,D:\other\Bird\Dataset\CC0\Little Tinamou_sound\Little Tinamou27.mp3
Little Tinamou_sound/Little Tinamou28,D:\other\Bird\Code\data\kaggle_wav_cache\Little Tinamou_sound\Little Tinamou28.wav,Little Tinamou_sound,53,32.73859410430839,train,D:\other\Bird\Dataset\CC0\Little Tinamou_sound\Little Tinamou28.mp3
Little Tinamou_sound/Little Tinamou29,D:\other\Bird\Code\data\kaggle_wav_cache\Little Tinamou_sound\Little Tinamou29.wav,Little Tinamou_sound,53,32.73859410430839,train,D:\other\Bird\Dataset\CC0\Little Tinamou_sound\Little Tinamou29.mp3
Little Tinamou_sound/Little Tinamou3,D:\other\Bird\Code\data\kaggle_wav_cache\Little Tinamou_sound\Little Tinamou3.wav,Little Tinamou_sound,53,38.00448979591837,train,D:\other\Bird\Dataset\CC0\Little Tinamou_sound\Little Tinamou3.mp3
Little Tinamou_sound/Little Tinamou30,D:\other\Bird\Code\data\kaggle_wav_cache\Little Tinamou_sound\Little Tinamou30.wav,Little Tinamou_sound,53,32.73859410430839,test,D:\other\Bird\Dataset\CC0\Little Tinamou_sound\Little Tinamou30.mp3
Little Tinamou_sound/Little Tinamou31,D:\other\Bird\Code\data\kaggle_wav_cache\Little Tinamou_sound\Little Tinamou31.wav,Little Tinamou_sound,53,136.7969387755102,val,D:\other\Bird\Dataset\CC0\Little Tinamou_sound\Little Tinamou31.mp3
Little Tinamou_sound/Little Tinamou4,D:\other\Bird\Code\data\kaggle_wav_cache\Little Tinamou_sound\Little Tinamou4.wav,Little Tinamou_sound,53,38.00448979591837,train,D:\other\Bird\Dataset\CC0\Little Tinamou_sound\Little Tinamou4.mp3
Little Tinamou_sound/Little Tinamou5,D:\other\Bird\Code\data\kaggle_wav_cache\Little Tinamou_sound\Little Tinamou5.wav,Little Tinamou_sound,53,38.00448979591837,train,D:\other\Bird\Dataset\CC0\Little Tinamou_sound\Little Tinamou5.mp3
Little Tinamou_sound/Little Tinamou6,D:\other\Bird\Code\data\kaggle_wav_cache\Little Tinamou_sound\Little Tinamou6.wav,Little Tinamou_sound,53,17.625124716553287,train,D:\other\Bird\Dataset\CC0\Little Tinamou_sound\Little Tinamou6.mp3
Little Tinamou_sound/Little Tinamou7,D:\other\Bird\Code\data\kaggle_wav_cache\Little Tinamou_sound\Little Tinamou7.wav,Little Tinamou_sound,53,39.22877551020408,train,D:\other\Bird\Dataset\CC0\Little Tinamou_sound\Little Tinamou7.mp3
Little Tinamou_sound/Little Tinamou8,D:\other\Bird\Code\data\kaggle_wav_cache\Little Tinamou_sound\Little Tinamou8.wav,Little Tinamou_sound,53,39.22877551020408,train,D:\other\Bird\Dataset\CC0\Little Tinamou_sound\Little Tinamou8.mp3
Little Tinamou_sound/Little Tinamou9,D:\other\Bird\Code\data\kaggle_wav_cache\Little Tinamou_sound\Little Tinamou9.wav,Little Tinamou_sound,53,39.22877551020408,test,D:\other\Bird\Dataset\CC0\Little Tinamou_sound\Little Tinamou9.mp3
Maleo_sound/Maleo2,D:\other\Bird\Code\data\kaggle_wav_cache\Maleo_sound\Maleo2.wav,Maleo_sound,54,12.213208333333334,train,D:\other\Bird\Dataset\CC0\Maleo_sound\Maleo2.mp3
Maleo_sound/Maleo3,D:\other\Bird\Code\data\kaggle_wav_cache\Maleo_sound\Maleo3.wav,Maleo_sound,54,12.213208333333334,train,D:\other\Bird\Dataset\CC0\Maleo_sound\Maleo3.mp3
Maleo_sound/Maleo4,D:\other\Bird\Code\data\kaggle_wav_cache\Maleo_sound\Maleo4.wav,Maleo_sound,54,12.213208333333334,train,D:\other\Bird\Dataset\CC0\Maleo_sound\Maleo4.mp3
Maleo_sound/Maleo5,D:\other\Bird\Code\data\kaggle_wav_cache\Maleo_sound\Maleo5.wav,Maleo_sound,54,12.213208333333334,test,D:\other\Bird\Dataset\CC0\Maleo_sound\Maleo5.mp3
Maleo_sound/Maleo6,D:\other\Bird\Code\data\kaggle_wav_cache\Maleo_sound\Maleo6.wav,Maleo_sound,54,12.213208333333334,train,D:\other\Bird\Dataset\CC0\Maleo_sound\Maleo6.mp3
Maleo_sound/Maleo7,D:\other\Bird\Code\data\kaggle_wav_cache\Maleo_sound\Maleo7.wav,Maleo_sound,54,12.213208333333334,train,D:\other\Bird\Dataset\CC0\Maleo_sound\Maleo7.mp3
Maleo_sound/Maleo8,D:\other\Bird\Code\data\kaggle_wav_cache\Maleo_sound\Maleo8.wav,Maleo_sound,54,12.213208333333334,val,D:\other\Bird\Dataset\CC0\Maleo_sound\Maleo8.mp3
Malleefowl_sound/Malleefowl2,D:\other\Bird\Code\data\kaggle_wav_cache\Malleefowl_sound\Malleefowl2.wav,Malleefowl_sound,55,58.0,train,D:\other\Bird\Dataset\CC0\Malleefowl_sound\Malleefowl2.mp3
Malleefowl_sound/Malleefowl3,D:\other\Bird\Code\data\kaggle_wav_cache\Malleefowl_sound\Malleefowl3.wav,Malleefowl_sound,55,26.962791666666668,train,D:\other\Bird\Dataset\CC0\Malleefowl_sound\Malleefowl3.mp3
Malleefowl_sound/Malleefowl4,D:\other\Bird\Code\data\kaggle_wav_cache\Malleefowl_sound\Malleefowl4.wav,Malleefowl_sound,55,22.7,train,D:\other\Bird\Dataset\CC0\Malleefowl_sound\Malleefowl4.mp3
Malleefowl_sound/Malleefowl5,D:\other\Bird\Code\data\kaggle_wav_cache\Malleefowl_sound\Malleefowl5.wav,Malleefowl_sound,55,20.084229166666667,train,D:\other\Bird\Dataset\CC0\Malleefowl_sound\Malleefowl5.mp3
Malleefowl_sound/Malleefowl6,D:\other\Bird\Code\data\kaggle_wav_cache\Malleefowl_sound\Malleefowl6.wav,Malleefowl_sound,55,27.066229166666663,test,D:\other\Bird\Dataset\CC0\Malleefowl_sound\Malleefowl6.mp3
Malleefowl_sound/Malleefowl7,D:\other\Bird\Code\data\kaggle_wav_cache\Malleefowl_sound\Malleefowl7.wav,Malleefowl_sound,55,27.066229166666663,train,D:\other\Bird\Dataset\CC0\Malleefowl_sound\Malleefowl7.mp3
Malleefowl_sound/Malleefowl8,D:\other\Bird\Code\data\kaggle_wav_cache\Malleefowl_sound\Malleefowl8.wav,Malleefowl_sound,55,12.213208333333334,val,D:\other\Bird\Dataset\CC0\Malleefowl_sound\Malleefowl8.mp3
Malleefowl_sound/Malleefowl9,D:\other\Bird\Code\data\kaggle_wav_cache\Malleefowl_sound\Malleefowl9.wav,Malleefowl_sound,55,12.213208333333334,train,D:\other\Bird\Dataset\CC0\Malleefowl_sound\Malleefowl9.mp3
Marail Guan_sound/Marail Guan10,D:\other\Bird\Code\data\kaggle_wav_cache\Marail Guan_sound\Marail Guan10.wav,Marail Guan_sound,56,6.0403401360544215,train,D:\other\Bird\Dataset\CC0\Marail Guan_sound\Marail Guan10.mp3
Marail Guan_sound/Marail Guan11,D:\other\Bird\Code\data\kaggle_wav_cache\Marail Guan_sound\Marail Guan11.wav,Marail Guan_sound,56,5.12687074829932,val,D:\other\Bird\Dataset\CC0\Marail Guan_sound\Marail Guan11.mp3
Marail Guan_sound/Marail Guan12,D:\other\Bird\Code\data\kaggle_wav_cache\Marail Guan_sound\Marail Guan12.wav,Marail Guan_sound,56,18.462267573696145,train,D:\other\Bird\Dataset\CC0\Marail Guan_sound\Marail Guan12.mp3
Marail Guan_sound/Marail Guan13,D:\other\Bird\Code\data\kaggle_wav_cache\Marail Guan_sound\Marail Guan13.wav,Marail Guan_sound,56,7.072789115646258,val,D:\other\Bird\Dataset\CC0\Marail Guan_sound\Marail Guan13.mp3
Marail Guan_sound/Marail Guan14,D:\other\Bird\Code\data\kaggle_wav_cache\Marail Guan_sound\Marail Guan14.wav,Marail Guan_sound,56,7.072789115646258,train,D:\other\Bird\Dataset\CC0\Marail Guan_sound\Marail Guan14.mp3
Marail Guan_sound/Marail Guan15,D:\other\Bird\Code\data\kaggle_wav_cache\Marail Guan_sound\Marail Guan15.wav,Marail Guan_sound,56,8.807142857142857,test,D:\other\Bird\Dataset\CC0\Marail Guan_sound\Marail Guan15.mp3
Marail Guan_sound/Marail Guan16,D:\other\Bird\Code\data\kaggle_wav_cache\Marail Guan_sound\Marail Guan16.wav,Marail Guan_sound,56,10.834875283446712,train,D:\other\Bird\Dataset\CC0\Marail Guan_sound\Marail Guan16.mp3
Marail Guan_sound/Marail Guan17,D:\other\Bird\Code\data\kaggle_wav_cache\Marail Guan_sound\Marail Guan17.wav,Marail Guan_sound,56,15.74952380952381,train,D:\other\Bird\Dataset\CC0\Marail Guan_sound\Marail Guan17.mp3
Marail Guan_sound/Marail Guan18,D:\other\Bird\Code\data\kaggle_wav_cache\Marail Guan_sound\Marail Guan18.wav,Marail Guan_sound,56,15.74952380952381,train,D:\other\Bird\Dataset\CC0\Marail Guan_sound\Marail Guan18.mp3
Marail Guan_sound/Marail Guan2,D:\other\Bird\Code\data\kaggle_wav_cache\Marail Guan_sound\Marail Guan2.wav,Marail Guan_sound,56,45.61578231292517,train,D:\other\Bird\Dataset\CC0\Marail Guan_sound\Marail Guan2.mp3
Marail Guan_sound/Marail Guan3,D:\other\Bird\Code\data\kaggle_wav_cache\Marail Guan_sound\Marail Guan3.wav,Marail Guan_sound,56,45.61578231292517,val,D:\other\Bird\Dataset\CC0\Marail Guan_sound\Marail Guan3.mp3
Marail Guan_sound/Marail Guan4,D:\other\Bird\Code\data\kaggle_wav_cache\Marail Guan_sound\Marail Guan4.wav,Marail Guan_sound,56,45.61578231292517,test,D:\other\Bird\Dataset\CC0\Marail Guan_sound\Marail Guan4.mp3
Marail Guan_sound/Marail Guan5,D:\other\Bird\Code\data\kaggle_wav_cache\Marail Guan_sound\Marail Guan5.wav,Marail Guan_sound,56,6.849319727891157,train,D:\other\Bird\Dataset\CC0\Marail Guan_sound\Marail Guan5.mp3
Marail Guan_sound/Marail Guan6,D:\other\Bird\Code\data\kaggle_wav_cache\Marail Guan_sound\Marail Guan6.wav,Marail Guan_sound,56,9.7384126984127,train,D:\other\Bird\Dataset\CC0\Marail Guan_sound\Marail Guan6.mp3
Marail Guan_sound/Marail Guan7,D:\other\Bird\Code\data\kaggle_wav_cache\Marail Guan_sound\Marail Guan7.wav,Marail Guan_sound,56,33.24646258503402,test,D:\other\Bird\Dataset\CC0\Marail Guan_sound\Marail Guan7.mp3
Marail Guan_sound/Marail Guan8,D:\other\Bird\Code\data\kaggle_wav_cache\Marail Guan_sound\Marail Guan8.wav,Marail Guan_sound,56,17.998344671201814,train,D:\other\Bird\Dataset\CC0\Marail Guan_sound\Marail Guan8.mp3
Marail Guan_sound/Marail Guan9,D:\other\Bird\Code\data\kaggle_wav_cache\Marail Guan_sound\Marail Guan9.wav,Marail Guan_sound,56,6.0403401360544215,train,D:\other\Bird\Dataset\CC0\Marail Guan_sound\Marail Guan9.mp3
Melanesian Megapode_sound/Melanesian Megapode10,D:\other\Bird\Code\data\kaggle_wav_cache\Melanesian Megapode_sound\Melanesian Megapode10.wav,Melanesian Megapode_sound,57,17.756303854875284,val,D:\other\Bird\Dataset\CC0\Melanesian Megapode_sound\Melanesian Megapode10.mp3
Melanesian Megapode_sound/Melanesian Megapode11,D:\other\Bird\Code\data\kaggle_wav_cache\Melanesian Megapode_sound\Melanesian Megapode11.wav,Melanesian Megapode_sound,57,32.47181405895692,train,D:\other\Bird\Dataset\CC0\Melanesian Megapode_sound\Melanesian Megapode11.mp3
Melanesian Megapode_sound/Melanesian Megapode12,D:\other\Bird\Code\data\kaggle_wav_cache\Melanesian Megapode_sound\Melanesian Megapode12.wav,Melanesian Megapode_sound,57,22.99018140589569,train,D:\other\Bird\Dataset\CC0\Melanesian Megapode_sound\Melanesian Megapode12.mp3
Melanesian Megapode_sound/Melanesian Megapode13,D:\other\Bird\Code\data\kaggle_wav_cache\Melanesian Megapode_sound\Melanesian Megapode13.wav,Melanesian Megapode_sound,57,100.61816326530612,train,D:\other\Bird\Dataset\CC0\Melanesian Megapode_sound\Melanesian Megapode13.mp3
Melanesian Megapode_sound/Melanesian Megapode2,D:\other\Bird\Code\data\kaggle_wav_cache\Melanesian Megapode_sound\Melanesian Megapode2.wav,Melanesian Megapode_sound,57,50.90668934240363,train,D:\other\Bird\Dataset\CC0\Melanesian Megapode_sound\Melanesian Megapode2.mp3
Melanesian Megapode_sound/Melanesian Megapode3,D:\other\Bird\Code\data\kaggle_wav_cache\Melanesian Megapode_sound\Melanesian Megapode3.wav,Melanesian Megapode_sound,57,68.41541950113378,val,D:\other\Bird\Dataset\CC0\Melanesian Megapode_sound\Melanesian Megapode3.mp3
Melanesian Megapode_sound/Melanesian Megapode4,D:\other\Bird\Code\data\kaggle_wav_cache\Melanesian Megapode_sound\Melanesian Megapode4.wav,Melanesian Megapode_sound,57,68.41541950113378,train,D:\other\Bird\Dataset\CC0\Melanesian Megapode_sound\Melanesian Megapode4.mp3
Melanesian Megapode_sound/Melanesian Megapode5,D:\other\Bird\Code\data\kaggle_wav_cache\Melanesian Megapode_sound\Melanesian Megapode5.wav,Melanesian Megapode_sound,57,68.41541950113378,train,D:\other\Bird\Dataset\CC0\Melanesian Megapode_sound\Melanesian Megapode5.mp3
Melanesian Megapode_sound/Melanesian Megapode6,D:\other\Bird\Code\data\kaggle_wav_cache\Melanesian Megapode_sound\Melanesian Megapode6.wav,Melanesian Megapode_sound,57,68.41541950113378,test,D:\other\Bird\Dataset\CC0\Melanesian Megapode_sound\Melanesian Megapode6.mp3
Melanesian Megapode_sound/Melanesian Megapode7,D:\other\Bird\Code\data\kaggle_wav_cache\Melanesian Megapode_sound\Melanesian Megapode7.wav,Melanesian Megapode_sound,57,3.328934240362812,train,D:\other\Bird\Dataset\CC0\Melanesian Megapode_sound\Melanesian Megapode7.mp3
Melanesian Megapode_sound/Melanesian Megapode8,D:\other\Bird\Code\data\kaggle_wav_cache\Melanesian Megapode_sound\Melanesian Megapode8.wav,Melanesian Megapode_sound,57,9.219863945578233,test,D:\other\Bird\Dataset\CC0\Melanesian Megapode_sound\Melanesian Megapode8.mp3
Melanesian Megapode_sound/Melanesian Megapode9,D:\other\Bird\Code\data\kaggle_wav_cache\Melanesian Megapode_sound\Melanesian Megapode9.wav,Melanesian Megapode_sound,57,9.219863945578233,train,D:\other\Bird\Dataset\CC0\Melanesian Megapode_sound\Melanesian Megapode9.mp3
Micronesian Megapode_sound/Micronesian Megapode2,D:\other\Bird\Code\data\kaggle_wav_cache\Micronesian Megapode_sound\Micronesian Megapode2.wav,Micronesian Megapode_sound,58,12.517528344671202,train,D:\other\Bird\Dataset\CC0\Micronesian Megapode_sound\Micronesian Megapode2.mp3
Micronesian Megapode_sound/Micronesian Megapode3,D:\other\Bird\Code\data\kaggle_wav_cache\Micronesian Megapode_sound\Micronesian Megapode3.wav,Micronesian Megapode_sound,58,29.498866213151928,val,D:\other\Bird\Dataset\CC0\Micronesian Megapode_sound\Micronesian Megapode3.mp3
Micronesian Megapode_sound/Micronesian Megapode4,D:\other\Bird\Code\data\kaggle_wav_cache\Micronesian Megapode_sound\Micronesian Megapode4.wav,Micronesian Megapode_sound,58,6.176394557823129,test,D:\other\Bird\Dataset\CC0\Micronesian Megapode_sound\Micronesian Megapode4.mp3
Micronesian Megapode_sound/Micronesian Megapode5,D:\other\Bird\Code\data\kaggle_wav_cache\Micronesian Megapode_sound\Micronesian Megapode5.wav,Micronesian Megapode_sound,58,37.301473922902495,train,D:\other\Bird\Dataset\CC0\Micronesian Megapode_sound\Micronesian Megapode5.mp3
Micronesian Megapode_sound/Micronesian Megapode6,D:\other\Bird\Code\data\kaggle_wav_cache\Micronesian Megapode_sound\Micronesian Megapode6.wav,Micronesian Megapode_sound,58,4.225691609977324,train,D:\other\Bird\Dataset\CC0\Micronesian Megapode_sound\Micronesian Megapode6.mp3
Micronesian Megapode_sound/Micronesian Megapode7,D:\other\Bird\Code\data\kaggle_wav_cache\Micronesian Megapode_sound\Micronesian Megapode7.wav,Micronesian Megapode_sound,58,99.99927437641723,train,D:\other\Bird\Dataset\CC0\Micronesian Megapode_sound\Micronesian Megapode7.mp3
Micronesian Megapode_sound/Micronesian Megapode8,D:\other\Bird\Code\data\kaggle_wav_cache\Micronesian Megapode_sound\Micronesian Megapode8.wav,Micronesian Megapode_sound,58,64.52848072562358,train,D:\other\Bird\Dataset\CC0\Micronesian Megapode_sound\Micronesian Megapode8.mp3
Moluccan Megapode_sound/Moluccan Megapode2,D:\other\Bird\Code\data\kaggle_wav_cache\Moluccan Megapode_sound\Moluccan Megapode2.wav,Moluccan Megapode_sound,59,12.213208333333334,val,D:\other\Bird\Dataset\CC0\Moluccan Megapode_sound\Moluccan Megapode2.mp3
Moluccan Megapode_sound/Moluccan Megapode3,D:\other\Bird\Code\data\kaggle_wav_cache\Moluccan Megapode_sound\Moluccan Megapode3.wav,Moluccan Megapode_sound,59,12.213208333333334,test,D:\other\Bird\Dataset\CC0\Moluccan Megapode_sound\Moluccan Megapode3.mp3
Moluccan Megapode_sound/Moluccan Megapode4,D:\other\Bird\Code\data\kaggle_wav_cache\Moluccan Megapode_sound\Moluccan Megapode4.wav,Moluccan Megapode_sound,59,12.213208333333334,train,D:\other\Bird\Dataset\CC0\Moluccan Megapode_sound\Moluccan Megapode4.mp3
Moluccan Megapode_sound/Moluccan Megapode5,D:\other\Bird\Code\data\kaggle_wav_cache\Moluccan Megapode_sound\Moluccan Megapode5.wav,Moluccan Megapode_sound,59,12.213208333333334,train,D:\other\Bird\Dataset\CC0\Moluccan Megapode_sound\Moluccan Megapode5.mp3
Moluccan Megapode_sound/Moluccan Megapode6,D:\other\Bird\Code\data\kaggle_wav_cache\Moluccan Megapode_sound\Moluccan Megapode6.wav,Moluccan Megapode_sound,59,12.213208333333334,train,D:\other\Bird\Dataset\CC0\Moluccan Megapode_sound\Moluccan Megapode6.mp3
Moluccan Megapode_sound/Moluccan Megapode7,D:\other\Bird\Code\data\kaggle_wav_cache\Moluccan Megapode_sound\Moluccan Megapode7.wav,Moluccan Megapode_sound,59,12.213208333333334,train,D:\other\Bird\Dataset\CC0\Moluccan Megapode_sound\Moluccan Megapode7.mp3
New Guinea Scrubfowl_sound/New Guinea Scrubfowl2,D:\other\Bird\Code\data\kaggle_wav_cache\New Guinea Scrubfowl_sound\New Guinea Scrubfowl2.wav,New Guinea Scrubfowl_sound,60,8.467414965986395,train,D:\other\Bird\Dataset\CC0\New Guinea Scrubfowl_sound\New Guinea Scrubfowl2.mp3
New Guinea Scrubfowl_sound/New Guinea Scrubfowl3,D:\other\Bird\Code\data\kaggle_wav_cache\New Guinea Scrubfowl_sound\New Guinea Scrubfowl3.wav,New Guinea Scrubfowl_sound,60,8.467414965986395,train,D:\other\Bird\Dataset\CC0\New Guinea Scrubfowl_sound\New Guinea Scrubfowl3.mp3
New Guinea Scrubfowl_sound/New Guinea Scrubfowl4,D:\other\Bird\Code\data\kaggle_wav_cache\New Guinea Scrubfowl_sound\New Guinea Scrubfowl4.wav,New Guinea Scrubfowl_sound,60,8.467414965986395,test,D:\other\Bird\Dataset\CC0\New Guinea Scrubfowl_sound\New Guinea Scrubfowl4.mp3
New Guinea Scrubfowl_sound/New Guinea Scrubfowl5,D:\other\Bird\Code\data\kaggle_wav_cache\New Guinea Scrubfowl_sound\New Guinea Scrubfowl5.wav,New Guinea Scrubfowl_sound,60,8.467414965986395,train,D:\other\Bird\Dataset\CC0\New Guinea Scrubfowl_sound\New Guinea Scrubfowl5.mp3
New Guinea Scrubfowl_sound/New Guinea Scrubfowl6,D:\other\Bird\Code\data\kaggle_wav_cache\New Guinea Scrubfowl_sound\New Guinea Scrubfowl6.wav,New Guinea Scrubfowl_sound,60,8.467414965986395,train,D:\other\Bird\Dataset\CC0\New Guinea Scrubfowl_sound\New Guinea Scrubfowl6.mp3
New Guinea Scrubfowl_sound/New Guinea Scrubfowl7,D:\other\Bird\Code\data\kaggle_wav_cache\New Guinea Scrubfowl_sound\New Guinea Scrubfowl7.wav,New Guinea Scrubfowl_sound,60,8.467414965986395,val,D:\other\Bird\Dataset\CC0\New Guinea Scrubfowl_sound\New Guinea Scrubfowl7.mp3
Nicobar Megapode_sound/Nicobar Megapode2,D:\other\Bird\Code\data\kaggle_wav_cache\Nicobar Megapode_sound\Nicobar Megapode2.wav,Nicobar Megapode_sound,61,64.52848072562358,train,D:\other\Bird\Dataset\CC0\Nicobar Megapode_sound\Nicobar Megapode2.mp3
Nicobar Megapode_sound/Nicobar Megapode3,D:\other\Bird\Code\data\kaggle_wav_cache\Nicobar Megapode_sound\Nicobar Megapode3.wav,Nicobar Megapode_sound,61,64.52848072562358,test,D:\other\Bird\Dataset\CC0\Nicobar Megapode_sound\Nicobar Megapode3.mp3
North Island Brown Kiwi_sound/North Island Brown Kiwi10,D:\other\Bird\Code\data\kaggle_wav_cache\North Island Brown Kiwi_sound\North Island Brown Kiwi10.wav,North Island Brown Kiwi_sound,62,16.503604166666666,train,D:\other\Bird\Dataset\CC0\North Island Brown Kiwi_sound\North Island Brown Kiwi10.mp3
North Island Brown Kiwi_sound/North Island Brown Kiwi11,D:\other\Bird\Code\data\kaggle_wav_cache\North Island Brown Kiwi_sound\North Island Brown Kiwi11.wav,North Island Brown Kiwi_sound,62,16.503604166666666,val,D:\other\Bird\Dataset\CC0\North Island Brown Kiwi_sound\North Island Brown Kiwi11.mp3
North Island Brown Kiwi_sound/North Island Brown Kiwi12,D:\other\Bird\Code\data\kaggle_wav_cache\North Island Brown Kiwi_sound\North Island Brown Kiwi12.wav,North Island Brown Kiwi_sound,62,16.503604166666666,train,D:\other\Bird\Dataset\CC0\North Island Brown Kiwi_sound\North Island Brown Kiwi12.mp3
North Island Brown Kiwi_sound/North Island Brown Kiwi13,D:\other\Bird\Code\data\kaggle_wav_cache\North Island Brown Kiwi_sound\North Island Brown Kiwi13.wav,North Island Brown Kiwi_sound,62,16.503604166666666,train,D:\other\Bird\Dataset\CC0\North Island Brown Kiwi_sound\North Island Brown Kiwi13.mp3
North Island Brown Kiwi_sound/North Island Brown Kiwi14,D:\other\Bird\Code\data\kaggle_wav_cache\North Island Brown Kiwi_sound\North Island Brown Kiwi14.wav,North Island Brown Kiwi_sound,62,16.503604166666666,val,D:\other\Bird\Dataset\CC0\North Island Brown Kiwi_sound\North Island Brown Kiwi14.mp3
North Island Brown Kiwi_sound/North Island Brown Kiwi15,D:\other\Bird\Code\data\kaggle_wav_cache\North Island Brown Kiwi_sound\North Island Brown Kiwi15.wav,North Island Brown Kiwi_sound,62,16.503604166666666,train,D:\other\Bird\Dataset\CC0\North Island Brown Kiwi_sound\North Island Brown Kiwi15.mp3
North Island Brown Kiwi_sound/North Island Brown Kiwi16,D:\other\Bird\Code\data\kaggle_wav_cache\North Island Brown Kiwi_sound\North Island Brown Kiwi16.wav,North Island Brown Kiwi_sound,62,16.503604166666666,val,D:\other\Bird\Dataset\CC0\North Island Brown Kiwi_sound\North Island Brown Kiwi16.mp3
North Island Brown Kiwi_sound/North Island Brown Kiwi17,D:\other\Bird\Code\data\kaggle_wav_cache\North Island Brown Kiwi_sound\North Island Brown Kiwi17.wav,North Island Brown Kiwi_sound,62,20.674897959183674,test,D:\other\Bird\Dataset\CC0\North Island Brown Kiwi_sound\North Island Brown Kiwi17.mp3
North Island Brown Kiwi_sound/North Island Brown Kiwi18,D:\other\Bird\Code\data\kaggle_wav_cache\North Island Brown Kiwi_sound\North Island Brown Kiwi18.wav,North Island Brown Kiwi_sound,62,20.674897959183674,train,D:\other\Bird\Dataset\CC0\North Island Brown Kiwi_sound\North Island Brown Kiwi18.mp3
North Island Brown Kiwi_sound/North Island Brown Kiwi19,D:\other\Bird\Code\data\kaggle_wav_cache\North Island Brown Kiwi_sound\North Island Brown Kiwi19.wav,North Island Brown Kiwi_sound,62,20.674897959183674,train,D:\other\Bird\Dataset\CC0\North Island Brown Kiwi_sound\North Island Brown Kiwi19.mp3
North Island Brown Kiwi_sound/North Island Brown Kiwi2,D:\other\Bird\Code\data\kaggle_wav_cache\North Island Brown Kiwi_sound\North Island Brown Kiwi2.wav,North Island Brown Kiwi_sound,62,35.4569375,train,D:\other\Bird\Dataset\CC0\North Island Brown Kiwi_sound\North Island Brown Kiwi2.mp3
North Island Brown Kiwi_sound/North Island Brown Kiwi20,D:\other\Bird\Code\data\kaggle_wav_cache\North Island Brown Kiwi_sound\North Island Brown Kiwi20.wav,North Island Brown Kiwi_sound,62,27.412743764172337,train,D:\other\Bird\Dataset\CC0\North Island Brown Kiwi_sound\North Island Brown Kiwi20.mp3
North Island Brown Kiwi_sound/North Island Brown Kiwi3,D:\other\Bird\Code\data\kaggle_wav_cache\North Island Brown Kiwi_sound\North Island Brown Kiwi3.wav,North Island Brown Kiwi_sound,62,35.4569375,test,D:\other\Bird\Dataset\CC0\North Island Brown Kiwi_sound\North Island Brown Kiwi3.mp3
North Island Brown Kiwi_sound/North Island Brown Kiwi4,D:\other\Bird\Code\data\kaggle_wav_cache\North Island Brown Kiwi_sound\North Island Brown Kiwi4.wav,North Island Brown Kiwi_sound,62,35.4569375,test,D:\other\Bird\Dataset\CC0\North Island Brown Kiwi_sound\North Island Brown Kiwi4.mp3
North Island Brown Kiwi_sound/North Island Brown Kiwi5,D:\other\Bird\Code\data\kaggle_wav_cache\North Island Brown Kiwi_sound\North Island Brown Kiwi5.wav,North Island Brown Kiwi_sound,62,35.4569375,train,D:\other\Bird\Dataset\CC0\North Island Brown Kiwi_sound\North Island Brown Kiwi5.mp3
North Island Brown Kiwi_sound/North Island Brown Kiwi6,D:\other\Bird\Code\data\kaggle_wav_cache\North Island Brown Kiwi_sound\North Island Brown Kiwi6.wav,North Island Brown Kiwi_sound,62,35.4569375,train,D:\other\Bird\Dataset\CC0\North Island Brown Kiwi_sound\North Island Brown Kiwi6.mp3
North Island Brown Kiwi_sound/North Island Brown Kiwi7,D:\other\Bird\Code\data\kaggle_wav_cache\North Island Brown Kiwi_sound\North Island Brown Kiwi7.wav,North Island Brown Kiwi_sound,62,16.503604166666666,train,D:\other\Bird\Dataset\CC0\North Island Brown Kiwi_sound\North Island Brown Kiwi7.mp3
North Island Brown Kiwi_sound/North Island Brown Kiwi8,D:\other\Bird\Code\data\kaggle_wav_cache\North Island Brown Kiwi_sound\North Island Brown Kiwi8.wav,North Island Brown Kiwi_sound,62,16.503604166666666,train,D:\other\Bird\Dataset\CC0\North Island Brown Kiwi_sound\North Island Brown Kiwi8.mp3
North Island Brown Kiwi_sound/North Island Brown Kiwi9,D:\other\Bird\Code\data\kaggle_wav_cache\North Island Brown Kiwi_sound\North Island Brown Kiwi9.wav,North Island Brown Kiwi_sound,62,16.503604166666666,train,D:\other\Bird\Dataset\CC0\North Island Brown Kiwi_sound\North Island Brown Kiwi9.mp3
Northern Cassowary_sound/Northern Cassowary2,D:\other\Bird\Code\data\kaggle_wav_cache\Northern Cassowary_sound\Northern Cassowary2.wav,Northern Cassowary_sound,63,30.0,train,D:\other\Bird\Dataset\CC0\Northern Cassowary_sound\Northern Cassowary2.mp3
Northern Cassowary_sound/Northern Cassowary3,D:\other\Bird\Code\data\kaggle_wav_cache\Northern Cassowary_sound\Northern Cassowary3.wav,Northern Cassowary_sound,63,10.311609977324265,val,D:\other\Bird\Dataset\CC0\Northern Cassowary_sound\Northern Cassowary3.mp3
Northern Cassowary_sound/Northern Cassowary4,D:\other\Bird\Code\data\kaggle_wav_cache\Northern Cassowary_sound\Northern Cassowary4.wav,Northern Cassowary_sound,63,28.65702083333333,train,D:\other\Bird\Dataset\CC0\Northern Cassowary_sound\Northern Cassowary4.mp3
Northern Cassowary_sound/Northern Cassowary5,D:\other\Bird\Code\data\kaggle_wav_cache\Northern Cassowary_sound\Northern Cassowary5.wav,Northern Cassowary_sound,63,21.133229166666663,train,D:\other\Bird\Dataset\CC0\Northern Cassowary_sound\Northern Cassowary5.mp3
Northern Cassowary_sound/Northern Cassowary6,D:\other\Bird\Code\data\kaggle_wav_cache\Northern Cassowary_sound\Northern Cassowary6.wav,Northern Cassowary_sound,63,10.781678004535149,test,D:\other\Bird\Dataset\CC0\Northern Cassowary_sound\Northern Cassowary6.mp3
Northern Cassowary_sound/Northern Cassowary7,D:\other\Bird\Code\data\kaggle_wav_cache\Northern Cassowary_sound\Northern Cassowary7.wav,Northern Cassowary_sound,63,10.781678004535149,train,D:\other\Bird\Dataset\CC0\Northern Cassowary_sound\Northern Cassowary7.mp3
Okarito Kiwi_sound/Okarito Kiwi2,D:\other\Bird\Code\data\kaggle_wav_cache\Okarito Kiwi_sound\Okarito Kiwi2.wav,Okarito Kiwi_sound,64,27.412743764172337,train,D:\other\Bird\Dataset\CC0\Okarito Kiwi_sound\Okarito Kiwi2.mp3
Okarito Kiwi_sound/Okarito Kiwi3,D:\other\Bird\Code\data\kaggle_wav_cache\Okarito Kiwi_sound\Okarito Kiwi3.wav,Okarito Kiwi_sound,64,27.412743764172337,train,D:\other\Bird\Dataset\CC0\Okarito Kiwi_sound\Okarito Kiwi3.mp3
Okarito Kiwi_sound/Okarito Kiwi4,D:\other\Bird\Code\data\kaggle_wav_cache\Okarito Kiwi_sound\Okarito Kiwi4.wav,Okarito Kiwi_sound,64,27.412743764172337,train,D:\other\Bird\Dataset\CC0\Okarito Kiwi_sound\Okarito Kiwi4.mp3
Okarito Kiwi_sound/Okarito Kiwi5,D:\other\Bird\Code\data\kaggle_wav_cache\Okarito Kiwi_sound\Okarito Kiwi5.wav,Okarito Kiwi_sound,64,27.412743764172337,test,D:\other\Bird\Dataset\CC0\Okarito Kiwi_sound\Okarito Kiwi5.mp3
Okarito Kiwi_sound/Okarito Kiwi6,D:\other\Bird\Code\data\kaggle_wav_cache\Okarito Kiwi_sound\Okarito Kiwi6.wav,Okarito Kiwi_sound,64,5.475986394557824,val,D:\other\Bird\Dataset\CC0\Okarito Kiwi_sound\Okarito Kiwi6.mp3
Orange-footed Scrubfowl_sound/Orange-footed Scrubfowl10,D:\other\Bird\Code\data\kaggle_wav_cache\Orange-footed Scrubfowl_sound\Orange-footed Scrubfowl10.wav,Orange-footed Scrubfowl_sound,65,35.28339583333333,train,D:\other\Bird\Dataset\CC0\Orange-footed Scrubfowl_sound\Orange-footed Scrubfowl10.mp3
Orange-footed Scrubfowl_sound/Orange-footed Scrubfowl11,D:\other\Bird\Code\data\kaggle_wav_cache\Orange-footed Scrubfowl_sound\Orange-footed Scrubfowl11.wav,Orange-footed Scrubfowl_sound,65,62.12952083333333,val,D:\other\Bird\Dataset\CC0\Orange-footed Scrubfowl_sound\Orange-footed Scrubfowl11.mp3
Orange-footed Scrubfowl_sound/Orange-footed Scrubfowl12,D:\other\Bird\Code\data\kaggle_wav_cache\Orange-footed Scrubfowl_sound\Orange-footed Scrubfowl12.wav,Orange-footed Scrubfowl_sound,65,62.12952083333333,train,D:\other\Bird\Dataset\CC0\Orange-footed Scrubfowl_sound\Orange-footed Scrubfowl12.mp3
Orange-footed Scrubfowl_sound/Orange-footed Scrubfowl13,D:\other\Bird\Code\data\kaggle_wav_cache\Orange-footed Scrubfowl_sound\Orange-footed Scrubfowl13.wav,Orange-footed Scrubfowl_sound,65,62.12952083333333,test,D:\other\Bird\Dataset\CC0\Orange-footed Scrubfowl_sound\Orange-footed Scrubfowl13.mp3
Orange-footed Scrubfowl_sound/Orange-footed Scrubfowl14,D:\other\Bird\Code\data\kaggle_wav_cache\Orange-footed Scrubfowl_sound\Orange-footed Scrubfowl14.wav,Orange-footed Scrubfowl_sound,65,52.47710416666666,train,D:\other\Bird\Dataset\CC0\Orange-footed Scrubfowl_sound\Orange-footed Scrubfowl14.mp3
Orange-footed Scrubfowl_sound/Orange-footed Scrubfowl15,D:\other\Bird\Code\data\kaggle_wav_cache\Orange-footed Scrubfowl_sound\Orange-footed Scrubfowl15.wav,Orange-footed Scrubfowl_sound,65,52.47710416666666,train,D:\other\Bird\Dataset\CC0\Orange-footed Scrubfowl_sound\Orange-footed Scrubfowl15.mp3
Orange-footed Scrubfowl_sound/Orange-footed Scrubfowl16,D:\other\Bird\Code\data\kaggle_wav_cache\Orange-footed Scrubfowl_sound\Orange-footed Scrubfowl16.wav,Orange-footed Scrubfowl_sound,65,105.05755102040816,train,D:\other\Bird\Dataset\CC0\Orange-footed Scrubfowl_sound\Orange-footed Scrubfowl16.mp3
Orange-footed Scrubfowl_sound/Orange-footed Scrubfowl17,D:\other\Bird\Code\data\kaggle_wav_cache\Orange-footed Scrubfowl_sound\Orange-footed Scrubfowl17.wav,Orange-footed Scrubfowl_sound,65,229.8183673469388,test,D:\other\Bird\Dataset\CC0\Orange-footed Scrubfowl_sound\Orange-footed Scrubfowl17.mp3
Orange-footed Scrubfowl_sound/Orange-footed Scrubfowl18,D:\other\Bird\Code\data\kaggle_wav_cache\Orange-footed Scrubfowl_sound\Orange-footed Scrubfowl18.wav,Orange-footed Scrubfowl_sound,65,229.8183673469388,train,D:\other\Bird\Dataset\CC0\Orange-footed Scrubfowl_sound\Orange-footed Scrubfowl18.mp3
Orange-footed Scrubfowl_sound/Orange-footed Scrubfowl19,D:\other\Bird\Code\data\kaggle_wav_cache\Orange-footed Scrubfowl_sound\Orange-footed Scrubfowl19.wav,Orange-footed Scrubfowl_sound,65,229.8183673469388,val,D:\other\Bird\Dataset\CC0\Orange-footed Scrubfowl_sound\Orange-footed Scrubfowl19.mp3
Orange-footed Scrubfowl_sound/Orange-footed Scrubfowl2,D:\other\Bird\Code\data\kaggle_wav_cache\Orange-footed Scrubfowl_sound\Orange-footed Scrubfowl2.wav,Orange-footed Scrubfowl_sound,65,11.872607709750566,train,D:\other\Bird\Dataset\CC0\Orange-footed Scrubfowl_sound\Orange-footed Scrubfowl2.mp3
Orange-footed Scrubfowl_sound/Orange-footed Scrubfowl20,D:\other\Bird\Code\data\kaggle_wav_cache\Orange-footed Scrubfowl_sound\Orange-footed Scrubfowl20.wav,Orange-footed Scrubfowl_sound,65,229.8183673469388,train,D:\other\Bird\Dataset\CC0\Orange-footed Scrubfowl_sound\Orange-footed Scrubfowl20.mp3
Orange-footed Scrubfowl_sound/Orange-footed Scrubfowl21,D:\other\Bird\Code\data\kaggle_wav_cache\Orange-footed Scrubfowl_sound\Orange-footed Scrubfowl21.wav,Orange-footed Scrubfowl_sound,65,229.8183673469388,train,D:\other\Bird\Dataset\CC0\Orange-footed Scrubfowl_sound\Orange-footed Scrubfowl21.mp3
Orange-footed Scrubfowl_sound/Orange-footed Scrubfowl22,D:\other\Bird\Code\data\kaggle_wav_cache\Orange-footed Scrubfowl_sound\Orange-footed Scrubfowl22.wav,Orange-footed Scrubfowl_sound,65,229.8183673469388,val,D:\other\Bird\Dataset\CC0\Orange-footed Scrubfowl_sound\Orange-footed Scrubfowl22.mp3
Orange-footed Scrubfowl_sound/Orange-footed Scrubfowl23,D:\other\Bird\Code\data\kaggle_wav_cache\Orange-footed Scrubfowl_sound\Orange-footed Scrubfowl23.wav,Orange-footed Scrubfowl_sound,65,229.8183673469388,train,D:\other\Bird\Dataset\CC0\Orange-footed Scrubfowl_sound\Orange-footed Scrubfowl23.mp3
Orange-footed Scrubfowl_sound/Orange-footed Scrubfowl24,D:\other\Bird\Code\data\kaggle_wav_cache\Orange-footed Scrubfowl_sound\Orange-footed Scrubfowl24.wav,Orange-footed Scrubfowl_sound,65,229.8183673469388,train,D:\other\Bird\Dataset\CC0\Orange-footed Scrubfowl_sound\Orange-footed Scrubfowl24.mp3
Orange-footed Scrubfowl_sound/Orange-footed Scrubfowl25,D:\other\Bird\Code\data\kaggle_wav_cache\Orange-footed Scrubfowl_sound\Orange-footed Scrubfowl25.wav,Orange-footed Scrubfowl_sound,65,229.8183673469388,test,D:\other\Bird\Dataset\CC0\Orange-footed Scrubfowl_sound\Orange-footed Scrubfowl25.mp3
Orange-footed Scrubfowl_sound/Orange-footed Scrubfowl26,D:\other\Bird\Code\data\kaggle_wav_cache\Orange-footed Scrubfowl_sound\Orange-footed Scrubfowl26.wav,Orange-footed Scrubfowl_sound,65,229.8183673469388,train,D:\other\Bird\Dataset\CC0\Orange-footed Scrubfowl_sound\Orange-footed Scrubfowl26.mp3
Orange-footed Scrubfowl_sound/Orange-footed Scrubfowl27,D:\other\Bird\Code\data\kaggle_wav_cache\Orange-footed Scrubfowl_sound\Orange-footed Scrubfowl27.wav,Orange-footed Scrubfowl_sound,65,21.484195011337867,train,D:\other\Bird\Dataset\CC0\Orange-footed Scrubfowl_sound\Orange-footed Scrubfowl27.mp3
Orange-footed Scrubfowl_sound/Orange-footed Scrubfowl28,D:\other\Bird\Code\data\kaggle_wav_cache\Orange-footed Scrubfowl_sound\Orange-footed Scrubfowl28.wav,Orange-footed Scrubfowl_sound,65,21.484195011337867,train,D:\other\Bird\Dataset\CC0\Orange-footed Scrubfowl_sound\Orange-footed Scrubfowl28.mp3
Orange-footed Scrubfowl_sound/Orange-footed Scrubfowl29,D:\other\Bird\Code\data\kaggle_wav_cache\Orange-footed Scrubfowl_sound\Orange-footed Scrubfowl29.wav,Orange-footed Scrubfowl_sound,65,196.153875,train,D:\other\Bird\Dataset\CC0\Orange-footed Scrubfowl_sound\Orange-footed Scrubfowl29.mp3
Orange-footed Scrubfowl_sound/Orange-footed Scrubfowl3,D:\other\Bird\Code\data\kaggle_wav_cache\Orange-footed Scrubfowl_sound\Orange-footed Scrubfowl3.wav,Orange-footed Scrubfowl_sound,65,7.339591836734693,train,D:\other\Bird\Dataset\CC0\Orange-footed Scrubfowl_sound\Orange-footed Scrubfowl3.mp3
Orange-footed Scrubfowl_sound/Orange-footed Scrubfowl30,D:\other\Bird\Code\data\kaggle_wav_cache\Orange-footed Scrubfowl_sound\Orange-footed Scrubfowl30.wav,Orange-footed Scrubfowl_sound,65,510.32125,train,D:\other\Bird\Dataset\CC0\Orange-footed Scrubfowl_sound\Orange-footed Scrubfowl30.mp3
Orange-footed Scrubfowl_sound/Orange-footed Scrubfowl31,D:\other\Bird\Code\data\kaggle_wav_cache\Orange-footed Scrubfowl_sound\Orange-footed Scrubfowl31.wav,Orange-footed Scrubfowl_sound,65,43.813833333333335,train,D:\other\Bird\Dataset\CC0\Orange-footed Scrubfowl_sound\Orange-footed Scrubfowl31.mp3
Orange-footed Scrubfowl_sound/Orange-footed Scrubfowl4,D:\other\Bird\Code\data\kaggle_wav_cache\Orange-footed Scrubfowl_sound\Orange-footed Scrubfowl4.wav,Orange-footed Scrubfowl_sound,65,180.79135416666668,train,D:\other\Bird\Dataset\CC0\Orange-footed Scrubfowl_sound\Orange-footed Scrubfowl4.mp3
Orange-footed Scrubfowl_sound/Orange-footed Scrubfowl5,D:\other\Bird\Code\data\kaggle_wav_cache\Orange-footed Scrubfowl_sound\Orange-footed Scrubfowl5.wav,Orange-footed Scrubfowl_sound,65,32.8460625,train,D:\other\Bird\Dataset\CC0\Orange-footed Scrubfowl_sound\Orange-footed Scrubfowl5.mp3
Orange-footed Scrubfowl_sound/Orange-footed Scrubfowl6,D:\other\Bird\Code\data\kaggle_wav_cache\Orange-footed Scrubfowl_sound\Orange-footed Scrubfowl6.wav,Orange-footed Scrubfowl_sound,65,25.59220833333333,train,D:\other\Bird\Dataset\CC0\Orange-footed Scrubfowl_sound\Orange-footed Scrubfowl6.mp3
Orange-footed Scrubfowl_sound/Orange-footed Scrubfowl7,D:\other\Bird\Code\data\kaggle_wav_cache\Orange-footed Scrubfowl_sound\Orange-footed Scrubfowl7.wav,Orange-footed Scrubfowl_sound,65,42.69060416666667,val,D:\other\Bird\Dataset\CC0\Orange-footed Scrubfowl_sound\Orange-footed Scrubfowl7.mp3
Orange-footed Scrubfowl_sound/Orange-footed Scrubfowl8,D:\other\Bird\Code\data\kaggle_wav_cache\Orange-footed Scrubfowl_sound\Orange-footed Scrubfowl8.wav,Orange-footed Scrubfowl_sound,65,42.69060416666667,test,D:\other\Bird\Dataset\CC0\Orange-footed Scrubfowl_sound\Orange-footed Scrubfowl8.mp3
Orange-footed Scrubfowl_sound/Orange-footed Scrubfowl9,D:\other\Bird\Code\data\kaggle_wav_cache\Orange-footed Scrubfowl_sound\Orange-footed Scrubfowl9.wav,Orange-footed Scrubfowl_sound,65,76.11589583333334,train,D:\other\Bird\Dataset\CC0\Orange-footed Scrubfowl_sound\Orange-footed Scrubfowl9.mp3
Ornate Tinamou_sound/Ornate Tinamou10,D:\other\Bird\Code\data\kaggle_wav_cache\Ornate Tinamou_sound\Ornate Tinamou10.wav,Ornate Tinamou_sound,66,52.40897959183673,train,D:\other\Bird\Dataset\CC0\Ornate Tinamou_sound\Ornate Tinamou10.mp3
Ornate Tinamou_sound/Ornate Tinamou11,D:\other\Bird\Code\data\kaggle_wav_cache\Ornate Tinamou_sound\Ornate Tinamou11.wav,Ornate Tinamou_sound,66,52.40897959183673,train,D:\other\Bird\Dataset\CC0\Ornate Tinamou_sound\Ornate Tinamou11.mp3
Ornate Tinamou_sound/Ornate Tinamou12,D:\other\Bird\Code\data\kaggle_wav_cache\Ornate Tinamou_sound\Ornate Tinamou12.wav,Ornate Tinamou_sound,66,4.898321995464853,test,D:\other\Bird\Dataset\CC0\Ornate Tinamou_sound\Ornate Tinamou12.mp3
Ornate Tinamou_sound/Ornate Tinamou13,D:\other\Bird\Code\data\kaggle_wav_cache\Ornate Tinamou_sound\Ornate Tinamou13.wav,Ornate Tinamou_sound,66,4.898321995464853,test,D:\other\Bird\Dataset\CC0\Ornate Tinamou_sound\Ornate Tinamou13.mp3
Ornate Tinamou_sound/Ornate Tinamou2,D:\other\Bird\Code\data\kaggle_wav_cache\Ornate Tinamou_sound\Ornate Tinamou2.wav,Ornate Tinamou_sound,66,50.74278911564626,val,D:\other\Bird\Dataset\CC0\Ornate Tinamou_sound\Ornate Tinamou2.mp3
Ornate Tinamou_sound/Ornate Tinamou3,D:\other\Bird\Code\data\kaggle_wav_cache\Ornate Tinamou_sound\Ornate Tinamou3.wav,Ornate Tinamou_sound,66,9.35732426303855,train,D:\other\Bird\Dataset\CC0\Ornate Tinamou_sound\Ornate Tinamou3.mp3
Ornate Tinamou_sound/Ornate Tinamou4,D:\other\Bird\Code\data\kaggle_wav_cache\Ornate Tinamou_sound\Ornate Tinamou4.wav,Ornate Tinamou_sound,66,37.20639455782313,train,D:\other\Bird\Dataset\CC0\Ornate Tinamou_sound\Ornate Tinamou4.mp3
Ornate Tinamou_sound/Ornate Tinamou5,D:\other\Bird\Code\data\kaggle_wav_cache\Ornate Tinamou_sound\Ornate Tinamou5.wav,Ornate Tinamou_sound,66,59.773990929705214,train,D:\other\Bird\Dataset\CC0\Ornate Tinamou_sound\Ornate Tinamou5.mp3
Ornate Tinamou_sound/Ornate Tinamou6,D:\other\Bird\Code\data\kaggle_wav_cache\Ornate Tinamou_sound\Ornate Tinamou6.wav,Ornate Tinamou_sound,66,9.242541666666666,train,D:\other\Bird\Dataset\CC0\Ornate Tinamou_sound\Ornate Tinamou6.mp3
Ornate Tinamou_sound/Ornate Tinamou7,D:\other\Bird\Code\data\kaggle_wav_cache\Ornate Tinamou_sound\Ornate Tinamou7.wav,Ornate Tinamou_sound,66,7.396394557823129,train,D:\other\Bird\Dataset\CC0\Ornate Tinamou_sound\Ornate Tinamou7.mp3
Ornate Tinamou_sound/Ornate Tinamou8,D:\other\Bird\Code\data\kaggle_wav_cache\Ornate Tinamou_sound\Ornate Tinamou8.wav,Ornate Tinamou_sound,66,13.437120181405897,val,D:\other\Bird\Dataset\CC0\Ornate Tinamou_sound\Ornate Tinamou8.mp3
Ornate Tinamou_sound/Ornate Tinamou9,D:\other\Bird\Code\data\kaggle_wav_cache\Ornate Tinamou_sound\Ornate Tinamou9.wav,Ornate Tinamou_sound,66,52.40897959183673,train,D:\other\Bird\Dataset\CC0\Ornate Tinamou_sound\Ornate Tinamou9.mp3
Pale-browed Tinamou_sound/Pale-browed Tinamou10,D:\other\Bird\Code\data\kaggle_wav_cache\Pale-browed Tinamou_sound\Pale-browed Tinamou10.wav,Pale-browed Tinamou_sound,67,7.957482993197279,val,D:\other\Bird\Dataset\CC0\Pale-browed Tinamou_sound\Pale-browed Tinamou10.mp3
Pale-browed Tinamou_sound/Pale-browed Tinamou11,D:\other\Bird\Code\data\kaggle_wav_cache\Pale-browed Tinamou_sound\Pale-browed Tinamou11.wav,Pale-browed Tinamou_sound,67,7.957482993197279,train,D:\other\Bird\Dataset\CC0\Pale-browed Tinamou_sound\Pale-browed Tinamou11.mp3
Pale-browed Tinamou_sound/Pale-browed Tinamou12,D:\other\Bird\Code\data\kaggle_wav_cache\Pale-browed Tinamou_sound\Pale-browed Tinamou12.wav,Pale-browed Tinamou_sound,67,7.957482993197279,train,D:\other\Bird\Dataset\CC0\Pale-browed Tinamou_sound\Pale-browed Tinamou12.mp3
Pale-browed Tinamou_sound/Pale-browed Tinamou13,D:\other\Bird\Code\data\kaggle_wav_cache\Pale-browed Tinamou_sound\Pale-browed Tinamou13.wav,Pale-browed Tinamou_sound,67,18.715963718820863,test,D:\other\Bird\Dataset\CC0\Pale-browed Tinamou_sound\Pale-browed Tinamou13.mp3
Pale-browed Tinamou_sound/Pale-browed Tinamou14,D:\other\Bird\Code\data\kaggle_wav_cache\Pale-browed Tinamou_sound\Pale-browed Tinamou14.wav,Pale-browed Tinamou_sound,67,18.715963718820863,val,D:\other\Bird\Dataset\CC0\Pale-browed Tinamou_sound\Pale-browed Tinamou14.mp3
Pale-browed Tinamou_sound/Pale-browed Tinamou15,D:\other\Bird\Code\data\kaggle_wav_cache\Pale-browed Tinamou_sound\Pale-browed Tinamou15.wav,Pale-browed Tinamou_sound,67,18.715963718820863,train,D:\other\Bird\Dataset\CC0\Pale-browed Tinamou_sound\Pale-browed Tinamou15.mp3
Pale-browed Tinamou_sound/Pale-browed Tinamou16,D:\other\Bird\Code\data\kaggle_wav_cache\Pale-browed Tinamou_sound\Pale-browed Tinamou16.wav,Pale-browed Tinamou_sound,67,45.60702947845805,train,D:\other\Bird\Dataset\CC0\Pale-browed Tinamou_sound\Pale-browed Tinamou16.mp3
Pale-browed Tinamou_sound/Pale-browed Tinamou17,D:\other\Bird\Code\data\kaggle_wav_cache\Pale-browed Tinamou_sound\Pale-browed Tinamou17.wav,Pale-browed Tinamou_sound,67,45.60702947845805,train,D:\other\Bird\Dataset\CC0\Pale-browed Tinamou_sound\Pale-browed Tinamou17.mp3
Pale-browed Tinamou_sound/Pale-browed Tinamou18,D:\other\Bird\Code\data\kaggle_wav_cache\Pale-browed Tinamou_sound\Pale-browed Tinamou18.wav,Pale-browed Tinamou_sound,67,45.60702947845805,train,D:\other\Bird\Dataset\CC0\Pale-browed Tinamou_sound\Pale-browed Tinamou18.mp3
Pale-browed Tinamou_sound/Pale-browed Tinamou19,D:\other\Bird\Code\data\kaggle_wav_cache\Pale-browed Tinamou_sound\Pale-browed Tinamou19.wav,Pale-browed Tinamou_sound,67,37.04321995464853,train,D:\other\Bird\Dataset\CC0\Pale-browed Tinamou_sound\Pale-browed Tinamou19.mp3
Pale-browed Tinamou_sound/Pale-browed Tinamou2,D:\other\Bird\Code\data\kaggle_wav_cache\Pale-browed Tinamou_sound\Pale-browed Tinamou2.wav,Pale-browed Tinamou_sound,67,6.872789115646259,train,D:\other\Bird\Dataset\CC0\Pale-browed Tinamou_sound\Pale-browed Tinamou2.mp3
Pale-browed Tinamou_sound/Pale-browed Tinamou20,D:\other\Bird\Code\data\kaggle_wav_cache\Pale-browed Tinamou_sound\Pale-browed Tinamou20.wav,Pale-browed Tinamou_sound,67,37.04321995464853,train,D:\other\Bird\Dataset\CC0\Pale-browed Tinamou_sound\Pale-browed Tinamou20.mp3
Pale-browed Tinamou_sound/Pale-browed Tinamou21,D:\other\Bird\Code\data\kaggle_wav_cache\Pale-browed Tinamou_sound\Pale-browed Tinamou21.wav,Pale-browed Tinamou_sound,67,37.04321995464853,test,D:\other\Bird\Dataset\CC0\Pale-browed Tinamou_sound\Pale-browed Tinamou21.mp3
Pale-browed Tinamou_sound/Pale-browed Tinamou22,D:\other\Bird\Code\data\kaggle_wav_cache\Pale-browed Tinamou_sound\Pale-browed Tinamou22.wav,Pale-browed Tinamou_sound,67,65.75487528344671,train,D:\other\Bird\Dataset\CC0\Pale-browed Tinamou_sound\Pale-browed Tinamou22.mp3
Pale-browed Tinamou_sound/Pale-browed Tinamou23,D:\other\Bird\Code\data\kaggle_wav_cache\Pale-browed Tinamou_sound\Pale-browed Tinamou23.wav,Pale-browed Tinamou_sound,67,102.71514739229023,test,D:\other\Bird\Dataset\CC0\Pale-browed Tinamou_sound\Pale-browed Tinamou23.mp3
Pale-browed Tinamou_sound/Pale-browed Tinamou24,D:\other\Bird\Code\data\kaggle_wav_cache\Pale-browed Tinamou_sound\Pale-browed Tinamou24.wav,Pale-browed Tinamou_sound,67,102.71514739229023,test,D:\other\Bird\Dataset\CC0\Pale-browed Tinamou_sound\Pale-browed Tinamou24.mp3
Pale-browed Tinamou_sound/Pale-browed Tinamou25,D:\other\Bird\Code\data\kaggle_wav_cache\Pale-browed Tinamou_sound\Pale-browed Tinamou25.wav,Pale-browed Tinamou_sound,67,47.12124716553288,val,D:\other\Bird\Dataset\CC0\Pale-browed Tinamou_sound\Pale-browed Tinamou25.mp3
Pale-browed Tinamou_sound/Pale-browed Tinamou26,D:\other\Bird\Code\data\kaggle_wav_cache\Pale-browed Tinamou_sound\Pale-browed Tinamou26.wav,Pale-browed Tinamou_sound,67,45.784126984126985,train,D:\other\Bird\Dataset\CC0\Pale-browed Tinamou_sound\Pale-browed Tinamou26.mp3
Pale-browed Tinamou_sound/Pale-browed Tinamou27,D:\other\Bird\Code\data\kaggle_wav_cache\Pale-browed Tinamou_sound\Pale-browed Tinamou27.wav,Pale-browed Tinamou_sound,67,18.096326530612245,train,D:\other\Bird\Dataset\CC0\Pale-browed Tinamou_sound\Pale-browed Tinamou27.mp3
Pale-browed Tinamou_sound/Pale-browed Tinamou28,D:\other\Bird\Code\data\kaggle_wav_cache\Pale-browed Tinamou_sound\Pale-browed Tinamou28.wav,Pale-browed Tinamou_sound,67,18.096326530612245,train,D:\other\Bird\Dataset\CC0\Pale-browed Tinamou_sound\Pale-browed Tinamou28.mp3
Pale-browed Tinamou_sound/Pale-browed Tinamou29,D:\other\Bird\Code\data\kaggle_wav_cache\Pale-browed Tinamou_sound\Pale-browed Tinamou29.wav,Pale-browed Tinamou_sound,67,2.9,train,D:\other\Bird\Dataset\CC0\Pale-browed Tinamou_sound\Pale-browed Tinamou29.mp3
Pale-browed Tinamou_sound/Pale-browed Tinamou3,D:\other\Bird\Code\data\kaggle_wav_cache\Pale-browed Tinamou_sound\Pale-browed Tinamou3.wav,Pale-browed Tinamou_sound,67,30.447006802721088,train,D:\other\Bird\Dataset\CC0\Pale-browed Tinamou_sound\Pale-browed Tinamou3.mp3
Pale-browed Tinamou_sound/Pale-browed Tinamou30,D:\other\Bird\Code\data\kaggle_wav_cache\Pale-browed Tinamou_sound\Pale-browed Tinamou30.wav,Pale-browed Tinamou_sound,67,34.1,train,D:\other\Bird\Dataset\CC0\Pale-browed Tinamou_sound\Pale-browed Tinamou30.mp3
Pale-browed Tinamou_sound/Pale-browed Tinamou31,D:\other\Bird\Code\data\kaggle_wav_cache\Pale-browed Tinamou_sound\Pale-browed Tinamou31.wav,Pale-browed Tinamou_sound,67,1.397437641723356,train,D:\other\Bird\Dataset\CC0\Pale-browed Tinamou_sound\Pale-browed Tinamou31.mp3
Pale-browed Tinamou_sound/Pale-browed Tinamou4,D:\other\Bird\Code\data\kaggle_wav_cache\Pale-browed Tinamou_sound\Pale-browed Tinamou4.wav,Pale-browed Tinamou_sound,67,15.54827664399093,train,D:\other\Bird\Dataset\CC0\Pale-browed Tinamou_sound\Pale-browed Tinamou4.mp3
Pale-browed Tinamou_sound/Pale-browed Tinamou5,D:\other\Bird\Code\data\kaggle_wav_cache\Pale-browed Tinamou_sound\Pale-browed Tinamou5.wav,Pale-browed Tinamou_sound,67,2.649455782312925,train,D:\other\Bird\Dataset\CC0\Pale-browed Tinamou_sound\Pale-browed Tinamou5.mp3
Pale-browed Tinamou_sound/Pale-browed Tinamou6,D:\other\Bird\Code\data\kaggle_wav_cache\Pale-browed Tinamou_sound\Pale-browed Tinamou6.wav,Pale-browed Tinamou_sound,67,7.530226757369615,train,D:\other\Bird\Dataset\CC0\Pale-browed Tinamou_sound\Pale-browed Tinamou6.mp3
Pale-browed Tinamou_sound/Pale-browed Tinamou7,D:\other\Bird\Code\data\kaggle_wav_cache\Pale-browed Tinamou_sound\Pale-browed Tinamou7.wav,Pale-browed Tinamou_sound,67,7.957482993197279,train,D:\other\Bird\Dataset\CC0\Pale-browed Tinamou_sound\Pale-browed Tinamou7.mp3
Pale-browed Tinamou_sound/Pale-browed Tinamou8,D:\other\Bird\Code\data\kaggle_wav_cache\Pale-browed Tinamou_sound\Pale-browed Tinamou8.wav,Pale-browed Tinamou_sound,67,7.957482993197279,train,D:\other\Bird\Dataset\CC0\Pale-browed Tinamou_sound\Pale-browed Tinamou8.mp3
Pale-browed Tinamou_sound/Pale-browed Tinamou9,D:\other\Bird\Code\data\kaggle_wav_cache\Pale-browed Tinamou_sound\Pale-browed Tinamou9.wav,Pale-browed Tinamou_sound,67,7.957482993197279,val,D:\other\Bird\Dataset\CC0\Pale-browed Tinamou_sound\Pale-browed Tinamou9.mp3
Patagonian Tinamou_sound/Patagonian Tinamou2,D:\other\Bird\Code\data\kaggle_wav_cache\Patagonian Tinamou_sound\Patagonian Tinamou2.wav,Patagonian Tinamou_sound,68,31.13718820861678,train,D:\other\Bird\Dataset\CC0\Patagonian Tinamou_sound\Patagonian Tinamou2.mp3
Philippine Megapode_sound/Philippine Megapode10,D:\other\Bird\Code\data\kaggle_wav_cache\Philippine Megapode_sound\Philippine Megapode10.wav,Philippine Megapode_sound,69,28.23922902494331,val,D:\other\Bird\Dataset\CC0\Philippine Megapode_sound\Philippine Megapode10.mp3
Philippine Megapode_sound/Philippine Megapode11,D:\other\Bird\Code\data\kaggle_wav_cache\Philippine Megapode_sound\Philippine Megapode11.wav,Philippine Megapode_sound,69,97.74566893424036,test,D:\other\Bird\Dataset\CC0\Philippine Megapode_sound\Philippine Megapode11.mp3
Philippine Megapode_sound/Philippine Megapode12,D:\other\Bird\Code\data\kaggle_wav_cache\Philippine Megapode_sound\Philippine Megapode12.wav,Philippine Megapode_sound,69,97.74566893424036,train,D:\other\Bird\Dataset\CC0\Philippine Megapode_sound\Philippine Megapode12.mp3
Philippine Megapode_sound/Philippine Megapode13,D:\other\Bird\Code\data\kaggle_wav_cache\Philippine Megapode_sound\Philippine Megapode13.wav,Philippine Megapode_sound,69,267.3041723356009,train,D:\other\Bird\Dataset\CC0\Philippine Megapode_sound\Philippine Megapode13.mp3
Philippine Megapode_sound/Philippine Megapode14,D:\other\Bird\Code\data\kaggle_wav_cache\Philippine Megapode_sound\Philippine Megapode14.wav,Philippine Megapode_sound,69,267.3041723356009,train,D:\other\Bird\Dataset\CC0\Philippine Megapode_sound\Philippine Megapode14.mp3
Philippine Megapode_sound/Philippine Megapode15,D:\other\Bird\Code\data\kaggle_wav_cache\Philippine Megapode_sound\Philippine Megapode15.wav,Philippine Megapode_sound,69,267.3041723356009,test,D:\other\Bird\Dataset\CC0\Philippine Megapode_sound\Philippine Megapode15.mp3
Philippine Megapode_sound/Philippine Megapode16,D:\other\Bird\Code\data\kaggle_wav_cache\Philippine Megapode_sound\Philippine Megapode16.wav,Philippine Megapode_sound,69,20.988291666666665,train,D:\other\Bird\Dataset\CC0\Philippine Megapode_sound\Philippine Megapode16.mp3
Philippine Megapode_sound/Philippine Megapode17,D:\other\Bird\Code\data\kaggle_wav_cache\Philippine Megapode_sound\Philippine Megapode17.wav,Philippine Megapode_sound,69,20.988291666666665,train,D:\other\Bird\Dataset\CC0\Philippine Megapode_sound\Philippine Megapode17.mp3
Philippine Megapode_sound/Philippine Megapode18,D:\other\Bird\Code\data\kaggle_wav_cache\Philippine Megapode_sound\Philippine Megapode18.wav,Philippine Megapode_sound,69,20.988291666666665,train,D:\other\Bird\Dataset\CC0\Philippine Megapode_sound\Philippine Megapode18.mp3
Philippine Megapode_sound/Philippine Megapode19,D:\other\Bird\Code\data\kaggle_wav_cache\Philippine Megapode_sound\Philippine Megapode19.wav,Philippine Megapode_sound,69,20.988291666666665,train,D:\other\Bird\Dataset\CC0\Philippine Megapode_sound\Philippine Megapode19.mp3
Philippine Megapode_sound/Philippine Megapode2,D:\other\Bird\Code\data\kaggle_wav_cache\Philippine Megapode_sound\Philippine Megapode2.wav,Philippine Megapode_sound,69,64.52848072562358,test,D:\other\Bird\Dataset\CC0\Philippine Megapode_sound\Philippine Megapode2.mp3
Philippine Megapode_sound/Philippine Megapode20,D:\other\Bird\Code\data\kaggle_wav_cache\Philippine Megapode_sound\Philippine Megapode20.wav,Philippine Megapode_sound,69,20.988291666666665,train,D:\other\Bird\Dataset\CC0\Philippine Megapode_sound\Philippine Megapode20.mp3
Philippine Megapode_sound/Philippine Megapode3,D:\other\Bird\Code\data\kaggle_wav_cache\Philippine Megapode_sound\Philippine Megapode3.wav,Philippine Megapode_sound,69,64.52848072562358,train,D:\other\Bird\Dataset\CC0\Philippine Megapode_sound\Philippine Megapode3.mp3
Philippine Megapode_sound/Philippine Megapode4,D:\other\Bird\Code\data\kaggle_wav_cache\Philippine Megapode_sound\Philippine Megapode4.wav,Philippine Megapode_sound,69,64.52848072562358,train,D:\other\Bird\Dataset\CC0\Philippine Megapode_sound\Philippine Megapode4.mp3
Philippine Megapode_sound/Philippine Megapode5,D:\other\Bird\Code\data\kaggle_wav_cache\Philippine Megapode_sound\Philippine Megapode5.wav,Philippine Megapode_sound,69,64.52848072562358,train,D:\other\Bird\Dataset\CC0\Philippine Megapode_sound\Philippine Megapode5.mp3
Philippine Megapode_sound/Philippine Megapode6,D:\other\Bird\Code\data\kaggle_wav_cache\Philippine Megapode_sound\Philippine Megapode6.wav,Philippine Megapode_sound,69,76.51945578231293,val,D:\other\Bird\Dataset\CC0\Philippine Megapode_sound\Philippine Megapode6.mp3
Philippine Megapode_sound/Philippine Megapode7,D:\other\Bird\Code\data\kaggle_wav_cache\Philippine Megapode_sound\Philippine Megapode7.wav,Philippine Megapode_sound,69,239.0587074829932,train,D:\other\Bird\Dataset\CC0\Philippine Megapode_sound\Philippine Megapode7.mp3
Philippine Megapode_sound/Philippine Megapode8,D:\other\Bird\Code\data\kaggle_wav_cache\Philippine Megapode_sound\Philippine Megapode8.wav,Philippine Megapode_sound,69,239.0587074829932,val,D:\other\Bird\Dataset\CC0\Philippine Megapode_sound\Philippine Megapode8.mp3
Philippine Megapode_sound/Philippine Megapode9,D:\other\Bird\Code\data\kaggle_wav_cache\Philippine Megapode_sound\Philippine Megapode9.wav,Philippine Megapode_sound,69,239.0587074829932,train,D:\other\Bird\Dataset\CC0\Philippine Megapode_sound\Philippine Megapode9.mp3
Plain Chachalaca_sound/Plain Chachalaca10,D:\other\Bird\Code\data\kaggle_wav_cache\Plain Chachalaca_sound\Plain Chachalaca10.wav,Plain Chachalaca_sound,70,29.711269841269843,train,D:\other\Bird\Dataset\CC0\Plain Chachalaca_sound\Plain Chachalaca10.mp3
Plain Chachalaca_sound/Plain Chachalaca11,D:\other\Bird\Code\data\kaggle_wav_cache\Plain Chachalaca_sound\Plain Chachalaca11.wav,Plain Chachalaca_sound,70,67.46229024943311,train,D:\other\Bird\Dataset\CC0\Plain Chachalaca_sound\Plain Chachalaca11.mp3
Plain Chachalaca_sound/Plain Chachalaca12,D:\other\Bird\Code\data\kaggle_wav_cache\Plain Chachalaca_sound\Plain Chachalaca12.wav,Plain Chachalaca_sound,70,67.46229024943311,train,D:\other\Bird\Dataset\CC0\Plain Chachalaca_sound\Plain Chachalaca12.mp3
Plain Chachalaca_sound/Plain Chachalaca13,D:\other\Bird\Code\data\kaggle_wav_cache\Plain Chachalaca_sound\Plain Chachalaca13.wav,Plain Chachalaca_sound,70,10.977520833333331,train,D:\other\Bird\Dataset\CC0\Plain Chachalaca_sound\Plain Chachalaca13.mp3
Plain Chachalaca_sound/Plain Chachalaca14,D:\other\Bird\Code\data\kaggle_wav_cache\Plain Chachalaca_sound\Plain Chachalaca14.wav,Plain Chachalaca_sound,70,10.977520833333331,train,D:\other\Bird\Dataset\CC0\Plain Chachalaca_sound\Plain Chachalaca14.mp3
Plain Chachalaca_sound/Plain Chachalaca15,D:\other\Bird\Code\data\kaggle_wav_cache\Plain Chachalaca_sound\Plain Chachalaca15.wav,Plain Chachalaca_sound,70,92.47526077097504,train,D:\other\Bird\Dataset\CC0\Plain Chachalaca_sound\Plain Chachalaca15.mp3
Plain Chachalaca_sound/Plain Chachalaca16,D:\other\Bird\Code\data\kaggle_wav_cache\Plain Chachalaca_sound\Plain Chachalaca16.wav,Plain Chachalaca_sound,70,505.29322916666666,test,D:\other\Bird\Dataset\CC0\Plain Chachalaca_sound\Plain Chachalaca16.mp3
Plain Chachalaca_sound/Plain Chachalaca17,D:\other\Bird\Code\data\kaggle_wav_cache\Plain Chachalaca_sound\Plain Chachalaca17.wav,Plain Chachalaca_sound,70,46.485125,train,D:\other\Bird\Dataset\CC0\Plain Chachalaca_sound\Plain Chachalaca17.mp3
Plain Chachalaca_sound/Plain Chachalaca18,D:\other\Bird\Code\data\kaggle_wav_cache\Plain Chachalaca_sound\Plain Chachalaca18.wav,Plain Chachalaca_sound,70,46.485125,test,D:\other\Bird\Dataset\CC0\Plain Chachalaca_sound\Plain Chachalaca18.mp3
Plain Chachalaca_sound/Plain Chachalaca19,D:\other\Bird\Code\data\kaggle_wav_cache\Plain Chachalaca_sound\Plain Chachalaca19.wav,Plain Chachalaca_sound,70,46.485125,train,D:\other\Bird\Dataset\CC0\Plain Chachalaca_sound\Plain Chachalaca19.mp3
Plain Chachalaca_sound/Plain Chachalaca2,D:\other\Bird\Code\data\kaggle_wav_cache\Plain Chachalaca_sound\Plain Chachalaca2.wav,Plain Chachalaca_sound,70,43.813833333333335,train,D:\other\Bird\Dataset\CC0\Plain Chachalaca_sound\Plain Chachalaca2.mp3
Plain Chachalaca_sound/Plain Chachalaca20,D:\other\Bird\Code\data\kaggle_wav_cache\Plain Chachalaca_sound\Plain Chachalaca20.wav,Plain Chachalaca_sound,70,97.1170625,train,D:\other\Bird\Dataset\CC0\Plain Chachalaca_sound\Plain Chachalaca20.mp3
Plain Chachalaca_sound/Plain Chachalaca21,D:\other\Bird\Code\data\kaggle_wav_cache\Plain Chachalaca_sound\Plain Chachalaca21.wav,Plain Chachalaca_sound,70,97.1170625,test,D:\other\Bird\Dataset\CC0\Plain Chachalaca_sound\Plain Chachalaca21.mp3
Plain Chachalaca_sound/Plain Chachalaca22,D:\other\Bird\Code\data\kaggle_wav_cache\Plain Chachalaca_sound\Plain Chachalaca22.wav,Plain Chachalaca_sound,70,97.1170625,train,D:\other\Bird\Dataset\CC0\Plain Chachalaca_sound\Plain Chachalaca22.mp3
Plain Chachalaca_sound/Plain Chachalaca23,D:\other\Bird\Code\data\kaggle_wav_cache\Plain Chachalaca_sound\Plain Chachalaca23.wav,Plain Chachalaca_sound,70,23.342086167800453,val,D:\other\Bird\Dataset\CC0\Plain Chachalaca_sound\Plain Chachalaca23.mp3
Plain Chachalaca_sound/Plain Chachalaca24,D:\other\Bird\Code\data\kaggle_wav_cache\Plain Chachalaca_sound\Plain Chachalaca24.wav,Plain Chachalaca_sound,70,25.367755102040817,val,D:\other\Bird\Dataset\CC0\Plain Chachalaca_sound\Plain Chachalaca24.mp3
Plain Chachalaca_sound/Plain Chachalaca25,D:\other\Bird\Code\data\kaggle_wav_cache\Plain Chachalaca_sound\Plain Chachalaca25.wav,Plain Chachalaca_sound,70,25.367755102040817,train,D:\other\Bird\Dataset\CC0\Plain Chachalaca_sound\Plain Chachalaca25.mp3
Plain Chachalaca_sound/Plain Chachalaca26,D:\other\Bird\Code\data\kaggle_wav_cache\Plain Chachalaca_sound\Plain Chachalaca26.wav,Plain Chachalaca_sound,70,207.2738125,train,D:\other\Bird\Dataset\CC0\Plain Chachalaca_sound\Plain Chachalaca26.mp3
Plain Chachalaca_sound/Plain Chachalaca27,D:\other\Bird\Code\data\kaggle_wav_cache\Plain Chachalaca_sound\Plain Chachalaca27.wav,Plain Chachalaca_sound,70,207.2738125,train,D:\other\Bird\Dataset\CC0\Plain Chachalaca_sound\Plain Chachalaca27.mp3
Plain Chachalaca_sound/Plain Chachalaca28,D:\other\Bird\Code\data\kaggle_wav_cache\Plain Chachalaca_sound\Plain Chachalaca28.wav,Plain Chachalaca_sound,70,207.2738125,train,D:\other\Bird\Dataset\CC0\Plain Chachalaca_sound\Plain Chachalaca28.mp3
Plain Chachalaca_sound/Plain Chachalaca29,D:\other\Bird\Code\data\kaggle_wav_cache\Plain Chachalaca_sound\Plain Chachalaca29.wav,Plain Chachalaca_sound,70,207.2738125,train,D:\other\Bird\Dataset\CC0\Plain Chachalaca_sound\Plain Chachalaca29.mp3
Plain Chachalaca_sound/Plain Chachalaca3,D:\other\Bird\Code\data\kaggle_wav_cache\Plain Chachalaca_sound\Plain Chachalaca3.wav,Plain Chachalaca_sound,70,43.813833333333335,train,D:\other\Bird\Dataset\CC0\Plain Chachalaca_sound\Plain Chachalaca3.mp3
Plain Chachalaca_sound/Plain Chachalaca30,D:\other\Bird\Code\data\kaggle_wav_cache\Plain Chachalaca_sound\Plain Chachalaca30.wav,Plain Chachalaca_sound,70,207.2738125,train,D:\other\Bird\Dataset\CC0\Plain Chachalaca_sound\Plain Chachalaca30.mp3
Plain Chachalaca_sound/Plain Chachalaca31,D:\other\Bird\Code\data\kaggle_wav_cache\Plain Chachalaca_sound\Plain Chachalaca31.wav,Plain Chachalaca_sound,70,207.2738125,val,D:\other\Bird\Dataset\CC0\Plain Chachalaca_sound\Plain Chachalaca31.mp3
Plain Chachalaca_sound/Plain Chachalaca4,D:\other\Bird\Code\data\kaggle_wav_cache\Plain Chachalaca_sound\Plain Chachalaca4.wav,Plain Chachalaca_sound,70,43.813833333333335,train,D:\other\Bird\Dataset\CC0\Plain Chachalaca_sound\Plain Chachalaca4.mp3
Plain Chachalaca_sound/Plain Chachalaca5,D:\other\Bird\Code\data\kaggle_wav_cache\Plain Chachalaca_sound\Plain Chachalaca5.wav,Plain Chachalaca_sound,70,29.711269841269843,train,D:\other\Bird\Dataset\CC0\Plain Chachalaca_sound\Plain Chachalaca5.mp3
Plain Chachalaca_sound/Plain Chachalaca6,D:\other\Bird\Code\data\kaggle_wav_cache\Plain Chachalaca_sound\Plain Chachalaca6.wav,Plain Chachalaca_sound,70,29.711269841269843,test,D:\other\Bird\Dataset\CC0\Plain Chachalaca_sound\Plain Chachalaca6.mp3
Plain Chachalaca_sound/Plain Chachalaca7,D:\other\Bird\Code\data\kaggle_wav_cache\Plain Chachalaca_sound\Plain Chachalaca7.wav,Plain Chachalaca_sound,70,29.711269841269843,train,D:\other\Bird\Dataset\CC0\Plain Chachalaca_sound\Plain Chachalaca7.mp3
Plain Chachalaca_sound/Plain Chachalaca8,D:\other\Bird\Code\data\kaggle_wav_cache\Plain Chachalaca_sound\Plain Chachalaca8.wav,Plain Chachalaca_sound,70,29.711269841269843,val,D:\other\Bird\Dataset\CC0\Plain Chachalaca_sound\Plain Chachalaca8.mp3
Plain Chachalaca_sound/Plain Chachalaca9,D:\other\Bird\Code\data\kaggle_wav_cache\Plain Chachalaca_sound\Plain Chachalaca9.wav,Plain Chachalaca_sound,70,29.711269841269843,train,D:\other\Bird\Dataset\CC0\Plain Chachalaca_sound\Plain Chachalaca9.mp3
Puna Tinamou_sound/Puna Tinamou10,D:\other\Bird\Code\data\kaggle_wav_cache\Puna Tinamou_sound\Puna Tinamou10.wav,Puna Tinamou_sound,71,61.52947845804989,train,D:\other\Bird\Dataset\CC0\Puna Tinamou_sound\Puna Tinamou10.mp3
Puna Tinamou_sound/Puna Tinamou11,D:\other\Bird\Code\data\kaggle_wav_cache\Puna Tinamou_sound\Puna Tinamou11.wav,Puna Tinamou_sound,71,13.87875283446712,val,D:\other\Bird\Dataset\CC0\Puna Tinamou_sound\Puna Tinamou11.mp3
Puna Tinamou_sound/Puna Tinamou12,D:\other\Bird\Code\data\kaggle_wav_cache\Puna Tinamou_sound\Puna Tinamou12.wav,Puna Tinamou_sound,71,38.35321875,train,D:\other\Bird\Dataset\CC0\Puna Tinamou_sound\Puna Tinamou12.mp3
Puna Tinamou_sound/Puna Tinamou13,D:\other\Bird\Code\data\kaggle_wav_cache\Puna Tinamou_sound\Puna Tinamou13.wav,Puna Tinamou_sound,71,31.13718820861678,train,D:\other\Bird\Dataset\CC0\Puna Tinamou_sound\Puna Tinamou13.mp3
Puna Tinamou_sound/Puna Tinamou2,D:\other\Bird\Code\data\kaggle_wav_cache\Puna Tinamou_sound\Puna Tinamou2.wav,Puna Tinamou_sound,71,20.924829931972788,train,D:\other\Bird\Dataset\CC0\Puna Tinamou_sound\Puna Tinamou2.mp3
Puna Tinamou_sound/Puna Tinamou3,D:\other\Bird\Code\data\kaggle_wav_cache\Puna Tinamou_sound\Puna Tinamou3.wav,Puna Tinamou_sound,71,20.924829931972788,train,D:\other\Bird\Dataset\CC0\Puna Tinamou_sound\Puna Tinamou3.mp3
Puna Tinamou_sound/Puna Tinamou4,D:\other\Bird\Code\data\kaggle_wav_cache\Puna Tinamou_sound\Puna Tinamou4.wav,Puna Tinamou_sound,71,20.924829931972788,train,D:\other\Bird\Dataset\CC0\Puna Tinamou_sound\Puna Tinamou4.mp3
Puna Tinamou_sound/Puna Tinamou5,D:\other\Bird\Code\data\kaggle_wav_cache\Puna Tinamou_sound\Puna Tinamou5.wav,Puna Tinamou_sound,71,20.62,val,D:\other\Bird\Dataset\CC0\Puna Tinamou_sound\Puna Tinamou5.mp3
Puna Tinamou_sound/Puna Tinamou6,D:\other\Bird\Code\data\kaggle_wav_cache\Puna Tinamou_sound\Puna Tinamou6.wav,Puna Tinamou_sound,71,20.62,test,D:\other\Bird\Dataset\CC0\Puna Tinamou_sound\Puna Tinamou6.mp3
Puna Tinamou_sound/Puna Tinamou7,D:\other\Bird\Code\data\kaggle_wav_cache\Puna Tinamou_sound\Puna Tinamou7.wav,Puna Tinamou_sound,71,109.5199375,train,D:\other\Bird\Dataset\CC0\Puna Tinamou_sound\Puna Tinamou7.mp3
Puna Tinamou_sound/Puna Tinamou8,D:\other\Bird\Code\data\kaggle_wav_cache\Puna Tinamou_sound\Puna Tinamou8.wav,Puna Tinamou_sound,71,100.035375,test,D:\other\Bird\Dataset\CC0\Puna Tinamou_sound\Puna Tinamou8.mp3
Puna Tinamou_sound/Puna Tinamou9,D:\other\Bird\Code\data\kaggle_wav_cache\Puna Tinamou_sound\Puna Tinamou9.wav,Puna Tinamou_sound,71,100.035375,train,D:\other\Bird\Dataset\CC0\Puna Tinamou_sound\Puna Tinamou9.mp3
Quebracho Crested Tinamou_sound/Quebracho Crested Tinamou10,D:\other\Bird\Code\data\kaggle_wav_cache\Quebracho Crested Tinamou_sound\Quebracho Crested Tinamou10.wav,Quebracho Crested Tinamou_sound,72,3.124829931972789,val,D:\other\Bird\Dataset\CC0\Quebracho Crested Tinamou_sound\Quebracho Crested Tinamou10.mp3
Quebracho Crested Tinamou_sound/Quebracho Crested Tinamou11,D:\other\Bird\Code\data\kaggle_wav_cache\Quebracho Crested Tinamou_sound\Quebracho Crested Tinamou11.wav,Quebracho Crested Tinamou_sound,72,20.924829931972788,val,D:\other\Bird\Dataset\CC0\Quebracho Crested Tinamou_sound\Quebracho Crested Tinamou11.mp3
Quebracho Crested Tinamou_sound/Quebracho Crested Tinamou2,D:\other\Bird\Code\data\kaggle_wav_cache\Quebracho Crested Tinamou_sound\Quebracho Crested Tinamou2.wav,Quebracho Crested Tinamou_sound,72,10.467324263038549,train,D:\other\Bird\Dataset\CC0\Quebracho Crested Tinamou_sound\Quebracho Crested Tinamou2.mp3
Quebracho Crested Tinamou_sound/Quebracho Crested Tinamou3,D:\other\Bird\Code\data\kaggle_wav_cache\Quebracho Crested Tinamou_sound\Quebracho Crested Tinamou3.wav,Quebracho Crested Tinamou_sound,72,10.467324263038549,train,D:\other\Bird\Dataset\CC0\Quebracho Crested Tinamou_sound\Quebracho Crested Tinamou3.mp3
Quebracho Crested Tinamou_sound/Quebracho Crested Tinamou4,D:\other\Bird\Code\data\kaggle_wav_cache\Quebracho Crested Tinamou_sound\Quebracho Crested Tinamou4.wav,Quebracho Crested Tinamou_sound,72,29.500408163265305,train,D:\other\Bird\Dataset\CC0\Quebracho Crested Tinamou_sound\Quebracho Crested Tinamou4.mp3
Quebracho Crested Tinamou_sound/Quebracho Crested Tinamou5,D:\other\Bird\Code\data\kaggle_wav_cache\Quebracho Crested Tinamou_sound\Quebracho Crested Tinamou5.wav,Quebracho Crested Tinamou_sound,72,29.500408163265305,test,D:\other\Bird\Dataset\CC0\Quebracho Crested Tinamou_sound\Quebracho Crested Tinamou5.mp3
Quebracho Crested Tinamou_sound/Quebracho Crested Tinamou6,D:\other\Bird\Code\data\kaggle_wav_cache\Quebracho Crested Tinamou_sound\Quebracho Crested Tinamou6.wav,Quebracho Crested Tinamou_sound,72,29.500408163265305,train,D:\other\Bird\Dataset\CC0\Quebracho Crested Tinamou_sound\Quebracho Crested Tinamou6.mp3
Quebracho Crested Tinamou_sound/Quebracho Crested Tinamou7,D:\other\Bird\Code\data\kaggle_wav_cache\Quebracho Crested Tinamou_sound\Quebracho Crested Tinamou7.wav,Quebracho Crested Tinamou_sound,72,24.75780045351474,train,D:\other\Bird\Dataset\CC0\Quebracho Crested Tinamou_sound\Quebracho Crested Tinamou7.mp3
Quebracho Crested Tinamou_sound/Quebracho Crested Tinamou8,D:\other\Bird\Code\data\kaggle_wav_cache\Quebracho Crested Tinamou_sound\Quebracho Crested Tinamou8.wav,Quebracho Crested Tinamou_sound,72,22.73201814058957,train,D:\other\Bird\Dataset\CC0\Quebracho Crested Tinamou_sound\Quebracho Crested Tinamou8.mp3
Quebracho Crested Tinamou_sound/Quebracho Crested Tinamou9,D:\other\Bird\Code\data\kaggle_wav_cache\Quebracho Crested Tinamou_sound\Quebracho Crested Tinamou9.wav,Quebracho Crested Tinamou_sound,72,22.73201814058957,test,D:\other\Bird\Dataset\CC0\Quebracho Crested Tinamou_sound\Quebracho Crested Tinamou9.mp3
Red-billed Brushturkey_sound/Red-billed Brushturkey2,D:\other\Bird\Code\data\kaggle_wav_cache\Red-billed Brushturkey_sound\Red-billed Brushturkey2.wav,Red-billed Brushturkey_sound,73,10.011383219954649,test,D:\other\Bird\Dataset\CC0\Red-billed Brushturkey_sound\Red-billed Brushturkey2.mp3
Red-billed Brushturkey_sound/Red-billed Brushturkey3,D:\other\Bird\Code\data\kaggle_wav_cache\Red-billed Brushturkey_sound\Red-billed Brushturkey3.wav,Red-billed Brushturkey_sound,73,10.011383219954649,val,D:\other\Bird\Dataset\CC0\Red-billed Brushturkey_sound\Red-billed Brushturkey3.mp3
Red-billed Brushturkey_sound/Red-billed Brushturkey4,D:\other\Bird\Code\data\kaggle_wav_cache\Red-billed Brushturkey_sound\Red-billed Brushturkey4.wav,Red-billed Brushturkey_sound,73,10.011383219954649,train,D:\other\Bird\Dataset\CC0\Red-billed Brushturkey_sound\Red-billed Brushturkey4.mp3
Red-billed Brushturkey_sound/Red-billed Brushturkey5,D:\other\Bird\Code\data\kaggle_wav_cache\Red-billed Brushturkey_sound\Red-billed Brushturkey5.wav,Red-billed Brushturkey_sound,73,10.011383219954649,train,D:\other\Bird\Dataset\CC0\Red-billed Brushturkey_sound\Red-billed Brushturkey5.mp3
Red-billed Brushturkey_sound/Red-billed Brushturkey6,D:\other\Bird\Code\data\kaggle_wav_cache\Red-billed Brushturkey_sound\Red-billed Brushturkey6.wav,Red-billed Brushturkey_sound,73,10.011383219954649,train,D:\other\Bird\Dataset\CC0\Red-billed Brushturkey_sound\Red-billed Brushturkey6.mp3
Red-billed Brushturkey_sound/Red-billed Brushturkey7,D:\other\Bird\Code\data\kaggle_wav_cache\Red-billed Brushturkey_sound\Red-billed Brushturkey7.wav,Red-billed Brushturkey_sound,73,10.011383219954649,train,D:\other\Bird\Dataset\CC0\Red-billed Brushturkey_sound\Red-billed Brushturkey7.mp3
Red-faced Guan_sound/Red-faced Guan10,D:\other\Bird\Code\data\kaggle_wav_cache\Red-faced Guan_sound\Red-faced Guan10.wav,Red-faced Guan_sound,74,52.33662131519274,test,D:\other\Bird\Dataset\CC0\Red-faced Guan_sound\Red-faced Guan10.mp3
Red-faced Guan_sound/Red-faced Guan11,D:\other\Bird\Code\data\kaggle_wav_cache\Red-faced Guan_sound\Red-faced Guan11.wav,Red-faced Guan_sound,74,165.45789115646258,train,D:\other\Bird\Dataset\CC0\Red-faced Guan_sound\Red-faced Guan11.mp3
Red-faced Guan_sound/Red-faced Guan12,D:\other\Bird\Code\data\kaggle_wav_cache\Red-faced Guan_sound\Red-faced Guan12.wav,Red-faced Guan_sound,74,125.38392290249432,val,D:\other\Bird\Dataset\CC0\Red-faced Guan_sound\Red-faced Guan12.mp3
Red-faced Guan_sound/Red-faced Guan13,D:\other\Bird\Code\data\kaggle_wav_cache\Red-faced Guan_sound\Red-faced Guan13.wav,Red-faced Guan_sound,74,125.38392290249432,val,D:\other\Bird\Dataset\CC0\Red-faced Guan_sound\Red-faced Guan13.mp3
Red-faced Guan_sound/Red-faced Guan14,D:\other\Bird\Code\data\kaggle_wav_cache\Red-faced Guan_sound\Red-faced Guan14.wav,Red-faced Guan_sound,74,125.38392290249432,val,D:\other\Bird\Dataset\CC0\Red-faced Guan_sound\Red-faced Guan14.mp3
Red-faced Guan_sound/Red-faced Guan15,D:\other\Bird\Code\data\kaggle_wav_cache\Red-faced Guan_sound\Red-faced Guan15.wav,Red-faced Guan_sound,74,125.38392290249432,train,D:\other\Bird\Dataset\CC0\Red-faced Guan_sound\Red-faced Guan15.mp3
Red-faced Guan_sound/Red-faced Guan16,D:\other\Bird\Code\data\kaggle_wav_cache\Red-faced Guan_sound\Red-faced Guan16.wav,Red-faced Guan_sound,74,125.38392290249432,train,D:\other\Bird\Dataset\CC0\Red-faced Guan_sound\Red-faced Guan16.mp3
Red-faced Guan_sound/Red-faced Guan17,D:\other\Bird\Code\data\kaggle_wav_cache\Red-faced Guan_sound\Red-faced Guan17.wav,Red-faced Guan_sound,74,125.38392290249432,train,D:\other\Bird\Dataset\CC0\Red-faced Guan_sound\Red-faced Guan17.mp3
Red-faced Guan_sound/Red-faced Guan18,D:\other\Bird\Code\data\kaggle_wav_cache\Red-faced Guan_sound\Red-faced Guan18.wav,Red-faced Guan_sound,74,125.38392290249432,train,D:\other\Bird\Dataset\CC0\Red-faced Guan_sound\Red-faced Guan18.mp3
Red-faced Guan_sound/Red-faced Guan19,D:\other\Bird\Code\data\kaggle_wav_cache\Red-faced Guan_sound\Red-faced Guan19.wav,Red-faced Guan_sound,74,36.13052154195012,train,D:\other\Bird\Dataset\CC0\Red-faced Guan_sound\Red-faced Guan19.mp3
Red-faced Guan_sound/Red-faced Guan2,D:\other\Bird\Code\data\kaggle_wav_cache\Red-faced Guan_sound\Red-faced Guan2.wav,Red-faced Guan_sound,74,10.610272108843535,train,D:\other\Bird\Dataset\CC0\Red-faced Guan_sound\Red-faced Guan2.mp3
Red-faced Guan_sound/Red-faced Guan20,D:\other\Bird\Code\data\kaggle_wav_cache\Red-faced Guan_sound\Red-faced Guan20.wav,Red-faced Guan_sound,74,60.472585034013605,train,D:\other\Bird\Dataset\CC0\Red-faced Guan_sound\Red-faced Guan20.mp3
Red-faced Guan_sound/Red-faced Guan21,D:\other\Bird\Code\data\kaggle_wav_cache\Red-faced Guan_sound\Red-faced Guan21.wav,Red-faced Guan_sound,74,46.136757369614514,train,D:\other\Bird\Dataset\CC0\Red-faced Guan_sound\Red-faced Guan21.mp3
Red-faced Guan_sound/Red-faced Guan22,D:\other\Bird\Code\data\kaggle_wav_cache\Red-faced Guan_sound\Red-faced Guan22.wav,Red-faced Guan_sound,74,49.14655328798186,train,D:\other\Bird\Dataset\CC0\Red-faced Guan_sound\Red-faced Guan22.mp3
Red-faced Guan_sound/Red-faced Guan23,D:\other\Bird\Code\data\kaggle_wav_cache\Red-faced Guan_sound\Red-faced Guan23.wav,Red-faced Guan_sound,74,20.224580498866214,val,D:\other\Bird\Dataset\CC0\Red-faced Guan_sound\Red-faced Guan23.mp3
Red-faced Guan_sound/Red-faced Guan24,D:\other\Bird\Code\data\kaggle_wav_cache\Red-faced Guan_sound\Red-faced Guan24.wav,Red-faced Guan_sound,74,36.6385260770975,train,D:\other\Bird\Dataset\CC0\Red-faced Guan_sound\Red-faced Guan24.mp3
Red-faced Guan_sound/Red-faced Guan25,D:\other\Bird\Code\data\kaggle_wav_cache\Red-faced Guan_sound\Red-faced Guan25.wav,Red-faced Guan_sound,74,18.530294784580494,train,D:\other\Bird\Dataset\CC0\Red-faced Guan_sound\Red-faced Guan25.mp3
Red-faced Guan_sound/Red-faced Guan3,D:\other\Bird\Code\data\kaggle_wav_cache\Red-faced Guan_sound\Red-faced Guan3.wav,Red-faced Guan_sound,74,10.610272108843535,test,D:\other\Bird\Dataset\CC0\Red-faced Guan_sound\Red-faced Guan3.mp3
Red-faced Guan_sound/Red-faced Guan4,D:\other\Bird\Code\data\kaggle_wav_cache\Red-faced Guan_sound\Red-faced Guan4.wav,Red-faced Guan_sound,74,10.610272108843535,train,D:\other\Bird\Dataset\CC0\Red-faced Guan_sound\Red-faced Guan4.mp3
Red-faced Guan_sound/Red-faced Guan5,D:\other\Bird\Code\data\kaggle_wav_cache\Red-faced Guan_sound\Red-faced Guan5.wav,Red-faced Guan_sound,74,10.610272108843535,train,D:\other\Bird\Dataset\CC0\Red-faced Guan_sound\Red-faced Guan5.mp3
Red-faced Guan_sound/Red-faced Guan6,D:\other\Bird\Code\data\kaggle_wav_cache\Red-faced Guan_sound\Red-faced Guan6.wav,Red-faced Guan_sound,74,10.610272108843535,test,D:\other\Bird\Dataset\CC0\Red-faced Guan_sound\Red-faced Guan6.mp3
Red-faced Guan_sound/Red-faced Guan7,D:\other\Bird\Code\data\kaggle_wav_cache\Red-faced Guan_sound\Red-faced Guan7.wav,Red-faced Guan_sound,74,10.610272108843535,train,D:\other\Bird\Dataset\CC0\Red-faced Guan_sound\Red-faced Guan7.mp3
Red-faced Guan_sound/Red-faced Guan8,D:\other\Bird\Code\data\kaggle_wav_cache\Red-faced Guan_sound\Red-faced Guan8.wav,Red-faced Guan_sound,74,42.868866213151925,train,D:\other\Bird\Dataset\CC0\Red-faced Guan_sound\Red-faced Guan8.mp3
Red-faced Guan_sound/Red-faced Guan9,D:\other\Bird\Code\data\kaggle_wav_cache\Red-faced Guan_sound\Red-faced Guan9.wav,Red-faced Guan_sound,74,27.50517006802721,test,D:\other\Bird\Dataset\CC0\Red-faced Guan_sound\Red-faced Guan9.mp3
Red-legged Tinamou_sound/Red-legged Tinamou10,D:\other\Bird\Code\data\kaggle_wav_cache\Red-legged Tinamou_sound\Red-legged Tinamou10.wav,Red-legged Tinamou_sound,75,72.388231292517,train,D:\other\Bird\Dataset\CC0\Red-legged Tinamou_sound\Red-legged Tinamou10.mp3
Red-legged Tinamou_sound/Red-legged Tinamou11,D:\other\Bird\Code\data\kaggle_wav_cache\Red-legged Tinamou_sound\Red-legged Tinamou11.wav,Red-legged Tinamou_sound,75,72.388231292517,val,D:\other\Bird\Dataset\CC0\Red-legged Tinamou_sound\Red-legged Tinamou11.mp3
Red-legged Tinamou_sound/Red-legged Tinamou12,D:\other\Bird\Code\data\kaggle_wav_cache\Red-legged Tinamou_sound\Red-legged Tinamou12.wav,Red-legged Tinamou_sound,75,72.388231292517,train,D:\other\Bird\Dataset\CC0\Red-legged Tinamou_sound\Red-legged Tinamou12.mp3
Red-legged Tinamou_sound/Red-legged Tinamou13,D:\other\Bird\Code\data\kaggle_wav_cache\Red-legged Tinamou_sound\Red-legged Tinamou13.wav,Red-legged Tinamou_sound,75,72.388231292517,train,D:\other\Bird\Dataset\CC0\Red-legged Tinamou_sound\Red-legged Tinamou13.mp3
Red-legged Tinamou_sound/Red-legged Tinamou14,D:\other\Bird\Code\data\kaggle_wav_cache\Red-legged Tinamou_sound\Red-legged Tinamou14.wav,Red-legged Tinamou_sound,75,38.12308390022676,train,D:\other\Bird\Dataset\CC0\Red-legged Tinamou_sound\Red-legged Tinamou14.mp3
Red-legged Tinamou_sound/Red-legged Tinamou15,D:\other\Bird\Code\data\kaggle_wav_cache\Red-legged Tinamou_sound\Red-legged Tinamou15.wav,Red-legged Tinamou_sound,75,28.57077097505669,train,D:\other\Bird\Dataset\CC0\Red-legged Tinamou_sound\Red-legged Tinamou15.mp3
Red-legged Tinamou_sound/Red-legged Tinamou16,D:\other\Bird\Code\data\kaggle_wav_cache\Red-legged Tinamou_sound\Red-legged Tinamou16.wav,Red-legged Tinamou_sound,75,4.5699319727891154,train,D:\other\Bird\Dataset\CC0\Red-legged Tinamou_sound\Red-legged Tinamou16.mp3
Red-legged Tinamou_sound/Red-legged Tinamou17,D:\other\Bird\Code\data\kaggle_wav_cache\Red-legged Tinamou_sound\Red-legged Tinamou17.wav,Red-legged Tinamou_sound,75,5.283945578231292,train,D:\other\Bird\Dataset\CC0\Red-legged Tinamou_sound\Red-legged Tinamou17.mp3
Red-legged Tinamou_sound/Red-legged Tinamou18,D:\other\Bird\Code\data\kaggle_wav_cache\Red-legged Tinamou_sound\Red-legged Tinamou18.wav,Red-legged Tinamou_sound,75,67.77628117913832,val,D:\other\Bird\Dataset\CC0\Red-legged Tinamou_sound\Red-legged Tinamou18.mp3
Red-legged Tinamou_sound/Red-legged Tinamou19,D:\other\Bird\Code\data\kaggle_wav_cache\Red-legged Tinamou_sound\Red-legged Tinamou19.wav,Red-legged Tinamou_sound,75,31.988798185941043,train,D:\other\Bird\Dataset\CC0\Red-legged Tinamou_sound\Red-legged Tinamou19.mp3
Red-legged Tinamou_sound/Red-legged Tinamou2,D:\other\Bird\Code\data\kaggle_wav_cache\Red-legged Tinamou_sound\Red-legged Tinamou2.wav,Red-legged Tinamou_sound,75,33.697278911564624,val,D:\other\Bird\Dataset\CC0\Red-legged Tinamou_sound\Red-legged Tinamou2.mp3
Red-legged Tinamou_sound/Red-legged Tinamou20,D:\other\Bird\Code\data\kaggle_wav_cache\Red-legged Tinamou_sound\Red-legged Tinamou20.wav,Red-legged Tinamou_sound,75,35.72081632653061,train,D:\other\Bird\Dataset\CC0\Red-legged Tinamou_sound\Red-legged Tinamou20.mp3
Red-legged Tinamou_sound/Red-legged Tinamou21,D:\other\Bird\Code\data\kaggle_wav_cache\Red-legged Tinamou_sound\Red-legged Tinamou21.wav,Red-legged Tinamou_sound,75,35.72081632653061,test,D:\other\Bird\Dataset\CC0\Red-legged Tinamou_sound\Red-legged Tinamou21.mp3
Red-legged Tinamou_sound/Red-legged Tinamou22,D:\other\Bird\Code\data\kaggle_wav_cache\Red-legged Tinamou_sound\Red-legged Tinamou22.wav,Red-legged Tinamou_sound,75,35.72081632653061,train,D:\other\Bird\Dataset\CC0\Red-legged Tinamou_sound\Red-legged Tinamou22.mp3
Red-legged Tinamou_sound/Red-legged Tinamou23,D:\other\Bird\Code\data\kaggle_wav_cache\Red-legged Tinamou_sound\Red-legged Tinamou23.wav,Red-legged Tinamou_sound,75,35.72081632653061,train,D:\other\Bird\Dataset\CC0\Red-legged Tinamou_sound\Red-legged Tinamou23.mp3
Red-legged Tinamou_sound/Red-legged Tinamou24,D:\other\Bird\Code\data\kaggle_wav_cache\Red-legged Tinamou_sound\Red-legged Tinamou24.wav,Red-legged Tinamou_sound,75,35.72081632653061,train,D:\other\Bird\Dataset\CC0\Red-legged Tinamou_sound\Red-legged Tinamou24.mp3
Red-legged Tinamou_sound/Red-legged Tinamou25,D:\other\Bird\Code\data\kaggle_wav_cache\Red-legged Tinamou_sound\Red-legged Tinamou25.wav,Red-legged Tinamou_sound,75,35.72081632653061,test,D:\other\Bird\Dataset\CC0\Red-legged Tinamou_sound\Red-legged Tinamou25.mp3
Red-legged Tinamou_sound/Red-legged Tinamou26,D:\other\Bird\Code\data\kaggle_wav_cache\Red-legged Tinamou_sound\Red-legged Tinamou26.wav,Red-legged Tinamou_sound,75,4.395600907029478,train,D:\other\Bird\Dataset\CC0\Red-legged Tinamou_sound\Red-legged Tinamou26.mp3
Red-legged Tinamou_sound/Red-legged Tinamou27,D:\other\Bird\Code\data\kaggle_wav_cache\Red-legged Tinamou_sound\Red-legged Tinamou27.wav,Red-legged Tinamou_sound,75,4.395600907029478,train,D:\other\Bird\Dataset\CC0\Red-legged Tinamou_sound\Red-legged Tinamou27.mp3
Red-legged Tinamou_sound/Red-legged Tinamou28,D:\other\Bird\Code\data\kaggle_wav_cache\Red-legged Tinamou_sound\Red-legged Tinamou28.wav,Red-legged Tinamou_sound,75,4.395600907029478,train,D:\other\Bird\Dataset\CC0\Red-legged Tinamou_sound\Red-legged Tinamou28.mp3
Red-legged Tinamou_sound/Red-legged Tinamou29,D:\other\Bird\Code\data\kaggle_wav_cache\Red-legged Tinamou_sound\Red-legged Tinamou29.wav,Red-legged Tinamou_sound,75,4.395600907029478,train,D:\other\Bird\Dataset\CC0\Red-legged Tinamou_sound\Red-legged Tinamou29.mp3
Red-legged Tinamou_sound/Red-legged Tinamou3,D:\other\Bird\Code\data\kaggle_wav_cache\Red-legged Tinamou_sound\Red-legged Tinamou3.wav,Red-legged Tinamou_sound,75,50.22462585034014,train,D:\other\Bird\Dataset\CC0\Red-legged Tinamou_sound\Red-legged Tinamou3.mp3
Red-legged Tinamou_sound/Red-legged Tinamou30,D:\other\Bird\Code\data\kaggle_wav_cache\Red-legged Tinamou_sound\Red-legged Tinamou30.wav,Red-legged Tinamou_sound,75,4.395600907029478,train,D:\other\Bird\Dataset\CC0\Red-legged Tinamou_sound\Red-legged Tinamou30.mp3
Red-legged Tinamou_sound/Red-legged Tinamou31,D:\other\Bird\Code\data\kaggle_wav_cache\Red-legged Tinamou_sound\Red-legged Tinamou31.wav,Red-legged Tinamou_sound,75,4.395600907029478,train,D:\other\Bird\Dataset\CC0\Red-legged Tinamou_sound\Red-legged Tinamou31.mp3
Red-legged Tinamou_sound/Red-legged Tinamou4,D:\other\Bird\Code\data\kaggle_wav_cache\Red-legged Tinamou_sound\Red-legged Tinamou4.wav,Red-legged Tinamou_sound,75,57.80854875283447,val,D:\other\Bird\Dataset\CC0\Red-legged Tinamou_sound\Red-legged Tinamou4.mp3
Red-legged Tinamou_sound/Red-legged Tinamou5,D:\other\Bird\Code\data\kaggle_wav_cache\Red-legged Tinamou_sound\Red-legged Tinamou5.wav,Red-legged Tinamou_sound,75,57.845396825396826,train,D:\other\Bird\Dataset\CC0\Red-legged Tinamou_sound\Red-legged Tinamou5.mp3
Red-legged Tinamou_sound/Red-legged Tinamou6,D:\other\Bird\Code\data\kaggle_wav_cache\Red-legged Tinamou_sound\Red-legged Tinamou6.wav,Red-legged Tinamou_sound,75,57.845396825396826,test,D:\other\Bird\Dataset\CC0\Red-legged Tinamou_sound\Red-legged Tinamou6.mp3
Red-legged Tinamou_sound/Red-legged Tinamou7,D:\other\Bird\Code\data\kaggle_wav_cache\Red-legged Tinamou_sound\Red-legged Tinamou7.wav,Red-legged Tinamou_sound,75,27.93673469387755,test,D:\other\Bird\Dataset\CC0\Red-legged Tinamou_sound\Red-legged Tinamou7.mp3
Red-legged Tinamou_sound/Red-legged Tinamou8,D:\other\Bird\Code\data\kaggle_wav_cache\Red-legged Tinamou_sound\Red-legged Tinamou8.wav,Red-legged Tinamou_sound,75,72.388231292517,train,D:\other\Bird\Dataset\CC0\Red-legged Tinamou_sound\Red-legged Tinamou8.mp3
Red-legged Tinamou_sound/Red-legged Tinamou9,D:\other\Bird\Code\data\kaggle_wav_cache\Red-legged Tinamou_sound\Red-legged Tinamou9.wav,Red-legged Tinamou_sound,75,72.388231292517,train,D:\other\Bird\Dataset\CC0\Red-legged Tinamou_sound\Red-legged Tinamou9.mp3
Red-throated Piping Guan_sound/Red-throated Piping Guan10,D:\other\Bird\Code\data\kaggle_wav_cache\Red-throated Piping Guan_sound\Red-throated Piping Guan10.wav,Red-throated Piping Guan_sound,76,62.46454166666667,train,D:\other\Bird\Dataset\CC0\Red-throated Piping Guan_sound\Red-throated Piping Guan10.mp3
Red-throated Piping Guan_sound/Red-throated Piping Guan11,D:\other\Bird\Code\data\kaggle_wav_cache\Red-throated Piping Guan_sound\Red-throated Piping Guan11.wav,Red-throated Piping Guan_sound,76,62.46454166666667,train,D:\other\Bird\Dataset\CC0\Red-throated Piping Guan_sound\Red-throated Piping Guan11.mp3
Red-throated Piping Guan_sound/Red-throated Piping Guan12,D:\other\Bird\Code\data\kaggle_wav_cache\Red-throated Piping Guan_sound\Red-throated Piping Guan12.wav,Red-throated Piping Guan_sound,76,52.5095,train,D:\other\Bird\Dataset\CC0\Red-throated Piping Guan_sound\Red-throated Piping Guan12.mp3
Red-throated Piping Guan_sound/Red-throated Piping Guan13,D:\other\Bird\Code\data\kaggle_wav_cache\Red-throated Piping Guan_sound\Red-throated Piping Guan13.wav,Red-throated Piping Guan_sound,76,52.5095,train,D:\other\Bird\Dataset\CC0\Red-throated Piping Guan_sound\Red-throated Piping Guan13.mp3
Red-throated Piping Guan_sound/Red-throated Piping Guan14,D:\other\Bird\Code\data\kaggle_wav_cache\Red-throated Piping Guan_sound\Red-throated Piping Guan14.wav,Red-throated Piping Guan_sound,76,61.16938775510204,test,D:\other\Bird\Dataset\CC0\Red-throated Piping Guan_sound\Red-throated Piping Guan14.mp3
Red-throated Piping Guan_sound/Red-throated Piping Guan15,D:\other\Bird\Code\data\kaggle_wav_cache\Red-throated Piping Guan_sound\Red-throated Piping Guan15.wav,Red-throated Piping Guan_sound,76,32.52303854875284,train,D:\other\Bird\Dataset\CC0\Red-throated Piping Guan_sound\Red-throated Piping Guan15.mp3
Red-throated Piping Guan_sound/Red-throated Piping Guan16,D:\other\Bird\Code\data\kaggle_wav_cache\Red-throated Piping Guan_sound\Red-throated Piping Guan16.wav,Red-throated Piping Guan_sound,76,10.652448979591837,val,D:\other\Bird\Dataset\CC0\Red-throated Piping Guan_sound\Red-throated Piping Guan16.mp3
Red-throated Piping Guan_sound/Red-throated Piping Guan2,D:\other\Bird\Code\data\kaggle_wav_cache\Red-throated Piping Guan_sound\Red-throated Piping Guan2.wav,Red-throated Piping Guan_sound,76,101.91183333333332,test,D:\other\Bird\Dataset\CC0\Red-throated Piping Guan_sound\Red-throated Piping Guan2.mp3
Red-throated Piping Guan_sound/Red-throated Piping Guan3,D:\other\Bird\Code\data\kaggle_wav_cache\Red-throated Piping Guan_sound\Red-throated Piping Guan3.wav,Red-throated Piping Guan_sound,76,43.06575963718821,train,D:\other\Bird\Dataset\CC0\Red-throated Piping Guan_sound\Red-throated Piping Guan3.mp3
Red-throated Piping Guan_sound/Red-throated Piping Guan4,D:\other\Bird\Code\data\kaggle_wav_cache\Red-throated Piping Guan_sound\Red-throated Piping Guan4.wav,Red-throated Piping Guan_sound,76,133.09043083900227,train,D:\other\Bird\Dataset\CC0\Red-throated Piping Guan_sound\Red-throated Piping Guan4.mp3
Red-throated Piping Guan_sound/Red-throated Piping Guan5,D:\other\Bird\Code\data\kaggle_wav_cache\Red-throated Piping Guan_sound\Red-throated Piping Guan5.wav,Red-throated Piping Guan_sound,76,139.85766666666666,train,D:\other\Bird\Dataset\CC0\Red-throated Piping Guan_sound\Red-throated Piping Guan5.mp3
Red-throated Piping Guan_sound/Red-throated Piping Guan6,D:\other\Bird\Code\data\kaggle_wav_cache\Red-throated Piping Guan_sound\Red-throated Piping Guan6.wav,Red-throated Piping Guan_sound,76,105.42916666666666,val,D:\other\Bird\Dataset\CC0\Red-throated Piping Guan_sound\Red-throated Piping Guan6.mp3
Red-throated Piping Guan_sound/Red-throated Piping Guan7,D:\other\Bird\Code\data\kaggle_wav_cache\Red-throated Piping Guan_sound\Red-throated Piping Guan7.wav,Red-throated Piping Guan_sound,76,61.371428571428574,train,D:\other\Bird\Dataset\CC0\Red-throated Piping Guan_sound\Red-throated Piping Guan7.mp3
Red-throated Piping Guan_sound/Red-throated Piping Guan8,D:\other\Bird\Code\data\kaggle_wav_cache\Red-throated Piping Guan_sound\Red-throated Piping Guan8.wav,Red-throated Piping Guan_sound,76,28.80548752834467,train,D:\other\Bird\Dataset\CC0\Red-throated Piping Guan_sound\Red-throated Piping Guan8.mp3
Red-throated Piping Guan_sound/Red-throated Piping Guan9,D:\other\Bird\Code\data\kaggle_wav_cache\Red-throated Piping Guan_sound\Red-throated Piping Guan9.wav,Red-throated Piping Guan_sound,76,7.309410430839002,train,D:\other\Bird\Dataset\CC0\Red-throated Piping Guan_sound\Red-throated Piping Guan9.mp3
Red-winged Tinamou_sound/Red-winged Tinamou10,D:\other\Bird\Code\data\kaggle_wav_cache\Red-winged Tinamou_sound\Red-winged Tinamou10.wav,Red-winged Tinamou_sound,77,43.68115646258504,test,D:\other\Bird\Dataset\CC0\Red-winged Tinamou_sound\Red-winged Tinamou10.mp3
Red-winged Tinamou_sound/Red-winged Tinamou11,D:\other\Bird\Code\data\kaggle_wav_cache\Red-winged Tinamou_sound\Red-winged Tinamou11.wav,Red-winged Tinamou_sound,77,43.68115646258504,val,D:\other\Bird\Dataset\CC0\Red-winged Tinamou_sound\Red-winged Tinamou11.mp3
Red-winged Tinamou_sound/Red-winged Tinamou12,D:\other\Bird\Code\data\kaggle_wav_cache\Red-winged Tinamou_sound\Red-winged Tinamou12.wav,Red-winged Tinamou_sound,77,43.68115646258504,train,D:\other\Bird\Dataset\CC0\Red-winged Tinamou_sound\Red-winged Tinamou12.mp3
Red-winged Tinamou_sound/Red-winged Tinamou13,D:\other\Bird\Code\data\kaggle_wav_cache\Red-winged Tinamou_sound\Red-winged Tinamou13.wav,Red-winged Tinamou_sound,77,43.68115646258504,train,D:\other\Bird\Dataset\CC0\Red-winged Tinamou_sound\Red-winged Tinamou13.mp3
Red-winged Tinamou_sound/Red-winged Tinamou14,D:\other\Bird\Code\data\kaggle_wav_cache\Red-winged Tinamou_sound\Red-winged Tinamou14.wav,Red-winged Tinamou_sound,77,43.68115646258504,train,D:\other\Bird\Dataset\CC0\Red-winged Tinamou_sound\Red-winged Tinamou14.mp3
Red-winged Tinamou_sound/Red-winged Tinamou15,D:\other\Bird\Code\data\kaggle_wav_cache\Red-winged Tinamou_sound\Red-winged Tinamou15.wav,Red-winged Tinamou_sound,77,43.68115646258504,train,D:\other\Bird\Dataset\CC0\Red-winged Tinamou_sound\Red-winged Tinamou15.mp3
Red-winged Tinamou_sound/Red-winged Tinamou16,D:\other\Bird\Code\data\kaggle_wav_cache\Red-winged Tinamou_sound\Red-winged Tinamou16.wav,Red-winged Tinamou_sound,77,43.68115646258504,train,D:\other\Bird\Dataset\CC0\Red-winged Tinamou_sound\Red-winged Tinamou16.mp3
Red-winged Tinamou_sound/Red-winged Tinamou17,D:\other\Bird\Code\data\kaggle_wav_cache\Red-winged Tinamou_sound\Red-winged Tinamou17.wav,Red-winged Tinamou_sound,77,76.54727891156463,train,D:\other\Bird\Dataset\CC0\Red-winged Tinamou_sound\Red-winged Tinamou17.mp3
Red-winged Tinamou_sound/Red-winged Tinamou18,D:\other\Bird\Code\data\kaggle_wav_cache\Red-winged Tinamou_sound\Red-winged Tinamou18.wav,Red-winged Tinamou_sound,77,6.8035147392290245,val,D:\other\Bird\Dataset\CC0\Red-winged Tinamou_sound\Red-winged Tinamou18.mp3
Red-winged Tinamou_sound/Red-winged Tinamou19,D:\other\Bird\Code\data\kaggle_wav_cache\Red-winged Tinamou_sound\Red-winged Tinamou19.wav,Red-winged Tinamou_sound,77,6.8035147392290245,test,D:\other\Bird\Dataset\CC0\Red-winged Tinamou_sound\Red-winged Tinamou19.mp3
Red-winged Tinamou_sound/Red-winged Tinamou2,D:\other\Bird\Code\data\kaggle_wav_cache\Red-winged Tinamou_sound\Red-winged Tinamou2.wav,Red-winged Tinamou_sound,77,43.68115646258504,test,D:\other\Bird\Dataset\CC0\Red-winged Tinamou_sound\Red-winged Tinamou2.mp3
Red-winged Tinamou_sound/Red-winged Tinamou20,D:\other\Bird\Code\data\kaggle_wav_cache\Red-winged Tinamou_sound\Red-winged Tinamou20.wav,Red-winged Tinamou_sound,77,69.77179138321995,val,D:\other\Bird\Dataset\CC0\Red-winged Tinamou_sound\Red-winged Tinamou20.mp3
Red-winged Tinamou_sound/Red-winged Tinamou21,D:\other\Bird\Code\data\kaggle_wav_cache\Red-winged Tinamou_sound\Red-winged Tinamou21.wav,Red-winged Tinamou_sound,77,69.77179138321995,train,D:\other\Bird\Dataset\CC0\Red-winged Tinamou_sound\Red-winged Tinamou21.mp3
Red-winged Tinamou_sound/Red-winged Tinamou22,D:\other\Bird\Code\data\kaggle_wav_cache\Red-winged Tinamou_sound\Red-winged Tinamou22.wav,Red-winged Tinamou_sound,77,69.77179138321995,val,D:\other\Bird\Dataset\CC0\Red-winged Tinamou_sound\Red-winged Tinamou22.mp3
Red-winged Tinamou_sound/Red-winged Tinamou23,D:\other\Bird\Code\data\kaggle_wav_cache\Red-winged Tinamou_sound\Red-winged Tinamou23.wav,Red-winged Tinamou_sound,77,69.77179138321995,train,D:\other\Bird\Dataset\CC0\Red-winged Tinamou_sound\Red-winged Tinamou23.mp3
Red-winged Tinamou_sound/Red-winged Tinamou24,D:\other\Bird\Code\data\kaggle_wav_cache\Red-winged Tinamou_sound\Red-winged Tinamou24.wav,Red-winged Tinamou_sound,77,69.77179138321995,train,D:\other\Bird\Dataset\CC0\Red-winged Tinamou_sound\Red-winged Tinamou24.mp3
Red-winged Tinamou_sound/Red-winged Tinamou25,D:\other\Bird\Code\data\kaggle_wav_cache\Red-winged Tinamou_sound\Red-winged Tinamou25.wav,Red-winged Tinamou_sound,77,299.567625,train,D:\other\Bird\Dataset\CC0\Red-winged Tinamou_sound\Red-winged Tinamou25.mp3
Red-winged Tinamou_sound/Red-winged Tinamou26,D:\other\Bird\Code\data\kaggle_wav_cache\Red-winged Tinamou_sound\Red-winged Tinamou26.wav,Red-winged Tinamou_sound,77,13.6670625,train,D:\other\Bird\Dataset\CC0\Red-winged Tinamou_sound\Red-winged Tinamou26.mp3
Red-winged Tinamou_sound/Red-winged Tinamou27,D:\other\Bird\Code\data\kaggle_wav_cache\Red-winged Tinamou_sound\Red-winged Tinamou27.wav,Red-winged Tinamou_sound,77,3.986575963718821,train,D:\other\Bird\Dataset\CC0\Red-winged Tinamou_sound\Red-winged Tinamou27.mp3
Red-winged Tinamou_sound/Red-winged Tinamou28,D:\other\Bird\Code\data\kaggle_wav_cache\Red-winged Tinamou_sound\Red-winged Tinamou28.wav,Red-winged Tinamou_sound,77,3.986575963718821,train,D:\other\Bird\Dataset\CC0\Red-winged Tinamou_sound\Red-winged Tinamou28.mp3
Red-winged Tinamou_sound/Red-winged Tinamou29,D:\other\Bird\Code\data\kaggle_wav_cache\Red-winged Tinamou_sound\Red-winged Tinamou29.wav,Red-winged Tinamou_sound,77,6.145583333333334,train,D:\other\Bird\Dataset\CC0\Red-winged Tinamou_sound\Red-winged Tinamou29.mp3
Red-winged Tinamou_sound/Red-winged Tinamou3,D:\other\Bird\Code\data\kaggle_wav_cache\Red-winged Tinamou_sound\Red-winged Tinamou3.wav,Red-winged Tinamou_sound,77,43.68115646258504,train,D:\other\Bird\Dataset\CC0\Red-winged Tinamou_sound\Red-winged Tinamou3.mp3
Red-winged Tinamou_sound/Red-winged Tinamou30,D:\other\Bird\Code\data\kaggle_wav_cache\Red-winged Tinamou_sound\Red-winged Tinamou30.wav,Red-winged Tinamou_sound,77,5.137583333333334,train,D:\other\Bird\Dataset\CC0\Red-winged Tinamou_sound\Red-winged Tinamou30.mp3
Red-winged Tinamou_sound/Red-winged Tinamou31,D:\other\Bird\Code\data\kaggle_wav_cache\Red-winged Tinamou_sound\Red-winged Tinamou31.wav,Red-winged Tinamou_sound,77,27.48591836734694,train,D:\other\Bird\Dataset\CC0\Red-winged Tinamou_sound\Red-winged Tinamou31.mp3
Red-winged Tinamou_sound/Red-winged Tinamou4,D:\other\Bird\Code\data\kaggle_wav_cache\Red-winged Tinamou_sound\Red-winged Tinamou4.wav,Red-winged Tinamou_sound,77,43.68115646258504,train,D:\other\Bird\Dataset\CC0\Red-winged Tinamou_sound\Red-winged Tinamou4.mp3
Red-winged Tinamou_sound/Red-winged Tinamou5,D:\other\Bird\Code\data\kaggle_wav_cache\Red-winged Tinamou_sound\Red-winged Tinamou5.wav,Red-winged Tinamou_sound,77,43.68115646258504,train,D:\other\Bird\Dataset\CC0\Red-winged Tinamou_sound\Red-winged Tinamou5.mp3
Red-winged Tinamou_sound/Red-winged Tinamou6,D:\other\Bird\Code\data\kaggle_wav_cache\Red-winged Tinamou_sound\Red-winged Tinamou6.wav,Red-winged Tinamou_sound,77,43.68115646258504,train,D:\other\Bird\Dataset\CC0\Red-winged Tinamou_sound\Red-winged Tinamou6.mp3
Red-winged Tinamou_sound/Red-winged Tinamou7,D:\other\Bird\Code\data\kaggle_wav_cache\Red-winged Tinamou_sound\Red-winged Tinamou7.wav,Red-winged Tinamou_sound,77,43.68115646258504,test,D:\other\Bird\Dataset\CC0\Red-winged Tinamou_sound\Red-winged Tinamou7.mp3
Red-winged Tinamou_sound/Red-winged Tinamou8,D:\other\Bird\Code\data\kaggle_wav_cache\Red-winged Tinamou_sound\Red-winged Tinamou8.wav,Red-winged Tinamou_sound,77,43.68115646258504,train,D:\other\Bird\Dataset\CC0\Red-winged Tinamou_sound\Red-winged Tinamou8.mp3
Red-winged Tinamou_sound/Red-winged Tinamou9,D:\other\Bird\Code\data\kaggle_wav_cache\Red-winged Tinamou_sound\Red-winged Tinamou9.wav,Red-winged Tinamou_sound,77,43.68115646258504,train,D:\other\Bird\Dataset\CC0\Red-winged Tinamou_sound\Red-winged Tinamou9.mp3
Rufous-bellied Chachalaca_sound/Rufous-bellied Chachalaca10,D:\other\Bird\Code\data\kaggle_wav_cache\Rufous-bellied Chachalaca_sound\Rufous-bellied Chachalaca10.wav,Rufous-bellied Chachalaca_sound,78,8.292675736961451,train,D:\other\Bird\Dataset\CC0\Rufous-bellied Chachalaca_sound\Rufous-bellied Chachalaca10.mp3
Rufous-bellied Chachalaca_sound/Rufous-bellied Chachalaca11,D:\other\Bird\Code\data\kaggle_wav_cache\Rufous-bellied Chachalaca_sound\Rufous-bellied Chachalaca11.wav,Rufous-bellied Chachalaca_sound,78,226.63392290249436,train,D:\other\Bird\Dataset\CC0\Rufous-bellied Chachalaca_sound\Rufous-bellied Chachalaca11.mp3
Rufous-bellied Chachalaca_sound/Rufous-bellied Chachalaca12,D:\other\Bird\Code\data\kaggle_wav_cache\Rufous-bellied Chachalaca_sound\Rufous-bellied Chachalaca12.wav,Rufous-bellied Chachalaca_sound,78,265.21315192743765,train,D:\other\Bird\Dataset\CC0\Rufous-bellied Chachalaca_sound\Rufous-bellied Chachalaca12.mp3
Rufous-bellied Chachalaca_sound/Rufous-bellied Chachalaca13,D:\other\Bird\Code\data\kaggle_wav_cache\Rufous-bellied Chachalaca_sound\Rufous-bellied Chachalaca13.wav,Rufous-bellied Chachalaca_sound,78,265.21315192743765,train,D:\other\Bird\Dataset\CC0\Rufous-bellied Chachalaca_sound\Rufous-bellied Chachalaca13.mp3
Rufous-bellied Chachalaca_sound/Rufous-bellied Chachalaca14,D:\other\Bird\Code\data\kaggle_wav_cache\Rufous-bellied Chachalaca_sound\Rufous-bellied Chachalaca14.wav,Rufous-bellied Chachalaca_sound,78,14.32469387755102,train,D:\other\Bird\Dataset\CC0\Rufous-bellied Chachalaca_sound\Rufous-bellied Chachalaca14.mp3
Rufous-bellied Chachalaca_sound/Rufous-bellied Chachalaca15,D:\other\Bird\Code\data\kaggle_wav_cache\Rufous-bellied Chachalaca_sound\Rufous-bellied Chachalaca15.wav,Rufous-bellied Chachalaca_sound,78,86.24480725623583,test,D:\other\Bird\Dataset\CC0\Rufous-bellied Chachalaca_sound\Rufous-bellied Chachalaca15.mp3
Rufous-bellied Chachalaca_sound/Rufous-bellied Chachalaca16,D:\other\Bird\Code\data\kaggle_wav_cache\Rufous-bellied Chachalaca_sound\Rufous-bellied Chachalaca16.wav,Rufous-bellied Chachalaca_sound,78,184.7598185941043,val,D:\other\Bird\Dataset\CC0\Rufous-bellied Chachalaca_sound\Rufous-bellied Chachalaca16.mp3
Rufous-bellied Chachalaca_sound/Rufous-bellied Chachalaca17,D:\other\Bird\Code\data\kaggle_wav_cache\Rufous-bellied Chachalaca_sound\Rufous-bellied Chachalaca17.wav,Rufous-bellied Chachalaca_sound,78,184.7598185941043,train,D:\other\Bird\Dataset\CC0\Rufous-bellied Chachalaca_sound\Rufous-bellied Chachalaca17.mp3
Rufous-bellied Chachalaca_sound/Rufous-bellied Chachalaca18,D:\other\Bird\Code\data\kaggle_wav_cache\Rufous-bellied Chachalaca_sound\Rufous-bellied Chachalaca18.wav,Rufous-bellied Chachalaca_sound,78,184.7598185941043,train,D:\other\Bird\Dataset\CC0\Rufous-bellied Chachalaca_sound\Rufous-bellied Chachalaca18.mp3
Rufous-bellied Chachalaca_sound/Rufous-bellied Chachalaca19,D:\other\Bird\Code\data\kaggle_wav_cache\Rufous-bellied Chachalaca_sound\Rufous-bellied Chachalaca19.wav,Rufous-bellied Chachalaca_sound,78,184.7598185941043,val,D:\other\Bird\Dataset\CC0\Rufous-bellied Chachalaca_sound\Rufous-bellied Chachalaca19.mp3
Rufous-bellied Chachalaca_sound/Rufous-bellied Chachalaca2,D:\other\Bird\Code\data\kaggle_wav_cache\Rufous-bellied Chachalaca_sound\Rufous-bellied Chachalaca2.wav,Rufous-bellied Chachalaca_sound,78,29.417256235827665,train,D:\other\Bird\Dataset\CC0\Rufous-bellied Chachalaca_sound\Rufous-bellied Chachalaca2.mp3
Rufous-bellied Chachalaca_sound/Rufous-bellied Chachalaca20,D:\other\Bird\Code\data\kaggle_wav_cache\Rufous-bellied Chachalaca_sound\Rufous-bellied Chachalaca20.wav,Rufous-bellied Chachalaca_sound,78,21.957520833333334,train,D:\other\Bird\Dataset\CC0\Rufous-bellied Chachalaca_sound\Rufous-bellied Chachalaca20.mp3
Rufous-bellied Chachalaca_sound/Rufous-bellied Chachalaca21,D:\other\Bird\Code\data\kaggle_wav_cache\Rufous-bellied Chachalaca_sound\Rufous-bellied Chachalaca21.wav,Rufous-bellied Chachalaca_sound,78,21.957520833333334,train,D:\other\Bird\Dataset\CC0\Rufous-bellied Chachalaca_sound\Rufous-bellied Chachalaca21.mp3
Rufous-bellied Chachalaca_sound/Rufous-bellied Chachalaca22,D:\other\Bird\Code\data\kaggle_wav_cache\Rufous-bellied Chachalaca_sound\Rufous-bellied Chachalaca22.wav,Rufous-bellied Chachalaca_sound,78,55.17149659863946,train,D:\other\Bird\Dataset\CC0\Rufous-bellied Chachalaca_sound\Rufous-bellied Chachalaca22.mp3
Rufous-bellied Chachalaca_sound/Rufous-bellied Chachalaca23,D:\other\Bird\Code\data\kaggle_wav_cache\Rufous-bellied Chachalaca_sound\Rufous-bellied Chachalaca23.wav,Rufous-bellied Chachalaca_sound,78,39.630362811791386,test,D:\other\Bird\Dataset\CC0\Rufous-bellied Chachalaca_sound\Rufous-bellied Chachalaca23.mp3
Rufous-bellied Chachalaca_sound/Rufous-bellied Chachalaca24,D:\other\Bird\Code\data\kaggle_wav_cache\Rufous-bellied Chachalaca_sound\Rufous-bellied Chachalaca24.wav,Rufous-bellied Chachalaca_sound,78,28.26442176870748,train,D:\other\Bird\Dataset\CC0\Rufous-bellied Chachalaca_sound\Rufous-bellied Chachalaca24.mp3
Rufous-bellied Chachalaca_sound/Rufous-bellied Chachalaca25,D:\other\Bird\Code\data\kaggle_wav_cache\Rufous-bellied Chachalaca_sound\Rufous-bellied Chachalaca25.wav,Rufous-bellied Chachalaca_sound,78,28.26442176870748,train,D:\other\Bird\Dataset\CC0\Rufous-bellied Chachalaca_sound\Rufous-bellied Chachalaca25.mp3
Rufous-bellied Chachalaca_sound/Rufous-bellied Chachalaca26,D:\other\Bird\Code\data\kaggle_wav_cache\Rufous-bellied Chachalaca_sound\Rufous-bellied Chachalaca26.wav,Rufous-bellied Chachalaca_sound,78,14.004916666666666,train,D:\other\Bird\Dataset\CC0\Rufous-bellied Chachalaca_sound\Rufous-bellied Chachalaca26.mp3
Rufous-bellied Chachalaca_sound/Rufous-bellied Chachalaca27,D:\other\Bird\Code\data\kaggle_wav_cache\Rufous-bellied Chachalaca_sound\Rufous-bellied Chachalaca27.wav,Rufous-bellied Chachalaca_sound,78,31.402,test,D:\other\Bird\Dataset\CC0\Rufous-bellied Chachalaca_sound\Rufous-bellied Chachalaca27.mp3
Rufous-bellied Chachalaca_sound/Rufous-bellied Chachalaca28,D:\other\Bird\Code\data\kaggle_wav_cache\Rufous-bellied Chachalaca_sound\Rufous-bellied Chachalaca28.wav,Rufous-bellied Chachalaca_sound,78,12.439478458049887,train,D:\other\Bird\Dataset\CC0\Rufous-bellied Chachalaca_sound\Rufous-bellied Chachalaca28.mp3
Rufous-bellied Chachalaca_sound/Rufous-bellied Chachalaca29,D:\other\Bird\Code\data\kaggle_wav_cache\Rufous-bellied Chachalaca_sound\Rufous-bellied Chachalaca29.wav,Rufous-bellied Chachalaca_sound,78,12.439478458049887,train,D:\other\Bird\Dataset\CC0\Rufous-bellied Chachalaca_sound\Rufous-bellied Chachalaca29.mp3
Rufous-bellied Chachalaca_sound/Rufous-bellied Chachalaca3,D:\other\Bird\Code\data\kaggle_wav_cache\Rufous-bellied Chachalaca_sound\Rufous-bellied Chachalaca3.wav,Rufous-bellied Chachalaca_sound,78,29.417256235827665,val,D:\other\Bird\Dataset\CC0\Rufous-bellied Chachalaca_sound\Rufous-bellied Chachalaca3.mp3
Rufous-bellied Chachalaca_sound/Rufous-bellied Chachalaca30,D:\other\Bird\Code\data\kaggle_wav_cache\Rufous-bellied Chachalaca_sound\Rufous-bellied Chachalaca30.wav,Rufous-bellied Chachalaca_sound,78,69.9501133786848,train,D:\other\Bird\Dataset\CC0\Rufous-bellied Chachalaca_sound\Rufous-bellied Chachalaca30.mp3
Rufous-bellied Chachalaca_sound/Rufous-bellied Chachalaca31,D:\other\Bird\Code\data\kaggle_wav_cache\Rufous-bellied Chachalaca_sound\Rufous-bellied Chachalaca31.wav,Rufous-bellied Chachalaca_sound,78,138.834875,train,D:\other\Bird\Dataset\CC0\Rufous-bellied Chachalaca_sound\Rufous-bellied Chachalaca31.mp3
Rufous-bellied Chachalaca_sound/Rufous-bellied Chachalaca4,D:\other\Bird\Code\data\kaggle_wav_cache\Rufous-bellied Chachalaca_sound\Rufous-bellied Chachalaca4.wav,Rufous-bellied Chachalaca_sound,78,239.9446875,train,D:\other\Bird\Dataset\CC0\Rufous-bellied Chachalaca_sound\Rufous-bellied Chachalaca4.mp3
Rufous-bellied Chachalaca_sound/Rufous-bellied Chachalaca5,D:\other\Bird\Code\data\kaggle_wav_cache\Rufous-bellied Chachalaca_sound\Rufous-bellied Chachalaca5.wav,Rufous-bellied Chachalaca_sound,78,189.3809375,train,D:\other\Bird\Dataset\CC0\Rufous-bellied Chachalaca_sound\Rufous-bellied Chachalaca5.mp3
Rufous-bellied Chachalaca_sound/Rufous-bellied Chachalaca6,D:\other\Bird\Code\data\kaggle_wav_cache\Rufous-bellied Chachalaca_sound\Rufous-bellied Chachalaca6.wav,Rufous-bellied Chachalaca_sound,78,427.170625,train,D:\other\Bird\Dataset\CC0\Rufous-bellied Chachalaca_sound\Rufous-bellied Chachalaca6.mp3
Rufous-bellied Chachalaca_sound/Rufous-bellied Chachalaca7,D:\other\Bird\Code\data\kaggle_wav_cache\Rufous-bellied Chachalaca_sound\Rufous-bellied Chachalaca7.wav,Rufous-bellied Chachalaca_sound,78,344.949,test,D:\other\Bird\Dataset\CC0\Rufous-bellied Chachalaca_sound\Rufous-bellied Chachalaca7.mp3
Rufous-bellied Chachalaca_sound/Rufous-bellied Chachalaca8,D:\other\Bird\Code\data\kaggle_wav_cache\Rufous-bellied Chachalaca_sound\Rufous-bellied Chachalaca8.wav,Rufous-bellied Chachalaca_sound,78,658.8918125,train,D:\other\Bird\Dataset\CC0\Rufous-bellied Chachalaca_sound\Rufous-bellied Chachalaca8.mp3
Rufous-bellied Chachalaca_sound/Rufous-bellied Chachalaca9,D:\other\Bird\Code\data\kaggle_wav_cache\Rufous-bellied Chachalaca_sound\Rufous-bellied Chachalaca9.wav,Rufous-bellied Chachalaca_sound,78,156.16525,val,D:\other\Bird\Dataset\CC0\Rufous-bellied Chachalaca_sound\Rufous-bellied Chachalaca9.mp3
Rufous-headed Chachalaca_sound/Rufous-headed Chachalaca10,D:\other\Bird\Code\data\kaggle_wav_cache\Rufous-headed Chachalaca_sound\Rufous-headed Chachalaca10.wav,Rufous-headed Chachalaca_sound,79,7.723718820861678,train,D:\other\Bird\Dataset\CC0\Rufous-headed Chachalaca_sound\Rufous-headed Chachalaca10.mp3
Rufous-headed Chachalaca_sound/Rufous-headed Chachalaca11,D:\other\Bird\Code\data\kaggle_wav_cache\Rufous-headed Chachalaca_sound\Rufous-headed Chachalaca11.wav,Rufous-headed Chachalaca_sound,79,7.723718820861678,train,D:\other\Bird\Dataset\CC0\Rufous-headed Chachalaca_sound\Rufous-headed Chachalaca11.mp3
Rufous-headed Chachalaca_sound/Rufous-headed Chachalaca12,D:\other\Bird\Code\data\kaggle_wav_cache\Rufous-headed Chachalaca_sound\Rufous-headed Chachalaca12.wav,Rufous-headed Chachalaca_sound,79,7.723718820861678,val,D:\other\Bird\Dataset\CC0\Rufous-headed Chachalaca_sound\Rufous-headed Chachalaca12.mp3
Rufous-headed Chachalaca_sound/Rufous-headed Chachalaca13,D:\other\Bird\Code\data\kaggle_wav_cache\Rufous-headed Chachalaca_sound\Rufous-headed Chachalaca13.wav,Rufous-headed Chachalaca_sound,79,7.723718820861678,train,D:\other\Bird\Dataset\CC0\Rufous-headed Chachalaca_sound\Rufous-headed Chachalaca13.mp3
Rufous-headed Chachalaca_sound/Rufous-headed Chachalaca14,D:\other\Bird\Code\data\kaggle_wav_cache\Rufous-headed Chachalaca_sound\Rufous-headed Chachalaca14.wav,Rufous-headed Chachalaca_sound,79,22.989002267573696,train,D:\other\Bird\Dataset\CC0\Rufous-headed Chachalaca_sound\Rufous-headed Chachalaca14.mp3
Rufous-headed Chachalaca_sound/Rufous-headed Chachalaca15,D:\other\Bird\Code\data\kaggle_wav_cache\Rufous-headed Chachalaca_sound\Rufous-headed Chachalaca15.wav,Rufous-headed Chachalaca_sound,79,18.010113378684807,test,D:\other\Bird\Dataset\CC0\Rufous-headed Chachalaca_sound\Rufous-headed Chachalaca15.mp3
Rufous-headed Chachalaca_sound/Rufous-headed Chachalaca16,D:\other\Bird\Code\data\kaggle_wav_cache\Rufous-headed Chachalaca_sound\Rufous-headed Chachalaca16.wav,Rufous-headed Chachalaca_sound,79,16.314467120181405,train,D:\other\Bird\Dataset\CC0\Rufous-headed Chachalaca_sound\Rufous-headed Chachalaca16.mp3
Rufous-headed Chachalaca_sound/Rufous-headed Chachalaca17,D:\other\Bird\Code\data\kaggle_wav_cache\Rufous-headed Chachalaca_sound\Rufous-headed Chachalaca17.wav,Rufous-headed Chachalaca_sound,79,22.49997732426304,train,D:\other\Bird\Dataset\CC0\Rufous-headed Chachalaca_sound\Rufous-headed Chachalaca17.mp3
Rufous-headed Chachalaca_sound/Rufous-headed Chachalaca18,D:\other\Bird\Code\data\kaggle_wav_cache\Rufous-headed Chachalaca_sound\Rufous-headed Chachalaca18.wav,Rufous-headed Chachalaca_sound,79,38.79956916099773,train,D:\other\Bird\Dataset\CC0\Rufous-headed Chachalaca_sound\Rufous-headed Chachalaca18.mp3
Rufous-headed Chachalaca_sound/Rufous-headed Chachalaca19,D:\other\Bird\Code\data\kaggle_wav_cache\Rufous-headed Chachalaca_sound\Rufous-headed Chachalaca19.wav,Rufous-headed Chachalaca_sound,79,119.5310657596372,val,D:\other\Bird\Dataset\CC0\Rufous-headed Chachalaca_sound\Rufous-headed Chachalaca19.mp3
Rufous-headed Chachalaca_sound/Rufous-headed Chachalaca2,D:\other\Bird\Code\data\kaggle_wav_cache\Rufous-headed Chachalaca_sound\Rufous-headed Chachalaca2.wav,Rufous-headed Chachalaca_sound,79,73.421625,train,D:\other\Bird\Dataset\CC0\Rufous-headed Chachalaca_sound\Rufous-headed Chachalaca2.mp3
Rufous-headed Chachalaca_sound/Rufous-headed Chachalaca20,D:\other\Bird\Code\data\kaggle_wav_cache\Rufous-headed Chachalaca_sound\Rufous-headed Chachalaca20.wav,Rufous-headed Chachalaca_sound,79,70.77095238095238,train,D:\other\Bird\Dataset\CC0\Rufous-headed Chachalaca_sound\Rufous-headed Chachalaca20.mp3
Rufous-headed Chachalaca_sound/Rufous-headed Chachalaca21,D:\other\Bird\Code\data\kaggle_wav_cache\Rufous-headed Chachalaca_sound\Rufous-headed Chachalaca21.wav,Rufous-headed Chachalaca_sound,79,19.196689342403623,train,D:\other\Bird\Dataset\CC0\Rufous-headed Chachalaca_sound\Rufous-headed Chachalaca21.mp3
Rufous-headed Chachalaca_sound/Rufous-headed Chachalaca22,D:\other\Bird\Code\data\kaggle_wav_cache\Rufous-headed Chachalaca_sound\Rufous-headed Chachalaca22.wav,Rufous-headed Chachalaca_sound,79,77.25965986394557,train,D:\other\Bird\Dataset\CC0\Rufous-headed Chachalaca_sound\Rufous-headed Chachalaca22.mp3
Rufous-headed Chachalaca_sound/Rufous-headed Chachalaca23,D:\other\Bird\Code\data\kaggle_wav_cache\Rufous-headed Chachalaca_sound\Rufous-headed Chachalaca23.wav,Rufous-headed Chachalaca_sound,79,9.961995464852608,val,D:\other\Bird\Dataset\CC0\Rufous-headed Chachalaca_sound\Rufous-headed Chachalaca23.mp3
Rufous-headed Chachalaca_sound/Rufous-headed Chachalaca24,D:\other\Bird\Code\data\kaggle_wav_cache\Rufous-headed Chachalaca_sound\Rufous-headed Chachalaca24.wav,Rufous-headed Chachalaca_sound,79,9.961995464852608,train,D:\other\Bird\Dataset\CC0\Rufous-headed Chachalaca_sound\Rufous-headed Chachalaca24.mp3
Rufous-headed Chachalaca_sound/Rufous-headed Chachalaca25,D:\other\Bird\Code\data\kaggle_wav_cache\Rufous-headed Chachalaca_sound\Rufous-headed Chachalaca25.wav,Rufous-headed Chachalaca_sound,79,9.961995464852608,train,D:\other\Bird\Dataset\CC0\Rufous-headed Chachalaca_sound\Rufous-headed Chachalaca25.mp3
Rufous-headed Chachalaca_sound/Rufous-headed Chachalaca26,D:\other\Bird\Code\data\kaggle_wav_cache\Rufous-headed Chachalaca_sound\Rufous-headed Chachalaca26.wav,Rufous-headed Chachalaca_sound,79,18.75258503401361,train,D:\other\Bird\Dataset\CC0\Rufous-headed Chachalaca_sound\Rufous-headed Chachalaca26.mp3
Rufous-headed Chachalaca_sound/Rufous-headed Chachalaca27,D:\other\Bird\Code\data\kaggle_wav_cache\Rufous-headed Chachalaca_sound\Rufous-headed Chachalaca27.wav,Rufous-headed Chachalaca_sound,79,38.53351473922903,test,D:\other\Bird\Dataset\CC0\Rufous-headed Chachalaca_sound\Rufous-headed Chachalaca27.mp3
Rufous-headed Chachalaca_sound/Rufous-headed Chachalaca28,D:\other\Bird\Code\data\kaggle_wav_cache\Rufous-headed Chachalaca_sound\Rufous-headed Chachalaca28.wav,Rufous-headed Chachalaca_sound,79,57.71142857142857,train,D:\other\Bird\Dataset\CC0\Rufous-headed Chachalaca_sound\Rufous-headed Chachalaca28.mp3
Rufous-headed Chachalaca_sound/Rufous-headed Chachalaca29,D:\other\Bird\Code\data\kaggle_wav_cache\Rufous-headed Chachalaca_sound\Rufous-headed Chachalaca29.wav,Rufous-headed Chachalaca_sound,79,39.39453514739229,train,D:\other\Bird\Dataset\CC0\Rufous-headed Chachalaca_sound\Rufous-headed Chachalaca29.mp3
Rufous-headed Chachalaca_sound/Rufous-headed Chachalaca3,D:\other\Bird\Code\data\kaggle_wav_cache\Rufous-headed Chachalaca_sound\Rufous-headed Chachalaca3.wav,Rufous-headed Chachalaca_sound,79,73.421625,train,D:\other\Bird\Dataset\CC0\Rufous-headed Chachalaca_sound\Rufous-headed Chachalaca3.mp3
Rufous-headed Chachalaca_sound/Rufous-headed Chachalaca30,D:\other\Bird\Code\data\kaggle_wav_cache\Rufous-headed Chachalaca_sound\Rufous-headed Chachalaca30.wav,Rufous-headed Chachalaca_sound,79,39.39453514739229,train,D:\other\Bird\Dataset\CC0\Rufous-headed Chachalaca_sound\Rufous-headed Chachalaca30.mp3
Rufous-headed Chachalaca_sound/Rufous-headed Chachalaca31,D:\other\Bird\Code\data\kaggle_wav_cache\Rufous-headed Chachalaca_sound\Rufous-headed Chachalaca31.wav,Rufous-headed Chachalaca_sound,79,29.417256235827665,test,D:\other\Bird\Dataset\CC0\Rufous-headed Chachalaca_sound\Rufous-headed Chachalaca31.mp3
Rufous-headed Chachalaca_sound/Rufous-headed Chachalaca4,D:\other\Bird\Code\data\kaggle_wav_cache\Rufous-headed Chachalaca_sound\Rufous-headed Chachalaca4.wav,Rufous-headed Chachalaca_sound,79,73.421625,val,D:\other\Bird\Dataset\CC0\Rufous-headed Chachalaca_sound\Rufous-headed Chachalaca4.mp3
Rufous-headed Chachalaca_sound/Rufous-headed Chachalaca5,D:\other\Bird\Code\data\kaggle_wav_cache\Rufous-headed Chachalaca_sound\Rufous-headed Chachalaca5.wav,Rufous-headed Chachalaca_sound,79,73.421625,train,D:\other\Bird\Dataset\CC0\Rufous-headed Chachalaca_sound\Rufous-headed Chachalaca5.mp3
Rufous-headed Chachalaca_sound/Rufous-headed Chachalaca6,D:\other\Bird\Code\data\kaggle_wav_cache\Rufous-headed Chachalaca_sound\Rufous-headed Chachalaca6.wav,Rufous-headed Chachalaca_sound,79,33.33632653061225,train,D:\other\Bird\Dataset\CC0\Rufous-headed Chachalaca_sound\Rufous-headed Chachalaca6.mp3
Rufous-headed Chachalaca_sound/Rufous-headed Chachalaca7,D:\other\Bird\Code\data\kaggle_wav_cache\Rufous-headed Chachalaca_sound\Rufous-headed Chachalaca7.wav,Rufous-headed Chachalaca_sound,79,7.723718820861678,train,D:\other\Bird\Dataset\CC0\Rufous-headed Chachalaca_sound\Rufous-headed Chachalaca7.mp3
Rufous-headed Chachalaca_sound/Rufous-headed Chachalaca8,D:\other\Bird\Code\data\kaggle_wav_cache\Rufous-headed Chachalaca_sound\Rufous-headed Chachalaca8.wav,Rufous-headed Chachalaca_sound,79,7.723718820861678,train,D:\other\Bird\Dataset\CC0\Rufous-headed Chachalaca_sound\Rufous-headed Chachalaca8.mp3
Rufous-headed Chachalaca_sound/Rufous-headed Chachalaca9,D:\other\Bird\Code\data\kaggle_wav_cache\Rufous-headed Chachalaca_sound\Rufous-headed Chachalaca9.wav,Rufous-headed Chachalaca_sound,79,7.723718820861678,test,D:\other\Bird\Dataset\CC0\Rufous-headed Chachalaca_sound\Rufous-headed Chachalaca9.mp3
Rufous-vented Chachalaca_sound/Rufous-vented Chachalaca10,D:\other\Bird\Code\data\kaggle_wav_cache\Rufous-vented Chachalaca_sound\Rufous-vented Chachalaca10.wav,Rufous-vented Chachalaca_sound,80,7.434285714285714,val,D:\other\Bird\Dataset\CC0\Rufous-vented Chachalaca_sound\Rufous-vented Chachalaca10.mp3
Rufous-vented Chachalaca_sound/Rufous-vented Chachalaca11,D:\other\Bird\Code\data\kaggle_wav_cache\Rufous-vented Chachalaca_sound\Rufous-vented Chachalaca11.wav,Rufous-vented Chachalaca_sound,80,7.434285714285714,train,D:\other\Bird\Dataset\CC0\Rufous-vented Chachalaca_sound\Rufous-vented Chachalaca11.mp3
Rufous-vented Chachalaca_sound/Rufous-vented Chachalaca12,D:\other\Bird\Code\data\kaggle_wav_cache\Rufous-vented Chachalaca_sound\Rufous-vented Chachalaca12.wav,Rufous-vented Chachalaca_sound,80,7.434285714285714,train,D:\other\Bird\Dataset\CC0\Rufous-vented Chachalaca_sound\Rufous-vented Chachalaca12.mp3
Rufous-vented Chachalaca_sound/Rufous-vented Chachalaca13,D:\other\Bird\Code\data\kaggle_wav_cache\Rufous-vented Chachalaca_sound\Rufous-vented Chachalaca13.wav,Rufous-vented Chachalaca_sound,80,7.434285714285714,train,D:\other\Bird\Dataset\CC0\Rufous-vented Chachalaca_sound\Rufous-vented Chachalaca13.mp3
Rufous-vented Chachalaca_sound/Rufous-vented Chachalaca14,D:\other\Bird\Code\data\kaggle_wav_cache\Rufous-vented Chachalaca_sound\Rufous-vented Chachalaca14.wav,Rufous-vented Chachalaca_sound,80,7.434285714285714,test,D:\other\Bird\Dataset\CC0\Rufous-vented Chachalaca_sound\Rufous-vented Chachalaca14.mp3
Rufous-vented Chachalaca_sound/Rufous-vented Chachalaca15,D:\other\Bird\Code\data\kaggle_wav_cache\Rufous-vented Chachalaca_sound\Rufous-vented Chachalaca15.wav,Rufous-vented Chachalaca_sound,80,64.12834467120182,train,D:\other\Bird\Dataset\CC0\Rufous-vented Chachalaca_sound\Rufous-vented Chachalaca15.mp3
Rufous-vented Chachalaca_sound/Rufous-vented Chachalaca16,D:\other\Bird\Code\data\kaggle_wav_cache\Rufous-vented Chachalaca_sound\Rufous-vented Chachalaca16.wav,Rufous-vented Chachalaca_sound,80,93.175873015873,train,D:\other\Bird\Dataset\CC0\Rufous-vented Chachalaca_sound\Rufous-vented Chachalaca16.mp3
Rufous-vented Chachalaca_sound/Rufous-vented Chachalaca17,D:\other\Bird\Code\data\kaggle_wav_cache\Rufous-vented Chachalaca_sound\Rufous-vented Chachalaca17.wav,Rufous-vented Chachalaca_sound,80,85.47646258503401,val,D:\other\Bird\Dataset\CC0\Rufous-vented Chachalaca_sound\Rufous-vented Chachalaca17.mp3
Rufous-vented Chachalaca_sound/Rufous-vented Chachalaca18,D:\other\Bird\Code\data\kaggle_wav_cache\Rufous-vented Chachalaca_sound\Rufous-vented Chachalaca18.wav,Rufous-vented Chachalaca_sound,80,85.47646258503401,val,D:\other\Bird\Dataset\CC0\Rufous-vented Chachalaca_sound\Rufous-vented Chachalaca18.mp3
Rufous-vented Chachalaca_sound/Rufous-vented Chachalaca19,D:\other\Bird\Code\data\kaggle_wav_cache\Rufous-vented Chachalaca_sound\Rufous-vented Chachalaca19.wav,Rufous-vented Chachalaca_sound,80,85.47646258503401,train,D:\other\Bird\Dataset\CC0\Rufous-vented Chachalaca_sound\Rufous-vented Chachalaca19.mp3
Rufous-vented Chachalaca_sound/Rufous-vented Chachalaca2,D:\other\Bird\Code\data\kaggle_wav_cache\Rufous-vented Chachalaca_sound\Rufous-vented Chachalaca2.wav,Rufous-vented Chachalaca_sound,80,5.184625850340136,train,D:\other\Bird\Dataset\CC0\Rufous-vented Chachalaca_sound\Rufous-vented Chachalaca2.mp3
Rufous-vented Chachalaca_sound/Rufous-vented Chachalaca20,D:\other\Bird\Code\data\kaggle_wav_cache\Rufous-vented Chachalaca_sound\Rufous-vented Chachalaca20.wav,Rufous-vented Chachalaca_sound,80,69.54208616780045,train,D:\other\Bird\Dataset\CC0\Rufous-vented Chachalaca_sound\Rufous-vented Chachalaca20.mp3
Rufous-vented Chachalaca_sound/Rufous-vented Chachalaca21,D:\other\Bird\Code\data\kaggle_wav_cache\Rufous-vented Chachalaca_sound\Rufous-vented Chachalaca21.wav,Rufous-vented Chachalaca_sound,80,95.3481179138322,train,D:\other\Bird\Dataset\CC0\Rufous-vented Chachalaca_sound\Rufous-vented Chachalaca21.mp3
Rufous-vented Chachalaca_sound/Rufous-vented Chachalaca22,D:\other\Bird\Code\data\kaggle_wav_cache\Rufous-vented Chachalaca_sound\Rufous-vented Chachalaca22.wav,Rufous-vented Chachalaca_sound,80,95.3481179138322,train,D:\other\Bird\Dataset\CC0\Rufous-vented Chachalaca_sound\Rufous-vented Chachalaca22.mp3
Rufous-vented Chachalaca_sound/Rufous-vented Chachalaca23,D:\other\Bird\Code\data\kaggle_wav_cache\Rufous-vented Chachalaca_sound\Rufous-vented Chachalaca23.wav,Rufous-vented Chachalaca_sound,80,120.552,train,D:\other\Bird\Dataset\CC0\Rufous-vented Chachalaca_sound\Rufous-vented Chachalaca23.mp3
Rufous-vented Chachalaca_sound/Rufous-vented Chachalaca24,D:\other\Bird\Code\data\kaggle_wav_cache\Rufous-vented Chachalaca_sound\Rufous-vented Chachalaca24.wav,Rufous-vented Chachalaca_sound,80,32.307437641723354,train,D:\other\Bird\Dataset\CC0\Rufous-vented Chachalaca_sound\Rufous-vented Chachalaca24.mp3
Rufous-vented Chachalaca_sound/Rufous-vented Chachalaca25,D:\other\Bird\Code\data\kaggle_wav_cache\Rufous-vented Chachalaca_sound\Rufous-vented Chachalaca25.wav,Rufous-vented Chachalaca_sound,80,32.307437641723354,train,D:\other\Bird\Dataset\CC0\Rufous-vented Chachalaca_sound\Rufous-vented Chachalaca25.mp3
Rufous-vented Chachalaca_sound/Rufous-vented Chachalaca26,D:\other\Bird\Code\data\kaggle_wav_cache\Rufous-vented Chachalaca_sound\Rufous-vented Chachalaca26.wav,Rufous-vented Chachalaca_sound,80,20.144195011337867,train,D:\other\Bird\Dataset\CC0\Rufous-vented Chachalaca_sound\Rufous-vented Chachalaca26.mp3
Rufous-vented Chachalaca_sound/Rufous-vented Chachalaca27,D:\other\Bird\Code\data\kaggle_wav_cache\Rufous-vented Chachalaca_sound\Rufous-vented Chachalaca27.wav,Rufous-vented Chachalaca_sound,80,14.821088435374149,val,D:\other\Bird\Dataset\CC0\Rufous-vented Chachalaca_sound\Rufous-vented Chachalaca27.mp3
Rufous-vented Chachalaca_sound/Rufous-vented Chachalaca28,D:\other\Bird\Code\data\kaggle_wav_cache\Rufous-vented Chachalaca_sound\Rufous-vented Chachalaca28.wav,Rufous-vented Chachalaca_sound,80,3.355419501133787,train,D:\other\Bird\Dataset\CC0\Rufous-vented Chachalaca_sound\Rufous-vented Chachalaca28.mp3
Rufous-vented Chachalaca_sound/Rufous-vented Chachalaca29,D:\other\Bird\Code\data\kaggle_wav_cache\Rufous-vented Chachalaca_sound\Rufous-vented Chachalaca29.wav,Rufous-vented Chachalaca_sound,80,10.162902494331066,test,D:\other\Bird\Dataset\CC0\Rufous-vented Chachalaca_sound\Rufous-vented Chachalaca29.mp3
Rufous-vented Chachalaca_sound/Rufous-vented Chachalaca3,D:\other\Bird\Code\data\kaggle_wav_cache\Rufous-vented Chachalaca_sound\Rufous-vented Chachalaca3.wav,Rufous-vented Chachalaca_sound,80,5.184625850340136,train,D:\other\Bird\Dataset\CC0\Rufous-vented Chachalaca_sound\Rufous-vented Chachalaca3.mp3
Rufous-vented Chachalaca_sound/Rufous-vented Chachalaca30,D:\other\Bird\Code\data\kaggle_wav_cache\Rufous-vented Chachalaca_sound\Rufous-vented Chachalaca30.wav,Rufous-vented Chachalaca_sound,80,10.162902494331066,train,D:\other\Bird\Dataset\CC0\Rufous-vented Chachalaca_sound\Rufous-vented Chachalaca30.mp3
Rufous-vented Chachalaca_sound/Rufous-vented Chachalaca31,D:\other\Bird\Code\data\kaggle_wav_cache\Rufous-vented Chachalaca_sound\Rufous-vented Chachalaca31.wav,Rufous-vented Chachalaca_sound,80,10.162902494331066,test,D:\other\Bird\Dataset\CC0\Rufous-vented Chachalaca_sound\Rufous-vented Chachalaca31.mp3
Rufous-vented Chachalaca_sound/Rufous-vented Chachalaca4,D:\other\Bird\Code\data\kaggle_wav_cache\Rufous-vented Chachalaca_sound\Rufous-vented Chachalaca4.wav,Rufous-vented Chachalaca_sound,80,433.7141950113379,train,D:\other\Bird\Dataset\CC0\Rufous-vented Chachalaca_sound\Rufous-vented Chachalaca4.mp3
Rufous-vented Chachalaca_sound/Rufous-vented Chachalaca5,D:\other\Bird\Code\data\kaggle_wav_cache\Rufous-vented Chachalaca_sound\Rufous-vented Chachalaca5.wav,Rufous-vented Chachalaca_sound,80,76.76426303854875,test,D:\other\Bird\Dataset\CC0\Rufous-vented Chachalaca_sound\Rufous-vented Chachalaca5.mp3
Rufous-vented Chachalaca_sound/Rufous-vented Chachalaca6,D:\other\Bird\Code\data\kaggle_wav_cache\Rufous-vented Chachalaca_sound\Rufous-vented Chachalaca6.wav,Rufous-vented Chachalaca_sound,80,76.76426303854875,train,D:\other\Bird\Dataset\CC0\Rufous-vented Chachalaca_sound\Rufous-vented Chachalaca6.mp3
Rufous-vented Chachalaca_sound/Rufous-vented Chachalaca7,D:\other\Bird\Code\data\kaggle_wav_cache\Rufous-vented Chachalaca_sound\Rufous-vented Chachalaca7.wav,Rufous-vented Chachalaca_sound,80,76.76426303854875,train,D:\other\Bird\Dataset\CC0\Rufous-vented Chachalaca_sound\Rufous-vented Chachalaca7.mp3
Rufous-vented Chachalaca_sound/Rufous-vented Chachalaca8,D:\other\Bird\Code\data\kaggle_wav_cache\Rufous-vented Chachalaca_sound\Rufous-vented Chachalaca8.wav,Rufous-vented Chachalaca_sound,80,15.56471655328798,train,D:\other\Bird\Dataset\CC0\Rufous-vented Chachalaca_sound\Rufous-vented Chachalaca8.mp3
Rufous-vented Chachalaca_sound/Rufous-vented Chachalaca9,D:\other\Bird\Code\data\kaggle_wav_cache\Rufous-vented Chachalaca_sound\Rufous-vented Chachalaca9.wav,Rufous-vented Chachalaca_sound,80,7.434285714285714,train,D:\other\Bird\Dataset\CC0\Rufous-vented Chachalaca_sound\Rufous-vented Chachalaca9.mp3
Rusty Tinamou_sound/Rusty Tinamou10,D:\other\Bird\Code\data\kaggle_wav_cache\Rusty Tinamou_sound\Rusty Tinamou10.wav,Rusty Tinamou_sound,81,8.877551020408163,val,D:\other\Bird\Dataset\CC0\Rusty Tinamou_sound\Rusty Tinamou10.mp3
Rusty Tinamou_sound/Rusty Tinamou11,D:\other\Bird\Code\data\kaggle_wav_cache\Rusty Tinamou_sound\Rusty Tinamou11.wav,Rusty Tinamou_sound,81,8.877551020408163,train,D:\other\Bird\Dataset\CC0\Rusty Tinamou_sound\Rusty Tinamou11.mp3
Rusty Tinamou_sound/Rusty Tinamou12,D:\other\Bird\Code\data\kaggle_wav_cache\Rusty Tinamou_sound\Rusty Tinamou12.wav,Rusty Tinamou_sound,81,25.41517006802721,test,D:\other\Bird\Dataset\CC0\Rusty Tinamou_sound\Rusty Tinamou12.mp3
Rusty Tinamou_sound/Rusty Tinamou13,D:\other\Bird\Code\data\kaggle_wav_cache\Rusty Tinamou_sound\Rusty Tinamou13.wav,Rusty Tinamou_sound,81,25.41517006802721,train,D:\other\Bird\Dataset\CC0\Rusty Tinamou_sound\Rusty Tinamou13.mp3
Rusty Tinamou_sound/Rusty Tinamou14,D:\other\Bird\Code\data\kaggle_wav_cache\Rusty Tinamou_sound\Rusty Tinamou14.wav,Rusty Tinamou_sound,81,25.41517006802721,train,D:\other\Bird\Dataset\CC0\Rusty Tinamou_sound\Rusty Tinamou14.mp3
Rusty Tinamou_sound/Rusty Tinamou2,D:\other\Bird\Code\data\kaggle_wav_cache\Rusty Tinamou_sound\Rusty Tinamou2.wav,Rusty Tinamou_sound,81,9.4335,train,D:\other\Bird\Dataset\CC0\Rusty Tinamou_sound\Rusty Tinamou2.mp3
Rusty Tinamou_sound/Rusty Tinamou3,D:\other\Bird\Code\data\kaggle_wav_cache\Rusty Tinamou_sound\Rusty Tinamou3.wav,Rusty Tinamou_sound,81,14.04845804988662,train,D:\other\Bird\Dataset\CC0\Rusty Tinamou_sound\Rusty Tinamou3.mp3
Rusty Tinamou_sound/Rusty Tinamou4,D:\other\Bird\Code\data\kaggle_wav_cache\Rusty Tinamou_sound\Rusty Tinamou4.wav,Rusty Tinamou_sound,81,34.17011337868481,test,D:\other\Bird\Dataset\CC0\Rusty Tinamou_sound\Rusty Tinamou4.mp3
Rusty Tinamou_sound/Rusty Tinamou5,D:\other\Bird\Code\data\kaggle_wav_cache\Rusty Tinamou_sound\Rusty Tinamou5.wav,Rusty Tinamou_sound,81,74.01360544217687,train,D:\other\Bird\Dataset\CC0\Rusty Tinamou_sound\Rusty Tinamou5.mp3
Rusty Tinamou_sound/Rusty Tinamou6,D:\other\Bird\Code\data\kaggle_wav_cache\Rusty Tinamou_sound\Rusty Tinamou6.wav,Rusty Tinamou_sound,81,31.89551020408163,train,D:\other\Bird\Dataset\CC0\Rusty Tinamou_sound\Rusty Tinamou6.mp3
Rusty Tinamou_sound/Rusty Tinamou7,D:\other\Bird\Code\data\kaggle_wav_cache\Rusty Tinamou_sound\Rusty Tinamou7.wav,Rusty Tinamou_sound,81,24.301768707482992,train,D:\other\Bird\Dataset\CC0\Rusty Tinamou_sound\Rusty Tinamou7.mp3
Rusty Tinamou_sound/Rusty Tinamou8,D:\other\Bird\Code\data\kaggle_wav_cache\Rusty Tinamou_sound\Rusty Tinamou8.wav,Rusty Tinamou_sound,81,19.56571428571429,train,D:\other\Bird\Dataset\CC0\Rusty Tinamou_sound\Rusty Tinamou8.mp3
Rusty Tinamou_sound/Rusty Tinamou9,D:\other\Bird\Code\data\kaggle_wav_cache\Rusty Tinamou_sound\Rusty Tinamou9.wav,Rusty Tinamou_sound,81,7.50501133786848,val,D:\other\Bird\Dataset\CC0\Rusty Tinamou_sound\Rusty Tinamou9.mp3
Rusty-margined Guan_sound/Rusty-margined Guan10,D:\other\Bird\Code\data\kaggle_wav_cache\Rusty-margined Guan_sound\Rusty-margined Guan10.wav,Rusty-margined Guan_sound,82,40.47299319727891,train,D:\other\Bird\Dataset\CC0\Rusty-margined Guan_sound\Rusty-margined Guan10.mp3
Rusty-margined Guan_sound/Rusty-margined Guan11,D:\other\Bird\Code\data\kaggle_wav_cache\Rusty-margined Guan_sound\Rusty-margined Guan11.wav,Rusty-margined Guan_sound,82,292.3681179138322,val,D:\other\Bird\Dataset\CC0\Rusty-margined Guan_sound\Rusty-margined Guan11.mp3
Rusty-margined Guan_sound/Rusty-margined Guan12,D:\other\Bird\Code\data\kaggle_wav_cache\Rusty-margined Guan_sound\Rusty-margined Guan12.wav,Rusty-margined Guan_sound,82,21.77687074829932,train,D:\other\Bird\Dataset\CC0\Rusty-margined Guan_sound\Rusty-margined Guan12.mp3
Rusty-margined Guan_sound/Rusty-margined Guan13,D:\other\Bird\Code\data\kaggle_wav_cache\Rusty-margined Guan_sound\Rusty-margined Guan13.wav,Rusty-margined Guan_sound,82,21.77687074829932,test,D:\other\Bird\Dataset\CC0\Rusty-margined Guan_sound\Rusty-margined Guan13.mp3
Rusty-margined Guan_sound/Rusty-margined Guan14,D:\other\Bird\Code\data\kaggle_wav_cache\Rusty-margined Guan_sound\Rusty-margined Guan14.wav,Rusty-margined Guan_sound,82,19.655555555555555,train,D:\other\Bird\Dataset\CC0\Rusty-margined Guan_sound\Rusty-margined Guan14.mp3
Rusty-margined Guan_sound/Rusty-margined Guan15,D:\other\Bird\Code\data\kaggle_wav_cache\Rusty-margined Guan_sound\Rusty-margined Guan15.wav,Rusty-margined Guan_sound,82,19.655555555555555,train,D:\other\Bird\Dataset\CC0\Rusty-margined Guan_sound\Rusty-margined Guan15.mp3
Rusty-margined Guan_sound/Rusty-margined Guan16,D:\other\Bird\Code\data\kaggle_wav_cache\Rusty-margined Guan_sound\Rusty-margined Guan16.wav,Rusty-margined Guan_sound,82,38.17900226757369,train,D:\other\Bird\Dataset\CC0\Rusty-margined Guan_sound\Rusty-margined Guan16.mp3
Rusty-margined Guan_sound/Rusty-margined Guan17,D:\other\Bird\Code\data\kaggle_wav_cache\Rusty-margined Guan_sound\Rusty-margined Guan17.wav,Rusty-margined Guan_sound,82,69.62471655328798,train,D:\other\Bird\Dataset\CC0\Rusty-margined Guan_sound\Rusty-margined Guan17.mp3
Rusty-margined Guan_sound/Rusty-margined Guan18,D:\other\Bird\Code\data\kaggle_wav_cache\Rusty-margined Guan_sound\Rusty-margined Guan18.wav,Rusty-margined Guan_sound,82,51.03281179138322,train,D:\other\Bird\Dataset\CC0\Rusty-margined Guan_sound\Rusty-margined Guan18.mp3
Rusty-margined Guan_sound/Rusty-margined Guan19,D:\other\Bird\Code\data\kaggle_wav_cache\Rusty-margined Guan_sound\Rusty-margined Guan19.wav,Rusty-margined Guan_sound,82,52.56249433106576,val,D:\other\Bird\Dataset\CC0\Rusty-margined Guan_sound\Rusty-margined Guan19.mp3
Rusty-margined Guan_sound/Rusty-margined Guan2,D:\other\Bird\Code\data\kaggle_wav_cache\Rusty-margined Guan_sound\Rusty-margined Guan2.wav,Rusty-margined Guan_sound,82,15.74952380952381,train,D:\other\Bird\Dataset\CC0\Rusty-margined Guan_sound\Rusty-margined Guan2.mp3
Rusty-margined Guan_sound/Rusty-margined Guan20,D:\other\Bird\Code\data\kaggle_wav_cache\Rusty-margined Guan_sound\Rusty-margined Guan20.wav,Rusty-margined Guan_sound,82,44.61913832199546,train,D:\other\Bird\Dataset\CC0\Rusty-margined Guan_sound\Rusty-margined Guan20.mp3
Rusty-margined Guan_sound/Rusty-margined Guan21,D:\other\Bird\Code\data\kaggle_wav_cache\Rusty-margined Guan_sound\Rusty-margined Guan21.wav,Rusty-margined Guan_sound,82,44.61913832199546,train,D:\other\Bird\Dataset\CC0\Rusty-margined Guan_sound\Rusty-margined Guan21.mp3
Rusty-margined Guan_sound/Rusty-margined Guan22,D:\other\Bird\Code\data\kaggle_wav_cache\Rusty-margined Guan_sound\Rusty-margined Guan22.wav,Rusty-margined Guan_sound,82,44.61913832199546,train,D:\other\Bird\Dataset\CC0\Rusty-margined Guan_sound\Rusty-margined Guan22.mp3
Rusty-margined Guan_sound/Rusty-margined Guan23,D:\other\Bird\Code\data\kaggle_wav_cache\Rusty-margined Guan_sound\Rusty-margined Guan23.wav,Rusty-margined Guan_sound,82,49.69176870748299,train,D:\other\Bird\Dataset\CC0\Rusty-margined Guan_sound\Rusty-margined Guan23.mp3
Rusty-margined Guan_sound/Rusty-margined Guan24,D:\other\Bird\Code\data\kaggle_wav_cache\Rusty-margined Guan_sound\Rusty-margined Guan24.wav,Rusty-margined Guan_sound,82,49.69176870748299,train,D:\other\Bird\Dataset\CC0\Rusty-margined Guan_sound\Rusty-margined Guan24.mp3
Rusty-margined Guan_sound/Rusty-margined Guan25,D:\other\Bird\Code\data\kaggle_wav_cache\Rusty-margined Guan_sound\Rusty-margined Guan25.wav,Rusty-margined Guan_sound,82,49.69176870748299,val,D:\other\Bird\Dataset\CC0\Rusty-margined Guan_sound\Rusty-margined Guan25.mp3
Rusty-margined Guan_sound/Rusty-margined Guan26,D:\other\Bird\Code\data\kaggle_wav_cache\Rusty-margined Guan_sound\Rusty-margined Guan26.wav,Rusty-margined Guan_sound,82,82.07666666666667,train,D:\other\Bird\Dataset\CC0\Rusty-margined Guan_sound\Rusty-margined Guan26.mp3
Rusty-margined Guan_sound/Rusty-margined Guan27,D:\other\Bird\Code\data\kaggle_wav_cache\Rusty-margined Guan_sound\Rusty-margined Guan27.wav,Rusty-margined Guan_sound,82,21.781375,val,D:\other\Bird\Dataset\CC0\Rusty-margined Guan_sound\Rusty-margined Guan27.mp3
Rusty-margined Guan_sound/Rusty-margined Guan28,D:\other\Bird\Code\data\kaggle_wav_cache\Rusty-margined Guan_sound\Rusty-margined Guan28.wav,Rusty-margined Guan_sound,82,7.634739229024944,train,D:\other\Bird\Dataset\CC0\Rusty-margined Guan_sound\Rusty-margined Guan28.mp3
Rusty-margined Guan_sound/Rusty-margined Guan29,D:\other\Bird\Code\data\kaggle_wav_cache\Rusty-margined Guan_sound\Rusty-margined Guan29.wav,Rusty-margined Guan_sound,82,7.634739229024944,test,D:\other\Bird\Dataset\CC0\Rusty-margined Guan_sound\Rusty-margined Guan29.mp3
Rusty-margined Guan_sound/Rusty-margined Guan3,D:\other\Bird\Code\data\kaggle_wav_cache\Rusty-margined Guan_sound\Rusty-margined Guan3.wav,Rusty-margined Guan_sound,82,15.74952380952381,train,D:\other\Bird\Dataset\CC0\Rusty-margined Guan_sound\Rusty-margined Guan3.mp3
Rusty-margined Guan_sound/Rusty-margined Guan30,D:\other\Bird\Code\data\kaggle_wav_cache\Rusty-margined Guan_sound\Rusty-margined Guan30.wav,Rusty-margined Guan_sound,82,7.634739229024944,test,D:\other\Bird\Dataset\CC0\Rusty-margined Guan_sound\Rusty-margined Guan30.mp3
Rusty-margined Guan_sound/Rusty-margined Guan31,D:\other\Bird\Code\data\kaggle_wav_cache\Rusty-margined Guan_sound\Rusty-margined Guan31.wav,Rusty-margined Guan_sound,82,10.610272108843535,train,D:\other\Bird\Dataset\CC0\Rusty-margined Guan_sound\Rusty-margined Guan31.mp3
Rusty-margined Guan_sound/Rusty-margined Guan4,D:\other\Bird\Code\data\kaggle_wav_cache\Rusty-margined Guan_sound\Rusty-margined Guan4.wav,Rusty-margined Guan_sound,82,9.246291666666666,train,D:\other\Bird\Dataset\CC0\Rusty-margined Guan_sound\Rusty-margined Guan4.mp3
Rusty-margined Guan_sound/Rusty-margined Guan5,D:\other\Bird\Code\data\kaggle_wav_cache\Rusty-margined Guan_sound\Rusty-margined Guan5.wav,Rusty-margined Guan_sound,82,8.872018140589569,train,D:\other\Bird\Dataset\CC0\Rusty-margined Guan_sound\Rusty-margined Guan5.mp3
Rusty-margined Guan_sound/Rusty-margined Guan6,D:\other\Bird\Code\data\kaggle_wav_cache\Rusty-margined Guan_sound\Rusty-margined Guan6.wav,Rusty-margined Guan_sound,82,108.4373469387755,test,D:\other\Bird\Dataset\CC0\Rusty-margined Guan_sound\Rusty-margined Guan6.mp3
Rusty-margined Guan_sound/Rusty-margined Guan7,D:\other\Bird\Code\data\kaggle_wav_cache\Rusty-margined Guan_sound\Rusty-margined Guan7.wav,Rusty-margined Guan_sound,82,3.4088662131519274,train,D:\other\Bird\Dataset\CC0\Rusty-margined Guan_sound\Rusty-margined Guan7.mp3
Rusty-margined Guan_sound/Rusty-margined Guan8,D:\other\Bird\Code\data\kaggle_wav_cache\Rusty-margined Guan_sound\Rusty-margined Guan8.wav,Rusty-margined Guan_sound,82,40.47299319727891,train,D:\other\Bird\Dataset\CC0\Rusty-margined Guan_sound\Rusty-margined Guan8.mp3
Rusty-margined Guan_sound/Rusty-margined Guan9,D:\other\Bird\Code\data\kaggle_wav_cache\Rusty-margined Guan_sound\Rusty-margined Guan9.wav,Rusty-margined Guan_sound,82,40.47299319727891,train,D:\other\Bird\Dataset\CC0\Rusty-margined Guan_sound\Rusty-margined Guan9.mp3
Scaled Chachalaca_sound/Scaled Chachalaca10,D:\other\Bird\Code\data\kaggle_wav_cache\Scaled Chachalaca_sound\Scaled Chachalaca10.wav,Scaled Chachalaca_sound,83,18.38843537414966,val,D:\other\Bird\Dataset\CC0\Scaled Chachalaca_sound\Scaled Chachalaca10.mp3
Scaled Chachalaca_sound/Scaled Chachalaca11,D:\other\Bird\Code\data\kaggle_wav_cache\Scaled Chachalaca_sound\Scaled Chachalaca11.wav,Scaled Chachalaca_sound,83,18.38843537414966,val,D:\other\Bird\Dataset\CC0\Scaled Chachalaca_sound\Scaled Chachalaca11.mp3
Scaled Chachalaca_sound/Scaled Chachalaca12,D:\other\Bird\Code\data\kaggle_wav_cache\Scaled Chachalaca_sound\Scaled Chachalaca12.wav,Scaled Chachalaca_sound,83,18.38843537414966,train,D:\other\Bird\Dataset\CC0\Scaled Chachalaca_sound\Scaled Chachalaca12.mp3
Scaled Chachalaca_sound/Scaled Chachalaca13,D:\other\Bird\Code\data\kaggle_wav_cache\Scaled Chachalaca_sound\Scaled Chachalaca13.wav,Scaled Chachalaca_sound,83,18.120875,test,D:\other\Bird\Dataset\CC0\Scaled Chachalaca_sound\Scaled Chachalaca13.mp3
Scaled Chachalaca_sound/Scaled Chachalaca14,D:\other\Bird\Code\data\kaggle_wav_cache\Scaled Chachalaca_sound\Scaled Chachalaca14.wav,Scaled Chachalaca_sound,83,18.120875,train,D:\other\Bird\Dataset\CC0\Scaled Chachalaca_sound\Scaled Chachalaca14.mp3
Scaled Chachalaca_sound/Scaled Chachalaca15,D:\other\Bird\Code\data\kaggle_wav_cache\Scaled Chachalaca_sound\Scaled Chachalaca15.wav,Scaled Chachalaca_sound,83,18.120875,train,D:\other\Bird\Dataset\CC0\Scaled Chachalaca_sound\Scaled Chachalaca15.mp3
Scaled Chachalaca_sound/Scaled Chachalaca16,D:\other\Bird\Code\data\kaggle_wav_cache\Scaled Chachalaca_sound\Scaled Chachalaca16.wav,Scaled Chachalaca_sound,83,18.120875,train,D:\other\Bird\Dataset\CC0\Scaled Chachalaca_sound\Scaled Chachalaca16.mp3
Scaled Chachalaca_sound/Scaled Chachalaca17,D:\other\Bird\Code\data\kaggle_wav_cache\Scaled Chachalaca_sound\Scaled Chachalaca17.wav,Scaled Chachalaca_sound,83,18.120875,train,D:\other\Bird\Dataset\CC0\Scaled Chachalaca_sound\Scaled Chachalaca17.mp3
Scaled Chachalaca_sound/Scaled Chachalaca18,D:\other\Bird\Code\data\kaggle_wav_cache\Scaled Chachalaca_sound\Scaled Chachalaca18.wav,Scaled Chachalaca_sound,83,18.120875,train,D:\other\Bird\Dataset\CC0\Scaled Chachalaca_sound\Scaled Chachalaca18.mp3
Scaled Chachalaca_sound/Scaled Chachalaca2,D:\other\Bird\Code\data\kaggle_wav_cache\Scaled Chachalaca_sound\Scaled Chachalaca2.wav,Scaled Chachalaca_sound,83,18.38843537414966,train,D:\other\Bird\Dataset\CC0\Scaled Chachalaca_sound\Scaled Chachalaca2.mp3
Scaled Chachalaca_sound/Scaled Chachalaca3,D:\other\Bird\Code\data\kaggle_wav_cache\Scaled Chachalaca_sound\Scaled Chachalaca3.wav,Scaled Chachalaca_sound,83,18.38843537414966,train,D:\other\Bird\Dataset\CC0\Scaled Chachalaca_sound\Scaled Chachalaca3.mp3
Scaled Chachalaca_sound/Scaled Chachalaca4,D:\other\Bird\Code\data\kaggle_wav_cache\Scaled Chachalaca_sound\Scaled Chachalaca4.wav,Scaled Chachalaca_sound,83,18.38843537414966,val,D:\other\Bird\Dataset\CC0\Scaled Chachalaca_sound\Scaled Chachalaca4.mp3
Scaled Chachalaca_sound/Scaled Chachalaca5,D:\other\Bird\Code\data\kaggle_wav_cache\Scaled Chachalaca_sound\Scaled Chachalaca5.wav,Scaled Chachalaca_sound,83,18.38843537414966,train,D:\other\Bird\Dataset\CC0\Scaled Chachalaca_sound\Scaled Chachalaca5.mp3
Scaled Chachalaca_sound/Scaled Chachalaca6,D:\other\Bird\Code\data\kaggle_wav_cache\Scaled Chachalaca_sound\Scaled Chachalaca6.wav,Scaled Chachalaca_sound,83,18.38843537414966,train,D:\other\Bird\Dataset\CC0\Scaled Chachalaca_sound\Scaled Chachalaca6.mp3
Scaled Chachalaca_sound/Scaled Chachalaca7,D:\other\Bird\Code\data\kaggle_wav_cache\Scaled Chachalaca_sound\Scaled Chachalaca7.wav,Scaled Chachalaca_sound,83,18.38843537414966,test,D:\other\Bird\Dataset\CC0\Scaled Chachalaca_sound\Scaled Chachalaca7.mp3
Scaled Chachalaca_sound/Scaled Chachalaca8,D:\other\Bird\Code\data\kaggle_wav_cache\Scaled Chachalaca_sound\Scaled Chachalaca8.wav,Scaled Chachalaca_sound,83,18.38843537414966,test,D:\other\Bird\Dataset\CC0\Scaled Chachalaca_sound\Scaled Chachalaca8.mp3
Scaled Chachalaca_sound/Scaled Chachalaca9,D:\other\Bird\Code\data\kaggle_wav_cache\Scaled Chachalaca_sound\Scaled Chachalaca9.wav,Scaled Chachalaca_sound,83,18.38843537414966,train,D:\other\Bird\Dataset\CC0\Scaled Chachalaca_sound\Scaled Chachalaca9.mp3
Slaty-breasted Tinamou_sound/Slaty-breasted Tinamou10,D:\other\Bird\Code\data\kaggle_wav_cache\Slaty-breasted Tinamou_sound\Slaty-breasted Tinamou10.wav,Slaty-breasted Tinamou_sound,84,7.7058125,train,D:\other\Bird\Dataset\CC0\Slaty-breasted Tinamou_sound\Slaty-breasted Tinamou10.mp3
Slaty-breasted Tinamou_sound/Slaty-breasted Tinamou11,D:\other\Bird\Code\data\kaggle_wav_cache\Slaty-breasted Tinamou_sound\Slaty-breasted Tinamou11.wav,Slaty-breasted Tinamou_sound,84,7.7058125,train,D:\other\Bird\Dataset\CC0\Slaty-breasted Tinamou_sound\Slaty-breasted Tinamou11.mp3
Slaty-breasted Tinamou_sound/Slaty-breasted Tinamou12,D:\other\Bird\Code\data\kaggle_wav_cache\Slaty-breasted Tinamou_sound\Slaty-breasted Tinamou12.wav,Slaty-breasted Tinamou_sound,84,105.4251700680272,val,D:\other\Bird\Dataset\CC0\Slaty-breasted Tinamou_sound\Slaty-breasted Tinamou12.mp3
Slaty-breasted Tinamou_sound/Slaty-breasted Tinamou13,D:\other\Bird\Code\data\kaggle_wav_cache\Slaty-breasted Tinamou_sound\Slaty-breasted Tinamou13.wav,Slaty-breasted Tinamou_sound,84,3.953854875283447,train,D:\other\Bird\Dataset\CC0\Slaty-breasted Tinamou_sound\Slaty-breasted Tinamou13.mp3
Slaty-breasted Tinamou_sound/Slaty-breasted Tinamou14,D:\other\Bird\Code\data\kaggle_wav_cache\Slaty-breasted Tinamou_sound\Slaty-breasted Tinamou14.wav,Slaty-breasted Tinamou_sound,84,7.247936507936508,train,D:\other\Bird\Dataset\CC0\Slaty-breasted Tinamou_sound\Slaty-breasted Tinamou14.mp3
Slaty-breasted Tinamou_sound/Slaty-breasted Tinamou15,D:\other\Bird\Code\data\kaggle_wav_cache\Slaty-breasted Tinamou_sound\Slaty-breasted Tinamou15.wav,Slaty-breasted Tinamou_sound,84,4.447006802721089,train,D:\other\Bird\Dataset\CC0\Slaty-breasted Tinamou_sound\Slaty-breasted Tinamou15.mp3
Slaty-breasted Tinamou_sound/Slaty-breasted Tinamou16,D:\other\Bird\Code\data\kaggle_wav_cache\Slaty-breasted Tinamou_sound\Slaty-breasted Tinamou16.wav,Slaty-breasted Tinamou_sound,84,80.3391156462585,test,D:\other\Bird\Dataset\CC0\Slaty-breasted Tinamou_sound\Slaty-breasted Tinamou16.mp3
Slaty-breasted Tinamou_sound/Slaty-breasted Tinamou17,D:\other\Bird\Code\data\kaggle_wav_cache\Slaty-breasted Tinamou_sound\Slaty-breasted Tinamou17.wav,Slaty-breasted Tinamou_sound,84,81.86596371882086,val,D:\other\Bird\Dataset\CC0\Slaty-breasted Tinamou_sound\Slaty-breasted Tinamou17.mp3
Slaty-breasted Tinamou_sound/Slaty-breasted Tinamou18,D:\other\Bird\Code\data\kaggle_wav_cache\Slaty-breasted Tinamou_sound\Slaty-breasted Tinamou18.wav,Slaty-breasted Tinamou_sound,84,170.29630385487528,train,D:\other\Bird\Dataset\CC0\Slaty-breasted Tinamou_sound\Slaty-breasted Tinamou18.mp3
Slaty-breasted Tinamou_sound/Slaty-breasted Tinamou19,D:\other\Bird\Code\data\kaggle_wav_cache\Slaty-breasted Tinamou_sound\Slaty-breasted Tinamou19.wav,Slaty-breasted Tinamou_sound,84,31.901065759637188,train,D:\other\Bird\Dataset\CC0\Slaty-breasted Tinamou_sound\Slaty-breasted Tinamou19.mp3
Slaty-breasted Tinamou_sound/Slaty-breasted Tinamou2,D:\other\Bird\Code\data\kaggle_wav_cache\Slaty-breasted Tinamou_sound\Slaty-breasted Tinamou2.wav,Slaty-breasted Tinamou_sound,84,451.4675963718821,train,D:\other\Bird\Dataset\CC0\Slaty-breasted Tinamou_sound\Slaty-breasted Tinamou2.mp3
Slaty-breasted Tinamou_sound/Slaty-breasted Tinamou20,D:\other\Bird\Code\data\kaggle_wav_cache\Slaty-breasted Tinamou_sound\Slaty-breasted Tinamou20.wav,Slaty-breasted Tinamou_sound,84,106.57426303854876,val,D:\other\Bird\Dataset\CC0\Slaty-breasted Tinamou_sound\Slaty-breasted Tinamou20.mp3
Slaty-breasted Tinamou_sound/Slaty-breasted Tinamou21,D:\other\Bird\Code\data\kaggle_wav_cache\Slaty-breasted Tinamou_sound\Slaty-breasted Tinamou21.wav,Slaty-breasted Tinamou_sound,84,4.185736961451247,test,D:\other\Bird\Dataset\CC0\Slaty-breasted Tinamou_sound\Slaty-breasted Tinamou21.mp3
Slaty-breasted Tinamou_sound/Slaty-breasted Tinamou22,D:\other\Bird\Code\data\kaggle_wav_cache\Slaty-breasted Tinamou_sound\Slaty-breasted Tinamou22.wav,Slaty-breasted Tinamou_sound,84,4.185736961451247,train,D:\other\Bird\Dataset\CC0\Slaty-breasted Tinamou_sound\Slaty-breasted Tinamou22.mp3
Slaty-breasted Tinamou_sound/Slaty-breasted Tinamou23,D:\other\Bird\Code\data\kaggle_wav_cache\Slaty-breasted Tinamou_sound\Slaty-breasted Tinamou23.wav,Slaty-breasted Tinamou_sound,84,3.941383219954648,train,D:\other\Bird\Dataset\CC0\Slaty-breasted Tinamou_sound\Slaty-breasted Tinamou23.mp3
Slaty-breasted Tinamou_sound/Slaty-breasted Tinamou24,D:\other\Bird\Code\data\kaggle_wav_cache\Slaty-breasted Tinamou_sound\Slaty-breasted Tinamou24.wav,Slaty-breasted Tinamou_sound,84,3.881519274376417,train,D:\other\Bird\Dataset\CC0\Slaty-breasted Tinamou_sound\Slaty-breasted Tinamou24.mp3
Slaty-breasted Tinamou_sound/Slaty-breasted Tinamou25,D:\other\Bird\Code\data\kaggle_wav_cache\Slaty-breasted Tinamou_sound\Slaty-breasted Tinamou25.wav,Slaty-breasted Tinamou_sound,84,6.303696145124716,train,D:\other\Bird\Dataset\CC0\Slaty-breasted Tinamou_sound\Slaty-breasted Tinamou25.mp3
Slaty-breasted Tinamou_sound/Slaty-breasted Tinamou26,D:\other\Bird\Code\data\kaggle_wav_cache\Slaty-breasted Tinamou_sound\Slaty-breasted Tinamou26.wav,Slaty-breasted Tinamou_sound,84,22.78995464852608,train,D:\other\Bird\Dataset\CC0\Slaty-breasted Tinamou_sound\Slaty-breasted Tinamou26.mp3
Slaty-breasted Tinamou_sound/Slaty-breasted Tinamou27,D:\other\Bird\Code\data\kaggle_wav_cache\Slaty-breasted Tinamou_sound\Slaty-breasted Tinamou27.wav,Slaty-breasted Tinamou_sound,84,22.78995464852608,train,D:\other\Bird\Dataset\CC0\Slaty-breasted Tinamou_sound\Slaty-breasted Tinamou27.mp3
Slaty-breasted Tinamou_sound/Slaty-breasted Tinamou28,D:\other\Bird\Code\data\kaggle_wav_cache\Slaty-breasted Tinamou_sound\Slaty-breasted Tinamou28.wav,Slaty-breasted Tinamou_sound,84,23.939229166666667,train,D:\other\Bird\Dataset\CC0\Slaty-breasted Tinamou_sound\Slaty-breasted Tinamou28.mp3
Slaty-breasted Tinamou_sound/Slaty-breasted Tinamou29,D:\other\Bird\Code\data\kaggle_wav_cache\Slaty-breasted Tinamou_sound\Slaty-breasted Tinamou29.wav,Slaty-breasted Tinamou_sound,84,4.125759637188208,train,D:\other\Bird\Dataset\CC0\Slaty-breasted Tinamou_sound\Slaty-breasted Tinamou29.mp3
Slaty-breasted Tinamou_sound/Slaty-breasted Tinamou3,D:\other\Bird\Code\data\kaggle_wav_cache\Slaty-breasted Tinamou_sound\Slaty-breasted Tinamou3.wav,Slaty-breasted Tinamou_sound,84,11.33471655328798,test,D:\other\Bird\Dataset\CC0\Slaty-breasted Tinamou_sound\Slaty-breasted Tinamou3.mp3
Slaty-breasted Tinamou_sound/Slaty-breasted Tinamou30,D:\other\Bird\Code\data\kaggle_wav_cache\Slaty-breasted Tinamou_sound\Slaty-breasted Tinamou30.wav,Slaty-breasted Tinamou_sound,84,4.125759637188208,train,D:\other\Bird\Dataset\CC0\Slaty-breasted Tinamou_sound\Slaty-breasted Tinamou30.mp3
Slaty-breasted Tinamou_sound/Slaty-breasted Tinamou4,D:\other\Bird\Code\data\kaggle_wav_cache\Slaty-breasted Tinamou_sound\Slaty-breasted Tinamou4.wav,Slaty-breasted Tinamou_sound,84,17.95501133786848,test,D:\other\Bird\Dataset\CC0\Slaty-breasted Tinamou_sound\Slaty-breasted Tinamou4.mp3
Slaty-breasted Tinamou_sound/Slaty-breasted Tinamou5,D:\other\Bird\Code\data\kaggle_wav_cache\Slaty-breasted Tinamou_sound\Slaty-breasted Tinamou5.wav,Slaty-breasted Tinamou_sound,84,17.95501133786848,train,D:\other\Bird\Dataset\CC0\Slaty-breasted Tinamou_sound\Slaty-breasted Tinamou5.mp3
Slaty-breasted Tinamou_sound/Slaty-breasted Tinamou6,D:\other\Bird\Code\data\kaggle_wav_cache\Slaty-breasted Tinamou_sound\Slaty-breasted Tinamou6.wav,Slaty-breasted Tinamou_sound,84,17.95501133786848,train,D:\other\Bird\Dataset\CC0\Slaty-breasted Tinamou_sound\Slaty-breasted Tinamou6.mp3
Slaty-breasted Tinamou_sound/Slaty-breasted Tinamou7,D:\other\Bird\Code\data\kaggle_wav_cache\Slaty-breasted Tinamou_sound\Slaty-breasted Tinamou7.wav,Slaty-breasted Tinamou_sound,84,17.95501133786848,train,D:\other\Bird\Dataset\CC0\Slaty-breasted Tinamou_sound\Slaty-breasted Tinamou7.mp3
Slaty-breasted Tinamou_sound/Slaty-breasted Tinamou8,D:\other\Bird\Code\data\kaggle_wav_cache\Slaty-breasted Tinamou_sound\Slaty-breasted Tinamou8.wav,Slaty-breasted Tinamou_sound,84,20.814104166666667,train,D:\other\Bird\Dataset\CC0\Slaty-breasted Tinamou_sound\Slaty-breasted Tinamou8.mp3
Slaty-breasted Tinamou_sound/Slaty-breasted Tinamou9,D:\other\Bird\Code\data\kaggle_wav_cache\Slaty-breasted Tinamou_sound\Slaty-breasted Tinamou9.wav,Slaty-breasted Tinamou_sound,84,37.363375,val,D:\other\Bird\Dataset\CC0\Slaty-breasted Tinamou_sound\Slaty-breasted Tinamou9.mp3
Small-billed Tinamou_sound/Small-billed Tinamou10,D:\other\Bird\Code\data\kaggle_wav_cache\Small-billed Tinamou_sound\Small-billed Tinamou10.wav,Small-billed Tinamou_sound,85,13.360430839002268,train,D:\other\Bird\Dataset\CC0\Small-billed Tinamou_sound\Small-billed Tinamou10.mp3
Small-billed Tinamou_sound/Small-billed Tinamou11,D:\other\Bird\Code\data\kaggle_wav_cache\Small-billed Tinamou_sound\Small-billed Tinamou11.wav,Small-billed Tinamou_sound,85,13.360430839002268,test,D:\other\Bird\Dataset\CC0\Small-billed Tinamou_sound\Small-billed Tinamou11.mp3
Small-billed Tinamou_sound/Small-billed Tinamou12,D:\other\Bird\Code\data\kaggle_wav_cache\Small-billed Tinamou_sound\Small-billed Tinamou12.wav,Small-billed Tinamou_sound,85,13.360430839002268,train,D:\other\Bird\Dataset\CC0\Small-billed Tinamou_sound\Small-billed Tinamou12.mp3
Small-billed Tinamou_sound/Small-billed Tinamou13,D:\other\Bird\Code\data\kaggle_wav_cache\Small-billed Tinamou_sound\Small-billed Tinamou13.wav,Small-billed Tinamou_sound,85,13.360430839002268,train,D:\other\Bird\Dataset\CC0\Small-billed Tinamou_sound\Small-billed Tinamou13.mp3
Small-billed Tinamou_sound/Small-billed Tinamou14,D:\other\Bird\Code\data\kaggle_wav_cache\Small-billed Tinamou_sound\Small-billed Tinamou14.wav,Small-billed Tinamou_sound,85,69.583,train,D:\other\Bird\Dataset\CC0\Small-billed Tinamou_sound\Small-billed Tinamou14.mp3
Small-billed Tinamou_sound/Small-billed Tinamou15,D:\other\Bird\Code\data\kaggle_wav_cache\Small-billed Tinamou_sound\Small-billed Tinamou15.wav,Small-billed Tinamou_sound,85,48.22616780045352,train,D:\other\Bird\Dataset\CC0\Small-billed Tinamou_sound\Small-billed Tinamou15.mp3
Small-billed Tinamou_sound/Small-billed Tinamou16,D:\other\Bird\Code\data\kaggle_wav_cache\Small-billed Tinamou_sound\Small-billed Tinamou16.wav,Small-billed Tinamou_sound,85,36.0,train,D:\other\Bird\Dataset\CC0\Small-billed Tinamou_sound\Small-billed Tinamou16.mp3
Small-billed Tinamou_sound/Small-billed Tinamou17,D:\other\Bird\Code\data\kaggle_wav_cache\Small-billed Tinamou_sound\Small-billed Tinamou17.wav,Small-billed Tinamou_sound,85,53.4074149659864,train,D:\other\Bird\Dataset\CC0\Small-billed Tinamou_sound\Small-billed Tinamou17.mp3
Small-billed Tinamou_sound/Small-billed Tinamou18,D:\other\Bird\Code\data\kaggle_wav_cache\Small-billed Tinamou_sound\Small-billed Tinamou18.wav,Small-billed Tinamou_sound,85,53.4074149659864,train,D:\other\Bird\Dataset\CC0\Small-billed Tinamou_sound\Small-billed Tinamou18.mp3
Small-billed Tinamou_sound/Small-billed Tinamou19,D:\other\Bird\Code\data\kaggle_wav_cache\Small-billed Tinamou_sound\Small-billed Tinamou19.wav,Small-billed Tinamou_sound,85,53.4074149659864,train,D:\other\Bird\Dataset\CC0\Small-billed Tinamou_sound\Small-billed Tinamou19.mp3
Small-billed Tinamou_sound/Small-billed Tinamou2,D:\other\Bird\Code\data\kaggle_wav_cache\Small-billed Tinamou_sound\Small-billed Tinamou2.wav,Small-billed Tinamou_sound,85,58.30936507936508,train,D:\other\Bird\Dataset\CC0\Small-billed Tinamou_sound\Small-billed Tinamou2.mp3
Small-billed Tinamou_sound/Small-billed Tinamou20,D:\other\Bird\Code\data\kaggle_wav_cache\Small-billed Tinamou_sound\Small-billed Tinamou20.wav,Small-billed Tinamou_sound,85,37.68099773242631,train,D:\other\Bird\Dataset\CC0\Small-billed Tinamou_sound\Small-billed Tinamou20.mp3
Small-billed Tinamou_sound/Small-billed Tinamou21,D:\other\Bird\Code\data\kaggle_wav_cache\Small-billed Tinamou_sound\Small-billed Tinamou21.wav,Small-billed Tinamou_sound,85,37.68099773242631,train,D:\other\Bird\Dataset\CC0\Small-billed Tinamou_sound\Small-billed Tinamou21.mp3
Small-billed Tinamou_sound/Small-billed Tinamou22,D:\other\Bird\Code\data\kaggle_wav_cache\Small-billed Tinamou_sound\Small-billed Tinamou22.wav,Small-billed Tinamou_sound,85,37.68099773242631,val,D:\other\Bird\Dataset\CC0\Small-billed Tinamou_sound\Small-billed Tinamou22.mp3
Small-billed Tinamou_sound/Small-billed Tinamou23,D:\other\Bird\Code\data\kaggle_wav_cache\Small-billed Tinamou_sound\Small-billed Tinamou23.wav,Small-billed Tinamou_sound,85,37.68099773242631,train,D:\other\Bird\Dataset\CC0\Small-billed Tinamou_sound\Small-billed Tinamou23.mp3
Small-billed Tinamou_sound/Small-billed Tinamou24,D:\other\Bird\Code\data\kaggle_wav_cache\Small-billed Tinamou_sound\Small-billed Tinamou24.wav,Small-billed Tinamou_sound,85,37.68099773242631,test,D:\other\Bird\Dataset\CC0\Small-billed Tinamou_sound\Small-billed Tinamou24.mp3
Small-billed Tinamou_sound/Small-billed Tinamou25,D:\other\Bird\Code\data\kaggle_wav_cache\Small-billed Tinamou_sound\Small-billed Tinamou25.wav,Small-billed Tinamou_sound,85,12.459931972789116,train,D:\other\Bird\Dataset\CC0\Small-billed Tinamou_sound\Small-billed Tinamou25.mp3
Small-billed Tinamou_sound/Small-billed Tinamou26,D:\other\Bird\Code\data\kaggle_wav_cache\Small-billed Tinamou_sound\Small-billed Tinamou26.wav,Small-billed Tinamou_sound,85,12.459931972789116,test,D:\other\Bird\Dataset\CC0\Small-billed Tinamou_sound\Small-billed Tinamou26.mp3
Small-billed Tinamou_sound/Small-billed Tinamou27,D:\other\Bird\Code\data\kaggle_wav_cache\Small-billed Tinamou_sound\Small-billed Tinamou27.wav,Small-billed Tinamou_sound,85,12.459931972789116,train,D:\other\Bird\Dataset\CC0\Small-billed Tinamou_sound\Small-billed Tinamou27.mp3
Small-billed Tinamou_sound/Small-billed Tinamou28,D:\other\Bird\Code\data\kaggle_wav_cache\Small-billed Tinamou_sound\Small-billed Tinamou28.wav,Small-billed Tinamou_sound,85,45.24931972789116,test,D:\other\Bird\Dataset\CC0\Small-billed Tinamou_sound\Small-billed Tinamou28.mp3
Small-billed Tinamou_sound/Small-billed Tinamou29,D:\other\Bird\Code\data\kaggle_wav_cache\Small-billed Tinamou_sound\Small-billed Tinamou29.wav,Small-billed Tinamou_sound,85,43.442131519274376,val,D:\other\Bird\Dataset\CC0\Small-billed Tinamou_sound\Small-billed Tinamou29.mp3
Small-billed Tinamou_sound/Small-billed Tinamou3,D:\other\Bird\Code\data\kaggle_wav_cache\Small-billed Tinamou_sound\Small-billed Tinamou3.wav,Small-billed Tinamou_sound,85,58.30936507936508,train,D:\other\Bird\Dataset\CC0\Small-billed Tinamou_sound\Small-billed Tinamou3.mp3
Small-billed Tinamou_sound/Small-billed Tinamou30,D:\other\Bird\Code\data\kaggle_wav_cache\Small-billed Tinamou_sound\Small-billed Tinamou30.wav,Small-billed Tinamou_sound,85,41.22995464852608,val,D:\other\Bird\Dataset\CC0\Small-billed Tinamou_sound\Small-billed Tinamou30.mp3
Small-billed Tinamou_sound/Small-billed Tinamou31,D:\other\Bird\Code\data\kaggle_wav_cache\Small-billed Tinamou_sound\Small-billed Tinamou31.wav,Small-billed Tinamou_sound,85,41.22995464852608,train,D:\other\Bird\Dataset\CC0\Small-billed Tinamou_sound\Small-billed Tinamou31.mp3
Small-billed Tinamou_sound/Small-billed Tinamou4,D:\other\Bird\Code\data\kaggle_wav_cache\Small-billed Tinamou_sound\Small-billed Tinamou4.wav,Small-billed Tinamou_sound,85,58.30936507936508,val,D:\other\Bird\Dataset\CC0\Small-billed Tinamou_sound\Small-billed Tinamou4.mp3
Small-billed Tinamou_sound/Small-billed Tinamou5,D:\other\Bird\Code\data\kaggle_wav_cache\Small-billed Tinamou_sound\Small-billed Tinamou5.wav,Small-billed Tinamou_sound,85,58.30936507936508,train,D:\other\Bird\Dataset\CC0\Small-billed Tinamou_sound\Small-billed Tinamou5.mp3
Small-billed Tinamou_sound/Small-billed Tinamou6,D:\other\Bird\Code\data\kaggle_wav_cache\Small-billed Tinamou_sound\Small-billed Tinamou6.wav,Small-billed Tinamou_sound,85,13.360430839002268,train,D:\other\Bird\Dataset\CC0\Small-billed Tinamou_sound\Small-billed Tinamou6.mp3
Small-billed Tinamou_sound/Small-billed Tinamou7,D:\other\Bird\Code\data\kaggle_wav_cache\Small-billed Tinamou_sound\Small-billed Tinamou7.wav,Small-billed Tinamou_sound,85,13.360430839002268,train,D:\other\Bird\Dataset\CC0\Small-billed Tinamou_sound\Small-billed Tinamou7.mp3
Small-billed Tinamou_sound/Small-billed Tinamou8,D:\other\Bird\Code\data\kaggle_wav_cache\Small-billed Tinamou_sound\Small-billed Tinamou8.wav,Small-billed Tinamou_sound,85,13.360430839002268,train,D:\other\Bird\Dataset\CC0\Small-billed Tinamou_sound\Small-billed Tinamou8.mp3
Small-billed Tinamou_sound/Small-billed Tinamou9,D:\other\Bird\Code\data\kaggle_wav_cache\Small-billed Tinamou_sound\Small-billed Tinamou9.wav,Small-billed Tinamou_sound,85,13.360430839002268,train,D:\other\Bird\Dataset\CC0\Small-billed Tinamou_sound\Small-billed Tinamou9.mp3
Solitary Tinamou_sound/Solitary Tinamou10,D:\other\Bird\Code\data\kaggle_wav_cache\Solitary Tinamou_sound\Solitary Tinamou10.wav,Solitary Tinamou_sound,86,38.22816326530612,train,D:\other\Bird\Dataset\CC0\Solitary Tinamou_sound\Solitary Tinamou10.mp3
Solitary Tinamou_sound/Solitary Tinamou11,D:\other\Bird\Code\data\kaggle_wav_cache\Solitary Tinamou_sound\Solitary Tinamou11.wav,Solitary Tinamou_sound,86,124.07303854875283,val,D:\other\Bird\Dataset\CC0\Solitary Tinamou_sound\Solitary Tinamou11.mp3
Solitary Tinamou_sound/Solitary Tinamou12,D:\other\Bird\Code\data\kaggle_wav_cache\Solitary Tinamou_sound\Solitary Tinamou12.wav,Solitary Tinamou_sound,86,42.14419501133787,train,D:\other\Bird\Dataset\CC0\Solitary Tinamou_sound\Solitary Tinamou12.mp3
Solitary Tinamou_sound/Solitary Tinamou13,D:\other\Bird\Code\data\kaggle_wav_cache\Solitary Tinamou_sound\Solitary Tinamou13.wav,Solitary Tinamou_sound,86,42.14419501133787,train,D:\other\Bird\Dataset\CC0\Solitary Tinamou_sound\Solitary Tinamou13.mp3
Solitary Tinamou_sound/Solitary Tinamou14,D:\other\Bird\Code\data\kaggle_wav_cache\Solitary Tinamou_sound\Solitary Tinamou14.wav,Solitary Tinamou_sound,86,30.049501133786848,train,D:\other\Bird\Dataset\CC0\Solitary Tinamou_sound\Solitary Tinamou14.mp3
Solitary Tinamou_sound/Solitary Tinamou15,D:\other\Bird\Code\data\kaggle_wav_cache\Solitary Tinamou_sound\Solitary Tinamou15.wav,Solitary Tinamou_sound,86,30.049501133786848,train,D:\other\Bird\Dataset\CC0\Solitary Tinamou_sound\Solitary Tinamou15.mp3
Solitary Tinamou_sound/Solitary Tinamou16,D:\other\Bird\Code\data\kaggle_wav_cache\Solitary Tinamou_sound\Solitary Tinamou16.wav,Solitary Tinamou_sound,86,2.089795918367347,test,D:\other\Bird\Dataset\CC0\Solitary Tinamou_sound\Solitary Tinamou16.mp3
Solitary Tinamou_sound/Solitary Tinamou17,D:\other\Bird\Code\data\kaggle_wav_cache\Solitary Tinamou_sound\Solitary Tinamou17.wav,Solitary Tinamou_sound,86,4.191201814058957,train,D:\other\Bird\Dataset\CC0\Solitary Tinamou_sound\Solitary Tinamou17.mp3
Solitary Tinamou_sound/Solitary Tinamou18,D:\other\Bird\Code\data\kaggle_wav_cache\Solitary Tinamou_sound\Solitary Tinamou18.wav,Solitary Tinamou_sound,86,10.444,val,D:\other\Bird\Dataset\CC0\Solitary Tinamou_sound\Solitary Tinamou18.mp3
Solitary Tinamou_sound/Solitary Tinamou19,D:\other\Bird\Code\data\kaggle_wav_cache\Solitary Tinamou_sound\Solitary Tinamou19.wav,Solitary Tinamou_sound,86,5.439092970521542,train,D:\other\Bird\Dataset\CC0\Solitary Tinamou_sound\Solitary Tinamou19.mp3
Solitary Tinamou_sound/Solitary Tinamou2,D:\other\Bird\Code\data\kaggle_wav_cache\Solitary Tinamou_sound\Solitary Tinamou2.wav,Solitary Tinamou_sound,86,52.4405,val,D:\other\Bird\Dataset\CC0\Solitary Tinamou_sound\Solitary Tinamou2.mp3
Solitary Tinamou_sound/Solitary Tinamou20,D:\other\Bird\Code\data\kaggle_wav_cache\Solitary Tinamou_sound\Solitary Tinamou20.wav,Solitary Tinamou_sound,86,19.518843537414966,train,D:\other\Bird\Dataset\CC0\Solitary Tinamou_sound\Solitary Tinamou20.mp3
Solitary Tinamou_sound/Solitary Tinamou21,D:\other\Bird\Code\data\kaggle_wav_cache\Solitary Tinamou_sound\Solitary Tinamou21.wav,Solitary Tinamou_sound,86,19.518843537414966,test,D:\other\Bird\Dataset\CC0\Solitary Tinamou_sound\Solitary Tinamou21.mp3
Solitary Tinamou_sound/Solitary Tinamou22,D:\other\Bird\Code\data\kaggle_wav_cache\Solitary Tinamou_sound\Solitary Tinamou22.wav,Solitary Tinamou_sound,86,13.4669375,val,D:\other\Bird\Dataset\CC0\Solitary Tinamou_sound\Solitary Tinamou22.mp3
Solitary Tinamou_sound/Solitary Tinamou23,D:\other\Bird\Code\data\kaggle_wav_cache\Solitary Tinamou_sound\Solitary Tinamou23.wav,Solitary Tinamou_sound,86,22.466349206349207,train,D:\other\Bird\Dataset\CC0\Solitary Tinamou_sound\Solitary Tinamou23.mp3
Solitary Tinamou_sound/Solitary Tinamou24,D:\other\Bird\Code\data\kaggle_wav_cache\Solitary Tinamou_sound\Solitary Tinamou24.wav,Solitary Tinamou_sound,86,22.466349206349207,train,D:\other\Bird\Dataset\CC0\Solitary Tinamou_sound\Solitary Tinamou24.mp3
Solitary Tinamou_sound/Solitary Tinamou25,D:\other\Bird\Code\data\kaggle_wav_cache\Solitary Tinamou_sound\Solitary Tinamou25.wav,Solitary Tinamou_sound,86,101.5950566893424,train,D:\other\Bird\Dataset\CC0\Solitary Tinamou_sound\Solitary Tinamou25.mp3
Solitary Tinamou_sound/Solitary Tinamou26,D:\other\Bird\Code\data\kaggle_wav_cache\Solitary Tinamou_sound\Solitary Tinamou26.wav,Solitary Tinamou_sound,86,51.725458333333336,train,D:\other\Bird\Dataset\CC0\Solitary Tinamou_sound\Solitary Tinamou26.mp3
Solitary Tinamou_sound/Solitary Tinamou27,D:\other\Bird\Code\data\kaggle_wav_cache\Solitary Tinamou_sound\Solitary Tinamou27.wav,Solitary Tinamou_sound,86,51.725458333333336,train,D:\other\Bird\Dataset\CC0\Solitary Tinamou_sound\Solitary Tinamou27.mp3
Solitary Tinamou_sound/Solitary Tinamou28,D:\other\Bird\Code\data\kaggle_wav_cache\Solitary Tinamou_sound\Solitary Tinamou28.wav,Solitary Tinamou_sound,86,51.725458333333336,train,D:\other\Bird\Dataset\CC0\Solitary Tinamou_sound\Solitary Tinamou28.mp3
Solitary Tinamou_sound/Solitary Tinamou29,D:\other\Bird\Code\data\kaggle_wav_cache\Solitary Tinamou_sound\Solitary Tinamou29.wav,Solitary Tinamou_sound,86,51.725458333333336,train,D:\other\Bird\Dataset\CC0\Solitary Tinamou_sound\Solitary Tinamou29.mp3
Solitary Tinamou_sound/Solitary Tinamou3,D:\other\Bird\Code\data\kaggle_wav_cache\Solitary Tinamou_sound\Solitary Tinamou3.wav,Solitary Tinamou_sound,86,5.2085,train,D:\other\Bird\Dataset\CC0\Solitary Tinamou_sound\Solitary Tinamou3.mp3
Solitary Tinamou_sound/Solitary Tinamou30,D:\other\Bird\Code\data\kaggle_wav_cache\Solitary Tinamou_sound\Solitary Tinamou30.wav,Solitary Tinamou_sound,86,3.7021768707482994,train,D:\other\Bird\Dataset\CC0\Solitary Tinamou_sound\Solitary Tinamou30.mp3
Solitary Tinamou_sound/Solitary Tinamou31,D:\other\Bird\Code\data\kaggle_wav_cache\Solitary Tinamou_sound\Solitary Tinamou31.wav,Solitary Tinamou_sound,86,29.0545,train,D:\other\Bird\Dataset\CC0\Solitary Tinamou_sound\Solitary Tinamou31.mp3
Solitary Tinamou_sound/Solitary Tinamou4,D:\other\Bird\Code\data\kaggle_wav_cache\Solitary Tinamou_sound\Solitary Tinamou4.wav,Solitary Tinamou_sound,86,5.2085,test,D:\other\Bird\Dataset\CC0\Solitary Tinamou_sound\Solitary Tinamou4.mp3
Solitary Tinamou_sound/Solitary Tinamou5,D:\other\Bird\Code\data\kaggle_wav_cache\Solitary Tinamou_sound\Solitary Tinamou5.wav,Solitary Tinamou_sound,86,75.49968253968254,train,D:\other\Bird\Dataset\CC0\Solitary Tinamou_sound\Solitary Tinamou5.mp3
Solitary Tinamou_sound/Solitary Tinamou6,D:\other\Bird\Code\data\kaggle_wav_cache\Solitary Tinamou_sound\Solitary Tinamou6.wav,Solitary Tinamou_sound,86,31.947573696145124,train,D:\other\Bird\Dataset\CC0\Solitary Tinamou_sound\Solitary Tinamou6.mp3
Solitary Tinamou_sound/Solitary Tinamou7,D:\other\Bird\Code\data\kaggle_wav_cache\Solitary Tinamou_sound\Solitary Tinamou7.wav,Solitary Tinamou_sound,86,38.22816326530612,train,D:\other\Bird\Dataset\CC0\Solitary Tinamou_sound\Solitary Tinamou7.mp3
Solitary Tinamou_sound/Solitary Tinamou8,D:\other\Bird\Code\data\kaggle_wav_cache\Solitary Tinamou_sound\Solitary Tinamou8.wav,Solitary Tinamou_sound,86,38.22816326530612,test,D:\other\Bird\Dataset\CC0\Solitary Tinamou_sound\Solitary Tinamou8.mp3
Solitary Tinamou_sound/Solitary Tinamou9,D:\other\Bird\Code\data\kaggle_wav_cache\Solitary Tinamou_sound\Solitary Tinamou9.wav,Solitary Tinamou_sound,86,38.22816326530612,train,D:\other\Bird\Dataset\CC0\Solitary Tinamou_sound\Solitary Tinamou9.mp3
Somali Ostrich_sound/Somali Ostrich2,D:\other\Bird\Code\data\kaggle_wav_cache\Somali Ostrich_sound\Somali Ostrich2.wav,Somali Ostrich_sound,87,11.762708333333334,train,D:\other\Bird\Dataset\CC0\Somali Ostrich_sound\Somali Ostrich2.mp3
Southern Brown Kiwi_sound/Southern Brown Kiwi2,D:\other\Bird\Code\data\kaggle_wav_cache\Southern Brown Kiwi_sound\Southern Brown Kiwi2.wav,Southern Brown Kiwi_sound,88,12.1265,train,D:\other\Bird\Dataset\CC0\Southern Brown Kiwi_sound\Southern Brown Kiwi2.mp3
Southern Brown Kiwi_sound/Southern Brown Kiwi3,D:\other\Bird\Code\data\kaggle_wav_cache\Southern Brown Kiwi_sound\Southern Brown Kiwi3.wav,Southern Brown Kiwi_sound,88,11.990204081632651,val,D:\other\Bird\Dataset\CC0\Southern Brown Kiwi_sound\Southern Brown Kiwi3.mp3
Southern Brown Kiwi_sound/Southern Brown Kiwi4,D:\other\Bird\Code\data\kaggle_wav_cache\Southern Brown Kiwi_sound\Southern Brown Kiwi4.wav,Southern Brown Kiwi_sound,88,7.254852607709751,test,D:\other\Bird\Dataset\CC0\Southern Brown Kiwi_sound\Southern Brown Kiwi4.mp3
Southern Cassowary_sound/Southern Cassowary10,D:\other\Bird\Code\data\kaggle_wav_cache\Southern Cassowary_sound\Southern Cassowary10.wav,Southern Cassowary_sound,89,15.644444444444444,test,D:\other\Bird\Dataset\CC0\Southern Cassowary_sound\Southern Cassowary10.mp3
Southern Cassowary_sound/Southern Cassowary11,D:\other\Bird\Code\data\kaggle_wav_cache\Southern Cassowary_sound\Southern Cassowary11.wav,Southern Cassowary_sound,89,31.46387755102041,train,D:\other\Bird\Dataset\CC0\Southern Cassowary_sound\Southern Cassowary11.mp3
Southern Cassowary_sound/Southern Cassowary12,D:\other\Bird\Code\data\kaggle_wav_cache\Southern Cassowary_sound\Southern Cassowary12.wav,Southern Cassowary_sound,89,114.74192743764172,val,D:\other\Bird\Dataset\CC0\Southern Cassowary_sound\Southern Cassowary12.mp3
Southern Cassowary_sound/Southern Cassowary13,D:\other\Bird\Code\data\kaggle_wav_cache\Southern Cassowary_sound\Southern Cassowary13.wav,Southern Cassowary_sound,89,69.21369614512471,test,D:\other\Bird\Dataset\CC0\Southern Cassowary_sound\Southern Cassowary13.mp3
Southern Cassowary_sound/Southern Cassowary14,D:\other\Bird\Code\data\kaggle_wav_cache\Southern Cassowary_sound\Southern Cassowary14.wav,Southern Cassowary_sound,89,19.6359375,train,D:\other\Bird\Dataset\CC0\Southern Cassowary_sound\Southern Cassowary14.mp3
Southern Cassowary_sound/Southern Cassowary15,D:\other\Bird\Code\data\kaggle_wav_cache\Southern Cassowary_sound\Southern Cassowary15.wav,Southern Cassowary_sound,89,17.8,train,D:\other\Bird\Dataset\CC0\Southern Cassowary_sound\Southern Cassowary15.mp3
Southern Cassowary_sound/Southern Cassowary16,D:\other\Bird\Code\data\kaggle_wav_cache\Southern Cassowary_sound\Southern Cassowary16.wav,Southern Cassowary_sound,89,5.748027210884354,train,D:\other\Bird\Dataset\CC0\Southern Cassowary_sound\Southern Cassowary16.mp3
Southern Cassowary_sound/Southern Cassowary17,D:\other\Bird\Code\data\kaggle_wav_cache\Southern Cassowary_sound\Southern Cassowary17.wav,Southern Cassowary_sound,89,39.971655328798185,train,D:\other\Bird\Dataset\CC0\Southern Cassowary_sound\Southern Cassowary17.mp3
Southern Cassowary_sound/Southern Cassowary18,D:\other\Bird\Code\data\kaggle_wav_cache\Southern Cassowary_sound\Southern Cassowary18.wav,Southern Cassowary_sound,89,80.47818594104308,train,D:\other\Bird\Dataset\CC0\Southern Cassowary_sound\Southern Cassowary18.mp3
Southern Cassowary_sound/Southern Cassowary19,D:\other\Bird\Code\data\kaggle_wav_cache\Southern Cassowary_sound\Southern Cassowary19.wav,Southern Cassowary_sound,89,94.44648526077096,test,D:\other\Bird\Dataset\CC0\Southern Cassowary_sound\Southern Cassowary19.mp3
Southern Cassowary_sound/Southern Cassowary2,D:\other\Bird\Code\data\kaggle_wav_cache\Southern Cassowary_sound\Southern Cassowary2.wav,Southern Cassowary_sound,89,54.97934240362812,train,D:\other\Bird\Dataset\CC0\Southern Cassowary_sound\Southern Cassowary2.mp3
Southern Cassowary_sound/Southern Cassowary20,D:\other\Bird\Code\data\kaggle_wav_cache\Southern Cassowary_sound\Southern Cassowary20.wav,Southern Cassowary_sound,89,149.64208616780044,val,D:\other\Bird\Dataset\CC0\Southern Cassowary_sound\Southern Cassowary20.mp3
Southern Cassowary_sound/Southern Cassowary21,D:\other\Bird\Code\data\kaggle_wav_cache\Southern Cassowary_sound\Southern Cassowary21.wav,Southern Cassowary_sound,89,2.8200226757369613,train,D:\other\Bird\Dataset\CC0\Southern Cassowary_sound\Southern Cassowary21.mp3
Southern Cassowary_sound/Southern Cassowary3,D:\other\Bird\Code\data\kaggle_wav_cache\Southern Cassowary_sound\Southern Cassowary3.wav,Southern Cassowary_sound,89,12.008163265306122,train,D:\other\Bird\Dataset\CC0\Southern Cassowary_sound\Southern Cassowary3.mp3
Southern Cassowary_sound/Southern Cassowary4,D:\other\Bird\Code\data\kaggle_wav_cache\Southern Cassowary_sound\Southern Cassowary4.wav,Southern Cassowary_sound,89,124.25233560090705,train,D:\other\Bird\Dataset\CC0\Southern Cassowary_sound\Southern Cassowary4.mp3
Southern Cassowary_sound/Southern Cassowary5,D:\other\Bird\Code\data\kaggle_wav_cache\Southern Cassowary_sound\Southern Cassowary5.wav,Southern Cassowary_sound,89,112.2478911564626,val,D:\other\Bird\Dataset\CC0\Southern Cassowary_sound\Southern Cassowary5.mp3
Southern Cassowary_sound/Southern Cassowary6,D:\other\Bird\Code\data\kaggle_wav_cache\Southern Cassowary_sound\Southern Cassowary6.wav,Southern Cassowary_sound,89,21.93031746031746,train,D:\other\Bird\Dataset\CC0\Southern Cassowary_sound\Southern Cassowary6.mp3
Southern Cassowary_sound/Southern Cassowary7,D:\other\Bird\Code\data\kaggle_wav_cache\Southern Cassowary_sound\Southern Cassowary7.wav,Southern Cassowary_sound,89,20.83502083333333,train,D:\other\Bird\Dataset\CC0\Southern Cassowary_sound\Southern Cassowary7.mp3
Southern Cassowary_sound/Southern Cassowary8,D:\other\Bird\Code\data\kaggle_wav_cache\Southern Cassowary_sound\Southern Cassowary8.wav,Southern Cassowary_sound,89,23.48433106575964,train,D:\other\Bird\Dataset\CC0\Southern Cassowary_sound\Southern Cassowary8.mp3
Southern Cassowary_sound/Southern Cassowary9,D:\other\Bird\Code\data\kaggle_wav_cache\Southern Cassowary_sound\Southern Cassowary9.wav,Southern Cassowary_sound,89,15.644444444444444,train,D:\other\Bird\Dataset\CC0\Southern Cassowary_sound\Southern Cassowary9.mp3
Speckled Chachalaca_sound/Speckled Chachalaca10,D:\other\Bird\Code\data\kaggle_wav_cache\Speckled Chachalaca_sound\Speckled Chachalaca10.wav,Speckled Chachalaca_sound,90,15.816439909297053,train,D:\other\Bird\Dataset\CC0\Speckled Chachalaca_sound\Speckled Chachalaca10.mp3
Speckled Chachalaca_sound/Speckled Chachalaca11,D:\other\Bird\Code\data\kaggle_wav_cache\Speckled Chachalaca_sound\Speckled Chachalaca11.wav,Speckled Chachalaca_sound,90,15.816439909297053,train,D:\other\Bird\Dataset\CC0\Speckled Chachalaca_sound\Speckled Chachalaca11.mp3
Speckled Chachalaca_sound/Speckled Chachalaca12,D:\other\Bird\Code\data\kaggle_wav_cache\Speckled Chachalaca_sound\Speckled Chachalaca12.wav,Speckled Chachalaca_sound,90,104.341375,train,D:\other\Bird\Dataset\CC0\Speckled Chachalaca_sound\Speckled Chachalaca12.mp3
Speckled Chachalaca_sound/Speckled Chachalaca13,D:\other\Bird\Code\data\kaggle_wav_cache\Speckled Chachalaca_sound\Speckled Chachalaca13.wav,Speckled Chachalaca_sound,90,104.341375,train,D:\other\Bird\Dataset\CC0\Speckled Chachalaca_sound\Speckled Chachalaca13.mp3
Speckled Chachalaca_sound/Speckled Chachalaca14,D:\other\Bird\Code\data\kaggle_wav_cache\Speckled Chachalaca_sound\Speckled Chachalaca14.wav,Speckled Chachalaca_sound,90,47.22533333333333,train,D:\other\Bird\Dataset\CC0\Speckled Chachalaca_sound\Speckled Chachalaca14.mp3
Speckled Chachalaca_sound/Speckled Chachalaca15,D:\other\Bird\Code\data\kaggle_wav_cache\Speckled Chachalaca_sound\Speckled Chachalaca15.wav,Speckled Chachalaca_sound,90,47.22533333333333,train,D:\other\Bird\Dataset\CC0\Speckled Chachalaca_sound\Speckled Chachalaca15.mp3
Speckled Chachalaca_sound/Speckled Chachalaca16,D:\other\Bird\Code\data\kaggle_wav_cache\Speckled Chachalaca_sound\Speckled Chachalaca16.wav,Speckled Chachalaca_sound,90,47.22533333333333,train,D:\other\Bird\Dataset\CC0\Speckled Chachalaca_sound\Speckled Chachalaca16.mp3
Speckled Chachalaca_sound/Speckled Chachalaca17,D:\other\Bird\Code\data\kaggle_wav_cache\Speckled Chachalaca_sound\Speckled Chachalaca17.wav,Speckled Chachalaca_sound,90,47.22533333333333,train,D:\other\Bird\Dataset\CC0\Speckled Chachalaca_sound\Speckled Chachalaca17.mp3
Speckled Chachalaca_sound/Speckled Chachalaca18,D:\other\Bird\Code\data\kaggle_wav_cache\Speckled Chachalaca_sound\Speckled Chachalaca18.wav,Speckled Chachalaca_sound,90,47.22533333333333,train,D:\other\Bird\Dataset\CC0\Speckled Chachalaca_sound\Speckled Chachalaca18.mp3
Speckled Chachalaca_sound/Speckled Chachalaca19,D:\other\Bird\Code\data\kaggle_wav_cache\Speckled Chachalaca_sound\Speckled Chachalaca19.wav,Speckled Chachalaca_sound,90,47.22533333333333,train,D:\other\Bird\Dataset\CC0\Speckled Chachalaca_sound\Speckled Chachalaca19.mp3
Speckled Chachalaca_sound/Speckled Chachalaca2,D:\other\Bird\Code\data\kaggle_wav_cache\Speckled Chachalaca_sound\Speckled Chachalaca2.wav,Speckled Chachalaca_sound,90,150.90759637188208,test,D:\other\Bird\Dataset\CC0\Speckled Chachalaca_sound\Speckled Chachalaca2.mp3
Speckled Chachalaca_sound/Speckled Chachalaca20,D:\other\Bird\Code\data\kaggle_wav_cache\Speckled Chachalaca_sound\Speckled Chachalaca20.wav,Speckled Chachalaca_sound,90,47.22533333333333,train,D:\other\Bird\Dataset\CC0\Speckled Chachalaca_sound\Speckled Chachalaca20.mp3
Speckled Chachalaca_sound/Speckled Chachalaca21,D:\other\Bird\Code\data\kaggle_wav_cache\Speckled Chachalaca_sound\Speckled Chachalaca21.wav,Speckled Chachalaca_sound,90,47.22533333333333,train,D:\other\Bird\Dataset\CC0\Speckled Chachalaca_sound\Speckled Chachalaca21.mp3
Speckled Chachalaca_sound/Speckled Chachalaca22,D:\other\Bird\Code\data\kaggle_wav_cache\Speckled Chachalaca_sound\Speckled Chachalaca22.wav,Speckled Chachalaca_sound,90,47.22533333333333,val,D:\other\Bird\Dataset\CC0\Speckled Chachalaca_sound\Speckled Chachalaca22.mp3
Speckled Chachalaca_sound/Speckled Chachalaca23,D:\other\Bird\Code\data\kaggle_wav_cache\Speckled Chachalaca_sound\Speckled Chachalaca23.wav,Speckled Chachalaca_sound,90,47.22533333333333,test,D:\other\Bird\Dataset\CC0\Speckled Chachalaca_sound\Speckled Chachalaca23.mp3
Speckled Chachalaca_sound/Speckled Chachalaca24,D:\other\Bird\Code\data\kaggle_wav_cache\Speckled Chachalaca_sound\Speckled Chachalaca24.wav,Speckled Chachalaca_sound,90,118.25512471655328,train,D:\other\Bird\Dataset\CC0\Speckled Chachalaca_sound\Speckled Chachalaca24.mp3
Speckled Chachalaca_sound/Speckled Chachalaca25,D:\other\Bird\Code\data\kaggle_wav_cache\Speckled Chachalaca_sound\Speckled Chachalaca25.wav,Speckled Chachalaca_sound,90,118.25512471655328,val,D:\other\Bird\Dataset\CC0\Speckled Chachalaca_sound\Speckled Chachalaca25.mp3
Speckled Chachalaca_sound/Speckled Chachalaca26,D:\other\Bird\Code\data\kaggle_wav_cache\Speckled Chachalaca_sound\Speckled Chachalaca26.wav,Speckled Chachalaca_sound,90,118.25512471655328,test,D:\other\Bird\Dataset\CC0\Speckled Chachalaca_sound\Speckled Chachalaca26.mp3
Speckled Chachalaca_sound/Speckled Chachalaca27,D:\other\Bird\Code\data\kaggle_wav_cache\Speckled Chachalaca_sound\Speckled Chachalaca27.wav,Speckled Chachalaca_sound,90,118.25512471655328,val,D:\other\Bird\Dataset\CC0\Speckled Chachalaca_sound\Speckled Chachalaca27.mp3
Speckled Chachalaca_sound/Speckled Chachalaca28,D:\other\Bird\Code\data\kaggle_wav_cache\Speckled Chachalaca_sound\Speckled Chachalaca28.wav,Speckled Chachalaca_sound,90,118.25512471655328,train,D:\other\Bird\Dataset\CC0\Speckled Chachalaca_sound\Speckled Chachalaca28.mp3
Speckled Chachalaca_sound/Speckled Chachalaca29,D:\other\Bird\Code\data\kaggle_wav_cache\Speckled Chachalaca_sound\Speckled Chachalaca29.wav,Speckled Chachalaca_sound,90,21.09206349206349,train,D:\other\Bird\Dataset\CC0\Speckled Chachalaca_sound\Speckled Chachalaca29.mp3
Speckled Chachalaca_sound/Speckled Chachalaca3,D:\other\Bird\Code\data\kaggle_wav_cache\Speckled Chachalaca_sound\Speckled Chachalaca3.wav,Speckled Chachalaca_sound,90,150.90759637188208,train,D:\other\Bird\Dataset\CC0\Speckled Chachalaca_sound\Speckled Chachalaca3.mp3
Speckled Chachalaca_sound/Speckled Chachalaca30,D:\other\Bird\Code\data\kaggle_wav_cache\Speckled Chachalaca_sound\Speckled Chachalaca30.wav,Speckled Chachalaca_sound,90,20.255510204081634,train,D:\other\Bird\Dataset\CC0\Speckled Chachalaca_sound\Speckled Chachalaca30.mp3
Speckled Chachalaca_sound/Speckled Chachalaca31,D:\other\Bird\Code\data\kaggle_wav_cache\Speckled Chachalaca_sound\Speckled Chachalaca31.wav,Speckled Chachalaca_sound,90,28.092244897959183,test,D:\other\Bird\Dataset\CC0\Speckled Chachalaca_sound\Speckled Chachalaca31.mp3
Speckled Chachalaca_sound/Speckled Chachalaca4,D:\other\Bird\Code\data\kaggle_wav_cache\Speckled Chachalaca_sound\Speckled Chachalaca4.wav,Speckled Chachalaca_sound,90,150.90759637188208,train,D:\other\Bird\Dataset\CC0\Speckled Chachalaca_sound\Speckled Chachalaca4.mp3
Speckled Chachalaca_sound/Speckled Chachalaca5,D:\other\Bird\Code\data\kaggle_wav_cache\Speckled Chachalaca_sound\Speckled Chachalaca5.wav,Speckled Chachalaca_sound,90,150.90759637188208,train,D:\other\Bird\Dataset\CC0\Speckled Chachalaca_sound\Speckled Chachalaca5.mp3
Speckled Chachalaca_sound/Speckled Chachalaca6,D:\other\Bird\Code\data\kaggle_wav_cache\Speckled Chachalaca_sound\Speckled Chachalaca6.wav,Speckled Chachalaca_sound,90,6.68675,train,D:\other\Bird\Dataset\CC0\Speckled Chachalaca_sound\Speckled Chachalaca6.mp3
Speckled Chachalaca_sound/Speckled Chachalaca7,D:\other\Bird\Code\data\kaggle_wav_cache\Speckled Chachalaca_sound\Speckled Chachalaca7.wav,Speckled Chachalaca_sound,90,36.649791666666665,val,D:\other\Bird\Dataset\CC0\Speckled Chachalaca_sound\Speckled Chachalaca7.mp3
Speckled Chachalaca_sound/Speckled Chachalaca8,D:\other\Bird\Code\data\kaggle_wav_cache\Speckled Chachalaca_sound\Speckled Chachalaca8.wav,Speckled Chachalaca_sound,90,36.649791666666665,train,D:\other\Bird\Dataset\CC0\Speckled Chachalaca_sound\Speckled Chachalaca8.mp3
Speckled Chachalaca_sound/Speckled Chachalaca9,D:\other\Bird\Code\data\kaggle_wav_cache\Speckled Chachalaca_sound\Speckled Chachalaca9.wav,Speckled Chachalaca_sound,90,15.816439909297053,train,D:\other\Bird\Dataset\CC0\Speckled Chachalaca_sound\Speckled Chachalaca9.mp3
Spixs Guan_sound/Spixs Guan10,D:\other\Bird\Code\data\kaggle_wav_cache\Spixs Guan_sound\Spixs Guan10.wav,Spixs Guan_sound,91,25.5,train,D:\other\Bird\Dataset\CC0\Spixs Guan_sound\Spixs Guan10.mp3
Spixs Guan_sound/Spixs Guan11,D:\other\Bird\Code\data\kaggle_wav_cache\Spixs Guan_sound\Spixs Guan11.wav,Spixs Guan_sound,91,169.26065759637189,train,D:\other\Bird\Dataset\CC0\Spixs Guan_sound\Spixs Guan11.mp3
Spixs Guan_sound/Spixs Guan12,D:\other\Bird\Code\data\kaggle_wav_cache\Spixs Guan_sound\Spixs Guan12.wav,Spixs Guan_sound,91,12.294833333333331,val,D:\other\Bird\Dataset\CC0\Spixs Guan_sound\Spixs Guan12.mp3
Spixs Guan_sound/Spixs Guan13,D:\other\Bird\Code\data\kaggle_wav_cache\Spixs Guan_sound\Spixs Guan13.wav,Spixs Guan_sound,91,23.600430839002268,train,D:\other\Bird\Dataset\CC0\Spixs Guan_sound\Spixs Guan13.mp3
Spixs Guan_sound/Spixs Guan14,D:\other\Bird\Code\data\kaggle_wav_cache\Spixs Guan_sound\Spixs Guan14.wav,Spixs Guan_sound,91,37.704625850340136,train,D:\other\Bird\Dataset\CC0\Spixs Guan_sound\Spixs Guan14.mp3
Spixs Guan_sound/Spixs Guan15,D:\other\Bird\Code\data\kaggle_wav_cache\Spixs Guan_sound\Spixs Guan15.wav,Spixs Guan_sound,91,24.747755102040816,train,D:\other\Bird\Dataset\CC0\Spixs Guan_sound\Spixs Guan15.mp3
Spixs Guan_sound/Spixs Guan16,D:\other\Bird\Code\data\kaggle_wav_cache\Spixs Guan_sound\Spixs Guan16.wav,Spixs Guan_sound,91,32.19297052154195,train,D:\other\Bird\Dataset\CC0\Spixs Guan_sound\Spixs Guan16.mp3
Spixs Guan_sound/Spixs Guan17,D:\other\Bird\Code\data\kaggle_wav_cache\Spixs Guan_sound\Spixs Guan17.wav,Spixs Guan_sound,91,29.972562358276644,test,D:\other\Bird\Dataset\CC0\Spixs Guan_sound\Spixs Guan17.mp3
Spixs Guan_sound/Spixs Guan18,D:\other\Bird\Code\data\kaggle_wav_cache\Spixs Guan_sound\Spixs Guan18.wav,Spixs Guan_sound,91,48.89727891156463,train,D:\other\Bird\Dataset\CC0\Spixs Guan_sound\Spixs Guan18.mp3
Spixs Guan_sound/Spixs Guan19,D:\other\Bird\Code\data\kaggle_wav_cache\Spixs Guan_sound\Spixs Guan19.wav,Spixs Guan_sound,91,145.638,val,D:\other\Bird\Dataset\CC0\Spixs Guan_sound\Spixs Guan19.mp3
Spixs Guan_sound/Spixs Guan2,D:\other\Bird\Code\data\kaggle_wav_cache\Spixs Guan_sound\Spixs Guan2.wav,Spixs Guan_sound,91,12.827,train,D:\other\Bird\Dataset\CC0\Spixs Guan_sound\Spixs Guan2.mp3
Spixs Guan_sound/Spixs Guan20,D:\other\Bird\Code\data\kaggle_wav_cache\Spixs Guan_sound\Spixs Guan20.wav,Spixs Guan_sound,91,56.38666666666666,train,D:\other\Bird\Dataset\CC0\Spixs Guan_sound\Spixs Guan20.mp3
Spixs Guan_sound/Spixs Guan21,D:\other\Bird\Code\data\kaggle_wav_cache\Spixs Guan_sound\Spixs Guan21.wav,Spixs Guan_sound,91,56.38666666666666,train,D:\other\Bird\Dataset\CC0\Spixs Guan_sound\Spixs Guan21.mp3
Spixs Guan_sound/Spixs Guan22,D:\other\Bird\Code\data\kaggle_wav_cache\Spixs Guan_sound\Spixs Guan22.wav,Spixs Guan_sound,91,56.38666666666666,val,D:\other\Bird\Dataset\CC0\Spixs Guan_sound\Spixs Guan22.mp3
Spixs Guan_sound/Spixs Guan23,D:\other\Bird\Code\data\kaggle_wav_cache\Spixs Guan_sound\Spixs Guan23.wav,Spixs Guan_sound,91,26.27825,train,D:\other\Bird\Dataset\CC0\Spixs Guan_sound\Spixs Guan23.mp3
Spixs Guan_sound/Spixs Guan24,D:\other\Bird\Code\data\kaggle_wav_cache\Spixs Guan_sound\Spixs Guan24.wav,Spixs Guan_sound,91,32.32045351473923,val,D:\other\Bird\Dataset\CC0\Spixs Guan_sound\Spixs Guan24.mp3
Spixs Guan_sound/Spixs Guan25,D:\other\Bird\Code\data\kaggle_wav_cache\Spixs Guan_sound\Spixs Guan25.wav,Spixs Guan_sound,91,54.8518820861678,train,D:\other\Bird\Dataset\CC0\Spixs Guan_sound\Spixs Guan25.mp3
Spixs Guan_sound/Spixs Guan26,D:\other\Bird\Code\data\kaggle_wav_cache\Spixs Guan_sound\Spixs Guan26.wav,Spixs Guan_sound,91,51.04736961451247,train,D:\other\Bird\Dataset\CC0\Spixs Guan_sound\Spixs Guan26.mp3
Spixs Guan_sound/Spixs Guan27,D:\other\Bird\Code\data\kaggle_wav_cache\Spixs Guan_sound\Spixs Guan27.wav,Spixs Guan_sound,91,11.448979166666666,train,D:\other\Bird\Dataset\CC0\Spixs Guan_sound\Spixs Guan27.mp3
Spixs Guan_sound/Spixs Guan28,D:\other\Bird\Code\data\kaggle_wav_cache\Spixs Guan_sound\Spixs Guan28.wav,Spixs Guan_sound,91,43.1298125,train,D:\other\Bird\Dataset\CC0\Spixs Guan_sound\Spixs Guan28.mp3
Spixs Guan_sound/Spixs Guan29,D:\other\Bird\Code\data\kaggle_wav_cache\Spixs Guan_sound\Spixs Guan29.wav,Spixs Guan_sound,91,10.9699375,train,D:\other\Bird\Dataset\CC0\Spixs Guan_sound\Spixs Guan29.mp3
Spixs Guan_sound/Spixs Guan3,D:\other\Bird\Code\data\kaggle_wav_cache\Spixs Guan_sound\Spixs Guan3.wav,Spixs Guan_sound,91,12.827,train,D:\other\Bird\Dataset\CC0\Spixs Guan_sound\Spixs Guan3.mp3
Spixs Guan_sound/Spixs Guan30,D:\other\Bird\Code\data\kaggle_wav_cache\Spixs Guan_sound\Spixs Guan30.wav,Spixs Guan_sound,91,16.7198125,train,D:\other\Bird\Dataset\CC0\Spixs Guan_sound\Spixs Guan30.mp3
Spixs Guan_sound/Spixs Guan31,D:\other\Bird\Code\data\kaggle_wav_cache\Spixs Guan_sound\Spixs Guan31.wav,Spixs Guan_sound,91,33.80879818594104,train,D:\other\Bird\Dataset\CC0\Spixs Guan_sound\Spixs Guan31.mp3
Spixs Guan_sound/Spixs Guan4,D:\other\Bird\Code\data\kaggle_wav_cache\Spixs Guan_sound\Spixs Guan4.wav,Spixs Guan_sound,91,12.827,test,D:\other\Bird\Dataset\CC0\Spixs Guan_sound\Spixs Guan4.mp3
Spixs Guan_sound/Spixs Guan5,D:\other\Bird\Code\data\kaggle_wav_cache\Spixs Guan_sound\Spixs Guan5.wav,Spixs Guan_sound,91,14.725895691609978,test,D:\other\Bird\Dataset\CC0\Spixs Guan_sound\Spixs Guan5.mp3
Spixs Guan_sound/Spixs Guan6,D:\other\Bird\Code\data\kaggle_wav_cache\Spixs Guan_sound\Spixs Guan6.wav,Spixs Guan_sound,91,16.416031746031745,train,D:\other\Bird\Dataset\CC0\Spixs Guan_sound\Spixs Guan6.mp3
Spixs Guan_sound/Spixs Guan7,D:\other\Bird\Code\data\kaggle_wav_cache\Spixs Guan_sound\Spixs Guan7.wav,Spixs Guan_sound,91,16.416031746031745,train,D:\other\Bird\Dataset\CC0\Spixs Guan_sound\Spixs Guan7.mp3
Spixs Guan_sound/Spixs Guan8,D:\other\Bird\Code\data\kaggle_wav_cache\Spixs Guan_sound\Spixs Guan8.wav,Spixs Guan_sound,91,66.993625,test,D:\other\Bird\Dataset\CC0\Spixs Guan_sound\Spixs Guan8.mp3
Spixs Guan_sound/Spixs Guan9,D:\other\Bird\Code\data\kaggle_wav_cache\Spixs Guan_sound\Spixs Guan9.wav,Spixs Guan_sound,91,66.993625,train,D:\other\Bird\Dataset\CC0\Spixs Guan_sound\Spixs Guan9.mp3
Spotted Nothura_sound/Spotted Nothura10,D:\other\Bird\Code\data\kaggle_wav_cache\Spotted Nothura_sound\Spotted Nothura10.wav,Spotted Nothura_sound,92,29.886984126984128,val,D:\other\Bird\Dataset\CC0\Spotted Nothura_sound\Spotted Nothura10.mp3
Spotted Nothura_sound/Spotted Nothura11,D:\other\Bird\Code\data\kaggle_wav_cache\Spotted Nothura_sound\Spotted Nothura11.wav,Spotted Nothura_sound,92,29.886984126984128,val,D:\other\Bird\Dataset\CC0\Spotted Nothura_sound\Spotted Nothura11.mp3
Spotted Nothura_sound/Spotted Nothura12,D:\other\Bird\Code\data\kaggle_wav_cache\Spotted Nothura_sound\Spotted Nothura12.wav,Spotted Nothura_sound,92,29.886984126984128,train,D:\other\Bird\Dataset\CC0\Spotted Nothura_sound\Spotted Nothura12.mp3
Spotted Nothura_sound/Spotted Nothura13,D:\other\Bird\Code\data\kaggle_wav_cache\Spotted Nothura_sound\Spotted Nothura13.wav,Spotted Nothura_sound,92,29.886984126984128,train,D:\other\Bird\Dataset\CC0\Spotted Nothura_sound\Spotted Nothura13.mp3
Spotted Nothura_sound/Spotted Nothura14,D:\other\Bird\Code\data\kaggle_wav_cache\Spotted Nothura_sound\Spotted Nothura14.wav,Spotted Nothura_sound,92,29.886984126984128,train,D:\other\Bird\Dataset\CC0\Spotted Nothura_sound\Spotted Nothura14.mp3
Spotted Nothura_sound/Spotted Nothura15,D:\other\Bird\Code\data\kaggle_wav_cache\Spotted Nothura_sound\Spotted Nothura15.wav,Spotted Nothura_sound,92,29.886984126984128,train,D:\other\Bird\Dataset\CC0\Spotted Nothura_sound\Spotted Nothura15.mp3
Spotted Nothura_sound/Spotted Nothura16,D:\other\Bird\Code\data\kaggle_wav_cache\Spotted Nothura_sound\Spotted Nothura16.wav,Spotted Nothura_sound,92,10.058208616780046,train,D:\other\Bird\Dataset\CC0\Spotted Nothura_sound\Spotted Nothura16.mp3
Spotted Nothura_sound/Spotted Nothura17,D:\other\Bird\Code\data\kaggle_wav_cache\Spotted Nothura_sound\Spotted Nothura17.wav,Spotted Nothura_sound,92,10.058208616780046,test,D:\other\Bird\Dataset\CC0\Spotted Nothura_sound\Spotted Nothura17.mp3
Spotted Nothura_sound/Spotted Nothura18,D:\other\Bird\Code\data\kaggle_wav_cache\Spotted Nothura_sound\Spotted Nothura18.wav,Spotted Nothura_sound,92,4.14219954648526,train,D:\other\Bird\Dataset\CC0\Spotted Nothura_sound\Spotted Nothura18.mp3
Spotted Nothura_sound/Spotted Nothura19,D:\other\Bird\Code\data\kaggle_wav_cache\Spotted Nothura_sound\Spotted Nothura19.wav,Spotted Nothura_sound,92,18.43657596371882,train,D:\other\Bird\Dataset\CC0\Spotted Nothura_sound\Spotted Nothura19.mp3
Spotted Nothura_sound/Spotted Nothura2,D:\other\Bird\Code\data\kaggle_wav_cache\Spotted Nothura_sound\Spotted Nothura2.wav,Spotted Nothura_sound,92,55.5740589569161,train,D:\other\Bird\Dataset\CC0\Spotted Nothura_sound\Spotted Nothura2.mp3
Spotted Nothura_sound/Spotted Nothura20,D:\other\Bird\Code\data\kaggle_wav_cache\Spotted Nothura_sound\Spotted Nothura20.wav,Spotted Nothura_sound,92,18.43657596371882,train,D:\other\Bird\Dataset\CC0\Spotted Nothura_sound\Spotted Nothura20.mp3
Spotted Nothura_sound/Spotted Nothura21,D:\other\Bird\Code\data\kaggle_wav_cache\Spotted Nothura_sound\Spotted Nothura21.wav,Spotted Nothura_sound,92,18.43657596371882,train,D:\other\Bird\Dataset\CC0\Spotted Nothura_sound\Spotted Nothura21.mp3
Spotted Nothura_sound/Spotted Nothura22,D:\other\Bird\Code\data\kaggle_wav_cache\Spotted Nothura_sound\Spotted Nothura22.wav,Spotted Nothura_sound,92,18.43657596371882,train,D:\other\Bird\Dataset\CC0\Spotted Nothura_sound\Spotted Nothura22.mp3
Spotted Nothura_sound/Spotted Nothura23,D:\other\Bird\Code\data\kaggle_wav_cache\Spotted Nothura_sound\Spotted Nothura23.wav,Spotted Nothura_sound,92,18.43657596371882,train,D:\other\Bird\Dataset\CC0\Spotted Nothura_sound\Spotted Nothura23.mp3
Spotted Nothura_sound/Spotted Nothura24,D:\other\Bird\Code\data\kaggle_wav_cache\Spotted Nothura_sound\Spotted Nothura24.wav,Spotted Nothura_sound,92,30.600625,train,D:\other\Bird\Dataset\CC0\Spotted Nothura_sound\Spotted Nothura24.mp3
Spotted Nothura_sound/Spotted Nothura25,D:\other\Bird\Code\data\kaggle_wav_cache\Spotted Nothura_sound\Spotted Nothura25.wav,Spotted Nothura_sound,92,30.600625,train,D:\other\Bird\Dataset\CC0\Spotted Nothura_sound\Spotted Nothura25.mp3
Spotted Nothura_sound/Spotted Nothura26,D:\other\Bird\Code\data\kaggle_wav_cache\Spotted Nothura_sound\Spotted Nothura26.wav,Spotted Nothura_sound,92,27.744784580498862,test,D:\other\Bird\Dataset\CC0\Spotted Nothura_sound\Spotted Nothura26.mp3
Spotted Nothura_sound/Spotted Nothura27,D:\other\Bird\Code\data\kaggle_wav_cache\Spotted Nothura_sound\Spotted Nothura27.wav,Spotted Nothura_sound,92,10.77408163265306,train,D:\other\Bird\Dataset\CC0\Spotted Nothura_sound\Spotted Nothura27.mp3
Spotted Nothura_sound/Spotted Nothura28,D:\other\Bird\Code\data\kaggle_wav_cache\Spotted Nothura_sound\Spotted Nothura28.wav,Spotted Nothura_sound,92,188.62138321995465,val,D:\other\Bird\Dataset\CC0\Spotted Nothura_sound\Spotted Nothura28.mp3
Spotted Nothura_sound/Spotted Nothura29,D:\other\Bird\Code\data\kaggle_wav_cache\Spotted Nothura_sound\Spotted Nothura29.wav,Spotted Nothura_sound,92,188.62138321995465,test,D:\other\Bird\Dataset\CC0\Spotted Nothura_sound\Spotted Nothura29.mp3
Spotted Nothura_sound/Spotted Nothura3,D:\other\Bird\Code\data\kaggle_wav_cache\Spotted Nothura_sound\Spotted Nothura3.wav,Spotted Nothura_sound,92,13.32425,train,D:\other\Bird\Dataset\CC0\Spotted Nothura_sound\Spotted Nothura3.mp3
Spotted Nothura_sound/Spotted Nothura30,D:\other\Bird\Code\data\kaggle_wav_cache\Spotted Nothura_sound\Spotted Nothura30.wav,Spotted Nothura_sound,92,188.62138321995465,train,D:\other\Bird\Dataset\CC0\Spotted Nothura_sound\Spotted Nothura30.mp3
Spotted Nothura_sound/Spotted Nothura31,D:\other\Bird\Code\data\kaggle_wav_cache\Spotted Nothura_sound\Spotted Nothura31.wav,Spotted Nothura_sound,92,188.62138321995465,val,D:\other\Bird\Dataset\CC0\Spotted Nothura_sound\Spotted Nothura31.mp3
Spotted Nothura_sound/Spotted Nothura4,D:\other\Bird\Code\data\kaggle_wav_cache\Spotted Nothura_sound\Spotted Nothura4.wav,Spotted Nothura_sound,92,13.32425,test,D:\other\Bird\Dataset\CC0\Spotted Nothura_sound\Spotted Nothura4.mp3
Spotted Nothura_sound/Spotted Nothura5,D:\other\Bird\Code\data\kaggle_wav_cache\Spotted Nothura_sound\Spotted Nothura5.wav,Spotted Nothura_sound,92,18.23,train,D:\other\Bird\Dataset\CC0\Spotted Nothura_sound\Spotted Nothura5.mp3
Spotted Nothura_sound/Spotted Nothura6,D:\other\Bird\Code\data\kaggle_wav_cache\Spotted Nothura_sound\Spotted Nothura6.wav,Spotted Nothura_sound,92,18.23,train,D:\other\Bird\Dataset\CC0\Spotted Nothura_sound\Spotted Nothura6.mp3
Spotted Nothura_sound/Spotted Nothura7,D:\other\Bird\Code\data\kaggle_wav_cache\Spotted Nothura_sound\Spotted Nothura7.wav,Spotted Nothura_sound,92,20.37133786848073,train,D:\other\Bird\Dataset\CC0\Spotted Nothura_sound\Spotted Nothura7.mp3
Spotted Nothura_sound/Spotted Nothura8,D:\other\Bird\Code\data\kaggle_wav_cache\Spotted Nothura_sound\Spotted Nothura8.wav,Spotted Nothura_sound,92,20.37133786848073,train,D:\other\Bird\Dataset\CC0\Spotted Nothura_sound\Spotted Nothura8.mp3
Spotted Nothura_sound/Spotted Nothura9,D:\other\Bird\Code\data\kaggle_wav_cache\Spotted Nothura_sound\Spotted Nothura9.wav,Spotted Nothura_sound,92,29.886984126984128,train,D:\other\Bird\Dataset\CC0\Spotted Nothura_sound\Spotted Nothura9.mp3
Sula Megapode_sound/Sula Megapode2,D:\other\Bird\Code\data\kaggle_wav_cache\Sula Megapode_sound\Sula Megapode2.wav,Sula Megapode_sound,93,91.13683333333331,train,D:\other\Bird\Dataset\CC0\Sula Megapode_sound\Sula Megapode2.mp3
Sula Megapode_sound/Sula Megapode3,D:\other\Bird\Code\data\kaggle_wav_cache\Sula Megapode_sound\Sula Megapode3.wav,Sula Megapode_sound,93,7.451065759637187,test,D:\other\Bird\Dataset\CC0\Sula Megapode_sound\Sula Megapode3.mp3
Sula Megapode_sound/Sula Megapode4,D:\other\Bird\Code\data\kaggle_wav_cache\Sula Megapode_sound\Sula Megapode4.wav,Sula Megapode_sound,93,9.099795918367349,val,D:\other\Bird\Dataset\CC0\Sula Megapode_sound\Sula Megapode4.mp3
Sula Megapode_sound/Sula Megapode5,D:\other\Bird\Code\data\kaggle_wav_cache\Sula Megapode_sound\Sula Megapode5.wav,Sula Megapode_sound,93,58.1771201814059,train,D:\other\Bird\Dataset\CC0\Sula Megapode_sound\Sula Megapode5.mp3
Sula Megapode_sound/Sula Megapode6,D:\other\Bird\Code\data\kaggle_wav_cache\Sula Megapode_sound\Sula Megapode6.wav,Sula Megapode_sound,93,27.10015873015873,train,D:\other\Bird\Dataset\CC0\Sula Megapode_sound\Sula Megapode6.mp3
Taczanowskis Tinamou_sound/Taczanowskis Tinamou2,D:\other\Bird\Code\data\kaggle_wav_cache\Taczanowskis Tinamou_sound\Taczanowskis Tinamou2.wav,Taczanowskis Tinamou_sound,94,11.766598639455784,train,D:\other\Bird\Dataset\CC0\Taczanowskis Tinamou_sound\Taczanowskis Tinamou2.mp3
Taczanowskis Tinamou_sound/Taczanowskis Tinamou3,D:\other\Bird\Code\data\kaggle_wav_cache\Taczanowskis Tinamou_sound\Taczanowskis Tinamou3.wav,Taczanowskis Tinamou_sound,94,60.26673469387755,test,D:\other\Bird\Dataset\CC0\Taczanowskis Tinamou_sound\Taczanowskis Tinamou3.mp3
Taczanowskis Tinamou_sound/Taczanowskis Tinamou4,D:\other\Bird\Code\data\kaggle_wav_cache\Taczanowskis Tinamou_sound\Taczanowskis Tinamou4.wav,Taczanowskis Tinamou_sound,94,31.627392290249432,val,D:\other\Bird\Dataset\CC0\Taczanowskis Tinamou_sound\Taczanowskis Tinamou4.mp3
Taczanowskis Tinamou_sound/Taczanowskis Tinamou5,D:\other\Bird\Code\data\kaggle_wav_cache\Taczanowskis Tinamou_sound\Taczanowskis Tinamou5.wav,Taczanowskis Tinamou_sound,94,1.3121666666666667,train,D:\other\Bird\Dataset\CC0\Taczanowskis Tinamou_sound\Taczanowskis Tinamou5.mp3
Taczanowskis Tinamou_sound/Taczanowskis Tinamou6,D:\other\Bird\Code\data\kaggle_wav_cache\Taczanowskis Tinamou_sound\Taczanowskis Tinamou6.wav,Taczanowskis Tinamou_sound,94,1.3121666666666667,train,D:\other\Bird\Dataset\CC0\Taczanowskis Tinamou_sound\Taczanowskis Tinamou6.mp3
Taczanowskis Tinamou_sound/Taczanowskis Tinamou7,D:\other\Bird\Code\data\kaggle_wav_cache\Taczanowskis Tinamou_sound\Taczanowskis Tinamou7.wav,Taczanowskis Tinamou_sound,94,10.476802721088436,train,D:\other\Bird\Dataset\CC0\Taczanowskis Tinamou_sound\Taczanowskis Tinamou7.mp3
Taczanowskis Tinamou_sound/Taczanowskis Tinamou8,D:\other\Bird\Code\data\kaggle_wav_cache\Taczanowskis Tinamou_sound\Taczanowskis Tinamou8.wav,Taczanowskis Tinamou_sound,94,50.74278911564626,train,D:\other\Bird\Dataset\CC0\Taczanowskis Tinamou_sound\Taczanowskis Tinamou8.mp3
Tanimbar Megapode_sound/Tanimbar Megapode2,D:\other\Bird\Code\data\kaggle_wav_cache\Tanimbar Megapode_sound\Tanimbar Megapode2.wav,Tanimbar Megapode_sound,95,27.10015873015873,train,D:\other\Bird\Dataset\CC0\Tanimbar Megapode_sound\Tanimbar Megapode2.mp3
Tataupa Tinamou_sound/Tataupa Tinamou10,D:\other\Bird\Code\data\kaggle_wav_cache\Tataupa Tinamou_sound\Tataupa Tinamou10.wav,Tataupa Tinamou_sound,96,20.01814058956916,train,D:\other\Bird\Dataset\CC0\Tataupa Tinamou_sound\Tataupa Tinamou10.mp3
Tataupa Tinamou_sound/Tataupa Tinamou11,D:\other\Bird\Code\data\kaggle_wav_cache\Tataupa Tinamou_sound\Tataupa Tinamou11.wav,Tataupa Tinamou_sound,96,20.01814058956916,test,D:\other\Bird\Dataset\CC0\Tataupa Tinamou_sound\Tataupa Tinamou11.mp3
Tataupa Tinamou_sound/Tataupa Tinamou12,D:\other\Bird\Code\data\kaggle_wav_cache\Tataupa Tinamou_sound\Tataupa Tinamou12.wav,Tataupa Tinamou_sound,96,20.01814058956916,train,D:\other\Bird\Dataset\CC0\Tataupa Tinamou_sound\Tataupa Tinamou12.mp3
Tataupa Tinamou_sound/Tataupa Tinamou13,D:\other\Bird\Code\data\kaggle_wav_cache\Tataupa Tinamou_sound\Tataupa Tinamou13.wav,Tataupa Tinamou_sound,96,20.01814058956916,val,D:\other\Bird\Dataset\CC0\Tataupa Tinamou_sound\Tataupa Tinamou13.mp3
Tataupa Tinamou_sound/Tataupa Tinamou14,D:\other\Bird\Code\data\kaggle_wav_cache\Tataupa Tinamou_sound\Tataupa Tinamou14.wav,Tataupa Tinamou_sound,96,20.01814058956916,train,D:\other\Bird\Dataset\CC0\Tataupa Tinamou_sound\Tataupa Tinamou14.mp3
Tataupa Tinamou_sound/Tataupa Tinamou15,D:\other\Bird\Code\data\kaggle_wav_cache\Tataupa Tinamou_sound\Tataupa Tinamou15.wav,Tataupa Tinamou_sound,96,20.02299319727891,train,D:\other\Bird\Dataset\CC0\Tataupa Tinamou_sound\Tataupa Tinamou15.mp3
Tataupa Tinamou_sound/Tataupa Tinamou16,D:\other\Bird\Code\data\kaggle_wav_cache\Tataupa Tinamou_sound\Tataupa Tinamou16.wav,Tataupa Tinamou_sound,96,20.02299319727891,train,D:\other\Bird\Dataset\CC0\Tataupa Tinamou_sound\Tataupa Tinamou16.mp3
Tataupa Tinamou_sound/Tataupa Tinamou17,D:\other\Bird\Code\data\kaggle_wav_cache\Tataupa Tinamou_sound\Tataupa Tinamou17.wav,Tataupa Tinamou_sound,96,20.02299319727891,train,D:\other\Bird\Dataset\CC0\Tataupa Tinamou_sound\Tataupa Tinamou17.mp3
Tataupa Tinamou_sound/Tataupa Tinamou18,D:\other\Bird\Code\data\kaggle_wav_cache\Tataupa Tinamou_sound\Tataupa Tinamou18.wav,Tataupa Tinamou_sound,96,20.02299319727891,train,D:\other\Bird\Dataset\CC0\Tataupa Tinamou_sound\Tataupa Tinamou18.mp3
Tataupa Tinamou_sound/Tataupa Tinamou19,D:\other\Bird\Code\data\kaggle_wav_cache\Tataupa Tinamou_sound\Tataupa Tinamou19.wav,Tataupa Tinamou_sound,96,20.02299319727891,train,D:\other\Bird\Dataset\CC0\Tataupa Tinamou_sound\Tataupa Tinamou19.mp3
Tataupa Tinamou_sound/Tataupa Tinamou2,D:\other\Bird\Code\data\kaggle_wav_cache\Tataupa Tinamou_sound\Tataupa Tinamou2.wav,Tataupa Tinamou_sound,96,33.506395833333336,train,D:\other\Bird\Dataset\CC0\Tataupa Tinamou_sound\Tataupa Tinamou2.mp3
Tataupa Tinamou_sound/Tataupa Tinamou20,D:\other\Bird\Code\data\kaggle_wav_cache\Tataupa Tinamou_sound\Tataupa Tinamou20.wav,Tataupa Tinamou_sound,96,13.288375,val,D:\other\Bird\Dataset\CC0\Tataupa Tinamou_sound\Tataupa Tinamou20.mp3
Tataupa Tinamou_sound/Tataupa Tinamou21,D:\other\Bird\Code\data\kaggle_wav_cache\Tataupa Tinamou_sound\Tataupa Tinamou21.wav,Tataupa Tinamou_sound,96,131.34496598639456,train,D:\other\Bird\Dataset\CC0\Tataupa Tinamou_sound\Tataupa Tinamou21.mp3
Tataupa Tinamou_sound/Tataupa Tinamou22,D:\other\Bird\Code\data\kaggle_wav_cache\Tataupa Tinamou_sound\Tataupa Tinamou22.wav,Tataupa Tinamou_sound,96,68.62684807256235,train,D:\other\Bird\Dataset\CC0\Tataupa Tinamou_sound\Tataupa Tinamou22.mp3
Tataupa Tinamou_sound/Tataupa Tinamou23,D:\other\Bird\Code\data\kaggle_wav_cache\Tataupa Tinamou_sound\Tataupa Tinamou23.wav,Tataupa Tinamou_sound,96,68.62684807256235,train,D:\other\Bird\Dataset\CC0\Tataupa Tinamou_sound\Tataupa Tinamou23.mp3
Tataupa Tinamou_sound/Tataupa Tinamou24,D:\other\Bird\Code\data\kaggle_wav_cache\Tataupa Tinamou_sound\Tataupa Tinamou24.wav,Tataupa Tinamou_sound,96,68.62684807256235,val,D:\other\Bird\Dataset\CC0\Tataupa Tinamou_sound\Tataupa Tinamou24.mp3
Tataupa Tinamou_sound/Tataupa Tinamou25,D:\other\Bird\Code\data\kaggle_wav_cache\Tataupa Tinamou_sound\Tataupa Tinamou25.wav,Tataupa Tinamou_sound,96,63.961333333333336,val,D:\other\Bird\Dataset\CC0\Tataupa Tinamou_sound\Tataupa Tinamou25.mp3
Tataupa Tinamou_sound/Tataupa Tinamou26,D:\other\Bird\Code\data\kaggle_wav_cache\Tataupa Tinamou_sound\Tataupa Tinamou26.wav,Tataupa Tinamou_sound,96,4.362625,train,D:\other\Bird\Dataset\CC0\Tataupa Tinamou_sound\Tataupa Tinamou26.mp3
Tataupa Tinamou_sound/Tataupa Tinamou27,D:\other\Bird\Code\data\kaggle_wav_cache\Tataupa Tinamou_sound\Tataupa Tinamou27.wav,Tataupa Tinamou_sound,96,30.52031746031746,train,D:\other\Bird\Dataset\CC0\Tataupa Tinamou_sound\Tataupa Tinamou27.mp3
Tataupa Tinamou_sound/Tataupa Tinamou28,D:\other\Bird\Code\data\kaggle_wav_cache\Tataupa Tinamou_sound\Tataupa Tinamou28.wav,Tataupa Tinamou_sound,96,20.957541666666668,train,D:\other\Bird\Dataset\CC0\Tataupa Tinamou_sound\Tataupa Tinamou28.mp3
Tataupa Tinamou_sound/Tataupa Tinamou29,D:\other\Bird\Code\data\kaggle_wav_cache\Tataupa Tinamou_sound\Tataupa Tinamou29.wav,Tataupa Tinamou_sound,96,20.957541666666668,train,D:\other\Bird\Dataset\CC0\Tataupa Tinamou_sound\Tataupa Tinamou29.mp3
Tataupa Tinamou_sound/Tataupa Tinamou3,D:\other\Bird\Code\data\kaggle_wav_cache\Tataupa Tinamou_sound\Tataupa Tinamou3.wav,Tataupa Tinamou_sound,96,67.27775,train,D:\other\Bird\Dataset\CC0\Tataupa Tinamou_sound\Tataupa Tinamou3.mp3
Tataupa Tinamou_sound/Tataupa Tinamou30,D:\other\Bird\Code\data\kaggle_wav_cache\Tataupa Tinamou_sound\Tataupa Tinamou30.wav,Tataupa Tinamou_sound,96,10.191995464852608,train,D:\other\Bird\Dataset\CC0\Tataupa Tinamou_sound\Tataupa Tinamou30.mp3
Tataupa Tinamou_sound/Tataupa Tinamou31,D:\other\Bird\Code\data\kaggle_wav_cache\Tataupa Tinamou_sound\Tataupa Tinamou31.wav,Tataupa Tinamou_sound,96,43.68115646258504,train,D:\other\Bird\Dataset\CC0\Tataupa Tinamou_sound\Tataupa Tinamou31.mp3
Tataupa Tinamou_sound/Tataupa Tinamou4,D:\other\Bird\Code\data\kaggle_wav_cache\Tataupa Tinamou_sound\Tataupa Tinamou4.wav,Tataupa Tinamou_sound,96,67.27775,train,D:\other\Bird\Dataset\CC0\Tataupa Tinamou_sound\Tataupa Tinamou4.mp3
Tataupa Tinamou_sound/Tataupa Tinamou5,D:\other\Bird\Code\data\kaggle_wav_cache\Tataupa Tinamou_sound\Tataupa Tinamou5.wav,Tataupa Tinamou_sound,96,67.27775,train,D:\other\Bird\Dataset\CC0\Tataupa Tinamou_sound\Tataupa Tinamou5.mp3
Tataupa Tinamou_sound/Tataupa Tinamou6,D:\other\Bird\Code\data\kaggle_wav_cache\Tataupa Tinamou_sound\Tataupa Tinamou6.wav,Tataupa Tinamou_sound,96,20.01814058956916,train,D:\other\Bird\Dataset\CC0\Tataupa Tinamou_sound\Tataupa Tinamou6.mp3
Tataupa Tinamou_sound/Tataupa Tinamou7,D:\other\Bird\Code\data\kaggle_wav_cache\Tataupa Tinamou_sound\Tataupa Tinamou7.wav,Tataupa Tinamou_sound,96,20.01814058956916,test,D:\other\Bird\Dataset\CC0\Tataupa Tinamou_sound\Tataupa Tinamou7.mp3
Tataupa Tinamou_sound/Tataupa Tinamou8,D:\other\Bird\Code\data\kaggle_wav_cache\Tataupa Tinamou_sound\Tataupa Tinamou8.wav,Tataupa Tinamou_sound,96,20.01814058956916,test,D:\other\Bird\Dataset\CC0\Tataupa Tinamou_sound\Tataupa Tinamou8.mp3
Tataupa Tinamou_sound/Tataupa Tinamou9,D:\other\Bird\Code\data\kaggle_wav_cache\Tataupa Tinamou_sound\Tataupa Tinamou9.wav,Tataupa Tinamou_sound,96,20.01814058956916,test,D:\other\Bird\Dataset\CC0\Tataupa Tinamou_sound\Tataupa Tinamou9.mp3
Tawny-breasted Tinamou_sound/Tawny-breasted Tinamou10,D:\other\Bird\Code\data\kaggle_wav_cache\Tawny-breasted Tinamou_sound\Tawny-breasted Tinamou10.wav,Tawny-breasted Tinamou_sound,97,35.16873015873016,val,D:\other\Bird\Dataset\CC0\Tawny-breasted Tinamou_sound\Tawny-breasted Tinamou10.mp3
Tawny-breasted Tinamou_sound/Tawny-breasted Tinamou11,D:\other\Bird\Code\data\kaggle_wav_cache\Tawny-breasted Tinamou_sound\Tawny-breasted Tinamou11.wav,Tawny-breasted Tinamou_sound,97,108.660625,train,D:\other\Bird\Dataset\CC0\Tawny-breasted Tinamou_sound\Tawny-breasted Tinamou11.mp3
Tawny-breasted Tinamou_sound/Tawny-breasted Tinamou12,D:\other\Bird\Code\data\kaggle_wav_cache\Tawny-breasted Tinamou_sound\Tawny-breasted Tinamou12.wav,Tawny-breasted Tinamou_sound,97,108.660625,train,D:\other\Bird\Dataset\CC0\Tawny-breasted Tinamou_sound\Tawny-breasted Tinamou12.mp3
Tawny-breasted Tinamou_sound/Tawny-breasted Tinamou13,D:\other\Bird\Code\data\kaggle_wav_cache\Tawny-breasted Tinamou_sound\Tawny-breasted Tinamou13.wav,Tawny-breasted Tinamou_sound,97,108.660625,train,D:\other\Bird\Dataset\CC0\Tawny-breasted Tinamou_sound\Tawny-breasted Tinamou13.mp3
Tawny-breasted Tinamou_sound/Tawny-breasted Tinamou14,D:\other\Bird\Code\data\kaggle_wav_cache\Tawny-breasted Tinamou_sound\Tawny-breasted Tinamou14.wav,Tawny-breasted Tinamou_sound,97,97.78156462585034,train,D:\other\Bird\Dataset\CC0\Tawny-breasted Tinamou_sound\Tawny-breasted Tinamou14.mp3
Tawny-breasted Tinamou_sound/Tawny-breasted Tinamou15,D:\other\Bird\Code\data\kaggle_wav_cache\Tawny-breasted Tinamou_sound\Tawny-breasted Tinamou15.wav,Tawny-breasted Tinamou_sound,97,97.78156462585034,train,D:\other\Bird\Dataset\CC0\Tawny-breasted Tinamou_sound\Tawny-breasted Tinamou15.mp3
Tawny-breasted Tinamou_sound/Tawny-breasted Tinamou16,D:\other\Bird\Code\data\kaggle_wav_cache\Tawny-breasted Tinamou_sound\Tawny-breasted Tinamou16.wav,Tawny-breasted Tinamou_sound,97,40.739002267573696,train,D:\other\Bird\Dataset\CC0\Tawny-breasted Tinamou_sound\Tawny-breasted Tinamou16.mp3
Tawny-breasted Tinamou_sound/Tawny-breasted Tinamou17,D:\other\Bird\Code\data\kaggle_wav_cache\Tawny-breasted Tinamou_sound\Tawny-breasted Tinamou17.wav,Tawny-breasted Tinamou_sound,97,40.73102040816327,train,D:\other\Bird\Dataset\CC0\Tawny-breasted Tinamou_sound\Tawny-breasted Tinamou17.mp3
Tawny-breasted Tinamou_sound/Tawny-breasted Tinamou18,D:\other\Bird\Code\data\kaggle_wav_cache\Tawny-breasted Tinamou_sound\Tawny-breasted Tinamou18.wav,Tawny-breasted Tinamou_sound,97,23.49968253968254,train,D:\other\Bird\Dataset\CC0\Tawny-breasted Tinamou_sound\Tawny-breasted Tinamou18.mp3
Tawny-breasted Tinamou_sound/Tawny-breasted Tinamou19,D:\other\Bird\Code\data\kaggle_wav_cache\Tawny-breasted Tinamou_sound\Tawny-breasted Tinamou19.wav,Tawny-breasted Tinamou_sound,97,111.67201814058956,test,D:\other\Bird\Dataset\CC0\Tawny-breasted Tinamou_sound\Tawny-breasted Tinamou19.mp3
Tawny-breasted Tinamou_sound/Tawny-breasted Tinamou2,D:\other\Bird\Code\data\kaggle_wav_cache\Tawny-breasted Tinamou_sound\Tawny-breasted Tinamou2.wav,Tawny-breasted Tinamou_sound,97,30.426666666666662,train,D:\other\Bird\Dataset\CC0\Tawny-breasted Tinamou_sound\Tawny-breasted Tinamou2.mp3
Tawny-breasted Tinamou_sound/Tawny-breasted Tinamou20,D:\other\Bird\Code\data\kaggle_wav_cache\Tawny-breasted Tinamou_sound\Tawny-breasted Tinamou20.wav,Tawny-breasted Tinamou_sound,97,48.593492063492064,val,D:\other\Bird\Dataset\CC0\Tawny-breasted Tinamou_sound\Tawny-breasted Tinamou20.mp3
Tawny-breasted Tinamou_sound/Tawny-breasted Tinamou21,D:\other\Bird\Code\data\kaggle_wav_cache\Tawny-breasted Tinamou_sound\Tawny-breasted Tinamou21.wav,Tawny-breasted Tinamou_sound,97,48.593492063492064,train,D:\other\Bird\Dataset\CC0\Tawny-breasted Tinamou_sound\Tawny-breasted Tinamou21.mp3
Tawny-breasted Tinamou_sound/Tawny-breasted Tinamou22,D:\other\Bird\Code\data\kaggle_wav_cache\Tawny-breasted Tinamou_sound\Tawny-breasted Tinamou22.wav,Tawny-breasted Tinamou_sound,97,6.509319727891157,val,D:\other\Bird\Dataset\CC0\Tawny-breasted Tinamou_sound\Tawny-breasted Tinamou22.mp3
Tawny-breasted Tinamou_sound/Tawny-breasted Tinamou23,D:\other\Bird\Code\data\kaggle_wav_cache\Tawny-breasted Tinamou_sound\Tawny-breasted Tinamou23.wav,Tawny-breasted Tinamou_sound,97,6.509319727891157,val,D:\other\Bird\Dataset\CC0\Tawny-breasted Tinamou_sound\Tawny-breasted Tinamou23.mp3
Tawny-breasted Tinamou_sound/Tawny-breasted Tinamou24,D:\other\Bird\Code\data\kaggle_wav_cache\Tawny-breasted Tinamou_sound\Tawny-breasted Tinamou24.wav,Tawny-breasted Tinamou_sound,97,24.226666666666667,test,D:\other\Bird\Dataset\CC0\Tawny-breasted Tinamou_sound\Tawny-breasted Tinamou24.mp3
Tawny-breasted Tinamou_sound/Tawny-breasted Tinamou25,D:\other\Bird\Code\data\kaggle_wav_cache\Tawny-breasted Tinamou_sound\Tawny-breasted Tinamou25.wav,Tawny-breasted Tinamou_sound,97,82.14666666666666,train,D:\other\Bird\Dataset\CC0\Tawny-breasted Tinamou_sound\Tawny-breasted Tinamou25.mp3
Tawny-breasted Tinamou_sound/Tawny-breasted Tinamou26,D:\other\Bird\Code\data\kaggle_wav_cache\Tawny-breasted Tinamou_sound\Tawny-breasted Tinamou26.wav,Tawny-breasted Tinamou_sound,97,28.89333333333333,train,D:\other\Bird\Dataset\CC0\Tawny-breasted Tinamou_sound\Tawny-breasted Tinamou26.mp3
Tawny-breasted Tinamou_sound/Tawny-breasted Tinamou27,D:\other\Bird\Code\data\kaggle_wav_cache\Tawny-breasted Tinamou_sound\Tawny-breasted Tinamou27.wav,Tawny-breasted Tinamou_sound,97,110.28,test,D:\other\Bird\Dataset\CC0\Tawny-breasted Tinamou_sound\Tawny-breasted Tinamou27.mp3
Tawny-breasted Tinamou_sound/Tawny-breasted Tinamou28,D:\other\Bird\Code\data\kaggle_wav_cache\Tawny-breasted Tinamou_sound\Tawny-breasted Tinamou28.wav,Tawny-breasted Tinamou_sound,97,110.28,train,D:\other\Bird\Dataset\CC0\Tawny-breasted Tinamou_sound\Tawny-breasted Tinamou28.mp3
Tawny-breasted Tinamou_sound/Tawny-breasted Tinamou29,D:\other\Bird\Code\data\kaggle_wav_cache\Tawny-breasted Tinamou_sound\Tawny-breasted Tinamou29.wav,Tawny-breasted Tinamou_sound,97,110.28,train,D:\other\Bird\Dataset\CC0\Tawny-breasted Tinamou_sound\Tawny-breasted Tinamou29.mp3
Tawny-breasted Tinamou_sound/Tawny-breasted Tinamou3,D:\other\Bird\Code\data\kaggle_wav_cache\Tawny-breasted Tinamou_sound\Tawny-breasted Tinamou3.wav,Tawny-breasted Tinamou_sound,97,35.846009070294784,train,D:\other\Bird\Dataset\CC0\Tawny-breasted Tinamou_sound\Tawny-breasted Tinamou3.mp3
Tawny-breasted Tinamou_sound/Tawny-breasted Tinamou30,D:\other\Bird\Code\data\kaggle_wav_cache\Tawny-breasted Tinamou_sound\Tawny-breasted Tinamou30.wav,Tawny-breasted Tinamou_sound,97,110.28,train,D:\other\Bird\Dataset\CC0\Tawny-breasted Tinamou_sound\Tawny-breasted Tinamou30.mp3
Tawny-breasted Tinamou_sound/Tawny-breasted Tinamou31,D:\other\Bird\Code\data\kaggle_wav_cache\Tawny-breasted Tinamou_sound\Tawny-breasted Tinamou31.wav,Tawny-breasted Tinamou_sound,97,24.512166666666666,train,D:\other\Bird\Dataset\CC0\Tawny-breasted Tinamou_sound\Tawny-breasted Tinamou31.mp3
Tawny-breasted Tinamou_sound/Tawny-breasted Tinamou4,D:\other\Bird\Code\data\kaggle_wav_cache\Tawny-breasted Tinamou_sound\Tawny-breasted Tinamou4.wav,Tawny-breasted Tinamou_sound,97,87.94607709750566,train,D:\other\Bird\Dataset\CC0\Tawny-breasted Tinamou_sound\Tawny-breasted Tinamou4.mp3
Tawny-breasted Tinamou_sound/Tawny-breasted Tinamou5,D:\other\Bird\Code\data\kaggle_wav_cache\Tawny-breasted Tinamou_sound\Tawny-breasted Tinamou5.wav,Tawny-breasted Tinamou_sound,97,87.94607709750566,test,D:\other\Bird\Dataset\CC0\Tawny-breasted Tinamou_sound\Tawny-breasted Tinamou5.mp3
Tawny-breasted Tinamou_sound/Tawny-breasted Tinamou6,D:\other\Bird\Code\data\kaggle_wav_cache\Tawny-breasted Tinamou_sound\Tawny-breasted Tinamou6.wav,Tawny-breasted Tinamou_sound,97,87.94607709750566,train,D:\other\Bird\Dataset\CC0\Tawny-breasted Tinamou_sound\Tawny-breasted Tinamou6.mp3
Tawny-breasted Tinamou_sound/Tawny-breasted Tinamou7,D:\other\Bird\Code\data\kaggle_wav_cache\Tawny-breasted Tinamou_sound\Tawny-breasted Tinamou7.wav,Tawny-breasted Tinamou_sound,97,87.94607709750566,train,D:\other\Bird\Dataset\CC0\Tawny-breasted Tinamou_sound\Tawny-breasted Tinamou7.mp3
Tawny-breasted Tinamou_sound/Tawny-breasted Tinamou8,D:\other\Bird\Code\data\kaggle_wav_cache\Tawny-breasted Tinamou_sound\Tawny-breasted Tinamou8.wav,Tawny-breasted Tinamou_sound,97,87.94607709750566,train,D:\other\Bird\Dataset\CC0\Tawny-breasted Tinamou_sound\Tawny-breasted Tinamou8.mp3
Tawny-breasted Tinamou_sound/Tawny-breasted Tinamou9,D:\other\Bird\Code\data\kaggle_wav_cache\Tawny-breasted Tinamou_sound\Tawny-breasted Tinamou9.wav,Tawny-breasted Tinamou_sound,97,87.94607709750566,train,D:\other\Bird\Dataset\CC0\Tawny-breasted Tinamou_sound\Tawny-breasted Tinamou9.mp3
Tepui Tinamou_sound/Tepui Tinamou2,D:\other\Bird\Code\data\kaggle_wav_cache\Tepui Tinamou_sound\Tepui Tinamou2.wav,Tepui Tinamou_sound,98,136.7969387755102,test,D:\other\Bird\Dataset\CC0\Tepui Tinamou_sound\Tepui Tinamou2.mp3
Tepui Tinamou_sound/Tepui Tinamou3,D:\other\Bird\Code\data\kaggle_wav_cache\Tepui Tinamou_sound\Tepui Tinamou3.wav,Tepui Tinamou_sound,98,136.7969387755102,train,D:\other\Bird\Dataset\CC0\Tepui Tinamou_sound\Tepui Tinamou3.mp3
Thicket Tinamou_sound/Thicket Tinamou10,D:\other\Bird\Code\data\kaggle_wav_cache\Thicket Tinamou_sound\Thicket Tinamou10.wav,Thicket Tinamou_sound,99,19.442879818594104,train,D:\other\Bird\Dataset\CC0\Thicket Tinamou_sound\Thicket Tinamou10.mp3
Thicket Tinamou_sound/Thicket Tinamou11,D:\other\Bird\Code\data\kaggle_wav_cache\Thicket Tinamou_sound\Thicket Tinamou11.wav,Thicket Tinamou_sound,99,19.442879818594104,train,D:\other\Bird\Dataset\CC0\Thicket Tinamou_sound\Thicket Tinamou11.mp3
Thicket Tinamou_sound/Thicket Tinamou12,D:\other\Bird\Code\data\kaggle_wav_cache\Thicket Tinamou_sound\Thicket Tinamou12.wav,Thicket Tinamou_sound,99,21.404897959183675,train,D:\other\Bird\Dataset\CC0\Thicket Tinamou_sound\Thicket Tinamou12.mp3
Thicket Tinamou_sound/Thicket Tinamou13,D:\other\Bird\Code\data\kaggle_wav_cache\Thicket Tinamou_sound\Thicket Tinamou13.wav,Thicket Tinamou_sound,99,32.988027210884354,train,D:\other\Bird\Dataset\CC0\Thicket Tinamou_sound\Thicket Tinamou13.mp3
Thicket Tinamou_sound/Thicket Tinamou14,D:\other\Bird\Code\data\kaggle_wav_cache\Thicket Tinamou_sound\Thicket Tinamou14.wav,Thicket Tinamou_sound,99,32.988027210884354,train,D:\other\Bird\Dataset\CC0\Thicket Tinamou_sound\Thicket Tinamou14.mp3
Thicket Tinamou_sound/Thicket Tinamou15,D:\other\Bird\Code\data\kaggle_wav_cache\Thicket Tinamou_sound\Thicket Tinamou15.wav,Thicket Tinamou_sound,99,32.988027210884354,val,D:\other\Bird\Dataset\CC0\Thicket Tinamou_sound\Thicket Tinamou15.mp3
Thicket Tinamou_sound/Thicket Tinamou16,D:\other\Bird\Code\data\kaggle_wav_cache\Thicket Tinamou_sound\Thicket Tinamou16.wav,Thicket Tinamou_sound,99,70.13678004535147,test,D:\other\Bird\Dataset\CC0\Thicket Tinamou_sound\Thicket Tinamou16.mp3
Thicket Tinamou_sound/Thicket Tinamou17,D:\other\Bird\Code\data\kaggle_wav_cache\Thicket Tinamou_sound\Thicket Tinamou17.wav,Thicket Tinamou_sound,99,4.26,train,D:\other\Bird\Dataset\CC0\Thicket Tinamou_sound\Thicket Tinamou17.mp3
Thicket Tinamou_sound/Thicket Tinamou18,D:\other\Bird\Code\data\kaggle_wav_cache\Thicket Tinamou_sound\Thicket Tinamou18.wav,Thicket Tinamou_sound,99,67.63739583333333,test,D:\other\Bird\Dataset\CC0\Thicket Tinamou_sound\Thicket Tinamou18.mp3
Thicket Tinamou_sound/Thicket Tinamou19,D:\other\Bird\Code\data\kaggle_wav_cache\Thicket Tinamou_sound\Thicket Tinamou19.wav,Thicket Tinamou_sound,99,109.03784580498866,train,D:\other\Bird\Dataset\CC0\Thicket Tinamou_sound\Thicket Tinamou19.mp3
Thicket Tinamou_sound/Thicket Tinamou2,D:\other\Bird\Code\data\kaggle_wav_cache\Thicket Tinamou_sound\Thicket Tinamou2.wav,Thicket Tinamou_sound,99,8.852902494331065,val,D:\other\Bird\Dataset\CC0\Thicket Tinamou_sound\Thicket Tinamou2.mp3
Thicket Tinamou_sound/Thicket Tinamou20,D:\other\Bird\Code\data\kaggle_wav_cache\Thicket Tinamou_sound\Thicket Tinamou20.wav,Thicket Tinamou_sound,99,109.03784580498866,train,D:\other\Bird\Dataset\CC0\Thicket Tinamou_sound\Thicket Tinamou20.mp3
Thicket Tinamou_sound/Thicket Tinamou21,D:\other\Bird\Code\data\kaggle_wav_cache\Thicket Tinamou_sound\Thicket Tinamou21.wav,Thicket Tinamou_sound,99,109.03784580498866,train,D:\other\Bird\Dataset\CC0\Thicket Tinamou_sound\Thicket Tinamou21.mp3
Thicket Tinamou_sound/Thicket Tinamou22,D:\other\Bird\Code\data\kaggle_wav_cache\Thicket Tinamou_sound\Thicket Tinamou22.wav,Thicket Tinamou_sound,99,18.309375,train,D:\other\Bird\Dataset\CC0\Thicket Tinamou_sound\Thicket Tinamou22.mp3
Thicket Tinamou_sound/Thicket Tinamou23,D:\other\Bird\Code\data\kaggle_wav_cache\Thicket Tinamou_sound\Thicket Tinamou23.wav,Thicket Tinamou_sound,99,45.181836734693874,train,D:\other\Bird\Dataset\CC0\Thicket Tinamou_sound\Thicket Tinamou23.mp3
Thicket Tinamou_sound/Thicket Tinamou24,D:\other\Bird\Code\data\kaggle_wav_cache\Thicket Tinamou_sound\Thicket Tinamou24.wav,Thicket Tinamou_sound,99,15.988866213151928,train,D:\other\Bird\Dataset\CC0\Thicket Tinamou_sound\Thicket Tinamou24.mp3
Thicket Tinamou_sound/Thicket Tinamou25,D:\other\Bird\Code\data\kaggle_wav_cache\Thicket Tinamou_sound\Thicket Tinamou25.wav,Thicket Tinamou_sound,99,6.614784580498866,val,D:\other\Bird\Dataset\CC0\Thicket Tinamou_sound\Thicket Tinamou25.mp3
Thicket Tinamou_sound/Thicket Tinamou26,D:\other\Bird\Code\data\kaggle_wav_cache\Thicket Tinamou_sound\Thicket Tinamou26.wav,Thicket Tinamou_sound,99,6.614784580498866,train,D:\other\Bird\Dataset\CC0\Thicket Tinamou_sound\Thicket Tinamou26.mp3
Thicket Tinamou_sound/Thicket Tinamou27,D:\other\Bird\Code\data\kaggle_wav_cache\Thicket Tinamou_sound\Thicket Tinamou27.wav,Thicket Tinamou_sound,99,31.1029375,train,D:\other\Bird\Dataset\CC0\Thicket Tinamou_sound\Thicket Tinamou27.mp3
Thicket Tinamou_sound/Thicket Tinamou28,D:\other\Bird\Code\data\kaggle_wav_cache\Thicket Tinamou_sound\Thicket Tinamou28.wav,Thicket Tinamou_sound,99,31.1029375,train,D:\other\Bird\Dataset\CC0\Thicket Tinamou_sound\Thicket Tinamou28.mp3
Thicket Tinamou_sound/Thicket Tinamou29,D:\other\Bird\Code\data\kaggle_wav_cache\Thicket Tinamou_sound\Thicket Tinamou29.wav,Thicket Tinamou_sound,99,31.1029375,train,D:\other\Bird\Dataset\CC0\Thicket Tinamou_sound\Thicket Tinamou29.mp3
Thicket Tinamou_sound/Thicket Tinamou3,D:\other\Bird\Code\data\kaggle_wav_cache\Thicket Tinamou_sound\Thicket Tinamou3.wav,Thicket Tinamou_sound,99,16.782018140589567,val,D:\other\Bird\Dataset\CC0\Thicket Tinamou_sound\Thicket Tinamou3.mp3
Thicket Tinamou_sound/Thicket Tinamou30,D:\other\Bird\Code\data\kaggle_wav_cache\Thicket Tinamou_sound\Thicket Tinamou30.wav,Thicket Tinamou_sound,99,31.1029375,train,D:\other\Bird\Dataset\CC0\Thicket Tinamou_sound\Thicket Tinamou30.mp3
Thicket Tinamou_sound/Thicket Tinamou31,D:\other\Bird\Code\data\kaggle_wav_cache\Thicket Tinamou_sound\Thicket Tinamou31.wav,Thicket Tinamou_sound,99,31.1029375,train,D:\other\Bird\Dataset\CC0\Thicket Tinamou_sound\Thicket Tinamou31.mp3
Thicket Tinamou_sound/Thicket Tinamou4,D:\other\Bird\Code\data\kaggle_wav_cache\Thicket Tinamou_sound\Thicket Tinamou4.wav,Thicket Tinamou_sound,99,394.3535827664399,train,D:\other\Bird\Dataset\CC0\Thicket Tinamou_sound\Thicket Tinamou4.mp3
Thicket Tinamou_sound/Thicket Tinamou5,D:\other\Bird\Code\data\kaggle_wav_cache\Thicket Tinamou_sound\Thicket Tinamou5.wav,Thicket Tinamou_sound,99,394.3535827664399,train,D:\other\Bird\Dataset\CC0\Thicket Tinamou_sound\Thicket Tinamou5.mp3
Thicket Tinamou_sound/Thicket Tinamou6,D:\other\Bird\Code\data\kaggle_wav_cache\Thicket Tinamou_sound\Thicket Tinamou6.wav,Thicket Tinamou_sound,99,394.3535827664399,test,D:\other\Bird\Dataset\CC0\Thicket Tinamou_sound\Thicket Tinamou6.mp3
Thicket Tinamou_sound/Thicket Tinamou7,D:\other\Bird\Code\data\kaggle_wav_cache\Thicket Tinamou_sound\Thicket Tinamou7.wav,Thicket Tinamou_sound,99,394.3535827664399,test,D:\other\Bird\Dataset\CC0\Thicket Tinamou_sound\Thicket Tinamou7.mp3
Thicket Tinamou_sound/Thicket Tinamou8,D:\other\Bird\Code\data\kaggle_wav_cache\Thicket Tinamou_sound\Thicket Tinamou8.wav,Thicket Tinamou_sound,99,394.3535827664399,train,D:\other\Bird\Dataset\CC0\Thicket Tinamou_sound\Thicket Tinamou8.mp3
Thicket Tinamou_sound/Thicket Tinamou9,D:\other\Bird\Code\data\kaggle_wav_cache\Thicket Tinamou_sound\Thicket Tinamou9.wav,Thicket Tinamou_sound,99,394.3535827664399,train,D:\other\Bird\Dataset\CC0\Thicket Tinamou_sound\Thicket Tinamou9.mp3
Tongan Megapode_sound/Tongan Megapode10,D:\other\Bird\Code\data\kaggle_wav_cache\Tongan Megapode_sound\Tongan Megapode10.wav,Tongan Megapode_sound,100,8.461904761904762,train,D:\other\Bird\Dataset\CC0\Tongan Megapode_sound\Tongan Megapode10.mp3
Tongan Megapode_sound/Tongan Megapode11,D:\other\Bird\Code\data\kaggle_wav_cache\Tongan Megapode_sound\Tongan Megapode11.wav,Tongan Megapode_sound,100,8.147687074829932,test,D:\other\Bird\Dataset\CC0\Tongan Megapode_sound\Tongan Megapode11.mp3
Tongan Megapode_sound/Tongan Megapode12,D:\other\Bird\Code\data\kaggle_wav_cache\Tongan Megapode_sound\Tongan Megapode12.wav,Tongan Megapode_sound,100,8.147687074829932,train,D:\other\Bird\Dataset\CC0\Tongan Megapode_sound\Tongan Megapode12.mp3
Tongan Megapode_sound/Tongan Megapode13,D:\other\Bird\Code\data\kaggle_wav_cache\Tongan Megapode_sound\Tongan Megapode13.wav,Tongan Megapode_sound,100,8.147687074829932,train,D:\other\Bird\Dataset\CC0\Tongan Megapode_sound\Tongan Megapode13.mp3
Tongan Megapode_sound/Tongan Megapode14,D:\other\Bird\Code\data\kaggle_wav_cache\Tongan Megapode_sound\Tongan Megapode14.wav,Tongan Megapode_sound,100,8.147687074829932,train,D:\other\Bird\Dataset\CC0\Tongan Megapode_sound\Tongan Megapode14.mp3
Tongan Megapode_sound/Tongan Megapode15,D:\other\Bird\Code\data\kaggle_wav_cache\Tongan Megapode_sound\Tongan Megapode15.wav,Tongan Megapode_sound,100,9.195034013605442,val,D:\other\Bird\Dataset\CC0\Tongan Megapode_sound\Tongan Megapode15.mp3
Tongan Megapode_sound/Tongan Megapode2,D:\other\Bird\Code\data\kaggle_wav_cache\Tongan Megapode_sound\Tongan Megapode2.wav,Tongan Megapode_sound,100,12.213208333333334,train,D:\other\Bird\Dataset\CC0\Tongan Megapode_sound\Tongan Megapode2.mp3
Tongan Megapode_sound/Tongan Megapode3,D:\other\Bird\Code\data\kaggle_wav_cache\Tongan Megapode_sound\Tongan Megapode3.wav,Tongan Megapode_sound,100,12.213208333333334,train,D:\other\Bird\Dataset\CC0\Tongan Megapode_sound\Tongan Megapode3.mp3
Tongan Megapode_sound/Tongan Megapode4,D:\other\Bird\Code\data\kaggle_wav_cache\Tongan Megapode_sound\Tongan Megapode4.wav,Tongan Megapode_sound,100,6.183990929705216,train,D:\other\Bird\Dataset\CC0\Tongan Megapode_sound\Tongan Megapode4.mp3
Tongan Megapode_sound/Tongan Megapode5,D:\other\Bird\Code\data\kaggle_wav_cache\Tongan Megapode_sound\Tongan Megapode5.wav,Tongan Megapode_sound,100,10.399410430839,test,D:\other\Bird\Dataset\CC0\Tongan Megapode_sound\Tongan Megapode5.mp3
Tongan Megapode_sound/Tongan Megapode6,D:\other\Bird\Code\data\kaggle_wav_cache\Tongan Megapode_sound\Tongan Megapode6.wav,Tongan Megapode_sound,100,11.63,train,D:\other\Bird\Dataset\CC0\Tongan Megapode_sound\Tongan Megapode6.mp3
Tongan Megapode_sound/Tongan Megapode7,D:\other\Bird\Code\data\kaggle_wav_cache\Tongan Megapode_sound\Tongan Megapode7.wav,Tongan Megapode_sound,100,11.315759637188208,train,D:\other\Bird\Dataset\CC0\Tongan Megapode_sound\Tongan Megapode7.mp3
Tongan Megapode_sound/Tongan Megapode8,D:\other\Bird\Code\data\kaggle_wav_cache\Tongan Megapode_sound\Tongan Megapode8.wav,Tongan Megapode_sound,100,8.226235827664398,train,D:\other\Bird\Dataset\CC0\Tongan Megapode_sound\Tongan Megapode8.mp3
Tongan Megapode_sound/Tongan Megapode9,D:\other\Bird\Code\data\kaggle_wav_cache\Tongan Megapode_sound\Tongan Megapode9.wav,Tongan Megapode_sound,100,7.7004761904761905,val,D:\other\Bird\Dataset\CC0\Tongan Megapode_sound\Tongan Megapode9.mp3
Trinidad Piping Guan_sound/Trinidad Piping Guan2,D:\other\Bird\Code\data\kaggle_wav_cache\Trinidad Piping Guan_sound\Trinidad Piping Guan2.wav,Trinidad Piping Guan_sound,101,54.96018140589569,train,D:\other\Bird\Dataset\CC0\Trinidad Piping Guan_sound\Trinidad Piping Guan2.mp3
Undulated Tinamou_sound/Undulated Tinamou10,D:\other\Bird\Code\data\kaggle_wav_cache\Undulated Tinamou_sound\Undulated Tinamou10.wav,Undulated Tinamou_sound,102,20.844126984126984,train,D:\other\Bird\Dataset\CC0\Undulated Tinamou_sound\Undulated Tinamou10.mp3
Undulated Tinamou_sound/Undulated Tinamou11,D:\other\Bird\Code\data\kaggle_wav_cache\Undulated Tinamou_sound\Undulated Tinamou11.wav,Undulated Tinamou_sound,102,20.844126984126984,train,D:\other\Bird\Dataset\CC0\Undulated Tinamou_sound\Undulated Tinamou11.mp3
Undulated Tinamou_sound/Undulated Tinamou12,D:\other\Bird\Code\data\kaggle_wav_cache\Undulated Tinamou_sound\Undulated Tinamou12.wav,Undulated Tinamou_sound,102,20.844126984126984,train,D:\other\Bird\Dataset\CC0\Undulated Tinamou_sound\Undulated Tinamou12.mp3
Undulated Tinamou_sound/Undulated Tinamou13,D:\other\Bird\Code\data\kaggle_wav_cache\Undulated Tinamou_sound\Undulated Tinamou13.wav,Undulated Tinamou_sound,102,20.844126984126984,val,D:\other\Bird\Dataset\CC0\Undulated Tinamou_sound\Undulated Tinamou13.mp3
Undulated Tinamou_sound/Undulated Tinamou14,D:\other\Bird\Code\data\kaggle_wav_cache\Undulated Tinamou_sound\Undulated Tinamou14.wav,Undulated Tinamou_sound,102,20.844126984126984,train,D:\other\Bird\Dataset\CC0\Undulated Tinamou_sound\Undulated Tinamou14.mp3
Undulated Tinamou_sound/Undulated Tinamou15,D:\other\Bird\Code\data\kaggle_wav_cache\Undulated Tinamou_sound\Undulated Tinamou15.wav,Undulated Tinamou_sound,102,20.844126984126984,val,D:\other\Bird\Dataset\CC0\Undulated Tinamou_sound\Undulated Tinamou15.mp3
Undulated Tinamou_sound/Undulated Tinamou16,D:\other\Bird\Code\data\kaggle_wav_cache\Undulated Tinamou_sound\Undulated Tinamou16.wav,Undulated Tinamou_sound,102,113.16086167800454,train,D:\other\Bird\Dataset\CC0\Undulated Tinamou_sound\Undulated Tinamou16.mp3
Undulated Tinamou_sound/Undulated Tinamou17,D:\other\Bird\Code\data\kaggle_wav_cache\Undulated Tinamou_sound\Undulated Tinamou17.wav,Undulated Tinamou_sound,102,113.16086167800454,train,D:\other\Bird\Dataset\CC0\Undulated Tinamou_sound\Undulated Tinamou17.mp3
Undulated Tinamou_sound/Undulated Tinamou18,D:\other\Bird\Code\data\kaggle_wav_cache\Undulated Tinamou_sound\Undulated Tinamou18.wav,Undulated Tinamou_sound,102,113.16086167800454,train,D:\other\Bird\Dataset\CC0\Undulated Tinamou_sound\Undulated Tinamou18.mp3
Undulated Tinamou_sound/Undulated Tinamou19,D:\other\Bird\Code\data\kaggle_wav_cache\Undulated Tinamou_sound\Undulated Tinamou19.wav,Undulated Tinamou_sound,102,113.16086167800454,train,D:\other\Bird\Dataset\CC0\Undulated Tinamou_sound\Undulated Tinamou19.mp3
Undulated Tinamou_sound/Undulated Tinamou2,D:\other\Bird\Code\data\kaggle_wav_cache\Undulated Tinamou_sound\Undulated Tinamou2.wav,Undulated Tinamou_sound,102,189.9821315192744,test,D:\other\Bird\Dataset\CC0\Undulated Tinamou_sound\Undulated Tinamou2.mp3
Undulated Tinamou_sound/Undulated Tinamou20,D:\other\Bird\Code\data\kaggle_wav_cache\Undulated Tinamou_sound\Undulated Tinamou20.wav,Undulated Tinamou_sound,102,113.16086167800454,train,D:\other\Bird\Dataset\CC0\Undulated Tinamou_sound\Undulated Tinamou20.mp3
Undulated Tinamou_sound/Undulated Tinamou21,D:\other\Bird\Code\data\kaggle_wav_cache\Undulated Tinamou_sound\Undulated Tinamou21.wav,Undulated Tinamou_sound,102,113.16086167800454,test,D:\other\Bird\Dataset\CC0\Undulated Tinamou_sound\Undulated Tinamou21.mp3
Undulated Tinamou_sound/Undulated Tinamou22,D:\other\Bird\Code\data\kaggle_wav_cache\Undulated Tinamou_sound\Undulated Tinamou22.wav,Undulated Tinamou_sound,102,113.16086167800454,train,D:\other\Bird\Dataset\CC0\Undulated Tinamou_sound\Undulated Tinamou22.mp3
Undulated Tinamou_sound/Undulated Tinamou23,D:\other\Bird\Code\data\kaggle_wav_cache\Undulated Tinamou_sound\Undulated Tinamou23.wav,Undulated Tinamou_sound,102,113.16086167800454,train,D:\other\Bird\Dataset\CC0\Undulated Tinamou_sound\Undulated Tinamou23.mp3
Undulated Tinamou_sound/Undulated Tinamou24,D:\other\Bird\Code\data\kaggle_wav_cache\Undulated Tinamou_sound\Undulated Tinamou24.wav,Undulated Tinamou_sound,102,113.16086167800454,train,D:\other\Bird\Dataset\CC0\Undulated Tinamou_sound\Undulated Tinamou24.mp3
Undulated Tinamou_sound/Undulated Tinamou25,D:\other\Bird\Code\data\kaggle_wav_cache\Undulated Tinamou_sound\Undulated Tinamou25.wav,Undulated Tinamou_sound,102,113.16086167800454,train,D:\other\Bird\Dataset\CC0\Undulated Tinamou_sound\Undulated Tinamou25.mp3
Undulated Tinamou_sound/Undulated Tinamou26,D:\other\Bird\Code\data\kaggle_wav_cache\Undulated Tinamou_sound\Undulated Tinamou26.wav,Undulated Tinamou_sound,102,113.16086167800454,train,D:\other\Bird\Dataset\CC0\Undulated Tinamou_sound\Undulated Tinamou26.mp3
Undulated Tinamou_sound/Undulated Tinamou27,D:\other\Bird\Code\data\kaggle_wav_cache\Undulated Tinamou_sound\Undulated Tinamou27.wav,Undulated Tinamou_sound,102,113.16086167800454,train,D:\other\Bird\Dataset\CC0\Undulated Tinamou_sound\Undulated Tinamou27.mp3
Undulated Tinamou_sound/Undulated Tinamou28,D:\other\Bird\Code\data\kaggle_wav_cache\Undulated Tinamou_sound\Undulated Tinamou28.wav,Undulated Tinamou_sound,102,113.16086167800454,train,D:\other\Bird\Dataset\CC0\Undulated Tinamou_sound\Undulated Tinamou28.mp3
Undulated Tinamou_sound/Undulated Tinamou29,D:\other\Bird\Code\data\kaggle_wav_cache\Undulated Tinamou_sound\Undulated Tinamou29.wav,Undulated Tinamou_sound,102,101.76303854875285,train,D:\other\Bird\Dataset\CC0\Undulated Tinamou_sound\Undulated Tinamou29.mp3
Undulated Tinamou_sound/Undulated Tinamou3,D:\other\Bird\Code\data\kaggle_wav_cache\Undulated Tinamou_sound\Undulated Tinamou3.wav,Undulated Tinamou_sound,102,189.9821315192744,test,D:\other\Bird\Dataset\CC0\Undulated Tinamou_sound\Undulated Tinamou3.mp3
Undulated Tinamou_sound/Undulated Tinamou30,D:\other\Bird\Code\data\kaggle_wav_cache\Undulated Tinamou_sound\Undulated Tinamou30.wav,Undulated Tinamou_sound,102,101.76303854875285,train,D:\other\Bird\Dataset\CC0\Undulated Tinamou_sound\Undulated Tinamou30.mp3
Undulated Tinamou_sound/Undulated Tinamou31,D:\other\Bird\Code\data\kaggle_wav_cache\Undulated Tinamou_sound\Undulated Tinamou31.wav,Undulated Tinamou_sound,102,101.76303854875285,train,D:\other\Bird\Dataset\CC0\Undulated Tinamou_sound\Undulated Tinamou31.mp3
Undulated Tinamou_sound/Undulated Tinamou4,D:\other\Bird\Code\data\kaggle_wav_cache\Undulated Tinamou_sound\Undulated Tinamou4.wav,Undulated Tinamou_sound,102,189.9821315192744,val,D:\other\Bird\Dataset\CC0\Undulated Tinamou_sound\Undulated Tinamou4.mp3
Undulated Tinamou_sound/Undulated Tinamou5,D:\other\Bird\Code\data\kaggle_wav_cache\Undulated Tinamou_sound\Undulated Tinamou5.wav,Undulated Tinamou_sound,102,189.9821315192744,train,D:\other\Bird\Dataset\CC0\Undulated Tinamou_sound\Undulated Tinamou5.mp3
Undulated Tinamou_sound/Undulated Tinamou6,D:\other\Bird\Code\data\kaggle_wav_cache\Undulated Tinamou_sound\Undulated Tinamou6.wav,Undulated Tinamou_sound,102,189.9821315192744,train,D:\other\Bird\Dataset\CC0\Undulated Tinamou_sound\Undulated Tinamou6.mp3
Undulated Tinamou_sound/Undulated Tinamou7,D:\other\Bird\Code\data\kaggle_wav_cache\Undulated Tinamou_sound\Undulated Tinamou7.wav,Undulated Tinamou_sound,102,189.9821315192744,test,D:\other\Bird\Dataset\CC0\Undulated Tinamou_sound\Undulated Tinamou7.mp3
Undulated Tinamou_sound/Undulated Tinamou8,D:\other\Bird\Code\data\kaggle_wav_cache\Undulated Tinamou_sound\Undulated Tinamou8.wav,Undulated Tinamou_sound,102,189.9821315192744,val,D:\other\Bird\Dataset\CC0\Undulated Tinamou_sound\Undulated Tinamou8.mp3
Undulated Tinamou_sound/Undulated Tinamou9,D:\other\Bird\Code\data\kaggle_wav_cache\Undulated Tinamou_sound\Undulated Tinamou9.wav,Undulated Tinamou_sound,102,20.844126984126984,train,D:\other\Bird\Dataset\CC0\Undulated Tinamou_sound\Undulated Tinamou9.mp3
Vanuatu Megapode_sound/Vanuatu Megapode2,D:\other\Bird\Code\data\kaggle_wav_cache\Vanuatu Megapode_sound\Vanuatu Megapode2.wav,Vanuatu Megapode_sound,103,12.44671201814059,test,D:\other\Bird\Dataset\CC0\Vanuatu Megapode_sound\Vanuatu Megapode2.mp3
Vanuatu Megapode_sound/Vanuatu Megapode3,D:\other\Bird\Code\data\kaggle_wav_cache\Vanuatu Megapode_sound\Vanuatu Megapode3.wav,Vanuatu Megapode_sound,103,6.2686621315192745,train,D:\other\Bird\Dataset\CC0\Vanuatu Megapode_sound\Vanuatu Megapode3.mp3
Vanuatu Megapode_sound/Vanuatu Megapode4,D:\other\Bird\Code\data\kaggle_wav_cache\Vanuatu Megapode_sound\Vanuatu Megapode4.wav,Vanuatu Megapode_sound,103,6.2686621315192745,val,D:\other\Bird\Dataset\CC0\Vanuatu Megapode_sound\Vanuatu Megapode4.mp3
Variegated Tinamou_sound/Variegated Tinamou10,D:\other\Bird\Code\data\kaggle_wav_cache\Variegated Tinamou_sound\Variegated Tinamou10.wav,Variegated Tinamou_sound,104,13.86077097505669,train,D:\other\Bird\Dataset\CC0\Variegated Tinamou_sound\Variegated Tinamou10.mp3
Variegated Tinamou_sound/Variegated Tinamou11,D:\other\Bird\Code\data\kaggle_wav_cache\Variegated Tinamou_sound\Variegated Tinamou11.wav,Variegated Tinamou_sound,104,16.110666666666667,val,D:\other\Bird\Dataset\CC0\Variegated Tinamou_sound\Variegated Tinamou11.mp3
Variegated Tinamou_sound/Variegated Tinamou12,D:\other\Bird\Code\data\kaggle_wav_cache\Variegated Tinamou_sound\Variegated Tinamou12.wav,Variegated Tinamou_sound,104,13.393833333333331,train,D:\other\Bird\Dataset\CC0\Variegated Tinamou_sound\Variegated Tinamou12.mp3
Variegated Tinamou_sound/Variegated Tinamou13,D:\other\Bird\Code\data\kaggle_wav_cache\Variegated Tinamou_sound\Variegated Tinamou13.wav,Variegated Tinamou_sound,104,10.83655328798186,test,D:\other\Bird\Dataset\CC0\Variegated Tinamou_sound\Variegated Tinamou13.mp3
Variegated Tinamou_sound/Variegated Tinamou14,D:\other\Bird\Code\data\kaggle_wav_cache\Variegated Tinamou_sound\Variegated Tinamou14.wav,Variegated Tinamou_sound,104,224.40533333333332,train,D:\other\Bird\Dataset\CC0\Variegated Tinamou_sound\Variegated Tinamou14.mp3
Variegated Tinamou_sound/Variegated Tinamou15,D:\other\Bird\Code\data\kaggle_wav_cache\Variegated Tinamou_sound\Variegated Tinamou15.wav,Variegated Tinamou_sound,104,76.30004535147393,val,D:\other\Bird\Dataset\CC0\Variegated Tinamou_sound\Variegated Tinamou15.mp3
Variegated Tinamou_sound/Variegated Tinamou16,D:\other\Bird\Code\data\kaggle_wav_cache\Variegated Tinamou_sound\Variegated Tinamou16.wav,Variegated Tinamou_sound,104,46.36839002267574,test,D:\other\Bird\Dataset\CC0\Variegated Tinamou_sound\Variegated Tinamou16.mp3
Variegated Tinamou_sound/Variegated Tinamou17,D:\other\Bird\Code\data\kaggle_wav_cache\Variegated Tinamou_sound\Variegated Tinamou17.wav,Variegated Tinamou_sound,104,46.36839002267574,train,D:\other\Bird\Dataset\CC0\Variegated Tinamou_sound\Variegated Tinamou17.mp3
Variegated Tinamou_sound/Variegated Tinamou18,D:\other\Bird\Code\data\kaggle_wav_cache\Variegated Tinamou_sound\Variegated Tinamou18.wav,Variegated Tinamou_sound,104,8.02525,train,D:\other\Bird\Dataset\CC0\Variegated Tinamou_sound\Variegated Tinamou18.mp3
Variegated Tinamou_sound/Variegated Tinamou19,D:\other\Bird\Code\data\kaggle_wav_cache\Variegated Tinamou_sound\Variegated Tinamou19.wav,Variegated Tinamou_sound,104,14.050566893424037,train,D:\other\Bird\Dataset\CC0\Variegated Tinamou_sound\Variegated Tinamou19.mp3
Variegated Tinamou_sound/Variegated Tinamou2,D:\other\Bird\Code\data\kaggle_wav_cache\Variegated Tinamou_sound\Variegated Tinamou2.wav,Variegated Tinamou_sound,104,24.19829931972789,train,D:\other\Bird\Dataset\CC0\Variegated Tinamou_sound\Variegated Tinamou2.mp3
Variegated Tinamou_sound/Variegated Tinamou20,D:\other\Bird\Code\data\kaggle_wav_cache\Variegated Tinamou_sound\Variegated Tinamou20.wav,Variegated Tinamou_sound,104,7.328616780045351,val,D:\other\Bird\Dataset\CC0\Variegated Tinamou_sound\Variegated Tinamou20.mp3
Variegated Tinamou_sound/Variegated Tinamou21,D:\other\Bird\Code\data\kaggle_wav_cache\Variegated Tinamou_sound\Variegated Tinamou21.wav,Variegated Tinamou_sound,104,15.869863945578231,train,D:\other\Bird\Dataset\CC0\Variegated Tinamou_sound\Variegated Tinamou21.mp3
Variegated Tinamou_sound/Variegated Tinamou22,D:\other\Bird\Code\data\kaggle_wav_cache\Variegated Tinamou_sound\Variegated Tinamou22.wav,Variegated Tinamou_sound,104,15.869863945578231,train,D:\other\Bird\Dataset\CC0\Variegated Tinamou_sound\Variegated Tinamou22.mp3
Variegated Tinamou_sound/Variegated Tinamou23,D:\other\Bird\Code\data\kaggle_wav_cache\Variegated Tinamou_sound\Variegated Tinamou23.wav,Variegated Tinamou_sound,104,15.869863945578231,train,D:\other\Bird\Dataset\CC0\Variegated Tinamou_sound\Variegated Tinamou23.mp3
Variegated Tinamou_sound/Variegated Tinamou24,D:\other\Bird\Code\data\kaggle_wav_cache\Variegated Tinamou_sound\Variegated Tinamou24.wav,Variegated Tinamou_sound,104,11.315873015873017,val,D:\other\Bird\Dataset\CC0\Variegated Tinamou_sound\Variegated Tinamou24.mp3
Variegated Tinamou_sound/Variegated Tinamou25,D:\other\Bird\Code\data\kaggle_wav_cache\Variegated Tinamou_sound\Variegated Tinamou25.wav,Variegated Tinamou_sound,104,8.151065759637188,train,D:\other\Bird\Dataset\CC0\Variegated Tinamou_sound\Variegated Tinamou25.mp3
Variegated Tinamou_sound/Variegated Tinamou26,D:\other\Bird\Code\data\kaggle_wav_cache\Variegated Tinamou_sound\Variegated Tinamou26.wav,Variegated Tinamou_sound,104,6.350226757369614,train,D:\other\Bird\Dataset\CC0\Variegated Tinamou_sound\Variegated Tinamou26.mp3
Variegated Tinamou_sound/Variegated Tinamou27,D:\other\Bird\Code\data\kaggle_wav_cache\Variegated Tinamou_sound\Variegated Tinamou27.wav,Variegated Tinamou_sound,104,6.350226757369614,train,D:\other\Bird\Dataset\CC0\Variegated Tinamou_sound\Variegated Tinamou27.mp3
Variegated Tinamou_sound/Variegated Tinamou28,D:\other\Bird\Code\data\kaggle_wav_cache\Variegated Tinamou_sound\Variegated Tinamou28.wav,Variegated Tinamou_sound,104,13.107833333333334,train,D:\other\Bird\Dataset\CC0\Variegated Tinamou_sound\Variegated Tinamou28.mp3
Variegated Tinamou_sound/Variegated Tinamou29,D:\other\Bird\Code\data\kaggle_wav_cache\Variegated Tinamou_sound\Variegated Tinamou29.wav,Variegated Tinamou_sound,104,13.107833333333334,train,D:\other\Bird\Dataset\CC0\Variegated Tinamou_sound\Variegated Tinamou29.mp3
Variegated Tinamou_sound/Variegated Tinamou3,D:\other\Bird\Code\data\kaggle_wav_cache\Variegated Tinamou_sound\Variegated Tinamou3.wav,Variegated Tinamou_sound,104,12.899002267573696,train,D:\other\Bird\Dataset\CC0\Variegated Tinamou_sound\Variegated Tinamou3.mp3
Variegated Tinamou_sound/Variegated Tinamou30,D:\other\Bird\Code\data\kaggle_wav_cache\Variegated Tinamou_sound\Variegated Tinamou30.wav,Variegated Tinamou_sound,104,43.696666666666665,train,D:\other\Bird\Dataset\CC0\Variegated Tinamou_sound\Variegated Tinamou30.mp3
Variegated Tinamou_sound/Variegated Tinamou31,D:\other\Bird\Code\data\kaggle_wav_cache\Variegated Tinamou_sound\Variegated Tinamou31.wav,Variegated Tinamou_sound,104,9.4335,test,D:\other\Bird\Dataset\CC0\Variegated Tinamou_sound\Variegated Tinamou31.mp3
Variegated Tinamou_sound/Variegated Tinamou4,D:\other\Bird\Code\data\kaggle_wav_cache\Variegated Tinamou_sound\Variegated Tinamou4.wav,Variegated Tinamou_sound,104,12.899002267573696,train,D:\other\Bird\Dataset\CC0\Variegated Tinamou_sound\Variegated Tinamou4.mp3
Variegated Tinamou_sound/Variegated Tinamou5,D:\other\Bird\Code\data\kaggle_wav_cache\Variegated Tinamou_sound\Variegated Tinamou5.wav,Variegated Tinamou_sound,104,14.640997732426303,train,D:\other\Bird\Dataset\CC0\Variegated Tinamou_sound\Variegated Tinamou5.mp3
Variegated Tinamou_sound/Variegated Tinamou6,D:\other\Bird\Code\data\kaggle_wav_cache\Variegated Tinamou_sound\Variegated Tinamou6.wav,Variegated Tinamou_sound,104,14.054308390022676,test,D:\other\Bird\Dataset\CC0\Variegated Tinamou_sound\Variegated Tinamou6.mp3
Variegated Tinamou_sound/Variegated Tinamou7,D:\other\Bird\Code\data\kaggle_wav_cache\Variegated Tinamou_sound\Variegated Tinamou7.wav,Variegated Tinamou_sound,104,10.977551020408164,train,D:\other\Bird\Dataset\CC0\Variegated Tinamou_sound\Variegated Tinamou7.mp3
Variegated Tinamou_sound/Variegated Tinamou8,D:\other\Bird\Code\data\kaggle_wav_cache\Variegated Tinamou_sound\Variegated Tinamou8.wav,Variegated Tinamou_sound,104,13.86077097505669,train,D:\other\Bird\Dataset\CC0\Variegated Tinamou_sound\Variegated Tinamou8.mp3
Variegated Tinamou_sound/Variegated Tinamou9,D:\other\Bird\Code\data\kaggle_wav_cache\Variegated Tinamou_sound\Variegated Tinamou9.wav,Variegated Tinamou_sound,104,13.86077097505669,train,D:\other\Bird\Dataset\CC0\Variegated Tinamou_sound\Variegated Tinamou9.mp3
Wattled Brushturkey_sound/Wattled Brushturkey2,D:\other\Bird\Code\data\kaggle_wav_cache\Wattled Brushturkey_sound\Wattled Brushturkey2.wav,Wattled Brushturkey_sound,105,10.011383219954649,val,D:\other\Bird\Dataset\CC0\Wattled Brushturkey_sound\Wattled Brushturkey2.mp3
Wattled Brushturkey_sound/Wattled Brushturkey3,D:\other\Bird\Code\data\kaggle_wav_cache\Wattled Brushturkey_sound\Wattled Brushturkey3.wav,Wattled Brushturkey_sound,105,10.011383219954649,train,D:\other\Bird\Dataset\CC0\Wattled Brushturkey_sound\Wattled Brushturkey3.mp3
Wattled Brushturkey_sound/Wattled Brushturkey4,D:\other\Bird\Code\data\kaggle_wav_cache\Wattled Brushturkey_sound\Wattled Brushturkey4.wav,Wattled Brushturkey_sound,105,10.011383219954649,test,D:\other\Bird\Dataset\CC0\Wattled Brushturkey_sound\Wattled Brushturkey4.mp3
West Mexican Chachalaca_sound/West Mexican Chachalaca10,D:\other\Bird\Code\data\kaggle_wav_cache\West Mexican Chachalaca_sound\West Mexican Chachalaca10.wav,West Mexican Chachalaca_sound,106,8.329229024943311,train,D:\other\Bird\Dataset\CC0\West Mexican Chachalaca_sound\West Mexican Chachalaca10.mp3
West Mexican Chachalaca_sound/West Mexican Chachalaca11,D:\other\Bird\Code\data\kaggle_wav_cache\West Mexican Chachalaca_sound\West Mexican Chachalaca11.wav,West Mexican Chachalaca_sound,106,41.342562358276645,train,D:\other\Bird\Dataset\CC0\West Mexican Chachalaca_sound\West Mexican Chachalaca11.mp3
West Mexican Chachalaca_sound/West Mexican Chachalaca12,D:\other\Bird\Code\data\kaggle_wav_cache\West Mexican Chachalaca_sound\West Mexican Chachalaca12.wav,West Mexican Chachalaca_sound,106,59.74498866213152,train,D:\other\Bird\Dataset\CC0\West Mexican Chachalaca_sound\West Mexican Chachalaca12.mp3
West Mexican Chachalaca_sound/West Mexican Chachalaca13,D:\other\Bird\Code\data\kaggle_wav_cache\West Mexican Chachalaca_sound\West Mexican Chachalaca13.wav,West Mexican Chachalaca_sound,106,59.74498866213152,train,D:\other\Bird\Dataset\CC0\West Mexican Chachalaca_sound\West Mexican Chachalaca13.mp3
West Mexican Chachalaca_sound/West Mexican Chachalaca14,D:\other\Bird\Code\data\kaggle_wav_cache\West Mexican Chachalaca_sound\West Mexican Chachalaca14.wav,West Mexican Chachalaca_sound,106,46.59619047619048,train,D:\other\Bird\Dataset\CC0\West Mexican Chachalaca_sound\West Mexican Chachalaca14.mp3
West Mexican Chachalaca_sound/West Mexican Chachalaca15,D:\other\Bird\Code\data\kaggle_wav_cache\West Mexican Chachalaca_sound\West Mexican Chachalaca15.wav,West Mexican Chachalaca_sound,106,132.4212925170068,train,D:\other\Bird\Dataset\CC0\West Mexican Chachalaca_sound\West Mexican Chachalaca15.mp3
West Mexican Chachalaca_sound/West Mexican Chachalaca16,D:\other\Bird\Code\data\kaggle_wav_cache\West Mexican Chachalaca_sound\West Mexican Chachalaca16.wav,West Mexican Chachalaca_sound,106,132.4212925170068,test,D:\other\Bird\Dataset\CC0\West Mexican Chachalaca_sound\West Mexican Chachalaca16.mp3
West Mexican Chachalaca_sound/West Mexican Chachalaca17,D:\other\Bird\Code\data\kaggle_wav_cache\West Mexican Chachalaca_sound\West Mexican Chachalaca17.wav,West Mexican Chachalaca_sound,106,132.4212925170068,train,D:\other\Bird\Dataset\CC0\West Mexican Chachalaca_sound\West Mexican Chachalaca17.mp3
West Mexican Chachalaca_sound/West Mexican Chachalaca18,D:\other\Bird\Code\data\kaggle_wav_cache\West Mexican Chachalaca_sound\West Mexican Chachalaca18.wav,West Mexican Chachalaca_sound,106,132.4212925170068,train,D:\other\Bird\Dataset\CC0\West Mexican Chachalaca_sound\West Mexican Chachalaca18.mp3
West Mexican Chachalaca_sound/West Mexican Chachalaca19,D:\other\Bird\Code\data\kaggle_wav_cache\West Mexican Chachalaca_sound\West Mexican Chachalaca19.wav,West Mexican Chachalaca_sound,106,11.397875,test,D:\other\Bird\Dataset\CC0\West Mexican Chachalaca_sound\West Mexican Chachalaca19.mp3
West Mexican Chachalaca_sound/West Mexican Chachalaca2,D:\other\Bird\Code\data\kaggle_wav_cache\West Mexican Chachalaca_sound\West Mexican Chachalaca2.wav,West Mexican Chachalaca_sound,106,138.834875,train,D:\other\Bird\Dataset\CC0\West Mexican Chachalaca_sound\West Mexican Chachalaca2.mp3
West Mexican Chachalaca_sound/West Mexican Chachalaca20,D:\other\Bird\Code\data\kaggle_wav_cache\West Mexican Chachalaca_sound\West Mexican Chachalaca20.wav,West Mexican Chachalaca_sound,106,11.397875,val,D:\other\Bird\Dataset\CC0\West Mexican Chachalaca_sound\West Mexican Chachalaca20.mp3
West Mexican Chachalaca_sound/West Mexican Chachalaca21,D:\other\Bird\Code\data\kaggle_wav_cache\West Mexican Chachalaca_sound\West Mexican Chachalaca21.wav,West Mexican Chachalaca_sound,106,11.397875,train,D:\other\Bird\Dataset\CC0\West Mexican Chachalaca_sound\West Mexican Chachalaca21.mp3
West Mexican Chachalaca_sound/West Mexican Chachalaca22,D:\other\Bird\Code\data\kaggle_wav_cache\West Mexican Chachalaca_sound\West Mexican Chachalaca22.wav,West Mexican Chachalaca_sound,106,66.5690022675737,train,D:\other\Bird\Dataset\CC0\West Mexican Chachalaca_sound\West Mexican Chachalaca22.mp3
West Mexican Chachalaca_sound/West Mexican Chachalaca23,D:\other\Bird\Code\data\kaggle_wav_cache\West Mexican Chachalaca_sound\West Mexican Chachalaca23.wav,West Mexican Chachalaca_sound,106,107.02816326530612,test,D:\other\Bird\Dataset\CC0\West Mexican Chachalaca_sound\West Mexican Chachalaca23.mp3
West Mexican Chachalaca_sound/West Mexican Chachalaca24,D:\other\Bird\Code\data\kaggle_wav_cache\West Mexican Chachalaca_sound\West Mexican Chachalaca24.wav,West Mexican Chachalaca_sound,106,107.02816326530612,train,D:\other\Bird\Dataset\CC0\West Mexican Chachalaca_sound\West Mexican Chachalaca24.mp3
West Mexican Chachalaca_sound/West Mexican Chachalaca25,D:\other\Bird\Code\data\kaggle_wav_cache\West Mexican Chachalaca_sound\West Mexican Chachalaca25.wav,West Mexican Chachalaca_sound,106,107.02816326530612,train,D:\other\Bird\Dataset\CC0\West Mexican Chachalaca_sound\West Mexican Chachalaca25.mp3
West Mexican Chachalaca_sound/West Mexican Chachalaca26,D:\other\Bird\Code\data\kaggle_wav_cache\West Mexican Chachalaca_sound\West Mexican Chachalaca26.wav,West Mexican Chachalaca_sound,106,107.02816326530612,train,D:\other\Bird\Dataset\CC0\West Mexican Chachalaca_sound\West Mexican Chachalaca26.mp3
West Mexican Chachalaca_sound/West Mexican Chachalaca27,D:\other\Bird\Code\data\kaggle_wav_cache\West Mexican Chachalaca_sound\West Mexican Chachalaca27.wav,West Mexican Chachalaca_sound,106,7.140875,train,D:\other\Bird\Dataset\CC0\West Mexican Chachalaca_sound\West Mexican Chachalaca27.mp3
West Mexican Chachalaca_sound/West Mexican Chachalaca28,D:\other\Bird\Code\data\kaggle_wav_cache\West Mexican Chachalaca_sound\West Mexican Chachalaca28.wav,West Mexican Chachalaca_sound,106,105.55492063492063,train,D:\other\Bird\Dataset\CC0\West Mexican Chachalaca_sound\West Mexican Chachalaca28.mp3
West Mexican Chachalaca_sound/West Mexican Chachalaca29,D:\other\Bird\Code\data\kaggle_wav_cache\West Mexican Chachalaca_sound\West Mexican Chachalaca29.wav,West Mexican Chachalaca_sound,106,72.28671201814059,val,D:\other\Bird\Dataset\CC0\West Mexican Chachalaca_sound\West Mexican Chachalaca29.mp3
West Mexican Chachalaca_sound/West Mexican Chachalaca3,D:\other\Bird\Code\data\kaggle_wav_cache\West Mexican Chachalaca_sound\West Mexican Chachalaca3.wav,West Mexican Chachalaca_sound,106,138.834875,test,D:\other\Bird\Dataset\CC0\West Mexican Chachalaca_sound\West Mexican Chachalaca3.mp3
West Mexican Chachalaca_sound/West Mexican Chachalaca30,D:\other\Bird\Code\data\kaggle_wav_cache\West Mexican Chachalaca_sound\West Mexican Chachalaca30.wav,West Mexican Chachalaca_sound,106,156.30947916666668,train,D:\other\Bird\Dataset\CC0\West Mexican Chachalaca_sound\West Mexican Chachalaca30.mp3
West Mexican Chachalaca_sound/West Mexican Chachalaca31,D:\other\Bird\Code\data\kaggle_wav_cache\West Mexican Chachalaca_sound\West Mexican Chachalaca31.wav,West Mexican Chachalaca_sound,106,43.017165532879815,train,D:\other\Bird\Dataset\CC0\West Mexican Chachalaca_sound\West Mexican Chachalaca31.mp3
West Mexican Chachalaca_sound/West Mexican Chachalaca4,D:\other\Bird\Code\data\kaggle_wav_cache\West Mexican Chachalaca_sound\West Mexican Chachalaca4.wav,West Mexican Chachalaca_sound,106,6.837913832199546,val,D:\other\Bird\Dataset\CC0\West Mexican Chachalaca_sound\West Mexican Chachalaca4.mp3
West Mexican Chachalaca_sound/West Mexican Chachalaca5,D:\other\Bird\Code\data\kaggle_wav_cache\West Mexican Chachalaca_sound\West Mexican Chachalaca5.wav,West Mexican Chachalaca_sound,106,91.08197278911564,train,D:\other\Bird\Dataset\CC0\West Mexican Chachalaca_sound\West Mexican Chachalaca5.mp3
West Mexican Chachalaca_sound/West Mexican Chachalaca6,D:\other\Bird\Code\data\kaggle_wav_cache\West Mexican Chachalaca_sound\West Mexican Chachalaca6.wav,West Mexican Chachalaca_sound,106,57.97325,train,D:\other\Bird\Dataset\CC0\West Mexican Chachalaca_sound\West Mexican Chachalaca6.mp3
West Mexican Chachalaca_sound/West Mexican Chachalaca7,D:\other\Bird\Code\data\kaggle_wav_cache\West Mexican Chachalaca_sound\West Mexican Chachalaca7.wav,West Mexican Chachalaca_sound,106,14.907208333333331,train,D:\other\Bird\Dataset\CC0\West Mexican Chachalaca_sound\West Mexican Chachalaca7.mp3
West Mexican Chachalaca_sound/West Mexican Chachalaca8,D:\other\Bird\Code\data\kaggle_wav_cache\West Mexican Chachalaca_sound\West Mexican Chachalaca8.wav,West Mexican Chachalaca_sound,106,6.601587301587301,val,D:\other\Bird\Dataset\CC0\West Mexican Chachalaca_sound\West Mexican Chachalaca8.mp3
West Mexican Chachalaca_sound/West Mexican Chachalaca9,D:\other\Bird\Code\data\kaggle_wav_cache\West Mexican Chachalaca_sound\West Mexican Chachalaca9.wav,West Mexican Chachalaca_sound,106,8.508979591836734,train,D:\other\Bird\Dataset\CC0\West Mexican Chachalaca_sound\West Mexican Chachalaca9.mp3
White-bellied Chachalaca_sound/White-bellied Chachalaca10,D:\other\Bird\Code\data\kaggle_wav_cache\White-bellied Chachalaca_sound\White-bellied Chachalaca10.wav,White-bellied Chachalaca_sound,107,90.957875,train,D:\other\Bird\Dataset\CC0\White-bellied Chachalaca_sound\White-bellied Chachalaca10.mp3
White-bellied Chachalaca_sound/White-bellied Chachalaca11,D:\other\Bird\Code\data\kaggle_wav_cache\White-bellied Chachalaca_sound\White-bellied Chachalaca11.wav,White-bellied Chachalaca_sound,107,90.957875,val,D:\other\Bird\Dataset\CC0\White-bellied Chachalaca_sound\White-bellied Chachalaca11.mp3
White-bellied Chachalaca_sound/White-bellied Chachalaca12,D:\other\Bird\Code\data\kaggle_wav_cache\White-bellied Chachalaca_sound\White-bellied Chachalaca12.wav,White-bellied Chachalaca_sound,107,90.957875,train,D:\other\Bird\Dataset\CC0\White-bellied Chachalaca_sound\White-bellied Chachalaca12.mp3
White-bellied Chachalaca_sound/White-bellied Chachalaca13,D:\other\Bird\Code\data\kaggle_wav_cache\White-bellied Chachalaca_sound\White-bellied Chachalaca13.wav,White-bellied Chachalaca_sound,107,7.417619047619048,train,D:\other\Bird\Dataset\CC0\White-bellied Chachalaca_sound\White-bellied Chachalaca13.mp3
White-bellied Chachalaca_sound/White-bellied Chachalaca14,D:\other\Bird\Code\data\kaggle_wav_cache\White-bellied Chachalaca_sound\White-bellied Chachalaca14.wav,White-bellied Chachalaca_sound,107,7.417619047619048,val,D:\other\Bird\Dataset\CC0\White-bellied Chachalaca_sound\White-bellied Chachalaca14.mp3
White-bellied Chachalaca_sound/White-bellied Chachalaca15,D:\other\Bird\Code\data\kaggle_wav_cache\White-bellied Chachalaca_sound\White-bellied Chachalaca15.wav,White-bellied Chachalaca_sound,107,7.417619047619048,train,D:\other\Bird\Dataset\CC0\White-bellied Chachalaca_sound\White-bellied Chachalaca15.mp3
White-bellied Chachalaca_sound/White-bellied Chachalaca16,D:\other\Bird\Code\data\kaggle_wav_cache\White-bellied Chachalaca_sound\White-bellied Chachalaca16.wav,White-bellied Chachalaca_sound,107,7.417619047619048,train,D:\other\Bird\Dataset\CC0\White-bellied Chachalaca_sound\White-bellied Chachalaca16.mp3
White-bellied Chachalaca_sound/White-bellied Chachalaca17,D:\other\Bird\Code\data\kaggle_wav_cache\White-bellied Chachalaca_sound\White-bellied Chachalaca17.wav,White-bellied Chachalaca_sound,107,7.417619047619048,test,D:\other\Bird\Dataset\CC0\White-bellied Chachalaca_sound\White-bellied Chachalaca17.mp3
White-bellied Chachalaca_sound/White-bellied Chachalaca18,D:\other\Bird\Code\data\kaggle_wav_cache\White-bellied Chachalaca_sound\White-bellied Chachalaca18.wav,White-bellied Chachalaca_sound,107,20.103416666666668,train,D:\other\Bird\Dataset\CC0\White-bellied Chachalaca_sound\White-bellied Chachalaca18.mp3
White-bellied Chachalaca_sound/White-bellied Chachalaca19,D:\other\Bird\Code\data\kaggle_wav_cache\White-bellied Chachalaca_sound\White-bellied Chachalaca19.wav,White-bellied Chachalaca_sound,107,12.024444444444445,train,D:\other\Bird\Dataset\CC0\White-bellied Chachalaca_sound\White-bellied Chachalaca19.mp3
White-bellied Chachalaca_sound/White-bellied Chachalaca2,D:\other\Bird\Code\data\kaggle_wav_cache\White-bellied Chachalaca_sound\White-bellied Chachalaca2.wav,White-bellied Chachalaca_sound,107,81.44458049886622,train,D:\other\Bird\Dataset\CC0\White-bellied Chachalaca_sound\White-bellied Chachalaca2.mp3
White-bellied Chachalaca_sound/White-bellied Chachalaca20,D:\other\Bird\Code\data\kaggle_wav_cache\White-bellied Chachalaca_sound\White-bellied Chachalaca20.wav,White-bellied Chachalaca_sound,107,11.622108843537417,train,D:\other\Bird\Dataset\CC0\White-bellied Chachalaca_sound\White-bellied Chachalaca20.mp3
White-bellied Chachalaca_sound/White-bellied Chachalaca3,D:\other\Bird\Code\data\kaggle_wav_cache\White-bellied Chachalaca_sound\White-bellied Chachalaca3.wav,White-bellied Chachalaca_sound,107,99.72755102040816,train,D:\other\Bird\Dataset\CC0\White-bellied Chachalaca_sound\White-bellied Chachalaca3.mp3
White-bellied Chachalaca_sound/White-bellied Chachalaca4,D:\other\Bird\Code\data\kaggle_wav_cache\White-bellied Chachalaca_sound\White-bellied Chachalaca4.wav,White-bellied Chachalaca_sound,107,10.36312925170068,train,D:\other\Bird\Dataset\CC0\White-bellied Chachalaca_sound\White-bellied Chachalaca4.mp3
White-bellied Chachalaca_sound/White-bellied Chachalaca5,D:\other\Bird\Code\data\kaggle_wav_cache\White-bellied Chachalaca_sound\White-bellied Chachalaca5.wav,White-bellied Chachalaca_sound,107,10.36312925170068,test,D:\other\Bird\Dataset\CC0\White-bellied Chachalaca_sound\White-bellied Chachalaca5.mp3
White-bellied Chachalaca_sound/White-bellied Chachalaca6,D:\other\Bird\Code\data\kaggle_wav_cache\White-bellied Chachalaca_sound\White-bellied Chachalaca6.wav,White-bellied Chachalaca_sound,107,10.36312925170068,test,D:\other\Bird\Dataset\CC0\White-bellied Chachalaca_sound\White-bellied Chachalaca6.mp3
White-bellied Chachalaca_sound/White-bellied Chachalaca7,D:\other\Bird\Code\data\kaggle_wav_cache\White-bellied Chachalaca_sound\White-bellied Chachalaca7.wav,White-bellied Chachalaca_sound,107,90.957875,train,D:\other\Bird\Dataset\CC0\White-bellied Chachalaca_sound\White-bellied Chachalaca7.mp3
White-bellied Chachalaca_sound/White-bellied Chachalaca8,D:\other\Bird\Code\data\kaggle_wav_cache\White-bellied Chachalaca_sound\White-bellied Chachalaca8.wav,White-bellied Chachalaca_sound,107,90.957875,train,D:\other\Bird\Dataset\CC0\White-bellied Chachalaca_sound\White-bellied Chachalaca8.mp3
White-bellied Chachalaca_sound/White-bellied Chachalaca9,D:\other\Bird\Code\data\kaggle_wav_cache\White-bellied Chachalaca_sound\White-bellied Chachalaca9.wav,White-bellied Chachalaca_sound,107,90.957875,val,D:\other\Bird\Dataset\CC0\White-bellied Chachalaca_sound\White-bellied Chachalaca9.mp3
White-bellied Nothura_sound/White-bellied Nothura10,D:\other\Bird\Code\data\kaggle_wav_cache\White-bellied Nothura_sound\White-bellied Nothura10.wav,White-bellied Nothura_sound,108,38.0026875,train,D:\other\Bird\Dataset\CC0\White-bellied Nothura_sound\White-bellied Nothura10.mp3
White-bellied Nothura_sound/White-bellied Nothura11,D:\other\Bird\Code\data\kaggle_wav_cache\White-bellied Nothura_sound\White-bellied Nothura11.wav,White-bellied Nothura_sound,108,38.0026875,train,D:\other\Bird\Dataset\CC0\White-bellied Nothura_sound\White-bellied Nothura11.mp3
White-bellied Nothura_sound/White-bellied Nothura12,D:\other\Bird\Code\data\kaggle_wav_cache\White-bellied Nothura_sound\White-bellied Nothura12.wav,White-bellied Nothura_sound,108,30.52125,train,D:\other\Bird\Dataset\CC0\White-bellied Nothura_sound\White-bellied Nothura12.mp3
White-bellied Nothura_sound/White-bellied Nothura13,D:\other\Bird\Code\data\kaggle_wav_cache\White-bellied Nothura_sound\White-bellied Nothura13.wav,White-bellied Nothura_sound,108,20.63496598639456,val,D:\other\Bird\Dataset\CC0\White-bellied Nothura_sound\White-bellied Nothura13.mp3
White-bellied Nothura_sound/White-bellied Nothura14,D:\other\Bird\Code\data\kaggle_wav_cache\White-bellied Nothura_sound\White-bellied Nothura14.wav,White-bellied Nothura_sound,108,20.63496598639456,train,D:\other\Bird\Dataset\CC0\White-bellied Nothura_sound\White-bellied Nothura14.mp3
White-bellied Nothura_sound/White-bellied Nothura15,D:\other\Bird\Code\data\kaggle_wav_cache\White-bellied Nothura_sound\White-bellied Nothura15.wav,White-bellied Nothura_sound,108,27.73734693877551,test,D:\other\Bird\Dataset\CC0\White-bellied Nothura_sound\White-bellied Nothura15.mp3
White-bellied Nothura_sound/White-bellied Nothura16,D:\other\Bird\Code\data\kaggle_wav_cache\White-bellied Nothura_sound\White-bellied Nothura16.wav,White-bellied Nothura_sound,108,27.73734693877551,train,D:\other\Bird\Dataset\CC0\White-bellied Nothura_sound\White-bellied Nothura16.mp3
White-bellied Nothura_sound/White-bellied Nothura17,D:\other\Bird\Code\data\kaggle_wav_cache\White-bellied Nothura_sound\White-bellied Nothura17.wav,White-bellied Nothura_sound,108,34.14482993197279,train,D:\other\Bird\Dataset\CC0\White-bellied Nothura_sound\White-bellied Nothura17.mp3
White-bellied Nothura_sound/White-bellied Nothura18,D:\other\Bird\Code\data\kaggle_wav_cache\White-bellied Nothura_sound\White-bellied Nothura18.wav,White-bellied Nothura_sound,108,32.13034013605442,train,D:\other\Bird\Dataset\CC0\White-bellied Nothura_sound\White-bellied Nothura18.mp3
White-bellied Nothura_sound/White-bellied Nothura19,D:\other\Bird\Code\data\kaggle_wav_cache\White-bellied Nothura_sound\White-bellied Nothura19.wav,White-bellied Nothura_sound,108,32.13034013605442,val,D:\other\Bird\Dataset\CC0\White-bellied Nothura_sound\White-bellied Nothura19.mp3
White-bellied Nothura_sound/White-bellied Nothura2,D:\other\Bird\Code\data\kaggle_wav_cache\White-bellied Nothura_sound\White-bellied Nothura2.wav,White-bellied Nothura_sound,108,11.315192743764172,test,D:\other\Bird\Dataset\CC0\White-bellied Nothura_sound\White-bellied Nothura2.mp3
White-bellied Nothura_sound/White-bellied Nothura20,D:\other\Bird\Code\data\kaggle_wav_cache\White-bellied Nothura_sound\White-bellied Nothura20.wav,White-bellied Nothura_sound,108,32.13034013605442,test,D:\other\Bird\Dataset\CC0\White-bellied Nothura_sound\White-bellied Nothura20.mp3
White-bellied Nothura_sound/White-bellied Nothura21,D:\other\Bird\Code\data\kaggle_wav_cache\White-bellied Nothura_sound\White-bellied Nothura21.wav,White-bellied Nothura_sound,108,33.92902494331066,train,D:\other\Bird\Dataset\CC0\White-bellied Nothura_sound\White-bellied Nothura21.mp3
White-bellied Nothura_sound/White-bellied Nothura22,D:\other\Bird\Code\data\kaggle_wav_cache\White-bellied Nothura_sound\White-bellied Nothura22.wav,White-bellied Nothura_sound,108,23.965056689342404,train,D:\other\Bird\Dataset\CC0\White-bellied Nothura_sound\White-bellied Nothura22.mp3
White-bellied Nothura_sound/White-bellied Nothura23,D:\other\Bird\Code\data\kaggle_wav_cache\White-bellied Nothura_sound\White-bellied Nothura23.wav,White-bellied Nothura_sound,108,54.22091666666667,train,D:\other\Bird\Dataset\CC0\White-bellied Nothura_sound\White-bellied Nothura23.mp3
White-bellied Nothura_sound/White-bellied Nothura24,D:\other\Bird\Code\data\kaggle_wav_cache\White-bellied Nothura_sound\White-bellied Nothura24.wav,White-bellied Nothura_sound,108,54.22091666666667,train,D:\other\Bird\Dataset\CC0\White-bellied Nothura_sound\White-bellied Nothura24.mp3
White-bellied Nothura_sound/White-bellied Nothura25,D:\other\Bird\Code\data\kaggle_wav_cache\White-bellied Nothura_sound\White-bellied Nothura25.wav,White-bellied Nothura_sound,108,9.715102040816326,train,D:\other\Bird\Dataset\CC0\White-bellied Nothura_sound\White-bellied Nothura25.mp3
White-bellied Nothura_sound/White-bellied Nothura26,D:\other\Bird\Code\data\kaggle_wav_cache\White-bellied Nothura_sound\White-bellied Nothura26.wav,White-bellied Nothura_sound,108,22.136643990929706,val,D:\other\Bird\Dataset\CC0\White-bellied Nothura_sound\White-bellied Nothura26.mp3
White-bellied Nothura_sound/White-bellied Nothura27,D:\other\Bird\Code\data\kaggle_wav_cache\White-bellied Nothura_sound\White-bellied Nothura27.wav,White-bellied Nothura_sound,108,22.136643990929706,train,D:\other\Bird\Dataset\CC0\White-bellied Nothura_sound\White-bellied Nothura27.mp3
White-bellied Nothura_sound/White-bellied Nothura28,D:\other\Bird\Code\data\kaggle_wav_cache\White-bellied Nothura_sound\White-bellied Nothura28.wav,White-bellied Nothura_sound,108,11.97814058956916,train,D:\other\Bird\Dataset\CC0\White-bellied Nothura_sound\White-bellied Nothura28.mp3
White-bellied Nothura_sound/White-bellied Nothura29,D:\other\Bird\Code\data\kaggle_wav_cache\White-bellied Nothura_sound\White-bellied Nothura29.wav,White-bellied Nothura_sound,108,27.580916666666667,train,D:\other\Bird\Dataset\CC0\White-bellied Nothura_sound\White-bellied Nothura29.mp3
White-bellied Nothura_sound/White-bellied Nothura3,D:\other\Bird\Code\data\kaggle_wav_cache\White-bellied Nothura_sound\White-bellied Nothura3.wav,White-bellied Nothura_sound,108,51.304458333333336,val,D:\other\Bird\Dataset\CC0\White-bellied Nothura_sound\White-bellied Nothura3.mp3
White-bellied Nothura_sound/White-bellied Nothura30,D:\other\Bird\Code\data\kaggle_wav_cache\White-bellied Nothura_sound\White-bellied Nothura30.wav,White-bellied Nothura_sound,108,5.141166666666667,train,D:\other\Bird\Dataset\CC0\White-bellied Nothura_sound\White-bellied Nothura30.mp3
White-bellied Nothura_sound/White-bellied Nothura31,D:\other\Bird\Code\data\kaggle_wav_cache\White-bellied Nothura_sound\White-bellied Nothura31.wav,White-bellied Nothura_sound,108,45.477165532879816,train,D:\other\Bird\Dataset\CC0\White-bellied Nothura_sound\White-bellied Nothura31.mp3
White-bellied Nothura_sound/White-bellied Nothura4,D:\other\Bird\Code\data\kaggle_wav_cache\White-bellied Nothura_sound\White-bellied Nothura4.wav,White-bellied Nothura_sound,108,35.17868480725624,train,D:\other\Bird\Dataset\CC0\White-bellied Nothura_sound\White-bellied Nothura4.mp3
White-bellied Nothura_sound/White-bellied Nothura5,D:\other\Bird\Code\data\kaggle_wav_cache\White-bellied Nothura_sound\White-bellied Nothura5.wav,White-bellied Nothura_sound,108,40.38210416666666,train,D:\other\Bird\Dataset\CC0\White-bellied Nothura_sound\White-bellied Nothura5.mp3
White-bellied Nothura_sound/White-bellied Nothura6,D:\other\Bird\Code\data\kaggle_wav_cache\White-bellied Nothura_sound\White-bellied Nothura6.wav,White-bellied Nothura_sound,108,40.38210416666666,train,D:\other\Bird\Dataset\CC0\White-bellied Nothura_sound\White-bellied Nothura6.mp3
White-bellied Nothura_sound/White-bellied Nothura7,D:\other\Bird\Code\data\kaggle_wav_cache\White-bellied Nothura_sound\White-bellied Nothura7.wav,White-bellied Nothura_sound,108,40.38210416666666,train,D:\other\Bird\Dataset\CC0\White-bellied Nothura_sound\White-bellied Nothura7.mp3
White-bellied Nothura_sound/White-bellied Nothura8,D:\other\Bird\Code\data\kaggle_wav_cache\White-bellied Nothura_sound\White-bellied Nothura8.wav,White-bellied Nothura_sound,108,40.38210416666666,test,D:\other\Bird\Dataset\CC0\White-bellied Nothura_sound\White-bellied Nothura8.mp3
White-bellied Nothura_sound/White-bellied Nothura9,D:\other\Bird\Code\data\kaggle_wav_cache\White-bellied Nothura_sound\White-bellied Nothura9.wav,White-bellied Nothura_sound,108,38.0026875,train,D:\other\Bird\Dataset\CC0\White-bellied Nothura_sound\White-bellied Nothura9.mp3
White-browed Guan_sound/White-browed Guan2,D:\other\Bird\Code\data\kaggle_wav_cache\White-browed Guan_sound\White-browed Guan2.wav,White-browed Guan_sound,109,34.60791666666667,test,D:\other\Bird\Dataset\CC0\White-browed Guan_sound\White-browed Guan2.mp3
White-browed Guan_sound/White-browed Guan3,D:\other\Bird\Code\data\kaggle_wav_cache\White-browed Guan_sound\White-browed Guan3.wav,White-browed Guan_sound,109,4.197791666666666,val,D:\other\Bird\Dataset\CC0\White-browed Guan_sound\White-browed Guan3.mp3
White-browed Guan_sound/White-browed Guan4,D:\other\Bird\Code\data\kaggle_wav_cache\White-browed Guan_sound\White-browed Guan4.wav,White-browed Guan_sound,109,4.197791666666666,train,D:\other\Bird\Dataset\CC0\White-browed Guan_sound\White-browed Guan4.mp3
White-crested Guan_sound/White-crested Guan10,D:\other\Bird\Code\data\kaggle_wav_cache\White-crested Guan_sound\White-crested Guan10.wav,White-crested Guan_sound,110,60.554648526077095,test,D:\other\Bird\Dataset\CC0\White-crested Guan_sound\White-crested Guan10.mp3
White-crested Guan_sound/White-crested Guan11,D:\other\Bird\Code\data\kaggle_wav_cache\White-crested Guan_sound\White-crested Guan11.wav,White-crested Guan_sound,110,64.4821768707483,train,D:\other\Bird\Dataset\CC0\White-crested Guan_sound\White-crested Guan11.mp3
White-crested Guan_sound/White-crested Guan12,D:\other\Bird\Code\data\kaggle_wav_cache\White-crested Guan_sound\White-crested Guan12.wav,White-crested Guan_sound,110,64.4821768707483,train,D:\other\Bird\Dataset\CC0\White-crested Guan_sound\White-crested Guan12.mp3
White-crested Guan_sound/White-crested Guan13,D:\other\Bird\Code\data\kaggle_wav_cache\White-crested Guan_sound\White-crested Guan13.wav,White-crested Guan_sound,110,18.9237641723356,train,D:\other\Bird\Dataset\CC0\White-crested Guan_sound\White-crested Guan13.mp3
White-crested Guan_sound/White-crested Guan2,D:\other\Bird\Code\data\kaggle_wav_cache\White-crested Guan_sound\White-crested Guan2.wav,White-crested Guan_sound,110,17.409659863945578,train,D:\other\Bird\Dataset\CC0\White-crested Guan_sound\White-crested Guan2.mp3
White-crested Guan_sound/White-crested Guan3,D:\other\Bird\Code\data\kaggle_wav_cache\White-crested Guan_sound\White-crested Guan3.wav,White-crested Guan_sound,110,17.409659863945578,train,D:\other\Bird\Dataset\CC0\White-crested Guan_sound\White-crested Guan3.mp3
White-crested Guan_sound/White-crested Guan4,D:\other\Bird\Code\data\kaggle_wav_cache\White-crested Guan_sound\White-crested Guan4.wav,White-crested Guan_sound,110,17.409659863945578,train,D:\other\Bird\Dataset\CC0\White-crested Guan_sound\White-crested Guan4.mp3
White-crested Guan_sound/White-crested Guan5,D:\other\Bird\Code\data\kaggle_wav_cache\White-crested Guan_sound\White-crested Guan5.wav,White-crested Guan_sound,110,17.409659863945578,train,D:\other\Bird\Dataset\CC0\White-crested Guan_sound\White-crested Guan5.mp3
White-crested Guan_sound/White-crested Guan6,D:\other\Bird\Code\data\kaggle_wav_cache\White-crested Guan_sound\White-crested Guan6.wav,White-crested Guan_sound,110,17.409659863945578,test,D:\other\Bird\Dataset\CC0\White-crested Guan_sound\White-crested Guan6.mp3
White-crested Guan_sound/White-crested Guan7,D:\other\Bird\Code\data\kaggle_wav_cache\White-crested Guan_sound\White-crested Guan7.wav,White-crested Guan_sound,110,33.801156462585034,val,D:\other\Bird\Dataset\CC0\White-crested Guan_sound\White-crested Guan7.mp3
White-crested Guan_sound/White-crested Guan8,D:\other\Bird\Code\data\kaggle_wav_cache\White-crested Guan_sound\White-crested Guan8.wav,White-crested Guan_sound,110,33.801156462585034,train,D:\other\Bird\Dataset\CC0\White-crested Guan_sound\White-crested Guan8.mp3
White-crested Guan_sound/White-crested Guan9,D:\other\Bird\Code\data\kaggle_wav_cache\White-crested Guan_sound\White-crested Guan9.wav,White-crested Guan_sound,110,48.20108843537415,val,D:\other\Bird\Dataset\CC0\White-crested Guan_sound\White-crested Guan9.mp3
White-throated Tinamou_sound/White-throated Tinamou10,D:\other\Bird\Code\data\kaggle_wav_cache\White-throated Tinamou_sound\White-throated Tinamou10.wav,White-throated Tinamou_sound,111,7.122583333333333,train,D:\other\Bird\Dataset\CC0\White-throated Tinamou_sound\White-throated Tinamou10.mp3
White-throated Tinamou_sound/White-throated Tinamou11,D:\other\Bird\Code\data\kaggle_wav_cache\White-throated Tinamou_sound\White-throated Tinamou11.wav,White-throated Tinamou_sound,111,7.122583333333333,val,D:\other\Bird\Dataset\CC0\White-throated Tinamou_sound\White-throated Tinamou11.mp3
White-throated Tinamou_sound/White-throated Tinamou12,D:\other\Bird\Code\data\kaggle_wav_cache\White-throated Tinamou_sound\White-throated Tinamou12.wav,White-throated Tinamou_sound,111,7.122583333333333,test,D:\other\Bird\Dataset\CC0\White-throated Tinamou_sound\White-throated Tinamou12.mp3
White-throated Tinamou_sound/White-throated Tinamou13,D:\other\Bird\Code\data\kaggle_wav_cache\White-throated Tinamou_sound\White-throated Tinamou13.wav,White-throated Tinamou_sound,111,38.76671201814059,train,D:\other\Bird\Dataset\CC0\White-throated Tinamou_sound\White-throated Tinamou13.mp3
White-throated Tinamou_sound/White-throated Tinamou14,D:\other\Bird\Code\data\kaggle_wav_cache\White-throated Tinamou_sound\White-throated Tinamou14.wav,White-throated Tinamou_sound,111,33.82725623582766,train,D:\other\Bird\Dataset\CC0\White-throated Tinamou_sound\White-throated Tinamou14.mp3
White-throated Tinamou_sound/White-throated Tinamou15,D:\other\Bird\Code\data\kaggle_wav_cache\White-throated Tinamou_sound\White-throated Tinamou15.wav,White-throated Tinamou_sound,111,6.70721875,train,D:\other\Bird\Dataset\CC0\White-throated Tinamou_sound\White-throated Tinamou15.mp3
White-throated Tinamou_sound/White-throated Tinamou16,D:\other\Bird\Code\data\kaggle_wav_cache\White-throated Tinamou_sound\White-throated Tinamou16.wav,White-throated Tinamou_sound,111,6.70721875,val,D:\other\Bird\Dataset\CC0\White-throated Tinamou_sound\White-throated Tinamou16.mp3
White-throated Tinamou_sound/White-throated Tinamou17,D:\other\Bird\Code\data\kaggle_wav_cache\White-throated Tinamou_sound\White-throated Tinamou17.wav,White-throated Tinamou_sound,111,11.44,test,D:\other\Bird\Dataset\CC0\White-throated Tinamou_sound\White-throated Tinamou17.mp3
White-throated Tinamou_sound/White-throated Tinamou18,D:\other\Bird\Code\data\kaggle_wav_cache\White-throated Tinamou_sound\White-throated Tinamou18.wav,White-throated Tinamou_sound,111,17.133333333333333,train,D:\other\Bird\Dataset\CC0\White-throated Tinamou_sound\White-throated Tinamou18.mp3
White-throated Tinamou_sound/White-throated Tinamou19,D:\other\Bird\Code\data\kaggle_wav_cache\White-throated Tinamou_sound\White-throated Tinamou19.wav,White-throated Tinamou_sound,111,12.213333333333331,train,D:\other\Bird\Dataset\CC0\White-throated Tinamou_sound\White-throated Tinamou19.mp3
White-throated Tinamou_sound/White-throated Tinamou2,D:\other\Bird\Code\data\kaggle_wav_cache\White-throated Tinamou_sound\White-throated Tinamou2.wav,White-throated Tinamou_sound,111,17.32263038548753,train,D:\other\Bird\Dataset\CC0\White-throated Tinamou_sound\White-throated Tinamou2.mp3
White-throated Tinamou_sound/White-throated Tinamou20,D:\other\Bird\Code\data\kaggle_wav_cache\White-throated Tinamou_sound\White-throated Tinamou20.wav,White-throated Tinamou_sound,111,17.093333333333334,train,D:\other\Bird\Dataset\CC0\White-throated Tinamou_sound\White-throated Tinamou20.mp3
White-throated Tinamou_sound/White-throated Tinamou21,D:\other\Bird\Code\data\kaggle_wav_cache\White-throated Tinamou_sound\White-throated Tinamou21.wav,White-throated Tinamou_sound,111,12.84,train,D:\other\Bird\Dataset\CC0\White-throated Tinamou_sound\White-throated Tinamou21.mp3
White-throated Tinamou_sound/White-throated Tinamou22,D:\other\Bird\Code\data\kaggle_wav_cache\White-throated Tinamou_sound\White-throated Tinamou22.wav,White-throated Tinamou_sound,111,16.303083900226756,train,D:\other\Bird\Dataset\CC0\White-throated Tinamou_sound\White-throated Tinamou22.mp3
White-throated Tinamou_sound/White-throated Tinamou23,D:\other\Bird\Code\data\kaggle_wav_cache\White-throated Tinamou_sound\White-throated Tinamou23.wav,White-throated Tinamou_sound,111,9.774716553287982,train,D:\other\Bird\Dataset\CC0\White-throated Tinamou_sound\White-throated Tinamou23.mp3
White-throated Tinamou_sound/White-throated Tinamou24,D:\other\Bird\Code\data\kaggle_wav_cache\White-throated Tinamou_sound\White-throated Tinamou24.wav,White-throated Tinamou_sound,111,7.965147392290249,test,D:\other\Bird\Dataset\CC0\White-throated Tinamou_sound\White-throated Tinamou24.mp3
White-throated Tinamou_sound/White-throated Tinamou25,D:\other\Bird\Code\data\kaggle_wav_cache\White-throated Tinamou_sound\White-throated Tinamou25.wav,White-throated Tinamou_sound,111,7.965147392290249,train,D:\other\Bird\Dataset\CC0\White-throated Tinamou_sound\White-throated Tinamou25.mp3
White-throated Tinamou_sound/White-throated Tinamou26,D:\other\Bird\Code\data\kaggle_wav_cache\White-throated Tinamou_sound\White-throated Tinamou26.wav,White-throated Tinamou_sound,111,64.21736961451248,test,D:\other\Bird\Dataset\CC0\White-throated Tinamou_sound\White-throated Tinamou26.mp3
White-throated Tinamou_sound/White-throated Tinamou27,D:\other\Bird\Code\data\kaggle_wav_cache\White-throated Tinamou_sound\White-throated Tinamou27.wav,White-throated Tinamou_sound,111,10.636666666666668,train,D:\other\Bird\Dataset\CC0\White-throated Tinamou_sound\White-throated Tinamou27.mp3
White-throated Tinamou_sound/White-throated Tinamou28,D:\other\Bird\Code\data\kaggle_wav_cache\White-throated Tinamou_sound\White-throated Tinamou28.wav,White-throated Tinamou_sound,111,8.860916666666666,val,D:\other\Bird\Dataset\CC0\White-throated Tinamou_sound\White-throated Tinamou28.mp3
White-throated Tinamou_sound/White-throated Tinamou29,D:\other\Bird\Code\data\kaggle_wav_cache\White-throated Tinamou_sound\White-throated Tinamou29.wav,White-throated Tinamou_sound,111,7.980839002267573,val,D:\other\Bird\Dataset\CC0\White-throated Tinamou_sound\White-throated Tinamou29.mp3
White-throated Tinamou_sound/White-throated Tinamou3,D:\other\Bird\Code\data\kaggle_wav_cache\White-throated Tinamou_sound\White-throated Tinamou3.wav,White-throated Tinamou_sound,111,40.36530612244898,train,D:\other\Bird\Dataset\CC0\White-throated Tinamou_sound\White-throated Tinamou3.mp3
White-throated Tinamou_sound/White-throated Tinamou30,D:\other\Bird\Code\data\kaggle_wav_cache\White-throated Tinamou_sound\White-throated Tinamou30.wav,White-throated Tinamou_sound,111,11.282312925170068,train,D:\other\Bird\Dataset\CC0\White-throated Tinamou_sound\White-throated Tinamou30.mp3
White-throated Tinamou_sound/White-throated Tinamou31,D:\other\Bird\Code\data\kaggle_wav_cache\White-throated Tinamou_sound\White-throated Tinamou31.wav,White-throated Tinamou_sound,111,15.697256235827664,train,D:\other\Bird\Dataset\CC0\White-throated Tinamou_sound\White-throated Tinamou31.mp3
White-throated Tinamou_sound/White-throated Tinamou4,D:\other\Bird\Code\data\kaggle_wav_cache\White-throated Tinamou_sound\White-throated Tinamou4.wav,White-throated Tinamou_sound,111,7.093333333333334,train,D:\other\Bird\Dataset\CC0\White-throated Tinamou_sound\White-throated Tinamou4.mp3
White-throated Tinamou_sound/White-throated Tinamou5,D:\other\Bird\Code\data\kaggle_wav_cache\White-throated Tinamou_sound\White-throated Tinamou5.wav,White-throated Tinamou_sound,111,35.72379166666666,train,D:\other\Bird\Dataset\CC0\White-throated Tinamou_sound\White-throated Tinamou5.mp3
White-throated Tinamou_sound/White-throated Tinamou6,D:\other\Bird\Code\data\kaggle_wav_cache\White-throated Tinamou_sound\White-throated Tinamou6.wav,White-throated Tinamou_sound,111,44.18866666666667,train,D:\other\Bird\Dataset\CC0\White-throated Tinamou_sound\White-throated Tinamou6.mp3
White-throated Tinamou_sound/White-throated Tinamou7,D:\other\Bird\Code\data\kaggle_wav_cache\White-throated Tinamou_sound\White-throated Tinamou7.wav,White-throated Tinamou_sound,111,44.18866666666667,train,D:\other\Bird\Dataset\CC0\White-throated Tinamou_sound\White-throated Tinamou7.mp3
White-throated Tinamou_sound/White-throated Tinamou8,D:\other\Bird\Code\data\kaggle_wav_cache\White-throated Tinamou_sound\White-throated Tinamou8.wav,White-throated Tinamou_sound,111,7.122583333333333,train,D:\other\Bird\Dataset\CC0\White-throated Tinamou_sound\White-throated Tinamou8.mp3
White-throated Tinamou_sound/White-throated Tinamou9,D:\other\Bird\Code\data\kaggle_wav_cache\White-throated Tinamou_sound\White-throated Tinamou9.wav,White-throated Tinamou_sound,111,7.122583333333333,train,D:\other\Bird\Dataset\CC0\White-throated Tinamou_sound\White-throated Tinamou9.mp3
White-winged Guan_sound/White-winged Guan10,D:\other\Bird\Code\data\kaggle_wav_cache\White-winged Guan_sound\White-winged Guan10.wav,White-winged Guan_sound,112,12.014833333333334,train,D:\other\Bird\Dataset\CC0\White-winged Guan_sound\White-winged Guan10.mp3
White-winged Guan_sound/White-winged Guan11,D:\other\Bird\Code\data\kaggle_wav_cache\White-winged Guan_sound\White-winged Guan11.wav,White-winged Guan_sound,112,22.262993197278917,train,D:\other\Bird\Dataset\CC0\White-winged Guan_sound\White-winged Guan11.mp3
White-winged Guan_sound/White-winged Guan12,D:\other\Bird\Code\data\kaggle_wav_cache\White-winged Guan_sound\White-winged Guan12.wav,White-winged Guan_sound,112,80.35113378684807,train,D:\other\Bird\Dataset\CC0\White-winged Guan_sound\White-winged Guan12.mp3
White-winged Guan_sound/White-winged Guan13,D:\other\Bird\Code\data\kaggle_wav_cache\White-winged Guan_sound\White-winged Guan13.wav,White-winged Guan_sound,112,80.35113378684807,train,D:\other\Bird\Dataset\CC0\White-winged Guan_sound\White-winged Guan13.mp3
White-winged Guan_sound/White-winged Guan14,D:\other\Bird\Code\data\kaggle_wav_cache\White-winged Guan_sound\White-winged Guan14.wav,White-winged Guan_sound,112,26.057,val,D:\other\Bird\Dataset\CC0\White-winged Guan_sound\White-winged Guan14.mp3
White-winged Guan_sound/White-winged Guan15,D:\other\Bird\Code\data\kaggle_wav_cache\White-winged Guan_sound\White-winged Guan15.wav,White-winged Guan_sound,112,77.19533333333334,test,D:\other\Bird\Dataset\CC0\White-winged Guan_sound\White-winged Guan15.mp3
White-winged Guan_sound/White-winged Guan16,D:\other\Bird\Code\data\kaggle_wav_cache\White-winged Guan_sound\White-winged Guan16.wav,White-winged Guan_sound,112,77.19533333333334,train,D:\other\Bird\Dataset\CC0\White-winged Guan_sound\White-winged Guan16.mp3
White-winged Guan_sound/White-winged Guan17,D:\other\Bird\Code\data\kaggle_wav_cache\White-winged Guan_sound\White-winged Guan17.wav,White-winged Guan_sound,112,77.19533333333334,train,D:\other\Bird\Dataset\CC0\White-winged Guan_sound\White-winged Guan17.mp3
White-winged Guan_sound/White-winged Guan18,D:\other\Bird\Code\data\kaggle_wav_cache\White-winged Guan_sound\White-winged Guan18.wav,White-winged Guan_sound,112,64.11875283446712,train,D:\other\Bird\Dataset\CC0\White-winged Guan_sound\White-winged Guan18.mp3
White-winged Guan_sound/White-winged Guan19,D:\other\Bird\Code\data\kaggle_wav_cache\White-winged Guan_sound\White-winged Guan19.wav,White-winged Guan_sound,112,64.11875283446712,train,D:\other\Bird\Dataset\CC0\White-winged Guan_sound\White-winged Guan19.mp3
White-winged Guan_sound/White-winged Guan2,D:\other\Bird\Code\data\kaggle_wav_cache\White-winged Guan_sound\White-winged Guan2.wav,White-winged Guan_sound,112,13.499954648526078,train,D:\other\Bird\Dataset\CC0\White-winged Guan_sound\White-winged Guan2.mp3
White-winged Guan_sound/White-winged Guan20,D:\other\Bird\Code\data\kaggle_wav_cache\White-winged Guan_sound\White-winged Guan20.wav,White-winged Guan_sound,112,64.11875283446712,train,D:\other\Bird\Dataset\CC0\White-winged Guan_sound\White-winged Guan20.mp3
White-winged Guan_sound/White-winged Guan21,D:\other\Bird\Code\data\kaggle_wav_cache\White-winged Guan_sound\White-winged Guan21.wav,White-winged Guan_sound,112,133.7085260770975,test,D:\other\Bird\Dataset\CC0\White-winged Guan_sound\White-winged Guan21.mp3
White-winged Guan_sound/White-winged Guan3,D:\other\Bird\Code\data\kaggle_wav_cache\White-winged Guan_sound\White-winged Guan3.wav,White-winged Guan_sound,112,13.499954648526078,val,D:\other\Bird\Dataset\CC0\White-winged Guan_sound\White-winged Guan3.mp3
White-winged Guan_sound/White-winged Guan4,D:\other\Bird\Code\data\kaggle_wav_cache\White-winged Guan_sound\White-winged Guan4.wav,White-winged Guan_sound,112,13.499954648526078,train,D:\other\Bird\Dataset\CC0\White-winged Guan_sound\White-winged Guan4.mp3
White-winged Guan_sound/White-winged Guan5,D:\other\Bird\Code\data\kaggle_wav_cache\White-winged Guan_sound\White-winged Guan5.wav,White-winged Guan_sound,112,13.499954648526078,train,D:\other\Bird\Dataset\CC0\White-winged Guan_sound\White-winged Guan5.mp3
White-winged Guan_sound/White-winged Guan6,D:\other\Bird\Code\data\kaggle_wav_cache\White-winged Guan_sound\White-winged Guan6.wav,White-winged Guan_sound,112,13.499954648526078,train,D:\other\Bird\Dataset\CC0\White-winged Guan_sound\White-winged Guan6.mp3
White-winged Guan_sound/White-winged Guan7,D:\other\Bird\Code\data\kaggle_wav_cache\White-winged Guan_sound\White-winged Guan7.wav,White-winged Guan_sound,112,37.5187074829932,val,D:\other\Bird\Dataset\CC0\White-winged Guan_sound\White-winged Guan7.mp3
White-winged Guan_sound/White-winged Guan8,D:\other\Bird\Code\data\kaggle_wav_cache\White-winged Guan_sound\White-winged Guan8.wav,White-winged Guan_sound,112,20.531166666666667,test,D:\other\Bird\Dataset\CC0\White-winged Guan_sound\White-winged Guan8.mp3
White-winged Guan_sound/White-winged Guan9,D:\other\Bird\Code\data\kaggle_wav_cache\White-winged Guan_sound\White-winged Guan9.wav,White-winged Guan_sound,112,18.2185,train,D:\other\Bird\Dataset\CC0\White-winged Guan_sound\White-winged Guan9.mp3
Yellow-legged Tinamou_sound/Yellow-legged Tinamou10,D:\other\Bird\Code\data\kaggle_wav_cache\Yellow-legged Tinamou_sound\Yellow-legged Tinamou10.wav,Yellow-legged Tinamou_sound,113,104.28492063492064,val,D:\other\Bird\Dataset\CC0\Yellow-legged Tinamou_sound\Yellow-legged Tinamou10.mp3
Yellow-legged Tinamou_sound/Yellow-legged Tinamou11,D:\other\Bird\Code\data\kaggle_wav_cache\Yellow-legged Tinamou_sound\Yellow-legged Tinamou11.wav,Yellow-legged Tinamou_sound,113,104.28492063492064,train,D:\other\Bird\Dataset\CC0\Yellow-legged Tinamou_sound\Yellow-legged Tinamou11.mp3
Yellow-legged Tinamou_sound/Yellow-legged Tinamou12,D:\other\Bird\Code\data\kaggle_wav_cache\Yellow-legged Tinamou_sound\Yellow-legged Tinamou12.wav,Yellow-legged Tinamou_sound,113,104.28492063492064,train,D:\other\Bird\Dataset\CC0\Yellow-legged Tinamou_sound\Yellow-legged Tinamou12.mp3
Yellow-legged Tinamou_sound/Yellow-legged Tinamou13,D:\other\Bird\Code\data\kaggle_wav_cache\Yellow-legged Tinamou_sound\Yellow-legged Tinamou13.wav,Yellow-legged Tinamou_sound,113,104.28492063492064,train,D:\other\Bird\Dataset\CC0\Yellow-legged Tinamou_sound\Yellow-legged Tinamou13.mp3
Yellow-legged Tinamou_sound/Yellow-legged Tinamou14,D:\other\Bird\Code\data\kaggle_wav_cache\Yellow-legged Tinamou_sound\Yellow-legged Tinamou14.wav,Yellow-legged Tinamou_sound,113,104.28492063492064,train,D:\other\Bird\Dataset\CC0\Yellow-legged Tinamou_sound\Yellow-legged Tinamou14.mp3
Yellow-legged Tinamou_sound/Yellow-legged Tinamou15,D:\other\Bird\Code\data\kaggle_wav_cache\Yellow-legged Tinamou_sound\Yellow-legged Tinamou15.wav,Yellow-legged Tinamou_sound,113,38.47725,train,D:\other\Bird\Dataset\CC0\Yellow-legged Tinamou_sound\Yellow-legged Tinamou15.mp3
Yellow-legged Tinamou_sound/Yellow-legged Tinamou16,D:\other\Bird\Code\data\kaggle_wav_cache\Yellow-legged Tinamou_sound\Yellow-legged Tinamou16.wav,Yellow-legged Tinamou_sound,113,43.99725,train,D:\other\Bird\Dataset\CC0\Yellow-legged Tinamou_sound\Yellow-legged Tinamou16.mp3
Yellow-legged Tinamou_sound/Yellow-legged Tinamou17,D:\other\Bird\Code\data\kaggle_wav_cache\Yellow-legged Tinamou_sound\Yellow-legged Tinamou17.wav,Yellow-legged Tinamou_sound,113,43.99725,train,D:\other\Bird\Dataset\CC0\Yellow-legged Tinamou_sound\Yellow-legged Tinamou17.mp3
Yellow-legged Tinamou_sound/Yellow-legged Tinamou18,D:\other\Bird\Code\data\kaggle_wav_cache\Yellow-legged Tinamou_sound\Yellow-legged Tinamou18.wav,Yellow-legged Tinamou_sound,113,43.99725,train,D:\other\Bird\Dataset\CC0\Yellow-legged Tinamou_sound\Yellow-legged Tinamou18.mp3
Yellow-legged Tinamou_sound/Yellow-legged Tinamou19,D:\other\Bird\Code\data\kaggle_wav_cache\Yellow-legged Tinamou_sound\Yellow-legged Tinamou19.wav,Yellow-legged Tinamou_sound,113,43.99725,train,D:\other\Bird\Dataset\CC0\Yellow-legged Tinamou_sound\Yellow-legged Tinamou19.mp3
Yellow-legged Tinamou_sound/Yellow-legged Tinamou2,D:\other\Bird\Code\data\kaggle_wav_cache\Yellow-legged Tinamou_sound\Yellow-legged Tinamou2.wav,Yellow-legged Tinamou_sound,113,4.395600907029478,train,D:\other\Bird\Dataset\CC0\Yellow-legged Tinamou_sound\Yellow-legged Tinamou2.mp3
Yellow-legged Tinamou_sound/Yellow-legged Tinamou20,D:\other\Bird\Code\data\kaggle_wav_cache\Yellow-legged Tinamou_sound\Yellow-legged Tinamou20.wav,Yellow-legged Tinamou_sound,113,43.99725,train,D:\other\Bird\Dataset\CC0\Yellow-legged Tinamou_sound\Yellow-legged Tinamou20.mp3
Yellow-legged Tinamou_sound/Yellow-legged Tinamou21,D:\other\Bird\Code\data\kaggle_wav_cache\Yellow-legged Tinamou_sound\Yellow-legged Tinamou21.wav,Yellow-legged Tinamou_sound,113,43.99725,val,D:\other\Bird\Dataset\CC0\Yellow-legged Tinamou_sound\Yellow-legged Tinamou21.mp3
Yellow-legged Tinamou_sound/Yellow-legged Tinamou22,D:\other\Bird\Code\data\kaggle_wav_cache\Yellow-legged Tinamou_sound\Yellow-legged Tinamou22.wav,Yellow-legged Tinamou_sound,113,43.99725,train,D:\other\Bird\Dataset\CC0\Yellow-legged Tinamou_sound\Yellow-legged Tinamou22.mp3
Yellow-legged Tinamou_sound/Yellow-legged Tinamou23,D:\other\Bird\Code\data\kaggle_wav_cache\Yellow-legged Tinamou_sound\Yellow-legged Tinamou23.wav,Yellow-legged Tinamou_sound,113,43.99725,test,D:\other\Bird\Dataset\CC0\Yellow-legged Tinamou_sound\Yellow-legged Tinamou23.mp3
Yellow-legged Tinamou_sound/Yellow-legged Tinamou24,D:\other\Bird\Code\data\kaggle_wav_cache\Yellow-legged Tinamou_sound\Yellow-legged Tinamou24.wav,Yellow-legged Tinamou_sound,113,137.82027210884354,val,D:\other\Bird\Dataset\CC0\Yellow-legged Tinamou_sound\Yellow-legged Tinamou24.mp3
Yellow-legged Tinamou_sound/Yellow-legged Tinamou25,D:\other\Bird\Code\data\kaggle_wav_cache\Yellow-legged Tinamou_sound\Yellow-legged Tinamou25.wav,Yellow-legged Tinamou_sound,113,97.95367346938777,val,D:\other\Bird\Dataset\CC0\Yellow-legged Tinamou_sound\Yellow-legged Tinamou25.mp3
Yellow-legged Tinamou_sound/Yellow-legged Tinamou26,D:\other\Bird\Code\data\kaggle_wav_cache\Yellow-legged Tinamou_sound\Yellow-legged Tinamou26.wav,Yellow-legged Tinamou_sound,113,97.95367346938777,train,D:\other\Bird\Dataset\CC0\Yellow-legged Tinamou_sound\Yellow-legged Tinamou26.mp3
Yellow-legged Tinamou_sound/Yellow-legged Tinamou27,D:\other\Bird\Code\data\kaggle_wav_cache\Yellow-legged Tinamou_sound\Yellow-legged Tinamou27.wav,Yellow-legged Tinamou_sound,113,97.95367346938777,test,D:\other\Bird\Dataset\CC0\Yellow-legged Tinamou_sound\Yellow-legged Tinamou27.mp3
Yellow-legged Tinamou_sound/Yellow-legged Tinamou28,D:\other\Bird\Code\data\kaggle_wav_cache\Yellow-legged Tinamou_sound\Yellow-legged Tinamou28.wav,Yellow-legged Tinamou_sound,113,97.95367346938777,train,D:\other\Bird\Dataset\CC0\Yellow-legged Tinamou_sound\Yellow-legged Tinamou28.mp3
Yellow-legged Tinamou_sound/Yellow-legged Tinamou29,D:\other\Bird\Code\data\kaggle_wav_cache\Yellow-legged Tinamou_sound\Yellow-legged Tinamou29.wav,Yellow-legged Tinamou_sound,113,97.95367346938777,test,D:\other\Bird\Dataset\CC0\Yellow-legged Tinamou_sound\Yellow-legged Tinamou29.mp3
Yellow-legged Tinamou_sound/Yellow-legged Tinamou3,D:\other\Bird\Code\data\kaggle_wav_cache\Yellow-legged Tinamou_sound\Yellow-legged Tinamou3.wav,Yellow-legged Tinamou_sound,113,4.395600907029478,train,D:\other\Bird\Dataset\CC0\Yellow-legged Tinamou_sound\Yellow-legged Tinamou3.mp3
Yellow-legged Tinamou_sound/Yellow-legged Tinamou30,D:\other\Bird\Code\data\kaggle_wav_cache\Yellow-legged Tinamou_sound\Yellow-legged Tinamou30.wav,Yellow-legged Tinamou_sound,113,13.14419501133787,train,D:\other\Bird\Dataset\CC0\Yellow-legged Tinamou_sound\Yellow-legged Tinamou30.mp3
Yellow-legged Tinamou_sound/Yellow-legged Tinamou31,D:\other\Bird\Code\data\kaggle_wav_cache\Yellow-legged Tinamou_sound\Yellow-legged Tinamou31.wav,Yellow-legged Tinamou_sound,113,31.368291666666668,train,D:\other\Bird\Dataset\CC0\Yellow-legged Tinamou_sound\Yellow-legged Tinamou31.mp3
Yellow-legged Tinamou_sound/Yellow-legged Tinamou4,D:\other\Bird\Code\data\kaggle_wav_cache\Yellow-legged Tinamou_sound\Yellow-legged Tinamou4.wav,Yellow-legged Tinamou_sound,113,4.395600907029478,train,D:\other\Bird\Dataset\CC0\Yellow-legged Tinamou_sound\Yellow-legged Tinamou4.mp3
Yellow-legged Tinamou_sound/Yellow-legged Tinamou5,D:\other\Bird\Code\data\kaggle_wav_cache\Yellow-legged Tinamou_sound\Yellow-legged Tinamou5.wav,Yellow-legged Tinamou_sound,113,4.395600907029478,train,D:\other\Bird\Dataset\CC0\Yellow-legged Tinamou_sound\Yellow-legged Tinamou5.mp3
Yellow-legged Tinamou_sound/Yellow-legged Tinamou6,D:\other\Bird\Code\data\kaggle_wav_cache\Yellow-legged Tinamou_sound\Yellow-legged Tinamou6.wav,Yellow-legged Tinamou_sound,113,4.395600907029478,train,D:\other\Bird\Dataset\CC0\Yellow-legged Tinamou_sound\Yellow-legged Tinamou6.mp3
Yellow-legged Tinamou_sound/Yellow-legged Tinamou7,D:\other\Bird\Code\data\kaggle_wav_cache\Yellow-legged Tinamou_sound\Yellow-legged Tinamou7.wav,Yellow-legged Tinamou_sound,113,104.28492063492064,train,D:\other\Bird\Dataset\CC0\Yellow-legged Tinamou_sound\Yellow-legged Tinamou7.mp3
Yellow-legged Tinamou_sound/Yellow-legged Tinamou8,D:\other\Bird\Code\data\kaggle_wav_cache\Yellow-legged Tinamou_sound\Yellow-legged Tinamou8.wav,Yellow-legged Tinamou_sound,113,104.28492063492064,train,D:\other\Bird\Dataset\CC0\Yellow-legged Tinamou_sound\Yellow-legged Tinamou8.mp3
Yellow-legged Tinamou_sound/Yellow-legged Tinamou9,D:\other\Bird\Code\data\kaggle_wav_cache\Yellow-legged Tinamou_sound\Yellow-legged Tinamou9.wav,Yellow-legged Tinamou_sound,113,104.28492063492064,test,D:\other\Bird\Dataset\CC0\Yellow-legged Tinamou_sound\Yellow-legged Tinamou9.mp3
