recording_id,original_audio_path,cached_audio_path,status,preprocessed,samplerate,channels,duration_sec,samples_before,samples_after,active_intervals,retained_fraction,ffmpeg_warning
Andean Guan_sound/Andean Guan10,D:\other\Bird\Dataset\CC0\Andean Guan_sound\Andean Guan10.mp3,D:\other\Bird\Code\data\kaggle_training_wav_cache_sp\Andean Guan_sound\Andean Guan10.wav,converted,True,32000.0,1.0,7.248,244089,231936,2,0.9502107837714932,"[mp3 @ 0000020e3ac45640] Estimating duration from bitrate, this may be inaccurate
"
Andean Guan_sound/Andean Guan11,D:\other\Bird\Dataset\CC0\Andean Guan_sound\Andean Guan11.mp3,D:\other\Bird\Code\data\kaggle_training_wav_cache_sp\Andean Guan_sound\Andean Guan11.wav,converted,True,32000.0,1.0,18.816,652853,602112,3,0.9222780625960209,"[mp3 @ 0000024050835640] Estimating duration from bitrate, this may be inaccurate
"
Andean Guan_sound/Andean Guan12,D:\other\Bird\Dataset\CC0\Andean Guan_sound\Andean Guan12.mp3,D:\other\Bird\Code\data\kaggle_training_wav_cache_sp\Andean Guan_sound\Andean Guan12.wav,converted,True,32000.0,1.0,14.368,499880,459776,5,0.9197727454589102,"[mp3 @ 0000020a316d56c0] Estimating duration from bitrate, this may be inaccurate
"
Andean Guan_sound/Andean Guan13,D:\other\Bird\Dataset\CC0\Andean Guan_sound\Andean Guan13.mp3,D:\other\Bird\Code\data\kaggle_training_wav_cache_sp\Andean Guan_sound\Andean Guan13.wav,converted,True,32000.0,1.0,27.024,891925,864768,2,0.9695523726770748,"[mp3 @ 00000293d03856c0] Estimating duration from bitrate, this may be inaccurate
"
Andean Guan_sound/Andean Guan14,D:\other\Bird\Dataset\CC0\Andean Guan_sound\Andean Guan14.mp3,D:\other\Bird\Code\data\kaggle_training_wav_cache_sp\Andean Guan_sound\Andean Guan14.wav,converted,True,32000.0,1.0,21.728,728921,695296,2,0.9538701724878279,"[mp3 @ 0000016ce60e56c0] Estimating duration from bitrate, this may be inaccurate
"
Andean Guan_sound/Andean Guan15,D:\other\Bird\Dataset\CC0\Andean Guan_sound\Andean Guan15.mp3,D:\other\Bird\Code\data\kaggle_training_wav_cache_sp\Andean Guan_sound\Andean Guan15.wav,converted,True,32000.0,1.0,21.728,728921,695296,2,0.9538701724878279,"[mp3 @ 000001df655856c0] Estimating duration from bitrate, this may be inaccurate
"
Andean Guan_sound/Andean Guan17,D:\other\Bird\Dataset\CC0\Andean Guan_sound\Andean Guan17.mp3,D:\other\Bird\Code\data\kaggle_training_wav_cache_sp\Andean Guan_sound\Andean Guan17.wav,converted,True,32000.0,1.0,45.936,1609143,1469952,56,0.9134999189009305,"[mp3 @ 0000014be3ec56c0] Estimating duration from bitrate, this may be inaccurate
"
Andean Guan_sound/Andean Guan16,D:\other\Bird\Dataset\CC0\Andean Guan_sound\Andean Guan16.mp3,D:\other\Bird\Code\data\kaggle_training_wav_cache_sp\Andean Guan_sound\Andean Guan16.wav,converted,True,32000.0,1.0,48.496,2201809,1551872,109,0.7048168119941376,"[mp3 @ 000002042ddc56c0] Estimating duration from bitrate, this may be inaccurate
"
Andean Guan_sound/Andean Guan19,D:\other\Bird\Dataset\CC0\Andean Guan_sound\Andean Guan19.mp3,D:\other\Bird\Code\data\kaggle_training_wav_cache_sp\Andean Guan_sound\Andean Guan19.wav,converted,True,32000.0,1.0,32.51215625,1068549,1040389,21,0.9736465056820043,
Andean Guan_sound/Andean Guan18,D:\other\Bird\Dataset\CC0\Andean Guan_sound\Andean Guan18.mp3,D:\other\Bird\Code\data\kaggle_training_wav_cache_sp\Andean Guan_sound\Andean Guan18.wav,converted,True,32000.0,1.0,43.152,1406014,1380864,1,0.9821125536445583,"[mp3 @ 00000222bbd256c0] Estimating duration from bitrate, this may be inaccurate
"
Andean Guan_sound/Andean Guan20,D:\other\Bird\Dataset\CC0\Andean Guan_sound\Andean Guan20.mp3,D:\other\Bird\Code\data\kaggle_training_wav_cache_sp\Andean Guan_sound\Andean Guan20.wav,converted,True,32000.0,1.0,12.11378125,448057,387641,28,0.8651600131233302,
Andean Guan_sound/Andean Guan21,D:\other\Bird\Dataset\CC0\Andean Guan_sound\Andean Guan21.mp3,D:\other\Bird\Code\data\kaggle_training_wav_cache_sp\Andean Guan_sound\Andean Guan21.wav,converted,True,32000.0,1.0,16.24,733177,519680,40,0.7088056499317354,
Andean Guan_sound/Andean Guan22,D:\other\Bird\Dataset\CC0\Andean Guan_sound\Andean Guan22.mp3,D:\other\Bird\Code\data\kaggle_training_wav_cache_sp\Andean Guan_sound\Andean Guan22.wav,converted,True,32000.0,1.0,16.24,733177,519680,40,0.7088056499317354,
Andean Guan_sound/Andean Guan2,D:\other\Bird\Dataset\CC0\Andean Guan_sound\Andean Guan2.mp3,D:\other\Bird\Code\data\kaggle_training_wav_cache_sp\Andean Guan_sound\Andean Guan2.wav,converted,True,32000.0,1.0,63.73984375,2592635,2039675,161,0.786718917240568,
Andean Guan_sound/Andean Guan23,D:\other\Bird\Dataset\CC0\Andean Guan_sound\Andean Guan23.mp3,D:\other\Bird\Code\data\kaggle_training_wav_cache_sp\Andean Guan_sound\Andean Guan23.wav,converted,True,32000.0,1.0,16.24,733177,519680,40,0.7088056499317354,
Andean Guan_sound/Andean Guan24,D:\other\Bird\Dataset\CC0\Andean Guan_sound\Andean Guan24.mp3,D:\other\Bird\Code\data\kaggle_training_wav_cache_sp\Andean Guan_sound\Andean Guan24.wav,converted,True,32000.0,1.0,98.97334375,3246507,3167147,6,0.9755552660135955,
Andean Guan_sound/Andean Guan25,D:\other\Bird\Dataset\CC0\Andean Guan_sound\Andean Guan25.mp3,D:\other\Bird\Code\data\kaggle_training_wav_cache_sp\Andean Guan_sound\Andean Guan25.wav,converted,True,32000.0,1.0,140.416,4696747,4493312,12,0.9566859786145603,
Andean Guan_sound/Andean Guan26,D:\other\Bird\Dataset\CC0\Andean Guan_sound\Andean Guan26.mp3,D:\other\Bird\Code\data\kaggle_training_wav_cache_sp\Andean Guan_sound\Andean Guan26.wav,converted,True,32000.0,1.0,58.048,1970774,1857536,4,0.9425413568476142,
Andean Guan_sound/Andean Guan28,D:\other\Bird\Dataset\CC0\Andean Guan_sound\Andean Guan28.mp3,D:\other\Bird\Code\data\kaggle_training_wav_cache_sp\Andean Guan_sound\Andean Guan28.wav,converted,True,32000.0,1.0,21.808,978534,697856,61,0.7131647955002075,
Andean Guan_sound/Andean Guan29,D:\other\Bird\Dataset\CC0\Andean Guan_sound\Andean Guan29.mp3,D:\other\Bird\Code\data\kaggle_training_wav_cache_sp\Andean Guan_sound\Andean Guan29.wav,converted,True,32000.0,1.0,21.808,978534,697856,61,0.7131647955002075,
Andean Guan_sound/Andean Guan27,D:\other\Bird\Dataset\CC0\Andean Guan_sound\Andean Guan27.mp3,D:\other\Bird\Code\data\kaggle_training_wav_cache_sp\Andean Guan_sound\Andean Guan27.wav,converted,True,32000.0,1.0,60.928,3335315,1949696,416,0.5845612783200388,"[mp3 @ 000001e331d256c0] Estimating duration from bitrate, this may be inaccurate
"
Andean Guan_sound/Andean Guan30,D:\other\Bird\Dataset\CC0\Andean Guan_sound\Andean Guan30.mp3,D:\other\Bird\Code\data\kaggle_training_wav_cache_sp\Andean Guan_sound\Andean Guan30.wav,converted,True,32000.0,1.0,21.808,978534,697856,61,0.7131647955002075,
Andean Guan_sound/Andean Guan31,D:\other\Bird\Dataset\CC0\Andean Guan_sound\Andean Guan31.mp3,D:\other\Bird\Code\data\kaggle_training_wav_cache_sp\Andean Guan_sound\Andean Guan31.wav,converted,True,32000.0,1.0,7.518375,248268,240588,4,0.9690656870800909,"[mp3 @ 00000162518756c0] Estimating duration from bitrate, this may be inaccurate
"
Andean Guan_sound/Andean Guan3,D:\other\Bird\Dataset\CC0\Andean Guan_sound\Andean Guan3.mp3,D:\other\Bird\Code\data\kaggle_training_wav_cache_sp\Andean Guan_sound\Andean Guan3.wav,converted,True,32000.0,1.0,63.73984375,2592635,2039675,161,0.786718917240568,
Andean Guan_sound/Andean Guan5,D:\other\Bird\Dataset\CC0\Andean Guan_sound\Andean Guan5.mp3,D:\other\Bird\Code\data\kaggle_training_wav_cache_sp\Andean Guan_sound\Andean Guan5.wav,converted,True,32000.0,1.0,11.104,882730,355328,58,0.4025330508762589,"[mp3 @ 000001546e2956c0] Estimating duration from bitrate, this may be inaccurate
"
Andean Guan_sound/Andean Guan6,D:\other\Bird\Dataset\CC0\Andean Guan_sound\Andean Guan6.mp3,D:\other\Bird\Code\data\kaggle_training_wav_cache_sp\Andean Guan_sound\Andean Guan6.wav,converted,True,32000.0,1.0,11.104,882730,355328,58,0.4025330508762589,"[mp3 @ 000001afd74656c0] Estimating duration from bitrate, this may be inaccurate
"
Andean Guan_sound/Andean Guan4,D:\other\Bird\Dataset\CC0\Andean Guan_sound\Andean Guan4.mp3,D:\other\Bird\Code\data\kaggle_training_wav_cache_sp\Andean Guan_sound\Andean Guan4.wav,converted,True,32000.0,1.0,63.73984375,2592635,2039675,161,0.786718917240568,
Andean Guan_sound/Andean Guan7,D:\other\Bird\Dataset\CC0\Andean Guan_sound\Andean Guan7.mp3,D:\other\Bird\Code\data\kaggle_training_wav_cache_sp\Andean Guan_sound\Andean Guan7.wav,converted,True,32000.0,1.0,11.104,882730,355328,58,0.4025330508762589,"[mp3 @ 000001e6db1956c0] Estimating duration from bitrate, this may be inaccurate
"
Andean Guan_sound/Andean Guan9,D:\other\Bird\Dataset\CC0\Andean Guan_sound\Andean Guan9.mp3,D:\other\Bird\Code\data\kaggle_training_wav_cache_sp\Andean Guan_sound\Andean Guan9.wav,converted,True,32000.0,1.0,9.36,320157,299520,1,0.9355410001967784,"[mp3 @ 0000020fed9656c0] Estimating duration from bitrate, this may be inaccurate
"
Andean Guan_sound/Andean Guan8,D:\other\Bird\Dataset\CC0\Andean Guan_sound\Andean Guan8.mp3,D:\other\Bird\Code\data\kaggle_training_wav_cache_sp\Andean Guan_sound\Andean Guan8.wav,converted,True,32000.0,1.0,36.50703125,1457505,1168225,64,0.8015238369679692,
Andean Tinamou_sound/Andean Tinamou10,D:\other\Bird\Dataset\CC0\Andean Tinamou_sound\Andean Tinamou10.mp3,D:\other\Bird\Code\data\kaggle_training_wav_cache_sp\Andean Tinamou_sound\Andean Tinamou10.wav,converted,True,32000.0,1.0,9.856,4121088,315392,46,0.07653124611753012,"[mp3 @ 000001dd352256c0] Estimating duration from bitrate, this may be inaccurate
"
Andean Tinamou_sound/Andean Tinamou11,D:\other\Bird\Dataset\CC0\Andean Tinamou_sound\Andean Tinamou11.mp3,D:\other\Bird\Code\data\kaggle_training_wav_cache_sp\Andean Tinamou_sound\Andean Tinamou11.wav,converted,True,32000.0,1.0,9.856,4121088,315392,46,0.07653124611753012,"[mp3 @ 00000295852456c0] Estimating duration from bitrate, this may be inaccurate
"
Andean Tinamou_sound/Andean Tinamou13,D:\other\Bird\Dataset\CC0\Andean Tinamou_sound\Andean Tinamou13.mp3,D:\other\Bird\Code\data\kaggle_training_wav_cache_sp\Andean Tinamou_sound\Andean Tinamou13.wav,converted,True,32000.0,1.0,14.016,1928464,448512,35,0.23257473305179666,"[mp3 @ 000001cfff7156c0] Estimating duration from bitrate, this may be inaccurate
"
Andean Tinamou_sound/Andean Tinamou12,D:\other\Bird\Dataset\CC0\Andean Tinamou_sound\Andean Tinamou12.mp3,D:\other\Bird\Code\data\kaggle_training_wav_cache_sp\Andean Tinamou_sound\Andean Tinamou12.wav,converted,True,32000.0,1.0,66.576,2987573,2130432,197,0.7130978891561813,"[mp3 @ 0000024f5d0956c0] Estimating duration from bitrate, this may be inaccurate
"
Andean Tinamou_sound/Andean Tinamou14,D:\other\Bird\Dataset\CC0\Andean Tinamou_sound\Andean Tinamou14.mp3,D:\other\Bird\Code\data\kaggle_training_wav_cache_sp\Andean Tinamou_sound\Andean Tinamou14.wav,converted,True,32000.0,1.0,14.016,1928464,448512,35,0.23257473305179666,"[mp3 @ 000001baa94956c0] Estimating duration from bitrate, this may be inaccurate
"
Andean Tinamou_sound/Andean Tinamou15,D:\other\Bird\Dataset\CC0\Andean Tinamou_sound\Andean Tinamou15.mp3,D:\other\Bird\Code\data\kaggle_training_wav_cache_sp\Andean Tinamou_sound\Andean Tinamou15.wav,too_short_after_preprocess,,,,4.76721875,157159,152551,6,0.9706793756641363,
Andean Tinamou_sound/Andean Tinamou16,D:\other\Bird\Dataset\CC0\Andean Tinamou_sound\Andean Tinamou16.mp3,D:\other\Bird\Code\data\kaggle_training_wav_cache_sp\Andean Tinamou_sound\Andean Tinamou16.wav,too_short_after_preprocess,,,,4.76721875,157159,152551,6,0.9706793756641363,
Andean Tinamou_sound/Andean Tinamou18,D:\other\Bird\Dataset\CC0\Andean Tinamou_sound\Andean Tinamou18.mp3,D:\other\Bird\Code\data\kaggle_training_wav_cache_sp\Andean Tinamou_sound\Andean Tinamou18.wav,converted,True,32000.0,1.0,17.328,578456,554496,1,0.9585793906537403,"[mp3 @ 0000026bbeb456c0] Estimating duration from bitrate, this may be inaccurate
"
Andean Tinamou_sound/Andean Tinamou19,D:\other\Bird\Dataset\CC0\Andean Tinamou_sound\Andean Tinamou19.mp3,D:\other\Bird\Code\data\kaggle_training_wav_cache_sp\Andean Tinamou_sound\Andean Tinamou19.wav,converted,True,32000.0,1.0,17.328,578456,554496,1,0.9585793906537403,"[mp3 @ 00000263345156c0] Estimating duration from bitrate, this may be inaccurate
"
Andean Tinamou_sound/Andean Tinamou2,D:\other\Bird\Dataset\CC0\Andean Tinamou_sound\Andean Tinamou2.mp3,D:\other\Bird\Code\data\kaggle_training_wav_cache_sp\Andean Tinamou_sound\Andean Tinamou2.wav,too_short_after_preprocess,,,,1.968,64512,62976,1,0.9761904761904762,
Andean Tinamou_sound/Andean Tinamou17,D:\other\Bird\Dataset\CC0\Andean Tinamou_sound\Andean Tinamou17.mp3,D:\other\Bird\Code\data\kaggle_training_wav_cache_sp\Andean Tinamou_sound\Andean Tinamou17.wav,converted,True,32000.0,1.0,66.768,2156670,2136576,1,0.9906828582954277,"[mp3 @ 000001f305ca56c0] Estimating duration from bitrate, this may be inaccurate
"
Andean Tinamou_sound/Andean Tinamou21,D:\other\Bird\Dataset\CC0\Andean Tinamou_sound\Andean Tinamou21.mp3,D:\other\Bird\Code\data\kaggle_training_wav_cache_sp\Andean Tinamou_sound\Andean Tinamou21.wav,converted,True,32000.0,1.0,7.456,263315,238592,20,0.906108653134079,"[mp3 @ 000001a211ec56c0] Estimating duration from bitrate, this may be inaccurate
"
Andean Tinamou_sound/Andean Tinamou22,D:\other\Bird\Dataset\CC0\Andean Tinamou_sound\Andean Tinamou22.mp3,D:\other\Bird\Code\data\kaggle_training_wav_cache_sp\Andean Tinamou_sound\Andean Tinamou22.wav,converted,True,32000.0,1.0,6.736,235729,215552,1,0.914405949204383,"[mp3 @ 00000289dc8756c0] Estimating duration from bitrate, this may be inaccurate
"
Andean Tinamou_sound/Andean Tinamou20,D:\other\Bird\Dataset\CC0\Andean Tinamou_sound\Andean Tinamou20.mp3,D:\other\Bird\Code\data\kaggle_training_wav_cache_sp\Andean Tinamou_sound\Andean Tinamou20.wav,converted,True,32000.0,1.0,39.712,1271432,1270784,1,0.9994903384530199,"[mp3 @ 000001e4a10656c0] Estimating duration from bitrate, this may be inaccurate
"
Andean Tinamou_sound/Andean Tinamou23,D:\other\Bird\Dataset\CC0\Andean Tinamou_sound\Andean Tinamou23.mp3,D:\other\Bird\Code\data\kaggle_training_wav_cache_sp\Andean Tinamou_sound\Andean Tinamou23.wav,converted,True,32000.0,1.0,6.544,213160,209408,3,0.9823981985363107,"[mp3 @ 0000022433ff56c0] Estimating duration from bitrate, this may be inaccurate
"
Andean Tinamou_sound/Andean Tinamou25,D:\other\Bird\Dataset\CC0\Andean Tinamou_sound\Andean Tinamou25.mp3,D:\other\Bird\Code\data\kaggle_training_wav_cache_sp\Andean Tinamou_sound\Andean Tinamou25.wav,converted,True,32000.0,1.0,11.248,506567,359936,34,0.7105397706522533,"[mp3 @ 00000296a9db56c0] Estimating duration from bitrate, this may be inaccurate
"
Andean Tinamou_sound/Andean Tinamou26,D:\other\Bird\Dataset\CC0\Andean Tinamou_sound\Andean Tinamou26.mp3,D:\other\Bird\Code\data\kaggle_training_wav_cache_sp\Andean Tinamou_sound\Andean Tinamou26.wav,converted,True,32000.0,1.0,11.248,506567,359936,34,0.7105397706522533,"[mp3 @ 000002a9391b56c0] Estimating duration from bitrate, this may be inaccurate
"
Andean Tinamou_sound/Andean Tinamou27,D:\other\Bird\Dataset\CC0\Andean Tinamou_sound\Andean Tinamou27.mp3,D:\other\Bird\Code\data\kaggle_training_wav_cache_sp\Andean Tinamou_sound\Andean Tinamou27.wav,too_short_after_preprocess,,,,4.94728125,158825,158313,1,0.9967763261451282,
Andean Tinamou_sound/Andean Tinamou24,D:\other\Bird\Dataset\CC0\Andean Tinamou_sound\Andean Tinamou24.mp3,D:\other\Bird\Code\data\kaggle_training_wav_cache_sp\Andean Tinamou_sound\Andean Tinamou24.wav,converted,True,32000.0,1.0,75.504,2417476,2416128,1,0.9994423936369999,"[mp3 @ 000002f01ec356c0] Estimating duration from bitrate, this may be inaccurate
"
Andean Tinamou_sound/Andean Tinamou28,D:\other\Bird\Dataset\CC0\Andean Tinamou_sound\Andean Tinamou28.mp3,D:\other\Bird\Code\data\kaggle_training_wav_cache_sp\Andean Tinamou_sound\Andean Tinamou28.wav,converted,True,32000.0,1.0,5.9660625,191426,190914,1,0.9973253372060221,"[mp3 @ 00000247648e56c0] Estimating duration from bitrate, this may be inaccurate
"
Andean Tinamou_sound/Andean Tinamou29,D:\other\Bird\Dataset\CC0\Andean Tinamou_sound\Andean Tinamou29.mp3,D:\other\Bird\Code\data\kaggle_training_wav_cache_sp\Andean Tinamou_sound\Andean Tinamou29.wav,converted,True,32000.0,1.0,5.9660625,191426,190914,1,0.9973253372060221,"[mp3 @ 0000018b44b056c0] Estimating duration from bitrate, this may be inaccurate
"
Andean Tinamou_sound/Andean Tinamou3,D:\other\Bird\Dataset\CC0\Andean Tinamou_sound\Andean Tinamou3.mp3,D:\other\Bird\Code\data\kaggle_training_wav_cache_sp\Andean Tinamou_sound\Andean Tinamou3.wav,too_short_after_preprocess,,,,4.544,252448,145408,19,0.5759918874382051,
Andean Tinamou_sound/Andean Tinamou31,D:\other\Bird\Dataset\CC0\Andean Tinamou_sound\Andean Tinamou31.mp3,D:\other\Bird\Code\data\kaggle_training_wav_cache_sp\Andean Tinamou_sound\Andean Tinamou31.wav,too_short_after_preprocess,,,,3.904,298423,124928,17,0.4186272505805518,
Andean Tinamou_sound/Andean Tinamou30,D:\other\Bird\Dataset\CC0\Andean Tinamou_sound\Andean Tinamou30.mp3,D:\other\Bird\Code\data\kaggle_training_wav_cache_sp\Andean Tinamou_sound\Andean Tinamou30.wav,converted,True,32000.0,1.0,26.096,1482920,835072,77,0.5631268038734389,"[mp3 @ 0000016df99156c0] Estimating duration from bitrate, this may be inaccurate
"
Andean Tinamou_sound/Andean Tinamou4,D:\other\Bird\Dataset\CC0\Andean Tinamou_sound\Andean Tinamou4.mp3,D:\other\Bird\Code\data\kaggle_training_wav_cache_sp\Andean Tinamou_sound\Andean Tinamou4.wav,too_short_after_preprocess,,,,2.976,143778,95232,17,0.6623544631306598,
Andean Tinamou_sound/Andean Tinamou5,D:\other\Bird\Dataset\CC0\Andean Tinamou_sound\Andean Tinamou5.mp3,D:\other\Bird\Code\data\kaggle_training_wav_cache_sp\Andean Tinamou_sound\Andean Tinamou5.wav,too_short_after_preprocess,,,,2.976,143778,95232,17,0.6623544631306598,
Andean Tinamou_sound/Andean Tinamou6,D:\other\Bird\Dataset\CC0\Andean Tinamou_sound\Andean Tinamou6.mp3,D:\other\Bird\Code\data\kaggle_training_wav_cache_sp\Andean Tinamou_sound\Andean Tinamou6.wav,converted,True,32000.0,1.0,6.24,270197,199680,23,0.7390163473317617,
Andean Tinamou_sound/Andean Tinamou8,D:\other\Bird\Dataset\CC0\Andean Tinamou_sound\Andean Tinamou8.mp3,D:\other\Bird\Code\data\kaggle_training_wav_cache_sp\Andean Tinamou_sound\Andean Tinamou8.wav,converted,True,32000.0,1.0,12.416,417124,397312,1,0.9525033323424209,"[mp3 @ 0000018746a256c0] Estimating duration from bitrate, this may be inaccurate
"
Andean Tinamou_sound/Andean Tinamou7,D:\other\Bird\Dataset\CC0\Andean Tinamou_sound\Andean Tinamou7.mp3,D:\other\Bird\Code\data\kaggle_training_wav_cache_sp\Andean Tinamou_sound\Andean Tinamou7.wav,converted,True,32000.0,1.0,22.864,764866,731648,1,0.9565701704612312,"[mp3 @ 000002a7f67456c0] Estimating duration from bitrate, this may be inaccurate
"
Australian Brushturkey_sound/Australian Brushturkey10,D:\other\Bird\Dataset\CC0\Australian Brushturkey_sound\Australian Brushturkey10.mp3,D:\other\Bird\Code\data\kaggle_training_wav_cache_sp\Australian Brushturkey_sound\Australian Brushturkey10.wav,too_short_after_preprocess,,,,3.438625,110036,110036,1,1.0,
Andean Tinamou_sound/Andean Tinamou9,D:\other\Bird\Dataset\CC0\Andean Tinamou_sound\Andean Tinamou9.mp3,D:\other\Bird\Code\data\kaggle_training_wav_cache_sp\Andean Tinamou_sound\Andean Tinamou9.wav,converted,True,32000.0,1.0,17.99540625,596845,575853,9,0.9648283892802989,"[mp3 @ 000002055cc156c0] Estimating duration from bitrate, this may be inaccurate
"
Australian Brushturkey_sound/Australian Brushturkey11,D:\other\Bird\Dataset\CC0\Australian Brushturkey_sound\Australian Brushturkey11.mp3,D:\other\Bird\Code\data\kaggle_training_wav_cache_sp\Australian Brushturkey_sound\Australian Brushturkey11.wav,too_short_after_preprocess,,,,3.438625,110036,110036,1,1.0,
Australian Brushturkey_sound/Australian Brushturkey12,D:\other\Bird\Dataset\CC0\Australian Brushturkey_sound\Australian Brushturkey12.mp3,D:\other\Bird\Code\data\kaggle_training_wav_cache_sp\Australian Brushturkey_sound\Australian Brushturkey12.wav,too_short_after_preprocess,,,,3.438625,110036,110036,1,1.0,
Australian Brushturkey_sound/Australian Brushturkey13,D:\other\Bird\Dataset\CC0\Australian Brushturkey_sound\Australian Brushturkey13.mp3,D:\other\Bird\Code\data\kaggle_training_wav_cache_sp\Australian Brushturkey_sound\Australian Brushturkey13.wav,too_short_after_preprocess,,,,3.438625,110036,110036,1,1.0,
Australian Brushturkey_sound/Australian Brushturkey14,D:\other\Bird\Dataset\CC0\Australian Brushturkey_sound\Australian Brushturkey14.mp3,D:\other\Bird\Code\data\kaggle_training_wav_cache_sp\Australian Brushturkey_sound\Australian Brushturkey14.wav,too_short_after_preprocess,,,,3.438625,110036,110036,1,1.0,
Australian Brushturkey_sound/Australian Brushturkey15,D:\other\Bird\Dataset\CC0\Australian Brushturkey_sound\Australian Brushturkey15.mp3,D:\other\Bird\Code\data\kaggle_training_wav_cache_sp\Australian Brushturkey_sound\Australian Brushturkey15.wav,too_short_after_preprocess,,,,3.438625,110036,110036,1,1.0,
Australian Brushturkey_sound/Australian Brushturkey16,D:\other\Bird\Dataset\CC0\Australian Brushturkey_sound\Australian Brushturkey16.mp3,D:\other\Bird\Code\data\kaggle_training_wav_cache_sp\Australian Brushturkey_sound\Australian Brushturkey16.wav,too_short_after_preprocess,,,,2.848,91952,91136,2,0.9911258047677048,
Australian Brushturkey_sound/Australian Brushturkey17,D:\other\Bird\Dataset\CC0\Australian Brushturkey_sound\Australian Brushturkey17.mp3,D:\other\Bird\Code\data\kaggle_training_wav_cache_sp\Australian Brushturkey_sound\Australian Brushturkey17.wav,converted,True,32000.0,1.0,5.17634375,166667,165643,1,0.9938560122879754,
Australian Brushturkey_sound/Australian Brushturkey18,D:\other\Bird\Dataset\CC0\Australian Brushturkey_sound\Australian Brushturkey18.mp3,D:\other\Bird\Code\data\kaggle_training_wav_cache_sp\Australian Brushturkey_sound\Australian Brushturkey18.wav,too_short_after_preprocess,,,,1.9608125,62746,62746,1,1.0,
Australian Brushturkey_sound/Australian Brushturkey2,D:\other\Bird\Dataset\CC0\Australian Brushturkey_sound\Australian Brushturkey2.mp3,D:\other\Bird\Code\data\kaggle_training_wav_cache_sp\Australian Brushturkey_sound\Australian Brushturkey2.wav,converted,True,32000.0,1.0,34.83575,1114744,1114744,1,1.0,
Australian Brushturkey_sound/Australian Brushturkey20,D:\other\Bird\Dataset\CC0\Australian Brushturkey_sound\Australian Brushturkey20.mp3,D:\other\Bird\Code\data\kaggle_training_wav_cache_sp\Australian Brushturkey_sound\Australian Brushturkey20.wav,converted,True,32000.0,1.0,6.4025,205904,204880,1,0.9950268086098376,
Australian Brushturkey_sound/Australian Brushturkey21,D:\other\Bird\Dataset\CC0\Australian Brushturkey_sound\Australian Brushturkey21.mp3,D:\other\Bird\Code\data\kaggle_training_wav_cache_sp\Australian Brushturkey_sound\Australian Brushturkey21.wav,converted,True,32000.0,1.0,6.4025,205904,204880,1,0.9950268086098376,
Australian Brushturkey_sound/Australian Brushturkey19,D:\other\Bird\Dataset\CC0\Australian Brushturkey_sound\Australian Brushturkey19.mp3,D:\other\Bird\Code\data\kaggle_training_wav_cache_sp\Australian Brushturkey_sound\Australian Brushturkey19.wav,converted,True,32000.0,1.0,64.2575625,2056242,2056242,1,1.0,
Australian Brushturkey_sound/Australian Brushturkey23,D:\other\Bird\Dataset\CC0\Australian Brushturkey_sound\Australian Brushturkey23.mp3,D:\other\Bird\Code\data\kaggle_training_wav_cache_sp\Australian Brushturkey_sound\Australian Brushturkey23.wav,converted,True,32000.0,1.0,5.808,189754,185856,1,0.9794576135417435,"[mp3 @ 000002082fea56c0] Estimating duration from bitrate, this may be inaccurate
"
Australian Brushturkey_sound/Australian Brushturkey22,D:\other\Bird\Dataset\CC0\Australian Brushturkey_sound\Australian Brushturkey22.mp3,D:\other\Bird\Code\data\kaggle_training_wav_cache_sp\Australian Brushturkey_sound\Australian Brushturkey22.wav,converted,True,32000.0,1.0,5.808,189754,185856,1,0.9794576135417435,"[mp3 @ 0000013e698156c0] Estimating duration from bitrate, this may be inaccurate
"
Australian Brushturkey_sound/Australian Brushturkey25,D:\other\Bird\Dataset\CC0\Australian Brushturkey_sound\Australian Brushturkey25.mp3,D:\other\Bird\Code\data\kaggle_training_wav_cache_sp\Australian Brushturkey_sound\Australian Brushturkey25.wav,converted,True,32000.0,1.0,54.3516875,1745398,1739254,6,0.9964798859629723,"[mp3 @ 000001cfd0f956c0] Estimating duration from bitrate, this may be inaccurate
"
Australian Brushturkey_sound/Australian Brushturkey24,D:\other\Bird\Dataset\CC0\Australian Brushturkey_sound\Australian Brushturkey24.mp3,D:\other\Bird\Code\data\kaggle_training_wav_cache_sp\Australian Brushturkey_sound\Australian Brushturkey24.wav,converted,True,32000.0,1.0,54.3516875,1745398,1739254,6,0.9964798859629723,"[mp3 @ 00000196b80156c0] Estimating duration from bitrate, this may be inaccurate
"
Australian Brushturkey_sound/Australian Brushturkey26,D:\other\Bird\Dataset\CC0\Australian Brushturkey_sound\Australian Brushturkey26.mp3,D:\other\Bird\Code\data\kaggle_training_wav_cache_sp\Australian Brushturkey_sound\Australian Brushturkey26.wav,converted,True,32000.0,1.0,36.20571875,1158583,1158583,1,1.0,"[mp3 @ 000001b79dc756c0] Estimating duration from bitrate, this may be inaccurate
"
Australian Brushturkey_sound/Australian Brushturkey27,D:\other\Bird\Dataset\CC0\Australian Brushturkey_sound\Australian Brushturkey27.mp3,D:\other\Bird\Code\data\kaggle_training_wav_cache_sp\Australian Brushturkey_sound\Australian Brushturkey27.wav,converted,True,32000.0,1.0,36.20571875,1158583,1158583,1,1.0,"[mp3 @ 000001b7e0de56c0] Estimating duration from bitrate, this may be inaccurate
"
Australian Brushturkey_sound/Australian Brushturkey29,D:\other\Bird\Dataset\CC0\Australian Brushturkey_sound\Australian Brushturkey29.mp3,D:\other\Bird\Code\data\kaggle_training_wav_cache_sp\Australian Brushturkey_sound\Australian Brushturkey29.wav,converted,True,32000.0,1.0,9.424,310962,301568,1,0.9697905210282929,"[mp3 @ 0000022f241356c0] Estimating duration from bitrate, this may be inaccurate
"
Australian Brushturkey_sound/Australian Brushturkey28,D:\other\Bird\Dataset\CC0\Australian Brushturkey_sound\Australian Brushturkey28.mp3,D:\other\Bird\Code\data\kaggle_training_wav_cache_sp\Australian Brushturkey_sound\Australian Brushturkey28.wav,converted,True,32000.0,1.0,31.91321875,1021223,1021223,1,1.0,
Australian Brushturkey_sound/Australian Brushturkey3,D:\other\Bird\Dataset\CC0\Australian Brushturkey_sound\Australian Brushturkey3.mp3,D:\other\Bird\Code\data\kaggle_training_wav_cache_sp\Australian Brushturkey_sound\Australian Brushturkey3.wav,converted,True,32000.0,1.0,34.83575,1114744,1114744,1,1.0,
Australian Brushturkey_sound/Australian Brushturkey4,D:\other\Bird\Dataset\CC0\Australian Brushturkey_sound\Australian Brushturkey4.mp3,D:\other\Bird\Code\data\kaggle_training_wav_cache_sp\Australian Brushturkey_sound\Australian Brushturkey4.wav,converted,True,32000.0,1.0,25.887375,828396,828396,1,1.0,"[mp3 @ 000001ed173b56c0] Estimating duration from bitrate, this may be inaccurate
"
Australian Brushturkey_sound/Australian Brushturkey5,D:\other\Bird\Dataset\CC0\Australian Brushturkey_sound\Australian Brushturkey5.mp3,D:\other\Bird\Code\data\kaggle_training_wav_cache_sp\Australian Brushturkey_sound\Australian Brushturkey5.wav,converted,True,32000.0,1.0,57.3945,1862736,1836624,14,0.985981910480068,
Australian Brushturkey_sound/Australian Brushturkey6,D:\other\Bird\Dataset\CC0\Australian Brushturkey_sound\Australian Brushturkey6.mp3,D:\other\Bird\Code\data\kaggle_training_wav_cache_sp\Australian Brushturkey_sound\Australian Brushturkey6.wav,converted,True,32000.0,1.0,57.3945,1862736,1836624,14,0.985981910480068,
Australian Brushturkey_sound/Australian Brushturkey8,D:\other\Bird\Dataset\CC0\Australian Brushturkey_sound\Australian Brushturkey8.mp3,D:\other\Bird\Code\data\kaggle_training_wav_cache_sp\Australian Brushturkey_sound\Australian Brushturkey8.wav,converted,True,32000.0,1.0,14.42696875,652127,461663,45,0.7079341907327867,
Australian Brushturkey_sound/Australian Brushturkey9,D:\other\Bird\Dataset\CC0\Australian Brushturkey_sound\Australian Brushturkey9.mp3,D:\other\Bird\Code\data\kaggle_training_wav_cache_sp\Australian Brushturkey_sound\Australian Brushturkey9.wav,too_short_after_preprocess,,,,2.8144375,90062,90062,1,1.0,
Australian Brushturkey_sound/Australian Brushturkey7,D:\other\Bird\Dataset\CC0\Australian Brushturkey_sound\Australian Brushturkey7.mp3,D:\other\Bird\Code\data\kaggle_training_wav_cache_sp\Australian Brushturkey_sound\Australian Brushturkey7.wav,converted,True,32000.0,1.0,57.3945,1862736,1836624,14,0.985981910480068,
Band-tailed Guan_sound/Band-tailed Guan10,D:\other\Bird\Dataset\CC0\Band-tailed Guan_sound\Band-tailed Guan10.mp3,D:\other\Bird\Code\data\kaggle_training_wav_cache_sp\Band-tailed Guan_sound\Band-tailed Guan10.wav,converted,True,32000.0,1.0,145.776,4678636,4664832,16,0.9970495674380311,"[mp3 @ 000001ed9a275700] Estimating duration from bitrate, this may be inaccurate
"
Band-tailed Guan_sound/Band-tailed Guan11,D:\other\Bird\Dataset\CC0\Band-tailed Guan_sound\Band-tailed Guan11.mp3,D:\other\Bird\Code\data\kaggle_training_wav_cache_sp\Band-tailed Guan_sound\Band-tailed Guan11.wav,converted,True,32000.0,1.0,145.776,4678636,4664832,16,0.9970495674380311,"[mp3 @ 000002abac745700] Estimating duration from bitrate, this may be inaccurate
"
Band-tailed Guan_sound/Band-tailed Guan12,D:\other\Bird\Dataset\CC0\Band-tailed Guan_sound\Band-tailed Guan12.mp3,D:\other\Bird\Code\data\kaggle_training_wav_cache_sp\Band-tailed Guan_sound\Band-tailed Guan12.wav,converted,True,32000.0,1.0,18.2138125,1189050,582842,121,0.4901745090618561,
Band-tailed Guan_sound/Band-tailed Guan13,D:\other\Bird\Dataset\CC0\Band-tailed Guan_sound\Band-tailed Guan13.mp3,D:\other\Bird\Code\data\kaggle_training_wav_cache_sp\Band-tailed Guan_sound\Band-tailed Guan13.wav,converted,True,32000.0,1.0,41.0355,1315696,1313136,4,0.9980542617747564,
Band-tailed Guan_sound/Band-tailed Guan15,D:\other\Bird\Dataset\CC0\Band-tailed Guan_sound\Band-tailed Guan15.mp3,D:\other\Bird\Code\data\kaggle_training_wav_cache_sp\Band-tailed Guan_sound\Band-tailed Guan15.wav,too_short_after_preprocess,,,,3.168,107728,101376,3,0.9410366849844052,
Band-tailed Guan_sound/Band-tailed Guan14,D:\other\Bird\Dataset\CC0\Band-tailed Guan_sound\Band-tailed Guan14.mp3,D:\other\Bird\Code\data\kaggle_training_wav_cache_sp\Band-tailed Guan_sound\Band-tailed Guan14.wav,converted,True,32000.0,1.0,41.1823125,1322954,1317834,4,0.99612987299634,
Band-tailed Guan_sound/Band-tailed Guan16,D:\other\Bird\Dataset\CC0\Band-tailed Guan_sound\Band-tailed Guan16.mp3,D:\other\Bird\Code\data\kaggle_training_wav_cache_sp\Band-tailed Guan_sound\Band-tailed Guan16.wav,converted,True,32000.0,1.0,33.528,1099520,1072896,17,0.9757857974388824,
Band-tailed Guan_sound/Band-tailed Guan17,D:\other\Bird\Dataset\CC0\Band-tailed Guan_sound\Band-tailed Guan17.mp3,D:\other\Bird\Code\data\kaggle_training_wav_cache_sp\Band-tailed Guan_sound\Band-tailed Guan17.wav,converted,True,32000.0,1.0,35.876,1375872,1148032,38,0.8344032002977021,
Band-tailed Guan_sound/Band-tailed Guan18,D:\other\Bird\Dataset\CC0\Band-tailed Guan_sound\Band-tailed Guan18.mp3,D:\other\Bird\Code\data\kaggle_training_wav_cache_sp\Band-tailed Guan_sound\Band-tailed Guan18.wav,converted,True,32000.0,1.0,35.876,1375872,1148032,38,0.8344032002977021,
Band-tailed Guan_sound/Band-tailed Guan19,D:\other\Bird\Dataset\CC0\Band-tailed Guan_sound\Band-tailed Guan19.mp3,D:\other\Bird\Code\data\kaggle_training_wav_cache_sp\Band-tailed Guan_sound\Band-tailed Guan19.wav,converted,True,32000.0,1.0,39.12,1792000,1251840,102,0.6985714285714286,
Band-tailed Guan_sound/Band-tailed Guan2,D:\other\Bird\Dataset\CC0\Band-tailed Guan_sound\Band-tailed Guan2.mp3,D:\other\Bird\Code\data\kaggle_training_wav_cache_sp\Band-tailed Guan_sound\Band-tailed Guan2.wav,converted,True,32000.0,1.0,70.98896875,2271647,2271647,1,1.0,
Band-tailed Guan_sound/Band-tailed Guan21,D:\other\Bird\Dataset\CC0\Band-tailed Guan_sound\Band-tailed Guan21.mp3,D:\other\Bird\Code\data\kaggle_training_wav_cache_sp\Band-tailed Guan_sound\Band-tailed Guan21.wav,converted,True,32000.0,1.0,14.368,641280,459776,40,0.7169660678642714,"[mp3 @ 0000028ee3aa5700] Estimating duration from bitrate, this may be inaccurate
"
Band-tailed Guan_sound/Band-tailed Guan20,D:\other\Bird\Dataset\CC0\Band-tailed Guan_sound\Band-tailed Guan20.mp3,D:\other\Bird\Code\data\kaggle_training_wav_cache_sp\Band-tailed Guan_sound\Band-tailed Guan20.wav,converted,True,32000.0,1.0,85.408,3271680,2733056,122,0.8353677621283255,"[mp3 @ 000001141a595700] Estimating duration from bitrate, this may be inaccurate
"
Band-tailed Guan_sound/Band-tailed Guan22,D:\other\Bird\Dataset\CC0\Band-tailed Guan_sound\Band-tailed Guan22.mp3,D:\other\Bird\Code\data\kaggle_training_wav_cache_sp\Band-tailed Guan_sound\Band-tailed Guan22.wav,converted,True,32000.0,1.0,36.82940625,1224621,1178541,12,0.9623720318367887,"[mp3 @ 000001a690e35700] Estimating duration from bitrate, this may be inaccurate
"
Band-tailed Guan_sound/Band-tailed Guan23,D:\other\Bird\Dataset\CC0\Band-tailed Guan_sound\Band-tailed Guan23.mp3,D:\other\Bird\Code\data\kaggle_training_wav_cache_sp\Band-tailed Guan_sound\Band-tailed Guan23.wav,converted,True,32000.0,1.0,15.376,515762,492032,12,0.953990406427771,"[mp3 @ 000002ad7e155700] Estimating duration from bitrate, this may be inaccurate
"
Band-tailed Guan_sound/Band-tailed Guan24,D:\other\Bird\Dataset\CC0\Band-tailed Guan_sound\Band-tailed Guan24.mp3,D:\other\Bird\Code\data\kaggle_training_wav_cache_sp\Band-tailed Guan_sound\Band-tailed Guan24.wav,converted,True,32000.0,1.0,14.784,604369,473088,21,0.782780056554853,"[mp3 @ 00000212de985700] Estimating duration from bitrate, this may be inaccurate
"
Band-tailed Guan_sound/Band-tailed Guan25,D:\other\Bird\Dataset\CC0\Band-tailed Guan_sound\Band-tailed Guan25.mp3,D:\other\Bird\Code\data\kaggle_training_wav_cache_sp\Band-tailed Guan_sound\Band-tailed Guan25.wav,converted,True,32000.0,1.0,19.50346875,624111,624111,1,1.0,
Band-tailed Guan_sound/Band-tailed Guan27,D:\other\Bird\Dataset\CC0\Band-tailed Guan_sound\Band-tailed Guan27.mp3,D:\other\Bird\Code\data\kaggle_training_wav_cache_sp\Band-tailed Guan_sound\Band-tailed Guan27.wav,converted,True,32000.0,1.0,19.952,764299,638464,16,0.8353589367511929,
Band-tailed Guan_sound/Band-tailed Guan26,D:\other\Bird\Dataset\CC0\Band-tailed Guan_sound\Band-tailed Guan26.mp3,D:\other\Bird\Code\data\kaggle_training_wav_cache_sp\Band-tailed Guan_sound\Band-tailed Guan26.wav,converted,True,32000.0,1.0,42.12225,1347912,1347912,1,1.0,
Band-tailed Guan_sound/Band-tailed Guan28,D:\other\Bird\Dataset\CC0\Band-tailed Guan_sound\Band-tailed Guan28.mp3,D:\other\Bird\Code\data\kaggle_training_wav_cache_sp\Band-tailed Guan_sound\Band-tailed Guan28.wav,converted,True,32000.0,1.0,9.0539375,292798,289726,2,0.989508125055499,
Band-tailed Guan_sound/Band-tailed Guan3,D:\other\Bird\Dataset\CC0\Band-tailed Guan_sound\Band-tailed Guan3.mp3,D:\other\Bird\Code\data\kaggle_training_wav_cache_sp\Band-tailed Guan_sound\Band-tailed Guan3.wav,converted,True,32000.0,1.0,9.088,504576,290816,13,0.5763571790969051,"[mp3 @ 0000023330ca5700] Estimating duration from bitrate, this may be inaccurate
"
Band-tailed Guan_sound/Band-tailed Guan29,D:\other\Bird\Dataset\CC0\Band-tailed Guan_sound\Band-tailed Guan29.mp3,D:\other\Bird\Code\data\kaggle_training_wav_cache_sp\Band-tailed Guan_sound\Band-tailed Guan29.wav,converted,True,32000.0,1.0,34.7961875,1113478,1113478,1,1.0,
Band-tailed Guan_sound/Band-tailed Guan30,D:\other\Bird\Dataset\CC0\Band-tailed Guan_sound\Band-tailed Guan30.mp3,D:\other\Bird\Code\data\kaggle_training_wav_cache_sp\Band-tailed Guan_sound\Band-tailed Guan30.wav,converted,True,32000.0,1.0,34.7961875,1113478,1113478,1,1.0,
Band-tailed Guan_sound/Band-tailed Guan31,D:\other\Bird\Dataset\CC0\Band-tailed Guan_sound\Band-tailed Guan31.mp3,D:\other\Bird\Code\data\kaggle_training_wav_cache_sp\Band-tailed Guan_sound\Band-tailed Guan31.wav,converted,True,32000.0,1.0,34.7961875,1113478,1113478,1,1.0,
Band-tailed Guan_sound/Band-tailed Guan4,D:\other\Bird\Dataset\CC0\Band-tailed Guan_sound\Band-tailed Guan4.mp3,D:\other\Bird\Code\data\kaggle_training_wav_cache_sp\Band-tailed Guan_sound\Band-tailed Guan4.wav,converted,True,32000.0,1.0,9.088,504576,290816,13,0.5763571790969051,"[mp3 @ 0000020856fd5700] Estimating duration from bitrate, this may be inaccurate
"
Band-tailed Guan_sound/Band-tailed Guan5,D:\other\Bird\Dataset\CC0\Band-tailed Guan_sound\Band-tailed Guan5.mp3,D:\other\Bird\Code\data\kaggle_training_wav_cache_sp\Band-tailed Guan_sound\Band-tailed Guan5.wav,converted,True,32000.0,1.0,9.088,504576,290816,13,0.5763571790969051,"[mp3 @ 000002353a005700] Estimating duration from bitrate, this may be inaccurate
"
Band-tailed Guan_sound/Band-tailed Guan6,D:\other\Bird\Dataset\CC0\Band-tailed Guan_sound\Band-tailed Guan6.mp3,D:\other\Bird\Code\data\kaggle_training_wav_cache_sp\Band-tailed Guan_sound\Band-tailed Guan6.wav,converted,True,32000.0,1.0,9.088,504576,290816,13,0.5763571790969051,"[mp3 @ 000002594e795700] Estimating duration from bitrate, this may be inaccurate
"
Band-tailed Guan_sound/Band-tailed Guan8,D:\other\Bird\Dataset\CC0\Band-tailed Guan_sound\Band-tailed Guan8.mp3,D:\other\Bird\Code\data\kaggle_training_wav_cache_sp\Band-tailed Guan_sound\Band-tailed Guan8.wav,converted,True,32000.0,1.0,18.49471875,591831,591831,1,1.0,"[mp3 @ 000002048c7c5700] Estimating duration from bitrate, this may be inaccurate
"
Band-tailed Guan_sound/Band-tailed Guan9,D:\other\Bird\Dataset\CC0\Band-tailed Guan_sound\Band-tailed Guan9.mp3,D:\other\Bird\Code\data\kaggle_training_wav_cache_sp\Band-tailed Guan_sound\Band-tailed Guan9.wav,converted,True,32000.0,1.0,37.616,2521965,1203712,167,0.477291318475871,"[mp3 @ 00000239824c5700] Estimating duration from bitrate, this may be inaccurate
"
Band-tailed Guan_sound/Band-tailed Guan7,D:\other\Bird\Dataset\CC0\Band-tailed Guan_sound\Band-tailed Guan7.mp3,D:\other\Bird\Code\data\kaggle_training_wav_cache_sp\Band-tailed Guan_sound\Band-tailed Guan7.wav,converted,True,32000.0,1.0,176.06171875,5664183,5633975,4,0.9946668389774836,"[mp3 @ 000001f3ac3e5700] Estimating duration from bitrate, this may be inaccurate
"
Bartletts Tinamou_sound/Bartletts Tinamou11,D:\other\Bird\Dataset\CC0\Bartletts Tinamou_sound\Bartletts Tinamou11.mp3,D:\other\Bird\Code\data\kaggle_training_wav_cache_sp\Bartletts Tinamou_sound\Bartletts Tinamou11.wav,converted,True,32000.0,1.0,12.304,841728,393728,26,0.4677615571776156,"[mp3 @ 000001588fde5680] Estimating duration from bitrate, this may be inaccurate
"
Bartletts Tinamou_sound/Bartletts Tinamou10,D:\other\Bird\Dataset\CC0\Bartletts Tinamou_sound\Bartletts Tinamou10.mp3,D:\other\Bird\Code\data\kaggle_training_wav_cache_sp\Bartletts Tinamou_sound\Bartletts Tinamou10.wav,converted,True,32000.0,1.0,32.432,3140352,1037824,68,0.330480149995924,"[mp3 @ 0000018a94e85680] Estimating duration from bitrate, this may be inaccurate
"
Bartletts Tinamou_sound/Bartletts Tinamou13,D:\other\Bird\Dataset\CC0\Bartletts Tinamou_sound\Bartletts Tinamou13.mp3,D:\other\Bird\Code\data\kaggle_training_wav_cache_sp\Bartletts Tinamou_sound\Bartletts Tinamou13.wav,converted,True,32000.0,1.0,17.64325,1041768,564584,39,0.5419479193064098,
Bartletts Tinamou_sound/Bartletts Tinamou14,D:\other\Bird\Dataset\CC0\Bartletts Tinamou_sound\Bartletts Tinamou14.mp3,D:\other\Bird\Code\data\kaggle_training_wav_cache_sp\Bartletts Tinamou_sound\Bartletts Tinamou14.wav,converted,True,32000.0,1.0,32.864,2409452,1051648,73,0.43646771133021117,
Bartletts Tinamou_sound/Bartletts Tinamou12,D:\other\Bird\Dataset\CC0\Bartletts Tinamou_sound\Bartletts Tinamou12.mp3,D:\other\Bird\Code\data\kaggle_training_wav_cache_sp\Bartletts Tinamou_sound\Bartletts Tinamou12.wav,converted,True,32000.0,1.0,132.25421875,4232135,4232135,1,1.0,
Bartletts Tinamou_sound/Bartletts Tinamou16,D:\other\Bird\Dataset\CC0\Bartletts Tinamou_sound\Bartletts Tinamou16.mp3,D:\other\Bird\Code\data\kaggle_training_wav_cache_sp\Bartletts Tinamou_sound\Bartletts Tinamou16.wav,converted,True,32000.0,1.0,48.657,1563168,1557024,5,0.9960695203586563,"[mp3 @ 000001c679cb5680] Estimating duration from bitrate, this may be inaccurate
"
Bartletts Tinamou_sound/Bartletts Tinamou15,D:\other\Bird\Dataset\CC0\Bartletts Tinamou_sound\Bartletts Tinamou15.mp3,D:\other\Bird\Code\data\kaggle_training_wav_cache_sp\Bartletts Tinamou_sound\Bartletts Tinamou15.wav,converted,True,32000.0,1.0,32.864,2409452,1051648,73,0.43646771133021117,
Bartletts Tinamou_sound/Bartletts Tinamou17,D:\other\Bird\Dataset\CC0\Bartletts Tinamou_sound\Bartletts Tinamou17.mp3,D:\other\Bird\Code\data\kaggle_training_wav_cache_sp\Bartletts Tinamou_sound\Bartletts Tinamou17.wav,converted,True,32000.0,1.0,22.67821875,1325767,725703,81,0.5473835145994733,"[mp3 @ 0000021aa0225680] Estimating duration from bitrate, this may be inaccurate
"
Bartletts Tinamou_sound/Bartletts Tinamou18,D:\other\Bird\Dataset\CC0\Bartletts Tinamou_sound\Bartletts Tinamou18.mp3,D:\other\Bird\Code\data\kaggle_training_wav_cache_sp\Bartletts Tinamou_sound\Bartletts Tinamou18.wav,converted,True,32000.0,1.0,22.67821875,1325767,725703,81,0.5473835145994733,"[mp3 @ 0000021e68fa5680] Estimating duration from bitrate, this may be inaccurate
"
Bartletts Tinamou_sound/Bartletts Tinamou19,D:\other\Bird\Dataset\CC0\Bartletts Tinamou_sound\Bartletts Tinamou19.mp3,D:\other\Bird\Code\data\kaggle_training_wav_cache_sp\Bartletts Tinamou_sound\Bartletts Tinamou19.wav,converted,True,32000.0,1.0,22.67821875,1325767,725703,81,0.5473835145994733,"[mp3 @ 000002a928cc5680] Estimating duration from bitrate, this may be inaccurate
"
Bartletts Tinamou_sound/Bartletts Tinamou20,D:\other\Bird\Dataset\CC0\Bartletts Tinamou_sound\Bartletts Tinamou20.mp3,D:\other\Bird\Code\data\kaggle_training_wav_cache_sp\Bartletts Tinamou_sound\Bartletts Tinamou20.wav,converted,True,32000.0,1.0,22.67821875,1325767,725703,81,0.5473835145994733,"[mp3 @ 000002b838365680] Estimating duration from bitrate, this may be inaccurate
"
Bartletts Tinamou_sound/Bartletts Tinamou21,D:\other\Bird\Dataset\CC0\Bartletts Tinamou_sound\Bartletts Tinamou21.mp3,D:\other\Bird\Code\data\kaggle_training_wav_cache_sp\Bartletts Tinamou_sound\Bartletts Tinamou21.wav,converted,True,32000.0,1.0,39.152,1289823,1252864,2,0.9713456807639498,"[mp3 @ 000002100fba5680] Estimating duration from bitrate, this may be inaccurate
"
Bartletts Tinamou_sound/Bartletts Tinamou22,D:\other\Bird\Dataset\CC0\Bartletts Tinamou_sound\Bartletts Tinamou22.mp3,D:\other\Bird\Code\data\kaggle_training_wav_cache_sp\Bartletts Tinamou_sound\Bartletts Tinamou22.wav,converted,True,32000.0,1.0,81.12,2630443,2595840,3,0.9868451815910856,
Bartletts Tinamou_sound/Bartletts Tinamou2,D:\other\Bird\Dataset\CC0\Bartletts Tinamou_sound\Bartletts Tinamou2.mp3,D:\other\Bird\Code\data\kaggle_training_wav_cache_sp\Bartletts Tinamou_sound\Bartletts Tinamou2.wav,converted,True,32000.0,1.0,211.888,12776177,6780416,339,0.5307077383163994,"[mp3 @ 000002790b445680] Estimating duration from bitrate, this may be inaccurate
"
Bartletts Tinamou_sound/Bartletts Tinamou23,D:\other\Bird\Dataset\CC0\Bartletts Tinamou_sound\Bartletts Tinamou23.mp3,D:\other\Bird\Code\data\kaggle_training_wav_cache_sp\Bartletts Tinamou_sound\Bartletts Tinamou23.wav,converted,True,32000.0,1.0,113.984,8168349,3647488,241,0.44653919659897,
Bartletts Tinamou_sound/Bartletts Tinamou24,D:\other\Bird\Dataset\CC0\Bartletts Tinamou_sound\Bartletts Tinamou24.mp3,D:\other\Bird\Code\data\kaggle_training_wav_cache_sp\Bartletts Tinamou_sound\Bartletts Tinamou24.wav,converted,True,32000.0,1.0,104.527375,3941356,3344876,117,0.8486612221783569,"[mp3 @ 0000016589915680] Estimating duration from bitrate, this may be inaccurate
"
Bartletts Tinamou_sound/Bartletts Tinamou26,D:\other\Bird\Dataset\CC0\Bartletts Tinamou_sound\Bartletts Tinamou26.mp3,D:\other\Bird\Code\data\kaggle_training_wav_cache_sp\Bartletts Tinamou_sound\Bartletts Tinamou26.wav,converted,True,32000.0,1.0,22.961625,734772,734772,1,1.0,
Bartletts Tinamou_sound/Bartletts Tinamou25,D:\other\Bird\Dataset\CC0\Bartletts Tinamou_sound\Bartletts Tinamou25.mp3,D:\other\Bird\Code\data\kaggle_training_wav_cache_sp\Bartletts Tinamou_sound\Bartletts Tinamou25.wav,converted,True,32000.0,1.0,104.527375,3941356,3344876,117,0.8486612221783569,"[mp3 @ 000002749a755680] Estimating duration from bitrate, this may be inaccurate
"
Bartletts Tinamou_sound/Bartletts Tinamou27,D:\other\Bird\Dataset\CC0\Bartletts Tinamou_sound\Bartletts Tinamou27.mp3,D:\other\Bird\Code\data\kaggle_training_wav_cache_sp\Bartletts Tinamou_sound\Bartletts Tinamou27.wav,converted,True,32000.0,1.0,79.408,2542864,2541056,2,0.9992889906813734,"[mp3 @ 00000216bf155680] Estimating duration from bitrate, this may be inaccurate
"
Bartletts Tinamou_sound/Bartletts Tinamou28,D:\other\Bird\Dataset\CC0\Bartletts Tinamou_sound\Bartletts Tinamou28.mp3,D:\other\Bird\Code\data\kaggle_training_wav_cache_sp\Bartletts Tinamou_sound\Bartletts Tinamou28.wav,converted,True,32000.0,1.0,21.66728125,732265,693353,2,0.9468607676182803,"[mp3 @ 0000023bc1b55680] Estimating duration from bitrate, this may be inaccurate
"
Bartletts Tinamou_sound/Bartletts Tinamou29,D:\other\Bird\Dataset\CC0\Bartletts Tinamou_sound\Bartletts Tinamou29.mp3,D:\other\Bird\Code\data\kaggle_training_wav_cache_sp\Bartletts Tinamou_sound\Bartletts Tinamou29.wav,converted,True,32000.0,1.0,324.816,10859520,10394112,169,0.9571428571428572,"[mp3 @ 000002943e975680] Estimating duration from bitrate, this may be inaccurate
"
Bartletts Tinamou_sound/Bartletts Tinamou30,D:\other\Bird\Dataset\CC0\Bartletts Tinamou_sound\Bartletts Tinamou30.mp3,D:\other\Bird\Code\data\kaggle_training_wav_cache_sp\Bartletts Tinamou_sound\Bartletts Tinamou30.wav,converted,True,32000.0,1.0,43.872,1477068,1403904,9,0.9504667354515838,"[mp3 @ 0000021d5d165680] Estimating duration from bitrate, this may be inaccurate
"
Bartletts Tinamou_sound/Bartletts Tinamou3,D:\other\Bird\Dataset\CC0\Bartletts Tinamou_sound\Bartletts Tinamou3.mp3,D:\other\Bird\Code\data\kaggle_training_wav_cache_sp\Bartletts Tinamou_sound\Bartletts Tinamou3.wav,converted,True,32000.0,1.0,211.888,12776177,6780416,339,0.5307077383163994,"[mp3 @ 0000016b72c85680] Estimating duration from bitrate, this may be inaccurate
"
Bartletts Tinamou_sound/Bartletts Tinamou31,D:\other\Bird\Dataset\CC0\Bartletts Tinamou_sound\Bartletts Tinamou31.mp3,D:\other\Bird\Code\data\kaggle_training_wav_cache_sp\Bartletts Tinamou_sound\Bartletts Tinamou31.wav,converted,True,32000.0,1.0,57.984,1856574,1855488,2,0.9994150515950347,"[mp3 @ 0000020ae79d5680] Estimating duration from bitrate, this may be inaccurate
"
Bartletts Tinamou_sound/Bartletts Tinamou5,D:\other\Bird\Dataset\CC0\Bartletts Tinamou_sound\Bartletts Tinamou5.mp3,D:\other\Bird\Code\data\kaggle_training_wav_cache_sp\Bartletts Tinamou_sound\Bartletts Tinamou5.wav,converted,True,32000.0,1.0,44.224,2740977,1415168,189,0.5163005745761456,"[mp3 @ 000001c8fa915680] Estimating duration from bitrate, this may be inaccurate
"
Bartletts Tinamou_sound/Bartletts Tinamou6,D:\other\Bird\Dataset\CC0\Bartletts Tinamou_sound\Bartletts Tinamou6.mp3,D:\other\Bird\Code\data\kaggle_training_wav_cache_sp\Bartletts Tinamou_sound\Bartletts Tinamou6.wav,converted,True,32000.0,1.0,32.528,1263909,1040896,35,0.8235529614869425,"[mp3 @ 000002413d7f5680] Estimating duration from bitrate, this may be inaccurate
"
Bartletts Tinamou_sound/Bartletts Tinamou7,D:\other\Bird\Dataset\CC0\Bartletts Tinamou_sound\Bartletts Tinamou7.mp3,D:\other\Bird\Code\data\kaggle_training_wav_cache_sp\Bartletts Tinamou_sound\Bartletts Tinamou7.wav,converted,True,32000.0,1.0,56.936,1825536,1821952,3,0.9980367409900435,"[mp3 @ 0000014ee8405680] Estimating duration from bitrate, this may be inaccurate
"
Bartletts Tinamou_sound/Bartletts Tinamou8,D:\other\Bird\Dataset\CC0\Bartletts Tinamou_sound\Bartletts Tinamou8.mp3,D:\other\Bird\Code\data\kaggle_training_wav_cache_sp\Bartletts Tinamou_sound\Bartletts Tinamou8.wav,converted,True,32000.0,1.0,23.066125,738116,738116,1,1.0,
Bartletts Tinamou_sound/Bartletts Tinamou4,D:\other\Bird\Dataset\CC0\Bartletts Tinamou_sound\Bartletts Tinamou4.mp3,D:\other\Bird\Code\data\kaggle_training_wav_cache_sp\Bartletts Tinamou_sound\Bartletts Tinamou4.wav,converted,True,32000.0,1.0,211.888,12776177,6780416,339,0.5307077383163994,"[mp3 @ 000001920adb5680] Estimating duration from bitrate, this may be inaccurate
"
Baudo Guan_sound/Baudo Guan10,D:\other\Bird\Dataset\CC0\Baudo Guan_sound\Baudo Guan10.mp3,D:\other\Bird\Code\data\kaggle_training_wav_cache_sp\Baudo Guan_sound\Baudo Guan10.wav,converted,True,32000.0,1.0,39.376,1619174,1260032,77,0.7781943138909098,"[mp3 @ 000002827ef056c0] Estimating duration from bitrate, this may be inaccurate
"
Baudo Guan_sound/Baudo Guan11,D:\other\Bird\Dataset\CC0\Baudo Guan_sound\Baudo Guan11.mp3,D:\other\Bird\Code\data\kaggle_training_wav_cache_sp\Baudo Guan_sound\Baudo Guan11.wav,converted,True,32000.0,1.0,39.376,1619174,1260032,77,0.7781943138909098,"[mp3 @ 0000012f9eb856c0] Estimating duration from bitrate, this may be inaccurate
"
Baudo Guan_sound/Baudo Guan12,D:\other\Bird\Dataset\CC0\Baudo Guan_sound\Baudo Guan12.mp3,D:\other\Bird\Code\data\kaggle_training_wav_cache_sp\Baudo Guan_sound\Baudo Guan12.wav,converted,True,32000.0,1.0,37.36,1298182,1195520,31,0.9209186385268013,"[mp3 @ 000001ed6f6056c0] Estimating duration from bitrate, this may be inaccurate
"
Bartletts Tinamou_sound/Bartletts Tinamou9,D:\other\Bird\Dataset\CC0\Bartletts Tinamou_sound\Bartletts Tinamou9.mp3,D:\other\Bird\Code\data\kaggle_training_wav_cache_sp\Bartletts Tinamou_sound\Bartletts Tinamou9.wav,converted,True,32000.0,1.0,289.728,9289728,9271296,8,0.998015873015873,"[mp3 @ 0000021159045680] Estimating duration from bitrate, this may be inaccurate
"
Baudo Guan_sound/Baudo Guan13,D:\other\Bird\Dataset\CC0\Baudo Guan_sound\Baudo Guan13.mp3,D:\other\Bird\Code\data\kaggle_training_wav_cache_sp\Baudo Guan_sound\Baudo Guan13.wav,converted,True,32000.0,1.0,37.36,1298182,1195520,31,0.9209186385268013,"[mp3 @ 000001c0ca9d56c0] Estimating duration from bitrate, this may be inaccurate
"
Baudo Guan_sound/Baudo Guan14,D:\other\Bird\Dataset\CC0\Baudo Guan_sound\Baudo Guan14.mp3,D:\other\Bird\Code\data\kaggle_training_wav_cache_sp\Baudo Guan_sound\Baudo Guan14.wav,converted,True,32000.0,1.0,37.36,1298182,1195520,31,0.9209186385268013,"[mp3 @ 00000254732956c0] Estimating duration from bitrate, this may be inaccurate
"
Baudo Guan_sound/Baudo Guan15,D:\other\Bird\Dataset\CC0\Baudo Guan_sound\Baudo Guan15.mp3,D:\other\Bird\Code\data\kaggle_training_wav_cache_sp\Baudo Guan_sound\Baudo Guan15.wav,converted,True,32000.0,1.0,37.36,1298182,1195520,31,0.9209186385268013,"[mp3 @ 0000025e864a56c0] Estimating duration from bitrate, this may be inaccurate
"
Baudo Guan_sound/Baudo Guan3,D:\other\Bird\Dataset\CC0\Baudo Guan_sound\Baudo Guan3.mp3,D:\other\Bird\Code\data\kaggle_training_wav_cache_sp\Baudo Guan_sound\Baudo Guan3.wav,converted,True,32000.0,1.0,15.36,537496,491520,2,0.9144626192567015,"[mp3 @ 0000021ce39356c0] Estimating duration from bitrate, this may be inaccurate
"
Baudo Guan_sound/Baudo Guan2,D:\other\Bird\Dataset\CC0\Baudo Guan_sound\Baudo Guan2.mp3,D:\other\Bird\Code\data\kaggle_training_wav_cache_sp\Baudo Guan_sound\Baudo Guan2.wav,converted,True,32000.0,1.0,47.81096875,1535583,1529951,1,0.9963323376203045,"[mp3 @ 000001a8389a56c0] Estimating duration from bitrate, this may be inaccurate
[mp3float @ 000001a8389a7d40] Header missing
Error while decoding stream #0:0: Invalid data found when processing input
"
Baudo Guan_sound/Baudo Guan5,D:\other\Bird\Dataset\CC0\Baudo Guan_sound\Baudo Guan5.mp3,D:\other\Bird\Code\data\kaggle_training_wav_cache_sp\Baudo Guan_sound\Baudo Guan5.wav,converted,True,32000.0,1.0,23.168,764866,741376,1,0.9692887381580565,"[mp3 @ 00000214fecf56c0] Estimating duration from bitrate, this may be inaccurate
"
Baudo Guan_sound/Baudo Guan4,D:\other\Bird\Dataset\CC0\Baudo Guan_sound\Baudo Guan4.mp3,D:\other\Bird\Code\data\kaggle_training_wav_cache_sp\Baudo Guan_sound\Baudo Guan4.wav,converted,True,32000.0,1.0,50.144,1621682,1604608,1,0.989471425347263,"[mp3 @ 000002631d7256c0] Estimating duration from bitrate, this may be inaccurate
"
Baudo Guan_sound/Baudo Guan6,D:\other\Bird\Dataset\CC0\Baudo Guan_sound\Baudo Guan6.mp3,D:\other\Bird\Code\data\kaggle_training_wav_cache_sp\Baudo Guan_sound\Baudo Guan6.wav,converted,True,32000.0,1.0,38.544,1248027,1233408,1,0.9882863111134614,"[mp3 @ 0000026c7f0256c0] Estimating duration from bitrate, this may be inaccurate
"
Baudo Guan_sound/Baudo Guan7,D:\other\Bird\Dataset\CC0\Baudo Guan_sound\Baudo Guan7.mp3,D:\other\Bird\Code\data\kaggle_training_wav_cache_sp\Baudo Guan_sound\Baudo Guan7.wav,converted,True,32000.0,1.0,14.256,498208,456192,2,0.915665746033785,"[mp3 @ 000002a2e40a56c0] Estimating duration from bitrate, this may be inaccurate
"
Baudo Guan_sound/Baudo Guan8,D:\other\Bird\Dataset\CC0\Baudo Guan_sound\Baudo Guan8.mp3,D:\other\Bird\Code\data\kaggle_training_wav_cache_sp\Baudo Guan_sound\Baudo Guan8.wav,converted,True,32000.0,1.0,18.016,604369,576512,1,0.9539072983558058,"[mp3 @ 00000261ce4b56c0] Estimating duration from bitrate, this may be inaccurate
"
Baudo Guan_sound/Baudo Guan9,D:\other\Bird\Dataset\CC0\Baudo Guan_sound\Baudo Guan9.mp3,D:\other\Bird\Code\data\kaggle_training_wav_cache_sp\Baudo Guan_sound\Baudo Guan9.wav,converted,True,32000.0,1.0,31.616,1039883,1011712,1,0.9729094523133852,"[mp3 @ 0000026a0f8956c0] Estimating duration from bitrate, this may be inaccurate
"
Bearded Guan_sound/Bearded Guan10,D:\other\Bird\Dataset\CC0\Bearded Guan_sound\Bearded Guan10.mp3,D:\other\Bird\Code\data\kaggle_training_wav_cache_sp\Bearded Guan_sound\Bearded Guan10.wav,converted,True,32000.0,1.0,58.72,2031282,1879040,53,0.9250512730384063,"[mp3 @ 000001b3d22956c0] Estimating duration from bitrate, this may be inaccurate
"
Bearded Guan_sound/Bearded Guan11,D:\other\Bird\Dataset\CC0\Bearded Guan_sound\Bearded Guan11.mp3,D:\other\Bird\Code\data\kaggle_training_wav_cache_sp\Bearded Guan_sound\Bearded Guan11.wav,converted,True,32000.0,1.0,58.72,2031282,1879040,53,0.9250512730384063,"[mp3 @ 000002707ff456c0] Estimating duration from bitrate, this may be inaccurate
"
Bearded Guan_sound/Bearded Guan12,D:\other\Bird\Dataset\CC0\Bearded Guan_sound\Bearded Guan12.mp3,D:\other\Bird\Code\data\kaggle_training_wav_cache_sp\Bearded Guan_sound\Bearded Guan12.wav,converted,True,32000.0,1.0,58.72,2031282,1879040,53,0.9250512730384063,"[mp3 @ 00000235835f56c0] Estimating duration from bitrate, this may be inaccurate
"
Bearded Guan_sound/Bearded Guan13,D:\other\Bird\Dataset\CC0\Bearded Guan_sound\Bearded Guan13.mp3,D:\other\Bird\Code\data\kaggle_training_wav_cache_sp\Bearded Guan_sound\Bearded Guan13.wav,converted,True,32000.0,1.0,58.72,2031282,1879040,53,0.9250512730384063,"[mp3 @ 0000015de98656c0] Estimating duration from bitrate, this may be inaccurate
"
Bearded Guan_sound/Bearded Guan14,D:\other\Bird\Dataset\CC0\Bearded Guan_sound\Bearded Guan14.mp3,D:\other\Bird\Code\data\kaggle_training_wav_cache_sp\Bearded Guan_sound\Bearded Guan14.wav,converted,True,32000.0,1.0,58.72,2031282,1879040,53,0.9250512730384063,"[mp3 @ 0000026f9a2656c0] Estimating duration from bitrate, this may be inaccurate
"
Bearded Guan_sound/Bearded Guan15,D:\other\Bird\Dataset\CC0\Bearded Guan_sound\Bearded Guan15.mp3,D:\other\Bird\Code\data\kaggle_training_wav_cache_sp\Bearded Guan_sound\Bearded Guan15.wav,converted,True,32000.0,1.0,58.72,2031282,1879040,53,0.9250512730384063,"[mp3 @ 0000022fcfe556c0] Estimating duration from bitrate, this may be inaccurate
"
Bearded Guan_sound/Bearded Guan16,D:\other\Bird\Dataset\CC0\Bearded Guan_sound\Bearded Guan16.mp3,D:\other\Bird\Code\data\kaggle_training_wav_cache_sp\Bearded Guan_sound\Bearded Guan16.wav,converted,True,32000.0,1.0,9.2,724224,294400,49,0.4065040650406504,"[mp3 @ 000001f57fdc56c0] Estimating duration from bitrate, this may be inaccurate
"
Bearded Guan_sound/Bearded Guan18,D:\other\Bird\Dataset\CC0\Bearded Guan_sound\Bearded Guan18.mp3,D:\other\Bird\Code\data\kaggle_training_wav_cache_sp\Bearded Guan_sound\Bearded Guan18.wav,converted,True,32000.0,1.0,26.496,848458,847872,1,0.9993093352882524,"[mp3 @ 0000023f1d5656c0] Estimating duration from bitrate, this may be inaccurate
"
Bearded Guan_sound/Bearded Guan17,D:\other\Bird\Dataset\CC0\Bearded Guan_sound\Bearded Guan17.mp3,D:\other\Bird\Code\data\kaggle_training_wav_cache_sp\Bearded Guan_sound\Bearded Guan17.wav,converted,True,32000.0,1.0,49.199375,1729516,1574380,66,0.9103009165570021,"[mp3 @ 00000228e48156c0] Estimating duration from bitrate, this may be inaccurate
"
Bearded Guan_sound/Bearded Guan19,D:\other\Bird\Dataset\CC0\Bearded Guan_sound\Bearded Guan19.mp3,D:\other\Bird\Code\data\kaggle_training_wav_cache_sp\Bearded Guan_sound\Bearded Guan19.wav,converted,True,32000.0,1.0,33.92,1086694,1085440,1,0.9988460412958938,"[mp3 @ 0000024d883556c0] Estimating duration from bitrate, this may be inaccurate
"
Bearded Guan_sound/Bearded Guan2,D:\other\Bird\Dataset\CC0\Bearded Guan_sound\Bearded Guan2.mp3,D:\other\Bird\Code\data\kaggle_training_wav_cache_sp\Bearded Guan_sound\Bearded Guan2.wav,converted,True,32000.0,1.0,34.7961875,1113478,1113478,1,1.0,
Bearded Guan_sound/Bearded Guan20,D:\other\Bird\Dataset\CC0\Bearded Guan_sound\Bearded Guan20.mp3,D:\other\Bird\Code\data\kaggle_training_wav_cache_sp\Bearded Guan_sound\Bearded Guan20.wav,converted,True,32000.0,1.0,21.50890625,688797,688285,1,0.9992566750435905,"[mp3 @ 00000245938f56c0] Estimating duration from bitrate, this may be inaccurate
"
Bearded Guan_sound/Bearded Guan21,D:\other\Bird\Dataset\CC0\Bearded Guan_sound\Bearded Guan21.mp3,D:\other\Bird\Code\data\kaggle_training_wav_cache_sp\Bearded Guan_sound\Bearded Guan21.wav,converted,True,32000.0,1.0,21.50890625,688797,688285,1,0.9992566750435905,"[mp3 @ 0000025ea6a656c0] Estimating duration from bitrate, this may be inaccurate
"
Bearded Guan_sound/Bearded Guan23,D:\other\Bird\Dataset\CC0\Bearded Guan_sound\Bearded Guan23.mp3,D:\other\Bird\Code\data\kaggle_training_wav_cache_sp\Bearded Guan_sound\Bearded Guan23.wav,converted,True,32000.0,1.0,32.728,1071360,1047296,23,0.9775388291517324,
Bearded Guan_sound/Bearded Guan22,D:\other\Bird\Dataset\CC0\Bearded Guan_sound\Bearded Guan22.mp3,D:\other\Bird\Code\data\kaggle_training_wav_cache_sp\Bearded Guan_sound\Bearded Guan22.wav,converted,True,32000.0,1.0,69.744,2253636,2231808,1,0.9903143187276029,"[mp3 @ 00000157d22356c0] Estimating duration from bitrate, this may be inaccurate
"
Bearded Guan_sound/Bearded Guan24,D:\other\Bird\Dataset\CC0\Bearded Guan_sound\Bearded Guan24.mp3,D:\other\Bird\Code\data\kaggle_training_wav_cache_sp\Bearded Guan_sound\Bearded Guan24.wav,converted,True,32000.0,1.0,34.70121875,1110439,1110439,1,1.0,
Bearded Guan_sound/Bearded Guan26,D:\other\Bird\Dataset\CC0\Bearded Guan_sound\Bearded Guan26.mp3,D:\other\Bird\Code\data\kaggle_training_wav_cache_sp\Bearded Guan_sound\Bearded Guan26.wav,converted,True,32000.0,1.0,5.58434375,179723,178699,2,0.9943023430501383,"[mp3 @ 0000018de59e56c0] Estimating duration from bitrate, this may be inaccurate
"
Bearded Guan_sound/Bearded Guan25,D:\other\Bird\Dataset\CC0\Bearded Guan_sound\Bearded Guan25.mp3,D:\other\Bird\Code\data\kaggle_training_wav_cache_sp\Bearded Guan_sound\Bearded Guan25.wav,converted,True,32000.0,1.0,34.70121875,1110439,1110439,1,1.0,
Bearded Guan_sound/Bearded Guan27,D:\other\Bird\Dataset\CC0\Bearded Guan_sound\Bearded Guan27.mp3,D:\other\Bird\Code\data\kaggle_training_wav_cache_sp\Bearded Guan_sound\Bearded Guan27.wav,converted,True,32000.0,1.0,14.00165625,448053,448053,1,1.0,"[mp3 @ 000002cbca9056c0] Estimating duration from bitrate, this may be inaccurate
"
Bearded Guan_sound/Bearded Guan3,D:\other\Bird\Dataset\CC0\Bearded Guan_sound\Bearded Guan3.mp3,D:\other\Bird\Code\data\kaggle_training_wav_cache_sp\Bearded Guan_sound\Bearded Guan3.wav,converted,True,32000.0,1.0,34.7961875,1113478,1113478,1,1.0,
Bearded Guan_sound/Bearded Guan28,D:\other\Bird\Dataset\CC0\Bearded Guan_sound\Bearded Guan28.mp3,D:\other\Bird\Code\data\kaggle_training_wav_cache_sp\Bearded Guan_sound\Bearded Guan28.wav,converted,True,32000.0,1.0,47.81096875,1535583,1529951,1,0.9963323376203045,"[mp3 @ 0000027da41d56c0] Estimating duration from bitrate, this may be inaccurate
[mp3float @ 0000027da41d7d40] Header missing
Error while decoding stream #0:0: Invalid data found when processing input
"
Bearded Guan_sound/Bearded Guan5,D:\other\Bird\Dataset\CC0\Bearded Guan_sound\Bearded Guan5.mp3,D:\other\Bird\Code\data\kaggle_training_wav_cache_sp\Bearded Guan_sound\Bearded Guan5.wav,converted,True,32000.0,1.0,7.92,295916,253440,3,0.8564592654672272,"[mp3 @ 0000013b05e956c0] Estimating duration from bitrate, this may be inaccurate
"
Bearded Guan_sound/Bearded Guan4,D:\other\Bird\Dataset\CC0\Bearded Guan_sound\Bearded Guan4.mp3,D:\other\Bird\Code\data\kaggle_training_wav_cache_sp\Bearded Guan_sound\Bearded Guan4.wav,converted,True,32000.0,1.0,34.7961875,1113478,1113478,1,1.0,
Bearded Guan_sound/Bearded Guan6,D:\other\Bird\Dataset\CC0\Bearded Guan_sound\Bearded Guan6.mp3,D:\other\Bird\Code\data\kaggle_training_wav_cache_sp\Bearded Guan_sound\Bearded Guan6.wav,converted,True,32000.0,1.0,24.304,791614,777728,3,0.982458622510466,"[mp3 @ 000001d0d47c56c0] Estimating duration from bitrate, this may be inaccurate
"
Bearded Guan_sound/Bearded Guan8,D:\other\Bird\Dataset\CC0\Bearded Guan_sound\Bearded Guan8.mp3,D:\other\Bird\Code\data\kaggle_training_wav_cache_sp\Bearded Guan_sound\Bearded Guan8.wav,converted,True,32000.0,1.0,110.048,4514796,3521536,407,0.7799989191095235,"[mp3 @ 0000017d08ad56c0] Estimating duration from bitrate, this may be inaccurate
"
Bearded Guan_sound/Bearded Guan9,D:\other\Bird\Dataset\CC0\Bearded Guan_sound\Bearded Guan9.mp3,D:\other\Bird\Code\data\kaggle_training_wav_cache_sp\Bearded Guan_sound\Bearded Guan9.wav,converted,True,32000.0,1.0,35.248,1165271,1127936,14,0.9679602427246538,"[mp3 @ 0000015fda6956c0] Estimating duration from bitrate, this may be inaccurate
"
Berlepschs Tinamou_sound/Berlepschs Tinamou10,D:\other\Bird\Dataset\CC0\Berlepschs Tinamou_sound\Berlepschs Tinamou10.mp3,D:\other\Bird\Code\data\kaggle_training_wav_cache_sp\Berlepschs Tinamou_sound\Berlepschs Tinamou10.wav,converted,True,32000.0,1.0,25.392,896105,812544,7,0.9067508829880427,"[mp3 @ 0000017fbba256c0] Estimating duration from bitrate, this may be inaccurate
"
Berlepschs Tinamou_sound/Berlepschs Tinamou11,D:\other\Bird\Dataset\CC0\Berlepschs Tinamou_sound\Berlepschs Tinamou11.mp3,D:\other\Bird\Code\data\kaggle_training_wav_cache_sp\Berlepschs Tinamou_sound\Berlepschs Tinamou11.wav,converted,True,32000.0,1.0,29.168,958799,933376,1,0.9734845363835382,"[mp3 @ 000001d2feb756c0] Estimating duration from bitrate, this may be inaccurate
"
Bearded Guan_sound/Bearded Guan7,D:\other\Bird\Dataset\CC0\Bearded Guan_sound\Bearded Guan7.mp3,D:\other\Bird\Code\data\kaggle_training_wav_cache_sp\Bearded Guan_sound\Bearded Guan7.wav,converted,True,32000.0,1.0,259.12,10031857,8291840,532,0.826550856935062,"[mp3 @ 00000257418356c0] Estimating duration from bitrate, this may be inaccurate
"
Berlepschs Tinamou_sound/Berlepschs Tinamou12,D:\other\Bird\Dataset\CC0\Berlepschs Tinamou_sound\Berlepschs Tinamou12.mp3,D:\other\Bird\Code\data\kaggle_training_wav_cache_sp\Berlepschs Tinamou_sound\Berlepschs Tinamou12.wav,converted,True,32000.0,1.0,29.168,958799,933376,1,0.9734845363835382,"[mp3 @ 00000291975356c0] Estimating duration from bitrate, this may be inaccurate
"
Berlepschs Tinamou_sound/Berlepschs Tinamou14,D:\other\Bird\Dataset\CC0\Berlepschs Tinamou_sound\Berlepschs Tinamou14.mp3,D:\other\Bird\Code\data\kaggle_training_wav_cache_sp\Berlepschs Tinamou_sound\Berlepschs Tinamou14.wav,converted,True,32000.0,1.0,6.576,224027,210432,1,0.9393153503818736,"[mp3 @ 000001c32d7456c0] Estimating duration from bitrate, this may be inaccurate
"
Berlepschs Tinamou_sound/Berlepschs Tinamou13,D:\other\Bird\Dataset\CC0\Berlepschs Tinamou_sound\Berlepschs Tinamou13.mp3,D:\other\Bird\Code\data\kaggle_training_wav_cache_sp\Berlepschs Tinamou_sound\Berlepschs Tinamou13.wav,converted,True,32000.0,1.0,29.168,933721,933376,1,0.9996305106129133,"[mp3 @ 0000013387a056c0] Estimating duration from bitrate, this may be inaccurate
"
Berlepschs Tinamou_sound/Berlepschs Tinamou3,D:\other\Bird\Dataset\CC0\Berlepschs Tinamou_sound\Berlepschs Tinamou3.mp3,D:\other\Bird\Code\data\kaggle_training_wav_cache_sp\Berlepschs Tinamou_sound\Berlepschs Tinamou3.wav,too_short_after_preprocess,,,,4.736,417960,151552,29,0.3625992917982582,
Berlepschs Tinamou_sound/Berlepschs Tinamou2,D:\other\Bird\Dataset\CC0\Berlepschs Tinamou_sound\Berlepschs Tinamou2.mp3,D:\other\Bird\Code\data\kaggle_training_wav_cache_sp\Berlepschs Tinamou_sound\Berlepschs Tinamou2.wav,too_short_after_preprocess,,,,4.736,417960,151552,29,0.3625992917982582,
Berlepschs Tinamou_sound/Berlepschs Tinamou4,D:\other\Bird\Dataset\CC0\Berlepschs Tinamou_sound\Berlepschs Tinamou4.mp3,D:\other\Bird\Code\data\kaggle_training_wav_cache_sp\Berlepschs Tinamou_sound\Berlepschs Tinamou4.wav,too_short_after_preprocess,,,,4.736,417960,151552,29,0.3625992917982582,
Berlepschs Tinamou_sound/Berlepschs Tinamou5,D:\other\Bird\Dataset\CC0\Berlepschs Tinamou_sound\Berlepschs Tinamou5.mp3,D:\other\Bird\Code\data\kaggle_training_wav_cache_sp\Berlepschs Tinamou_sound\Berlepschs Tinamou5.wav,too_short_after_preprocess,,,,4.736,417960,151552,29,0.3625992917982582,
Berlepschs Tinamou_sound/Berlepschs Tinamou6,D:\other\Bird\Dataset\CC0\Berlepschs Tinamou_sound\Berlepschs Tinamou6.mp3,D:\other\Bird\Code\data\kaggle_training_wav_cache_sp\Berlepschs Tinamou_sound\Berlepschs Tinamou6.wav,too_short_after_preprocess,,,,4.736,417960,151552,29,0.3625992917982582,
Berlepschs Tinamou_sound/Berlepschs Tinamou7,D:\other\Bird\Dataset\CC0\Berlepschs Tinamou_sound\Berlepschs Tinamou7.mp3,D:\other\Bird\Code\data\kaggle_training_wav_cache_sp\Berlepschs Tinamou_sound\Berlepschs Tinamou7.wav,converted,True,32000.0,1.0,15.904,524121,508928,1,0.9710124188880048,"[mp3 @ 000002cfb25956c0] Estimating duration from bitrate, this may be inaccurate
"
Berlepschs Tinamou_sound/Berlepschs Tinamou8,D:\other\Bird\Dataset\CC0\Berlepschs Tinamou_sound\Berlepschs Tinamou8.mp3,D:\other\Bird\Code\data\kaggle_training_wav_cache_sp\Berlepschs Tinamou_sound\Berlepschs Tinamou8.wav,too_short_after_preprocess,,,,4.08,402077,130560,22,0.32471392295505586,
Berlepschs Tinamou_sound/Berlepschs Tinamou9,D:\other\Bird\Dataset\CC0\Berlepschs Tinamou_sound\Berlepschs Tinamou9.mp3,D:\other\Bird\Code\data\kaggle_training_wav_cache_sp\Berlepschs Tinamou_sound\Berlepschs Tinamou9.wav,converted,True,32000.0,1.0,25.392,896105,812544,7,0.9067508829880427,"[mp3 @ 000001e4887f56c0] Estimating duration from bitrate, this may be inaccurate
"
Biak Scrubfowl_sound/Biak Scrubfowl10,D:\other\Bird\Dataset\CC0\Biak Scrubfowl_sound\Biak Scrubfowl10.mp3,D:\other\Bird\Code\data\kaggle_training_wav_cache_sp\Biak Scrubfowl_sound\Biak Scrubfowl10.wav,converted,True,32000.0,1.0,9.224,295680,295168,1,0.9982683982683983,"[mp3 @ 00000221a96e56c0] Estimating duration from bitrate, this may be inaccurate
"
Biak Scrubfowl_sound/Biak Scrubfowl2,D:\other\Bird\Dataset\CC0\Biak Scrubfowl_sound\Biak Scrubfowl2.mp3,D:\other\Bird\Code\data\kaggle_training_wav_cache_sp\Biak Scrubfowl_sound\Biak Scrubfowl2.wav,too_short_after_preprocess,,,,4.848,192000,155136,1,0.808,
Biak Scrubfowl_sound/Biak Scrubfowl3,D:\other\Bird\Dataset\CC0\Biak Scrubfowl_sound\Biak Scrubfowl3.mp3,D:\other\Bird\Code\data\kaggle_training_wav_cache_sp\Biak Scrubfowl_sound\Biak Scrubfowl3.wav,too_short_after_preprocess,,,,4.848,192000,155136,1,0.808,
Biak Scrubfowl_sound/Biak Scrubfowl5,D:\other\Bird\Dataset\CC0\Biak Scrubfowl_sound\Biak Scrubfowl5.mp3,D:\other\Bird\Code\data\kaggle_training_wav_cache_sp\Biak Scrubfowl_sound\Biak Scrubfowl5.wav,converted,True,32000.0,1.0,7.04,229632,225280,2,0.9810479375696767,"[mp3 @ 0000023f842956c0] Estimating duration from bitrate, this may be inaccurate
"
Biak Scrubfowl_sound/Biak Scrubfowl6,D:\other\Bird\Dataset\CC0\Biak Scrubfowl_sound\Biak Scrubfowl6.mp3,D:\other\Bird\Code\data\kaggle_training_wav_cache_sp\Biak Scrubfowl_sound\Biak Scrubfowl6.wav,converted,True,32000.0,1.0,7.04,229632,225280,2,0.9810479375696767,"[mp3 @ 000002c977bd56c0] Estimating duration from bitrate, this may be inaccurate
"
Biak Scrubfowl_sound/Biak Scrubfowl4,D:\other\Bird\Dataset\CC0\Biak Scrubfowl_sound\Biak Scrubfowl4.mp3,D:\other\Bird\Code\data\kaggle_training_wav_cache_sp\Biak Scrubfowl_sound\Biak Scrubfowl4.wav,converted,True,32000.0,1.0,29.296,1119744,937472,2,0.837219935985368,"[mp3 @ 00000233e75156c0] Estimating duration from bitrate, this may be inaccurate
"
Biak Scrubfowl_sound/Biak Scrubfowl7,D:\other\Bird\Dataset\CC0\Biak Scrubfowl_sound\Biak Scrubfowl7.mp3,D:\other\Bird\Code\data\kaggle_training_wav_cache_sp\Biak Scrubfowl_sound\Biak Scrubfowl7.wav,converted,True,32000.0,1.0,9.224,295680,295168,1,0.9982683982683983,"[mp3 @ 000001b8450856c0] Estimating duration from bitrate, this may be inaccurate
"
Biak Scrubfowl_sound/Biak Scrubfowl8,D:\other\Bird\Dataset\CC0\Biak Scrubfowl_sound\Biak Scrubfowl8.mp3,D:\other\Bird\Code\data\kaggle_training_wav_cache_sp\Biak Scrubfowl_sound\Biak Scrubfowl8.wav,converted,True,32000.0,1.0,9.224,295680,295168,1,0.9982683982683983,"[mp3 @ 0000022d2f5556c0] Estimating duration from bitrate, this may be inaccurate
"
Biak Scrubfowl_sound/Biak Scrubfowl9,D:\other\Bird\Dataset\CC0\Biak Scrubfowl_sound\Biak Scrubfowl9.mp3,D:\other\Bird\Code\data\kaggle_training_wav_cache_sp\Biak Scrubfowl_sound\Biak Scrubfowl9.wav,converted,True,32000.0,1.0,9.224,295680,295168,1,0.9982683982683983,"[mp3 @ 00000253103f56c0] Estimating duration from bitrate, this may be inaccurate
"
Black Tinamou_sound/Black Tinamou10,D:\other\Bird\Dataset\CC0\Black Tinamou_sound\Black Tinamou10.mp3,D:\other\Bird\Code\data\kaggle_training_wav_cache_sp\Black Tinamou_sound\Black Tinamou10.wav,too_short_after_preprocess,,,,2.848,130196,91136,6,0.6999907831269778,
Black Tinamou_sound/Black Tinamou11,D:\other\Bird\Dataset\CC0\Black Tinamou_sound\Black Tinamou11.mp3,D:\other\Bird\Code\data\kaggle_training_wav_cache_sp\Black Tinamou_sound\Black Tinamou11.wav,converted,True,32000.0,1.0,23.136,740352,740352,1,1.0,"[mp3 @ 000002b5a6b156c0] Estimating duration from bitrate, this may be inaccurate
"
Black Tinamou_sound/Black Tinamou12,D:\other\Bird\Dataset\CC0\Black Tinamou_sound\Black Tinamou12.mp3,D:\other\Bird\Code\data\kaggle_training_wav_cache_sp\Black Tinamou_sound\Black Tinamou12.wav,converted,True,32000.0,1.0,20.78434375,671243,665099,1,0.9908468319222696,"[mp3 @ 00000223e27d56c0] Estimating duration from bitrate, this may be inaccurate
"
Black Tinamou_sound/Black Tinamou13,D:\other\Bird\Dataset\CC0\Black Tinamou_sound\Black Tinamou13.mp3,D:\other\Bird\Code\data\kaggle_training_wav_cache_sp\Black Tinamou_sound\Black Tinamou13.wav,converted,True,32000.0,1.0,16.56165625,529973,529973,1,1.0,"[mp3 @ 00000275c01756c0] Estimating duration from bitrate, this may be inaccurate
"
Black Tinamou_sound/Black Tinamou15,D:\other\Bird\Dataset\CC0\Black Tinamou_sound\Black Tinamou15.mp3,D:\other\Bird\Code\data\kaggle_training_wav_cache_sp\Black Tinamou_sound\Black Tinamou15.wav,converted,True,32000.0,1.0,77.42696875,2477663,2477663,1,1.0,"[mp3 @ 0000017924cf56c0] Estimating duration from bitrate, this may be inaccurate
"
Black Tinamou_sound/Black Tinamou16,D:\other\Bird\Dataset\CC0\Black Tinamou_sound\Black Tinamou16.mp3,D:\other\Bird\Code\data\kaggle_training_wav_cache_sp\Black Tinamou_sound\Black Tinamou16.wav,converted,True,32000.0,1.0,18.4405625,590098,590098,1,1.0,
Black Tinamou_sound/Black Tinamou17,D:\other\Bird\Dataset\CC0\Black Tinamou_sound\Black Tinamou17.mp3,D:\other\Bird\Code\data\kaggle_training_wav_cache_sp\Black Tinamou_sound\Black Tinamou17.wav,converted,True,32000.0,1.0,102.92246875,3293519,3293519,1,1.0,"[mp3 @ 000001ee379456c0] Estimating duration from bitrate, this may be inaccurate
"
Black Tinamou_sound/Black Tinamou18,D:\other\Bird\Dataset\CC0\Black Tinamou_sound\Black Tinamou18.mp3,D:\other\Bird\Code\data\kaggle_training_wav_cache_sp\Black Tinamou_sound\Black Tinamou18.wav,converted,True,32000.0,1.0,16.2040625,541058,518530,2,0.9583630590435775,
Black Tinamou_sound/Black Tinamou19,D:\other\Bird\Dataset\CC0\Black Tinamou_sound\Black Tinamou19.mp3,D:\other\Bird\Code\data\kaggle_training_wav_cache_sp\Black Tinamou_sound\Black Tinamou19.wav,converted,True,32000.0,1.0,16.2040625,541058,518530,2,0.9583630590435775,
Black Tinamou_sound/Black Tinamou2,D:\other\Bird\Dataset\CC0\Black Tinamou_sound\Black Tinamou2.mp3,D:\other\Bird\Code\data\kaggle_training_wav_cache_sp\Black Tinamou_sound\Black Tinamou2.wav,converted,True,32000.0,1.0,75.92784375,2429691,2429691,1,1.0,
Black Tinamou_sound/Black Tinamou20,D:\other\Bird\Dataset\CC0\Black Tinamou_sound\Black Tinamou20.mp3,D:\other\Bird\Code\data\kaggle_training_wav_cache_sp\Black Tinamou_sound\Black Tinamou20.wav,converted,True,32000.0,1.0,8.88,303150,284160,3,0.9373577436912419,
Black Tinamou_sound/Black Tinamou14,D:\other\Bird\Dataset\CC0\Black Tinamou_sound\Black Tinamou14.mp3,D:\other\Bird\Code\data\kaggle_training_wav_cache_sp\Black Tinamou_sound\Black Tinamou14.wav,converted,True,32000.0,1.0,345.0599375,15878270,11041918,1144,0.6954106461220272,"[mp3 @ 000001baad6c56c0] Estimating duration from bitrate, this may be inaccurate
"
Black Tinamou_sound/Black Tinamou21,D:\other\Bird\Dataset\CC0\Black Tinamou_sound\Black Tinamou21.mp3,D:\other\Bird\Code\data\kaggle_training_wav_cache_sp\Black Tinamou_sound\Black Tinamou21.wav,converted,True,32000.0,1.0,72.9685,2501904,2334992,70,0.9332860093752599,"[mp3 @ 0000029279fb56c0] Estimating duration from bitrate, this may be inaccurate
"
Black Tinamou_sound/Black Tinamou4,D:\other\Bird\Dataset\CC0\Black Tinamou_sound\Black Tinamou4.mp3,D:\other\Bird\Code\data\kaggle_training_wav_cache_sp\Black Tinamou_sound\Black Tinamou4.wav,converted,True,32000.0,1.0,18.88,636970,604160,1,0.9484905097571315,"[mp3 @ 00000237c8e556c0] Estimating duration from bitrate, this may be inaccurate
"
Black Tinamou_sound/Black Tinamou3,D:\other\Bird\Dataset\CC0\Black Tinamou_sound\Black Tinamou3.mp3,D:\other\Bird\Code\data\kaggle_training_wav_cache_sp\Black Tinamou_sound\Black Tinamou3.wav,converted,True,32000.0,1.0,75.92784375,2429691,2429691,1,1.0,
Black Tinamou_sound/Black Tinamou6,D:\other\Bird\Dataset\CC0\Black Tinamou_sound\Black Tinamou6.mp3,D:\other\Bird\Code\data\kaggle_training_wav_cache_sp\Black Tinamou_sound\Black Tinamou6.wav,converted,True,32000.0,1.0,9.76,318201,312320,4,0.9815179713451561,
Black Tinamou_sound/Black Tinamou5,D:\other\Bird\Dataset\CC0\Black Tinamou_sound\Black Tinamou5.mp3,D:\other\Bird\Code\data\kaggle_training_wav_cache_sp\Black Tinamou_sound\Black Tinamou5.wav,converted,True,32000.0,1.0,93.296,2986737,2985472,1,0.9995764608668256,
Black Tinamou_sound/Black Tinamou8,D:\other\Bird\Dataset\CC0\Black Tinamou_sound\Black Tinamou8.mp3,D:\other\Bird\Code\data\kaggle_training_wav_cache_sp\Black Tinamou_sound\Black Tinamou8.wav,converted,True,32000.0,1.0,5.8628125,187610,187610,1,1.0,
Black Tinamou_sound/Black Tinamou9,D:\other\Bird\Dataset\CC0\Black Tinamou_sound\Black Tinamou9.mp3,D:\other\Bird\Code\data\kaggle_training_wav_cache_sp\Black Tinamou_sound\Black Tinamou9.wav,converted,True,32000.0,1.0,6.69753125,214321,214321,1,1.0,
Black Tinamou_sound/Black Tinamou7,D:\other\Bird\Dataset\CC0\Black Tinamou_sound\Black Tinamou7.mp3,D:\other\Bird\Code\data\kaggle_training_wav_cache_sp\Black Tinamou_sound\Black Tinamou7.wav,converted,True,32000.0,1.0,62.805125,2009764,2009764,1,1.0,
Black-billed Brushturkey_sound/Black-billed Brushturkey10,D:\other\Bird\Dataset\CC0\Black-billed Brushturkey_sound\Black-billed Brushturkey10.mp3,D:\other\Bird\Code\data\kaggle_training_wav_cache_sp\Black-billed Brushturkey_sound\Black-billed Brushturkey10.wav,converted,True,32000.0,1.0,16.912,632791,541184,11,0.8552334024978231,"[mp3 @ 00000160b5085700] Estimating duration from bitrate, this may be inaccurate
"
Black-billed Brushturkey_sound/Black-billed Brushturkey11,D:\other\Bird\Dataset\CC0\Black-billed Brushturkey_sound\Black-billed Brushturkey11.mp3,D:\other\Bird\Code\data\kaggle_training_wav_cache_sp\Black-billed Brushturkey_sound\Black-billed Brushturkey11.wav,converted,True,32000.0,1.0,16.912,632791,541184,11,0.8552334024978231,"[mp3 @ 0000026548525700] Estimating duration from bitrate, this may be inaccurate
"
Black-billed Brushturkey_sound/Black-billed Brushturkey12,D:\other\Bird\Dataset\CC0\Black-billed Brushturkey_sound\Black-billed Brushturkey12.mp3,D:\other\Bird\Code\data\kaggle_training_wav_cache_sp\Black-billed Brushturkey_sound\Black-billed Brushturkey12.wav,converted,True,32000.0,1.0,16.912,632791,541184,11,0.8552334024978231,"[mp3 @ 0000014396ab5700] Estimating duration from bitrate, this may be inaccurate
"
Black-billed Brushturkey_sound/Black-billed Brushturkey14,D:\other\Bird\Dataset\CC0\Black-billed Brushturkey_sound\Black-billed Brushturkey14.mp3,D:\other\Bird\Code\data\kaggle_training_wav_cache_sp\Black-billed Brushturkey_sound\Black-billed Brushturkey14.wav,converted,True,32000.0,1.0,14.624,479966,467968,2,0.9750023960030502,
Black-billed Brushturkey_sound/Black-billed Brushturkey13,D:\other\Bird\Dataset\CC0\Black-billed Brushturkey_sound\Black-billed Brushturkey13.mp3,D:\other\Bird\Code\data\kaggle_training_wav_cache_sp\Black-billed Brushturkey_sound\Black-billed Brushturkey13.wav,converted,True,32000.0,1.0,58.656,1884483,1876992,1,0.9960249044432876,
Black-billed Brushturkey_sound/Black-billed Brushturkey15,D:\other\Bird\Dataset\CC0\Black-billed Brushturkey_sound\Black-billed Brushturkey15.mp3,D:\other\Bird\Code\data\kaggle_training_wav_cache_sp\Black-billed Brushturkey_sound\Black-billed Brushturkey15.wav,converted,True,32000.0,1.0,30.912,1019513,989184,1,0.970251482815815,
Black-billed Brushturkey_sound/Black-billed Brushturkey16,D:\other\Bird\Dataset\CC0\Black-billed Brushturkey_sound\Black-billed Brushturkey16.mp3,D:\other\Bird\Code\data\kaggle_training_wav_cache_sp\Black-billed Brushturkey_sound\Black-billed Brushturkey16.wav,converted,True,32000.0,1.0,40.736,1304064,1303552,1,0.9996073812328229,"[mp3 @ 0000027e14655700] Estimating duration from bitrate, this may be inaccurate
"
Black-billed Brushturkey_sound/Black-billed Brushturkey17,D:\other\Bird\Dataset\CC0\Black-billed Brushturkey_sound\Black-billed Brushturkey17.mp3,D:\other\Bird\Code\data\kaggle_training_wav_cache_sp\Black-billed Brushturkey_sound\Black-billed Brushturkey17.wav,converted,True,32000.0,1.0,39.264,1275648,1256448,12,0.9849488260084287,"[mp3 @ 000001e1f9315700] Estimating duration from bitrate, this may be inaccurate
"
Black-billed Brushturkey_sound/Black-billed Brushturkey18,D:\other\Bird\Dataset\CC0\Black-billed Brushturkey_sound\Black-billed Brushturkey18.mp3,D:\other\Bird\Code\data\kaggle_training_wav_cache_sp\Black-billed Brushturkey_sound\Black-billed Brushturkey18.wav,converted,True,32000.0,1.0,30.30728125,978025,969833,6,0.9916239359934562,"[mp3 @ 0000028434c05700] Estimating duration from bitrate, this may be inaccurate
"
Black-billed Brushturkey_sound/Black-billed Brushturkey2,D:\other\Bird\Dataset\CC0\Black-billed Brushturkey_sound\Black-billed Brushturkey2.mp3,D:\other\Bird\Code\data\kaggle_training_wav_cache_sp\Black-billed Brushturkey_sound\Black-billed Brushturkey2.wav,converted,True,32000.0,1.0,9.424,310962,301568,1,0.9697905210282929,"[mp3 @ 0000022636c75700] Estimating duration from bitrate, this may be inaccurate
"
Black-billed Brushturkey_sound/Black-billed Brushturkey19,D:\other\Bird\Dataset\CC0\Black-billed Brushturkey_sound\Black-billed Brushturkey19.mp3,D:\other\Bird\Code\data\kaggle_training_wav_cache_sp\Black-billed Brushturkey_sound\Black-billed Brushturkey19.wav,converted,True,32000.0,1.0,42.16,1489607,1349120,44,0.9056885473819605,"[mp3 @ 0000021df0ae5700] Estimating duration from bitrate, this may be inaccurate
"
Black-billed Brushturkey_sound/Black-billed Brushturkey20,D:\other\Bird\Dataset\CC0\Black-billed Brushturkey_sound\Black-billed Brushturkey20.mp3,D:\other\Bird\Code\data\kaggle_training_wav_cache_sp\Black-billed Brushturkey_sound\Black-billed Brushturkey20.wav,converted,True,32000.0,1.0,42.16,1489607,1349120,44,0.9056885473819605,"[mp3 @ 00000252a3665700] Estimating duration from bitrate, this may be inaccurate
"
Black-billed Brushturkey_sound/Black-billed Brushturkey21,D:\other\Bird\Dataset\CC0\Black-billed Brushturkey_sound\Black-billed Brushturkey21.mp3,D:\other\Bird\Code\data\kaggle_training_wav_cache_sp\Black-billed Brushturkey_sound\Black-billed Brushturkey21.wav,converted,True,32000.0,1.0,43.52,1392640,1392640,1,1.0,"[mp3 @ 000002441f995700] Estimating duration from bitrate, this may be inaccurate
"
Black-billed Brushturkey_sound/Black-billed Brushturkey3,D:\other\Bird\Dataset\CC0\Black-billed Brushturkey_sound\Black-billed Brushturkey3.mp3,D:\other\Bird\Code\data\kaggle_training_wav_cache_sp\Black-billed Brushturkey_sound\Black-billed Brushturkey3.wav,converted,True,32000.0,1.0,9.424,310962,301568,1,0.9697905210282929,"[mp3 @ 0000013edd235700] Estimating duration from bitrate, this may be inaccurate
"
Black-billed Brushturkey_sound/Black-billed Brushturkey4,D:\other\Bird\Dataset\CC0\Black-billed Brushturkey_sound\Black-billed Brushturkey4.mp3,D:\other\Bird\Code\data\kaggle_training_wav_cache_sp\Black-billed Brushturkey_sound\Black-billed Brushturkey4.wav,converted,True,32000.0,1.0,9.424,310962,301568,1,0.9697905210282929,"[mp3 @ 000001d785705700] Estimating duration from bitrate, this may be inaccurate
"
Black-billed Brushturkey_sound/Black-billed Brushturkey5,D:\other\Bird\Dataset\CC0\Black-billed Brushturkey_sound\Black-billed Brushturkey5.mp3,D:\other\Bird\Code\data\kaggle_training_wav_cache_sp\Black-billed Brushturkey_sound\Black-billed Brushturkey5.wav,converted,True,32000.0,1.0,9.424,310962,301568,1,0.9697905210282929,"[mp3 @ 0000018eaeea5700] Estimating duration from bitrate, this may be inaccurate
"
Black-billed Brushturkey_sound/Black-billed Brushturkey6,D:\other\Bird\Dataset\CC0\Black-billed Brushturkey_sound\Black-billed Brushturkey6.mp3,D:\other\Bird\Code\data\kaggle_training_wav_cache_sp\Black-billed Brushturkey_sound\Black-billed Brushturkey6.wav,converted,True,32000.0,1.0,9.424,310962,301568,1,0.9697905210282929,"[mp3 @ 000002d0d9ea5700] Estimating duration from bitrate, this may be inaccurate
"
Black-billed Brushturkey_sound/Black-billed Brushturkey7,D:\other\Bird\Dataset\CC0\Black-billed Brushturkey_sound\Black-billed Brushturkey7.mp3,D:\other\Bird\Code\data\kaggle_training_wav_cache_sp\Black-billed Brushturkey_sound\Black-billed Brushturkey7.wav,converted,True,32000.0,1.0,9.424,310962,301568,1,0.9697905210282929,"[mp3 @ 000001bea2b35700] Estimating duration from bitrate, this may be inaccurate
"
Black-billed Brushturkey_sound/Black-billed Brushturkey8,D:\other\Bird\Dataset\CC0\Black-billed Brushturkey_sound\Black-billed Brushturkey8.mp3,D:\other\Bird\Code\data\kaggle_training_wav_cache_sp\Black-billed Brushturkey_sound\Black-billed Brushturkey8.wav,converted,True,32000.0,1.0,9.424,310962,301568,1,0.9697905210282929,"[mp3 @ 0000025d02015700] Estimating duration from bitrate, this may be inaccurate
"
Black-capped Tinamou_sound/Black-capped Tinamou10,D:\other\Bird\Dataset\CC0\Black-capped Tinamou_sound\Black-capped Tinamou10.mp3,D:\other\Bird\Code\data\kaggle_training_wav_cache_sp\Black-capped Tinamou_sound\Black-capped Tinamou10.wav,too_short_after_preprocess,,,,3.4844375,112014,111502,1,0.9954291427857233,
Black-billed Brushturkey_sound/Black-billed Brushturkey9,D:\other\Bird\Dataset\CC0\Black-billed Brushturkey_sound\Black-billed Brushturkey9.mp3,D:\other\Bird\Code\data\kaggle_training_wav_cache_sp\Black-billed Brushturkey_sound\Black-billed Brushturkey9.wav,converted,True,32000.0,1.0,12.56,466443,401920,22,0.8616701290404186,"[mp3 @ 00000208458b5700] Estimating duration from bitrate, this may be inaccurate
"
Black-capped Tinamou_sound/Black-capped Tinamou12,D:\other\Bird\Dataset\CC0\Black-capped Tinamou_sound\Black-capped Tinamou12.mp3,D:\other\Bird\Code\data\kaggle_training_wav_cache_sp\Black-capped Tinamou_sound\Black-capped Tinamou12.wav,converted,True,32000.0,1.0,51.632,1753757,1652224,40,0.9421054342192219,"[mp3 @ 0000017b737156c0] Estimating duration from bitrate, this may be inaccurate
"
Black-capped Tinamou_sound/Black-capped Tinamou11,D:\other\Bird\Dataset\CC0\Black-capped Tinamou_sound\Black-capped Tinamou11.mp3,D:\other\Bird\Code\data\kaggle_training_wav_cache_sp\Black-capped Tinamou_sound\Black-capped Tinamou11.wav,converted,True,32000.0,1.0,51.632,1753757,1652224,40,0.9421054342192219,"[mp3 @ 000002236a8e56c0] Estimating duration from bitrate, this may be inaccurate
"
Black-capped Tinamou_sound/Black-capped Tinamou13,D:\other\Bird\Dataset\CC0\Black-capped Tinamou_sound\Black-capped Tinamou13.mp3,D:\other\Bird\Code\data\kaggle_training_wav_cache_sp\Black-capped Tinamou_sound\Black-capped Tinamou13.wav,too_short_after_preprocess,,,,3.8805,126224,124176,1,0.9837748764101915,
Black-capped Tinamou_sound/Black-capped Tinamou15,D:\other\Bird\Dataset\CC0\Black-capped Tinamou_sound\Black-capped Tinamou15.mp3,D:\other\Bird\Code\data\kaggle_training_wav_cache_sp\Black-capped Tinamou_sound\Black-capped Tinamou15.wav,converted,True,32000.0,1.0,23.6,756507,755200,1,0.9982723226619186,"[mp3 @ 000001f28fe756c0] Estimating duration from bitrate, this may be inaccurate
"
Black-capped Tinamou_sound/Black-capped Tinamou16,D:\other\Bird\Dataset\CC0\Black-capped Tinamou_sound\Black-capped Tinamou16.mp3,D:\other\Bird\Code\data\kaggle_training_wav_cache_sp\Black-capped Tinamou_sound\Black-capped Tinamou16.wav,converted,True,32000.0,1.0,13.76,3291847,440320,67,0.13376077320726024,"[mp3 @ 00000165dbea56c0] Estimating duration from bitrate, this may be inaccurate
"
Black-capped Tinamou_sound/Black-capped Tinamou14,D:\other\Bird\Dataset\CC0\Black-capped Tinamou_sound\Black-capped Tinamou14.mp3,D:\other\Bird\Code\data\kaggle_training_wav_cache_sp\Black-capped Tinamou_sound\Black-capped Tinamou14.wav,converted,True,32000.0,1.0,41.008,5408392,1312256,267,0.24263330024894644,"[mp3 @ 000001eb7c7156c0] Estimating duration from bitrate, this may be inaccurate
"
Black-capped Tinamou_sound/Black-capped Tinamou17,D:\other\Bird\Dataset\CC0\Black-capped Tinamou_sound\Black-capped Tinamou17.mp3,D:\other\Bird\Code\data\kaggle_training_wav_cache_sp\Black-capped Tinamou_sound\Black-capped Tinamou17.wav,converted,True,32000.0,1.0,17.456,818365,558592,50,0.6825707355519848,"[mp3 @ 0000025be19456c0] Estimating duration from bitrate, this may be inaccurate
"
Black-capped Tinamou_sound/Black-capped Tinamou18,D:\other\Bird\Dataset\CC0\Black-capped Tinamou_sound\Black-capped Tinamou18.mp3,D:\other\Bird\Code\data\kaggle_training_wav_cache_sp\Black-capped Tinamou_sound\Black-capped Tinamou18.wav,converted,True,32000.0,1.0,43.024,1754593,1376768,68,0.784665161664272,"[mp3 @ 0000023ca67756c0] Estimating duration from bitrate, this may be inaccurate
"
Black-capped Tinamou_sound/Black-capped Tinamou19,D:\other\Bird\Dataset\CC0\Black-capped Tinamou_sound\Black-capped Tinamou19.mp3,D:\other\Bird\Code\data\kaggle_training_wav_cache_sp\Black-capped Tinamou_sound\Black-capped Tinamou19.wav,converted,True,32000.0,1.0,43.024,1754593,1376768,68,0.784665161664272,"[mp3 @ 000001d14a3a56c0] Estimating duration from bitrate, this may be inaccurate
"
Black-capped Tinamou_sound/Black-capped Tinamou2,D:\other\Bird\Dataset\CC0\Black-capped Tinamou_sound\Black-capped Tinamou2.mp3,D:\other\Bird\Code\data\kaggle_training_wav_cache_sp\Black-capped Tinamou_sound\Black-capped Tinamou2.wav,converted,True,32000.0,1.0,7.962,254784,254784,1,1.0,
Black-capped Tinamou_sound/Black-capped Tinamou21,D:\other\Bird\Dataset\CC0\Black-capped Tinamou_sound\Black-capped Tinamou21.mp3,D:\other\Bird\Code\data\kaggle_training_wav_cache_sp\Black-capped Tinamou_sound\Black-capped Tinamou21.wav,too_short_after_preprocess,,,,2.448,82572,78336,1,0.9486993169597442,
Black-capped Tinamou_sound/Black-capped Tinamou20,D:\other\Bird\Dataset\CC0\Black-capped Tinamou_sound\Black-capped Tinamou20.mp3,D:\other\Bird\Code\data\kaggle_training_wav_cache_sp\Black-capped Tinamou_sound\Black-capped Tinamou20.wav,converted,True,32000.0,1.0,43.024,1754593,1376768,68,0.784665161664272,"[mp3 @ 000001b990a556c0] Estimating duration from bitrate, this may be inaccurate
"
Black-capped Tinamou_sound/Black-capped Tinamou22,D:\other\Bird\Dataset\CC0\Black-capped Tinamou_sound\Black-capped Tinamou22.mp3,D:\other\Bird\Code\data\kaggle_training_wav_cache_sp\Black-capped Tinamou_sound\Black-capped Tinamou22.wav,converted,True,32000.0,1.0,42.384,2755584,1356288,151,0.4921962095875139,"[mp3 @ 000001b337a856c0] Estimating duration from bitrate, this may be inaccurate
"
Black-capped Tinamou_sound/Black-capped Tinamou23,D:\other\Bird\Dataset\CC0\Black-capped Tinamou_sound\Black-capped Tinamou23.mp3,D:\other\Bird\Code\data\kaggle_training_wav_cache_sp\Black-capped Tinamou_sound\Black-capped Tinamou23.wav,converted,True,32000.0,1.0,42.384,2755584,1356288,151,0.4921962095875139,"[mp3 @ 00000200074b56c0] Estimating duration from bitrate, this may be inaccurate
"
Black-capped Tinamou_sound/Black-capped Tinamou25,D:\other\Bird\Dataset\CC0\Black-capped Tinamou_sound\Black-capped Tinamou25.mp3,D:\other\Bird\Code\data\kaggle_training_wav_cache_sp\Black-capped Tinamou_sound\Black-capped Tinamou25.wav,converted,True,32000.0,1.0,14.2671875,486758,456550,9,0.9379404139223186,
Black-capped Tinamou_sound/Black-capped Tinamou26,D:\other\Bird\Dataset\CC0\Black-capped Tinamou_sound\Black-capped Tinamou26.mp3,D:\other\Bird\Code\data\kaggle_training_wav_cache_sp\Black-capped Tinamou_sound\Black-capped Tinamou26.wav,too_short_after_preprocess,,,,1.23275,42008,39448,2,0.9390592268139402,
Black-capped Tinamou_sound/Black-capped Tinamou27,D:\other\Bird\Dataset\CC0\Black-capped Tinamou_sound\Black-capped Tinamou27.mp3,D:\other\Bird\Code\data\kaggle_training_wav_cache_sp\Black-capped Tinamou_sound\Black-capped Tinamou27.wav,too_short_after_preprocess,,,,1.23275,42008,39448,2,0.9390592268139402,
Black-capped Tinamou_sound/Black-capped Tinamou24,D:\other\Bird\Dataset\CC0\Black-capped Tinamou_sound\Black-capped Tinamou24.mp3,D:\other\Bird\Code\data\kaggle_training_wav_cache_sp\Black-capped Tinamou_sound\Black-capped Tinamou24.wav,converted,True,32000.0,1.0,42.384,2755584,1356288,151,0.4921962095875139,"[mp3 @ 00000212139656c0] Estimating duration from bitrate, this may be inaccurate
"
Black-capped Tinamou_sound/Black-capped Tinamou28,D:\other\Bird\Dataset\CC0\Black-capped Tinamou_sound\Black-capped Tinamou28.mp3,D:\other\Bird\Code\data\kaggle_training_wav_cache_sp\Black-capped Tinamou_sound\Black-capped Tinamou28.wav,too_short_after_preprocess,,,,3.28,146304,104960,7,0.7174103237095363,
Black-capped Tinamou_sound/Black-capped Tinamou29,D:\other\Bird\Dataset\CC0\Black-capped Tinamou_sound\Black-capped Tinamou29.mp3,D:\other\Bird\Code\data\kaggle_training_wav_cache_sp\Black-capped Tinamou_sound\Black-capped Tinamou29.wav,converted,True,32000.0,1.0,8.448,283293,270336,1,0.9542629009541358,
Black-capped Tinamou_sound/Black-capped Tinamou3,D:\other\Bird\Dataset\CC0\Black-capped Tinamou_sound\Black-capped Tinamou3.mp3,D:\other\Bird\Code\data\kaggle_training_wav_cache_sp\Black-capped Tinamou_sound\Black-capped Tinamou3.wav,converted,True,32000.0,1.0,7.962,254784,254784,1,1.0,
Black-capped Tinamou_sound/Black-capped Tinamou30,D:\other\Bird\Dataset\CC0\Black-capped Tinamou_sound\Black-capped Tinamou30.mp3,D:\other\Bird\Code\data\kaggle_training_wav_cache_sp\Black-capped Tinamou_sound\Black-capped Tinamou30.wav,converted,True,32000.0,1.0,8.448,283293,270336,1,0.9542629009541358,
Black-capped Tinamou_sound/Black-capped Tinamou31,D:\other\Bird\Dataset\CC0\Black-capped Tinamou_sound\Black-capped Tinamou31.mp3,D:\other\Bird\Code\data\kaggle_training_wav_cache_sp\Black-capped Tinamou_sound\Black-capped Tinamou31.wav,converted,True,32000.0,1.0,8.448,283293,270336,1,0.9542629009541358,
Black-capped Tinamou_sound/Black-capped Tinamou4,D:\other\Bird\Dataset\CC0\Black-capped Tinamou_sound\Black-capped Tinamou4.mp3,D:\other\Bird\Code\data\kaggle_training_wav_cache_sp\Black-capped Tinamou_sound\Black-capped Tinamou4.wav,converted,True,32000.0,1.0,7.962,254784,254784,1,1.0,
Black-capped Tinamou_sound/Black-capped Tinamou5,D:\other\Bird\Dataset\CC0\Black-capped Tinamou_sound\Black-capped Tinamou5.mp3,D:\other\Bird\Code\data\kaggle_training_wav_cache_sp\Black-capped Tinamou_sound\Black-capped Tinamou5.wav,converted,True,32000.0,1.0,7.962,254784,254784,1,1.0,
Black-capped Tinamou_sound/Black-capped Tinamou6,D:\other\Bird\Dataset\CC0\Black-capped Tinamou_sound\Black-capped Tinamou6.mp3,D:\other\Bird\Code\data\kaggle_training_wav_cache_sp\Black-capped Tinamou_sound\Black-capped Tinamou6.wav,converted,True,32000.0,1.0,23.264,1746645,744448,130,0.42621597405311323,
Black-capped Tinamou_sound/Black-capped Tinamou7,D:\other\Bird\Dataset\CC0\Black-capped Tinamou_sound\Black-capped Tinamou7.mp3,D:\other\Bird\Code\data\kaggle_training_wav_cache_sp\Black-capped Tinamou_sound\Black-capped Tinamou7.wav,converted,True,32000.0,1.0,23.264,1746645,744448,130,0.42621597405311323,
Black-capped Tinamou_sound/Black-capped Tinamou8,D:\other\Bird\Dataset\CC0\Black-capped Tinamou_sound\Black-capped Tinamou8.mp3,D:\other\Bird\Code\data\kaggle_training_wav_cache_sp\Black-capped Tinamou_sound\Black-capped Tinamou8.wav,too_short_after_preprocess,,,,2.784,145920,89088,16,0.6105263157894737,
Black-fronted Piping Guan_sound/Black-fronted Piping Guan10,D:\other\Bird\Dataset\CC0\Black-fronted Piping Guan_sound\Black-fronted Piping Guan10.mp3,D:\other\Bird\Code\data\kaggle_training_wav_cache_sp\Black-fronted Piping Guan_sound\Black-fronted Piping Guan10.wav,converted,True,32000.0,1.0,6.23415625,199493,199493,1,1.0,
Black-fronted Piping Guan_sound/Black-fronted Piping Guan11,D:\other\Bird\Dataset\CC0\Black-fronted Piping Guan_sound\Black-fronted Piping Guan11.mp3,D:\other\Bird\Code\data\kaggle_training_wav_cache_sp\Black-fronted Piping Guan_sound\Black-fronted Piping Guan11.wav,converted,True,32000.0,1.0,6.23415625,199493,199493,1,1.0,
Black-fronted Piping Guan_sound/Black-fronted Piping Guan12,D:\other\Bird\Dataset\CC0\Black-fronted Piping Guan_sound\Black-fronted Piping Guan12.mp3,D:\other\Bird\Code\data\kaggle_training_wav_cache_sp\Black-fronted Piping Guan_sound\Black-fronted Piping Guan12.wav,too_short_after_preprocess,,,,4.656,168856,148992,1,0.8823613019377458,
Black-fronted Piping Guan_sound/Black-fronted Piping Guan13,D:\other\Bird\Dataset\CC0\Black-fronted Piping Guan_sound\Black-fronted Piping Guan13.mp3,D:\other\Bird\Code\data\kaggle_training_wav_cache_sp\Black-fronted Piping Guan_sound\Black-fronted Piping Guan13.wav,converted,True,32000.0,1.0,38.478375,1231308,1231308,1,1.0,"[mp3 @ 000002b2928d5740] Estimating duration from bitrate, this may be inaccurate
"
Black-capped Tinamou_sound/Black-capped Tinamou9,D:\other\Bird\Dataset\CC0\Black-capped Tinamou_sound\Black-capped Tinamou9.mp3,D:\other\Bird\Code\data\kaggle_training_wav_cache_sp\Black-capped Tinamou_sound\Black-capped Tinamou9.wav,converted,True,32000.0,1.0,100.368,3212544,3211776,1,0.9997609371264643,"[mp3 @ 000001ca28f556c0] Estimating duration from bitrate, this may be inaccurate
"
Black-fronted Piping Guan_sound/Black-fronted Piping Guan2,D:\other\Bird\Dataset\CC0\Black-fronted Piping Guan_sound\Black-fronted Piping Guan2.mp3,D:\other\Bird\Code\data\kaggle_training_wav_cache_sp\Black-fronted Piping Guan_sound\Black-fronted Piping Guan2.wav,converted,True,32000.0,1.0,10.02515625,321829,320805,1,0.9968181860553276,"[mp3 @ 000001e1cfe25740] Estimating duration from bitrate, this may be inaccurate
"
Black-fronted Piping Guan_sound/Black-fronted Piping Guan3,D:\other\Bird\Dataset\CC0\Black-fronted Piping Guan_sound\Black-fronted Piping Guan3.mp3,D:\other\Bird\Code\data\kaggle_training_wav_cache_sp\Black-fronted Piping Guan_sound\Black-fronted Piping Guan3.wav,converted,True,32000.0,1.0,59.136,1950198,1892352,1,0.97033839640898,"[mp3 @ 00000188a1d65740] Estimating duration from bitrate, this may be inaccurate
"
Black-fronted Piping Guan_sound/Black-fronted Piping Guan5,D:\other\Bird\Dataset\CC0\Black-fronted Piping Guan_sound\Black-fronted Piping Guan5.mp3,D:\other\Bird\Code\data\kaggle_training_wav_cache_sp\Black-fronted Piping Guan_sound\Black-fronted Piping Guan5.wav,converted,True,32000.0,1.0,7.951375,254956,254444,1,0.9979918103515901,"[mp3 @ 0000013dbed95740] Estimating duration from bitrate, this may be inaccurate
"
Black-fronted Piping Guan_sound/Black-fronted Piping Guan6,D:\other\Bird\Dataset\CC0\Black-fronted Piping Guan_sound\Black-fronted Piping Guan6.mp3,D:\other\Bird\Code\data\kaggle_training_wav_cache_sp\Black-fronted Piping Guan_sound\Black-fronted Piping Guan6.wav,converted,True,32000.0,1.0,7.951375,254956,254444,1,0.9979918103515901,"[mp3 @ 000001ee27e95740] Estimating duration from bitrate, this may be inaccurate
"
Black-fronted Piping Guan_sound/Black-fronted Piping Guan4,D:\other\Bird\Dataset\CC0\Black-fronted Piping Guan_sound\Black-fronted Piping Guan4.mp3,D:\other\Bird\Code\data\kaggle_training_wav_cache_sp\Black-fronted Piping Guan_sound\Black-fronted Piping Guan4.wav,converted,True,32000.0,1.0,158.23,5063360,5063360,1,1.0,
Black-fronted Piping Guan_sound/Black-fronted Piping Guan7,D:\other\Bird\Dataset\CC0\Black-fronted Piping Guan_sound\Black-fronted Piping Guan7.mp3,D:\other\Bird\Code\data\kaggle_training_wav_cache_sp\Black-fronted Piping Guan_sound\Black-fronted Piping Guan7.wav,converted,True,32000.0,1.0,93.18890625,2982557,2982045,1,0.9998283352170637,
Black-fronted Piping Guan_sound/Black-fronted Piping Guan9,D:\other\Bird\Dataset\CC0\Black-fronted Piping Guan_sound\Black-fronted Piping Guan9.mp3,D:\other\Bird\Code\data\kaggle_training_wav_cache_sp\Black-fronted Piping Guan_sound\Black-fronted Piping Guan9.wav,converted,True,32000.0,1.0,6.23415625,199493,199493,1,1.0,
Blue-throated Piping Guan_sound/Blue-throated Piping Guan10,D:\other\Bird\Dataset\CC0\Blue-throated Piping Guan_sound\Blue-throated Piping Guan10.mp3,D:\other\Bird\Code\data\kaggle_training_wav_cache_sp\Blue-throated Piping Guan_sound\Blue-throated Piping Guan10.wav,converted,True,32000.0,1.0,29.008,948768,928256,1,0.978380383824075,"[mp3 @ 00000227a2c35740] Estimating duration from bitrate, this may be inaccurate
"
Black-fronted Piping Guan_sound/Black-fronted Piping Guan8,D:\other\Bird\Dataset\CC0\Black-fronted Piping Guan_sound\Black-fronted Piping Guan8.mp3,D:\other\Bird\Code\data\kaggle_training_wav_cache_sp\Black-fronted Piping Guan_sound\Black-fronted Piping Guan8.wav,converted,True,32000.0,1.0,93.18890625,2982557,2982045,1,0.9998283352170637,
Blue-throated Piping Guan_sound/Blue-throated Piping Guan12,D:\other\Bird\Dataset\CC0\Blue-throated Piping Guan_sound\Blue-throated Piping Guan12.mp3,D:\other\Bird\Code\data\kaggle_training_wav_cache_sp\Blue-throated Piping Guan_sound\Blue-throated Piping Guan12.wav,converted,True,32000.0,1.0,20.48,655360,655360,1,1.0,"[mp3 @ 00000161de165740] Estimating duration from bitrate, this may be inaccurate
"
Blue-throated Piping Guan_sound/Blue-throated Piping Guan11,D:\other\Bird\Dataset\CC0\Blue-throated Piping Guan_sound\Blue-throated Piping Guan11.mp3,D:\other\Bird\Code\data\kaggle_training_wav_cache_sp\Blue-throated Piping Guan_sound\Blue-throated Piping Guan11.wav,converted,True,32000.0,1.0,9.392,482134,300544,8,0.6233619699087806,
Blue-throated Piping Guan_sound/Blue-throated Piping Guan13,D:\other\Bird\Dataset\CC0\Blue-throated Piping Guan_sound\Blue-throated Piping Guan13.mp3,D:\other\Bird\Code\data\kaggle_training_wav_cache_sp\Blue-throated Piping Guan_sound\Blue-throated Piping Guan13.wav,converted,True,32000.0,1.0,20.48,655360,655360,1,1.0,"[mp3 @ 0000028232af5740] Estimating duration from bitrate, this may be inaccurate
"
Blue-throated Piping Guan_sound/Blue-throated Piping Guan15,D:\other\Bird\Dataset\CC0\Blue-throated Piping Guan_sound\Blue-throated Piping Guan15.mp3,D:\other\Bird\Code\data\kaggle_training_wav_cache_sp\Blue-throated Piping Guan_sound\Blue-throated Piping Guan15.wav,converted,True,32000.0,1.0,8.368,447217,267776,2,0.5987607805606674,"[mp3 @ 000001d6bc3c5740] Estimating duration from bitrate, this may be inaccurate
"
Blue-throated Piping Guan_sound/Blue-throated Piping Guan16,D:\other\Bird\Dataset\CC0\Blue-throated Piping Guan_sound\Blue-throated Piping Guan16.mp3,D:\other\Bird\Code\data\kaggle_training_wav_cache_sp\Blue-throated Piping Guan_sound\Blue-throated Piping Guan16.wav,converted,True,32000.0,1.0,9.136,476474,292352,2,0.6135738781129715,"[mp3 @ 000001e7628c5740] Estimating duration from bitrate, this may be inaccurate
"
Blue-throated Piping Guan_sound/Blue-throated Piping Guan14,D:\other\Bird\Dataset\CC0\Blue-throated Piping Guan_sound\Blue-throated Piping Guan14.mp3,D:\other\Bird\Code\data\kaggle_training_wav_cache_sp\Blue-throated Piping Guan_sound\Blue-throated Piping Guan14.wav,converted,True,32000.0,1.0,139.776,6081792,4472832,237,0.7354463947468115,"[mp3 @ 0000027f38a25740] Estimating duration from bitrate, this may be inaccurate
"
Blue-throated Piping Guan_sound/Blue-throated Piping Guan17,D:\other\Bird\Dataset\CC0\Blue-throated Piping Guan_sound\Blue-throated Piping Guan17.mp3,D:\other\Bird\Code\data\kaggle_training_wav_cache_sp\Blue-throated Piping Guan_sound\Blue-throated Piping Guan17.wav,converted,True,32000.0,1.0,8.256,396226,264192,7,0.6667709842362692,"[mp3 @ 000001aee5fc5740] Estimating duration from bitrate, this may be inaccurate
"
Blue-throated Piping Guan_sound/Blue-throated Piping Guan18,D:\other\Bird\Dataset\CC0\Blue-throated Piping Guan_sound\Blue-throated Piping Guan18.mp3,D:\other\Bird\Code\data\kaggle_training_wav_cache_sp\Blue-throated Piping Guan_sound\Blue-throated Piping Guan18.wav,converted,True,32000.0,1.0,7.12,407093,227840,3,0.5596755532519596,"[mp3 @ 0000021a0c165740] Estimating duration from bitrate, this may be inaccurate
"
Blue-throated Piping Guan_sound/Blue-throated Piping Guan19,D:\other\Bird\Dataset\CC0\Blue-throated Piping Guan_sound\Blue-throated Piping Guan19.mp3,D:\other\Bird\Code\data\kaggle_training_wav_cache_sp\Blue-throated Piping Guan_sound\Blue-throated Piping Guan19.wav,converted,True,32000.0,1.0,6.016,369476,192512,4,0.5210406088622807,"[mp3 @ 0000026469395740] Estimating duration from bitrate, this may be inaccurate
"
Blue-throated Piping Guan_sound/Blue-throated Piping Guan2,D:\other\Bird\Dataset\CC0\Blue-throated Piping Guan_sound\Blue-throated Piping Guan2.mp3,D:\other\Bird\Code\data\kaggle_training_wav_cache_sp\Blue-throated Piping Guan_sound\Blue-throated Piping Guan2.wav,converted,True,32000.0,1.0,5.3698125,353594,171834,4,0.48596412835059416,"[mp3 @ 0000017caa5e5740] Estimating duration from bitrate, this may be inaccurate
"
Blue-throated Piping Guan_sound/Blue-throated Piping Guan20,D:\other\Bird\Dataset\CC0\Blue-throated Piping Guan_sound\Blue-throated Piping Guan20.mp3,D:\other\Bird\Code\data\kaggle_training_wav_cache_sp\Blue-throated Piping Guan_sound\Blue-throated Piping Guan20.wav,converted,True,32000.0,1.0,6.79903125,361953,217569,11,0.6010973800465806,"[mp3 @ 0000014a42855740] Estimating duration from bitrate, this may be inaccurate
"
Blue-throated Piping Guan_sound/Blue-throated Piping Guan21,D:\other\Bird\Dataset\CC0\Blue-throated Piping Guan_sound\Blue-throated Piping Guan21.mp3,D:\other\Bird\Code\data\kaggle_training_wav_cache_sp\Blue-throated Piping Guan_sound\Blue-throated Piping Guan21.wav,converted,True,32000.0,1.0,6.0,363625,192000,7,0.5280165005156411,"[mp3 @ 0000026cda875740] Estimating duration from bitrate, this may be inaccurate
"
Blue-throated Piping Guan_sound/Blue-throated Piping Guan22,D:\other\Bird\Dataset\CC0\Blue-throated Piping Guan_sound\Blue-throated Piping Guan22.mp3,D:\other\Bird\Code\data\kaggle_training_wav_cache_sp\Blue-throated Piping Guan_sound\Blue-throated Piping Guan22.wav,converted,True,32000.0,1.0,8.944,483161,286208,9,0.5923656917673404,"[mp3 @ 00000234c6cd5740] Estimating duration from bitrate, this may be inaccurate
"
Blue-throated Piping Guan_sound/Blue-throated Piping Guan23,D:\other\Bird\Dataset\CC0\Blue-throated Piping Guan_sound\Blue-throated Piping Guan23.mp3,D:\other\Bird\Code\data\kaggle_training_wav_cache_sp\Blue-throated Piping Guan_sound\Blue-throated Piping Guan23.wav,converted,True,32000.0,1.0,6.21553125,324337,198897,9,0.6132417824670019,"[mp3 @ 000001d979a55740] Estimating duration from bitrate, this may be inaccurate
"
Blue-throated Piping Guan_sound/Blue-throated Piping Guan24,D:\other\Bird\Dataset\CC0\Blue-throated Piping Guan_sound\Blue-throated Piping Guan24.mp3,D:\other\Bird\Code\data\kaggle_training_wav_cache_sp\Blue-throated Piping Guan_sound\Blue-throated Piping Guan24.wav,converted,True,32000.0,1.0,36.608,1188676,1171456,1,0.9855132937823259,"[mp3 @ 000001ea967d5740] Estimating duration from bitrate, this may be inaccurate
"
Blue-throated Piping Guan_sound/Blue-throated Piping Guan25,D:\other\Bird\Dataset\CC0\Blue-throated Piping Guan_sound\Blue-throated Piping Guan25.mp3,D:\other\Bird\Code\data\kaggle_training_wav_cache_sp\Blue-throated Piping Guan_sound\Blue-throated Piping Guan25.wav,converted,True,32000.0,1.0,31.008,1013969,992256,1,0.9785861303452078,"[mp3 @ 0000015aeb8a5740] Estimating duration from bitrate, this may be inaccurate
"
Blue-throated Piping Guan_sound/Blue-throated Piping Guan26,D:\other\Bird\Dataset\CC0\Blue-throated Piping Guan_sound\Blue-throated Piping Guan26.mp3,D:\other\Bird\Code\data\kaggle_training_wav_cache_sp\Blue-throated Piping Guan_sound\Blue-throated Piping Guan26.wav,converted,True,32000.0,1.0,17.4236875,557558,557558,1,1.0,"[mp3 @ 000001b3555d5740] Estimating duration from bitrate, this may be inaccurate
"
Blue-throated Piping Guan_sound/Blue-throated Piping Guan27,D:\other\Bird\Dataset\CC0\Blue-throated Piping Guan_sound\Blue-throated Piping Guan27.mp3,D:\other\Bird\Code\data\kaggle_training_wav_cache_sp\Blue-throated Piping Guan_sound\Blue-throated Piping Guan27.wav,converted,True,32000.0,1.0,23.34171875,748983,746935,2,0.9972656255215405,"[mp3 @ 000002ba9c685740] Estimating duration from bitrate, this may be inaccurate
"
Blue-throated Piping Guan_sound/Blue-throated Piping Guan28,D:\other\Bird\Dataset\CC0\Blue-throated Piping Guan_sound\Blue-throated Piping Guan28.mp3,D:\other\Bird\Code\data\kaggle_training_wav_cache_sp\Blue-throated Piping Guan_sound\Blue-throated Piping Guan28.wav,converted,True,32000.0,1.0,23.024,743993,736768,1,0.9902888871266262,
Blue-throated Piping Guan_sound/Blue-throated Piping Guan29,D:\other\Bird\Dataset\CC0\Blue-throated Piping Guan_sound\Blue-throated Piping Guan29.mp3,D:\other\Bird\Code\data\kaggle_training_wav_cache_sp\Blue-throated Piping Guan_sound\Blue-throated Piping Guan29.wav,converted,True,32000.0,1.0,23.024,743993,736768,1,0.9902888871266262,
Blue-throated Piping Guan_sound/Blue-throated Piping Guan30,D:\other\Bird\Dataset\CC0\Blue-throated Piping Guan_sound\Blue-throated Piping Guan30.mp3,D:\other\Bird\Code\data\kaggle_training_wav_cache_sp\Blue-throated Piping Guan_sound\Blue-throated Piping Guan30.wav,converted,True,32000.0,1.0,43.496,1392384,1391872,1,0.9996322853465711,"[mp3 @ 00000233fd9b5740] Estimating duration from bitrate, this may be inaccurate
"
Blue-throated Piping Guan_sound/Blue-throated Piping Guan3,D:\other\Bird\Dataset\CC0\Blue-throated Piping Guan_sound\Blue-throated Piping Guan3.mp3,D:\other\Bird\Code\data\kaggle_training_wav_cache_sp\Blue-throated Piping Guan_sound\Blue-throated Piping Guan3.wav,converted,True,32000.0,1.0,5.3698125,353594,171834,4,0.48596412835059416,"[mp3 @ 00000184a1d15740] Estimating duration from bitrate, this may be inaccurate
"
Blue-throated Piping Guan_sound/Blue-throated Piping Guan4,D:\other\Bird\Dataset\CC0\Blue-throated Piping Guan_sound\Blue-throated Piping Guan4.mp3,D:\other\Bird\Code\data\kaggle_training_wav_cache_sp\Blue-throated Piping Guan_sound\Blue-throated Piping Guan4.wav,converted,True,32000.0,1.0,5.3698125,353594,171834,4,0.48596412835059416,"[mp3 @ 0000021c6c9c5740] Estimating duration from bitrate, this may be inaccurate
"
Blue-throated Piping Guan_sound/Blue-throated Piping Guan5,D:\other\Bird\Dataset\CC0\Blue-throated Piping Guan_sound\Blue-throated Piping Guan5.mp3,D:\other\Bird\Code\data\kaggle_training_wav_cache_sp\Blue-throated Piping Guan_sound\Blue-throated Piping Guan5.wav,converted,True,32000.0,1.0,6.944,223191,222208,1,0.9955957005434807,"[mp3 @ 00000260d6085740] Estimating duration from bitrate, this may be inaccurate
"
Blue-throated Piping Guan_sound/Blue-throated Piping Guan31,D:\other\Bird\Dataset\CC0\Blue-throated Piping Guan_sound\Blue-throated Piping Guan31.mp3,D:\other\Bird\Code\data\kaggle_training_wav_cache_sp\Blue-throated Piping Guan_sound\Blue-throated Piping Guan31.wav,converted,True,32000.0,1.0,87.776,3235584,2808832,111,0.8681066540074373,"[mp3 @ 000001875d915740] Estimating duration from bitrate, this may be inaccurate
"
Blue-throated Piping Guan_sound/Blue-throated Piping Guan7,D:\other\Bird\Dataset\CC0\Blue-throated Piping Guan_sound\Blue-throated Piping Guan7.mp3,D:\other\Bird\Code\data\kaggle_training_wav_cache_sp\Blue-throated Piping Guan_sound\Blue-throated Piping Guan7.wav,converted,True,32000.0,1.0,13.904,473130,444928,2,0.9403927039080168,"[mp3 @ 000001ec93935740] Estimating duration from bitrate, this may be inaccurate
"
Blue-throated Piping Guan_sound/Blue-throated Piping Guan6,D:\other\Bird\Dataset\CC0\Blue-throated Piping Guan_sound\Blue-throated Piping Guan6.mp3,D:\other\Bird\Code\data\kaggle_training_wav_cache_sp\Blue-throated Piping Guan_sound\Blue-throated Piping Guan6.wav,converted,True,32000.0,1.0,20.816,679602,666112,1,0.9801501467035117,"[mp3 @ 0000018e3c665740] Estimating duration from bitrate, this may be inaccurate
"
Blue-throated Piping Guan_sound/Blue-throated Piping Guan9,D:\other\Bird\Dataset\CC0\Blue-throated Piping Guan_sound\Blue-throated Piping Guan9.mp3,D:\other\Bird\Code\data\kaggle_training_wav_cache_sp\Blue-throated Piping Guan_sound\Blue-throated Piping Guan9.wav,converted,True,32000.0,1.0,19.824,650345,634368,1,0.975433039386787,"[mp3 @ 000002642b805740] Estimating duration from bitrate, this may be inaccurate
"
Blue-throated Piping Guan_sound/Blue-throated Piping Guan8,D:\other\Bird\Dataset\CC0\Blue-throated Piping Guan_sound\Blue-throated Piping Guan8.mp3,D:\other\Bird\Code\data\kaggle_training_wav_cache_sp\Blue-throated Piping Guan_sound\Blue-throated Piping Guan8.wav,converted,True,32000.0,1.0,34.752,1131834,1112064,1,0.9825327742407456,"[mp3 @ 000001943ce75740] Estimating duration from bitrate, this may be inaccurate
"
Brazilian Tinamou_sound/Brazilian Tinamou10,D:\other\Bird\Dataset\CC0\Brazilian Tinamou_sound\Brazilian Tinamou10.mp3,D:\other\Bird\Code\data\kaggle_training_wav_cache_sp\Brazilian Tinamou_sound\Brazilian Tinamou10.wav,converted,True,32000.0,1.0,10.096,354430,323072,2,0.9115255480630872,"[mp3 @ 00000221a0bc5680] Estimating duration from bitrate, this may be inaccurate
"
Brazilian Tinamou_sound/Brazilian Tinamou11,D:\other\Bird\Dataset\CC0\Brazilian Tinamou_sound\Brazilian Tinamou11.mp3,D:\other\Bird\Code\data\kaggle_training_wav_cache_sp\Brazilian Tinamou_sound\Brazilian Tinamou11.wav,converted,True,32000.0,1.0,10.096,354430,323072,2,0.9115255480630872,"[mp3 @ 00000283396b5680] Estimating duration from bitrate, this may be inaccurate
"
Brazilian Tinamou_sound/Brazilian Tinamou12,D:\other\Bird\Dataset\CC0\Brazilian Tinamou_sound\Brazilian Tinamou12.mp3,D:\other\Bird\Code\data\kaggle_training_wav_cache_sp\Brazilian Tinamou_sound\Brazilian Tinamou12.wav,converted,True,32000.0,1.0,10.096,354430,323072,2,0.9115255480630872,"[mp3 @ 000001b2af395680] Estimating duration from bitrate, this may be inaccurate
"
Brazilian Tinamou_sound/Brazilian Tinamou13,D:\other\Bird\Dataset\CC0\Brazilian Tinamou_sound\Brazilian Tinamou13.mp3,D:\other\Bird\Code\data\kaggle_training_wav_cache_sp\Brazilian Tinamou_sound\Brazilian Tinamou13.wav,converted,True,32000.0,1.0,10.096,354430,323072,2,0.9115255480630872,"[mp3 @ 00000187339e5680] Estimating duration from bitrate, this may be inaccurate
"
Brazilian Tinamou_sound/Brazilian Tinamou15,D:\other\Bird\Dataset\CC0\Brazilian Tinamou_sound\Brazilian Tinamou15.mp3,D:\other\Bird\Code\data\kaggle_training_wav_cache_sp\Brazilian Tinamou_sound\Brazilian Tinamou15.wav,converted,True,32000.0,1.0,43.88571875,1404343,1404343,1,1.0,"[mp3 @ 000001c12b135680] Estimating duration from bitrate, this may be inaccurate
"
Brazilian Tinamou_sound/Brazilian Tinamou14,D:\other\Bird\Dataset\CC0\Brazilian Tinamou_sound\Brazilian Tinamou14.mp3,D:\other\Bird\Code\data\kaggle_training_wav_cache_sp\Brazilian Tinamou_sound\Brazilian Tinamou14.wav,converted,True,32000.0,1.0,139.728,4585013,4471296,30,0.9751981073990412,"[mp3 @ 0000020996f45680] Estimating duration from bitrate, this may be inaccurate
"
Brazilian Tinamou_sound/Brazilian Tinamou16,D:\other\Bird\Dataset\CC0\Brazilian Tinamou_sound\Brazilian Tinamou16.mp3,D:\other\Bird\Code\data\kaggle_training_wav_cache_sp\Brazilian Tinamou_sound\Brazilian Tinamou16.wav,converted,True,32000.0,1.0,83.9053125,2684970,2684970,1,1.0,"[mp3 @ 000001dd592d5680] Estimating duration from bitrate, this may be inaccurate
"
Brazilian Tinamou_sound/Brazilian Tinamou17,D:\other\Bird\Dataset\CC0\Brazilian Tinamou_sound\Brazilian Tinamou17.mp3,D:\other\Bird\Code\data\kaggle_training_wav_cache_sp\Brazilian Tinamou_sound\Brazilian Tinamou17.wav,converted,True,32000.0,1.0,83.9053125,2684970,2684970,1,1.0,"[mp3 @ 0000015a22895680] Estimating duration from bitrate, this may be inaccurate
"
Brazilian Tinamou_sound/Brazilian Tinamou18,D:\other\Bird\Dataset\CC0\Brazilian Tinamou_sound\Brazilian Tinamou18.mp3,D:\other\Bird\Code\data\kaggle_training_wav_cache_sp\Brazilian Tinamou_sound\Brazilian Tinamou18.wav,converted,True,32000.0,1.0,37.616,4805980,1203712,152,0.25046130029671365,
Brazilian Tinamou_sound/Brazilian Tinamou2,D:\other\Bird\Dataset\CC0\Brazilian Tinamou_sound\Brazilian Tinamou2.mp3,D:\other\Bird\Code\data\kaggle_training_wav_cache_sp\Brazilian Tinamou_sound\Brazilian Tinamou2.wav,too_short_after_preprocess,,,,1.264,40960,40448,1,0.9875,
Brazilian Tinamou_sound/Brazilian Tinamou19,D:\other\Bird\Dataset\CC0\Brazilian Tinamou_sound\Brazilian Tinamou19.mp3,D:\other\Bird\Code\data\kaggle_training_wav_cache_sp\Brazilian Tinamou_sound\Brazilian Tinamou19.wav,converted,True,32000.0,1.0,38.992,2499912,1247744,171,0.49911516885394364,
Brazilian Tinamou_sound/Brazilian Tinamou20,D:\other\Bird\Dataset\CC0\Brazilian Tinamou_sound\Brazilian Tinamou20.mp3,D:\other\Bird\Code\data\kaggle_training_wav_cache_sp\Brazilian Tinamou_sound\Brazilian Tinamou20.wav,converted,True,32000.0,1.0,101.52,3250051,3248640,1,0.9995658529666149,"[mp3 @ 0000027195a25680] Estimating duration from bitrate, this may be inaccurate
"
Brazilian Tinamou_sound/Brazilian Tinamou21,D:\other\Bird\Dataset\CC0\Brazilian Tinamou_sound\Brazilian Tinamou21.mp3,D:\other\Bird\Code\data\kaggle_training_wav_cache_sp\Brazilian Tinamou_sound\Brazilian Tinamou21.wav,converted,True,32000.0,1.0,101.52,3250051,3248640,1,0.9995658529666149,"[mp3 @ 000001b056b55680] Estimating duration from bitrate, this may be inaccurate
"
Brazilian Tinamou_sound/Brazilian Tinamou22,D:\other\Bird\Dataset\CC0\Brazilian Tinamou_sound\Brazilian Tinamou22.mp3,D:\other\Bird\Code\data\kaggle_training_wav_cache_sp\Brazilian Tinamou_sound\Brazilian Tinamou22.wav,converted,True,32000.0,1.0,111.2660625,3561026,3560514,1,0.9998562212126505,
Brazilian Tinamou_sound/Brazilian Tinamou23,D:\other\Bird\Dataset\CC0\Brazilian Tinamou_sound\Brazilian Tinamou23.mp3,D:\other\Bird\Code\data\kaggle_training_wav_cache_sp\Brazilian Tinamou_sound\Brazilian Tinamou23.wav,converted,True,32000.0,1.0,64.144,5771520,2052608,247,0.35564426702151253,"[mp3 @ 00000245209d5680] Estimating duration from bitrate, this may be inaccurate
"
Brazilian Tinamou_sound/Brazilian Tinamou25,D:\other\Bird\Dataset\CC0\Brazilian Tinamou_sound\Brazilian Tinamou25.mp3,D:\other\Bird\Code\data\kaggle_training_wav_cache_sp\Brazilian Tinamou_sound\Brazilian Tinamou25.wav,converted,True,32000.0,1.0,29.344,982205,939008,2,0.9560203827103303,"[mp3 @ 000001c90e495680] Estimating duration from bitrate, this may be inaccurate
"
Brazilian Tinamou_sound/Brazilian Tinamou24,D:\other\Bird\Dataset\CC0\Brazilian Tinamou_sound\Brazilian Tinamou24.mp3,D:\other\Bird\Code\data\kaggle_training_wav_cache_sp\Brazilian Tinamou_sound\Brazilian Tinamou24.wav,converted,True,32000.0,1.0,95.44,3155592,3054080,10,0.967831075753773,"[mp3 @ 000002b1faa15680] Estimating duration from bitrate, this may be inaccurate
"
Brazilian Tinamou_sound/Brazilian Tinamou26,D:\other\Bird\Dataset\CC0\Brazilian Tinamou_sound\Brazilian Tinamou26.mp3,D:\other\Bird\Code\data\kaggle_training_wav_cache_sp\Brazilian Tinamou_sound\Brazilian Tinamou26.wav,converted,True,32000.0,1.0,29.92,2285401,957440,97,0.4189374206102124,"[mp3 @ 00000140bae45680] Estimating duration from bitrate, this may be inaccurate
"
Brazilian Tinamou_sound/Brazilian Tinamou27,D:\other\Bird\Dataset\CC0\Brazilian Tinamou_sound\Brazilian Tinamou27.mp3,D:\other\Bird\Code\data\kaggle_training_wav_cache_sp\Brazilian Tinamou_sound\Brazilian Tinamou27.wav,converted,True,32000.0,1.0,124.096,4072595,3971072,3,0.9750716680642195,"[mp3 @ 0000023ffda65680] Estimating duration from bitrate, this may be inaccurate
"
Brazilian Tinamou_sound/Brazilian Tinamou29,D:\other\Bird\Dataset\CC0\Brazilian Tinamou_sound\Brazilian Tinamou29.mp3,D:\other\Bird\Code\data\kaggle_training_wav_cache_sp\Brazilian Tinamou_sound\Brazilian Tinamou29.wav,converted,True,32000.0,1.0,53.104,1813943,1699328,11,0.9368144423501731,"[mp3 @ 0000016fbbd75680] Estimating duration from bitrate, this may be inaccurate
"
Brazilian Tinamou_sound/Brazilian Tinamou28,D:\other\Bird\Dataset\CC0\Brazilian Tinamou_sound\Brazilian Tinamou28.mp3,D:\other\Bird\Code\data\kaggle_training_wav_cache_sp\Brazilian Tinamou_sound\Brazilian Tinamou28.wav,converted,True,32000.0,1.0,124.096,4072595,3971072,3,0.9750716680642195,"[mp3 @ 000001a51fe45680] Estimating duration from bitrate, this may be inaccurate
"
Brazilian Tinamou_sound/Brazilian Tinamou3,D:\other\Bird\Dataset\CC0\Brazilian Tinamou_sound\Brazilian Tinamou3.mp3,D:\other\Bird\Code\data\kaggle_training_wav_cache_sp\Brazilian Tinamou_sound\Brazilian Tinamou3.wav,converted,True,32000.0,1.0,6.63746875,215983,212399,1,0.9834061014061292,
Brazilian Tinamou_sound/Brazilian Tinamou30,D:\other\Bird\Dataset\CC0\Brazilian Tinamou_sound\Brazilian Tinamou30.mp3,D:\other\Bird\Code\data\kaggle_training_wav_cache_sp\Brazilian Tinamou_sound\Brazilian Tinamou30.wav,converted,True,32000.0,1.0,53.104,1813943,1699328,11,0.9368144423501731,"[mp3 @ 000001bdfcf75680] Estimating duration from bitrate, this may be inaccurate
"
Brazilian Tinamou_sound/Brazilian Tinamou31,D:\other\Bird\Dataset\CC0\Brazilian Tinamou_sound\Brazilian Tinamou31.mp3,D:\other\Bird\Code\data\kaggle_training_wav_cache_sp\Brazilian Tinamou_sound\Brazilian Tinamou31.wav,converted,True,32000.0,1.0,53.104,1813943,1699328,11,0.9368144423501731,"[mp3 @ 0000020be88e5680] Estimating duration from bitrate, this may be inaccurate
"
Brazilian Tinamou_sound/Brazilian Tinamou4,D:\other\Bird\Dataset\CC0\Brazilian Tinamou_sound\Brazilian Tinamou4.mp3,D:\other\Bird\Code\data\kaggle_training_wav_cache_sp\Brazilian Tinamou_sound\Brazilian Tinamou4.wav,converted,True,32000.0,1.0,53.803625,1721716,1721716,1,1.0,
Brazilian Tinamou_sound/Brazilian Tinamou5,D:\other\Bird\Dataset\CC0\Brazilian Tinamou_sound\Brazilian Tinamou5.mp3,D:\other\Bird\Code\data\kaggle_training_wav_cache_sp\Brazilian Tinamou_sound\Brazilian Tinamou5.wav,converted,True,32000.0,1.0,105.35903125,4498913,3371489,116,0.7494007997042841,"[mp3 @ 00000193edb25680] Estimating duration from bitrate, this may be inaccurate
"
Brazilian Tinamou_sound/Brazilian Tinamou6,D:\other\Bird\Dataset\CC0\Brazilian Tinamou_sound\Brazilian Tinamou6.mp3,D:\other\Bird\Code\data\kaggle_training_wav_cache_sp\Brazilian Tinamou_sound\Brazilian Tinamou6.wav,converted,True,32000.0,1.0,105.35903125,4498913,3371489,116,0.7494007997042841,"[mp3 @ 000002793f575680] Estimating duration from bitrate, this may be inaccurate
"
Brazilian Tinamou_sound/Brazilian Tinamou7,D:\other\Bird\Dataset\CC0\Brazilian Tinamou_sound\Brazilian Tinamou7.mp3,D:\other\Bird\Code\data\kaggle_training_wav_cache_sp\Brazilian Tinamou_sound\Brazilian Tinamou7.wav,converted,True,32000.0,1.0,105.35903125,4498913,3371489,116,0.7494007997042841,"[mp3 @ 0000020931495680] Estimating duration from bitrate, this may be inaccurate
"
Brazilian Tinamou_sound/Brazilian Tinamou8,D:\other\Bird\Dataset\CC0\Brazilian Tinamou_sound\Brazilian Tinamou8.mp3,D:\other\Bird\Code\data\kaggle_training_wav_cache_sp\Brazilian Tinamou_sound\Brazilian Tinamou8.wav,converted,True,32000.0,1.0,105.35903125,4498913,3371489,116,0.7494007997042841,"[mp3 @ 0000021da2e55680] Estimating duration from bitrate, this may be inaccurate
"
Brown Tinamou_sound/Brown Tinamou10,D:\other\Bird\Dataset\CC0\Brown Tinamou_sound\Brown Tinamou10.mp3,D:\other\Bird\Code\data\kaggle_training_wav_cache_sp\Brown Tinamou_sound\Brown Tinamou10.wav,too_short_after_preprocess,,,,4.896,234243,156672,13,0.6688438928804703,
Brazilian Tinamou_sound/Brazilian Tinamou9,D:\other\Bird\Dataset\CC0\Brazilian Tinamou_sound\Brazilian Tinamou9.mp3,D:\other\Bird\Code\data\kaggle_training_wav_cache_sp\Brazilian Tinamou_sound\Brazilian Tinamou9.wav,converted,True,32000.0,1.0,105.35903125,4498913,3371489,116,0.7494007997042841,"[mp3 @ 0000024f2ab85680] Estimating duration from bitrate, this may be inaccurate
"
Brown Tinamou_sound/Brown Tinamou11,D:\other\Bird\Dataset\CC0\Brown Tinamou_sound\Brown Tinamou11.mp3,D:\other\Bird\Code\data\kaggle_training_wav_cache_sp\Brown Tinamou_sound\Brown Tinamou11.wav,converted,True,32000.0,1.0,131.136,15480373,4196352,192,0.2710756388105119,"[mp3 @ 0000022ad99756c0] Estimating duration from bitrate, this may be inaccurate
"
Brown Tinamou_sound/Brown Tinamou12,D:\other\Bird\Dataset\CC0\Brown Tinamou_sound\Brown Tinamou12.mp3,D:\other\Bird\Code\data\kaggle_training_wav_cache_sp\Brown Tinamou_sound\Brown Tinamou12.wav,converted,True,32000.0,1.0,131.136,15480373,4196352,192,0.2710756388105119,"[mp3 @ 0000022892c556c0] Estimating duration from bitrate, this may be inaccurate
"
Brown Tinamou_sound/Brown Tinamou13,D:\other\Bird\Dataset\CC0\Brown Tinamou_sound\Brown Tinamou13.mp3,D:\other\Bird\Code\data\kaggle_training_wav_cache_sp\Brown Tinamou_sound\Brown Tinamou13.wav,converted,True,32000.0,1.0,131.136,15480373,4196352,192,0.2710756388105119,"[mp3 @ 000002e4f3ab56c0] Estimating duration from bitrate, this may be inaccurate
"
Brown Tinamou_sound/Brown Tinamou14,D:\other\Bird\Dataset\CC0\Brown Tinamou_sound\Brown Tinamou14.mp3,D:\other\Bird\Code\data\kaggle_training_wav_cache_sp\Brown Tinamou_sound\Brown Tinamou14.wav,converted,True,32000.0,1.0,131.136,15480373,4196352,192,0.2710756388105119,"[mp3 @ 000002a2ea4e56c0] Estimating duration from bitrate, this may be inaccurate
"
Brown Tinamou_sound/Brown Tinamou15,D:\other\Bird\Dataset\CC0\Brown Tinamou_sound\Brown Tinamou15.mp3,D:\other\Bird\Code\data\kaggle_training_wav_cache_sp\Brown Tinamou_sound\Brown Tinamou15.wav,converted,True,32000.0,1.0,131.136,15480373,4196352,192,0.2710756388105119,"[mp3 @ 00000234affc56c0] Estimating duration from bitrate, this may be inaccurate
"
Brown Tinamou_sound/Brown Tinamou17,D:\other\Bird\Dataset\CC0\Brown Tinamou_sound\Brown Tinamou17.mp3,D:\other\Bird\Code\data\kaggle_training_wav_cache_sp\Brown Tinamou_sound\Brown Tinamou17.wav,converted,True,32000.0,1.0,13.12,1055232,419840,43,0.3978651140223193,"[mp3 @ 000001aa043956c0] Estimating duration from bitrate, this may be inaccurate
"
Brown Tinamou_sound/Brown Tinamou18,D:\other\Bird\Dataset\CC0\Brown Tinamou_sound\Brown Tinamou18.mp3,D:\other\Bird\Code\data\kaggle_training_wav_cache_sp\Brown Tinamou_sound\Brown Tinamou18.wav,converted,True,32000.0,1.0,13.12,1055232,419840,43,0.3978651140223193,"[mp3 @ 000001ca800756c0] Estimating duration from bitrate, this may be inaccurate
"
Brown Tinamou_sound/Brown Tinamou16,D:\other\Bird\Dataset\CC0\Brown Tinamou_sound\Brown Tinamou16.mp3,D:\other\Bird\Code\data\kaggle_training_wav_cache_sp\Brown Tinamou_sound\Brown Tinamou16.wav,converted,True,32000.0,1.0,131.136,15480373,4196352,192,0.2710756388105119,"[mp3 @ 000001dfab2956c0] Estimating duration from bitrate, this may be inaccurate
"
Brown Tinamou_sound/Brown Tinamou2,D:\other\Bird\Dataset\CC0\Brown Tinamou_sound\Brown Tinamou2.mp3,D:\other\Bird\Code\data\kaggle_training_wav_cache_sp\Brown Tinamou_sound\Brown Tinamou2.wav,converted,True,32000.0,1.0,20.328,659712,650496,8,0.9860302677532014,"[mp3 @ 000001fade5e56c0] Estimating duration from bitrate, this may be inaccurate
"
Brown Tinamou_sound/Brown Tinamou19,D:\other\Bird\Dataset\CC0\Brown Tinamou_sound\Brown Tinamou19.mp3,D:\other\Bird\Code\data\kaggle_training_wav_cache_sp\Brown Tinamou_sound\Brown Tinamou19.wav,converted,True,32000.0,1.0,13.12,1055232,419840,43,0.3978651140223193,"[mp3 @ 0000029b514956c0] Estimating duration from bitrate, this may be inaccurate
"
Brown Tinamou_sound/Brown Tinamou20,D:\other\Bird\Dataset\CC0\Brown Tinamou_sound\Brown Tinamou20.mp3,D:\other\Bird\Code\data\kaggle_training_wav_cache_sp\Brown Tinamou_sound\Brown Tinamou20.wav,converted,True,32000.0,1.0,13.12,1055232,419840,43,0.3978651140223193,"[mp3 @ 000001ecbbc756c0] Estimating duration from bitrate, this may be inaccurate
"
Brown Tinamou_sound/Brown Tinamou21,D:\other\Bird\Dataset\CC0\Brown Tinamou_sound\Brown Tinamou21.mp3,D:\other\Bird\Code\data\kaggle_training_wav_cache_sp\Brown Tinamou_sound\Brown Tinamou21.wav,converted,True,32000.0,1.0,54.608,6472516,1747456,213,0.2699809471309148,"[mp3 @ 00000205e7c556c0] Estimating duration from bitrate, this may be inaccurate
"
Brown Tinamou_sound/Brown Tinamou22,D:\other\Bird\Dataset\CC0\Brown Tinamou_sound\Brown Tinamou22.mp3,D:\other\Bird\Code\data\kaggle_training_wav_cache_sp\Brown Tinamou_sound\Brown Tinamou22.wav,converted,True,32000.0,1.0,25.376,6538554,812032,94,0.12419137319964016,"[mp3 @ 000001778bf156c0] Estimating duration from bitrate, this may be inaccurate
"
Brown Tinamou_sound/Brown Tinamou23,D:\other\Bird\Dataset\CC0\Brown Tinamou_sound\Brown Tinamou23.mp3,D:\other\Bird\Code\data\kaggle_training_wav_cache_sp\Brown Tinamou_sound\Brown Tinamou23.wav,converted,True,32000.0,1.0,28.4245,1969424,909584,120,0.46185280569344134,"[mp3 @ 000002ce16e356c0] Estimating duration from bitrate, this may be inaccurate
"
Brown Tinamou_sound/Brown Tinamou24,D:\other\Bird\Dataset\CC0\Brown Tinamou_sound\Brown Tinamou24.mp3,D:\other\Bird\Code\data\kaggle_training_wav_cache_sp\Brown Tinamou_sound\Brown Tinamou24.wav,too_short_after_preprocess,,,,3.552,833411,113664,6,0.13638408900290494,
Brown Tinamou_sound/Brown Tinamou26,D:\other\Bird\Dataset\CC0\Brown Tinamou_sound\Brown Tinamou26.mp3,D:\other\Bird\Code\data\kaggle_training_wav_cache_sp\Brown Tinamou_sound\Brown Tinamou26.wav,too_short_after_preprocess,,,,3.552,833411,113664,6,0.13638408900290494,
Brown Tinamou_sound/Brown Tinamou25,D:\other\Bird\Dataset\CC0\Brown Tinamou_sound\Brown Tinamou25.mp3,D:\other\Bird\Code\data\kaggle_training_wav_cache_sp\Brown Tinamou_sound\Brown Tinamou25.wav,too_short_after_preprocess,,,,3.552,833411,113664,6,0.13638408900290494,
Brown Tinamou_sound/Brown Tinamou27,D:\other\Bird\Dataset\CC0\Brown Tinamou_sound\Brown Tinamou27.mp3,D:\other\Bird\Code\data\kaggle_training_wav_cache_sp\Brown Tinamou_sound\Brown Tinamou27.wav,too_short_after_preprocess,,,,3.552,833411,113664,6,0.13638408900290494,
Brown Tinamou_sound/Brown Tinamou29,D:\other\Bird\Dataset\CC0\Brown Tinamou_sound\Brown Tinamou29.mp3,D:\other\Bird\Code\data\kaggle_training_wav_cache_sp\Brown Tinamou_sound\Brown Tinamou29.wav,converted,True,32000.0,1.0,9.184,1913088,293888,13,0.15361969757794727,"[mp3 @ 000001ef8d8156c0] Estimating duration from bitrate, this may be inaccurate
"
Brown Tinamou_sound/Brown Tinamou28,D:\other\Bird\Dataset\CC0\Brown Tinamou_sound\Brown Tinamou28.mp3,D:\other\Bird\Code\data\kaggle_training_wav_cache_sp\Brown Tinamou_sound\Brown Tinamou28.wav,converted,True,32000.0,1.0,34.816,3200256,1114112,64,0.34813214942804577,"[mp3 @ 000001cd6f2b56c0] Estimating duration from bitrate, this may be inaccurate
"
Brown Tinamou_sound/Brown Tinamou3,D:\other\Bird\Dataset\CC0\Brown Tinamou_sound\Brown Tinamou3.mp3,D:\other\Bird\Code\data\kaggle_training_wav_cache_sp\Brown Tinamou_sound\Brown Tinamou3.wav,converted,True,32000.0,1.0,21.312,842496,681984,25,0.8094804010938924,"[mp3 @ 0000018d395356c0] Estimating duration from bitrate, this may be inaccurate
"
Brown Tinamou_sound/Brown Tinamou30,D:\other\Bird\Dataset\CC0\Brown Tinamou_sound\Brown Tinamou30.mp3,D:\other\Bird\Code\data\kaggle_training_wav_cache_sp\Brown Tinamou_sound\Brown Tinamou30.wav,converted,True,32000.0,1.0,9.184,1913088,293888,13,0.15361969757794727,"[mp3 @ 0000016a8e2556c0] Estimating duration from bitrate, this may be inaccurate
"
Brown Tinamou_sound/Brown Tinamou4,D:\other\Bird\Dataset\CC0\Brown Tinamou_sound\Brown Tinamou4.mp3,D:\other\Bird\Code\data\kaggle_training_wav_cache_sp\Brown Tinamou_sound\Brown Tinamou4.wav,converted,True,32000.0,1.0,36.528,2294784,1168896,142,0.5093708165997323,"[mp3 @ 0000014a4f5456c0] Estimating duration from bitrate, this may be inaccurate
"
Brown Tinamou_sound/Brown Tinamou5,D:\other\Bird\Dataset\CC0\Brown Tinamou_sound\Brown Tinamou5.mp3,D:\other\Bird\Code\data\kaggle_training_wav_cache_sp\Brown Tinamou_sound\Brown Tinamou5.wav,converted,True,32000.0,1.0,36.528,2294784,1168896,142,0.5093708165997323,"[mp3 @ 000001ae77e456c0] Estimating duration from bitrate, this may be inaccurate
"
Brown Tinamou_sound/Brown Tinamou31,D:\other\Bird\Dataset\CC0\Brown Tinamou_sound\Brown Tinamou31.mp3,D:\other\Bird\Code\data\kaggle_training_wav_cache_sp\Brown Tinamou_sound\Brown Tinamou31.wav,converted,True,32000.0,1.0,134.03725,6070440,4289192,437,0.7065701991947866,"[mp3 @ 000002a1720f56c0] Estimating duration from bitrate, this may be inaccurate
"
Brown Tinamou_sound/Brown Tinamou7,D:\other\Bird\Dataset\CC0\Brown Tinamou_sound\Brown Tinamou7.mp3,D:\other\Bird\Code\data\kaggle_training_wav_cache_sp\Brown Tinamou_sound\Brown Tinamou7.wav,converted,True,32000.0,1.0,10.576,382080,338432,2,0.8857621440536013,
Brown Tinamou_sound/Brown Tinamou8,D:\other\Bird\Dataset\CC0\Brown Tinamou_sound\Brown Tinamou8.mp3,D:\other\Bird\Code\data\kaggle_training_wav_cache_sp\Brown Tinamou_sound\Brown Tinamou8.wav,converted,True,32000.0,1.0,10.576,382080,338432,2,0.8857621440536013,
Brown Tinamou_sound/Brown Tinamou9,D:\other\Bird\Dataset\CC0\Brown Tinamou_sound\Brown Tinamou9.mp3,D:\other\Bird\Code\data\kaggle_training_wav_cache_sp\Brown Tinamou_sound\Brown Tinamou9.wav,too_short_after_preprocess,,,,4.896,234243,156672,13,0.6688438928804703,
Brown Tinamou_sound/Brown Tinamou6,D:\other\Bird\Dataset\CC0\Brown Tinamou_sound\Brown Tinamou6.mp3,D:\other\Bird\Code\data\kaggle_training_wav_cache_sp\Brown Tinamou_sound\Brown Tinamou6.wav,converted,True,32000.0,1.0,36.528,2294784,1168896,142,0.5093708165997323,"[mp3 @ 00000249c82d56c0] Estimating duration from bitrate, this may be inaccurate
"
Brushland Tinamou_sound/Brushland Tinamou10,D:\other\Bird\Dataset\CC0\Brushland Tinamou_sound\Brushland Tinamou10.mp3,D:\other\Bird\Code\data\kaggle_training_wav_cache_sp\Brushland Tinamou_sound\Brushland Tinamou10.wav,converted,True,32000.0,1.0,15.248,1086694,487936,62,0.4490095647900881,"[mp3 @ 0000024a08835680] Estimating duration from bitrate, this may be inaccurate
"
Brushland Tinamou_sound/Brushland Tinamou11,D:\other\Bird\Dataset\CC0\Brushland Tinamou_sound\Brushland Tinamou11.mp3,D:\other\Bird\Code\data\kaggle_training_wav_cache_sp\Brushland Tinamou_sound\Brushland Tinamou11.wav,converted,True,32000.0,1.0,15.248,1086694,487936,62,0.4490095647900881,"[mp3 @ 0000021ff5cf5680] Estimating duration from bitrate, this may be inaccurate
"
Brushland Tinamou_sound/Brushland Tinamou12,D:\other\Bird\Dataset\CC0\Brushland Tinamou_sound\Brushland Tinamou12.mp3,D:\other\Bird\Code\data\kaggle_training_wav_cache_sp\Brushland Tinamou_sound\Brushland Tinamou12.wav,converted,True,32000.0,1.0,15.248,1086694,487936,62,0.4490095647900881,"[mp3 @ 000002d234ee5680] Estimating duration from bitrate, this may be inaccurate
"
Brushland Tinamou_sound/Brushland Tinamou13,D:\other\Bird\Dataset\CC0\Brushland Tinamou_sound\Brushland Tinamou13.mp3,D:\other\Bird\Code\data\kaggle_training_wav_cache_sp\Brushland Tinamou_sound\Brushland Tinamou13.wav,converted,True,32000.0,1.0,15.248,1086694,487936,62,0.4490095647900881,"[mp3 @ 0000021e93b45680] Estimating duration from bitrate, this may be inaccurate
"
Brushland Tinamou_sound/Brushland Tinamou14,D:\other\Bird\Dataset\CC0\Brushland Tinamou_sound\Brushland Tinamou14.mp3,D:\other\Bird\Code\data\kaggle_training_wav_cache_sp\Brushland Tinamou_sound\Brushland Tinamou14.wav,converted,True,32000.0,1.0,15.248,1086694,487936,62,0.4490095647900881,"[mp3 @ 0000026113855680] Estimating duration from bitrate, this may be inaccurate
"
Brushland Tinamou_sound/Brushland Tinamou15,D:\other\Bird\Dataset\CC0\Brushland Tinamou_sound\Brushland Tinamou15.mp3,D:\other\Bird\Code\data\kaggle_training_wav_cache_sp\Brushland Tinamou_sound\Brushland Tinamou15.wav,converted,True,32000.0,1.0,33.552,1402368,1073664,86,0.7656078860898138,"[mp3 @ 000001b7fbbc5680] Estimating duration from bitrate, this may be inaccurate
"
Brushland Tinamou_sound/Brushland Tinamou16,D:\other\Bird\Dataset\CC0\Brushland Tinamou_sound\Brushland Tinamou16.mp3,D:\other\Bird\Code\data\kaggle_training_wav_cache_sp\Brushland Tinamou_sound\Brushland Tinamou16.wav,converted,True,32000.0,1.0,47.056,2116546,1505792,153,0.7114383528635806,"[mp3 @ 000001f543415680] Estimating duration from bitrate, this may be inaccurate
"
Brushland Tinamou_sound/Brushland Tinamou18,D:\other\Bird\Dataset\CC0\Brushland Tinamou_sound\Brushland Tinamou18.mp3,D:\other\Bird\Code\data\kaggle_training_wav_cache_sp\Brushland Tinamou_sound\Brushland Tinamou18.wav,converted,True,32000.0,1.0,46.816,1500474,1498112,1,0.9984258307708097,"[mp3 @ 0000017695d25680] Estimating duration from bitrate, this may be inaccurate
"
Brushland Tinamou_sound/Brushland Tinamou17,D:\other\Bird\Dataset\CC0\Brushland Tinamou_sound\Brushland Tinamou17.mp3,D:\other\Bird\Code\data\kaggle_training_wav_cache_sp\Brushland Tinamou_sound\Brushland Tinamou17.wav,converted,True,32000.0,1.0,83.856,2686642,2683392,1,0.9987903114743237,"[mp3 @ 000001bb188a5680] Estimating duration from bitrate, this may be inaccurate
"
Brushland Tinamou_sound/Brushland Tinamou2,D:\other\Bird\Dataset\CC0\Brushland Tinamou_sound\Brushland Tinamou2.mp3,D:\other\Bird\Code\data\kaggle_training_wav_cache_sp\Brushland Tinamou_sound\Brushland Tinamou2.wav,too_short_after_preprocess,,,,2.304,81085,73728,1,0.9092680520441512,
Brushland Tinamou_sound/Brushland Tinamou19,D:\other\Bird\Dataset\CC0\Brushland Tinamou_sound\Brushland Tinamou19.mp3,D:\other\Bird\Code\data\kaggle_training_wav_cache_sp\Brushland Tinamou_sound\Brushland Tinamou19.wav,converted,True,32000.0,1.0,46.816,1500474,1498112,1,0.9984258307708097,"[mp3 @ 0000021bac425680] Estimating duration from bitrate, this may be inaccurate
"
Brushland Tinamou_sound/Brushland Tinamou20,D:\other\Bird\Dataset\CC0\Brushland Tinamou_sound\Brushland Tinamou20.mp3,D:\other\Bird\Code\data\kaggle_training_wav_cache_sp\Brushland Tinamou_sound\Brushland Tinamou20.wav,converted,True,32000.0,1.0,46.816,1500474,1498112,1,0.9984258307708097,"[mp3 @ 00000218aa1c5680] Estimating duration from bitrate, this may be inaccurate
"
Brushland Tinamou_sound/Brushland Tinamou21,D:\other\Bird\Dataset\CC0\Brushland Tinamou_sound\Brushland Tinamou21.mp3,D:\other\Bird\Code\data\kaggle_training_wav_cache_sp\Brushland Tinamou_sound\Brushland Tinamou21.wav,converted,True,32000.0,1.0,46.816,1500474,1498112,1,0.9984258307708097,"[mp3 @ 000001aa1f4b5680] Estimating duration from bitrate, this may be inaccurate
"
Brushland Tinamou_sound/Brushland Tinamou22,D:\other\Bird\Dataset\CC0\Brushland Tinamou_sound\Brushland Tinamou22.mp3,D:\other\Bird\Code\data\kaggle_training_wav_cache_sp\Brushland Tinamou_sound\Brushland Tinamou22.wav,converted,True,32000.0,1.0,46.816,1500474,1498112,1,0.9984258307708097,"[mp3 @ 000001a4e2365680] Estimating duration from bitrate, this may be inaccurate
"
Brushland Tinamou_sound/Brushland Tinamou23,D:\other\Bird\Dataset\CC0\Brushland Tinamou_sound\Brushland Tinamou23.mp3,D:\other\Bird\Code\data\kaggle_training_wav_cache_sp\Brushland Tinamou_sound\Brushland Tinamou23.wav,converted,True,32000.0,1.0,18.0316875,598518,577014,4,0.9640712560023258,"[mp3 @ 000001c0c65a5680] Estimating duration from bitrate, this may be inaccurate
"
Brushland Tinamou_sound/Brushland Tinamou24,D:\other\Bird\Dataset\CC0\Brushland Tinamou_sound\Brushland Tinamou24.mp3,D:\other\Bird\Code\data\kaggle_training_wav_cache_sp\Brushland Tinamou_sound\Brushland Tinamou24.wav,converted,True,32000.0,1.0,18.0316875,598518,577014,4,0.9640712560023258,"[mp3 @ 00000143349a5680] Estimating duration from bitrate, this may be inaccurate
"
Brushland Tinamou_sound/Brushland Tinamou25,D:\other\Bird\Dataset\CC0\Brushland Tinamou_sound\Brushland Tinamou25.mp3,D:\other\Bird\Code\data\kaggle_training_wav_cache_sp\Brushland Tinamou_sound\Brushland Tinamou25.wav,converted,True,32000.0,1.0,18.0316875,598518,577014,4,0.9640712560023258,"[mp3 @ 000001ca6a1d5680] Estimating duration from bitrate, this may be inaccurate
"
Brushland Tinamou_sound/Brushland Tinamou26,D:\other\Bird\Dataset\CC0\Brushland Tinamou_sound\Brushland Tinamou26.mp3,D:\other\Bird\Code\data\kaggle_training_wav_cache_sp\Brushland Tinamou_sound\Brushland Tinamou26.wav,converted,True,32000.0,1.0,18.0316875,598518,577014,4,0.9640712560023258,"[mp3 @ 000002284ccb5680] Estimating duration from bitrate, this may be inaccurate
"
Brushland Tinamou_sound/Brushland Tinamou3,D:\other\Bird\Dataset\CC0\Brushland Tinamou_sound\Brushland Tinamou3.mp3,D:\other\Bird\Code\data\kaggle_training_wav_cache_sp\Brushland Tinamou_sound\Brushland Tinamou3.wav,too_short_after_preprocess,,,,2.304,81085,73728,1,0.9092680520441512,
Brushland Tinamou_sound/Brushland Tinamou27,D:\other\Bird\Dataset\CC0\Brushland Tinamou_sound\Brushland Tinamou27.mp3,D:\other\Bird\Code\data\kaggle_training_wav_cache_sp\Brushland Tinamou_sound\Brushland Tinamou27.wav,converted,True,32000.0,1.0,18.0316875,598518,577014,4,0.9640712560023258,"[mp3 @ 0000023cece95680] Estimating duration from bitrate, this may be inaccurate
"
Brushland Tinamou_sound/Brushland Tinamou4,D:\other\Bird\Dataset\CC0\Brushland Tinamou_sound\Brushland Tinamou4.mp3,D:\other\Bird\Code\data\kaggle_training_wav_cache_sp\Brushland Tinamou_sound\Brushland Tinamou4.wav,converted,True,32000.0,1.0,15.376,628611,492032,27,0.7827289054757235,"[mp3 @ 000001e88c785680] Estimating duration from bitrate, this may be inaccurate
"
Brushland Tinamou_sound/Brushland Tinamou5,D:\other\Bird\Dataset\CC0\Brushland Tinamou_sound\Brushland Tinamou5.mp3,D:\other\Bird\Code\data\kaggle_training_wav_cache_sp\Brushland Tinamou_sound\Brushland Tinamou5.wav,converted,True,32000.0,1.0,15.376,628611,492032,27,0.7827289054757235,"[mp3 @ 000001531a255680] Estimating duration from bitrate, this may be inaccurate
"
Brushland Tinamou_sound/Brushland Tinamou6,D:\other\Bird\Dataset\CC0\Brushland Tinamou_sound\Brushland Tinamou6.mp3,D:\other\Bird\Code\data\kaggle_training_wav_cache_sp\Brushland Tinamou_sound\Brushland Tinamou6.wav,converted,True,32000.0,1.0,15.248,1086694,487936,62,0.4490095647900881,"[mp3 @ 00000276e8025680] Estimating duration from bitrate, this may be inaccurate
"
Brushland Tinamou_sound/Brushland Tinamou7,D:\other\Bird\Dataset\CC0\Brushland Tinamou_sound\Brushland Tinamou7.mp3,D:\other\Bird\Code\data\kaggle_training_wav_cache_sp\Brushland Tinamou_sound\Brushland Tinamou7.wav,converted,True,32000.0,1.0,15.248,1086694,487936,62,0.4490095647900881,"[mp3 @ 000002850caf5680] Estimating duration from bitrate, this may be inaccurate
"
Brushland Tinamou_sound/Brushland Tinamou8,D:\other\Bird\Dataset\CC0\Brushland Tinamou_sound\Brushland Tinamou8.mp3,D:\other\Bird\Code\data\kaggle_training_wav_cache_sp\Brushland Tinamou_sound\Brushland Tinamou8.wav,converted,True,32000.0,1.0,15.248,1086694,487936,62,0.4490095647900881,"[mp3 @ 0000019787275680] Estimating duration from bitrate, this may be inaccurate
"
Brushland Tinamou_sound/Brushland Tinamou9,D:\other\Bird\Dataset\CC0\Brushland Tinamou_sound\Brushland Tinamou9.mp3,D:\other\Bird\Code\data\kaggle_training_wav_cache_sp\Brushland Tinamou_sound\Brushland Tinamou9.wav,converted,True,32000.0,1.0,15.248,1086694,487936,62,0.4490095647900881,"[mp3 @ 000002a507a75680] Estimating duration from bitrate, this may be inaccurate
"
Buff-browed Chachalaca_sound/Buff-browed Chachalaca10,D:\other\Bird\Dataset\CC0\Buff-browed Chachalaca_sound\Buff-browed Chachalaca10.mp3,D:\other\Bird\Code\data\kaggle_training_wav_cache_sp\Buff-browed Chachalaca_sound\Buff-browed Chachalaca10.wav,converted,True,32000.0,1.0,29.408,1003103,941056,37,0.9381449362627766,"[mp3 @ 0000025accd656c0] Estimating duration from bitrate, this may be inaccurate
"
Buff-browed Chachalaca_sound/Buff-browed Chachalaca2,D:\other\Bird\Dataset\CC0\Buff-browed Chachalaca_sound\Buff-browed Chachalaca2.mp3,D:\other\Bird\Code\data\kaggle_training_wav_cache_sp\Buff-browed Chachalaca_sound\Buff-browed Chachalaca2.wav,converted,True,32000.0,1.0,19.20915625,614693,614693,1,1.0,
Buff-browed Chachalaca_sound/Buff-browed Chachalaca11,D:\other\Bird\Dataset\CC0\Buff-browed Chachalaca_sound\Buff-browed Chachalaca11.mp3,D:\other\Bird\Code\data\kaggle_training_wav_cache_sp\Buff-browed Chachalaca_sound\Buff-browed Chachalaca11.wav,converted,True,32000.0,1.0,70.98896875,2271647,2271647,1,1.0,
Buff-browed Chachalaca_sound/Buff-browed Chachalaca3,D:\other\Bird\Dataset\CC0\Buff-browed Chachalaca_sound\Buff-browed Chachalaca3.mp3,D:\other\Bird\Code\data\kaggle_training_wav_cache_sp\Buff-browed Chachalaca_sound\Buff-browed Chachalaca3.wav,converted,True,32000.0,1.0,19.20915625,614693,614693,1,1.0,
Buff-browed Chachalaca_sound/Buff-browed Chachalaca5,D:\other\Bird\Dataset\CC0\Buff-browed Chachalaca_sound\Buff-browed Chachalaca5.mp3,D:\other\Bird\Code\data\kaggle_training_wav_cache_sp\Buff-browed Chachalaca_sound\Buff-browed Chachalaca5.wav,too_short_after_preprocess,,,,4.208,210432,134656,11,0.6399026763990268,
Buff-browed Chachalaca_sound/Buff-browed Chachalaca4,D:\other\Bird\Dataset\CC0\Buff-browed Chachalaca_sound\Buff-browed Chachalaca4.mp3,D:\other\Bird\Code\data\kaggle_training_wav_cache_sp\Buff-browed Chachalaca_sound\Buff-browed Chachalaca4.wav,converted,True,32000.0,1.0,19.20915625,614693,614693,1,1.0,
Buff-browed Chachalaca_sound/Buff-browed Chachalaca6,D:\other\Bird\Dataset\CC0\Buff-browed Chachalaca_sound\Buff-browed Chachalaca6.mp3,D:\other\Bird\Code\data\kaggle_training_wav_cache_sp\Buff-browed Chachalaca_sound\Buff-browed Chachalaca6.wav,too_short_after_preprocess,,,,3.344,321792,107008,4,0.3325377883850438,
Buff-browed Chachalaca_sound/Buff-browed Chachalaca7,D:\other\Bird\Dataset\CC0\Buff-browed Chachalaca_sound\Buff-browed Chachalaca7.mp3,D:\other\Bird\Code\data\kaggle_training_wav_cache_sp\Buff-browed Chachalaca_sound\Buff-browed Chachalaca7.wav,too_short_after_preprocess,,,,3.344,321792,107008,4,0.3325377883850438,
Buff-browed Chachalaca_sound/Buff-browed Chachalaca9,D:\other\Bird\Dataset\CC0\Buff-browed Chachalaca_sound\Buff-browed Chachalaca9.mp3,D:\other\Bird\Code\data\kaggle_training_wav_cache_sp\Buff-browed Chachalaca_sound\Buff-browed Chachalaca9.wav,converted,True,32000.0,1.0,29.408,1003103,941056,37,0.9381449362627766,"[mp3 @ 0000025c3a1256c0] Estimating duration from bitrate, this may be inaccurate
"
Buff-browed Chachalaca_sound/Buff-browed Chachalaca8,D:\other\Bird\Dataset\CC0\Buff-browed Chachalaca_sound\Buff-browed Chachalaca8.mp3,D:\other\Bird\Code\data\kaggle_training_wav_cache_sp\Buff-browed Chachalaca_sound\Buff-browed Chachalaca8.wav,converted,True,32000.0,1.0,27.2,1982799,870400,48,0.43897540799647367,"[mp3 @ 000001d5ecc756c0] Estimating duration from bitrate, this may be inaccurate
"
Cauca Guan_sound/Cauca Guan10,D:\other\Bird\Dataset\CC0\Cauca Guan_sound\Cauca Guan10.mp3,D:\other\Bird\Code\data\kaggle_training_wav_cache_sp\Cauca Guan_sound\Cauca Guan10.wav,converted,True,32000.0,1.0,16.768,578295,536576,1,0.9278586188709914,
Cauca Guan_sound/Cauca Guan11,D:\other\Bird\Dataset\CC0\Cauca Guan_sound\Cauca Guan11.mp3,D:\other\Bird\Code\data\kaggle_training_wav_cache_sp\Cauca Guan_sound\Cauca Guan11.wav,converted,True,32000.0,1.0,16.768,578295,536576,1,0.9278586188709914,
Cauca Guan_sound/Cauca Guan12,D:\other\Bird\Dataset\CC0\Cauca Guan_sound\Cauca Guan12.mp3,D:\other\Bird\Code\data\kaggle_training_wav_cache_sp\Cauca Guan_sound\Cauca Guan12.wav,converted,True,32000.0,1.0,16.768,578295,536576,1,0.9278586188709914,
Cauca Guan_sound/Cauca Guan13,D:\other\Bird\Dataset\CC0\Cauca Guan_sound\Cauca Guan13.mp3,D:\other\Bird\Code\data\kaggle_training_wav_cache_sp\Cauca Guan_sound\Cauca Guan13.wav,converted,True,32000.0,1.0,16.768,578295,536576,1,0.9278586188709914,
Cauca Guan_sound/Cauca Guan15,D:\other\Bird\Dataset\CC0\Cauca Guan_sound\Cauca Guan15.mp3,D:\other\Bird\Code\data\kaggle_training_wav_cache_sp\Cauca Guan_sound\Cauca Guan15.wav,converted,True,32000.0,1.0,124.32,4972850,3978240,185,0.7999919563228329,
Cauca Guan_sound/Cauca Guan14,D:\other\Bird\Dataset\CC0\Cauca Guan_sound\Cauca Guan14.mp3,D:\other\Bird\Code\data\kaggle_training_wav_cache_sp\Cauca Guan_sound\Cauca Guan14.wav,converted,True,32000.0,1.0,155.392,8634019,4972544,716,0.5759246070688517,
Cauca Guan_sound/Cauca Guan17,D:\other\Bird\Dataset\CC0\Cauca Guan_sound\Cauca Guan17.mp3,D:\other\Bird\Code\data\kaggle_training_wav_cache_sp\Cauca Guan_sound\Cauca Guan17.wav,converted,True,32000.0,1.0,92.56,3034534,2961920,20,0.9760707904409706,
Cauca Guan_sound/Cauca Guan18,D:\other\Bird\Dataset\CC0\Cauca Guan_sound\Cauca Guan18.mp3,D:\other\Bird\Code\data\kaggle_training_wav_cache_sp\Cauca Guan_sound\Cauca Guan18.wav,converted,True,32000.0,1.0,76.2354375,2441582,2439534,2,0.9991611995828934,
Cauca Guan_sound/Cauca Guan19,D:\other\Bird\Dataset\CC0\Cauca Guan_sound\Cauca Guan19.mp3,D:\other\Bird\Code\data\kaggle_training_wav_cache_sp\Cauca Guan_sound\Cauca Guan19.wav,converted,True,32000.0,1.0,124.224,5044800,3975168,188,0.7879733587059943,
Cauca Guan_sound/Cauca Guan2,D:\other\Bird\Dataset\CC0\Cauca Guan_sound\Cauca Guan2.mp3,D:\other\Bird\Code\data\kaggle_training_wav_cache_sp\Cauca Guan_sound\Cauca Guan2.wav,converted,True,32000.0,1.0,52.912,3713986,1693184,164,0.455894017909599,"[mp3 @ 000001c17ff756c0] Estimating duration from bitrate, this may be inaccurate
"
Cauca Guan_sound/Cauca Guan16,D:\other\Bird\Dataset\CC0\Cauca Guan_sound\Cauca Guan16.mp3,D:\other\Bird\Code\data\kaggle_training_wav_cache_sp\Cauca Guan_sound\Cauca Guan16.wav,converted,True,32000.0,1.0,697.687125,22453476,22325988,38,0.9943221263380334,
Cauca Guan_sound/Cauca Guan21,D:\other\Bird\Dataset\CC0\Cauca Guan_sound\Cauca Guan21.mp3,D:\other\Bird\Code\data\kaggle_training_wav_cache_sp\Cauca Guan_sound\Cauca Guan21.wav,converted,True,32000.0,1.0,91.312,2992047,2921984,26,0.9765835897631288,
Cauca Guan_sound/Cauca Guan22,D:\other\Bird\Dataset\CC0\Cauca Guan_sound\Cauca Guan22.mp3,D:\other\Bird\Code\data\kaggle_training_wav_cache_sp\Cauca Guan_sound\Cauca Guan22.wav,converted,True,32000.0,1.0,169.84,7594635,5434880,256,0.715620961376024,
Cauca Guan_sound/Cauca Guan23,D:\other\Bird\Dataset\CC0\Cauca Guan_sound\Cauca Guan23.mp3,D:\other\Bird\Code\data\kaggle_training_wav_cache_sp\Cauca Guan_sound\Cauca Guan23.wav,converted,True,32000.0,1.0,20.816,769045,666112,23,0.8661547763784954,"[mp3 @ 0000022c315556c0] Estimating duration from bitrate, this may be inaccurate
"
Cauca Guan_sound/Cauca Guan20,D:\other\Bird\Dataset\CC0\Cauca Guan_sound\Cauca Guan20.mp3,D:\other\Bird\Code\data\kaggle_training_wav_cache_sp\Cauca Guan_sound\Cauca Guan20.wav,converted,True,32000.0,1.0,579.30815625,19623813,18537861,152,0.9446615191451325,
Cauca Guan_sound/Cauca Guan24,D:\other\Bird\Dataset\CC0\Cauca Guan_sound\Cauca Guan24.mp3,D:\other\Bird\Code\data\kaggle_training_wav_cache_sp\Cauca Guan_sound\Cauca Guan24.wav,converted,True,32000.0,1.0,148.832,5391774,4762624,100,0.8833129875250706,
Cauca Guan_sound/Cauca Guan25,D:\other\Bird\Dataset\CC0\Cauca Guan_sound\Cauca Guan25.mp3,D:\other\Bird\Code\data\kaggle_training_wav_cache_sp\Cauca Guan_sound\Cauca Guan25.wav,converted,True,32000.0,1.0,148.832,5391774,4762624,100,0.8833129875250706,
Cauca Guan_sound/Cauca Guan26,D:\other\Bird\Dataset\CC0\Cauca Guan_sound\Cauca Guan26.mp3,D:\other\Bird\Code\data\kaggle_training_wav_cache_sp\Cauca Guan_sound\Cauca Guan26.wav,converted,True,32000.0,1.0,223.968,9114018,7166976,296,0.7863684271854631,"[mp3 @ 000002896cd956c0] Estimating duration from bitrate, this may be inaccurate
"
Cauca Guan_sound/Cauca Guan27,D:\other\Bird\Dataset\CC0\Cauca Guan_sound\Cauca Guan27.mp3,D:\other\Bird\Code\data\kaggle_training_wav_cache_sp\Cauca Guan_sound\Cauca Guan27.wav,converted,True,32000.0,1.0,223.968,9114018,7166976,296,0.7863684271854631,"[mp3 @ 000001aa1e9356c0] Estimating duration from bitrate, this may be inaccurate
"
Cauca Guan_sound/Cauca Guan28,D:\other\Bird\Dataset\CC0\Cauca Guan_sound\Cauca Guan28.mp3,D:\other\Bird\Code\data\kaggle_training_wav_cache_sp\Cauca Guan_sound\Cauca Guan28.wav,converted,True,32000.0,1.0,223.968,9114018,7166976,296,0.7863684271854631,"[mp3 @ 000001be583c56c0] Estimating duration from bitrate, this may be inaccurate
"
Cauca Guan_sound/Cauca Guan29,D:\other\Bird\Dataset\CC0\Cauca Guan_sound\Cauca Guan29.mp3,D:\other\Bird\Code\data\kaggle_training_wav_cache_sp\Cauca Guan_sound\Cauca Guan29.wav,converted,True,32000.0,1.0,223.968,9114018,7166976,296,0.7863684271854631,"[mp3 @ 000001e6554656c0] Estimating duration from bitrate, this may be inaccurate
"
Cauca Guan_sound/Cauca Guan3,D:\other\Bird\Dataset\CC0\Cauca Guan_sound\Cauca Guan3.mp3,D:\other\Bird\Code\data\kaggle_training_wav_cache_sp\Cauca Guan_sound\Cauca Guan3.wav,converted,True,32000.0,1.0,57.968,3363736,1854976,207,0.5514630161225494,"[mp3 @ 0000013d19fe56c0] Estimating duration from bitrate, this may be inaccurate
"
Cauca Guan_sound/Cauca Guan30,D:\other\Bird\Dataset\CC0\Cauca Guan_sound\Cauca Guan30.mp3,D:\other\Bird\Code\data\kaggle_training_wav_cache_sp\Cauca Guan_sound\Cauca Guan30.wav,converted,True,32000.0,1.0,223.968,9114018,7166976,296,0.7863684271854631,"[mp3 @ 000002847d7c56c0] Estimating duration from bitrate, this may be inaccurate
"
Cauca Guan_sound/Cauca Guan31,D:\other\Bird\Dataset\CC0\Cauca Guan_sound\Cauca Guan31.mp3,D:\other\Bird\Code\data\kaggle_training_wav_cache_sp\Cauca Guan_sound\Cauca Guan31.wav,converted,True,32000.0,1.0,223.968,9114018,7166976,296,0.7863684271854631,"[mp3 @ 00000206a80f56c0] Estimating duration from bitrate, this may be inaccurate
"
Cauca Guan_sound/Cauca Guan5,D:\other\Bird\Dataset\CC0\Cauca Guan_sound\Cauca Guan5.mp3,D:\other\Bird\Code\data\kaggle_training_wav_cache_sp\Cauca Guan_sound\Cauca Guan5.wav,converted,True,32000.0,1.0,28.128,973615,900096,23,0.9244886325703692,
Cauca Guan_sound/Cauca Guan4,D:\other\Bird\Dataset\CC0\Cauca Guan_sound\Cauca Guan4.mp3,D:\other\Bird\Code\data\kaggle_training_wav_cache_sp\Cauca Guan_sound\Cauca Guan4.wav,converted,True,32000.0,1.0,22.96,1238832,734720,28,0.5930747672000724,"[mp3 @ 00000278acdb56c0] Estimating duration from bitrate, this may be inaccurate
"
Cauca Guan_sound/Cauca Guan7,D:\other\Bird\Dataset\CC0\Cauca Guan_sound\Cauca Guan7.mp3,D:\other\Bird\Code\data\kaggle_training_wav_cache_sp\Cauca Guan_sound\Cauca Guan7.wav,converted,True,32000.0,1.0,16.768,578295,536576,1,0.9278586188709914,
Cauca Guan_sound/Cauca Guan8,D:\other\Bird\Dataset\CC0\Cauca Guan_sound\Cauca Guan8.mp3,D:\other\Bird\Code\data\kaggle_training_wav_cache_sp\Cauca Guan_sound\Cauca Guan8.wav,converted,True,32000.0,1.0,16.768,578295,536576,1,0.9278586188709914,
Cauca Guan_sound/Cauca Guan6,D:\other\Bird\Dataset\CC0\Cauca Guan_sound\Cauca Guan6.mp3,D:\other\Bird\Code\data\kaggle_training_wav_cache_sp\Cauca Guan_sound\Cauca Guan6.wav,converted,True,32000.0,1.0,77.562125,2540356,2481988,38,0.9770236927422771,"[mp3 @ 000001d5c8f956c0] Estimating duration from bitrate, this may be inaccurate
"
Cauca Guan_sound/Cauca Guan9,D:\other\Bird\Dataset\CC0\Cauca Guan_sound\Cauca Guan9.mp3,D:\other\Bird\Code\data\kaggle_training_wav_cache_sp\Cauca Guan_sound\Cauca Guan9.wav,converted,True,32000.0,1.0,16.768,578295,536576,1,0.9278586188709914,
Chaco Chachalaca_sound/Chaco Chachalaca10,D:\other\Bird\Dataset\CC0\Chaco Chachalaca_sound\Chaco Chachalaca10.mp3,D:\other\Bird\Code\data\kaggle_training_wav_cache_sp\Chaco Chachalaca_sound\Chaco Chachalaca10.wav,converted,True,32000.0,1.0,35.92,1158912,1149440,1,0.9918268168765186,"[mp3 @ 0000019533f85700] Estimating duration from bitrate, this may be inaccurate
"
Chaco Chachalaca_sound/Chaco Chachalaca11,D:\other\Bird\Dataset\CC0\Chaco Chachalaca_sound\Chaco Chachalaca11.mp3,D:\other\Bird\Code\data\kaggle_training_wav_cache_sp\Chaco Chachalaca_sound\Chaco Chachalaca11.wav,converted,True,32000.0,1.0,35.92,1158912,1149440,1,0.9918268168765186,"[mp3 @ 00000113a2475700] Estimating duration from bitrate, this may be inaccurate
"
Chaco Chachalaca_sound/Chaco Chachalaca12,D:\other\Bird\Dataset\CC0\Chaco Chachalaca_sound\Chaco Chachalaca12.mp3,D:\other\Bird\Code\data\kaggle_training_wav_cache_sp\Chaco Chachalaca_sound\Chaco Chachalaca12.wav,converted,True,32000.0,1.0,48.688,2349767,1558016,124,0.6630512727432124,"[mp3 @ 0000024b55f25700] Estimating duration from bitrate, this may be inaccurate
"
Chaco Chachalaca_sound/Chaco Chachalaca13,D:\other\Bird\Dataset\CC0\Chaco Chachalaca_sound\Chaco Chachalaca13.mp3,D:\other\Bird\Code\data\kaggle_training_wav_cache_sp\Chaco Chachalaca_sound\Chaco Chachalaca13.wav,converted,True,32000.0,1.0,91.328,3879498,2922496,106,0.7533180839376641,"[mp3 @ 0000022552c15700] Estimating duration from bitrate, this may be inaccurate
"
Chaco Chachalaca_sound/Chaco Chachalaca14,D:\other\Bird\Dataset\CC0\Chaco Chachalaca_sound\Chaco Chachalaca14.mp3,D:\other\Bird\Code\data\kaggle_training_wav_cache_sp\Chaco Chachalaca_sound\Chaco Chachalaca14.wav,converted,True,32000.0,1.0,91.328,3879498,2922496,106,0.7533180839376641,"[mp3 @ 000001c136825700] Estimating duration from bitrate, this may be inaccurate
"
Chaco Chachalaca_sound/Chaco Chachalaca15,D:\other\Bird\Dataset\CC0\Chaco Chachalaca_sound\Chaco Chachalaca15.mp3,D:\other\Bird\Code\data\kaggle_training_wav_cache_sp\Chaco Chachalaca_sound\Chaco Chachalaca15.wav,converted,True,32000.0,1.0,80.9706875,3118422,2591062,125,0.830888827746854,
Chaco Chachalaca_sound/Chaco Chachalaca16,D:\other\Bird\Dataset\CC0\Chaco Chachalaca_sound\Chaco Chachalaca16.mp3,D:\other\Bird\Code\data\kaggle_training_wav_cache_sp\Chaco Chachalaca_sound\Chaco Chachalaca16.wav,converted,True,32000.0,1.0,80.9706875,3118422,2591062,125,0.830888827746854,
Chaco Chachalaca_sound/Chaco Chachalaca17,D:\other\Bird\Dataset\CC0\Chaco Chachalaca_sound\Chaco Chachalaca17.mp3,D:\other\Bird\Code\data\kaggle_training_wav_cache_sp\Chaco Chachalaca_sound\Chaco Chachalaca17.wav,converted,True,32000.0,1.0,80.9706875,3118422,2591062,125,0.830888827746854,
Chaco Chachalaca_sound/Chaco Chachalaca18,D:\other\Bird\Dataset\CC0\Chaco Chachalaca_sound\Chaco Chachalaca18.mp3,D:\other\Bird\Code\data\kaggle_training_wav_cache_sp\Chaco Chachalaca_sound\Chaco Chachalaca18.wav,converted,True,32000.0,1.0,80.9706875,3118422,2591062,125,0.830888827746854,
Chaco Chachalaca_sound/Chaco Chachalaca2,D:\other\Bird\Dataset\CC0\Chaco Chachalaca_sound\Chaco Chachalaca2.mp3,D:\other\Bird\Code\data\kaggle_training_wav_cache_sp\Chaco Chachalaca_sound\Chaco Chachalaca2.wav,converted,True,32000.0,1.0,23.84,784092,762880,7,0.9729470521316376,"[mp3 @ 00000260c0725700] Estimating duration from bitrate, this may be inaccurate
"
Chaco Chachalaca_sound/Chaco Chachalaca19,D:\other\Bird\Dataset\CC0\Chaco Chachalaca_sound\Chaco Chachalaca19.mp3,D:\other\Bird\Code\data\kaggle_training_wav_cache_sp\Chaco Chachalaca_sound\Chaco Chachalaca19.wav,converted,True,32000.0,1.0,143.056,20423994,4577792,304,0.22413794285290134,"[mp3 @ 0000022d5edd5700] Estimating duration from bitrate, this may be inaccurate
"
Chaco Chachalaca_sound/Chaco Chachalaca20,D:\other\Bird\Dataset\CC0\Chaco Chachalaca_sound\Chaco Chachalaca20.mp3,D:\other\Bird\Code\data\kaggle_training_wav_cache_sp\Chaco Chachalaca_sound\Chaco Chachalaca20.wav,converted,True,32000.0,1.0,143.056,20423994,4577792,304,0.22413794285290134,"[mp3 @ 000002478c9d5700] Estimating duration from bitrate, this may be inaccurate
"
Chaco Chachalaca_sound/Chaco Chachalaca22,D:\other\Bird\Dataset\CC0\Chaco Chachalaca_sound\Chaco Chachalaca22.mp3,D:\other\Bird\Code\data\kaggle_training_wav_cache_sp\Chaco Chachalaca_sound\Chaco Chachalaca22.wav,converted,True,32000.0,1.0,10.304,453904,329728,22,0.7264267334061828,"[mp3 @ 0000018e195c5700] Estimating duration from bitrate, this may be inaccurate
[mp3float @ 0000018e195c7c00] Header missing
Error while decoding stream #0:0: Invalid data found when processing input
"
Chaco Chachalaca_sound/Chaco Chachalaca23,D:\other\Bird\Dataset\CC0\Chaco Chachalaca_sound\Chaco Chachalaca23.mp3,D:\other\Bird\Code\data\kaggle_training_wav_cache_sp\Chaco Chachalaca_sound\Chaco Chachalaca23.wav,converted,True,32000.0,1.0,10.304,453904,329728,22,0.7264267334061828,"[mp3 @ 00000267253e5700] Estimating duration from bitrate, this may be inaccurate
[mp3float @ 00000267253e7c00] Header missing
Error while decoding stream #0:0: Invalid data found when processing input
"
Chaco Chachalaca_sound/Chaco Chachalaca24,D:\other\Bird\Dataset\CC0\Chaco Chachalaca_sound\Chaco Chachalaca24.mp3,D:\other\Bird\Code\data\kaggle_training_wav_cache_sp\Chaco Chachalaca_sound\Chaco Chachalaca24.wav,converted,True,32000.0,1.0,10.304,453904,329728,22,0.7264267334061828,"[mp3 @ 000002a995c45700] Estimating duration from bitrate, this may be inaccurate
[mp3float @ 000002a995c47c00] Header missing
Error while decoding stream #0:0: Invalid data found when processing input
"
Chaco Chachalaca_sound/Chaco Chachalaca25,D:\other\Bird\Dataset\CC0\Chaco Chachalaca_sound\Chaco Chachalaca25.mp3,D:\other\Bird\Code\data\kaggle_training_wav_cache_sp\Chaco Chachalaca_sound\Chaco Chachalaca25.wav,converted,True,32000.0,1.0,10.304,453904,329728,22,0.7264267334061828,"[mp3 @ 00000224233b5700] Estimating duration from bitrate, this may be inaccurate
[mp3float @ 00000224233b7c00] Header missing
Error while decoding stream #0:0: Invalid data found when processing input
"
Chaco Chachalaca_sound/Chaco Chachalaca26,D:\other\Bird\Dataset\CC0\Chaco Chachalaca_sound\Chaco Chachalaca26.mp3,D:\other\Bird\Code\data\kaggle_training_wav_cache_sp\Chaco Chachalaca_sound\Chaco Chachalaca26.wav,converted,True,32000.0,1.0,10.304,453904,329728,22,0.7264267334061828,"[mp3 @ 000001fd573c5700] Estimating duration from bitrate, this may be inaccurate
[mp3float @ 000001fd573c7c00] Header missing
Error while decoding stream #0:0: Invalid data found when processing input
"
Chaco Chachalaca_sound/Chaco Chachalaca27,D:\other\Bird\Dataset\CC0\Chaco Chachalaca_sound\Chaco Chachalaca27.mp3,D:\other\Bird\Code\data\kaggle_training_wav_cache_sp\Chaco Chachalaca_sound\Chaco Chachalaca27.wav,converted,True,32000.0,1.0,10.304,453904,329728,22,0.7264267334061828,"[mp3 @ 00000263e53d5700] Estimating duration from bitrate, this may be inaccurate
[mp3float @ 00000263e53d7c00] Header missing
Error while decoding stream #0:0: Invalid data found when processing input
"
Chaco Chachalaca_sound/Chaco Chachalaca28,D:\other\Bird\Dataset\CC0\Chaco Chachalaca_sound\Chaco Chachalaca28.mp3,D:\other\Bird\Code\data\kaggle_training_wav_cache_sp\Chaco Chachalaca_sound\Chaco Chachalaca28.wav,converted,True,32000.0,1.0,10.304,453904,329728,22,0.7264267334061828,"[mp3 @ 0000027fff5b5700] Estimating duration from bitrate, this may be inaccurate
[mp3float @ 0000027fff5b7c00] Header missing
Error while decoding stream #0:0: Invalid data found when processing input
"
Chaco Chachalaca_sound/Chaco Chachalaca29,D:\other\Bird\Dataset\CC0\Chaco Chachalaca_sound\Chaco Chachalaca29.mp3,D:\other\Bird\Code\data\kaggle_training_wav_cache_sp\Chaco Chachalaca_sound\Chaco Chachalaca29.wav,converted,True,32000.0,1.0,10.304,453904,329728,22,0.7264267334061828,"[mp3 @ 0000028b0e9e5700] Estimating duration from bitrate, this may be inaccurate
[mp3float @ 0000028b0e9e7c00] Header missing
Error while decoding stream #0:0: Invalid data found when processing input
"
Chaco Chachalaca_sound/Chaco Chachalaca3,D:\other\Bird\Dataset\CC0\Chaco Chachalaca_sound\Chaco Chachalaca3.mp3,D:\other\Bird\Code\data\kaggle_training_wav_cache_sp\Chaco Chachalaca_sound\Chaco Chachalaca3.wav,converted,True,32000.0,1.0,86.304,2768256,2761728,1,0.9976418365931474,"[mp3 @ 0000028d6ccf5700] Estimating duration from bitrate, this may be inaccurate
"
Chaco Chachalaca_sound/Chaco Chachalaca30,D:\other\Bird\Dataset\CC0\Chaco Chachalaca_sound\Chaco Chachalaca30.mp3,D:\other\Bird\Code\data\kaggle_training_wav_cache_sp\Chaco Chachalaca_sound\Chaco Chachalaca30.wav,converted,True,32000.0,1.0,10.304,453904,329728,22,0.7264267334061828,"[mp3 @ 000001b17fbd5700] Estimating duration from bitrate, this may be inaccurate
[mp3float @ 000001b17fbd7c00] Header missing
Error while decoding stream #0:0: Invalid data found when processing input
"
Chaco Chachalaca_sound/Chaco Chachalaca31,D:\other\Bird\Dataset\CC0\Chaco Chachalaca_sound\Chaco Chachalaca31.mp3,D:\other\Bird\Code\data\kaggle_training_wav_cache_sp\Chaco Chachalaca_sound\Chaco Chachalaca31.wav,converted,True,32000.0,1.0,10.304,453904,329728,22,0.7264267334061828,"[mp3 @ 000001fe32905700] Estimating duration from bitrate, this may be inaccurate
[mp3float @ 000001fe32907c00] Header missing
Error while decoding stream #0:0: Invalid data found when processing input
"
Chaco Chachalaca_sound/Chaco Chachalaca4,D:\other\Bird\Dataset\CC0\Chaco Chachalaca_sound\Chaco Chachalaca4.mp3,D:\other\Bird\Code\data\kaggle_training_wav_cache_sp\Chaco Chachalaca_sound\Chaco Chachalaca4.wav,converted,True,32000.0,1.0,19.504,627840,624128,1,0.9940876656472987,"[mp3 @ 000001233fb05700] Estimating duration from bitrate, this may be inaccurate
"
Chaco Chachalaca_sound/Chaco Chachalaca5,D:\other\Bird\Dataset\CC0\Chaco Chachalaca_sound\Chaco Chachalaca5.mp3,D:\other\Bird\Code\data\kaggle_training_wav_cache_sp\Chaco Chachalaca_sound\Chaco Chachalaca5.wav,converted,True,32000.0,1.0,35.92,1158912,1149440,1,0.9918268168765186,"[mp3 @ 000001a39ce75700] Estimating duration from bitrate, this may be inaccurate
"
Chaco Chachalaca_sound/Chaco Chachalaca6,D:\other\Bird\Dataset\CC0\Chaco Chachalaca_sound\Chaco Chachalaca6.mp3,D:\other\Bird\Code\data\kaggle_training_wav_cache_sp\Chaco Chachalaca_sound\Chaco Chachalaca6.wav,converted,True,32000.0,1.0,35.92,1158912,1149440,1,0.9918268168765186,"[mp3 @ 0000020f7deb5700] Estimating duration from bitrate, this may be inaccurate
"
Chaco Chachalaca_sound/Chaco Chachalaca7,D:\other\Bird\Dataset\CC0\Chaco Chachalaca_sound\Chaco Chachalaca7.mp3,D:\other\Bird\Code\data\kaggle_training_wav_cache_sp\Chaco Chachalaca_sound\Chaco Chachalaca7.wav,converted,True,32000.0,1.0,35.92,1158912,1149440,1,0.9918268168765186,"[mp3 @ 0000029c99e25700] Estimating duration from bitrate, this may be inaccurate
"
Chaco Chachalaca_sound/Chaco Chachalaca21,D:\other\Bird\Dataset\CC0\Chaco Chachalaca_sound\Chaco Chachalaca21.mp3,D:\other\Bird\Code\data\kaggle_training_wav_cache_sp\Chaco Chachalaca_sound\Chaco Chachalaca21.wav,converted,True,32000.0,1.0,143.056,20423994,4577792,304,0.22413794285290134,"[mp3 @ 000001859c015700] Estimating duration from bitrate, this may be inaccurate
"
Chaco Chachalaca_sound/Chaco Chachalaca8,D:\other\Bird\Dataset\CC0\Chaco Chachalaca_sound\Chaco Chachalaca8.mp3,D:\other\Bird\Code\data\kaggle_training_wav_cache_sp\Chaco Chachalaca_sound\Chaco Chachalaca8.wav,converted,True,32000.0,1.0,35.92,1158912,1149440,1,0.9918268168765186,"[mp3 @ 000001037a6f5700] Estimating duration from bitrate, this may be inaccurate
"
Chaco Chachalaca_sound/Chaco Chachalaca9,D:\other\Bird\Dataset\CC0\Chaco Chachalaca_sound\Chaco Chachalaca9.mp3,D:\other\Bird\Code\data\kaggle_training_wav_cache_sp\Chaco Chachalaca_sound\Chaco Chachalaca9.wav,converted,True,32000.0,1.0,35.92,1158912,1149440,1,0.9918268168765186,"[mp3 @ 0000018801f45700] Estimating duration from bitrate, this may be inaccurate
"
Chestnut-bellied Guan_sound/Chestnut-bellied Guan10,D:\other\Bird\Dataset\CC0\Chestnut-bellied Guan_sound\Chestnut-bellied Guan10.mp3,D:\other\Bird\Code\data\kaggle_training_wav_cache_sp\Chestnut-bellied Guan_sound\Chestnut-bellied Guan10.wav,converted,True,32000.0,1.0,41.168,1377865,1317376,33,0.9560994727349922,
Chestnut-bellied Guan_sound/Chestnut-bellied Guan12,D:\other\Bird\Dataset\CC0\Chestnut-bellied Guan_sound\Chestnut-bellied Guan12.mp3,D:\other\Bird\Code\data\kaggle_training_wav_cache_sp\Chestnut-bellied Guan_sound\Chestnut-bellied Guan12.wav,too_short_after_preprocess,,,,3.1880625,102018,102018,1,1.0,
Chestnut-bellied Guan_sound/Chestnut-bellied Guan13,D:\other\Bird\Dataset\CC0\Chestnut-bellied Guan_sound\Chestnut-bellied Guan13.mp3,D:\other\Bird\Code\data\kaggle_training_wav_cache_sp\Chestnut-bellied Guan_sound\Chestnut-bellied Guan13.wav,too_short_after_preprocess,,,,3.1880625,102018,102018,1,1.0,
Chestnut-bellied Guan_sound/Chestnut-bellied Guan11,D:\other\Bird\Dataset\CC0\Chestnut-bellied Guan_sound\Chestnut-bellied Guan11.mp3,D:\other\Bird\Code\data\kaggle_training_wav_cache_sp\Chestnut-bellied Guan_sound\Chestnut-bellied Guan11.wav,converted,True,32000.0,1.0,42.272,1784685,1352704,72,0.7579511230273129,"[mp3 @ 000001c6f80356c0] Estimating duration from bitrate, this may be inaccurate
"
Chestnut-bellied Guan_sound/Chestnut-bellied Guan2,D:\other\Bird\Dataset\CC0\Chestnut-bellied Guan_sound\Chestnut-bellied Guan2.mp3,D:\other\Bird\Code\data\kaggle_training_wav_cache_sp\Chestnut-bellied Guan_sound\Chestnut-bellied Guan2.wav,converted,True,32000.0,1.0,126.992,5783720,4063744,248,0.7026176924194117,"[mp3 @ 000002ad13ce56c0] Estimating duration from bitrate, this may be inaccurate
"
Chestnut-bellied Guan_sound/Chestnut-bellied Guan3,D:\other\Bird\Dataset\CC0\Chestnut-bellied Guan_sound\Chestnut-bellied Guan3.mp3,D:\other\Bird\Code\data\kaggle_training_wav_cache_sp\Chestnut-bellied Guan_sound\Chestnut-bellied Guan3.wav,converted,True,32000.0,1.0,126.992,5783720,4063744,248,0.7026176924194117,"[mp3 @ 0000025d283c56c0] Estimating duration from bitrate, this may be inaccurate
"
Chestnut-bellied Guan_sound/Chestnut-bellied Guan5,D:\other\Bird\Dataset\CC0\Chestnut-bellied Guan_sound\Chestnut-bellied Guan5.mp3,D:\other\Bird\Code\data\kaggle_training_wav_cache_sp\Chestnut-bellied Guan_sound\Chestnut-bellied Guan5.wav,converted,True,32000.0,1.0,15.984,514090,511488,2,0.9949386294228637,"[mp3 @ 000001981a3b56c0] Estimating duration from bitrate, this may be inaccurate
"
Chestnut-bellied Guan_sound/Chestnut-bellied Guan6,D:\other\Bird\Dataset\CC0\Chestnut-bellied Guan_sound\Chestnut-bellied Guan6.mp3,D:\other\Bird\Code\data\kaggle_training_wav_cache_sp\Chestnut-bellied Guan_sound\Chestnut-bellied Guan6.wav,converted,True,32000.0,1.0,17.21471875,550871,550871,1,1.0,"[mp3 @ 000001f454f956c0] Estimating duration from bitrate, this may be inaccurate
"
Chestnut-bellied Guan_sound/Chestnut-bellied Guan7,D:\other\Bird\Dataset\CC0\Chestnut-bellied Guan_sound\Chestnut-bellied Guan7.mp3,D:\other\Bird\Code\data\kaggle_training_wav_cache_sp\Chestnut-bellied Guan_sound\Chestnut-bellied Guan7.wav,converted,True,32000.0,1.0,17.21471875,550871,550871,1,1.0,"[mp3 @ 00000271e2d456c0] Estimating duration from bitrate, this may be inaccurate
"
Chestnut-bellied Guan_sound/Chestnut-bellied Guan8,D:\other\Bird\Dataset\CC0\Chestnut-bellied Guan_sound\Chestnut-bellied Guan8.mp3,D:\other\Bird\Code\data\kaggle_training_wav_cache_sp\Chestnut-bellied Guan_sound\Chestnut-bellied Guan8.wav,converted,True,32000.0,1.0,41.168,1377865,1317376,33,0.9560994727349922,
Chestnut-bellied Guan_sound/Chestnut-bellied Guan4,D:\other\Bird\Dataset\CC0\Chestnut-bellied Guan_sound\Chestnut-bellied Guan4.mp3,D:\other\Bird\Code\data\kaggle_training_wav_cache_sp\Chestnut-bellied Guan_sound\Chestnut-bellied Guan4.wav,converted,True,32000.0,1.0,126.992,5783720,4063744,248,0.7026176924194117,"[mp3 @ 000002cf54a656c0] Estimating duration from bitrate, this may be inaccurate
"
Chestnut-bellied Guan_sound/Chestnut-bellied Guan9,D:\other\Bird\Dataset\CC0\Chestnut-bellied Guan_sound\Chestnut-bellied Guan9.mp3,D:\other\Bird\Code\data\kaggle_training_wav_cache_sp\Chestnut-bellied Guan_sound\Chestnut-bellied Guan9.wav,converted,True,32000.0,1.0,41.168,1377865,1317376,33,0.9560994727349922,
Chestnut-winged Chachalaca_sound/Chestnut-winged Chachalaca11,D:\other\Bird\Dataset\CC0\Chestnut-winged Chachalaca_sound\Chestnut-winged Chachalaca11.mp3,D:\other\Bird\Code\data\kaggle_training_wav_cache_sp\Chestnut-winged Chachalaca_sound\Chestnut-winged Chachalaca11.wav,converted,True,32000.0,1.0,38.352,2127787,1227264,40,0.5767795366735486,
Chestnut-winged Chachalaca_sound/Chestnut-winged Chachalaca10,D:\other\Bird\Dataset\CC0\Chestnut-winged Chachalaca_sound\Chestnut-winged Chachalaca10.mp3,D:\other\Bird\Code\data\kaggle_training_wav_cache_sp\Chestnut-winged Chachalaca_sound\Chestnut-winged Chachalaca10.wav,converted,True,32000.0,1.0,92.15734375,2993067,2949035,24,0.9852886687802177,
Chestnut-winged Chachalaca_sound/Chestnut-winged Chachalaca12,D:\other\Bird\Dataset\CC0\Chestnut-winged Chachalaca_sound\Chestnut-winged Chachalaca12.mp3,D:\other\Bird\Code\data\kaggle_training_wav_cache_sp\Chestnut-winged Chachalaca_sound\Chestnut-winged Chachalaca12.wav,converted,True,32000.0,1.0,8.864,704256,283648,25,0.40276263177026533,"[mp3 @ 0000029e86735780] Estimating duration from bitrate, this may be inaccurate
"
Chestnut-winged Chachalaca_sound/Chestnut-winged Chachalaca13,D:\other\Bird\Dataset\CC0\Chestnut-winged Chachalaca_sound\Chestnut-winged Chachalaca13.mp3,D:\other\Bird\Code\data\kaggle_training_wav_cache_sp\Chestnut-winged Chachalaca_sound\Chestnut-winged Chachalaca13.wav,converted,True,32000.0,1.0,8.864,704256,283648,25,0.40276263177026533,"[mp3 @ 00000245c21e5780] Estimating duration from bitrate, this may be inaccurate
"
Chestnut-winged Chachalaca_sound/Chestnut-winged Chachalaca14,D:\other\Bird\Dataset\CC0\Chestnut-winged Chachalaca_sound\Chestnut-winged Chachalaca14.mp3,D:\other\Bird\Code\data\kaggle_training_wav_cache_sp\Chestnut-winged Chachalaca_sound\Chestnut-winged Chachalaca14.wav,converted,True,32000.0,1.0,6.84325,218984,218984,1,1.0,
Chestnut-winged Chachalaca_sound/Chestnut-winged Chachalaca16,D:\other\Bird\Dataset\CC0\Chestnut-winged Chachalaca_sound\Chestnut-winged Chachalaca16.mp3,D:\other\Bird\Code\data\kaggle_training_wav_cache_sp\Chestnut-winged Chachalaca_sound\Chestnut-winged Chachalaca16.wav,converted,True,32000.0,1.0,14.224,600190,455168,14,0.7583731818257552,"[mp3 @ 0000023795655780] Estimating duration from bitrate, this may be inaccurate
"
Chestnut-winged Chachalaca_sound/Chestnut-winged Chachalaca15,D:\other\Bird\Dataset\CC0\Chestnut-winged Chachalaca_sound\Chestnut-winged Chachalaca15.mp3,D:\other\Bird\Code\data\kaggle_training_wav_cache_sp\Chestnut-winged Chachalaca_sound\Chestnut-winged Chachalaca15.wav,converted,True,32000.0,1.0,31.904,1235488,1020928,11,0.8263358284337848,"[mp3 @ 0000023c7cb35780] Estimating duration from bitrate, this may be inaccurate
"
Chestnut-winged Chachalaca_sound/Chestnut-winged Chachalaca17,D:\other\Bird\Dataset\CC0\Chestnut-winged Chachalaca_sound\Chestnut-winged Chachalaca17.mp3,D:\other\Bird\Code\data\kaggle_training_wav_cache_sp\Chestnut-winged Chachalaca_sound\Chestnut-winged Chachalaca17.wav,converted,True,32000.0,1.0,18.99384375,607803,607803,1,1.0,
Chestnut-winged Chachalaca_sound/Chestnut-winged Chachalaca18,D:\other\Bird\Dataset\CC0\Chestnut-winged Chachalaca_sound\Chestnut-winged Chachalaca18.mp3,D:\other\Bird\Code\data\kaggle_training_wav_cache_sp\Chestnut-winged Chachalaca_sound\Chestnut-winged Chachalaca18.wav,converted,True,32000.0,1.0,18.99384375,607803,607803,1,1.0,
Chestnut-winged Chachalaca_sound/Chestnut-winged Chachalaca19,D:\other\Bird\Dataset\CC0\Chestnut-winged Chachalaca_sound\Chestnut-winged Chachalaca19.mp3,D:\other\Bird\Code\data\kaggle_training_wav_cache_sp\Chestnut-winged Chachalaca_sound\Chestnut-winged Chachalaca19.wav,converted,True,32000.0,1.0,43.168,1602204,1381376,74,0.862172357577437,
Chestnut-winged Chachalaca_sound/Chestnut-winged Chachalaca20,D:\other\Bird\Dataset\CC0\Chestnut-winged Chachalaca_sound\Chestnut-winged Chachalaca20.mp3,D:\other\Bird\Code\data\kaggle_training_wav_cache_sp\Chestnut-winged Chachalaca_sound\Chestnut-winged Chachalaca20.wav,converted,True,32000.0,1.0,10.832,492374,346624,5,0.7039851819958,
Chestnut-winged Chachalaca_sound/Chestnut-winged Chachalaca2,D:\other\Bird\Dataset\CC0\Chestnut-winged Chachalaca_sound\Chestnut-winged Chachalaca2.mp3,D:\other\Bird\Code\data\kaggle_training_wav_cache_sp\Chestnut-winged Chachalaca_sound\Chestnut-winged Chachalaca2.wav,converted,True,32000.0,1.0,89.92,3336192,2877440,58,0.8624923265807244,"[mp3 @ 00000221b2165780] Estimating duration from bitrate, this may be inaccurate
"
Chestnut-winged Chachalaca_sound/Chestnut-winged Chachalaca21,D:\other\Bird\Dataset\CC0\Chestnut-winged Chachalaca_sound\Chestnut-winged Chachalaca21.mp3,D:\other\Bird\Code\data\kaggle_training_wav_cache_sp\Chestnut-winged Chachalaca_sound\Chestnut-winged Chachalaca21.wav,converted,True,32000.0,1.0,43.776,1561174,1400832,1,0.897293959545829,
Chestnut-winged Chachalaca_sound/Chestnut-winged Chachalaca22,D:\other\Bird\Dataset\CC0\Chestnut-winged Chachalaca_sound\Chestnut-winged Chachalaca22.mp3,D:\other\Bird\Code\data\kaggle_training_wav_cache_sp\Chestnut-winged Chachalaca_sound\Chestnut-winged Chachalaca22.wav,converted,True,32000.0,1.0,43.776,1561174,1400832,1,0.897293959545829,
Chestnut-winged Chachalaca_sound/Chestnut-winged Chachalaca23,D:\other\Bird\Dataset\CC0\Chestnut-winged Chachalaca_sound\Chestnut-winged Chachalaca23.mp3,D:\other\Bird\Code\data\kaggle_training_wav_cache_sp\Chestnut-winged Chachalaca_sound\Chestnut-winged Chachalaca23.wav,converted,True,32000.0,1.0,43.776,1561174,1400832,1,0.897293959545829,
Chestnut-winged Chachalaca_sound/Chestnut-winged Chachalaca24,D:\other\Bird\Dataset\CC0\Chestnut-winged Chachalaca_sound\Chestnut-winged Chachalaca24.mp3,D:\other\Bird\Code\data\kaggle_training_wav_cache_sp\Chestnut-winged Chachalaca_sound\Chestnut-winged Chachalaca24.wav,converted,True,32000.0,1.0,43.776,1561174,1400832,1,0.897293959545829,
Chestnut-winged Chachalaca_sound/Chestnut-winged Chachalaca26,D:\other\Bird\Dataset\CC0\Chestnut-winged Chachalaca_sound\Chestnut-winged Chachalaca26.mp3,D:\other\Bird\Code\data\kaggle_training_wav_cache_sp\Chestnut-winged Chachalaca_sound\Chestnut-winged Chachalaca26.wav,converted,True,32000.0,1.0,11.7166875,461462,374934,15,0.8124916027755265,
Chestnut-winged Chachalaca_sound/Chestnut-winged Chachalaca27,D:\other\Bird\Dataset\CC0\Chestnut-winged Chachalaca_sound\Chestnut-winged Chachalaca27.mp3,D:\other\Bird\Code\data\kaggle_training_wav_cache_sp\Chestnut-winged Chachalaca_sound\Chestnut-winged Chachalaca27.wav,too_short_after_preprocess,,,,4.1091875,131494,131494,1,1.0,
Chestnut-winged Chachalaca_sound/Chestnut-winged Chachalaca25,D:\other\Bird\Dataset\CC0\Chestnut-winged Chachalaca_sound\Chestnut-winged Chachalaca25.mp3,D:\other\Bird\Code\data\kaggle_training_wav_cache_sp\Chestnut-winged Chachalaca_sound\Chestnut-winged Chachalaca25.wav,converted,True,32000.0,1.0,43.776,1561174,1400832,1,0.897293959545829,
Chestnut-winged Chachalaca_sound/Chestnut-winged Chachalaca28,D:\other\Bird\Dataset\CC0\Chestnut-winged Chachalaca_sound\Chestnut-winged Chachalaca28.mp3,D:\other\Bird\Code\data\kaggle_training_wav_cache_sp\Chestnut-winged Chachalaca_sound\Chestnut-winged Chachalaca28.wav,converted,True,32000.0,1.0,13.952,598187,446464,2,0.7463619236125159,
Chestnut-winged Chachalaca_sound/Chestnut-winged Chachalaca29,D:\other\Bird\Dataset\CC0\Chestnut-winged Chachalaca_sound\Chestnut-winged Chachalaca29.mp3,D:\other\Bird\Code\data\kaggle_training_wav_cache_sp\Chestnut-winged Chachalaca_sound\Chestnut-winged Chachalaca29.wav,converted,True,32000.0,1.0,13.952,598187,446464,2,0.7463619236125159,
Chestnut-winged Chachalaca_sound/Chestnut-winged Chachalaca30,D:\other\Bird\Dataset\CC0\Chestnut-winged Chachalaca_sound\Chestnut-winged Chachalaca30.mp3,D:\other\Bird\Code\data\kaggle_training_wav_cache_sp\Chestnut-winged Chachalaca_sound\Chestnut-winged Chachalaca30.wav,converted,True,32000.0,1.0,37.848,1214208,1211136,4,0.9974699557242251,"[mp3 @ 0000018062365780] Estimating duration from bitrate, this may be inaccurate
"
Chestnut-winged Chachalaca_sound/Chestnut-winged Chachalaca3,D:\other\Bird\Dataset\CC0\Chestnut-winged Chachalaca_sound\Chestnut-winged Chachalaca3.mp3,D:\other\Bird\Code\data\kaggle_training_wav_cache_sp\Chestnut-winged Chachalaca_sound\Chestnut-winged Chachalaca3.wav,converted,True,32000.0,1.0,89.92,3336192,2877440,58,0.8624923265807244,"[mp3 @ 000002b43a815780] Estimating duration from bitrate, this may be inaccurate
"
Chestnut-winged Chachalaca_sound/Chestnut-winged Chachalaca31,D:\other\Bird\Dataset\CC0\Chestnut-winged Chachalaca_sound\Chestnut-winged Chachalaca31.mp3,D:\other\Bird\Code\data\kaggle_training_wav_cache_sp\Chestnut-winged Chachalaca_sound\Chestnut-winged Chachalaca31.wav,converted,True,32000.0,1.0,37.848,1214208,1211136,4,0.9974699557242251,"[mp3 @ 000001d1a0a55780] Estimating duration from bitrate, this may be inaccurate
"
Chestnut-winged Chachalaca_sound/Chestnut-winged Chachalaca5,D:\other\Bird\Dataset\CC0\Chestnut-winged Chachalaca_sound\Chestnut-winged Chachalaca5.mp3,D:\other\Bird\Code\data\kaggle_training_wav_cache_sp\Chestnut-winged Chachalaca_sound\Chestnut-winged Chachalaca5.wav,converted,True,32000.0,1.0,22.992,781418,735744,4,0.9415498491204451,
Chestnut-winged Chachalaca_sound/Chestnut-winged Chachalaca4,D:\other\Bird\Dataset\CC0\Chestnut-winged Chachalaca_sound\Chestnut-winged Chachalaca4.mp3,D:\other\Bird\Code\data\kaggle_training_wav_cache_sp\Chestnut-winged Chachalaca_sound\Chestnut-winged Chachalaca4.wav,converted,True,32000.0,1.0,89.92,3336192,2877440,58,0.8624923265807244,"[mp3 @ 000001b99c9c5780] Estimating duration from bitrate, this may be inaccurate
"
Chestnut-winged Chachalaca_sound/Chestnut-winged Chachalaca6,D:\other\Bird\Dataset\CC0\Chestnut-winged Chachalaca_sound\Chestnut-winged Chachalaca6.mp3,D:\other\Bird\Code\data\kaggle_training_wav_cache_sp\Chestnut-winged Chachalaca_sound\Chestnut-winged Chachalaca6.wav,converted,True,32000.0,1.0,68.4,2251314,2188800,3,0.9722322163856308,
Chestnut-winged Chachalaca_sound/Chestnut-winged Chachalaca7,D:\other\Bird\Dataset\CC0\Chestnut-winged Chachalaca_sound\Chestnut-winged Chachalaca7.mp3,D:\other\Bird\Code\data\kaggle_training_wav_cache_sp\Chestnut-winged Chachalaca_sound\Chestnut-winged Chachalaca7.wav,converted,True,32000.0,1.0,54.06646875,1730127,1730127,1,1.0,
Chestnut-winged Chachalaca_sound/Chestnut-winged Chachalaca8,D:\other\Bird\Dataset\CC0\Chestnut-winged Chachalaca_sound\Chestnut-winged Chachalaca8.mp3,D:\other\Bird\Code\data\kaggle_training_wav_cache_sp\Chestnut-winged Chachalaca_sound\Chestnut-winged Chachalaca8.wav,converted,True,32000.0,1.0,54.06646875,1730127,1730127,1,1.0,
Chestnut-winged Chachalaca_sound/Chestnut-winged Chachalaca9,D:\other\Bird\Dataset\CC0\Chestnut-winged Chachalaca_sound\Chestnut-winged Chachalaca9.mp3,D:\other\Bird\Code\data\kaggle_training_wav_cache_sp\Chestnut-winged Chachalaca_sound\Chestnut-winged Chachalaca9.wav,converted,True,32000.0,1.0,43.632,1626698,1396224,35,0.858317893056978,
Chilean Tinamou_sound/Chilean Tinamou10,D:\other\Bird\Dataset\CC0\Chilean Tinamou_sound\Chilean Tinamou10.mp3,D:\other\Bird\Code\data\kaggle_training_wav_cache_sp\Chilean Tinamou_sound\Chilean Tinamou10.wav,converted,True,32000.0,1.0,16.224,551707,519168,1,0.9410212304719715,"[mp3 @ 000001e5d4b356c0] Estimating duration from bitrate, this may be inaccurate
"
Chilean Tinamou_sound/Chilean Tinamou11,D:\other\Bird\Dataset\CC0\Chilean Tinamou_sound\Chilean Tinamou11.mp3,D:\other\Bird\Code\data\kaggle_training_wav_cache_sp\Chilean Tinamou_sound\Chilean Tinamou11.wav,converted,True,32000.0,1.0,16.224,551707,519168,1,0.9410212304719715,"[mp3 @ 0000024f963f56c0] Estimating duration from bitrate, this may be inaccurate
"
Chilean Tinamou_sound/Chilean Tinamou13,D:\other\Bird\Dataset\CC0\Chilean Tinamou_sound\Chilean Tinamou13.mp3,D:\other\Bird\Code\data\kaggle_training_wav_cache_sp\Chilean Tinamou_sound\Chilean Tinamou13.wav,too_short_after_preprocess,,,,2.304,81085,73728,1,0.9092680520441512,
Chilean Tinamou_sound/Chilean Tinamou2,D:\other\Bird\Dataset\CC0\Chilean Tinamou_sound\Chilean Tinamou2.mp3,D:\other\Bird\Code\data\kaggle_training_wav_cache_sp\Chilean Tinamou_sound\Chilean Tinamou2.wav,too_short_after_preprocess,,,,0.464,89280,14848,1,0.16630824372759856,
Chilean Tinamou_sound/Chilean Tinamou3,D:\other\Bird\Dataset\CC0\Chilean Tinamou_sound\Chilean Tinamou3.mp3,D:\other\Bird\Code\data\kaggle_training_wav_cache_sp\Chilean Tinamou_sound\Chilean Tinamou3.wav,too_short_after_preprocess,,,,0.464,89280,14848,1,0.16630824372759856,
Chilean Tinamou_sound/Chilean Tinamou4,D:\other\Bird\Dataset\CC0\Chilean Tinamou_sound\Chilean Tinamou4.mp3,D:\other\Bird\Code\data\kaggle_training_wav_cache_sp\Chilean Tinamou_sound\Chilean Tinamou4.wav,too_short_after_preprocess,,,,0.464,89280,14848,1,0.16630824372759856,
Chilean Tinamou_sound/Chilean Tinamou12,D:\other\Bird\Dataset\CC0\Chilean Tinamou_sound\Chilean Tinamou12.mp3,D:\other\Bird\Code\data\kaggle_training_wav_cache_sp\Chilean Tinamou_sound\Chilean Tinamou12.wav,converted,True,32000.0,1.0,66.928,2154998,2141696,1,0.9938273724615986,"[mp3 @ 0000020d60a756c0] Estimating duration from bitrate, this may be inaccurate
"
Chilean Tinamou_sound/Chilean Tinamou5,D:\other\Bird\Dataset\CC0\Chilean Tinamou_sound\Chilean Tinamou5.mp3,D:\other\Bird\Code\data\kaggle_training_wav_cache_sp\Chilean Tinamou_sound\Chilean Tinamou5.wav,too_short_after_preprocess,,,,0.464,89280,14848,1,0.16630824372759856,
Chilean Tinamou_sound/Chilean Tinamou6,D:\other\Bird\Dataset\CC0\Chilean Tinamou_sound\Chilean Tinamou6.mp3,D:\other\Bird\Code\data\kaggle_training_wav_cache_sp\Chilean Tinamou_sound\Chilean Tinamou6.wav,too_short_after_preprocess,,,,0.464,89280,14848,1,0.16630824372759856,
Chilean Tinamou_sound/Chilean Tinamou8,D:\other\Bird\Dataset\CC0\Chilean Tinamou_sound\Chilean Tinamou8.mp3,D:\other\Bird\Code\data\kaggle_training_wav_cache_sp\Chilean Tinamou_sound\Chilean Tinamou8.wav,converted,True,32000.0,1.0,16.224,551707,519168,1,0.9410212304719715,"[mp3 @ 000002270ee956c0] Estimating duration from bitrate, this may be inaccurate
"
Chilean Tinamou_sound/Chilean Tinamou7,D:\other\Bird\Dataset\CC0\Chilean Tinamou_sound\Chilean Tinamou7.mp3,D:\other\Bird\Code\data\kaggle_training_wav_cache_sp\Chilean Tinamou_sound\Chilean Tinamou7.wav,converted,True,32000.0,1.0,37.424,1219605,1197568,1,0.9819310350482329,"[mp3 @ 0000021426d656c0] Estimating duration from bitrate, this may be inaccurate
"
Chilean Tinamou_sound/Chilean Tinamou9,D:\other\Bird\Dataset\CC0\Chilean Tinamou_sound\Chilean Tinamou9.mp3,D:\other\Bird\Code\data\kaggle_training_wav_cache_sp\Chilean Tinamou_sound\Chilean Tinamou9.wav,converted,True,32000.0,1.0,16.224,551707,519168,1,0.9410212304719715,"[mp3 @ 0000021d0fbf56c0] Estimating duration from bitrate, this may be inaccurate
"
Choco Tinamou_sound/Choco Tinamou3,D:\other\Bird\Dataset\CC0\Choco Tinamou_sound\Choco Tinamou3.mp3,D:\other\Bird\Code\data\kaggle_training_wav_cache_sp\Choco Tinamou_sound\Choco Tinamou3.wav,too_short_after_preprocess,,,,3.84,297587,122880,14,0.41292126336163876,
Choco Tinamou_sound/Choco Tinamou4,D:\other\Bird\Dataset\CC0\Choco Tinamou_sound\Choco Tinamou4.mp3,D:\other\Bird\Code\data\kaggle_training_wav_cache_sp\Choco Tinamou_sound\Choco Tinamou4.wav,too_short_after_preprocess,,,,3.84,297587,122880,14,0.41292126336163876,
Choco Tinamou_sound/Choco Tinamou5,D:\other\Bird\Dataset\CC0\Choco Tinamou_sound\Choco Tinamou5.mp3,D:\other\Bird\Code\data\kaggle_training_wav_cache_sp\Choco Tinamou_sound\Choco Tinamou5.wav,converted,True,32000.0,1.0,63.0675625,2024818,2018162,1,0.9967127909767692,
Choco Tinamou_sound/Choco Tinamou2,D:\other\Bird\Dataset\CC0\Choco Tinamou_sound\Choco Tinamou2.mp3,D:\other\Bird\Code\data\kaggle_training_wav_cache_sp\Choco Tinamou_sound\Choco Tinamou2.wav,converted,True,32000.0,1.0,10.224,3718656,327168,26,0.08798017348203221,"[mp3 @ 0000025a1f9856c0] Estimating duration from bitrate, this may be inaccurate
"
Choco Tinamou_sound/Choco Tinamou7,D:\other\Bird\Dataset\CC0\Choco Tinamou_sound\Choco Tinamou7.mp3,D:\other\Bird\Code\data\kaggle_training_wav_cache_sp\Choco Tinamou_sound\Choco Tinamou7.wav,converted,True,32000.0,1.0,23.312,760685,745984,1,0.9806739977783182,"[mp3 @ 00000248cefb56c0] Estimating duration from bitrate, this may be inaccurate
"
Choco Tinamou_sound/Choco Tinamou6,D:\other\Bird\Dataset\CC0\Choco Tinamou_sound\Choco Tinamou6.mp3,D:\other\Bird\Code\data\kaggle_training_wav_cache_sp\Choco Tinamou_sound\Choco Tinamou6.wav,converted,True,32000.0,1.0,56.2243125,1806346,1799178,1,0.9960317680001506,
Choco Tinamou_sound/Choco Tinamou8,D:\other\Bird\Dataset\CC0\Choco Tinamou_sound\Choco Tinamou8.mp3,D:\other\Bird\Code\data\kaggle_training_wav_cache_sp\Choco Tinamou_sound\Choco Tinamou8.wav,converted,True,32000.0,1.0,23.312,760685,745984,1,0.9806739977783182,"[mp3 @ 000001ed487156c0] Estimating duration from bitrate, this may be inaccurate
"
Cinereous Tinamou_sound/Cinereous Tinamou10,D:\other\Bird\Dataset\CC0\Cinereous Tinamou_sound\Cinereous Tinamou10.mp3,D:\other\Bird\Code\data\kaggle_training_wav_cache_sp\Cinereous Tinamou_sound\Cinereous Tinamou10.wav,converted,True,32000.0,1.0,36.368,2645961,1163776,52,0.4398311237391632,
Cinereous Tinamou_sound/Cinereous Tinamou11,D:\other\Bird\Dataset\CC0\Cinereous Tinamou_sound\Cinereous Tinamou11.mp3,D:\other\Bird\Code\data\kaggle_training_wav_cache_sp\Cinereous Tinamou_sound\Cinereous Tinamou11.wav,converted,True,32000.0,1.0,36.368,2645961,1163776,52,0.4398311237391632,
Cinereous Tinamou_sound/Cinereous Tinamou13,D:\other\Bird\Dataset\CC0\Cinereous Tinamou_sound\Cinereous Tinamou13.mp3,D:\other\Bird\Code\data\kaggle_training_wav_cache_sp\Cinereous Tinamou_sound\Cinereous Tinamou13.wav,converted,True,32000.0,1.0,36.784,1377594,1177088,68,0.8544520373927297,"[mp3 @ 000002509f835680] Estimating duration from bitrate, this may be inaccurate
"
Cinereous Tinamou_sound/Cinereous Tinamou12,D:\other\Bird\Dataset\CC0\Cinereous Tinamou_sound\Cinereous Tinamou12.mp3,D:\other\Bird\Code\data\kaggle_training_wav_cache_sp\Cinereous Tinamou_sound\Cinereous Tinamou12.wav,converted,True,32000.0,1.0,36.368,2645961,1163776,52,0.4398311237391632,
Cinereous Tinamou_sound/Cinereous Tinamou14,D:\other\Bird\Dataset\CC0\Cinereous Tinamou_sound\Cinereous Tinamou14.mp3,D:\other\Bird\Code\data\kaggle_training_wav_cache_sp\Cinereous Tinamou_sound\Cinereous Tinamou14.wav,converted,True,32000.0,1.0,36.784,1377594,1177088,68,0.8544520373927297,"[mp3 @ 000001f7c6105680] Estimating duration from bitrate, this may be inaccurate
"
Cinereous Tinamou_sound/Cinereous Tinamou15,D:\other\Bird\Dataset\CC0\Cinereous Tinamou_sound\Cinereous Tinamou15.mp3,D:\other\Bird\Code\data\kaggle_training_wav_cache_sp\Cinereous Tinamou_sound\Cinereous Tinamou15.wav,converted,True,32000.0,1.0,36.784,1377594,1177088,68,0.8544520373927297,"[mp3 @ 0000027bcf185680] Estimating duration from bitrate, this may be inaccurate
"
Cinereous Tinamou_sound/Cinereous Tinamou16,D:\other\Bird\Dataset\CC0\Cinereous Tinamou_sound\Cinereous Tinamou16.mp3,D:\other\Bird\Code\data\kaggle_training_wav_cache_sp\Cinereous Tinamou_sound\Cinereous Tinamou16.wav,converted,True,32000.0,1.0,36.784,1377594,1177088,68,0.8544520373927297,"[mp3 @ 00000148bbf55680] Estimating duration from bitrate, this may be inaccurate
"
Cinereous Tinamou_sound/Cinereous Tinamou17,D:\other\Bird\Dataset\CC0\Cinereous Tinamou_sound\Cinereous Tinamou17.mp3,D:\other\Bird\Code\data\kaggle_training_wav_cache_sp\Cinereous Tinamou_sound\Cinereous Tinamou17.wav,converted,True,32000.0,1.0,36.784,1377594,1177088,68,0.8544520373927297,"[mp3 @ 000002d59b505680] Estimating duration from bitrate, this may be inaccurate
"
Cinereous Tinamou_sound/Cinereous Tinamou18,D:\other\Bird\Dataset\CC0\Cinereous Tinamou_sound\Cinereous Tinamou18.mp3,D:\other\Bird\Code\data\kaggle_training_wav_cache_sp\Cinereous Tinamou_sound\Cinereous Tinamou18.wav,converted,True,32000.0,1.0,36.784,1377594,1177088,68,0.8544520373927297,"[mp3 @ 00000136520a5680] Estimating duration from bitrate, this may be inaccurate
"
Cinereous Tinamou_sound/Cinereous Tinamou2,D:\other\Bird\Dataset\CC0\Cinereous Tinamou_sound\Cinereous Tinamou2.mp3,D:\other\Bird\Code\data\kaggle_training_wav_cache_sp\Cinereous Tinamou_sound\Cinereous Tinamou2.wav,converted,True,32000.0,1.0,6.576,224027,210432,1,0.9393153503818736,"[mp3 @ 000001c9f3285680] Estimating duration from bitrate, this may be inaccurate
"
Cinereous Tinamou_sound/Cinereous Tinamou19,D:\other\Bird\Dataset\CC0\Cinereous Tinamou_sound\Cinereous Tinamou19.mp3,D:\other\Bird\Code\data\kaggle_training_wav_cache_sp\Cinereous Tinamou_sound\Cinereous Tinamou19.wav,converted,True,32000.0,1.0,36.784,1377594,1177088,68,0.8544520373927297,"[mp3 @ 000002526dec5680] Estimating duration from bitrate, this may be inaccurate
"
Cinereous Tinamou_sound/Cinereous Tinamou20,D:\other\Bird\Dataset\CC0\Cinereous Tinamou_sound\Cinereous Tinamou20.mp3,D:\other\Bird\Code\data\kaggle_training_wav_cache_sp\Cinereous Tinamou_sound\Cinereous Tinamou20.wav,converted,True,32000.0,1.0,36.784,1377594,1177088,68,0.8544520373927297,"[mp3 @ 000002da4d455680] Estimating duration from bitrate, this may be inaccurate
"
Cinereous Tinamou_sound/Cinereous Tinamou21,D:\other\Bird\Dataset\CC0\Cinereous Tinamou_sound\Cinereous Tinamou21.mp3,D:\other\Bird\Code\data\kaggle_training_wav_cache_sp\Cinereous Tinamou_sound\Cinereous Tinamou21.wav,converted,True,32000.0,1.0,36.784,1377594,1177088,68,0.8544520373927297,"[mp3 @ 000001f8f57d5680] Estimating duration from bitrate, this may be inaccurate
"
Cinereous Tinamou_sound/Cinereous Tinamou22,D:\other\Bird\Dataset\CC0\Cinereous Tinamou_sound\Cinereous Tinamou22.mp3,D:\other\Bird\Code\data\kaggle_training_wav_cache_sp\Cinereous Tinamou_sound\Cinereous Tinamou22.wav,converted,True,32000.0,1.0,36.784,1377594,1177088,68,0.8544520373927297,"[mp3 @ 000001e3cf7e5680] Estimating duration from bitrate, this may be inaccurate
"
Cinereous Tinamou_sound/Cinereous Tinamou23,D:\other\Bird\Dataset\CC0\Cinereous Tinamou_sound\Cinereous Tinamou23.mp3,D:\other\Bird\Code\data\kaggle_training_wav_cache_sp\Cinereous Tinamou_sound\Cinereous Tinamou23.wav,converted,True,32000.0,1.0,92.128,3184896,2948096,78,0.925649063580098,"[mp3 @ 0000022173835680] Estimating duration from bitrate, this may be inaccurate
"
Cinereous Tinamou_sound/Cinereous Tinamou24,D:\other\Bird\Dataset\CC0\Cinereous Tinamou_sound\Cinereous Tinamou24.mp3,D:\other\Bird\Code\data\kaggle_training_wav_cache_sp\Cinereous Tinamou_sound\Cinereous Tinamou24.wav,converted,True,32000.0,1.0,92.128,3184896,2948096,78,0.925649063580098,"[mp3 @ 0000028e19e05680] Estimating duration from bitrate, this may be inaccurate
"
Cinereous Tinamou_sound/Cinereous Tinamou25,D:\other\Bird\Dataset\CC0\Cinereous Tinamou_sound\Cinereous Tinamou25.mp3,D:\other\Bird\Code\data\kaggle_training_wav_cache_sp\Cinereous Tinamou_sound\Cinereous Tinamou25.wav,converted,True,32000.0,1.0,282.416,13276311,9037312,354,0.6807095736157431,
Cinereous Tinamou_sound/Cinereous Tinamou26,D:\other\Bird\Dataset\CC0\Cinereous Tinamou_sound\Cinereous Tinamou26.mp3,D:\other\Bird\Code\data\kaggle_training_wav_cache_sp\Cinereous Tinamou_sound\Cinereous Tinamou26.wav,converted,True,32000.0,1.0,282.416,13276311,9037312,354,0.6807095736157431,
Cinereous Tinamou_sound/Cinereous Tinamou28,D:\other\Bird\Dataset\CC0\Cinereous Tinamou_sound\Cinereous Tinamou28.mp3,D:\other\Bird\Code\data\kaggle_training_wav_cache_sp\Cinereous Tinamou_sound\Cinereous Tinamou28.wav,converted,True,32000.0,1.0,54.51865625,1816789,1744597,3,0.9602639602067163,
Cinereous Tinamou_sound/Cinereous Tinamou29,D:\other\Bird\Dataset\CC0\Cinereous Tinamou_sound\Cinereous Tinamou29.mp3,D:\other\Bird\Code\data\kaggle_training_wav_cache_sp\Cinereous Tinamou_sound\Cinereous Tinamou29.wav,converted,True,32000.0,1.0,74.8,2581316,2393600,93,0.9272789538359504,"[mp3 @ 00000272b3d85680] Estimating duration from bitrate, this may be inaccurate
"
Cinereous Tinamou_sound/Cinereous Tinamou3,D:\other\Bird\Dataset\CC0\Cinereous Tinamou_sound\Cinereous Tinamou3.mp3,D:\other\Bird\Code\data\kaggle_training_wav_cache_sp\Cinereous Tinamou_sound\Cinereous Tinamou3.wav,converted,True,32000.0,1.0,6.576,224027,210432,1,0.9393153503818736,"[mp3 @ 000001e85f055680] Estimating duration from bitrate, this may be inaccurate
"
Cinereous Tinamou_sound/Cinereous Tinamou30,D:\other\Bird\Dataset\CC0\Cinereous Tinamou_sound\Cinereous Tinamou30.mp3,D:\other\Bird\Code\data\kaggle_training_wav_cache_sp\Cinereous Tinamou_sound\Cinereous Tinamou30.wav,converted,True,32000.0,1.0,14.192,1660134,454144,58,0.27355864044709644,"[mp3 @ 0000021614f85680] Estimating duration from bitrate, this may be inaccurate
"
Cinereous Tinamou_sound/Cinereous Tinamou31,D:\other\Bird\Dataset\CC0\Cinereous Tinamou_sound\Cinereous Tinamou31.mp3,D:\other\Bird\Code\data\kaggle_training_wav_cache_sp\Cinereous Tinamou_sound\Cinereous Tinamou31.wav,converted,True,32000.0,1.0,14.192,1660134,454144,58,0.27355864044709644,"[mp3 @ 00000256a6175680] Estimating duration from bitrate, this may be inaccurate
"
Cinereous Tinamou_sound/Cinereous Tinamou4,D:\other\Bird\Dataset\CC0\Cinereous Tinamou_sound\Cinereous Tinamou4.mp3,D:\other\Bird\Code\data\kaggle_training_wav_cache_sp\Cinereous Tinamou_sound\Cinereous Tinamou4.wav,converted,True,32000.0,1.0,6.576,224027,210432,1,0.9393153503818736,"[mp3 @ 000001a6fc2e5680] Estimating duration from bitrate, this may be inaccurate
"
Cinereous Tinamou_sound/Cinereous Tinamou27,D:\other\Bird\Dataset\CC0\Cinereous Tinamou_sound\Cinereous Tinamou27.mp3,D:\other\Bird\Code\data\kaggle_training_wav_cache_sp\Cinereous Tinamou_sound\Cinereous Tinamou27.wav,converted,True,32000.0,1.0,282.416,13276311,9037312,354,0.6807095736157431,
Cinereous Tinamou_sound/Cinereous Tinamou5,D:\other\Bird\Dataset\CC0\Cinereous Tinamou_sound\Cinereous Tinamou5.mp3,D:\other\Bird\Code\data\kaggle_training_wav_cache_sp\Cinereous Tinamou_sound\Cinereous Tinamou5.wav,converted,True,32000.0,1.0,25.76,2442554,824320,108,0.3374828151189288,"[mp3 @ 0000018390c75680] Estimating duration from bitrate, this may be inaccurate
"
Cinereous Tinamou_sound/Cinereous Tinamou6,D:\other\Bird\Dataset\CC0\Cinereous Tinamou_sound\Cinereous Tinamou6.mp3,D:\other\Bird\Code\data\kaggle_training_wav_cache_sp\Cinereous Tinamou_sound\Cinereous Tinamou6.wav,converted,True,32000.0,1.0,25.76,2442554,824320,108,0.3374828151189288,"[mp3 @ 000001d627e95680] Estimating duration from bitrate, this may be inaccurate
"
Cinereous Tinamou_sound/Cinereous Tinamou7,D:\other\Bird\Dataset\CC0\Cinereous Tinamou_sound\Cinereous Tinamou7.mp3,D:\other\Bird\Code\data\kaggle_training_wav_cache_sp\Cinereous Tinamou_sound\Cinereous Tinamou7.wav,converted,True,32000.0,1.0,25.76,2442554,824320,108,0.3374828151189288,"[mp3 @ 000001cb188b5680] Estimating duration from bitrate, this may be inaccurate
"
Cinereous Tinamou_sound/Cinereous Tinamou8,D:\other\Bird\Dataset\CC0\Cinereous Tinamou_sound\Cinereous Tinamou8.mp3,D:\other\Bird\Code\data\kaggle_training_wav_cache_sp\Cinereous Tinamou_sound\Cinereous Tinamou8.wav,converted,True,32000.0,1.0,25.76,2442554,824320,108,0.3374828151189288,"[mp3 @ 000001eae75c5680] Estimating duration from bitrate, this may be inaccurate
"
Cinereous Tinamou_sound/Cinereous Tinamou9,D:\other\Bird\Dataset\CC0\Cinereous Tinamou_sound\Cinereous Tinamou9.mp3,D:\other\Bird\Code\data\kaggle_training_wav_cache_sp\Cinereous Tinamou_sound\Cinereous Tinamou9.wav,converted,True,32000.0,1.0,25.76,2442554,824320,108,0.3374828151189288,"[mp3 @ 000002062ec85680] Estimating duration from bitrate, this may be inaccurate
"
Collared Brushturkey_sound/Collared Brushturkey10,D:\other\Bird\Dataset\CC0\Collared Brushturkey_sound\Collared Brushturkey10.mp3,D:\other\Bird\Code\data\kaggle_training_wav_cache_sp\Collared Brushturkey_sound\Collared Brushturkey10.wav,converted,True,32000.0,1.0,43.42303125,1390561,1389537,1,0.9992636065587918,
Collared Brushturkey_sound/Collared Brushturkey11,D:\other\Bird\Dataset\CC0\Collared Brushturkey_sound\Collared Brushturkey11.mp3,D:\other\Bird\Code\data\kaggle_training_wav_cache_sp\Collared Brushturkey_sound\Collared Brushturkey11.wav,converted,True,32000.0,1.0,43.42303125,1390561,1389537,1,0.9992636065587918,
Collared Brushturkey_sound/Collared Brushturkey12,D:\other\Bird\Dataset\CC0\Collared Brushturkey_sound\Collared Brushturkey12.mp3,D:\other\Bird\Code\data\kaggle_training_wav_cache_sp\Collared Brushturkey_sound\Collared Brushturkey12.wav,converted,True,32000.0,1.0,43.42303125,1390561,1389537,1,0.9992636065587918,
Collared Brushturkey_sound/Collared Brushturkey13,D:\other\Bird\Dataset\CC0\Collared Brushturkey_sound\Collared Brushturkey13.mp3,D:\other\Bird\Code\data\kaggle_training_wav_cache_sp\Collared Brushturkey_sound\Collared Brushturkey13.wav,converted,True,32000.0,1.0,54.18809375,1734531,1734019,1,0.9997048193430962,"[mp3 @ 00000212767a56c0] Estimating duration from bitrate, this may be inaccurate
"
Collared Brushturkey_sound/Collared Brushturkey14,D:\other\Bird\Dataset\CC0\Collared Brushturkey_sound\Collared Brushturkey14.mp3,D:\other\Bird\Code\data\kaggle_training_wav_cache_sp\Collared Brushturkey_sound\Collared Brushturkey14.wav,converted,True,32000.0,1.0,82.736,2648190,2647552,1,0.9997590807306123,"[mp3 @ 00000237afd156c0] Estimating duration from bitrate, this may be inaccurate
"
Collared Brushturkey_sound/Collared Brushturkey15,D:\other\Bird\Dataset\CC0\Collared Brushturkey_sound\Collared Brushturkey15.mp3,D:\other\Bird\Code\data\kaggle_training_wav_cache_sp\Collared Brushturkey_sound\Collared Brushturkey15.wav,converted,True,32000.0,1.0,82.736,2648190,2647552,1,0.9997590807306123,"[mp3 @ 000001639aa856c0] Estimating duration from bitrate, this may be inaccurate
"
Collared Brushturkey_sound/Collared Brushturkey16,D:\other\Bird\Dataset\CC0\Collared Brushturkey_sound\Collared Brushturkey16.mp3,D:\other\Bird\Code\data\kaggle_training_wav_cache_sp\Collared Brushturkey_sound\Collared Brushturkey16.wav,converted,True,32000.0,1.0,82.736,2648190,2647552,1,0.9997590807306123,"[mp3 @ 000001f1146f56c0] Estimating duration from bitrate, this may be inaccurate
"
Collared Brushturkey_sound/Collared Brushturkey17,D:\other\Bird\Dataset\CC0\Collared Brushturkey_sound\Collared Brushturkey17.mp3,D:\other\Bird\Code\data\kaggle_training_wav_cache_sp\Collared Brushturkey_sound\Collared Brushturkey17.wav,converted,True,32000.0,1.0,82.736,2648190,2647552,1,0.9997590807306123,"[mp3 @ 000001e2daf656c0] Estimating duration from bitrate, this may be inaccurate
"
Collared Brushturkey_sound/Collared Brushturkey18,D:\other\Bird\Dataset\CC0\Collared Brushturkey_sound\Collared Brushturkey18.mp3,D:\other\Bird\Code\data\kaggle_training_wav_cache_sp\Collared Brushturkey_sound\Collared Brushturkey18.wav,converted,True,32000.0,1.0,82.736,2648190,2647552,1,0.9997590807306123,"[mp3 @ 00000219dbf956c0] Estimating duration from bitrate, this may be inaccurate
"
Collared Brushturkey_sound/Collared Brushturkey19,D:\other\Bird\Dataset\CC0\Collared Brushturkey_sound\Collared Brushturkey19.mp3,D:\other\Bird\Code\data\kaggle_training_wav_cache_sp\Collared Brushturkey_sound\Collared Brushturkey19.wav,converted,True,32000.0,1.0,65.82859375,2106515,2106515,1,1.0,"[mp3 @ 00000150522056c0] Estimating duration from bitrate, this may be inaccurate
"
Collared Brushturkey_sound/Collared Brushturkey2,D:\other\Bird\Dataset\CC0\Collared Brushturkey_sound\Collared Brushturkey2.mp3,D:\other\Bird\Code\data\kaggle_training_wav_cache_sp\Collared Brushturkey_sound\Collared Brushturkey2.wav,converted,True,32000.0,1.0,43.52,1392640,1392640,1,1.0,"[mp3 @ 000001af9fb556c0] Estimating duration from bitrate, this may be inaccurate
"
Collared Brushturkey_sound/Collared Brushturkey20,D:\other\Bird\Dataset\CC0\Collared Brushturkey_sound\Collared Brushturkey20.mp3,D:\other\Bird\Code\data\kaggle_training_wav_cache_sp\Collared Brushturkey_sound\Collared Brushturkey20.wav,converted,True,32000.0,1.0,65.82859375,2106515,2106515,1,1.0,"[mp3 @ 00000151911d56c0] Estimating duration from bitrate, this may be inaccurate
"
Collared Brushturkey_sound/Collared Brushturkey21,D:\other\Bird\Dataset\CC0\Collared Brushturkey_sound\Collared Brushturkey21.mp3,D:\other\Bird\Code\data\kaggle_training_wav_cache_sp\Collared Brushturkey_sound\Collared Brushturkey21.wav,converted,True,32000.0,1.0,65.82859375,2106515,2106515,1,1.0,"[mp3 @ 000001e1205956c0] Estimating duration from bitrate, this may be inaccurate
"
Collared Brushturkey_sound/Collared Brushturkey3,D:\other\Bird\Dataset\CC0\Collared Brushturkey_sound\Collared Brushturkey3.mp3,D:\other\Bird\Code\data\kaggle_training_wav_cache_sp\Collared Brushturkey_sound\Collared Brushturkey3.wav,converted,True,32000.0,1.0,43.52,1392640,1392640,1,1.0,"[mp3 @ 0000023f5bcb56c0] Estimating duration from bitrate, this may be inaccurate
"
Collared Brushturkey_sound/Collared Brushturkey4,D:\other\Bird\Dataset\CC0\Collared Brushturkey_sound\Collared Brushturkey4.mp3,D:\other\Bird\Code\data\kaggle_training_wav_cache_sp\Collared Brushturkey_sound\Collared Brushturkey4.wav,converted,True,32000.0,1.0,43.52,1392640,1392640,1,1.0,"[mp3 @ 00000256491856c0] Estimating duration from bitrate, this may be inaccurate
"
Collared Brushturkey_sound/Collared Brushturkey5,D:\other\Bird\Dataset\CC0\Collared Brushturkey_sound\Collared Brushturkey5.mp3,D:\other\Bird\Code\data\kaggle_training_wav_cache_sp\Collared Brushturkey_sound\Collared Brushturkey5.wav,converted,True,32000.0,1.0,43.52,1392640,1392640,1,1.0,"[mp3 @ 0000017ea03956c0] Estimating duration from bitrate, this may be inaccurate
"
Collared Brushturkey_sound/Collared Brushturkey6,D:\other\Bird\Dataset\CC0\Collared Brushturkey_sound\Collared Brushturkey6.mp3,D:\other\Bird\Code\data\kaggle_training_wav_cache_sp\Collared Brushturkey_sound\Collared Brushturkey6.wav,converted,True,32000.0,1.0,43.52,1392640,1392640,1,1.0,"[mp3 @ 000001f97d5056c0] Estimating duration from bitrate, this may be inaccurate
"
Collared Brushturkey_sound/Collared Brushturkey7,D:\other\Bird\Dataset\CC0\Collared Brushturkey_sound\Collared Brushturkey7.mp3,D:\other\Bird\Code\data\kaggle_training_wav_cache_sp\Collared Brushturkey_sound\Collared Brushturkey7.wav,converted,True,32000.0,1.0,43.52,1392640,1392640,1,1.0,"[mp3 @ 0000023f056056c0] Estimating duration from bitrate, this may be inaccurate
"
Collared Brushturkey_sound/Collared Brushturkey8,D:\other\Bird\Dataset\CC0\Collared Brushturkey_sound\Collared Brushturkey8.mp3,D:\other\Bird\Code\data\kaggle_training_wav_cache_sp\Collared Brushturkey_sound\Collared Brushturkey8.wav,converted,True,32000.0,1.0,43.52,1392640,1392640,1,1.0,"[mp3 @ 00000201d86556c0] Estimating duration from bitrate, this may be inaccurate
"
Collared Brushturkey_sound/Collared Brushturkey9,D:\other\Bird\Dataset\CC0\Collared Brushturkey_sound\Collared Brushturkey9.mp3,D:\other\Bird\Code\data\kaggle_training_wav_cache_sp\Collared Brushturkey_sound\Collared Brushturkey9.wav,converted,True,32000.0,1.0,43.52,1392640,1392640,1,1.0,"[mp3 @ 00000210895656c0] Estimating duration from bitrate, this may be inaccurate
"
Colombian Chachalaca_sound/Colombian Chachalaca10,D:\other\Bird\Dataset\CC0\Colombian Chachalaca_sound\Colombian Chachalaca10.mp3,D:\other\Bird\Code\data\kaggle_training_wav_cache_sp\Colombian Chachalaca_sound\Colombian Chachalaca10.wav,converted,True,32000.0,1.0,19.728,1005493,631296,44,0.6278472351373903,
Colombian Chachalaca_sound/Colombian Chachalaca11,D:\other\Bird\Dataset\CC0\Colombian Chachalaca_sound\Colombian Chachalaca11.mp3,D:\other\Bird\Code\data\kaggle_training_wav_cache_sp\Colombian Chachalaca_sound\Colombian Chachalaca11.wav,converted,True,32000.0,1.0,19.728,1005493,631296,44,0.6278472351373903,
Colombian Chachalaca_sound/Colombian Chachalaca12,D:\other\Bird\Dataset\CC0\Colombian Chachalaca_sound\Colombian Chachalaca12.mp3,D:\other\Bird\Code\data\kaggle_training_wav_cache_sp\Colombian Chachalaca_sound\Colombian Chachalaca12.wav,converted,True,32000.0,1.0,19.728,1005493,631296,44,0.6278472351373903,
Colombian Chachalaca_sound/Colombian Chachalaca13,D:\other\Bird\Dataset\CC0\Colombian Chachalaca_sound\Colombian Chachalaca13.mp3,D:\other\Bird\Code\data\kaggle_training_wav_cache_sp\Colombian Chachalaca_sound\Colombian Chachalaca13.wav,converted,True,32000.0,1.0,19.728,1005493,631296,44,0.6278472351373903,
Colombian Chachalaca_sound/Colombian Chachalaca14,D:\other\Bird\Dataset\CC0\Colombian Chachalaca_sound\Colombian Chachalaca14.mp3,D:\other\Bird\Code\data\kaggle_training_wav_cache_sp\Colombian Chachalaca_sound\Colombian Chachalaca14.wav,converted,True,32000.0,1.0,35.0716875,2646518,1122294,120,0.42406437439684896,"[mp3 @ 00000222bffa56c0] Estimating duration from bitrate, this may be inaccurate
"
Colombian Chachalaca_sound/Colombian Chachalaca15,D:\other\Bird\Dataset\CC0\Colombian Chachalaca_sound\Colombian Chachalaca15.mp3,D:\other\Bird\Code\data\kaggle_training_wav_cache_sp\Colombian Chachalaca_sound\Colombian Chachalaca15.wav,converted,True,32000.0,1.0,20.48,4099344,655360,81,0.15986948155607336,"[mp3 @ 000001e42ceb56c0] Estimating duration from bitrate, this may be inaccurate
"
Colombian Chachalaca_sound/Colombian Chachalaca16,D:\other\Bird\Dataset\CC0\Colombian Chachalaca_sound\Colombian Chachalaca16.mp3,D:\other\Bird\Code\data\kaggle_training_wav_cache_sp\Colombian Chachalaca_sound\Colombian Chachalaca16.wav,converted,True,32000.0,1.0,109.25225,4425352,3496072,222,0.7900099246342438,"[mp3 @ 00000268d20456c0] Estimating duration from bitrate, this may be inaccurate
"
Colombian Chachalaca_sound/Colombian Chachalaca17,D:\other\Bird\Dataset\CC0\Colombian Chachalaca_sound\Colombian Chachalaca17.mp3,D:\other\Bird\Code\data\kaggle_training_wav_cache_sp\Colombian Chachalaca_sound\Colombian Chachalaca17.wav,converted,True,32000.0,1.0,109.25225,4425352,3496072,222,0.7900099246342438,"[mp3 @ 000002d3387056c0] Estimating duration from bitrate, this may be inaccurate
"
Colombian Chachalaca_sound/Colombian Chachalaca18,D:\other\Bird\Dataset\CC0\Colombian Chachalaca_sound\Colombian Chachalaca18.mp3,D:\other\Bird\Code\data\kaggle_training_wav_cache_sp\Colombian Chachalaca_sound\Colombian Chachalaca18.wav,converted,True,32000.0,1.0,109.25225,4425352,3496072,222,0.7900099246342438,"[mp3 @ 0000027f796d56c0] Estimating duration from bitrate, this may be inaccurate
"
Colombian Chachalaca_sound/Colombian Chachalaca2,D:\other\Bird\Dataset\CC0\Colombian Chachalaca_sound\Colombian Chachalaca2.mp3,D:\other\Bird\Code\data\kaggle_training_wav_cache_sp\Colombian Chachalaca_sound\Colombian Chachalaca2.wav,converted,True,32000.0,1.0,18.112,579868,579584,1,0.9995102333634551,
Colombian Chachalaca_sound/Colombian Chachalaca19,D:\other\Bird\Dataset\CC0\Colombian Chachalaca_sound\Colombian Chachalaca19.mp3,D:\other\Bird\Code\data\kaggle_training_wav_cache_sp\Colombian Chachalaca_sound\Colombian Chachalaca19.wav,converted,True,32000.0,1.0,109.25225,4425352,3496072,222,0.7900099246342438,"[mp3 @ 00000222c68956c0] Estimating duration from bitrate, this may be inaccurate
"
Colombian Chachalaca_sound/Colombian Chachalaca21,D:\other\Bird\Dataset\CC0\Colombian Chachalaca_sound\Colombian Chachalaca21.mp3,D:\other\Bird\Code\data\kaggle_training_wav_cache_sp\Colombian Chachalaca_sound\Colombian Chachalaca21.wav,converted,True,32000.0,1.0,10.4,359424,332800,1,0.9259259259259259,"[mp3 @ 000002ba737c56c0] Estimating duration from bitrate, this may be inaccurate
"
Colombian Chachalaca_sound/Colombian Chachalaca22,D:\other\Bird\Dataset\CC0\Colombian Chachalaca_sound\Colombian Chachalaca22.mp3,D:\other\Bird\Code\data\kaggle_training_wav_cache_sp\Colombian Chachalaca_sound\Colombian Chachalaca22.wav,converted,True,32000.0,1.0,10.768,357888,344576,1,0.9628040057224606,"[mp3 @ 00000233b4c356c0] Estimating duration from bitrate, this may be inaccurate
"
Colombian Chachalaca_sound/Colombian Chachalaca23,D:\other\Bird\Dataset\CC0\Colombian Chachalaca_sound\Colombian Chachalaca23.mp3,D:\other\Bird\Code\data\kaggle_training_wav_cache_sp\Colombian Chachalaca_sound\Colombian Chachalaca23.wav,converted,True,32000.0,1.0,10.768,357888,344576,1,0.9628040057224606,"[mp3 @ 000001f4d00056c0] Estimating duration from bitrate, this may be inaccurate
"
Colombian Chachalaca_sound/Colombian Chachalaca24,D:\other\Bird\Dataset\CC0\Colombian Chachalaca_sound\Colombian Chachalaca24.mp3,D:\other\Bird\Code\data\kaggle_training_wav_cache_sp\Colombian Chachalaca_sound\Colombian Chachalaca24.wav,converted,True,32000.0,1.0,10.768,357888,344576,1,0.9628040057224606,"[mp3 @ 000001f7568956c0] Estimating duration from bitrate, this may be inaccurate
"
Colombian Chachalaca_sound/Colombian Chachalaca25,D:\other\Bird\Dataset\CC0\Colombian Chachalaca_sound\Colombian Chachalaca25.mp3,D:\other\Bird\Code\data\kaggle_training_wav_cache_sp\Colombian Chachalaca_sound\Colombian Chachalaca25.wav,converted,True,32000.0,1.0,10.768,357888,344576,1,0.9628040057224606,"[mp3 @ 00000253346956c0] Estimating duration from bitrate, this may be inaccurate
"
Colombian Chachalaca_sound/Colombian Chachalaca20,D:\other\Bird\Dataset\CC0\Colombian Chachalaca_sound\Colombian Chachalaca20.mp3,D:\other\Bird\Code\data\kaggle_training_wav_cache_sp\Colombian Chachalaca_sound\Colombian Chachalaca20.wav,converted,True,32000.0,1.0,109.25225,4425352,3496072,222,0.7900099246342438,"[mp3 @ 00000165422556c0] Estimating duration from bitrate, this may be inaccurate
"
Colombian Chachalaca_sound/Colombian Chachalaca26,D:\other\Bird\Dataset\CC0\Colombian Chachalaca_sound\Colombian Chachalaca26.mp3,D:\other\Bird\Code\data\kaggle_training_wav_cache_sp\Colombian Chachalaca_sound\Colombian Chachalaca26.wav,converted,True,32000.0,1.0,10.768,357888,344576,1,0.9628040057224606,"[mp3 @ 0000027a140556c0] Estimating duration from bitrate, this may be inaccurate
"
Colombian Chachalaca_sound/Colombian Chachalaca27,D:\other\Bird\Dataset\CC0\Colombian Chachalaca_sound\Colombian Chachalaca27.mp3,D:\other\Bird\Code\data\kaggle_training_wav_cache_sp\Colombian Chachalaca_sound\Colombian Chachalaca27.wav,converted,True,32000.0,1.0,10.768,357888,344576,1,0.9628040057224606,"[mp3 @ 000001d2444456c0] Estimating duration from bitrate, this may be inaccurate
"
Colombian Chachalaca_sound/Colombian Chachalaca29,D:\other\Bird\Dataset\CC0\Colombian Chachalaca_sound\Colombian Chachalaca29.mp3,D:\other\Bird\Code\data\kaggle_training_wav_cache_sp\Colombian Chachalaca_sound\Colombian Chachalaca29.wav,converted,True,32000.0,1.0,13.264,469787,424448,4,0.9034903051808586,"[mp3 @ 000002046fa056c0] Estimating duration from bitrate, this may be inaccurate
"
Colombian Chachalaca_sound/Colombian Chachalaca28,D:\other\Bird\Dataset\CC0\Colombian Chachalaca_sound\Colombian Chachalaca28.mp3,D:\other\Bird\Code\data\kaggle_training_wav_cache_sp\Colombian Chachalaca_sound\Colombian Chachalaca28.wav,converted,True,32000.0,1.0,15.872,839263,507904,25,0.605178591216341,"[mp3 @ 0000017f0f5456c0] Estimating duration from bitrate, this may be inaccurate
"
Colombian Chachalaca_sound/Colombian Chachalaca3,D:\other\Bird\Dataset\CC0\Colombian Chachalaca_sound\Colombian Chachalaca3.mp3,D:\other\Bird\Code\data\kaggle_training_wav_cache_sp\Colombian Chachalaca_sound\Colombian Chachalaca3.wav,converted,True,32000.0,1.0,18.112,579868,579584,1,0.9995102333634551,
Colombian Chachalaca_sound/Colombian Chachalaca30,D:\other\Bird\Dataset\CC0\Colombian Chachalaca_sound\Colombian Chachalaca30.mp3,D:\other\Bird\Code\data\kaggle_training_wav_cache_sp\Colombian Chachalaca_sound\Colombian Chachalaca30.wav,converted,True,32000.0,1.0,16.016,718890,512512,15,0.7129213092406349,"[mp3 @ 000002193ebf56c0] Estimating duration from bitrate, this may be inaccurate
"
Colombian Chachalaca_sound/Colombian Chachalaca31,D:\other\Bird\Dataset\CC0\Colombian Chachalaca_sound\Colombian Chachalaca31.mp3,D:\other\Bird\Code\data\kaggle_training_wav_cache_sp\Colombian Chachalaca_sound\Colombian Chachalaca31.wav,converted,True,32000.0,1.0,16.016,718890,512512,15,0.7129213092406349,"[mp3 @ 000001def32956c0] Estimating duration from bitrate, this may be inaccurate
"
Colombian Chachalaca_sound/Colombian Chachalaca4,D:\other\Bird\Dataset\CC0\Colombian Chachalaca_sound\Colombian Chachalaca4.mp3,D:\other\Bird\Code\data\kaggle_training_wav_cache_sp\Colombian Chachalaca_sound\Colombian Chachalaca4.wav,converted,True,32000.0,1.0,12.896,427350,412672,3,0.9656534456534457,
Colombian Chachalaca_sound/Colombian Chachalaca5,D:\other\Bird\Dataset\CC0\Colombian Chachalaca_sound\Colombian Chachalaca5.mp3,D:\other\Bird\Code\data\kaggle_training_wav_cache_sp\Colombian Chachalaca_sound\Colombian Chachalaca5.wav,converted,True,32000.0,1.0,12.896,427350,412672,3,0.9656534456534457,
Colombian Chachalaca_sound/Colombian Chachalaca6,D:\other\Bird\Dataset\CC0\Colombian Chachalaca_sound\Colombian Chachalaca6.mp3,D:\other\Bird\Code\data\kaggle_training_wav_cache_sp\Colombian Chachalaca_sound\Colombian Chachalaca6.wav,converted,True,32000.0,1.0,19.728,1005493,631296,44,0.6278472351373903,
Colombian Chachalaca_sound/Colombian Chachalaca7,D:\other\Bird\Dataset\CC0\Colombian Chachalaca_sound\Colombian Chachalaca7.mp3,D:\other\Bird\Code\data\kaggle_training_wav_cache_sp\Colombian Chachalaca_sound\Colombian Chachalaca7.wav,converted,True,32000.0,1.0,19.728,1005493,631296,44,0.6278472351373903,
Colombian Chachalaca_sound/Colombian Chachalaca8,D:\other\Bird\Dataset\CC0\Colombian Chachalaca_sound\Colombian Chachalaca8.mp3,D:\other\Bird\Code\data\kaggle_training_wav_cache_sp\Colombian Chachalaca_sound\Colombian Chachalaca8.wav,converted,True,32000.0,1.0,19.728,1005493,631296,44,0.6278472351373903,
Colombian Chachalaca_sound/Colombian Chachalaca9,D:\other\Bird\Dataset\CC0\Colombian Chachalaca_sound\Colombian Chachalaca9.mp3,D:\other\Bird\Code\data\kaggle_training_wav_cache_sp\Colombian Chachalaca_sound\Colombian Chachalaca9.wav,converted,True,32000.0,1.0,19.728,1005493,631296,44,0.6278472351373903,
Common Ostrich_sound/Common Ostrich3,D:\other\Bird\Dataset\CC0\Common Ostrich_sound\Common Ostrich3.mp3,D:\other\Bird\Code\data\kaggle_training_wav_cache_sp\Common Ostrich_sound\Common Ostrich3.wav,converted,True,32000.0,1.0,26.736,855552,855552,1,1.0,"[mp3 @ 000001e081a656c0] Estimating duration from bitrate, this may be inaccurate
"
Common Ostrich_sound/Common Ostrich4,D:\other\Bird\Dataset\CC0\Common Ostrich_sound\Common Ostrich4.mp3,D:\other\Bird\Code\data\kaggle_training_wav_cache_sp\Common Ostrich_sound\Common Ostrich4.wav,too_short_after_preprocess,,,,4.576,148992,146432,2,0.9828178694158075,
Common Ostrich_sound/Common Ostrich2,D:\other\Bird\Dataset\CC0\Common Ostrich_sound\Common Ostrich2.mp3,D:\other\Bird\Code\data\kaggle_training_wav_cache_sp\Common Ostrich_sound\Common Ostrich2.wav,converted,True,32000.0,1.0,29.12,1714176,931840,178,0.5436081242532855,"[mp3 @ 000001ebd9bc56c0] Estimating duration from bitrate, this may be inaccurate
"
Common Ostrich_sound/Common Ostrich5,D:\other\Bird\Dataset\CC0\Common Ostrich_sound\Common Ostrich5.mp3,D:\other\Bird\Code\data\kaggle_training_wav_cache_sp\Common Ostrich_sound\Common Ostrich5.wav,converted,True,32000.0,1.0,11.63725,377000,372392,2,0.9877771883289125,"[mp3 @ 0000018c61c456c0] Estimating duration from bitrate, this may be inaccurate
"
Common Ostrich_sound/Common Ostrich7,D:\other\Bird\Dataset\CC0\Common Ostrich_sound\Common Ostrich7.mp3,D:\other\Bird\Code\data\kaggle_training_wav_cache_sp\Common Ostrich_sound\Common Ostrich7.wav,converted,True,32000.0,1.0,11.65,372800,372800,1,1.0,
Common Ostrich_sound/Common Ostrich8,D:\other\Bird\Dataset\CC0\Common Ostrich_sound\Common Ostrich8.mp3,D:\other\Bird\Code\data\kaggle_training_wav_cache_sp\Common Ostrich_sound\Common Ostrich8.wav,converted,True,32000.0,1.0,9.448,302336,302336,1,1.0,
Common Ostrich_sound/Common Ostrich6,D:\other\Bird\Dataset\CC0\Common Ostrich_sound\Common Ostrich6.mp3,D:\other\Bird\Code\data\kaggle_training_wav_cache_sp\Common Ostrich_sound\Common Ostrich6.wav,converted,True,32000.0,1.0,76.688,3438783,2454016,102,0.7136292112645666,
Crested Guan_sound/Crested Guan10,D:\other\Bird\Dataset\CC0\Crested Guan_sound\Crested Guan10.mp3,D:\other\Bird\Code\data\kaggle_training_wav_cache_sp\Crested Guan_sound\Crested Guan10.wav,converted,True,32000.0,1.0,70.8573125,2268458,2267434,1,0.9995485920391738,
Crested Guan_sound/Crested Guan11,D:\other\Bird\Dataset\CC0\Crested Guan_sound\Crested Guan11.mp3,D:\other\Bird\Code\data\kaggle_training_wav_cache_sp\Crested Guan_sound\Crested Guan11.wav,converted,True,32000.0,1.0,70.8573125,2268458,2267434,1,0.9995485920391738,
Crested Guan_sound/Crested Guan12,D:\other\Bird\Dataset\CC0\Crested Guan_sound\Crested Guan12.mp3,D:\other\Bird\Code\data\kaggle_training_wav_cache_sp\Crested Guan_sound\Crested Guan12.wav,converted,True,32000.0,1.0,60.576,1947648,1938432,1,0.9952681388012619,"[mp3 @ 0000026f12c456c0] Estimating duration from bitrate, this may be inaccurate
"
Crested Guan_sound/Crested Guan14,D:\other\Bird\Dataset\CC0\Crested Guan_sound\Crested Guan14.mp3,D:\other\Bird\Code\data\kaggle_training_wav_cache_sp\Crested Guan_sound\Crested Guan14.wav,converted,True,32000.0,1.0,28.672,932885,917504,1,0.9835124372243096,"[mp3 @ 000001769f1756c0] Estimating duration from bitrate, this may be inaccurate
"
Crested Guan_sound/Crested Guan15,D:\other\Bird\Dataset\CC0\Crested Guan_sound\Crested Guan15.mp3,D:\other\Bird\Code\data\kaggle_training_wav_cache_sp\Crested Guan_sound\Crested Guan15.wav,converted,True,32000.0,1.0,28.848,936229,923136,1,0.9860151736380736,"[mp3 @ 000002658a8f56c0] Estimating duration from bitrate, this may be inaccurate
"
Crested Guan_sound/Crested Guan16,D:\other\Bird\Dataset\CC0\Crested Guan_sound\Crested Guan16.mp3,D:\other\Bird\Code\data\kaggle_training_wav_cache_sp\Crested Guan_sound\Crested Guan16.wav,converted,True,32000.0,1.0,28.848,936229,923136,1,0.9860151736380736,"[mp3 @ 000001b9014856c0] Estimating duration from bitrate, this may be inaccurate
"
Crested Guan_sound/Crested Guan17,D:\other\Bird\Dataset\CC0\Crested Guan_sound\Crested Guan17.mp3,D:\other\Bird\Code\data\kaggle_training_wav_cache_sp\Crested Guan_sound\Crested Guan17.wav,converted,True,32000.0,1.0,51.728,1677689,1655296,1,0.9866524725381164,"[mp3 @ 000001bffefc56c0] Estimating duration from bitrate, this may be inaccurate
"
Crested Guan_sound/Crested Guan13,D:\other\Bird\Dataset\CC0\Crested Guan_sound\Crested Guan13.mp3,D:\other\Bird\Code\data\kaggle_training_wav_cache_sp\Crested Guan_sound\Crested Guan13.wav,converted,True,32000.0,1.0,180.928,6076291,5789696,67,0.952833891596041,
Crested Guan_sound/Crested Guan18,D:\other\Bird\Dataset\CC0\Crested Guan_sound\Crested Guan18.mp3,D:\other\Bird\Code\data\kaggle_training_wav_cache_sp\Crested Guan_sound\Crested Guan18.wav,converted,True,32000.0,1.0,27.232,958799,871424,20,0.9088703680333418,"[mp3 @ 000001fd576156c0] Estimating duration from bitrate, this may be inaccurate
"
Crested Guan_sound/Crested Guan19,D:\other\Bird\Dataset\CC0\Crested Guan_sound\Crested Guan19.mp3,D:\other\Bird\Code\data\kaggle_training_wav_cache_sp\Crested Guan_sound\Crested Guan19.wav,converted,True,32000.0,1.0,31.6,1022329,1011200,1,0.9891140718887951,"[mp3 @ 000001853b2056c0] Estimating duration from bitrate, this may be inaccurate
"
Crested Guan_sound/Crested Guan2,D:\other\Bird\Dataset\CC0\Crested Guan_sound\Crested Guan2.mp3,D:\other\Bird\Code\data\kaggle_training_wav_cache_sp\Crested Guan_sound\Crested Guan2.wav,converted,True,32000.0,1.0,15.84,574276,506880,16,0.8826417959308764,"[mp3 @ 00000186e0b356c0] Estimating duration from bitrate, this may be inaccurate
"
Crested Guan_sound/Crested Guan21,D:\other\Bird\Dataset\CC0\Crested Guan_sound\Crested Guan21.mp3,D:\other\Bird\Code\data\kaggle_training_wav_cache_sp\Crested Guan_sound\Crested Guan21.wav,converted,True,32000.0,1.0,12.464,413780,398848,2,0.9639131905843685,"[mp3 @ 00000189b74656c0] Estimating duration from bitrate, this may be inaccurate
"
Crested Guan_sound/Crested Guan20,D:\other\Bird\Dataset\CC0\Crested Guan_sound\Crested Guan20.mp3,D:\other\Bird\Code\data\kaggle_training_wav_cache_sp\Crested Guan_sound\Crested Guan20.wav,converted,True,32000.0,1.0,32.496,1048242,1039872,1,0.992015202596347,"[mp3 @ 000001faf61c56c0] Estimating duration from bitrate, this may be inaccurate
"
Crested Guan_sound/Crested Guan22,D:\other\Bird\Dataset\CC0\Crested Guan_sound\Crested Guan22.mp3,D:\other\Bird\Code\data\kaggle_training_wav_cache_sp\Crested Guan_sound\Crested Guan22.wav,converted,True,32000.0,1.0,37.024,1202887,1184768,1,0.9849370722270671,"[mp3 @ 000001b6d6f356c0] Estimating duration from bitrate, this may be inaccurate
"
Crested Guan_sound/Crested Guan23,D:\other\Bird\Dataset\CC0\Crested Guan_sound\Crested Guan23.mp3,D:\other\Bird\Code\data\kaggle_training_wav_cache_sp\Crested Guan_sound\Crested Guan23.wav,converted,True,32000.0,1.0,38.8,4208640,1241600,165,0.29501216545012166,
Crested Guan_sound/Crested Guan24,D:\other\Bird\Dataset\CC0\Crested Guan_sound\Crested Guan24.mp3,D:\other\Bird\Code\data\kaggle_training_wav_cache_sp\Crested Guan_sound\Crested Guan24.wav,converted,True,32000.0,1.0,38.8,4208640,1241600,165,0.29501216545012166,
Crested Guan_sound/Crested Guan26,D:\other\Bird\Dataset\CC0\Crested Guan_sound\Crested Guan26.mp3,D:\other\Bird\Code\data\kaggle_training_wav_cache_sp\Crested Guan_sound\Crested Guan26.wav,converted,True,32000.0,1.0,34.08,2168373,1090560,141,0.5029393005723646,"[mp3 @ 000001b5215b56c0] Estimating duration from bitrate, this may be inaccurate
"
Crested Guan_sound/Crested Guan25,D:\other\Bird\Dataset\CC0\Crested Guan_sound\Crested Guan25.mp3,D:\other\Bird\Code\data\kaggle_training_wav_cache_sp\Crested Guan_sound\Crested Guan25.wav,converted,True,32000.0,1.0,38.8,4208640,1241600,165,0.29501216545012166,
Crested Guan_sound/Crested Guan28,D:\other\Bird\Dataset\CC0\Crested Guan_sound\Crested Guan28.mp3,D:\other\Bird\Code\data\kaggle_training_wav_cache_sp\Crested Guan_sound\Crested Guan28.wav,converted,True,32000.0,1.0,7.344,328704,235008,20,0.7149532710280374,"[mp3 @ 0000016346a856c0] Estimating duration from bitrate, this may be inaccurate
"
Crested Guan_sound/Crested Guan27,D:\other\Bird\Dataset\CC0\Crested Guan_sound\Crested Guan27.mp3,D:\other\Bird\Code\data\kaggle_training_wav_cache_sp\Crested Guan_sound\Crested Guan27.wav,converted,True,32000.0,1.0,11.28,794123,360960,35,0.4545391582915997,"[mp3 @ 0000017402ae56c0] Estimating duration from bitrate, this may be inaccurate
"
Crested Guan_sound/Crested Guan3,D:\other\Bird\Dataset\CC0\Crested Guan_sound\Crested Guan3.mp3,D:\other\Bird\Code\data\kaggle_training_wav_cache_sp\Crested Guan_sound\Crested Guan3.wav,converted,True,32000.0,1.0,15.84,574276,506880,16,0.8826417959308764,"[mp3 @ 00000223d31a56c0] Estimating duration from bitrate, this may be inaccurate
"
Crested Guan_sound/Crested Guan30,D:\other\Bird\Dataset\CC0\Crested Guan_sound\Crested Guan30.mp3,D:\other\Bird\Code\data\kaggle_training_wav_cache_sp\Crested Guan_sound\Crested Guan30.wav,converted,True,32000.0,1.0,35.104,1159419,1123328,7,0.9688714778695191,"[mp3 @ 000001bfc69456c0] Estimating duration from bitrate, this may be inaccurate
"
Crested Guan_sound/Crested Guan29,D:\other\Bird\Dataset\CC0\Crested Guan_sound\Crested Guan29.mp3,D:\other\Bird\Code\data\kaggle_training_wav_cache_sp\Crested Guan_sound\Crested Guan29.wav,converted,True,32000.0,1.0,75.84,2866944,2426880,101,0.8465041521564426,"[mp3 @ 0000025e459956c0] Estimating duration from bitrate, this may be inaccurate
"
Crested Guan_sound/Crested Guan31,D:\other\Bird\Dataset\CC0\Crested Guan_sound\Crested Guan31.mp3,D:\other\Bird\Code\data\kaggle_training_wav_cache_sp\Crested Guan_sound\Crested Guan31.wav,converted,True,32000.0,1.0,20.768,677094,664576,1,0.9815121681775352,"[mp3 @ 000001e7c45456c0] Estimating duration from bitrate, this may be inaccurate
"
Crested Guan_sound/Crested Guan4,D:\other\Bird\Dataset\CC0\Crested Guan_sound\Crested Guan4.mp3,D:\other\Bird\Code\data\kaggle_training_wav_cache_sp\Crested Guan_sound\Crested Guan4.wav,converted,True,32000.0,1.0,15.84,574276,506880,16,0.8826417959308764,"[mp3 @ 0000019c929656c0] Estimating duration from bitrate, this may be inaccurate
"
Crested Guan_sound/Crested Guan5,D:\other\Bird\Dataset\CC0\Crested Guan_sound\Crested Guan5.mp3,D:\other\Bird\Code\data\kaggle_training_wav_cache_sp\Crested Guan_sound\Crested Guan5.wav,converted,True,32000.0,1.0,15.84,574276,506880,16,0.8826417959308764,"[mp3 @ 000001c9f73256c0] Estimating duration from bitrate, this may be inaccurate
"
Crested Guan_sound/Crested Guan7,D:\other\Bird\Dataset\CC0\Crested Guan_sound\Crested Guan7.mp3,D:\other\Bird\Code\data\kaggle_training_wav_cache_sp\Crested Guan_sound\Crested Guan7.wav,converted,True,32000.0,1.0,70.8573125,2268458,2267434,1,0.9995485920391738,
Crested Guan_sound/Crested Guan6,D:\other\Bird\Dataset\CC0\Crested Guan_sound\Crested Guan6.mp3,D:\other\Bird\Code\data\kaggle_training_wav_cache_sp\Crested Guan_sound\Crested Guan6.wav,converted,True,32000.0,1.0,136.511,4378592,4368352,6,0.9976613486709883,
Crested Guan_sound/Crested Guan8,D:\other\Bird\Dataset\CC0\Crested Guan_sound\Crested Guan8.mp3,D:\other\Bird\Code\data\kaggle_training_wav_cache_sp\Crested Guan_sound\Crested Guan8.wav,converted,True,32000.0,1.0,70.8573125,2268458,2267434,1,0.9995485920391738,
Curve-billed Tinamou_sound/Curve-billed Tinamou2,D:\other\Bird\Dataset\CC0\Curve-billed Tinamou_sound\Curve-billed Tinamou2.mp3,D:\other\Bird\Code\data\kaggle_training_wav_cache_sp\Curve-billed Tinamou_sound\Curve-billed Tinamou2.wav,converted,True,32000.0,1.0,8.40803125,481025,269057,27,0.5593409905930046,"Guessed Channel Layout for Input Stream #0.0 : stereo
"
Crested Guan_sound/Crested Guan9,D:\other\Bird\Dataset\CC0\Crested Guan_sound\Crested Guan9.mp3,D:\other\Bird\Code\data\kaggle_training_wav_cache_sp\Crested Guan_sound\Crested Guan9.wav,converted,True,32000.0,1.0,70.8573125,2268458,2267434,1,0.9995485920391738,
Curve-billed Tinamou_sound/Curve-billed Tinamou4,D:\other\Bird\Dataset\CC0\Curve-billed Tinamou_sound\Curve-billed Tinamou4.mp3,D:\other\Bird\Code\data\kaggle_training_wav_cache_sp\Curve-billed Tinamou_sound\Curve-billed Tinamou4.wav,converted,True,32000.0,1.0,7.248,278361,231936,2,0.8332201709291173,"[mp3 @ 000002111e8756c0] Estimating duration from bitrate, this may be inaccurate
"
Curve-billed Tinamou_sound/Curve-billed Tinamou3,D:\other\Bird\Dataset\CC0\Curve-billed Tinamou_sound\Curve-billed Tinamou3.mp3,D:\other\Bird\Code\data\kaggle_training_wav_cache_sp\Curve-billed Tinamou_sound\Curve-billed Tinamou3.wav,converted,True,32000.0,1.0,8.08,1604282,258560,35,0.16116867234064833,"Guessed Channel Layout for Input Stream #0.0 : stereo
"
Curve-billed Tinamou_sound/Curve-billed Tinamou5,D:\other\Bird\Dataset\CC0\Curve-billed Tinamou_sound\Curve-billed Tinamou5.mp3,D:\other\Bird\Code\data\kaggle_training_wav_cache_sp\Curve-billed Tinamou_sound\Curve-billed Tinamou5.wav,converted,True,32000.0,1.0,5.001,160032,160032,1,1.0,"Guessed Channel Layout for Input Stream #0.0 : stereo
"
Curve-billed Tinamou_sound/Curve-billed Tinamou6,D:\other\Bird\Dataset\CC0\Curve-billed Tinamou_sound\Curve-billed Tinamou6.mp3,D:\other\Bird\Code\data\kaggle_training_wav_cache_sp\Curve-billed Tinamou_sound\Curve-billed Tinamou6.wav,too_short_after_preprocess,,,,1.936,132864,61952,7,0.4662813102119461,
Curve-billed Tinamou_sound/Curve-billed Tinamou7,D:\other\Bird\Dataset\CC0\Curve-billed Tinamou_sound\Curve-billed Tinamou7.mp3,D:\other\Bird\Code\data\kaggle_training_wav_cache_sp\Curve-billed Tinamou_sound\Curve-billed Tinamou7.wav,too_short_after_preprocess,,,,1.936,132864,61952,7,0.4662813102119461,
Curve-billed Tinamou_sound/Curve-billed Tinamou8,D:\other\Bird\Dataset\CC0\Curve-billed Tinamou_sound\Curve-billed Tinamou8.mp3,D:\other\Bird\Code\data\kaggle_training_wav_cache_sp\Curve-billed Tinamou_sound\Curve-billed Tinamou8.wav,too_short_after_preprocess,,,,1.936,132864,61952,7,0.4662813102119461,
Curve-billed Tinamou_sound/Curve-billed Tinamou9,D:\other\Bird\Dataset\CC0\Curve-billed Tinamou_sound\Curve-billed Tinamou9.mp3,D:\other\Bird\Code\data\kaggle_training_wav_cache_sp\Curve-billed Tinamou_sound\Curve-billed Tinamou9.wav,converted,True,32000.0,1.0,8.528,351922,272896,2,0.7754445587374476,"[mp3 @ 0000023f9dfe56c0] Estimating duration from bitrate, this may be inaccurate
"
Darwins Nothura_sound/Darwins Nothura11,D:\other\Bird\Dataset\CC0\Darwins Nothura_sound\Darwins Nothura11.mp3,D:\other\Bird\Code\data\kaggle_training_wav_cache_sp\Darwins Nothura_sound\Darwins Nothura11.wav,converted,True,32000.0,1.0,9.2871875,472294,297190,53,0.6292478837334372,"[mp3 @ 000001b95dad56c0] Estimating duration from bitrate, this may be inaccurate
"
Darwins Nothura_sound/Darwins Nothura12,D:\other\Bird\Dataset\CC0\Darwins Nothura_sound\Darwins Nothura12.mp3,D:\other\Bird\Code\data\kaggle_training_wav_cache_sp\Darwins Nothura_sound\Darwins Nothura12.wav,converted,True,32000.0,1.0,23.170625,741460,741460,1,1.0,"[mp3 @ 00000254004e56c0] Estimating duration from bitrate, this may be inaccurate
"
Darwins Nothura_sound/Darwins Nothura10,D:\other\Bird\Dataset\CC0\Darwins Nothura_sound\Darwins Nothura10.mp3,D:\other\Bird\Code\data\kaggle_training_wav_cache_sp\Darwins Nothura_sound\Darwins Nothura10.wav,converted,True,32000.0,1.0,23.007375,1852396,736236,146,0.3974506531000931,"[mp3 @ 00000222c9ae56c0] Estimating duration from bitrate, this may be inaccurate
"
Darwins Nothura_sound/Darwins Nothura13,D:\other\Bird\Dataset\CC0\Darwins Nothura_sound\Darwins Nothura13.mp3,D:\other\Bird\Code\data\kaggle_training_wav_cache_sp\Darwins Nothura_sound\Darwins Nothura13.wav,converted,True,32000.0,1.0,23.170625,741460,741460,1,1.0,"[mp3 @ 0000020b520c56c0] Estimating duration from bitrate, this may be inaccurate
"
Darwins Nothura_sound/Darwins Nothura15,D:\other\Bird\Dataset\CC0\Darwins Nothura_sound\Darwins Nothura15.mp3,D:\other\Bird\Code\data\kaggle_training_wav_cache_sp\Darwins Nothura_sound\Darwins Nothura15.wav,converted,True,32000.0,1.0,50.448,1695243,1614336,4,0.9522740987575232,"[mp3 @ 000001917a8d56c0] Estimating duration from bitrate, this may be inaccurate
"
Darwins Nothura_sound/Darwins Nothura14,D:\other\Bird\Dataset\CC0\Darwins Nothura_sound\Darwins Nothura14.mp3,D:\other\Bird\Code\data\kaggle_training_wav_cache_sp\Darwins Nothura_sound\Darwins Nothura14.wav,converted,True,32000.0,1.0,102.96,3311073,3294720,1,0.995061117649777,"[mp3 @ 000001bdc7a056c0] Estimating duration from bitrate, this may be inaccurate
"
Darwins Nothura_sound/Darwins Nothura17,D:\other\Bird\Dataset\CC0\Darwins Nothura_sound\Darwins Nothura17.mp3,D:\other\Bird\Code\data\kaggle_training_wav_cache_sp\Darwins Nothura_sound\Darwins Nothura17.wav,converted,True,32000.0,1.0,17.184,550035,549888,1,0.9997327442799094,"[mp3 @ 0000018548d656c0] Estimating duration from bitrate, this may be inaccurate
"
Darwins Nothura_sound/Darwins Nothura16,D:\other\Bird\Dataset\CC0\Darwins Nothura_sound\Darwins Nothura16.mp3,D:\other\Bird\Code\data\kaggle_training_wav_cache_sp\Darwins Nothura_sound\Darwins Nothura16.wav,converted,True,32000.0,1.0,49.3890625,2068898,1580450,187,0.7639090955668186,"[mp3 @ 0000023eeca856c0] Estimating duration from bitrate, this may be inaccurate
"
Darwins Nothura_sound/Darwins Nothura19,D:\other\Bird\Dataset\CC0\Darwins Nothura_sound\Darwins Nothura19.mp3,D:\other\Bird\Code\data\kaggle_training_wav_cache_sp\Darwins Nothura_sound\Darwins Nothura19.wav,converted,True,32000.0,1.0,10.93159375,379507,349811,16,0.9217511139451974,"[mp3 @ 000001e7ac5a56c0] Estimating duration from bitrate, this may be inaccurate
"
Darwins Nothura_sound/Darwins Nothura18,D:\other\Bird\Dataset\CC0\Darwins Nothura_sound\Darwins Nothura18.mp3,D:\other\Bird\Code\data\kaggle_training_wav_cache_sp\Darwins Nothura_sound\Darwins Nothura18.wav,converted,True,32000.0,1.0,20.7379375,1856574,663614,90,0.35744010203740867,"[mp3 @ 000002587f5c56c0] Estimating duration from bitrate, this may be inaccurate
"
Darwins Nothura_sound/Darwins Nothura20,D:\other\Bird\Dataset\CC0\Darwins Nothura_sound\Darwins Nothura20.mp3,D:\other\Bird\Code\data\kaggle_training_wav_cache_sp\Darwins Nothura_sound\Darwins Nothura20.wav,converted,True,32000.0,1.0,8.336,486505,266752,27,0.5483026895920905,"[mp3 @ 000001f5a20b56c0] Estimating duration from bitrate, this may be inaccurate
"
Darwins Nothura_sound/Darwins Nothura2,D:\other\Bird\Dataset\CC0\Darwins Nothura_sound\Darwins Nothura2.mp3,D:\other\Bird\Code\data\kaggle_training_wav_cache_sp\Darwins Nothura_sound\Darwins Nothura2.wav,converted,True,32000.0,1.0,34.832,1126656,1114624,9,0.9893206089525108,"[mp3 @ 00000207a6cb56c0] Estimating duration from bitrate, this may be inaccurate
"
Darwins Nothura_sound/Darwins Nothura3,D:\other\Bird\Dataset\CC0\Darwins Nothura_sound\Darwins Nothura3.mp3,D:\other\Bird\Code\data\kaggle_training_wav_cache_sp\Darwins Nothura_sound\Darwins Nothura3.wav,too_short_after_preprocess,,,,2.72,406257,87040,8,0.21424861602384698,
Darwins Nothura_sound/Darwins Nothura21,D:\other\Bird\Dataset\CC0\Darwins Nothura_sound\Darwins Nothura21.mp3,D:\other\Bird\Code\data\kaggle_training_wav_cache_sp\Darwins Nothura_sound\Darwins Nothura21.wav,converted,True,32000.0,1.0,37.312,1754593,1193984,109,0.680490575307208,"[mp3 @ 000001f2800756c0] Estimating duration from bitrate, this may be inaccurate
"
Darwins Nothura_sound/Darwins Nothura4,D:\other\Bird\Dataset\CC0\Darwins Nothura_sound\Darwins Nothura4.mp3,D:\other\Bird\Code\data\kaggle_training_wav_cache_sp\Darwins Nothura_sound\Darwins Nothura4.wav,converted,True,32000.0,1.0,34.032,5561568,1089024,96,0.19581240398391245,
Darwins Nothura_sound/Darwins Nothura5,D:\other\Bird\Dataset\CC0\Darwins Nothura_sound\Darwins Nothura5.mp3,D:\other\Bird\Code\data\kaggle_training_wav_cache_sp\Darwins Nothura_sound\Darwins Nothura5.wav,converted,True,32000.0,1.0,34.032,5561568,1089024,96,0.19581240398391245,
Darwins Nothura_sound/Darwins Nothura6,D:\other\Bird\Dataset\CC0\Darwins Nothura_sound\Darwins Nothura6.mp3,D:\other\Bird\Code\data\kaggle_training_wav_cache_sp\Darwins Nothura_sound\Darwins Nothura6.wav,converted,True,32000.0,1.0,27.696,2370816,886272,75,0.37382572076449627,"[mp3 @ 00000285b93656c0] Estimating duration from bitrate, this may be inaccurate
"
Darwins Nothura_sound/Darwins Nothura8,D:\other\Bird\Dataset\CC0\Darwins Nothura_sound\Darwins Nothura8.mp3,D:\other\Bird\Code\data\kaggle_training_wav_cache_sp\Darwins Nothura_sound\Darwins Nothura8.wav,converted,True,32000.0,1.0,11.650625,372820,372820,1,1.0,"[mp3 @ 0000029eeea056c0] Estimating duration from bitrate, this may be inaccurate
"
Darwins Nothura_sound/Darwins Nothura9,D:\other\Bird\Dataset\CC0\Darwins Nothura_sound\Darwins Nothura9.mp3,D:\other\Bird\Code\data\kaggle_training_wav_cache_sp\Darwins Nothura_sound\Darwins Nothura9.wav,converted,True,32000.0,1.0,11.650625,372820,372820,1,1.0,"[mp3 @ 000001f8e59056c0] Estimating duration from bitrate, this may be inaccurate
"
Darwins Nothura_sound/Darwins Nothura7,D:\other\Bird\Dataset\CC0\Darwins Nothura_sound\Darwins Nothura7.mp3,D:\other\Bird\Code\data\kaggle_training_wav_cache_sp\Darwins Nothura_sound\Darwins Nothura7.wav,converted,True,32000.0,1.0,109.664,3599862,3509248,2,0.97482847953616,
Dusky Megapode_sound/Dusky Megapode10,D:\other\Bird\Dataset\CC0\Dusky Megapode_sound\Dusky Megapode10.mp3,D:\other\Bird\Code\data\kaggle_training_wav_cache_sp\Dusky Megapode_sound\Dusky Megapode10.wav,converted,True,32000.0,1.0,26.784,857653,857088,1,0.9993412254140077,"[mp3 @ 000001b6d6ef56c0] Estimating duration from bitrate, this may be inaccurate
"
Dusky Megapode_sound/Dusky Megapode11,D:\other\Bird\Dataset\CC0\Dusky Megapode_sound\Dusky Megapode11.mp3,D:\other\Bird\Code\data\kaggle_training_wav_cache_sp\Dusky Megapode_sound\Dusky Megapode11.wav,converted,True,32000.0,1.0,26.784,857653,857088,1,0.9993412254140077,"[mp3 @ 000001e7feb656c0] Estimating duration from bitrate, this may be inaccurate
"
Dusky Megapode_sound/Dusky Megapode12,D:\other\Bird\Dataset\CC0\Dusky Megapode_sound\Dusky Megapode12.mp3,D:\other\Bird\Code\data\kaggle_training_wav_cache_sp\Dusky Megapode_sound\Dusky Megapode12.wav,converted,True,32000.0,1.0,26.784,857653,857088,1,0.9993412254140077,"[mp3 @ 00000224c35256c0] Estimating duration from bitrate, this may be inaccurate
"
Dusky Megapode_sound/Dusky Megapode13,D:\other\Bird\Dataset\CC0\Dusky Megapode_sound\Dusky Megapode13.mp3,D:\other\Bird\Code\data\kaggle_training_wav_cache_sp\Dusky Megapode_sound\Dusky Megapode13.wav,converted,True,32000.0,1.0,26.784,857653,857088,1,0.9993412254140077,"[mp3 @ 000001dad3d256c0] Estimating duration from bitrate, this may be inaccurate
"
Dusky Megapode_sound/Dusky Megapode15,D:\other\Bird\Dataset\CC0\Dusky Megapode_sound\Dusky Megapode15.mp3,D:\other\Bird\Code\data\kaggle_training_wav_cache_sp\Dusky Megapode_sound\Dusky Megapode15.wav,converted,True,32000.0,1.0,37.648,1253042,1204736,3,0.9614490176705969,"[mp3 @ 00000169d72e56c0] Estimating duration from bitrate, this may be inaccurate
"
Dusky Megapode_sound/Dusky Megapode14,D:\other\Bird\Dataset\CC0\Dusky Megapode_sound\Dusky Megapode14.mp3,D:\other\Bird\Code\data\kaggle_training_wav_cache_sp\Dusky Megapode_sound\Dusky Megapode14.wav,converted,True,32000.0,1.0,156.464,5100774,5006848,3,0.9815859318605372,"[mp3 @ 000001cc7ddf56c0] Estimating duration from bitrate, this may be inaccurate
"
Dusky Megapode_sound/Dusky Megapode16,D:\other\Bird\Dataset\CC0\Dusky Megapode_sound\Dusky Megapode16.mp3,D:\other\Bird\Code\data\kaggle_training_wav_cache_sp\Dusky Megapode_sound\Dusky Megapode16.wav,converted,True,32000.0,1.0,171.792,5544647,5497344,2,0.9914687084678249,"[mp3 @ 00000219223856c0] Estimating duration from bitrate, this may be inaccurate
"
Dusky Megapode_sound/Dusky Megapode17,D:\other\Bird\Dataset\CC0\Dusky Megapode_sound\Dusky Megapode17.mp3,D:\other\Bird\Code\data\kaggle_training_wav_cache_sp\Dusky Megapode_sound\Dusky Megapode17.wav,converted,True,32000.0,1.0,124.5779375,3986494,3986494,1,1.0,"[mp3 @ 00000135c57f56c0] Estimating duration from bitrate, this may be inaccurate
"
Dusky Megapode_sound/Dusky Megapode19,D:\other\Bird\Dataset\CC0\Dusky Megapode_sound\Dusky Megapode19.mp3,D:\other\Bird\Code\data\kaggle_training_wav_cache_sp\Dusky Megapode_sound\Dusky Megapode19.wav,too_short_after_preprocess,,,,4.26346875,266479,136431,5,0.5119765534995253,
Dusky Megapode_sound/Dusky Megapode2,D:\other\Bird\Dataset\CC0\Dusky Megapode_sound\Dusky Megapode2.mp3,D:\other\Bird\Code\data\kaggle_training_wav_cache_sp\Dusky Megapode_sound\Dusky Megapode2.wav,converted,True,32000.0,1.0,26.784,857653,857088,1,0.9993412254140077,"[mp3 @ 00000207138656c0] Estimating duration from bitrate, this may be inaccurate
"
Dusky Megapode_sound/Dusky Megapode18,D:\other\Bird\Dataset\CC0\Dusky Megapode_sound\Dusky Megapode18.mp3,D:\other\Bird\Code\data\kaggle_training_wav_cache_sp\Dusky Megapode_sound\Dusky Megapode18.wav,converted,True,32000.0,1.0,124.5779375,3986494,3986494,1,1.0,"[mp3 @ 000002ae218156c0] Estimating duration from bitrate, this may be inaccurate
"
Dusky Megapode_sound/Dusky Megapode20,D:\other\Bird\Dataset\CC0\Dusky Megapode_sound\Dusky Megapode20.mp3,D:\other\Bird\Code\data\kaggle_training_wav_cache_sp\Dusky Megapode_sound\Dusky Megapode20.wav,converted,True,32000.0,1.0,50.704,1627884,1622528,5,0.9967098392760172,
Dusky Megapode_sound/Dusky Megapode21,D:\other\Bird\Dataset\CC0\Dusky Megapode_sound\Dusky Megapode21.mp3,D:\other\Bird\Code\data\kaggle_training_wav_cache_sp\Dusky Megapode_sound\Dusky Megapode21.wav,converted,True,32000.0,1.0,50.704,1627884,1622528,5,0.9967098392760172,
Dusky Megapode_sound/Dusky Megapode22,D:\other\Bird\Dataset\CC0\Dusky Megapode_sound\Dusky Megapode22.mp3,D:\other\Bird\Code\data\kaggle_training_wav_cache_sp\Dusky Megapode_sound\Dusky Megapode22.wav,converted,True,32000.0,1.0,19.136,2149983,612352,34,0.28481713576339907,"[mp3 @ 0000021bc9c856c0] Estimating duration from bitrate, this may be inaccurate
"
Dusky Megapode_sound/Dusky Megapode23,D:\other\Bird\Dataset\CC0\Dusky Megapode_sound\Dusky Megapode23.mp3,D:\other\Bird\Code\data\kaggle_training_wav_cache_sp\Dusky Megapode_sound\Dusky Megapode23.wav,converted,True,32000.0,1.0,19.136,2149983,612352,34,0.28481713576339907,"[mp3 @ 000002278d0d56c0] Estimating duration from bitrate, this may be inaccurate
"
Dusky Megapode_sound/Dusky Megapode24,D:\other\Bird\Dataset\CC0\Dusky Megapode_sound\Dusky Megapode24.mp3,D:\other\Bird\Code\data\kaggle_training_wav_cache_sp\Dusky Megapode_sound\Dusky Megapode24.wav,converted,True,32000.0,1.0,19.136,2149983,612352,34,0.28481713576339907,"[mp3 @ 000002e3c93256c0] Estimating duration from bitrate, this may be inaccurate
"
Dusky Megapode_sound/Dusky Megapode25,D:\other\Bird\Dataset\CC0\Dusky Megapode_sound\Dusky Megapode25.mp3,D:\other\Bird\Code\data\kaggle_training_wav_cache_sp\Dusky Megapode_sound\Dusky Megapode25.wav,converted,True,32000.0,1.0,19.136,2149983,612352,34,0.28481713576339907,"[mp3 @ 0000018e30c856c0] Estimating duration from bitrate, this may be inaccurate
"
Dusky Megapode_sound/Dusky Megapode26,D:\other\Bird\Dataset\CC0\Dusky Megapode_sound\Dusky Megapode26.mp3,D:\other\Bird\Code\data\kaggle_training_wav_cache_sp\Dusky Megapode_sound\Dusky Megapode26.wav,too_short_after_preprocess,,,,3.488,144000,111616,1,0.7751111111111111,
Dusky Megapode_sound/Dusky Megapode27,D:\other\Bird\Dataset\CC0\Dusky Megapode_sound\Dusky Megapode27.mp3,D:\other\Bird\Code\data\kaggle_training_wav_cache_sp\Dusky Megapode_sound\Dusky Megapode27.wav,too_short_after_preprocess,,,,4.848,192000,155136,1,0.808,
Dusky Megapode_sound/Dusky Megapode28,D:\other\Bird\Dataset\CC0\Dusky Megapode_sound\Dusky Megapode28.mp3,D:\other\Bird\Code\data\kaggle_training_wav_cache_sp\Dusky Megapode_sound\Dusky Megapode28.wav,too_short_after_preprocess,,,,4.848,192000,155136,1,0.808,
Dusky Megapode_sound/Dusky Megapode29,D:\other\Bird\Dataset\CC0\Dusky Megapode_sound\Dusky Megapode29.mp3,D:\other\Bird\Code\data\kaggle_training_wav_cache_sp\Dusky Megapode_sound\Dusky Megapode29.wav,too_short_after_preprocess,,,,4.848,192000,155136,1,0.808,
Dusky Megapode_sound/Dusky Megapode30,D:\other\Bird\Dataset\CC0\Dusky Megapode_sound\Dusky Megapode30.mp3,D:\other\Bird\Code\data\kaggle_training_wav_cache_sp\Dusky Megapode_sound\Dusky Megapode30.wav,too_short_after_preprocess,,,,4.848,192000,155136,1,0.808,
Dusky Megapode_sound/Dusky Megapode3,D:\other\Bird\Dataset\CC0\Dusky Megapode_sound\Dusky Megapode3.mp3,D:\other\Bird\Code\data\kaggle_training_wav_cache_sp\Dusky Megapode_sound\Dusky Megapode3.wav,converted,True,32000.0,1.0,26.784,857653,857088,1,0.9993412254140077,"[mp3 @ 00000193c14556c0] Estimating duration from bitrate, this may be inaccurate
"
Dusky Megapode_sound/Dusky Megapode31,D:\other\Bird\Dataset\CC0\Dusky Megapode_sound\Dusky Megapode31.mp3,D:\other\Bird\Code\data\kaggle_training_wav_cache_sp\Dusky Megapode_sound\Dusky Megapode31.wav,too_short_after_preprocess,,,,4.848,192000,155136,1,0.808,
Dusky Megapode_sound/Dusky Megapode4,D:\other\Bird\Dataset\CC0\Dusky Megapode_sound\Dusky Megapode4.mp3,D:\other\Bird\Code\data\kaggle_training_wav_cache_sp\Dusky Megapode_sound\Dusky Megapode4.wav,converted,True,32000.0,1.0,26.784,857653,857088,1,0.9993412254140077,"[mp3 @ 000001e6874056c0] Estimating duration from bitrate, this may be inaccurate
"
Dusky Megapode_sound/Dusky Megapode5,D:\other\Bird\Dataset\CC0\Dusky Megapode_sound\Dusky Megapode5.mp3,D:\other\Bird\Code\data\kaggle_training_wav_cache_sp\Dusky Megapode_sound\Dusky Megapode5.wav,converted,True,32000.0,1.0,26.784,857653,857088,1,0.9993412254140077,"[mp3 @ 00000167f05156c0] Estimating duration from bitrate, this may be inaccurate
"
Dusky Megapode_sound/Dusky Megapode6,D:\other\Bird\Dataset\CC0\Dusky Megapode_sound\Dusky Megapode6.mp3,D:\other\Bird\Code\data\kaggle_training_wav_cache_sp\Dusky Megapode_sound\Dusky Megapode6.wav,converted,True,32000.0,1.0,26.784,857653,857088,1,0.9993412254140077,"[mp3 @ 0000028897f156c0] Estimating duration from bitrate, this may be inaccurate
"
Dusky Megapode_sound/Dusky Megapode7,D:\other\Bird\Dataset\CC0\Dusky Megapode_sound\Dusky Megapode7.mp3,D:\other\Bird\Code\data\kaggle_training_wav_cache_sp\Dusky Megapode_sound\Dusky Megapode7.wav,converted,True,32000.0,1.0,26.784,857653,857088,1,0.9993412254140077,"[mp3 @ 0000023f33a656c0] Estimating duration from bitrate, this may be inaccurate
"
Dusky Megapode_sound/Dusky Megapode8,D:\other\Bird\Dataset\CC0\Dusky Megapode_sound\Dusky Megapode8.mp3,D:\other\Bird\Code\data\kaggle_training_wav_cache_sp\Dusky Megapode_sound\Dusky Megapode8.wav,converted,True,32000.0,1.0,26.784,857653,857088,1,0.9993412254140077,"[mp3 @ 0000024b9b1d56c0] Estimating duration from bitrate, this may be inaccurate
"
Dusky Megapode_sound/Dusky Megapode9,D:\other\Bird\Dataset\CC0\Dusky Megapode_sound\Dusky Megapode9.mp3,D:\other\Bird\Code\data\kaggle_training_wav_cache_sp\Dusky Megapode_sound\Dusky Megapode9.wav,converted,True,32000.0,1.0,26.784,857653,857088,1,0.9993412254140077,"[mp3 @ 000001e6ce5c56c0] Estimating duration from bitrate, this may be inaccurate
"
Dusky-legged Guan_sound/Dusky-legged Guan10,D:\other\Bird\Dataset\CC0\Dusky-legged Guan_sound\Dusky-legged Guan10.mp3,D:\other\Bird\Code\data\kaggle_training_wav_cache_sp\Dusky-legged Guan_sound\Dusky-legged Guan10.wav,converted,True,32000.0,1.0,51.84,1658880,1658880,1,1.0,"[mp3 @ 00000265c3c15680] Estimating duration from bitrate, this may be inaccurate
"
Dusky-legged Guan_sound/Dusky-legged Guan11,D:\other\Bird\Dataset\CC0\Dusky-legged Guan_sound\Dusky-legged Guan11.mp3,D:\other\Bird\Code\data\kaggle_training_wav_cache_sp\Dusky-legged Guan_sound\Dusky-legged Guan11.wav,converted,True,32000.0,1.0,58.592,2375424,1874944,108,0.7893091928009484,"[mp3 @ 0000017702965680] Estimating duration from bitrate, this may be inaccurate
"
Dusky-legged Guan_sound/Dusky-legged Guan12,D:\other\Bird\Dataset\CC0\Dusky-legged Guan_sound\Dusky-legged Guan12.mp3,D:\other\Bird\Code\data\kaggle_training_wav_cache_sp\Dusky-legged Guan_sound\Dusky-legged Guan12.wav,converted,True,32000.0,1.0,58.592,2375424,1874944,108,0.7893091928009484,"[mp3 @ 000002ae617b5680] Estimating duration from bitrate, this may be inaccurate
"
Dusky-legged Guan_sound/Dusky-legged Guan13,D:\other\Bird\Dataset\CC0\Dusky-legged Guan_sound\Dusky-legged Guan13.mp3,D:\other\Bird\Code\data\kaggle_training_wav_cache_sp\Dusky-legged Guan_sound\Dusky-legged Guan13.wav,converted,True,32000.0,1.0,69.008,2274814,2208256,24,0.9707413441274759,
Dusky-legged Guan_sound/Dusky-legged Guan15,D:\other\Bird\Dataset\CC0\Dusky-legged Guan_sound\Dusky-legged Guan15.mp3,D:\other\Bird\Code\data\kaggle_training_wav_cache_sp\Dusky-legged Guan_sound\Dusky-legged Guan15.wav,converted,True,32000.0,1.0,6.24,242417,199680,12,0.8237046081751692,"[mp3 @ 000002462c455680] Estimating duration from bitrate, this may be inaccurate
"
Dusky-legged Guan_sound/Dusky-legged Guan16,D:\other\Bird\Dataset\CC0\Dusky-legged Guan_sound\Dusky-legged Guan16.mp3,D:\other\Bird\Code\data\kaggle_training_wav_cache_sp\Dusky-legged Guan_sound\Dusky-legged Guan16.wav,converted,True,32000.0,1.0,9.32571875,298423,298423,1,1.0,"[mp3 @ 000001cb3d475680] Estimating duration from bitrate, this may be inaccurate
"
Dusky-legged Guan_sound/Dusky-legged Guan14,D:\other\Bird\Dataset\CC0\Dusky-legged Guan_sound\Dusky-legged Guan14.mp3,D:\other\Bird\Code\data\kaggle_training_wav_cache_sp\Dusky-legged Guan_sound\Dusky-legged Guan14.wav,converted,True,32000.0,1.0,69.008,2274814,2208256,24,0.9707413441274759,
Dusky-legged Guan_sound/Dusky-legged Guan18,D:\other\Bird\Dataset\CC0\Dusky-legged Guan_sound\Dusky-legged Guan18.mp3,D:\other\Bird\Code\data\kaggle_training_wav_cache_sp\Dusky-legged Guan_sound\Dusky-legged Guan18.wav,converted,True,32000.0,1.0,17.3375625,951090,554802,54,0.5833328076207299,
Dusky-legged Guan_sound/Dusky-legged Guan17,D:\other\Bird\Dataset\CC0\Dusky-legged Guan_sound\Dusky-legged Guan17.mp3,D:\other\Bird\Code\data\kaggle_training_wav_cache_sp\Dusky-legged Guan_sound\Dusky-legged Guan17.wav,converted,True,32000.0,1.0,38.784,2262051,1241088,93,0.5486560647836852,
Dusky-legged Guan_sound/Dusky-legged Guan19,D:\other\Bird\Dataset\CC0\Dusky-legged Guan_sound\Dusky-legged Guan19.mp3,D:\other\Bird\Code\data\kaggle_training_wav_cache_sp\Dusky-legged Guan_sound\Dusky-legged Guan19.wav,converted,True,32000.0,1.0,17.3375625,951090,554802,54,0.5833328076207299,
Dusky-legged Guan_sound/Dusky-legged Guan20,D:\other\Bird\Dataset\CC0\Dusky-legged Guan_sound\Dusky-legged Guan20.mp3,D:\other\Bird\Code\data\kaggle_training_wav_cache_sp\Dusky-legged Guan_sound\Dusky-legged Guan20.wav,converted,True,32000.0,1.0,17.3375625,951090,554802,54,0.5833328076207299,
Dusky-legged Guan_sound/Dusky-legged Guan2,D:\other\Bird\Dataset\CC0\Dusky-legged Guan_sound\Dusky-legged Guan2.mp3,D:\other\Bird\Code\data\kaggle_training_wav_cache_sp\Dusky-legged Guan_sound\Dusky-legged Guan2.wav,converted,True,32000.0,1.0,43.52,1900800,1392640,77,0.7326599326599327,"[mp3 @ 000001e143f05680] Estimating duration from bitrate, this may be inaccurate
"
Dusky-legged Guan_sound/Dusky-legged Guan21,D:\other\Bird\Dataset\CC0\Dusky-legged Guan_sound\Dusky-legged Guan21.mp3,D:\other\Bird\Code\data\kaggle_training_wav_cache_sp\Dusky-legged Guan_sound\Dusky-legged Guan21.wav,converted,True,32000.0,1.0,72.632,2326272,2324224,1,0.999119621437218,"[mp3 @ 000001c286ef5680] Estimating duration from bitrate, this may be inaccurate
"
Dusky-legged Guan_sound/Dusky-legged Guan22,D:\other\Bird\Dataset\CC0\Dusky-legged Guan_sound\Dusky-legged Guan22.mp3,D:\other\Bird\Code\data\kaggle_training_wav_cache_sp\Dusky-legged Guan_sound\Dusky-legged Guan22.wav,converted,True,32000.0,1.0,72.632,2326272,2324224,1,0.999119621437218,"[mp3 @ 000002637cd65680] Estimating duration from bitrate, this may be inaccurate
"
Dusky-legged Guan_sound/Dusky-legged Guan23,D:\other\Bird\Dataset\CC0\Dusky-legged Guan_sound\Dusky-legged Guan23.mp3,D:\other\Bird\Code\data\kaggle_training_wav_cache_sp\Dusky-legged Guan_sound\Dusky-legged Guan23.wav,converted,True,32000.0,1.0,15.808,615236,505856,27,0.8222145648174034,"[mp3 @ 00000296901c5680] Estimating duration from bitrate, this may be inaccurate
"
Dusky-legged Guan_sound/Dusky-legged Guan24,D:\other\Bird\Dataset\CC0\Dusky-legged Guan_sound\Dusky-legged Guan24.mp3,D:\other\Bird\Code\data\kaggle_training_wav_cache_sp\Dusky-legged Guan_sound\Dusky-legged Guan24.wav,converted,True,32000.0,1.0,20.352,851712,651264,38,0.7646528403967539,"[mp3 @ 0000020941825680] Estimating duration from bitrate, this may be inaccurate
"
Dusky-legged Guan_sound/Dusky-legged Guan25,D:\other\Bird\Dataset\CC0\Dusky-legged Guan_sound\Dusky-legged Guan25.mp3,D:\other\Bird\Code\data\kaggle_training_wav_cache_sp\Dusky-legged Guan_sound\Dusky-legged Guan25.wav,converted,True,32000.0,1.0,20.352,851712,651264,38,0.7646528403967539,"[mp3 @ 000001e1ff1b5680] Estimating duration from bitrate, this may be inaccurate
"
Dusky-legged Guan_sound/Dusky-legged Guan26,D:\other\Bird\Dataset\CC0\Dusky-legged Guan_sound\Dusky-legged Guan26.mp3,D:\other\Bird\Code\data\kaggle_training_wav_cache_sp\Dusky-legged Guan_sound\Dusky-legged Guan26.wav,converted,True,32000.0,1.0,20.352,851712,651264,38,0.7646528403967539,"[mp3 @ 0000029905095680] Estimating duration from bitrate, this may be inaccurate
"
Dusky-legged Guan_sound/Dusky-legged Guan27,D:\other\Bird\Dataset\CC0\Dusky-legged Guan_sound\Dusky-legged Guan27.mp3,D:\other\Bird\Code\data\kaggle_training_wav_cache_sp\Dusky-legged Guan_sound\Dusky-legged Guan27.wav,converted,True,32000.0,1.0,20.352,851712,651264,38,0.7646528403967539,"[mp3 @ 000002223dc05680] Estimating duration from bitrate, this may be inaccurate
"
Dusky-legged Guan_sound/Dusky-legged Guan28,D:\other\Bird\Dataset\CC0\Dusky-legged Guan_sound\Dusky-legged Guan28.mp3,D:\other\Bird\Code\data\kaggle_training_wav_cache_sp\Dusky-legged Guan_sound\Dusky-legged Guan28.wav,converted,True,32000.0,1.0,20.352,851712,651264,38,0.7646528403967539,"[mp3 @ 000001dd339d5680] Estimating duration from bitrate, this may be inaccurate
"
Dusky-legged Guan_sound/Dusky-legged Guan29,D:\other\Bird\Dataset\CC0\Dusky-legged Guan_sound\Dusky-legged Guan29.mp3,D:\other\Bird\Code\data\kaggle_training_wav_cache_sp\Dusky-legged Guan_sound\Dusky-legged Guan29.wav,converted,True,32000.0,1.0,20.352,851712,651264,38,0.7646528403967539,"[mp3 @ 00000277ff975680] Estimating duration from bitrate, this may be inaccurate
"
Dusky-legged Guan_sound/Dusky-legged Guan3,D:\other\Bird\Dataset\CC0\Dusky-legged Guan_sound\Dusky-legged Guan3.mp3,D:\other\Bird\Code\data\kaggle_training_wav_cache_sp\Dusky-legged Guan_sound\Dusky-legged Guan3.wav,converted,True,32000.0,1.0,17.344,1876637,555008,60,0.2957460606393245,"[mp3 @ 000001f3e9ef5680] Estimating duration from bitrate, this may be inaccurate
"
Dusky-legged Guan_sound/Dusky-legged Guan30,D:\other\Bird\Dataset\CC0\Dusky-legged Guan_sound\Dusky-legged Guan30.mp3,D:\other\Bird\Code\data\kaggle_training_wav_cache_sp\Dusky-legged Guan_sound\Dusky-legged Guan30.wav,converted,True,32000.0,1.0,37.808,2128128,1209856,127,0.5685071574642127,"[mp3 @ 00000241ffcc5680] Estimating duration from bitrate, this may be inaccurate
"
Dusky-legged Guan_sound/Dusky-legged Guan4,D:\other\Bird\Dataset\CC0\Dusky-legged Guan_sound\Dusky-legged Guan4.mp3,D:\other\Bird\Code\data\kaggle_training_wav_cache_sp\Dusky-legged Guan_sound\Dusky-legged Guan4.wav,converted,True,32000.0,1.0,14.224,732265,455168,21,0.6215891787809058,"[mp3 @ 0000010a38895680] Estimating duration from bitrate, this may be inaccurate
"
Dusky-legged Guan_sound/Dusky-legged Guan5,D:\other\Bird\Dataset\CC0\Dusky-legged Guan_sound\Dusky-legged Guan5.mp3,D:\other\Bird\Code\data\kaggle_training_wav_cache_sp\Dusky-legged Guan_sound\Dusky-legged Guan5.wav,converted,True,32000.0,1.0,36.304,1239552,1161728,29,0.9372160264353573,"[mp3 @ 000001fa6a265680] Estimating duration from bitrate, this may be inaccurate
"
Dusky-legged Guan_sound/Dusky-legged Guan6,D:\other\Bird\Dataset\CC0\Dusky-legged Guan_sound\Dusky-legged Guan6.mp3,D:\other\Bird\Code\data\kaggle_training_wav_cache_sp\Dusky-legged Guan_sound\Dusky-legged Guan6.wav,converted,True,32000.0,1.0,36.304,1239552,1161728,29,0.9372160264353573,"[mp3 @ 0000020c04105680] Estimating duration from bitrate, this may be inaccurate
"
Dusky-legged Guan_sound/Dusky-legged Guan31,D:\other\Bird\Dataset\CC0\Dusky-legged Guan_sound\Dusky-legged Guan31.mp3,D:\other\Bird\Code\data\kaggle_training_wav_cache_sp\Dusky-legged Guan_sound\Dusky-legged Guan31.wav,converted,True,32000.0,1.0,138.912,5482367,4445184,170,0.8108147447990987,
Dusky-legged Guan_sound/Dusky-legged Guan7,D:\other\Bird\Dataset\CC0\Dusky-legged Guan_sound\Dusky-legged Guan7.mp3,D:\other\Bird\Code\data\kaggle_training_wav_cache_sp\Dusky-legged Guan_sound\Dusky-legged Guan7.wav,converted,True,32000.0,1.0,36.304,1239552,1161728,29,0.9372160264353573,"[mp3 @ 0000024f96465680] Estimating duration from bitrate, this may be inaccurate
"
Dusky-legged Guan_sound/Dusky-legged Guan8,D:\other\Bird\Dataset\CC0\Dusky-legged Guan_sound\Dusky-legged Guan8.mp3,D:\other\Bird\Code\data\kaggle_training_wav_cache_sp\Dusky-legged Guan_sound\Dusky-legged Guan8.wav,converted,True,32000.0,1.0,36.304,1239552,1161728,29,0.9372160264353573,"[mp3 @ 000001808d115680] Estimating duration from bitrate, this may be inaccurate
"
Dusky-legged Guan_sound/Dusky-legged Guan9,D:\other\Bird\Dataset\CC0\Dusky-legged Guan_sound\Dusky-legged Guan9.mp3,D:\other\Bird\Code\data\kaggle_training_wav_cache_sp\Dusky-legged Guan_sound\Dusky-legged Guan9.wav,converted,True,32000.0,1.0,36.304,1239552,1161728,29,0.9372160264353573,"[mp3 @ 0000017526bd5680] Estimating duration from bitrate, this may be inaccurate
"
Dwarf Tinamou_sound/Dwarf Tinamou10,D:\other\Bird\Dataset\CC0\Dwarf Tinamou_sound\Dwarf Tinamou10.mp3,D:\other\Bird\Code\data\kaggle_training_wav_cache_sp\Dwarf Tinamou_sound\Dwarf Tinamou10.wav,converted,True,32000.0,1.0,13.76,794123,440320,71,0.5544732994762777,"[mp3 @ 0000025bf24856c0] Estimating duration from bitrate, this may be inaccurate
"
Dwarf Tinamou_sound/Dwarf Tinamou11,D:\other\Bird\Dataset\CC0\Dwarf Tinamou_sound\Dwarf Tinamou11.mp3,D:\other\Bird\Code\data\kaggle_training_wav_cache_sp\Dwarf Tinamou_sound\Dwarf Tinamou11.wav,converted,True,32000.0,1.0,13.76,794123,440320,71,0.5544732994762777,"[mp3 @ 000001fe5b3c56c0] Estimating duration from bitrate, this may be inaccurate
"
Dwarf Tinamou_sound/Dwarf Tinamou12,D:\other\Bird\Dataset\CC0\Dwarf Tinamou_sound\Dwarf Tinamou12.mp3,D:\other\Bird\Code\data\kaggle_training_wav_cache_sp\Dwarf Tinamou_sound\Dwarf Tinamou12.wav,converted,True,32000.0,1.0,31.62159375,1011891,1011891,1,1.0,
Dwarf Tinamou_sound/Dwarf Tinamou13,D:\other\Bird\Dataset\CC0\Dwarf Tinamou_sound\Dwarf Tinamou13.mp3,D:\other\Bird\Code\data\kaggle_training_wav_cache_sp\Dwarf Tinamou_sound\Dwarf Tinamou13.wav,converted,True,32000.0,1.0,31.62159375,1011891,1011891,1,1.0,
Dwarf Tinamou_sound/Dwarf Tinamou15,D:\other\Bird\Dataset\CC0\Dwarf Tinamou_sound\Dwarf Tinamou15.mp3,D:\other\Bird\Code\data\kaggle_training_wav_cache_sp\Dwarf Tinamou_sound\Dwarf Tinamou15.wav,too_short_after_preprocess,,,,4.34609375,140611,139075,4,0.9890762458129165,
Dwarf Tinamou_sound/Dwarf Tinamou16,D:\other\Bird\Dataset\CC0\Dwarf Tinamou_sound\Dwarf Tinamou16.mp3,D:\other\Bird\Code\data\kaggle_training_wav_cache_sp\Dwarf Tinamou_sound\Dwarf Tinamou16.wav,converted,True,32000.0,1.0,14.52409375,464771,464771,1,1.0,"[mp3 @ 0000018ce40f56c0] Estimating duration from bitrate, this may be inaccurate
"
Dwarf Tinamou_sound/Dwarf Tinamou14,D:\other\Bird\Dataset\CC0\Dwarf Tinamou_sound\Dwarf Tinamou14.mp3,D:\other\Bird\Code\data\kaggle_training_wav_cache_sp\Dwarf Tinamou_sound\Dwarf Tinamou14.wav,converted,True,32000.0,1.0,46.8940625,1502146,1500610,2,0.9989774629097304,"[mp3 @ 00000251814856c0] Estimating duration from bitrate, this may be inaccurate
"
Dwarf Tinamou_sound/Dwarf Tinamou17,D:\other\Bird\Dataset\CC0\Dwarf Tinamou_sound\Dwarf Tinamou17.mp3,D:\other\Bird\Code\data\kaggle_training_wav_cache_sp\Dwarf Tinamou_sound\Dwarf Tinamou17.wav,converted,True,32000.0,1.0,21.552,1218769,689664,89,0.5658693320883613,"[mp3 @ 000001fbb86756c0] Estimating duration from bitrate, this may be inaccurate
"
Dwarf Tinamou_sound/Dwarf Tinamou18,D:\other\Bird\Dataset\CC0\Dwarf Tinamou_sound\Dwarf Tinamou18.mp3,D:\other\Bird\Code\data\kaggle_training_wav_cache_sp\Dwarf Tinamou_sound\Dwarf Tinamou18.wav,converted,True,32000.0,1.0,40.15284375,1288987,1284891,1,0.9968223108534066,"[mp3 @ 0000020d357c56c0] Estimating duration from bitrate, this may be inaccurate
"
Dwarf Tinamou_sound/Dwarf Tinamou19,D:\other\Bird\Dataset\CC0\Dwarf Tinamou_sound\Dwarf Tinamou19.mp3,D:\other\Bird\Code\data\kaggle_training_wav_cache_sp\Dwarf Tinamou_sound\Dwarf Tinamou19.wav,converted,True,32000.0,1.0,35.648,1279792,1140736,24,0.8913448435370748,"[mp3 @ 000001dff19b56c0] Estimating duration from bitrate, this may be inaccurate
"
Dwarf Tinamou_sound/Dwarf Tinamou20,D:\other\Bird\Dataset\CC0\Dwarf Tinamou_sound\Dwarf Tinamou20.mp3,D:\other\Bird\Code\data\kaggle_training_wav_cache_sp\Dwarf Tinamou_sound\Dwarf Tinamou20.wav,converted,True,32000.0,1.0,14.032,450560,449024,1,0.9965909090909091,"[mp3 @ 000001bcc34356c0] Estimating duration from bitrate, this may be inaccurate
"
Dwarf Tinamou_sound/Dwarf Tinamou21,D:\other\Bird\Dataset\CC0\Dwarf Tinamou_sound\Dwarf Tinamou21.mp3,D:\other\Bird\Code\data\kaggle_training_wav_cache_sp\Dwarf Tinamou_sound\Dwarf Tinamou21.wav,converted,True,32000.0,1.0,14.032,450560,449024,1,0.9965909090909091,"[mp3 @ 000001df6d0256c0] Estimating duration from bitrate, this may be inaccurate
"
Dwarf Tinamou_sound/Dwarf Tinamou22,D:\other\Bird\Dataset\CC0\Dwarf Tinamou_sound\Dwarf Tinamou22.mp3,D:\other\Bird\Code\data\kaggle_training_wav_cache_sp\Dwarf Tinamou_sound\Dwarf Tinamou22.wav,converted,True,32000.0,1.0,14.032,450560,449024,1,0.9965909090909091,"[mp3 @ 0000025b8d3c56c0] Estimating duration from bitrate, this may be inaccurate
"
Dwarf Tinamou_sound/Dwarf Tinamou23,D:\other\Bird\Dataset\CC0\Dwarf Tinamou_sound\Dwarf Tinamou23.mp3,D:\other\Bird\Code\data\kaggle_training_wav_cache_sp\Dwarf Tinamou_sound\Dwarf Tinamou23.wav,converted,True,32000.0,1.0,14.032,450560,449024,1,0.9965909090909091,"[mp3 @ 000001badeba56c0] Estimating duration from bitrate, this may be inaccurate
"
Dwarf Tinamou_sound/Dwarf Tinamou24,D:\other\Bird\Dataset\CC0\Dwarf Tinamou_sound\Dwarf Tinamou24.mp3,D:\other\Bird\Code\data\kaggle_training_wav_cache_sp\Dwarf Tinamou_sound\Dwarf Tinamou24.wav,converted,True,32000.0,1.0,14.032,450560,449024,1,0.9965909090909091,"[mp3 @ 000002143f7456c0] Estimating duration from bitrate, this may be inaccurate
"
Dwarf Tinamou_sound/Dwarf Tinamou25,D:\other\Bird\Dataset\CC0\Dwarf Tinamou_sound\Dwarf Tinamou25.mp3,D:\other\Bird\Code\data\kaggle_training_wav_cache_sp\Dwarf Tinamou_sound\Dwarf Tinamou25.wav,too_short_after_preprocess,,,,3.456,195605,110592,8,0.5653843204417065,
Dwarf Tinamou_sound/Dwarf Tinamou26,D:\other\Bird\Dataset\CC0\Dwarf Tinamou_sound\Dwarf Tinamou26.mp3,D:\other\Bird\Code\data\kaggle_training_wav_cache_sp\Dwarf Tinamou_sound\Dwarf Tinamou26.wav,too_short_after_preprocess,,,,3.456,195605,110592,8,0.5653843204417065,
Dwarf Tinamou_sound/Dwarf Tinamou2,D:\other\Bird\Dataset\CC0\Dwarf Tinamou_sound\Dwarf Tinamou2.mp3,D:\other\Bird\Code\data\kaggle_training_wav_cache_sp\Dwarf Tinamou_sound\Dwarf Tinamou2.wav,converted,True,32000.0,1.0,184.752,6026972,5912064,72,0.9809343730151725,"[mp3 @ 0000021988ed56c0] Estimating duration from bitrate, this may be inaccurate
"
Dwarf Tinamou_sound/Dwarf Tinamou27,D:\other\Bird\Dataset\CC0\Dwarf Tinamou_sound\Dwarf Tinamou27.mp3,D:\other\Bird\Code\data\kaggle_training_wav_cache_sp\Dwarf Tinamou_sound\Dwarf Tinamou27.wav,converted,True,32000.0,1.0,14.56290625,485981,466013,6,0.9589119739249066,
Dwarf Tinamou_sound/Dwarf Tinamou29,D:\other\Bird\Dataset\CC0\Dwarf Tinamou_sound\Dwarf Tinamou29.mp3,D:\other\Bird\Code\data\kaggle_training_wav_cache_sp\Dwarf Tinamou_sound\Dwarf Tinamou29.wav,converted,True,32000.0,1.0,15.696,612165,502272,44,0.8204846732498591,
Dwarf Tinamou_sound/Dwarf Tinamou28,D:\other\Bird\Dataset\CC0\Dwarf Tinamou_sound\Dwarf Tinamou28.mp3,D:\other\Bird\Code\data\kaggle_training_wav_cache_sp\Dwarf Tinamou_sound\Dwarf Tinamou28.wav,converted,True,32000.0,1.0,34.09125,1090920,1090920,1,1.0,
Dwarf Tinamou_sound/Dwarf Tinamou30,D:\other\Bird\Dataset\CC0\Dwarf Tinamou_sound\Dwarf Tinamou30.mp3,D:\other\Bird\Code\data\kaggle_training_wav_cache_sp\Dwarf Tinamou_sound\Dwarf Tinamou30.wav,too_short_after_preprocess,,,,4.695,156896,150240,4,0.9575769936773404,
Dwarf Tinamou_sound/Dwarf Tinamou31,D:\other\Bird\Dataset\CC0\Dwarf Tinamou_sound\Dwarf Tinamou31.mp3,D:\other\Bird\Code\data\kaggle_training_wav_cache_sp\Dwarf Tinamou_sound\Dwarf Tinamou31.wav,too_short_after_preprocess,,,,4.695,156896,150240,4,0.9575769936773404,
Dwarf Tinamou_sound/Dwarf Tinamou4,D:\other\Bird\Dataset\CC0\Dwarf Tinamou_sound\Dwarf Tinamou4.mp3,D:\other\Bird\Code\data\kaggle_training_wav_cache_sp\Dwarf Tinamou_sound\Dwarf Tinamou4.wav,converted,True,32000.0,1.0,13.312,836755,425984,78,0.5090904745116551,"[mp3 @ 00000220f6b156c0] Estimating duration from bitrate, this may be inaccurate
"
Dwarf Tinamou_sound/Dwarf Tinamou5,D:\other\Bird\Dataset\CC0\Dwarf Tinamou_sound\Dwarf Tinamou5.mp3,D:\other\Bird\Code\data\kaggle_training_wav_cache_sp\Dwarf Tinamou_sound\Dwarf Tinamou5.wav,converted,True,32000.0,1.0,13.312,836755,425984,78,0.5090904745116551,"[mp3 @ 000001b38dd056c0] Estimating duration from bitrate, this may be inaccurate
"
Dwarf Tinamou_sound/Dwarf Tinamou6,D:\other\Bird\Dataset\CC0\Dwarf Tinamou_sound\Dwarf Tinamou6.mp3,D:\other\Bird\Code\data\kaggle_training_wav_cache_sp\Dwarf Tinamou_sound\Dwarf Tinamou6.wav,converted,True,32000.0,1.0,19.184,828396,613888,39,0.7410562098320127,"[mp3 @ 0000017d3dfa56c0] Estimating duration from bitrate, this may be inaccurate
"
Dwarf Tinamou_sound/Dwarf Tinamou7,D:\other\Bird\Dataset\CC0\Dwarf Tinamou_sound\Dwarf Tinamou7.mp3,D:\other\Bird\Code\data\kaggle_training_wav_cache_sp\Dwarf Tinamou_sound\Dwarf Tinamou7.wav,converted,True,32000.0,1.0,13.76,794123,440320,71,0.5544732994762777,"[mp3 @ 000002cdc6ac56c0] Estimating duration from bitrate, this may be inaccurate
"
Dwarf Tinamou_sound/Dwarf Tinamou3,D:\other\Bird\Dataset\CC0\Dwarf Tinamou_sound\Dwarf Tinamou3.mp3,D:\other\Bird\Code\data\kaggle_training_wav_cache_sp\Dwarf Tinamou_sound\Dwarf Tinamou3.wav,converted,True,32000.0,1.0,184.752,6026972,5912064,72,0.9809343730151725,"[mp3 @ 000001dc86ec56c0] Estimating duration from bitrate, this may be inaccurate
"
Dwarf Tinamou_sound/Dwarf Tinamou8,D:\other\Bird\Dataset\CC0\Dwarf Tinamou_sound\Dwarf Tinamou8.mp3,D:\other\Bird\Code\data\kaggle_training_wav_cache_sp\Dwarf Tinamou_sound\Dwarf Tinamou8.wav,converted,True,32000.0,1.0,13.76,794123,440320,71,0.5544732994762777,"[mp3 @ 000001bb0e9a56c0] Estimating duration from bitrate, this may be inaccurate
"
Dwarf Tinamou_sound/Dwarf Tinamou9,D:\other\Bird\Dataset\CC0\Dwarf Tinamou_sound\Dwarf Tinamou9.mp3,D:\other\Bird\Code\data\kaggle_training_wav_cache_sp\Dwarf Tinamou_sound\Dwarf Tinamou9.wav,converted,True,32000.0,1.0,13.76,794123,440320,71,0.5544732994762777,"[mp3 @ 000001a6b00556c0] Estimating duration from bitrate, this may be inaccurate
"
East Brazilian Chachalaca_sound/East Brazilian Chachalaca10,D:\other\Bird\Dataset\CC0\East Brazilian Chachalaca_sound\East Brazilian Chachalaca10.mp3,D:\other\Bird\Code\data\kaggle_training_wav_cache_sp\East Brazilian Chachalaca_sound\East Brazilian Chachalaca10.wav,converted,True,32000.0,1.0,23.264,745640,744448,1,0.9984013733168822,"[mp3 @ 000001ef761f5740] Estimating duration from bitrate, this may be inaccurate
"
East Brazilian Chachalaca_sound/East Brazilian Chachalaca11,D:\other\Bird\Dataset\CC0\East Brazilian Chachalaca_sound\East Brazilian Chachalaca11.mp3,D:\other\Bird\Code\data\kaggle_training_wav_cache_sp\East Brazilian Chachalaca_sound\East Brazilian Chachalaca11.wav,converted,True,32000.0,1.0,23.264,745640,744448,1,0.9984013733168822,"[mp3 @ 000001fd37fe5740] Estimating duration from bitrate, this may be inaccurate
"
East Brazilian Chachalaca_sound/East Brazilian Chachalaca12,D:\other\Bird\Dataset\CC0\East Brazilian Chachalaca_sound\East Brazilian Chachalaca12.mp3,D:\other\Bird\Code\data\kaggle_training_wav_cache_sp\East Brazilian Chachalaca_sound\East Brazilian Chachalaca12.wav,converted,True,32000.0,1.0,35.4583125,1135178,1134666,1,0.9995489694127264,"[mp3 @ 000001ca38605740] Estimating duration from bitrate, this may be inaccurate
"
East Brazilian Chachalaca_sound/East Brazilian Chachalaca14,D:\other\Bird\Dataset\CC0\East Brazilian Chachalaca_sound\East Brazilian Chachalaca14.mp3,D:\other\Bird\Code\data\kaggle_training_wav_cache_sp\East Brazilian Chachalaca_sound\East Brazilian Chachalaca14.wav,converted,True,32000.0,1.0,18.032,577536,577024,1,0.999113475177305,"[mp3 @ 0000027983a35740] Estimating duration from bitrate, this may be inaccurate
"
East Brazilian Chachalaca_sound/East Brazilian Chachalaca15,D:\other\Bird\Dataset\CC0\East Brazilian Chachalaca_sound\East Brazilian Chachalaca15.mp3,D:\other\Bird\Code\data\kaggle_training_wav_cache_sp\East Brazilian Chachalaca_sound\East Brazilian Chachalaca15.wav,converted,True,32000.0,1.0,21.68,701336,693760,4,0.9891977597043358,"[mp3 @ 000001c547255740] Estimating duration from bitrate, this may be inaccurate
"
East Brazilian Chachalaca_sound/East Brazilian Chachalaca13,D:\other\Bird\Dataset\CC0\East Brazilian Chachalaca_sound\East Brazilian Chachalaca13.mp3,D:\other\Bird\Code\data\kaggle_training_wav_cache_sp\East Brazilian Chachalaca_sound\East Brazilian Chachalaca13.wav,converted,True,32000.0,1.0,94.54728125,3026025,3025513,1,0.9998308011335002,"[mp3 @ 000002b288755740] Estimating duration from bitrate, this may be inaccurate
"
East Brazilian Chachalaca_sound/East Brazilian Chachalaca17,D:\other\Bird\Dataset\CC0\East Brazilian Chachalaca_sound\East Brazilian Chachalaca17.mp3,D:\other\Bird\Code\data\kaggle_training_wav_cache_sp\East Brazilian Chachalaca_sound\East Brazilian Chachalaca17.wav,converted,True,32000.0,1.0,7.136,229878,228352,1,0.9933616962040734,"[mp3 @ 000001b3dfaa5740] Estimating duration from bitrate, this may be inaccurate
"
East Brazilian Chachalaca_sound/East Brazilian Chachalaca16,D:\other\Bird\Dataset\CC0\East Brazilian Chachalaca_sound\East Brazilian Chachalaca16.mp3,D:\other\Bird\Code\data\kaggle_training_wav_cache_sp\East Brazilian Chachalaca_sound\East Brazilian Chachalaca16.wav,converted,True,32000.0,1.0,21.68,701336,693760,4,0.9891977597043358,"[mp3 @ 0000023d14225740] Estimating duration from bitrate, this may be inaccurate
"
East Brazilian Chachalaca_sound/East Brazilian Chachalaca18,D:\other\Bird\Dataset\CC0\East Brazilian Chachalaca_sound\East Brazilian Chachalaca18.mp3,D:\other\Bird\Code\data\kaggle_training_wav_cache_sp\East Brazilian Chachalaca_sound\East Brazilian Chachalaca18.wav,converted,True,32000.0,1.0,7.136,229878,228352,1,0.9933616962040734,"[mp3 @ 000001a543585740] Estimating duration from bitrate, this may be inaccurate
"
East Brazilian Chachalaca_sound/East Brazilian Chachalaca19,D:\other\Bird\Dataset\CC0\East Brazilian Chachalaca_sound\East Brazilian Chachalaca19.mp3,D:\other\Bird\Code\data\kaggle_training_wav_cache_sp\East Brazilian Chachalaca_sound\East Brazilian Chachalaca19.wav,converted,True,32000.0,1.0,7.136,229878,228352,1,0.9933616962040734,"[mp3 @ 000002552abb5740] Estimating duration from bitrate, this may be inaccurate
"
East Brazilian Chachalaca_sound/East Brazilian Chachalaca20,D:\other\Bird\Dataset\CC0\East Brazilian Chachalaca_sound\East Brazilian Chachalaca20.mp3,D:\other\Bird\Code\data\kaggle_training_wav_cache_sp\East Brazilian Chachalaca_sound\East Brazilian Chachalaca20.wav,converted,True,32000.0,1.0,7.136,229878,228352,1,0.9933616962040734,"[mp3 @ 000001a58fc25740] Estimating duration from bitrate, this may be inaccurate
"
East Brazilian Chachalaca_sound/East Brazilian Chachalaca2,D:\other\Bird\Dataset\CC0\East Brazilian Chachalaca_sound\East Brazilian Chachalaca2.mp3,D:\other\Bird\Code\data\kaggle_training_wav_cache_sp\East Brazilian Chachalaca_sound\East Brazilian Chachalaca2.wav,converted,True,32000.0,1.0,26.672,889418,853504,1,0.9596207857272958,"[mp3 @ 00000275861f5740] Estimating duration from bitrate, this may be inaccurate
"
East Brazilian Chachalaca_sound/East Brazilian Chachalaca21,D:\other\Bird\Dataset\CC0\East Brazilian Chachalaca_sound\East Brazilian Chachalaca21.mp3,D:\other\Bird\Code\data\kaggle_training_wav_cache_sp\East Brazilian Chachalaca_sound\East Brazilian Chachalaca21.wav,converted,True,32000.0,1.0,7.136,229878,228352,1,0.9933616962040734,"[mp3 @ 0000015d87425740] Estimating duration from bitrate, this may be inaccurate
"
East Brazilian Chachalaca_sound/East Brazilian Chachalaca23,D:\other\Bird\Dataset\CC0\East Brazilian Chachalaca_sound\East Brazilian Chachalaca23.mp3,D:\other\Bird\Code\data\kaggle_training_wav_cache_sp\East Brazilian Chachalaca_sound\East Brazilian Chachalaca23.wav,converted,True,32000.0,1.0,18.050625,577620,577620,1,1.0,"[mp3 @ 00000293b4e25740] Estimating duration from bitrate, this may be inaccurate
"
East Brazilian Chachalaca_sound/East Brazilian Chachalaca22,D:\other\Bird\Dataset\CC0\East Brazilian Chachalaca_sound\East Brazilian Chachalaca22.mp3,D:\other\Bird\Code\data\kaggle_training_wav_cache_sp\East Brazilian Chachalaca_sound\East Brazilian Chachalaca22.wav,converted,True,32000.0,1.0,30.811125,1031524,985956,19,0.9558245857585476,"[mp3 @ 00000263530b5740] Estimating duration from bitrate, this may be inaccurate
"
East Brazilian Chachalaca_sound/East Brazilian Chachalaca3,D:\other\Bird\Dataset\CC0\East Brazilian Chachalaca_sound\East Brazilian Chachalaca3.mp3,D:\other\Bird\Code\data\kaggle_training_wav_cache_sp\East Brazilian Chachalaca_sound\East Brazilian Chachalaca3.wav,converted,True,32000.0,1.0,26.672,889418,853504,1,0.9596207857272958,"[mp3 @ 000001f429a95740] Estimating duration from bitrate, this may be inaccurate
"
East Brazilian Chachalaca_sound/East Brazilian Chachalaca4,D:\other\Bird\Dataset\CC0\East Brazilian Chachalaca_sound\East Brazilian Chachalaca4.mp3,D:\other\Bird\Code\data\kaggle_training_wav_cache_sp\East Brazilian Chachalaca_sound\East Brazilian Chachalaca4.wav,converted,True,32000.0,1.0,26.672,889418,853504,1,0.9596207857272958,"[mp3 @ 0000016796f55740] Estimating duration from bitrate, this may be inaccurate
"
East Brazilian Chachalaca_sound/East Brazilian Chachalaca5,D:\other\Bird\Dataset\CC0\East Brazilian Chachalaca_sound\East Brazilian Chachalaca5.mp3,D:\other\Bird\Code\data\kaggle_training_wav_cache_sp\East Brazilian Chachalaca_sound\East Brazilian Chachalaca5.wav,converted,True,32000.0,1.0,26.672,889418,853504,1,0.9596207857272958,"[mp3 @ 00000248607b5740] Estimating duration from bitrate, this may be inaccurate
"
East Brazilian Chachalaca_sound/East Brazilian Chachalaca6,D:\other\Bird\Dataset\CC0\East Brazilian Chachalaca_sound\East Brazilian Chachalaca6.mp3,D:\other\Bird\Code\data\kaggle_training_wav_cache_sp\East Brazilian Chachalaca_sound\East Brazilian Chachalaca6.wav,converted,True,32000.0,1.0,26.672,889418,853504,1,0.9596207857272958,"[mp3 @ 00000277dffe5740] Estimating duration from bitrate, this may be inaccurate
"
East Brazilian Chachalaca_sound/East Brazilian Chachalaca7,D:\other\Bird\Dataset\CC0\East Brazilian Chachalaca_sound\East Brazilian Chachalaca7.mp3,D:\other\Bird\Code\data\kaggle_training_wav_cache_sp\East Brazilian Chachalaca_sound\East Brazilian Chachalaca7.wav,converted,True,32000.0,1.0,26.672,889418,853504,1,0.9596207857272958,"[mp3 @ 00000177dec55740] Estimating duration from bitrate, this may be inaccurate
"
East Brazilian Chachalaca_sound/East Brazilian Chachalaca8,D:\other\Bird\Dataset\CC0\East Brazilian Chachalaca_sound\East Brazilian Chachalaca8.mp3,D:\other\Bird\Code\data\kaggle_training_wav_cache_sp\East Brazilian Chachalaca_sound\East Brazilian Chachalaca8.wav,converted,True,32000.0,1.0,26.672,889418,853504,1,0.9596207857272958,"[mp3 @ 0000019fe0085740] Estimating duration from bitrate, this may be inaccurate
"
Elegant Crested Tinamou_sound/Elegant Crested Tinamou10,D:\other\Bird\Dataset\CC0\Elegant Crested Tinamou_sound\Elegant Crested Tinamou10.mp3,D:\other\Bird\Code\data\kaggle_training_wav_cache_sp\Elegant Crested Tinamou_sound\Elegant Crested Tinamou10.wav,too_short_after_preprocess,,,,2.192,232386,70144,10,0.3018426239102183,
East Brazilian Chachalaca_sound/East Brazilian Chachalaca9,D:\other\Bird\Dataset\CC0\East Brazilian Chachalaca_sound\East Brazilian Chachalaca9.mp3,D:\other\Bird\Code\data\kaggle_training_wav_cache_sp\East Brazilian Chachalaca_sound\East Brazilian Chachalaca9.wav,converted,True,32000.0,1.0,23.264,745640,744448,1,0.9984013733168822,"[mp3 @ 000001b459c05740] Estimating duration from bitrate, this may be inaccurate
"
Elegant Crested Tinamou_sound/Elegant Crested Tinamou11,D:\other\Bird\Dataset\CC0\Elegant Crested Tinamou_sound\Elegant Crested Tinamou11.mp3,D:\other\Bird\Code\data\kaggle_training_wav_cache_sp\Elegant Crested Tinamou_sound\Elegant Crested Tinamou11.wav,too_short_after_preprocess,,,,2.192,232386,70144,10,0.3018426239102183,
Elegant Crested Tinamou_sound/Elegant Crested Tinamou12,D:\other\Bird\Dataset\CC0\Elegant Crested Tinamou_sound\Elegant Crested Tinamou12.mp3,D:\other\Bird\Code\data\kaggle_training_wav_cache_sp\Elegant Crested Tinamou_sound\Elegant Crested Tinamou12.wav,too_short_after_preprocess,,,,2.944,106162,94208,1,0.8873985041728679,
Elegant Crested Tinamou_sound/Elegant Crested Tinamou13,D:\other\Bird\Dataset\CC0\Elegant Crested Tinamou_sound\Elegant Crested Tinamou13.mp3,D:\other\Bird\Code\data\kaggle_training_wav_cache_sp\Elegant Crested Tinamou_sound\Elegant Crested Tinamou13.wav,too_short_after_preprocess,,,,2.256,89444,72192,1,0.8071195384821788,
Elegant Crested Tinamou_sound/Elegant Crested Tinamou14,D:\other\Bird\Dataset\CC0\Elegant Crested Tinamou_sound\Elegant Crested Tinamou14.mp3,D:\other\Bird\Code\data\kaggle_training_wav_cache_sp\Elegant Crested Tinamou_sound\Elegant Crested Tinamou14.wav,converted,True,32000.0,1.0,10.032,321829,321024,1,0.9974986716548229,"[mp3 @ 0000017fd94f56c0] Estimating duration from bitrate, this may be inaccurate
"
Elegant Crested Tinamou_sound/Elegant Crested Tinamou15,D:\other\Bird\Dataset\CC0\Elegant Crested Tinamou_sound\Elegant Crested Tinamou15.mp3,D:\other\Bird\Code\data\kaggle_training_wav_cache_sp\Elegant Crested Tinamou_sound\Elegant Crested Tinamou15.wav,converted,True,32000.0,1.0,10.032,321829,321024,1,0.9974986716548229,"[mp3 @ 000001f6de2256c0] Estimating duration from bitrate, this may be inaccurate
"
Elegant Crested Tinamou_sound/Elegant Crested Tinamou2,D:\other\Bird\Dataset\CC0\Elegant Crested Tinamou_sound\Elegant Crested Tinamou2.mp3,D:\other\Bird\Code\data\kaggle_training_wav_cache_sp\Elegant Crested Tinamou_sound\Elegant Crested Tinamou2.wav,too_short_after_preprocess,,,,2.08,588099,66560,18,0.11317822339436047,
Elegant Crested Tinamou_sound/Elegant Crested Tinamou3,D:\other\Bird\Dataset\CC0\Elegant Crested Tinamou_sound\Elegant Crested Tinamou3.mp3,D:\other\Bird\Code\data\kaggle_training_wav_cache_sp\Elegant Crested Tinamou_sound\Elegant Crested Tinamou3.wav,converted,True,32000.0,1.0,5.568,685454,178176,27,0.25993866838620827,"[mp3 @ 0000016b1f3656c0] Estimating duration from bitrate, this may be inaccurate
"
Elegant Crested Tinamou_sound/Elegant Crested Tinamou4,D:\other\Bird\Dataset\CC0\Elegant Crested Tinamou_sound\Elegant Crested Tinamou4.mp3,D:\other\Bird\Code\data\kaggle_training_wav_cache_sp\Elegant Crested Tinamou_sound\Elegant Crested Tinamou4.wav,too_short_after_preprocess,,,,2.096,310962,67072,6,0.21569194949865256,
Elegant Crested Tinamou_sound/Elegant Crested Tinamou5,D:\other\Bird\Dataset\CC0\Elegant Crested Tinamou_sound\Elegant Crested Tinamou5.mp3,D:\other\Bird\Code\data\kaggle_training_wav_cache_sp\Elegant Crested Tinamou_sound\Elegant Crested Tinamou5.wav,too_short_after_preprocess,,,,3.312,296752,105984,12,0.3571467083625384,
Elegant Crested Tinamou_sound/Elegant Crested Tinamou6,D:\other\Bird\Dataset\CC0\Elegant Crested Tinamou_sound\Elegant Crested Tinamou6.mp3,D:\other\Bird\Code\data\kaggle_training_wav_cache_sp\Elegant Crested Tinamou_sound\Elegant Crested Tinamou6.wav,converted,True,32000.0,1.0,6.624,665392,211968,35,0.318561088801789,"[mp3 @ 0000017358c656c0] Estimating duration from bitrate, this may be inaccurate
"
Elegant Crested Tinamou_sound/Elegant Crested Tinamou7,D:\other\Bird\Dataset\CC0\Elegant Crested Tinamou_sound\Elegant Crested Tinamou7.mp3,D:\other\Bird\Code\data\kaggle_training_wav_cache_sp\Elegant Crested Tinamou_sound\Elegant Crested Tinamou7.wav,converted,True,32000.0,1.0,7.616,833411,243712,41,0.2924271457900124,"[mp3 @ 000001b60f2356c0] Estimating duration from bitrate, this may be inaccurate
"
Elegant Crested Tinamou_sound/Elegant Crested Tinamou8,D:\other\Bird\Dataset\CC0\Elegant Crested Tinamou_sound\Elegant Crested Tinamou8.mp3,D:\other\Bird\Code\data\kaggle_training_wav_cache_sp\Elegant Crested Tinamou_sound\Elegant Crested Tinamou8.wav,too_short_after_preprocess,,,,1.04,157989,33280,4,0.21064757673002552,
Elegant Crested Tinamou_sound/Elegant Crested Tinamou9,D:\other\Bird\Dataset\CC0\Elegant Crested Tinamou_sound\Elegant Crested Tinamou9.mp3,D:\other\Bird\Code\data\kaggle_training_wav_cache_sp\Elegant Crested Tinamou_sound\Elegant Crested Tinamou9.wav,too_short_after_preprocess,,,,2.192,232386,70144,10,0.3018426239102183,
Emu_sound/Emu10,D:\other\Bird\Dataset\CC0\Emu_sound\Emu10.mp3,D:\other\Bird\Code\data\kaggle_training_wav_cache_sp\Emu_sound\Emu10.wav,converted,True,32000.0,1.0,12.7399375,411262,407678,5,0.9912853606703269,
Emu_sound/Emu11,D:\other\Bird\Dataset\CC0\Emu_sound\Emu11.mp3,D:\other\Bird\Code\data\kaggle_training_wav_cache_sp\Emu_sound\Emu11.wav,too_short_after_preprocess,,,,3.5434375,113390,113390,1,1.0,
Emu_sound/Emu12,D:\other\Bird\Dataset\CC0\Emu_sound\Emu12.mp3,D:\other\Bird\Code\data\kaggle_training_wav_cache_sp\Emu_sound\Emu12.wav,converted,True,32000.0,1.0,8.8504375,293966,283214,2,0.963424341590524,
Emu_sound/Emu13,D:\other\Bird\Dataset\CC0\Emu_sound\Emu13.mp3,D:\other\Bird\Code\data\kaggle_training_wav_cache_sp\Emu_sound\Emu13.wav,converted,True,32000.0,1.0,17.088,602004,546816,2,0.908326190523651,
Emu_sound/Emu14,D:\other\Bird\Dataset\CC0\Emu_sound\Emu14.mp3,D:\other\Bird\Code\data\kaggle_training_wav_cache_sp\Emu_sound\Emu14.wav,converted,True,32000.0,1.0,17.088,602004,546816,2,0.908326190523651,
Emu_sound/Emu15,D:\other\Bird\Dataset\CC0\Emu_sound\Emu15.mp3,D:\other\Bird\Code\data\kaggle_training_wav_cache_sp\Emu_sound\Emu15.wav,converted,True,32000.0,1.0,8.3693125,268330,267818,1,0.9980919017627549,"[mp3 @ 000001a0feaf5600] Estimating duration from bitrate, this may be inaccurate
"
Emu_sound/Emu17,D:\other\Bird\Dataset\CC0\Emu_sound\Emu17.mp3,D:\other\Bird\Code\data\kaggle_training_wav_cache_sp\Emu_sound\Emu17.wav,converted,True,32000.0,1.0,13.464,430848,430848,1,1.0,"[mp3 @ 000001f984c25600] Estimating duration from bitrate, this may be inaccurate
"
Emu_sound/Emu18,D:\other\Bird\Dataset\CC0\Emu_sound\Emu18.mp3,D:\other\Bird\Code\data\kaggle_training_wav_cache_sp\Emu_sound\Emu18.wav,converted,True,32000.0,1.0,8.464,290229,270848,1,0.9332216973493345,
Emu_sound/Emu16,D:\other\Bird\Dataset\CC0\Emu_sound\Emu16.mp3,D:\other\Bird\Code\data\kaggle_training_wav_cache_sp\Emu_sound\Emu16.wav,converted,True,32000.0,1.0,35.872,1180397,1147904,1,0.9724728205849388,
Emu_sound/Emu3,D:\other\Bird\Dataset\CC0\Emu_sound\Emu3.mp3,D:\other\Bird\Code\data\kaggle_training_wav_cache_sp\Emu_sound\Emu3.wav,converted,True,32000.0,1.0,27.168,896000,869376,2,0.9702857142857143,
Emu_sound/Emu2,D:\other\Bird\Dataset\CC0\Emu_sound\Emu2.mp3,D:\other\Bird\Code\data\kaggle_training_wav_cache_sp\Emu_sound\Emu2.wav,converted,True,32000.0,1.0,37.264,1209413,1192448,1,0.9859725337829178,
Emu_sound/Emu4,D:\other\Bird\Dataset\CC0\Emu_sound\Emu4.mp3,D:\other\Bird\Code\data\kaggle_training_wav_cache_sp\Emu_sound\Emu4.wav,converted,True,32000.0,1.0,24.464,879286,782848,2,0.8903223751998781,
Emu_sound/Emu5,D:\other\Bird\Dataset\CC0\Emu_sound\Emu5.mp3,D:\other\Bird\Code\data\kaggle_training_wav_cache_sp\Emu_sound\Emu5.wav,converted,True,32000.0,1.0,29.745375,951852,951852,1,1.0,
Emu_sound/Emu6,D:\other\Bird\Dataset\CC0\Emu_sound\Emu6.mp3,D:\other\Bird\Code\data\kaggle_training_wav_cache_sp\Emu_sound\Emu6.wav,converted,True,32000.0,1.0,29.745375,951852,951852,1,1.0,
Emu_sound/Emu7,D:\other\Bird\Dataset\CC0\Emu_sound\Emu7.mp3,D:\other\Bird\Code\data\kaggle_training_wav_cache_sp\Emu_sound\Emu7.wav,converted,True,32000.0,1.0,29.745375,951852,951852,1,1.0,
Emu_sound/Emu9,D:\other\Bird\Dataset\CC0\Emu_sound\Emu9.mp3,D:\other\Bird\Code\data\kaggle_training_wav_cache_sp\Emu_sound\Emu9.wav,converted,True,32000.0,1.0,12.7399375,411262,407678,5,0.9912853606703269,
Emu_sound/Emu8,D:\other\Bird\Dataset\CC0\Emu_sound\Emu8.mp3,D:\other\Bird\Code\data\kaggle_training_wav_cache_sp\Emu_sound\Emu8.wav,converted,True,32000.0,1.0,47.152,1523076,1508864,1,0.9906688832336666,
Great Spotted Kiwi_sound/Great Spotted Kiwi2,D:\other\Bird\Dataset\CC0\Great Spotted Kiwi_sound\Great Spotted Kiwi2.mp3,D:\other\Bird\Code\data\kaggle_training_wav_cache_sp\Great Spotted Kiwi_sound\Great Spotted Kiwi2.wav,converted,True,32000.0,1.0,29.152,1437982,932864,22,0.6487313471239556,"Guessed Channel Layout for Input Stream #0.0 : stereo
"
Great Spotted Kiwi_sound/Great Spotted Kiwi4,D:\other\Bird\Dataset\CC0\Great Spotted Kiwi_sound\Great Spotted Kiwi4.mp3,D:\other\Bird\Code\data\kaggle_training_wav_cache_sp\Great Spotted Kiwi_sound\Great Spotted Kiwi4.wav,converted,True,32000.0,1.0,30.96,1014805,990720,1,0.9762663762988949,"[mp3 @ 0000016fdf0b56c0] Estimating duration from bitrate, this may be inaccurate
"
Great Spotted Kiwi_sound/Great Spotted Kiwi3,D:\other\Bird\Dataset\CC0\Great Spotted Kiwi_sound\Great Spotted Kiwi3.mp3,D:\other\Bird\Code\data\kaggle_training_wav_cache_sp\Great Spotted Kiwi_sound\Great Spotted Kiwi3.wav,converted,True,32000.0,1.0,67.744,2187506,2167808,1,0.9909952246988123,
Great Spotted Kiwi_sound/Great Spotted Kiwi5,D:\other\Bird\Dataset\CC0\Great Spotted Kiwi_sound\Great Spotted Kiwi5.mp3,D:\other\Bird\Code\data\kaggle_training_wav_cache_sp\Great Spotted Kiwi_sound\Great Spotted Kiwi5.wav,converted,True,32000.0,1.0,21.248,697992,679936,1,0.9741315086705865,"[mp3 @ 0000020d224f56c0] Estimating duration from bitrate, this may be inaccurate
"
Great Spotted Kiwi_sound/Great Spotted Kiwi6,D:\other\Bird\Dataset\CC0\Great Spotted Kiwi_sound\Great Spotted Kiwi6.mp3,D:\other\Bird\Code\data\kaggle_training_wav_cache_sp\Great Spotted Kiwi_sound\Great Spotted Kiwi6.wav,converted,True,32000.0,1.0,20.544,808334,657408,5,0.8132875766700398,"[mp3 @ 000002c17c8756c0] Estimating duration from bitrate, this may be inaccurate
"
Great Spotted Kiwi_sound/Great Spotted Kiwi7,D:\other\Bird\Dataset\CC0\Great Spotted Kiwi_sound\Great Spotted Kiwi7.mp3,D:\other\Bird\Code\data\kaggle_training_wav_cache_sp\Great Spotted Kiwi_sound\Great Spotted Kiwi7.wav,converted,True,32000.0,1.0,12.672,460592,405504,4,0.8803974016048911,"[mp3 @ 000001f251b356c0] Estimating duration from bitrate, this may be inaccurate
"
Great Spotted Kiwi_sound/Great Spotted Kiwi8,D:\other\Bird\Dataset\CC0\Great Spotted Kiwi_sound\Great Spotted Kiwi8.mp3,D:\other\Bird\Code\data\kaggle_training_wav_cache_sp\Great Spotted Kiwi_sound\Great Spotted Kiwi8.wav,converted,True,32000.0,1.0,19.344,626103,619008,1,0.9886679987158662,"[mp3 @ 000001e599db56c0] Estimating duration from bitrate, this may be inaccurate
"
Great Tinamou_sound/Great Tinamou11,D:\other\Bird\Dataset\CC0\Great Tinamou_sound\Great Tinamou11.mp3,D:\other\Bird\Code\data\kaggle_training_wav_cache_sp\Great Tinamou_sound\Great Tinamou11.wav,converted,True,32000.0,1.0,7.968,393718,254976,14,0.6476107264590392,"[mp3 @ 00000186153d56c0] Estimating duration from bitrate, this may be inaccurate
"
Great Tinamou_sound/Great Tinamou12,D:\other\Bird\Dataset\CC0\Great Tinamou_sound\Great Tinamou12.mp3,D:\other\Bird\Code\data\kaggle_training_wav_cache_sp\Great Tinamou_sound\Great Tinamou12.wav,converted,True,32000.0,1.0,64.08,2378188,2050560,40,0.8622362908230973,"[mp3 @ 0000022a5a8856c0] Estimating duration from bitrate, this may be inaccurate
"
Great Tinamou_sound/Great Tinamou13,D:\other\Bird\Dataset\CC0\Great Tinamou_sound\Great Tinamou13.mp3,D:\other\Bird\Code\data\kaggle_training_wav_cache_sp\Great Tinamou_sound\Great Tinamou13.wav,converted,True,32000.0,1.0,13.584,848631,434688,23,0.5122226267953917,
Great Tinamou_sound/Great Tinamou14,D:\other\Bird\Dataset\CC0\Great Tinamou_sound\Great Tinamou14.mp3,D:\other\Bird\Code\data\kaggle_training_wav_cache_sp\Great Tinamou_sound\Great Tinamou14.wav,converted,True,32000.0,1.0,45.0995625,1447794,1443186,1,0.9968172267601606,
Great Tinamou_sound/Great Tinamou10,D:\other\Bird\Dataset\CC0\Great Tinamou_sound\Great Tinamou10.mp3,D:\other\Bird\Code\data\kaggle_training_wav_cache_sp\Great Tinamou_sound\Great Tinamou10.wav,converted,True,32000.0,1.0,218.91378125,7267385,7005241,106,0.9639287033781753,
Great Tinamou_sound/Great Tinamou16,D:\other\Bird\Dataset\CC0\Great Tinamou_sound\Great Tinamou16.mp3,D:\other\Bird\Code\data\kaggle_training_wav_cache_sp\Great Tinamou_sound\Great Tinamou16.wav,converted,True,32000.0,1.0,25.632,824832,820224,1,0.994413407821229,"[mp3 @ 00000147a7ad56c0] Estimating duration from bitrate, this may be inaccurate
"
Great Tinamou_sound/Great Tinamou15,D:\other\Bird\Dataset\CC0\Great Tinamou_sound\Great Tinamou15.mp3,D:\other\Bird\Code\data\kaggle_training_wav_cache_sp\Great Tinamou_sound\Great Tinamou15.wav,converted,True,32000.0,1.0,88.848,2898936,2843136,3,0.9807515585028438,
Great Tinamou_sound/Great Tinamou17,D:\other\Bird\Dataset\CC0\Great Tinamou_sound\Great Tinamou17.mp3,D:\other\Bird\Code\data\kaggle_training_wav_cache_sp\Great Tinamou_sound\Great Tinamou17.wav,converted,True,32000.0,1.0,49.28,1581312,1576960,1,0.9972478549457665,"[mp3 @ 00000193140f56c0] Estimating duration from bitrate, this may be inaccurate
"
Great Tinamou_sound/Great Tinamou18,D:\other\Bird\Dataset\CC0\Great Tinamou_sound\Great Tinamou18.mp3,D:\other\Bird\Code\data\kaggle_training_wav_cache_sp\Great Tinamou_sound\Great Tinamou18.wav,converted,True,32000.0,1.0,15.704,503040,502528,1,0.9989821882951654,"[mp3 @ 0000021710ad56c0] Estimating duration from bitrate, this may be inaccurate
"
Great Tinamou_sound/Great Tinamou19,D:\other\Bird\Dataset\CC0\Great Tinamou_sound\Great Tinamou19.mp3,D:\other\Bird\Code\data\kaggle_training_wav_cache_sp\Great Tinamou_sound\Great Tinamou19.wav,converted,True,32000.0,1.0,15.704,503040,502528,1,0.9989821882951654,"[mp3 @ 0000019a631356c0] Estimating duration from bitrate, this may be inaccurate
"
Great Tinamou_sound/Great Tinamou20,D:\other\Bird\Dataset\CC0\Great Tinamou_sound\Great Tinamou20.mp3,D:\other\Bird\Code\data\kaggle_training_wav_cache_sp\Great Tinamou_sound\Great Tinamou20.wav,converted,True,32000.0,1.0,34.742875,1111772,1111772,1,1.0,"[mp3 @ 00000293dadb56c0] Estimating duration from bitrate, this may be inaccurate
"
Great Tinamou_sound/Great Tinamou2,D:\other\Bird\Dataset\CC0\Great Tinamou_sound\Great Tinamou2.mp3,D:\other\Bird\Code\data\kaggle_training_wav_cache_sp\Great Tinamou_sound\Great Tinamou2.wav,converted,True,32000.0,1.0,91.6699375,2933438,2933438,1,1.0,
Great Tinamou_sound/Great Tinamou21,D:\other\Bird\Dataset\CC0\Great Tinamou_sound\Great Tinamou21.mp3,D:\other\Bird\Code\data\kaggle_training_wav_cache_sp\Great Tinamou_sound\Great Tinamou21.wav,converted,True,32000.0,1.0,147.81096875,4771423,4729951,4,0.9913082533240084,"[mp3 @ 0000023b08e356c0] Estimating duration from bitrate, this may be inaccurate
"
Great Tinamou_sound/Great Tinamou22,D:\other\Bird\Dataset\CC0\Great Tinamou_sound\Great Tinamou22.mp3,D:\other\Bird\Code\data\kaggle_training_wav_cache_sp\Great Tinamou_sound\Great Tinamou22.wav,converted,True,32000.0,1.0,147.81096875,4771423,4729951,4,0.9913082533240084,"[mp3 @ 0000015de82d56c0] Estimating duration from bitrate, this may be inaccurate
"
Great Tinamou_sound/Great Tinamou24,D:\other\Bird\Dataset\CC0\Great Tinamou_sound\Great Tinamou24.mp3,D:\other\Bird\Code\data\kaggle_training_wav_cache_sp\Great Tinamou_sound\Great Tinamou24.wav,converted,True,32000.0,1.0,35.36,1158583,1131520,2,0.9766412937182748,"[mp3 @ 0000020efb1656c0] Estimating duration from bitrate, this may be inaccurate
"
Great Tinamou_sound/Great Tinamou25,D:\other\Bird\Dataset\CC0\Great Tinamou_sound\Great Tinamou25.mp3,D:\other\Bird\Code\data\kaggle_training_wav_cache_sp\Great Tinamou_sound\Great Tinamou25.wav,converted,True,32000.0,1.0,35.36,1158583,1131520,2,0.9766412937182748,"[mp3 @ 000002173f5a56c0] Estimating duration from bitrate, this may be inaccurate
"
Great Tinamou_sound/Great Tinamou26,D:\other\Bird\Dataset\CC0\Great Tinamou_sound\Great Tinamou26.mp3,D:\other\Bird\Code\data\kaggle_training_wav_cache_sp\Great Tinamou_sound\Great Tinamou26.wav,converted,True,32000.0,1.0,13.224375,423180,423180,1,1.0,
Great Tinamou_sound/Great Tinamou23,D:\other\Bird\Dataset\CC0\Great Tinamou_sound\Great Tinamou23.mp3,D:\other\Bird\Code\data\kaggle_training_wav_cache_sp\Great Tinamou_sound\Great Tinamou23.wav,converted,True,32000.0,1.0,147.81096875,4771423,4729951,4,0.9913082533240084,"[mp3 @ 000001c7216c56c0] Estimating duration from bitrate, this may be inaccurate
"
Great Tinamou_sound/Great Tinamou27,D:\other\Bird\Dataset\CC0\Great Tinamou_sound\Great Tinamou27.mp3,D:\other\Bird\Code\data\kaggle_training_wav_cache_sp\Great Tinamou_sound\Great Tinamou27.wav,converted,True,32000.0,1.0,9.84309375,315491,314979,2,0.9983771327866722,
Great Tinamou_sound/Great Tinamou28,D:\other\Bird\Dataset\CC0\Great Tinamou_sound\Great Tinamou28.mp3,D:\other\Bird\Code\data\kaggle_training_wav_cache_sp\Great Tinamou_sound\Great Tinamou28.wav,converted,True,32000.0,1.0,19.664,630283,629248,1,0.998357880507645,"[mp3 @ 000001913dcc56c0] Estimating duration from bitrate, this may be inaccurate
"
Great Tinamou_sound/Great Tinamou3,D:\other\Bird\Dataset\CC0\Great Tinamou_sound\Great Tinamou3.mp3,D:\other\Bird\Code\data\kaggle_training_wav_cache_sp\Great Tinamou_sound\Great Tinamou3.wav,converted,True,32000.0,1.0,14.05225,449672,449672,1,1.0,
Great Tinamou_sound/Great Tinamou29,D:\other\Bird\Dataset\CC0\Great Tinamou_sound\Great Tinamou29.mp3,D:\other\Bird\Code\data\kaggle_training_wav_cache_sp\Great Tinamou_sound\Great Tinamou29.wav,converted,True,32000.0,1.0,33.1954375,1069934,1062254,8,0.9928219871506093,
Great Tinamou_sound/Great Tinamou31,D:\other\Bird\Dataset\CC0\Great Tinamou_sound\Great Tinamou31.mp3,D:\other\Bird\Code\data\kaggle_training_wav_cache_sp\Great Tinamou_sound\Great Tinamou31.wav,converted,True,32000.0,1.0,11.28,361117,360960,1,0.999565237859198,"[mp3 @ 000001c6c90e56c0] Estimating duration from bitrate, this may be inaccurate
"
Great Tinamou_sound/Great Tinamou4,D:\other\Bird\Dataset\CC0\Great Tinamou_sound\Great Tinamou4.mp3,D:\other\Bird\Code\data\kaggle_training_wav_cache_sp\Great Tinamou_sound\Great Tinamou4.wav,converted,True,32000.0,1.0,14.05225,449672,449672,1,1.0,
Great Tinamou_sound/Great Tinamou30,D:\other\Bird\Dataset\CC0\Great Tinamou_sound\Great Tinamou30.mp3,D:\other\Bird\Code\data\kaggle_training_wav_cache_sp\Great Tinamou_sound\Great Tinamou30.wav,converted,True,32000.0,1.0,45.03275,1441048,1441048,1,1.0,
Great Tinamou_sound/Great Tinamou5,D:\other\Bird\Dataset\CC0\Great Tinamou_sound\Great Tinamou5.mp3,D:\other\Bird\Code\data\kaggle_training_wav_cache_sp\Great Tinamou_sound\Great Tinamou5.wav,converted,True,32000.0,1.0,9.392,462263,300544,16,0.650158026924067,"[mp3 @ 000001906fb756c0] Estimating duration from bitrate, this may be inaccurate
"
Great Tinamou_sound/Great Tinamou6,D:\other\Bird\Dataset\CC0\Great Tinamou_sound\Great Tinamou6.mp3,D:\other\Bird\Code\data\kaggle_training_wav_cache_sp\Great Tinamou_sound\Great Tinamou6.wav,converted,True,32000.0,1.0,256.98815625,8626053,8223621,135,0.9533469131246933,
Great Tinamou_sound/Great Tinamou7,D:\other\Bird\Dataset\CC0\Great Tinamou_sound\Great Tinamou7.mp3,D:\other\Bird\Code\data\kaggle_training_wav_cache_sp\Great Tinamou_sound\Great Tinamou7.wav,converted,True,32000.0,1.0,256.98815625,8626053,8223621,135,0.9533469131246933,
Great Tinamou_sound/Great Tinamou9,D:\other\Bird\Dataset\CC0\Great Tinamou_sound\Great Tinamou9.mp3,D:\other\Bird\Code\data\kaggle_training_wav_cache_sp\Great Tinamou_sound\Great Tinamou9.wav,converted,True,32000.0,1.0,218.91378125,7267385,7005241,106,0.9639287033781753,
Greater Rhea_sound/Greater Rhea10,D:\other\Bird\Dataset\CC0\Greater Rhea_sound\Greater Rhea10.mp3,D:\other\Bird\Code\data\kaggle_training_wav_cache_sp\Greater Rhea_sound\Greater Rhea10.wav,too_short_after_preprocess,,,,3.45953125,111217,110705,1,0.9953963872429574,
Great Tinamou_sound/Great Tinamou8,D:\other\Bird\Dataset\CC0\Great Tinamou_sound\Great Tinamou8.mp3,D:\other\Bird\Code\data\kaggle_training_wav_cache_sp\Great Tinamou_sound\Great Tinamou8.wav,converted,True,32000.0,1.0,256.98815625,8626053,8223621,135,0.9533469131246933,
Greater Rhea_sound/Greater Rhea11,D:\other\Bird\Dataset\CC0\Greater Rhea_sound\Greater Rhea11.mp3,D:\other\Bird\Code\data\kaggle_training_wav_cache_sp\Greater Rhea_sound\Greater Rhea11.wav,too_short_after_preprocess,,,,3.45953125,111217,110705,1,0.9953963872429574,
Greater Rhea_sound/Greater Rhea12,D:\other\Bird\Dataset\CC0\Greater Rhea_sound\Greater Rhea12.mp3,D:\other\Bird\Code\data\kaggle_training_wav_cache_sp\Greater Rhea_sound\Greater Rhea12.wav,too_short_after_preprocess,,,,3.9445,126224,126224,1,1.0,
Greater Rhea_sound/Greater Rhea13,D:\other\Bird\Dataset\CC0\Greater Rhea_sound\Greater Rhea13.mp3,D:\other\Bird\Code\data\kaggle_training_wav_cache_sp\Greater Rhea_sound\Greater Rhea13.wav,too_short_after_preprocess,,,,3.9445,126224,126224,1,1.0,
Greater Rhea_sound/Greater Rhea14,D:\other\Bird\Dataset\CC0\Greater Rhea_sound\Greater Rhea14.mp3,D:\other\Bird\Code\data\kaggle_training_wav_cache_sp\Greater Rhea_sound\Greater Rhea14.wav,converted,True,32000.0,1.0,15.081375,482604,482604,1,1.0,
Greater Rhea_sound/Greater Rhea15,D:\other\Bird\Dataset\CC0\Greater Rhea_sound\Greater Rhea15.mp3,D:\other\Bird\Code\data\kaggle_training_wav_cache_sp\Greater Rhea_sound\Greater Rhea15.wav,converted,True,32000.0,1.0,15.081375,482604,482604,1,1.0,
Greater Rhea_sound/Greater Rhea16,D:\other\Bird\Dataset\CC0\Greater Rhea_sound\Greater Rhea16.mp3,D:\other\Bird\Code\data\kaggle_training_wav_cache_sp\Greater Rhea_sound\Greater Rhea16.wav,too_short_after_preprocess,,,,3.01840625,96589,96589,1,1.0,
Greater Rhea_sound/Greater Rhea17,D:\other\Bird\Dataset\CC0\Greater Rhea_sound\Greater Rhea17.mp3,D:\other\Bird\Code\data\kaggle_training_wav_cache_sp\Greater Rhea_sound\Greater Rhea17.wav,converted,True,32000.0,1.0,16.6580625,533058,533058,1,1.0,
Greater Rhea_sound/Greater Rhea18,D:\other\Bird\Dataset\CC0\Greater Rhea_sound\Greater Rhea18.mp3,D:\other\Bird\Code\data\kaggle_training_wav_cache_sp\Greater Rhea_sound\Greater Rhea18.wav,converted,True,32000.0,1.0,16.752,545019,536064,1,0.9835693801500498,
Greater Rhea_sound/Greater Rhea19,D:\other\Bird\Dataset\CC0\Greater Rhea_sound\Greater Rhea19.mp3,D:\other\Bird\Code\data\kaggle_training_wav_cache_sp\Greater Rhea_sound\Greater Rhea19.wav,converted,True,32000.0,1.0,16.752,545019,536064,1,0.9835693801500498,
Greater Rhea_sound/Greater Rhea2,D:\other\Bird\Dataset\CC0\Greater Rhea_sound\Greater Rhea2.mp3,D:\other\Bird\Code\data\kaggle_training_wav_cache_sp\Greater Rhea_sound\Greater Rhea2.wav,converted,True,32000.0,1.0,28.368,925362,907776,1,0.9809955455270478,"[mp3 @ 0000021ea8f056c0] Estimating duration from bitrate, this may be inaccurate
"
Greater Rhea_sound/Greater Rhea21,D:\other\Bird\Dataset\CC0\Greater Rhea_sound\Greater Rhea21.mp3,D:\other\Bird\Code\data\kaggle_training_wav_cache_sp\Greater Rhea_sound\Greater Rhea21.wav,too_short_after_preprocess,,,,1.12328125,35945,35945,1,1.0,
Greater Rhea_sound/Greater Rhea20,D:\other\Bird\Dataset\CC0\Greater Rhea_sound\Greater Rhea20.mp3,D:\other\Bird\Code\data\kaggle_training_wav_cache_sp\Greater Rhea_sound\Greater Rhea20.wav,converted,True,32000.0,1.0,16.752,545019,536064,1,0.9835693801500498,
Greater Rhea_sound/Greater Rhea22,D:\other\Bird\Dataset\CC0\Greater Rhea_sound\Greater Rhea22.mp3,D:\other\Bird\Code\data\kaggle_training_wav_cache_sp\Greater Rhea_sound\Greater Rhea22.wav,too_short_after_preprocess,,,,1.43675,45976,45976,1,1.0,
Greater Rhea_sound/Greater Rhea23,D:\other\Bird\Dataset\CC0\Greater Rhea_sound\Greater Rhea23.mp3,D:\other\Bird\Code\data\kaggle_training_wav_cache_sp\Greater Rhea_sound\Greater Rhea23.wav,too_short_after_preprocess,,,,1.43675,45976,45976,1,1.0,
Greater Rhea_sound/Greater Rhea24,D:\other\Bird\Dataset\CC0\Greater Rhea_sound\Greater Rhea24.mp3,D:\other\Bird\Code\data\kaggle_training_wav_cache_sp\Greater Rhea_sound\Greater Rhea24.wav,too_short_after_preprocess,,,,1.52,63993,48640,4,0.7600831340927914,
Greater Rhea_sound/Greater Rhea3,D:\other\Bird\Dataset\CC0\Greater Rhea_sound\Greater Rhea3.mp3,D:\other\Bird\Code\data\kaggle_training_wav_cache_sp\Greater Rhea_sound\Greater Rhea3.wav,converted,True,32000.0,1.0,74.768,2770112,2392576,123,0.8637109257676224,
Greater Rhea_sound/Greater Rhea4,D:\other\Bird\Dataset\CC0\Greater Rhea_sound\Greater Rhea4.mp3,D:\other\Bird\Code\data\kaggle_training_wav_cache_sp\Greater Rhea_sound\Greater Rhea4.wav,converted,True,32000.0,1.0,74.768,2770112,2392576,123,0.8637109257676224,
Greater Rhea_sound/Greater Rhea5,D:\other\Bird\Dataset\CC0\Greater Rhea_sound\Greater Rhea5.mp3,D:\other\Bird\Code\data\kaggle_training_wav_cache_sp\Greater Rhea_sound\Greater Rhea5.wav,converted,True,32000.0,1.0,37.616,1314064,1203712,33,0.9160223550755519,"[mp3 @ 000001f70afc56c0] Estimating duration from bitrate, this may be inaccurate
"
Greater Rhea_sound/Greater Rhea6,D:\other\Bird\Dataset\CC0\Greater Rhea_sound\Greater Rhea6.mp3,D:\other\Bird\Code\data\kaggle_training_wav_cache_sp\Greater Rhea_sound\Greater Rhea6.wav,converted,True,32000.0,1.0,37.616,1314064,1203712,33,0.9160223550755519,"[mp3 @ 00000211c58f56c0] Estimating duration from bitrate, this may be inaccurate
"
Greater Rhea_sound/Greater Rhea7,D:\other\Bird\Dataset\CC0\Greater Rhea_sound\Greater Rhea7.mp3,D:\other\Bird\Code\data\kaggle_training_wav_cache_sp\Greater Rhea_sound\Greater Rhea7.wav,converted,True,32000.0,1.0,7.18653125,229969,229969,1,1.0,
Greater Rhea_sound/Greater Rhea9,D:\other\Bird\Dataset\CC0\Greater Rhea_sound\Greater Rhea9.mp3,D:\other\Bird\Code\data\kaggle_training_wav_cache_sp\Greater Rhea_sound\Greater Rhea9.wav,too_short_after_preprocess,,,,3.45953125,111217,110705,1,0.9953963872429574,
Greater Rhea_sound/Greater Rhea8,D:\other\Bird\Dataset\CC0\Greater Rhea_sound\Greater Rhea8.mp3,D:\other\Bird\Code\data\kaggle_training_wav_cache_sp\Greater Rhea_sound\Greater Rhea8.wav,converted,True,32000.0,1.0,6.42075,205464,205464,1,1.0,
Grey Tinamou_sound/Grey Tinamou10,D:\other\Bird\Dataset\CC0\Grey Tinamou_sound\Grey Tinamou10.mp3,D:\other\Bird\Code\data\kaggle_training_wav_cache_sp\Grey Tinamou_sound\Grey Tinamou10.wav,converted,True,32000.0,1.0,6.0444375,193934,193422,1,0.9973599265729578,"[mp3 @ 000002b54c6256c0] Estimating duration from bitrate, this may be inaccurate
"
Grey Tinamou_sound/Grey Tinamou12,D:\other\Bird\Dataset\CC0\Grey Tinamou_sound\Grey Tinamou12.mp3,D:\other\Bird\Code\data\kaggle_training_wav_cache_sp\Grey Tinamou_sound\Grey Tinamou12.wav,converted,True,32000.0,1.0,19.056,667063,609792,18,0.9141445410703337,"[mp3 @ 00000157a39b56c0] Estimating duration from bitrate, this may be inaccurate
"
Grey Tinamou_sound/Grey Tinamou11,D:\other\Bird\Dataset\CC0\Grey Tinamou_sound\Grey Tinamou11.mp3,D:\other\Bird\Code\data\kaggle_training_wav_cache_sp\Grey Tinamou_sound\Grey Tinamou11.wav,converted,True,32000.0,1.0,48.096,1551465,1539072,10,0.9920120660150246,"[mp3 @ 0000023dc8fa56c0] Estimating duration from bitrate, this may be inaccurate
"
Grey Tinamou_sound/Grey Tinamou13,D:\other\Bird\Dataset\CC0\Grey Tinamou_sound\Grey Tinamou13.mp3,D:\other\Bird\Code\data\kaggle_training_wav_cache_sp\Grey Tinamou_sound\Grey Tinamou13.wav,converted,True,32000.0,1.0,27.744,889418,887808,1,0.9981898275051776,"[mp3 @ 0000024dfd4056c0] Estimating duration from bitrate, this may be inaccurate
"
Grey Tinamou_sound/Grey Tinamou14,D:\other\Bird\Dataset\CC0\Grey Tinamou_sound\Grey Tinamou14.mp3,D:\other\Bird\Code\data\kaggle_training_wav_cache_sp\Grey Tinamou_sound\Grey Tinamou14.wav,converted,True,32000.0,1.0,21.66990625,695485,693437,5,0.9970552923499428,"[mp3 @ 000001dd02b356c0] Estimating duration from bitrate, this may be inaccurate
"
Grey Tinamou_sound/Grey Tinamou15,D:\other\Bird\Dataset\CC0\Grey Tinamou_sound\Grey Tinamou15.mp3,D:\other\Bird\Code\data\kaggle_training_wav_cache_sp\Grey Tinamou_sound\Grey Tinamou15.wav,converted,True,32000.0,1.0,5.28,189754,168960,6,0.8904160123106759,"[mp3 @ 0000018bbab856c0] Estimating duration from bitrate, this may be inaccurate
"
Grey Tinamou_sound/Grey Tinamou17,D:\other\Bird\Dataset\CC0\Grey Tinamou_sound\Grey Tinamou17.mp3,D:\other\Bird\Code\data\kaggle_training_wav_cache_sp\Grey Tinamou_sound\Grey Tinamou17.wav,too_short_after_preprocess,,,,4.576,160407,146432,1,0.9128778669260069,
Grey Tinamou_sound/Grey Tinamou16,D:\other\Bird\Dataset\CC0\Grey Tinamou_sound\Grey Tinamou16.mp3,D:\other\Bird\Code\data\kaggle_training_wav_cache_sp\Grey Tinamou_sound\Grey Tinamou16.wav,converted,True,32000.0,1.0,26.64596875,852671,852671,1,1.0,
Grey Tinamou_sound/Grey Tinamou19,D:\other\Bird\Dataset\CC0\Grey Tinamou_sound\Grey Tinamou19.mp3,D:\other\Bird\Code\data\kaggle_training_wav_cache_sp\Grey Tinamou_sound\Grey Tinamou19.wav,converted,True,32000.0,1.0,7.984,292005,255488,15,0.8749439221931131,
Grey Tinamou_sound/Grey Tinamou18,D:\other\Bird\Dataset\CC0\Grey Tinamou_sound\Grey Tinamou18.mp3,D:\other\Bird\Code\data\kaggle_training_wav_cache_sp\Grey Tinamou_sound\Grey Tinamou18.wav,converted,True,32000.0,1.0,33.95665625,1087125,1086613,2,0.999529032999885,
Grey Tinamou_sound/Grey Tinamou2,D:\other\Bird\Dataset\CC0\Grey Tinamou_sound\Grey Tinamou2.mp3,D:\other\Bird\Code\data\kaggle_training_wav_cache_sp\Grey Tinamou_sound\Grey Tinamou2.wav,converted,True,32000.0,1.0,8.464,290229,270848,1,0.9332216973493345,
Grey Tinamou_sound/Grey Tinamou20,D:\other\Bird\Dataset\CC0\Grey Tinamou_sound\Grey Tinamou20.mp3,D:\other\Bird\Code\data\kaggle_training_wav_cache_sp\Grey Tinamou_sound\Grey Tinamou20.wav,converted,True,32000.0,1.0,46.304,1573614,1481728,3,0.9416082978417833,
Grey Tinamou_sound/Grey Tinamou21,D:\other\Bird\Dataset\CC0\Grey Tinamou_sound\Grey Tinamou21.mp3,D:\other\Bird\Code\data\kaggle_training_wav_cache_sp\Grey Tinamou_sound\Grey Tinamou21.wav,converted,True,32000.0,1.0,46.304,1573614,1481728,3,0.9416082978417833,
Grey Tinamou_sound/Grey Tinamou22,D:\other\Bird\Dataset\CC0\Grey Tinamou_sound\Grey Tinamou22.mp3,D:\other\Bird\Code\data\kaggle_training_wav_cache_sp\Grey Tinamou_sound\Grey Tinamou22.wav,converted,True,32000.0,1.0,232.608,7461408,7443456,1,0.9975940197882223,"[mp3 @ 0000021e6cd456c0] Estimating duration from bitrate, this may be inaccurate
"
Grey Tinamou_sound/Grey Tinamou23,D:\other\Bird\Dataset\CC0\Grey Tinamou_sound\Grey Tinamou23.mp3,D:\other\Bird\Code\data\kaggle_training_wav_cache_sp\Grey Tinamou_sound\Grey Tinamou23.wav,converted,True,32000.0,1.0,246.64,7910296,7892480,1,0.9977477454699546,"[mp3 @ 00000127e25056c0] Estimating duration from bitrate, this may be inaccurate
"
Grey Tinamou_sound/Grey Tinamou24,D:\other\Bird\Dataset\CC0\Grey Tinamou_sound\Grey Tinamou24.mp3,D:\other\Bird\Code\data\kaggle_training_wav_cache_sp\Grey Tinamou_sound\Grey Tinamou24.wav,converted,True,32000.0,1.0,246.64,7910296,7892480,1,0.9977477454699546,"[mp3 @ 00000230838f56c0] Estimating duration from bitrate, this may be inaccurate
"
Grey Tinamou_sound/Grey Tinamou25,D:\other\Bird\Dataset\CC0\Grey Tinamou_sound\Grey Tinamou25.mp3,D:\other\Bird\Code\data\kaggle_training_wav_cache_sp\Grey Tinamou_sound\Grey Tinamou25.wav,converted,True,32000.0,1.0,246.64,7910296,7892480,1,0.9977477454699546,"[mp3 @ 000002630e3856c0] Estimating duration from bitrate, this may be inaccurate
"
Grey Tinamou_sound/Grey Tinamou26,D:\other\Bird\Dataset\CC0\Grey Tinamou_sound\Grey Tinamou26.mp3,D:\other\Bird\Code\data\kaggle_training_wav_cache_sp\Grey Tinamou_sound\Grey Tinamou26.wav,converted,True,32000.0,1.0,246.64,7910296,7892480,1,0.9977477454699546,"[mp3 @ 000002abc88c56c0] Estimating duration from bitrate, this may be inaccurate
"
Grey Tinamou_sound/Grey Tinamou27,D:\other\Bird\Dataset\CC0\Grey Tinamou_sound\Grey Tinamou27.mp3,D:\other\Bird\Code\data\kaggle_training_wav_cache_sp\Grey Tinamou_sound\Grey Tinamou27.wav,converted,True,32000.0,1.0,246.64,7910296,7892480,1,0.9977477454699546,"[mp3 @ 0000020fa2e656c0] Estimating duration from bitrate, this may be inaccurate
"
Grey Tinamou_sound/Grey Tinamou28,D:\other\Bird\Dataset\CC0\Grey Tinamou_sound\Grey Tinamou28.mp3,D:\other\Bird\Code\data\kaggle_training_wav_cache_sp\Grey Tinamou_sound\Grey Tinamou28.wav,converted,True,32000.0,1.0,7.04,279197,225280,2,0.806885460803662,"[mp3 @ 000001f89a0256c0] Estimating duration from bitrate, this may be inaccurate
"
Grey Tinamou_sound/Grey Tinamou29,D:\other\Bird\Dataset\CC0\Grey Tinamou_sound\Grey Tinamou29.mp3,D:\other\Bird\Code\data\kaggle_training_wav_cache_sp\Grey Tinamou_sound\Grey Tinamou29.wav,converted,True,32000.0,1.0,10.912,406257,349184,13,0.8595150360486096,"[mp3 @ 000001d29ac156c0] Estimating duration from bitrate, this may be inaccurate
"
Grey Tinamou_sound/Grey Tinamou3,D:\other\Bird\Dataset\CC0\Grey Tinamou_sound\Grey Tinamou3.mp3,D:\other\Bird\Code\data\kaggle_training_wav_cache_sp\Grey Tinamou_sound\Grey Tinamou3.wav,converted,True,32000.0,1.0,8.464,290229,270848,1,0.9332216973493345,
Grey Tinamou_sound/Grey Tinamou30,D:\other\Bird\Dataset\CC0\Grey Tinamou_sound\Grey Tinamou30.mp3,D:\other\Bird\Code\data\kaggle_training_wav_cache_sp\Grey Tinamou_sound\Grey Tinamou30.wav,converted,True,32000.0,1.0,10.912,406257,349184,13,0.8595150360486096,"[mp3 @ 00000118db4a56c0] Estimating duration from bitrate, this may be inaccurate
"
Grey Tinamou_sound/Grey Tinamou31,D:\other\Bird\Dataset\CC0\Grey Tinamou_sound\Grey Tinamou31.mp3,D:\other\Bird\Code\data\kaggle_training_wav_cache_sp\Grey Tinamou_sound\Grey Tinamou31.wav,converted,True,32000.0,1.0,10.912,406257,349184,13,0.8595150360486096,"[mp3 @ 000001d590aa56c0] Estimating duration from bitrate, this may be inaccurate
"
Grey Tinamou_sound/Grey Tinamou4,D:\other\Bird\Dataset\CC0\Grey Tinamou_sound\Grey Tinamou4.mp3,D:\other\Bird\Code\data\kaggle_training_wav_cache_sp\Grey Tinamou_sound\Grey Tinamou4.wav,converted,True,32000.0,1.0,8.464,290229,270848,1,0.9332216973493345,
Grey Tinamou_sound/Grey Tinamou5,D:\other\Bird\Dataset\CC0\Grey Tinamou_sound\Grey Tinamou5.mp3,D:\other\Bird\Code\data\kaggle_training_wav_cache_sp\Grey Tinamou_sound\Grey Tinamou5.wav,converted,True,32000.0,1.0,8.464,290229,270848,1,0.9332216973493345,
Grey Tinamou_sound/Grey Tinamou7,D:\other\Bird\Dataset\CC0\Grey Tinamou_sound\Grey Tinamou7.mp3,D:\other\Bird\Code\data\kaggle_training_wav_cache_sp\Grey Tinamou_sound\Grey Tinamou7.wav,converted,True,32000.0,1.0,43.90728125,1510505,1405033,20,0.9301743456658534,"[mp3 @ 000001e0a56656c0] Estimating duration from bitrate, this may be inaccurate
"
Grey Tinamou_sound/Grey Tinamou8,D:\other\Bird\Dataset\CC0\Grey Tinamou_sound\Grey Tinamou8.mp3,D:\other\Bird\Code\data\kaggle_training_wav_cache_sp\Grey Tinamou_sound\Grey Tinamou8.wav,too_short_after_preprocess,,,,4.6498125,148794,148794,1,1.0,
Grey Tinamou_sound/Grey Tinamou9,D:\other\Bird\Dataset\CC0\Grey Tinamou_sound\Grey Tinamou9.mp3,D:\other\Bird\Code\data\kaggle_training_wav_cache_sp\Grey Tinamou_sound\Grey Tinamou9.wav,too_short_after_preprocess,,,,4.6498125,148794,148794,1,1.0,
Grey-headed Chachalaca_sound/Grey-headed Chachalaca10,D:\other\Bird\Dataset\CC0\Grey-headed Chachalaca_sound\Grey-headed Chachalaca10.mp3,D:\other\Bird\Code\data\kaggle_training_wav_cache_sp\Grey-headed Chachalaca_sound\Grey-headed Chachalaca10.wav,converted,True,32000.0,1.0,21.232,680438,679424,1,0.998509783404219,
Grey-headed Chachalaca_sound/Grey-headed Chachalaca11,D:\other\Bird\Dataset\CC0\Grey-headed Chachalaca_sound\Grey-headed Chachalaca11.mp3,D:\other\Bird\Code\data\kaggle_training_wav_cache_sp\Grey-headed Chachalaca_sound\Grey-headed Chachalaca11.wav,converted,True,32000.0,1.0,21.232,680438,679424,1,0.998509783404219,
Grey-headed Chachalaca_sound/Grey-headed Chachalaca12,D:\other\Bird\Dataset\CC0\Grey-headed Chachalaca_sound\Grey-headed Chachalaca12.mp3,D:\other\Bird\Code\data\kaggle_training_wav_cache_sp\Grey-headed Chachalaca_sound\Grey-headed Chachalaca12.wav,converted,True,32000.0,1.0,43.472,1413888,1391104,3,0.9838855694369002,"[mp3 @ 00000243291256c0] Estimating duration from bitrate, this may be inaccurate
"
Grey Tinamou_sound/Grey Tinamou6,D:\other\Bird\Dataset\CC0\Grey Tinamou_sound\Grey Tinamou6.mp3,D:\other\Bird\Code\data\kaggle_training_wav_cache_sp\Grey Tinamou_sound\Grey Tinamou6.wav,converted,True,32000.0,1.0,208.2860625,7154626,6665154,178,0.9315866405875024,"[mp3 @ 00000142f18e56c0] Estimating duration from bitrate, this may be inaccurate
"
Grey-headed Chachalaca_sound/Grey-headed Chachalaca14,D:\other\Bird\Dataset\CC0\Grey-headed Chachalaca_sound\Grey-headed Chachalaca14.mp3,D:\other\Bird\Code\data\kaggle_training_wav_cache_sp\Grey-headed Chachalaca_sound\Grey-headed Chachalaca14.wav,converted,True,32000.0,1.0,59.168,1993666,1893376,33,0.9496956862383168,"[mp3 @ 0000020eddaa56c0] Estimating duration from bitrate, this may be inaccurate
"
Grey-headed Chachalaca_sound/Grey-headed Chachalaca13,D:\other\Bird\Dataset\CC0\Grey-headed Chachalaca_sound\Grey-headed Chachalaca13.mp3,D:\other\Bird\Code\data\kaggle_training_wav_cache_sp\Grey-headed Chachalaca_sound\Grey-headed Chachalaca13.wav,converted,True,32000.0,1.0,92.736,3050496,2967552,7,0.972809667673716,"[mp3 @ 000001d9237e56c0] Estimating duration from bitrate, this may be inaccurate
"
Grey-headed Chachalaca_sound/Grey-headed Chachalaca15,D:\other\Bird\Dataset\CC0\Grey-headed Chachalaca_sound\Grey-headed Chachalaca15.mp3,D:\other\Bird\Code\data\kaggle_training_wav_cache_sp\Grey-headed Chachalaca_sound\Grey-headed Chachalaca15.wav,converted,True,32000.0,1.0,45.968,1471217,1470976,1,0.9998361900385871,"[mp3 @ 0000018b8c0956c0] Estimating duration from bitrate, this may be inaccurate
"
Grey-headed Chachalaca_sound/Grey-headed Chachalaca16,D:\other\Bird\Dataset\CC0\Grey-headed Chachalaca_sound\Grey-headed Chachalaca16.mp3,D:\other\Bird\Code\data\kaggle_training_wav_cache_sp\Grey-headed Chachalaca_sound\Grey-headed Chachalaca16.wav,converted,True,32000.0,1.0,58.5511875,1905894,1873638,15,0.983075658982084,"[mp3 @ 0000019cf3ed56c0] Estimating duration from bitrate, this may be inaccurate
"
Grey-headed Chachalaca_sound/Grey-headed Chachalaca17,D:\other\Bird\Dataset\CC0\Grey-headed Chachalaca_sound\Grey-headed Chachalaca17.mp3,D:\other\Bird\Code\data\kaggle_training_wav_cache_sp\Grey-headed Chachalaca_sound\Grey-headed Chachalaca17.wav,converted,True,32000.0,1.0,7.728,280869,247296,9,0.8804674065133568,"[mp3 @ 00000196d58e56c0] Estimating duration from bitrate, this may be inaccurate
"
Grey-headed Chachalaca_sound/Grey-headed Chachalaca18,D:\other\Bird\Dataset\CC0\Grey-headed Chachalaca_sound\Grey-headed Chachalaca18.mp3,D:\other\Bird\Code\data\kaggle_training_wav_cache_sp\Grey-headed Chachalaca_sound\Grey-headed Chachalaca18.wav,converted,True,32000.0,1.0,7.728,280869,247296,9,0.8804674065133568,"[mp3 @ 000002bf7f5756c0] Estimating duration from bitrate, this may be inaccurate
"
Grey-headed Chachalaca_sound/Grey-headed Chachalaca2,D:\other\Bird\Dataset\CC0\Grey-headed Chachalaca_sound\Grey-headed Chachalaca2.mp3,D:\other\Bird\Code\data\kaggle_training_wav_cache_sp\Grey-headed Chachalaca_sound\Grey-headed Chachalaca2.wav,converted,True,32000.0,1.0,16.448,557359,526336,3,0.9443392858104023,
Grey-headed Chachalaca_sound/Grey-headed Chachalaca20,D:\other\Bird\Dataset\CC0\Grey-headed Chachalaca_sound\Grey-headed Chachalaca20.mp3,D:\other\Bird\Code\data\kaggle_training_wav_cache_sp\Grey-headed Chachalaca_sound\Grey-headed Chachalaca20.wav,converted,True,32000.0,1.0,10.38371875,388087,332279,15,0.8561971928974689,
Grey-headed Chachalaca_sound/Grey-headed Chachalaca21,D:\other\Bird\Dataset\CC0\Grey-headed Chachalaca_sound\Grey-headed Chachalaca21.mp3,D:\other\Bird\Code\data\kaggle_training_wav_cache_sp\Grey-headed Chachalaca_sound\Grey-headed Chachalaca21.wav,converted,True,32000.0,1.0,145.136,4944492,4644352,85,0.9392981119192831,
Grey-headed Chachalaca_sound/Grey-headed Chachalaca19,D:\other\Bird\Dataset\CC0\Grey-headed Chachalaca_sound\Grey-headed Chachalaca19.mp3,D:\other\Bird\Code\data\kaggle_training_wav_cache_sp\Grey-headed Chachalaca_sound\Grey-headed Chachalaca19.wav,converted,True,32000.0,1.0,346.9315625,11124338,11101810,4,0.9979748907305765,
Grey-headed Chachalaca_sound/Grey-headed Chachalaca22,D:\other\Bird\Dataset\CC0\Grey-headed Chachalaca_sound\Grey-headed Chachalaca22.mp3,D:\other\Bird\Code\data\kaggle_training_wav_cache_sp\Grey-headed Chachalaca_sound\Grey-headed Chachalaca22.wav,converted,True,32000.0,1.0,145.136,4944492,4644352,85,0.9392981119192831,
Grey-headed Chachalaca_sound/Grey-headed Chachalaca24,D:\other\Bird\Dataset\CC0\Grey-headed Chachalaca_sound\Grey-headed Chachalaca24.mp3,D:\other\Bird\Code\data\kaggle_training_wav_cache_sp\Grey-headed Chachalaca_sound\Grey-headed Chachalaca24.wav,converted,True,32000.0,1.0,67.952,2304000,2174464,54,0.9437777777777778,"[mp3 @ 000001d871c356c0] Estimating duration from bitrate, this may be inaccurate
"
Grey-headed Chachalaca_sound/Grey-headed Chachalaca23,D:\other\Bird\Dataset\CC0\Grey-headed Chachalaca_sound\Grey-headed Chachalaca23.mp3,D:\other\Bird\Code\data\kaggle_training_wav_cache_sp\Grey-headed Chachalaca_sound\Grey-headed Chachalaca23.wav,converted,True,32000.0,1.0,145.136,4944492,4644352,85,0.9392981119192831,
Grey-headed Chachalaca_sound/Grey-headed Chachalaca25,D:\other\Bird\Dataset\CC0\Grey-headed Chachalaca_sound\Grey-headed Chachalaca25.mp3,D:\other\Bird\Code\data\kaggle_training_wav_cache_sp\Grey-headed Chachalaca_sound\Grey-headed Chachalaca25.wav,converted,True,32000.0,1.0,48.3219375,1569854,1546302,12,0.9849973309619875,"[mp3 @ 00000180b48056c0] Estimating duration from bitrate, this may be inaccurate
"
Grey-headed Chachalaca_sound/Grey-headed Chachalaca26,D:\other\Bird\Dataset\CC0\Grey-headed Chachalaca_sound\Grey-headed Chachalaca26.mp3,D:\other\Bird\Code\data\kaggle_training_wav_cache_sp\Grey-headed Chachalaca_sound\Grey-headed Chachalaca26.wav,converted,True,32000.0,1.0,48.3219375,1569854,1546302,12,0.9849973309619875,"[mp3 @ 000002d28d4956c0] Estimating duration from bitrate, this may be inaccurate
"
Grey-headed Chachalaca_sound/Grey-headed Chachalaca27,D:\other\Bird\Dataset\CC0\Grey-headed Chachalaca_sound\Grey-headed Chachalaca27.mp3,D:\other\Bird\Code\data\kaggle_training_wav_cache_sp\Grey-headed Chachalaca_sound\Grey-headed Chachalaca27.wav,converted,True,32000.0,1.0,32.288,1034867,1033216,2,0.99840462590845,"[mp3 @ 00000249cc1456c0] Estimating duration from bitrate, this may be inaccurate
"
Grey-headed Chachalaca_sound/Grey-headed Chachalaca29,D:\other\Bird\Dataset\CC0\Grey-headed Chachalaca_sound\Grey-headed Chachalaca29.mp3,D:\other\Bird\Code\data\kaggle_training_wav_cache_sp\Grey-headed Chachalaca_sound\Grey-headed Chachalaca29.wav,converted,True,32000.0,1.0,14.896,544183,476672,14,0.8759406302659216,"[mp3 @ 0000026cc97156c0] Estimating duration from bitrate, this may be inaccurate
"
Grey-headed Chachalaca_sound/Grey-headed Chachalaca3,D:\other\Bird\Dataset\CC0\Grey-headed Chachalaca_sound\Grey-headed Chachalaca3.mp3,D:\other\Bird\Code\data\kaggle_training_wav_cache_sp\Grey-headed Chachalaca_sound\Grey-headed Chachalaca3.wav,converted,True,32000.0,1.0,33.46809375,1077123,1070979,3,0.9942959160652962,
Grey-headed Chachalaca_sound/Grey-headed Chachalaca30,D:\other\Bird\Dataset\CC0\Grey-headed Chachalaca_sound\Grey-headed Chachalaca30.mp3,D:\other\Bird\Code\data\kaggle_training_wav_cache_sp\Grey-headed Chachalaca_sound\Grey-headed Chachalaca30.wav,converted,True,32000.0,1.0,5.04165625,161333,161333,1,1.0,"[mp3 @ 000001dbfefc56c0] Estimating duration from bitrate, this may be inaccurate
"
Grey-headed Chachalaca_sound/Grey-headed Chachalaca28,D:\other\Bird\Dataset\CC0\Grey-headed Chachalaca_sound\Grey-headed Chachalaca28.mp3,D:\other\Bird\Code\data\kaggle_training_wav_cache_sp\Grey-headed Chachalaca_sound\Grey-headed Chachalaca28.wav,converted,True,32000.0,1.0,46.912,2439680,1501184,116,0.6153200419727177,
Grey-headed Chachalaca_sound/Grey-headed Chachalaca31,D:\other\Bird\Dataset\CC0\Grey-headed Chachalaca_sound\Grey-headed Chachalaca31.mp3,D:\other\Bird\Code\data\kaggle_training_wav_cache_sp\Grey-headed Chachalaca_sound\Grey-headed Chachalaca31.wav,converted,True,32000.0,1.0,5.04165625,161333,161333,1,1.0,"[mp3 @ 000001df6c1556c0] Estimating duration from bitrate, this may be inaccurate
"
Grey-headed Chachalaca_sound/Grey-headed Chachalaca5,D:\other\Bird\Dataset\CC0\Grey-headed Chachalaca_sound\Grey-headed Chachalaca5.mp3,D:\other\Bird\Code\data\kaggle_training_wav_cache_sp\Grey-headed Chachalaca_sound\Grey-headed Chachalaca5.wav,converted,True,32000.0,1.0,80.672,2985214,2581504,98,0.8647634641938567,
Grey-headed Chachalaca_sound/Grey-headed Chachalaca6,D:\other\Bird\Dataset\CC0\Grey-headed Chachalaca_sound\Grey-headed Chachalaca6.mp3,D:\other\Bird\Code\data\kaggle_training_wav_cache_sp\Grey-headed Chachalaca_sound\Grey-headed Chachalaca6.wav,converted,True,32000.0,1.0,15.7146875,558678,502870,15,0.900107038401369,
Grey-headed Chachalaca_sound/Grey-headed Chachalaca7,D:\other\Bird\Dataset\CC0\Grey-headed Chachalaca_sound\Grey-headed Chachalaca7.mp3,D:\other\Bird\Code\data\kaggle_training_wav_cache_sp\Grey-headed Chachalaca_sound\Grey-headed Chachalaca7.wav,converted,True,32000.0,1.0,18.736,606042,599552,2,0.989291171238957,
Grey-headed Chachalaca_sound/Grey-headed Chachalaca8,D:\other\Bird\Dataset\CC0\Grey-headed Chachalaca_sound\Grey-headed Chachalaca8.mp3,D:\other\Bird\Code\data\kaggle_training_wav_cache_sp\Grey-headed Chachalaca_sound\Grey-headed Chachalaca8.wav,converted,True,32000.0,1.0,18.736,606042,599552,2,0.989291171238957,
Grey-headed Chachalaca_sound/Grey-headed Chachalaca9,D:\other\Bird\Dataset\CC0\Grey-headed Chachalaca_sound\Grey-headed Chachalaca9.mp3,D:\other\Bird\Code\data\kaggle_training_wav_cache_sp\Grey-headed Chachalaca_sound\Grey-headed Chachalaca9.wav,converted,True,32000.0,1.0,21.232,680438,679424,1,0.998509783404219,
Grey-headed Chachalaca_sound/Grey-headed Chachalaca4,D:\other\Bird\Dataset\CC0\Grey-headed Chachalaca_sound\Grey-headed Chachalaca4.mp3,D:\other\Bird\Code\data\kaggle_training_wav_cache_sp\Grey-headed Chachalaca_sound\Grey-headed Chachalaca4.wav,converted,True,32000.0,1.0,293.57103125,12116577,9394273,516,0.7753240044609959,
Grey-legged Tinamou_sound/Grey-legged Tinamou10,D:\other\Bird\Dataset\CC0\Grey-legged Tinamou_sound\Grey-legged Tinamou10.mp3,D:\other\Bird\Code\data\kaggle_training_wav_cache_sp\Grey-legged Tinamou_sound\Grey-legged Tinamou10.wav,converted,True,32000.0,1.0,145.3453125,4651050,4651050,1,1.0,"[mp3 @ 000002b6c5c456c0] Estimating duration from bitrate, this may be inaccurate
"
Grey-legged Tinamou_sound/Grey-legged Tinamou12,D:\other\Bird\Dataset\CC0\Grey-legged Tinamou_sound\Grey-legged Tinamou12.mp3,D:\other\Bird\Code\data\kaggle_training_wav_cache_sp\Grey-legged Tinamou_sound\Grey-legged Tinamou12.wav,converted,True,32000.0,1.0,61.4260625,1965634,1965634,1,1.0,
Grey-legged Tinamou_sound/Grey-legged Tinamou11,D:\other\Bird\Dataset\CC0\Grey-legged Tinamou_sound\Grey-legged Tinamou11.mp3,D:\other\Bird\Code\data\kaggle_training_wav_cache_sp\Grey-legged Tinamou_sound\Grey-legged Tinamou11.wav,converted,True,32000.0,1.0,115.12590625,3685565,3684029,1,0.999583238933515,"[mp3 @ 0000027a273c56c0] Estimating duration from bitrate, this may be inaccurate
"
Grey-legged Tinamou_sound/Grey-legged Tinamou13,D:\other\Bird\Dataset\CC0\Grey-legged Tinamou_sound\Grey-legged Tinamou13.mp3,D:\other\Bird\Code\data\kaggle_training_wav_cache_sp\Grey-legged Tinamou_sound\Grey-legged Tinamou13.wav,converted,True,32000.0,1.0,32.016,1904640,1024512,121,0.5379032258064517,"[mp3 @ 00000176a00456c0] Estimating duration from bitrate, this may be inaccurate
"
Grey-legged Tinamou_sound/Grey-legged Tinamou2,D:\other\Bird\Dataset\CC0\Grey-legged Tinamou_sound\Grey-legged Tinamou2.mp3,D:\other\Bird\Code\data\kaggle_training_wav_cache_sp\Grey-legged Tinamou_sound\Grey-legged Tinamou2.wav,converted,True,32000.0,1.0,53.104,1813943,1699328,11,0.9368144423501731,"[mp3 @ 00000290a63656c0] Estimating duration from bitrate, this may be inaccurate
"
Grey-legged Tinamou_sound/Grey-legged Tinamou3,D:\other\Bird\Dataset\CC0\Grey-legged Tinamou_sound\Grey-legged Tinamou3.mp3,D:\other\Bird\Code\data\kaggle_training_wav_cache_sp\Grey-legged Tinamou_sound\Grey-legged Tinamou3.wav,converted,True,32000.0,1.0,53.104,1813943,1699328,11,0.9368144423501731,"[mp3 @ 000002b0994456c0] Estimating duration from bitrate, this may be inaccurate
"
Grey-legged Tinamou_sound/Grey-legged Tinamou4,D:\other\Bird\Dataset\CC0\Grey-legged Tinamou_sound\Grey-legged Tinamou4.mp3,D:\other\Bird\Code\data\kaggle_training_wav_cache_sp\Grey-legged Tinamou_sound\Grey-legged Tinamou4.wav,converted,True,32000.0,1.0,53.104,1813943,1699328,11,0.9368144423501731,"[mp3 @ 0000020173f956c0] Estimating duration from bitrate, this may be inaccurate
"
Grey-legged Tinamou_sound/Grey-legged Tinamou6,D:\other\Bird\Dataset\CC0\Grey-legged Tinamou_sound\Grey-legged Tinamou6.mp3,D:\other\Bird\Code\data\kaggle_training_wav_cache_sp\Grey-legged Tinamou_sound\Grey-legged Tinamou6.wav,converted,True,32000.0,1.0,10.7146875,1278294,342870,38,0.26822468070725514,
Grey-legged Tinamou_sound/Grey-legged Tinamou5,D:\other\Bird\Dataset\CC0\Grey-legged Tinamou_sound\Grey-legged Tinamou5.mp3,D:\other\Bird\Code\data\kaggle_training_wav_cache_sp\Grey-legged Tinamou_sound\Grey-legged Tinamou5.wav,converted,True,32000.0,1.0,54.576,1747906,1746432,1,0.9991567052232786,"[mp3 @ 00000267180a56c0] Estimating duration from bitrate, this may be inaccurate
"
Grey-legged Tinamou_sound/Grey-legged Tinamou7,D:\other\Bird\Dataset\CC0\Grey-legged Tinamou_sound\Grey-legged Tinamou7.mp3,D:\other\Bird\Code\data\kaggle_training_wav_cache_sp\Grey-legged Tinamou_sound\Grey-legged Tinamou7.wav,converted,True,32000.0,1.0,10.7146875,1278294,342870,38,0.26822468070725514,
Grey-legged Tinamou_sound/Grey-legged Tinamou9,D:\other\Bird\Dataset\CC0\Grey-legged Tinamou_sound\Grey-legged Tinamou9.mp3,D:\other\Bird\Code\data\kaggle_training_wav_cache_sp\Grey-legged Tinamou_sound\Grey-legged Tinamou9.wav,converted,True,32000.0,1.0,145.3453125,4651050,4651050,1,1.0,"[mp3 @ 000002fbf80c56c0] Estimating duration from bitrate, this may be inaccurate
"
Highland Tinamou_sound/Highland Tinamou10,D:\other\Bird\Dataset\CC0\Highland Tinamou_sound\Highland Tinamou10.mp3,D:\other\Bird\Code\data\kaggle_training_wav_cache_sp\Highland Tinamou_sound\Highland Tinamou10.wav,converted,True,32000.0,1.0,26.528,904157,848896,10,0.9388811898818458,
Grey-legged Tinamou_sound/Grey-legged Tinamou8,D:\other\Bird\Dataset\CC0\Grey-legged Tinamou_sound\Grey-legged Tinamou8.mp3,D:\other\Bird\Code\data\kaggle_training_wav_cache_sp\Grey-legged Tinamou_sound\Grey-legged Tinamou8.wav,converted,True,32000.0,1.0,225.18565625,7206453,7205941,1,0.9999289525651524,"[mp3 @ 0000022abcf756c0] Estimating duration from bitrate, this may be inaccurate
"
Highland Tinamou_sound/Highland Tinamou11,D:\other\Bird\Dataset\CC0\Highland Tinamou_sound\Highland Tinamou11.mp3,D:\other\Bird\Code\data\kaggle_training_wav_cache_sp\Highland Tinamou_sound\Highland Tinamou11.wav,converted,True,32000.0,1.0,41.52,2893824,1328640,149,0.4591295116772824,"[mp3 @ 000001c719895700] Estimating duration from bitrate, this may be inaccurate
"
Highland Tinamou_sound/Highland Tinamou12,D:\other\Bird\Dataset\CC0\Highland Tinamou_sound\Highland Tinamou12.mp3,D:\other\Bird\Code\data\kaggle_training_wav_cache_sp\Highland Tinamou_sound\Highland Tinamou12.wav,converted,True,32000.0,1.0,140.810125,4506436,4505924,1,0.9998863847173243,"[mp3 @ 0000020013555700] Estimating duration from bitrate, this may be inaccurate
"
Highland Tinamou_sound/Highland Tinamou13,D:\other\Bird\Dataset\CC0\Highland Tinamou_sound\Highland Tinamou13.mp3,D:\other\Bird\Code\data\kaggle_training_wav_cache_sp\Highland Tinamou_sound\Highland Tinamou13.wav,converted,True,32000.0,1.0,81.3596875,2605558,2603510,2,0.9992139879442331,"[mp3 @ 0000020c24595700] Estimating duration from bitrate, this may be inaccurate
"
Highland Tinamou_sound/Highland Tinamou14,D:\other\Bird\Dataset\CC0\Highland Tinamou_sound\Highland Tinamou14.mp3,D:\other\Bird\Code\data\kaggle_training_wav_cache_sp\Highland Tinamou_sound\Highland Tinamou14.wav,converted,True,32000.0,1.0,66.048,3577731,2113536,224,0.5907475995260684,"[mp3 @ 00000215f8e05700] Estimating duration from bitrate, this may be inaccurate
"
Highland Tinamou_sound/Highland Tinamou16,D:\other\Bird\Dataset\CC0\Highland Tinamou_sound\Highland Tinamou16.mp3,D:\other\Bird\Code\data\kaggle_training_wav_cache_sp\Highland Tinamou_sound\Highland Tinamou16.wav,converted,True,32000.0,1.0,98.72,3827671,3159040,240,0.8253164914121407,"[mp3 @ 00000253a4155700] Estimating duration from bitrate, this may be inaccurate
"
Highland Tinamou_sound/Highland Tinamou15,D:\other\Bird\Dataset\CC0\Highland Tinamou_sound\Highland Tinamou15.mp3,D:\other\Bird\Code\data\kaggle_training_wav_cache_sp\Highland Tinamou_sound\Highland Tinamou15.wav,converted,True,32000.0,1.0,177.616,8665965,5683712,466,0.6558660229991697,"[mp3 @ 00000207f9795700] Estimating duration from bitrate, this may be inaccurate
"
Highland Tinamou_sound/Highland Tinamou17,D:\other\Bird\Dataset\CC0\Highland Tinamou_sound\Highland Tinamou17.mp3,D:\other\Bird\Code\data\kaggle_training_wav_cache_sp\Highland Tinamou_sound\Highland Tinamou17.wav,converted,True,32000.0,1.0,98.72,3827671,3159040,240,0.8253164914121407,"[mp3 @ 000001ba4b9c5700] Estimating duration from bitrate, this may be inaccurate
"
Highland Tinamou_sound/Highland Tinamou18,D:\other\Bird\Dataset\CC0\Highland Tinamou_sound\Highland Tinamou18.mp3,D:\other\Bird\Code\data\kaggle_training_wav_cache_sp\Highland Tinamou_sound\Highland Tinamou18.wav,converted,True,32000.0,1.0,67.168,3023383,2149376,106,0.7109175383998653,
Highland Tinamou_sound/Highland Tinamou2,D:\other\Bird\Dataset\CC0\Highland Tinamou_sound\Highland Tinamou2.mp3,D:\other\Bird\Code\data\kaggle_training_wav_cache_sp\Highland Tinamou_sound\Highland Tinamou2.wav,converted,True,32000.0,1.0,15.69728125,502313,502313,1,1.0,
Highland Tinamou_sound/Highland Tinamou20,D:\other\Bird\Dataset\CC0\Highland Tinamou_sound\Highland Tinamou20.mp3,D:\other\Bird\Code\data\kaggle_training_wav_cache_sp\Highland Tinamou_sound\Highland Tinamou20.wav,converted,True,32000.0,1.0,25.1340625,805826,804290,1,0.9980938813093646,
Highland Tinamou_sound/Highland Tinamou19,D:\other\Bird\Dataset\CC0\Highland Tinamou_sound\Highland Tinamou19.mp3,D:\other\Bird\Code\data\kaggle_training_wav_cache_sp\Highland Tinamou_sound\Highland Tinamou19.wav,converted,True,32000.0,1.0,67.168,3023383,2149376,106,0.7109175383998653,
Highland Tinamou_sound/Highland Tinamou21,D:\other\Bird\Dataset\CC0\Highland Tinamou_sound\Highland Tinamou21.mp3,D:\other\Bird\Code\data\kaggle_training_wav_cache_sp\Highland Tinamou_sound\Highland Tinamou21.wav,converted,True,32000.0,1.0,25.1340625,805826,804290,1,0.9980938813093646,
Highland Tinamou_sound/Highland Tinamou22,D:\other\Bird\Dataset\CC0\Highland Tinamou_sound\Highland Tinamou22.mp3,D:\other\Bird\Code\data\kaggle_training_wav_cache_sp\Highland Tinamou_sound\Highland Tinamou22.wav,converted,True,32000.0,1.0,25.1340625,805826,804290,1,0.9980938813093646,
Highland Tinamou_sound/Highland Tinamou24,D:\other\Bird\Dataset\CC0\Highland Tinamou_sound\Highland Tinamou24.mp3,D:\other\Bird\Code\data\kaggle_training_wav_cache_sp\Highland Tinamou_sound\Highland Tinamou24.wav,converted,True,32000.0,1.0,25.232,845950,807424,1,0.9544583013180448,"[mp3 @ 0000025d12585700] Estimating duration from bitrate, this may be inaccurate
"
Highland Tinamou_sound/Highland Tinamou25,D:\other\Bird\Dataset\CC0\Highland Tinamou_sound\Highland Tinamou25.mp3,D:\other\Bird\Code\data\kaggle_training_wav_cache_sp\Highland Tinamou_sound\Highland Tinamou25.wav,converted,True,32000.0,1.0,20.256,691305,648192,2,0.9376353418534511,"[mp3 @ 0000019edde45700] Estimating duration from bitrate, this may be inaccurate
"
Highland Tinamou_sound/Highland Tinamou23,D:\other\Bird\Dataset\CC0\Highland Tinamou_sound\Highland Tinamou23.mp3,D:\other\Bird\Code\data\kaggle_training_wav_cache_sp\Highland Tinamou_sound\Highland Tinamou23.wav,converted,True,32000.0,1.0,93.968,3160608,3006976,85,0.9513916309773309,"[mp3 @ 0000021dd2aa5700] Estimating duration from bitrate, this may be inaccurate
"
Highland Tinamou_sound/Highland Tinamou26,D:\other\Bird\Dataset\CC0\Highland Tinamou_sound\Highland Tinamou26.mp3,D:\other\Bird\Code\data\kaggle_training_wav_cache_sp\Highland Tinamou_sound\Highland Tinamou26.wav,converted,True,32000.0,1.0,67.024,2190355,2144768,15,0.9791873919981008,
Highland Tinamou_sound/Highland Tinamou27,D:\other\Bird\Dataset\CC0\Highland Tinamou_sound\Highland Tinamou27.mp3,D:\other\Bird\Code\data\kaggle_training_wav_cache_sp\Highland Tinamou_sound\Highland Tinamou27.wav,converted,True,32000.0,1.0,108.04671875,3459031,3457495,1,0.9995559450030947,"[mp3 @ 0000024627ce5700] Estimating duration from bitrate, this may be inaccurate
"
Highland Tinamou_sound/Highland Tinamou28,D:\other\Bird\Dataset\CC0\Highland Tinamou_sound\Highland Tinamou28.mp3,D:\other\Bird\Code\data\kaggle_training_wav_cache_sp\Highland Tinamou_sound\Highland Tinamou28.wav,converted,True,32000.0,1.0,76.688,2455093,2454016,1,0.9995613200803392,"[mp3 @ 000001cb45195700] Estimating duration from bitrate, this may be inaccurate
"
Highland Tinamou_sound/Highland Tinamou3,D:\other\Bird\Dataset\CC0\Highland Tinamou_sound\Highland Tinamou3.mp3,D:\other\Bird\Code\data\kaggle_training_wav_cache_sp\Highland Tinamou_sound\Highland Tinamou3.wav,converted,True,32000.0,1.0,15.69728125,502313,502313,1,1.0,
Highland Tinamou_sound/Highland Tinamou29,D:\other\Bird\Dataset\CC0\Highland Tinamou_sound\Highland Tinamou29.mp3,D:\other\Bird\Code\data\kaggle_training_wav_cache_sp\Highland Tinamou_sound\Highland Tinamou29.wav,converted,True,32000.0,1.0,76.688,2455093,2454016,1,0.9995613200803392,"[mp3 @ 000001d2964b5700] Estimating duration from bitrate, this may be inaccurate
"
Highland Tinamou_sound/Highland Tinamou30,D:\other\Bird\Dataset\CC0\Highland Tinamou_sound\Highland Tinamou30.mp3,D:\other\Bird\Code\data\kaggle_training_wav_cache_sp\Highland Tinamou_sound\Highland Tinamou30.wav,converted,True,32000.0,1.0,76.688,2455093,2454016,1,0.9995613200803392,"[mp3 @ 000002562cdd5700] Estimating duration from bitrate, this may be inaccurate
"
Highland Tinamou_sound/Highland Tinamou31,D:\other\Bird\Dataset\CC0\Highland Tinamou_sound\Highland Tinamou31.mp3,D:\other\Bird\Code\data\kaggle_training_wav_cache_sp\Highland Tinamou_sound\Highland Tinamou31.wav,converted,True,32000.0,1.0,76.688,2455093,2454016,1,0.9995613200803392,"[mp3 @ 0000012cb9765700] Estimating duration from bitrate, this may be inaccurate
"
Highland Tinamou_sound/Highland Tinamou4,D:\other\Bird\Dataset\CC0\Highland Tinamou_sound\Highland Tinamou4.mp3,D:\other\Bird\Code\data\kaggle_training_wav_cache_sp\Highland Tinamou_sound\Highland Tinamou4.wav,converted,True,32000.0,1.0,16.496,1142701,527872,42,0.46195111407095996,"[mp3 @ 000001e1509c5700] Estimating duration from bitrate, this may be inaccurate
"
Highland Tinamou_sound/Highland Tinamou6,D:\other\Bird\Dataset\CC0\Highland Tinamou_sound\Highland Tinamou6.mp3,D:\other\Bird\Code\data\kaggle_training_wav_cache_sp\Highland Tinamou_sound\Highland Tinamou6.wav,too_short_after_preprocess,,,,4.224,495700,135168,12,0.27268105709098245,
Highland Tinamou_sound/Highland Tinamou5,D:\other\Bird\Dataset\CC0\Highland Tinamou_sound\Highland Tinamou5.mp3,D:\other\Bird\Code\data\kaggle_training_wav_cache_sp\Highland Tinamou_sound\Highland Tinamou5.wav,converted,True,32000.0,1.0,9.296,620252,297472,31,0.47959861475658283,"[mp3 @ 0000025c514f5700] Estimating duration from bitrate, this may be inaccurate
"
Highland Tinamou_sound/Highland Tinamou7,D:\other\Bird\Dataset\CC0\Highland Tinamou_sound\Highland Tinamou7.mp3,D:\other\Bird\Code\data\kaggle_training_wav_cache_sp\Highland Tinamou_sound\Highland Tinamou7.wav,too_short_after_preprocess,,,,4.224,495700,135168,12,0.27268105709098245,
Highland Tinamou_sound/Highland Tinamou8,D:\other\Bird\Dataset\CC0\Highland Tinamou_sound\Highland Tinamou8.mp3,D:\other\Bird\Code\data\kaggle_training_wav_cache_sp\Highland Tinamou_sound\Highland Tinamou8.wav,converted,True,32000.0,1.0,24.336,818365,778752,1,0.951594948464316,"[mp3 @ 000001aee4e35700] Estimating duration from bitrate, this may be inaccurate
"
Highland Tinamou_sound/Highland Tinamou9,D:\other\Bird\Dataset\CC0\Highland Tinamou_sound\Highland Tinamou9.mp3,D:\other\Bird\Code\data\kaggle_training_wav_cache_sp\Highland Tinamou_sound\Highland Tinamou9.wav,converted,True,32000.0,1.0,26.528,904157,848896,10,0.9388811898818458,
Hooded Tinamou_sound/Hooded Tinamou10,D:\other\Bird\Dataset\CC0\Hooded Tinamou_sound\Hooded Tinamou10.mp3,D:\other\Bird\Code\data\kaggle_training_wav_cache_sp\Hooded Tinamou_sound\Hooded Tinamou10.wav,converted,True,32000.0,1.0,30.784,1950945,985088,119,0.5049286371476387,
Hooded Tinamou_sound/Hooded Tinamou12,D:\other\Bird\Dataset\CC0\Hooded Tinamou_sound\Hooded Tinamou12.mp3,D:\other\Bird\Code\data\kaggle_training_wav_cache_sp\Hooded Tinamou_sound\Hooded Tinamou12.wav,converted,True,32000.0,1.0,10.72,368640,343040,1,0.9305555555555556,"[mp3 @ 000002dcc44d56c0] Estimating duration from bitrate, this may be inaccurate
"
Hooded Tinamou_sound/Hooded Tinamou11,D:\other\Bird\Dataset\CC0\Hooded Tinamou_sound\Hooded Tinamou11.mp3,D:\other\Bird\Code\data\kaggle_training_wav_cache_sp\Hooded Tinamou_sound\Hooded Tinamou11.wav,converted,True,32000.0,1.0,38.5729375,2110878,1234334,130,0.5847490949263766,
Hooded Tinamou_sound/Hooded Tinamou13,D:\other\Bird\Dataset\CC0\Hooded Tinamou_sound\Hooded Tinamou13.mp3,D:\other\Bird\Code\data\kaggle_training_wav_cache_sp\Hooded Tinamou_sound\Hooded Tinamou13.wav,converted,True,32000.0,1.0,28.6485,1068304,916752,46,0.8581377585406401,"[mp3 @ 000002560a1356c0] Estimating duration from bitrate, this may be inaccurate
"
Hooded Tinamou_sound/Hooded Tinamou14,D:\other\Bird\Dataset\CC0\Hooded Tinamou_sound\Hooded Tinamou14.mp3,D:\other\Bird\Code\data\kaggle_training_wav_cache_sp\Hooded Tinamou_sound\Hooded Tinamou14.wav,converted,True,32000.0,1.0,28.6485,1068304,916752,46,0.8581377585406401,"[mp3 @ 000002aeb71e56c0] Estimating duration from bitrate, this may be inaccurate
"
Hooded Tinamou_sound/Hooded Tinamou16,D:\other\Bird\Dataset\CC0\Hooded Tinamou_sound\Hooded Tinamou16.mp3,D:\other\Bird\Code\data\kaggle_training_wav_cache_sp\Hooded Tinamou_sound\Hooded Tinamou16.wav,too_short_after_preprocess,,,,4.736,417960,151552,29,0.3625992917982582,
Hooded Tinamou_sound/Hooded Tinamou15,D:\other\Bird\Dataset\CC0\Hooded Tinamou_sound\Hooded Tinamou15.mp3,D:\other\Bird\Code\data\kaggle_training_wav_cache_sp\Hooded Tinamou_sound\Hooded Tinamou15.wav,converted,True,32000.0,1.0,36.3771875,1167654,1164070,2,0.9969305975914098,
Hooded Tinamou_sound/Hooded Tinamou2,D:\other\Bird\Dataset\CC0\Hooded Tinamou_sound\Hooded Tinamou2.mp3,D:\other\Bird\Code\data\kaggle_training_wav_cache_sp\Hooded Tinamou_sound\Hooded Tinamou2.wav,converted,True,32000.0,1.0,14.544,507403,465408,3,0.91723541248278,"[mp3 @ 000001cae0a856c0] Estimating duration from bitrate, this may be inaccurate
"
Hooded Tinamou_sound/Hooded Tinamou3,D:\other\Bird\Dataset\CC0\Hooded Tinamou_sound\Hooded Tinamou3.mp3,D:\other\Bird\Code\data\kaggle_training_wav_cache_sp\Hooded Tinamou_sound\Hooded Tinamou3.wav,converted,True,32000.0,1.0,14.544,507403,465408,3,0.91723541248278,"[mp3 @ 000001e82ea156c0] Estimating duration from bitrate, this may be inaccurate
"
Hooded Tinamou_sound/Hooded Tinamou4,D:\other\Bird\Dataset\CC0\Hooded Tinamou_sound\Hooded Tinamou4.mp3,D:\other\Bird\Code\data\kaggle_training_wav_cache_sp\Hooded Tinamou_sound\Hooded Tinamou4.wav,converted,True,32000.0,1.0,14.544,507403,465408,3,0.91723541248278,"[mp3 @ 0000024ec15256c0] Estimating duration from bitrate, this may be inaccurate
"
Hooded Tinamou_sound/Hooded Tinamou5,D:\other\Bird\Dataset\CC0\Hooded Tinamou_sound\Hooded Tinamou5.mp3,D:\other\Bird\Code\data\kaggle_training_wav_cache_sp\Hooded Tinamou_sound\Hooded Tinamou5.wav,converted,True,32000.0,1.0,14.544,507403,465408,3,0.91723541248278,"[mp3 @ 0000020e7ece56c0] Estimating duration from bitrate, this may be inaccurate
"
Hooded Tinamou_sound/Hooded Tinamou7,D:\other\Bird\Dataset\CC0\Hooded Tinamou_sound\Hooded Tinamou7.mp3,D:\other\Bird\Code\data\kaggle_training_wav_cache_sp\Hooded Tinamou_sound\Hooded Tinamou7.wav,converted,True,32000.0,1.0,7.232,804154,231424,20,0.2877856728935005,"[mp3 @ 000001f0f4fe56c0] Estimating duration from bitrate, this may be inaccurate
"
Hooded Tinamou_sound/Hooded Tinamou8,D:\other\Bird\Dataset\CC0\Hooded Tinamou_sound\Hooded Tinamou8.mp3,D:\other\Bird\Code\data\kaggle_training_wav_cache_sp\Hooded Tinamou_sound\Hooded Tinamou8.wav,converted,True,32000.0,1.0,27.424,908630,877568,1,0.9658144679352432,"Guessed Channel Layout for Input Stream #0.0 : mono
"
Hooded Tinamou_sound/Hooded Tinamou9,D:\other\Bird\Dataset\CC0\Hooded Tinamou_sound\Hooded Tinamou9.mp3,D:\other\Bird\Code\data\kaggle_training_wav_cache_sp\Hooded Tinamou_sound\Hooded Tinamou9.wav,converted,True,32000.0,1.0,27.424,908630,877568,1,0.9658144679352432,"Guessed Channel Layout for Input Stream #0.0 : mono
"
Hooded Tinamou_sound/Hooded Tinamou6,D:\other\Bird\Dataset\CC0\Hooded Tinamou_sound\Hooded Tinamou6.mp3,D:\other\Bird\Code\data\kaggle_training_wav_cache_sp\Hooded Tinamou_sound\Hooded Tinamou6.wav,converted,True,32000.0,1.0,25.232,3688908,807424,60,0.21887886604924817,"[mp3 @ 0000025c9fcf56c0] Estimating duration from bitrate, this may be inaccurate
"
Huayco Tinamou_sound/Huayco Tinamou10,D:\other\Bird\Dataset\CC0\Huayco Tinamou_sound\Huayco Tinamou10.mp3,D:\other\Bird\Code\data\kaggle_training_wav_cache_sp\Huayco Tinamou_sound\Huayco Tinamou10.wav,converted,True,32000.0,1.0,11.46778125,366969,366969,1,1.0,"[mp3 @ 0000026c03dd56c0] Estimating duration from bitrate, this may be inaccurate
"
Huayco Tinamou_sound/Huayco Tinamou11,D:\other\Bird\Dataset\CC0\Huayco Tinamou_sound\Huayco Tinamou11.mp3,D:\other\Bird\Code\data\kaggle_training_wav_cache_sp\Huayco Tinamou_sound\Huayco Tinamou11.wav,converted,True,32000.0,1.0,11.46778125,366969,366969,1,1.0,"[mp3 @ 000002964c7356c0] Estimating duration from bitrate, this may be inaccurate
"
Huayco Tinamou_sound/Huayco Tinamou2,D:\other\Bird\Dataset\CC0\Huayco Tinamou_sound\Huayco Tinamou2.mp3,D:\other\Bird\Code\data\kaggle_training_wav_cache_sp\Huayco Tinamou_sound\Huayco Tinamou2.wav,converted,True,32000.0,1.0,5.36,177408,171520,3,0.9668109668109668,"[mp3 @ 00000296d03c56c0] Estimating duration from bitrate, this may be inaccurate
"
Huayco Tinamou_sound/Huayco Tinamou3,D:\other\Bird\Dataset\CC0\Huayco Tinamou_sound\Huayco Tinamou3.mp3,D:\other\Bird\Code\data\kaggle_training_wav_cache_sp\Huayco Tinamou_sound\Huayco Tinamou3.wav,converted,True,32000.0,1.0,5.36,177408,171520,3,0.9668109668109668,"[mp3 @ 0000027d5dc656c0] Estimating duration from bitrate, this may be inaccurate
"
Huayco Tinamou_sound/Huayco Tinamou4,D:\other\Bird\Dataset\CC0\Huayco Tinamou_sound\Huayco Tinamou4.mp3,D:\other\Bird\Code\data\kaggle_training_wav_cache_sp\Huayco Tinamou_sound\Huayco Tinamou4.wav,too_short_after_preprocess,,,,3.392,2486858,108544,9,0.043647043779741344,
Huayco Tinamou_sound/Huayco Tinamou5,D:\other\Bird\Dataset\CC0\Huayco Tinamou_sound\Huayco Tinamou5.mp3,D:\other\Bird\Code\data\kaggle_training_wav_cache_sp\Huayco Tinamou_sound\Huayco Tinamou5.wav,converted,True,32000.0,1.0,86.75646875,3284623,2776207,168,0.8452132862736454,
Huayco Tinamou_sound/Huayco Tinamou6,D:\other\Bird\Dataset\CC0\Huayco Tinamou_sound\Huayco Tinamou6.mp3,D:\other\Bird\Code\data\kaggle_training_wav_cache_sp\Huayco Tinamou_sound\Huayco Tinamou6.wav,converted,True,32000.0,1.0,24.048,1025672,769536,66,0.7502749416967608,"[mp3 @ 000001a5a4ac56c0] Estimating duration from bitrate, this may be inaccurate
"
Huayco Tinamou_sound/Huayco Tinamou7,D:\other\Bird\Dataset\CC0\Huayco Tinamou_sound\Huayco Tinamou7.mp3,D:\other\Bird\Code\data\kaggle_training_wav_cache_sp\Huayco Tinamou_sound\Huayco Tinamou7.wav,converted,True,32000.0,1.0,34.448,7890234,1102336,244,0.13970891104116812,"[mp3 @ 000001e4293456c0] Estimating duration from bitrate, this may be inaccurate
"
Huayco Tinamou_sound/Huayco Tinamou8,D:\other\Bird\Dataset\CC0\Huayco Tinamou_sound\Huayco Tinamou8.mp3,D:\other\Bird\Code\data\kaggle_training_wav_cache_sp\Huayco Tinamou_sound\Huayco Tinamou8.wav,converted,True,32000.0,1.0,34.448,7890234,1102336,244,0.13970891104116812,"[mp3 @ 000001d0266656c0] Estimating duration from bitrate, this may be inaccurate
"
Lesser Nothura_sound/Lesser Nothura10,D:\other\Bird\Dataset\CC0\Lesser Nothura_sound\Lesser Nothura10.mp3,D:\other\Bird\Code\data\kaggle_training_wav_cache_sp\Lesser Nothura_sound\Lesser Nothura10.wav,converted,True,32000.0,1.0,8.272,303424,264704,17,0.8723897911832946,
Lesser Nothura_sound/Lesser Nothura11,D:\other\Bird\Dataset\CC0\Lesser Nothura_sound\Lesser Nothura11.mp3,D:\other\Bird\Code\data\kaggle_training_wav_cache_sp\Lesser Nothura_sound\Lesser Nothura11.wav,converted,True,32000.0,1.0,7.056,433842,225792,24,0.5204475361998147,"[mp3 @ 00000208f30c56c0] Estimating duration from bitrate, this may be inaccurate
"
Lesser Nothura_sound/Lesser Nothura2,D:\other\Bird\Dataset\CC0\Lesser Nothura_sound\Lesser Nothura2.mp3,D:\other\Bird\Code\data\kaggle_training_wav_cache_sp\Lesser Nothura_sound\Lesser Nothura2.wav,converted,True,32000.0,1.0,25.168,1429421,805376,94,0.5634281292915103,"[mp3 @ 00000226857f56c0] Estimating duration from bitrate, this may be inaccurate
"
Lesser Nothura_sound/Lesser Nothura3,D:\other\Bird\Dataset\CC0\Lesser Nothura_sound\Lesser Nothura3.mp3,D:\other\Bird\Code\data\kaggle_training_wav_cache_sp\Lesser Nothura_sound\Lesser Nothura3.wav,converted,True,32000.0,1.0,25.168,1429421,805376,94,0.5634281292915103,"[mp3 @ 00000298210456c0] Estimating duration from bitrate, this may be inaccurate
"
Lesser Nothura_sound/Lesser Nothura4,D:\other\Bird\Dataset\CC0\Lesser Nothura_sound\Lesser Nothura4.mp3,D:\other\Bird\Code\data\kaggle_training_wav_cache_sp\Lesser Nothura_sound\Lesser Nothura4.wav,converted,True,32000.0,1.0,25.168,1429421,805376,94,0.5634281292915103,"[mp3 @ 000001a7383b56c0] Estimating duration from bitrate, this may be inaccurate
"
Lesser Nothura_sound/Lesser Nothura5,D:\other\Bird\Dataset\CC0\Lesser Nothura_sound\Lesser Nothura5.mp3,D:\other\Bird\Code\data\kaggle_training_wav_cache_sp\Lesser Nothura_sound\Lesser Nothura5.wav,converted,True,32000.0,1.0,6.24565625,200373,199861,2,0.9974447655123195,
Huayco Tinamou_sound/Huayco Tinamou9,D:\other\Bird\Dataset\CC0\Huayco Tinamou_sound\Huayco Tinamou9.mp3,D:\other\Bird\Code\data\kaggle_training_wav_cache_sp\Huayco Tinamou_sound\Huayco Tinamou9.wav,converted,True,32000.0,1.0,34.448,7890234,1102336,244,0.13970891104116812,"[mp3 @ 0000019e01e656c0] Estimating duration from bitrate, this may be inaccurate
"
Lesser Nothura_sound/Lesser Nothura6,D:\other\Bird\Dataset\CC0\Lesser Nothura_sound\Lesser Nothura6.mp3,D:\other\Bird\Code\data\kaggle_training_wav_cache_sp\Lesser Nothura_sound\Lesser Nothura6.wav,converted,True,32000.0,1.0,9.04,511056,289280,38,0.5660436429667199,
Lesser Nothura_sound/Lesser Nothura7,D:\other\Bird\Dataset\CC0\Lesser Nothura_sound\Lesser Nothura7.mp3,D:\other\Bird\Code\data\kaggle_training_wav_cache_sp\Lesser Nothura_sound\Lesser Nothura7.wav,converted,True,32000.0,1.0,9.12765625,388853,292085,19,0.7511450342417314,
Lesser Nothura_sound/Lesser Nothura9,D:\other\Bird\Dataset\CC0\Lesser Nothura_sound\Lesser Nothura9.mp3,D:\other\Bird\Code\data\kaggle_training_wav_cache_sp\Lesser Nothura_sound\Lesser Nothura9.wav,converted,True,32000.0,1.0,8.272,303424,264704,17,0.8723897911832946,
Lesser Nothura_sound/Lesser Nothura8,D:\other\Bird\Dataset\CC0\Lesser Nothura_sound\Lesser Nothura8.mp3,D:\other\Bird\Code\data\kaggle_training_wav_cache_sp\Lesser Nothura_sound\Lesser Nothura8.wav,converted,True,32000.0,1.0,12.84446875,423823,411023,8,0.9697987131420428,
Little Chachalaca_sound/Little Chachalaca10,D:\other\Bird\Dataset\CC0\Little Chachalaca_sound\Little Chachalaca10.mp3,D:\other\Bird\Code\data\kaggle_training_wav_cache_sp\Little Chachalaca_sound\Little Chachalaca10.wav,converted,True,32000.0,1.0,11.648,387624,372736,1,0.9615916455121458,
Little Chachalaca_sound/Little Chachalaca11,D:\other\Bird\Dataset\CC0\Little Chachalaca_sound\Little Chachalaca11.mp3,D:\other\Bird\Code\data\kaggle_training_wav_cache_sp\Little Chachalaca_sound\Little Chachalaca11.wav,converted,True,32000.0,1.0,11.648,387624,372736,1,0.9615916455121458,
Little Chachalaca_sound/Little Chachalaca13,D:\other\Bird\Dataset\CC0\Little Chachalaca_sound\Little Chachalaca13.mp3,D:\other\Bird\Code\data\kaggle_training_wav_cache_sp\Little Chachalaca_sound\Little Chachalaca13.wav,converted,True,32000.0,1.0,10.24028125,333321,327689,4,0.9831033748248685,
Little Chachalaca_sound/Little Chachalaca12,D:\other\Bird\Dataset\CC0\Little Chachalaca_sound\Little Chachalaca12.mp3,D:\other\Bird\Code\data\kaggle_training_wav_cache_sp\Little Chachalaca_sound\Little Chachalaca12.wav,converted,True,32000.0,1.0,11.648,387624,372736,1,0.9615916455121458,
Little Chachalaca_sound/Little Chachalaca15,D:\other\Bird\Dataset\CC0\Little Chachalaca_sound\Little Chachalaca15.mp3,D:\other\Bird\Code\data\kaggle_training_wav_cache_sp\Little Chachalaca_sound\Little Chachalaca15.wav,converted,True,32000.0,1.0,9.472,361434,303104,3,0.8386150721846866,
Little Chachalaca_sound/Little Chachalaca16,D:\other\Bird\Dataset\CC0\Little Chachalaca_sound\Little Chachalaca16.mp3,D:\other\Bird\Code\data\kaggle_training_wav_cache_sp\Little Chachalaca_sound\Little Chachalaca16.wav,converted,True,32000.0,1.0,9.472,361434,303104,3,0.8386150721846866,
Little Chachalaca_sound/Little Chachalaca14,D:\other\Bird\Dataset\CC0\Little Chachalaca_sound\Little Chachalaca14.mp3,D:\other\Bird\Code\data\kaggle_training_wav_cache_sp\Little Chachalaca_sound\Little Chachalaca14.wav,converted,True,32000.0,1.0,55.328,1810753,1770496,5,0.9777678126171819,
Little Chachalaca_sound/Little Chachalaca17,D:\other\Bird\Dataset\CC0\Little Chachalaca_sound\Little Chachalaca17.mp3,D:\other\Bird\Code\data\kaggle_training_wav_cache_sp\Little Chachalaca_sound\Little Chachalaca17.wav,converted,True,32000.0,1.0,47.12,1538090,1507840,2,0.9803327503592117,"[mp3 @ 0000018999e85680] Estimating duration from bitrate, this may be inaccurate
"
Little Chachalaca_sound/Little Chachalaca18,D:\other\Bird\Dataset\CC0\Little Chachalaca_sound\Little Chachalaca18.mp3,D:\other\Bird\Code\data\kaggle_training_wav_cache_sp\Little Chachalaca_sound\Little Chachalaca18.wav,converted,True,32000.0,1.0,47.12,1538090,1507840,2,0.9803327503592117,"[mp3 @ 0000027877985680] Estimating duration from bitrate, this may be inaccurate
"
Little Chachalaca_sound/Little Chachalaca19,D:\other\Bird\Dataset\CC0\Little Chachalaca_sound\Little Chachalaca19.mp3,D:\other\Bird\Code\data\kaggle_training_wav_cache_sp\Little Chachalaca_sound\Little Chachalaca19.wav,converted,True,32000.0,1.0,47.12,1538090,1507840,2,0.9803327503592117,"[mp3 @ 000001b712be5680] Estimating duration from bitrate, this may be inaccurate
"
Little Chachalaca_sound/Little Chachalaca20,D:\other\Bird\Dataset\CC0\Little Chachalaca_sound\Little Chachalaca20.mp3,D:\other\Bird\Code\data\kaggle_training_wav_cache_sp\Little Chachalaca_sound\Little Chachalaca20.wav,converted,True,32000.0,1.0,18.768,716383,600576,5,0.8383448518460097,"[mp3 @ 0000013408325680] Estimating duration from bitrate, this may be inaccurate
"
Little Chachalaca_sound/Little Chachalaca21,D:\other\Bird\Dataset\CC0\Little Chachalaca_sound\Little Chachalaca21.mp3,D:\other\Bird\Code\data\kaggle_training_wav_cache_sp\Little Chachalaca_sound\Little Chachalaca21.wav,converted,True,32000.0,1.0,8.1799375,261758,261758,1,1.0,
Little Chachalaca_sound/Little Chachalaca2,D:\other\Bird\Dataset\CC0\Little Chachalaca_sound\Little Chachalaca2.mp3,D:\other\Bird\Code\data\kaggle_training_wav_cache_sp\Little Chachalaca_sound\Little Chachalaca2.wav,converted,True,32000.0,1.0,76.50546875,2467631,2448175,12,0.9921155148399416,
Little Chachalaca_sound/Little Chachalaca23,D:\other\Bird\Dataset\CC0\Little Chachalaca_sound\Little Chachalaca23.mp3,D:\other\Bird\Code\data\kaggle_training_wav_cache_sp\Little Chachalaca_sound\Little Chachalaca23.wav,converted,True,32000.0,1.0,24.0,914392,768000,39,0.839902361350493,
Little Chachalaca_sound/Little Chachalaca22,D:\other\Bird\Dataset\CC0\Little Chachalaca_sound\Little Chachalaca22.mp3,D:\other\Bird\Code\data\kaggle_training_wav_cache_sp\Little Chachalaca_sound\Little Chachalaca22.wav,converted,True,32000.0,1.0,27.552,941378,881664,39,0.9365674574931643,
Little Chachalaca_sound/Little Chachalaca25,D:\other\Bird\Dataset\CC0\Little Chachalaca_sound\Little Chachalaca25.mp3,D:\other\Bird\Code\data\kaggle_training_wav_cache_sp\Little Chachalaca_sound\Little Chachalaca25.wav,converted,True,32000.0,1.0,10.15421875,324935,324935,1,1.0,
Little Chachalaca_sound/Little Chachalaca24,D:\other\Bird\Dataset\CC0\Little Chachalaca_sound\Little Chachalaca24.mp3,D:\other\Bird\Code\data\kaggle_training_wav_cache_sp\Little Chachalaca_sound\Little Chachalaca24.wav,converted,True,32000.0,1.0,13.7891875,441254,441254,1,1.0,
Little Chachalaca_sound/Little Chachalaca26,D:\other\Bird\Dataset\CC0\Little Chachalaca_sound\Little Chachalaca26.mp3,D:\other\Bird\Code\data\kaggle_training_wav_cache_sp\Little Chachalaca_sound\Little Chachalaca26.wav,converted,True,32000.0,1.0,22.784,2422656,729088,73,0.30094573889153065,"[mp3 @ 000001fc152e5680] Estimating duration from bitrate, this may be inaccurate
"
Little Chachalaca_sound/Little Chachalaca27,D:\other\Bird\Dataset\CC0\Little Chachalaca_sound\Little Chachalaca27.mp3,D:\other\Bird\Code\data\kaggle_training_wav_cache_sp\Little Chachalaca_sound\Little Chachalaca27.wav,converted,True,32000.0,1.0,22.784,2422656,729088,73,0.30094573889153065,"[mp3 @ 000001ed486e5680] Estimating duration from bitrate, this may be inaccurate
"
Little Chachalaca_sound/Little Chachalaca28,D:\other\Bird\Dataset\CC0\Little Chachalaca_sound\Little Chachalaca28.mp3,D:\other\Bird\Code\data\kaggle_training_wav_cache_sp\Little Chachalaca_sound\Little Chachalaca28.wav,converted,True,32000.0,1.0,24.704,801645,790528,4,0.986132265529006,"[mp3 @ 0000025655085680] Estimating duration from bitrate, this may be inaccurate
"
Little Chachalaca_sound/Little Chachalaca29,D:\other\Bird\Dataset\CC0\Little Chachalaca_sound\Little Chachalaca29.mp3,D:\other\Bird\Code\data\kaggle_training_wav_cache_sp\Little Chachalaca_sound\Little Chachalaca29.wav,converted,True,32000.0,1.0,24.704,801645,790528,4,0.986132265529006,"[mp3 @ 000002742b3d5680] Estimating duration from bitrate, this may be inaccurate
"
Little Chachalaca_sound/Little Chachalaca30,D:\other\Bird\Dataset\CC0\Little Chachalaca_sound\Little Chachalaca30.mp3,D:\other\Bird\Code\data\kaggle_training_wav_cache_sp\Little Chachalaca_sound\Little Chachalaca30.wav,converted,True,32000.0,1.0,24.704,801645,790528,4,0.986132265529006,"[mp3 @ 000001e961be5680] Estimating duration from bitrate, this may be inaccurate
"
Little Chachalaca_sound/Little Chachalaca31,D:\other\Bird\Dataset\CC0\Little Chachalaca_sound\Little Chachalaca31.mp3,D:\other\Bird\Code\data\kaggle_training_wav_cache_sp\Little Chachalaca_sound\Little Chachalaca31.wav,converted,True,32000.0,1.0,15.072,483997,482304,1,0.9965020444341597,"[mp3 @ 0000024565325680] Estimating duration from bitrate, this may be inaccurate
"
Little Chachalaca_sound/Little Chachalaca3,D:\other\Bird\Dataset\CC0\Little Chachalaca_sound\Little Chachalaca3.mp3,D:\other\Bird\Code\data\kaggle_training_wav_cache_sp\Little Chachalaca_sound\Little Chachalaca3.wav,converted,True,32000.0,1.0,76.50546875,2467631,2448175,12,0.9921155148399416,
Little Chachalaca_sound/Little Chachalaca4,D:\other\Bird\Dataset\CC0\Little Chachalaca_sound\Little Chachalaca4.mp3,D:\other\Bird\Code\data\kaggle_training_wav_cache_sp\Little Chachalaca_sound\Little Chachalaca4.wav,converted,True,32000.0,1.0,19.936,1506325,637952,9,0.42351550960118167,"[mp3 @ 000001189d335680] Estimating duration from bitrate, this may be inaccurate
"
Little Chachalaca_sound/Little Chachalaca5,D:\other\Bird\Dataset\CC0\Little Chachalaca_sound\Little Chachalaca5.mp3,D:\other\Bird\Code\data\kaggle_training_wav_cache_sp\Little Chachalaca_sound\Little Chachalaca5.wav,converted,True,32000.0,1.0,19.936,1506325,637952,9,0.42351550960118167,"[mp3 @ 000002922aa75680] Estimating duration from bitrate, this may be inaccurate
"
Little Chachalaca_sound/Little Chachalaca7,D:\other\Bird\Dataset\CC0\Little Chachalaca_sound\Little Chachalaca7.mp3,D:\other\Bird\Code\data\kaggle_training_wav_cache_sp\Little Chachalaca_sound\Little Chachalaca7.wav,converted,True,32000.0,1.0,63.936,2075651,2045952,2,0.9856917179236779,
Little Chachalaca_sound/Little Chachalaca8,D:\other\Bird\Dataset\CC0\Little Chachalaca_sound\Little Chachalaca8.mp3,D:\other\Bird\Code\data\kaggle_training_wav_cache_sp\Little Chachalaca_sound\Little Chachalaca8.wav,converted,True,32000.0,1.0,11.648,387624,372736,1,0.9615916455121458,
Little Chachalaca_sound/Little Chachalaca9,D:\other\Bird\Dataset\CC0\Little Chachalaca_sound\Little Chachalaca9.mp3,D:\other\Bird\Code\data\kaggle_training_wav_cache_sp\Little Chachalaca_sound\Little Chachalaca9.wav,converted,True,32000.0,1.0,11.648,387624,372736,1,0.9615916455121458,
Little Spotted Kiwi_sound/Little Spotted Kiwi2,D:\other\Bird\Dataset\CC0\Little Spotted Kiwi_sound\Little Spotted Kiwi2.mp3,D:\other\Bird\Code\data\kaggle_training_wav_cache_sp\Little Spotted Kiwi_sound\Little Spotted Kiwi2.wav,converted,True,32000.0,1.0,5.476,175232,175232,1,1.0,
Little Spotted Kiwi_sound/Little Spotted Kiwi3,D:\other\Bird\Dataset\CC0\Little Spotted Kiwi_sound\Little Spotted Kiwi3.mp3,D:\other\Bird\Code\data\kaggle_training_wav_cache_sp\Little Spotted Kiwi_sound\Little Spotted Kiwi3.wav,converted,True,32000.0,1.0,5.476,175232,175232,1,1.0,
Little Spotted Kiwi_sound/Little Spotted Kiwi4,D:\other\Bird\Dataset\CC0\Little Spotted Kiwi_sound\Little Spotted Kiwi4.mp3,D:\other\Bird\Code\data\kaggle_training_wav_cache_sp\Little Spotted Kiwi_sound\Little Spotted Kiwi4.wav,converted,True,32000.0,1.0,16.656,536660,532992,3,0.9931651324861178,"[mp3 @ 00000178820656c0] Estimating duration from bitrate, this may be inaccurate
"
Little Chachalaca_sound/Little Chachalaca6,D:\other\Bird\Dataset\CC0\Little Chachalaca_sound\Little Chachalaca6.mp3,D:\other\Bird\Code\data\kaggle_training_wav_cache_sp\Little Chachalaca_sound\Little Chachalaca6.wav,converted,True,32000.0,1.0,208.688,6721536,6678016,13,0.9935252894576477,"[mp3 @ 0000029832ae5680] Estimating duration from bitrate, this may be inaccurate
"
Little Spotted Kiwi_sound/Little Spotted Kiwi5,D:\other\Bird\Dataset\CC0\Little Spotted Kiwi_sound\Little Spotted Kiwi5.mp3,D:\other\Bird\Code\data\kaggle_training_wav_cache_sp\Little Spotted Kiwi_sound\Little Spotted Kiwi5.wav,converted,True,32000.0,1.0,47.184,1646760,1509888,1,0.9168840632514756,"[mp3 @ 000001e2f9b256c0] Estimating duration from bitrate, this may be inaccurate
[mp3float @ 000001e2f9b27b80] Header missing
Error while decoding stream #0:0: Invalid data found when processing input
"
Little Spotted Kiwi_sound/Little Spotted Kiwi6,D:\other\Bird\Dataset\CC0\Little Spotted Kiwi_sound\Little Spotted Kiwi6.mp3,D:\other\Bird\Code\data\kaggle_training_wav_cache_sp\Little Spotted Kiwi_sound\Little Spotted Kiwi6.wav,converted,True,32000.0,1.0,47.184,1646760,1509888,1,0.9168840632514756,"[mp3 @ 0000022d02fd56c0] Estimating duration from bitrate, this may be inaccurate
[mp3float @ 0000022d02fd7b80] Header missing
Error while decoding stream #0:0: Invalid data found when processing input
"
Little Spotted Kiwi_sound/Little Spotted Kiwi7,D:\other\Bird\Dataset\CC0\Little Spotted Kiwi_sound\Little Spotted Kiwi7.mp3,D:\other\Bird\Code\data\kaggle_training_wav_cache_sp\Little Spotted Kiwi_sound\Little Spotted Kiwi7.wav,converted,True,32000.0,1.0,15.728,664126,503296,34,0.757832098125958,
Little Tinamou_sound/Little Tinamou11,D:\other\Bird\Dataset\CC0\Little Tinamou_sound\Little Tinamou11.mp3,D:\other\Bird\Code\data\kaggle_training_wav_cache_sp\Little Tinamou_sound\Little Tinamou11.wav,converted,True,32000.0,1.0,13.52,434678,432640,1,0.9953114719401488,
Little Tinamou_sound/Little Tinamou10,D:\other\Bird\Dataset\CC0\Little Tinamou_sound\Little Tinamou10.mp3,D:\other\Bird\Code\data\kaggle_training_wav_cache_sp\Little Tinamou_sound\Little Tinamou10.wav,converted,True,32000.0,1.0,39.22878125,1255321,1255321,1,1.0,
Little Tinamou_sound/Little Tinamou12,D:\other\Bird\Dataset\CC0\Little Tinamou_sound\Little Tinamou12.mp3,D:\other\Bird\Code\data\kaggle_training_wav_cache_sp\Little Tinamou_sound\Little Tinamou12.wav,converted,True,32000.0,1.0,13.52,434678,432640,1,0.9953114719401488,
Little Tinamou_sound/Little Tinamou13,D:\other\Bird\Dataset\CC0\Little Tinamou_sound\Little Tinamou13.mp3,D:\other\Bird\Code\data\kaggle_training_wav_cache_sp\Little Tinamou_sound\Little Tinamou13.wav,converted,True,32000.0,1.0,13.52,434678,432640,1,0.9953114719401488,
Little Tinamou_sound/Little Tinamou14,D:\other\Bird\Dataset\CC0\Little Tinamou_sound\Little Tinamou14.mp3,D:\other\Bird\Code\data\kaggle_training_wav_cache_sp\Little Tinamou_sound\Little Tinamou14.wav,converted,True,32000.0,1.0,13.52,434678,432640,1,0.9953114719401488,
Little Tinamou_sound/Little Tinamou15,D:\other\Bird\Dataset\CC0\Little Tinamou_sound\Little Tinamou15.mp3,D:\other\Bird\Code\data\kaggle_training_wav_cache_sp\Little Tinamou_sound\Little Tinamou15.wav,converted,True,32000.0,1.0,13.52,434678,432640,1,0.9953114719401488,
Little Tinamou_sound/Little Tinamou17,D:\other\Bird\Dataset\CC0\Little Tinamou_sound\Little Tinamou17.mp3,D:\other\Bird\Code\data\kaggle_training_wav_cache_sp\Little Tinamou_sound\Little Tinamou17.wav,converted,True,32000.0,1.0,19.64409375,628611,628611,1,1.0,"[mp3 @ 0000027a639e56c0] Estimating duration from bitrate, this may be inaccurate
"
Little Tinamou_sound/Little Tinamou16,D:\other\Bird\Dataset\CC0\Little Tinamou_sound\Little Tinamou16.mp3,D:\other\Bird\Code\data\kaggle_training_wav_cache_sp\Little Tinamou_sound\Little Tinamou16.wav,converted,True,32000.0,1.0,9.872,1291586,315904,16,0.24458611350695966,
Little Tinamou_sound/Little Tinamou18,D:\other\Bird\Dataset\CC0\Little Tinamou_sound\Little Tinamou18.mp3,D:\other\Bird\Code\data\kaggle_training_wav_cache_sp\Little Tinamou_sound\Little Tinamou18.wav,converted,True,32000.0,1.0,19.64409375,628611,628611,1,1.0,"[mp3 @ 00000279710156c0] Estimating duration from bitrate, this may be inaccurate
"
Little Tinamou_sound/Little Tinamou19,D:\other\Bird\Dataset\CC0\Little Tinamou_sound\Little Tinamou19.mp3,D:\other\Bird\Code\data\kaggle_training_wav_cache_sp\Little Tinamou_sound\Little Tinamou19.wav,converted,True,32000.0,1.0,9.872,1569854,315904,7,0.2012314520968192,"[mp3 @ 000001fa943056c0] Estimating duration from bitrate, this may be inaccurate
"
Little Tinamou_sound/Little Tinamou2,D:\other\Bird\Dataset\CC0\Little Tinamou_sound\Little Tinamou2.mp3,D:\other\Bird\Code\data\kaggle_training_wav_cache_sp\Little Tinamou_sound\Little Tinamou2.wav,converted,True,32000.0,1.0,31.824,1205395,1018368,31,0.844841732378183,"[mp3 @ 000001e36bca56c0] Estimating duration from bitrate, this may be inaccurate
"
Little Tinamou_sound/Little Tinamou20,D:\other\Bird\Dataset\CC0\Little Tinamou_sound\Little Tinamou20.mp3,D:\other\Bird\Code\data\kaggle_training_wav_cache_sp\Little Tinamou_sound\Little Tinamou20.wav,converted,True,32000.0,1.0,9.872,1569854,315904,7,0.2012314520968192,"[mp3 @ 0000025d31b156c0] Estimating duration from bitrate, this may be inaccurate
"
Little Tinamou_sound/Little Tinamou21,D:\other\Bird\Dataset\CC0\Little Tinamou_sound\Little Tinamou21.mp3,D:\other\Bird\Code\data\kaggle_training_wav_cache_sp\Little Tinamou_sound\Little Tinamou21.wav,converted,True,32000.0,1.0,15.682625,1047636,501844,29,0.4790251575929044,
Little Tinamou_sound/Little Tinamou22,D:\other\Bird\Dataset\CC0\Little Tinamou_sound\Little Tinamou22.mp3,D:\other\Bird\Code\data\kaggle_training_wav_cache_sp\Little Tinamou_sound\Little Tinamou22.wav,converted,True,32000.0,1.0,15.682625,1047636,501844,29,0.4790251575929044,
Little Tinamou_sound/Little Tinamou23,D:\other\Bird\Dataset\CC0\Little Tinamou_sound\Little Tinamou23.mp3,D:\other\Bird\Code\data\kaggle_training_wav_cache_sp\Little Tinamou_sound\Little Tinamou23.wav,converted,True,32000.0,1.0,15.682625,1047636,501844,29,0.4790251575929044,
Little Tinamou_sound/Little Tinamou25,D:\other\Bird\Dataset\CC0\Little Tinamou_sound\Little Tinamou25.mp3,D:\other\Bird\Code\data\kaggle_training_wav_cache_sp\Little Tinamou_sound\Little Tinamou25.wav,converted,True,32000.0,1.0,15.682625,1047636,501844,29,0.4790251575929044,
Little Tinamou_sound/Little Tinamou24,D:\other\Bird\Dataset\CC0\Little Tinamou_sound\Little Tinamou24.mp3,D:\other\Bird\Code\data\kaggle_training_wav_cache_sp\Little Tinamou_sound\Little Tinamou24.wav,converted,True,32000.0,1.0,15.682625,1047636,501844,29,0.4790251575929044,
Little Tinamou_sound/Little Tinamou27,D:\other\Bird\Dataset\CC0\Little Tinamou_sound\Little Tinamou27.mp3,D:\other\Bird\Code\data\kaggle_training_wav_cache_sp\Little Tinamou_sound\Little Tinamou27.wav,converted,True,32000.0,1.0,15.682625,1047636,501844,29,0.4790251575929044,
Little Tinamou_sound/Little Tinamou26,D:\other\Bird\Dataset\CC0\Little Tinamou_sound\Little Tinamou26.mp3,D:\other\Bird\Code\data\kaggle_training_wav_cache_sp\Little Tinamou_sound\Little Tinamou26.wav,converted,True,32000.0,1.0,15.682625,1047636,501844,29,0.4790251575929044,
Little Tinamou_sound/Little Tinamou29,D:\other\Bird\Dataset\CC0\Little Tinamou_sound\Little Tinamou29.mp3,D:\other\Bird\Code\data\kaggle_training_wav_cache_sp\Little Tinamou_sound\Little Tinamou29.wav,converted,True,32000.0,1.0,15.682625,1047636,501844,29,0.4790251575929044,
Little Tinamou_sound/Little Tinamou28,D:\other\Bird\Dataset\CC0\Little Tinamou_sound\Little Tinamou28.mp3,D:\other\Bird\Code\data\kaggle_training_wav_cache_sp\Little Tinamou_sound\Little Tinamou28.wav,converted,True,32000.0,1.0,15.682625,1047636,501844,29,0.4790251575929044,
Little Tinamou_sound/Little Tinamou30,D:\other\Bird\Dataset\CC0\Little Tinamou_sound\Little Tinamou30.mp3,D:\other\Bird\Code\data\kaggle_training_wav_cache_sp\Little Tinamou_sound\Little Tinamou30.wav,converted,True,32000.0,1.0,15.682625,1047636,501844,29,0.4790251575929044,
Little Tinamou_sound/Little Tinamou3,D:\other\Bird\Dataset\CC0\Little Tinamou_sound\Little Tinamou3.mp3,D:\other\Bird\Code\data\kaggle_training_wav_cache_sp\Little Tinamou_sound\Little Tinamou3.wav,converted,True,32000.0,1.0,31.824,1205395,1018368,31,0.844841732378183,"[mp3 @ 0000013bae2556c0] Estimating duration from bitrate, this may be inaccurate
"
Little Tinamou_sound/Little Tinamou4,D:\other\Bird\Dataset\CC0\Little Tinamou_sound\Little Tinamou4.mp3,D:\other\Bird\Code\data\kaggle_training_wav_cache_sp\Little Tinamou_sound\Little Tinamou4.wav,converted,True,32000.0,1.0,31.824,1205395,1018368,31,0.844841732378183,"[mp3 @ 000002451fb456c0] Estimating duration from bitrate, this may be inaccurate
"
Little Tinamou_sound/Little Tinamou5,D:\other\Bird\Dataset\CC0\Little Tinamou_sound\Little Tinamou5.mp3,D:\other\Bird\Code\data\kaggle_training_wav_cache_sp\Little Tinamou_sound\Little Tinamou5.wav,converted,True,32000.0,1.0,31.824,1205395,1018368,31,0.844841732378183,"[mp3 @ 0000020d965556c0] Estimating duration from bitrate, this may be inaccurate
"
Little Tinamou_sound/Little Tinamou6,D:\other\Bird\Dataset\CC0\Little Tinamou_sound\Little Tinamou6.mp3,D:\other\Bird\Code\data\kaggle_training_wav_cache_sp\Little Tinamou_sound\Little Tinamou6.wav,converted,True,32000.0,1.0,12.24,513254,391680,15,0.7631309254287351,"[mp3 @ 0000020feb4e56c0] Estimating duration from bitrate, this may be inaccurate
"
Little Tinamou_sound/Little Tinamou31,D:\other\Bird\Dataset\CC0\Little Tinamou_sound\Little Tinamou31.mp3,D:\other\Bird\Code\data\kaggle_training_wav_cache_sp\Little Tinamou_sound\Little Tinamou31.wav,converted,True,32000.0,1.0,48.512,4368510,1552384,122,0.355357776450094,"[mp3 @ 000001abbd6456c0] Estimating duration from bitrate, this may be inaccurate
"
Little Tinamou_sound/Little Tinamou7,D:\other\Bird\Dataset\CC0\Little Tinamou_sound\Little Tinamou7.mp3,D:\other\Bird\Code\data\kaggle_training_wav_cache_sp\Little Tinamou_sound\Little Tinamou7.wav,converted,True,32000.0,1.0,39.22878125,1255321,1255321,1,1.0,
Little Tinamou_sound/Little Tinamou8,D:\other\Bird\Dataset\CC0\Little Tinamou_sound\Little Tinamou8.mp3,D:\other\Bird\Code\data\kaggle_training_wav_cache_sp\Little Tinamou_sound\Little Tinamou8.wav,converted,True,32000.0,1.0,39.22878125,1255321,1255321,1,1.0,
Maleo_sound/Maleo2,D:\other\Bird\Dataset\CC0\Maleo_sound\Maleo2.mp3,D:\other\Bird\Code\data\kaggle_training_wav_cache_sp\Maleo_sound\Maleo2.wav,converted,True,32000.0,1.0,12.096,387072,387072,1,1.0,"[mp3 @ 000001824d4e5600] Estimating duration from bitrate, this may be inaccurate
"
Little Tinamou_sound/Little Tinamou9,D:\other\Bird\Dataset\CC0\Little Tinamou_sound\Little Tinamou9.mp3,D:\other\Bird\Code\data\kaggle_training_wav_cache_sp\Little Tinamou_sound\Little Tinamou9.wav,converted,True,32000.0,1.0,39.22878125,1255321,1255321,1,1.0,
Maleo_sound/Maleo3,D:\other\Bird\Dataset\CC0\Maleo_sound\Maleo3.mp3,D:\other\Bird\Code\data\kaggle_training_wav_cache_sp\Maleo_sound\Maleo3.wav,converted,True,32000.0,1.0,12.096,387072,387072,1,1.0,"[mp3 @ 000002b9d4a95600] Estimating duration from bitrate, this may be inaccurate
"
Maleo_sound/Maleo4,D:\other\Bird\Dataset\CC0\Maleo_sound\Maleo4.mp3,D:\other\Bird\Code\data\kaggle_training_wav_cache_sp\Maleo_sound\Maleo4.wav,converted,True,32000.0,1.0,12.096,387072,387072,1,1.0,"[mp3 @ 000001db501a5600] Estimating duration from bitrate, this may be inaccurate
"
Maleo_sound/Maleo5,D:\other\Bird\Dataset\CC0\Maleo_sound\Maleo5.mp3,D:\other\Bird\Code\data\kaggle_training_wav_cache_sp\Maleo_sound\Maleo5.wav,converted,True,32000.0,1.0,12.096,387072,387072,1,1.0,"[mp3 @ 00000270f21a5600] Estimating duration from bitrate, this may be inaccurate
"
Maleo_sound/Maleo6,D:\other\Bird\Dataset\CC0\Maleo_sound\Maleo6.mp3,D:\other\Bird\Code\data\kaggle_training_wav_cache_sp\Maleo_sound\Maleo6.wav,converted,True,32000.0,1.0,12.096,387072,387072,1,1.0,"[mp3 @ 0000020a77b65600] Estimating duration from bitrate, this may be inaccurate
"
Maleo_sound/Maleo7,D:\other\Bird\Dataset\CC0\Maleo_sound\Maleo7.mp3,D:\other\Bird\Code\data\kaggle_training_wav_cache_sp\Maleo_sound\Maleo7.wav,converted,True,32000.0,1.0,12.096,387072,387072,1,1.0,"[mp3 @ 000001e755005600] Estimating duration from bitrate, this may be inaccurate
"
Maleo_sound/Maleo8,D:\other\Bird\Dataset\CC0\Maleo_sound\Maleo8.mp3,D:\other\Bird\Code\data\kaggle_training_wav_cache_sp\Maleo_sound\Maleo8.wav,converted,True,32000.0,1.0,12.096,387072,387072,1,1.0,"[mp3 @ 00000229d43e5600] Estimating duration from bitrate, this may be inaccurate
"
Malleefowl_sound/Malleefowl3,D:\other\Bird\Dataset\CC0\Malleefowl_sound\Malleefowl3.mp3,D:\other\Bird\Code\data\kaggle_training_wav_cache_sp\Malleefowl_sound\Malleefowl3.wav,converted,True,32000.0,1.0,26.0,862810,832000,12,0.9642910953744162,
Malleefowl_sound/Malleefowl2,D:\other\Bird\Dataset\CC0\Malleefowl_sound\Malleefowl2.mp3,D:\other\Bird\Code\data\kaggle_training_wav_cache_sp\Malleefowl_sound\Malleefowl2.wav,converted,True,32000.0,1.0,5.264,1856000,168448,18,0.09075862068965518,
Malleefowl_sound/Malleefowl4,D:\other\Bird\Dataset\CC0\Malleefowl_sound\Malleefowl4.mp3,D:\other\Bird\Code\data\kaggle_training_wav_cache_sp\Malleefowl_sound\Malleefowl4.wav,converted,True,32000.0,1.0,17.408,726400,557056,18,0.7668722466960353,
Malleefowl_sound/Malleefowl5,D:\other\Bird\Dataset\CC0\Malleefowl_sound\Malleefowl5.mp3,D:\other\Bird\Code\data\kaggle_training_wav_cache_sp\Malleefowl_sound\Malleefowl5.wav,converted,True,32000.0,1.0,19.98825,642696,639624,2,0.995220135180552,
Malleefowl_sound/Malleefowl6,D:\other\Bird\Dataset\CC0\Malleefowl_sound\Malleefowl6.mp3,D:\other\Bird\Code\data\kaggle_training_wav_cache_sp\Malleefowl_sound\Malleefowl6.wav,converted,True,32000.0,1.0,27.06625,866120,866120,1,1.0,
Malleefowl_sound/Malleefowl7,D:\other\Bird\Dataset\CC0\Malleefowl_sound\Malleefowl7.mp3,D:\other\Bird\Code\data\kaggle_training_wav_cache_sp\Malleefowl_sound\Malleefowl7.wav,converted,True,32000.0,1.0,27.06625,866120,866120,1,1.0,
Malleefowl_sound/Malleefowl8,D:\other\Bird\Dataset\CC0\Malleefowl_sound\Malleefowl8.mp3,D:\other\Bird\Code\data\kaggle_training_wav_cache_sp\Malleefowl_sound\Malleefowl8.wav,converted,True,32000.0,1.0,12.096,387072,387072,1,1.0,"[mp3 @ 000002e19f5f56c0] Estimating duration from bitrate, this may be inaccurate
"
Marail Guan_sound/Marail Guan10,D:\other\Bird\Dataset\CC0\Marail Guan_sound\Marail Guan10.mp3,D:\other\Bird\Code\data\kaggle_training_wav_cache_sp\Marail Guan_sound\Marail Guan10.wav,converted,True,32000.0,1.0,5.74696875,183903,183903,1,1.0,"[mp3 @ 0000024f7b0956c0] Estimating duration from bitrate, this may be inaccurate
"
Malleefowl_sound/Malleefowl9,D:\other\Bird\Dataset\CC0\Malleefowl_sound\Malleefowl9.mp3,D:\other\Bird\Code\data\kaggle_training_wav_cache_sp\Malleefowl_sound\Malleefowl9.wav,converted,True,32000.0,1.0,12.096,387072,387072,1,1.0,"[mp3 @ 0000010d61da56c0] Estimating duration from bitrate, this may be inaccurate
"
Marail Guan_sound/Marail Guan11,D:\other\Bird\Dataset\CC0\Marail Guan_sound\Marail Guan11.mp3,D:\other\Bird\Code\data\kaggle_training_wav_cache_sp\Marail Guan_sound\Marail Guan11.wav,too_short_after_preprocess,,,,4.83265625,154645,154645,1,1.0,
Marail Guan_sound/Marail Guan12,D:\other\Bird\Dataset\CC0\Marail Guan_sound\Marail Guan12.mp3,D:\other\Bird\Code\data\kaggle_training_wav_cache_sp\Marail Guan_sound\Marail Guan12.wav,converted,True,32000.0,1.0,17.872,590793,571904,1,0.968027718676423,
Marail Guan_sound/Marail Guan13,D:\other\Bird\Dataset\CC0\Marail Guan_sound\Marail Guan13.mp3,D:\other\Bird\Code\data\kaggle_training_wav_cache_sp\Marail Guan_sound\Marail Guan13.wav,converted,True,32000.0,1.0,7.0728125,226330,226330,1,1.0,
Marail Guan_sound/Marail Guan14,D:\other\Bird\Dataset\CC0\Marail Guan_sound\Marail Guan14.mp3,D:\other\Bird\Code\data\kaggle_training_wav_cache_sp\Marail Guan_sound\Marail Guan14.wav,converted,True,32000.0,1.0,7.0728125,226330,226330,1,1.0,
Marail Guan_sound/Marail Guan15,D:\other\Bird\Dataset\CC0\Marail Guan_sound\Marail Guan15.mp3,D:\other\Bird\Code\data\kaggle_training_wav_cache_sp\Marail Guan_sound\Marail Guan15.wav,converted,True,32000.0,1.0,8.48,272510,271360,1,0.9957799713771972,"[mp3 @ 00000220daff56c0] Estimating duration from bitrate, this may be inaccurate
"
Marail Guan_sound/Marail Guan16,D:\other\Bird\Dataset\CC0\Marail Guan_sound\Marail Guan16.mp3,D:\other\Bird\Code\data\kaggle_training_wav_cache_sp\Marail Guan_sound\Marail Guan16.wav,converted,True,32000.0,1.0,10.608,346717,339456,2,0.9790578483316364,
Marail Guan_sound/Marail Guan17,D:\other\Bird\Dataset\CC0\Marail Guan_sound\Marail Guan17.mp3,D:\other\Bird\Code\data\kaggle_training_wav_cache_sp\Marail Guan_sound\Marail Guan17.wav,converted,True,32000.0,1.0,15.74953125,503985,503985,1,1.0,
Marail Guan_sound/Marail Guan18,D:\other\Bird\Dataset\CC0\Marail Guan_sound\Marail Guan18.mp3,D:\other\Bird\Code\data\kaggle_training_wav_cache_sp\Marail Guan_sound\Marail Guan18.wav,converted,True,32000.0,1.0,15.74953125,503985,503985,1,1.0,
Marail Guan_sound/Marail Guan2,D:\other\Bird\Dataset\CC0\Marail Guan_sound\Marail Guan2.mp3,D:\other\Bird\Code\data\kaggle_training_wav_cache_sp\Marail Guan_sound\Marail Guan2.wav,converted,True,32000.0,1.0,33.568,1450319,1074176,40,0.7406480919025401,"[mp3 @ 000001e8bb6c56c0] Estimating duration from bitrate, this may be inaccurate
"
Marail Guan_sound/Marail Guan3,D:\other\Bird\Dataset\CC0\Marail Guan_sound\Marail Guan3.mp3,D:\other\Bird\Code\data\kaggle_training_wav_cache_sp\Marail Guan_sound\Marail Guan3.wav,converted,True,32000.0,1.0,33.568,1450319,1074176,40,0.7406480919025401,"[mp3 @ 00000269daf956c0] Estimating duration from bitrate, this may be inaccurate
"
Marail Guan_sound/Marail Guan5,D:\other\Bird\Dataset\CC0\Marail Guan_sound\Marail Guan5.mp3,D:\other\Bird\Code\data\kaggle_training_wav_cache_sp\Marail Guan_sound\Marail Guan5.wav,converted,True,32000.0,1.0,6.83334375,219179,218667,1,0.997664009781959,
Marail Guan_sound/Marail Guan6,D:\other\Bird\Dataset\CC0\Marail Guan_sound\Marail Guan6.mp3,D:\other\Bird\Code\data\kaggle_training_wav_cache_sp\Marail Guan_sound\Marail Guan6.wav,converted,True,32000.0,1.0,9.7384375,311630,311630,1,1.0,
Marail Guan_sound/Marail Guan4,D:\other\Bird\Dataset\CC0\Marail Guan_sound\Marail Guan4.mp3,D:\other\Bird\Code\data\kaggle_training_wav_cache_sp\Marail Guan_sound\Marail Guan4.wav,converted,True,32000.0,1.0,33.568,1450319,1074176,40,0.7406480919025401,"[mp3 @ 00000287d04356c0] Estimating duration from bitrate, this may be inaccurate
"
Marail Guan_sound/Marail Guan8,D:\other\Bird\Dataset\CC0\Marail Guan_sound\Marail Guan8.mp3,D:\other\Bird\Code\data\kaggle_training_wav_cache_sp\Marail Guan_sound\Marail Guan8.wav,converted,True,32000.0,1.0,17.998375,575948,575948,1,1.0,
Marail Guan_sound/Marail Guan9,D:\other\Bird\Dataset\CC0\Marail Guan_sound\Marail Guan9.mp3,D:\other\Bird\Code\data\kaggle_training_wav_cache_sp\Marail Guan_sound\Marail Guan9.wav,converted,True,32000.0,1.0,5.74696875,183903,183903,1,1.0,"[mp3 @ 0000027a57ae56c0] Estimating duration from bitrate, this may be inaccurate
"
Marail Guan_sound/Marail Guan7,D:\other\Bird\Dataset\CC0\Marail Guan_sound\Marail Guan7.mp3,D:\other\Bird\Code\data\kaggle_training_wav_cache_sp\Marail Guan_sound\Marail Guan7.wav,converted,True,32000.0,1.0,33.24646875,1063887,1063887,1,1.0,
Melanesian Megapode_sound/Melanesian Megapode10,D:\other\Bird\Dataset\CC0\Melanesian Megapode_sound\Melanesian Megapode10.mp3,D:\other\Bird\Code\data\kaggle_training_wav_cache_sp\Melanesian Megapode_sound\Melanesian Megapode10.wav,converted,True,32000.0,1.0,16.7996875,557558,537590,7,0.964186685510745,"[mp3 @ 000002741c4356c0] Estimating duration from bitrate, this may be inaccurate
"
Melanesian Megapode_sound/Melanesian Megapode11,D:\other\Bird\Dataset\CC0\Melanesian Megapode_sound\Melanesian Megapode11.mp3,D:\other\Bird\Code\data\kaggle_training_wav_cache_sp\Melanesian Megapode_sound\Melanesian Megapode11.wav,converted,True,32000.0,1.0,32.166875,1029852,1029340,1,0.9995028411849469,"[mp3 @ 000002158a2056c0] Estimating duration from bitrate, this may be inaccurate
"
Melanesian Megapode_sound/Melanesian Megapode12,D:\other\Bird\Dataset\CC0\Melanesian Megapode_sound\Melanesian Megapode12.mp3,D:\other\Bird\Code\data\kaggle_training_wav_cache_sp\Melanesian Megapode_sound\Melanesian Megapode12.wav,converted,True,32000.0,1.0,22.7004375,726414,726414,1,1.0,"[mp3 @ 00000257b00456c0] Estimating duration from bitrate, this may be inaccurate
"
Melanesian Megapode_sound/Melanesian Megapode2,D:\other\Bird\Dataset\CC0\Melanesian Megapode_sound\Melanesian Megapode2.mp3,D:\other\Bird\Code\data\kaggle_training_wav_cache_sp\Melanesian Megapode_sound\Melanesian Megapode2.wav,converted,True,32000.0,1.0,38.55471875,1629015,1233751,58,0.7573601225280308,
Melanesian Megapode_sound/Melanesian Megapode13,D:\other\Bird\Dataset\CC0\Melanesian Megapode_sound\Melanesian Megapode13.mp3,D:\other\Bird\Code\data\kaggle_training_wav_cache_sp\Melanesian Megapode_sound\Melanesian Megapode13.wav,converted,True,32000.0,1.0,100.33634375,3210763,3210763,1,1.0,"[mp3 @ 00000238103256c0] Estimating duration from bitrate, this may be inaccurate
"
Melanesian Megapode_sound/Melanesian Megapode3,D:\other\Bird\Dataset\CC0\Melanesian Megapode_sound\Melanesian Megapode3.mp3,D:\other\Bird\Code\data\kaggle_training_wav_cache_sp\Melanesian Megapode_sound\Melanesian Megapode3.wav,converted,True,32000.0,1.0,25.8874375,2189294,828398,88,0.37838590888204143,
Melanesian Megapode_sound/Melanesian Megapode4,D:\other\Bird\Dataset\CC0\Melanesian Megapode_sound\Melanesian Megapode4.mp3,D:\other\Bird\Code\data\kaggle_training_wav_cache_sp\Melanesian Megapode_sound\Melanesian Megapode4.wav,converted,True,32000.0,1.0,25.8874375,2189294,828398,88,0.37838590888204143,
Melanesian Megapode_sound/Melanesian Megapode5,D:\other\Bird\Dataset\CC0\Melanesian Megapode_sound\Melanesian Megapode5.mp3,D:\other\Bird\Code\data\kaggle_training_wav_cache_sp\Melanesian Megapode_sound\Melanesian Megapode5.wav,converted,True,32000.0,1.0,25.8874375,2189294,828398,88,0.37838590888204143,
Melanesian Megapode_sound/Melanesian Megapode7,D:\other\Bird\Dataset\CC0\Melanesian Megapode_sound\Melanesian Megapode7.mp3,D:\other\Bird\Code\data\kaggle_training_wav_cache_sp\Melanesian Megapode_sound\Melanesian Megapode7.wav,too_short_after_preprocess,,,,2.544,96967,81408,3,0.8395433497994162,
Melanesian Megapode_sound/Melanesian Megapode8,D:\other\Bird\Dataset\CC0\Melanesian Megapode_sound\Melanesian Megapode8.mp3,D:\other\Bird\Code\data\kaggle_training_wav_cache_sp\Melanesian Megapode_sound\Melanesian Megapode8.wav,converted,True,32000.0,1.0,8.544,290064,273408,1,0.9425781896409068,"[mp3 @ 000001f5dde756c0] Estimating duration from bitrate, this may be inaccurate
"
Melanesian Megapode_sound/Melanesian Megapode6,D:\other\Bird\Dataset\CC0\Melanesian Megapode_sound\Melanesian Megapode6.mp3,D:\other\Bird\Code\data\kaggle_training_wav_cache_sp\Melanesian Megapode_sound\Melanesian Megapode6.wav,converted,True,32000.0,1.0,25.8874375,2189294,828398,88,0.37838590888204143,
Melanesian Megapode_sound/Melanesian Megapode9,D:\other\Bird\Dataset\CC0\Melanesian Megapode_sound\Melanesian Megapode9.mp3,D:\other\Bird\Code\data\kaggle_training_wav_cache_sp\Melanesian Megapode_sound\Melanesian Megapode9.wav,converted,True,32000.0,1.0,8.544,290064,273408,1,0.9425781896409068,"[mp3 @ 0000021bde6856c0] Estimating duration from bitrate, this may be inaccurate
"
Micronesian Megapode_sound/Micronesian Megapode2,D:\other\Bird\Dataset\CC0\Micronesian Megapode_sound\Micronesian Megapode2.mp3,D:\other\Bird\Code\data\kaggle_training_wav_cache_sp\Micronesian Megapode_sound\Micronesian Megapode2.wav,converted,True,32000.0,1.0,8.24,393718,263680,23,0.6697179199325406,"[mp3 @ 000001a23be756c0] Estimating duration from bitrate, this may be inaccurate
"
Micronesian Megapode_sound/Micronesian Megapode4,D:\other\Bird\Dataset\CC0\Micronesian Megapode_sound\Micronesian Megapode4.mp3,D:\other\Bird\Code\data\kaggle_training_wav_cache_sp\Micronesian Megapode_sound\Micronesian Megapode4.wav,too_short_after_preprocess,,,,4.208,188082,134656,5,0.7159430461181825,
Micronesian Megapode_sound/Micronesian Megapode3,D:\other\Bird\Dataset\CC0\Micronesian Megapode_sound\Micronesian Megapode3.mp3,D:\other\Bird\Code\data\kaggle_training_wav_cache_sp\Micronesian Megapode_sound\Micronesian Megapode3.wav,converted,True,32000.0,1.0,29.26140625,937901,936365,2,0.9983623004986667,"[mp3 @ 000001fe33ea56c0] Estimating duration from bitrate, this may be inaccurate
"
Micronesian Megapode_sound/Micronesian Megapode6,D:\other\Bird\Dataset\CC0\Micronesian Megapode_sound\Micronesian Megapode6.mp3,D:\other\Bird\Code\data\kaggle_training_wav_cache_sp\Micronesian Megapode_sound\Micronesian Megapode6.wav,too_short_after_preprocess,,,,3.696,125388,118272,1,0.943248157718442,
Micronesian Megapode_sound/Micronesian Megapode5,D:\other\Bird\Dataset\CC0\Micronesian Megapode_sound\Micronesian Megapode5.mp3,D:\other\Bird\Code\data\kaggle_training_wav_cache_sp\Micronesian Megapode_sound\Micronesian Megapode5.wav,converted,True,32000.0,1.0,17.01553125,1184497,544497,65,0.4596862634519125,"[mp3 @ 000001cf9b9456c0] Estimating duration from bitrate, this may be inaccurate
"
Micronesian Megapode_sound/Micronesian Megapode8,D:\other\Bird\Dataset\CC0\Micronesian Megapode_sound\Micronesian Megapode8.mp3,D:\other\Bird\Code\data\kaggle_training_wav_cache_sp\Micronesian Megapode_sound\Micronesian Megapode8.wav,converted,True,32000.0,1.0,64.29159375,2058867,2057331,2,0.9992539586092739,"[mp3 @ 0000020e638456c0] Estimating duration from bitrate, this may be inaccurate
"
Micronesian Megapode_sound/Micronesian Megapode7,D:\other\Bird\Dataset\CC0\Micronesian Megapode_sound\Micronesian Megapode7.mp3,D:\other\Bird\Code\data\kaggle_training_wav_cache_sp\Micronesian Megapode_sound\Micronesian Megapode7.wav,converted,True,32000.0,1.0,99.74990625,3194045,3191997,2,0.9993588067794912,"[mp3 @ 000002bf825a56c0] Estimating duration from bitrate, this may be inaccurate
"
Moluccan Megapode_sound/Moluccan Megapode2,D:\other\Bird\Dataset\CC0\Moluccan Megapode_sound\Moluccan Megapode2.mp3,D:\other\Bird\Code\data\kaggle_training_wav_cache_sp\Moluccan Megapode_sound\Moluccan Megapode2.wav,converted,True,32000.0,1.0,12.096,387072,387072,1,1.0,"[mp3 @ 0000020839165680] Estimating duration from bitrate, this may be inaccurate
"
Moluccan Megapode_sound/Moluccan Megapode3,D:\other\Bird\Dataset\CC0\Moluccan Megapode_sound\Moluccan Megapode3.mp3,D:\other\Bird\Code\data\kaggle_training_wav_cache_sp\Moluccan Megapode_sound\Moluccan Megapode3.wav,converted,True,32000.0,1.0,12.096,387072,387072,1,1.0,"[mp3 @ 00000224cbdc5680] Estimating duration from bitrate, this may be inaccurate
"
Moluccan Megapode_sound/Moluccan Megapode4,D:\other\Bird\Dataset\CC0\Moluccan Megapode_sound\Moluccan Megapode4.mp3,D:\other\Bird\Code\data\kaggle_training_wav_cache_sp\Moluccan Megapode_sound\Moluccan Megapode4.wav,converted,True,32000.0,1.0,12.096,387072,387072,1,1.0,"[mp3 @ 00000284cdf95680] Estimating duration from bitrate, this may be inaccurate
"
Moluccan Megapode_sound/Moluccan Megapode5,D:\other\Bird\Dataset\CC0\Moluccan Megapode_sound\Moluccan Megapode5.mp3,D:\other\Bird\Code\data\kaggle_training_wav_cache_sp\Moluccan Megapode_sound\Moluccan Megapode5.wav,converted,True,32000.0,1.0,12.096,387072,387072,1,1.0,"[mp3 @ 000001cae35c5680] Estimating duration from bitrate, this may be inaccurate
"
Moluccan Megapode_sound/Moluccan Megapode6,D:\other\Bird\Dataset\CC0\Moluccan Megapode_sound\Moluccan Megapode6.mp3,D:\other\Bird\Code\data\kaggle_training_wav_cache_sp\Moluccan Megapode_sound\Moluccan Megapode6.wav,converted,True,32000.0,1.0,12.096,387072,387072,1,1.0,"[mp3 @ 000002052f255680] Estimating duration from bitrate, this may be inaccurate
"
New Guinea Scrubfowl_sound/New Guinea Scrubfowl2,D:\other\Bird\Dataset\CC0\New Guinea Scrubfowl_sound\New Guinea Scrubfowl2.mp3,D:\other\Bird\Code\data\kaggle_training_wav_cache_sp\New Guinea Scrubfowl_sound\New Guinea Scrubfowl2.wav,converted,True,32000.0,1.0,8.17634375,261643,261643,1,1.0,"[mp3 @ 00000219463356c0] Estimating duration from bitrate, this may be inaccurate
"
Moluccan Megapode_sound/Moluccan Megapode7,D:\other\Bird\Dataset\CC0\Moluccan Megapode_sound\Moluccan Megapode7.mp3,D:\other\Bird\Code\data\kaggle_training_wav_cache_sp\Moluccan Megapode_sound\Moluccan Megapode7.wav,converted,True,32000.0,1.0,12.096,387072,387072,1,1.0,"[mp3 @ 000001f1d2d55680] Estimating duration from bitrate, this may be inaccurate
"
New Guinea Scrubfowl_sound/New Guinea Scrubfowl3,D:\other\Bird\Dataset\CC0\New Guinea Scrubfowl_sound\New Guinea Scrubfowl3.mp3,D:\other\Bird\Code\data\kaggle_training_wav_cache_sp\New Guinea Scrubfowl_sound\New Guinea Scrubfowl3.wav,converted,True,32000.0,1.0,8.17634375,261643,261643,1,1.0,"[mp3 @ 0000019d952a56c0] Estimating duration from bitrate, this may be inaccurate
"
New Guinea Scrubfowl_sound/New Guinea Scrubfowl4,D:\other\Bird\Dataset\CC0\New Guinea Scrubfowl_sound\New Guinea Scrubfowl4.mp3,D:\other\Bird\Code\data\kaggle_training_wav_cache_sp\New Guinea Scrubfowl_sound\New Guinea Scrubfowl4.wav,converted,True,32000.0,1.0,8.17634375,261643,261643,1,1.0,"[mp3 @ 0000023884e556c0] Estimating duration from bitrate, this may be inaccurate
"
New Guinea Scrubfowl_sound/New Guinea Scrubfowl5,D:\other\Bird\Dataset\CC0\New Guinea Scrubfowl_sound\New Guinea Scrubfowl5.mp3,D:\other\Bird\Code\data\kaggle_training_wav_cache_sp\New Guinea Scrubfowl_sound\New Guinea Scrubfowl5.wav,converted,True,32000.0,1.0,8.17634375,261643,261643,1,1.0,"[mp3 @ 000001f67a9856c0] Estimating duration from bitrate, this may be inaccurate
"
New Guinea Scrubfowl_sound/New Guinea Scrubfowl6,D:\other\Bird\Dataset\CC0\New Guinea Scrubfowl_sound\New Guinea Scrubfowl6.mp3,D:\other\Bird\Code\data\kaggle_training_wav_cache_sp\New Guinea Scrubfowl_sound\New Guinea Scrubfowl6.wav,converted,True,32000.0,1.0,8.17634375,261643,261643,1,1.0,"[mp3 @ 00000262f3d356c0] Estimating duration from bitrate, this may be inaccurate
"
New Guinea Scrubfowl_sound/New Guinea Scrubfowl7,D:\other\Bird\Dataset\CC0\New Guinea Scrubfowl_sound\New Guinea Scrubfowl7.mp3,D:\other\Bird\Code\data\kaggle_training_wav_cache_sp\New Guinea Scrubfowl_sound\New Guinea Scrubfowl7.wav,converted,True,32000.0,1.0,8.17634375,261643,261643,1,1.0,"[mp3 @ 000002a4c89e56c0] Estimating duration from bitrate, this may be inaccurate
"
North Island Brown Kiwi_sound/North Island Brown Kiwi10,D:\other\Bird\Dataset\CC0\North Island Brown Kiwi_sound\North Island Brown Kiwi10.mp3,D:\other\Bird\Code\data\kaggle_training_wav_cache_sp\North Island Brown Kiwi_sound\North Island Brown Kiwi10.wav,converted,True,32000.0,1.0,12.871625,528116,411892,16,0.7799271372198532,
North Island Brown Kiwi_sound/North Island Brown Kiwi11,D:\other\Bird\Dataset\CC0\North Island Brown Kiwi_sound\North Island Brown Kiwi11.mp3,D:\other\Bird\Code\data\kaggle_training_wav_cache_sp\North Island Brown Kiwi_sound\North Island Brown Kiwi11.wav,converted,True,32000.0,1.0,12.871625,528116,411892,16,0.7799271372198532,
North Island Brown Kiwi_sound/North Island Brown Kiwi12,D:\other\Bird\Dataset\CC0\North Island Brown Kiwi_sound\North Island Brown Kiwi12.mp3,D:\other\Bird\Code\data\kaggle_training_wav_cache_sp\North Island Brown Kiwi_sound\North Island Brown Kiwi12.wav,converted,True,32000.0,1.0,12.871625,528116,411892,16,0.7799271372198532,
North Island Brown Kiwi_sound/North Island Brown Kiwi13,D:\other\Bird\Dataset\CC0\North Island Brown Kiwi_sound\North Island Brown Kiwi13.mp3,D:\other\Bird\Code\data\kaggle_training_wav_cache_sp\North Island Brown Kiwi_sound\North Island Brown Kiwi13.wav,converted,True,32000.0,1.0,12.871625,528116,411892,16,0.7799271372198532,
North Island Brown Kiwi_sound/North Island Brown Kiwi14,D:\other\Bird\Dataset\CC0\North Island Brown Kiwi_sound\North Island Brown Kiwi14.mp3,D:\other\Bird\Code\data\kaggle_training_wav_cache_sp\North Island Brown Kiwi_sound\North Island Brown Kiwi14.wav,converted,True,32000.0,1.0,12.871625,528116,411892,16,0.7799271372198532,
North Island Brown Kiwi_sound/North Island Brown Kiwi15,D:\other\Bird\Dataset\CC0\North Island Brown Kiwi_sound\North Island Brown Kiwi15.mp3,D:\other\Bird\Code\data\kaggle_training_wav_cache_sp\North Island Brown Kiwi_sound\North Island Brown Kiwi15.wav,converted,True,32000.0,1.0,12.871625,528116,411892,16,0.7799271372198532,
North Island Brown Kiwi_sound/North Island Brown Kiwi16,D:\other\Bird\Dataset\CC0\North Island Brown Kiwi_sound\North Island Brown Kiwi16.mp3,D:\other\Bird\Code\data\kaggle_training_wav_cache_sp\North Island Brown Kiwi_sound\North Island Brown Kiwi16.wav,converted,True,32000.0,1.0,12.871625,528116,411892,16,0.7799271372198532,
North Island Brown Kiwi_sound/North Island Brown Kiwi17,D:\other\Bird\Dataset\CC0\North Island Brown Kiwi_sound\North Island Brown Kiwi17.mp3,D:\other\Bird\Code\data\kaggle_training_wav_cache_sp\North Island Brown Kiwi_sound\North Island Brown Kiwi17.wav,converted,True,32000.0,1.0,19.824,661597,634368,1,0.9588435255903518,
North Island Brown Kiwi_sound/North Island Brown Kiwi18,D:\other\Bird\Dataset\CC0\North Island Brown Kiwi_sound\North Island Brown Kiwi18.mp3,D:\other\Bird\Code\data\kaggle_training_wav_cache_sp\North Island Brown Kiwi_sound\North Island Brown Kiwi18.wav,converted,True,32000.0,1.0,19.824,661597,634368,1,0.9588435255903518,
North Island Brown Kiwi_sound/North Island Brown Kiwi19,D:\other\Bird\Dataset\CC0\North Island Brown Kiwi_sound\North Island Brown Kiwi19.mp3,D:\other\Bird\Code\data\kaggle_training_wav_cache_sp\North Island Brown Kiwi_sound\North Island Brown Kiwi19.wav,converted,True,32000.0,1.0,19.824,661597,634368,1,0.9588435255903518,
North Island Brown Kiwi_sound/North Island Brown Kiwi2,D:\other\Bird\Dataset\CC0\North Island Brown Kiwi_sound\North Island Brown Kiwi2.mp3,D:\other\Bird\Code\data\kaggle_training_wav_cache_sp\North Island Brown Kiwi_sound\North Island Brown Kiwi2.wav,converted,True,32000.0,1.0,31.184,1134622,997888,1,0.8794893806042894,
North Island Brown Kiwi_sound/North Island Brown Kiwi20,D:\other\Bird\Dataset\CC0\North Island Brown Kiwi_sound\North Island Brown Kiwi20.mp3,D:\other\Bird\Code\data\kaggle_training_wav_cache_sp\North Island Brown Kiwi_sound\North Island Brown Kiwi20.wav,converted,True,32000.0,1.0,17.408,867684,557056,12,0.6420033099607692,"[mp3 @ 0000023d202c56c0] Estimating duration from bitrate, this may be inaccurate
"
North Island Brown Kiwi_sound/North Island Brown Kiwi3,D:\other\Bird\Dataset\CC0\North Island Brown Kiwi_sound\North Island Brown Kiwi3.mp3,D:\other\Bird\Code\data\kaggle_training_wav_cache_sp\North Island Brown Kiwi_sound\North Island Brown Kiwi3.wav,converted,True,32000.0,1.0,31.184,1134622,997888,1,0.8794893806042894,
North Island Brown Kiwi_sound/North Island Brown Kiwi4,D:\other\Bird\Dataset\CC0\North Island Brown Kiwi_sound\North Island Brown Kiwi4.mp3,D:\other\Bird\Code\data\kaggle_training_wav_cache_sp\North Island Brown Kiwi_sound\North Island Brown Kiwi4.wav,converted,True,32000.0,1.0,31.184,1134622,997888,1,0.8794893806042894,
North Island Brown Kiwi_sound/North Island Brown Kiwi5,D:\other\Bird\Dataset\CC0\North Island Brown Kiwi_sound\North Island Brown Kiwi5.mp3,D:\other\Bird\Code\data\kaggle_training_wav_cache_sp\North Island Brown Kiwi_sound\North Island Brown Kiwi5.wav,converted,True,32000.0,1.0,31.184,1134622,997888,1,0.8794893806042894,
North Island Brown Kiwi_sound/North Island Brown Kiwi6,D:\other\Bird\Dataset\CC0\North Island Brown Kiwi_sound\North Island Brown Kiwi6.mp3,D:\other\Bird\Code\data\kaggle_training_wav_cache_sp\North Island Brown Kiwi_sound\North Island Brown Kiwi6.wav,converted,True,32000.0,1.0,31.184,1134622,997888,1,0.8794893806042894,
North Island Brown Kiwi_sound/North Island Brown Kiwi7,D:\other\Bird\Dataset\CC0\North Island Brown Kiwi_sound\North Island Brown Kiwi7.mp3,D:\other\Bird\Code\data\kaggle_training_wav_cache_sp\North Island Brown Kiwi_sound\North Island Brown Kiwi7.wav,converted,True,32000.0,1.0,12.871625,528116,411892,16,0.7799271372198532,
North Island Brown Kiwi_sound/North Island Brown Kiwi8,D:\other\Bird\Dataset\CC0\North Island Brown Kiwi_sound\North Island Brown Kiwi8.mp3,D:\other\Bird\Code\data\kaggle_training_wav_cache_sp\North Island Brown Kiwi_sound\North Island Brown Kiwi8.wav,converted,True,32000.0,1.0,12.871625,528116,411892,16,0.7799271372198532,
North Island Brown Kiwi_sound/North Island Brown Kiwi9,D:\other\Bird\Dataset\CC0\North Island Brown Kiwi_sound\North Island Brown Kiwi9.mp3,D:\other\Bird\Code\data\kaggle_training_wav_cache_sp\North Island Brown Kiwi_sound\North Island Brown Kiwi9.wav,converted,True,32000.0,1.0,12.871625,528116,411892,16,0.7799271372198532,
Northern Cassowary_sound/Northern Cassowary3,D:\other\Bird\Dataset\CC0\Northern Cassowary_sound\Northern Cassowary3.mp3,D:\other\Bird\Code\data\kaggle_training_wav_cache_sp\Northern Cassowary_sound\Northern Cassowary3.wav,converted,True,32000.0,1.0,10.048,325173,321536,1,0.9888151845325411,"[mp3 @ 0000011d724256c0] Estimating duration from bitrate, this may be inaccurate
"
Northern Cassowary_sound/Northern Cassowary2,D:\other\Bird\Dataset\CC0\Northern Cassowary_sound\Northern Cassowary2.mp3,D:\other\Bird\Code\data\kaggle_training_wav_cache_sp\Northern Cassowary_sound\Northern Cassowary2.wav,converted,True,32000.0,1.0,28.928,960000,925696,1,0.9642666666666667,
Northern Cassowary_sound/Northern Cassowary5,D:\other\Bird\Dataset\CC0\Northern Cassowary_sound\Northern Cassowary5.mp3,D:\other\Bird\Code\data\kaggle_training_wav_cache_sp\Northern Cassowary_sound\Northern Cassowary5.wav,converted,True,32000.0,1.0,20.42925,676264,653736,2,0.9666875658027043,
Northern Cassowary_sound/Northern Cassowary4,D:\other\Bird\Dataset\CC0\Northern Cassowary_sound\Northern Cassowary4.mp3,D:\other\Bird\Code\data\kaggle_training_wav_cache_sp\Northern Cassowary_sound\Northern Cassowary4.wav,converted,True,32000.0,1.0,27.712,917025,886784,2,0.9670227093045446,
Northern Cassowary_sound/Northern Cassowary6,D:\other\Bird\Dataset\CC0\Northern Cassowary_sound\Northern Cassowary6.mp3,D:\other\Bird\Code\data\kaggle_training_wav_cache_sp\Northern Cassowary_sound\Northern Cassowary6.wav,converted,True,32000.0,1.0,10.096,340219,323072,3,0.9496001105170493,"[mp3 @ 00000204289756c0] Estimating duration from bitrate, this may be inaccurate
"
Northern Cassowary_sound/Northern Cassowary7,D:\other\Bird\Dataset\CC0\Northern Cassowary_sound\Northern Cassowary7.mp3,D:\other\Bird\Code\data\kaggle_training_wav_cache_sp\Northern Cassowary_sound\Northern Cassowary7.wav,converted,True,32000.0,1.0,10.096,340219,323072,3,0.9496001105170493,"[mp3 @ 000002381bba56c0] Estimating duration from bitrate, this may be inaccurate
"
Okarito Kiwi_sound/Okarito Kiwi3,D:\other\Bird\Dataset\CC0\Okarito Kiwi_sound\Okarito Kiwi3.mp3,D:\other\Bird\Code\data\kaggle_training_wav_cache_sp\Okarito Kiwi_sound\Okarito Kiwi3.wav,converted,True,32000.0,1.0,17.408,867684,557056,12,0.6420033099607692,"[mp3 @ 000002424eb556c0] Estimating duration from bitrate, this may be inaccurate
"
Okarito Kiwi_sound/Okarito Kiwi2,D:\other\Bird\Dataset\CC0\Okarito Kiwi_sound\Okarito Kiwi2.mp3,D:\other\Bird\Code\data\kaggle_training_wav_cache_sp\Okarito Kiwi_sound\Okarito Kiwi2.wav,converted,True,32000.0,1.0,17.408,867684,557056,12,0.6420033099607692,"[mp3 @ 00000231650756c0] Estimating duration from bitrate, this may be inaccurate
"
Okarito Kiwi_sound/Okarito Kiwi5,D:\other\Bird\Dataset\CC0\Okarito Kiwi_sound\Okarito Kiwi5.mp3,D:\other\Bird\Code\data\kaggle_training_wav_cache_sp\Okarito Kiwi_sound\Okarito Kiwi5.wav,converted,True,32000.0,1.0,17.408,867684,557056,12,0.6420033099607692,"[mp3 @ 0000028f283c56c0] Estimating duration from bitrate, this may be inaccurate
"
Okarito Kiwi_sound/Okarito Kiwi4,D:\other\Bird\Dataset\CC0\Okarito Kiwi_sound\Okarito Kiwi4.mp3,D:\other\Bird\Code\data\kaggle_training_wav_cache_sp\Okarito Kiwi_sound\Okarito Kiwi4.wav,converted,True,32000.0,1.0,17.408,867684,557056,12,0.6420033099607692,"[mp3 @ 000002091c6256c0] Estimating duration from bitrate, this may be inaccurate
"
Okarito Kiwi_sound/Okarito Kiwi6,D:\other\Bird\Dataset\CC0\Okarito Kiwi_sound\Okarito Kiwi6.mp3,D:\other\Bird\Code\data\kaggle_training_wav_cache_sp\Okarito Kiwi_sound\Okarito Kiwi6.wav,converted,True,32000.0,1.0,5.476,175232,175232,1,1.0,
Orange-footed Scrubfowl_sound/Orange-footed Scrubfowl10,D:\other\Bird\Dataset\CC0\Orange-footed Scrubfowl_sound\Orange-footed Scrubfowl10.mp3,D:\other\Bird\Code\data\kaggle_training_wav_cache_sp\Orange-footed Scrubfowl_sound\Orange-footed Scrubfowl10.wav,converted,True,32000.0,1.0,11.6,1129069,371200,20,0.328766443857727,
Orange-footed Scrubfowl_sound/Orange-footed Scrubfowl11,D:\other\Bird\Dataset\CC0\Orange-footed Scrubfowl_sound\Orange-footed Scrubfowl11.mp3,D:\other\Bird\Code\data\kaggle_training_wav_cache_sp\Orange-footed Scrubfowl_sound\Orange-footed Scrubfowl11.wav,converted,True,32000.0,1.0,11.648,1988145,372736,65,0.18747928345266568,
Orange-footed Scrubfowl_sound/Orange-footed Scrubfowl12,D:\other\Bird\Dataset\CC0\Orange-footed Scrubfowl_sound\Orange-footed Scrubfowl12.mp3,D:\other\Bird\Code\data\kaggle_training_wav_cache_sp\Orange-footed Scrubfowl_sound\Orange-footed Scrubfowl12.wav,converted,True,32000.0,1.0,11.648,1988145,372736,65,0.18747928345266568,
Orange-footed Scrubfowl_sound/Orange-footed Scrubfowl13,D:\other\Bird\Dataset\CC0\Orange-footed Scrubfowl_sound\Orange-footed Scrubfowl13.mp3,D:\other\Bird\Code\data\kaggle_training_wav_cache_sp\Orange-footed Scrubfowl_sound\Orange-footed Scrubfowl13.wav,converted,True,32000.0,1.0,11.648,1988145,372736,65,0.18747928345266568,
Orange-footed Scrubfowl_sound/Orange-footed Scrubfowl14,D:\other\Bird\Dataset\CC0\Orange-footed Scrubfowl_sound\Orange-footed Scrubfowl14.mp3,D:\other\Bird\Code\data\kaggle_training_wav_cache_sp\Orange-footed Scrubfowl_sound\Orange-footed Scrubfowl14.wav,converted,True,32000.0,1.0,18.336,1679268,586752,88,0.3494093855179757,
Orange-footed Scrubfowl_sound/Orange-footed Scrubfowl15,D:\other\Bird\Dataset\CC0\Orange-footed Scrubfowl_sound\Orange-footed Scrubfowl15.mp3,D:\other\Bird\Code\data\kaggle_training_wav_cache_sp\Orange-footed Scrubfowl_sound\Orange-footed Scrubfowl15.wav,converted,True,32000.0,1.0,18.336,1679268,586752,88,0.3494093855179757,
Orange-footed Scrubfowl_sound/Orange-footed Scrubfowl16,D:\other\Bird\Dataset\CC0\Orange-footed Scrubfowl_sound\Orange-footed Scrubfowl16.mp3,D:\other\Bird\Code\data\kaggle_training_wav_cache_sp\Orange-footed Scrubfowl_sound\Orange-footed Scrubfowl16.wav,converted,True,32000.0,1.0,42.528,3352033,1360896,96,0.4059912297999453,"[mp3 @ 0000025a470e56c0] Estimating duration from bitrate, this may be inaccurate
"
Orange-footed Scrubfowl_sound/Orange-footed Scrubfowl17,D:\other\Bird\Dataset\CC0\Orange-footed Scrubfowl_sound\Orange-footed Scrubfowl17.mp3,D:\other\Bird\Code\data\kaggle_training_wav_cache_sp\Orange-footed Scrubfowl_sound\Orange-footed Scrubfowl17.wav,converted,True,32000.0,1.0,77.744,7344379,2487808,193,0.3387363315536957,"[mp3 @ 000002148d6056c0] Estimating duration from bitrate, this may be inaccurate
"
Orange-footed Scrubfowl_sound/Orange-footed Scrubfowl18,D:\other\Bird\Dataset\CC0\Orange-footed Scrubfowl_sound\Orange-footed Scrubfowl18.mp3,D:\other\Bird\Code\data\kaggle_training_wav_cache_sp\Orange-footed Scrubfowl_sound\Orange-footed Scrubfowl18.wav,converted,True,32000.0,1.0,77.744,7344379,2487808,193,0.3387363315536957,"[mp3 @ 000002531fa156c0] Estimating duration from bitrate, this may be inaccurate
"
Orange-footed Scrubfowl_sound/Orange-footed Scrubfowl2,D:\other\Bird\Dataset\CC0\Orange-footed Scrubfowl_sound\Orange-footed Scrubfowl2.mp3,D:\other\Bird\Code\data\kaggle_training_wav_cache_sp\Orange-footed Scrubfowl_sound\Orange-footed Scrubfowl2.wav,converted,True,32000.0,1.0,9.024,369476,288768,37,0.7815609132934209,"[mp3 @ 000002049c9456c0] Estimating duration from bitrate, this may be inaccurate
"
Orange-footed Scrubfowl_sound/Orange-footed Scrubfowl19,D:\other\Bird\Dataset\CC0\Orange-footed Scrubfowl_sound\Orange-footed Scrubfowl19.mp3,D:\other\Bird\Code\data\kaggle_training_wav_cache_sp\Orange-footed Scrubfowl_sound\Orange-footed Scrubfowl19.wav,converted,True,32000.0,1.0,77.744,7344379,2487808,193,0.3387363315536957,"[mp3 @ 000002aff0c656c0] Estimating duration from bitrate, this may be inaccurate
"
Orange-footed Scrubfowl_sound/Orange-footed Scrubfowl20,D:\other\Bird\Dataset\CC0\Orange-footed Scrubfowl_sound\Orange-footed Scrubfowl20.mp3,D:\other\Bird\Code\data\kaggle_training_wav_cache_sp\Orange-footed Scrubfowl_sound\Orange-footed Scrubfowl20.wav,converted,True,32000.0,1.0,77.744,7344379,2487808,193,0.3387363315536957,"[mp3 @ 0000025f9a6156c0] Estimating duration from bitrate, this may be inaccurate
"
Orange-footed Scrubfowl_sound/Orange-footed Scrubfowl21,D:\other\Bird\Dataset\CC0\Orange-footed Scrubfowl_sound\Orange-footed Scrubfowl21.mp3,D:\other\Bird\Code\data\kaggle_training_wav_cache_sp\Orange-footed Scrubfowl_sound\Orange-footed Scrubfowl21.wav,converted,True,32000.0,1.0,77.744,7344379,2487808,193,0.3387363315536957,"[mp3 @ 0000019cd16c56c0] Estimating duration from bitrate, this may be inaccurate
"
Orange-footed Scrubfowl_sound/Orange-footed Scrubfowl22,D:\other\Bird\Dataset\CC0\Orange-footed Scrubfowl_sound\Orange-footed Scrubfowl22.mp3,D:\other\Bird\Code\data\kaggle_training_wav_cache_sp\Orange-footed Scrubfowl_sound\Orange-footed Scrubfowl22.wav,converted,True,32000.0,1.0,77.744,7344379,2487808,193,0.3387363315536957,"[mp3 @ 00000150c1e756c0] Estimating duration from bitrate, this may be inaccurate
"
Orange-footed Scrubfowl_sound/Orange-footed Scrubfowl23,D:\other\Bird\Dataset\CC0\Orange-footed Scrubfowl_sound\Orange-footed Scrubfowl23.mp3,D:\other\Bird\Code\data\kaggle_training_wav_cache_sp\Orange-footed Scrubfowl_sound\Orange-footed Scrubfowl23.wav,converted,True,32000.0,1.0,77.744,7344379,2487808,193,0.3387363315536957,"[mp3 @ 0000019513e656c0] Estimating duration from bitrate, this may be inaccurate
"
Orange-footed Scrubfowl_sound/Orange-footed Scrubfowl24,D:\other\Bird\Dataset\CC0\Orange-footed Scrubfowl_sound\Orange-footed Scrubfowl24.mp3,D:\other\Bird\Code\data\kaggle_training_wav_cache_sp\Orange-footed Scrubfowl_sound\Orange-footed Scrubfowl24.wav,converted,True,32000.0,1.0,77.744,7344379,2487808,193,0.3387363315536957,"[mp3 @ 0000029c830156c0] Estimating duration from bitrate, this may be inaccurate
"
Orange-footed Scrubfowl_sound/Orange-footed Scrubfowl25,D:\other\Bird\Dataset\CC0\Orange-footed Scrubfowl_sound\Orange-footed Scrubfowl25.mp3,D:\other\Bird\Code\data\kaggle_training_wav_cache_sp\Orange-footed Scrubfowl_sound\Orange-footed Scrubfowl25.wav,converted,True,32000.0,1.0,77.744,7344379,2487808,193,0.3387363315536957,"[mp3 @ 0000017d644e56c0] Estimating duration from bitrate, this may be inaccurate
"
Orange-footed Scrubfowl_sound/Orange-footed Scrubfowl27,D:\other\Bird\Dataset\CC0\Orange-footed Scrubfowl_sound\Orange-footed Scrubfowl27.mp3,D:\other\Bird\Code\data\kaggle_training_wav_cache_sp\Orange-footed Scrubfowl_sound\Orange-footed Scrubfowl27.wav,converted,True,32000.0,1.0,11.38821875,687495,364423,36,0.5300736732630783,
Orange-footed Scrubfowl_sound/Orange-footed Scrubfowl28,D:\other\Bird\Dataset\CC0\Orange-footed Scrubfowl_sound\Orange-footed Scrubfowl28.mp3,D:\other\Bird\Code\data\kaggle_training_wav_cache_sp\Orange-footed Scrubfowl_sound\Orange-footed Scrubfowl28.wav,converted,True,32000.0,1.0,11.38821875,687495,364423,36,0.5300736732630783,
Orange-footed Scrubfowl_sound/Orange-footed Scrubfowl26,D:\other\Bird\Dataset\CC0\Orange-footed Scrubfowl_sound\Orange-footed Scrubfowl26.mp3,D:\other\Bird\Code\data\kaggle_training_wav_cache_sp\Orange-footed Scrubfowl_sound\Orange-footed Scrubfowl26.wav,converted,True,32000.0,1.0,77.744,7344379,2487808,193,0.3387363315536957,"[mp3 @ 00000238fb5356c0] Estimating duration from bitrate, this may be inaccurate
"
Orange-footed Scrubfowl_sound/Orange-footed Scrubfowl3,D:\other\Bird\Dataset\CC0\Orange-footed Scrubfowl_sound\Orange-footed Scrubfowl3.mp3,D:\other\Bird\Code\data\kaggle_training_wav_cache_sp\Orange-footed Scrubfowl_sound\Orange-footed Scrubfowl3.wav,too_short_after_preprocess,,,,3.36,224863,107520,5,0.4781578116453129,
Orange-footed Scrubfowl_sound/Orange-footed Scrubfowl29,D:\other\Bird\Dataset\CC0\Orange-footed Scrubfowl_sound\Orange-footed Scrubfowl29.mp3,D:\other\Bird\Code\data\kaggle_training_wav_cache_sp\Orange-footed Scrubfowl_sound\Orange-footed Scrubfowl29.wav,converted,True,32000.0,1.0,193.872,6276924,6203904,2,0.9883669134754539,
Orange-footed Scrubfowl_sound/Orange-footed Scrubfowl31,D:\other\Bird\Dataset\CC0\Orange-footed Scrubfowl_sound\Orange-footed Scrubfowl31.mp3,D:\other\Bird\Code\data\kaggle_training_wav_cache_sp\Orange-footed Scrubfowl_sound\Orange-footed Scrubfowl31.wav,converted,True,32000.0,1.0,41.216,1402043,1318912,2,0.9407072393642706,
Orange-footed Scrubfowl_sound/Orange-footed Scrubfowl4,D:\other\Bird\Dataset\CC0\Orange-footed Scrubfowl_sound\Orange-footed Scrubfowl4.mp3,D:\other\Bird\Code\data\kaggle_training_wav_cache_sp\Orange-footed Scrubfowl_sound\Orange-footed Scrubfowl4.wav,converted,True,32000.0,1.0,45.648,5785324,1460736,166,0.2524899210485013,
Orange-footed Scrubfowl_sound/Orange-footed Scrubfowl5,D:\other\Bird\Dataset\CC0\Orange-footed Scrubfowl_sound\Orange-footed Scrubfowl5.mp3,D:\other\Bird\Code\data\kaggle_training_wav_cache_sp\Orange-footed Scrubfowl_sound\Orange-footed Scrubfowl5.wav,converted,True,32000.0,1.0,15.984,1051074,511488,28,0.4866336718442279,
Orange-footed Scrubfowl_sound/Orange-footed Scrubfowl6,D:\other\Bird\Dataset\CC0\Orange-footed Scrubfowl_sound\Orange-footed Scrubfowl6.mp3,D:\other\Bird\Code\data\kaggle_training_wav_cache_sp\Orange-footed Scrubfowl_sound\Orange-footed Scrubfowl6.wav,converted,True,32000.0,1.0,22.4,818951,716800,23,0.8752660415580419,
Orange-footed Scrubfowl_sound/Orange-footed Scrubfowl7,D:\other\Bird\Dataset\CC0\Orange-footed Scrubfowl_sound\Orange-footed Scrubfowl7.mp3,D:\other\Bird\Code\data\kaggle_training_wav_cache_sp\Orange-footed Scrubfowl_sound\Orange-footed Scrubfowl7.wav,converted,True,32000.0,1.0,31.488,1366100,1007616,49,0.7375858282702584,
Orange-footed Scrubfowl_sound/Orange-footed Scrubfowl30,D:\other\Bird\Dataset\CC0\Orange-footed Scrubfowl_sound\Orange-footed Scrubfowl30.mp3,D:\other\Bird\Code\data\kaggle_training_wav_cache_sp\Orange-footed Scrubfowl_sound\Orange-footed Scrubfowl30.wav,converted,True,32000.0,1.0,362.336,16330280,11594752,971,0.7100155049392907,
Orange-footed Scrubfowl_sound/Orange-footed Scrubfowl8,D:\other\Bird\Dataset\CC0\Orange-footed Scrubfowl_sound\Orange-footed Scrubfowl8.mp3,D:\other\Bird\Code\data\kaggle_training_wav_cache_sp\Orange-footed Scrubfowl_sound\Orange-footed Scrubfowl8.wav,converted,True,32000.0,1.0,31.488,1366100,1007616,49,0.7375858282702584,
Orange-footed Scrubfowl_sound/Orange-footed Scrubfowl9,D:\other\Bird\Dataset\CC0\Orange-footed Scrubfowl_sound\Orange-footed Scrubfowl9.mp3,D:\other\Bird\Code\data\kaggle_training_wav_cache_sp\Orange-footed Scrubfowl_sound\Orange-footed Scrubfowl9.wav,converted,True,32000.0,1.0,31.808,2435709,1017856,46,0.41788900069753815,
Ornate Tinamou_sound/Ornate Tinamou10,D:\other\Bird\Dataset\CC0\Ornate Tinamou_sound\Ornate Tinamou10.mp3,D:\other\Bird\Code\data\kaggle_training_wav_cache_sp\Ornate Tinamou_sound\Ornate Tinamou10.wav,converted,True,32000.0,1.0,26.192,1673509,838144,75,0.5008302913220066,"[mp3 @ 000001d74ffd56c0] Estimating duration from bitrate, this may be inaccurate
"
Ornate Tinamou_sound/Ornate Tinamou12,D:\other\Bird\Dataset\CC0\Ornate Tinamou_sound\Ornate Tinamou12.mp3,D:\other\Bird\Code\data\kaggle_training_wav_cache_sp\Ornate Tinamou_sound\Ornate Tinamou12.wav,too_short_after_preprocess,,,,4.26809375,137091,136579,1,0.9962652544660117,
Ornate Tinamou_sound/Ornate Tinamou13,D:\other\Bird\Dataset\CC0\Ornate Tinamou_sound\Ornate Tinamou13.mp3,D:\other\Bird\Code\data\kaggle_training_wav_cache_sp\Ornate Tinamou_sound\Ornate Tinamou13.wav,too_short_after_preprocess,,,,4.26809375,137091,136579,1,0.9962652544660117,
Ornate Tinamou_sound/Ornate Tinamou11,D:\other\Bird\Dataset\CC0\Ornate Tinamou_sound\Ornate Tinamou11.mp3,D:\other\Bird\Code\data\kaggle_training_wav_cache_sp\Ornate Tinamou_sound\Ornate Tinamou11.wav,converted,True,32000.0,1.0,26.192,1673509,838144,75,0.5008302913220066,"[mp3 @ 00000216f9de56c0] Estimating duration from bitrate, this may be inaccurate
"
Ornate Tinamou_sound/Ornate Tinamou3,D:\other\Bird\Dataset\CC0\Ornate Tinamou_sound\Ornate Tinamou3.mp3,D:\other\Bird\Code\data\kaggle_training_wav_cache_sp\Ornate Tinamou_sound\Ornate Tinamou3.wav,converted,True,32000.0,1.0,6.272,290064,200704,12,0.6919300568150477,"[mp3 @ 000002cb636856c0] Estimating duration from bitrate, this may be inaccurate
"
Ornate Tinamou_sound/Ornate Tinamou2,D:\other\Bird\Dataset\CC0\Ornate Tinamou_sound\Ornate Tinamou2.mp3,D:\other\Bird\Code\data\kaggle_training_wav_cache_sp\Ornate Tinamou_sound\Ornate Tinamou2.wav,converted,True,32000.0,1.0,50.155125,1604964,1604964,1,1.0,"[mp3 @ 000001dd9e1a56c0] Estimating duration from bitrate, this may be inaccurate
"
Ornate Tinamou_sound/Ornate Tinamou4,D:\other\Bird\Dataset\CC0\Ornate Tinamou_sound\Ornate Tinamou4.mp3,D:\other\Bird\Code\data\kaggle_training_wav_cache_sp\Ornate Tinamou_sound\Ornate Tinamou4.wav,converted,True,32000.0,1.0,9.536,1184497,305152,46,0.25762158958612813,"[mp3 @ 000001d6380656c0] Estimating duration from bitrate, this may be inaccurate
"
Ornate Tinamou_sound/Ornate Tinamou6,D:\other\Bird\Dataset\CC0\Ornate Tinamou_sound\Ornate Tinamou6.mp3,D:\other\Bird\Code\data\kaggle_training_wav_cache_sp\Ornate Tinamou_sound\Ornate Tinamou6.wav,too_short_after_preprocess,,,,4.24,289536,135680,12,0.46861184792219274,
Ornate Tinamou_sound/Ornate Tinamou7,D:\other\Bird\Dataset\CC0\Ornate Tinamou_sound\Ornate Tinamou7.mp3,D:\other\Bird\Code\data\kaggle_training_wav_cache_sp\Ornate Tinamou_sound\Ornate Tinamou7.wav,too_short_after_preprocess,,,,2.64,227370,84480,15,0.37155297532656023,
Ornate Tinamou_sound/Ornate Tinamou5,D:\other\Bird\Dataset\CC0\Ornate Tinamou_sound\Ornate Tinamou5.mp3,D:\other\Bird\Code\data\kaggle_training_wav_cache_sp\Ornate Tinamou_sound\Ornate Tinamou5.wav,converted,True,32000.0,1.0,20.688,1906730,662016,91,0.347199655955484,"[mp3 @ 0000022cdc3e56c0] Estimating duration from bitrate, this may be inaccurate
"
Ornate Tinamou_sound/Ornate Tinamou8,D:\other\Bird\Dataset\CC0\Ornate Tinamou_sound\Ornate Tinamou8.mp3,D:\other\Bird\Code\data\kaggle_training_wav_cache_sp\Ornate Tinamou_sound\Ornate Tinamou8.wav,converted,True,32000.0,1.0,5.248,420467,167936,19,0.3994035203713966,"[mp3 @ 000002403e6b56c0] Estimating duration from bitrate, this may be inaccurate
"
Pale-browed Tinamou_sound/Pale-browed Tinamou10,D:\other\Bird\Dataset\CC0\Pale-browed Tinamou_sound\Pale-browed Tinamou10.mp3,D:\other\Bird\Code\data\kaggle_training_wav_cache_sp\Pale-browed Tinamou_sound\Pale-browed Tinamou10.wav,too_short_after_preprocess,,,,2.8,254640,89600,23,0.3518693056864593,
Pale-browed Tinamou_sound/Pale-browed Tinamou11,D:\other\Bird\Dataset\CC0\Pale-browed Tinamou_sound\Pale-browed Tinamou11.mp3,D:\other\Bird\Code\data\kaggle_training_wav_cache_sp\Pale-browed Tinamou_sound\Pale-browed Tinamou11.wav,too_short_after_preprocess,,,,2.8,254640,89600,23,0.3518693056864593,
Pale-browed Tinamou_sound/Pale-browed Tinamou12,D:\other\Bird\Dataset\CC0\Pale-browed Tinamou_sound\Pale-browed Tinamou12.mp3,D:\other\Bird\Code\data\kaggle_training_wav_cache_sp\Pale-browed Tinamou_sound\Pale-browed Tinamou12.wav,too_short_after_preprocess,,,,2.8,254640,89600,23,0.3518693056864593,
Ornate Tinamou_sound/Ornate Tinamou9,D:\other\Bird\Dataset\CC0\Ornate Tinamou_sound\Ornate Tinamou9.mp3,D:\other\Bird\Code\data\kaggle_training_wav_cache_sp\Ornate Tinamou_sound\Ornate Tinamou9.wav,converted,True,32000.0,1.0,26.192,1673509,838144,75,0.5008302913220066,"[mp3 @ 0000028034da56c0] Estimating duration from bitrate, this may be inaccurate
"
Pale-browed Tinamou_sound/Pale-browed Tinamou13,D:\other\Bird\Dataset\CC0\Pale-browed Tinamou_sound\Pale-browed Tinamou13.mp3,D:\other\Bird\Code\data\kaggle_training_wav_cache_sp\Pale-browed Tinamou_sound\Pale-browed Tinamou13.wav,too_short_after_preprocess,,,,3.696,589323,118272,9,0.20069130171400065,
Pale-browed Tinamou_sound/Pale-browed Tinamou14,D:\other\Bird\Dataset\CC0\Pale-browed Tinamou_sound\Pale-browed Tinamou14.mp3,D:\other\Bird\Code\data\kaggle_training_wav_cache_sp\Pale-browed Tinamou_sound\Pale-browed Tinamou14.wav,too_short_after_preprocess,,,,3.696,589323,118272,9,0.20069130171400065,
Pale-browed Tinamou_sound/Pale-browed Tinamou15,D:\other\Bird\Dataset\CC0\Pale-browed Tinamou_sound\Pale-browed Tinamou15.mp3,D:\other\Bird\Code\data\kaggle_training_wav_cache_sp\Pale-browed Tinamou_sound\Pale-browed Tinamou15.wav,too_short_after_preprocess,,,,3.696,589323,118272,9,0.20069130171400065,
Pale-browed Tinamou_sound/Pale-browed Tinamou16,D:\other\Bird\Dataset\CC0\Pale-browed Tinamou_sound\Pale-browed Tinamou16.mp3,D:\other\Bird\Code\data\kaggle_training_wav_cache_sp\Pale-browed Tinamou_sound\Pale-browed Tinamou16.wav,converted,True,32000.0,1.0,44.976,1440288,1439232,1,0.9992668133040059,"[mp3 @ 0000014c86f156c0] Estimating duration from bitrate, this may be inaccurate
"
Pale-browed Tinamou_sound/Pale-browed Tinamou17,D:\other\Bird\Dataset\CC0\Pale-browed Tinamou_sound\Pale-browed Tinamou17.mp3,D:\other\Bird\Code\data\kaggle_training_wav_cache_sp\Pale-browed Tinamou_sound\Pale-browed Tinamou17.wav,converted,True,32000.0,1.0,44.976,1440288,1439232,1,0.9992668133040059,"[mp3 @ 0000022e3f0b56c0] Estimating duration from bitrate, this may be inaccurate
"
Pale-browed Tinamou_sound/Pale-browed Tinamou18,D:\other\Bird\Dataset\CC0\Pale-browed Tinamou_sound\Pale-browed Tinamou18.mp3,D:\other\Bird\Code\data\kaggle_training_wav_cache_sp\Pale-browed Tinamou_sound\Pale-browed Tinamou18.wav,converted,True,32000.0,1.0,44.976,1440288,1439232,1,0.9992668133040059,"[mp3 @ 0000020487cb56c0] Estimating duration from bitrate, this may be inaccurate
"
Pale-browed Tinamou_sound/Pale-browed Tinamou19,D:\other\Bird\Dataset\CC0\Pale-browed Tinamou_sound\Pale-browed Tinamou19.mp3,D:\other\Bird\Code\data\kaggle_training_wav_cache_sp\Pale-browed Tinamou_sound\Pale-browed Tinamou19.wav,too_short_after_preprocess,,,,1.968,1169450,62976,4,0.05385095557740818,
Pale-browed Tinamou_sound/Pale-browed Tinamou2,D:\other\Bird\Dataset\CC0\Pale-browed Tinamou_sound\Pale-browed Tinamou2.mp3,D:\other\Bird\Code\data\kaggle_training_wav_cache_sp\Pale-browed Tinamou_sound\Pale-browed Tinamou2.wav,converted,True,32000.0,1.0,6.7768125,219930,216858,2,0.9860319192470332,
Pale-browed Tinamou_sound/Pale-browed Tinamou20,D:\other\Bird\Dataset\CC0\Pale-browed Tinamou_sound\Pale-browed Tinamou20.mp3,D:\other\Bird\Code\data\kaggle_training_wav_cache_sp\Pale-browed Tinamou_sound\Pale-browed Tinamou20.wav,too_short_after_preprocess,,,,1.968,1169450,62976,4,0.05385095557740818,
Pale-browed Tinamou_sound/Pale-browed Tinamou21,D:\other\Bird\Dataset\CC0\Pale-browed Tinamou_sound\Pale-browed Tinamou21.mp3,D:\other\Bird\Code\data\kaggle_training_wav_cache_sp\Pale-browed Tinamou_sound\Pale-browed Tinamou21.wav,too_short_after_preprocess,,,,1.968,1169450,62976,4,0.05385095557740818,
Pale-browed Tinamou_sound/Pale-browed Tinamou22,D:\other\Bird\Dataset\CC0\Pale-browed Tinamou_sound\Pale-browed Tinamou22.mp3,D:\other\Bird\Code\data\kaggle_training_wav_cache_sp\Pale-browed Tinamou_sound\Pale-browed Tinamou22.wav,converted,True,32000.0,1.0,43.472,2094812,1391104,133,0.6640710479031053,"[mp3 @ 0000017abbf456c0] Estimating duration from bitrate, this may be inaccurate
"
Pale-browed Tinamou_sound/Pale-browed Tinamou23,D:\other\Bird\Dataset\CC0\Pale-browed Tinamou_sound\Pale-browed Tinamou23.mp3,D:\other\Bird\Code\data\kaggle_training_wav_cache_sp\Pale-browed Tinamou_sound\Pale-browed Tinamou23.wav,converted,True,32000.0,1.0,40.816,3277636,1306112,168,0.3984920839287828,"[mp3 @ 00000149373d56c0] Estimating duration from bitrate, this may be inaccurate
"
Pale-browed Tinamou_sound/Pale-browed Tinamou25,D:\other\Bird\Dataset\CC0\Pale-browed Tinamou_sound\Pale-browed Tinamou25.mp3,D:\other\Bird\Code\data\kaggle_training_wav_cache_sp\Pale-browed Tinamou_sound\Pale-browed Tinamou25.wav,converted,True,32000.0,1.0,36.81896875,1494623,1178207,55,0.7882971157275113,"[mp3 @ 0000020cbed256c0] Estimating duration from bitrate, this may be inaccurate
"
Pale-browed Tinamou_sound/Pale-browed Tinamou24,D:\other\Bird\Dataset\CC0\Pale-browed Tinamou_sound\Pale-browed Tinamou24.mp3,D:\other\Bird\Code\data\kaggle_training_wav_cache_sp\Pale-browed Tinamou_sound\Pale-browed Tinamou24.wav,converted,True,32000.0,1.0,40.816,3277636,1306112,168,0.3984920839287828,"[mp3 @ 000002529e2b56c0] Estimating duration from bitrate, this may be inaccurate
"
Pale-browed Tinamou_sound/Pale-browed Tinamou27,D:\other\Bird\Dataset\CC0\Pale-browed Tinamou_sound\Pale-browed Tinamou27.mp3,D:\other\Bird\Code\data\kaggle_training_wav_cache_sp\Pale-browed Tinamou_sound\Pale-browed Tinamou27.wav,converted,True,32000.0,1.0,15.31528125,568425,490089,24,0.8621876236970577,"[mp3 @ 0000021c0bfa56c0] Estimating duration from bitrate, this may be inaccurate
"
Pale-browed Tinamou_sound/Pale-browed Tinamou26,D:\other\Bird\Dataset\CC0\Pale-browed Tinamou_sound\Pale-browed Tinamou26.mp3,D:\other\Bird\Code\data\kaggle_training_wav_cache_sp\Pale-browed Tinamou_sound\Pale-browed Tinamou26.wav,converted,True,32000.0,1.0,45.29046875,1450319,1449295,1,0.9992939484347926,"[mp3 @ 000001c312ba56c0] Estimating duration from bitrate, this may be inaccurate
"
Pale-browed Tinamou_sound/Pale-browed Tinamou28,D:\other\Bird\Dataset\CC0\Pale-browed Tinamou_sound\Pale-browed Tinamou28.mp3,D:\other\Bird\Code\data\kaggle_training_wav_cache_sp\Pale-browed Tinamou_sound\Pale-browed Tinamou28.wav,converted,True,32000.0,1.0,15.31528125,568425,490089,24,0.8621876236970577,"[mp3 @ 00000216199556c0] Estimating duration from bitrate, this may be inaccurate
"
Pale-browed Tinamou_sound/Pale-browed Tinamou29,D:\other\Bird\Dataset\CC0\Pale-browed Tinamou_sound\Pale-browed Tinamou29.mp3,D:\other\Bird\Code\data\kaggle_training_wav_cache_sp\Pale-browed Tinamou_sound\Pale-browed Tinamou29.wav,too_short_after_preprocess,,,,2.9,92800,92800,1,1.0,
Pale-browed Tinamou_sound/Pale-browed Tinamou3,D:\other\Bird\Dataset\CC0\Pale-browed Tinamou_sound\Pale-browed Tinamou3.mp3,D:\other\Bird\Code\data\kaggle_training_wav_cache_sp\Pale-browed Tinamou_sound\Pale-browed Tinamou3.wav,converted,True,32000.0,1.0,27.69503125,974305,886241,21,0.9096135193804815,
Pale-browed Tinamou_sound/Pale-browed Tinamou31,D:\other\Bird\Dataset\CC0\Pale-browed Tinamou_sound\Pale-browed Tinamou31.mp3,D:\other\Bird\Code\data\kaggle_training_wav_cache_sp\Pale-browed Tinamou_sound\Pale-browed Tinamou31.wav,too_short_after_preprocess,,,,1.264,40960,40448,1,0.9875,
Pale-browed Tinamou_sound/Pale-browed Tinamou30,D:\other\Bird\Dataset\CC0\Pale-browed Tinamou_sound\Pale-browed Tinamou30.mp3,D:\other\Bird\Code\data\kaggle_training_wav_cache_sp\Pale-browed Tinamou_sound\Pale-browed Tinamou30.wav,converted,True,32000.0,1.0,34.1,1091200,1091200,1,1.0,
Pale-browed Tinamou_sound/Pale-browed Tinamou5,D:\other\Bird\Dataset\CC0\Pale-browed Tinamou_sound\Pale-browed Tinamou5.mp3,D:\other\Bird\Code\data\kaggle_training_wav_cache_sp\Pale-browed Tinamou_sound\Pale-browed Tinamou5.wav,too_short_after_preprocess,,,,1.89746875,84783,60719,9,0.7161695151150584,
Pale-browed Tinamou_sound/Pale-browed Tinamou4,D:\other\Bird\Dataset\CC0\Pale-browed Tinamou_sound\Pale-browed Tinamou4.mp3,D:\other\Bird\Code\data\kaggle_training_wav_cache_sp\Pale-browed Tinamou_sound\Pale-browed Tinamou4.wav,converted,True,32000.0,1.0,15.54828125,497545,497545,1,1.0,
Pale-browed Tinamou_sound/Pale-browed Tinamou6,D:\other\Bird\Dataset\CC0\Pale-browed Tinamou_sound\Pale-browed Tinamou6.mp3,D:\other\Bird\Code\data\kaggle_training_wav_cache_sp\Pale-browed Tinamou_sound\Pale-browed Tinamou6.wav,too_short_after_preprocess,,,,1.616,240968,51712,13,0.2146011088609276,
Pale-browed Tinamou_sound/Pale-browed Tinamou7,D:\other\Bird\Dataset\CC0\Pale-browed Tinamou_sound\Pale-browed Tinamou7.mp3,D:\other\Bird\Code\data\kaggle_training_wav_cache_sp\Pale-browed Tinamou_sound\Pale-browed Tinamou7.wav,too_short_after_preprocess,,,,2.8,254640,89600,23,0.3518693056864593,
Pale-browed Tinamou_sound/Pale-browed Tinamou8,D:\other\Bird\Dataset\CC0\Pale-browed Tinamou_sound\Pale-browed Tinamou8.mp3,D:\other\Bird\Code\data\kaggle_training_wav_cache_sp\Pale-browed Tinamou_sound\Pale-browed Tinamou8.wav,too_short_after_preprocess,,,,2.8,254640,89600,23,0.3518693056864593,
Pale-browed Tinamou_sound/Pale-browed Tinamou9,D:\other\Bird\Dataset\CC0\Pale-browed Tinamou_sound\Pale-browed Tinamou9.mp3,D:\other\Bird\Code\data\kaggle_training_wav_cache_sp\Pale-browed Tinamou_sound\Pale-browed Tinamou9.wav,too_short_after_preprocess,,,,2.8,254640,89600,23,0.3518693056864593,
Philippine Megapode_sound/Philippine Megapode10,D:\other\Bird\Dataset\CC0\Philippine Megapode_sound\Philippine Megapode10.mp3,D:\other\Bird\Code\data\kaggle_training_wav_cache_sp\Philippine Megapode_sound\Philippine Megapode10.wav,converted,True,32000.0,1.0,27.69525,903656,886248,2,0.9807360322954752,
Philippine Megapode_sound/Philippine Megapode11,D:\other\Bird\Dataset\CC0\Philippine Megapode_sound\Philippine Megapode11.mp3,D:\other\Bird\Code\data\kaggle_training_wav_cache_sp\Philippine Megapode_sound\Philippine Megapode11.wav,converted,True,32000.0,1.0,96.592,3127862,3090944,2,0.9881970496140814,
Philippine Megapode_sound/Philippine Megapode12,D:\other\Bird\Dataset\CC0\Philippine Megapode_sound\Philippine Megapode12.mp3,D:\other\Bird\Code\data\kaggle_training_wav_cache_sp\Philippine Megapode_sound\Philippine Megapode12.wav,converted,True,32000.0,1.0,96.592,3127862,3090944,2,0.9881970496140814,
Philippine Megapode_sound/Philippine Megapode13,D:\other\Bird\Dataset\CC0\Philippine Megapode_sound\Philippine Megapode13.mp3,D:\other\Bird\Code\data\kaggle_training_wav_cache_sp\Philippine Megapode_sound\Philippine Megapode13.wav,converted,True,32000.0,1.0,233.584,8553734,7474688,282,0.8738508819657006,
Philippine Megapode_sound/Philippine Megapode14,D:\other\Bird\Dataset\CC0\Philippine Megapode_sound\Philippine Megapode14.mp3,D:\other\Bird\Code\data\kaggle_training_wav_cache_sp\Philippine Megapode_sound\Philippine Megapode14.wav,converted,True,32000.0,1.0,233.584,8553734,7474688,282,0.8738508819657006,
Philippine Megapode_sound/Philippine Megapode16,D:\other\Bird\Dataset\CC0\Philippine Megapode_sound\Philippine Megapode16.mp3,D:\other\Bird\Code\data\kaggle_training_wav_cache_sp\Philippine Megapode_sound\Philippine Megapode16.wav,converted,True,32000.0,1.0,20.52,656640,656640,1,1.0,"[mp3 @ 0000021a5b2b56c0] Estimating duration from bitrate, this may be inaccurate
"
Philippine Megapode_sound/Philippine Megapode17,D:\other\Bird\Dataset\CC0\Philippine Megapode_sound\Philippine Megapode17.mp3,D:\other\Bird\Code\data\kaggle_training_wav_cache_sp\Philippine Megapode_sound\Philippine Megapode17.wav,converted,True,32000.0,1.0,20.52,656640,656640,1,1.0,"[mp3 @ 000001e3fc9956c0] Estimating duration from bitrate, this may be inaccurate
"
Philippine Megapode_sound/Philippine Megapode18,D:\other\Bird\Dataset\CC0\Philippine Megapode_sound\Philippine Megapode18.mp3,D:\other\Bird\Code\data\kaggle_training_wav_cache_sp\Philippine Megapode_sound\Philippine Megapode18.wav,converted,True,32000.0,1.0,20.52,656640,656640,1,1.0,"[mp3 @ 000001ce8c9c56c0] Estimating duration from bitrate, this may be inaccurate
"
Philippine Megapode_sound/Philippine Megapode19,D:\other\Bird\Dataset\CC0\Philippine Megapode_sound\Philippine Megapode19.mp3,D:\other\Bird\Code\data\kaggle_training_wav_cache_sp\Philippine Megapode_sound\Philippine Megapode19.wav,converted,True,32000.0,1.0,20.52,656640,656640,1,1.0,"[mp3 @ 000001c5ce2e56c0] Estimating duration from bitrate, this may be inaccurate
"
Philippine Megapode_sound/Philippine Megapode2,D:\other\Bird\Dataset\CC0\Philippine Megapode_sound\Philippine Megapode2.mp3,D:\other\Bird\Code\data\kaggle_training_wav_cache_sp\Philippine Megapode_sound\Philippine Megapode2.wav,converted,True,32000.0,1.0,64.29159375,2058867,2057331,2,0.9992539586092739,"[mp3 @ 000001edc15c56c0] Estimating duration from bitrate, this may be inaccurate
"
Philippine Megapode_sound/Philippine Megapode20,D:\other\Bird\Dataset\CC0\Philippine Megapode_sound\Philippine Megapode20.mp3,D:\other\Bird\Code\data\kaggle_training_wav_cache_sp\Philippine Megapode_sound\Philippine Megapode20.wav,converted,True,32000.0,1.0,20.52,656640,656640,1,1.0,"[mp3 @ 000001e89cfb56c0] Estimating duration from bitrate, this may be inaccurate
"
Philippine Megapode_sound/Philippine Megapode15,D:\other\Bird\Dataset\CC0\Philippine Megapode_sound\Philippine Megapode15.mp3,D:\other\Bird\Code\data\kaggle_training_wav_cache_sp\Philippine Megapode_sound\Philippine Megapode15.wav,converted,True,32000.0,1.0,233.584,8553734,7474688,282,0.8738508819657006,
Philippine Megapode_sound/Philippine Megapode3,D:\other\Bird\Dataset\CC0\Philippine Megapode_sound\Philippine Megapode3.mp3,D:\other\Bird\Code\data\kaggle_training_wav_cache_sp\Philippine Megapode_sound\Philippine Megapode3.wav,converted,True,32000.0,1.0,64.29159375,2058867,2057331,2,0.9992539586092739,"[mp3 @ 000001edf73d56c0] Estimating duration from bitrate, this may be inaccurate
"
Philippine Megapode_sound/Philippine Megapode4,D:\other\Bird\Dataset\CC0\Philippine Megapode_sound\Philippine Megapode4.mp3,D:\other\Bird\Code\data\kaggle_training_wav_cache_sp\Philippine Megapode_sound\Philippine Megapode4.wav,converted,True,32000.0,1.0,64.29159375,2058867,2057331,2,0.9992539586092739,"[mp3 @ 0000017e666056c0] Estimating duration from bitrate, this may be inaccurate
"
Philippine Megapode_sound/Philippine Megapode5,D:\other\Bird\Dataset\CC0\Philippine Megapode_sound\Philippine Megapode5.mp3,D:\other\Bird\Code\data\kaggle_training_wav_cache_sp\Philippine Megapode_sound\Philippine Megapode5.wav,converted,True,32000.0,1.0,64.29159375,2058867,2057331,2,0.9992539586092739,"[mp3 @ 000001c9135256c0] Estimating duration from bitrate, this may be inaccurate
"
Philippine Megapode_sound/Philippine Megapode6,D:\other\Bird\Dataset\CC0\Philippine Megapode_sound\Philippine Megapode6.mp3,D:\other\Bird\Code\data\kaggle_training_wav_cache_sp\Philippine Megapode_sound\Philippine Megapode6.wav,converted,True,32000.0,1.0,65.1121875,2445062,2083590,117,0.8521624400526449,"[mp3 @ 00000224439956c0] Estimating duration from bitrate, this may be inaccurate
"
Philippine Megapode_sound/Philippine Megapode7,D:\other\Bird\Dataset\CC0\Philippine Megapode_sound\Philippine Megapode7.mp3,D:\other\Bird\Code\data\kaggle_training_wav_cache_sp\Philippine Megapode_sound\Philippine Megapode7.wav,converted,True,32000.0,1.0,65.68,7649879,2101760,194,0.27474421490849726,
Philippine Megapode_sound/Philippine Megapode8,D:\other\Bird\Dataset\CC0\Philippine Megapode_sound\Philippine Megapode8.mp3,D:\other\Bird\Code\data\kaggle_training_wav_cache_sp\Philippine Megapode_sound\Philippine Megapode8.wav,converted,True,32000.0,1.0,65.68,7649879,2101760,194,0.27474421490849726,
Plain Chachalaca_sound/Plain Chachalaca10,D:\other\Bird\Dataset\CC0\Plain Chachalaca_sound\Plain Chachalaca10.mp3,D:\other\Bird\Code\data\kaggle_training_wav_cache_sp\Plain Chachalaca_sound\Plain Chachalaca10.wav,converted,True,32000.0,1.0,11.07790625,941245,354493,39,0.37662138975505843,"[mp3 @ 0000015f81d85700] Estimating duration from bitrate, this may be inaccurate
"
Plain Chachalaca_sound/Plain Chachalaca11,D:\other\Bird\Dataset\CC0\Plain Chachalaca_sound\Plain Chachalaca11.mp3,D:\other\Bird\Code\data\kaggle_training_wav_cache_sp\Plain Chachalaca_sound\Plain Chachalaca11.wav,converted,True,32000.0,1.0,65.4783125,2158794,2095306,28,0.9705909873753586,
Plain Chachalaca_sound/Plain Chachalaca12,D:\other\Bird\Dataset\CC0\Plain Chachalaca_sound\Plain Chachalaca12.mp3,D:\other\Bird\Code\data\kaggle_training_wav_cache_sp\Plain Chachalaca_sound\Plain Chachalaca12.wav,converted,True,32000.0,1.0,65.4783125,2158794,2095306,28,0.9705909873753586,
Philippine Megapode_sound/Philippine Megapode9,D:\other\Bird\Dataset\CC0\Philippine Megapode_sound\Philippine Megapode9.mp3,D:\other\Bird\Code\data\kaggle_training_wav_cache_sp\Philippine Megapode_sound\Philippine Megapode9.wav,converted,True,32000.0,1.0,65.68,7649879,2101760,194,0.27474421490849726,
Plain Chachalaca_sound/Plain Chachalaca13,D:\other\Bird\Dataset\CC0\Plain Chachalaca_sound\Plain Chachalaca13.mp3,D:\other\Bird\Code\data\kaggle_training_wav_cache_sp\Plain Chachalaca_sound\Plain Chachalaca13.wav,converted,True,32000.0,1.0,10.97753125,351281,351281,1,1.0,
Plain Chachalaca_sound/Plain Chachalaca14,D:\other\Bird\Dataset\CC0\Plain Chachalaca_sound\Plain Chachalaca14.mp3,D:\other\Bird\Code\data\kaggle_training_wav_cache_sp\Plain Chachalaca_sound\Plain Chachalaca14.wav,converted,True,32000.0,1.0,10.97753125,351281,351281,1,1.0,
Plain Chachalaca_sound/Plain Chachalaca15,D:\other\Bird\Dataset\CC0\Plain Chachalaca_sound\Plain Chachalaca15.mp3,D:\other\Bird\Code\data\kaggle_training_wav_cache_sp\Plain Chachalaca_sound\Plain Chachalaca15.wav,converted,True,32000.0,1.0,43.008,2959209,1376256,176,0.4650756333871653,
Plain Chachalaca_sound/Plain Chachalaca17,D:\other\Bird\Dataset\CC0\Plain Chachalaca_sound\Plain Chachalaca17.mp3,D:\other\Bird\Code\data\kaggle_training_wav_cache_sp\Plain Chachalaca_sound\Plain Chachalaca17.wav,converted,True,32000.0,1.0,45.536,1483776,1457152,3,0.9820565907522429,"[mp3 @ 0000023a50a65700] Estimating duration from bitrate, this may be inaccurate
"
Plain Chachalaca_sound/Plain Chachalaca18,D:\other\Bird\Dataset\CC0\Plain Chachalaca_sound\Plain Chachalaca18.mp3,D:\other\Bird\Code\data\kaggle_training_wav_cache_sp\Plain Chachalaca_sound\Plain Chachalaca18.wav,converted,True,32000.0,1.0,45.536,1483776,1457152,3,0.9820565907522429,"[mp3 @ 000001e6b3ba5700] Estimating duration from bitrate, this may be inaccurate
"
Plain Chachalaca_sound/Plain Chachalaca19,D:\other\Bird\Dataset\CC0\Plain Chachalaca_sound\Plain Chachalaca19.mp3,D:\other\Bird\Code\data\kaggle_training_wav_cache_sp\Plain Chachalaca_sound\Plain Chachalaca19.wav,converted,True,32000.0,1.0,45.536,1483776,1457152,3,0.9820565907522429,"[mp3 @ 0000015ebdf95700] Estimating duration from bitrate, this may be inaccurate
"
Plain Chachalaca_sound/Plain Chachalaca2,D:\other\Bird\Dataset\CC0\Plain Chachalaca_sound\Plain Chachalaca2.mp3,D:\other\Bird\Code\data\kaggle_training_wav_cache_sp\Plain Chachalaca_sound\Plain Chachalaca2.wav,converted,True,32000.0,1.0,41.216,1402043,1318912,2,0.9407072393642706,
Plain Chachalaca_sound/Plain Chachalaca20,D:\other\Bird\Dataset\CC0\Plain Chachalaca_sound\Plain Chachalaca20.mp3,D:\other\Bird\Code\data\kaggle_training_wav_cache_sp\Plain Chachalaca_sound\Plain Chachalaca20.wav,converted,True,32000.0,1.0,89.344,3098112,2859008,61,0.9228226739381921,"[mp3 @ 000001b417b35700] Estimating duration from bitrate, this may be inaccurate
"
Plain Chachalaca_sound/Plain Chachalaca16,D:\other\Bird\Dataset\CC0\Plain Chachalaca_sound\Plain Chachalaca16.mp3,D:\other\Bird\Code\data\kaggle_training_wav_cache_sp\Plain Chachalaca_sound\Plain Chachalaca16.wav,converted,True,32000.0,1.0,264.16,16169384,8453120,585,0.5227855309763192,
Plain Chachalaca_sound/Plain Chachalaca21,D:\other\Bird\Dataset\CC0\Plain Chachalaca_sound\Plain Chachalaca21.mp3,D:\other\Bird\Code\data\kaggle_training_wav_cache_sp\Plain Chachalaca_sound\Plain Chachalaca21.wav,converted,True,32000.0,1.0,89.344,3098112,2859008,61,0.9228226739381921,"[mp3 @ 00000194e7f95700] Estimating duration from bitrate, this may be inaccurate
"
Plain Chachalaca_sound/Plain Chachalaca23,D:\other\Bird\Dataset\CC0\Plain Chachalaca_sound\Plain Chachalaca23.mp3,D:\other\Bird\Code\data\kaggle_training_wav_cache_sp\Plain Chachalaca_sound\Plain Chachalaca23.wav,converted,True,32000.0,1.0,21.8805,740624,700176,22,0.9453865929270453,"[mp3 @ 000001a444755700] Estimating duration from bitrate, this may be inaccurate
"
Plain Chachalaca_sound/Plain Chachalaca24,D:\other\Bird\Dataset\CC0\Plain Chachalaca_sound\Plain Chachalaca24.mp3,D:\other\Bird\Code\data\kaggle_training_wav_cache_sp\Plain Chachalaca_sound\Plain Chachalaca24.wav,converted,True,32000.0,1.0,17.344,811769,555008,40,0.683701890562463,
Plain Chachalaca_sound/Plain Chachalaca22,D:\other\Bird\Dataset\CC0\Plain Chachalaca_sound\Plain Chachalaca22.mp3,D:\other\Bird\Code\data\kaggle_training_wav_cache_sp\Plain Chachalaca_sound\Plain Chachalaca22.wav,converted,True,32000.0,1.0,89.344,3098112,2859008,61,0.9228226739381921,"[mp3 @ 0000028a4bf05700] Estimating duration from bitrate, this may be inaccurate
"
Plain Chachalaca_sound/Plain Chachalaca25,D:\other\Bird\Dataset\CC0\Plain Chachalaca_sound\Plain Chachalaca25.mp3,D:\other\Bird\Code\data\kaggle_training_wav_cache_sp\Plain Chachalaca_sound\Plain Chachalaca25.wav,converted,True,32000.0,1.0,17.344,811769,555008,40,0.683701890562463,
Plain Chachalaca_sound/Plain Chachalaca26,D:\other\Bird\Dataset\CC0\Plain Chachalaca_sound\Plain Chachalaca26.mp3,D:\other\Bird\Code\data\kaggle_training_wav_cache_sp\Plain Chachalaca_sound\Plain Chachalaca26.wav,converted,True,32000.0,1.0,118.864,6623232,3803648,348,0.5742888064316636,"[mp3 @ 0000019ba6bb5700] Estimating duration from bitrate, this may be inaccurate
"
Plain Chachalaca_sound/Plain Chachalaca27,D:\other\Bird\Dataset\CC0\Plain Chachalaca_sound\Plain Chachalaca27.mp3,D:\other\Bird\Code\data\kaggle_training_wav_cache_sp\Plain Chachalaca_sound\Plain Chachalaca27.wav,converted,True,32000.0,1.0,118.864,6623232,3803648,348,0.5742888064316636,"[mp3 @ 00000247d31b5700] Estimating duration from bitrate, this may be inaccurate
"
Plain Chachalaca_sound/Plain Chachalaca28,D:\other\Bird\Dataset\CC0\Plain Chachalaca_sound\Plain Chachalaca28.mp3,D:\other\Bird\Code\data\kaggle_training_wav_cache_sp\Plain Chachalaca_sound\Plain Chachalaca28.wav,converted,True,32000.0,1.0,118.864,6623232,3803648,348,0.5742888064316636,"[mp3 @ 000002bdedbb5700] Estimating duration from bitrate, this may be inaccurate
"
Plain Chachalaca_sound/Plain Chachalaca29,D:\other\Bird\Dataset\CC0\Plain Chachalaca_sound\Plain Chachalaca29.mp3,D:\other\Bird\Code\data\kaggle_training_wav_cache_sp\Plain Chachalaca_sound\Plain Chachalaca29.wav,converted,True,32000.0,1.0,118.864,6623232,3803648,348,0.5742888064316636,"[mp3 @ 00000257982b5700] Estimating duration from bitrate, this may be inaccurate
"
Plain Chachalaca_sound/Plain Chachalaca3,D:\other\Bird\Dataset\CC0\Plain Chachalaca_sound\Plain Chachalaca3.mp3,D:\other\Bird\Code\data\kaggle_training_wav_cache_sp\Plain Chachalaca_sound\Plain Chachalaca3.wav,converted,True,32000.0,1.0,41.216,1402043,1318912,2,0.9407072393642706,
Plain Chachalaca_sound/Plain Chachalaca30,D:\other\Bird\Dataset\CC0\Plain Chachalaca_sound\Plain Chachalaca30.mp3,D:\other\Bird\Code\data\kaggle_training_wav_cache_sp\Plain Chachalaca_sound\Plain Chachalaca30.wav,converted,True,32000.0,1.0,118.864,6623232,3803648,348,0.5742888064316636,"[mp3 @ 000001e571755700] Estimating duration from bitrate, this may be inaccurate
"
Plain Chachalaca_sound/Plain Chachalaca31,D:\other\Bird\Dataset\CC0\Plain Chachalaca_sound\Plain Chachalaca31.mp3,D:\other\Bird\Code\data\kaggle_training_wav_cache_sp\Plain Chachalaca_sound\Plain Chachalaca31.wav,converted,True,32000.0,1.0,118.864,6623232,3803648,348,0.5742888064316636,"[mp3 @ 00000153fb8d5700] Estimating duration from bitrate, this may be inaccurate
"
Plain Chachalaca_sound/Plain Chachalaca4,D:\other\Bird\Dataset\CC0\Plain Chachalaca_sound\Plain Chachalaca4.mp3,D:\other\Bird\Code\data\kaggle_training_wav_cache_sp\Plain Chachalaca_sound\Plain Chachalaca4.wav,converted,True,32000.0,1.0,41.216,1402043,1318912,2,0.9407072393642706,
Plain Chachalaca_sound/Plain Chachalaca5,D:\other\Bird\Dataset\CC0\Plain Chachalaca_sound\Plain Chachalaca5.mp3,D:\other\Bird\Code\data\kaggle_training_wav_cache_sp\Plain Chachalaca_sound\Plain Chachalaca5.wav,converted,True,32000.0,1.0,11.07790625,941245,354493,39,0.37662138975505843,"[mp3 @ 0000025391f55700] Estimating duration from bitrate, this may be inaccurate
"
Plain Chachalaca_sound/Plain Chachalaca6,D:\other\Bird\Dataset\CC0\Plain Chachalaca_sound\Plain Chachalaca6.mp3,D:\other\Bird\Code\data\kaggle_training_wav_cache_sp\Plain Chachalaca_sound\Plain Chachalaca6.wav,converted,True,32000.0,1.0,11.07790625,941245,354493,39,0.37662138975505843,"[mp3 @ 0000022507665700] Estimating duration from bitrate, this may be inaccurate
"
Plain Chachalaca_sound/Plain Chachalaca7,D:\other\Bird\Dataset\CC0\Plain Chachalaca_sound\Plain Chachalaca7.mp3,D:\other\Bird\Code\data\kaggle_training_wav_cache_sp\Plain Chachalaca_sound\Plain Chachalaca7.wav,converted,True,32000.0,1.0,11.07790625,941245,354493,39,0.37662138975505843,"[mp3 @ 0000021b50ef5700] Estimating duration from bitrate, this may be inaccurate
"
Plain Chachalaca_sound/Plain Chachalaca8,D:\other\Bird\Dataset\CC0\Plain Chachalaca_sound\Plain Chachalaca8.mp3,D:\other\Bird\Code\data\kaggle_training_wav_cache_sp\Plain Chachalaca_sound\Plain Chachalaca8.wav,converted,True,32000.0,1.0,11.07790625,941245,354493,39,0.37662138975505843,"[mp3 @ 000001f173f15700] Estimating duration from bitrate, this may be inaccurate
"
Plain Chachalaca_sound/Plain Chachalaca9,D:\other\Bird\Dataset\CC0\Plain Chachalaca_sound\Plain Chachalaca9.mp3,D:\other\Bird\Code\data\kaggle_training_wav_cache_sp\Plain Chachalaca_sound\Plain Chachalaca9.wav,converted,True,32000.0,1.0,11.07790625,941245,354493,39,0.37662138975505843,"[mp3 @ 0000022f8b745700] Estimating duration from bitrate, this may be inaccurate
"
Puna Tinamou_sound/Puna Tinamou11,D:\other\Bird\Dataset\CC0\Puna Tinamou_sound\Puna Tinamou11.mp3,D:\other\Bird\Code\data\kaggle_training_wav_cache_sp\Puna Tinamou_sound\Puna Tinamou11.wav,converted,True,32000.0,1.0,13.29634375,425483,425483,1,1.0,"[mp3 @ 000001570af956c0] Estimating duration from bitrate, this may be inaccurate
"
Puna Tinamou_sound/Puna Tinamou10,D:\other\Bird\Dataset\CC0\Puna Tinamou_sound\Puna Tinamou10.mp3,D:\other\Bird\Code\data\kaggle_training_wav_cache_sp\Puna Tinamou_sound\Puna Tinamou10.wav,converted,True,32000.0,1.0,57.2476875,1950198,1831926,38,0.9393538502244387,"[mp3 @ 00000255a32456c0] Estimating duration from bitrate, this may be inaccurate
"
Puna Tinamou_sound/Puna Tinamou12,D:\other\Bird\Dataset\CC0\Puna Tinamou_sound\Puna Tinamou12.mp3,D:\other\Bird\Code\data\kaggle_training_wav_cache_sp\Puna Tinamou_sound\Puna Tinamou12.wav,converted,True,32000.0,1.0,37.84,1227303,1210880,1,0.9866186263701792,
Puna Tinamou_sound/Puna Tinamou13,D:\other\Bird\Dataset\CC0\Puna Tinamou_sound\Puna Tinamou13.mp3,D:\other\Bird\Code\data\kaggle_training_wav_cache_sp\Puna Tinamou_sound\Puna Tinamou13.wav,converted,True,32000.0,1.0,30.850625,987220,987220,1,1.0,"[mp3 @ 000001d22fe056c0] Estimating duration from bitrate, this may be inaccurate
"
Puna Tinamou_sound/Puna Tinamou2,D:\other\Bird\Dataset\CC0\Puna Tinamou_sound\Puna Tinamou2.mp3,D:\other\Bird\Code\data\kaggle_training_wav_cache_sp\Puna Tinamou_sound\Puna Tinamou2.wav,converted,True,32000.0,1.0,16.88,656196,540160,8,0.8231686874043731,"[mp3 @ 0000026e14ce56c0] Estimating duration from bitrate, this may be inaccurate
"
Puna Tinamou_sound/Puna Tinamou3,D:\other\Bird\Dataset\CC0\Puna Tinamou_sound\Puna Tinamou3.mp3,D:\other\Bird\Code\data\kaggle_training_wav_cache_sp\Puna Tinamou_sound\Puna Tinamou3.wav,converted,True,32000.0,1.0,16.88,656196,540160,8,0.8231686874043731,"[mp3 @ 000001c0403856c0] Estimating duration from bitrate, this may be inaccurate
"
Puna Tinamou_sound/Puna Tinamou4,D:\other\Bird\Dataset\CC0\Puna Tinamou_sound\Puna Tinamou4.mp3,D:\other\Bird\Code\data\kaggle_training_wav_cache_sp\Puna Tinamou_sound\Puna Tinamou4.wav,converted,True,32000.0,1.0,16.88,656196,540160,8,0.8231686874043731,"[mp3 @ 0000015b64a956c0] Estimating duration from bitrate, this may be inaccurate
"
Puna Tinamou_sound/Puna Tinamou5,D:\other\Bird\Dataset\CC0\Puna Tinamou_sound\Puna Tinamou5.mp3,D:\other\Bird\Code\data\kaggle_training_wav_cache_sp\Puna Tinamou_sound\Puna Tinamou5.wav,converted,True,32000.0,1.0,20.62,659840,659840,1,1.0,
Puna Tinamou_sound/Puna Tinamou6,D:\other\Bird\Dataset\CC0\Puna Tinamou_sound\Puna Tinamou6.mp3,D:\other\Bird\Code\data\kaggle_training_wav_cache_sp\Puna Tinamou_sound\Puna Tinamou6.wav,converted,True,32000.0,1.0,20.62,659840,659840,1,1.0,
Puna Tinamou_sound/Puna Tinamou8,D:\other\Bird\Dataset\CC0\Puna Tinamou_sound\Puna Tinamou8.mp3,D:\other\Bird\Code\data\kaggle_training_wav_cache_sp\Puna Tinamou_sound\Puna Tinamou8.wav,converted,True,32000.0,1.0,95.264,3201132,3048448,51,0.95230312277032,
Puna Tinamou_sound/Puna Tinamou7,D:\other\Bird\Dataset\CC0\Puna Tinamou_sound\Puna Tinamou7.mp3,D:\other\Bird\Code\data\kaggle_training_wav_cache_sp\Puna Tinamou_sound\Puna Tinamou7.wav,converted,True,32000.0,1.0,108.528,3504638,3472896,1,0.9909428591483628,
Quebracho Crested Tinamou_sound/Quebracho Crested Tinamou10,D:\other\Bird\Dataset\CC0\Quebracho Crested Tinamou_sound\Quebracho Crested Tinamou10.mp3,D:\other\Bird\Code\data\kaggle_training_wav_cache_sp\Quebracho Crested Tinamou_sound\Quebracho Crested Tinamou10.wav,too_short_after_preprocess,,,,1.744,99995,55808,5,0.5581079053952698,
Quebracho Crested Tinamou_sound/Quebracho Crested Tinamou11,D:\other\Bird\Dataset\CC0\Quebracho Crested Tinamou_sound\Quebracho Crested Tinamou11.mp3,D:\other\Bird\Code\data\kaggle_training_wav_cache_sp\Quebracho Crested Tinamou_sound\Quebracho Crested Tinamou11.wav,converted,True,32000.0,1.0,16.88,656196,540160,8,0.8231686874043731,"[mp3 @ 0000014596425740] Estimating duration from bitrate, this may be inaccurate
"
Quebracho Crested Tinamou_sound/Quebracho Crested Tinamou2,D:\other\Bird\Dataset\CC0\Quebracho Crested Tinamou_sound\Quebracho Crested Tinamou2.mp3,D:\other\Bird\Code\data\kaggle_training_wav_cache_sp\Quebracho Crested Tinamou_sound\Quebracho Crested Tinamou2.wav,converted,True,32000.0,1.0,10.032,321829,321024,1,0.9974986716548229,"[mp3 @ 000001e58f705740] Estimating duration from bitrate, this may be inaccurate
"
Quebracho Crested Tinamou_sound/Quebracho Crested Tinamou3,D:\other\Bird\Dataset\CC0\Quebracho Crested Tinamou_sound\Quebracho Crested Tinamou3.mp3,D:\other\Bird\Code\data\kaggle_training_wav_cache_sp\Quebracho Crested Tinamou_sound\Quebracho Crested Tinamou3.wav,converted,True,32000.0,1.0,10.032,321829,321024,1,0.9974986716548229,"[mp3 @ 00000244f6cf5740] Estimating duration from bitrate, this may be inaccurate
"
Puna Tinamou_sound/Puna Tinamou9,D:\other\Bird\Dataset\CC0\Puna Tinamou_sound\Puna Tinamou9.mp3,D:\other\Bird\Code\data\kaggle_training_wav_cache_sp\Puna Tinamou_sound\Puna Tinamou9.wav,converted,True,32000.0,1.0,95.264,3201132,3048448,51,0.95230312277032,
Quebracho Crested Tinamou_sound/Quebracho Crested Tinamou4,D:\other\Bird\Dataset\CC0\Quebracho Crested Tinamou_sound\Quebracho Crested Tinamou4.mp3,D:\other\Bird\Code\data\kaggle_training_wav_cache_sp\Quebracho Crested Tinamou_sound\Quebracho Crested Tinamou4.wav,converted,True,32000.0,1.0,28.432,937901,909824,1,0.9700640046230892,"[mp3 @ 0000019b79af5740] Estimating duration from bitrate, this may be inaccurate
"
Quebracho Crested Tinamou_sound/Quebracho Crested Tinamou5,D:\other\Bird\Dataset\CC0\Quebracho Crested Tinamou_sound\Quebracho Crested Tinamou5.mp3,D:\other\Bird\Code\data\kaggle_training_wav_cache_sp\Quebracho Crested Tinamou_sound\Quebracho Crested Tinamou5.wav,converted,True,32000.0,1.0,28.432,937901,909824,1,0.9700640046230892,"[mp3 @ 000001d353ef5740] Estimating duration from bitrate, this may be inaccurate
"
Quebracho Crested Tinamou_sound/Quebracho Crested Tinamou6,D:\other\Bird\Dataset\CC0\Quebracho Crested Tinamou_sound\Quebracho Crested Tinamou6.mp3,D:\other\Bird\Code\data\kaggle_training_wav_cache_sp\Quebracho Crested Tinamou_sound\Quebracho Crested Tinamou6.wav,converted,True,32000.0,1.0,28.432,937901,909824,1,0.9700640046230892,"[mp3 @ 00000241c0ad5740] Estimating duration from bitrate, this may be inaccurate
"
Quebracho Crested Tinamou_sound/Quebracho Crested Tinamou7,D:\other\Bird\Dataset\CC0\Quebracho Crested Tinamou_sound\Quebracho Crested Tinamou7.mp3,D:\other\Bird\Code\data\kaggle_training_wav_cache_sp\Quebracho Crested Tinamou_sound\Quebracho Crested Tinamou7.wav,converted,True,32000.0,1.0,24.330125,779076,778564,1,0.9993428112276594,"[mp3 @ 000001a133d15740] Estimating duration from bitrate, this may be inaccurate
"
Quebracho Crested Tinamou_sound/Quebracho Crested Tinamou8,D:\other\Bird\Dataset\CC0\Quebracho Crested Tinamou_sound\Quebracho Crested Tinamou8.mp3,D:\other\Bird\Code\data\kaggle_training_wav_cache_sp\Quebracho Crested Tinamou_sound\Quebracho Crested Tinamou8.wav,converted,True,32000.0,1.0,22.16,713875,709120,1,0.9933391700227631,"[mp3 @ 00000186f4565740] Estimating duration from bitrate, this may be inaccurate
"
Quebracho Crested Tinamou_sound/Quebracho Crested Tinamou9,D:\other\Bird\Dataset\CC0\Quebracho Crested Tinamou_sound\Quebracho Crested Tinamou9.mp3,D:\other\Bird\Code\data\kaggle_training_wav_cache_sp\Quebracho Crested Tinamou_sound\Quebracho Crested Tinamou9.wav,converted,True,32000.0,1.0,22.16,713875,709120,1,0.9933391700227631,"[mp3 @ 000001cea3b05740] Estimating duration from bitrate, this may be inaccurate
"
Red-billed Brushturkey_sound/Red-billed Brushturkey2,D:\other\Bird\Dataset\CC0\Red-billed Brushturkey_sound\Red-billed Brushturkey2.mp3,D:\other\Bird\Code\data\kaggle_training_wav_cache_sp\Red-billed Brushturkey_sound\Red-billed Brushturkey2.wav,converted,True,32000.0,1.0,9.424,310962,301568,1,0.9697905210282929,"[mp3 @ 00000149be4556c0] Estimating duration from bitrate, this may be inaccurate
"
Red-billed Brushturkey_sound/Red-billed Brushturkey3,D:\other\Bird\Dataset\CC0\Red-billed Brushturkey_sound\Red-billed Brushturkey3.mp3,D:\other\Bird\Code\data\kaggle_training_wav_cache_sp\Red-billed Brushturkey_sound\Red-billed Brushturkey3.wav,converted,True,32000.0,1.0,9.424,310962,301568,1,0.9697905210282929,"[mp3 @ 000002af23dd56c0] Estimating duration from bitrate, this may be inaccurate
"
Red-billed Brushturkey_sound/Red-billed Brushturkey4,D:\other\Bird\Dataset\CC0\Red-billed Brushturkey_sound\Red-billed Brushturkey4.mp3,D:\other\Bird\Code\data\kaggle_training_wav_cache_sp\Red-billed Brushturkey_sound\Red-billed Brushturkey4.wav,converted,True,32000.0,1.0,9.424,310962,301568,1,0.9697905210282929,"[mp3 @ 0000021f43fe56c0] Estimating duration from bitrate, this may be inaccurate
"
Red-billed Brushturkey_sound/Red-billed Brushturkey5,D:\other\Bird\Dataset\CC0\Red-billed Brushturkey_sound\Red-billed Brushturkey5.mp3,D:\other\Bird\Code\data\kaggle_training_wav_cache_sp\Red-billed Brushturkey_sound\Red-billed Brushturkey5.wav,converted,True,32000.0,1.0,9.424,310962,301568,1,0.9697905210282929,"[mp3 @ 00000288d1cc56c0] Estimating duration from bitrate, this may be inaccurate
"
Red-billed Brushturkey_sound/Red-billed Brushturkey6,D:\other\Bird\Dataset\CC0\Red-billed Brushturkey_sound\Red-billed Brushturkey6.mp3,D:\other\Bird\Code\data\kaggle_training_wav_cache_sp\Red-billed Brushturkey_sound\Red-billed Brushturkey6.wav,converted,True,32000.0,1.0,9.424,310962,301568,1,0.9697905210282929,"[mp3 @ 0000021c332456c0] Estimating duration from bitrate, this may be inaccurate
"
Red-billed Brushturkey_sound/Red-billed Brushturkey7,D:\other\Bird\Dataset\CC0\Red-billed Brushturkey_sound\Red-billed Brushturkey7.mp3,D:\other\Bird\Code\data\kaggle_training_wav_cache_sp\Red-billed Brushturkey_sound\Red-billed Brushturkey7.wav,converted,True,32000.0,1.0,9.424,310962,301568,1,0.9697905210282929,"[mp3 @ 000002075f7856c0] Estimating duration from bitrate, this may be inaccurate
"
Red-faced Guan_sound/Red-faced Guan10,D:\other\Bird\Dataset\CC0\Red-faced Guan_sound\Red-faced Guan10.mp3,D:\other\Bird\Code\data\kaggle_training_wav_cache_sp\Red-faced Guan_sound\Red-faced Guan10.wav,converted,True,32000.0,1.0,35.328,1655955,1130496,79,0.6826852178954138,"[mp3 @ 000001f4d8ef56c0] Estimating duration from bitrate, this may be inaccurate
"
Red-faced Guan_sound/Red-faced Guan11,D:\other\Bird\Dataset\CC0\Red-faced Guan_sound\Red-faced Guan11.mp3,D:\other\Bird\Code\data\kaggle_training_wav_cache_sp\Red-faced Guan_sound\Red-faced Guan11.wav,converted,True,32000.0,1.0,165.104,5285512,5283328,1,0.9995867949973437,"[mp3 @ 000001de317956c0] Estimating duration from bitrate, this may be inaccurate
"
Red-faced Guan_sound/Red-faced Guan12,D:\other\Bird\Dataset\CC0\Red-faced Guan_sound\Red-faced Guan12.mp3,D:\other\Bird\Code\data\kaggle_training_wav_cache_sp\Red-faced Guan_sound\Red-faced Guan12.wav,converted,True,32000.0,1.0,123.71496875,3993183,3958879,33,0.9914093594007587,"[mp3 @ 0000029563cd56c0] Estimating duration from bitrate, this may be inaccurate
"
Red-faced Guan_sound/Red-faced Guan13,D:\other\Bird\Dataset\CC0\Red-faced Guan_sound\Red-faced Guan13.mp3,D:\other\Bird\Code\data\kaggle_training_wav_cache_sp\Red-faced Guan_sound\Red-faced Guan13.wav,converted,True,32000.0,1.0,123.71496875,3993183,3958879,33,0.9914093594007587,"[mp3 @ 000001e59a3f56c0] Estimating duration from bitrate, this may be inaccurate
"
Red-faced Guan_sound/Red-faced Guan14,D:\other\Bird\Dataset\CC0\Red-faced Guan_sound\Red-faced Guan14.mp3,D:\other\Bird\Code\data\kaggle_training_wav_cache_sp\Red-faced Guan_sound\Red-faced Guan14.wav,converted,True,32000.0,1.0,123.71496875,3993183,3958879,33,0.9914093594007587,"[mp3 @ 000002aa137e56c0] Estimating duration from bitrate, this may be inaccurate
"
Red-faced Guan_sound/Red-faced Guan15,D:\other\Bird\Dataset\CC0\Red-faced Guan_sound\Red-faced Guan15.mp3,D:\other\Bird\Code\data\kaggle_training_wav_cache_sp\Red-faced Guan_sound\Red-faced Guan15.wav,converted,True,32000.0,1.0,123.71496875,3993183,3958879,33,0.9914093594007587,"[mp3 @ 00000258232c56c0] Estimating duration from bitrate, this may be inaccurate
"
Red-faced Guan_sound/Red-faced Guan16,D:\other\Bird\Dataset\CC0\Red-faced Guan_sound\Red-faced Guan16.mp3,D:\other\Bird\Code\data\kaggle_training_wav_cache_sp\Red-faced Guan_sound\Red-faced Guan16.wav,converted,True,32000.0,1.0,123.71496875,3993183,3958879,33,0.9914093594007587,"[mp3 @ 000001dc4e5156c0] Estimating duration from bitrate, this may be inaccurate
"
Red-faced Guan_sound/Red-faced Guan17,D:\other\Bird\Dataset\CC0\Red-faced Guan_sound\Red-faced Guan17.mp3,D:\other\Bird\Code\data\kaggle_training_wav_cache_sp\Red-faced Guan_sound\Red-faced Guan17.wav,converted,True,32000.0,1.0,123.71496875,3993183,3958879,33,0.9914093594007587,"[mp3 @ 00000144f2bb56c0] Estimating duration from bitrate, this may be inaccurate
"
Red-faced Guan_sound/Red-faced Guan18,D:\other\Bird\Dataset\CC0\Red-faced Guan_sound\Red-faced Guan18.mp3,D:\other\Bird\Code\data\kaggle_training_wav_cache_sp\Red-faced Guan_sound\Red-faced Guan18.wav,converted,True,32000.0,1.0,123.71496875,3993183,3958879,33,0.9914093594007587,"[mp3 @ 0000025724a556c0] Estimating duration from bitrate, this may be inaccurate
"
Red-faced Guan_sound/Red-faced Guan2,D:\other\Bird\Dataset\CC0\Red-faced Guan_sound\Red-faced Guan2.mp3,D:\other\Bird\Code\data\kaggle_training_wav_cache_sp\Red-faced Guan_sound\Red-faced Guan2.wav,converted,True,32000.0,1.0,10.318375,330188,330188,1,1.0,"[mp3 @ 000001f894b556c0] Estimating duration from bitrate, this may be inaccurate
"
Red-faced Guan_sound/Red-faced Guan19,D:\other\Bird\Dataset\CC0\Red-faced Guan_sound\Red-faced Guan19.mp3,D:\other\Bird\Code\data\kaggle_training_wav_cache_sp\Red-faced Guan_sound\Red-faced Guan19.wav,converted,True,32000.0,1.0,34.992,1146880,1119744,2,0.9763392857142857,"[mp3 @ 000001f4c02156c0] Estimating duration from bitrate, this may be inaccurate
"
Red-faced Guan_sound/Red-faced Guan21,D:\other\Bird\Dataset\CC0\Red-faced Guan_sound\Red-faced Guan21.mp3,D:\other\Bird\Code\data\kaggle_training_wav_cache_sp\Red-faced Guan_sound\Red-faced Guan21.wav,converted,True,32000.0,1.0,45.32340625,1457005,1450349,3,0.9954317246680691,"[mp3 @ 0000020f1bc856c0] Estimating duration from bitrate, this may be inaccurate
"
Red-faced Guan_sound/Red-faced Guan20,D:\other\Bird\Dataset\CC0\Red-faced Guan_sound\Red-faced Guan20.mp3,D:\other\Bird\Code\data\kaggle_training_wav_cache_sp\Red-faced Guan_sound\Red-faced Guan20.wav,converted,True,32000.0,1.0,31.744,1925956,1015808,61,0.5274305332001354,"[mp3 @ 00000253ffe256c0] Estimating duration from bitrate, this may be inaccurate
"
Red-faced Guan_sound/Red-faced Guan23,D:\other\Bird\Dataset\CC0\Red-faced Guan_sound\Red-faced Guan23.mp3,D:\other\Bird\Code\data\kaggle_training_wav_cache_sp\Red-faced Guan_sound\Red-faced Guan23.wav,converted,True,32000.0,1.0,20.04859375,647187,641555,8,0.9912977238417954,
Red-faced Guan_sound/Red-faced Guan22,D:\other\Bird\Dataset\CC0\Red-faced Guan_sound\Red-faced Guan22.mp3,D:\other\Bird\Code\data\kaggle_training_wav_cache_sp\Red-faced Guan_sound\Red-faced Guan22.wav,converted,True,32000.0,1.0,48.56165625,1553973,1553973,1,1.0,"[mp3 @ 0000027046c356c0] Estimating duration from bitrate, this may be inaccurate
"
Red-faced Guan_sound/Red-faced Guan25,D:\other\Bird\Dataset\CC0\Red-faced Guan_sound\Red-faced Guan25.mp3,D:\other\Bird\Code\data\kaggle_training_wav_cache_sp\Red-faced Guan_sound\Red-faced Guan25.wav,converted,True,32000.0,1.0,15.84,574276,506880,16,0.8826417959308764,"[mp3 @ 000001ffee5a56c0] Estimating duration from bitrate, this may be inaccurate
"
Red-faced Guan_sound/Red-faced Guan24,D:\other\Bird\Dataset\CC0\Red-faced Guan_sound\Red-faced Guan24.mp3,D:\other\Bird\Code\data\kaggle_training_wav_cache_sp\Red-faced Guan_sound\Red-faced Guan24.wav,converted,True,32000.0,1.0,36.32034375,1162763,1162251,1,0.9995596695113278,"[mp3 @ 0000018e56d056c0] Estimating duration from bitrate, this may be inaccurate
"
Red-faced Guan_sound/Red-faced Guan3,D:\other\Bird\Dataset\CC0\Red-faced Guan_sound\Red-faced Guan3.mp3,D:\other\Bird\Code\data\kaggle_training_wav_cache_sp\Red-faced Guan_sound\Red-faced Guan3.wav,converted,True,32000.0,1.0,10.318375,330188,330188,1,1.0,"[mp3 @ 000001bcedf556c0] Estimating duration from bitrate, this may be inaccurate
"
Red-faced Guan_sound/Red-faced Guan4,D:\other\Bird\Dataset\CC0\Red-faced Guan_sound\Red-faced Guan4.mp3,D:\other\Bird\Code\data\kaggle_training_wav_cache_sp\Red-faced Guan_sound\Red-faced Guan4.wav,converted,True,32000.0,1.0,10.318375,330188,330188,1,1.0,"[mp3 @ 0000025a7b0556c0] Estimating duration from bitrate, this may be inaccurate
"
Red-faced Guan_sound/Red-faced Guan5,D:\other\Bird\Dataset\CC0\Red-faced Guan_sound\Red-faced Guan5.mp3,D:\other\Bird\Code\data\kaggle_training_wav_cache_sp\Red-faced Guan_sound\Red-faced Guan5.wav,converted,True,32000.0,1.0,10.318375,330188,330188,1,1.0,"[mp3 @ 000001f7db1156c0] Estimating duration from bitrate, this may be inaccurate
"
Red-faced Guan_sound/Red-faced Guan6,D:\other\Bird\Dataset\CC0\Red-faced Guan_sound\Red-faced Guan6.mp3,D:\other\Bird\Code\data\kaggle_training_wav_cache_sp\Red-faced Guan_sound\Red-faced Guan6.wav,converted,True,32000.0,1.0,10.318375,330188,330188,1,1.0,"[mp3 @ 000001ed48fc56c0] Estimating duration from bitrate, this may be inaccurate
"
Red-faced Guan_sound/Red-faced Guan7,D:\other\Bird\Dataset\CC0\Red-faced Guan_sound\Red-faced Guan7.mp3,D:\other\Bird\Code\data\kaggle_training_wav_cache_sp\Red-faced Guan_sound\Red-faced Guan7.wav,converted,True,32000.0,1.0,10.318375,330188,330188,1,1.0,"[mp3 @ 000001fdf69e56c0] Estimating duration from bitrate, this may be inaccurate
"
Red-faced Guan_sound/Red-faced Guan9,D:\other\Bird\Dataset\CC0\Red-faced Guan_sound\Red-faced Guan9.mp3,D:\other\Bird\Code\data\kaggle_training_wav_cache_sp\Red-faced Guan_sound\Red-faced Guan9.wav,converted,True,32000.0,1.0,23.57553125,856817,754417,45,0.8804878988161999,"[mp3 @ 00000222c48856c0] Estimating duration from bitrate, this may be inaccurate
"
Red-faced Guan_sound/Red-faced Guan8,D:\other\Bird\Dataset\CC0\Red-faced Guan_sound\Red-faced Guan8.mp3,D:\other\Bird\Code\data\kaggle_training_wav_cache_sp\Red-faced Guan_sound\Red-faced Guan8.wav,converted,True,32000.0,1.0,35.088,1362547,1122816,19,0.8240567114382109,"[mp3 @ 0000020bcd3956c0] Estimating duration from bitrate, this may be inaccurate
"
Red-legged Tinamou_sound/Red-legged Tinamou10,D:\other\Bird\Dataset\CC0\Red-legged Tinamou_sound\Red-legged Tinamou10.mp3,D:\other\Bird\Code\data\kaggle_training_wav_cache_sp\Red-legged Tinamou_sound\Red-legged Tinamou10.wav,converted,True,32000.0,1.0,51.728,2307134,1655296,179,0.7174685128822167,"[mp3 @ 0000018c610556c0] Estimating duration from bitrate, this may be inaccurate
"
Red-legged Tinamou_sound/Red-legged Tinamou11,D:\other\Bird\Dataset\CC0\Red-legged Tinamou_sound\Red-legged Tinamou11.mp3,D:\other\Bird\Code\data\kaggle_training_wav_cache_sp\Red-legged Tinamou_sound\Red-legged Tinamou11.wav,converted,True,32000.0,1.0,51.728,2307134,1655296,179,0.7174685128822167,"[mp3 @ 0000026a89c956c0] Estimating duration from bitrate, this may be inaccurate
"
Red-legged Tinamou_sound/Red-legged Tinamou12,D:\other\Bird\Dataset\CC0\Red-legged Tinamou_sound\Red-legged Tinamou12.mp3,D:\other\Bird\Code\data\kaggle_training_wav_cache_sp\Red-legged Tinamou_sound\Red-legged Tinamou12.wav,converted,True,32000.0,1.0,51.728,2307134,1655296,179,0.7174685128822167,"[mp3 @ 00000269002756c0] Estimating duration from bitrate, this may be inaccurate
"
Red-legged Tinamou_sound/Red-legged Tinamou13,D:\other\Bird\Dataset\CC0\Red-legged Tinamou_sound\Red-legged Tinamou13.mp3,D:\other\Bird\Code\data\kaggle_training_wav_cache_sp\Red-legged Tinamou_sound\Red-legged Tinamou13.wav,converted,True,32000.0,1.0,51.728,2307134,1655296,179,0.7174685128822167,"[mp3 @ 0000022c3c0356c0] Estimating duration from bitrate, this may be inaccurate
"
Red-legged Tinamou_sound/Red-legged Tinamou15,D:\other\Bird\Dataset\CC0\Red-legged Tinamou_sound\Red-legged Tinamou15.mp3,D:\other\Bird\Code\data\kaggle_training_wav_cache_sp\Red-legged Tinamou_sound\Red-legged Tinamou15.wav,converted,True,32000.0,1.0,26.096,900285,835072,36,0.9275640491622097,"[mp3 @ 00000225cbbc56c0] Estimating duration from bitrate, this may be inaccurate
"
Red-legged Tinamou_sound/Red-legged Tinamou14,D:\other\Bird\Dataset\CC0\Red-legged Tinamou_sound\Red-legged Tinamou14.mp3,D:\other\Bird\Code\data\kaggle_training_wav_cache_sp\Red-legged Tinamou_sound\Red-legged Tinamou14.wav,converted,True,32000.0,1.0,36.79509375,1219939,1177443,19,0.9651654713883235,
Red-legged Tinamou_sound/Red-legged Tinamou16,D:\other\Bird\Dataset\CC0\Red-legged Tinamou_sound\Red-legged Tinamou16.mp3,D:\other\Bird\Code\data\kaggle_training_wav_cache_sp\Red-legged Tinamou_sound\Red-legged Tinamou16.wav,too_short_after_preprocess,,,,4.5699375,146238,146238,1,1.0,
Red-legged Tinamou_sound/Red-legged Tinamou17,D:\other\Bird\Dataset\CC0\Red-legged Tinamou_sound\Red-legged Tinamou17.mp3,D:\other\Bird\Code\data\kaggle_training_wav_cache_sp\Red-legged Tinamou_sound\Red-legged Tinamou17.wav,converted,True,32000.0,1.0,5.28396875,169087,169087,1,1.0,
Red-legged Tinamou_sound/Red-legged Tinamou19,D:\other\Bird\Dataset\CC0\Red-legged Tinamou_sound\Red-legged Tinamou19.mp3,D:\other\Bird\Code\data\kaggle_training_wav_cache_sp\Red-legged Tinamou_sound\Red-legged Tinamou19.wav,converted,True,32000.0,1.0,27.6,1008118,883200,8,0.8760879182794078,"[mp3 @ 000002108f5f56c0] Estimating duration from bitrate, this may be inaccurate
"
Red-legged Tinamou_sound/Red-legged Tinamou18,D:\other\Bird\Dataset\CC0\Red-legged Tinamou_sound\Red-legged Tinamou18.mp3,D:\other\Bird\Code\data\kaggle_training_wav_cache_sp\Red-legged Tinamou_sound\Red-legged Tinamou18.wav,converted,True,32000.0,1.0,60.112,2168841,1923584,57,0.8869179437312371,
Red-legged Tinamou_sound/Red-legged Tinamou2,D:\other\Bird\Dataset\CC0\Red-legged Tinamou_sound\Red-legged Tinamou2.mp3,D:\other\Bird\Code\data\kaggle_training_wav_cache_sp\Red-legged Tinamou_sound\Red-legged Tinamou2.wav,converted,True,32000.0,1.0,7.28,1064125,232960,17,0.21892164924233526,"[mp3 @ 0000013f055956c0] Estimating duration from bitrate, this may be inaccurate
"
Red-legged Tinamou_sound/Red-legged Tinamou20,D:\other\Bird\Dataset\CC0\Red-legged Tinamou_sound\Red-legged Tinamou20.mp3,D:\other\Bird\Code\data\kaggle_training_wav_cache_sp\Red-legged Tinamou_sound\Red-legged Tinamou20.wav,converted,True,32000.0,1.0,35.19284375,1143067,1126171,13,0.9852187142136025,
Red-legged Tinamou_sound/Red-legged Tinamou21,D:\other\Bird\Dataset\CC0\Red-legged Tinamou_sound\Red-legged Tinamou21.mp3,D:\other\Bird\Code\data\kaggle_training_wav_cache_sp\Red-legged Tinamou_sound\Red-legged Tinamou21.wav,converted,True,32000.0,1.0,35.19284375,1143067,1126171,13,0.9852187142136025,
Red-legged Tinamou_sound/Red-legged Tinamou22,D:\other\Bird\Dataset\CC0\Red-legged Tinamou_sound\Red-legged Tinamou22.mp3,D:\other\Bird\Code\data\kaggle_training_wav_cache_sp\Red-legged Tinamou_sound\Red-legged Tinamou22.wav,converted,True,32000.0,1.0,35.19284375,1143067,1126171,13,0.9852187142136025,
Red-legged Tinamou_sound/Red-legged Tinamou23,D:\other\Bird\Dataset\CC0\Red-legged Tinamou_sound\Red-legged Tinamou23.mp3,D:\other\Bird\Code\data\kaggle_training_wav_cache_sp\Red-legged Tinamou_sound\Red-legged Tinamou23.wav,converted,True,32000.0,1.0,35.19284375,1143067,1126171,13,0.9852187142136025,
Red-legged Tinamou_sound/Red-legged Tinamou24,D:\other\Bird\Dataset\CC0\Red-legged Tinamou_sound\Red-legged Tinamou24.mp3,D:\other\Bird\Code\data\kaggle_training_wav_cache_sp\Red-legged Tinamou_sound\Red-legged Tinamou24.wav,converted,True,32000.0,1.0,35.19284375,1143067,1126171,13,0.9852187142136025,
Red-legged Tinamou_sound/Red-legged Tinamou26,D:\other\Bird\Dataset\CC0\Red-legged Tinamou_sound\Red-legged Tinamou26.mp3,D:\other\Bird\Code\data\kaggle_training_wav_cache_sp\Red-legged Tinamou_sound\Red-legged Tinamou26.wav,too_short_after_preprocess,,,,4.395625,140660,140660,1,1.0,
Red-legged Tinamou_sound/Red-legged Tinamou27,D:\other\Bird\Dataset\CC0\Red-legged Tinamou_sound\Red-legged Tinamou27.mp3,D:\other\Bird\Code\data\kaggle_training_wav_cache_sp\Red-legged Tinamou_sound\Red-legged Tinamou27.wav,too_short_after_preprocess,,,,4.395625,140660,140660,1,1.0,
Red-legged Tinamou_sound/Red-legged Tinamou25,D:\other\Bird\Dataset\CC0\Red-legged Tinamou_sound\Red-legged Tinamou25.mp3,D:\other\Bird\Code\data\kaggle_training_wav_cache_sp\Red-legged Tinamou_sound\Red-legged Tinamou25.wav,converted,True,32000.0,1.0,35.19284375,1143067,1126171,13,0.9852187142136025,
Red-legged Tinamou_sound/Red-legged Tinamou28,D:\other\Bird\Dataset\CC0\Red-legged Tinamou_sound\Red-legged Tinamou28.mp3,D:\other\Bird\Code\data\kaggle_training_wav_cache_sp\Red-legged Tinamou_sound\Red-legged Tinamou28.wav,too_short_after_preprocess,,,,4.395625,140660,140660,1,1.0,
Red-legged Tinamou_sound/Red-legged Tinamou29,D:\other\Bird\Dataset\CC0\Red-legged Tinamou_sound\Red-legged Tinamou29.mp3,D:\other\Bird\Code\data\kaggle_training_wav_cache_sp\Red-legged Tinamou_sound\Red-legged Tinamou29.wav,too_short_after_preprocess,,,,4.395625,140660,140660,1,1.0,
Red-legged Tinamou_sound/Red-legged Tinamou30,D:\other\Bird\Dataset\CC0\Red-legged Tinamou_sound\Red-legged Tinamou30.mp3,D:\other\Bird\Code\data\kaggle_training_wav_cache_sp\Red-legged Tinamou_sound\Red-legged Tinamou30.wav,too_short_after_preprocess,,,,4.395625,140660,140660,1,1.0,
Red-legged Tinamou_sound/Red-legged Tinamou31,D:\other\Bird\Dataset\CC0\Red-legged Tinamou_sound\Red-legged Tinamou31.mp3,D:\other\Bird\Code\data\kaggle_training_wav_cache_sp\Red-legged Tinamou_sound\Red-legged Tinamou31.wav,too_short_after_preprocess,,,,4.395625,140660,140660,1,1.0,
Red-legged Tinamou_sound/Red-legged Tinamou3,D:\other\Bird\Dataset\CC0\Red-legged Tinamou_sound\Red-legged Tinamou3.mp3,D:\other\Bird\Code\data\kaggle_training_wav_cache_sp\Red-legged Tinamou_sound\Red-legged Tinamou3.wav,converted,True,32000.0,1.0,24.06465625,1607189,770069,67,0.47914028779440376,
Red-legged Tinamou_sound/Red-legged Tinamou4,D:\other\Bird\Dataset\CC0\Red-legged Tinamou_sound\Red-legged Tinamou4.mp3,D:\other\Bird\Code\data\kaggle_training_wav_cache_sp\Red-legged Tinamou_sound\Red-legged Tinamou4.wav,converted,True,32000.0,1.0,31.392,1849874,1004544,113,0.5430337417575467,
Red-legged Tinamou_sound/Red-legged Tinamou5,D:\other\Bird\Dataset\CC0\Red-legged Tinamou_sound\Red-legged Tinamou5.mp3,D:\other\Bird\Code\data\kaggle_training_wav_cache_sp\Red-legged Tinamou_sound\Red-legged Tinamou5.wav,converted,True,32000.0,1.0,37.216,1851052,1190912,89,0.6433703645278469,
Red-legged Tinamou_sound/Red-legged Tinamou6,D:\other\Bird\Dataset\CC0\Red-legged Tinamou_sound\Red-legged Tinamou6.mp3,D:\other\Bird\Code\data\kaggle_training_wav_cache_sp\Red-legged Tinamou_sound\Red-legged Tinamou6.wav,converted,True,32000.0,1.0,37.216,1851052,1190912,89,0.6433703645278469,
Red-legged Tinamou_sound/Red-legged Tinamou7,D:\other\Bird\Dataset\CC0\Red-legged Tinamou_sound\Red-legged Tinamou7.mp3,D:\other\Bird\Code\data\kaggle_training_wav_cache_sp\Red-legged Tinamou_sound\Red-legged Tinamou7.wav,converted,True,32000.0,1.0,22.5084375,890254,720270,17,0.8090612342095627,"[mp3 @ 00000273114356c0] Estimating duration from bitrate, this may be inaccurate
"
Red-legged Tinamou_sound/Red-legged Tinamou8,D:\other\Bird\Dataset\CC0\Red-legged Tinamou_sound\Red-legged Tinamou8.mp3,D:\other\Bird\Code\data\kaggle_training_wav_cache_sp\Red-legged Tinamou_sound\Red-legged Tinamou8.wav,converted,True,32000.0,1.0,51.728,2307134,1655296,179,0.7174685128822167,"[mp3 @ 0000015f852a56c0] Estimating duration from bitrate, this may be inaccurate
"
Red-legged Tinamou_sound/Red-legged Tinamou9,D:\other\Bird\Dataset\CC0\Red-legged Tinamou_sound\Red-legged Tinamou9.mp3,D:\other\Bird\Code\data\kaggle_training_wav_cache_sp\Red-legged Tinamou_sound\Red-legged Tinamou9.wav,converted,True,32000.0,1.0,51.728,2307134,1655296,179,0.7174685128822167,"[mp3 @ 00000244062456c0] Estimating duration from bitrate, this may be inaccurate
"
Red-throated Piping Guan_sound/Red-throated Piping Guan10,D:\other\Bird\Dataset\CC0\Red-throated Piping Guan_sound\Red-throated Piping Guan10.mp3,D:\other\Bird\Code\data\kaggle_training_wav_cache_sp\Red-throated Piping Guan_sound\Red-throated Piping Guan10.wav,converted,True,32000.0,1.0,62.24,1992192,1991680,1,0.9997429966589566,"[mp3 @ 000001c508975700] Estimating duration from bitrate, this may be inaccurate
"
Red-throated Piping Guan_sound/Red-throated Piping Guan11,D:\other\Bird\Dataset\CC0\Red-throated Piping Guan_sound\Red-throated Piping Guan11.mp3,D:\other\Bird\Code\data\kaggle_training_wav_cache_sp\Red-throated Piping Guan_sound\Red-throated Piping Guan11.wav,converted,True,32000.0,1.0,62.24,1992192,1991680,1,0.9997429966589566,"[mp3 @ 000001d02ee35700] Estimating duration from bitrate, this may be inaccurate
"
Red-throated Piping Guan_sound/Red-throated Piping Guan12,D:\other\Bird\Dataset\CC0\Red-throated Piping Guan_sound\Red-throated Piping Guan12.mp3,D:\other\Bird\Code\data\kaggle_training_wav_cache_sp\Red-throated Piping Guan_sound\Red-throated Piping Guan12.wav,converted,True,32000.0,1.0,51.704,1655040,1654528,1,0.9996906419180202,"[mp3 @ 000001c644d95700] Estimating duration from bitrate, this may be inaccurate
"
Red-throated Piping Guan_sound/Red-throated Piping Guan13,D:\other\Bird\Dataset\CC0\Red-throated Piping Guan_sound\Red-throated Piping Guan13.mp3,D:\other\Bird\Code\data\kaggle_training_wav_cache_sp\Red-throated Piping Guan_sound\Red-throated Piping Guan13.wav,converted,True,32000.0,1.0,51.704,1655040,1654528,1,0.9996906419180202,"[mp3 @ 000001a3dda15700] Estimating duration from bitrate, this may be inaccurate
"
Red-throated Piping Guan_sound/Red-throated Piping Guan15,D:\other\Bird\Dataset\CC0\Red-throated Piping Guan_sound\Red-throated Piping Guan15.mp3,D:\other\Bird\Code\data\kaggle_training_wav_cache_sp\Red-throated Piping Guan_sound\Red-throated Piping Guan15.wav,converted,True,32000.0,1.0,31.792,1021493,1017344,1,0.9959382981576966,"[mp3 @ 00000142a79b5700] Estimating duration from bitrate, this may be inaccurate
"
Red-throated Piping Guan_sound/Red-throated Piping Guan14,D:\other\Bird\Dataset\CC0\Red-throated Piping Guan_sound\Red-throated Piping Guan14.mp3,D:\other\Bird\Code\data\kaggle_training_wav_cache_sp\Red-throated Piping Guan_sound\Red-throated Piping Guan14.wav,converted,True,32000.0,1.0,61.05740625,1957421,1953837,2,0.9981690193371788,
Red-throated Piping Guan_sound/Red-throated Piping Guan16,D:\other\Bird\Dataset\CC0\Red-throated Piping Guan_sound\Red-throated Piping Guan16.mp3,D:\other\Bird\Code\data\kaggle_training_wav_cache_sp\Red-throated Piping Guan_sound\Red-throated Piping Guan16.wav,converted,True,32000.0,1.0,10.02515625,321829,320805,1,0.9968181860553276,"[mp3 @ 000001f52a345700] Estimating duration from bitrate, this may be inaccurate
"
Red-throated Piping Guan_sound/Red-throated Piping Guan3,D:\other\Bird\Dataset\CC0\Red-throated Piping Guan_sound\Red-throated Piping Guan3.mp3,D:\other\Bird\Code\data\kaggle_training_wav_cache_sp\Red-throated Piping Guan_sound\Red-throated Piping Guan3.wav,converted,True,32000.0,1.0,41.456,1365891,1326592,1,0.9712283044547478,"[mp3 @ 0000021599ec5700] Estimating duration from bitrate, this may be inaccurate
"
Red-throated Piping Guan_sound/Red-throated Piping Guan2,D:\other\Bird\Dataset\CC0\Red-throated Piping Guan_sound\Red-throated Piping Guan2.mp3,D:\other\Bird\Code\data\kaggle_training_wav_cache_sp\Red-throated Piping Guan_sound\Red-throated Piping Guan2.wav,converted,True,32000.0,1.0,87.776,3235584,2808832,111,0.8681066540074373,"[mp3 @ 0000020442965700] Estimating duration from bitrate, this may be inaccurate
"
Red-throated Piping Guan_sound/Red-throated Piping Guan4,D:\other\Bird\Dataset\CC0\Red-throated Piping Guan_sound\Red-throated Piping Guan4.mp3,D:\other\Bird\Code\data\kaggle_training_wav_cache_sp\Red-throated Piping Guan_sound\Red-throated Piping Guan4.wav,converted,True,32000.0,1.0,132.77453125,4249809,4248785,1,0.9997590479948628,"[mp3 @ 0000026428315700] Estimating duration from bitrate, this may be inaccurate
"
Red-throated Piping Guan_sound/Red-throated Piping Guan5,D:\other\Bird\Dataset\CC0\Red-throated Piping Guan_sound\Red-throated Piping Guan5.mp3,D:\other\Bird\Code\data\kaggle_training_wav_cache_sp\Red-throated Piping Guan_sound\Red-throated Piping Guan5.wav,converted,True,32000.0,1.0,139.056,4449792,4449792,1,1.0,"[mp3 @ 0000018d1fdd5700] Estimating duration from bitrate, this may be inaccurate
"
Red-throated Piping Guan_sound/Red-throated Piping Guan6,D:\other\Bird\Dataset\CC0\Red-throated Piping Guan_sound\Red-throated Piping Guan6.mp3,D:\other\Bird\Code\data\kaggle_training_wav_cache_sp\Red-throated Piping Guan_sound\Red-throated Piping Guan6.wav,converted,True,32000.0,1.0,104.608,3348480,3347456,1,0.9996941896024465,"[mp3 @ 00000244dc335700] Estimating duration from bitrate, this may be inaccurate
"
Red-throated Piping Guan_sound/Red-throated Piping Guan7,D:\other\Bird\Dataset\CC0\Red-throated Piping Guan_sound\Red-throated Piping Guan7.mp3,D:\other\Bird\Code\data\kaggle_training_wav_cache_sp\Red-throated Piping Guan_sound\Red-throated Piping Guan7.wav,converted,True,32000.0,1.0,61.0423125,1954378,1953354,2,0.9994760481339843,"[mp3 @ 000001724a925700] Estimating duration from bitrate, this may be inaccurate
"
Red-throated Piping Guan_sound/Red-throated Piping Guan9,D:\other\Bird\Dataset\CC0\Red-throated Piping Guan_sound\Red-throated Piping Guan9.mp3,D:\other\Bird\Code\data\kaggle_training_wav_cache_sp\Red-throated Piping Guan_sound\Red-throated Piping Guan9.wav,converted,True,32000.0,1.0,6.6975,214832,214320,1,0.9976167423847472,"[mp3 @ 000002032d965700] Estimating duration from bitrate, this may be inaccurate
"
Red-throated Piping Guan_sound/Red-throated Piping Guan8,D:\other\Bird\Dataset\CC0\Red-throated Piping Guan_sound\Red-throated Piping Guan8.mp3,D:\other\Bird\Code\data\kaggle_training_wav_cache_sp\Red-throated Piping Guan_sound\Red-throated Piping Guan8.wav,converted,True,32000.0,1.0,28.49959375,911987,911987,1,1.0,"[mp3 @ 0000015fb8e05700] Estimating duration from bitrate, this may be inaccurate
"
Red-winged Tinamou_sound/Red-winged Tinamou11,D:\other\Bird\Dataset\CC0\Red-winged Tinamou_sound\Red-winged Tinamou11.mp3,D:\other\Bird\Code\data\kaggle_training_wav_cache_sp\Red-winged Tinamou_sound\Red-winged Tinamou11.wav,converted,True,32000.0,1.0,41.024,1387625,1312768,2,0.9460538690208089,"[mp3 @ 00000204908256c0] Estimating duration from bitrate, this may be inaccurate
"
Red-winged Tinamou_sound/Red-winged Tinamou10,D:\other\Bird\Dataset\CC0\Red-winged Tinamou_sound\Red-winged Tinamou10.mp3,D:\other\Bird\Code\data\kaggle_training_wav_cache_sp\Red-winged Tinamou_sound\Red-winged Tinamou10.wav,converted,True,32000.0,1.0,41.024,1387625,1312768,2,0.9460538690208089,"[mp3 @ 00000241614056c0] Estimating duration from bitrate, this may be inaccurate
"
Red-winged Tinamou_sound/Red-winged Tinamou12,D:\other\Bird\Dataset\CC0\Red-winged Tinamou_sound\Red-winged Tinamou12.mp3,D:\other\Bird\Code\data\kaggle_training_wav_cache_sp\Red-winged Tinamou_sound\Red-winged Tinamou12.wav,converted,True,32000.0,1.0,41.024,1387625,1312768,2,0.9460538690208089,"[mp3 @ 000001d4f99256c0] Estimating duration from bitrate, this may be inaccurate
"
Red-winged Tinamou_sound/Red-winged Tinamou13,D:\other\Bird\Dataset\CC0\Red-winged Tinamou_sound\Red-winged Tinamou13.mp3,D:\other\Bird\Code\data\kaggle_training_wav_cache_sp\Red-winged Tinamou_sound\Red-winged Tinamou13.wav,converted,True,32000.0,1.0,41.024,1387625,1312768,2,0.9460538690208089,"[mp3 @ 000001d9a12f56c0] Estimating duration from bitrate, this may be inaccurate
"
Red-winged Tinamou_sound/Red-winged Tinamou14,D:\other\Bird\Dataset\CC0\Red-winged Tinamou_sound\Red-winged Tinamou14.mp3,D:\other\Bird\Code\data\kaggle_training_wav_cache_sp\Red-winged Tinamou_sound\Red-winged Tinamou14.wav,converted,True,32000.0,1.0,41.024,1387625,1312768,2,0.9460538690208089,"[mp3 @ 0000018ccf3756c0] Estimating duration from bitrate, this may be inaccurate
"
Red-winged Tinamou_sound/Red-winged Tinamou15,D:\other\Bird\Dataset\CC0\Red-winged Tinamou_sound\Red-winged Tinamou15.mp3,D:\other\Bird\Code\data\kaggle_training_wav_cache_sp\Red-winged Tinamou_sound\Red-winged Tinamou15.wav,converted,True,32000.0,1.0,41.024,1387625,1312768,2,0.9460538690208089,"[mp3 @ 000001bae55256c0] Estimating duration from bitrate, this may be inaccurate
"
Red-winged Tinamou_sound/Red-winged Tinamou16,D:\other\Bird\Dataset\CC0\Red-winged Tinamou_sound\Red-winged Tinamou16.mp3,D:\other\Bird\Code\data\kaggle_training_wav_cache_sp\Red-winged Tinamou_sound\Red-winged Tinamou16.wav,converted,True,32000.0,1.0,41.024,1387625,1312768,2,0.9460538690208089,"[mp3 @ 0000022788f256c0] Estimating duration from bitrate, this may be inaccurate
"
Red-winged Tinamou_sound/Red-winged Tinamou18,D:\other\Bird\Dataset\CC0\Red-winged Tinamou_sound\Red-winged Tinamou18.mp3,D:\other\Bird\Code\data\kaggle_training_wav_cache_sp\Red-winged Tinamou_sound\Red-winged Tinamou18.wav,too_short_after_preprocess,,,,2.272,208144,72704,7,0.34929664078714734,
Red-winged Tinamou_sound/Red-winged Tinamou19,D:\other\Bird\Dataset\CC0\Red-winged Tinamou_sound\Red-winged Tinamou19.mp3,D:\other\Bird\Code\data\kaggle_training_wav_cache_sp\Red-winged Tinamou_sound\Red-winged Tinamou19.wav,too_short_after_preprocess,,,,2.272,208144,72704,7,0.34929664078714734,
Red-winged Tinamou_sound/Red-winged Tinamou17,D:\other\Bird\Dataset\CC0\Red-winged Tinamou_sound\Red-winged Tinamou17.mp3,D:\other\Bird\Code\data\kaggle_training_wav_cache_sp\Red-winged Tinamou_sound\Red-winged Tinamou17.wav,converted,True,32000.0,1.0,9.904,2449513,316928,58,0.12938408573459295,
Red-winged Tinamou_sound/Red-winged Tinamou2,D:\other\Bird\Dataset\CC0\Red-winged Tinamou_sound\Red-winged Tinamou2.mp3,D:\other\Bird\Code\data\kaggle_training_wav_cache_sp\Red-winged Tinamou_sound\Red-winged Tinamou2.wav,converted,True,32000.0,1.0,41.024,1387625,1312768,2,0.9460538690208089,"[mp3 @ 000001b271ba56c0] Estimating duration from bitrate, this may be inaccurate
"
Red-winged Tinamou_sound/Red-winged Tinamou20,D:\other\Bird\Dataset\CC0\Red-winged Tinamou_sound\Red-winged Tinamou20.mp3,D:\other\Bird\Code\data\kaggle_training_wav_cache_sp\Red-winged Tinamou_sound\Red-winged Tinamou20.wav,converted,True,32000.0,1.0,9.008,2222707,288256,38,0.1296869088008451,"[mp3 @ 0000018719b956c0] Estimating duration from bitrate, this may be inaccurate
"
Red-winged Tinamou_sound/Red-winged Tinamou21,D:\other\Bird\Dataset\CC0\Red-winged Tinamou_sound\Red-winged Tinamou21.mp3,D:\other\Bird\Code\data\kaggle_training_wav_cache_sp\Red-winged Tinamou_sound\Red-winged Tinamou21.wav,converted,True,32000.0,1.0,9.008,2222707,288256,38,0.1296869088008451,"[mp3 @ 000002300b2056c0] Estimating duration from bitrate, this may be inaccurate
"
Red-winged Tinamou_sound/Red-winged Tinamou22,D:\other\Bird\Dataset\CC0\Red-winged Tinamou_sound\Red-winged Tinamou22.mp3,D:\other\Bird\Code\data\kaggle_training_wav_cache_sp\Red-winged Tinamou_sound\Red-winged Tinamou22.wav,converted,True,32000.0,1.0,9.008,2222707,288256,38,0.1296869088008451,"[mp3 @ 0000028a070b56c0] Estimating duration from bitrate, this may be inaccurate
"
Red-winged Tinamou_sound/Red-winged Tinamou23,D:\other\Bird\Dataset\CC0\Red-winged Tinamou_sound\Red-winged Tinamou23.mp3,D:\other\Bird\Code\data\kaggle_training_wav_cache_sp\Red-winged Tinamou_sound\Red-winged Tinamou23.wav,converted,True,32000.0,1.0,9.008,2222707,288256,38,0.1296869088008451,"[mp3 @ 00000129d7d456c0] Estimating duration from bitrate, this may be inaccurate
"
Red-winged Tinamou_sound/Red-winged Tinamou24,D:\other\Bird\Dataset\CC0\Red-winged Tinamou_sound\Red-winged Tinamou24.mp3,D:\other\Bird\Code\data\kaggle_training_wav_cache_sp\Red-winged Tinamou_sound\Red-winged Tinamou24.wav,converted,True,32000.0,1.0,9.008,2222707,288256,38,0.1296869088008451,"[mp3 @ 000002b895f256c0] Estimating duration from bitrate, this may be inaccurate
"
Red-winged Tinamou_sound/Red-winged Tinamou26,D:\other\Bird\Dataset\CC0\Red-winged Tinamou_sound\Red-winged Tinamou26.mp3,D:\other\Bird\Code\data\kaggle_training_wav_cache_sp\Red-winged Tinamou_sound\Red-winged Tinamou26.wav,converted,True,32000.0,1.0,9.616,427776,307712,26,0.7193297426690605,"[mp3 @ 000001af21e456c0] Estimating duration from bitrate, this may be inaccurate
"
Red-winged Tinamou_sound/Red-winged Tinamou27,D:\other\Bird\Dataset\CC0\Red-winged Tinamou_sound\Red-winged Tinamou27.mp3,D:\other\Bird\Code\data\kaggle_training_wav_cache_sp\Red-winged Tinamou_sound\Red-winged Tinamou27.wav,too_short_after_preprocess,,,,3.98659375,127571,127571,1,1.0,
Red-winged Tinamou_sound/Red-winged Tinamou28,D:\other\Bird\Dataset\CC0\Red-winged Tinamou_sound\Red-winged Tinamou28.mp3,D:\other\Bird\Code\data\kaggle_training_wav_cache_sp\Red-winged Tinamou_sound\Red-winged Tinamou28.wav,too_short_after_preprocess,,,,3.98659375,127571,127571,1,1.0,
Red-winged Tinamou_sound/Red-winged Tinamou29,D:\other\Bird\Dataset\CC0\Red-winged Tinamou_sound\Red-winged Tinamou29.mp3,D:\other\Bird\Code\data\kaggle_training_wav_cache_sp\Red-winged Tinamou_sound\Red-winged Tinamou29.wav,converted,True,32000.0,1.0,5.976,191232,191232,1,1.0,"[mp3 @ 000001cb4f2756c0] Estimating duration from bitrate, this may be inaccurate
"
Red-winged Tinamou_sound/Red-winged Tinamou3,D:\other\Bird\Dataset\CC0\Red-winged Tinamou_sound\Red-winged Tinamou3.mp3,D:\other\Bird\Code\data\kaggle_training_wav_cache_sp\Red-winged Tinamou_sound\Red-winged Tinamou3.wav,converted,True,32000.0,1.0,41.024,1387625,1312768,2,0.9460538690208089,"[mp3 @ 000001750a8a56c0] Estimating duration from bitrate, this may be inaccurate
"
Red-winged Tinamou_sound/Red-winged Tinamou30,D:\other\Bird\Dataset\CC0\Red-winged Tinamou_sound\Red-winged Tinamou30.mp3,D:\other\Bird\Code\data\kaggle_training_wav_cache_sp\Red-winged Tinamou_sound\Red-winged Tinamou30.wav,too_short_after_preprocess,,,,4.968,158976,158976,1,1.0,
Red-winged Tinamou_sound/Red-winged Tinamou31,D:\other\Bird\Dataset\CC0\Red-winged Tinamou_sound\Red-winged Tinamou31.mp3,D:\other\Bird\Code\data\kaggle_training_wav_cache_sp\Red-winged Tinamou_sound\Red-winged Tinamou31.wav,too_short_after_preprocess,,,,3.616,870192,115712,14,0.13297295309540882,
Red-winged Tinamou_sound/Red-winged Tinamou4,D:\other\Bird\Dataset\CC0\Red-winged Tinamou_sound\Red-winged Tinamou4.mp3,D:\other\Bird\Code\data\kaggle_training_wav_cache_sp\Red-winged Tinamou_sound\Red-winged Tinamou4.wav,converted,True,32000.0,1.0,41.024,1387625,1312768,2,0.9460538690208089,"[mp3 @ 000001510f4456c0] Estimating duration from bitrate, this may be inaccurate
"
Red-winged Tinamou_sound/Red-winged Tinamou5,D:\other\Bird\Dataset\CC0\Red-winged Tinamou_sound\Red-winged Tinamou5.mp3,D:\other\Bird\Code\data\kaggle_training_wav_cache_sp\Red-winged Tinamou_sound\Red-winged Tinamou5.wav,converted,True,32000.0,1.0,41.024,1387625,1312768,2,0.9460538690208089,"[mp3 @ 00000256de0156c0] Estimating duration from bitrate, this may be inaccurate
"
Red-winged Tinamou_sound/Red-winged Tinamou25,D:\other\Bird\Dataset\CC0\Red-winged Tinamou_sound\Red-winged Tinamou25.mp3,D:\other\Bird\Code\data\kaggle_training_wav_cache_sp\Red-winged Tinamou_sound\Red-winged Tinamou25.wav,converted,True,32000.0,1.0,234.576,9576192,7506432,215,0.783863982677039,"[mp3 @ 00000245e36756c0] Estimating duration from bitrate, this may be inaccurate
"
Red-winged Tinamou_sound/Red-winged Tinamou6,D:\other\Bird\Dataset\CC0\Red-winged Tinamou_sound\Red-winged Tinamou6.mp3,D:\other\Bird\Code\data\kaggle_training_wav_cache_sp\Red-winged Tinamou_sound\Red-winged Tinamou6.wav,converted,True,32000.0,1.0,41.024,1387625,1312768,2,0.9460538690208089,"[mp3 @ 0000028e382e56c0] Estimating duration from bitrate, this may be inaccurate
"
Red-winged Tinamou_sound/Red-winged Tinamou7,D:\other\Bird\Dataset\CC0\Red-winged Tinamou_sound\Red-winged Tinamou7.mp3,D:\other\Bird\Code\data\kaggle_training_wav_cache_sp\Red-winged Tinamou_sound\Red-winged Tinamou7.wav,converted,True,32000.0,1.0,41.024,1387625,1312768,2,0.9460538690208089,"[mp3 @ 000001dc7aad56c0] Estimating duration from bitrate, this may be inaccurate
"
Red-winged Tinamou_sound/Red-winged Tinamou8,D:\other\Bird\Dataset\CC0\Red-winged Tinamou_sound\Red-winged Tinamou8.mp3,D:\other\Bird\Code\data\kaggle_training_wav_cache_sp\Red-winged Tinamou_sound\Red-winged Tinamou8.wav,converted,True,32000.0,1.0,41.024,1387625,1312768,2,0.9460538690208089,"[mp3 @ 00000289a51256c0] Estimating duration from bitrate, this may be inaccurate
"
Red-winged Tinamou_sound/Red-winged Tinamou9,D:\other\Bird\Dataset\CC0\Red-winged Tinamou_sound\Red-winged Tinamou9.mp3,D:\other\Bird\Code\data\kaggle_training_wav_cache_sp\Red-winged Tinamou_sound\Red-winged Tinamou9.wav,converted,True,32000.0,1.0,41.024,1387625,1312768,2,0.9460538690208089,"[mp3 @ 000001f757ec56c0] Estimating duration from bitrate, this may be inaccurate
"
Rufous-bellied Chachalaca_sound/Rufous-bellied Chachalaca10,D:\other\Bird\Dataset\CC0\Rufous-bellied Chachalaca_sound\Rufous-bellied Chachalaca10.mp3,D:\other\Bird\Code\data\kaggle_training_wav_cache_sp\Rufous-bellied Chachalaca_sound\Rufous-bellied Chachalaca10.wav,converted,True,32000.0,1.0,5.84,265366,186880,11,0.7042349057528093,
Rufous-bellied Chachalaca_sound/Rufous-bellied Chachalaca11,D:\other\Bird\Dataset\CC0\Rufous-bellied Chachalaca_sound\Rufous-bellied Chachalaca11.mp3,D:\other\Bird\Code\data\kaggle_training_wav_cache_sp\Rufous-bellied Chachalaca_sound\Rufous-bellied Chachalaca11.wav,converted,True,32000.0,1.0,103.232,7243233,3303424,296,0.4560703763084799,"[mp3 @ 00000194eec95740] Estimating duration from bitrate, this may be inaccurate
"
Rufous-bellied Chachalaca_sound/Rufous-bellied Chachalaca12,D:\other\Bird\Dataset\CC0\Rufous-bellied Chachalaca_sound\Rufous-bellied Chachalaca12.mp3,D:\other\Bird\Code\data\kaggle_training_wav_cache_sp\Rufous-bellied Chachalaca_sound\Rufous-bellied Chachalaca12.wav,converted,True,32000.0,1.0,129.504,8477885,4144128,348,0.48881625546937707,"[mp3 @ 000001c4f0e55740] Estimating duration from bitrate, this may be inaccurate
"
Rufous-bellied Chachalaca_sound/Rufous-bellied Chachalaca14,D:\other\Bird\Dataset\CC0\Rufous-bellied Chachalaca_sound\Rufous-bellied Chachalaca14.mp3,D:\other\Bird\Code\data\kaggle_training_wav_cache_sp\Rufous-bellied Chachalaca_sound\Rufous-bellied Chachalaca14.wav,converted,True,32000.0,1.0,13.936,458391,445952,8,0.9728637778664939,
Rufous-bellied Chachalaca_sound/Rufous-bellied Chachalaca15,D:\other\Bird\Dataset\CC0\Rufous-bellied Chachalaca_sound\Rufous-bellied Chachalaca15.mp3,D:\other\Bird\Code\data\kaggle_training_wav_cache_sp\Rufous-bellied Chachalaca_sound\Rufous-bellied Chachalaca15.wav,converted,True,32000.0,1.0,39.12,2759834,1251840,91,0.4535924986792684,
Rufous-bellied Chachalaca_sound/Rufous-bellied Chachalaca13,D:\other\Bird\Dataset\CC0\Rufous-bellied Chachalaca_sound\Rufous-bellied Chachalaca13.mp3,D:\other\Bird\Code\data\kaggle_training_wav_cache_sp\Rufous-bellied Chachalaca_sound\Rufous-bellied Chachalaca13.wav,converted,True,32000.0,1.0,129.504,8477885,4144128,348,0.48881625546937707,"[mp3 @ 00000229b46e5740] Estimating duration from bitrate, this may be inaccurate
"
Rufous-bellied Chachalaca_sound/Rufous-bellied Chachalaca16,D:\other\Bird\Dataset\CC0\Rufous-bellied Chachalaca_sound\Rufous-bellied Chachalaca16.mp3,D:\other\Bird\Code\data\kaggle_training_wav_cache_sp\Rufous-bellied Chachalaca_sound\Rufous-bellied Chachalaca16.wav,converted,True,32000.0,1.0,53.024,5903256,1696768,233,0.287429174679194,"[mp3 @ 000002501de65740] Estimating duration from bitrate, this may be inaccurate
"
Rufous-bellied Chachalaca_sound/Rufous-bellied Chachalaca17,D:\other\Bird\Dataset\CC0\Rufous-bellied Chachalaca_sound\Rufous-bellied Chachalaca17.mp3,D:\other\Bird\Code\data\kaggle_training_wav_cache_sp\Rufous-bellied Chachalaca_sound\Rufous-bellied Chachalaca17.wav,converted,True,32000.0,1.0,53.024,5903256,1696768,233,0.287429174679194,"[mp3 @ 000001941ab15740] Estimating duration from bitrate, this may be inaccurate
"
Rufous-bellied Chachalaca_sound/Rufous-bellied Chachalaca18,D:\other\Bird\Dataset\CC0\Rufous-bellied Chachalaca_sound\Rufous-bellied Chachalaca18.mp3,D:\other\Bird\Code\data\kaggle_training_wav_cache_sp\Rufous-bellied Chachalaca_sound\Rufous-bellied Chachalaca18.wav,converted,True,32000.0,1.0,53.024,5903256,1696768,233,0.287429174679194,"[mp3 @ 0000025f41175740] Estimating duration from bitrate, this may be inaccurate
"
Rufous-bellied Chachalaca_sound/Rufous-bellied Chachalaca2,D:\other\Bird\Dataset\CC0\Rufous-bellied Chachalaca_sound\Rufous-bellied Chachalaca2.mp3,D:\other\Bird\Code\data\kaggle_training_wav_cache_sp\Rufous-bellied Chachalaca_sound\Rufous-bellied Chachalaca2.wav,converted,True,32000.0,1.0,27.07853125,932049,866513,30,0.9296861001943031,"[mp3 @ 000001486bc45740] Estimating duration from bitrate, this may be inaccurate
"
Rufous-bellied Chachalaca_sound/Rufous-bellied Chachalaca20,D:\other\Bird\Dataset\CC0\Rufous-bellied Chachalaca_sound\Rufous-bellied Chachalaca20.mp3,D:\other\Bird\Code\data\kaggle_training_wav_cache_sp\Rufous-bellied Chachalaca_sound\Rufous-bellied Chachalaca20.wav,converted,True,32000.0,1.0,19.76,698880,632320,18,0.9047619047619048,"[mp3 @ 0000018baca15740] Estimating duration from bitrate, this may be inaccurate
"
Rufous-bellied Chachalaca_sound/Rufous-bellied Chachalaca19,D:\other\Bird\Dataset\CC0\Rufous-bellied Chachalaca_sound\Rufous-bellied Chachalaca19.mp3,D:\other\Bird\Code\data\kaggle_training_wav_cache_sp\Rufous-bellied Chachalaca_sound\Rufous-bellied Chachalaca19.wav,converted,True,32000.0,1.0,53.024,5903256,1696768,233,0.287429174679194,"[mp3 @ 00000268e0bb5740] Estimating duration from bitrate, this may be inaccurate
"
Rufous-bellied Chachalaca_sound/Rufous-bellied Chachalaca21,D:\other\Bird\Dataset\CC0\Rufous-bellied Chachalaca_sound\Rufous-bellied Chachalaca21.mp3,D:\other\Bird\Code\data\kaggle_training_wav_cache_sp\Rufous-bellied Chachalaca_sound\Rufous-bellied Chachalaca21.wav,converted,True,32000.0,1.0,19.76,698880,632320,18,0.9047619047619048,"[mp3 @ 000001b9bb1a5740] Estimating duration from bitrate, this may be inaccurate
"
Rufous-bellied Chachalaca_sound/Rufous-bellied Chachalaca23,D:\other\Bird\Dataset\CC0\Rufous-bellied Chachalaca_sound\Rufous-bellied Chachalaca23.mp3,D:\other\Bird\Code\data\kaggle_training_wav_cache_sp\Rufous-bellied Chachalaca_sound\Rufous-bellied Chachalaca23.wav,converted,True,32000.0,1.0,21.328,1268172,682496,47,0.5381730553899629,
Rufous-bellied Chachalaca_sound/Rufous-bellied Chachalaca22,D:\other\Bird\Dataset\CC0\Rufous-bellied Chachalaca_sound\Rufous-bellied Chachalaca22.mp3,D:\other\Bird\Code\data\kaggle_training_wav_cache_sp\Rufous-bellied Chachalaca_sound\Rufous-bellied Chachalaca22.wav,converted,True,32000.0,1.0,31.936,1765488,1021952,60,0.578849587196288,
Rufous-bellied Chachalaca_sound/Rufous-bellied Chachalaca24,D:\other\Bird\Dataset\CC0\Rufous-bellied Chachalaca_sound\Rufous-bellied Chachalaca24.mp3,D:\other\Bird\Code\data\kaggle_training_wav_cache_sp\Rufous-bellied Chachalaca_sound\Rufous-bellied Chachalaca24.wav,converted,True,32000.0,1.0,24.32,904462,778240,26,0.8604452149454593,
Rufous-bellied Chachalaca_sound/Rufous-bellied Chachalaca25,D:\other\Bird\Dataset\CC0\Rufous-bellied Chachalaca_sound\Rufous-bellied Chachalaca25.mp3,D:\other\Bird\Code\data\kaggle_training_wav_cache_sp\Rufous-bellied Chachalaca_sound\Rufous-bellied Chachalaca25.wav,converted,True,32000.0,1.0,24.32,904462,778240,26,0.8604452149454593,
Rufous-bellied Chachalaca_sound/Rufous-bellied Chachalaca26,D:\other\Bird\Dataset\CC0\Rufous-bellied Chachalaca_sound\Rufous-bellied Chachalaca26.mp3,D:\other\Bird\Code\data\kaggle_training_wav_cache_sp\Rufous-bellied Chachalaca_sound\Rufous-bellied Chachalaca26.wav,converted,True,32000.0,1.0,10.528,435456,336896,10,0.7736625514403292,"[mp3 @ 000001a8d0785740] Estimating duration from bitrate, this may be inaccurate
"
Rufous-bellied Chachalaca_sound/Rufous-bellied Chachalaca28,D:\other\Bird\Dataset\CC0\Rufous-bellied Chachalaca_sound\Rufous-bellied Chachalaca28.mp3,D:\other\Bird\Code\data\kaggle_training_wav_cache_sp\Rufous-bellied Chachalaca_sound\Rufous-bellied Chachalaca28.wav,converted,True,32000.0,1.0,11.94484375,387867,382235,6,0.985479558714714,"[mp3 @ 0000018358d75740] Estimating duration from bitrate, this may be inaccurate
"
Rufous-bellied Chachalaca_sound/Rufous-bellied Chachalaca27,D:\other\Bird\Dataset\CC0\Rufous-bellied Chachalaca_sound\Rufous-bellied Chachalaca27.mp3,D:\other\Bird\Code\data\kaggle_training_wav_cache_sp\Rufous-bellied Chachalaca_sound\Rufous-bellied Chachalaca27.wav,converted,True,32000.0,1.0,18.32,992256,586240,49,0.5908152734778122,"[mp3 @ 000001df9cdb5740] Estimating duration from bitrate, this may be inaccurate
"
Rufous-bellied Chachalaca_sound/Rufous-bellied Chachalaca29,D:\other\Bird\Dataset\CC0\Rufous-bellied Chachalaca_sound\Rufous-bellied Chachalaca29.mp3,D:\other\Bird\Code\data\kaggle_training_wav_cache_sp\Rufous-bellied Chachalaca_sound\Rufous-bellied Chachalaca29.wav,converted,True,32000.0,1.0,11.94484375,387867,382235,6,0.985479558714714,"[mp3 @ 000001b5f9175740] Estimating duration from bitrate, this may be inaccurate
"
Rufous-bellied Chachalaca_sound/Rufous-bellied Chachalaca3,D:\other\Bird\Dataset\CC0\Rufous-bellied Chachalaca_sound\Rufous-bellied Chachalaca3.mp3,D:\other\Bird\Code\data\kaggle_training_wav_cache_sp\Rufous-bellied Chachalaca_sound\Rufous-bellied Chachalaca3.wav,converted,True,32000.0,1.0,27.07853125,932049,866513,30,0.9296861001943031,"[mp3 @ 000001efdbf25740] Estimating duration from bitrate, this may be inaccurate
"
Rufous-bellied Chachalaca_sound/Rufous-bellied Chachalaca30,D:\other\Bird\Dataset\CC0\Rufous-bellied Chachalaca_sound\Rufous-bellied Chachalaca30.mp3,D:\other\Bird\Code\data\kaggle_training_wav_cache_sp\Rufous-bellied Chachalaca_sound\Rufous-bellied Chachalaca30.wav,converted,True,32000.0,1.0,65.566125,2238404,2098116,60,0.9373267738978308,
Rufous-bellied Chachalaca_sound/Rufous-bellied Chachalaca31,D:\other\Bird\Dataset\CC0\Rufous-bellied Chachalaca_sound\Rufous-bellied Chachalaca31.mp3,D:\other\Bird\Code\data\kaggle_training_wav_cache_sp\Rufous-bellied Chachalaca_sound\Rufous-bellied Chachalaca31.wav,converted,True,32000.0,1.0,71.04,4431360,2273280,188,0.512998266897747,"[mp3 @ 000002ca00365740] Estimating duration from bitrate, this may be inaccurate
"
Rufous-bellied Chachalaca_sound/Rufous-bellied Chachalaca4,D:\other\Bird\Dataset\CC0\Rufous-bellied Chachalaca_sound\Rufous-bellied Chachalaca4.mp3,D:\other\Bird\Code\data\kaggle_training_wav_cache_sp\Rufous-bellied Chachalaca_sound\Rufous-bellied Chachalaca4.wav,converted,True,32000.0,1.0,94.576,7668480,3026432,294,0.39465865464863964,"[mp3 @ 000001f349255740] Estimating duration from bitrate, this may be inaccurate
"
Rufous-bellied Chachalaca_sound/Rufous-bellied Chachalaca5,D:\other\Bird\Dataset\CC0\Rufous-bellied Chachalaca_sound\Rufous-bellied Chachalaca5.mp3,D:\other\Bird\Code\data\kaggle_training_wav_cache_sp\Rufous-bellied Chachalaca_sound\Rufous-bellied Chachalaca5.wav,converted,True,32000.0,1.0,77.088,6050304,2466816,294,0.40771769484640774,"[mp3 @ 000002265a775740] Estimating duration from bitrate, this may be inaccurate
"
Rufous-bellied Chachalaca_sound/Rufous-bellied Chachalaca7,D:\other\Bird\Dataset\CC0\Rufous-bellied Chachalaca_sound\Rufous-bellied Chachalaca7.mp3,D:\other\Bird\Code\data\kaggle_training_wav_cache_sp\Rufous-bellied Chachalaca_sound\Rufous-bellied Chachalaca7.wav,converted,True,32000.0,1.0,108.768,11026944,3480576,348,0.3156428471932024,"[mp3 @ 0000010930515740] Estimating duration from bitrate, this may be inaccurate
"
Rufous-bellied Chachalaca_sound/Rufous-bellied Chachalaca6,D:\other\Bird\Dataset\CC0\Rufous-bellied Chachalaca_sound\Rufous-bellied Chachalaca6.mp3,D:\other\Bird\Code\data\kaggle_training_wav_cache_sp\Rufous-bellied Chachalaca_sound\Rufous-bellied Chachalaca6.wav,converted,True,32000.0,1.0,110.288,13657344,3529216,290,0.25841159159496896,"[mp3 @ 0000022177b65740] Estimating duration from bitrate, this may be inaccurate
"
Rufous-bellied Chachalaca_sound/Rufous-bellied Chachalaca9,D:\other\Bird\Dataset\CC0\Rufous-bellied Chachalaca_sound\Rufous-bellied Chachalaca9.mp3,D:\other\Bird\Code\data\kaggle_training_wav_cache_sp\Rufous-bellied Chachalaca_sound\Rufous-bellied Chachalaca9.wav,converted,True,32000.0,1.0,59.552,4987392,1905664,208,0.3820962940149882,"[mp3 @ 0000011111b85740] Estimating duration from bitrate, this may be inaccurate
"
Rufous-headed Chachalaca_sound/Rufous-headed Chachalaca10,D:\other\Bird\Dataset\CC0\Rufous-headed Chachalaca_sound\Rufous-headed Chachalaca10.mp3,D:\other\Bird\Code\data\kaggle_training_wav_cache_sp\Rufous-headed Chachalaca_sound\Rufous-headed Chachalaca10.wav,converted,True,32000.0,1.0,6.352,247160,203264,11,0.8223984463505422,
Rufous-headed Chachalaca_sound/Rufous-headed Chachalaca11,D:\other\Bird\Dataset\CC0\Rufous-headed Chachalaca_sound\Rufous-headed Chachalaca11.mp3,D:\other\Bird\Code\data\kaggle_training_wav_cache_sp\Rufous-headed Chachalaca_sound\Rufous-headed Chachalaca11.wav,converted,True,32000.0,1.0,6.352,247160,203264,11,0.8223984463505422,
Rufous-headed Chachalaca_sound/Rufous-headed Chachalaca12,D:\other\Bird\Dataset\CC0\Rufous-headed Chachalaca_sound\Rufous-headed Chachalaca12.mp3,D:\other\Bird\Code\data\kaggle_training_wav_cache_sp\Rufous-headed Chachalaca_sound\Rufous-headed Chachalaca12.wav,converted,True,32000.0,1.0,6.352,247160,203264,11,0.8223984463505422,
Rufous-headed Chachalaca_sound/Rufous-headed Chachalaca13,D:\other\Bird\Dataset\CC0\Rufous-headed Chachalaca_sound\Rufous-headed Chachalaca13.mp3,D:\other\Bird\Code\data\kaggle_training_wav_cache_sp\Rufous-headed Chachalaca_sound\Rufous-headed Chachalaca13.wav,converted,True,32000.0,1.0,6.352,247160,203264,11,0.8223984463505422,
Rufous-headed Chachalaca_sound/Rufous-headed Chachalaca14,D:\other\Bird\Dataset\CC0\Rufous-headed Chachalaca_sound\Rufous-headed Chachalaca14.mp3,D:\other\Bird\Code\data\kaggle_training_wav_cache_sp\Rufous-headed Chachalaca_sound\Rufous-headed Chachalaca14.wav,converted,True,32000.0,1.0,20.88,726414,668160,9,0.9198060610065335,"[mp3 @ 00000258a0625700] Estimating duration from bitrate, this may be inaccurate
"
Rufous-headed Chachalaca_sound/Rufous-headed Chachalaca15,D:\other\Bird\Dataset\CC0\Rufous-headed Chachalaca_sound\Rufous-headed Chachalaca15.mp3,D:\other\Bird\Code\data\kaggle_training_wav_cache_sp\Rufous-headed Chachalaca_sound\Rufous-headed Chachalaca15.wav,converted,True,32000.0,1.0,15.28,566753,488960,4,0.8627391473887214,"[mp3 @ 0000021caeff5700] Estimating duration from bitrate, this may be inaccurate
"
Rufous-headed Chachalaca_sound/Rufous-headed Chachalaca16,D:\other\Bird\Dataset\CC0\Rufous-headed Chachalaca_sound\Rufous-headed Chachalaca16.mp3,D:\other\Bird\Code\data\kaggle_training_wav_cache_sp\Rufous-headed Chachalaca_sound\Rufous-headed Chachalaca16.wav,converted,True,32000.0,1.0,13.408,512418,429056,10,0.8373164096499343,"[mp3 @ 000001d224bf5700] Estimating duration from bitrate, this may be inaccurate
"
Rufous-headed Chachalaca_sound/Rufous-headed Chachalaca17,D:\other\Bird\Dataset\CC0\Rufous-headed Chachalaca_sound\Rufous-headed Chachalaca17.mp3,D:\other\Bird\Code\data\kaggle_training_wav_cache_sp\Rufous-headed Chachalaca_sound\Rufous-headed Chachalaca17.wav,converted,True,32000.0,1.0,20.016,710531,640512,11,0.901455390405204,"[mp3 @ 000001da5a2e5700] Estimating duration from bitrate, this may be inaccurate
"
Rufous-headed Chachalaca_sound/Rufous-headed Chachalaca18,D:\other\Bird\Dataset\CC0\Rufous-headed Chachalaca_sound\Rufous-headed Chachalaca18.mp3,D:\other\Bird\Code\data\kaggle_training_wav_cache_sp\Rufous-headed Chachalaca_sound\Rufous-headed Chachalaca18.wav,converted,True,32000.0,1.0,27.968,1232144,894976,34,0.7263566596112143,"[mp3 @ 0000013fad695700] Estimating duration from bitrate, this may be inaccurate
"
Rufous-headed Chachalaca_sound/Rufous-headed Chachalaca19,D:\other\Bird\Dataset\CC0\Rufous-headed Chachalaca_sound\Rufous-headed Chachalaca19.mp3,D:\other\Bird\Code\data\kaggle_training_wav_cache_sp\Rufous-headed Chachalaca_sound\Rufous-headed Chachalaca19.wav,converted,True,32000.0,1.0,95.872,3815968,3067904,58,0.8039648131221226,"[mp3 @ 0000023f4bc35700] Estimating duration from bitrate, this may be inaccurate
"
Rufous-bellied Chachalaca_sound/Rufous-bellied Chachalaca8,D:\other\Bird\Dataset\CC0\Rufous-bellied Chachalaca_sound\Rufous-bellied Chachalaca8.mp3,D:\other\Bird\Code\data\kaggle_training_wav_cache_sp\Rufous-bellied Chachalaca_sound\Rufous-bellied Chachalaca8.wav,converted,True,32000.0,1.0,178.272,21074688,5704704,886,0.2706898436645895,"[mp3 @ 000001e826765740] Estimating duration from bitrate, this may be inaccurate
"
Rufous-headed Chachalaca_sound/Rufous-headed Chachalaca2,D:\other\Bird\Dataset\CC0\Rufous-headed Chachalaca_sound\Rufous-headed Chachalaca2.mp3,D:\other\Bird\Code\data\kaggle_training_wav_cache_sp\Rufous-headed Chachalaca_sound\Rufous-headed Chachalaca2.wav,converted,True,32000.0,1.0,42.048,2343168,1345536,90,0.5742379547689282,"[mp3 @ 00000244aad35700] Estimating duration from bitrate, this may be inaccurate
"
Rufous-headed Chachalaca_sound/Rufous-headed Chachalaca21,D:\other\Bird\Dataset\CC0\Rufous-headed Chachalaca_sound\Rufous-headed Chachalaca21.mp3,D:\other\Bird\Code\data\kaggle_training_wav_cache_sp\Rufous-headed Chachalaca_sound\Rufous-headed Chachalaca21.wav,converted,True,32000.0,1.0,18.656,614295,596992,1,0.9718327513653864,
Rufous-headed Chachalaca_sound/Rufous-headed Chachalaca20,D:\other\Bird\Dataset\CC0\Rufous-headed Chachalaca_sound\Rufous-headed Chachalaca20.mp3,D:\other\Bird\Code\data\kaggle_training_wav_cache_sp\Rufous-headed Chachalaca_sound\Rufous-headed Chachalaca20.wav,converted,True,32000.0,1.0,64.256,2255308,2056192,61,0.9117122805399529,"[mp3 @ 000001bda4065700] Estimating duration from bitrate, this may be inaccurate
"
Rufous-headed Chachalaca_sound/Rufous-headed Chachalaca23,D:\other\Bird\Dataset\CC0\Rufous-headed Chachalaca_sound\Rufous-headed Chachalaca23.mp3,D:\other\Bird\Code\data\kaggle_training_wav_cache_sp\Rufous-headed Chachalaca_sound\Rufous-headed Chachalaca23.wav,converted,True,32000.0,1.0,7.136,318784,228352,12,0.7163220236900221,
Rufous-headed Chachalaca_sound/Rufous-headed Chachalaca24,D:\other\Bird\Dataset\CC0\Rufous-headed Chachalaca_sound\Rufous-headed Chachalaca24.mp3,D:\other\Bird\Code\data\kaggle_training_wav_cache_sp\Rufous-headed Chachalaca_sound\Rufous-headed Chachalaca24.wav,converted,True,32000.0,1.0,7.136,318784,228352,12,0.7163220236900221,
Rufous-headed Chachalaca_sound/Rufous-headed Chachalaca25,D:\other\Bird\Dataset\CC0\Rufous-headed Chachalaca_sound\Rufous-headed Chachalaca25.mp3,D:\other\Bird\Code\data\kaggle_training_wav_cache_sp\Rufous-headed Chachalaca_sound\Rufous-headed Chachalaca25.wav,converted,True,32000.0,1.0,7.136,318784,228352,12,0.7163220236900221,
Rufous-headed Chachalaca_sound/Rufous-headed Chachalaca22,D:\other\Bird\Dataset\CC0\Rufous-headed Chachalaca_sound\Rufous-headed Chachalaca22.mp3,D:\other\Bird\Code\data\kaggle_training_wav_cache_sp\Rufous-headed Chachalaca_sound\Rufous-headed Chachalaca22.wav,converted,True,32000.0,1.0,75.696,2472310,2422272,9,0.9797606287237441,
Rufous-headed Chachalaca_sound/Rufous-headed Chachalaca26,D:\other\Bird\Dataset\CC0\Rufous-headed Chachalaca_sound\Rufous-headed Chachalaca26.mp3,D:\other\Bird\Code\data\kaggle_training_wav_cache_sp\Rufous-headed Chachalaca_sound\Rufous-headed Chachalaca26.wav,converted,True,32000.0,1.0,7.312,589323,233984,13,0.3970386358584342,"[mp3 @ 00000201dcce5700] Estimating duration from bitrate, this may be inaccurate
"
Rufous-headed Chachalaca_sound/Rufous-headed Chachalaca27,D:\other\Bird\Dataset\CC0\Rufous-headed Chachalaca_sound\Rufous-headed Chachalaca27.mp3,D:\other\Bird\Code\data\kaggle_training_wav_cache_sp\Rufous-headed Chachalaca_sound\Rufous-headed Chachalaca27.wav,converted,True,32000.0,1.0,37.776,1218769,1208832,6,0.9918466912105576,"[mp3 @ 000001949a995700] Estimating duration from bitrate, this may be inaccurate
"
Rufous-headed Chachalaca_sound/Rufous-headed Chachalaca28,D:\other\Bird\Dataset\CC0\Rufous-headed Chachalaca_sound\Rufous-headed Chachalaca28.mp3,D:\other\Bird\Code\data\kaggle_training_wav_cache_sp\Rufous-headed Chachalaca_sound\Rufous-headed Chachalaca28.wav,converted,True,32000.0,1.0,57.27053125,1833169,1832657,1,0.9997207022374914,"[mp3 @ 0000020b83e35700] Estimating duration from bitrate, this may be inaccurate
"
Rufous-headed Chachalaca_sound/Rufous-headed Chachalaca29,D:\other\Bird\Dataset\CC0\Rufous-headed Chachalaca_sound\Rufous-headed Chachalaca29.mp3,D:\other\Bird\Code\data\kaggle_training_wav_cache_sp\Rufous-headed Chachalaca_sound\Rufous-headed Chachalaca29.wav,converted,True,32000.0,1.0,28.384,1244683,908288,2,0.7297343982363381,"[mp3 @ 000002c6ea6a5700] Estimating duration from bitrate, this may be inaccurate
"
Rufous-headed Chachalaca_sound/Rufous-headed Chachalaca30,D:\other\Bird\Dataset\CC0\Rufous-headed Chachalaca_sound\Rufous-headed Chachalaca30.mp3,D:\other\Bird\Code\data\kaggle_training_wav_cache_sp\Rufous-headed Chachalaca_sound\Rufous-headed Chachalaca30.wav,converted,True,32000.0,1.0,28.384,1244683,908288,2,0.7297343982363381,"[mp3 @ 000002194ac85700] Estimating duration from bitrate, this may be inaccurate
"
Rufous-headed Chachalaca_sound/Rufous-headed Chachalaca3,D:\other\Bird\Dataset\CC0\Rufous-headed Chachalaca_sound\Rufous-headed Chachalaca3.mp3,D:\other\Bird\Code\data\kaggle_training_wav_cache_sp\Rufous-headed Chachalaca_sound\Rufous-headed Chachalaca3.wav,converted,True,32000.0,1.0,42.048,2343168,1345536,90,0.5742379547689282,"[mp3 @ 000001f589735700] Estimating duration from bitrate, this may be inaccurate
"
Rufous-headed Chachalaca_sound/Rufous-headed Chachalaca31,D:\other\Bird\Dataset\CC0\Rufous-headed Chachalaca_sound\Rufous-headed Chachalaca31.mp3,D:\other\Bird\Code\data\kaggle_training_wav_cache_sp\Rufous-headed Chachalaca_sound\Rufous-headed Chachalaca31.wav,converted,True,32000.0,1.0,27.07853125,932049,866513,30,0.9296861001943031,"[mp3 @ 00000234fec75700] Estimating duration from bitrate, this may be inaccurate
"
Rufous-headed Chachalaca_sound/Rufous-headed Chachalaca4,D:\other\Bird\Dataset\CC0\Rufous-headed Chachalaca_sound\Rufous-headed Chachalaca4.mp3,D:\other\Bird\Code\data\kaggle_training_wav_cache_sp\Rufous-headed Chachalaca_sound\Rufous-headed Chachalaca4.wav,converted,True,32000.0,1.0,42.048,2343168,1345536,90,0.5742379547689282,"[mp3 @ 000001f0e7e25700] Estimating duration from bitrate, this may be inaccurate
"
Rufous-headed Chachalaca_sound/Rufous-headed Chachalaca5,D:\other\Bird\Dataset\CC0\Rufous-headed Chachalaca_sound\Rufous-headed Chachalaca5.mp3,D:\other\Bird\Code\data\kaggle_training_wav_cache_sp\Rufous-headed Chachalaca_sound\Rufous-headed Chachalaca5.wav,converted,True,32000.0,1.0,42.048,2343168,1345536,90,0.5742379547689282,"[mp3 @ 00000205a5c35700] Estimating duration from bitrate, this may be inaccurate
"
Rufous-headed Chachalaca_sound/Rufous-headed Chachalaca7,D:\other\Bird\Dataset\CC0\Rufous-headed Chachalaca_sound\Rufous-headed Chachalaca7.mp3,D:\other\Bird\Code\data\kaggle_training_wav_cache_sp\Rufous-headed Chachalaca_sound\Rufous-headed Chachalaca7.wav,converted,True,32000.0,1.0,6.352,247160,203264,11,0.8223984463505422,
Rufous-headed Chachalaca_sound/Rufous-headed Chachalaca6,D:\other\Bird\Dataset\CC0\Rufous-headed Chachalaca_sound\Rufous-headed Chachalaca6.mp3,D:\other\Bird\Code\data\kaggle_training_wav_cache_sp\Rufous-headed Chachalaca_sound\Rufous-headed Chachalaca6.wav,converted,True,32000.0,1.0,28.92034375,1066763,925451,37,0.8675319635195446,
Rufous-headed Chachalaca_sound/Rufous-headed Chachalaca8,D:\other\Bird\Dataset\CC0\Rufous-headed Chachalaca_sound\Rufous-headed Chachalaca8.mp3,D:\other\Bird\Code\data\kaggle_training_wav_cache_sp\Rufous-headed Chachalaca_sound\Rufous-headed Chachalaca8.wav,converted,True,32000.0,1.0,6.352,247160,203264,11,0.8223984463505422,
Rufous-headed Chachalaca_sound/Rufous-headed Chachalaca9,D:\other\Bird\Dataset\CC0\Rufous-headed Chachalaca_sound\Rufous-headed Chachalaca9.mp3,D:\other\Bird\Code\data\kaggle_training_wav_cache_sp\Rufous-headed Chachalaca_sound\Rufous-headed Chachalaca9.wav,converted,True,32000.0,1.0,6.352,247160,203264,11,0.8223984463505422,
Rufous-vented Chachalaca_sound/Rufous-vented Chachalaca10,D:\other\Bird\Dataset\CC0\Rufous-vented Chachalaca_sound\Rufous-vented Chachalaca10.mp3,D:\other\Bird\Code\data\kaggle_training_wav_cache_sp\Rufous-vented Chachalaca_sound\Rufous-vented Chachalaca10.wav,converted,True,32000.0,1.0,6.992,237898,223744,3,0.9405039134418952,
Rufous-vented Chachalaca_sound/Rufous-vented Chachalaca11,D:\other\Bird\Dataset\CC0\Rufous-vented Chachalaca_sound\Rufous-vented Chachalaca11.mp3,D:\other\Bird\Code\data\kaggle_training_wav_cache_sp\Rufous-vented Chachalaca_sound\Rufous-vented Chachalaca11.wav,converted,True,32000.0,1.0,6.992,237898,223744,3,0.9405039134418952,
Rufous-vented Chachalaca_sound/Rufous-vented Chachalaca12,D:\other\Bird\Dataset\CC0\Rufous-vented Chachalaca_sound\Rufous-vented Chachalaca12.mp3,D:\other\Bird\Code\data\kaggle_training_wav_cache_sp\Rufous-vented Chachalaca_sound\Rufous-vented Chachalaca12.wav,converted,True,32000.0,1.0,6.992,237898,223744,3,0.9405039134418952,
Rufous-vented Chachalaca_sound/Rufous-vented Chachalaca13,D:\other\Bird\Dataset\CC0\Rufous-vented Chachalaca_sound\Rufous-vented Chachalaca13.mp3,D:\other\Bird\Code\data\kaggle_training_wav_cache_sp\Rufous-vented Chachalaca_sound\Rufous-vented Chachalaca13.wav,converted,True,32000.0,1.0,6.992,237898,223744,3,0.9405039134418952,
Rufous-vented Chachalaca_sound/Rufous-vented Chachalaca14,D:\other\Bird\Dataset\CC0\Rufous-vented Chachalaca_sound\Rufous-vented Chachalaca14.mp3,D:\other\Bird\Code\data\kaggle_training_wav_cache_sp\Rufous-vented Chachalaca_sound\Rufous-vented Chachalaca14.wav,converted,True,32000.0,1.0,6.992,237898,223744,3,0.9405039134418952,
Rufous-vented Chachalaca_sound/Rufous-vented Chachalaca15,D:\other\Bird\Dataset\CC0\Rufous-vented Chachalaca_sound\Rufous-vented Chachalaca15.mp3,D:\other\Bird\Code\data\kaggle_training_wav_cache_sp\Rufous-vented Chachalaca_sound\Rufous-vented Chachalaca15.wav,converted,True,32000.0,1.0,61.968,2042985,1982976,4,0.970626803427338,"[mp3 @ 00000244ba475700] Estimating duration from bitrate, this may be inaccurate
"
Rufous-vented Chachalaca_sound/Rufous-vented Chachalaca16,D:\other\Bird\Dataset\CC0\Rufous-vented Chachalaca_sound\Rufous-vented Chachalaca16.mp3,D:\other\Bird\Code\data\kaggle_training_wav_cache_sp\Rufous-vented Chachalaca_sound\Rufous-vented Chachalaca16.wav,converted,True,32000.0,1.0,87.751875,2981628,2808060,56,0.9417875066909756,
Rufous-vented Chachalaca_sound/Rufous-vented Chachalaca17,D:\other\Bird\Dataset\CC0\Rufous-vented Chachalaca_sound\Rufous-vented Chachalaca17.mp3,D:\other\Bird\Code\data\kaggle_training_wav_cache_sp\Rufous-vented Chachalaca_sound\Rufous-vented Chachalaca17.wav,converted,True,32000.0,1.0,84.432,2725930,2701824,2,0.9911567795211176,"[mp3 @ 000002b77dc75700] Estimating duration from bitrate, this may be inaccurate
"
Rufous-vented Chachalaca_sound/Rufous-vented Chachalaca18,D:\other\Bird\Dataset\CC0\Rufous-vented Chachalaca_sound\Rufous-vented Chachalaca18.mp3,D:\other\Bird\Code\data\kaggle_training_wav_cache_sp\Rufous-vented Chachalaca_sound\Rufous-vented Chachalaca18.wav,converted,True,32000.0,1.0,84.432,2725930,2701824,2,0.9911567795211176,"[mp3 @ 000002a121325700] Estimating duration from bitrate, this may be inaccurate
"
Rufous-vented Chachalaca_sound/Rufous-vented Chachalaca2,D:\other\Bird\Dataset\CC0\Rufous-vented Chachalaca_sound\Rufous-vented Chachalaca2.mp3,D:\other\Bird\Code\data\kaggle_training_wav_cache_sp\Rufous-vented Chachalaca_sound\Rufous-vented Chachalaca2.wav,too_short_after_preprocess,,,,4.08,143778,130560,2,0.9080666026791303,
Rufous-vented Chachalaca_sound/Rufous-vented Chachalaca19,D:\other\Bird\Dataset\CC0\Rufous-vented Chachalaca_sound\Rufous-vented Chachalaca19.mp3,D:\other\Bird\Code\data\kaggle_training_wav_cache_sp\Rufous-vented Chachalaca_sound\Rufous-vented Chachalaca19.wav,converted,True,32000.0,1.0,84.432,2725930,2701824,2,0.9911567795211176,"[mp3 @ 0000014ea5005700] Estimating duration from bitrate, this may be inaccurate
"
Rufous-vented Chachalaca_sound/Rufous-vented Chachalaca20,D:\other\Bird\Dataset\CC0\Rufous-vented Chachalaca_sound\Rufous-vented Chachalaca20.mp3,D:\other\Bird\Code\data\kaggle_training_wav_cache_sp\Rufous-vented Chachalaca_sound\Rufous-vented Chachalaca20.wav,converted,True,32000.0,1.0,34.064,2195958,1090048,76,0.4963883644404857,"[mp3 @ 000001f3a23c5700] Estimating duration from bitrate, this may be inaccurate
"
Rufous-vented Chachalaca_sound/Rufous-vented Chachalaca21,D:\other\Bird\Dataset\CC0\Rufous-vented Chachalaca_sound\Rufous-vented Chachalaca21.mp3,D:\other\Bird\Code\data\kaggle_training_wav_cache_sp\Rufous-vented Chachalaca_sound\Rufous-vented Chachalaca21.wav,converted,True,32000.0,1.0,44.272,3041907,1416704,122,0.4657288996672153,"[mp3 @ 00000199dd935700] Estimating duration from bitrate, this may be inaccurate
"
Rufous-vented Chachalaca_sound/Rufous-vented Chachalaca22,D:\other\Bird\Dataset\CC0\Rufous-vented Chachalaca_sound\Rufous-vented Chachalaca22.mp3,D:\other\Bird\Code\data\kaggle_training_wav_cache_sp\Rufous-vented Chachalaca_sound\Rufous-vented Chachalaca22.wav,converted,True,32000.0,1.0,44.272,3041907,1416704,122,0.4657288996672153,"[mp3 @ 00000244b3b45700] Estimating duration from bitrate, this may be inaccurate
"
Rufous-vented Chachalaca_sound/Rufous-vented Chachalaca24,D:\other\Bird\Dataset\CC0\Rufous-vented Chachalaca_sound\Rufous-vented Chachalaca24.mp3,D:\other\Bird\Code\data\kaggle_training_wav_cache_sp\Rufous-vented Chachalaca_sound\Rufous-vented Chachalaca24.wav,converted,True,32000.0,1.0,24.112,1033839,771584,55,0.7463289738537625,
Rufous-vented Chachalaca_sound/Rufous-vented Chachalaca25,D:\other\Bird\Dataset\CC0\Rufous-vented Chachalaca_sound\Rufous-vented Chachalaca25.mp3,D:\other\Bird\Code\data\kaggle_training_wav_cache_sp\Rufous-vented Chachalaca_sound\Rufous-vented Chachalaca25.wav,converted,True,32000.0,1.0,24.112,1033839,771584,55,0.7463289738537625,
Rufous-vented Chachalaca_sound/Rufous-vented Chachalaca23,D:\other\Bird\Dataset\CC0\Rufous-vented Chachalaca_sound\Rufous-vented Chachalaca23.mp3,D:\other\Bird\Code\data\kaggle_training_wav_cache_sp\Rufous-vented Chachalaca_sound\Rufous-vented Chachalaca23.wav,converted,True,32000.0,1.0,120.552,3857664,3857664,1,1.0,
Rufous-vented Chachalaca_sound/Rufous-vented Chachalaca27,D:\other\Bird\Dataset\CC0\Rufous-vented Chachalaca_sound\Rufous-vented Chachalaca27.mp3,D:\other\Bird\Code\data\kaggle_training_wav_cache_sp\Rufous-vented Chachalaca_sound\Rufous-vented Chachalaca27.wav,converted,True,32000.0,1.0,14.82109375,474275,474275,1,1.0,
Rufous-vented Chachalaca_sound/Rufous-vented Chachalaca26,D:\other\Bird\Dataset\CC0\Rufous-vented Chachalaca_sound\Rufous-vented Chachalaca26.mp3,D:\other\Bird\Code\data\kaggle_training_wav_cache_sp\Rufous-vented Chachalaca_sound\Rufous-vented Chachalaca26.wav,converted,True,32000.0,1.0,20.14421875,644615,644615,1,1.0,
Rufous-vented Chachalaca_sound/Rufous-vented Chachalaca28,D:\other\Bird\Dataset\CC0\Rufous-vented Chachalaca_sound\Rufous-vented Chachalaca28.mp3,D:\other\Bird\Code\data\kaggle_training_wav_cache_sp\Rufous-vented Chachalaca_sound\Rufous-vented Chachalaca28.wav,too_short_after_preprocess,,,,3.3554375,107374,107374,1,1.0,
Rufous-vented Chachalaca_sound/Rufous-vented Chachalaca29,D:\other\Bird\Dataset\CC0\Rufous-vented Chachalaca_sound\Rufous-vented Chachalaca29.mp3,D:\other\Bird\Code\data\kaggle_training_wav_cache_sp\Rufous-vented Chachalaca_sound\Rufous-vented Chachalaca29.wav,converted,True,32000.0,1.0,9.17090625,325213,293469,6,0.9023901258559774,
Rufous-vented Chachalaca_sound/Rufous-vented Chachalaca3,D:\other\Bird\Dataset\CC0\Rufous-vented Chachalaca_sound\Rufous-vented Chachalaca3.mp3,D:\other\Bird\Code\data\kaggle_training_wav_cache_sp\Rufous-vented Chachalaca_sound\Rufous-vented Chachalaca3.wav,too_short_after_preprocess,,,,4.08,143778,130560,2,0.9080666026791303,
Rufous-vented Chachalaca_sound/Rufous-vented Chachalaca30,D:\other\Bird\Dataset\CC0\Rufous-vented Chachalaca_sound\Rufous-vented Chachalaca30.mp3,D:\other\Bird\Code\data\kaggle_training_wav_cache_sp\Rufous-vented Chachalaca_sound\Rufous-vented Chachalaca30.wav,converted,True,32000.0,1.0,9.17090625,325213,293469,6,0.9023901258559774,
Rufous-vented Chachalaca_sound/Rufous-vented Chachalaca31,D:\other\Bird\Dataset\CC0\Rufous-vented Chachalaca_sound\Rufous-vented Chachalaca31.mp3,D:\other\Bird\Code\data\kaggle_training_wav_cache_sp\Rufous-vented Chachalaca_sound\Rufous-vented Chachalaca31.wav,converted,True,32000.0,1.0,9.17090625,325213,293469,6,0.9023901258559774,
Rufous-vented Chachalaca_sound/Rufous-vented Chachalaca5,D:\other\Bird\Dataset\CC0\Rufous-vented Chachalaca_sound\Rufous-vented Chachalaca5.mp3,D:\other\Bird\Code\data\kaggle_training_wav_cache_sp\Rufous-vented Chachalaca_sound\Rufous-vented Chachalaca5.wav,converted,True,32000.0,1.0,63.76,2456457,2040320,70,0.8305946328390849,
Rufous-vented Chachalaca_sound/Rufous-vented Chachalaca6,D:\other\Bird\Dataset\CC0\Rufous-vented Chachalaca_sound\Rufous-vented Chachalaca6.mp3,D:\other\Bird\Code\data\kaggle_training_wav_cache_sp\Rufous-vented Chachalaca_sound\Rufous-vented Chachalaca6.wav,converted,True,32000.0,1.0,63.76,2456457,2040320,70,0.8305946328390849,
Rufous-vented Chachalaca_sound/Rufous-vented Chachalaca7,D:\other\Bird\Dataset\CC0\Rufous-vented Chachalaca_sound\Rufous-vented Chachalaca7.mp3,D:\other\Bird\Code\data\kaggle_training_wav_cache_sp\Rufous-vented Chachalaca_sound\Rufous-vented Chachalaca7.wav,converted,True,32000.0,1.0,63.76,2456457,2040320,70,0.8305946328390849,
Rufous-vented Chachalaca_sound/Rufous-vented Chachalaca8,D:\other\Bird\Dataset\CC0\Rufous-vented Chachalaca_sound\Rufous-vented Chachalaca8.mp3,D:\other\Bird\Code\data\kaggle_training_wav_cache_sp\Rufous-vented Chachalaca_sound\Rufous-vented Chachalaca8.wav,converted,True,32000.0,1.0,14.608,484833,467456,2,0.9641587928214458,"[mp3 @ 000001cb39365700] Estimating duration from bitrate, this may be inaccurate
"
Rufous-vented Chachalaca_sound/Rufous-vented Chachalaca9,D:\other\Bird\Dataset\CC0\Rufous-vented Chachalaca_sound\Rufous-vented Chachalaca9.mp3,D:\other\Bird\Code\data\kaggle_training_wav_cache_sp\Rufous-vented Chachalaca_sound\Rufous-vented Chachalaca9.wav,converted,True,32000.0,1.0,6.992,237898,223744,3,0.9405039134418952,
Rusty Tinamou_sound/Rusty Tinamou10,D:\other\Bird\Dataset\CC0\Rusty Tinamou_sound\Rusty Tinamou10.mp3,D:\other\Bird\Code\data\kaggle_training_wav_cache_sp\Rusty Tinamou_sound\Rusty Tinamou10.wav,converted,True,32000.0,1.0,8.8775625,284082,284082,1,1.0,
Rusty Tinamou_sound/Rusty Tinamou11,D:\other\Bird\Dataset\CC0\Rusty Tinamou_sound\Rusty Tinamou11.mp3,D:\other\Bird\Code\data\kaggle_training_wav_cache_sp\Rusty Tinamou_sound\Rusty Tinamou11.wav,converted,True,32000.0,1.0,8.8775625,284082,284082,1,1.0,
Rusty Tinamou_sound/Rusty Tinamou12,D:\other\Bird\Dataset\CC0\Rusty Tinamou_sound\Rusty Tinamou12.mp3,D:\other\Bird\Code\data\kaggle_training_wav_cache_sp\Rusty Tinamou_sound\Rusty Tinamou12.wav,converted,True,32000.0,1.0,25.3991875,813286,812774,1,0.9993704551658334,
Rusty Tinamou_sound/Rusty Tinamou13,D:\other\Bird\Dataset\CC0\Rusty Tinamou_sound\Rusty Tinamou13.mp3,D:\other\Bird\Code\data\kaggle_training_wav_cache_sp\Rusty Tinamou_sound\Rusty Tinamou13.wav,converted,True,32000.0,1.0,25.3991875,813286,812774,1,0.9993704551658334,
Rufous-vented Chachalaca_sound/Rufous-vented Chachalaca4,D:\other\Bird\Dataset\CC0\Rufous-vented Chachalaca_sound\Rufous-vented Chachalaca4.mp3,D:\other\Bird\Code\data\kaggle_training_wav_cache_sp\Rufous-vented Chachalaca_sound\Rufous-vented Chachalaca4.wav,converted,True,32000.0,1.0,205.888,13878855,6588416,343,0.4747089006982204,
Rusty Tinamou_sound/Rusty Tinamou2,D:\other\Bird\Dataset\CC0\Rusty Tinamou_sound\Rusty Tinamou2.mp3,D:\other\Bird\Code\data\kaggle_training_wav_cache_sp\Rusty Tinamou_sound\Rusty Tinamou2.wav,converted,True,32000.0,1.0,8.608,276480,275456,1,0.9962962962962963,"[mp3 @ 000002bb66b956c0] Estimating duration from bitrate, this may be inaccurate
"
Rusty Tinamou_sound/Rusty Tinamou14,D:\other\Bird\Dataset\CC0\Rusty Tinamou_sound\Rusty Tinamou14.mp3,D:\other\Bird\Code\data\kaggle_training_wav_cache_sp\Rusty Tinamou_sound\Rusty Tinamou14.wav,converted,True,32000.0,1.0,25.3991875,813286,812774,1,0.9993704551658334,
Rusty Tinamou_sound/Rusty Tinamou3,D:\other\Bird\Dataset\CC0\Rusty Tinamou_sound\Rusty Tinamou3.mp3,D:\other\Bird\Code\data\kaggle_training_wav_cache_sp\Rusty Tinamou_sound\Rusty Tinamou3.wav,converted,True,32000.0,1.0,14.04846875,449551,449551,1,1.0,
Rusty Tinamou_sound/Rusty Tinamou4,D:\other\Bird\Dataset\CC0\Rusty Tinamou_sound\Rusty Tinamou4.mp3,D:\other\Bird\Code\data\kaggle_training_wav_cache_sp\Rusty Tinamou_sound\Rusty Tinamou4.wav,converted,True,32000.0,1.0,34.170125,1093444,1093444,1,1.0,
Rusty Tinamou_sound/Rusty Tinamou6,D:\other\Bird\Dataset\CC0\Rusty Tinamou_sound\Rusty Tinamou6.mp3,D:\other\Bird\Code\data\kaggle_training_wav_cache_sp\Rusty Tinamou_sound\Rusty Tinamou6.wav,converted,True,32000.0,1.0,31.376,1020657,1004032,1,0.9837114721204088,
Rusty Tinamou_sound/Rusty Tinamou5,D:\other\Bird\Dataset\CC0\Rusty Tinamou_sound\Rusty Tinamou5.mp3,D:\other\Bird\Code\data\kaggle_training_wav_cache_sp\Rusty Tinamou_sound\Rusty Tinamou5.wav,converted,True,32000.0,1.0,73.837625,2368436,2362804,6,0.9976220594518914,
Rusty Tinamou_sound/Rusty Tinamou7,D:\other\Bird\Dataset\CC0\Rusty Tinamou_sound\Rusty Tinamou7.mp3,D:\other\Bird\Code\data\kaggle_training_wav_cache_sp\Rusty Tinamou_sound\Rusty Tinamou7.wav,converted,True,32000.0,1.0,23.808,777657,761856,2,0.9796812733634495,
Rusty Tinamou_sound/Rusty Tinamou8,D:\other\Bird\Dataset\CC0\Rusty Tinamou_sound\Rusty Tinamou8.mp3,D:\other\Bird\Code\data\kaggle_training_wav_cache_sp\Rusty Tinamou_sound\Rusty Tinamou8.wav,converted,True,32000.0,1.0,18.304,626103,585728,1,0.9355138052365186,
Rusty Tinamou_sound/Rusty Tinamou9,D:\other\Bird\Dataset\CC0\Rusty Tinamou_sound\Rusty Tinamou9.mp3,D:\other\Bird\Code\data\kaggle_training_wav_cache_sp\Rusty Tinamou_sound\Rusty Tinamou9.wav,converted,True,32000.0,1.0,6.912,240161,221184,1,0.9209821744579678,
Rusty-margined Guan_sound/Rusty-margined Guan10,D:\other\Bird\Dataset\CC0\Rusty-margined Guan_sound\Rusty-margined Guan10.mp3,D:\other\Bird\Code\data\kaggle_training_wav_cache_sp\Rusty-margined Guan_sound\Rusty-margined Guan10.wav,converted,True,32000.0,1.0,40.3591875,1291494,1291494,1,1.0,"[mp3 @ 000002630a2356c0] Estimating duration from bitrate, this may be inaccurate
"
Rusty-margined Guan_sound/Rusty-margined Guan12,D:\other\Bird\Dataset\CC0\Rusty-margined Guan_sound\Rusty-margined Guan12.mp3,D:\other\Bird\Code\data\kaggle_training_wav_cache_sp\Rusty-margined Guan_sound\Rusty-margined Guan12.wav,converted,True,32000.0,1.0,15.958875,661212,510684,57,0.7723453294858532,"[mp3 @ 000002351f6056c0] Estimating duration from bitrate, this may be inaccurate
"
Rusty-margined Guan_sound/Rusty-margined Guan13,D:\other\Bird\Dataset\CC0\Rusty-margined Guan_sound\Rusty-margined Guan13.mp3,D:\other\Bird\Code\data\kaggle_training_wav_cache_sp\Rusty-margined Guan_sound\Rusty-margined Guan13.wav,converted,True,32000.0,1.0,15.958875,661212,510684,57,0.7723453294858532,"[mp3 @ 00000280031e56c0] Estimating duration from bitrate, this may be inaccurate
"
Rusty-margined Guan_sound/Rusty-margined Guan14,D:\other\Bird\Dataset\CC0\Rusty-margined Guan_sound\Rusty-margined Guan14.mp3,D:\other\Bird\Code\data\kaggle_training_wav_cache_sp\Rusty-margined Guan_sound\Rusty-margined Guan14.wav,converted,True,32000.0,1.0,13.8955625,628978,444658,48,0.7069531843721084,
Rusty-margined Guan_sound/Rusty-margined Guan15,D:\other\Bird\Dataset\CC0\Rusty-margined Guan_sound\Rusty-margined Guan15.mp3,D:\other\Bird\Code\data\kaggle_training_wav_cache_sp\Rusty-margined Guan_sound\Rusty-margined Guan15.wav,converted,True,32000.0,1.0,13.8955625,628978,444658,48,0.7069531843721084,
Rusty-margined Guan_sound/Rusty-margined Guan16,D:\other\Bird\Dataset\CC0\Rusty-margined Guan_sound\Rusty-margined Guan16.mp3,D:\other\Bird\Code\data\kaggle_training_wav_cache_sp\Rusty-margined Guan_sound\Rusty-margined Guan16.wav,converted,True,32000.0,1.0,38.09903125,1221729,1219169,2,0.9979046089599248,
Rusty-margined Guan_sound/Rusty-margined Guan17,D:\other\Bird\Dataset\CC0\Rusty-margined Guan_sound\Rusty-margined Guan17.mp3,D:\other\Bird\Code\data\kaggle_training_wav_cache_sp\Rusty-margined Guan_sound\Rusty-margined Guan17.wav,converted,True,32000.0,1.0,68.44071875,2227991,2190103,21,0.9829945453101022,
Rusty-margined Guan_sound/Rusty-margined Guan11,D:\other\Bird\Dataset\CC0\Rusty-margined Guan_sound\Rusty-margined Guan11.mp3,D:\other\Bird\Code\data\kaggle_training_wav_cache_sp\Rusty-margined Guan_sound\Rusty-margined Guan11.wav,converted,True,32000.0,1.0,100.88,9347240,3228160,666,0.3453596997616409,"[mp3 @ 000001b1334356c0] Estimating duration from bitrate, this may be inaccurate
"
Rusty-margined Guan_sound/Rusty-margined Guan18,D:\other\Bird\Dataset\CC0\Rusty-margined Guan_sound\Rusty-margined Guan18.mp3,D:\other\Bird\Code\data\kaggle_training_wav_cache_sp\Rusty-margined Guan_sound\Rusty-margined Guan18.wav,converted,True,32000.0,1.0,50.7928125,1633050,1625370,6,0.9952971433820152,
Rusty-margined Guan_sound/Rusty-margined Guan19,D:\other\Bird\Dataset\CC0\Rusty-margined Guan_sound\Rusty-margined Guan19.mp3,D:\other\Bird\Code\data\kaggle_training_wav_cache_sp\Rusty-margined Guan_sound\Rusty-margined Guan19.wav,converted,True,32000.0,1.0,21.44,1682000,686080,115,0.40789536266349585,
Rusty-margined Guan_sound/Rusty-margined Guan2,D:\other\Bird\Dataset\CC0\Rusty-margined Guan_sound\Rusty-margined Guan2.mp3,D:\other\Bird\Code\data\kaggle_training_wav_cache_sp\Rusty-margined Guan_sound\Rusty-margined Guan2.wav,converted,True,32000.0,1.0,15.74953125,503985,503985,1,1.0,
Rusty-margined Guan_sound/Rusty-margined Guan20,D:\other\Bird\Dataset\CC0\Rusty-margined Guan_sound\Rusty-margined Guan20.mp3,D:\other\Bird\Code\data\kaggle_training_wav_cache_sp\Rusty-margined Guan_sound\Rusty-margined Guan20.wav,converted,True,32000.0,1.0,42.9613125,1415210,1374762,10,0.971419082680309,"[mp3 @ 00000275ec2556c0] Estimating duration from bitrate, this may be inaccurate
"
Rusty-margined Guan_sound/Rusty-margined Guan21,D:\other\Bird\Dataset\CC0\Rusty-margined Guan_sound\Rusty-margined Guan21.mp3,D:\other\Bird\Code\data\kaggle_training_wav_cache_sp\Rusty-margined Guan_sound\Rusty-margined Guan21.wav,converted,True,32000.0,1.0,42.9613125,1415210,1374762,10,0.971419082680309,"[mp3 @ 0000024ea9fc56c0] Estimating duration from bitrate, this may be inaccurate
"
Rusty-margined Guan_sound/Rusty-margined Guan22,D:\other\Bird\Dataset\CC0\Rusty-margined Guan_sound\Rusty-margined Guan22.mp3,D:\other\Bird\Code\data\kaggle_training_wav_cache_sp\Rusty-margined Guan_sound\Rusty-margined Guan22.wav,converted,True,32000.0,1.0,42.9613125,1415210,1374762,10,0.971419082680309,"[mp3 @ 000001e7653e56c0] Estimating duration from bitrate, this may be inaccurate
"
Rusty-margined Guan_sound/Rusty-margined Guan23,D:\other\Bird\Dataset\CC0\Rusty-margined Guan_sound\Rusty-margined Guan23.mp3,D:\other\Bird\Code\data\kaggle_training_wav_cache_sp\Rusty-margined Guan_sound\Rusty-margined Guan23.wav,converted,True,32000.0,1.0,49.3815625,1580722,1580210,1,0.9996760973782867,"[mp3 @ 0000016b3baa56c0] Estimating duration from bitrate, this may be inaccurate
"
Rusty-margined Guan_sound/Rusty-margined Guan24,D:\other\Bird\Dataset\CC0\Rusty-margined Guan_sound\Rusty-margined Guan24.mp3,D:\other\Bird\Code\data\kaggle_training_wav_cache_sp\Rusty-margined Guan_sound\Rusty-margined Guan24.wav,converted,True,32000.0,1.0,49.3815625,1580722,1580210,1,0.9996760973782867,"[mp3 @ 000001cc821856c0] Estimating duration from bitrate, this may be inaccurate
"
Rusty-margined Guan_sound/Rusty-margined Guan25,D:\other\Bird\Dataset\CC0\Rusty-margined Guan_sound\Rusty-margined Guan25.mp3,D:\other\Bird\Code\data\kaggle_training_wav_cache_sp\Rusty-margined Guan_sound\Rusty-margined Guan25.wav,converted,True,32000.0,1.0,49.3815625,1580722,1580210,1,0.9996760973782867,"[mp3 @ 00000142cf8056c0] Estimating duration from bitrate, this may be inaccurate
"
Rusty-margined Guan_sound/Rusty-margined Guan27,D:\other\Bird\Dataset\CC0\Rusty-margined Guan_sound\Rusty-margined Guan27.mp3,D:\other\Bird\Code\data\kaggle_training_wav_cache_sp\Rusty-margined Guan_sound\Rusty-margined Guan27.wav,converted,True,32000.0,1.0,21.464,687360,686848,1,0.9992551210428305,"[mp3 @ 000002b49cd256c0] Estimating duration from bitrate, this may be inaccurate
"
Rusty-margined Guan_sound/Rusty-margined Guan28,D:\other\Bird\Dataset\CC0\Rusty-margined Guan_sound\Rusty-margined Guan28.mp3,D:\other\Bird\Code\data\kaggle_training_wav_cache_sp\Rusty-margined Guan_sound\Rusty-margined Guan28.wav,converted,True,32000.0,1.0,7.63475,244312,244312,1,1.0,
Rusty-margined Guan_sound/Rusty-margined Guan26,D:\other\Bird\Dataset\CC0\Rusty-margined Guan_sound\Rusty-margined Guan26.mp3,D:\other\Bird\Code\data\kaggle_training_wav_cache_sp\Rusty-margined Guan_sound\Rusty-margined Guan26.wav,converted,True,32000.0,1.0,39.264,2617261,1256448,186,0.4800621718659316,"[mp3 @ 00000257a08f56c0] Estimating duration from bitrate, this may be inaccurate
"
Rusty-margined Guan_sound/Rusty-margined Guan29,D:\other\Bird\Dataset\CC0\Rusty-margined Guan_sound\Rusty-margined Guan29.mp3,D:\other\Bird\Code\data\kaggle_training_wav_cache_sp\Rusty-margined Guan_sound\Rusty-margined Guan29.wav,converted,True,32000.0,1.0,7.63475,244312,244312,1,1.0,
Rusty-margined Guan_sound/Rusty-margined Guan3,D:\other\Bird\Dataset\CC0\Rusty-margined Guan_sound\Rusty-margined Guan3.mp3,D:\other\Bird\Code\data\kaggle_training_wav_cache_sp\Rusty-margined Guan_sound\Rusty-margined Guan3.wav,converted,True,32000.0,1.0,15.74953125,503985,503985,1,1.0,
Rusty-margined Guan_sound/Rusty-margined Guan30,D:\other\Bird\Dataset\CC0\Rusty-margined Guan_sound\Rusty-margined Guan30.mp3,D:\other\Bird\Code\data\kaggle_training_wav_cache_sp\Rusty-margined Guan_sound\Rusty-margined Guan30.wav,converted,True,32000.0,1.0,7.63475,244312,244312,1,1.0,
Rusty-margined Guan_sound/Rusty-margined Guan4,D:\other\Bird\Dataset\CC0\Rusty-margined Guan_sound\Rusty-margined Guan4.mp3,D:\other\Bird\Code\data\kaggle_training_wav_cache_sp\Rusty-margined Guan_sound\Rusty-margined Guan4.wav,converted,True,32000.0,1.0,9.048,289536,289536,1,1.0,"[mp3 @ 000001f2142256c0] Estimating duration from bitrate, this may be inaccurate
"
Rusty-margined Guan_sound/Rusty-margined Guan31,D:\other\Bird\Dataset\CC0\Rusty-margined Guan_sound\Rusty-margined Guan31.mp3,D:\other\Bird\Code\data\kaggle_training_wav_cache_sp\Rusty-margined Guan_sound\Rusty-margined Guan31.wav,converted,True,32000.0,1.0,10.318375,330188,330188,1,1.0,"[mp3 @ 0000014e9eb156c0] Estimating duration from bitrate, this may be inaccurate
"
Rusty-margined Guan_sound/Rusty-margined Guan5,D:\other\Bird\Dataset\CC0\Rusty-margined Guan_sound\Rusty-margined Guan5.mp3,D:\other\Bird\Code\data\kaggle_training_wav_cache_sp\Rusty-margined Guan_sound\Rusty-margined Guan5.wav,converted,True,32000.0,1.0,6.72,280033,215040,10,0.7679094963807837,"[mp3 @ 000001ee3f9156c0] Estimating duration from bitrate, this may be inaccurate
"
Rusty-margined Guan_sound/Rusty-margined Guan7,D:\other\Bird\Dataset\CC0\Rusty-margined Guan_sound\Rusty-margined Guan7.mp3,D:\other\Bird\Code\data\kaggle_training_wav_cache_sp\Rusty-margined Guan_sound\Rusty-margined Guan7.wav,too_short_after_preprocess,,,,3.27540625,105325,104813,1,0.9951388559221458,
Rusty-margined Guan_sound/Rusty-margined Guan8,D:\other\Bird\Dataset\CC0\Rusty-margined Guan_sound\Rusty-margined Guan8.mp3,D:\other\Bird\Code\data\kaggle_training_wav_cache_sp\Rusty-margined Guan_sound\Rusty-margined Guan8.wav,converted,True,32000.0,1.0,40.3591875,1291494,1291494,1,1.0,"[mp3 @ 000001b5d7ff56c0] Estimating duration from bitrate, this may be inaccurate
"
Rusty-margined Guan_sound/Rusty-margined Guan6,D:\other\Bird\Dataset\CC0\Rusty-margined Guan_sound\Rusty-margined Guan6.mp3,D:\other\Bird\Code\data\kaggle_training_wav_cache_sp\Rusty-margined Guan_sound\Rusty-margined Guan6.wav,converted,True,32000.0,1.0,96.2978125,3466554,3081530,129,0.8889317748980688,"[mp3 @ 00000198916056c0] Estimating duration from bitrate, this may be inaccurate
"
Rusty-margined Guan_sound/Rusty-margined Guan9,D:\other\Bird\Dataset\CC0\Rusty-margined Guan_sound\Rusty-margined Guan9.mp3,D:\other\Bird\Code\data\kaggle_training_wav_cache_sp\Rusty-margined Guan_sound\Rusty-margined Guan9.wav,converted,True,32000.0,1.0,40.3591875,1291494,1291494,1,1.0,"[mp3 @ 00000181940156c0] Estimating duration from bitrate, this may be inaccurate
"
Scaled Chachalaca_sound/Scaled Chachalaca10,D:\other\Bird\Dataset\CC0\Scaled Chachalaca_sound\Scaled Chachalaca10.mp3,D:\other\Bird\Code\data\kaggle_training_wav_cache_sp\Scaled Chachalaca_sound\Scaled Chachalaca10.wav,converted,True,32000.0,1.0,18.050625,577620,577620,1,1.0,"[mp3 @ 0000023c43935680] Estimating duration from bitrate, this may be inaccurate
"
Scaled Chachalaca_sound/Scaled Chachalaca11,D:\other\Bird\Dataset\CC0\Scaled Chachalaca_sound\Scaled Chachalaca11.mp3,D:\other\Bird\Code\data\kaggle_training_wav_cache_sp\Scaled Chachalaca_sound\Scaled Chachalaca11.wav,converted,True,32000.0,1.0,18.050625,577620,577620,1,1.0,"[mp3 @ 0000022475b05680] Estimating duration from bitrate, this may be inaccurate
"
Scaled Chachalaca_sound/Scaled Chachalaca12,D:\other\Bird\Dataset\CC0\Scaled Chachalaca_sound\Scaled Chachalaca12.mp3,D:\other\Bird\Code\data\kaggle_training_wav_cache_sp\Scaled Chachalaca_sound\Scaled Chachalaca12.wav,converted,True,32000.0,1.0,18.050625,577620,577620,1,1.0,"[mp3 @ 0000022ba7305680] Estimating duration from bitrate, this may be inaccurate
"
Scaled Chachalaca_sound/Scaled Chachalaca13,D:\other\Bird\Dataset\CC0\Scaled Chachalaca_sound\Scaled Chachalaca13.mp3,D:\other\Bird\Code\data\kaggle_training_wav_cache_sp\Scaled Chachalaca_sound\Scaled Chachalaca13.wav,converted,True,32000.0,1.0,18.112,579868,579584,1,0.9995102333634551,
Scaled Chachalaca_sound/Scaled Chachalaca14,D:\other\Bird\Dataset\CC0\Scaled Chachalaca_sound\Scaled Chachalaca14.mp3,D:\other\Bird\Code\data\kaggle_training_wav_cache_sp\Scaled Chachalaca_sound\Scaled Chachalaca14.wav,converted,True,32000.0,1.0,18.112,579868,579584,1,0.9995102333634551,
Scaled Chachalaca_sound/Scaled Chachalaca15,D:\other\Bird\Dataset\CC0\Scaled Chachalaca_sound\Scaled Chachalaca15.mp3,D:\other\Bird\Code\data\kaggle_training_wav_cache_sp\Scaled Chachalaca_sound\Scaled Chachalaca15.wav,converted,True,32000.0,1.0,18.112,579868,579584,1,0.9995102333634551,
Scaled Chachalaca_sound/Scaled Chachalaca16,D:\other\Bird\Dataset\CC0\Scaled Chachalaca_sound\Scaled Chachalaca16.mp3,D:\other\Bird\Code\data\kaggle_training_wav_cache_sp\Scaled Chachalaca_sound\Scaled Chachalaca16.wav,converted,True,32000.0,1.0,18.112,579868,579584,1,0.9995102333634551,
Scaled Chachalaca_sound/Scaled Chachalaca17,D:\other\Bird\Dataset\CC0\Scaled Chachalaca_sound\Scaled Chachalaca17.mp3,D:\other\Bird\Code\data\kaggle_training_wav_cache_sp\Scaled Chachalaca_sound\Scaled Chachalaca17.wav,converted,True,32000.0,1.0,18.112,579868,579584,1,0.9995102333634551,
Scaled Chachalaca_sound/Scaled Chachalaca18,D:\other\Bird\Dataset\CC0\Scaled Chachalaca_sound\Scaled Chachalaca18.mp3,D:\other\Bird\Code\data\kaggle_training_wav_cache_sp\Scaled Chachalaca_sound\Scaled Chachalaca18.wav,converted,True,32000.0,1.0,18.112,579868,579584,1,0.9995102333634551,
Scaled Chachalaca_sound/Scaled Chachalaca2,D:\other\Bird\Dataset\CC0\Scaled Chachalaca_sound\Scaled Chachalaca2.mp3,D:\other\Bird\Code\data\kaggle_training_wav_cache_sp\Scaled Chachalaca_sound\Scaled Chachalaca2.wav,converted,True,32000.0,1.0,18.050625,577620,577620,1,1.0,"[mp3 @ 0000025d4a195680] Estimating duration from bitrate, this may be inaccurate
"
Scaled Chachalaca_sound/Scaled Chachalaca3,D:\other\Bird\Dataset\CC0\Scaled Chachalaca_sound\Scaled Chachalaca3.mp3,D:\other\Bird\Code\data\kaggle_training_wav_cache_sp\Scaled Chachalaca_sound\Scaled Chachalaca3.wav,converted,True,32000.0,1.0,18.050625,577620,577620,1,1.0,"[mp3 @ 0000028150dc5680] Estimating duration from bitrate, this may be inaccurate
"
Scaled Chachalaca_sound/Scaled Chachalaca4,D:\other\Bird\Dataset\CC0\Scaled Chachalaca_sound\Scaled Chachalaca4.mp3,D:\other\Bird\Code\data\kaggle_training_wav_cache_sp\Scaled Chachalaca_sound\Scaled Chachalaca4.wav,converted,True,32000.0,1.0,18.050625,577620,577620,1,1.0,"[mp3 @ 00000218cc105680] Estimating duration from bitrate, this may be inaccurate
"
Scaled Chachalaca_sound/Scaled Chachalaca5,D:\other\Bird\Dataset\CC0\Scaled Chachalaca_sound\Scaled Chachalaca5.mp3,D:\other\Bird\Code\data\kaggle_training_wav_cache_sp\Scaled Chachalaca_sound\Scaled Chachalaca5.wav,converted,True,32000.0,1.0,18.050625,577620,577620,1,1.0,"[mp3 @ 000001f858495680] Estimating duration from bitrate, this may be inaccurate
"
Scaled Chachalaca_sound/Scaled Chachalaca6,D:\other\Bird\Dataset\CC0\Scaled Chachalaca_sound\Scaled Chachalaca6.mp3,D:\other\Bird\Code\data\kaggle_training_wav_cache_sp\Scaled Chachalaca_sound\Scaled Chachalaca6.wav,converted,True,32000.0,1.0,18.050625,577620,577620,1,1.0,"[mp3 @ 000001e9c5955680] Estimating duration from bitrate, this may be inaccurate
"
Scaled Chachalaca_sound/Scaled Chachalaca7,D:\other\Bird\Dataset\CC0\Scaled Chachalaca_sound\Scaled Chachalaca7.mp3,D:\other\Bird\Code\data\kaggle_training_wav_cache_sp\Scaled Chachalaca_sound\Scaled Chachalaca7.wav,converted,True,32000.0,1.0,18.050625,577620,577620,1,1.0,"[mp3 @ 0000021d1e8d5680] Estimating duration from bitrate, this may be inaccurate
"
Scaled Chachalaca_sound/Scaled Chachalaca8,D:\other\Bird\Dataset\CC0\Scaled Chachalaca_sound\Scaled Chachalaca8.mp3,D:\other\Bird\Code\data\kaggle_training_wav_cache_sp\Scaled Chachalaca_sound\Scaled Chachalaca8.wav,converted,True,32000.0,1.0,18.050625,577620,577620,1,1.0,"[mp3 @ 000001eb639c5680] Estimating duration from bitrate, this may be inaccurate
"
Scaled Chachalaca_sound/Scaled Chachalaca9,D:\other\Bird\Dataset\CC0\Scaled Chachalaca_sound\Scaled Chachalaca9.mp3,D:\other\Bird\Code\data\kaggle_training_wav_cache_sp\Scaled Chachalaca_sound\Scaled Chachalaca9.wav,converted,True,32000.0,1.0,18.050625,577620,577620,1,1.0,"[mp3 @ 000001b489375680] Estimating duration from bitrate, this may be inaccurate
"
Slaty-breasted Tinamou_sound/Slaty-breasted Tinamou10,D:\other\Bird\Dataset\CC0\Slaty-breasted Tinamou_sound\Slaty-breasted Tinamou10.mp3,D:\other\Bird\Code\data\kaggle_training_wav_cache_sp\Slaty-breasted Tinamou_sound\Slaty-breasted Tinamou10.wav,converted,True,32000.0,1.0,7.7058125,246586,246586,1,1.0,
Slaty-breasted Tinamou_sound/Slaty-breasted Tinamou11,D:\other\Bird\Dataset\CC0\Slaty-breasted Tinamou_sound\Slaty-breasted Tinamou11.mp3,D:\other\Bird\Code\data\kaggle_training_wav_cache_sp\Slaty-breasted Tinamou_sound\Slaty-breasted Tinamou11.wav,converted,True,32000.0,1.0,7.7058125,246586,246586,1,1.0,
Slaty-breasted Tinamou_sound/Slaty-breasted Tinamou13,D:\other\Bird\Dataset\CC0\Slaty-breasted Tinamou_sound\Slaty-breasted Tinamou13.mp3,D:\other\Bird\Code\data\kaggle_training_wav_cache_sp\Slaty-breasted Tinamou_sound\Slaty-breasted Tinamou13.wav,too_short_after_preprocess,,,,3.953875,126524,126524,1,1.0,
Slaty-breasted Tinamou_sound/Slaty-breasted Tinamou14,D:\other\Bird\Dataset\CC0\Slaty-breasted Tinamou_sound\Slaty-breasted Tinamou14.mp3,D:\other\Bird\Code\data\kaggle_training_wav_cache_sp\Slaty-breasted Tinamou_sound\Slaty-breasted Tinamou14.wav,converted,True,32000.0,1.0,7.2479375,231934,231934,1,1.0,
Slaty-breasted Tinamou_sound/Slaty-breasted Tinamou15,D:\other\Bird\Dataset\CC0\Slaty-breasted Tinamou_sound\Slaty-breasted Tinamou15.mp3,D:\other\Bird\Code\data\kaggle_training_wav_cache_sp\Slaty-breasted Tinamou_sound\Slaty-breasted Tinamou15.wav,too_short_after_preprocess,,,,4.44703125,142305,142305,1,1.0,
Slaty-breasted Tinamou_sound/Slaty-breasted Tinamou12,D:\other\Bird\Dataset\CC0\Slaty-breasted Tinamou_sound\Slaty-breasted Tinamou12.mp3,D:\other\Bird\Code\data\kaggle_training_wav_cache_sp\Slaty-breasted Tinamou_sound\Slaty-breasted Tinamou12.wav,converted,True,32000.0,1.0,67.8850625,3338658,2172322,125,0.6506572401246249,"[mp3 @ 000002bf5edb56c0] Estimating duration from bitrate, this may be inaccurate
"
Slaty-breasted Tinamou_sound/Slaty-breasted Tinamou16,D:\other\Bird\Dataset\CC0\Slaty-breasted Tinamou_sound\Slaty-breasted Tinamou16.mp3,D:\other\Bird\Code\data\kaggle_training_wav_cache_sp\Slaty-breasted Tinamou_sound\Slaty-breasted Tinamou16.wav,converted,True,32000.0,1.0,80.33909375,2570851,2570851,1,1.0,
Slaty-breasted Tinamou_sound/Slaty-breasted Tinamou17,D:\other\Bird\Dataset\CC0\Slaty-breasted Tinamou_sound\Slaty-breasted Tinamou17.mp3,D:\other\Bird\Code\data\kaggle_training_wav_cache_sp\Slaty-breasted Tinamou_sound\Slaty-breasted Tinamou17.wav,converted,True,32000.0,1.0,75.52996875,2619711,2416959,62,0.9226052033983901,
Slaty-breasted Tinamou_sound/Slaty-breasted Tinamou19,D:\other\Bird\Dataset\CC0\Slaty-breasted Tinamou_sound\Slaty-breasted Tinamou19.mp3,D:\other\Bird\Code\data\kaggle_training_wav_cache_sp\Slaty-breasted Tinamou_sound\Slaty-breasted Tinamou19.wav,converted,True,32000.0,1.0,31.6081875,1011462,1011462,1,1.0,"[mp3 @ 0000027b32ec56c0] Estimating duration from bitrate, this may be inaccurate
"
Slaty-breasted Tinamou_sound/Slaty-breasted Tinamou18,D:\other\Bird\Dataset\CC0\Slaty-breasted Tinamou_sound\Slaty-breasted Tinamou18.mp3,D:\other\Bird\Code\data\kaggle_training_wav_cache_sp\Slaty-breasted Tinamou_sound\Slaty-breasted Tinamou18.wav,converted,True,32000.0,1.0,104.22890625,5440157,3335325,355,0.6130935191760091,"[mp3 @ 000001d46a0156c0] Estimating duration from bitrate, this may be inaccurate
"
Slaty-breasted Tinamou_sound/Slaty-breasted Tinamou20,D:\other\Bird\Dataset\CC0\Slaty-breasted Tinamou_sound\Slaty-breasted Tinamou20.mp3,D:\other\Bird\Code\data\kaggle_training_wav_cache_sp\Slaty-breasted Tinamou_sound\Slaty-breasted Tinamou20.wav,converted,True,32000.0,1.0,106.27625,3401352,3400840,1,0.9998494716218728,"[mp3 @ 000001d1ce9556c0] Estimating duration from bitrate, this may be inaccurate
"
Slaty-breasted Tinamou_sound/Slaty-breasted Tinamou21,D:\other\Bird\Dataset\CC0\Slaty-breasted Tinamou_sound\Slaty-breasted Tinamou21.mp3,D:\other\Bird\Code\data\kaggle_training_wav_cache_sp\Slaty-breasted Tinamou_sound\Slaty-breasted Tinamou21.wav,too_short_after_preprocess,,,,3.57878125,114521,114521,1,1.0,
Slaty-breasted Tinamou_sound/Slaty-breasted Tinamou22,D:\other\Bird\Dataset\CC0\Slaty-breasted Tinamou_sound\Slaty-breasted Tinamou22.mp3,D:\other\Bird\Code\data\kaggle_training_wav_cache_sp\Slaty-breasted Tinamou_sound\Slaty-breasted Tinamou22.wav,too_short_after_preprocess,,,,3.57878125,114521,114521,1,1.0,
Slaty-breasted Tinamou_sound/Slaty-breasted Tinamou23,D:\other\Bird\Dataset\CC0\Slaty-breasted Tinamou_sound\Slaty-breasted Tinamou23.mp3,D:\other\Bird\Code\data\kaggle_training_wav_cache_sp\Slaty-breasted Tinamou_sound\Slaty-breasted Tinamou23.wav,too_short_after_preprocess,,,,3.94140625,126125,126125,1,1.0,
Slaty-breasted Tinamou_sound/Slaty-breasted Tinamou24,D:\other\Bird\Dataset\CC0\Slaty-breasted Tinamou_sound\Slaty-breasted Tinamou24.mp3,D:\other\Bird\Code\data\kaggle_training_wav_cache_sp\Slaty-breasted Tinamou_sound\Slaty-breasted Tinamou24.wav,too_short_after_preprocess,,,,3.88153125,124209,124209,1,1.0,
Slaty-breasted Tinamou_sound/Slaty-breasted Tinamou25,D:\other\Bird\Dataset\CC0\Slaty-breasted Tinamou_sound\Slaty-breasted Tinamou25.mp3,D:\other\Bird\Code\data\kaggle_training_wav_cache_sp\Slaty-breasted Tinamou_sound\Slaty-breasted Tinamou25.wav,converted,True,32000.0,1.0,6.30371875,201719,201719,1,1.0,
Slaty-breasted Tinamou_sound/Slaty-breasted Tinamou26,D:\other\Bird\Dataset\CC0\Slaty-breasted Tinamou_sound\Slaty-breasted Tinamou26.mp3,D:\other\Bird\Code\data\kaggle_training_wav_cache_sp\Slaty-breasted Tinamou_sound\Slaty-breasted Tinamou26.wav,converted,True,32000.0,1.0,22.78996875,729279,729279,1,1.0,
Slaty-breasted Tinamou_sound/Slaty-breasted Tinamou27,D:\other\Bird\Dataset\CC0\Slaty-breasted Tinamou_sound\Slaty-breasted Tinamou27.mp3,D:\other\Bird\Code\data\kaggle_training_wav_cache_sp\Slaty-breasted Tinamou_sound\Slaty-breasted Tinamou27.wav,converted,True,32000.0,1.0,22.78996875,729279,729279,1,1.0,
Slaty-breasted Tinamou_sound/Slaty-breasted Tinamou28,D:\other\Bird\Dataset\CC0\Slaty-breasted Tinamou_sound\Slaty-breasted Tinamou28.mp3,D:\other\Bird\Code\data\kaggle_training_wav_cache_sp\Slaty-breasted Tinamou_sound\Slaty-breasted Tinamou28.wav,converted,True,32000.0,1.0,23.93925,766056,766056,1,1.0,
Slaty-breasted Tinamou_sound/Slaty-breasted Tinamou29,D:\other\Bird\Dataset\CC0\Slaty-breasted Tinamou_sound\Slaty-breasted Tinamou29.mp3,D:\other\Bird\Code\data\kaggle_training_wav_cache_sp\Slaty-breasted Tinamou_sound\Slaty-breasted Tinamou29.wav,too_short_after_preprocess,,,,4.12578125,132025,132025,1,1.0,
Slaty-breasted Tinamou_sound/Slaty-breasted Tinamou3,D:\other\Bird\Dataset\CC0\Slaty-breasted Tinamou_sound\Slaty-breasted Tinamou3.mp3,D:\other\Bird\Code\data\kaggle_training_wav_cache_sp\Slaty-breasted Tinamou_sound\Slaty-breasted Tinamou3.wav,converted,True,32000.0,1.0,7.776,362711,248832,8,0.6860337844730378,
Slaty-breasted Tinamou_sound/Slaty-breasted Tinamou30,D:\other\Bird\Dataset\CC0\Slaty-breasted Tinamou_sound\Slaty-breasted Tinamou30.mp3,D:\other\Bird\Code\data\kaggle_training_wav_cache_sp\Slaty-breasted Tinamou_sound\Slaty-breasted Tinamou30.wav,too_short_after_preprocess,,,,4.12578125,132025,132025,1,1.0,
Slaty-breasted Tinamou_sound/Slaty-breasted Tinamou4,D:\other\Bird\Dataset\CC0\Slaty-breasted Tinamou_sound\Slaty-breasted Tinamou4.mp3,D:\other\Bird\Code\data\kaggle_training_wav_cache_sp\Slaty-breasted Tinamou_sound\Slaty-breasted Tinamou4.wav,converted,True,32000.0,1.0,17.95503125,574561,574561,1,1.0,
Slaty-breasted Tinamou_sound/Slaty-breasted Tinamou5,D:\other\Bird\Dataset\CC0\Slaty-breasted Tinamou_sound\Slaty-breasted Tinamou5.mp3,D:\other\Bird\Code\data\kaggle_training_wav_cache_sp\Slaty-breasted Tinamou_sound\Slaty-breasted Tinamou5.wav,converted,True,32000.0,1.0,17.95503125,574561,574561,1,1.0,
Slaty-breasted Tinamou_sound/Slaty-breasted Tinamou2,D:\other\Bird\Dataset\CC0\Slaty-breasted Tinamou_sound\Slaty-breasted Tinamou2.mp3,D:\other\Bird\Code\data\kaggle_training_wav_cache_sp\Slaty-breasted Tinamou_sound\Slaty-breasted Tinamou2.wav,converted,True,32000.0,1.0,450.939625,14446964,14430068,11,0.9988304809231892,
Slaty-breasted Tinamou_sound/Slaty-breasted Tinamou6,D:\other\Bird\Dataset\CC0\Slaty-breasted Tinamou_sound\Slaty-breasted Tinamou6.mp3,D:\other\Bird\Code\data\kaggle_training_wav_cache_sp\Slaty-breasted Tinamou_sound\Slaty-breasted Tinamou6.wav,converted,True,32000.0,1.0,17.95503125,574561,574561,1,1.0,
Slaty-breasted Tinamou_sound/Slaty-breasted Tinamou7,D:\other\Bird\Dataset\CC0\Slaty-breasted Tinamou_sound\Slaty-breasted Tinamou7.mp3,D:\other\Bird\Code\data\kaggle_training_wav_cache_sp\Slaty-breasted Tinamou_sound\Slaty-breasted Tinamou7.wav,converted,True,32000.0,1.0,17.95503125,574561,574561,1,1.0,
Slaty-breasted Tinamou_sound/Slaty-breasted Tinamou8,D:\other\Bird\Dataset\CC0\Slaty-breasted Tinamou_sound\Slaty-breasted Tinamou8.mp3,D:\other\Bird\Code\data\kaggle_training_wav_cache_sp\Slaty-breasted Tinamou_sound\Slaty-breasted Tinamou8.wav,converted,True,32000.0,1.0,20.814125,666052,666052,1,1.0,
Slaty-breasted Tinamou_sound/Slaty-breasted Tinamou9,D:\other\Bird\Dataset\CC0\Slaty-breasted Tinamou_sound\Slaty-breasted Tinamou9.mp3,D:\other\Bird\Code\data\kaggle_training_wav_cache_sp\Slaty-breasted Tinamou_sound\Slaty-breasted Tinamou9.wav,converted,True,32000.0,1.0,37.363375,1195628,1195628,1,1.0,
Small-billed Tinamou_sound/Small-billed Tinamou10,D:\other\Bird\Dataset\CC0\Small-billed Tinamou_sound\Small-billed Tinamou10.mp3,D:\other\Bird\Code\data\kaggle_training_wav_cache_sp\Small-billed Tinamou_sound\Small-billed Tinamou10.wav,converted,True,32000.0,1.0,9.28,423811,296960,19,0.7006896942269077,"[mp3 @ 00000292563856c0] Estimating duration from bitrate, this may be inaccurate
"
Small-billed Tinamou_sound/Small-billed Tinamou11,D:\other\Bird\Dataset\CC0\Small-billed Tinamou_sound\Small-billed Tinamou11.mp3,D:\other\Bird\Code\data\kaggle_training_wav_cache_sp\Small-billed Tinamou_sound\Small-billed Tinamou11.wav,converted,True,32000.0,1.0,9.28,423811,296960,19,0.7006896942269077,"[mp3 @ 00000281538f56c0] Estimating duration from bitrate, this may be inaccurate
"
Small-billed Tinamou_sound/Small-billed Tinamou12,D:\other\Bird\Dataset\CC0\Small-billed Tinamou_sound\Small-billed Tinamou12.mp3,D:\other\Bird\Code\data\kaggle_training_wav_cache_sp\Small-billed Tinamou_sound\Small-billed Tinamou12.wav,converted,True,32000.0,1.0,9.28,423811,296960,19,0.7006896942269077,"[mp3 @ 00000257779a56c0] Estimating duration from bitrate, this may be inaccurate
"
Small-billed Tinamou_sound/Small-billed Tinamou13,D:\other\Bird\Dataset\CC0\Small-billed Tinamou_sound\Small-billed Tinamou13.mp3,D:\other\Bird\Code\data\kaggle_training_wav_cache_sp\Small-billed Tinamou_sound\Small-billed Tinamou13.wav,converted,True,32000.0,1.0,9.28,423811,296960,19,0.7006896942269077,"[mp3 @ 000001b4232a56c0] Estimating duration from bitrate, this may be inaccurate
"
Small-billed Tinamou_sound/Small-billed Tinamou15,D:\other\Bird\Dataset\CC0\Small-billed Tinamou_sound\Small-billed Tinamou15.mp3,D:\other\Bird\Code\data\kaggle_training_wav_cache_sp\Small-billed Tinamou_sound\Small-billed Tinamou15.wav,converted,True,32000.0,1.0,41.168,1543238,1317376,65,0.8536440911900821,
Small-billed Tinamou_sound/Small-billed Tinamou14,D:\other\Bird\Dataset\CC0\Small-billed Tinamou_sound\Small-billed Tinamou14.mp3,D:\other\Bird\Code\data\kaggle_training_wav_cache_sp\Small-billed Tinamou_sound\Small-billed Tinamou14.wav,converted,True,32000.0,1.0,37.904,2226656,1212928,181,0.5447307532012129,
Small-billed Tinamou_sound/Small-billed Tinamou16,D:\other\Bird\Dataset\CC0\Small-billed Tinamou_sound\Small-billed Tinamou16.mp3,D:\other\Bird\Code\data\kaggle_training_wav_cache_sp\Small-billed Tinamou_sound\Small-billed Tinamou16.wav,converted,True,32000.0,1.0,9.344,1152000,299008,45,0.25955555555555554,
Small-billed Tinamou_sound/Small-billed Tinamou17,D:\other\Bird\Dataset\CC0\Small-billed Tinamou_sound\Small-billed Tinamou17.mp3,D:\other\Bird\Code\data\kaggle_training_wav_cache_sp\Small-billed Tinamou_sound\Small-billed Tinamou17.wav,converted,True,32000.0,1.0,7.616,1697751,243712,41,0.14354990808428328,"[mp3 @ 0000021d471656c0] Estimating duration from bitrate, this may be inaccurate
"
Small-billed Tinamou_sound/Small-billed Tinamou18,D:\other\Bird\Dataset\CC0\Small-billed Tinamou_sound\Small-billed Tinamou18.mp3,D:\other\Bird\Code\data\kaggle_training_wav_cache_sp\Small-billed Tinamou_sound\Small-billed Tinamou18.wav,converted,True,32000.0,1.0,7.616,1697751,243712,41,0.14354990808428328,"[mp3 @ 000001c395ec56c0] Estimating duration from bitrate, this may be inaccurate
"
Small-billed Tinamou_sound/Small-billed Tinamou19,D:\other\Bird\Dataset\CC0\Small-billed Tinamou_sound\Small-billed Tinamou19.mp3,D:\other\Bird\Code\data\kaggle_training_wav_cache_sp\Small-billed Tinamou_sound\Small-billed Tinamou19.wav,converted,True,32000.0,1.0,7.616,1697751,243712,41,0.14354990808428328,"[mp3 @ 000001fdcb2756c0] Estimating duration from bitrate, this may be inaccurate
"
Small-billed Tinamou_sound/Small-billed Tinamou2,D:\other\Bird\Dataset\CC0\Small-billed Tinamou_sound\Small-billed Tinamou2.mp3,D:\other\Bird\Code\data\kaggle_training_wav_cache_sp\Small-billed Tinamou_sound\Small-billed Tinamou2.wav,converted,True,32000.0,1.0,57.984,1856574,1855488,2,0.9994150515950347,"[mp3 @ 000001db3cba56c0] Estimating duration from bitrate, this may be inaccurate
"
Small-billed Tinamou_sound/Small-billed Tinamou20,D:\other\Bird\Dataset\CC0\Small-billed Tinamou_sound\Small-billed Tinamou20.mp3,D:\other\Bird\Code\data\kaggle_training_wav_cache_sp\Small-billed Tinamou_sound\Small-billed Tinamou20.wav,converted,True,32000.0,1.0,13.808,1196200,441856,25,0.3693830463133255,"[mp3 @ 0000021bda4056c0] Estimating duration from bitrate, this may be inaccurate
"
Small-billed Tinamou_sound/Small-billed Tinamou21,D:\other\Bird\Dataset\CC0\Small-billed Tinamou_sound\Small-billed Tinamou21.mp3,D:\other\Bird\Code\data\kaggle_training_wav_cache_sp\Small-billed Tinamou_sound\Small-billed Tinamou21.wav,converted,True,32000.0,1.0,13.808,1196200,441856,25,0.3693830463133255,"[mp3 @ 000001e7c8e156c0] Estimating duration from bitrate, this may be inaccurate
"
Small-billed Tinamou_sound/Small-billed Tinamou22,D:\other\Bird\Dataset\CC0\Small-billed Tinamou_sound\Small-billed Tinamou22.mp3,D:\other\Bird\Code\data\kaggle_training_wav_cache_sp\Small-billed Tinamou_sound\Small-billed Tinamou22.wav,converted,True,32000.0,1.0,13.808,1196200,441856,25,0.3693830463133255,"[mp3 @ 0000027525c156c0] Estimating duration from bitrate, this may be inaccurate
"
Small-billed Tinamou_sound/Small-billed Tinamou23,D:\other\Bird\Dataset\CC0\Small-billed Tinamou_sound\Small-billed Tinamou23.mp3,D:\other\Bird\Code\data\kaggle_training_wav_cache_sp\Small-billed Tinamou_sound\Small-billed Tinamou23.wav,converted,True,32000.0,1.0,13.808,1196200,441856,25,0.3693830463133255,"[mp3 @ 00000289627656c0] Estimating duration from bitrate, this may be inaccurate
"
Small-billed Tinamou_sound/Small-billed Tinamou24,D:\other\Bird\Dataset\CC0\Small-billed Tinamou_sound\Small-billed Tinamou24.mp3,D:\other\Bird\Code\data\kaggle_training_wav_cache_sp\Small-billed Tinamou_sound\Small-billed Tinamou24.wav,converted,True,32000.0,1.0,13.808,1196200,441856,25,0.3693830463133255,"[mp3 @ 000002bcc37956c0] Estimating duration from bitrate, this may be inaccurate
"
Small-billed Tinamou_sound/Small-billed Tinamou25,D:\other\Bird\Dataset\CC0\Small-billed Tinamou_sound\Small-billed Tinamou25.mp3,D:\other\Bird\Code\data\kaggle_training_wav_cache_sp\Small-billed Tinamou_sound\Small-billed Tinamou25.wav,converted,True,32000.0,1.0,6.528,398718,208896,18,0.5239191609107189,
Small-billed Tinamou_sound/Small-billed Tinamou26,D:\other\Bird\Dataset\CC0\Small-billed Tinamou_sound\Small-billed Tinamou26.mp3,D:\other\Bird\Code\data\kaggle_training_wav_cache_sp\Small-billed Tinamou_sound\Small-billed Tinamou26.wav,converted,True,32000.0,1.0,6.528,398718,208896,18,0.5239191609107189,
Small-billed Tinamou_sound/Small-billed Tinamou27,D:\other\Bird\Dataset\CC0\Small-billed Tinamou_sound\Small-billed Tinamou27.mp3,D:\other\Bird\Code\data\kaggle_training_wav_cache_sp\Small-billed Tinamou_sound\Small-billed Tinamou27.wav,converted,True,32000.0,1.0,6.528,398718,208896,18,0.5239191609107189,
Small-billed Tinamou_sound/Small-billed Tinamou28,D:\other\Bird\Dataset\CC0\Small-billed Tinamou_sound\Small-billed Tinamou28.mp3,D:\other\Bird\Code\data\kaggle_training_wav_cache_sp\Small-billed Tinamou_sound\Small-billed Tinamou28.wav,converted,True,32000.0,1.0,34.512,1429421,1104384,39,0.7726093292319058,"[mp3 @ 000001fdbd4c56c0] Estimating duration from bitrate, this may be inaccurate
"
Small-billed Tinamou_sound/Small-billed Tinamou29,D:\other\Bird\Dataset\CC0\Small-billed Tinamou_sound\Small-billed Tinamou29.mp3,D:\other\Bird\Code\data\kaggle_training_wav_cache_sp\Small-billed Tinamou_sound\Small-billed Tinamou29.wav,converted,True,32000.0,1.0,34.352,1371743,1099264,28,0.8013629375181794,"[mp3 @ 0000021e569156c0] Estimating duration from bitrate, this may be inaccurate
"
Small-billed Tinamou_sound/Small-billed Tinamou3,D:\other\Bird\Dataset\CC0\Small-billed Tinamou_sound\Small-billed Tinamou3.mp3,D:\other\Bird\Code\data\kaggle_training_wav_cache_sp\Small-billed Tinamou_sound\Small-billed Tinamou3.wav,converted,True,32000.0,1.0,57.984,1856574,1855488,2,0.9994150515950347,"[mp3 @ 0000022b6e0056c0] Estimating duration from bitrate, this may be inaccurate
"
Small-billed Tinamou_sound/Small-billed Tinamou30,D:\other\Bird\Dataset\CC0\Small-billed Tinamou_sound\Small-billed Tinamou30.mp3,D:\other\Bird\Code\data\kaggle_training_wav_cache_sp\Small-billed Tinamou_sound\Small-billed Tinamou30.wav,converted,True,32000.0,1.0,36.288,1300689,1161216,55,0.8927699088713751,"[mp3 @ 00000214095d56c0] Estimating duration from bitrate, this may be inaccurate
"
Small-billed Tinamou_sound/Small-billed Tinamou31,D:\other\Bird\Dataset\CC0\Small-billed Tinamou_sound\Small-billed Tinamou31.mp3,D:\other\Bird\Code\data\kaggle_training_wav_cache_sp\Small-billed Tinamou_sound\Small-billed Tinamou31.wav,converted,True,32000.0,1.0,36.288,1300689,1161216,55,0.8927699088713751,"[mp3 @ 0000021f5c6456c0] Estimating duration from bitrate, this may be inaccurate
"
Small-billed Tinamou_sound/Small-billed Tinamou4,D:\other\Bird\Dataset\CC0\Small-billed Tinamou_sound\Small-billed Tinamou4.mp3,D:\other\Bird\Code\data\kaggle_training_wav_cache_sp\Small-billed Tinamou_sound\Small-billed Tinamou4.wav,converted,True,32000.0,1.0,57.984,1856574,1855488,2,0.9994150515950347,"[mp3 @ 000001b8dbbe56c0] Estimating duration from bitrate, this may be inaccurate
"
Small-billed Tinamou_sound/Small-billed Tinamou6,D:\other\Bird\Dataset\CC0\Small-billed Tinamou_sound\Small-billed Tinamou6.mp3,D:\other\Bird\Code\data\kaggle_training_wav_cache_sp\Small-billed Tinamou_sound\Small-billed Tinamou6.wav,converted,True,32000.0,1.0,9.28,423811,296960,19,0.7006896942269077,"[mp3 @ 000002f0f48a56c0] Estimating duration from bitrate, this may be inaccurate
"
Small-billed Tinamou_sound/Small-billed Tinamou5,D:\other\Bird\Dataset\CC0\Small-billed Tinamou_sound\Small-billed Tinamou5.mp3,D:\other\Bird\Code\data\kaggle_training_wav_cache_sp\Small-billed Tinamou_sound\Small-billed Tinamou5.wav,converted,True,32000.0,1.0,57.984,1856574,1855488,2,0.9994150515950347,"[mp3 @ 00000221850c56c0] Estimating duration from bitrate, this may be inaccurate
"
Small-billed Tinamou_sound/Small-billed Tinamou7,D:\other\Bird\Dataset\CC0\Small-billed Tinamou_sound\Small-billed Tinamou7.mp3,D:\other\Bird\Code\data\kaggle_training_wav_cache_sp\Small-billed Tinamou_sound\Small-billed Tinamou7.wav,converted,True,32000.0,1.0,9.28,423811,296960,19,0.7006896942269077,"[mp3 @ 0000014ff3ec56c0] Estimating duration from bitrate, this may be inaccurate
"
Small-billed Tinamou_sound/Small-billed Tinamou8,D:\other\Bird\Dataset\CC0\Small-billed Tinamou_sound\Small-billed Tinamou8.mp3,D:\other\Bird\Code\data\kaggle_training_wav_cache_sp\Small-billed Tinamou_sound\Small-billed Tinamou8.wav,converted,True,32000.0,1.0,9.28,423811,296960,19,0.7006896942269077,"[mp3 @ 00000206a3eb56c0] Estimating duration from bitrate, this may be inaccurate
"
Small-billed Tinamou_sound/Small-billed Tinamou9,D:\other\Bird\Dataset\CC0\Small-billed Tinamou_sound\Small-billed Tinamou9.mp3,D:\other\Bird\Code\data\kaggle_training_wav_cache_sp\Small-billed Tinamou_sound\Small-billed Tinamou9.wav,converted,True,32000.0,1.0,9.28,423811,296960,19,0.7006896942269077,"[mp3 @ 00000204a2e856c0] Estimating duration from bitrate, this may be inaccurate
"
Solitary Tinamou_sound/Solitary Tinamou10,D:\other\Bird\Dataset\CC0\Solitary Tinamou_sound\Solitary Tinamou10.mp3,D:\other\Bird\Code\data\kaggle_training_wav_cache_sp\Solitary Tinamou_sound\Solitary Tinamou10.wav,converted,True,32000.0,1.0,24.7063125,1217098,790602,65,0.6495795737072939,"[mp3 @ 00000276b5415700] Estimating duration from bitrate, this may be inaccurate
"
Solitary Tinamou_sound/Solitary Tinamou12,D:\other\Bird\Dataset\CC0\Solitary Tinamou_sound\Solitary Tinamou12.mp3,D:\other\Bird\Code\data\kaggle_training_wav_cache_sp\Solitary Tinamou_sound\Solitary Tinamou12.wav,converted,True,32000.0,1.0,40.672,1339142,1301504,4,0.971893944032821,"[mp3 @ 000001fb0f675700] Estimating duration from bitrate, this may be inaccurate
"
Solitary Tinamou_sound/Solitary Tinamou11,D:\other\Bird\Dataset\CC0\Solitary Tinamou_sound\Solitary Tinamou11.mp3,D:\other\Bird\Code\data\kaggle_training_wav_cache_sp\Solitary Tinamou_sound\Solitary Tinamou11.wav,converted,True,32000.0,1.0,124.0730625,3970338,3970338,1,1.0,
Solitary Tinamou_sound/Solitary Tinamou13,D:\other\Bird\Dataset\CC0\Solitary Tinamou_sound\Solitary Tinamou13.mp3,D:\other\Bird\Code\data\kaggle_training_wav_cache_sp\Solitary Tinamou_sound\Solitary Tinamou13.wav,converted,True,32000.0,1.0,40.672,1339142,1301504,4,0.971893944032821,"[mp3 @ 0000023fb1565700] Estimating duration from bitrate, this may be inaccurate
"
Solitary Tinamou_sound/Solitary Tinamou14,D:\other\Bird\Dataset\CC0\Solitary Tinamou_sound\Solitary Tinamou14.mp3,D:\other\Bird\Code\data\kaggle_training_wav_cache_sp\Solitary Tinamou_sound\Solitary Tinamou14.wav,converted,True,32000.0,1.0,27.984,952112,895488,4,0.9405280051086427,"[mp3 @ 000002a5acc95700] Estimating duration from bitrate, this may be inaccurate
"
Solitary Tinamou_sound/Solitary Tinamou16,D:\other\Bird\Dataset\CC0\Solitary Tinamou_sound\Solitary Tinamou16.mp3,D:\other\Bird\Code\data\kaggle_training_wav_cache_sp\Solitary Tinamou_sound\Solitary Tinamou16.wav,too_short_after_preprocess,,,,1.856,66874,59392,1,0.8881179531656548,
Solitary Tinamou_sound/Solitary Tinamou15,D:\other\Bird\Dataset\CC0\Solitary Tinamou_sound\Solitary Tinamou15.mp3,D:\other\Bird\Code\data\kaggle_training_wav_cache_sp\Solitary Tinamou_sound\Solitary Tinamou15.wav,converted,True,32000.0,1.0,27.984,952112,895488,4,0.9405280051086427,"[mp3 @ 000002064ca05700] Estimating duration from bitrate, this may be inaccurate
"
Solitary Tinamou_sound/Solitary Tinamou17,D:\other\Bird\Dataset\CC0\Solitary Tinamou_sound\Solitary Tinamou17.mp3,D:\other\Bird\Code\data\kaggle_training_wav_cache_sp\Solitary Tinamou_sound\Solitary Tinamou17.wav,too_short_after_preprocess,,,,3.344,134119,107008,1,0.7978586180928876,
Solitary Tinamou_sound/Solitary Tinamou18,D:\other\Bird\Dataset\CC0\Solitary Tinamou_sound\Solitary Tinamou18.mp3,D:\other\Bird\Code\data\kaggle_training_wav_cache_sp\Solitary Tinamou_sound\Solitary Tinamou18.wav,too_short_after_preprocess,,,,0.72,334208,23040,1,0.0689391037916507,
Solitary Tinamou_sound/Solitary Tinamou19,D:\other\Bird\Dataset\CC0\Solitary Tinamou_sound\Solitary Tinamou19.mp3,D:\other\Bird\Code\data\kaggle_training_wav_cache_sp\Solitary Tinamou_sound\Solitary Tinamou19.wav,converted,True,32000.0,1.0,5.130125,164676,164164,1,0.9968908644854138,"[mp3 @ 000001ecd3985700] Estimating duration from bitrate, this may be inaccurate
"
Solitary Tinamou_sound/Solitary Tinamou20,D:\other\Bird\Dataset\CC0\Solitary Tinamou_sound\Solitary Tinamou20.mp3,D:\other\Bird\Code\data\kaggle_training_wav_cache_sp\Solitary Tinamou_sound\Solitary Tinamou20.wav,converted,True,32000.0,1.0,19.2,615236,614400,1,0.998641171843,"[mp3 @ 000002a47dd45700] Estimating duration from bitrate, this may be inaccurate
"
Solitary Tinamou_sound/Solitary Tinamou21,D:\other\Bird\Dataset\CC0\Solitary Tinamou_sound\Solitary Tinamou21.mp3,D:\other\Bird\Code\data\kaggle_training_wav_cache_sp\Solitary Tinamou_sound\Solitary Tinamou21.wav,converted,True,32000.0,1.0,19.2,615236,614400,1,0.998641171843,"[mp3 @ 0000025578c55700] Estimating duration from bitrate, this may be inaccurate
"
Solitary Tinamou_sound/Solitary Tinamou2,D:\other\Bird\Dataset\CC0\Solitary Tinamou_sound\Solitary Tinamou2.mp3,D:\other\Bird\Code\data\kaggle_training_wav_cache_sp\Solitary Tinamou_sound\Solitary Tinamou2.wav,converted,True,32000.0,1.0,52.272,1672704,1672704,1,1.0,"[mp3 @ 000001ef15295700] Estimating duration from bitrate, this may be inaccurate
"
Solitary Tinamou_sound/Solitary Tinamou22,D:\other\Bird\Dataset\CC0\Solitary Tinamou_sound\Solitary Tinamou22.mp3,D:\other\Bird\Code\data\kaggle_training_wav_cache_sp\Solitary Tinamou_sound\Solitary Tinamou22.wav,converted,True,32000.0,1.0,12.592,430942,402944,2,0.9350307001870322,
Solitary Tinamou_sound/Solitary Tinamou23,D:\other\Bird\Dataset\CC0\Solitary Tinamou_sound\Solitary Tinamou23.mp3,D:\other\Bird\Code\data\kaggle_training_wav_cache_sp\Solitary Tinamou_sound\Solitary Tinamou23.wav,converted,True,32000.0,1.0,22.1779375,709694,709694,1,1.0,"[mp3 @ 0000022edb135700] Estimating duration from bitrate, this may be inaccurate
"
Solitary Tinamou_sound/Solitary Tinamou24,D:\other\Bird\Dataset\CC0\Solitary Tinamou_sound\Solitary Tinamou24.mp3,D:\other\Bird\Code\data\kaggle_training_wav_cache_sp\Solitary Tinamou_sound\Solitary Tinamou24.wav,converted,True,32000.0,1.0,22.1779375,709694,709694,1,1.0,"[mp3 @ 000001fe7a935700] Estimating duration from bitrate, this may be inaccurate
"
Solitary Tinamou_sound/Solitary Tinamou26,D:\other\Bird\Dataset\CC0\Solitary Tinamou_sound\Solitary Tinamou26.mp3,D:\other\Bird\Code\data\kaggle_training_wav_cache_sp\Solitary Tinamou_sound\Solitary Tinamou26.wav,converted,True,32000.0,1.0,51.384,1644288,1644288,1,1.0,"[mp3 @ 000001ba16745700] Estimating duration from bitrate, this may be inaccurate
"
Solitary Tinamou_sound/Solitary Tinamou25,D:\other\Bird\Dataset\CC0\Solitary Tinamou_sound\Solitary Tinamou25.mp3,D:\other\Bird\Code\data\kaggle_training_wav_cache_sp\Solitary Tinamou_sound\Solitary Tinamou25.wav,converted,True,32000.0,1.0,77.168,3245036,2469376,171,0.7609702943203095,"[mp3 @ 0000021144915700] Estimating duration from bitrate, this may be inaccurate
"
Solitary Tinamou_sound/Solitary Tinamou27,D:\other\Bird\Dataset\CC0\Solitary Tinamou_sound\Solitary Tinamou27.mp3,D:\other\Bird\Code\data\kaggle_training_wav_cache_sp\Solitary Tinamou_sound\Solitary Tinamou27.wav,converted,True,32000.0,1.0,51.384,1644288,1644288,1,1.0,"[mp3 @ 000001039db75700] Estimating duration from bitrate, this may be inaccurate
"
Solitary Tinamou_sound/Solitary Tinamou28,D:\other\Bird\Dataset\CC0\Solitary Tinamou_sound\Solitary Tinamou28.mp3,D:\other\Bird\Code\data\kaggle_training_wav_cache_sp\Solitary Tinamou_sound\Solitary Tinamou28.wav,converted,True,32000.0,1.0,51.384,1644288,1644288,1,1.0,"[mp3 @ 000001931b065700] Estimating duration from bitrate, this may be inaccurate
"
Solitary Tinamou_sound/Solitary Tinamou3,D:\other\Bird\Dataset\CC0\Solitary Tinamou_sound\Solitary Tinamou3.mp3,D:\other\Bird\Code\data\kaggle_training_wav_cache_sp\Solitary Tinamou_sound\Solitary Tinamou3.wav,converted,True,32000.0,1.0,5.04,161280,161280,1,1.0,"[mp3 @ 00000294ccd95700] Estimating duration from bitrate, this may be inaccurate
"
Solitary Tinamou_sound/Solitary Tinamou30,D:\other\Bird\Dataset\CC0\Solitary Tinamou_sound\Solitary Tinamou30.mp3,D:\other\Bird\Code\data\kaggle_training_wav_cache_sp\Solitary Tinamou_sound\Solitary Tinamou30.wav,too_short_after_preprocess,,,,3.7021875,118470,118470,1,1.0,
Solitary Tinamou_sound/Solitary Tinamou29,D:\other\Bird\Dataset\CC0\Solitary Tinamou_sound\Solitary Tinamou29.mp3,D:\other\Bird\Code\data\kaggle_training_wav_cache_sp\Solitary Tinamou_sound\Solitary Tinamou29.wav,converted,True,32000.0,1.0,51.384,1644288,1644288,1,1.0,"[mp3 @ 0000025157b95700] Estimating duration from bitrate, this may be inaccurate
"
Solitary Tinamou_sound/Solitary Tinamou4,D:\other\Bird\Dataset\CC0\Solitary Tinamou_sound\Solitary Tinamou4.mp3,D:\other\Bird\Code\data\kaggle_training_wav_cache_sp\Solitary Tinamou_sound\Solitary Tinamou4.wav,converted,True,32000.0,1.0,5.04,161280,161280,1,1.0,"[mp3 @ 00000185201b5700] Estimating duration from bitrate, this may be inaccurate
"
Solitary Tinamou_sound/Solitary Tinamou31,D:\other\Bird\Dataset\CC0\Solitary Tinamou_sound\Solitary Tinamou31.mp3,D:\other\Bird\Code\data\kaggle_training_wav_cache_sp\Solitary Tinamou_sound\Solitary Tinamou31.wav,converted,True,32000.0,1.0,25.52,915456,816640,3,0.8920581655480985,"[mp3 @ 000001a4a47d5700] Estimating duration from bitrate, this may be inaccurate
"
Solitary Tinamou_sound/Solitary Tinamou6,D:\other\Bird\Dataset\CC0\Solitary Tinamou_sound\Solitary Tinamou6.mp3,D:\other\Bird\Code\data\kaggle_training_wav_cache_sp\Solitary Tinamou_sound\Solitary Tinamou6.wav,too_short_after_preprocess,,,,2.544,1000595,81408,6,0.08135959104332922,
Solitary Tinamou_sound/Solitary Tinamou5,D:\other\Bird\Dataset\CC0\Solitary Tinamou_sound\Solitary Tinamou5.mp3,D:\other\Bird\Code\data\kaggle_training_wav_cache_sp\Solitary Tinamou_sound\Solitary Tinamou5.wav,converted,True,32000.0,1.0,71.424,2415990,2285568,7,0.9460171606670558,
Solitary Tinamou_sound/Solitary Tinamou7,D:\other\Bird\Dataset\CC0\Solitary Tinamou_sound\Solitary Tinamou7.mp3,D:\other\Bird\Code\data\kaggle_training_wav_cache_sp\Solitary Tinamou_sound\Solitary Tinamou7.wav,converted,True,32000.0,1.0,24.7063125,1217098,790602,65,0.6495795737072939,"[mp3 @ 0000010b9c1f5700] Estimating duration from bitrate, this may be inaccurate
"
Solitary Tinamou_sound/Solitary Tinamou8,D:\other\Bird\Dataset\CC0\Solitary Tinamou_sound\Solitary Tinamou8.mp3,D:\other\Bird\Code\data\kaggle_training_wav_cache_sp\Solitary Tinamou_sound\Solitary Tinamou8.wav,converted,True,32000.0,1.0,24.7063125,1217098,790602,65,0.6495795737072939,"[mp3 @ 000002e708b55700] Estimating duration from bitrate, this may be inaccurate
"
Solitary Tinamou_sound/Solitary Tinamou9,D:\other\Bird\Dataset\CC0\Solitary Tinamou_sound\Solitary Tinamou9.mp3,D:\other\Bird\Code\data\kaggle_training_wav_cache_sp\Solitary Tinamou_sound\Solitary Tinamou9.wav,converted,True,32000.0,1.0,24.7063125,1217098,790602,65,0.6495795737072939,"[mp3 @ 000001b86d5d5700] Estimating duration from bitrate, this may be inaccurate
"
Southern Cassowary_sound/Southern Cassowary10,D:\other\Bird\Dataset\CC0\Southern Cassowary_sound\Southern Cassowary10.mp3,D:\other\Bird\Code\data\kaggle_training_wav_cache_sp\Southern Cassowary_sound\Southern Cassowary10.wav,converted,True,32000.0,1.0,15.264,489849,488448,1,0.9971399349595488,"[mp3 @ 000001fe506f56c0] Estimating duration from bitrate, this may be inaccurate
"
Southern Cassowary_sound/Southern Cassowary11,D:\other\Bird\Dataset\CC0\Southern Cassowary_sound\Southern Cassowary11.mp3,D:\other\Bird\Code\data\kaggle_training_wav_cache_sp\Southern Cassowary_sound\Southern Cassowary11.wav,converted,True,32000.0,1.0,20.37159375,993907,651891,12,0.6558873214495924,"[mp3 @ 000001f3162456c0] Estimating duration from bitrate, this may be inaccurate
"
Southern Cassowary_sound/Southern Cassowary13,D:\other\Bird\Dataset\CC0\Southern Cassowary_sound\Southern Cassowary13.mp3,D:\other\Bird\Code\data\kaggle_training_wav_cache_sp\Southern Cassowary_sound\Southern Cassowary13.wav,converted,True,32000.0,1.0,64.8983125,2200138,2076746,14,0.9439162452537068,"[mp3 @ 000001bee61656c0] Estimating duration from bitrate, this may be inaccurate
"
Southern Cassowary_sound/Southern Cassowary12,D:\other\Bird\Dataset\CC0\Southern Cassowary_sound\Southern Cassowary12.mp3,D:\other\Bird\Code\data\kaggle_training_wav_cache_sp\Southern Cassowary_sound\Southern Cassowary12.wav,converted,True,32000.0,1.0,105.06125,3653800,3361960,110,0.9201269910777821,"[mp3 @ 000001f221c156c0] Estimating duration from bitrate, this may be inaccurate
"
Southern Cassowary_sound/Southern Cassowary14,D:\other\Bird\Dataset\CC0\Southern Cassowary_sound\Southern Cassowary14.mp3,D:\other\Bird\Code\data\kaggle_training_wav_cache_sp\Southern Cassowary_sound\Southern Cassowary14.wav,converted,True,32000.0,1.0,18.88,628350,604160,1,0.9615023474178404,
Southern Cassowary_sound/Southern Cassowary16,D:\other\Bird\Dataset\CC0\Southern Cassowary_sound\Southern Cassowary16.mp3,D:\other\Bird\Code\data\kaggle_training_wav_cache_sp\Southern Cassowary_sound\Southern Cassowary16.wav,converted,True,32000.0,1.0,5.74803125,183937,183937,1,1.0,
Southern Cassowary_sound/Southern Cassowary15,D:\other\Bird\Dataset\CC0\Southern Cassowary_sound\Southern Cassowary15.mp3,D:\other\Bird\Code\data\kaggle_training_wav_cache_sp\Southern Cassowary_sound\Southern Cassowary15.wav,converted,True,32000.0,1.0,16.512,569600,528384,1,0.9276404494382022,
Southern Cassowary_sound/Southern Cassowary17,D:\other\Bird\Dataset\CC0\Southern Cassowary_sound\Southern Cassowary17.mp3,D:\other\Bird\Code\data\kaggle_training_wav_cache_sp\Southern Cassowary_sound\Southern Cassowary17.wav,converted,True,32000.0,1.0,39.54353125,1266417,1265393,1,0.9991914195719104,"[mp3 @ 0000023aaa1756c0] Estimating duration from bitrate, this may be inaccurate
"
Southern Cassowary_sound/Southern Cassowary18,D:\other\Bird\Dataset\CC0\Southern Cassowary_sound\Southern Cassowary18.mp3,D:\other\Bird\Code\data\kaggle_training_wav_cache_sp\Southern Cassowary_sound\Southern Cassowary18.wav,too_short_after_preprocess,,,,3.104,2559583,99328,29,0.03880632118591192,
Southern Cassowary_sound/Southern Cassowary2,D:\other\Bird\Dataset\CC0\Southern Cassowary_sound\Southern Cassowary2.mp3,D:\other\Bird\Code\data\kaggle_training_wav_cache_sp\Southern Cassowary_sound\Southern Cassowary2.wav,converted,True,32000.0,1.0,53.22384375,1732859,1703163,15,0.9828630027024703,"[mp3 @ 000001a85d8c56c0] Estimating duration from bitrate, this may be inaccurate
[mp3float @ 000001a85d8c7c80] Header missing
Error while decoding stream #0:0: Invalid data found when processing input
"
Southern Cassowary_sound/Southern Cassowary19,D:\other\Bird\Dataset\CC0\Southern Cassowary_sound\Southern Cassowary19.mp3,D:\other\Bird\Code\data\kaggle_training_wav_cache_sp\Southern Cassowary_sound\Southern Cassowary19.wav,converted,True,32000.0,1.0,94.3281875,3018502,3018502,1,1.0,"[mp3 @ 00000233954c56c0] Estimating duration from bitrate, this may be inaccurate
"
Southern Cassowary_sound/Southern Cassowary21,D:\other\Bird\Dataset\CC0\Southern Cassowary_sound\Southern Cassowary21.mp3,D:\other\Bird\Code\data\kaggle_training_wav_cache_sp\Southern Cassowary_sound\Southern Cassowary21.wav,too_short_after_preprocess,,,,2.45978125,80249,78713,1,0.980859574574138,
Southern Cassowary_sound/Southern Cassowary3,D:\other\Bird\Dataset\CC0\Southern Cassowary_sound\Southern Cassowary3.mp3,D:\other\Bird\Code\data\kaggle_training_wav_cache_sp\Southern Cassowary_sound\Southern Cassowary3.wav,converted,True,32000.0,1.0,11.9921875,384262,383750,1,0.9986675757686162,
Southern Cassowary_sound/Southern Cassowary20,D:\other\Bird\Dataset\CC0\Southern Cassowary_sound\Southern Cassowary20.mp3,D:\other\Bird\Code\data\kaggle_training_wav_cache_sp\Southern Cassowary_sound\Southern Cassowary20.wav,converted,True,32000.0,1.0,148.944,4767243,4766208,1,0.9997828933830308,"[mp3 @ 000001a679ba56c0] Estimating duration from bitrate, this may be inaccurate
"
Southern Cassowary_sound/Southern Cassowary4,D:\other\Bird\Dataset\CC0\Southern Cassowary_sound\Southern Cassowary4.mp3,D:\other\Bird\Code\data\kaggle_training_wav_cache_sp\Southern Cassowary_sound\Southern Cassowary4.wav,converted,True,32000.0,1.0,124.25234375,3976075,3976075,1,1.0,
Southern Cassowary_sound/Southern Cassowary6,D:\other\Bird\Dataset\CC0\Southern Cassowary_sound\Southern Cassowary6.mp3,D:\other\Bird\Code\data\kaggle_training_wav_cache_sp\Southern Cassowary_sound\Southern Cassowary6.wav,converted,True,32000.0,1.0,18.56,690469,593920,25,0.8601689576215586,"[mp3 @ 0000017e2fac56c0] Estimating duration from bitrate, this may be inaccurate
"
Southern Cassowary_sound/Southern Cassowary7,D:\other\Bird\Dataset\CC0\Southern Cassowary_sound\Southern Cassowary7.mp3,D:\other\Bird\Code\data\kaggle_training_wav_cache_sp\Southern Cassowary_sound\Southern Cassowary7.wav,converted,True,32000.0,1.0,20.4,662016,652800,1,0.9860788863109049,"[mp3 @ 000001c08df056c0] Estimating duration from bitrate, this may be inaccurate
"
Southern Cassowary_sound/Southern Cassowary8,D:\other\Bird\Dataset\CC0\Southern Cassowary_sound\Southern Cassowary8.mp3,D:\other\Bird\Code\data\kaggle_training_wav_cache_sp\Southern Cassowary_sound\Southern Cassowary8.wav,converted,True,32000.0,1.0,23.038375,739788,737228,2,0.99653954916814,"[mp3 @ 00000247e3fd56c0] Estimating duration from bitrate, this may be inaccurate
"
Southern Cassowary_sound/Southern Cassowary5,D:\other\Bird\Dataset\CC0\Southern Cassowary_sound\Southern Cassowary5.mp3,D:\other\Bird\Code\data\kaggle_training_wav_cache_sp\Southern Cassowary_sound\Southern Cassowary5.wav,converted,True,32000.0,1.0,101.44790625,3591933,3246333,78,0.903784396869318,
Southern Cassowary_sound/Southern Cassowary9,D:\other\Bird\Dataset\CC0\Southern Cassowary_sound\Southern Cassowary9.mp3,D:\other\Bird\Code\data\kaggle_training_wav_cache_sp\Southern Cassowary_sound\Southern Cassowary9.wav,converted,True,32000.0,1.0,15.264,489849,488448,1,0.9971399349595488,"[mp3 @ 00000143fb3c56c0] Estimating duration from bitrate, this may be inaccurate
"
Speckled Chachalaca_sound/Speckled Chachalaca10,D:\other\Bird\Dataset\CC0\Speckled Chachalaca_sound\Speckled Chachalaca10.mp3,D:\other\Bird\Code\data\kaggle_training_wav_cache_sp\Speckled Chachalaca_sound\Speckled Chachalaca10.wav,converted,True,32000.0,1.0,15.81646875,506127,506127,1,1.0,
Speckled Chachalaca_sound/Speckled Chachalaca11,D:\other\Bird\Dataset\CC0\Speckled Chachalaca_sound\Speckled Chachalaca11.mp3,D:\other\Bird\Code\data\kaggle_training_wav_cache_sp\Speckled Chachalaca_sound\Speckled Chachalaca11.wav,converted,True,32000.0,1.0,15.81646875,506127,506127,1,1.0,
Speckled Chachalaca_sound/Speckled Chachalaca12,D:\other\Bird\Dataset\CC0\Speckled Chachalaca_sound\Speckled Chachalaca12.mp3,D:\other\Bird\Code\data\kaggle_training_wav_cache_sp\Speckled Chachalaca_sound\Speckled Chachalaca12.wav,converted,True,32000.0,1.0,85.24,3329280,2727680,155,0.8193002691272587,"[mp3 @ 000001a6647956c0] Estimating duration from bitrate, this may be inaccurate
"
Speckled Chachalaca_sound/Speckled Chachalaca13,D:\other\Bird\Dataset\CC0\Speckled Chachalaca_sound\Speckled Chachalaca13.mp3,D:\other\Bird\Code\data\kaggle_training_wav_cache_sp\Speckled Chachalaca_sound\Speckled Chachalaca13.wav,converted,True,32000.0,1.0,85.24,3329280,2727680,155,0.8193002691272587,"[mp3 @ 0000023331d556c0] Estimating duration from bitrate, this may be inaccurate
"
Speckled Chachalaca_sound/Speckled Chachalaca14,D:\other\Bird\Dataset\CC0\Speckled Chachalaca_sound\Speckled Chachalaca14.mp3,D:\other\Bird\Code\data\kaggle_training_wav_cache_sp\Speckled Chachalaca_sound\Speckled Chachalaca14.wav,converted,True,32000.0,1.0,26.368,1511211,843776,61,0.5583442682722665,
Speckled Chachalaca_sound/Speckled Chachalaca15,D:\other\Bird\Dataset\CC0\Speckled Chachalaca_sound\Speckled Chachalaca15.mp3,D:\other\Bird\Code\data\kaggle_training_wav_cache_sp\Speckled Chachalaca_sound\Speckled Chachalaca15.wav,converted,True,32000.0,1.0,26.368,1511211,843776,61,0.5583442682722665,
Speckled Chachalaca_sound/Speckled Chachalaca16,D:\other\Bird\Dataset\CC0\Speckled Chachalaca_sound\Speckled Chachalaca16.mp3,D:\other\Bird\Code\data\kaggle_training_wav_cache_sp\Speckled Chachalaca_sound\Speckled Chachalaca16.wav,converted,True,32000.0,1.0,26.368,1511211,843776,61,0.5583442682722665,
Speckled Chachalaca_sound/Speckled Chachalaca17,D:\other\Bird\Dataset\CC0\Speckled Chachalaca_sound\Speckled Chachalaca17.mp3,D:\other\Bird\Code\data\kaggle_training_wav_cache_sp\Speckled Chachalaca_sound\Speckled Chachalaca17.wav,converted,True,32000.0,1.0,26.368,1511211,843776,61,0.5583442682722665,
Speckled Chachalaca_sound/Speckled Chachalaca18,D:\other\Bird\Dataset\CC0\Speckled Chachalaca_sound\Speckled Chachalaca18.mp3,D:\other\Bird\Code\data\kaggle_training_wav_cache_sp\Speckled Chachalaca_sound\Speckled Chachalaca18.wav,converted,True,32000.0,1.0,26.368,1511211,843776,61,0.5583442682722665,
Speckled Chachalaca_sound/Speckled Chachalaca19,D:\other\Bird\Dataset\CC0\Speckled Chachalaca_sound\Speckled Chachalaca19.mp3,D:\other\Bird\Code\data\kaggle_training_wav_cache_sp\Speckled Chachalaca_sound\Speckled Chachalaca19.wav,converted,True,32000.0,1.0,26.368,1511211,843776,61,0.5583442682722665,
Speckled Chachalaca_sound/Speckled Chachalaca20,D:\other\Bird\Dataset\CC0\Speckled Chachalaca_sound\Speckled Chachalaca20.mp3,D:\other\Bird\Code\data\kaggle_training_wav_cache_sp\Speckled Chachalaca_sound\Speckled Chachalaca20.wav,converted,True,32000.0,1.0,26.368,1511211,843776,61,0.5583442682722665,
Speckled Chachalaca_sound/Speckled Chachalaca21,D:\other\Bird\Dataset\CC0\Speckled Chachalaca_sound\Speckled Chachalaca21.mp3,D:\other\Bird\Code\data\kaggle_training_wav_cache_sp\Speckled Chachalaca_sound\Speckled Chachalaca21.wav,converted,True,32000.0,1.0,26.368,1511211,843776,61,0.5583442682722665,
Speckled Chachalaca_sound/Speckled Chachalaca2,D:\other\Bird\Dataset\CC0\Speckled Chachalaca_sound\Speckled Chachalaca2.mp3,D:\other\Bird\Code\data\kaggle_training_wav_cache_sp\Speckled Chachalaca_sound\Speckled Chachalaca2.wav,converted,True,32000.0,1.0,143.872,4829044,4603904,63,0.9533779356742246,
Speckled Chachalaca_sound/Speckled Chachalaca22,D:\other\Bird\Dataset\CC0\Speckled Chachalaca_sound\Speckled Chachalaca22.mp3,D:\other\Bird\Code\data\kaggle_training_wav_cache_sp\Speckled Chachalaca_sound\Speckled Chachalaca22.wav,converted,True,32000.0,1.0,26.368,1511211,843776,61,0.5583442682722665,
Speckled Chachalaca_sound/Speckled Chachalaca23,D:\other\Bird\Dataset\CC0\Speckled Chachalaca_sound\Speckled Chachalaca23.mp3,D:\other\Bird\Code\data\kaggle_training_wav_cache_sp\Speckled Chachalaca_sound\Speckled Chachalaca23.wav,converted,True,32000.0,1.0,26.368,1511211,843776,61,0.5583442682722665,
Speckled Chachalaca_sound/Speckled Chachalaca24,D:\other\Bird\Dataset\CC0\Speckled Chachalaca_sound\Speckled Chachalaca24.mp3,D:\other\Bird\Code\data\kaggle_training_wav_cache_sp\Speckled Chachalaca_sound\Speckled Chachalaca24.wav,converted,True,32000.0,1.0,117.968,3775008,3774976,1,0.999991523196772,"[mp3 @ 000002a66de556c0] Estimating duration from bitrate, this may be inaccurate
"
Speckled Chachalaca_sound/Speckled Chachalaca25,D:\other\Bird\Dataset\CC0\Speckled Chachalaca_sound\Speckled Chachalaca25.mp3,D:\other\Bird\Code\data\kaggle_training_wav_cache_sp\Speckled Chachalaca_sound\Speckled Chachalaca25.wav,converted,True,32000.0,1.0,117.968,3775008,3774976,1,0.999991523196772,"[mp3 @ 00000222c7d756c0] Estimating duration from bitrate, this may be inaccurate
"
Speckled Chachalaca_sound/Speckled Chachalaca26,D:\other\Bird\Dataset\CC0\Speckled Chachalaca_sound\Speckled Chachalaca26.mp3,D:\other\Bird\Code\data\kaggle_training_wav_cache_sp\Speckled Chachalaca_sound\Speckled Chachalaca26.wav,converted,True,32000.0,1.0,117.968,3775008,3774976,1,0.999991523196772,"[mp3 @ 0000016d6ac556c0] Estimating duration from bitrate, this may be inaccurate
"
Speckled Chachalaca_sound/Speckled Chachalaca27,D:\other\Bird\Dataset\CC0\Speckled Chachalaca_sound\Speckled Chachalaca27.mp3,D:\other\Bird\Code\data\kaggle_training_wav_cache_sp\Speckled Chachalaca_sound\Speckled Chachalaca27.wav,converted,True,32000.0,1.0,117.968,3775008,3774976,1,0.999991523196772,"[mp3 @ 000001fac38456c0] Estimating duration from bitrate, this may be inaccurate
"
Speckled Chachalaca_sound/Speckled Chachalaca29,D:\other\Bird\Dataset\CC0\Speckled Chachalaca_sound\Speckled Chachalaca29.mp3,D:\other\Bird\Code\data\kaggle_training_wav_cache_sp\Speckled Chachalaca_sound\Speckled Chachalaca29.wav,converted,True,32000.0,1.0,20.256,665392,648192,2,0.974150575901123,"[mp3 @ 000001e0661156c0] Estimating duration from bitrate, this may be inaccurate
"
Speckled Chachalaca_sound/Speckled Chachalaca28,D:\other\Bird\Dataset\CC0\Speckled Chachalaca_sound\Speckled Chachalaca28.mp3,D:\other\Bird\Code\data\kaggle_training_wav_cache_sp\Speckled Chachalaca_sound\Speckled Chachalaca28.wav,converted,True,32000.0,1.0,117.968,3775008,3774976,1,0.999991523196772,"[mp3 @ 000001b7636a56c0] Estimating duration from bitrate, this may be inaccurate
"
Speckled Chachalaca_sound/Speckled Chachalaca30,D:\other\Bird\Dataset\CC0\Speckled Chachalaca_sound\Speckled Chachalaca30.mp3,D:\other\Bird\Code\data\kaggle_training_wav_cache_sp\Speckled Chachalaca_sound\Speckled Chachalaca30.wav,converted,True,32000.0,1.0,19.04,638642,609280,1,0.9540243203547527,"[mp3 @ 00000170b70556c0] Estimating duration from bitrate, this may be inaccurate
"
Speckled Chachalaca_sound/Speckled Chachalaca31,D:\other\Bird\Dataset\CC0\Speckled Chachalaca_sound\Speckled Chachalaca31.mp3,D:\other\Bird\Code\data\kaggle_training_wav_cache_sp\Speckled Chachalaca_sound\Speckled Chachalaca31.wav,converted,True,32000.0,1.0,26.672,889418,853504,1,0.9596207857272958,"[mp3 @ 000001c8da3856c0] Estimating duration from bitrate, this may be inaccurate
"
Speckled Chachalaca_sound/Speckled Chachalaca3,D:\other\Bird\Dataset\CC0\Speckled Chachalaca_sound\Speckled Chachalaca3.mp3,D:\other\Bird\Code\data\kaggle_training_wav_cache_sp\Speckled Chachalaca_sound\Speckled Chachalaca3.wav,converted,True,32000.0,1.0,143.872,4829044,4603904,63,0.9533779356742246,
Speckled Chachalaca_sound/Speckled Chachalaca4,D:\other\Bird\Dataset\CC0\Speckled Chachalaca_sound\Speckled Chachalaca4.mp3,D:\other\Bird\Code\data\kaggle_training_wav_cache_sp\Speckled Chachalaca_sound\Speckled Chachalaca4.wav,converted,True,32000.0,1.0,143.872,4829044,4603904,63,0.9533779356742246,
Speckled Chachalaca_sound/Speckled Chachalaca6,D:\other\Bird\Dataset\CC0\Speckled Chachalaca_sound\Speckled Chachalaca6.mp3,D:\other\Bird\Code\data\kaggle_training_wav_cache_sp\Speckled Chachalaca_sound\Speckled Chachalaca6.wav,converted,True,32000.0,1.0,5.44,176256,174080,1,0.9876543209876543,"[mp3 @ 000001d2aa5a56c0] Estimating duration from bitrate, this may be inaccurate
"
Speckled Chachalaca_sound/Speckled Chachalaca5,D:\other\Bird\Dataset\CC0\Speckled Chachalaca_sound\Speckled Chachalaca5.mp3,D:\other\Bird\Code\data\kaggle_training_wav_cache_sp\Speckled Chachalaca_sound\Speckled Chachalaca5.wav,converted,True,32000.0,1.0,143.872,4829044,4603904,63,0.9533779356742246,
Speckled Chachalaca_sound/Speckled Chachalaca7,D:\other\Bird\Dataset\CC0\Speckled Chachalaca_sound\Speckled Chachalaca7.mp3,D:\other\Bird\Code\data\kaggle_training_wav_cache_sp\Speckled Chachalaca_sound\Speckled Chachalaca7.wav,converted,True,32000.0,1.0,36.6498125,1172794,1172794,1,1.0,
Speckled Chachalaca_sound/Speckled Chachalaca8,D:\other\Bird\Dataset\CC0\Speckled Chachalaca_sound\Speckled Chachalaca8.mp3,D:\other\Bird\Code\data\kaggle_training_wav_cache_sp\Speckled Chachalaca_sound\Speckled Chachalaca8.wav,converted,True,32000.0,1.0,36.6498125,1172794,1172794,1,1.0,
Speckled Chachalaca_sound/Speckled Chachalaca9,D:\other\Bird\Dataset\CC0\Speckled Chachalaca_sound\Speckled Chachalaca9.mp3,D:\other\Bird\Code\data\kaggle_training_wav_cache_sp\Speckled Chachalaca_sound\Speckled Chachalaca9.wav,converted,True,32000.0,1.0,15.81646875,506127,506127,1,1.0,
Spixs Guan_sound/Spixs Guan10,D:\other\Bird\Dataset\CC0\Spixs Guan_sound\Spixs Guan10.mp3,D:\other\Bird\Code\data\kaggle_training_wav_cache_sp\Spixs Guan_sound\Spixs Guan10.wav,converted,True,32000.0,1.0,18.22,816000,583040,45,0.7145098039215686,
Spixs Guan_sound/Spixs Guan12,D:\other\Bird\Dataset\CC0\Spixs Guan_sound\Spixs Guan12.mp3,D:\other\Bird\Code\data\kaggle_training_wav_cache_sp\Spixs Guan_sound\Spixs Guan12.wav,converted,True,32000.0,1.0,11.872,387072,379904,7,0.9814814814814815,"[mp3 @ 00000228132156c0] Estimating duration from bitrate, this may be inaccurate
"
Spixs Guan_sound/Spixs Guan13,D:\other\Bird\Dataset\CC0\Spixs Guan_sound\Spixs Guan13.mp3,D:\other\Bird\Code\data\kaggle_training_wav_cache_sp\Spixs Guan_sound\Spixs Guan13.wav,converted,True,32000.0,1.0,22.88525,745640,732328,1,0.9821468805321603,"[mp3 @ 00000142efbd56c0] Estimating duration from bitrate, this may be inaccurate
"
Spixs Guan_sound/Spixs Guan14,D:\other\Bird\Dataset\CC0\Spixs Guan_sound\Spixs Guan14.mp3,D:\other\Bird\Code\data\kaggle_training_wav_cache_sp\Spixs Guan_sound\Spixs Guan14.wav,converted,True,32000.0,1.0,36.576,1197036,1170432,1,0.9777751045081351,"[mp3 @ 00000213d46956c0] Estimating duration from bitrate, this may be inaccurate
"
Spixs Guan_sound/Spixs Guan15,D:\other\Bird\Dataset\CC0\Spixs Guan_sound\Spixs Guan15.mp3,D:\other\Bird\Code\data\kaggle_training_wav_cache_sp\Spixs Guan_sound\Spixs Guan15.wav,converted,True,32000.0,1.0,23.648,782420,756736,1,0.9671736407556044,"[mp3 @ 00000198a14a56c0] Estimating duration from bitrate, this may be inaccurate
"
Spixs Guan_sound/Spixs Guan11,D:\other\Bird\Dataset\CC0\Spixs Guan_sound\Spixs Guan11.mp3,D:\other\Bird\Code\data\kaggle_training_wav_cache_sp\Spixs Guan_sound\Spixs Guan11.wav,converted,True,32000.0,1.0,89.376,5407556,2860032,184,0.5288954936389009,"[mp3 @ 00000232b9a056c0] Estimating duration from bitrate, this may be inaccurate
"
Spixs Guan_sound/Spixs Guan16,D:\other\Bird\Dataset\CC0\Spixs Guan_sound\Spixs Guan16.mp3,D:\other\Bird\Code\data\kaggle_training_wav_cache_sp\Spixs Guan_sound\Spixs Guan16.wav,converted,True,32000.0,1.0,30.048,1020657,961536,4,0.9420755454574847,"[mp3 @ 000001e4c12156c0] Estimating duration from bitrate, this may be inaccurate
"
Spixs Guan_sound/Spixs Guan17,D:\other\Bird\Dataset\CC0\Spixs Guan_sound\Spixs Guan17.mp3,D:\other\Bird\Code\data\kaggle_training_wav_cache_sp\Spixs Guan_sound\Spixs Guan17.wav,converted,True,32000.0,1.0,28.752,949604,920064,1,0.968892296157135,"[mp3 @ 00000292988156c0] Estimating duration from bitrate, this may be inaccurate
"
Spixs Guan_sound/Spixs Guan18,D:\other\Bird\Dataset\CC0\Spixs Guan_sound\Spixs Guan18.mp3,D:\other\Bird\Code\data\kaggle_training_wav_cache_sp\Spixs Guan_sound\Spixs Guan18.wav,converted,True,32000.0,1.0,46.352,1564713,1483264,20,0.9479463646048828,
Spixs Guan_sound/Spixs Guan2,D:\other\Bird\Dataset\CC0\Spixs Guan_sound\Spixs Guan2.mp3,D:\other\Bird\Code\data\kaggle_training_wav_cache_sp\Spixs Guan_sound\Spixs Guan2.wav,converted,True,32000.0,1.0,11.456,372096,366592,1,0.9852081183350533,"[mp3 @ 000001fa7b9a56c0] Estimating duration from bitrate, this may be inaccurate
"
Spixs Guan_sound/Spixs Guan20,D:\other\Bird\Dataset\CC0\Spixs Guan_sound\Spixs Guan20.mp3,D:\other\Bird\Code\data\kaggle_training_wav_cache_sp\Spixs Guan_sound\Spixs Guan20.wav,converted,True,32000.0,1.0,41.984,1804374,1343488,91,0.7445729100507987,
Spixs Guan_sound/Spixs Guan19,D:\other\Bird\Dataset\CC0\Spixs Guan_sound\Spixs Guan19.mp3,D:\other\Bird\Code\data\kaggle_training_wav_cache_sp\Spixs Guan_sound\Spixs Guan19.wav,converted,True,32000.0,1.0,133.488,4634112,4271616,96,0.9217765992707988,"[mp3 @ 00000190414856c0] Estimating duration from bitrate, this may be inaccurate
"
Spixs Guan_sound/Spixs Guan21,D:\other\Bird\Dataset\CC0\Spixs Guan_sound\Spixs Guan21.mp3,D:\other\Bird\Code\data\kaggle_training_wav_cache_sp\Spixs Guan_sound\Spixs Guan21.wav,converted,True,32000.0,1.0,41.984,1804374,1343488,91,0.7445729100507987,
Spixs Guan_sound/Spixs Guan22,D:\other\Bird\Dataset\CC0\Spixs Guan_sound\Spixs Guan22.mp3,D:\other\Bird\Code\data\kaggle_training_wav_cache_sp\Spixs Guan_sound\Spixs Guan22.wav,converted,True,32000.0,1.0,41.984,1804374,1343488,91,0.7445729100507987,
Spixs Guan_sound/Spixs Guan23,D:\other\Bird\Dataset\CC0\Spixs Guan_sound\Spixs Guan23.mp3,D:\other\Bird\Code\data\kaggle_training_wav_cache_sp\Spixs Guan_sound\Spixs Guan23.wav,converted,True,32000.0,1.0,25.68625,840904,821960,1,0.9774718636134446,
Spixs Guan_sound/Spixs Guan24,D:\other\Bird\Dataset\CC0\Spixs Guan_sound\Spixs Guan24.mp3,D:\other\Bird\Code\data\kaggle_training_wav_cache_sp\Spixs Guan_sound\Spixs Guan24.wav,converted,True,32000.0,1.0,31.994125,1024836,1023812,1,0.9990008157402746,"[mp3 @ 00000279e3c356c0] Estimating duration from bitrate, this may be inaccurate
"
Spixs Guan_sound/Spixs Guan25,D:\other\Bird\Dataset\CC0\Spixs Guan_sound\Spixs Guan25.mp3,D:\other\Bird\Code\data\kaggle_training_wav_cache_sp\Spixs Guan_sound\Spixs Guan25.wav,converted,True,32000.0,1.0,53.28034375,1736203,1704971,7,0.9820113201048495,"[mp3 @ 000001ec271256c0] Estimating duration from bitrate, this may be inaccurate
"
Spixs Guan_sound/Spixs Guan26,D:\other\Bird\Dataset\CC0\Spixs Guan_sound\Spixs Guan26.mp3,D:\other\Bird\Code\data\kaggle_training_wav_cache_sp\Spixs Guan_sound\Spixs Guan26.wav,converted,True,32000.0,1.0,49.67446875,1614159,1589583,2,0.9847747340875341,"[mp3 @ 000001b1a01a56c0] Estimating duration from bitrate, this may be inaccurate
"
Spixs Guan_sound/Spixs Guan27,D:\other\Bird\Dataset\CC0\Spixs Guan_sound\Spixs Guan27.mp3,D:\other\Bird\Code\data\kaggle_training_wav_cache_sp\Spixs Guan_sound\Spixs Guan27.wav,converted,True,32000.0,1.0,11.449,366368,366368,1,1.0,
Spixs Guan_sound/Spixs Guan29,D:\other\Bird\Dataset\CC0\Spixs Guan_sound\Spixs Guan29.mp3,D:\other\Bird\Code\data\kaggle_training_wav_cache_sp\Spixs Guan_sound\Spixs Guan29.wav,converted,True,32000.0,1.0,10.576,351038,338432,1,0.9640893578472985,
Spixs Guan_sound/Spixs Guan28,D:\other\Bird\Dataset\CC0\Spixs Guan_sound\Spixs Guan28.mp3,D:\other\Bird\Code\data\kaggle_training_wav_cache_sp\Spixs Guan_sound\Spixs Guan28.wav,converted,True,32000.0,1.0,41.296,1380154,1321472,1,0.9574815564060243,
Spixs Guan_sound/Spixs Guan3,D:\other\Bird\Dataset\CC0\Spixs Guan_sound\Spixs Guan3.mp3,D:\other\Bird\Code\data\kaggle_training_wav_cache_sp\Spixs Guan_sound\Spixs Guan3.wav,converted,True,32000.0,1.0,11.456,372096,366592,1,0.9852081183350533,"[mp3 @ 000001156fd056c0] Estimating duration from bitrate, this may be inaccurate
"
Spixs Guan_sound/Spixs Guan30,D:\other\Bird\Dataset\CC0\Spixs Guan_sound\Spixs Guan30.mp3,D:\other\Bird\Code\data\kaggle_training_wav_cache_sp\Spixs Guan_sound\Spixs Guan30.wav,converted,True,32000.0,1.0,16.5758125,535034,530426,1,0.9913874632266361,
Spixs Guan_sound/Spixs Guan4,D:\other\Bird\Dataset\CC0\Spixs Guan_sound\Spixs Guan4.mp3,D:\other\Bird\Code\data\kaggle_training_wav_cache_sp\Spixs Guan_sound\Spixs Guan4.wav,converted,True,32000.0,1.0,11.456,372096,366592,1,0.9852081183350533,"[mp3 @ 00000170dc6356c0] Estimating duration from bitrate, this may be inaccurate
"
Spixs Guan_sound/Spixs Guan31,D:\other\Bird\Dataset\CC0\Spixs Guan_sound\Spixs Guan31.mp3,D:\other\Bird\Code\data\kaggle_training_wav_cache_sp\Spixs Guan_sound\Spixs Guan31.wav,converted,True,32000.0,1.0,33.8088125,1081882,1081882,1,1.0,
Spixs Guan_sound/Spixs Guan5,D:\other\Bird\Dataset\CC0\Spixs Guan_sound\Spixs Guan5.mp3,D:\other\Bird\Code\data\kaggle_training_wav_cache_sp\Spixs Guan_sound\Spixs Guan5.wav,converted,True,32000.0,1.0,14.72590625,471229,471229,1,1.0,
Spixs Guan_sound/Spixs Guan6,D:\other\Bird\Dataset\CC0\Spixs Guan_sound\Spixs Guan6.mp3,D:\other\Bird\Code\data\kaggle_training_wav_cache_sp\Spixs Guan_sound\Spixs Guan6.wav,converted,True,32000.0,1.0,15.9200625,525314,509442,9,0.969785690082503,
Spixs Guan_sound/Spixs Guan7,D:\other\Bird\Dataset\CC0\Spixs Guan_sound\Spixs Guan7.mp3,D:\other\Bird\Code\data\kaggle_training_wav_cache_sp\Spixs Guan_sound\Spixs Guan7.wav,converted,True,32000.0,1.0,15.9200625,525314,509442,9,0.969785690082503,
Spixs Guan_sound/Spixs Guan8,D:\other\Bird\Dataset\CC0\Spixs Guan_sound\Spixs Guan8.mp3,D:\other\Bird\Code\data\kaggle_training_wav_cache_sp\Spixs Guan_sound\Spixs Guan8.wav,converted,True,32000.0,1.0,66.696,2134272,2134272,1,1.0,"[mp3 @ 0000020fd8f256c0] Estimating duration from bitrate, this may be inaccurate
"
Spixs Guan_sound/Spixs Guan9,D:\other\Bird\Dataset\CC0\Spixs Guan_sound\Spixs Guan9.mp3,D:\other\Bird\Code\data\kaggle_training_wav_cache_sp\Spixs Guan_sound\Spixs Guan9.wav,converted,True,32000.0,1.0,66.696,2134272,2134272,1,1.0,"[mp3 @ 0000022e109256c0] Estimating duration from bitrate, this may be inaccurate
"
Spotted Nothura_sound/Spotted Nothura10,D:\other\Bird\Dataset\CC0\Spotted Nothura_sound\Spotted Nothura10.mp3,D:\other\Bird\Code\data\kaggle_training_wav_cache_sp\Spotted Nothura_sound\Spotted Nothura10.wav,converted,True,32000.0,1.0,29.887,956384,956384,1,1.0,
Spotted Nothura_sound/Spotted Nothura11,D:\other\Bird\Dataset\CC0\Spotted Nothura_sound\Spotted Nothura11.mp3,D:\other\Bird\Code\data\kaggle_training_wav_cache_sp\Spotted Nothura_sound\Spotted Nothura11.wav,converted,True,32000.0,1.0,29.887,956384,956384,1,1.0,
Spotted Nothura_sound/Spotted Nothura12,D:\other\Bird\Dataset\CC0\Spotted Nothura_sound\Spotted Nothura12.mp3,D:\other\Bird\Code\data\kaggle_training_wav_cache_sp\Spotted Nothura_sound\Spotted Nothura12.wav,converted,True,32000.0,1.0,29.887,956384,956384,1,1.0,
Spotted Nothura_sound/Spotted Nothura13,D:\other\Bird\Dataset\CC0\Spotted Nothura_sound\Spotted Nothura13.mp3,D:\other\Bird\Code\data\kaggle_training_wav_cache_sp\Spotted Nothura_sound\Spotted Nothura13.wav,converted,True,32000.0,1.0,29.887,956384,956384,1,1.0,
Spotted Nothura_sound/Spotted Nothura14,D:\other\Bird\Dataset\CC0\Spotted Nothura_sound\Spotted Nothura14.mp3,D:\other\Bird\Code\data\kaggle_training_wav_cache_sp\Spotted Nothura_sound\Spotted Nothura14.wav,converted,True,32000.0,1.0,29.887,956384,956384,1,1.0,
Spotted Nothura_sound/Spotted Nothura15,D:\other\Bird\Dataset\CC0\Spotted Nothura_sound\Spotted Nothura15.mp3,D:\other\Bird\Code\data\kaggle_training_wav_cache_sp\Spotted Nothura_sound\Spotted Nothura15.wav,converted,True,32000.0,1.0,29.887,956384,956384,1,1.0,
Spotted Nothura_sound/Spotted Nothura16,D:\other\Bird\Dataset\CC0\Spotted Nothura_sound\Spotted Nothura16.mp3,D:\other\Bird\Code\data\kaggle_training_wav_cache_sp\Spotted Nothura_sound\Spotted Nothura16.wav,converted,True,32000.0,1.0,6.81021875,321863,217927,13,0.6770799998757235,
Spotted Nothura_sound/Spotted Nothura18,D:\other\Bird\Dataset\CC0\Spotted Nothura_sound\Spotted Nothura18.mp3,D:\other\Bird\Code\data\kaggle_training_wav_cache_sp\Spotted Nothura_sound\Spotted Nothura18.wav,too_short_after_preprocess,,,,2.336,132551,74752,10,0.5639489705849069,
Spotted Nothura_sound/Spotted Nothura17,D:\other\Bird\Dataset\CC0\Spotted Nothura_sound\Spotted Nothura17.mp3,D:\other\Bird\Code\data\kaggle_training_wav_cache_sp\Spotted Nothura_sound\Spotted Nothura17.wav,converted,True,32000.0,1.0,6.81021875,321863,217927,13,0.6770799998757235,
Spotted Nothura_sound/Spotted Nothura19,D:\other\Bird\Dataset\CC0\Spotted Nothura_sound\Spotted Nothura19.mp3,D:\other\Bird\Code\data\kaggle_training_wav_cache_sp\Spotted Nothura_sound\Spotted Nothura19.wav,converted,True,32000.0,1.0,6.96,589971,222720,36,0.37751008100398153,
Spotted Nothura_sound/Spotted Nothura20,D:\other\Bird\Dataset\CC0\Spotted Nothura_sound\Spotted Nothura20.mp3,D:\other\Bird\Code\data\kaggle_training_wav_cache_sp\Spotted Nothura_sound\Spotted Nothura20.wav,converted,True,32000.0,1.0,6.96,589971,222720,36,0.37751008100398153,
Spotted Nothura_sound/Spotted Nothura2,D:\other\Bird\Dataset\CC0\Spotted Nothura_sound\Spotted Nothura2.mp3,D:\other\Bird\Code\data\kaggle_training_wav_cache_sp\Spotted Nothura_sound\Spotted Nothura2.wav,converted,True,32000.0,1.0,37.312,1754593,1193984,109,0.680490575307208,"[mp3 @ 0000025254d756c0] Estimating duration from bitrate, this may be inaccurate
"
Spotted Nothura_sound/Spotted Nothura21,D:\other\Bird\Dataset\CC0\Spotted Nothura_sound\Spotted Nothura21.mp3,D:\other\Bird\Code\data\kaggle_training_wav_cache_sp\Spotted Nothura_sound\Spotted Nothura21.wav,converted,True,32000.0,1.0,6.96,589971,222720,36,0.37751008100398153,
Spotted Nothura_sound/Spotted Nothura22,D:\other\Bird\Dataset\CC0\Spotted Nothura_sound\Spotted Nothura22.mp3,D:\other\Bird\Code\data\kaggle_training_wav_cache_sp\Spotted Nothura_sound\Spotted Nothura22.wav,converted,True,32000.0,1.0,6.96,589971,222720,36,0.37751008100398153,
Spotted Nothura_sound/Spotted Nothura23,D:\other\Bird\Dataset\CC0\Spotted Nothura_sound\Spotted Nothura23.mp3,D:\other\Bird\Code\data\kaggle_training_wav_cache_sp\Spotted Nothura_sound\Spotted Nothura23.wav,converted,True,32000.0,1.0,6.96,589971,222720,36,0.37751008100398153,
Spotted Nothura_sound/Spotted Nothura24,D:\other\Bird\Dataset\CC0\Spotted Nothura_sound\Spotted Nothura24.mp3,D:\other\Bird\Code\data\kaggle_training_wav_cache_sp\Spotted Nothura_sound\Spotted Nothura24.wav,converted,True,32000.0,1.0,28.808,973056,921856,2,0.9473822678242568,"[mp3 @ 0000027ede6756c0] Estimating duration from bitrate, this may be inaccurate
"
Spotted Nothura_sound/Spotted Nothura25,D:\other\Bird\Dataset\CC0\Spotted Nothura_sound\Spotted Nothura25.mp3,D:\other\Bird\Code\data\kaggle_training_wav_cache_sp\Spotted Nothura_sound\Spotted Nothura25.wav,converted,True,32000.0,1.0,28.808,973056,921856,2,0.9473822678242568,"[mp3 @ 000001da3ca856c0] Estimating duration from bitrate, this may be inaccurate
"
Spotted Nothura_sound/Spotted Nothura26,D:\other\Bird\Dataset\CC0\Spotted Nothura_sound\Spotted Nothura26.mp3,D:\other\Bird\Code\data\kaggle_training_wav_cache_sp\Spotted Nothura_sound\Spotted Nothura26.wav,converted,True,32000.0,1.0,27.392,878551,876544,1,0.9977155566381463,"[mp3 @ 000001931e2b56c0] Estimating duration from bitrate, this may be inaccurate
"
Spotted Nothura_sound/Spotted Nothura27,D:\other\Bird\Dataset\CC0\Spotted Nothura_sound\Spotted Nothura27.mp3,D:\other\Bird\Code\data\kaggle_training_wav_cache_sp\Spotted Nothura_sound\Spotted Nothura27.wav,converted,True,32000.0,1.0,10.77409375,344771,344771,1,1.0,
Spotted Nothura_sound/Spotted Nothura28,D:\other\Bird\Dataset\CC0\Spotted Nothura_sound\Spotted Nothura28.mp3,D:\other\Bird\Code\data\kaggle_training_wav_cache_sp\Spotted Nothura_sound\Spotted Nothura28.wav,converted,True,32000.0,1.0,184.752,6026972,5912064,72,0.9809343730151725,"[mp3 @ 00000184a8ee56c0] Estimating duration from bitrate, this may be inaccurate
"
Spotted Nothura_sound/Spotted Nothura29,D:\other\Bird\Dataset\CC0\Spotted Nothura_sound\Spotted Nothura29.mp3,D:\other\Bird\Code\data\kaggle_training_wav_cache_sp\Spotted Nothura_sound\Spotted Nothura29.wav,converted,True,32000.0,1.0,184.752,6026972,5912064,72,0.9809343730151725,"[mp3 @ 0000020cc98756c0] Estimating duration from bitrate, this may be inaccurate
"
Spotted Nothura_sound/Spotted Nothura3,D:\other\Bird\Dataset\CC0\Spotted Nothura_sound\Spotted Nothura3.mp3,D:\other\Bird\Code\data\kaggle_training_wav_cache_sp\Spotted Nothura_sound\Spotted Nothura3.wav,converted,True,32000.0,1.0,11.744,388224,375808,5,0.968018463567425,"[mp3 @ 00000207872356c0] Estimating duration from bitrate, this may be inaccurate
"
Spotted Nothura_sound/Spotted Nothura30,D:\other\Bird\Dataset\CC0\Spotted Nothura_sound\Spotted Nothura30.mp3,D:\other\Bird\Code\data\kaggle_training_wav_cache_sp\Spotted Nothura_sound\Spotted Nothura30.wav,converted,True,32000.0,1.0,184.752,6026972,5912064,72,0.9809343730151725,"[mp3 @ 00000200a17e56c0] Estimating duration from bitrate, this may be inaccurate
"
Spotted Nothura_sound/Spotted Nothura31,D:\other\Bird\Dataset\CC0\Spotted Nothura_sound\Spotted Nothura31.mp3,D:\other\Bird\Code\data\kaggle_training_wav_cache_sp\Spotted Nothura_sound\Spotted Nothura31.wav,converted,True,32000.0,1.0,184.752,6026972,5912064,72,0.9809343730151725,"[mp3 @ 000002842bb656c0] Estimating duration from bitrate, this may be inaccurate
"
Spotted Nothura_sound/Spotted Nothura4,D:\other\Bird\Dataset\CC0\Spotted Nothura_sound\Spotted Nothura4.mp3,D:\other\Bird\Code\data\kaggle_training_wav_cache_sp\Spotted Nothura_sound\Spotted Nothura4.wav,converted,True,32000.0,1.0,11.744,388224,375808,5,0.968018463567425,"[mp3 @ 000001cecdac56c0] Estimating duration from bitrate, this may be inaccurate
"
Spotted Nothura_sound/Spotted Nothura5,D:\other\Bird\Dataset\CC0\Spotted Nothura_sound\Spotted Nothura5.mp3,D:\other\Bird\Code\data\kaggle_training_wav_cache_sp\Spotted Nothura_sound\Spotted Nothura5.wav,converted,True,32000.0,1.0,16.694,583360,534208,12,0.915743280307186,
Spotted Nothura_sound/Spotted Nothura6,D:\other\Bird\Dataset\CC0\Spotted Nothura_sound\Spotted Nothura6.mp3,D:\other\Bird\Code\data\kaggle_training_wav_cache_sp\Spotted Nothura_sound\Spotted Nothura6.wav,converted,True,32000.0,1.0,16.694,583360,534208,12,0.915743280307186,
Spotted Nothura_sound/Spotted Nothura7,D:\other\Bird\Dataset\CC0\Spotted Nothura_sound\Spotted Nothura7.mp3,D:\other\Bird\Code\data\kaggle_training_wav_cache_sp\Spotted Nothura_sound\Spotted Nothura7.wav,converted,True,32000.0,1.0,8.224,651883,263168,57,0.4037043457184802,
Spotted Nothura_sound/Spotted Nothura8,D:\other\Bird\Dataset\CC0\Spotted Nothura_sound\Spotted Nothura8.mp3,D:\other\Bird\Code\data\kaggle_training_wav_cache_sp\Spotted Nothura_sound\Spotted Nothura8.wav,converted,True,32000.0,1.0,8.224,651883,263168,57,0.4037043457184802,
Spotted Nothura_sound/Spotted Nothura9,D:\other\Bird\Dataset\CC0\Spotted Nothura_sound\Spotted Nothura9.mp3,D:\other\Bird\Code\data\kaggle_training_wav_cache_sp\Spotted Nothura_sound\Spotted Nothura9.wav,converted,True,32000.0,1.0,29.887,956384,956384,1,1.0,
Sula Megapode_sound/Sula Megapode3,D:\other\Bird\Dataset\CC0\Sula Megapode_sound\Sula Megapode3.mp3,D:\other\Bird\Code\data\kaggle_training_wav_cache_sp\Sula Megapode_sound\Sula Megapode3.wav,converted,True,32000.0,1.0,7.1575625,229042,229042,1,1.0,"[mp3 @ 000001e361ab56c0] Estimating duration from bitrate, this may be inaccurate
"
Sula Megapode_sound/Sula Megapode4,D:\other\Bird\Dataset\CC0\Sula Megapode_sound\Sula Megapode4.mp3,D:\other\Bird\Code\data\kaggle_training_wav_cache_sp\Sula Megapode_sound\Sula Megapode4.wav,converted,True,32000.0,1.0,8.80328125,281705,281705,1,1.0,"[mp3 @ 0000027a1b3456c0] Estimating duration from bitrate, this may be inaccurate
"
Sula Megapode_sound/Sula Megapode2,D:\other\Bird\Dataset\CC0\Sula Megapode_sound\Sula Megapode2.mp3,D:\other\Bird\Code\data\kaggle_training_wav_cache_sp\Sula Megapode_sound\Sula Megapode2.wav,converted,True,32000.0,1.0,21.776,2909184,696832,38,0.239528335093277,"[mp3 @ 000001f5f59156c0] Estimating duration from bitrate, this may be inaccurate
"
Sula Megapode_sound/Sula Megapode6,D:\other\Bird\Dataset\CC0\Sula Megapode_sound\Sula Megapode6.mp3,D:\other\Bird\Code\data\kaggle_training_wav_cache_sp\Sula Megapode_sound\Sula Megapode6.wav,converted,True,32000.0,1.0,26.784,857653,857088,1,0.9993412254140077,"[mp3 @ 0000020e517c56c0] Estimating duration from bitrate, this may be inaccurate
"
Sula Megapode_sound/Sula Megapode5,D:\other\Bird\Dataset\CC0\Sula Megapode_sound\Sula Megapode5.mp3,D:\other\Bird\Code\data\kaggle_training_wav_cache_sp\Sula Megapode_sound\Sula Megapode5.wav,converted,True,32000.0,1.0,57.887375,1852396,1852396,1,1.0,"[mp3 @ 000001a0078f56c0] Estimating duration from bitrate, this may be inaccurate
"
Taczanowskis Tinamou_sound/Taczanowskis Tinamou2,D:\other\Bird\Dataset\CC0\Taczanowskis Tinamou_sound\Taczanowskis Tinamou2.mp3,D:\other\Bird\Code\data\kaggle_training_wav_cache_sp\Taczanowskis Tinamou_sound\Taczanowskis Tinamou2.wav,converted,True,32000.0,1.0,11.46778125,366969,366969,1,1.0,"[mp3 @ 0000026e115056c0] Estimating duration from bitrate, this may be inaccurate
"
Taczanowskis Tinamou_sound/Taczanowskis Tinamou4,D:\other\Bird\Dataset\CC0\Taczanowskis Tinamou_sound\Taczanowskis Tinamou4.mp3,D:\other\Bird\Code\data\kaggle_training_wav_cache_sp\Taczanowskis Tinamou_sound\Taczanowskis Tinamou4.wav,converted,True,32000.0,1.0,31.024,1001431,992768,1,0.9913493790385958,"[mp3 @ 000001ab8ceb56c0] Estimating duration from bitrate, this may be inaccurate
"
Taczanowskis Tinamou_sound/Taczanowskis Tinamou3,D:\other\Bird\Dataset\CC0\Taczanowskis Tinamou_sound\Taczanowskis Tinamou3.mp3,D:\other\Bird\Code\data\kaggle_training_wav_cache_sp\Taczanowskis Tinamou_sound\Taczanowskis Tinamou3.wav,converted,True,32000.0,1.0,58.72,1919269,1879040,1,0.9790394155274743,"[mp3 @ 000001a94abe56c0] Estimating duration from bitrate, this may be inaccurate
"
Taczanowskis Tinamou_sound/Taczanowskis Tinamou5,D:\other\Bird\Dataset\CC0\Taczanowskis Tinamou_sound\Taczanowskis Tinamou5.mp3,D:\other\Bird\Code\data\kaggle_training_wav_cache_sp\Taczanowskis Tinamou_sound\Taczanowskis Tinamou5.wav,too_short_after_preprocess,,,,1.04,33792,33280,1,0.9848484848484849,
Taczanowskis Tinamou_sound/Taczanowskis Tinamou6,D:\other\Bird\Dataset\CC0\Taczanowskis Tinamou_sound\Taczanowskis Tinamou6.mp3,D:\other\Bird\Code\data\kaggle_training_wav_cache_sp\Taczanowskis Tinamou_sound\Taczanowskis Tinamou6.wav,too_short_after_preprocess,,,,1.04,33792,33280,1,0.9848484848484849,
Taczanowskis Tinamou_sound/Taczanowskis Tinamou7,D:\other\Bird\Dataset\CC0\Taczanowskis Tinamou_sound\Taczanowskis Tinamou7.mp3,D:\other\Bird\Code\data\kaggle_training_wav_cache_sp\Taczanowskis Tinamou_sound\Taczanowskis Tinamou7.wav,converted,True,32000.0,1.0,10.22825,329352,327304,2,0.9937817289708276,"[mp3 @ 0000012199ae56c0] Estimating duration from bitrate, this may be inaccurate
"
Tataupa Tinamou_sound/Tataupa Tinamou10,D:\other\Bird\Dataset\CC0\Tataupa Tinamou_sound\Tataupa Tinamou10.mp3,D:\other\Bird\Code\data\kaggle_training_wav_cache_sp\Tataupa Tinamou_sound\Tataupa Tinamou10.wav,converted,True,32000.0,1.0,17.008,640581,544256,5,0.8496286964490048,
Taczanowskis Tinamou_sound/Taczanowskis Tinamou8,D:\other\Bird\Dataset\CC0\Taczanowskis Tinamou_sound\Taczanowskis Tinamou8.mp3,D:\other\Bird\Code\data\kaggle_training_wav_cache_sp\Taczanowskis Tinamou_sound\Taczanowskis Tinamou8.wav,converted,True,32000.0,1.0,50.155125,1604964,1604964,1,1.0,"[mp3 @ 00000263de7756c0] Estimating duration from bitrate, this may be inaccurate
"
Tataupa Tinamou_sound/Tataupa Tinamou11,D:\other\Bird\Dataset\CC0\Tataupa Tinamou_sound\Tataupa Tinamou11.mp3,D:\other\Bird\Code\data\kaggle_training_wav_cache_sp\Tataupa Tinamou_sound\Tataupa Tinamou11.wav,converted,True,32000.0,1.0,17.008,640581,544256,5,0.8496286964490048,
Tataupa Tinamou_sound/Tataupa Tinamou12,D:\other\Bird\Dataset\CC0\Tataupa Tinamou_sound\Tataupa Tinamou12.mp3,D:\other\Bird\Code\data\kaggle_training_wav_cache_sp\Tataupa Tinamou_sound\Tataupa Tinamou12.wav,converted,True,32000.0,1.0,17.008,640581,544256,5,0.8496286964490048,
Tataupa Tinamou_sound/Tataupa Tinamou13,D:\other\Bird\Dataset\CC0\Tataupa Tinamou_sound\Tataupa Tinamou13.mp3,D:\other\Bird\Code\data\kaggle_training_wav_cache_sp\Tataupa Tinamou_sound\Tataupa Tinamou13.wav,converted,True,32000.0,1.0,17.008,640581,544256,5,0.8496286964490048,
Tataupa Tinamou_sound/Tataupa Tinamou14,D:\other\Bird\Dataset\CC0\Tataupa Tinamou_sound\Tataupa Tinamou14.mp3,D:\other\Bird\Code\data\kaggle_training_wav_cache_sp\Tataupa Tinamou_sound\Tataupa Tinamou14.wav,converted,True,32000.0,1.0,17.008,640581,544256,5,0.8496286964490048,
Tataupa Tinamou_sound/Tataupa Tinamou15,D:\other\Bird\Dataset\CC0\Tataupa Tinamou_sound\Tataupa Tinamou15.mp3,D:\other\Bird\Code\data\kaggle_training_wav_cache_sp\Tataupa Tinamou_sound\Tataupa Tinamou15.wav,converted,True,32000.0,1.0,6.368,640736,203776,10,0.31803426060030965,
Tataupa Tinamou_sound/Tataupa Tinamou16,D:\other\Bird\Dataset\CC0\Tataupa Tinamou_sound\Tataupa Tinamou16.mp3,D:\other\Bird\Code\data\kaggle_training_wav_cache_sp\Tataupa Tinamou_sound\Tataupa Tinamou16.wav,converted,True,32000.0,1.0,6.368,640736,203776,10,0.31803426060030965,
Tataupa Tinamou_sound/Tataupa Tinamou17,D:\other\Bird\Dataset\CC0\Tataupa Tinamou_sound\Tataupa Tinamou17.mp3,D:\other\Bird\Code\data\kaggle_training_wav_cache_sp\Tataupa Tinamou_sound\Tataupa Tinamou17.wav,converted,True,32000.0,1.0,6.368,640736,203776,10,0.31803426060030965,
Tataupa Tinamou_sound/Tataupa Tinamou18,D:\other\Bird\Dataset\CC0\Tataupa Tinamou_sound\Tataupa Tinamou18.mp3,D:\other\Bird\Code\data\kaggle_training_wav_cache_sp\Tataupa Tinamou_sound\Tataupa Tinamou18.wav,converted,True,32000.0,1.0,6.368,640736,203776,10,0.31803426060030965,
Tataupa Tinamou_sound/Tataupa Tinamou19,D:\other\Bird\Dataset\CC0\Tataupa Tinamou_sound\Tataupa Tinamou19.mp3,D:\other\Bird\Code\data\kaggle_training_wav_cache_sp\Tataupa Tinamou_sound\Tataupa Tinamou19.wav,converted,True,32000.0,1.0,6.368,640736,203776,10,0.31803426060030965,
Tataupa Tinamou_sound/Tataupa Tinamou20,D:\other\Bird\Dataset\CC0\Tataupa Tinamou_sound\Tataupa Tinamou20.mp3,D:\other\Bird\Code\data\kaggle_training_wav_cache_sp\Tataupa Tinamou_sound\Tataupa Tinamou20.wav,too_short_after_preprocess,,,,3.424,425228,109568,8,0.2576688270762979,
Tataupa Tinamou_sound/Tataupa Tinamou2,D:\other\Bird\Dataset\CC0\Tataupa Tinamou_sound\Tataupa Tinamou2.mp3,D:\other\Bird\Code\data\kaggle_training_wav_cache_sp\Tataupa Tinamou_sound\Tataupa Tinamou2.wav,converted,True,32000.0,1.0,33.33040625,1072205,1066573,1,0.9947472731427293,
Tataupa Tinamou_sound/Tataupa Tinamou22,D:\other\Bird\Dataset\CC0\Tataupa Tinamou_sound\Tataupa Tinamou22.mp3,D:\other\Bird\Code\data\kaggle_training_wav_cache_sp\Tataupa Tinamou_sound\Tataupa Tinamou22.wav,converted,True,32000.0,1.0,68.336,2186763,2186752,1,0.9999949697338029,"[mp3 @ 0000024d3aac56c0] Estimating duration from bitrate, this may be inaccurate
"
Tataupa Tinamou_sound/Tataupa Tinamou21,D:\other\Bird\Dataset\CC0\Tataupa Tinamou_sound\Tataupa Tinamou21.mp3,D:\other\Bird\Code\data\kaggle_training_wav_cache_sp\Tataupa Tinamou_sound\Tataupa Tinamou21.wav,converted,True,32000.0,1.0,130.08,4193803,4162560,28,0.9925501984714112,"[mp3 @ 0000018b693b56c0] Estimating duration from bitrate, this may be inaccurate
"
Tataupa Tinamou_sound/Tataupa Tinamou23,D:\other\Bird\Dataset\CC0\Tataupa Tinamou_sound\Tataupa Tinamou23.mp3,D:\other\Bird\Code\data\kaggle_training_wav_cache_sp\Tataupa Tinamou_sound\Tataupa Tinamou23.wav,converted,True,32000.0,1.0,68.336,2186763,2186752,1,0.9999949697338029,"[mp3 @ 0000019b09e056c0] Estimating duration from bitrate, this may be inaccurate
"
Tataupa Tinamou_sound/Tataupa Tinamou24,D:\other\Bird\Dataset\CC0\Tataupa Tinamou_sound\Tataupa Tinamou24.mp3,D:\other\Bird\Code\data\kaggle_training_wav_cache_sp\Tataupa Tinamou_sound\Tataupa Tinamou24.wav,converted,True,32000.0,1.0,68.336,2186763,2186752,1,0.9999949697338029,"[mp3 @ 000001cf6c1356c0] Estimating duration from bitrate, this may be inaccurate
"
Tataupa Tinamou_sound/Tataupa Tinamou26,D:\other\Bird\Dataset\CC0\Tataupa Tinamou_sound\Tataupa Tinamou26.mp3,D:\other\Bird\Code\data\kaggle_training_wav_cache_sp\Tataupa Tinamou_sound\Tataupa Tinamou26.wav,too_short_after_preprocess,,,,3.552,129792,113664,9,0.8757396449704142,
Tataupa Tinamou_sound/Tataupa Tinamou25,D:\other\Bird\Dataset\CC0\Tataupa Tinamou_sound\Tataupa Tinamou25.mp3,D:\other\Bird\Code\data\kaggle_training_wav_cache_sp\Tataupa Tinamou_sound\Tataupa Tinamou25.wav,converted,True,32000.0,1.0,16.992,2046763,543744,56,0.2656604599555493,
Tataupa Tinamou_sound/Tataupa Tinamou28,D:\other\Bird\Dataset\CC0\Tataupa Tinamou_sound\Tataupa Tinamou28.mp3,D:\other\Bird\Code\data\kaggle_training_wav_cache_sp\Tataupa Tinamou_sound\Tataupa Tinamou28.wav,converted,True,32000.0,1.0,18.848,664320,603136,18,0.9078998073217727,"[mp3 @ 000001f133ab56c0] Estimating duration from bitrate, this may be inaccurate
"
Tataupa Tinamou_sound/Tataupa Tinamou27,D:\other\Bird\Dataset\CC0\Tataupa Tinamou_sound\Tataupa Tinamou27.mp3,D:\other\Bird\Code\data\kaggle_training_wav_cache_sp\Tataupa Tinamou_sound\Tataupa Tinamou27.wav,converted,True,32000.0,1.0,26.64,967158,852480,39,0.8814278535668423,"[mp3 @ 0000016ed8fc56c0] Estimating duration from bitrate, this may be inaccurate
"
Tataupa Tinamou_sound/Tataupa Tinamou29,D:\other\Bird\Dataset\CC0\Tataupa Tinamou_sound\Tataupa Tinamou29.mp3,D:\other\Bird\Code\data\kaggle_training_wav_cache_sp\Tataupa Tinamou_sound\Tataupa Tinamou29.wav,converted,True,32000.0,1.0,18.848,664320,603136,18,0.9078998073217727,"[mp3 @ 000001f18a6f56c0] Estimating duration from bitrate, this may be inaccurate
"
Tataupa Tinamou_sound/Tataupa Tinamou30,D:\other\Bird\Dataset\CC0\Tataupa Tinamou_sound\Tataupa Tinamou30.mp3,D:\other\Bird\Code\data\kaggle_training_wav_cache_sp\Tataupa Tinamou_sound\Tataupa Tinamou30.wav,converted,True,32000.0,1.0,8.576,316814,274432,4,0.8662243461463193,"[mp3 @ 0000028eec8756c0] Estimating duration from bitrate, this may be inaccurate
"
Tataupa Tinamou_sound/Tataupa Tinamou3,D:\other\Bird\Dataset\CC0\Tataupa Tinamou_sound\Tataupa Tinamou3.mp3,D:\other\Bird\Code\data\kaggle_training_wav_cache_sp\Tataupa Tinamou_sound\Tataupa Tinamou3.wav,converted,True,32000.0,1.0,66.648,2146560,2132736,16,0.9935599284436494,"[mp3 @ 000001a20c2e56c0] Estimating duration from bitrate, this may be inaccurate
"
Tataupa Tinamou_sound/Tataupa Tinamou31,D:\other\Bird\Dataset\CC0\Tataupa Tinamou_sound\Tataupa Tinamou31.mp3,D:\other\Bird\Code\data\kaggle_training_wav_cache_sp\Tataupa Tinamou_sound\Tataupa Tinamou31.wav,converted,True,32000.0,1.0,41.024,1387625,1312768,2,0.9460538690208089,"[mp3 @ 000001d65ce156c0] Estimating duration from bitrate, this may be inaccurate
"
Tataupa Tinamou_sound/Tataupa Tinamou4,D:\other\Bird\Dataset\CC0\Tataupa Tinamou_sound\Tataupa Tinamou4.mp3,D:\other\Bird\Code\data\kaggle_training_wav_cache_sp\Tataupa Tinamou_sound\Tataupa Tinamou4.wav,converted,True,32000.0,1.0,66.648,2146560,2132736,16,0.9935599284436494,"[mp3 @ 000001f36f7c56c0] Estimating duration from bitrate, this may be inaccurate
"
Tataupa Tinamou_sound/Tataupa Tinamou5,D:\other\Bird\Dataset\CC0\Tataupa Tinamou_sound\Tataupa Tinamou5.mp3,D:\other\Bird\Code\data\kaggle_training_wav_cache_sp\Tataupa Tinamou_sound\Tataupa Tinamou5.wav,converted,True,32000.0,1.0,66.648,2146560,2132736,16,0.9935599284436494,"[mp3 @ 0000027fe60f56c0] Estimating duration from bitrate, this may be inaccurate
"
Tataupa Tinamou_sound/Tataupa Tinamou6,D:\other\Bird\Dataset\CC0\Tataupa Tinamou_sound\Tataupa Tinamou6.mp3,D:\other\Bird\Code\data\kaggle_training_wav_cache_sp\Tataupa Tinamou_sound\Tataupa Tinamou6.wav,converted,True,32000.0,1.0,17.008,640581,544256,5,0.8496286964490048,
Tataupa Tinamou_sound/Tataupa Tinamou7,D:\other\Bird\Dataset\CC0\Tataupa Tinamou_sound\Tataupa Tinamou7.mp3,D:\other\Bird\Code\data\kaggle_training_wav_cache_sp\Tataupa Tinamou_sound\Tataupa Tinamou7.wav,converted,True,32000.0,1.0,17.008,640581,544256,5,0.8496286964490048,
Tataupa Tinamou_sound/Tataupa Tinamou8,D:\other\Bird\Dataset\CC0\Tataupa Tinamou_sound\Tataupa Tinamou8.mp3,D:\other\Bird\Code\data\kaggle_training_wav_cache_sp\Tataupa Tinamou_sound\Tataupa Tinamou8.wav,converted,True,32000.0,1.0,17.008,640581,544256,5,0.8496286964490048,
Tataupa Tinamou_sound/Tataupa Tinamou9,D:\other\Bird\Dataset\CC0\Tataupa Tinamou_sound\Tataupa Tinamou9.mp3,D:\other\Bird\Code\data\kaggle_training_wav_cache_sp\Tataupa Tinamou_sound\Tataupa Tinamou9.wav,converted,True,32000.0,1.0,17.008,640581,544256,5,0.8496286964490048,
Tawny-breasted Tinamou_sound/Tawny-breasted Tinamou10,D:\other\Bird\Dataset\CC0\Tawny-breasted Tinamou_sound\Tawny-breasted Tinamou10.mp3,D:\other\Bird\Code\data\kaggle_training_wav_cache_sp\Tawny-breasted Tinamou_sound\Tawny-breasted Tinamou10.wav,converted,True,32000.0,1.0,15.744,1115952,503808,60,0.4514602778614134,"[mp3 @ 000002398c0756c0] Estimating duration from bitrate, this may be inaccurate
"
Tawny-breasted Tinamou_sound/Tawny-breasted Tinamou11,D:\other\Bird\Dataset\CC0\Tawny-breasted Tinamou_sound\Tawny-breasted Tinamou11.mp3,D:\other\Bird\Code\data\kaggle_training_wav_cache_sp\Tawny-breasted Tinamou_sound\Tawny-breasted Tinamou11.wav,converted,True,32000.0,1.0,93.968,3477140,3006976,218,0.8647842767331773,
Tawny-breasted Tinamou_sound/Tawny-breasted Tinamou12,D:\other\Bird\Dataset\CC0\Tawny-breasted Tinamou_sound\Tawny-breasted Tinamou12.mp3,D:\other\Bird\Code\data\kaggle_training_wav_cache_sp\Tawny-breasted Tinamou_sound\Tawny-breasted Tinamou12.wav,converted,True,32000.0,1.0,93.968,3477140,3006976,218,0.8647842767331773,
Tawny-breasted Tinamou_sound/Tawny-breasted Tinamou14,D:\other\Bird\Dataset\CC0\Tawny-breasted Tinamou_sound\Tawny-breasted Tinamou14.mp3,D:\other\Bird\Code\data\kaggle_training_wav_cache_sp\Tawny-breasted Tinamou_sound\Tawny-breasted Tinamou14.wav,converted,True,32000.0,1.0,37.808,3119648,1209856,102,0.3878181128127276,"[mp3 @ 00000201a3d056c0] Estimating duration from bitrate, this may be inaccurate
"
Tawny-breasted Tinamou_sound/Tawny-breasted Tinamou13,D:\other\Bird\Dataset\CC0\Tawny-breasted Tinamou_sound\Tawny-breasted Tinamou13.mp3,D:\other\Bird\Code\data\kaggle_training_wav_cache_sp\Tawny-breasted Tinamou_sound\Tawny-breasted Tinamou13.wav,converted,True,32000.0,1.0,93.968,3477140,3006976,218,0.8647842767331773,
Tawny-breasted Tinamou_sound/Tawny-breasted Tinamou16,D:\other\Bird\Dataset\CC0\Tawny-breasted Tinamou_sound\Tawny-breasted Tinamou16.mp3,D:\other\Bird\Code\data\kaggle_training_wav_cache_sp\Tawny-breasted Tinamou_sound\Tawny-breasted Tinamou16.wav,converted,True,32000.0,1.0,39.504,1294002,1264128,3,0.9769134823593781,"[mp3 @ 0000027db09156c0] Estimating duration from bitrate, this may be inaccurate
"
Tawny-breasted Tinamou_sound/Tawny-breasted Tinamou15,D:\other\Bird\Dataset\CC0\Tawny-breasted Tinamou_sound\Tawny-breasted Tinamou15.mp3,D:\other\Bird\Code\data\kaggle_training_wav_cache_sp\Tawny-breasted Tinamou_sound\Tawny-breasted Tinamou15.wav,converted,True,32000.0,1.0,37.808,3119648,1209856,102,0.3878181128127276,"[mp3 @ 000001ae776f56c0] Estimating duration from bitrate, this may be inaccurate
"
Tawny-breasted Tinamou_sound/Tawny-breasted Tinamou17,D:\other\Bird\Dataset\CC0\Tawny-breasted Tinamou_sound\Tawny-breasted Tinamou17.mp3,D:\other\Bird\Code\data\kaggle_training_wav_cache_sp\Tawny-breasted Tinamou_sound\Tawny-breasted Tinamou17.wav,converted,True,32000.0,1.0,38.816,1294002,1242112,1,0.9598995983004663,"[mp3 @ 0000022f67ae56c0] Estimating duration from bitrate, this may be inaccurate
"
Tawny-breasted Tinamou_sound/Tawny-breasted Tinamou18,D:\other\Bird\Dataset\CC0\Tawny-breasted Tinamou_sound\Tawny-breasted Tinamou18.mp3,D:\other\Bird\Code\data\kaggle_training_wav_cache_sp\Tawny-breasted Tinamou_sound\Tawny-breasted Tinamou18.wav,converted,True,32000.0,1.0,22.64,742296,724480,1,0.975998792934355,"[mp3 @ 0000021e321f56c0] Estimating duration from bitrate, this may be inaccurate
"
Tawny-breasted Tinamou_sound/Tawny-breasted Tinamou2,D:\other\Bird\Dataset\CC0\Tawny-breasted Tinamou_sound\Tawny-breasted Tinamou2.mp3,D:\other\Bird\Code\data\kaggle_training_wav_cache_sp\Tawny-breasted Tinamou_sound\Tawny-breasted Tinamou2.wav,converted,True,32000.0,1.0,14.20265625,973653,454485,42,0.466783340676812,"Guessed Channel Layout for Input Stream #0.0 : stereo
"
Tawny-breasted Tinamou_sound/Tawny-breasted Tinamou19,D:\other\Bird\Dataset\CC0\Tawny-breasted Tinamou_sound\Tawny-breasted Tinamou19.mp3,D:\other\Bird\Code\data\kaggle_training_wav_cache_sp\Tawny-breasted Tinamou_sound\Tawny-breasted Tinamou19.wav,converted,True,32000.0,1.0,109.264,3564356,3496448,3,0.9809480310047594,"[mp3 @ 0000017f796056c0] Estimating duration from bitrate, this may be inaccurate
"
Tawny-breasted Tinamou_sound/Tawny-breasted Tinamou20,D:\other\Bird\Dataset\CC0\Tawny-breasted Tinamou_sound\Tawny-breasted Tinamou20.mp3,D:\other\Bird\Code\data\kaggle_training_wav_cache_sp\Tawny-breasted Tinamou_sound\Tawny-breasted Tinamou20.wav,converted,True,32000.0,1.0,45.808,1545614,1465856,35,0.9483972065470422,"[mp3 @ 00000228aec056c0] Estimating duration from bitrate, this may be inaccurate
"
Tawny-breasted Tinamou_sound/Tawny-breasted Tinamou22,D:\other\Bird\Dataset\CC0\Tawny-breasted Tinamou_sound\Tawny-breasted Tinamou22.mp3,D:\other\Bird\Code\data\kaggle_training_wav_cache_sp\Tawny-breasted Tinamou_sound\Tawny-breasted Tinamou22.wav,converted,True,32000.0,1.0,6.256,208299,200192,1,0.9610799859816898,
Tawny-breasted Tinamou_sound/Tawny-breasted Tinamou23,D:\other\Bird\Dataset\CC0\Tawny-breasted Tinamou_sound\Tawny-breasted Tinamou23.mp3,D:\other\Bird\Code\data\kaggle_training_wav_cache_sp\Tawny-breasted Tinamou_sound\Tawny-breasted Tinamou23.wav,converted,True,32000.0,1.0,6.256,208299,200192,1,0.9610799859816898,
Tawny-breasted Tinamou_sound/Tawny-breasted Tinamou21,D:\other\Bird\Dataset\CC0\Tawny-breasted Tinamou_sound\Tawny-breasted Tinamou21.mp3,D:\other\Bird\Code\data\kaggle_training_wav_cache_sp\Tawny-breasted Tinamou_sound\Tawny-breasted Tinamou21.wav,converted,True,32000.0,1.0,45.808,1545614,1465856,35,0.9483972065470422,"[mp3 @ 00000235c67c56c0] Estimating duration from bitrate, this may be inaccurate
"
Tawny-breasted Tinamou_sound/Tawny-breasted Tinamou24,D:\other\Bird\Dataset\CC0\Tawny-breasted Tinamou_sound\Tawny-breasted Tinamou24.mp3,D:\other\Bird\Code\data\kaggle_training_wav_cache_sp\Tawny-breasted Tinamou_sound\Tawny-breasted Tinamou24.wav,converted,True,32000.0,1.0,22.816,775254,730112,11,0.9417713420375774,
Tawny-breasted Tinamou_sound/Tawny-breasted Tinamou26,D:\other\Bird\Dataset\CC0\Tawny-breasted Tinamou_sound\Tawny-breasted Tinamou26.mp3,D:\other\Bird\Code\data\kaggle_training_wav_cache_sp\Tawny-breasted Tinamou_sound\Tawny-breasted Tinamou26.wav,converted,True,32000.0,1.0,26.368,924587,843776,7,0.9125977328255751,
Tawny-breasted Tinamou_sound/Tawny-breasted Tinamou25,D:\other\Bird\Dataset\CC0\Tawny-breasted Tinamou_sound\Tawny-breasted Tinamou25.mp3,D:\other\Bird\Code\data\kaggle_training_wav_cache_sp\Tawny-breasted Tinamou_sound\Tawny-breasted Tinamou25.wav,converted,True,32000.0,1.0,37.632,2628694,1204224,141,0.45810733390801667,
Tawny-breasted Tinamou_sound/Tawny-breasted Tinamou27,D:\other\Bird\Dataset\CC0\Tawny-breasted Tinamou_sound\Tawny-breasted Tinamou27.mp3,D:\other\Bird\Code\data\kaggle_training_wav_cache_sp\Tawny-breasted Tinamou_sound\Tawny-breasted Tinamou27.wav,converted,True,32000.0,1.0,72.224,3528960,2311168,79,0.6549147624229235,
Tawny-breasted Tinamou_sound/Tawny-breasted Tinamou28,D:\other\Bird\Dataset\CC0\Tawny-breasted Tinamou_sound\Tawny-breasted Tinamou28.mp3,D:\other\Bird\Code\data\kaggle_training_wav_cache_sp\Tawny-breasted Tinamou_sound\Tawny-breasted Tinamou28.wav,converted,True,32000.0,1.0,72.224,3528960,2311168,79,0.6549147624229235,
Tawny-breasted Tinamou_sound/Tawny-breasted Tinamou3,D:\other\Bird\Dataset\CC0\Tawny-breasted Tinamou_sound\Tawny-breasted Tinamou3.mp3,D:\other\Bird\Code\data\kaggle_training_wav_cache_sp\Tawny-breasted Tinamou_sound\Tawny-breasted Tinamou3.wav,converted,True,32000.0,1.0,18.208,1147073,582656,47,0.5079502350765819,
Tawny-breasted Tinamou_sound/Tawny-breasted Tinamou29,D:\other\Bird\Dataset\CC0\Tawny-breasted Tinamou_sound\Tawny-breasted Tinamou29.mp3,D:\other\Bird\Code\data\kaggle_training_wav_cache_sp\Tawny-breasted Tinamou_sound\Tawny-breasted Tinamou29.wav,converted,True,32000.0,1.0,72.224,3528960,2311168,79,0.6549147624229235,
Tawny-breasted Tinamou_sound/Tawny-breasted Tinamou31,D:\other\Bird\Dataset\CC0\Tawny-breasted Tinamou_sound\Tawny-breasted Tinamou31.mp3,D:\other\Bird\Code\data\kaggle_training_wav_cache_sp\Tawny-breasted Tinamou_sound\Tawny-breasted Tinamou31.wav,converted,True,32000.0,1.0,24.5121875,784390,784390,1,1.0,
Tawny-breasted Tinamou_sound/Tawny-breasted Tinamou30,D:\other\Bird\Dataset\CC0\Tawny-breasted Tinamou_sound\Tawny-breasted Tinamou30.mp3,D:\other\Bird\Code\data\kaggle_training_wav_cache_sp\Tawny-breasted Tinamou_sound\Tawny-breasted Tinamou30.wav,converted,True,32000.0,1.0,72.224,3528960,2311168,79,0.6549147624229235,
Tawny-breasted Tinamou_sound/Tawny-breasted Tinamou4,D:\other\Bird\Dataset\CC0\Tawny-breasted Tinamou_sound\Tawny-breasted Tinamou4.mp3,D:\other\Bird\Code\data\kaggle_training_wav_cache_sp\Tawny-breasted Tinamou_sound\Tawny-breasted Tinamou4.wav,converted,True,32000.0,1.0,45.12,2814275,1443840,111,0.5130415471124891,
Tawny-breasted Tinamou_sound/Tawny-breasted Tinamou5,D:\other\Bird\Dataset\CC0\Tawny-breasted Tinamou_sound\Tawny-breasted Tinamou5.mp3,D:\other\Bird\Code\data\kaggle_training_wav_cache_sp\Tawny-breasted Tinamou_sound\Tawny-breasted Tinamou5.wav,converted,True,32000.0,1.0,45.12,2814275,1443840,111,0.5130415471124891,
Tawny-breasted Tinamou_sound/Tawny-breasted Tinamou6,D:\other\Bird\Dataset\CC0\Tawny-breasted Tinamou_sound\Tawny-breasted Tinamou6.mp3,D:\other\Bird\Code\data\kaggle_training_wav_cache_sp\Tawny-breasted Tinamou_sound\Tawny-breasted Tinamou6.wav,converted,True,32000.0,1.0,45.12,2814275,1443840,111,0.5130415471124891,
Tawny-breasted Tinamou_sound/Tawny-breasted Tinamou7,D:\other\Bird\Dataset\CC0\Tawny-breasted Tinamou_sound\Tawny-breasted Tinamou7.mp3,D:\other\Bird\Code\data\kaggle_training_wav_cache_sp\Tawny-breasted Tinamou_sound\Tawny-breasted Tinamou7.wav,converted,True,32000.0,1.0,45.12,2814275,1443840,111,0.5130415471124891,
Tawny-breasted Tinamou_sound/Tawny-breasted Tinamou8,D:\other\Bird\Dataset\CC0\Tawny-breasted Tinamou_sound\Tawny-breasted Tinamou8.mp3,D:\other\Bird\Code\data\kaggle_training_wav_cache_sp\Tawny-breasted Tinamou_sound\Tawny-breasted Tinamou8.wav,converted,True,32000.0,1.0,45.12,2814275,1443840,111,0.5130415471124891,
Thicket Tinamou_sound/Thicket Tinamou10,D:\other\Bird\Dataset\CC0\Thicket Tinamou_sound\Thicket Tinamou10.mp3,D:\other\Bird\Code\data\kaggle_training_wav_cache_sp\Thicket Tinamou_sound\Thicket Tinamou10.wav,converted,True,32000.0,1.0,17.072,622173,546304,26,0.8780580320907528,
Tawny-breasted Tinamou_sound/Tawny-breasted Tinamou9,D:\other\Bird\Dataset\CC0\Tawny-breasted Tinamou_sound\Tawny-breasted Tinamou9.mp3,D:\other\Bird\Code\data\kaggle_training_wav_cache_sp\Tawny-breasted Tinamou_sound\Tawny-breasted Tinamou9.wav,converted,True,32000.0,1.0,45.12,2814275,1443840,111,0.5130415471124891,
Thicket Tinamou_sound/Thicket Tinamou11,D:\other\Bird\Dataset\CC0\Thicket Tinamou_sound\Thicket Tinamou11.mp3,D:\other\Bird\Code\data\kaggle_training_wav_cache_sp\Thicket Tinamou_sound\Thicket Tinamou11.wav,converted,True,32000.0,1.0,17.072,622173,546304,26,0.8780580320907528,
Thicket Tinamou_sound/Thicket Tinamou12,D:\other\Bird\Dataset\CC0\Thicket Tinamou_sound\Thicket Tinamou12.mp3,D:\other\Bird\Code\data\kaggle_training_wav_cache_sp\Thicket Tinamou_sound\Thicket Tinamou12.wav,converted,True,32000.0,1.0,19.248,666227,615936,9,0.9245137167962271,"[mp3 @ 00000195e10856c0] Estimating duration from bitrate, this may be inaccurate
"
Thicket Tinamou_sound/Thicket Tinamou13,D:\other\Bird\Dataset\CC0\Thicket Tinamou_sound\Thicket Tinamou13.mp3,D:\other\Bird\Code\data\kaggle_training_wav_cache_sp\Thicket Tinamou_sound\Thicket Tinamou13.wav,converted,True,32000.0,1.0,15.70803125,1055617,502657,82,0.4761736501022625,
Thicket Tinamou_sound/Thicket Tinamou14,D:\other\Bird\Dataset\CC0\Thicket Tinamou_sound\Thicket Tinamou14.mp3,D:\other\Bird\Code\data\kaggle_training_wav_cache_sp\Thicket Tinamou_sound\Thicket Tinamou14.wav,converted,True,32000.0,1.0,15.70803125,1055617,502657,82,0.4761736501022625,
Thicket Tinamou_sound/Thicket Tinamou15,D:\other\Bird\Dataset\CC0\Thicket Tinamou_sound\Thicket Tinamou15.mp3,D:\other\Bird\Code\data\kaggle_training_wav_cache_sp\Thicket Tinamou_sound\Thicket Tinamou15.wav,converted,True,32000.0,1.0,15.70803125,1055617,502657,82,0.4761736501022625,
Thicket Tinamou_sound/Thicket Tinamou17,D:\other\Bird\Dataset\CC0\Thicket Tinamou_sound\Thicket Tinamou17.mp3,D:\other\Bird\Code\data\kaggle_training_wav_cache_sp\Thicket Tinamou_sound\Thicket Tinamou17.wav,too_short_after_preprocess,,,,4.26,136320,136320,1,1.0,
Thicket Tinamou_sound/Thicket Tinamou16,D:\other\Bird\Dataset\CC0\Thicket Tinamou_sound\Thicket Tinamou16.mp3,D:\other\Bird\Code\data\kaggle_training_wav_cache_sp\Thicket Tinamou_sound\Thicket Tinamou16.wav,converted,True,32000.0,1.0,70.12078125,2244377,2243865,1,0.9997718743330555,
Thicket Tinamou_sound/Thicket Tinamou18,D:\other\Bird\Dataset\CC0\Thicket Tinamou_sound\Thicket Tinamou18.mp3,D:\other\Bird\Code\data\kaggle_training_wav_cache_sp\Thicket Tinamou_sound\Thicket Tinamou18.wav,converted,True,32000.0,1.0,33.232,2164397,1063424,105,0.49132575955335367,
Thicket Tinamou_sound/Thicket Tinamou2,D:\other\Bird\Dataset\CC0\Thicket Tinamou_sound\Thicket Tinamou2.mp3,D:\other\Bird\Code\data\kaggle_training_wav_cache_sp\Thicket Tinamou_sound\Thicket Tinamou2.wav,converted,True,32000.0,1.0,8.448,283293,270336,1,0.9542629009541358,
Thicket Tinamou_sound/Thicket Tinamou19,D:\other\Bird\Dataset\CC0\Thicket Tinamou_sound\Thicket Tinamou19.mp3,D:\other\Bird\Code\data\kaggle_training_wav_cache_sp\Thicket Tinamou_sound\Thicket Tinamou19.wav,converted,True,32000.0,1.0,55.072,3479929,1762304,158,0.5064195275248432,"[mp3 @ 00000227149856c0] Estimating duration from bitrate, this may be inaccurate
"
Thicket Tinamou_sound/Thicket Tinamou20,D:\other\Bird\Dataset\CC0\Thicket Tinamou_sound\Thicket Tinamou20.mp3,D:\other\Bird\Code\data\kaggle_training_wav_cache_sp\Thicket Tinamou_sound\Thicket Tinamou20.wav,converted,True,32000.0,1.0,55.072,3479929,1762304,158,0.5064195275248432,"[mp3 @ 000001b524c756c0] Estimating duration from bitrate, this may be inaccurate
"
Thicket Tinamou_sound/Thicket Tinamou22,D:\other\Bird\Dataset\CC0\Thicket Tinamou_sound\Thicket Tinamou22.mp3,D:\other\Bird\Code\data\kaggle_training_wav_cache_sp\Thicket Tinamou_sound\Thicket Tinamou22.wav,too_short_after_preprocess,,,,2.576,582144,82432,13,0.14160070360598065,
Thicket Tinamou_sound/Thicket Tinamou21,D:\other\Bird\Dataset\CC0\Thicket Tinamou_sound\Thicket Tinamou21.mp3,D:\other\Bird\Code\data\kaggle_training_wav_cache_sp\Thicket Tinamou_sound\Thicket Tinamou21.wav,converted,True,32000.0,1.0,55.072,3479929,1762304,158,0.5064195275248432,"[mp3 @ 0000016121eb56c0] Estimating duration from bitrate, this may be inaccurate
"
Thicket Tinamou_sound/Thicket Tinamou23,D:\other\Bird\Dataset\CC0\Thicket Tinamou_sound\Thicket Tinamou23.mp3,D:\other\Bird\Code\data\kaggle_training_wav_cache_sp\Thicket Tinamou_sound\Thicket Tinamou23.wav,converted,True,32000.0,1.0,44.774875,1439452,1432796,2,0.9953760180957754,"[mp3 @ 000001d4333256c0] Estimating duration from bitrate, this may be inaccurate
[mp3float @ 000001d433327dc0] Header missing
Error while decoding stream #0:0: Invalid data found when processing input
"
Thicket Tinamou_sound/Thicket Tinamou24,D:\other\Bird\Dataset\CC0\Thicket Tinamou_sound\Thicket Tinamou24.mp3,D:\other\Bird\Code\data\kaggle_training_wav_cache_sp\Thicket Tinamou_sound\Thicket Tinamou24.wav,converted,True,32000.0,1.0,15.98884375,511643,511643,1,1.0,
Thicket Tinamou_sound/Thicket Tinamou25,D:\other\Bird\Dataset\CC0\Thicket Tinamou_sound\Thicket Tinamou25.mp3,D:\other\Bird\Code\data\kaggle_training_wav_cache_sp\Thicket Tinamou_sound\Thicket Tinamou25.wav,too_short_after_preprocess,,,,3.216,211674,102912,15,0.4861815811105757,
Thicket Tinamou_sound/Thicket Tinamou26,D:\other\Bird\Dataset\CC0\Thicket Tinamou_sound\Thicket Tinamou26.mp3,D:\other\Bird\Code\data\kaggle_training_wav_cache_sp\Thicket Tinamou_sound\Thicket Tinamou26.wav,too_short_after_preprocess,,,,3.216,211674,102912,15,0.4861815811105757,
Thicket Tinamou_sound/Thicket Tinamou27,D:\other\Bird\Dataset\CC0\Thicket Tinamou_sound\Thicket Tinamou27.mp3,D:\other\Bird\Code\data\kaggle_training_wav_cache_sp\Thicket Tinamou_sound\Thicket Tinamou27.wav,converted,True,32000.0,1.0,28.992,991488,927744,3,0.935708752904725,"[mp3 @ 000001632b6556c0] Estimating duration from bitrate, this may be inaccurate
"
Thicket Tinamou_sound/Thicket Tinamou28,D:\other\Bird\Dataset\CC0\Thicket Tinamou_sound\Thicket Tinamou28.mp3,D:\other\Bird\Code\data\kaggle_training_wav_cache_sp\Thicket Tinamou_sound\Thicket Tinamou28.wav,converted,True,32000.0,1.0,28.992,991488,927744,3,0.935708752904725,"[mp3 @ 00000284b6ff56c0] Estimating duration from bitrate, this may be inaccurate
"
Thicket Tinamou_sound/Thicket Tinamou3,D:\other\Bird\Dataset\CC0\Thicket Tinamou_sound\Thicket Tinamou3.mp3,D:\other\Bird\Code\data\kaggle_training_wav_cache_sp\Thicket Tinamou_sound\Thicket Tinamou3.wav,converted,True,32000.0,1.0,16.224,537025,519168,1,0.9667482891857921,
Thicket Tinamou_sound/Thicket Tinamou29,D:\other\Bird\Dataset\CC0\Thicket Tinamou_sound\Thicket Tinamou29.mp3,D:\other\Bird\Code\data\kaggle_training_wav_cache_sp\Thicket Tinamou_sound\Thicket Tinamou29.wav,converted,True,32000.0,1.0,28.992,991488,927744,3,0.935708752904725,"[mp3 @ 000001b820c656c0] Estimating duration from bitrate, this may be inaccurate
"
Thicket Tinamou_sound/Thicket Tinamou30,D:\other\Bird\Dataset\CC0\Thicket Tinamou_sound\Thicket Tinamou30.mp3,D:\other\Bird\Code\data\kaggle_training_wav_cache_sp\Thicket Tinamou_sound\Thicket Tinamou30.wav,converted,True,32000.0,1.0,28.992,991488,927744,3,0.935708752904725,"[mp3 @ 000001f4d79756c0] Estimating duration from bitrate, this may be inaccurate
"
Thicket Tinamou_sound/Thicket Tinamou31,D:\other\Bird\Dataset\CC0\Thicket Tinamou_sound\Thicket Tinamou31.mp3,D:\other\Bird\Code\data\kaggle_training_wav_cache_sp\Thicket Tinamou_sound\Thicket Tinamou31.wav,converted,True,32000.0,1.0,28.992,991488,927744,3,0.935708752904725,"[mp3 @ 000001e761d756c0] Estimating duration from bitrate, this may be inaccurate
"
Thicket Tinamou_sound/Thicket Tinamou4,D:\other\Bird\Dataset\CC0\Thicket Tinamou_sound\Thicket Tinamou4.mp3,D:\other\Bird\Code\data\kaggle_training_wav_cache_sp\Thicket Tinamou_sound\Thicket Tinamou4.wav,converted,True,32000.0,1.0,394.35359375,12619315,12619315,1,1.0,
Thicket Tinamou_sound/Thicket Tinamou5,D:\other\Bird\Dataset\CC0\Thicket Tinamou_sound\Thicket Tinamou5.mp3,D:\other\Bird\Code\data\kaggle_training_wav_cache_sp\Thicket Tinamou_sound\Thicket Tinamou5.wav,converted,True,32000.0,1.0,394.35359375,12619315,12619315,1,1.0,
Thicket Tinamou_sound/Thicket Tinamou6,D:\other\Bird\Dataset\CC0\Thicket Tinamou_sound\Thicket Tinamou6.mp3,D:\other\Bird\Code\data\kaggle_training_wav_cache_sp\Thicket Tinamou_sound\Thicket Tinamou6.wav,converted,True,32000.0,1.0,394.35359375,12619315,12619315,1,1.0,
Thicket Tinamou_sound/Thicket Tinamou7,D:\other\Bird\Dataset\CC0\Thicket Tinamou_sound\Thicket Tinamou7.mp3,D:\other\Bird\Code\data\kaggle_training_wav_cache_sp\Thicket Tinamou_sound\Thicket Tinamou7.wav,converted,True,32000.0,1.0,394.35359375,12619315,12619315,1,1.0,
Thicket Tinamou_sound/Thicket Tinamou8,D:\other\Bird\Dataset\CC0\Thicket Tinamou_sound\Thicket Tinamou8.mp3,D:\other\Bird\Code\data\kaggle_training_wav_cache_sp\Thicket Tinamou_sound\Thicket Tinamou8.wav,converted,True,32000.0,1.0,394.35359375,12619315,12619315,1,1.0,
Thicket Tinamou_sound/Thicket Tinamou9,D:\other\Bird\Dataset\CC0\Thicket Tinamou_sound\Thicket Tinamou9.mp3,D:\other\Bird\Code\data\kaggle_training_wav_cache_sp\Thicket Tinamou_sound\Thicket Tinamou9.wav,converted,True,32000.0,1.0,394.35359375,12619315,12619315,1,1.0,
Tongan Megapode_sound/Tongan Megapode10,D:\other\Bird\Dataset\CC0\Tongan Megapode_sound\Tongan Megapode10.mp3,D:\other\Bird\Code\data\kaggle_training_wav_cache_sp\Tongan Megapode_sound\Tongan Megapode10.wav,converted,True,32000.0,1.0,8.00621875,260807,256199,1,0.9823317625677225,"[mp3 @ 000002d32ea356c0] Estimating duration from bitrate, this may be inaccurate
"
Tongan Megapode_sound/Tongan Megapode11,D:\other\Bird\Dataset\CC0\Tongan Megapode_sound\Tongan Megapode11.mp3,D:\other\Bird\Code\data\kaggle_training_wav_cache_sp\Tongan Megapode_sound\Tongan Megapode11.wav,converted,True,32000.0,1.0,7.59675,250776,243096,5,0.9693750598143362,"[mp3 @ 00000276bab656c0] Estimating duration from bitrate, this may be inaccurate
"
Tongan Megapode_sound/Tongan Megapode12,D:\other\Bird\Dataset\CC0\Tongan Megapode_sound\Tongan Megapode12.mp3,D:\other\Bird\Code\data\kaggle_training_wav_cache_sp\Tongan Megapode_sound\Tongan Megapode12.wav,converted,True,32000.0,1.0,7.59675,250776,243096,5,0.9693750598143362,"[mp3 @ 000001a190a256c0] Estimating duration from bitrate, this may be inaccurate
"
Tongan Megapode_sound/Tongan Megapode13,D:\other\Bird\Dataset\CC0\Tongan Megapode_sound\Tongan Megapode13.mp3,D:\other\Bird\Code\data\kaggle_training_wav_cache_sp\Tongan Megapode_sound\Tongan Megapode13.wav,converted,True,32000.0,1.0,7.59675,250776,243096,5,0.9693750598143362,"[mp3 @ 0000013ff1ee56c0] Estimating duration from bitrate, this may be inaccurate
"
Tongan Megapode_sound/Tongan Megapode14,D:\other\Bird\Dataset\CC0\Tongan Megapode_sound\Tongan Megapode14.mp3,D:\other\Bird\Code\data\kaggle_training_wav_cache_sp\Tongan Megapode_sound\Tongan Megapode14.wav,converted,True,32000.0,1.0,7.59675,250776,243096,5,0.9693750598143362,"[mp3 @ 00000127104a56c0] Estimating duration from bitrate, this may be inaccurate
"
Tongan Megapode_sound/Tongan Megapode15,D:\other\Bird\Dataset\CC0\Tongan Megapode_sound\Tongan Megapode15.mp3,D:\other\Bird\Code\data\kaggle_training_wav_cache_sp\Tongan Megapode_sound\Tongan Megapode15.wav,converted,True,32000.0,1.0,8.62565625,284213,276021,1,0.9711765471670895,"[mp3 @ 000001c15cd756c0] Estimating duration from bitrate, this may be inaccurate
"
Tongan Megapode_sound/Tongan Megapode2,D:\other\Bird\Dataset\CC0\Tongan Megapode_sound\Tongan Megapode2.mp3,D:\other\Bird\Code\data\kaggle_training_wav_cache_sp\Tongan Megapode_sound\Tongan Megapode2.wav,converted,True,32000.0,1.0,12.096,387072,387072,1,1.0,"[mp3 @ 0000029d7a1156c0] Estimating duration from bitrate, this may be inaccurate
"
Tongan Megapode_sound/Tongan Megapode3,D:\other\Bird\Dataset\CC0\Tongan Megapode_sound\Tongan Megapode3.mp3,D:\other\Bird\Code\data\kaggle_training_wav_cache_sp\Tongan Megapode_sound\Tongan Megapode3.wav,converted,True,32000.0,1.0,12.096,387072,387072,1,1.0,"[mp3 @ 0000022be8c856c0] Estimating duration from bitrate, this may be inaccurate
"
Tongan Megapode_sound/Tongan Megapode4,D:\other\Bird\Dataset\CC0\Tongan Megapode_sound\Tongan Megapode4.mp3,D:\other\Bird\Code\data\kaggle_training_wav_cache_sp\Tongan Megapode_sound\Tongan Megapode4.wav,converted,True,32000.0,1.0,5.6055625,188082,179378,1,0.9537223126083304,"[mp3 @ 000002777b5f56c0] Estimating duration from bitrate, this may be inaccurate
"
Tongan Megapode_sound/Tongan Megapode5,D:\other\Bird\Dataset\CC0\Tongan Megapode_sound\Tongan Megapode5.mp3,D:\other\Bird\Code\data\kaggle_training_wav_cache_sp\Tongan Megapode_sound\Tongan Megapode5.wav,converted,True,32000.0,1.0,9.79528125,322665,313449,1,0.9714378689972573,"[mp3 @ 00000266f45b56c0] Estimating duration from bitrate, this may be inaccurate
"
Tongan Megapode_sound/Tongan Megapode6,D:\other\Bird\Dataset\CC0\Tongan Megapode_sound\Tongan Megapode6.mp3,D:\other\Bird\Code\data\kaggle_training_wav_cache_sp\Tongan Megapode_sound\Tongan Megapode6.wav,converted,True,32000.0,1.0,11.07103125,361953,354273,1,0.9787817755343926,"[mp3 @ 00000207eac756c0] Estimating duration from bitrate, this may be inaccurate
"
Tongan Megapode_sound/Tongan Megapode7,D:\other\Bird\Dataset\CC0\Tongan Megapode_sound\Tongan Megapode7.mp3,D:\other\Bird\Code\data\kaggle_training_wav_cache_sp\Tongan Megapode_sound\Tongan Megapode7.wav,converted,True,32000.0,1.0,10.3415625,351922,330930,3,0.9403504185586579,"[mp3 @ 0000021b8aa756c0] Estimating duration from bitrate, this may be inaccurate
"
Tongan Megapode_sound/Tongan Megapode8,D:\other\Bird\Dataset\CC0\Tongan Megapode_sound\Tongan Megapode8.mp3,D:\other\Bird\Code\data\kaggle_training_wav_cache_sp\Tongan Megapode_sound\Tongan Megapode8.wav,converted,True,32000.0,1.0,7.643125,253284,244580,1,0.9656354132120466,"[mp3 @ 0000023f2d3756c0] Estimating duration from bitrate, this may be inaccurate
"
Tongan Megapode_sound/Tongan Megapode9,D:\other\Bird\Dataset\CC0\Tongan Megapode_sound\Tongan Megapode9.mp3,D:\other\Bird\Code\data\kaggle_training_wav_cache_sp\Tongan Megapode_sound\Tongan Megapode9.wav,converted,True,32000.0,1.0,7.072,236565,226304,1,0.95662502906178,"[mp3 @ 000002193e6a56c0] Estimating duration from bitrate, this may be inaccurate
"
Undulated Tinamou_sound/Undulated Tinamou10,D:\other\Bird\Dataset\CC0\Undulated Tinamou_sound\Undulated Tinamou10.mp3,D:\other\Bird\Code\data\kaggle_training_wav_cache_sp\Undulated Tinamou_sound\Undulated Tinamou10.wav,converted,True,32000.0,1.0,20.84415625,667013,667013,1,1.0,
Undulated Tinamou_sound/Undulated Tinamou11,D:\other\Bird\Dataset\CC0\Undulated Tinamou_sound\Undulated Tinamou11.mp3,D:\other\Bird\Code\data\kaggle_training_wav_cache_sp\Undulated Tinamou_sound\Undulated Tinamou11.wav,converted,True,32000.0,1.0,20.84415625,667013,667013,1,1.0,
Undulated Tinamou_sound/Undulated Tinamou12,D:\other\Bird\Dataset\CC0\Undulated Tinamou_sound\Undulated Tinamou12.mp3,D:\other\Bird\Code\data\kaggle_training_wav_cache_sp\Undulated Tinamou_sound\Undulated Tinamou12.wav,converted,True,32000.0,1.0,20.84415625,667013,667013,1,1.0,
Undulated Tinamou_sound/Undulated Tinamou13,D:\other\Bird\Dataset\CC0\Undulated Tinamou_sound\Undulated Tinamou13.mp3,D:\other\Bird\Code\data\kaggle_training_wav_cache_sp\Undulated Tinamou_sound\Undulated Tinamou13.wav,converted,True,32000.0,1.0,20.84415625,667013,667013,1,1.0,
Undulated Tinamou_sound/Undulated Tinamou14,D:\other\Bird\Dataset\CC0\Undulated Tinamou_sound\Undulated Tinamou14.mp3,D:\other\Bird\Code\data\kaggle_training_wav_cache_sp\Undulated Tinamou_sound\Undulated Tinamou14.wav,converted,True,32000.0,1.0,20.84415625,667013,667013,1,1.0,
Undulated Tinamou_sound/Undulated Tinamou15,D:\other\Bird\Dataset\CC0\Undulated Tinamou_sound\Undulated Tinamou15.mp3,D:\other\Bird\Code\data\kaggle_training_wav_cache_sp\Undulated Tinamou_sound\Undulated Tinamou15.wav,converted,True,32000.0,1.0,20.84415625,667013,667013,1,1.0,
Undulated Tinamou_sound/Undulated Tinamou16,D:\other\Bird\Dataset\CC0\Undulated Tinamou_sound\Undulated Tinamou16.mp3,D:\other\Bird\Code\data\kaggle_training_wav_cache_sp\Undulated Tinamou_sound\Undulated Tinamou16.wav,converted,True,32000.0,1.0,76.288,3621148,2441216,210,0.6741552678874213,
Undulated Tinamou_sound/Undulated Tinamou17,D:\other\Bird\Dataset\CC0\Undulated Tinamou_sound\Undulated Tinamou17.mp3,D:\other\Bird\Code\data\kaggle_training_wav_cache_sp\Undulated Tinamou_sound\Undulated Tinamou17.wav,converted,True,32000.0,1.0,76.288,3621148,2441216,210,0.6741552678874213,
Undulated Tinamou_sound/Undulated Tinamou18,D:\other\Bird\Dataset\CC0\Undulated Tinamou_sound\Undulated Tinamou18.mp3,D:\other\Bird\Code\data\kaggle_training_wav_cache_sp\Undulated Tinamou_sound\Undulated Tinamou18.wav,converted,True,32000.0,1.0,76.288,3621148,2441216,210,0.6741552678874213,
Undulated Tinamou_sound/Undulated Tinamou19,D:\other\Bird\Dataset\CC0\Undulated Tinamou_sound\Undulated Tinamou19.mp3,D:\other\Bird\Code\data\kaggle_training_wav_cache_sp\Undulated Tinamou_sound\Undulated Tinamou19.wav,converted,True,32000.0,1.0,76.288,3621148,2441216,210,0.6741552678874213,
Undulated Tinamou_sound/Undulated Tinamou20,D:\other\Bird\Dataset\CC0\Undulated Tinamou_sound\Undulated Tinamou20.mp3,D:\other\Bird\Code\data\kaggle_training_wav_cache_sp\Undulated Tinamou_sound\Undulated Tinamou20.wav,converted,True,32000.0,1.0,76.288,3621148,2441216,210,0.6741552678874213,
Undulated Tinamou_sound/Undulated Tinamou2,D:\other\Bird\Dataset\CC0\Undulated Tinamou_sound\Undulated Tinamou2.mp3,D:\other\Bird\Code\data\kaggle_training_wav_cache_sp\Undulated Tinamou_sound\Undulated Tinamou2.wav,converted,True,32000.0,1.0,134.03725,6070440,4289192,437,0.7065701991947866,"[mp3 @ 0000020762695680] Estimating duration from bitrate, this may be inaccurate
"
Undulated Tinamou_sound/Undulated Tinamou21,D:\other\Bird\Dataset\CC0\Undulated Tinamou_sound\Undulated Tinamou21.mp3,D:\other\Bird\Code\data\kaggle_training_wav_cache_sp\Undulated Tinamou_sound\Undulated Tinamou21.wav,converted,True,32000.0,1.0,76.288,3621148,2441216,210,0.6741552678874213,
Undulated Tinamou_sound/Undulated Tinamou22,D:\other\Bird\Dataset\CC0\Undulated Tinamou_sound\Undulated Tinamou22.mp3,D:\other\Bird\Code\data\kaggle_training_wav_cache_sp\Undulated Tinamou_sound\Undulated Tinamou22.wav,converted,True,32000.0,1.0,76.288,3621148,2441216,210,0.6741552678874213,
Undulated Tinamou_sound/Undulated Tinamou23,D:\other\Bird\Dataset\CC0\Undulated Tinamou_sound\Undulated Tinamou23.mp3,D:\other\Bird\Code\data\kaggle_training_wav_cache_sp\Undulated Tinamou_sound\Undulated Tinamou23.wav,converted,True,32000.0,1.0,76.288,3621148,2441216,210,0.6741552678874213,
Undulated Tinamou_sound/Undulated Tinamou24,D:\other\Bird\Dataset\CC0\Undulated Tinamou_sound\Undulated Tinamou24.mp3,D:\other\Bird\Code\data\kaggle_training_wav_cache_sp\Undulated Tinamou_sound\Undulated Tinamou24.wav,converted,True,32000.0,1.0,76.288,3621148,2441216,210,0.6741552678874213,
Undulated Tinamou_sound/Undulated Tinamou25,D:\other\Bird\Dataset\CC0\Undulated Tinamou_sound\Undulated Tinamou25.mp3,D:\other\Bird\Code\data\kaggle_training_wav_cache_sp\Undulated Tinamou_sound\Undulated Tinamou25.wav,converted,True,32000.0,1.0,76.288,3621148,2441216,210,0.6741552678874213,
Undulated Tinamou_sound/Undulated Tinamou26,D:\other\Bird\Dataset\CC0\Undulated Tinamou_sound\Undulated Tinamou26.mp3,D:\other\Bird\Code\data\kaggle_training_wav_cache_sp\Undulated Tinamou_sound\Undulated Tinamou26.wav,converted,True,32000.0,1.0,76.288,3621148,2441216,210,0.6741552678874213,
Undulated Tinamou_sound/Undulated Tinamou27,D:\other\Bird\Dataset\CC0\Undulated Tinamou_sound\Undulated Tinamou27.mp3,D:\other\Bird\Code\data\kaggle_training_wav_cache_sp\Undulated Tinamou_sound\Undulated Tinamou27.wav,converted,True,32000.0,1.0,76.288,3621148,2441216,210,0.6741552678874213,
Undulated Tinamou_sound/Undulated Tinamou28,D:\other\Bird\Dataset\CC0\Undulated Tinamou_sound\Undulated Tinamou28.mp3,D:\other\Bird\Code\data\kaggle_training_wav_cache_sp\Undulated Tinamou_sound\Undulated Tinamou28.wav,converted,True,32000.0,1.0,76.288,3621148,2441216,210,0.6741552678874213,
Undulated Tinamou_sound/Undulated Tinamou29,D:\other\Bird\Dataset\CC0\Undulated Tinamou_sound\Undulated Tinamou29.mp3,D:\other\Bird\Code\data\kaggle_training_wav_cache_sp\Undulated Tinamou_sound\Undulated Tinamou29.wav,converted,True,32000.0,1.0,71.082125,3236676,2274628,180,0.7027666655544145,"[mp3 @ 00000175b5595680] Estimating duration from bitrate, this may be inaccurate
"
Undulated Tinamou_sound/Undulated Tinamou30,D:\other\Bird\Dataset\CC0\Undulated Tinamou_sound\Undulated Tinamou30.mp3,D:\other\Bird\Code\data\kaggle_training_wav_cache_sp\Undulated Tinamou_sound\Undulated Tinamou30.wav,converted,True,32000.0,1.0,71.082125,3236676,2274628,180,0.7027666655544145,"[mp3 @ 0000022e49b65680] Estimating duration from bitrate, this may be inaccurate
"
Undulated Tinamou_sound/Undulated Tinamou3,D:\other\Bird\Dataset\CC0\Undulated Tinamou_sound\Undulated Tinamou3.mp3,D:\other\Bird\Code\data\kaggle_training_wav_cache_sp\Undulated Tinamou_sound\Undulated Tinamou3.wav,converted,True,32000.0,1.0,134.03725,6070440,4289192,437,0.7065701991947866,"[mp3 @ 000001fbe0be5680] Estimating duration from bitrate, this may be inaccurate
"
Undulated Tinamou_sound/Undulated Tinamou31,D:\other\Bird\Dataset\CC0\Undulated Tinamou_sound\Undulated Tinamou31.mp3,D:\other\Bird\Code\data\kaggle_training_wav_cache_sp\Undulated Tinamou_sound\Undulated Tinamou31.wav,converted,True,32000.0,1.0,71.082125,3236676,2274628,180,0.7027666655544145,"[mp3 @ 000001c0ce305680] Estimating duration from bitrate, this may be inaccurate
"
Undulated Tinamou_sound/Undulated Tinamou4,D:\other\Bird\Dataset\CC0\Undulated Tinamou_sound\Undulated Tinamou4.mp3,D:\other\Bird\Code\data\kaggle_training_wav_cache_sp\Undulated Tinamou_sound\Undulated Tinamou4.wav,converted,True,32000.0,1.0,134.03725,6070440,4289192,437,0.7065701991947866,"[mp3 @ 000002ddc9855680] Estimating duration from bitrate, this may be inaccurate
"
Undulated Tinamou_sound/Undulated Tinamou5,D:\other\Bird\Dataset\CC0\Undulated Tinamou_sound\Undulated Tinamou5.mp3,D:\other\Bird\Code\data\kaggle_training_wav_cache_sp\Undulated Tinamou_sound\Undulated Tinamou5.wav,converted,True,32000.0,1.0,134.03725,6070440,4289192,437,0.7065701991947866,"[mp3 @ 0000027e14935680] Estimating duration from bitrate, this may be inaccurate
"
Undulated Tinamou_sound/Undulated Tinamou6,D:\other\Bird\Dataset\CC0\Undulated Tinamou_sound\Undulated Tinamou6.mp3,D:\other\Bird\Code\data\kaggle_training_wav_cache_sp\Undulated Tinamou_sound\Undulated Tinamou6.wav,converted,True,32000.0,1.0,134.03725,6070440,4289192,437,0.7065701991947866,"[mp3 @ 000001d9ff145680] Estimating duration from bitrate, this may be inaccurate
"
Undulated Tinamou_sound/Undulated Tinamou7,D:\other\Bird\Dataset\CC0\Undulated Tinamou_sound\Undulated Tinamou7.mp3,D:\other\Bird\Code\data\kaggle_training_wav_cache_sp\Undulated Tinamou_sound\Undulated Tinamou7.wav,converted,True,32000.0,1.0,134.03725,6070440,4289192,437,0.7065701991947866,"[mp3 @ 000001e475dc5680] Estimating duration from bitrate, this may be inaccurate
"
Undulated Tinamou_sound/Undulated Tinamou9,D:\other\Bird\Dataset\CC0\Undulated Tinamou_sound\Undulated Tinamou9.mp3,D:\other\Bird\Code\data\kaggle_training_wav_cache_sp\Undulated Tinamou_sound\Undulated Tinamou9.wav,converted,True,32000.0,1.0,20.84415625,667013,667013,1,1.0,
Variegated Tinamou_sound/Variegated Tinamou10,D:\other\Bird\Dataset\CC0\Variegated Tinamou_sound\Variegated Tinamou10.mp3,D:\other\Bird\Code\data\kaggle_training_wav_cache_sp\Variegated Tinamou_sound\Variegated Tinamou10.wav,converted,True,32000.0,1.0,12.7415625,433842,407730,11,0.9398121896911779,"[mp3 @ 0000023bc77456c0] Estimating duration from bitrate, this may be inaccurate
"
Variegated Tinamou_sound/Variegated Tinamou11,D:\other\Bird\Dataset\CC0\Variegated Tinamou_sound\Variegated Tinamou11.mp3,D:\other\Bird\Code\data\kaggle_training_wav_cache_sp\Variegated Tinamou_sound\Variegated Tinamou11.wav,converted,True,32000.0,1.0,15.264,489984,488448,3,0.9968652037617555,"[mp3 @ 00000183b34156c0] Estimating duration from bitrate, this may be inaccurate
"
Variegated Tinamou_sound/Variegated Tinamou12,D:\other\Bird\Dataset\CC0\Variegated Tinamou_sound\Variegated Tinamou12.mp3,D:\other\Bird\Code\data\kaggle_training_wav_cache_sp\Variegated Tinamou_sound\Variegated Tinamou12.wav,converted,True,32000.0,1.0,12.568,403200,402176,1,0.9974603174603175,"[mp3 @ 0000010a978256c0] Estimating duration from bitrate, this may be inaccurate
"
Undulated Tinamou_sound/Undulated Tinamou8,D:\other\Bird\Dataset\CC0\Undulated Tinamou_sound\Undulated Tinamou8.mp3,D:\other\Bird\Code\data\kaggle_training_wav_cache_sp\Undulated Tinamou_sound\Undulated Tinamou8.wav,converted,True,32000.0,1.0,134.03725,6070440,4289192,437,0.7065701991947866,"[mp3 @ 0000020e227f5680] Estimating duration from bitrate, this may be inaccurate
"
Variegated Tinamou_sound/Variegated Tinamou13,D:\other\Bird\Dataset\CC0\Variegated Tinamou_sound\Variegated Tinamou13.mp3,D:\other\Bird\Code\data\kaggle_training_wav_cache_sp\Variegated Tinamou_sound\Variegated Tinamou13.wav,converted,True,32000.0,1.0,5.888,346769,188416,4,0.5433473003642194,
Variegated Tinamou_sound/Variegated Tinamou15,D:\other\Bird\Dataset\CC0\Variegated Tinamou_sound\Variegated Tinamou15.mp3,D:\other\Bird\Code\data\kaggle_training_wav_cache_sp\Variegated Tinamou_sound\Variegated Tinamou15.wav,converted,True,32000.0,1.0,76.01634375,2432523,2432523,1,1.0,"[mp3 @ 0000027af8ae56c0] Estimating duration from bitrate, this may be inaccurate
"
Variegated Tinamou_sound/Variegated Tinamou16,D:\other\Bird\Dataset\CC0\Variegated Tinamou_sound\Variegated Tinamou16.mp3,D:\other\Bird\Code\data\kaggle_training_wav_cache_sp\Variegated Tinamou_sound\Variegated Tinamou16.wav,converted,True,32000.0,1.0,45.856,1474560,1467392,5,0.9951388888888889,"[mp3 @ 000001a9fad056c0] Estimating duration from bitrate, this may be inaccurate
"
Variegated Tinamou_sound/Variegated Tinamou17,D:\other\Bird\Dataset\CC0\Variegated Tinamou_sound\Variegated Tinamou17.mp3,D:\other\Bird\Code\data\kaggle_training_wav_cache_sp\Variegated Tinamou_sound\Variegated Tinamou17.wav,converted,True,32000.0,1.0,45.856,1474560,1467392,5,0.9951388888888889,"[mp3 @ 0000025bc79356c0] Estimating duration from bitrate, this may be inaccurate
"
Variegated Tinamou_sound/Variegated Tinamou18,D:\other\Bird\Dataset\CC0\Variegated Tinamou_sound\Variegated Tinamou18.mp3,D:\other\Bird\Code\data\kaggle_training_wav_cache_sp\Variegated Tinamou_sound\Variegated Tinamou18.wav,converted,True,32000.0,1.0,6.624,250368,211968,10,0.8466257668711656,"[mp3 @ 00000263164756c0] Estimating duration from bitrate, this may be inaccurate
"
Variegated Tinamou_sound/Variegated Tinamou14,D:\other\Bird\Dataset\CC0\Variegated Tinamou_sound\Variegated Tinamou14.mp3,D:\other\Bird\Code\data\kaggle_training_wav_cache_sp\Variegated Tinamou_sound\Variegated Tinamou14.wav,converted,True,32000.0,1.0,221.76,7180971,7096320,3,0.9882117613342263,"[wav @ 000001cec03f56c0] Discarding ID3 tags because more suitable tags were found.
Guessed Channel Layout for Input Stream #0.0 : stereo
"
Variegated Tinamou_sound/Variegated Tinamou19,D:\other\Bird\Dataset\CC0\Variegated Tinamou_sound\Variegated Tinamou19.mp3,D:\other\Bird\Code\data\kaggle_training_wav_cache_sp\Variegated Tinamou_sound\Variegated Tinamou19.wav,converted,True,32000.0,1.0,12.592,439694,402944,2,0.916419146042475,"[mp3 @ 000001cc061056c0] Estimating duration from bitrate, this may be inaccurate
"
Variegated Tinamou_sound/Variegated Tinamou2,D:\other\Bird\Dataset\CC0\Variegated Tinamou_sound\Variegated Tinamou2.mp3,D:\other\Bird\Code\data\kaggle_training_wav_cache_sp\Variegated Tinamou_sound\Variegated Tinamou2.wav,converted,True,32000.0,1.0,23.312,760685,745984,1,0.9806739977783182,"[mp3 @ 000001483ace56c0] Estimating duration from bitrate, this may be inaccurate
"
Variegated Tinamou_sound/Variegated Tinamou20,D:\other\Bird\Dataset\CC0\Variegated Tinamou_sound\Variegated Tinamou20.mp3,D:\other\Bird\Code\data\kaggle_training_wav_cache_sp\Variegated Tinamou_sound\Variegated Tinamou20.wav,converted,True,32000.0,1.0,7.13140625,228205,228205,1,1.0,"[mp3 @ 000002ed210756c0] Estimating duration from bitrate, this may be inaccurate
"
Variegated Tinamou_sound/Variegated Tinamou21,D:\other\Bird\Dataset\CC0\Variegated Tinamou_sound\Variegated Tinamou21.mp3,D:\other\Bird\Code\data\kaggle_training_wav_cache_sp\Variegated Tinamou_sound\Variegated Tinamou21.wav,converted,True,32000.0,1.0,15.6735,501552,501552,1,1.0,"[mp3 @ 000002a99c9856c0] Estimating duration from bitrate, this may be inaccurate
"
Variegated Tinamou_sound/Variegated Tinamou22,D:\other\Bird\Dataset\CC0\Variegated Tinamou_sound\Variegated Tinamou22.mp3,D:\other\Bird\Code\data\kaggle_training_wav_cache_sp\Variegated Tinamou_sound\Variegated Tinamou22.wav,converted,True,32000.0,1.0,15.6735,501552,501552,1,1.0,"[mp3 @ 0000024240fb56c0] Estimating duration from bitrate, this may be inaccurate
"
Variegated Tinamou_sound/Variegated Tinamou23,D:\other\Bird\Dataset\CC0\Variegated Tinamou_sound\Variegated Tinamou23.mp3,D:\other\Bird\Code\data\kaggle_training_wav_cache_sp\Variegated Tinamou_sound\Variegated Tinamou23.wav,converted,True,32000.0,1.0,15.6735,501552,501552,1,1.0,"[mp3 @ 0000025ccbca56c0] Estimating duration from bitrate, this may be inaccurate
"
Variegated Tinamou_sound/Variegated Tinamou24,D:\other\Bird\Dataset\CC0\Variegated Tinamou_sound\Variegated Tinamou24.mp3,D:\other\Bird\Code\data\kaggle_training_wav_cache_sp\Variegated Tinamou_sound\Variegated Tinamou24.wav,converted,True,32000.0,1.0,11.315875,362108,362108,1,1.0,
Variegated Tinamou_sound/Variegated Tinamou25,D:\other\Bird\Dataset\CC0\Variegated Tinamou_sound\Variegated Tinamou25.mp3,D:\other\Bird\Code\data\kaggle_training_wav_cache_sp\Variegated Tinamou_sound\Variegated Tinamou25.wav,converted,True,32000.0,1.0,8.15109375,260835,260835,1,1.0,
Variegated Tinamou_sound/Variegated Tinamou26,D:\other\Bird\Dataset\CC0\Variegated Tinamou_sound\Variegated Tinamou26.mp3,D:\other\Bird\Code\data\kaggle_training_wav_cache_sp\Variegated Tinamou_sound\Variegated Tinamou26.wav,converted,True,32000.0,1.0,6.17425,203208,197576,2,0.9722845557261525,
Variegated Tinamou_sound/Variegated Tinamou27,D:\other\Bird\Dataset\CC0\Variegated Tinamou_sound\Variegated Tinamou27.mp3,D:\other\Bird\Code\data\kaggle_training_wav_cache_sp\Variegated Tinamou_sound\Variegated Tinamou27.wav,converted,True,32000.0,1.0,6.17425,203208,197576,2,0.9722845557261525,
Variegated Tinamou_sound/Variegated Tinamou28,D:\other\Bird\Dataset\CC0\Variegated Tinamou_sound\Variegated Tinamou28.mp3,D:\other\Bird\Code\data\kaggle_training_wav_cache_sp\Variegated Tinamou_sound\Variegated Tinamou28.wav,converted,True,32000.0,1.0,13.10784375,419451,419451,1,1.0,
Variegated Tinamou_sound/Variegated Tinamou29,D:\other\Bird\Dataset\CC0\Variegated Tinamou_sound\Variegated Tinamou29.mp3,D:\other\Bird\Code\data\kaggle_training_wav_cache_sp\Variegated Tinamou_sound\Variegated Tinamou29.wav,converted,True,32000.0,1.0,13.10784375,419451,419451,1,1.0,
Variegated Tinamou_sound/Variegated Tinamou3,D:\other\Bird\Dataset\CC0\Variegated Tinamou_sound\Variegated Tinamou3.mp3,D:\other\Bird\Code\data\kaggle_training_wav_cache_sp\Variegated Tinamou_sound\Variegated Tinamou3.wav,converted,True,32000.0,1.0,10.608,402913,339456,13,0.8425044612608678,"[mp3 @ 000001d0180256c0] Estimating duration from bitrate, this may be inaccurate
"
Variegated Tinamou_sound/Variegated Tinamou31,D:\other\Bird\Dataset\CC0\Variegated Tinamou_sound\Variegated Tinamou31.mp3,D:\other\Bird\Code\data\kaggle_training_wav_cache_sp\Variegated Tinamou_sound\Variegated Tinamou31.wav,converted,True,32000.0,1.0,8.608,276480,275456,1,0.9962962962962963,"[mp3 @ 0000014e20cd56c0] Estimating duration from bitrate, this may be inaccurate
"
Variegated Tinamou_sound/Variegated Tinamou4,D:\other\Bird\Dataset\CC0\Variegated Tinamou_sound\Variegated Tinamou4.mp3,D:\other\Bird\Code\data\kaggle_training_wav_cache_sp\Variegated Tinamou_sound\Variegated Tinamou4.wav,converted,True,32000.0,1.0,10.608,402913,339456,13,0.8425044612608678,"[mp3 @ 000001db982256c0] Estimating duration from bitrate, this may be inaccurate
"
Variegated Tinamou_sound/Variegated Tinamou30,D:\other\Bird\Dataset\CC0\Variegated Tinamou_sound\Variegated Tinamou30.mp3,D:\other\Bird\Code\data\kaggle_training_wav_cache_sp\Variegated Tinamou_sound\Variegated Tinamou30.wav,converted,True,32000.0,1.0,43.6966875,1398294,1398294,1,1.0,
Variegated Tinamou_sound/Variegated Tinamou5,D:\other\Bird\Dataset\CC0\Variegated Tinamou_sound\Variegated Tinamou5.mp3,D:\other\Bird\Code\data\kaggle_training_wav_cache_sp\Variegated Tinamou_sound\Variegated Tinamou5.wav,converted,True,32000.0,1.0,13.072,458920,418304,1,0.911496557134141,"[mp3 @ 0000021ccc2356c0] Estimating duration from bitrate, this may be inaccurate
"
Variegated Tinamou_sound/Variegated Tinamou6,D:\other\Bird\Dataset\CC0\Variegated Tinamou_sound\Variegated Tinamou6.mp3,D:\other\Bird\Code\data\kaggle_training_wav_cache_sp\Variegated Tinamou_sound\Variegated Tinamou6.wav,converted,True,32000.0,1.0,12.128,439694,388096,4,0.8826502067346836,"[mp3 @ 000001e3062f56c0] Estimating duration from bitrate, this may be inaccurate
"
Variegated Tinamou_sound/Variegated Tinamou7,D:\other\Bird\Dataset\CC0\Variegated Tinamou_sound\Variegated Tinamou7.mp3,D:\other\Bird\Code\data\kaggle_training_wav_cache_sp\Variegated Tinamou_sound\Variegated Tinamou7.wav,converted,True,32000.0,1.0,10.66809375,341891,341379,1,0.9985024466862246,"[mp3 @ 000002c0937e56c0] Estimating duration from bitrate, this may be inaccurate
"
Variegated Tinamou_sound/Variegated Tinamou8,D:\other\Bird\Dataset\CC0\Variegated Tinamou_sound\Variegated Tinamou8.mp3,D:\other\Bird\Code\data\kaggle_training_wav_cache_sp\Variegated Tinamou_sound\Variegated Tinamou8.wav,converted,True,32000.0,1.0,12.7415625,433842,407730,11,0.9398121896911779,"[mp3 @ 0000023bd37356c0] Estimating duration from bitrate, this may be inaccurate
"
Variegated Tinamou_sound/Variegated Tinamou9,D:\other\Bird\Dataset\CC0\Variegated Tinamou_sound\Variegated Tinamou9.mp3,D:\other\Bird\Code\data\kaggle_training_wav_cache_sp\Variegated Tinamou_sound\Variegated Tinamou9.wav,converted,True,32000.0,1.0,12.7415625,433842,407730,11,0.9398121896911779,"[mp3 @ 000002710b8656c0] Estimating duration from bitrate, this may be inaccurate
"
West Mexican Chachalaca_sound/West Mexican Chachalaca10,D:\other\Bird\Dataset\CC0\West Mexican Chachalaca_sound\West Mexican Chachalaca10.mp3,D:\other\Bird\Code\data\kaggle_training_wav_cache_sp\West Mexican Chachalaca_sound\West Mexican Chachalaca10.wav,converted,True,32000.0,1.0,7.91325,266536,253224,6,0.9500555272083321,
West Mexican Chachalaca_sound/West Mexican Chachalaca11,D:\other\Bird\Dataset\CC0\West Mexican Chachalaca_sound\West Mexican Chachalaca11.mp3,D:\other\Bird\Code\data\kaggle_training_wav_cache_sp\West Mexican Chachalaca_sound\West Mexican Chachalaca11.wav,converted,True,32000.0,1.0,32.736,1322962,1047552,57,0.7918231967358095,
West Mexican Chachalaca_sound/West Mexican Chachalaca12,D:\other\Bird\Dataset\CC0\West Mexican Chachalaca_sound\West Mexican Chachalaca12.mp3,D:\other\Bird\Code\data\kaggle_training_wav_cache_sp\West Mexican Chachalaca_sound\West Mexican Chachalaca12.wav,converted,True,32000.0,1.0,54.769,1911840,1752608,25,0.9167126956230647,
West Mexican Chachalaca_sound/West Mexican Chachalaca13,D:\other\Bird\Dataset\CC0\West Mexican Chachalaca_sound\West Mexican Chachalaca13.mp3,D:\other\Bird\Code\data\kaggle_training_wav_cache_sp\West Mexican Chachalaca_sound\West Mexican Chachalaca13.wav,converted,True,32000.0,1.0,54.769,1911840,1752608,25,0.9167126956230647,
West Mexican Chachalaca_sound/West Mexican Chachalaca14,D:\other\Bird\Dataset\CC0\West Mexican Chachalaca_sound\West Mexican Chachalaca14.mp3,D:\other\Bird\Code\data\kaggle_training_wav_cache_sp\West Mexican Chachalaca_sound\West Mexican Chachalaca14.wav,converted,True,32000.0,1.0,8.672,1491079,277504,28,0.18610952203069053,
West Mexican Chachalaca_sound/West Mexican Chachalaca15,D:\other\Bird\Dataset\CC0\West Mexican Chachalaca_sound\West Mexican Chachalaca15.mp3,D:\other\Bird\Code\data\kaggle_training_wav_cache_sp\West Mexican Chachalaca_sound\West Mexican Chachalaca15.wav,converted,True,32000.0,1.0,129.3493125,4237482,4139178,89,0.976801317386127,
West Mexican Chachalaca_sound/West Mexican Chachalaca16,D:\other\Bird\Dataset\CC0\West Mexican Chachalaca_sound\West Mexican Chachalaca16.mp3,D:\other\Bird\Code\data\kaggle_training_wav_cache_sp\West Mexican Chachalaca_sound\West Mexican Chachalaca16.wav,converted,True,32000.0,1.0,129.3493125,4237482,4139178,89,0.976801317386127,
West Mexican Chachalaca_sound/West Mexican Chachalaca17,D:\other\Bird\Dataset\CC0\West Mexican Chachalaca_sound\West Mexican Chachalaca17.mp3,D:\other\Bird\Code\data\kaggle_training_wav_cache_sp\West Mexican Chachalaca_sound\West Mexican Chachalaca17.wav,converted,True,32000.0,1.0,129.3493125,4237482,4139178,89,0.976801317386127,
West Mexican Chachalaca_sound/West Mexican Chachalaca18,D:\other\Bird\Dataset\CC0\West Mexican Chachalaca_sound\West Mexican Chachalaca18.mp3,D:\other\Bird\Code\data\kaggle_training_wav_cache_sp\West Mexican Chachalaca_sound\West Mexican Chachalaca18.wav,converted,True,32000.0,1.0,129.3493125,4237482,4139178,89,0.976801317386127,
West Mexican Chachalaca_sound/West Mexican Chachalaca19,D:\other\Bird\Dataset\CC0\West Mexican Chachalaca_sound\West Mexican Chachalaca19.mp3,D:\other\Bird\Code\data\kaggle_training_wav_cache_sp\West Mexican Chachalaca_sound\West Mexican Chachalaca19.wav,converted,True,32000.0,1.0,8.592,360960,274944,12,0.7617021276595745,"[mp3 @ 00000197ddcc56c0] Estimating duration from bitrate, this may be inaccurate
"
West Mexican Chachalaca_sound/West Mexican Chachalaca20,D:\other\Bird\Dataset\CC0\West Mexican Chachalaca_sound\West Mexican Chachalaca20.mp3,D:\other\Bird\Code\data\kaggle_training_wav_cache_sp\West Mexican Chachalaca_sound\West Mexican Chachalaca20.wav,converted,True,32000.0,1.0,8.592,360960,274944,12,0.7617021276595745,"[mp3 @ 000001802b5e56c0] Estimating duration from bitrate, this may be inaccurate
"
West Mexican Chachalaca_sound/West Mexican Chachalaca21,D:\other\Bird\Dataset\CC0\West Mexican Chachalaca_sound\West Mexican Chachalaca21.mp3,D:\other\Bird\Code\data\kaggle_training_wav_cache_sp\West Mexican Chachalaca_sound\West Mexican Chachalaca21.wav,converted,True,32000.0,1.0,8.592,360960,274944,12,0.7617021276595745,"[mp3 @ 0000022a6d8156c0] Estimating duration from bitrate, this may be inaccurate
"
West Mexican Chachalaca_sound/West Mexican Chachalaca22,D:\other\Bird\Dataset\CC0\West Mexican Chachalaca_sound\West Mexican Chachalaca22.mp3,D:\other\Bird\Code\data\kaggle_training_wav_cache_sp\West Mexican Chachalaca_sound\West Mexican Chachalaca22.wav,converted,True,32000.0,1.0,31.952,2113202,1022464,100,0.4838458415239054,"[mp3 @ 000001f0a54756c0] Estimating duration from bitrate, this may be inaccurate
"
West Mexican Chachalaca_sound/West Mexican Chachalaca2,D:\other\Bird\Dataset\CC0\West Mexican Chachalaca_sound\West Mexican Chachalaca2.mp3,D:\other\Bird\Code\data\kaggle_training_wav_cache_sp\West Mexican Chachalaca_sound\West Mexican Chachalaca2.wav,converted,True,32000.0,1.0,71.04,4431360,2273280,188,0.512998266897747,"[mp3 @ 0000023b084856c0] Estimating duration from bitrate, this may be inaccurate
"
West Mexican Chachalaca_sound/West Mexican Chachalaca23,D:\other\Bird\Dataset\CC0\West Mexican Chachalaca_sound\West Mexican Chachalaca23.mp3,D:\other\Bird\Code\data\kaggle_training_wav_cache_sp\West Mexican Chachalaca_sound\West Mexican Chachalaca23.wav,converted,True,32000.0,1.0,56.8,3415563,1817600,164,0.5321523860048841,"[mp3 @ 000001ff2f9456c0] Estimating duration from bitrate, this may be inaccurate
"
West Mexican Chachalaca_sound/West Mexican Chachalaca24,D:\other\Bird\Dataset\CC0\West Mexican Chachalaca_sound\West Mexican Chachalaca24.mp3,D:\other\Bird\Code\data\kaggle_training_wav_cache_sp\West Mexican Chachalaca_sound\West Mexican Chachalaca24.wav,converted,True,32000.0,1.0,56.8,3415563,1817600,164,0.5321523860048841,"[mp3 @ 000001bc338556c0] Estimating duration from bitrate, this may be inaccurate
"
West Mexican Chachalaca_sound/West Mexican Chachalaca25,D:\other\Bird\Dataset\CC0\West Mexican Chachalaca_sound\West Mexican Chachalaca25.mp3,D:\other\Bird\Code\data\kaggle_training_wav_cache_sp\West Mexican Chachalaca_sound\West Mexican Chachalaca25.wav,converted,True,32000.0,1.0,56.8,3415563,1817600,164,0.5321523860048841,"[mp3 @ 00000252858b56c0] Estimating duration from bitrate, this may be inaccurate
"
West Mexican Chachalaca_sound/West Mexican Chachalaca27,D:\other\Bird\Dataset\CC0\West Mexican Chachalaca_sound\West Mexican Chachalaca27.mp3,D:\other\Bird\Code\data\kaggle_training_wav_cache_sp\West Mexican Chachalaca_sound\West Mexican Chachalaca27.wav,converted,True,32000.0,1.0,7.140875,228508,228508,1,1.0,
West Mexican Chachalaca_sound/West Mexican Chachalaca26,D:\other\Bird\Dataset\CC0\West Mexican Chachalaca_sound\West Mexican Chachalaca26.mp3,D:\other\Bird\Code\data\kaggle_training_wav_cache_sp\West Mexican Chachalaca_sound\West Mexican Chachalaca26.wav,converted,True,32000.0,1.0,56.8,3415563,1817600,164,0.5321523860048841,"[mp3 @ 0000027448f956c0] Estimating duration from bitrate, this may be inaccurate
"
West Mexican Chachalaca_sound/West Mexican Chachalaca29,D:\other\Bird\Dataset\CC0\West Mexican Chachalaca_sound\West Mexican Chachalaca29.mp3,D:\other\Bird\Code\data\kaggle_training_wav_cache_sp\West Mexican Chachalaca_sound\West Mexican Chachalaca29.wav,converted,True,32000.0,1.0,71.51871875,2313175,2288599,16,0.9893756417045835,
West Mexican Chachalaca_sound/West Mexican Chachalaca28,D:\other\Bird\Dataset\CC0\West Mexican Chachalaca_sound\West Mexican Chachalaca28.mp3,D:\other\Bird\Code\data\kaggle_training_wav_cache_sp\West Mexican Chachalaca_sound\West Mexican Chachalaca28.wav,converted,True,32000.0,1.0,104.8189375,3377758,3354206,24,0.9930273275942207,
West Mexican Chachalaca_sound/West Mexican Chachalaca3,D:\other\Bird\Dataset\CC0\West Mexican Chachalaca_sound\West Mexican Chachalaca3.mp3,D:\other\Bird\Code\data\kaggle_training_wav_cache_sp\West Mexican Chachalaca_sound\West Mexican Chachalaca3.wav,converted,True,32000.0,1.0,71.04,4431360,2273280,188,0.512998266897747,"[mp3 @ 0000014b7dde56c0] Estimating duration from bitrate, this may be inaccurate
"
West Mexican Chachalaca_sound/West Mexican Chachalaca31,D:\other\Bird\Dataset\CC0\West Mexican Chachalaca_sound\West Mexican Chachalaca31.mp3,D:\other\Bird\Code\data\kaggle_training_wav_cache_sp\West Mexican Chachalaca_sound\West Mexican Chachalaca31.wav,converted,True,32000.0,1.0,43.0171875,1376550,1376550,1,1.0,
West Mexican Chachalaca_sound/West Mexican Chachalaca30,D:\other\Bird\Dataset\CC0\West Mexican Chachalaca_sound\West Mexican Chachalaca30.mp3,D:\other\Bird\Code\data\kaggle_training_wav_cache_sp\West Mexican Chachalaca_sound\West Mexican Chachalaca30.wav,converted,True,32000.0,1.0,155.584,5001904,4978688,1,0.9953585674575122,
West Mexican Chachalaca_sound/West Mexican Chachalaca4,D:\other\Bird\Dataset\CC0\West Mexican Chachalaca_sound\West Mexican Chachalaca4.mp3,D:\other\Bird\Code\data\kaggle_training_wav_cache_sp\West Mexican Chachalaca_sound\West Mexican Chachalaca4.wav,converted,True,32000.0,1.0,5.9099375,218814,189118,8,0.8642865630169916,
West Mexican Chachalaca_sound/West Mexican Chachalaca6,D:\other\Bird\Dataset\CC0\West Mexican Chachalaca_sound\West Mexican Chachalaca6.mp3,D:\other\Bird\Code\data\kaggle_training_wav_cache_sp\West Mexican Chachalaca_sound\West Mexican Chachalaca6.wav,converted,True,32000.0,1.0,56.35725,1855144,1803432,17,0.9721250749267981,
West Mexican Chachalaca_sound/West Mexican Chachalaca7,D:\other\Bird\Dataset\CC0\West Mexican Chachalaca_sound\West Mexican Chachalaca7.mp3,D:\other\Bird\Code\data\kaggle_training_wav_cache_sp\West Mexican Chachalaca_sound\West Mexican Chachalaca7.wav,converted,True,32000.0,1.0,14.90721875,477031,477031,1,1.0,
West Mexican Chachalaca_sound/West Mexican Chachalaca5,D:\other\Bird\Dataset\CC0\West Mexican Chachalaca_sound\West Mexican Chachalaca5.mp3,D:\other\Bird\Code\data\kaggle_training_wav_cache_sp\West Mexican Chachalaca_sound\West Mexican Chachalaca5.wav,converted,True,32000.0,1.0,78.474,2914624,2511168,78,0.861575283810193,
West Mexican Chachalaca_sound/West Mexican Chachalaca8,D:\other\Bird\Dataset\CC0\West Mexican Chachalaca_sound\West Mexican Chachalaca8.mp3,D:\other\Bird\Code\data\kaggle_training_wav_cache_sp\West Mexican Chachalaca_sound\West Mexican Chachalaca8.wav,converted,True,32000.0,1.0,6.08,211251,194560,17,0.920989723125571,
West Mexican Chachalaca_sound/West Mexican Chachalaca9,D:\other\Bird\Dataset\CC0\West Mexican Chachalaca_sound\West Mexican Chachalaca9.mp3,D:\other\Bird\Code\data\kaggle_training_wav_cache_sp\West Mexican Chachalaca_sound\West Mexican Chachalaca9.wav,converted,True,32000.0,1.0,8.397,272288,268704,7,0.9868374662122459,
White-bellied Chachalaca_sound/White-bellied Chachalaca10,D:\other\Bird\Dataset\CC0\White-bellied Chachalaca_sound\White-bellied Chachalaca10.mp3,D:\other\Bird\Code\data\kaggle_training_wav_cache_sp\White-bellied Chachalaca_sound\White-bellied Chachalaca10.wav,converted,True,32000.0,1.0,90.592,2906880,2898944,2,0.9972699251431087,"[mp3 @ 000001c76af85700] Estimating duration from bitrate, this may be inaccurate
"
White-bellied Chachalaca_sound/White-bellied Chachalaca11,D:\other\Bird\Dataset\CC0\White-bellied Chachalaca_sound\White-bellied Chachalaca11.mp3,D:\other\Bird\Code\data\kaggle_training_wav_cache_sp\White-bellied Chachalaca_sound\White-bellied Chachalaca11.wav,converted,True,32000.0,1.0,90.592,2906880,2898944,2,0.9972699251431087,"[mp3 @ 00000165f0765700] Estimating duration from bitrate, this may be inaccurate
"
White-bellied Chachalaca_sound/White-bellied Chachalaca13,D:\other\Bird\Dataset\CC0\White-bellied Chachalaca_sound\White-bellied Chachalaca13.mp3,D:\other\Bird\Code\data\kaggle_training_wav_cache_sp\White-bellied Chachalaca_sound\White-bellied Chachalaca13.wav,converted,True,32000.0,1.0,7.417625,237364,237364,1,1.0,
White-bellied Chachalaca_sound/White-bellied Chachalaca14,D:\other\Bird\Dataset\CC0\White-bellied Chachalaca_sound\White-bellied Chachalaca14.mp3,D:\other\Bird\Code\data\kaggle_training_wav_cache_sp\White-bellied Chachalaca_sound\White-bellied Chachalaca14.wav,converted,True,32000.0,1.0,7.417625,237364,237364,1,1.0,
White-bellied Chachalaca_sound/White-bellied Chachalaca15,D:\other\Bird\Dataset\CC0\White-bellied Chachalaca_sound\White-bellied Chachalaca15.mp3,D:\other\Bird\Code\data\kaggle_training_wav_cache_sp\White-bellied Chachalaca_sound\White-bellied Chachalaca15.wav,converted,True,32000.0,1.0,7.417625,237364,237364,1,1.0,
White-bellied Chachalaca_sound/White-bellied Chachalaca16,D:\other\Bird\Dataset\CC0\White-bellied Chachalaca_sound\White-bellied Chachalaca16.mp3,D:\other\Bird\Code\data\kaggle_training_wav_cache_sp\White-bellied Chachalaca_sound\White-bellied Chachalaca16.wav,converted,True,32000.0,1.0,7.417625,237364,237364,1,1.0,
White-bellied Chachalaca_sound/White-bellied Chachalaca17,D:\other\Bird\Dataset\CC0\White-bellied Chachalaca_sound\White-bellied Chachalaca17.mp3,D:\other\Bird\Code\data\kaggle_training_wav_cache_sp\White-bellied Chachalaca_sound\White-bellied Chachalaca17.wav,converted,True,32000.0,1.0,7.417625,237364,237364,1,1.0,
White-bellied Chachalaca_sound/White-bellied Chachalaca12,D:\other\Bird\Dataset\CC0\White-bellied Chachalaca_sound\White-bellied Chachalaca12.mp3,D:\other\Bird\Code\data\kaggle_training_wav_cache_sp\White-bellied Chachalaca_sound\White-bellied Chachalaca12.wav,converted,True,32000.0,1.0,90.592,2906880,2898944,2,0.9972699251431087,"[mp3 @ 00000271c67a5700] Estimating duration from bitrate, this may be inaccurate
"
White-bellied Chachalaca_sound/White-bellied Chachalaca19,D:\other\Bird\Dataset\CC0\White-bellied Chachalaca_sound\White-bellied Chachalaca19.mp3,D:\other\Bird\Code\data\kaggle_training_wav_cache_sp\White-bellied Chachalaca_sound\White-bellied Chachalaca19.wav,converted,True,32000.0,1.0,11.232,366133,359424,1,0.9816760576074814,"[mp3 @ 000002da57c75700] Estimating duration from bitrate, this may be inaccurate
"
White-bellied Chachalaca_sound/White-bellied Chachalaca18,D:\other\Bird\Dataset\CC0\White-bellied Chachalaca_sound\White-bellied Chachalaca18.mp3,D:\other\Bird\Code\data\kaggle_training_wav_cache_sp\White-bellied Chachalaca_sound\White-bellied Chachalaca18.wav,converted,True,32000.0,1.0,18.464,643310,590848,31,0.9184498919649936,
White-bellied Chachalaca_sound/White-bellied Chachalaca20,D:\other\Bird\Dataset\CC0\White-bellied Chachalaca_sound\White-bellied Chachalaca20.mp3,D:\other\Bird\Code\data\kaggle_training_wav_cache_sp\White-bellied Chachalaca_sound\White-bellied Chachalaca20.wav,converted,True,32000.0,1.0,11.382125,371908,364228,1,0.979349731654065,
White-bellied Chachalaca_sound/White-bellied Chachalaca2,D:\other\Bird\Dataset\CC0\White-bellied Chachalaca_sound\White-bellied Chachalaca2.mp3,D:\other\Bird\Code\data\kaggle_training_wav_cache_sp\White-bellied Chachalaca_sound\White-bellied Chachalaca2.wav,converted,True,32000.0,1.0,79.52,2606227,2544640,1,0.9763692878632598,
White-bellied Chachalaca_sound/White-bellied Chachalaca4,D:\other\Bird\Dataset\CC0\White-bellied Chachalaca_sound\White-bellied Chachalaca4.mp3,D:\other\Bird\Code\data\kaggle_training_wav_cache_sp\White-bellied Chachalaca_sound\White-bellied Chachalaca4.wav,converted,True,32000.0,1.0,9.73915625,331621,311653,6,0.9397866841967185,
White-bellied Chachalaca_sound/White-bellied Chachalaca5,D:\other\Bird\Dataset\CC0\White-bellied Chachalaca_sound\White-bellied Chachalaca5.mp3,D:\other\Bird\Code\data\kaggle_training_wav_cache_sp\White-bellied Chachalaca_sound\White-bellied Chachalaca5.wav,converted,True,32000.0,1.0,9.73915625,331621,311653,6,0.9397866841967185,
White-bellied Chachalaca_sound/White-bellied Chachalaca3,D:\other\Bird\Dataset\CC0\White-bellied Chachalaca_sound\White-bellied Chachalaca3.mp3,D:\other\Bird\Code\data\kaggle_training_wav_cache_sp\White-bellied Chachalaca_sound\White-bellied Chachalaca3.wav,converted,True,32000.0,1.0,98.88,3191282,3164160,3,0.9915012211393415,
White-bellied Chachalaca_sound/White-bellied Chachalaca6,D:\other\Bird\Dataset\CC0\White-bellied Chachalaca_sound\White-bellied Chachalaca6.mp3,D:\other\Bird\Code\data\kaggle_training_wav_cache_sp\White-bellied Chachalaca_sound\White-bellied Chachalaca6.wav,converted,True,32000.0,1.0,9.73915625,331621,311653,6,0.9397866841967185,
White-bellied Chachalaca_sound/White-bellied Chachalaca7,D:\other\Bird\Dataset\CC0\White-bellied Chachalaca_sound\White-bellied Chachalaca7.mp3,D:\other\Bird\Code\data\kaggle_training_wav_cache_sp\White-bellied Chachalaca_sound\White-bellied Chachalaca7.wav,converted,True,32000.0,1.0,90.592,2906880,2898944,2,0.9972699251431087,"[mp3 @ 000001b524735700] Estimating duration from bitrate, this may be inaccurate
"
White-bellied Chachalaca_sound/White-bellied Chachalaca8,D:\other\Bird\Dataset\CC0\White-bellied Chachalaca_sound\White-bellied Chachalaca8.mp3,D:\other\Bird\Code\data\kaggle_training_wav_cache_sp\White-bellied Chachalaca_sound\White-bellied Chachalaca8.wav,converted,True,32000.0,1.0,90.592,2906880,2898944,2,0.9972699251431087,"[mp3 @ 0000020639eb5700] Estimating duration from bitrate, this may be inaccurate
"
White-bellied Nothura_sound/White-bellied Nothura10,D:\other\Bird\Dataset\CC0\White-bellied Nothura_sound\White-bellied Nothura10.mp3,D:\other\Bird\Code\data\kaggle_training_wav_cache_sp\White-bellied Nothura_sound\White-bellied Nothura10.wav,converted,True,32000.0,1.0,6.176,1216086,197632,36,0.16251482214251295,
White-bellied Nothura_sound/White-bellied Nothura11,D:\other\Bird\Dataset\CC0\White-bellied Nothura_sound\White-bellied Nothura11.mp3,D:\other\Bird\Code\data\kaggle_training_wav_cache_sp\White-bellied Nothura_sound\White-bellied Nothura11.wav,converted,True,32000.0,1.0,6.176,1216086,197632,36,0.16251482214251295,
White-bellied Chachalaca_sound/White-bellied Chachalaca9,D:\other\Bird\Dataset\CC0\White-bellied Chachalaca_sound\White-bellied Chachalaca9.mp3,D:\other\Bird\Code\data\kaggle_training_wav_cache_sp\White-bellied Chachalaca_sound\White-bellied Chachalaca9.wav,converted,True,32000.0,1.0,90.592,2906880,2898944,2,0.9972699251431087,"[mp3 @ 0000029ccc3c5700] Estimating duration from bitrate, this may be inaccurate
"
White-bellied Nothura_sound/White-bellied Nothura13,D:\other\Bird\Dataset\CC0\White-bellied Nothura_sound\White-bellied Nothura13.mp3,D:\other\Bird\Code\data\kaggle_training_wav_cache_sp\White-bellied Nothura_sound\White-bellied Nothura13.wav,too_short_after_preprocess,,,,2.368,650345,75776,16,0.11651661810269934,
White-bellied Nothura_sound/White-bellied Nothura12,D:\other\Bird\Dataset\CC0\White-bellied Nothura_sound\White-bellied Nothura12.mp3,D:\other\Bird\Code\data\kaggle_training_wav_cache_sp\White-bellied Nothura_sound\White-bellied Nothura12.wav,converted,True,32000.0,1.0,5.376,938880,172032,31,0.18323108384458078,"[mp3 @ 00000252cf1956c0] Estimating duration from bitrate, this may be inaccurate
"
White-bellied Nothura_sound/White-bellied Nothura14,D:\other\Bird\Dataset\CC0\White-bellied Nothura_sound\White-bellied Nothura14.mp3,D:\other\Bird\Code\data\kaggle_training_wav_cache_sp\White-bellied Nothura_sound\White-bellied Nothura14.wav,too_short_after_preprocess,,,,2.368,650345,75776,16,0.11651661810269934,
White-bellied Nothura_sound/White-bellied Nothura15,D:\other\Bird\Dataset\CC0\White-bellied Nothura_sound\White-bellied Nothura15.mp3,D:\other\Bird\Code\data\kaggle_training_wav_cache_sp\White-bellied Nothura_sound\White-bellied Nothura15.wav,converted,True,32000.0,1.0,25.63659375,877715,820371,19,0.9346667198350261,"[mp3 @ 00000227c96456c0] Estimating duration from bitrate, this may be inaccurate
"
White-bellied Nothura_sound/White-bellied Nothura16,D:\other\Bird\Dataset\CC0\White-bellied Nothura_sound\White-bellied Nothura16.mp3,D:\other\Bird\Code\data\kaggle_training_wav_cache_sp\White-bellied Nothura_sound\White-bellied Nothura16.wav,converted,True,32000.0,1.0,25.63659375,877715,820371,19,0.9346667198350261,"[mp3 @ 0000027dbf1856c0] Estimating duration from bitrate, this may be inaccurate
"
White-bellied Nothura_sound/White-bellied Nothura17,D:\other\Bird\Dataset\CC0\White-bellied Nothura_sound\White-bellied Nothura17.mp3,D:\other\Bird\Code\data\kaggle_training_wav_cache_sp\White-bellied Nothura_sound\White-bellied Nothura17.wav,converted,True,32000.0,1.0,18.8956875,1090038,604662,49,0.554716441078201,"[mp3 @ 000001c6568556c0] Estimating duration from bitrate, this may be inaccurate
"
White-bellied Nothura_sound/White-bellied Nothura18,D:\other\Bird\Dataset\CC0\White-bellied Nothura_sound\White-bellied Nothura18.mp3,D:\other\Bird\Code\data\kaggle_training_wav_cache_sp\White-bellied Nothura_sound\White-bellied Nothura18.wav,converted,True,32000.0,1.0,12.64,1025672,404480,47,0.3943560904460685,"[mp3 @ 0000013e5d8d56c0] Estimating duration from bitrate, this may be inaccurate
"
White-bellied Nothura_sound/White-bellied Nothura19,D:\other\Bird\Dataset\CC0\White-bellied Nothura_sound\White-bellied Nothura19.mp3,D:\other\Bird\Code\data\kaggle_training_wav_cache_sp\White-bellied Nothura_sound\White-bellied Nothura19.wav,converted,True,32000.0,1.0,12.64,1025672,404480,47,0.3943560904460685,"[mp3 @ 000002c9dbc156c0] Estimating duration from bitrate, this may be inaccurate
"
White-bellied Nothura_sound/White-bellied Nothura2,D:\other\Bird\Dataset\CC0\White-bellied Nothura_sound\White-bellied Nothura2.mp3,D:\other\Bird\Code\data\kaggle_training_wav_cache_sp\White-bellied Nothura_sound\White-bellied Nothura2.wav,converted,True,32000.0,1.0,8.528,351922,272896,2,0.7754445587374476,"[mp3 @ 000001ea692e56c0] Estimating duration from bitrate, this may be inaccurate
"
White-bellied Nothura_sound/White-bellied Nothura20,D:\other\Bird\Dataset\CC0\White-bellied Nothura_sound\White-bellied Nothura20.mp3,D:\other\Bird\Code\data\kaggle_training_wav_cache_sp\White-bellied Nothura_sound\White-bellied Nothura20.wav,converted,True,32000.0,1.0,12.64,1025672,404480,47,0.3943560904460685,"[mp3 @ 00000204a5b656c0] Estimating duration from bitrate, this may be inaccurate
"
White-bellied Nothura_sound/White-bellied Nothura21,D:\other\Bird\Dataset\CC0\White-bellied Nothura_sound\White-bellied Nothura21.mp3,D:\other\Bird\Code\data\kaggle_training_wav_cache_sp\White-bellied Nothura_sound\White-bellied Nothura21.wav,converted,True,32000.0,1.0,33.30025,1066632,1065608,1,0.9990399687989859,"[mp3 @ 000001fdeefd56c0] Estimating duration from bitrate, this may be inaccurate
"
White-bellied Nothura_sound/White-bellied Nothura22,D:\other\Bird\Dataset\CC0\White-bellied Nothura_sound\White-bellied Nothura22.mp3,D:\other\Bird\Code\data\kaggle_training_wav_cache_sp\White-bellied Nothura_sound\White-bellied Nothura22.wav,converted,True,32000.0,1.0,23.8498125,763194,763194,1,1.0,"[mp3 @ 0000014f649a56c0] Estimating duration from bitrate, this may be inaccurate
"
White-bellied Nothura_sound/White-bellied Nothura23,D:\other\Bird\Dataset\CC0\White-bellied Nothura_sound\White-bellied Nothura23.mp3,D:\other\Bird\Code\data\kaggle_training_wav_cache_sp\White-bellied Nothura_sound\White-bellied Nothura23.wav,converted,True,32000.0,1.0,31.888,1728768,1020416,133,0.5902561824374352,"[mp3 @ 0000024020ca56c0] Estimating duration from bitrate, this may be inaccurate
"
White-bellied Nothura_sound/White-bellied Nothura25,D:\other\Bird\Dataset\CC0\White-bellied Nothura_sound\White-bellied Nothura25.mp3,D:\other\Bird\Code\data\kaggle_training_wav_cache_sp\White-bellied Nothura_sound\White-bellied Nothura25.wav,converted,True,32000.0,1.0,9.427125,310884,301668,6,0.9703555023738758,
White-bellied Nothura_sound/White-bellied Nothura24,D:\other\Bird\Dataset\CC0\White-bellied Nothura_sound\White-bellied Nothura24.mp3,D:\other\Bird\Code\data\kaggle_training_wav_cache_sp\White-bellied Nothura_sound\White-bellied Nothura24.wav,converted,True,32000.0,1.0,31.888,1728768,1020416,133,0.5902561824374352,"[mp3 @ 0000020f83b356c0] Estimating duration from bitrate, this may be inaccurate
"
White-bellied Nothura_sound/White-bellied Nothura26,D:\other\Bird\Dataset\CC0\White-bellied Nothura_sound\White-bellied Nothura26.mp3,D:\other\Bird\Code\data\kaggle_training_wav_cache_sp\White-bellied Nothura_sound\White-bellied Nothura26.wav,converted,True,32000.0,1.0,8.048,706352,257536,25,0.36460008607606403,"[mp3 @ 000001deb31e56c0] Estimating duration from bitrate, this may be inaccurate
"
White-bellied Nothura_sound/White-bellied Nothura27,D:\other\Bird\Dataset\CC0\White-bellied Nothura_sound\White-bellied Nothura27.mp3,D:\other\Bird\Code\data\kaggle_training_wav_cache_sp\White-bellied Nothura_sound\White-bellied Nothura27.wav,converted,True,32000.0,1.0,8.048,706352,257536,25,0.36460008607606403,"[mp3 @ 000001b03ea356c0] Estimating duration from bitrate, this may be inaccurate
"
White-bellied Nothura_sound/White-bellied Nothura28,D:\other\Bird\Dataset\CC0\White-bellied Nothura_sound\White-bellied Nothura28.mp3,D:\other\Bird\Code\data\kaggle_training_wav_cache_sp\White-bellied Nothura_sound\White-bellied Nothura28.wav,converted,True,32000.0,1.0,11.232,362789,359424,1,0.9907246360832329,"[mp3 @ 00000276f04e56c0] Estimating duration from bitrate, this may be inaccurate
[mp3float @ 00000276f04e7c80] Header missing
Error while decoding stream #0:0: Invalid data found when processing input
"
White-bellied Nothura_sound/White-bellied Nothura29,D:\other\Bird\Dataset\CC0\White-bellied Nothura_sound\White-bellied Nothura29.mp3,D:\other\Bird\Code\data\kaggle_training_wav_cache_sp\White-bellied Nothura_sound\White-bellied Nothura29.wav,converted,True,32000.0,1.0,18.072,876288,578304,42,0.6599474145486416,"[mp3 @ 000001bddf8356c0] Estimating duration from bitrate, this may be inaccurate
"
White-bellied Nothura_sound/White-bellied Nothura30,D:\other\Bird\Dataset\CC0\White-bellied Nothura_sound\White-bellied Nothura30.mp3,D:\other\Bird\Code\data\kaggle_training_wav_cache_sp\White-bellied Nothura_sound\White-bellied Nothura30.wav,too_short_after_preprocess,,,,4.928,158208,157696,1,0.9967637540453075,
White-bellied Nothura_sound/White-bellied Nothura3,D:\other\Bird\Dataset\CC0\White-bellied Nothura_sound\White-bellied Nothura3.mp3,D:\other\Bird\Code\data\kaggle_training_wav_cache_sp\White-bellied Nothura_sound\White-bellied Nothura3.wav,converted,True,32000.0,1.0,36.85646875,1641743,1179407,111,0.7183871044371744,
White-bellied Nothura_sound/White-bellied Nothura31,D:\other\Bird\Dataset\CC0\White-bellied Nothura_sound\White-bellied Nothura31.mp3,D:\other\Bird\Code\data\kaggle_training_wav_cache_sp\White-bellied Nothura_sound\White-bellied Nothura31.wav,converted,True,32000.0,1.0,25.168,1429421,805376,94,0.5634281292915103,"[mp3 @ 000001debfa056c0] Estimating duration from bitrate, this may be inaccurate
"
White-bellied Nothura_sound/White-bellied Nothura4,D:\other\Bird\Dataset\CC0\White-bellied Nothura_sound\White-bellied Nothura4.mp3,D:\other\Bird\Code\data\kaggle_training_wav_cache_sp\White-bellied Nothura_sound\White-bellied Nothura4.wav,converted,True,32000.0,1.0,34.8906875,1125718,1116502,3,0.991813224981745,
White-bellied Nothura_sound/White-bellied Nothura5,D:\other\Bird\Dataset\CC0\White-bellied Nothura_sound\White-bellied Nothura5.mp3,D:\other\Bird\Code\data\kaggle_training_wav_cache_sp\White-bellied Nothura_sound\White-bellied Nothura5.wav,converted,True,32000.0,1.0,38.496,1292228,1231872,3,0.9532930721203998,
White-bellied Nothura_sound/White-bellied Nothura6,D:\other\Bird\Dataset\CC0\White-bellied Nothura_sound\White-bellied Nothura6.mp3,D:\other\Bird\Code\data\kaggle_training_wav_cache_sp\White-bellied Nothura_sound\White-bellied Nothura6.wav,converted,True,32000.0,1.0,38.496,1292228,1231872,3,0.9532930721203998,
White-bellied Nothura_sound/White-bellied Nothura7,D:\other\Bird\Dataset\CC0\White-bellied Nothura_sound\White-bellied Nothura7.mp3,D:\other\Bird\Code\data\kaggle_training_wav_cache_sp\White-bellied Nothura_sound\White-bellied Nothura7.wav,converted,True,32000.0,1.0,38.496,1292228,1231872,3,0.9532930721203998,
White-bellied Nothura_sound/White-bellied Nothura8,D:\other\Bird\Dataset\CC0\White-bellied Nothura_sound\White-bellied Nothura8.mp3,D:\other\Bird\Code\data\kaggle_training_wav_cache_sp\White-bellied Nothura_sound\White-bellied Nothura8.wav,converted,True,32000.0,1.0,38.496,1292228,1231872,3,0.9532930721203998,
White-bellied Nothura_sound/White-bellied Nothura9,D:\other\Bird\Dataset\CC0\White-bellied Nothura_sound\White-bellied Nothura9.mp3,D:\other\Bird\Code\data\kaggle_training_wav_cache_sp\White-bellied Nothura_sound\White-bellied Nothura9.wav,converted,True,32000.0,1.0,6.176,1216086,197632,36,0.16251482214251295,
White-crested Guan_sound/White-crested Guan10,D:\other\Bird\Dataset\CC0\White-crested Guan_sound\White-crested Guan10.mp3,D:\other\Bird\Code\data\kaggle_training_wav_cache_sp\White-crested Guan_sound\White-crested Guan10.wav,converted,True,32000.0,1.0,57.392,1928464,1836544,26,0.9523351226675738,"[mp3 @ 000001f53a4a56c0] Estimating duration from bitrate, this may be inaccurate
"
White-crested Guan_sound/White-crested Guan11,D:\other\Bird\Dataset\CC0\White-crested Guan_sound\White-crested Guan11.mp3,D:\other\Bird\Code\data\kaggle_training_wav_cache_sp\White-crested Guan_sound\White-crested Guan11.wav,converted,True,32000.0,1.0,61.44,2044657,1966080,32,0.9615695933352146,"[mp3 @ 0000018b451d56c0] Estimating duration from bitrate, this may be inaccurate
"
White-crested Guan_sound/White-crested Guan13,D:\other\Bird\Dataset\CC0\White-crested Guan_sound\White-crested Guan13.mp3,D:\other\Bird\Code\data\kaggle_training_wav_cache_sp\White-crested Guan_sound\White-crested Guan13.wav,converted,True,32000.0,1.0,18.92378125,605561,605561,1,1.0,
White-crested Guan_sound/White-crested Guan12,D:\other\Bird\Dataset\CC0\White-crested Guan_sound\White-crested Guan12.mp3,D:\other\Bird\Code\data\kaggle_training_wav_cache_sp\White-crested Guan_sound\White-crested Guan12.wav,converted,True,32000.0,1.0,61.44,2044657,1966080,32,0.9615695933352146,"[mp3 @ 000001dda5bc56c0] Estimating duration from bitrate, this may be inaccurate
"
White-crested Guan_sound/White-crested Guan2,D:\other\Bird\Dataset\CC0\White-crested Guan_sound\White-crested Guan2.mp3,D:\other\Bird\Code\data\kaggle_training_wav_cache_sp\White-crested Guan_sound\White-crested Guan2.wav,converted,True,32000.0,1.0,14.592,541676,466944,15,0.8620356080018313,"[mp3 @ 0000016aef6356c0] Estimating duration from bitrate, this may be inaccurate
"
White-crested Guan_sound/White-crested Guan3,D:\other\Bird\Dataset\CC0\White-crested Guan_sound\White-crested Guan3.mp3,D:\other\Bird\Code\data\kaggle_training_wav_cache_sp\White-crested Guan_sound\White-crested Guan3.wav,converted,True,32000.0,1.0,14.592,541676,466944,15,0.8620356080018313,"[mp3 @ 00000289981e56c0] Estimating duration from bitrate, this may be inaccurate
"
White-crested Guan_sound/White-crested Guan4,D:\other\Bird\Dataset\CC0\White-crested Guan_sound\White-crested Guan4.mp3,D:\other\Bird\Code\data\kaggle_training_wav_cache_sp\White-crested Guan_sound\White-crested Guan4.wav,converted,True,32000.0,1.0,14.592,541676,466944,15,0.8620356080018313,"[mp3 @ 0000019a478b56c0] Estimating duration from bitrate, this may be inaccurate
"
White-crested Guan_sound/White-crested Guan5,D:\other\Bird\Dataset\CC0\White-crested Guan_sound\White-crested Guan5.mp3,D:\other\Bird\Code\data\kaggle_training_wav_cache_sp\White-crested Guan_sound\White-crested Guan5.wav,converted,True,32000.0,1.0,14.592,541676,466944,15,0.8620356080018313,"[mp3 @ 0000023dffcb56c0] Estimating duration from bitrate, this may be inaccurate
"
White-crested Guan_sound/White-crested Guan6,D:\other\Bird\Dataset\CC0\White-crested Guan_sound\White-crested Guan6.mp3,D:\other\Bird\Code\data\kaggle_training_wav_cache_sp\White-crested Guan_sound\White-crested Guan6.wav,converted,True,32000.0,1.0,14.592,541676,466944,15,0.8620356080018313,"[mp3 @ 000001ee640656c0] Estimating duration from bitrate, this may be inaccurate
"
White-crested Guan_sound/White-crested Guan7,D:\other\Bird\Dataset\CC0\White-crested Guan_sound\White-crested Guan7.mp3,D:\other\Bird\Code\data\kaggle_training_wav_cache_sp\White-crested Guan_sound\White-crested Guan7.wav,converted,True,32000.0,1.0,33.7211875,1081638,1079078,1,0.9976332192471049,
White-crested Guan_sound/White-crested Guan8,D:\other\Bird\Dataset\CC0\White-crested Guan_sound\White-crested Guan8.mp3,D:\other\Bird\Code\data\kaggle_training_wav_cache_sp\White-crested Guan_sound\White-crested Guan8.wav,converted,True,32000.0,1.0,33.7211875,1081638,1079078,1,0.9976332192471049,
White-throated Tinamou_sound/White-throated Tinamou10,D:\other\Bird\Dataset\CC0\White-throated Tinamou_sound\White-throated Tinamou10.mp3,D:\other\Bird\Code\data\kaggle_training_wav_cache_sp\White-throated Tinamou_sound\White-throated Tinamou10.wav,converted,True,32000.0,1.0,6.592,218112,210944,5,0.9671361502347418,"[mp3 @ 00000286cd2856c0] Estimating duration from bitrate, this may be inaccurate
"
White-crested Guan_sound/White-crested Guan9,D:\other\Bird\Dataset\CC0\White-crested Guan_sound\White-crested Guan9.mp3,D:\other\Bird\Code\data\kaggle_training_wav_cache_sp\White-crested Guan_sound\White-crested Guan9.wav,converted,True,32000.0,1.0,46.832,1533075,1498624,2,0.9775281705069876,"[mp3 @ 000001b2600156c0] Estimating duration from bitrate, this may be inaccurate
"
White-throated Tinamou_sound/White-throated Tinamou11,D:\other\Bird\Dataset\CC0\White-throated Tinamou_sound\White-throated Tinamou11.mp3,D:\other\Bird\Code\data\kaggle_training_wav_cache_sp\White-throated Tinamou_sound\White-throated Tinamou11.wav,converted,True,32000.0,1.0,6.592,218112,210944,5,0.9671361502347418,"[mp3 @ 000001a5cb7356c0] Estimating duration from bitrate, this may be inaccurate
"
White-throated Tinamou_sound/White-throated Tinamou12,D:\other\Bird\Dataset\CC0\White-throated Tinamou_sound\White-throated Tinamou12.mp3,D:\other\Bird\Code\data\kaggle_training_wav_cache_sp\White-throated Tinamou_sound\White-throated Tinamou12.wav,converted,True,32000.0,1.0,6.592,218112,210944,5,0.9671361502347418,"[mp3 @ 00000181184d56c0] Estimating duration from bitrate, this may be inaccurate
"
White-throated Tinamou_sound/White-throated Tinamou13,D:\other\Bird\Dataset\CC0\White-throated Tinamou_sound\White-throated Tinamou13.mp3,D:\other\Bird\Code\data\kaggle_training_wav_cache_sp\White-throated Tinamou_sound\White-throated Tinamou13.wav,converted,True,32000.0,1.0,36.8,1231308,1177600,5,0.9563813440666348,"[mp3 @ 000001ae8e5756c0] Estimating duration from bitrate, this may be inaccurate
"
White-throated Tinamou_sound/White-throated Tinamou14,D:\other\Bird\Dataset\CC0\White-throated Tinamou_sound\White-throated Tinamou14.mp3,D:\other\Bird\Code\data\kaggle_training_wav_cache_sp\White-throated Tinamou_sound\White-throated Tinamou14.wav,converted,True,32000.0,1.0,31.12,1072484,995840,9,0.9285359968074116,"[mp3 @ 00000149f63b56c0] Estimating duration from bitrate, this may be inaccurate
"
White-throated Tinamou_sound/White-throated Tinamou15,D:\other\Bird\Dataset\CC0\White-throated Tinamou_sound\White-throated Tinamou15.mp3,D:\other\Bird\Code\data\kaggle_training_wav_cache_sp\White-throated Tinamou_sound\White-throated Tinamou15.wav,converted,True,32000.0,1.0,6.016,214631,192512,1,0.896944057475388,
White-throated Tinamou_sound/White-throated Tinamou16,D:\other\Bird\Dataset\CC0\White-throated Tinamou_sound\White-throated Tinamou16.mp3,D:\other\Bird\Code\data\kaggle_training_wav_cache_sp\White-throated Tinamou_sound\White-throated Tinamou16.wav,converted,True,32000.0,1.0,6.016,214631,192512,1,0.896944057475388,
White-throated Tinamou_sound/White-throated Tinamou17,D:\other\Bird\Dataset\CC0\White-throated Tinamou_sound\White-throated Tinamou17.mp3,D:\other\Bird\Code\data\kaggle_training_wav_cache_sp\White-throated Tinamou_sound\White-throated Tinamou17.wav,converted,True,32000.0,1.0,9.488,366080,303616,2,0.8293706293706293,
White-throated Tinamou_sound/White-throated Tinamou18,D:\other\Bird\Dataset\CC0\White-throated Tinamou_sound\White-throated Tinamou18.mp3,D:\other\Bird\Code\data\kaggle_training_wav_cache_sp\White-throated Tinamou_sound\White-throated Tinamou18.wav,converted,True,32000.0,1.0,13.216,548267,422912,11,0.7713613987345581,
White-throated Tinamou_sound/White-throated Tinamou19,D:\other\Bird\Dataset\CC0\White-throated Tinamou_sound\White-throated Tinamou19.mp3,D:\other\Bird\Code\data\kaggle_training_wav_cache_sp\White-throated Tinamou_sound\White-throated Tinamou19.wav,converted,True,32000.0,1.0,7.232,390827,231424,8,0.5921392329598518,
White-throated Tinamou_sound/White-throated Tinamou2,D:\other\Bird\Dataset\CC0\White-throated Tinamou_sound\White-throated Tinamou2.mp3,D:\other\Bird\Code\data\kaggle_training_wav_cache_sp\White-throated Tinamou_sound\White-throated Tinamou2.wav,converted,True,32000.0,1.0,15.84,545019,506880,30,0.930022623064517,"[mp3 @ 000001d2fde156c0] Estimating duration from bitrate, this may be inaccurate
"
White-throated Tinamou_sound/White-throated Tinamou20,D:\other\Bird\Dataset\CC0\White-throated Tinamou_sound\White-throated Tinamou20.mp3,D:\other\Bird\Code\data\kaggle_training_wav_cache_sp\White-throated Tinamou_sound\White-throated Tinamou20.wav,converted,True,32000.0,1.0,12.48,546987,399360,4,0.7301087594403524,
White-throated Tinamou_sound/White-throated Tinamou22,D:\other\Bird\Dataset\CC0\White-throated Tinamou_sound\White-throated Tinamou22.mp3,D:\other\Bird\Code\data\kaggle_training_wav_cache_sp\White-throated Tinamou_sound\White-throated Tinamou22.wav,converted,True,32000.0,1.0,15.056,512418,481792,3,0.9402323884016565,"[mp3 @ 000002ca4aa456c0] Estimating duration from bitrate, this may be inaccurate
"
White-throated Tinamou_sound/White-throated Tinamou21,D:\other\Bird\Dataset\CC0\White-throated Tinamou_sound\White-throated Tinamou21.mp3,D:\other\Bird\Code\data\kaggle_training_wav_cache_sp\White-throated Tinamou_sound\White-throated Tinamou21.wav,converted,True,32000.0,1.0,7.84,410880,250880,5,0.6105919003115264,
White-throated Tinamou_sound/White-throated Tinamou23,D:\other\Bird\Dataset\CC0\White-throated Tinamou_sound\White-throated Tinamou23.mp3,D:\other\Bird\Code\data\kaggle_training_wav_cache_sp\White-throated Tinamou_sound\White-throated Tinamou23.wav,converted,True,32000.0,1.0,9.296,303439,297472,1,0.9803354216168654,"[mp3 @ 000001ce2c7c56c0] Estimating duration from bitrate, this may be inaccurate
"
White-throated Tinamou_sound/White-throated Tinamou24,D:\other\Bird\Dataset\CC0\White-throated Tinamou_sound\White-throated Tinamou24.mp3,D:\other\Bird\Code\data\kaggle_training_wav_cache_sp\White-throated Tinamou_sound\White-throated Tinamou24.wav,converted,True,32000.0,1.0,7.216,244925,230912,1,0.9427865673165254,"[mp3 @ 0000014b99f756c0] Estimating duration from bitrate, this may be inaccurate
"
White-throated Tinamou_sound/White-throated Tinamou25,D:\other\Bird\Dataset\CC0\White-throated Tinamou_sound\White-throated Tinamou25.mp3,D:\other\Bird\Code\data\kaggle_training_wav_cache_sp\White-throated Tinamou_sound\White-throated Tinamou25.wav,converted,True,32000.0,1.0,7.216,244925,230912,1,0.9427865673165254,"[mp3 @ 00000285010d56c0] Estimating duration from bitrate, this may be inaccurate
"
White-throated Tinamou_sound/White-throated Tinamou27,D:\other\Bird\Dataset\CC0\White-throated Tinamou_sound\White-throated Tinamou27.mp3,D:\other\Bird\Code\data\kaggle_training_wav_cache_sp\White-throated Tinamou_sound\White-throated Tinamou27.wav,converted,True,32000.0,1.0,10.44,334080,334080,1,1.0,"[mp3 @ 00000185bee156c0] Estimating duration from bitrate, this may be inaccurate
"
White-throated Tinamou_sound/White-throated Tinamou28,D:\other\Bird\Dataset\CC0\White-throated Tinamou_sound\White-throated Tinamou28.mp3,D:\other\Bird\Code\data\kaggle_training_wav_cache_sp\White-throated Tinamou_sound\White-throated Tinamou28.wav,converted,True,32000.0,1.0,8.664,277248,277248,1,1.0,"[mp3 @ 0000021aa34056c0] Estimating duration from bitrate, this may be inaccurate
"
White-throated Tinamou_sound/White-throated Tinamou26,D:\other\Bird\Dataset\CC0\White-throated Tinamou_sound\White-throated Tinamou26.mp3,D:\other\Bird\Code\data\kaggle_training_wav_cache_sp\White-throated Tinamou_sound\White-throated Tinamou26.wav,converted,True,32000.0,1.0,63.49290625,2040477,2031773,2,0.9957343307471733,"[mp3 @ 000001d4f33556c0] Estimating duration from bitrate, this may be inaccurate
"
White-throated Tinamou_sound/White-throated Tinamou29,D:\other\Bird\Dataset\CC0\White-throated Tinamou_sound\White-throated Tinamou29.mp3,D:\other\Bird\Code\data\kaggle_training_wav_cache_sp\White-throated Tinamou_sound\White-throated Tinamou29.wav,converted,True,32000.0,1.0,7.88484375,255387,252315,2,0.9879711966544891,
White-throated Tinamou_sound/White-throated Tinamou30,D:\other\Bird\Dataset\CC0\White-throated Tinamou_sound\White-throated Tinamou30.mp3,D:\other\Bird\Code\data\kaggle_training_wav_cache_sp\White-throated Tinamou_sound\White-throated Tinamou30.wav,converted,True,32000.0,1.0,11.28234375,361035,361035,1,1.0,
White-throated Tinamou_sound/White-throated Tinamou3,D:\other\Bird\Dataset\CC0\White-throated Tinamou_sound\White-throated Tinamou3.mp3,D:\other\Bird\Code\data\kaggle_training_wav_cache_sp\White-throated Tinamou_sound\White-throated Tinamou3.wav,converted,True,32000.0,1.0,40.05584375,1282299,1281787,1,0.9996007171494324,"[mp3 @ 00000203633f56c0] Estimating duration from bitrate, this may be inaccurate
"
White-throated Tinamou_sound/White-throated Tinamou31,D:\other\Bird\Dataset\CC0\White-throated Tinamou_sound\White-throated Tinamou31.mp3,D:\other\Bird\Code\data\kaggle_training_wav_cache_sp\White-throated Tinamou_sound\White-throated Tinamou31.wav,converted,True,32000.0,1.0,15.69728125,502313,502313,1,1.0,
White-throated Tinamou_sound/White-throated Tinamou4,D:\other\Bird\Dataset\CC0\White-throated Tinamou_sound\White-throated Tinamou4.mp3,D:\other\Bird\Code\data\kaggle_training_wav_cache_sp\White-throated Tinamou_sound\White-throated Tinamou4.wav,converted,True,32000.0,1.0,6.88034375,220683,220171,1,0.9976799300353901,"[mp3 @ 000001cda50c56c0] Estimating duration from bitrate, this may be inaccurate
"
White-throated Tinamou_sound/White-throated Tinamou5,D:\other\Bird\Dataset\CC0\White-throated Tinamou_sound\White-throated Tinamou5.mp3,D:\other\Bird\Code\data\kaggle_training_wav_cache_sp\White-throated Tinamou_sound\White-throated Tinamou5.wav,converted,True,32000.0,1.0,35.264,1133568,1128448,1,0.995483288166215,"[mp3 @ 0000017ee23e56c0] Estimating duration from bitrate, this may be inaccurate
"
White-throated Tinamou_sound/White-throated Tinamou6,D:\other\Bird\Dataset\CC0\White-throated Tinamou_sound\White-throated Tinamou6.mp3,D:\other\Bird\Code\data\kaggle_training_wav_cache_sp\White-throated Tinamou_sound\White-throated Tinamou6.wav,converted,True,32000.0,1.0,43.976,1407744,1407232,1,0.9996362975086379,"[mp3 @ 0000023e073456c0] Estimating duration from bitrate, this may be inaccurate
"
White-throated Tinamou_sound/White-throated Tinamou8,D:\other\Bird\Dataset\CC0\White-throated Tinamou_sound\White-throated Tinamou8.mp3,D:\other\Bird\Code\data\kaggle_training_wav_cache_sp\White-throated Tinamou_sound\White-throated Tinamou8.wav,converted,True,32000.0,1.0,6.592,218112,210944,5,0.9671361502347418,"[mp3 @ 00000278343156c0] Estimating duration from bitrate, this may be inaccurate
"
White-throated Tinamou_sound/White-throated Tinamou7,D:\other\Bird\Dataset\CC0\White-throated Tinamou_sound\White-throated Tinamou7.mp3,D:\other\Bird\Code\data\kaggle_training_wav_cache_sp\White-throated Tinamou_sound\White-throated Tinamou7.wav,converted,True,32000.0,1.0,43.976,1407744,1407232,1,0.9996362975086379,"[mp3 @ 000002928bcc56c0] Estimating duration from bitrate, this may be inaccurate
"
White-throated Tinamou_sound/White-throated Tinamou9,D:\other\Bird\Dataset\CC0\White-throated Tinamou_sound\White-throated Tinamou9.mp3,D:\other\Bird\Code\data\kaggle_training_wav_cache_sp\White-throated Tinamou_sound\White-throated Tinamou9.wav,converted,True,32000.0,1.0,6.592,218112,210944,5,0.9671361502347418,"[mp3 @ 00000212906056c0] Estimating duration from bitrate, this may be inaccurate
"
White-winged Guan_sound/White-winged Guan10,D:\other\Bird\Dataset\CC0\White-winged Guan_sound\White-winged Guan10.mp3,D:\other\Bird\Code\data\kaggle_training_wav_cache_sp\White-winged Guan_sound\White-winged Guan10.wav,converted,True,32000.0,1.0,5.184,359424,165888,13,0.46153846153846156,"[mp3 @ 000001d058fe5680] Estimating duration from bitrate, this may be inaccurate
"
White-winged Guan_sound/White-winged Guan11,D:\other\Bird\Dataset\CC0\White-winged Guan_sound\White-winged Guan11.mp3,D:\other\Bird\Code\data\kaggle_training_wav_cache_sp\White-winged Guan_sound\White-winged Guan11.wav,converted,True,32000.0,1.0,18.417,703008,589344,34,0.8383176293868633,"[mp3 @ 000002021f395680] Estimating duration from bitrate, this may be inaccurate
"
White-winged Guan_sound/White-winged Guan12,D:\other\Bird\Dataset\CC0\White-winged Guan_sound\White-winged Guan12.mp3,D:\other\Bird\Code\data\kaggle_training_wav_cache_sp\White-winged Guan_sound\White-winged Guan12.wav,converted,True,32000.0,1.0,60.464,2562090,1934848,113,0.7551834635005016,"[mp3 @ 00000168e2e05680] Estimating duration from bitrate, this may be inaccurate
"
White-winged Guan_sound/White-winged Guan13,D:\other\Bird\Dataset\CC0\White-winged Guan_sound\White-winged Guan13.mp3,D:\other\Bird\Code\data\kaggle_training_wav_cache_sp\White-winged Guan_sound\White-winged Guan13.wav,converted,True,32000.0,1.0,60.464,2562090,1934848,113,0.7551834635005016,"[mp3 @ 000001cb69e15680] Estimating duration from bitrate, this may be inaccurate
"
White-winged Guan_sound/White-winged Guan14,D:\other\Bird\Dataset\CC0\White-winged Guan_sound\White-winged Guan14.mp3,D:\other\Bird\Code\data\kaggle_training_wav_cache_sp\White-winged Guan_sound\White-winged Guan14.wav,converted,True,32000.0,1.0,24.912,808704,797184,12,0.9857549857549858,"[mp3 @ 00000281147c5680] Estimating duration from bitrate, this may be inaccurate
"
White-winged Guan_sound/White-winged Guan15,D:\other\Bird\Dataset\CC0\White-winged Guan_sound\White-winged Guan15.mp3,D:\other\Bird\Code\data\kaggle_training_wav_cache_sp\White-winged Guan_sound\White-winged Guan15.wav,converted,True,32000.0,1.0,45.472,2444544,1455104,144,0.595245575452927,"[mp3 @ 000001f076da5680] Estimating duration from bitrate, this may be inaccurate
"
White-winged Guan_sound/White-winged Guan16,D:\other\Bird\Dataset\CC0\White-winged Guan_sound\White-winged Guan16.mp3,D:\other\Bird\Code\data\kaggle_training_wav_cache_sp\White-winged Guan_sound\White-winged Guan16.wav,converted,True,32000.0,1.0,45.472,2444544,1455104,144,0.595245575452927,"[mp3 @ 000001d7b4ac5680] Estimating duration from bitrate, this may be inaccurate
"
White-winged Guan_sound/White-winged Guan18,D:\other\Bird\Dataset\CC0\White-winged Guan_sound\White-winged Guan18.mp3,D:\other\Bird\Code\data\kaggle_training_wav_cache_sp\White-winged Guan_sound\White-winged Guan18.wav,converted,True,32000.0,1.0,57.024,2036298,1824768,39,0.8961203124493566,"[mp3 @ 000001c034d85680] Estimating duration from bitrate, this may be inaccurate
"
White-winged Guan_sound/White-winged Guan17,D:\other\Bird\Dataset\CC0\White-winged Guan_sound\White-winged Guan17.mp3,D:\other\Bird\Code\data\kaggle_training_wav_cache_sp\White-winged Guan_sound\White-winged Guan17.wav,converted,True,32000.0,1.0,45.472,2444544,1455104,144,0.595245575452927,"[mp3 @ 000002433f765680] Estimating duration from bitrate, this may be inaccurate
"
White-winged Guan_sound/White-winged Guan2,D:\other\Bird\Dataset\CC0\White-winged Guan_sound\White-winged Guan2.mp3,D:\other\Bird\Code\data\kaggle_training_wav_cache_sp\White-winged Guan_sound\White-winged Guan2.wav,converted,True,32000.0,1.0,10.784,431999,345088,14,0.7988166639274628,
White-winged Guan_sound/White-winged Guan19,D:\other\Bird\Dataset\CC0\White-winged Guan_sound\White-winged Guan19.mp3,D:\other\Bird\Code\data\kaggle_training_wav_cache_sp\White-winged Guan_sound\White-winged Guan19.wav,converted,True,32000.0,1.0,57.024,2036298,1824768,39,0.8961203124493566,"[mp3 @ 0000011a9fb55680] Estimating duration from bitrate, this may be inaccurate
"
White-winged Guan_sound/White-winged Guan20,D:\other\Bird\Dataset\CC0\White-winged Guan_sound\White-winged Guan20.mp3,D:\other\Bird\Code\data\kaggle_training_wav_cache_sp\White-winged Guan_sound\White-winged Guan20.wav,converted,True,32000.0,1.0,57.024,2036298,1824768,39,0.8961203124493566,"[mp3 @ 0000024c7b5d5680] Estimating duration from bitrate, this may be inaccurate
"
White-winged Guan_sound/White-winged Guan3,D:\other\Bird\Dataset\CC0\White-winged Guan_sound\White-winged Guan3.mp3,D:\other\Bird\Code\data\kaggle_training_wav_cache_sp\White-winged Guan_sound\White-winged Guan3.wav,converted,True,32000.0,1.0,10.784,431999,345088,14,0.7988166639274628,
White-winged Guan_sound/White-winged Guan4,D:\other\Bird\Dataset\CC0\White-winged Guan_sound\White-winged Guan4.mp3,D:\other\Bird\Code\data\kaggle_training_wav_cache_sp\White-winged Guan_sound\White-winged Guan4.wav,converted,True,32000.0,1.0,10.784,431999,345088,14,0.7988166639274628,
White-winged Guan_sound/White-winged Guan5,D:\other\Bird\Dataset\CC0\White-winged Guan_sound\White-winged Guan5.mp3,D:\other\Bird\Code\data\kaggle_training_wav_cache_sp\White-winged Guan_sound\White-winged Guan5.wav,converted,True,32000.0,1.0,10.784,431999,345088,14,0.7988166639274628,
White-winged Guan_sound/White-winged Guan6,D:\other\Bird\Dataset\CC0\White-winged Guan_sound\White-winged Guan6.mp3,D:\other\Bird\Code\data\kaggle_training_wav_cache_sp\White-winged Guan_sound\White-winged Guan6.wav,converted,True,32000.0,1.0,10.784,431999,345088,14,0.7988166639274628,
White-winged Guan_sound/White-winged Guan21,D:\other\Bird\Dataset\CC0\White-winged Guan_sound\White-winged Guan21.mp3,D:\other\Bird\Code\data\kaggle_training_wav_cache_sp\White-winged Guan_sound\White-winged Guan21.wav,converted,True,32000.0,1.0,128.992,4259840,4127744,2,0.9689903846153847,"[mp3 @ 000001e18db85680] Estimating duration from bitrate, this may be inaccurate
"
White-winged Guan_sound/White-winged Guan7,D:\other\Bird\Dataset\CC0\White-winged Guan_sound\White-winged Guan7.mp3,D:\other\Bird\Code\data\kaggle_training_wav_cache_sp\White-winged Guan_sound\White-winged Guan7.wav,converted,True,32000.0,1.0,26.416,1133506,845312,54,0.745749912219256,"[mp3 @ 000001a7a6fe5680] Estimating duration from bitrate, this may be inaccurate
"
White-winged Guan_sound/White-winged Guan8,D:\other\Bird\Dataset\CC0\White-winged Guan_sound\White-winged Guan8.mp3,D:\other\Bird\Code\data\kaggle_training_wav_cache_sp\White-winged Guan_sound\White-winged Guan8.wav,converted,True,32000.0,1.0,10.144,631296,324608,29,0.5141930251419302,"[mp3 @ 000002567ea85680] Estimating duration from bitrate, this may be inaccurate
"
White-winged Guan_sound/White-winged Guan9,D:\other\Bird\Dataset\CC0\White-winged Guan_sound\White-winged Guan9.mp3,D:\other\Bird\Code\data\kaggle_training_wav_cache_sp\White-winged Guan_sound\White-winged Guan9.wav,converted,True,32000.0,1.0,10.864,557568,347648,24,0.6235078053259872,"[mp3 @ 000001df240a5680] Estimating duration from bitrate, this may be inaccurate
"
Yellow-legged Tinamou_sound/Yellow-legged Tinamou10,D:\other\Bird\Dataset\CC0\Yellow-legged Tinamou_sound\Yellow-legged Tinamou10.mp3,D:\other\Bird\Code\data\kaggle_training_wav_cache_sp\Yellow-legged Tinamou_sound\Yellow-legged Tinamou10.wav,converted,True,32000.0,1.0,104.2849375,3337118,3337118,1,1.0,
Yellow-legged Tinamou_sound/Yellow-legged Tinamou11,D:\other\Bird\Dataset\CC0\Yellow-legged Tinamou_sound\Yellow-legged Tinamou11.mp3,D:\other\Bird\Code\data\kaggle_training_wav_cache_sp\Yellow-legged Tinamou_sound\Yellow-legged Tinamou11.wav,converted,True,32000.0,1.0,104.2849375,3337118,3337118,1,1.0,
Yellow-legged Tinamou_sound/Yellow-legged Tinamou12,D:\other\Bird\Dataset\CC0\Yellow-legged Tinamou_sound\Yellow-legged Tinamou12.mp3,D:\other\Bird\Code\data\kaggle_training_wav_cache_sp\Yellow-legged Tinamou_sound\Yellow-legged Tinamou12.wav,converted,True,32000.0,1.0,104.2849375,3337118,3337118,1,1.0,
Yellow-legged Tinamou_sound/Yellow-legged Tinamou13,D:\other\Bird\Dataset\CC0\Yellow-legged Tinamou_sound\Yellow-legged Tinamou13.mp3,D:\other\Bird\Code\data\kaggle_training_wav_cache_sp\Yellow-legged Tinamou_sound\Yellow-legged Tinamou13.wav,converted,True,32000.0,1.0,104.2849375,3337118,3337118,1,1.0,
Yellow-legged Tinamou_sound/Yellow-legged Tinamou15,D:\other\Bird\Dataset\CC0\Yellow-legged Tinamou_sound\Yellow-legged Tinamou15.mp3,D:\other\Bird\Code\data\kaggle_training_wav_cache_sp\Yellow-legged Tinamou_sound\Yellow-legged Tinamou15.wav,converted,True,32000.0,1.0,28.952,1224960,926464,90,0.7563218390804598,"[mp3 @ 000001c96e1056c0] Estimating duration from bitrate, this may be inaccurate
"
Yellow-legged Tinamou_sound/Yellow-legged Tinamou14,D:\other\Bird\Dataset\CC0\Yellow-legged Tinamou_sound\Yellow-legged Tinamou14.mp3,D:\other\Bird\Code\data\kaggle_training_wav_cache_sp\Yellow-legged Tinamou_sound\Yellow-legged Tinamou14.wav,converted,True,32000.0,1.0,104.2849375,3337118,3337118,1,1.0,
Yellow-legged Tinamou_sound/Yellow-legged Tinamou16,D:\other\Bird\Dataset\CC0\Yellow-legged Tinamou_sound\Yellow-legged Tinamou16.mp3,D:\other\Bird\Code\data\kaggle_training_wav_cache_sp\Yellow-legged Tinamou_sound\Yellow-legged Tinamou16.wav,converted,True,32000.0,1.0,43.8,1401600,1401600,1,1.0,"[mp3 @ 000001c6a9ab56c0] Estimating duration from bitrate, this may be inaccurate
"
Yellow-legged Tinamou_sound/Yellow-legged Tinamou17,D:\other\Bird\Dataset\CC0\Yellow-legged Tinamou_sound\Yellow-legged Tinamou17.mp3,D:\other\Bird\Code\data\kaggle_training_wav_cache_sp\Yellow-legged Tinamou_sound\Yellow-legged Tinamou17.wav,converted,True,32000.0,1.0,43.8,1401600,1401600,1,1.0,"[mp3 @ 0000026e191856c0] Estimating duration from bitrate, this may be inaccurate
"
Yellow-legged Tinamou_sound/Yellow-legged Tinamou18,D:\other\Bird\Dataset\CC0\Yellow-legged Tinamou_sound\Yellow-legged Tinamou18.mp3,D:\other\Bird\Code\data\kaggle_training_wav_cache_sp\Yellow-legged Tinamou_sound\Yellow-legged Tinamou18.wav,converted,True,32000.0,1.0,43.8,1401600,1401600,1,1.0,"[mp3 @ 000002178f1456c0] Estimating duration from bitrate, this may be inaccurate
"
Yellow-legged Tinamou_sound/Yellow-legged Tinamou2,D:\other\Bird\Dataset\CC0\Yellow-legged Tinamou_sound\Yellow-legged Tinamou2.mp3,D:\other\Bird\Code\data\kaggle_training_wav_cache_sp\Yellow-legged Tinamou_sound\Yellow-legged Tinamou2.wav,too_short_after_preprocess,,,,4.395625,140660,140660,1,1.0,
Yellow-legged Tinamou_sound/Yellow-legged Tinamou19,D:\other\Bird\Dataset\CC0\Yellow-legged Tinamou_sound\Yellow-legged Tinamou19.mp3,D:\other\Bird\Code\data\kaggle_training_wav_cache_sp\Yellow-legged Tinamou_sound\Yellow-legged Tinamou19.wav,converted,True,32000.0,1.0,43.8,1401600,1401600,1,1.0,"[mp3 @ 0000014f920056c0] Estimating duration from bitrate, this may be inaccurate
"
Yellow-legged Tinamou_sound/Yellow-legged Tinamou20,D:\other\Bird\Dataset\CC0\Yellow-legged Tinamou_sound\Yellow-legged Tinamou20.mp3,D:\other\Bird\Code\data\kaggle_training_wav_cache_sp\Yellow-legged Tinamou_sound\Yellow-legged Tinamou20.wav,converted,True,32000.0,1.0,43.8,1401600,1401600,1,1.0,"[mp3 @ 000001a2a26c56c0] Estimating duration from bitrate, this may be inaccurate
"
Yellow-legged Tinamou_sound/Yellow-legged Tinamou21,D:\other\Bird\Dataset\CC0\Yellow-legged Tinamou_sound\Yellow-legged Tinamou21.mp3,D:\other\Bird\Code\data\kaggle_training_wav_cache_sp\Yellow-legged Tinamou_sound\Yellow-legged Tinamou21.wav,converted,True,32000.0,1.0,43.8,1401600,1401600,1,1.0,"[mp3 @ 0000027e488b56c0] Estimating duration from bitrate, this may be inaccurate
"
Yellow-legged Tinamou_sound/Yellow-legged Tinamou22,D:\other\Bird\Dataset\CC0\Yellow-legged Tinamou_sound\Yellow-legged Tinamou22.mp3,D:\other\Bird\Code\data\kaggle_training_wav_cache_sp\Yellow-legged Tinamou_sound\Yellow-legged Tinamou22.wav,converted,True,32000.0,1.0,43.8,1401600,1401600,1,1.0,"[mp3 @ 0000019761bb56c0] Estimating duration from bitrate, this may be inaccurate
"
Yellow-legged Tinamou_sound/Yellow-legged Tinamou23,D:\other\Bird\Dataset\CC0\Yellow-legged Tinamou_sound\Yellow-legged Tinamou23.mp3,D:\other\Bird\Code\data\kaggle_training_wav_cache_sp\Yellow-legged Tinamou_sound\Yellow-legged Tinamou23.wav,converted,True,32000.0,1.0,43.8,1401600,1401600,1,1.0,"[mp3 @ 0000024278e256c0] Estimating duration from bitrate, this may be inaccurate
"
Yellow-legged Tinamou_sound/Yellow-legged Tinamou25,D:\other\Bird\Dataset\CC0\Yellow-legged Tinamou_sound\Yellow-legged Tinamou25.mp3,D:\other\Bird\Code\data\kaggle_training_wav_cache_sp\Yellow-legged Tinamou_sound\Yellow-legged Tinamou25.wav,converted,True,32000.0,1.0,95.952,3125499,3070464,3,0.9823916117074426,"[mp3 @ 0000029fdb0256c0] Estimating duration from bitrate, this may be inaccurate
"
Yellow-legged Tinamou_sound/Yellow-legged Tinamou24,D:\other\Bird\Dataset\CC0\Yellow-legged Tinamou_sound\Yellow-legged Tinamou24.mp3,D:\other\Bird\Code\data\kaggle_training_wav_cache_sp\Yellow-legged Tinamou_sound\Yellow-legged Tinamou24.wav,converted,True,32000.0,1.0,137.51871875,4401111,4400599,1,0.9998836657380376,"[mp3 @ 00000158458256c0] Estimating duration from bitrate, this may be inaccurate
"
Yellow-legged Tinamou_sound/Yellow-legged Tinamou26,D:\other\Bird\Dataset\CC0\Yellow-legged Tinamou_sound\Yellow-legged Tinamou26.mp3,D:\other\Bird\Code\data\kaggle_training_wav_cache_sp\Yellow-legged Tinamou_sound\Yellow-legged Tinamou26.wav,converted,True,32000.0,1.0,95.952,3125499,3070464,3,0.9823916117074426,"[mp3 @ 000001aa8c9b56c0] Estimating duration from bitrate, this may be inaccurate
"
Yellow-legged Tinamou_sound/Yellow-legged Tinamou27,D:\other\Bird\Dataset\CC0\Yellow-legged Tinamou_sound\Yellow-legged Tinamou27.mp3,D:\other\Bird\Code\data\kaggle_training_wav_cache_sp\Yellow-legged Tinamou_sound\Yellow-legged Tinamou27.wav,converted,True,32000.0,1.0,95.952,3125499,3070464,3,0.9823916117074426,"[mp3 @ 000002108c1356c0] Estimating duration from bitrate, this may be inaccurate
"
Yellow-legged Tinamou_sound/Yellow-legged Tinamou28,D:\other\Bird\Dataset\CC0\Yellow-legged Tinamou_sound\Yellow-legged Tinamou28.mp3,D:\other\Bird\Code\data\kaggle_training_wav_cache_sp\Yellow-legged Tinamou_sound\Yellow-legged Tinamou28.wav,converted,True,32000.0,1.0,95.952,3125499,3070464,3,0.9823916117074426,"[mp3 @ 000001eee69e56c0] Estimating duration from bitrate, this may be inaccurate
"
Yellow-legged Tinamou_sound/Yellow-legged Tinamou3,D:\other\Bird\Dataset\CC0\Yellow-legged Tinamou_sound\Yellow-legged Tinamou3.mp3,D:\other\Bird\Code\data\kaggle_training_wav_cache_sp\Yellow-legged Tinamou_sound\Yellow-legged Tinamou3.wav,too_short_after_preprocess,,,,4.395625,140660,140660,1,1.0,
Yellow-legged Tinamou_sound/Yellow-legged Tinamou29,D:\other\Bird\Dataset\CC0\Yellow-legged Tinamou_sound\Yellow-legged Tinamou29.mp3,D:\other\Bird\Code\data\kaggle_training_wav_cache_sp\Yellow-legged Tinamou_sound\Yellow-legged Tinamou29.wav,converted,True,32000.0,1.0,95.952,3125499,3070464,3,0.9823916117074426,"[mp3 @ 0000021a4e4956c0] Estimating duration from bitrate, this may be inaccurate
"
Yellow-legged Tinamou_sound/Yellow-legged Tinamou30,D:\other\Bird\Dataset\CC0\Yellow-legged Tinamou_sound\Yellow-legged Tinamou30.mp3,D:\other\Bird\Code\data\kaggle_training_wav_cache_sp\Yellow-legged Tinamou_sound\Yellow-legged Tinamou30.wav,converted,True,32000.0,1.0,12.85225,411272,411272,1,1.0,"[mp3 @ 000001848b8c56c0] Estimating duration from bitrate, this may be inaccurate
"
Yellow-legged Tinamou_sound/Yellow-legged Tinamou4,D:\other\Bird\Dataset\CC0\Yellow-legged Tinamou_sound\Yellow-legged Tinamou4.mp3,D:\other\Bird\Code\data\kaggle_training_wav_cache_sp\Yellow-legged Tinamou_sound\Yellow-legged Tinamou4.wav,too_short_after_preprocess,,,,4.395625,140660,140660,1,1.0,
Yellow-legged Tinamou_sound/Yellow-legged Tinamou31,D:\other\Bird\Dataset\CC0\Yellow-legged Tinamou_sound\Yellow-legged Tinamou31.mp3,D:\other\Bird\Code\data\kaggle_training_wav_cache_sp\Yellow-legged Tinamou_sound\Yellow-legged Tinamou31.wav,converted,True,32000.0,1.0,31.056,993792,993792,1,1.0,"[mp3 @ 00000209720056c0] Estimating duration from bitrate, this may be inaccurate
"
Yellow-legged Tinamou_sound/Yellow-legged Tinamou5,D:\other\Bird\Dataset\CC0\Yellow-legged Tinamou_sound\Yellow-legged Tinamou5.mp3,D:\other\Bird\Code\data\kaggle_training_wav_cache_sp\Yellow-legged Tinamou_sound\Yellow-legged Tinamou5.wav,too_short_after_preprocess,,,,4.395625,140660,140660,1,1.0,
Yellow-legged Tinamou_sound/Yellow-legged Tinamou6,D:\other\Bird\Dataset\CC0\Yellow-legged Tinamou_sound\Yellow-legged Tinamou6.mp3,D:\other\Bird\Code\data\kaggle_training_wav_cache_sp\Yellow-legged Tinamou_sound\Yellow-legged Tinamou6.wav,too_short_after_preprocess,,,,4.395625,140660,140660,1,1.0,
Yellow-legged Tinamou_sound/Yellow-legged Tinamou7,D:\other\Bird\Dataset\CC0\Yellow-legged Tinamou_sound\Yellow-legged Tinamou7.mp3,D:\other\Bird\Code\data\kaggle_training_wav_cache_sp\Yellow-legged Tinamou_sound\Yellow-legged Tinamou7.wav,converted,True,32000.0,1.0,104.2849375,3337118,3337118,1,1.0,
Yellow-legged Tinamou_sound/Yellow-legged Tinamou8,D:\other\Bird\Dataset\CC0\Yellow-legged Tinamou_sound\Yellow-legged Tinamou8.mp3,D:\other\Bird\Code\data\kaggle_training_wav_cache_sp\Yellow-legged Tinamou_sound\Yellow-legged Tinamou8.wav,converted,True,32000.0,1.0,104.2849375,3337118,3337118,1,1.0,
Yellow-legged Tinamou_sound/Yellow-legged Tinamou9,D:\other\Bird\Dataset\CC0\Yellow-legged Tinamou_sound\Yellow-legged Tinamou9.mp3,D:\other\Bird\Code\data\kaggle_training_wav_cache_sp\Yellow-legged Tinamou_sound\Yellow-legged Tinamou9.wav,converted,True,32000.0,1.0,104.2849375,3337118,3337118,1,1.0,
